t0,V,family,iteration,energy_per_site,spin_field_rms,pairing_field_rms,global_relative_residual,density
1.4,-0.4,stripe,1,-1.166870551258377,0.012386586329476165,0.00010960359281622657,0.3805870136533854,0.9374951826581716
1.4,-0.4,stripe,2,-1.1672431952527067,0.008465196560143148,0.00028865952986907573,0.24577676220042866,0.9374983608465663
1.4,-0.4,stripe,3,-1.1672390723925161,0.005730135615504446,0.0016065376139484666,0.21599122831110557,0.9374998644515277
1.4,-0.4,stripe,4,-1.1673247065928924,0.0035858369091427917,0.002549553195473634,0.18301877900887,0.9374996807868635
1.4,-0.4,stripe,5,-1.1673847290326784,0.0022128276585595204,0.00276546773051611,0.10972986985376025,0.9375000160282717
1.4,-0.4,stripe,6,-1.1674003129737383,0.0013598299858370057,0.0028093082199502606,0.0683252094221413,0.9374967749910507
1.4,-0.4,stripe,7,-1.1674036248576456,0.0008352572894136708,0.002819419687740637,0.04218904498966736,0.9375013078382815
1.4,-0.4,stripe,8,-1.167404460679441,0.0005130859569220222,0.002822217000056012,0.025943087470922332,0.9375002091536806
1.4,-0.4,stripe,9,-1.167404689371445,0.00031525741739896104,0.0028230964426054416,0.015921060436404257,0.9375000111163331
1.4,-0.4,stripe,10,-1.1674047572017565,0.00019374733350648252,0.002823430572224314,0.009766334029833451,0.9374999912519181
1.4,-0.4,stripe,11,-1.1674048144942972,0.00011908970657896457,0.002823555219479252,0.005991139317749476,0.9374943907393514
1.4,-0.4,stripe,12,-1.1674047957792135,7.321178576107174e-05,0.0028236235987809215,0.0036753647140255873,0.9374937060780231
1.4,-0.4,stripe,13,-1.1674048068609582,4.501624718684826e-05,0.002823625232404528,0.0022549441723622404,0.9374923719214323
1.4,-0.4,stripe,14,-1.1674048001194897,2.767847633483371e-05,0.0028236301507291316,0.0013841019905111095,0.9374922890581217
1.4,-0.4,stripe,15,-1.1674048009900009,1.7018617991162332e-05,0.0028236309022506173,0.0008496130563933874,0.937492172524083
1.4,-0.4,stripe,16,-1.167404800477289,1.0465282944440054e-05,0.002823631927293077,0.0005218422242965873,0.9374921773482738
1.4,-0.4,stripe,17,-1.1674048007526907,6.437305495492748e-06,0.0028236309546585355,0.0003202148342244189,0.9374921476918147
1.4,-0.4,stripe,18,-1.167404800671502,3.961210119423795e-06,0.0028236302391097664,0.00019679190384270807,0.9374921364065937
1.4,-0.4,stripe,19,-1.1674047993416914,2.4384872637327916e-06,0.00282363828343259,0.00012077011677799935,0.9374923276482596
1.4,-0.4,stripe,20,-1.1674048024798196,1.5040547498754708e-06,0.0028236326184479213,7.483386364048787e-05,0.9374920943467278
1.4,-0.4,stripe,21,-1.1674048003864737,9.287910695361703e-07,0.0028236325083457283,4.6094174858395093e-05,0.9374921391521196
1.4,-0.4,stripe,22,-1.1674048005268916,5.73022331702382e-07,0.0028236309312843475,3.244974153389045e-05,0.9374921566466905
1.4,-0.4,stripe,23,-1.1674047967139396,3.4821603821145093e-07,0.002823644930846747,2.099316153152597e-05,0.9374925161270296
1.4,-0.4,stripe,24,-1.1674048039583238,2.229086253716301e-07,0.002823635366291251,1.8635033360770127e-05,0.9374920996813619
1.4,-0.4,stripe,25,-1.1674048004626825,1.418035253466497e-07,0.0028236320748700476,1.4554434872337476e-05,0.937492133555004
1.4,-0.4,stripe,26,-1.167404800758957,9.745605867187619e-08,0.0028236333951301993,1.0417988771978426e-05,0.9374921161206179
1.4,-0.4,stripe,27,-1.1674048005928188,7.451918023192966e-08,0.002823630955095358,1.4084233326580195e-05,0.9374921276007273
1.4,-0.4,stripe,28,-1.1674048004006077,6.456342785596849e-08,0.0028236304654807322,3.838153172870435e-06,0.9374921464452955
1.4,-0.4,stripe,29,-1.1674048007427498,5.7314989181428456e-08,0.0028236305981113783,5.636570114362824e-06,0.9374921271025549
1.4,-0.4,stripe,30,-1.1674048003968311,5.724001814874245e-08,0.0028236310581453653,5.3419955835913785e-06,0.9374921570511641
1.4,-0.4,stripe,31,-1.1674047968918935,6.125654891614708e-08,0.002823643296882001,1.1362456131783984e-05,0.9374925028154377
1.4,-0.4,stripe,32,-1.167404803917181,4.085091146254526e-08,0.00282363284688633,1.492116809878616e-05,0.9374920841503569
1.4,-0.4,stripe,33,-1.167404800323005,4.858778755151006e-08,0.0028236323411509473,4.873707877278904e-06,0.9374921551436279
1.4,-0.4,stripe,34,-1.167404799499411,5.2728678749831395e-08,0.0028236379653967555,1.0416550194167017e-05,0.9374923275739406
1.4,-0.4,stripe,35,-1.1674047981649105,4.682960178323764e-08,0.0028236478799161216,1.1179579808451543e-05,0.9374925137044781
1.4,-0.4,stripe,36,-1.167404804011807,3.812706846958412e-08,0.0028236352263233517,9.715102552782141e-06,0.9374920957477441
1.4,-0.4,stripe,37,-1.1674048005271451,3.4239050367458664e-08,0.0028236342246898056,2.505276964510672e-06,0.9374921338227413
1.4,-0.4,stripe,38,-1.1674048004395856,2.523983374721702e-08,0.002823634837004762,5.02334722031323e-06,0.9374921582773784
1.4,-0.4,stripe,39,-1.1674048007666753,2.371413782570822e-08,0.0028236352407262516,5.525320699222824e-06,0.9374921325224888
1.4,-0.4,stripe,40,-1.16740480053033,3.048014985792102e-08,0.0028236340622662484,9.923000053078967e-06,0.937492149911747
1.4,-0.4,stripe,41,-1.1674047968502554,4.279172054085703e-08,0.0028236463603653326,9.740308108154834e-06,0.9374925039446523
1.4,-0.4,stripe,42,-1.167404803932107,3.7468167341588964e-08,0.0028236349378337965,1.0409419438611296e-05,0.937492086542688
1.4,-0.4,stripe,43,-1.1674048003508266,3.153600254172993e-08,0.002823635016303171,1.2469164509860963e-05,0.9374921491102889
1.4,-0.4,stripe,44,-1.1674048007289068,3.679948755614046e-08,0.002823635269477648,9.536631681743791e-06,0.9374921381583686
1.4,-0.4,stripe,45,-1.1674048006056623,2.010581949899921e-08,0.002823636043779621,1.3053387034719349e-05,0.9374921398161082
1.4,-0.4,stripe,46,-1.1674048006709552,2.1169700676238607e-08,0.0028236357948472767,6.416365534082486e-06,0.9374921343988314
1.4,-0.4,stripe,47,-1.167404800621361,2.9083106473035754e-08,0.0028236377283375347,1.0933525040567282e-05,0.9374921448005219
1.4,-0.4,stripe,48,-1.1674048007757738,2.851725598362558e-08,0.002823635555190444,1.769189415130613e-05,0.9374921251442512
1.4,-0.4,stripe,49,-1.1674048005845816,4.123940752120299e-08,0.0028236324591728182,8.088362012576745e-06,0.9374921329218149
1.4,-0.4,stripe,50,-1.167404800540097,5.169948916336842e-08,0.0028236324756703247,5.435945634843069e-06,0.9374921483379711
1.4,-0.4,stripe,51,-1.167404800580885,4.9780474770056934e-08,0.00282363191757689,5.7286901181141e-06,0.9374921426323992
1.4,-0.4,stripe,52,-1.1674047967178423,3.963934404936165e-08,0.0028236455272299113,9.285900752832789e-06,0.9374924968860837
1.4,-0.4,stripe,53,-1.1674048038424554,5.2495357232965195e-08,0.0028236333574474244,1.054377850135473e-05,0.9374920896240397
1.4,-0.4,stripe,54,-1.167404800407868,3.613663685657026e-08,0.0028236352680440606,1.649614153258237e-05,0.9374921513959987
1.4,-0.4,stripe,55,-1.167404800986572,3.2001126647303846e-08,0.0028236344217616445,7.505220657318544e-06,0.9374921055602868
1.4,-0.4,stripe,56,-1.167404800424807,3.6522192663092135e-08,0.0028236328459939615,1.454433658021663e-05,0.9374921395357002
1.4,-0.4,stripe,57,-1.16740479657932,4.725782187625759e-08,0.0028236452472495325,1.0433338050445509e-05,0.9374925169762642
1.4,-0.4,stripe,58,-1.1674048002254482,5.587568878731917e-08,0.0028236455527747353,3.861702919213752e-06,0.9374924361333327
1.4,-0.4,stripe,59,-1.1674048034158262,5.3515767090633124e-08,0.0028236323707050634,9.440174211067805e-06,0.9374921107750356
1.4,-0.4,stripe,60,-1.1674048006067794,3.5038063021925206e-08,0.002823632099680812,1.065512837231745e-05,0.937492126358196
1.4,-0.4,stripe,61,-1.1674048005329711,3.273827129632393e-08,0.0028236336119829993,8.882315836584404e-06,0.9374921462365629
1.4,-0.4,stripe,62,-1.167404800756254,2.5379177053164462e-08,0.0028236353856292036,9.360957048934611e-06,0.9374921211163437
1.4,-0.4,stripe,63,-1.1674048006017612,3.8125702576149195e-08,0.002823632961357713,1.1583796885984262e-05,0.9374921334499797
1.4,-0.4,stripe,64,-1.1674048005734468,4.992691460572982e-08,0.0028236324819405833,6.030276094110861e-06,0.9374921409775662
1.4,-0.4,stripe,65,-1.1674048006177609,2.9767193556453434e-08,0.0028236343406770554,1.1996827727534265e-05,0.9374921442605074
1.4,-0.4,stripe,66,-1.1674048007048734,3.261685427489148e-08,0.0028236333422424404,8.74245303125919e-06,0.9374921255351234
1.4,-0.4,stripe,67,-1.1674048005690034,3.036819005498467e-08,0.0028236347524431514,1.1182825263482496e-05,0.9374921372359236
1.4,-0.4,stripe,68,-1.1674048005053521,2.999597989705466e-08,0.002823633775432366,1.1399993122989265e-05,0.9374921472606068
1.4,-0.4,stripe,69,-1.1674048005983195,3.7697850672434975e-08,0.0028236347330687435,6.547821942334227e-06,0.9374921496769724
1.4,-0.4,stripe,70,-1.167404800697063,4.406855653915598e-08,0.002823634360929477,5.851044374131211e-06,0.937492143327448
1.4,-0.4,stripe,71,-1.1674048007112867,4.881254223381194e-08,0.002823631843720289,7.293829376405175e-06,0.9374921278219388
1.4,-0.4,stripe,72,-1.1674048004460247,5.128294999842272e-08,0.002823633133533956,5.805412448755158e-06,0.9374921546849766
1.4,-0.4,stripe,73,-1.1674047968628798,2.8748505468976423e-08,0.002823647533699178,1.4698408938484603e-05,0.9374924937269713
1.4,-0.4,stripe,74,-1.1674048038261857,3.0211667805362595e-08,0.0028236359895744967,1.2111388457465015e-05,0.9374920898366325
1.4,-0.4,stripe,75,-1.1674048003823962,3.26421215488989e-08,0.0028236332874967134,1.2553907054636664e-05,0.9374921452500764
1.4,-0.4,stripe,76,-1.1674048005300313,2.214224229535715e-08,0.0028236355795821996,1.1944691871189161e-05,0.9374921572630335
1.4,-0.4,stripe,77,-1.1674048009175693,3.410162672258668e-08,0.002823633298335195,6.834593077274914e-06,0.937492115349725
1.4,-0.4,stripe,78,-1.1674048004025805,3.071223043871457e-08,0.002823633995258408,1.3158248982196287e-05,0.937492152562851
1.4,-0.4,stripe,79,-1.1674048005902713,2.3266634481297552e-08,0.0028236353940020798,1.130248373212293e-05,0.9374921447363822
1.4,-0.4,stripe,80,-1.1674048007866273,3.878236664583238e-08,0.0028236341197531716,1.0370269563610053e-05,0.937492118323293
1.4,-0.4,pairing,1,-1.1673602388256485,0.0006444822966036744,0.002804818901215254,0.045385924157680974,0.9374998706561358
1.4,-0.4,pairing,2,-1.167404428089337,0.00039411103884795767,0.00282065643019463,0.02140903817982191,0.9374938875173966
1.4,-0.4,pairing,3,-1.167404511179609,0.00024137627198260307,0.0028230470379325724,0.01300627352894295,0.937499997471123
1.4,-0.4,pairing,4,-1.1674047559531295,0.0001479881816896117,0.002823472402524214,0.007931853975851751,0.9375000116779291
1.4,-0.4,pairing,5,-1.1674048082160997,9.078868234202719e-05,0.0028235791359545303,0.004843696696224246,0.9374960931232101
1.4,-0.4,pairing,6,-1.1674047953184112,5.572174915936948e-05,0.0028236315710930392,0.0029593558562099986,0.9374958600994627
1.4,-0.4,pairing,7,-1.1674048065701332,3.4214195511153756e-05,0.002823626086718356,0.0018087795060685447,0.9374947476033391
1.4,-0.4,pairing,8,-1.1674047964965968,2.1007688594806237e-05,0.002823640729857129,0.001106471598815073,0.9374950846489154
1.4,-0.4,pairing,9,-1.1674048042845055,1.2904146689053388e-05,0.002823629434643488,0.0006768010942428213,0.9374945917455196
1.4,-0.4,pairing,10,-1.167404800703919,7.928056362497824e-06,0.0028236274924586676,0.00041411639367700583,0.9374946030376359
1.4,-0.4,pairing,11,-1.1674048006759894,4.871764289046983e-06,0.0028236278171433742,0.0002538676656348794,0.9374946210236483
1.4,-0.4,pairing,12,-1.167404800963194,2.9954968339972405e-06,0.0028236280621285873,0.00015538719565846395,0.9374945985986736
1.4,-0.4,pairing,13,-1.1674048007016673,1.8437456581888249e-06,0.002823628706302011,9.520008844039808e-05,0.9374946137433369
1.4,-0.4,pairing,14,-1.1674047969340895,1.1287115821628046e-06,0.002823641306436633,6.046194222600353e-05,0.9374949657294432
1.4,-0.4,pairing,15,-1.1674048042164318,6.92275372512758e-07,0.002823627904539067,3.781473423917624e-05,0.9374945264812485
1.4,-0.4,pairing,16,-1.1674048001949369,4.2622537100041813e-07,0.0028236275015000502,2.2440520856653664e-05,0.9374946463940903
1.4,-0.4,pairing,17,-1.1674047970308676,2.5773009745353527e-07,0.002823640160583206,1.75829484994481e-05,0.9374949768655064
1.4,-0.4,pairing,18,-1.1674048002777793,1.5164118717496383e-07,0.0028236418186486554,1.3382741857449686e-05,0.9374949166945774
1.4,-0.4,pairing,19,-1.167404803802572,1.0146510798202167e-07,0.0028236285195481184,1.103369899703195e-05,0.9374945571673402
1.4,-0.4,pairing,20,-1.1674047965931893,6.76481831806866e-08,0.002823639753721333,1.3649944098560667e-05,0.9374949990791407
1.4,-0.4,pairing,21,-1.167404804195821,6.593580313976281e-08,0.0028236272957336073,9.394740143494874e-06,0.9374945621232164
1.4,-0.4,pairing,22,-1.167404796772796,4.4512167671828806e-08,0.002823639914414593,1.2123605639099434e-05,0.9374949807044686
1.4,-0.4,pairing,23,-1.167404804142733,4.0365036011195006e-08,0.002823627517667754,1.0338146265501245e-05,0.9374945452535777
1.4,-0.4,pairing,24,-1.167404800462589,4.8571412971318784e-08,0.002823626591656657,5.704258712795607e-06,0.9374946190218678
1.4,-0.4,pairing,25,-1.1674048009804885,4.860255201097466e-08,0.0028236267171275493,6.920059307251688e-06,0.9374945993171527
1.4,-0.4,pairing,26,-1.1674048008881255,5.586751918054463e-08,0.0028236260485973125,8.658354201231515e-06,0.9374945832135314
1.4,-0.4,pairing,27,-1.1674048004392097,5.6412287392264635e-08,0.0028236281983367844,4.988041722547127e-06,0.9374946437805702
1.4,-0.4,pairing,28,-1.1674048009158013,4.226955695826319e-08,0.0028236276133883774,7.55724305536912e-06,0.9374946200421991
1.4,-0.4,pairing,29,-1.1674048009329359,4.311244370376029e-08,0.0028236288117201385,9.08451693652506e-06,0.9374945992337723
1.4,-0.4,pairing,30,-1.1674048008088371,3.54224492614834e-08,0.002823629171152474,6.4273566149847216e-06,0.9374945972357325
1.4,-0.4,pairing,31,-1.1674047997057362,3.8529605115022526e-08,0.002823634785728631,1.0327986896397462e-05,0.9374947559739368
1.4,-0.4,pairing,32,-1.1674048024400816,3.4932398742988455e-08,0.002823630441363389,1.3449255040359524e-05,0.937494556363212
1.4,-0.4,pairing,33,-1.1674048004210156,3.103486772523674e-08,0.002823629405866334,1.0078818055594369e-05,0.9374946202283032
1.4,-0.4,pairing,34,-1.1674047999393362,3.705728109432613e-08,0.0028236359426376235,6.878808047641749e-06,0.9374947359256837
1.4,-0.4,pairing,35,-1.1674048020302377,3.480682453141739e-08,0.002823631792997063,6.359115467880935e-06,0.9374945967520861
1.4,-0.4,pairing,36,-1.1674048007287254,3.064779124822469e-08,0.0028236325264883247,6.987126627388045e-06,0.9374946193232555
1.4,-0.4,pairing,37,-1.1674048008437086,2.5954645010789164e-08,0.0028236317412393837,1.151571251457679e-05,0.9374946069322078
1.4,-0.4,pairing,38,-1.1674048008058122,3.04992381273524e-08,0.0028236311204100357,6.1482628997340754e-06,0.9374946137702957
1.4,-0.4,pairing,39,-1.1674047998009625,4.1418737671943555e-08,0.002823637333021526,7.035182561392693e-06,0.9374947622122347
1.4,-0.4,pairing,40,-1.1674048023949337,4.756351972887265e-08,0.002823629905128941,7.516395051736198e-06,0.9374945715131935
1.4,-0.4,pairing,41,-1.1674048005668052,2.4939531458760856e-08,0.0028236314422033825,1.4961622236023164e-05,0.9374946236705239
1.4,-0.4,pairing,42,-1.167404800864832,3.457896438037701e-08,0.0028236292285412413,1.0296322008476803e-05,0.9374946071359944
1.4,-0.4,pairing,43,-1.1674048008463702,3.010338631897544e-08,0.00282363071346331,7.693166015126326e-06,0.9374945996105838
1.4,-0.4,pairing,44,-1.167404800521366,2.2679944303426016e-08,0.002823631490080285,7.244605726407501e-06,0.9374946313712094
1.4,-0.4,pairing,45,-1.1674048009737454,2.581489489072147e-08,0.0028236321402415913,1.0059341105731197e-05,0.9374945994644082
1.4,-0.4,pairing,46,-1.167404799765705,1.8574963234751847e-08,0.002823638629309027,8.809088287058918e-06,0.9374947488581974
1.4,-0.4,pairing,47,-1.1674048022446293,2.520124462808047e-08,0.002823631256370921,1.1010480890888562e-05,0.937494582157992
1.4,-0.4,pairing,48,-1.1674048006687452,3.693025667629411e-08,0.0028236312009244087,6.056083152488606e-06,0.9374946196248791
1.4,-0.4,pairing,49,-1.1674047967870578,2.6103529594687633e-08,0.002823647485856982,1.6583502522546572e-05,0.9374949909566991
1.4,-0.4,pairing,50,-1.1674048002772384,2.5846367397123896e-08,0.0028236478033458164,1.5294533082611555e-05,0.9374949410069605
1.4,-0.4,pairing,51,-1.167404802877693,3.901055739844582e-08,0.0028236394252481216,8.111850256412714e-06,0.9374947266816129
1.4,-0.4,pairing,52,-1.1674048020766403,3.1015914151725416e-08,0.0028236316681580415,6.759182427163358e-06,0.9374946083739937
1.4,-0.4,pairing,53,-1.1674048008787186,4.153423656796236e-08,0.0028236305558691967,7.761656138719709e-06,0.9374946091889963
1.4,-0.4,pairing,54,-1.167404800901535,5.451348392666855e-08,0.0028236275018037,7.687035498316876e-06,0.9374945964116114
1.4,-0.4,pairing,55,-1.1674048006889033,5.8357640041222834e-08,0.0028236268608734937,2.669230033481857e-06,0.9374946117003439
1.4,-0.4,pairing,56,-1.1674048008011608,5.8811692351318944e-08,0.002823627329919716,6.334641881772991e-06,0.9374946112596962
1.4,-0.4,pairing,57,-1.1674048007897548,3.4885349738321324e-08,0.00282362887635396,1.2651789981206777e-05,0.9374946136900957
1.4,-0.4,pairing,58,-1.1674048007937594,3.3801351868374275e-08,0.0028236285816822574,4.3408353037488e-06,0.937494615083266
1.4,-0.4,pairing,59,-1.1674048009607978,4.643484350558013e-08,0.0028236276492429003,1.1112424631634937e-05,0.9374945804355905
1.4,-0.4,pairing,60,-1.1674047967277768,4.3545191035248993e-08,0.0028236425586085885,9.186078423922368e-06,0.9374949787297644
1.4,-0.4,pairing,61,-1.1674048039652465,2.7284213653984626e-08,0.0028236340375117123,1.4252090317977884e-05,0.9374945761282766
1.4,-0.4,pairing,62,-1.1674048007032098,2.1577509126786984e-08,0.0028236324084193122,4.3937858582078715e-06,0.9374946101041961
1.4,-0.4,pairing,63,-1.1674047997296966,2.922815615264565e-08,0.002823637807043906,1.0843710192087572e-05,0.93749477167286
1.4,-0.4,pairing,64,-1.167404798517743,3.233770013506834e-08,0.0028236456203342255,8.659929144380148e-06,0.9374949447472095
1.4,-0.4,pairing,65,-1.1674048039673939,4.1115641555436704e-08,0.002823632966524148,9.22422145418396e-06,0.9374945586628163
1.4,-0.4,pairing,66,-1.1674048004974105,2.0259841654570094e-08,0.0028236333715849745,1.4634583086215683e-05,0.9374946288949383
1.4,-0.4,pairing,67,-1.1674048009931592,2.8327127314889425e-08,0.002823630488298452,1.2078201730355246e-05,0.9374945968569601
1.4,-0.4,pairing,68,-1.167404800685398,2.1046385233944345e-08,0.0028236310697437317,1.214840241209648e-05,0.9374946168842853
1.4,-0.4,pairing,69,-1.1674048007585256,3.4432973579583495e-08,0.0028236307186281784,9.09973000791393e-06,0.9374946106459389
1.4,-0.4,pairing,70,-1.1674048006861795,1.953839858356689e-08,0.0028236324202927667,1.2307866247875423e-05,0.9374946242581842
1.4,-0.4,pairing,71,-1.1674047998525936,2.1786459022204636e-08,0.002823637593509832,1.1367551826086824e-05,0.9374947544297486
1.4,-0.4,pairing,72,-1.1674048021584045,2.2584933349486223e-08,0.002823633158257554,7.02359058530434e-06,0.9374945995505531
1.4,-0.4,pairing,73,-1.1674048008015023,3.368727188395153e-08,0.0028236321551536356,5.921431862025644e-06,0.9374946084307304
1.4,-0.4,pairing,74,-1.1674048006568905,4.270942377240735e-08,0.0028236307178791855,7.483973860212244e-06,0.9374946299848664
1.4,-0.4,pairing,75,-1.1674048009279925,3.4412980196237535e-08,0.002823630054600776,1.0202850996867541e-05,0.9374946099106889
1.4,-0.4,pairing,76,-1.1674048009760603,4.329534089879856e-08,0.002823629928181015,6.162517379698979e-06,0.9374945831554886
1.4,-0.4,pairing,77,-1.1674048007086186,3.207669140925745e-08,0.0028236301035138474,9.151983001234762e-06,0.9374946020020287
1.4,-0.4,pairing,78,-1.1674047969260073,2.9069405532819343e-08,0.0028236447727490945,1.3737153787185383e-05,0.9374949716948199
1.4,-0.4,pairing,79,-1.1674048001325257,3.536676751391201e-08,0.0028236450809983266,1.5172312133781735e-05,0.9374949310666697
1.4,-0.4,pairing,80,-1.1674048082719386,2.49330481343924e-08,0.002823614646441854,1.6364623636551913e-05,0.9374946172156017
1.4,0.0,stripe,1,-0.6612314503796254,0.02865948826588769,0.00010782403649124182,0.2668910317337965,0.9375092169502317
1.4,0.0,stripe,2,-0.6615704322936242,0.026583287060044133,4.8494678701798965e-05,0.07033291359445613,0.937501616713763
1.4,0.0,stripe,3,-0.661323189144609,0.025514393242216778,2.362588886249534e-05,0.037012015756179656,0.9375003113639556
1.4,0.0,stripe,4,-0.6612385390325373,0.024914606660783146,1.2152932189039162e-05,0.02184590515822864,0.9375000686945887
1.4,0.0,stripe,5,-0.6611905383854619,0.024562988587848875,6.4737426308022836e-06,0.013450945401545691,0.9375000168485224
1.4,0.0,stripe,6,-0.6611636015365624,0.024351775856769686,3.5211358641697383e-06,0.008558338350061966,0.9375000045804904
1.4,0.0,stripe,7,-0.6611475678389903,0.024223242259421556,1.9388537983411803e-06,0.005652182786626053,0.9375000012910687
1.4,0.0,stripe,8,-0.6611377916454797,0.024144773456615327,1.078034653511333e-06,0.003933306501773985,0.9375000003343741
1.4,0.0,stripe,9,-0.6611317425468118,0.024097053711890793,6.020209396919658e-07,0.0029547039768631866,0.9374999996384636
1.4,0.0,stripe,10,-0.6611279343184162,0.024068462138853827,3.373535609763469e-07,0.0024128989340450155,0.9375000000568798
1.4,0.0,stripe,11,-0.6611255368261193,0.024051804254018063,1.8928887472870267e-07,0.0021164166123344252,0.9375000000263735
1.4,0.0,stripe,12,-0.6611240154393369,0.024042659657837567,1.0635365429190294e-07,0.0019545216663582185,0.937500000030897
1.4,0.0,stripe,13,-0.6611230411860959,0.024038245658113622,6.10816762200403e-08,0.001854533355952907,0.9374999999391859
1.4,0.0,stripe,14,-0.661122438260238,0.02403673419900535,3.584723933087067e-08,0.0017830722086872486,0.9374999999112019
1.4,0.0,stripe,15,-0.6611220646351949,0.02403705740810464,2.0209601061753045e-08,0.0017367579732307735,0.9374999999624458
1.4,0.0,stripe,16,-0.6611218269608017,0.024038503029726446,1.1262033134314796e-08,0.0016884887699882807,0.9374999997714808
1.4,0.0,stripe,17,-0.6611216795345312,0.024040709014362893,8.15129707667574e-09,0.0016526641629260842,0.9374999998027674
1.4,0.0,stripe,18,-0.6611215988518004,0.024043269774308894,6.9536837088527035e-09,0.0016067542438622424,0.9374999998966653
1.4,0.0,stripe,19,-0.6611215479310102,0.02404609306478139,6.61742534929544e-09,0.0015653469047113525,0.9374999998828429
1.4,0.0,stripe,20,-0.6611215301456614,0.024049026208359615,3.520507830604045e-09,0.0015346766392658386,0.9375000000015971
1.4,0.0,stripe,21,-0.6611215224899888,0.024051947843899774,1.893055701215978e-09,0.0014920849680760881,0.9374999995380834
1.4,0.0,stripe,22,-0.6611215396341632,0.02405481723032402,4.588489417734615e-09,0.0014635864693618088,0.9375000000030014
1.4,0.0,stripe,23,-0.661121548322844,0.02405767806890348,5.5051657798985295e-09,0.001424423696249143,0.9374999999701643
1.4,0.0,stripe,24,-0.6611215403890801,0.024060604890103147,6.633501877204395e-09,0.0013960806587825702,0.9374999998775155
1.4,0.0,stripe,25,-0.6611215712701365,0.024063445863888155,6.046741358060899e-09,0.0013760491500599435,0.9374999999927971
1.4,0.0,stripe,26,-0.6611215888928005,0.024066205002717805,3.273456813256572e-09,0.001338526966342267,0.9374999999958358
1.4,0.0,stripe,27,-0.6611216041869106,0.024068803794760944,1.701441030597555e-09,0.0013112211181270407,0.9374999999961813
1.4,0.0,stripe,28,-0.6611216040204111,0.024071413466003125,2.653782182580743e-09,0.001284186938152902,0.9374999995473627
1.4,0.0,stripe,29,-0.6611216243011311,0.02407391766665103,2.244620423389834e-09,0.0012624204493783804,0.9374999996745217
1.4,0.0,stripe,30,-0.6611216345050467,0.02407641268126316,1.7464695481978294e-08,0.001231776816052224,0.937499999275452
1.4,0.0,stripe,31,-0.6611216567686918,0.024078774342682917,6.042430073607781e-09,0.0012144013117590827,0.9374999999855801
1.4,0.0,stripe,32,-0.6611216637526656,0.0240810832898203,3.4830963376360596e-09,0.0011881154580914294,0.9374999997187015
1.4,0.0,stripe,33,-0.6611216702445151,0.02408334580501694,2.2418046527624367e-09,0.0011645330576035688,0.9374999993331524
1.4,0.0,stripe,34,-0.6611216968412174,0.024085507438213933,2.3240259203339236e-09,0.0011551851555163626,0.9374999989434807
1.4,0.0,stripe,35,-0.6611217125473947,0.024087602936787588,5.845626281059665e-09,0.0011310198503568392,0.9374999989819068
1.4,0.0,stripe,36,-0.661121730848775,0.024089614739783403,5.194945843467616e-09,0.0011063465546090102,0.9374999993735428
1.4,0.0,stripe,37,-0.6611217376712276,0.02409157348321429,2.5721885716653197e-09,0.0010861370181402131,0.9374999995873364
1.4,0.0,stripe,38,-0.6611217550459765,0.02409346534910431,1.963121391310959e-09,0.0010621859381335242,0.9374999999329273
1.4,0.0,stripe,39,-0.6611217536234137,0.02409535441332846,1.0133790380206374e-09,0.0010410594152297772,0.937499999894308
1.4,0.0,stripe,40,-0.66112176936304,0.02409716345908982,5.71178145238123e-10,0.001018247800795153,0.9374999999554299
1.4,0.0,stripe,41,-0.6611217868772529,0.024098874957726255,1.5996796505308821e-09,0.000999682791453103,0.9374999999400075
1.4,0.0,stripe,42,-0.6611217953993028,0.024100515022597954,5.874758787739303e-10,0.0009820437227797362,0.9374999999503154
1.4,0.0,stripe,43,-0.6611218077153522,0.024102120377906922,5.356468025655137e-10,0.00095938008468421,0.9375000000187534
1.4,0.0,stripe,44,-0.6611218024077933,0.024103740129395698,5.847712555444938e-10,0.0009425250433687942,0.9374999997026989
1.4,0.0,stripe,45,-0.6611218113615291,0.024105220588236925,2.5688654243741146e-10,0.0009293455216893935,0.9374999997576264
1.4,0.0,stripe,46,-0.6611218178773295,0.024106713384563015,1.1900190826868017e-10,0.0009160314904443426,0.9374999999536822
1.4,0.0,stripe,47,-0.6611218295341156,0.02410814837616944,1.118321514887471e-09,0.000897268010762304,0.9374999998848762
1.4,0.0,stripe,48,-0.661121827468504,0.02410960294741986,5.003724889344664e-10,0.0008849171648900019,0.9374999999549088
1.4,0.0,stripe,49,-0.6611218382853561,0.02411096885157058,3.28821274788117e-10,0.0008711115227854443,0.9374999998551962
1.4,0.0,stripe,50,-0.6611218633016713,0.024112172476802966,1.7785211708452125e-10,0.0008617816408591434,0.9374999999566015
1.4,0.0,stripe,51,-0.6611218682445617,0.024113370152506003,1.9927649759436698e-10,0.0008436428004607489,0.9374999999574856
1.4,0.0,stripe,52,-0.6611218906001816,0.02411447364073706,2.515769257941989e-10,0.0008304980327907766,0.9374999995459063
1.4,0.0,stripe,53,-0.6611218729666238,0.02411567947320041,1.375556044686834e-10,0.0008250921814414459,0.9374999999600119
1.4,0.0,stripe,54,-0.6611218855009053,0.024116829180119915,7.135662331204306e-11,0.0008068501372922631,0.9374999999596454
1.4,0.0,stripe,55,-0.6611219022886897,0.02411787272294619,5.2352317580362324e-11,0.0007949642290138087,0.9374999998449052
1.4,0.0,stripe,56,-0.6611219032355913,0.024118923284644194,7.023711493272973e-11,0.0007864133143966597,0.9374999999593268
1.4,0.0,stripe,57,-0.6611219113977744,0.0241199077349321,5.037450810951789e-09,0.0007697386876645126,0.9374999995333786
1.4,0.0,stripe,58,-0.6611219148588195,0.024120884730342004,2.459927347548615e-09,0.0007603325435787056,0.9374999999572906
1.4,0.0,stripe,59,-0.6611219235738927,0.02412184472395726,1.2194985722134996e-09,0.0007519640607474483,0.937499999620955
1.4,0.0,stripe,60,-0.6611219082823777,0.02412288136517096,6.0137325233712e-09,0.0007561145390840325,0.9374999992184692
1.4,0.0,stripe,61,-0.661121916571924,0.024123872975531892,3.0281849037913514e-09,0.0007488982272536146,0.9374999997525569
1.4,0.0,stripe,62,-0.6611219512095767,0.02412473560343395,1.4119943906108554e-09,0.0007412216661687245,0.9374999998937545
1.4,0.0,stripe,63,-0.6611219576411984,0.024125576364254546,7.557960589411043e-10,0.0007313300626590552,0.9374999999741712
1.4,0.0,stripe,64,-0.6611219638732669,0.024126393132795635,4.1356346575514615e-10,0.0007187144245921537,0.9374999995522667
1.4,0.0,stripe,65,-0.6611219716555073,0.024127176482095152,7.159761004919681e-10,0.0007053826893252164,0.9374999995815165
1.4,0.0,stripe,66,-0.6611219677334239,0.024127988090208063,3.679095831943404e-10,0.000699631125511259,0.937499999945049
1.4,0.0,stripe,67,-0.6611219828260635,0.024128735843368436,1.9461228641558381e-10,0.0006893600808273874,0.9374999999542318
1.4,0.0,stripe,68,-0.6611219885685229,0.024129455417396552,7.477895334138701e-10,0.000677100732259551,0.9374999999620114
1.4,0.0,stripe,69,-0.6611219920706753,0.024130189641662577,4.265007027726286e-10,0.0006691695444117096,0.9374999998803504
1.4,0.0,stripe,70,-0.6611219897900027,0.024130931456016975,6.288345022541541e-10,0.0006596397602886204,0.9374999996234143
1.4,0.0,stripe,71,-0.6611220016904193,0.024131602753330646,4.64905345790203e-09,0.0006505601165860856,0.9374999998317315
1.4,0.0,stripe,72,-0.6611219985925035,0.024132256441784218,4.932006034010289e-09,0.0006526393616263381,0.9374999998965484
1.4,0.0,stripe,73,-0.6611220110191153,0.024132866025691563,2.860788153221269e-09,0.0006398995465426841,0.9374999996572586
1.4,0.0,stripe,74,-0.6611220141683145,0.02413344979789285,3.369171875720663e-09,0.0006352618529373684,0.9374999997745748
1.4,0.0,stripe,75,-0.6611220106405031,0.024134037779007397,1.7659874937565777e-09,0.0006273945179438544,0.9374999997162368
1.4,0.0,stripe,76,-0.661122019844805,0.02413457394449426,1.923377099283352e-09,0.0006180254720606093,0.937499999846564
1.4,0.0,stripe,77,-0.6611220203399696,0.024135120749321986,1.010408952405919e-09,0.0006096317441510922,0.9374999995458642
1.4,0.0,stripe,78,-0.6611220258468103,0.024135629469515647,5.551019362393904e-10,0.0005997878533981966,0.9374999996971218
1.4,0.0,stripe,79,-0.6611220301450526,0.024136128883063164,2.985523071332421e-10,0.0005930345861573185,0.9374999994979587
1.4,0.0,stripe,80,-0.6611220330815781,0.024136612949016468,1.7462171739294658e-10,0.0005875504165430753,0.9374999999505859
1.4,0.0,pairing,1,-0.6608512759838939,0.0018161107380921838,0.004501573221244311,0.05679214402576319,0.9374943492358354
1.4,0.0,pairing,2,-0.6608661819487178,0.0018536400967097114,0.004488467600547756,0.00949892329100167,0.937500263515882
1.4,0.0,pairing,3,-0.6608642320767171,0.0018998410261241204,0.004486060177524811,0.007877969913642893,0.9375003418060467
1.4,0.0,pairing,4,-0.6608640535514151,0.001956405769758283,0.004484691112206636,0.00832618405226917,0.9375034687805931
1.4,0.0,pairing,5,-0.6608641686977983,0.0020228613753038725,0.004483641406140565,0.00910630819050706,0.9374999249601271
1.4,0.0,pairing,6,-0.6608641966842163,0.0021004196453595224,0.0044823159563356935,0.009966043084849482,0.9375000756103612
1.4,0.0,pairing,7,-0.6608642939901098,0.002190090454421433,0.00448077153681175,0.010900352563365244,0.9375000102683035
1.4,0.0,pairing,8,-0.660864417713049,0.0022931487769927913,0.00447889674023373,0.011901103071706469,0.9375000786441392
1.4,0.0,pairing,9,-0.6608645518948695,0.0024108508853532915,0.004476700577738185,0.01296011553223654,0.937500263974706
1.4,0.0,pairing,10,-0.6608647417921235,0.002544501429561605,0.004474061444633407,0.014069687577426123,0.9374999010955826
1.4,0.0,pairing,11,-0.6608649793468634,0.0026953811217737536,0.004470904991597862,0.015218585488935319,0.937500120273851
1.4,0.0,pairing,12,-0.6608652209877214,0.0028649624413700104,0.004467154195978073,0.016396647562085063,0.9375037039015951
1.4,0.0,pairing,13,-0.6608656947086041,0.0030541122905862993,0.004462728426384288,0.017559333307818857,0.9374970001978677
1.4,0.0,pairing,14,-0.6608660638157104,0.003264138820282672,0.0044575261280507365,0.018708674980595804,0.9375001454769217
1.4,0.0,pairing,15,-0.6608667042767097,0.0034958744367169074,0.004451365495040999,0.019797105260871743,0.9375007560980873
1.4,0.0,pairing,16,-0.6608674829497906,0.0037499823072599386,0.004444039024041402,0.020792574271261712,0.9375009296934387
1.4,0.0,pairing,17,-0.6608684591259375,0.004026565562519303,0.004435544248132891,0.02165453430289028,0.9375010783218426
1.4,0.0,pairing,18,-0.6608696438245308,0.004325321615354674,0.004425823333529923,0.02234870989092318,0.9375014046367934
1.4,0.0,pairing,19,-0.6608711132554798,0.004645428371604864,0.004414686575846124,0.022845802869470574,0.9375017207911597
1.4,0.0,pairing,20,-0.6608728766894956,0.004985478548177252,0.0044020711350059106,0.023128643319424706,0.937502210933661
1.4,0.0,pairing,21,-0.6608750051157695,0.005343502274277479,0.0043877772575325455,0.023194095271720755,0.9375019320894834
1.4,0.0,pairing,22,-0.6608774038283326,0.005716914297125853,0.0043720564585829815,0.023039782044527658,0.9375025742921348
1.4,0.0,pairing,23,-0.6608801357791602,0.0061026315497408655,0.004354848601351601,0.02269241521090129,0.9375035740984775
1.4,0.0,pairing,24,-0.6608831949724764,0.0064973346503260036,0.004336145030882442,0.022185196011483242,0.937502963343635
1.4,0.0,pairing,25,-0.6608864652455873,0.006897794838148844,0.004315928981034456,0.021565916822656326,0.9375036428803006
1.4,0.0,pairing,26,-0.660889945516107,0.007300847449189197,0.004294413582547454,0.020868247515292707,0.9375026394502267
1.4,0.0,pairing,27,-0.6608934862780549,0.007704012296293919,0.004271624626854016,0.020153294005089837,0.9375030987734616
1.4,0.0,pairing,28,-0.6608971028228456,0.008105109785842122,0.004247552272629491,0.019449436420669562,0.9375029199995741
1.4,0.0,pairing,29,-0.6609006384216773,0.008502546434961704,0.004222486845345783,0.01878381458818854,0.9375030910503509
1.4,0.0,pairing,30,-0.6609041414634463,0.00889537690070512,0.004196280805599129,0.018181491519554824,0.937502953598401
1.4,0.0,pairing,31,-0.6609074615521036,0.00928318429061473,0.00416896737479436,0.01765365908094001,0.9375032113575128
1.4,0.0,pairing,32,-0.660910715649066,0.009665765849547798,0.004140436984054076,0.017198674003901775,0.9375025396418443
1.4,0.0,pairing,33,-0.6609137552072033,0.010043708468569178,0.004110775386078948,0.01683588529086416,0.9375023811133326
1.4,0.0,pairing,34,-0.6609166195365189,0.010417754856847785,0.004079826995394395,0.016557759117646693,0.9375029949660297
1.4,0.0,pairing,35,-0.6609193578543184,0.01078868413239845,0.004047374369738278,0.016355486158757558,0.9375023820546612
1.4,0.0,pairing,36,-0.6609219400325638,0.011157614922705898,0.00401325805614692,0.016235418877160294,0.9375024194667144
1.4,0.0,pairing,37,-0.6609243939585692,0.011525983508102702,0.003977102918164789,0.016205229358700363,0.9375027155104317
1.4,0.0,pairing,38,-0.6609267283559915,0.011894678174491677,0.003938891809217279,0.016226514348286144,0.9375018455762766
1.4,0.0,pairing,39,-0.660928957620577,0.012264614698517869,0.00389837713027058,0.016301097905048207,0.9375028534361555
1.4,0.0,pairing,40,-0.6609311771454932,0.012636741428301531,0.003855218105873873,0.016429392175584524,0.9375026575713247
1.4,0.0,pairing,41,-0.6609333793482403,0.013011525072573952,0.0038092967658268336,0.01658582411398188,0.9375030234381323
1.4,0.0,pairing,42,-0.6609356199341199,0.013389377701362408,0.0037601968043916682,0.016770891913668876,0.9375029121639866
1.4,0.0,pairing,43,-0.6609379302095763,0.013770517274855391,0.0037075201167828227,0.016978823870529437,0.9375036402895999
1.4,0.0,pairing,44,-0.660940246131784,0.014154809063341052,0.0036517105237539502,0.017190737921669547,0.9375039469340453
1.4,0.0,pairing,45,-0.660942671034715,0.014541851060791273,0.003592241698597672,0.01740608665388202,0.9375043704313332
1.4,0.0,pairing,46,-0.6609452319073678,0.014931365564166316,0.00352879397092507,0.01763469867687543,0.937505619416351
1.4,0.0,pairing,47,-0.6609479705383942,0.01532256163584668,0.003461162940580614,0.017863516662636136,0.937506696947735
1.4,0.0,pairing,48,-0.6609510528913287,0.015714634261824026,0.0033888346796437873,0.018091460517969737,0.9374934867172622
1.4,0.0,pairing,49,-0.660953835624943,0.016108115625278984,0.0033117860512655367,0.018387795943903298,0.9374994337731757
1.4,0.0,pairing,50,-0.6609571461793959,0.016502727181824977,0.0032290559477134904,0.018729712096890512,0.9375000572460066
1.4,0.0,pairing,51,-0.660960488837465,0.01689941626460454,0.0031399136473754716,0.01917189710406695,0.9375000913308108
1.4,0.0,pairing,52,-0.660963929577727,0.017299988255194,0.003042915301866479,0.01976024510345594,0.9374999025139397
1.4,0.0,pairing,53,-0.6609674568333739,0.017707875857057204,0.0029353463724253338,0.020584550840779547,0.9374998864721236
1.4,0.0,pairing,54,-0.660971025770985,0.018127755960229943,0.0028143421364712085,0.021682286798007305,0.9374998278927436
1.4,0.0,pairing,55,-0.660974666519514,0.018566518984667355,0.0026747974284454805,0.02315713439498681,0.9374998649373367
1.4,0.0,pairing,56,-0.6609783148897908,0.019034218796780092,0.0025082919149862757,0.025136629223733862,0.9374997313394566
1.4,0.0,pairing,57,-0.6609820788641527,0.019541382813314218,0.002306583033801182,0.027525528940820033,0.937499754496593
1.4,0.0,pairing,58,-0.6609863479745907,0.02009788249669832,0.0020587550241968136,0.030165667474591647,0.9375001927174074
1.4,0.0,pairing,59,-0.6609921211935966,0.020704284777003062,0.0017573915896405769,0.03239211254956644,0.937500263908568
1.4,0.0,pairing,60,-0.6610007726198543,0.021341543297245514,0.0014080964055290044,0.03316120269769991,0.9375031309139881
1.4,0.0,pairing,61,-0.6610142644191419,0.021962245409930112,0.001041785122143869,0.03123072518092595,0.9375020807887673
1.4,0.0,pairing,62,-0.6610320864082713,0.022509742365200636,0.0007090378222140335,0.02651349260445003,0.9375244182945001
1.0,-0.4,stripe,1,-1.035143916476134,0.02742487824751009,1.8424254569233815e-05,0.01774571789730838,0.9375006768120492
1.0,-0.4,stripe,2,-1.0350827389737813,0.027317602986053225,1.8397763865869608e-06,0.005603642760104193,0.9375000048760065
1.0,-0.4,stripe,3,-1.035056000107325,0.027290345307849545,1.9809769496268651e-07,0.003463935560922489,0.9374999967237466
1.0,-0.4,stripe,4,-1.0350482581631026,0.027286795100887176,2.1346217372352876e-08,0.003206638937140763,0.9375000000959515
1.0,-0.4,stripe,5,-1.0350460941972395,0.027290254884290776,9.638323366062474e-09,0.0031956946534933825,0.9374999921327889
1.0,-0.4,stripe,6,-1.0350455314925036,0.027295890781539787,8.588063331891837e-10,0.0032113244787471697,0.9374999920834333
1.0,-0.4,stripe,7,-1.0350455608965532,0.0273023142514994,3.5510091251927215e-10,0.0032236435861030797,0.9374999962868795
1.0,-0.4,stripe,8,-1.0350457483036697,0.027308982355253173,1.772581838411989e-09,0.0032258875655335126,0.9374999968265603
1.0,-0.4,stripe,9,-1.0350458746368885,0.027316014472037662,1.6217797904772866e-10,0.0032366138924216576,0.9374999975281366
1.0,-0.4,stripe,10,-1.035046080560404,0.027323231885058388,3.58926644401565e-10,0.003225627808823503,0.9374999944527945
1.0,-0.4,stripe,11,-1.0350462464727237,0.02733063074900819,4.23938656690783e-11,0.0032219036563795236,0.9374999978986966
1.0,-0.4,stripe,12,-1.035046526954648,0.027338030598092856,2.4567517046210038e-11,0.003220235160549844,0.9374999973148592
1.0,-0.4,stripe,13,-1.0350467493737188,0.027345547573602066,7.645987314249244e-12,0.0032289565422334693,0.9374999980017686
1.0,-0.4,stripe,14,-1.0350470133692191,0.02735321332346627,1.6718411799250696e-11,0.0032384496611501446,0.9374999995612238
1.0,-0.4,stripe,15,-1.0350472066791199,0.027361041887926495,5.363527569520345e-10,0.0032343571856504392,0.9374999987974548
1.0,-0.4,stripe,16,-1.0350473483272193,0.027369210255955696,7.451002823015528e-11,0.0032592447643752945,0.9374999997568102
1.0,-0.4,stripe,17,-1.0350475906053793,0.027377463716949314,2.754424269829623e-09,0.00325939133632042,0.937499992752455
1.0,-0.4,stripe,18,-1.0350477852216193,0.02738601734818714,1.0373371310593697e-10,0.0032777155645103066,0.937499989613737
1.0,-0.4,stripe,19,-1.0350481000627174,0.027394610802912493,4.153800828385963e-09,0.0032885125218724996,0.937499997991383
1.0,-0.4,stripe,20,-1.035048294826106,0.027403438804964434,2.5930194571861187e-10,0.00335325152167866,0.937499997724075
1.0,-0.4,stripe,21,-1.0350485406212944,0.027412441100637924,4.3878040658013253e-11,0.0033541858637753585,0.9374999982138206
1.0,-0.4,stripe,22,-1.0350487612271124,0.027421542088489795,3.60316597225816e-12,0.003345719169168396,0.9374999970350847
1.0,-0.4,stripe,23,-1.0350490146670077,0.027430794008380045,1.983718915328286e-12,0.003335181987494837,0.9374999980223128
1.0,-0.4,stripe,24,-1.0350491930798307,0.027440151686160163,1.900809263476235e-10,0.0033452321554545542,0.9374999944242353
1.0,-0.4,stripe,25,-1.035049387717721,0.027449768094068253,3.6991977308309437e-10,0.003342788689858651,0.937499993649595
1.0,-0.4,stripe,26,-1.0350495984676682,0.02745949717335491,2.923354540618789e-10,0.0033500663771636047,0.9374999908974306
1.0,-0.4,stripe,27,-1.0350498064996045,0.027469424644958607,1.5105424191111034e-10,0.0033371358601394716,0.9374999975974623
1.0,-0.4,stripe,28,-1.0350500472938535,0.027479426517360774,1.962053458298268e-08,0.0033352875326555626,0.9374999975249891
1.0,-0.4,stripe,29,-1.035050228040064,0.02748985262134085,1.959957327306124e-09,0.0033649863196769077,0.9374999999650911
1.0,-0.4,stripe,30,-1.035050508563204,0.02750025117203997,2.124926760542305e-10,0.0033605570035398573,0.9374999970705988
1.0,-0.4,stripe,31,-1.0350507610456172,0.027510838147244164,2.1520468028402296e-10,0.0033701951186937197,0.9374999971213913
1.0,-0.4,stripe,32,-1.0350510090984333,0.02752150965000724,6.3570976955972645e-12,0.00336347979956191,0.937499995923603
1.0,-0.4,stripe,33,-1.0350512084502004,0.027532482493782855,3.5008270503623056e-12,0.0033751311214867863,0.9374999964557508
1.0,-0.4,stripe,34,-1.0350514525633367,0.027543534132626023,4.027236845400085e-12,0.003372042080867573,0.9374999954162093
1.0,-0.4,stripe,35,-1.035051660500942,0.027554714724223085,1.9895970498094224e-12,0.0033683449704689132,0.9374999960497502
1.0,-0.4,stripe,36,-1.0350518642960436,0.02756614604077033,4.251888683307657e-12,0.0033677082483130074,0.9374999945716072
1.0,-0.4,stripe,37,-1.0350521274978117,0.02757779410551975,4.959573735727501e-09,0.003387433575490221,0.9374999951210765
1.0,-0.4,stripe,38,-1.0350522941635578,0.02758963969168797,4.21113070495834e-10,0.003374389276873544,0.9374999960908268
1.0,-0.4,stripe,39,-1.0350526229448826,0.0276014694646066,2.065831395260895e-10,0.003379249377996668,0.9374999939028087
1.0,-0.4,stripe,40,-1.0350529496150604,0.02761355127127433,2.0252087664513714e-11,0.003383874024617787,0.9374999997159845
1.0,-0.4,pairing,1,-1.0331158460072454,0.0038440268512591725,0.002007296511525389,0.3439712910194231,0.9375001589233172
1.0,-0.4,pairing,2,-1.0317846537049993,0.010933159755528386,0.0014711300825959916,0.28189842446348096,0.937500114572037
1.0,-0.4,pairing,3,-1.0323796582620635,0.020514005267961398,0.00031747579406456264,0.3184336843084467,0.9374975489539084
1.0,-0.4,pairing,4,-1.0337135240872515,0.025229653190046723,3.999100318818844e-05,0.15121802579939717,0.9375025556997592
1.0,-0.4,pairing,5,-1.0345712600424644,0.026804933430757603,4.550758629878004e-06,0.05418708361496027,0.9375000447696725
1.0,-0.4,pairing,6,-1.0348994318375808,0.02728218299613236,5.060549839807835e-07,0.0178657753436976,0.9374999918929307
1.0,-0.4,pairing,7,-1.0350046699065574,0.02742914629115147,5.5817718533196156e-08,0.006509766071100832,0.9374999941995721
1.0,-0.4,pairing,8,-1.0350368962666479,0.027479695244289334,6.364808729989489e-09,0.0038701280898052453,0.9374999925081852
1.0,-0.4,pairing,9,-1.035046784625494,0.02750221967232341,3.4889726794142893e-09,0.0035010153801719388,0.9374999961838677
1.0,-0.4,pairing,10,-1.0350498756799076,0.027516693643818108,5.108348014568207e-10,0.0034588172949159995,0.9374999948875317
1.0,-0.4,pairing,11,-1.0350511080746196,0.0275288877104385,1.355569946903754e-09,0.0034626996339668513,0.9374999922531065
1.0,-0.4,pairing,12,-1.035051609855908,0.027540650294105372,1.5714258559843214e-09,0.003482240420039201,0.937499996708827
1.0,-0.4,pairing,13,-1.0350519477926257,0.02755241946847734,1.4252228666141315e-09,0.003503214232974238,0.9374999963257294
1.0,-0.4,pairing,14,-1.0350521699949904,0.02756431762321685,9.935866802284912e-10,0.0035068231902308567,0.9374999994894014
1.0,-0.4,pairing,15,-1.0350525385635967,0.027576297840172365,6.370030562394828e-10,0.0035289194106824717,0.9374999987782459
1.0,-0.4,pairing,16,-1.0350527165166266,0.02758870775975963,2.605017105093764e-11,0.0035373703529578172,0.9374999989102891
1.0,-0.4,pairing,17,-1.0350529655945646,0.027601243792296584,2.1904826239287366e-12,0.0035438704131034956,0.9374999988869451
1.0,-0.4,pairing,18,-1.035053262245458,0.027613812880650533,2.509335897779228e-12,0.0035431465761251476,0.9374999947430803
1.0,-0.4,pairing,19,-1.0350535175908082,0.027626537921277363,1.6300148512276158e-12,0.003551876284216372,0.9374999956842833
1.0,-0.4,pairing,20,-1.035053712232172,0.027639520339214286,3.987924029069723e-12,0.0035436903753696364,0.9374999945233614
1.0,-0.4,pairing,21,-1.0350539397992844,0.027652837784443093,8.329206756089208e-13,0.0035608908053837963,0.9375000000915071
1.0,-0.4,pairing,22,-1.0350542700393686,0.027666127580861982,9.811831750858036e-12,0.003553366576159491,0.9374999971790755
1.0,-0.4,pairing,23,-1.0350544456584483,0.02767976899167844,1.7762036036531195e-11,0.0035510659962062372,0.9374999960184425
1.0,-0.4,pairing,24,-1.0350547527243474,0.027693522403672764,2.1273833770057503e-12,0.0035458839872230126,0.9374999990385453
1.0,-0.4,pairing,25,-1.0350549833844318,0.027707685344125033,1.0869394692302876e-10,0.0035765889198101763,0.937499992892514
1.0,-0.4,pairing,26,-1.0350552753381375,0.027722026792488367,1.1013160939671527e-09,0.003576333572193756,0.9374999954084985
1.0,-0.4,pairing,27,-1.0350555716367809,0.027736382609133546,9.05726566987936e-11,0.003570703732667819,0.9374999882597185
1.0,-0.4,pairing,28,-1.035055828283323,0.027750854257629232,2.0128922049503115e-11,0.003567387420421026,0.9374999886560345
1.0,-0.4,pairing,29,-1.0350560460183875,0.027765476467261466,1.2663495977023148e-10,0.0035556448913371015,0.9374999908785265
1.0,-0.4,pairing,30,-1.0350562864057944,0.02778033067597582,1.0922432742231424e-10,0.0035649250221379495,0.9374999932278139
1.0,-0.4,pairing,31,-1.035056546142553,0.027795285961846716,1.1055371693036009e-09,0.003542424084744717,0.9374999913366855
1.0,-0.4,pairing,32,-1.0350567447523997,0.027810573507607992,1.4244005137196575e-09,0.003554958468468921,0.9374999904434184
1.0,-0.4,pairing,33,-1.0350570096852423,0.027825848939230118,5.500944505771489e-10,0.0035350803685186114,0.9374999896528186
1.0,-0.4,pairing,34,-1.0350572816381933,0.02784120992275861,1.2697226103706084e-09,0.003528285466376718,0.9374999911483679
1.0,-0.4,pairing,35,-1.0350575130707624,0.027856828092600233,1.3813837710117137e-09,0.0035284028112568897,0.9374999909072286
1.0,-0.4,pairing,36,-1.0350577972680743,0.0278724140991754,3.103741424110054e-09,0.0034968152396786974,0.9374999927536384
1.0,-0.4,pairing,37,-1.0350580922074246,0.02788810872236004,1.1546771495614604e-09,0.003491043959118002,0.9374999936464468
1.0,-0.4,pairing,38,-1.0350583076728783,0.027903758212222518,2.0435200424394292e-08,0.003459411171517107,0.9374999930474037
1.0,-0.4,pairing,39,-1.0350584702259982,0.027919626149116392,3.2209755728084627e-09,0.003437105518539284,0.9374999970237282
1.0,-0.4,pairing,40,-1.035058828569642,0.02793526307265457,2.421965911613378e-09,0.0034156090442919004,0.937499995036777
1.0,-0.2,stripe,1,-0.7818511049202752,0.03255430291965739,3.735881234285093e-05,0.012860735238590718,0.9375053647463207
1.0,-0.2,stripe,2,-0.7818864169932815,0.032651274911685,6.520258671032823e-06,0.002539379641005476,0.9375001547006646
1.0,-0.2,stripe,3,-0.7819059915784699,0.03267597386018129,1.241477217777997e-06,0.0009724827255476205,0.9375000032765655
1.0,-0.2,stripe,4,-0.781910446913552,0.03268325739268906,2.3451836949968273e-07,0.0007965035674699374,0.9374999972812006
1.0,-0.2,stripe,5,-0.7819116246344183,0.03268604844968724,4.5077124103269615e-08,0.0007781403882545683,0.9374999959340564
1.0,-0.2,stripe,6,-0.7819119653495576,0.03268764664784329,7.97515755589472e-09,0.0007753443193285407,0.9374999958809608
1.0,-0.2,stripe,7,-0.7819120879901174,0.032688926688359404,1.3918386641373569e-09,0.0007653882455189623,0.9374999950100643
1.0,-0.2,stripe,8,-0.7819120969113638,0.032690148571082676,2.2075456984242182e-09,0.0007536328922573414,0.9374999937228025
1.0,-0.2,stripe,9,-0.7819121095874312,0.03269139408257348,2.2743908234135479e-10,0.0007438969791781629,0.9374999939377882
1.0,-0.2,stripe,10,-0.781912118494532,0.03269250737750408,4.0137946313503094e-11,0.000731272659649312,0.9374999942029565
1.0,-0.2,stripe,11,-0.7819121480987968,0.032693682292217974,1.5132611782551305e-10,0.0007333934111931705,0.9374999955293489
1.0,-0.2,stripe,12,-0.7819121833965854,0.032694776059909794,5.6247168998895566e-11,0.0007198099958321377,0.9374999955706701
1.0,-0.2,stripe,13,-0.7819122039479811,0.03269587751117605,5.285192392815566e-10,0.0007087355751874409,0.9374999920492153
1.0,-0.2,stripe,14,-0.7819121987819112,0.03269691000234807,6.60214977193783e-10,0.0007001111201472109,0.9374999929079081
1.0,-0.2,stripe,15,-0.7819122140846624,0.03269794393824814,8.390170493076444e-11,0.0006898119219258846,0.9374999962226183
1.0,-0.2,stripe,16,-0.7819122116602787,0.03269903227872835,2.952511219690938e-09,0.0006787990237881249,0.9374999933277354
1.0,-0.2,stripe,17,-0.7819122828883741,0.0326999880813167,2.6633554870627893e-09,0.0006681678718150471,0.9374999925936434
1.0,-0.2,stripe,18,-0.7819122738190942,0.0327010297378768,4.018638560119999e-09,0.0006764710756777236,0.9374999936506627
1.0,-0.2,stripe,19,-0.7819122846389271,0.032702099897694716,2.824527231507491e-09,0.0006671259358144,0.9374999922912484
1.0,-0.2,stripe,20,-0.7819123126828875,0.03270306341986117,1.2858587012095165e-09,0.0006591899473152537,0.9374999932876291
1.0,-0.2,stripe,21,-0.7819122884394459,0.032704119583438454,3.4389263292118494e-10,0.0006540675690595932,0.9374999913600077
1.0,-0.2,stripe,22,-0.781912241975665,0.03270510882935457,3.848243033782372e-09,0.0006452440721615984,0.9374999893568894
1.0,-0.2,stripe,23,-0.7819122908539842,0.03270614297905732,9.56330084599688e-10,0.0006413371827782134,0.9374999929628395
1.0,-0.2,stripe,24,-0.7819123509082241,0.03270701685944133,3.025798087455382e-09,0.0006420071276414288,0.9374999944165264
1.0,-0.2,stripe,25,-0.7819123671900715,0.03270798777977576,1.8429999447733298e-09,0.000638782165058096,0.9374999917001426
1.0,-0.2,stripe,26,-0.7819123895281425,0.032708920250954655,6.284747174244064e-10,0.000630032201476964,0.9374999912288889
1.0,-0.2,stripe,27,-0.7819123804224726,0.03270995845339784,1.6619352822644213e-08,0.0006281250363544477,0.9374999924572539
1.0,-0.2,stripe,28,-0.7819124013336877,0.0327108307223032,3.159182483021051e-09,0.0006191270196927943,0.9374999932120667
1.0,-0.2,stripe,29,-0.7819124344879002,0.03271173359930857,7.756619367096232e-09,0.0006178011500456683,0.9374999902058827
1.0,-0.2,stripe,30,-0.7819124047539068,0.032712690538784124,3.6219868680808253e-09,0.0006139443665470652,0.9374999952099686
1.0,-0.2,stripe,31,-0.7819124688744046,0.03271344133372224,2.053071661047226e-08,0.0006069351484580242,0.9374999947776863
1.0,-0.2,stripe,32,-0.7819123669391616,0.03271442648109315,4.239119752288476e-09,0.0006038028251708323,0.937499994888412
1.0,-0.2,stripe,33,-0.7819124088583301,0.03271524039606633,3.1216126305507973e-10,0.0005979637526033593,0.9374999958589704
1.0,-0.2,stripe,34,-0.7819124079517298,0.03271611564567934,4.9314467309427014e-09,0.0005997263850514909,0.9374999929051837
1.0,-0.2,stripe,35,-0.7819123835304524,0.032717016046221084,5.504420083020368e-09,0.0005925274170378718,0.9374999931019183
1.0,-0.2,stripe,36,-0.781912470263431,0.032717848704805166,5.594959958996025e-10,0.0005940487132241464,0.9374999984887583
1.0,-0.2,stripe,37,-0.7819124273546539,0.032718668219988485,2.402027629089062e-09,0.000586862591563573,0.9374999972756645
1.0,-0.2,stripe,38,-0.7819124290002751,0.03271951023270097,2.5621413304922593e-09,0.0005799310144309616,0.9374999971617686
1.0,-0.2,stripe,39,-0.7819124091321372,0.032720391688909854,2.4111930391731744e-09,0.0005729336968975765,0.937499998226066
1.0,-0.2,stripe,40,-0.7819124463642868,0.032721261226819946,3.246112657631175e-10,0.0005651940221213151,0.9374999996282255
1.0,-0.2,pairing,1,-0.7790696733419215,0.005891707606059883,0.002059856515458456,0.37064009406829834,0.9374960558839291
1.0,-0.2,pairing,2,-0.7775724986738,0.018351451115984838,0.0007960690279433442,0.38911946320288104,0.937500076430658
1.0,-0.2,pairing,3,-0.7791557370085814,0.027817863359811384,0.00010184658440062399,0.2573453747434872,0.9375083515832773
1.0,-0.2,pairing,4,-0.780839285428393,0.03130172129761746,1.0433312782853468e-05,0.09625302561001682,0.9375001684765523
1.0,-0.2,pairing,5,-0.7815861248716154,0.032320946112355343,1.048006687506004e-06,0.029456687618457496,0.9374999990668648
1.0,-0.2,pairing,6,-0.7818205469180163,0.03260478043572868,1.0411263977024114e-07,0.008495762994846555,0.93749999798657
1.0,-0.2,pairing,7,-0.7818869770335379,0.03268403541192977,9.595454598980457e-09,0.002469708445808172,0.9374999977338121
1.0,-0.2,pairing,8,-0.7819054851211773,0.03270666809449991,1.253699670769607e-09,0.00087915180027962,0.9374999956152205
1.0,-0.2,pairing,9,-0.7819106144879454,0.03271362639756023,1.069164663470806e-09,0.000582689620376753,0.937499995876533
1.0,-0.2,pairing,10,-0.7819120548928329,0.032716170770113386,1.0329442522170523e-09,0.0005461665829361812,0.9374999959997389
1.0,-0.2,pairing,11,-0.7819124687615623,0.03271751045724097,1.0794815751617682e-09,0.0005358449337280609,0.9374999963775972
1.0,-0.2,pairing,12,-0.7819125509831008,0.03271851196189617,2.5595682349659323e-09,0.0005311555565898685,0.9374999956273139
1.0,-0.2,pairing,13,-0.7819126457942686,0.032719374891414806,2.5675027161941496e-09,0.000525212575326055,0.9374999959280698
1.0,-0.2,pairing,14,-0.781912642420503,0.03272018128983224,3.5784464534902926e-09,0.0005231725093772301,0.9374999953407923
1.0,-0.2,pairing,15,-0.7819126044229845,0.032721033329337075,5.470942619079322e-09,0.0005165811323978711,0.9374999966968883
1.0,-0.2,pairing,16,-0.7819126659611049,0.03272177517128311,5.6752921172612965e-09,0.0005105499996064875,0.937499990292721
1.0,-0.2,pairing,17,-0.7819126485992155,0.032722563405042975,6.795808119458578e-09,0.0005041534261682166,0.9374999901791087
1.0,-0.2,pairing,18,-0.7819126681229145,0.0327232862393931,2.6632379566722785e-09,0.0005020486368062173,0.9374999950422412
1.0,-0.2,pairing,19,-0.7819127079247904,0.0327240347120055,2.8261187954279533e-09,0.0004932011861049627,0.9374999927093991
1.0,-0.2,pairing,20,-0.7819126515196118,0.032724745350118434,5.60802648432385e-10,0.0005044663558026452,0.9374999961718439
1.0,-0.2,pairing,21,-0.7819126280673265,0.03272550628217753,1.3471732745960049e-10,0.0005002298581423398,0.9374999937004188
1.0,-0.2,pairing,22,-0.7819126664425515,0.03272624123710676,2.4579449157483037e-10,0.0005011916286808707,0.9374999886776525
1.0,-0.2,pairing,23,-0.7819125759836497,0.032727090264755496,2.6164582077801347e-11,0.0004959480096266219,0.9374999911891668
1.0,-0.2,pairing,24,-0.7819126543722785,0.03272779422294445,3.442743406843531e-10,0.0004942879657668331,0.9374999895433308
1.0,-0.2,pairing,25,-0.7819126926075075,0.03272851576079163,3.509967612619768e-11,0.0004964359148550001,0.9374999904694388
1.0,-0.2,pairing,26,-0.7819126413829297,0.03272920422105232,7.62012224566068e-11,0.0004859535646106926,0.9374999898668817
1.0,-0.2,pairing,27,-0.781912723675548,0.03272982677132851,8.762584187693494e-11,0.0004861881994041906,0.9374999847109351
1.0,-0.2,pairing,28,-0.7819126680308048,0.03273054213009212,4.510793622978959e-10,0.00048360159747160854,0.9374999903872678
1.0,-0.2,pairing,29,-0.7819126813772925,0.03273118567760902,4.381516334101739e-10,0.0004774844765744874,0.9374999896153957
1.0,-0.2,pairing,30,-0.7819127135861017,0.032731853936498204,3.7172864533860657e-10,0.0004802963662611435,0.9374999910872799
1.0,-0.2,pairing,31,-0.7819126895667196,0.03273261359130906,8.300500778298412e-10,0.0004834001431542073,0.9374999886064133
1.0,-0.2,pairing,32,-0.7819127096552052,0.032733266860141566,4.264721506285289e-10,0.0004791228030553857,0.9374999917125236
1.0,-0.2,pairing,33,-0.7819126996894444,0.03273394009732123,3.545278077168647e-11,0.0004800697481875139,0.9374999945502289
1.0,-0.2,pairing,34,-0.781912766025948,0.03273451911247445,1.04890980114108e-09,0.00047713051801397463,0.9374999952832945
1.0,-0.2,pairing,35,-0.7819127392779065,0.032735192603331804,1.1948501819290167e-09,0.00047374395510515306,0.9374999923581001
1.0,-0.2,pairing,36,-0.7819127181714767,0.03273587644131231,1.7802275267379654e-09,0.00046850176183264023,0.9374999931313063
1.0,-0.2,pairing,37,-0.7819127293928543,0.03273653450411149,1.275849807603114e-09,0.000460316824566601,0.937499990153674
1.0,-0.2,pairing,38,-0.7819127317493852,0.03273715516441663,1.8019344208831673e-09,0.00045640528392651197,0.9374999894033427
1.0,-0.2,pairing,39,-0.7819127074231643,0.03273783652652776,1.4722062807128744e-09,0.0004576786261245573,0.9374999887079407
1.0,-0.2,pairing,40,-0.7819127677387422,0.03273839482297004,9.731007279812182e-10,0.00045271424554625434,0.9374999895726086
1.0,0.0,stripe,1,-0.5290759003190805,0.03894136944844139,2.4311085263352136e-05,0.032270540200237674,0.9375009425214406
1.0,0.0,stripe,2,-0.529271188566769,0.03931375723617073,2.3689928273399724e-06,0.007801495315605087,0.9375000046122618
1.0,0.0,stripe,3,-0.5293587292684931,0.039406818230679735,2.6267036342321806e-07,0.002095135642981723,0.9374999964775544
1.0,0.0,stripe,4,-0.5293796353814785,0.03943031962112067,2.780505446492697e-08,0.0007968648794209211,0.9374999964923301
1.0,0.0,stripe,5,-0.5293850280420072,0.039435987972382534,2.9558774711199298e-09,0.0006000844486801525,0.9374999986977992
1.0,0.0,stripe,6,-0.529386458600941,0.03943689022553617,6.668848179861678e-09,0.0005782947116409091,0.9374999965003505
1.0,0.0,stripe,7,-0.5293868430365153,0.03943657868397004,3.5041087961029472e-09,0.0005703807716716939,0.9374999969329594
1.0,0.0,stripe,8,-0.5293869665688851,0.03943598307754543,9.104535948823387e-10,0.0005714625706326838,0.9374999976698587
1.0,0.0,stripe,9,-0.5293869966271454,0.03943521328483766,2.046673631644846e-09,0.0005656933807673363,0.9374999975818398
1.0,0.0,stripe,10,-0.5293869577871845,0.03943456871868852,7.833804319403071e-10,0.0005600654312462869,0.9374999980849029
1.0,0.0,stripe,11,-0.5293870065662306,0.039433791731824715,1.0662558256973917e-09,0.0005550118368300379,0.9374999983407071
1.0,0.0,stripe,12,-0.5293869946615101,0.03943315158136111,4.007094570671586e-11,0.0005510532917263557,0.9374999997081962
1.0,0.0,stripe,13,-0.5293869988617296,0.03943245860813802,3.878585497799465e-10,0.0005463066505283842,0.9374999991767425
1.0,0.0,stripe,14,-0.5293870192516644,0.03943177978413754,3.360677394341551e-09,0.0005406329924706724,0.9374999980705011
1.0,0.0,stripe,15,-0.5293870134122524,0.039431100947394486,4.694169130007752e-09,0.0005377440569495911,0.93749999738249
1.0,0.0,stripe,16,-0.5293870403529317,0.03943044022304437,1.6167783284867497e-09,0.0005342026485105237,0.9374999991617678
1.0,0.0,stripe,17,-0.5293870559947917,0.03942978053141677,9.533977778961524e-10,0.0005245189876967636,0.9374999987800965
1.0,0.0,stripe,18,-0.5293870915516055,0.039429127035022576,1.5869048187744595e-09,0.000521068342383512,0.9374999986827833
1.0,0.0,stripe,19,-0.5293870589273929,0.03942853050875641,1.6121785795974048e-09,0.0005164759256331262,0.9374999980400619
1.0,0.0,stripe,20,-0.5293870728142921,0.039427933263770684,7.357112538403087e-10,0.0005104742315805885,0.9374999996946469
1.0,0.0,stripe,21,-0.5293870748401616,0.03942736294479592,6.379548354448334e-10,0.0005052209450895895,0.9374999983182845
1.0,0.0,stripe,22,-0.5293870866858346,0.03942678339073319,3.972189885844475e-10,0.0005019816193574028,0.9374999977109822
1.0,0.0,stripe,23,-0.5293869994332139,0.039426307928638125,9.418219535807275e-10,0.0005106116084122836,0.9374999983710053
1.0,0.0,stripe,24,-0.529387048102525,0.03942575851797645,7.267713431727906e-10,0.0005075909502159,0.9374999996986296
1.0,0.0,stripe,25,-0.529387065479823,0.03942517417801093,1.4530712693048944e-09,0.0005017619556330054,0.9374999996692267
1.0,0.0,stripe,26,-0.5293870750386608,0.03942460505296761,1.466800449896203e-09,0.0004942729447948711,0.9374999986799422
1.0,0.0,stripe,27,-0.529387067233761,0.039424041319574395,1.2847085951401453e-09,0.0004902596839431944,0.9374999989554306
1.0,0.0,stripe,28,-0.5293870824859372,0.039423458922194884,5.6548087514354895e-09,0.0004889221132796724,0.9374999973860586
1.0,0.0,stripe,29,-0.5293871048343937,0.039422879496871586,7.414234061521432e-09,0.0004858818340620099,0.9374999974636863
1.0,0.0,stripe,30,-0.529387139032473,0.03942227852848453,8.364219255723811e-09,0.0004900280021353262,0.9374999975202409
1.0,0.0,stripe,31,-0.5293871541374393,0.03942170843247877,1.1541672484086617e-08,0.00048493592187793486,0.9374999972809512
1.0,0.0,stripe,32,-0.529387168539245,0.03942120368365493,6.202207213153979e-09,0.00048338458282302466,0.9374999982504113
1.0,0.0,stripe,33,-0.5293871864851871,0.03942065627385306,4.585939243879671e-09,0.0004796126540978805,0.937499998116344
1.0,0.0,stripe,34,-0.5293871583634334,0.03942020252427689,1.531697237915408e-09,0.000474879966269999,0.9374999942242469
1.0,0.0,stripe,35,-0.5293871704299892,0.03941973205322718,1.0661034692488093e-08,0.0004745710104492809,0.9374999931190051
1.0,0.0,stripe,36,-0.5293871792968934,0.03941923729341987,1.2318499365821815e-08,0.0004690022732687036,0.937499992272022
1.0,0.0,stripe,37,-0.5293871772195652,0.039418731432695225,9.455625449052368e-10,0.0004742224972708021,0.9374999962545517
1.0,0.0,stripe,38,-0.5293871608136135,0.039418206934321576,1.1328222201581529e-10,0.00046831213530337985,0.937499996507867
1.0,0.0,stripe,39,-0.5293871474767086,0.039417724493519025,2.1397063972821214e-09,0.00046734713814819266,0.9374999959711521
1.0,0.0,stripe,40,-0.5293872150258797,0.03941721285213361,5.898380839177048e-11,0.00046952946392677937,0.9374999975122104
1.0,0.0,pairing,1,-0.5254020446024016,0.009392039976022684,0.002059782001115034,0.40958795002039944,0.9374942389580955
1.0,0.0,pairing,2,-0.5239297285112751,0.026034449932989128,0.00043980146304374416,0.4144863715168644,0.9375011592052158
1.0,0.0,pairing,3,-0.5265104476070775,0.03533509121330137,4.818088351556439e-05,0.21158507700737478,0.9375029031769953
1.0,0.0,pairing,4,-0.5284229563978081,0.03830488160919109,4.9981424281941414e-06,0.06907855165573294,0.9375000256233672
1.0,0.0,pairing,5,-0.5291204233840339,0.039118946718448275,5.245306353399727e-07,0.019403415377717375,0.937499996194152
1.0,0.0,pairing,6,-0.5293167810791677,0.03933630945387953,5.537985006348421e-08,0.005284816387624425,0.9374999950586232
1.0,0.0,pairing,7,-0.5293687996824722,0.039394400696970845,5.858047349185666e-09,0.0014958276109198914,0.9374999964606715
1.0,0.0,pairing,8,-0.5293825611498439,0.03940985030819349,9.555029017508431e-10,0.0005904732235263854,0.9374999963713422
1.0,0.0,pairing,9,-0.5293862338931653,0.03941370253630129,3.1875871745962156e-10,0.0004533905651735649,0.9374999965057744
1.0,0.0,pairing,10,-0.5293872352788497,0.03941439423145916,9.17732317881269e-11,0.00044068693463523165,0.9374999967246822
1.0,0.0,pairing,11,-0.5293875172607253,0.03941421242731978,4.067856821727739e-10,0.0004383019968244066,0.9374999962525519
1.0,0.0,pairing,12,-0.5293875896526832,0.03941382476228794,1.3232610045883596e-09,0.0004352113776232206,0.9374999962652666
1.0,0.0,pairing,13,-0.529387610226581,0.03941340467902252,1.5814535544035547e-10,0.00043098023944749587,0.9374999983619087
1.0,0.0,pairing,14,-0.5293876340952833,0.039412932496313946,6.860908372252365e-10,0.0004251271713642017,0.9374999966769031
1.0,0.0,pairing,15,-0.5293875777160072,0.03941252068978278,3.440555433818521e-09,0.0004257361028858352,0.9374999937560907
1.0,0.0,pairing,16,-0.529387626073163,0.039412057991792974,3.65500387917936e-10,0.0004175431062890228,0.9374999970524763
1.0,0.0,pairing,17,-0.5293875749448372,0.03941167507972219,2.132171763829309e-09,0.00041660676747534974,0.9374999963299875
1.0,0.0,pairing,18,-0.5293875851771115,0.039411288999597595,8.084951034658794e-11,0.00041278758033925253,0.9374999980665788
1.0,0.0,pairing,19,-0.5293876067655605,0.03941086557745641,2.323595886320592e-11,0.000408644605037501,0.9374999998194605
1.0,0.0,pairing,20,-0.5293875947318911,0.03941039662130872,2.424307624840586e-09,0.0004075168085146069,0.9374999968558818
1.0,0.0,pairing,21,-0.5293875999992669,0.03940995623939884,2.870570418210657e-09,0.00040588828787343324,0.9374999970798161
1.0,0.0,pairing,22,-0.5293875953271437,0.039409556023537656,3.6404424141100674e-09,0.0004011860097010718,0.9374999973474751
1.0,0.0,pairing,23,-0.5293876118803741,0.03940914485214251,2.208982593964271e-09,0.00039703109115407816,0.9374999964846982
1.0,0.0,pairing,24,-0.5293875986860148,0.039408767241590904,5.882907691137e-09,0.00039353681336519794,0.9374999971387145
1.0,0.0,pairing,25,-0.529387637638176,0.03940833908514321,9.187598842024261e-10,0.0003912795955792773,0.9374999970735185
1.0,0.0,pairing,26,-0.5293876290803544,0.03940796512440109,9.927714466801879e-10,0.00038660032225870244,0.9374999968233417
1.0,0.0,pairing,27,-0.5293876118098344,0.03940763678895584,1.020086098717802e-09,0.0003824501249688926,0.9374999974763211
1.0,0.0,pairing,28,-0.5293876367195387,0.03940726131087326,1.0192662907252818e-09,0.0003786231281374153,0.9374999976916886
1.0,0.0,pairing,29,-0.5293876112615267,0.039406938234932874,1.2443149822134301e-09,0.00037529074468614475,0.9374999975776128
1.0,0.0,pairing,30,-0.5293876206074054,0.03940662650414932,1.0277964371498542e-09,0.0003727843229860345,0.9374999975745013
1.0,0.0,pairing,31,-0.5293876559602896,0.039406255580643694,1.0338589042029016e-09,0.00037204198011133355,0.937499997891822
1.0,0.0,pairing,32,-0.529387644861655,0.03940591901259686,1.2780961303167917e-09,0.0003690582162781852,0.9374999973639402
1.0,0.0,pairing,33,-0.5293876301406405,0.03940563610922016,5.274986248301289e-11,0.0003621707229892386,0.9374999992363667
1.0,0.0,pairing,34,-0.529387659060594,0.03940522156347547,1.6379558783894567e-11,0.0003672362342576666,0.9374999982372654
1.0,0.0,pairing,35,-0.5293876615383507,0.039404876030264754,2.156728427019203e-11,0.00036754958779899454,0.9374999976892121
1.0,0.0,pairing,36,-0.5293876503538035,0.0394045520110203,5.98957837556151e-11,0.000363456061736975,0.9374999973803103
1.0,0.0,pairing,37,-0.5293876330632719,0.039404299306090754,3.542720295412731e-09,0.00036612011310549404,0.9374999948225069
1.0,0.0,pairing,38,-0.5293876389432881,0.03940409240792216,1.2782734532283042e-10,0.0003579750149021814,0.9374999994349967
1.0,0.0,pairing,39,-0.5293876585715175,0.03940375790275714,1.5013907456169543e-11,0.00036067776004225293,0.9374999967120516
1.0,0.0,pairing,40,-0.52938765263242,0.03940344350785257,3.2693470934614027e-10,0.0003567214819408973,0.937499996243555
1.2,-0.4,stripe,1,-1.091741865962948,0.016286872970373005,2.6689453090255403e-05,0.18125959941685194,0.937500063914033
1.2,-0.4,stripe,2,-1.0916410416901505,0.014909797570029248,6.663142493615959e-06,0.07488530524409302,0.9374999544437902
1.2,-0.4,stripe,3,-1.0915003363360627,0.014268932729333769,2.1196963127186032e-06,0.041163167061219794,0.9374999908588713
1.2,-0.4,stripe,4,-1.0914423736273282,0.013951583155933481,7.688045049588056e-07,0.026073618324421954,0.9374999982034866
1.2,-0.4,stripe,5,-1.0914141049704822,0.013794013482818076,3.034128015967491e-07,0.019134101447857828,0.9374999989611188
1.2,-0.4,stripe,6,-1.0913994596725531,0.01372024780098401,1.271756755970399e-07,0.01588607062989237,0.9374999964686532
1.2,-0.4,stripe,7,-1.0913918960862126,0.013691740841745398,6.065666352213556e-08,0.014138080926029164,0.9374999975997607
1.2,-0.4,stripe,8,-1.0913877863549295,0.013689008470427247,2.7211646856975022e-08,0.01293723522120122,0.9374999999496157
1.2,-0.4,stripe,9,-1.0913859180624992,0.013699686728809815,1.6369601936000225e-08,0.011963996821000088,0.9374999972640223
1.2,-0.4,stripe,10,-1.0913851417661669,0.013717862723377966,7.1214297791913645e-09,0.011104594739012817,0.9374999986501144
1.2,-0.4,stripe,11,-1.0913848554322458,0.013739743944111907,2.1598424533340508e-08,0.010229485803026165,0.9374999986352943
1.2,-0.4,stripe,12,-1.0913848748059003,0.01376367760950367,7.844434856983439e-09,0.009524414760781948,0.93749999469993
1.2,-0.4,stripe,13,-1.0913852566710096,0.013787066018664763,4.419426519981522e-09,0.00878513908187889,0.9374999960434206
1.2,-0.4,stripe,14,-1.0913855249808018,0.013809938226043945,1.768849967585329e-08,0.008086550651227646,0.9374999925575428
1.2,-0.4,stripe,15,-1.091385812836742,0.01383196865134445,1.3839216272435414e-08,0.00752807554751281,0.9374999897537364
1.2,-0.4,stripe,16,-1.0913862017829965,0.013852670179968397,2.53889260715404e-08,0.006884528082885506,0.937499993829535
1.2,-0.4,stripe,17,-1.0913864284582877,0.013872244352646123,1.580109769167421e-08,0.0063445941938818015,0.937499996282364
1.2,-0.4,stripe,18,-1.0913867609992958,0.013890151249623266,4.057371701063251e-08,0.005817652977673876,0.9374999962398478
1.2,-0.4,stripe,19,-1.091387055643813,0.013906384736695754,1.5297978839659577e-08,0.005280779150502209,0.9374999970322107
1.2,-0.4,stripe,20,-1.0913873028457375,0.013921214536355005,1.7895517308369483e-08,0.004798022602398618,0.9374999963423082
1.2,-0.4,stripe,21,-1.0913875079147581,0.013934750367442524,6.658285828920045e-09,0.004351284314255949,0.9374999999133825
1.2,-0.4,stripe,22,-1.0913877771037632,0.013946598477267152,2.714034935146607e-09,0.0039594910778255115,0.9374999982202742
1.2,-0.4,stripe,23,-1.0913880251404569,0.013956975980194972,1.4996360274295625e-08,0.0035912904467807726,0.937499991737841
1.2,-0.4,stripe,24,-1.0913882013349443,0.01396599069576702,2.1564407806311952e-08,0.003263158606258283,0.9374999945464307
1.2,-0.4,stripe,25,-1.0913883937100566,0.013973874437569374,1.5020834605836947e-08,0.002985618066964438,0.9374999945310283
1.2,-0.4,stripe,26,-1.0913884562891336,0.013980986831556094,1.1566747825712839e-08,0.0027555671055036197,0.9374999952799956
1.2,-0.4,stripe,27,-1.0913885508494907,0.013987466377012713,1.1148761833023544e-08,0.002545435065683277,0.9374999952487899
1.2,-0.4,stripe,28,-1.0913886632002894,0.013992998560415618,3.416384506105119e-09,0.0023492988093357955,0.9374999972598462
1.2,-0.4,stripe,29,-1.091388771782873,0.013997788671488187,8.315524796013528e-09,0.00216652672430309,0.9374999957470744
1.2,-0.4,stripe,30,-1.0913888255191342,0.014002087183227811,4.9747303067434766e-09,0.0020370814562010687,0.9374999949225087
1.2,-0.4,stripe,31,-1.0913889100759235,0.014005768279372931,3.6581674673800606e-09,0.0018831153190500003,0.9374999960376562
1.2,-0.4,stripe,32,-1.091388994775055,0.014008895946938694,3.5669072772479634e-09,0.0017616487057370805,0.9374999960562814
1.2,-0.4,stripe,33,-1.091389047835308,0.014011775627422689,2.10017420843809e-09,0.001661721208553652,0.9374999959381642
1.2,-0.4,stripe,34,-1.0913891007801126,0.014014092988836028,1.0776567192262454e-08,0.0015919210311752157,0.937499995296517
1.2,-0.4,stripe,35,-1.0913891076878306,0.014016314611011948,1.382018776241674e-08,0.001542063596671405,0.9374999938912322
1.2,-0.4,stripe,36,-1.0913892095691569,0.014018239900050708,4.669701129829689e-09,0.0014783980046973208,0.9374999979643286
1.2,-0.4,stripe,37,-1.0913892248506818,0.014019995981945829,4.010085521130687e-09,0.0014046229044099158,0.9374999973888289
1.2,-0.4,stripe,38,-1.0913892552603255,0.01402139291844282,6.218697176463559e-09,0.001331302289252682,0.9374999968277732
1.2,-0.4,stripe,39,-1.0913893017450271,0.014022646451968898,7.80151655538754e-09,0.0013441027267467928,0.9374999963427116
1.2,-0.4,stripe,40,-1.091389341347923,0.014023848982847465,1.0189900573448752e-08,0.0012979923541451912,0.9374999939419671
1.2,-0.4,pairing,1,-1.0916283804414681,0.0011014189399807272,0.0020770527725743055,0.21452729051414027,0.937499190295388
1.2,-0.4,pairing,2,-1.0911504537061474,0.0011655636671649727,0.002049566180999111,0.006992977374387378,0.9374987579401373
1.2,-0.4,pairing,3,-1.0911573034353605,0.0012361693295303174,0.002045236796762605,0.005334249945302717,0.9374999435186981
1.2,-0.4,pairing,4,-1.0911569270489447,0.0013124311712011017,0.0020435844974196764,0.005610088810264735,0.9375001562282633
1.2,-0.4,pairing,5,-1.0911569208553096,0.0013942383483387714,0.002042177116665583,0.005944174794997654,0.9374999692432228
1.2,-0.4,pairing,6,-1.0911568977066246,0.0014819664511169454,0.002040612052094326,0.006327530644383441,0.9374996848976406
1.2,-0.4,pairing,7,-1.0911569059112045,0.0015761711206537276,0.002038760727091736,0.0067538299266242515,0.93750001684587
1.2,-0.4,pairing,8,-1.0911569224650821,0.001677308568789781,0.0020366992921960723,0.007217526664984135,0.9375006408032123
1.2,-0.4,pairing,9,-1.0911569646158192,0.0017862116490784668,0.0020341910928339427,0.007739163495382295,0.9375001866492662
1.2,-0.4,pairing,10,-1.0911569422953304,0.0019034979507172767,0.002031388330333215,0.008302653932750708,0.9375006689440455
1.2,-0.4,pairing,11,-1.09115695716148,0.002030196061616654,0.0020280839205399537,0.008933769508634316,0.9374995606220782
1.2,-0.4,pairing,12,-1.0911569646839965,0.002167251276768158,0.002024345721285023,0.009629286456716495,0.9374998059799671
1.2,-0.4,pairing,13,-1.0911569503988843,0.0023160752661293992,0.0020198817747753947,0.010413888319624108,0.9375001402112989
1.2,-0.4,pairing,14,-1.091156963226032,0.0024783418170107084,0.002014474462571241,0.011304018762670617,0.9375004866140879
1.2,-0.4,pairing,15,-1.0911569141913133,0.002655596535985731,0.0020082778414128796,0.012282532162791402,0.9375046267496564
1.2,-0.4,pairing,16,-1.091156993567781,0.0028498644462604653,0.0020010053390852054,0.01338327480762502,0.9374955039466654
1.2,-0.4,pairing,17,-1.0911568204433133,0.003064157719134148,0.0019922168011016874,0.014665784739706035,0.9375000947026652
1.2,-0.4,pairing,18,-1.0911567196050196,0.0033015823684795476,0.0019816931578625066,0.016129991030982043,0.9375022656126992
1.2,-0.4,pairing,19,-1.091156617822057,0.0035661946963098934,0.001968832977608706,0.017833373337494945,0.9375015567115197
1.2,-0.4,pairing,20,-1.0911564380394583,0.0038635860043551252,0.0019529226307735822,0.019864209053002527,0.9375034064096173
1.2,-0.4,pairing,21,-1.0911560702233736,0.004201342642161762,0.0019325961075141627,0.022337978957391938,0.9375033269417226
1.2,-0.4,pairing,22,-1.0911555681943113,0.0045876199871835565,0.0019067154218640732,0.025254819048476887,0.9375077897905475
1.2,-0.4,pairing,23,-1.091155140512021,0.005033419645740485,0.0018725897290872528,0.028787108976780454,0.9374999433595245
1.2,-0.4,pairing,24,-1.091154203447819,0.00555549167873819,0.001826253692202379,0.03324417760564971,0.9375000527594376
1.2,-0.4,pairing,25,-1.0911529880718833,0.006175908996880449,0.0017610952201292669,0.038896480618707596,0.9374999363156226
1.2,-0.4,pairing,26,-1.0911513186851522,0.006923862883413511,0.0016658911605859606,0.046104743299108714,0.9374997225244115
1.2,-0.4,pairing,27,-1.0911502686917094,0.007826229017861114,0.0015249951128522314,0.05457712201000121,0.9374999219586323
1.2,-0.4,pairing,28,-1.0911514342460333,0.008902494659684122,0.0013116440322091633,0.0638708468755741,0.9375010138316817
1.2,-0.4,pairing,29,-1.0911598983403454,0.010116970127774261,0.001004594976771277,0.07069900401014098,0.9375001464534116
1.2,-0.4,pairing,30,-1.0911851982398473,0.011312841907899994,0.0006390065954195251,0.06822801309424605,0.9375054268243226
1.2,-0.4,pairing,31,-1.0912309035856111,0.012276437247708829,0.00032872214308052376,0.053638573779031744,0.9375001974275284
1.2,-0.4,pairing,32,-1.091281290987284,0.01293161962800831,0.0001444925955980772,0.035654790429231704,0.9375077421617823
1.2,-0.4,pairing,33,-1.0913214876900172,0.013336134201411151,5.808114829491092e-05,0.022114210785028166,0.9375021110799349
1.2,-0.4,pairing,34,-1.0913479691903052,0.013577692036695108,2.226114350292165e-05,0.013889169247388925,0.9375003897460761
1.2,-0.4,pairing,35,-1.0913641620909413,0.01372214475171693,8.308875362209646e-06,0.009238722443458145,0.9375000589952935
1.2,-0.4,pairing,36,-1.0913739261259963,0.013810180494399788,3.057740596413571e-06,0.006588127914440972,0.9375000060946702
1.2,-0.4,pairing,37,-1.0913796571911856,0.01386610986344905,1.1120929404309756e-06,0.005114759151947669,0.9374999975280459
1.2,-0.4,pairing,38,-1.0913831778921066,0.013902914115327746,4.263703125538727e-07,0.004163241788779069,0.9374999985412384
1.2,-0.4,pairing,39,-1.0913853581422468,0.0139280329829842,1.7146994983421e-07,0.003503087852080228,0.9374999990469073
1.2,-0.4,pairing,40,-1.091386727865563,0.013946063646177644,7.827717111074999e-08,0.0030079788612769965,0.9374999977875007
1.2,-0.2,stripe,1,-0.8385032045205524,0.020208911366330386,3.3665528691472366e-05,0.14596289680652963,0.9375030867545965
1.2,-0.2,stripe,2,-0.8383921389847934,0.01916254856571208,7.060733312027384e-06,0.04720068324458096,0.937500123287223
1.2,-0.2,stripe,3,-0.8382431305960031,0.01874104326675353,1.5894604783788986e-06,0.021027874866949726,0.9375000049125323
1.2,-0.2,stripe,4,-0.8381870023312482,0.01856271868347954,3.6629434882023714e-07,0.010104103806356473,0.9374999995407867
1.2,-0.2,stripe,5,-0.8381625865971047,0.018486026585066456,8.728820792081133e-08,0.005446953487237613,0.937499998036578
1.2,-0.2,stripe,6,-0.8381516464578741,0.01845351867919716,2.0699025941837752e-08,0.0035878462246613585,0.9374999962843059
1.2,-0.2,stripe,7,-0.8381466269815804,0.018440523856019398,5.057661469341279e-09,0.0029119170786598885,0.9374999984113283
1.2,-0.2,stripe,8,-0.8381442398352866,0.018436437885311602,1.275005879515108e-09,0.0026519729671986864,0.937499999802676
1.2,-0.2,stripe,9,-0.8381431448434004,0.018436269155472192,2.564714483459009e-10,0.002509310262290452,0.9374999990984658
1.2,-0.2,stripe,10,-0.8381426498350715,0.018437813546572906,3.45100866099801e-08,0.0023945264064909456,0.9374999976805446
1.2,-0.2,stripe,11,-0.8381424990824369,0.01843995187748472,1.0690675697569403e-08,0.0022950994787238736,0.9374999968346649
1.2,-0.2,stripe,12,-0.8381424258976913,0.018442338384441728,2.308719045790731e-09,0.002240936447932881,0.9374999993929028
1.2,-0.2,stripe,13,-0.838142399022214,0.018444727390669154,4.92091015436504e-10,0.002159224904796897,0.937499999176419
1.2,-0.2,stripe,14,-0.8381424645751541,0.018447223354806364,1.145603147909841e-09,0.0020940473699754764,0.9374999999972458
1.2,-0.2,stripe,15,-0.8381424927486616,0.018449669352780747,2.837983308044604e-10,0.002026635886404784,0.937499999975051
1.2,-0.2,stripe,16,-0.8381424472349737,0.018452087525157694,5.13962677393054e-10,0.00197088554744855,0.9374999990313483
1.2,-0.2,stripe,17,-0.838142477532413,0.018454448758405555,1.7761935747248261e-09,0.0019147195610024169,0.9374999974949252
1.2,-0.2,stripe,18,-0.8381424667435898,0.01845681576972932,1.5815277840548115e-09,0.0018694859487882955,0.9374999987840485
1.2,-0.2,stripe,19,-0.8381425207566141,0.01845885881833861,1.3027226878139172e-09,0.0018034184997307522,0.9374999985101344
1.2,-0.2,stripe,20,-0.8381425522312621,0.018460829994663135,2.949427066903167e-10,0.0017331243585331502,0.9374999992646049
1.2,-0.2,stripe,21,-0.8381425939903122,0.018462712103662467,2.440659531441775e-10,0.0016783549288360206,0.937499998905449
1.2,-0.2,stripe,22,-0.8381426510640628,0.01846453901264028,1.0422876118374168e-10,0.0016540536609959621,0.9374999983210833
1.2,-0.2,stripe,23,-0.8381426359388776,0.018466366692603087,8.397258601533085e-10,0.001627930663652706,0.9374999960123285
1.2,-0.2,stripe,24,-0.8381427092224284,0.018468052697983905,3.0642120041142983e-09,0.0015740444189894258,0.9374999933871595
1.2,-0.2,stripe,25,-0.8381427183396586,0.018469630376382516,6.388615402241913e-10,0.0015409743081364208,0.9374999970786918
1.2,-0.2,stripe,26,-0.8381427286337909,0.018471163713633026,1.0871517310521665e-09,0.0015359080582037403,0.9374999959016908
1.2,-0.2,stripe,27,-0.8381427733094888,0.018472634408838506,2.0007569820180703e-09,0.0015130594058689521,0.9374999973921269
1.2,-0.2,stripe,28,-0.8381427940721758,0.018474032351499973,3.2297626181520297e-10,0.0014526407952838254,0.9374999985292268
1.2,-0.2,stripe,29,-0.8381428618604057,0.018475265749064343,1.8356987621543057e-09,0.0014766378235061192,0.9374999947890897
1.2,-0.2,stripe,30,-0.8381428544477225,0.01847643501898851,4.0555626355574725e-10,0.0014651818969646279,0.9374999959070882
1.2,-0.2,stripe,31,-0.8381429115210942,0.0184775016367284,7.537391429335874e-11,0.001424380232239087,0.9374999976040911
1.2,-0.2,stripe,32,-0.8381429425225393,0.018478558799528526,2.241502395264861e-09,0.0014002383294288104,0.9374999983547156
1.2,-0.2,stripe,33,-0.8381429753619374,0.018479577489947017,7.426552352960047e-10,0.0013591306382142526,0.9374999985974446
1.2,-0.2,stripe,34,-0.8381429865876981,0.01848054918963952,1.178533998807006e-09,0.0013238859771111233,0.9374999983308505
1.2,-0.2,stripe,35,-0.8381430227985754,0.018481523767670125,5.937313490553799e-09,0.001324043159602307,0.9374999981417619
1.2,-0.2,stripe,36,-0.8381430307011148,0.0184825871379418,1.2230974020101445e-09,0.0013048520793292931,0.9374999954601092
1.2,-0.2,stripe,37,-0.8381429787078024,0.01848373645266648,1.4576983570037181e-09,0.0012895709983618913,0.9374999981548995
1.2,-0.2,stripe,38,-0.838143029026783,0.01848470618601389,3.903438105541079e-10,0.0012605810725361166,0.9374999987824414
1.2,-0.2,stripe,39,-0.8381430607717303,0.01848556696662396,1.4163022150698047e-10,0.0012213632605153355,0.9374999987170046
1.2,-0.2,stripe,40,-0.838143076308648,0.018486370375114376,8.333602838920723e-11,0.0012003742971298265,0.9374999984688892
1.2,-0.2,pairing,1,-0.8379676662042035,0.0015700784002492208,0.002247473196760442,0.23191132789943658,0.9374938410038385
1.2,-0.2,pairing,2,-0.8373346142365404,0.002041191353576822,0.0021896473848115197,0.0309850188694604,0.9374991920479807
1.2,-0.2,pairing,3,-0.8373457371558005,0.002677473925087041,0.0021650773351017997,0.04029865449145566,0.9375008338525012
1.2,-0.2,pairing,4,-0.8373460063943192,0.003546027462693897,0.0021304657338019083,0.05395440008667933,0.9375001474823212
1.2,-0.2,pairing,5,-0.8373477467285189,0.0047498395435179985,0.0020652764282951433,0.07234886407591243,0.9374997777799648
1.2,-0.2,pairing,6,-0.8373511659235686,0.006453673087476912,0.001931546991337551,0.09703154069893427,0.9374980151104589
1.2,-0.2,pairing,7,-0.8373625937211414,0.00886527994248085,0.0016398664201773337,0.12718138188707473,0.9374972870804662
1.2,-0.2,pairing,8,-0.8374102612494265,0.011945154693118508,0.0010688508206656317,0.14906525847824392,0.93750019819738
1.2,-0.2,pairing,9,-0.8375579879350161,0.014806850619496069,0.00043161208234141147,0.12863692463085302,0.9375037951134019
1.2,-0.2,pairing,10,-0.8377755835849432,0.016652975176893788,0.00011987362015372099,0.07860012973575164,0.93749057703432
1.2,-0.2,pairing,11,-0.8379478303977157,0.017615795944037112,2.658079294041808e-05,0.040451794901178395,0.9374998723798089
1.2,-0.2,pairing,12,-0.8380476715608348,0.01807166988510826,5.375816183120671e-06,0.019579514827603593,0.937500000110786
1.2,-0.2,pairing,13,-0.8380979380871978,0.018280154547499743,1.047738388199154e-06,0.009410886035803296,0.9374999974044887
1.2,-0.2,pairing,14,-0.83812196207843,0.018375000933950437,2.0102733482552748e-07,0.004700971334791187,0.9374999980461813
1.2,-0.2,pairing,15,-0.8381332566546469,0.018418989600179625,3.893940804207732e-08,0.0026529980700021566,0.9374999986707256
1.2,-0.2,pairing,16,-0.8381385367286989,0.018440032262564472,8.304983513088914e-09,0.0018441724552532507,0.9374999969600967
1.2,-0.2,pairing,17,-0.8381409660518033,0.018450889580388898,1.8520039859941945e-09,0.0015519563561468169,0.9374999979507209
1.2,-0.2,pairing,18,-0.8381421297696658,0.018457033327694092,1.0315833356532607e-09,0.001420790004048464,0.9374999971232489
1.2,-0.2,pairing,19,-0.8381426952977183,0.01846095583233648,7.540083886857167e-10,0.0013289900854785357,0.9374999972667376
1.2,-0.2,pairing,20,-0.8381429323256285,0.018463883167661014,1.763256882361586e-10,0.001266120598084769,0.9374999969727617
1.2,-0.2,pairing,21,-0.8381431362525246,0.018466167377612152,6.5716378073531e-11,0.0011995419521561035,0.9374999951722965
1.2,-0.2,pairing,22,-0.8381431868577066,0.018468147902711597,9.267738719231747e-10,0.0011513258817372456,0.9374999936623759
1.2,-0.2,pairing,23,-0.838143252325628,0.018469965109985054,2.127411361435665e-09,0.0011088518906379454,0.937499994966331
1.2,-0.2,pairing,24,-0.8381432591889809,0.018471646633162624,3.2001648828782768e-09,0.0010501928402252407,0.9374999930064694
1.2,-0.2,pairing,25,-0.8381432669152523,0.018473258775091587,5.121007314076452e-09,0.0010106719061465398,0.9374999938941737
1.2,-0.2,pairing,26,-0.8381432872253655,0.018474670443340384,6.13300575008985e-09,0.0009552048900183106,0.9374999947986187
1.2,-0.2,pairing,27,-0.8381432789097409,0.01847610660981134,9.765122331166478e-10,0.0009228474264058555,0.9374999972758935
1.2,-0.2,pairing,28,-0.838143250990769,0.018477566227462758,1.928506147942656e-09,0.0009213931622596714,0.9374999988762269
1.2,-0.2,pairing,29,-0.8381433062716228,0.018478874988683093,6.844257133846658e-10,0.0008904688956732746,0.9374999995498293
1.2,-0.2,pairing,30,-0.8381433192075187,0.018480103229093728,6.059222943163039e-10,0.0008532941834529872,0.9374999981855625
1.2,-0.2,pairing,31,-0.8381433234071508,0.01848120940912372,5.469451439291332e-10,0.0008371852981303998,0.9374999956188774
1.2,-0.2,pairing,32,-0.8381433417689019,0.0184821713688576,1.0975847994946547e-08,0.0008103313977279923,0.9374999972542378
1.2,-0.2,pairing,33,-0.8381433420268745,0.01848314720177346,4.2735392541184945e-09,0.000784737629638883,0.9374999983314596
1.2,-0.2,pairing,34,-0.8381433852171336,0.018484104535310103,1.7666683694470734e-09,0.0007563277859831231,0.9374999978203266
1.2,-0.2,pairing,35,-0.8381433832526056,0.018484898462946233,4.297377911998852e-09,0.0007480894995744061,0.9374999986038376
1.2,-0.2,pairing,36,-0.8381433792552171,0.01848571962191708,5.540728186340221e-09,0.0007206055509859216,0.9374999986940075
1.2,-0.2,pairing,37,-0.8381433573815209,0.018486569881038736,4.482653152662755e-09,0.0007158719693903237,0.9374999989465433
1.2,-0.2,pairing,38,-0.8381433463902717,0.018487409536448462,1.3117214887114746e-09,0.0006901248601960612,0.937499998753631
1.2,-0.2,pairing,39,-0.8381433870562399,0.018488066121924485,3.5767921999970003e-10,0.0006775640310497142,0.9374999989004678
1.2,-0.2,pairing,40,-0.8381433749590234,0.01848870343723002,5.717945115525981e-10,0.0006499129884111633,0.9374999990635164
1.2,0.0,stripe,1,-0.5858550376599837,0.025420835645439416,3.0178732171866746e-05,0.11629153225403076,0.9375017169726754
1.2,0.0,stripe,2,-0.5858053057544998,0.02472166475195629,4.5533245195819495e-06,0.027252173843838445,0.937500035889607
1.2,0.0,stripe,3,-0.5856749114820501,0.024477617999133526,7.241654845415565e-07,0.01040679254307049,0.9374999964157613
1.2,0.0,stripe,4,-0.5856323168303893,0.024388621922751628,1.16784646591222e-07,0.004270920503803526,0.9374999953953227
1.2,0.0,stripe,5,-0.5856162298301092,0.024355296775800745,1.927150486072577e-08,0.0020525546611820066,0.9374999976505468
1.2,0.0,stripe,6,-0.5856100417875222,0.024342469987569466,3.116835809209138e-09,0.0013873804018040004,0.9374999959381887
1.2,0.0,stripe,7,-0.5856075486447653,0.0243374073168887,5.151797686945121e-10,0.0012347732860454094,0.937499996096826
1.2,0.0,stripe,8,-0.5856065695943321,0.02433521809076006,8.967250431052223e-11,0.0011965480883562982,0.9374999982782051
1.2,0.0,stripe,9,-0.5856062261193455,0.02433410714626102,2.6497541330995522e-11,0.0011694176476223994,0.9374999958470148
1.2,0.0,stripe,10,-0.5856061229699482,0.02433340744259959,1.2856855145934692e-11,0.001157875274606578,0.937499995267121
1.2,0.0,stripe,11,-0.5856060833592117,0.02433283954476193,1.6943071998047286e-11,0.0011434778176468714,0.9374999971096292
1.2,0.0,stripe,12,-0.5856060745657443,0.02433245038844347,1.1189410229337257e-11,0.0011333734225858975,0.9374999961797079
1.2,0.0,stripe,13,-0.585606097158051,0.024331973126966864,2.650823464144386e-11,0.0011188702853239187,0.9374999973839306
1.2,0.0,stripe,14,-0.5856060751562046,0.024331617744683606,2.4983081994121514e-11,0.0011038562976681834,0.9374999976286151
1.2,0.0,stripe,15,-0.5856061198766009,0.02433124657562872,8.753129317109276e-11,0.0011000554860175363,0.9374999961708346
1.2,0.0,stripe,16,-0.5856061772127096,0.02433080323235854,4.636197328831922e-11,0.0010869097141730196,0.9374999992743
1.2,0.0,stripe,17,-0.585606203317671,0.02433041354891139,2.789820529520124e-11,0.0010678166761930064,0.9374999984874467
1.2,0.0,stripe,18,-0.5856062311953508,0.02433006634617878,6.237215697124107e-10,0.0010497859032322305,0.9374999984607233
1.2,0.0,stripe,19,-0.5856061922378977,0.024329791473321496,5.073652966431172e-09,0.0010328461749793895,0.937499998609355
1.2,0.0,stripe,20,-0.585606242786253,0.024329499715403675,7.277106092460566e-10,0.001017188171755668,0.9374999988241712
1.2,0.0,stripe,21,-0.5856062652418823,0.024329212853515164,3.434263312266182e-10,0.001018187322260034,0.9374999991516422
1.2,0.0,stripe,22,-0.5856062793834128,0.02432889166329428,6.264454831644051e-10,0.0010127266920267324,0.9374999992140806
1.2,0.0,stripe,23,-0.5856064076232853,0.024328521047569704,4.957661543800521e-10,0.001011295100882707,0.9374999987383263
1.2,0.0,stripe,24,-0.5856063891375851,0.024328150940802293,9.686800688958509e-11,0.0010003547760020794,0.9374999987349198
1.2,0.0,stripe,25,-0.5856064684728958,0.02432778615153226,1.3867623190855647e-09,0.000990085975788664,0.9374999986950927
1.2,0.0,stripe,26,-0.5856064455392281,0.024327423895437343,1.8602721081713497e-09,0.0009778474103006036,0.9374999995590079
1.2,0.0,stripe,27,-0.5856064718893087,0.02432705542771185,1.916409406125907e-10,0.0009730888606339522,0.9374999999658356
1.2,0.0,stripe,28,-0.5856064158351528,0.02432677129315182,4.2446767154727866e-10,0.0009782473343311867,0.9374999996403862
1.2,0.0,stripe,29,-0.5856064363025913,0.02432644766680923,3.925555710637177e-09,0.000968584499261122,0.9374999976456874
1.2,0.0,stripe,30,-0.5856064450462705,0.02432615689275549,3.068910947950134e-10,0.0009699578661309938,0.9374999987523934
1.2,0.0,stripe,31,-0.5856064510701102,0.02432590716448171,5.394652234236148e-11,0.0009564041639670649,0.9374999998470462
1.2,0.0,stripe,32,-0.5856064960432931,0.024325660816659295,3.3491444436029104e-11,0.0009392984390159898,0.9374999980936142
1.2,0.0,stripe,33,-0.5856064999763911,0.024325406681026628,2.8224035534880994e-09,0.0009361522160917618,0.9374999986645737
1.2,0.0,stripe,34,-0.5856064853037343,0.024325189980851793,2.474009483001062e-10,0.0009281133102232603,0.9374999994007935
1.2,0.0,stripe,35,-0.5856065235422887,0.02432497692038292,5.769556419634914e-11,0.0009177191740500812,0.9374999998177693
1.2,0.0,stripe,36,-0.5856065382495228,0.024324750900988817,1.6506529750613286e-09,0.000901611429024702,0.9374999988030789
1.2,0.0,stripe,37,-0.5856065534970574,0.024324528165159568,2.851890522787052e-09,0.0008896875684086707,0.9374999978715969
1.2,0.0,stripe,38,-0.5856064853004361,0.024324309936344234,2.5575683596117636e-09,0.0009002413296392832,0.9374999982695151
1.2,0.0,stripe,39,-0.585606517316653,0.024324146744709035,3.186015211162348e-09,0.0008854733274692136,0.9374999979811384
1.2,0.0,stripe,40,-0.5856065229225206,0.024323977893608524,2.484853526975011e-09,0.0008684747784376177,0.9374999987184054
1.2,0.0,pairing,1,-0.584717830634838,0.0023371416655815743,0.0024834336968595125,0.24918721252791742,0.9375013741546329
1.2,0.0,pairing,2,-0.5838856974516139,0.0038382764033807453,0.00236232020419476,0.07725937884226018,0.9374968284894625
1.2,0.0,pairing,3,-0.5839094394159051,0.006469126686140603,0.0022020696925249754,0.12798463155199452,0.9374999770079429
1.2,0.0,pairing,4,-0.5839393848447564,0.011077596274656317,0.0016964709544667745,0.20073930497025191,0.9375032425890184
1.2,0.0,pairing,5,-0.5841381386885864,0.016961786728834506,0.000696502498405375,0.22211474032628614,0.9375021520093639
1.2,0.0,pairing,6,-0.584655526907888,0.021082393329054806,0.0001489692862620873,0.1413004020417665,0.937499911441409
1.2,0.0,pairing,7,-0.5851435132678788,0.023048253815567226,2.3994883746170764e-05,0.06629473007137936,0.9375003588590677
1.2,0.0,pairing,8,-0.5854123644733266,0.023840466171220234,3.5387101726917982e-06,0.027635310632384915,0.9375000047967246
1.2,0.0,pairing,9,-0.5855296606411144,0.024141215455267026,5.108893816491754e-07,0.011099186442421286,0.9374999973081455
1.2,0.0,pairing,10,-0.585576641655009,0.0242534776894471,7.522148417243179e-08,0.004467801723587948,0.9374999975117916
1.2,0.0,pairing,11,-0.585595064714018,0.024295229151502905,1.3648120067932647e-08,0.001915481151491564,0.9374999995503188
1.2,0.0,pairing,12,-0.5856020950952017,0.02431100174602668,2.3835735000562646e-09,0.0010362570509154197,0.9374999951371278
1.2,0.0,pairing,13,-0.5856048511412845,0.024317025681191463,1.3166708339149744e-09,0.0007870794861169406,0.9374999981332572
1.2,0.0,pairing,14,-0.5856059532556541,0.02431936382590061,1.1290258518223987e-09,0.0007365451270505874,0.9374999904778004
1.2,0.0,pairing,15,-0.5856063663403002,0.024320372011764135,8.003609335984883e-10,0.0007083103137876313,0.9374999929210108
1.2,0.0,pairing,16,-0.5856066114428439,0.024320793349775386,1.4190611200198465e-10,0.0007035859916401614,0.937499992041396
1.2,0.0,pairing,17,-0.5856066787650288,0.024321038910855037,2.100322293611575e-10,0.0006967193845532013,0.9374999970224162
1.2,0.0,pairing,18,-0.5856067179486619,0.02432114810972973,9.469634247908185e-10,0.000682972265927403,0.937499991769628
1.2,0.0,pairing,19,-0.5856067523626495,0.024321207885874118,4.2317343350659845e-10,0.0006730796174322867,0.9374999950243389
1.2,0.0,pairing,20,-0.5856067429225874,0.024321293691963012,1.396806874901645e-10,0.0006581356837189886,0.9374999981018758
1.2,0.0,pairing,21,-0.5856067519801847,0.024321389808885367,5.3867256256241596e-11,0.0006470141779745992,0.937499994187901
1.2,0.0,pairing,22,-0.585606751033864,0.024321432552171493,3.993636360405132e-11,0.0006360295886428014,0.9374999950661064
1.2,0.0,pairing,23,-0.5856067477175663,0.02432145342103017,3.1562937352054254e-11,0.0006345472287158847,0.9374999963457787
1.2,0.0,pairing,24,-0.5856067977841574,0.02432141312138163,2.5017458424835252e-11,0.0006240193925802295,0.9374999964081939
1.2,0.0,pairing,25,-0.5856067768653475,0.024321347100421,1.0312077785576704e-11,0.0006060166030927887,0.9375000001605125
1.2,0.0,pairing,26,-0.5856067541213935,0.0243214222040658,2.009815028674113e-11,0.0006062328873764947,0.9374999979372545
1.2,0.0,pairing,27,-0.5856067639941155,0.024321428977529723,4.7261759351650525e-11,0.0005972165350071003,0.9374999981198876
1.2,0.0,pairing,28,-0.5856067909274151,0.024321424670332333,9.280768480076795e-10,0.0005833953435445351,0.9374999955225319
1.2,0.0,pairing,29,-0.5856067644951186,0.024321426967581154,1.00989883682085e-09,0.0005862756324098657,0.9374999960409411
1.2,0.0,pairing,30,-0.585606795512386,0.024321393303293918,3.821282257125569e-10,0.0005810695333759319,0.9374999982329016
1.2,0.0,pairing,31,-0.5856067762748282,0.024321407522996046,1.7045579525800902e-09,0.0005732538291328063,0.937499997921504
1.2,0.0,pairing,32,-0.5856067904756397,0.02432144813176716,4.2711621933420763e-10,0.0005657976638453859,0.9374999968216624
1.2,0.0,pairing,33,-0.5856067836464773,0.02432143239312913,7.318670517710121e-10,0.0005554550617251517,0.9374999982698013
1.2,0.0,pairing,34,-0.5856068015934217,0.024321386663554486,1.059813461904397e-10,0.0005510085775985457,0.9375000004776057
1.2,0.0,pairing,35,-0.5856068185182202,0.02432129362479754,8.11046521648807e-11,0.0005555151224164005,0.9374999976787439
1.2,0.0,pairing,36,-0.585606801389118,0.02432126132291394,1.4686178802309376e-09,0.0005583659900481021,0.9374999974166343
1.2,0.0,pairing,37,-0.5856068065607238,0.024321216897656442,1.294279089934066e-09,0.0005550093233995299,0.9374999972491839
1.2,0.0,pairing,38,-0.5856067958519098,0.024321147544790304,1.7398295045951068e-10,0.000556193629791239,0.9374999983723167
1.2,0.0,pairing,39,-0.5856068090210661,0.024321070538924204,4.769342557194276e-09,0.0005449931137131835,0.9374999979225489
1.2,0.0,pairing,40,-0.5856067865442594,0.02432104821921308,2.044043673940924e-09,0.0005409394395986402,0.9374999988365077
1.4,-0.2,stripe,1,-0.9137735604563519,0.016978374329260967,8.898318321002255e-05,0.3297515495425921,0.9375032917063567
1.4,-0.2,stripe,2,-0.9140645423059243,0.013411079956275112,0.00010274931119860175,0.1705772024808792,0.9374911720817213
1.4,-0.2,stripe,3,-0.9139635628641262,0.011080426249558932,0.00018138803827628678,0.12553862195913915,0.9375053977574248
1.4,-0.2,stripe,4,-0.9139435366690346,0.009336087289855403,0.0005412633152278714,0.10308101566390902,0.937497325855869
1.4,-0.2,stripe,5,-0.9139610166456147,0.007646820317234562,0.0017827222388182296,0.12349780653795799,0.9374976940504479
1.4,-0.2,stripe,6,-0.9140330235588189,0.005829787752876097,0.00277091281889926,0.12915915355984015,0.9374998821903643
1.4,-0.2,stripe,7,-0.9140888848675567,0.004338833276812013,0.0030876036754379174,0.09551027508784309,0.9374998503771013
1.4,-0.2,stripe,8,-0.9141081441155355,0.00320364521038854,0.0031828628625183504,0.07302081462032418,0.9375001577513865
1.4,-0.2,stripe,9,-0.9141138973657139,0.0023611595366398413,0.0032166090626330615,0.05535545948937911,0.9375082942940052
1.4,-0.2,stripe,10,-0.9141160070273485,0.0017404987625241394,0.0032312273181485376,0.0416625192697721,0.9375040224568595
1.4,-0.2,stripe,11,-0.9141168913767369,0.001284435453377174,0.0032383128733298786,0.031235645839115495,0.9375010939507158
1.4,-0.2,stripe,12,-0.9141173192426325,0.0009494025083483652,0.003241992399585341,0.023402446491192545,0.9375000071181325
1.4,-0.2,stripe,13,-0.9141175484496303,0.0007030456685962606,0.0032439662738811613,0.01755294334015659,0.9375000471555246
1.4,-0.2,stripe,14,-0.9141176798193434,0.0005216619109682418,0.0032450380583244408,0.013188996577478247,0.9374999516792933
1.4,-0.2,stripe,15,-0.9141177507533654,0.0003878801237627501,0.0032456383529365068,0.009933533431987503,0.9374998892972176
1.4,-0.2,stripe,16,-0.9141177922846981,0.0002890535360191893,0.003245970022727194,0.007498545716566657,0.9375000938297711
1.4,-0.2,stripe,17,-0.9141178632985921,0.00021584817640403505,0.003246144860046093,0.005676909151298316,0.9374938444744022
1.4,-0.2,stripe,18,-0.914117850344773,0.00016152351625317612,0.003246246660356751,0.004307503897807095,0.9374912663452207
1.4,-0.2,stripe,19,-0.9141177907030693,0.00012115311490238612,0.0032462799137631705,0.0032750479985464817,0.937499701804099
1.4,-0.2,stripe,20,-0.9141178488091791,9.104851934075683e-05,0.0032463618527516706,0.0024966536559869056,0.9374977795014569
1.4,-0.2,stripe,21,-0.9141178499306559,6.856473462979114e-05,0.0032463780134424827,0.0019065988700430556,0.937497309556195
1.4,-0.2,stripe,22,-0.9141178472710914,5.1738850073129305e-05,0.0032463825580501455,0.0014585959633949958,0.937496906605925
1.4,-0.2,stripe,23,-0.9141178466884958,3.91136493454683e-05,0.0032463861510144353,0.0011180634385760098,0.937496756792674
1.4,-0.2,stripe,24,-0.9141178434086691,2.9624136754921606e-05,0.003246395453555637,0.0008582048824680494,0.9374967413430272
1.4,-0.2,stripe,25,-0.91411784838827,2.2475400449110453e-05,0.0032463905635840683,0.0006594454778515859,0.9374965457742859
1.4,-0.2,stripe,26,-0.9141178490230384,1.7083946456787447e-05,0.0032463837146092123,0.0005073967819353285,0.9374964746375307
1.4,-0.2,stripe,27,-0.9141178478628069,1.3007695828036924e-05,0.0032463836781246222,0.00039089561748194865,0.9374964832356153
1.4,-0.2,stripe,28,-0.9141178481404968,9.91864238693159e-06,0.0032463837071955506,0.0003014434995787772,0.9374964611081695
1.4,-0.2,stripe,29,-0.9141178480924843,7.574430741173066e-06,0.003246383772819591,0.00023264130917528985,0.9374964507969086
1.4,-0.2,stripe,30,-0.9141178479666884,5.792630538731144e-06,0.0032463848911244778,0.00017965669408589102,0.9374964630718046
1.4,-0.2,stripe,31,-0.9141178460218734,4.435575656220797e-06,0.003246391467744669,0.00013891714785228511,0.937496491563277
1.4,-0.2,stripe,32,-0.9141178471352928,3.4014519988828714e-06,0.0032463917477563342,0.00010740733620003404,0.9374964566291059
1.4,-0.2,stripe,33,-0.9141178466821489,2.6124346464073486e-06,0.0032463925870832746,8.309813865748206e-05,0.9374964876612109
1.4,-0.2,stripe,34,-0.9141178473018721,2.0093074073792245e-06,0.003246391815180219,6.43326060458166e-05,0.9374964385590749
1.4,-0.2,stripe,35,-0.9141178467332072,1.5485934278113374e-06,0.003246392205540971,4.980192393668636e-05,0.9374964654833359
1.4,-0.2,stripe,36,-0.9141178471077457,1.1956990600027692e-06,0.003246391648768543,3.8572969732037e-05,0.9374964489764112
1.4,-0.2,stripe,37,-0.9141178467247256,9.256762055497264e-07,0.0032463922366751195,2.9881472063211398e-05,0.9374964740049354
1.4,-0.2,stripe,38,-0.914117847241779,7.18656477921949e-07,0.003246391283025873,2.3189691942344626e-05,0.9374964506884134
1.4,-0.2,stripe,39,-0.9141178466977486,5.617698442569331e-07,0.0032463922850687397,1.7955686547964475e-05,0.937496469896458
1.4,-0.2,stripe,40,-0.9141178469611447,4.42066025311702e-07,0.0032463924897438677,1.3920944768362312e-05,0.937496466001506
1.4,-0.2,pairing,1,-0.9140998969745775,0.0009290734987729357,0.0032468526294798326,0.04890893345806989,0.9374971883141986
1.4,-0.2,pairing,2,-0.914118648329109,0.000681851002196059,0.003244863758065032,0.01730073077113948,0.9375002365612963
1.4,-0.2,pairing,3,-0.9141177872037123,0.0005019567253878853,0.0032454542808291755,0.012486781845996494,0.9375001543444541
1.4,-0.2,pairing,4,-0.9141177698878751,0.0003706260032237816,0.0032457785454483713,0.009277552290234126,0.9375004346833362
1.4,-0.2,pairing,5,-0.9141178562774179,0.0002743247431607455,0.0032460460369523867,0.006941972973894721,0.937493000872452
1.4,-0.2,pairing,6,-0.9141177814902703,0.0002035459029608088,0.003246193568547604,0.005210625818330796,0.9374998908002848
1.4,-0.2,pairing,7,-0.9141178662730799,0.00015137991183258474,0.0032462777205871183,0.003924256159790706,0.9374959115137426
1.4,-0.2,pairing,8,-0.9141178388155283,0.00011284440858951631,0.003246341619129166,0.0029634822969464153,0.9374952408737159
1.4,-0.2,pairing,9,-0.9141178528042511,8.431061862229648e-05,0.003246361213397585,0.0022440260748065326,0.9374942158692879
1.4,-0.2,pairing,10,-0.914117848364653,6.313366566204172e-05,0.003246381016408423,0.0017034644550540106,0.9374939214222952
1.4,-0.2,pairing,11,-0.9141178477556428,4.738508093746387e-05,0.0032463978366165805,0.0012958800266086566,0.9374936583234376
1.4,-0.2,pairing,12,-0.9141178504388933,3.563930838533646e-05,0.003246397715259526,0.0009882210127506537,0.937493483778437
1.4,-0.2,pairing,13,-0.9141178486238305,2.6865633614072296e-05,0.0032463989859490405,0.0007546703570571632,0.9374932768958072
1.4,-0.2,pairing,14,-0.9141178466145915,2.0292908061778957e-05,0.0032464053493915395,0.0005778181897434023,0.9374934128149411
1.4,-0.2,pairing,15,-0.9141178483969596,1.5355290235955337e-05,0.003246396179406937,0.0004432895948522098,0.9374932064511272
1.4,-0.2,pairing,16,-0.914117845859913,1.1640911460851008e-05,0.0032463930268499613,0.00034049367953873635,0.9374932682236178
1.4,-0.2,pairing,17,-0.9141178431732098,8.841883531950161e-06,0.0032463990463974237,0.000261923227665737,0.9374933552850129
1.4,-0.2,pairing,18,-0.9141178448443985,6.728639565153967e-06,0.003246398659781462,0.00020173065996485307,0.9374933200521424
1.4,-0.2,pairing,19,-0.9141178446618792,5.1297922804190394e-06,0.003246398260260749,0.00015543914039218038,0.9374933177666062
1.4,-0.2,pairing,20,-0.9141178447324051,3.916419451216863e-06,0.003246397907138158,0.0001199236335087721,0.9374933152517511
1.4,-0.2,pairing,21,-0.914117844860139,2.994508054731657e-06,0.0032463972518610106,9.258514068610085e-05,0.9374932940441205
1.4,-0.2,pairing,22,-0.9141178445989976,2.292686888207181e-06,0.0032463973432001834,7.153987755894297e-05,0.9374933154777867
1.4,-0.2,pairing,23,-0.914117844749597,1.7579319829060774e-06,0.003246397520167097,5.530637024724961e-05,0.9374933037872071
1.4,-0.2,pairing,24,-0.914117844702116,1.3501999698456065e-06,0.003246397605670396,4.2774800356312726e-05,0.937493303801727
1.4,-0.2,pairing,25,-0.9141178446314654,1.039154356807266e-06,0.003246397860468431,3.309437999761385e-05,0.9374933129559282
1.4,-0.2,pairing,26,-0.9141178447306858,8.018909361890623e-07,0.0032463976970958795,2.5618035828913818e-05,0.9374933070427403
1.4,-0.2,pairing,27,-0.914117844662281,6.209962088378424e-07,0.003246397951802305,1.9838436485428275e-05,0.9374933117267439
1.4,-0.2,pairing,28,-0.9141178448554779,4.833537729703927e-07,0.0032463974453494,1.5368718220597364e-05,0.9374932890487526
1.4,-0.2,pairing,29,-0.9141178444672011,3.7901476164466684e-07,0.0032463979610972637,1.1910959133729834e-05,0.9374933181963552
1.4,-0.2,pairing,30,-0.9141178447218563,3.010419813938876e-07,0.0032463980511404896,9.238111379064744e-06,0.9374933154963458
1.4,-0.2,pairing,31,-0.9141178448337764,2.431635151470417e-07,0.0032463978959656574,7.159535969629027e-06,0.9374932915190035
1.4,-0.2,pairing,32,-0.9141178446647186,2.0108073019993223e-07,0.003246397886669579,5.545357650945764e-06,0.9374932959049632
1.4,-0.2,pairing,33,-0.9141178445816723,1.7081772727531274e-07,0.0032463981794788204,4.3109123076108695e-06,0.9374933128117046
1.4,-0.2,pairing,34,-0.9141178448428788,1.498075289998921e-07,0.003246397857938078,3.3491391576286694e-06,0.9374932913935203
1.4,-0.2,pairing,35,-0.9141178446718646,1.3547913728938805e-07,0.0032463978522654082,2.603344827370132e-06,0.9374932939906315
1.4,-0.2,pairing,36,-0.9141178446370373,1.260605216906026e-07,0.003246398120783859,2.0266051499621813e-06,0.9374932999296121
1.4,-0.2,pairing,37,-0.9141178446390279,1.197359203123774e-07,0.003246398298064237,1.5893345359672409e-06,0.9374933049443159
1.4,-0.2,pairing,38,-0.9141178446910366,1.1564914845314565e-07,0.0032463983459811736,1.2415871559637107e-06,0.9374933034395942
1.4,-0.2,pairing,39,-0.9141178445392508,1.1276209196518854e-07,0.003246398847088068,1.0172103953107231e-06,0.9374933237943471
1.4,-0.2,pairing,40,-0.9141178448375991,1.1237922062930181e-07,0.0032463989362885707,1.1918832504879124e-06,0.9374933063974847
