t0,V,family,job_id,iteration,energy_per_site,spin_rms,pair_rms,central_spin_rms,charge_std,density,global_relative_residual
1.4,-0.05,stripe,58387972,1,-0.7242825551128232,0.20074105707779946,0.0008450499285733667,0.2123944079459692,0.05811563595306834,0.9375093237062813,0.2807349104648261
1.4,-0.05,stripe,58387972,2,-0.724564269185366,0.17999249464876158,0.00043466639826246506,0.1911567901036583,0.051103555211847375,0.9375017530627879,0.09313879844565913
1.4,-0.05,stripe,58387972,3,-0.7243449110576453,0.16825198086686616,0.0002617844649912548,0.17937807194472646,0.048356736038276726,0.9375003648297418,0.05593656955295208
1.4,-0.05,stripe,58387972,4,-0.7242657094662913,0.16087598303443182,0.000178957441903875,0.17209440845972837,0.04641368238533532,0.9375000796268763,0.03727807890987218
1.4,-0.05,stripe,58387972,5,-0.724219570590011,0.15597509395356196,0.0001342555816551766,0.16731860267761045,0.04514464056740443,0.937500010455208,0.026027685025320615
1.4,-0.05,stripe,58387972,6,-0.7241916688718876,0.1526018699218643,0.00010810781928467557,0.16407070346749966,0.04427394772205956,0.9374999917435386,0.018831777686889765
1.4,-0.05,stripe,58387972,7,-0.7241734379980977,0.15022954294842034,9.163520913974284e-05,0.1618104122253075,0.043669056431116925,0.937499986651991,0.014001693019796452
1.4,-0.05,stripe,58387972,8,-0.7241610903289637,0.1485355272118555,8.072226929876894e-05,0.16021083951936751,0.043241089173679824,0.9374999851068857,0.010690793206434316
1.4,-0.05,stripe,58387972,9,-0.7241524517411054,0.14731389340226853,7.3199667172767e-05,0.1590664043421409,0.04293622789002019,0.9374999856446667,0.00838224366994171
1.4,-0.05,stripe,58387972,10,-0.7241462630482449,0.1464307996263436,6.765274060652135e-05,0.15824384428188756,0.04272113844419397,0.9374999861887575,0.006741873174579339
1.4,-0.05,stripe,58387972,11,-0.7241417960956524,0.1457901302400252,6.363153327003227e-05,0.157650070304916,0.04256777451832722,0.9374999867404993,0.005571061321073286
1.4,-0.05,stripe,58387972,12,-0.7241385051571829,0.14532592736764077,6.054998853389804e-05,0.15722011317160245,0.04245946654267802,0.9374999872155195,0.004727478844734088
1.4,-0.05,stripe,58387972,13,-0.7241360603511697,0.14499190294963596,5.8228502173781086e-05,0.1569107887115526,0.04238500204767545,0.9374999876118616,0.004099916150808477
1.4,-0.05,stripe,58387972,14,-0.7241341971288401,0.14475440407835136,5.643930985778258e-05,0.15668870849742744,0.04233587124395511,0.9374999879028258,0.003636798936336181
1.4,-0.05,stripe,58387972,15,-0.7241328558449129,0.14458736308547881,5.489891104047655e-05,0.15652878098212863,0.04230345239378308,0.9374999856207898,0.003324835850122324
1.4,-0.05,stripe,58387972,16,-0.7241318205710683,0.14447283306204375,5.371448499872546e-05,0.1564165966179922,0.04228465937985059,0.9374999865816076,0.00302078485035264
1.4,-0.05,stripe,58387972,17,-0.7241310193209795,0.14439773065920522,5.255844241693543e-05,0.15633785053166882,0.04227641735017343,0.9374999891017421,0.00283549017948932
1.4,-0.05,stripe,58387972,18,-0.7241304089129544,0.14435266111864695,5.165493951909968e-05,0.15628551365448987,0.04227590564841034,0.9374999889288632,0.002659749460527807
1.4,-0.05,stripe,58387972,19,-0.7241300082782731,0.14432577002412614,5.0831939905382984e-05,0.1562488894689789,0.042276352018702716,0.9374999894017847,0.002489400909034092
1.4,-0.05,stripe,58387972,20,-0.7241296643758697,0.14431495238011258,5.002851460283824e-05,0.15622589869223555,0.04228277588929596,0.9374999897858496,0.00239984440095244
1.4,-0.05,stripe,58387972,21,-0.7241294076547514,0.144315189810715,4.925378988116464e-05,0.15621359828461645,0.042291285138019184,0.9374999898620785,0.0022588008004445896
1.4,-0.05,stripe,58387972,22,-0.7241292147900981,0.14432297324899213,4.856923800802194e-05,0.15620802716391669,0.04230056879179498,0.9374999899059199,0.0021482618344058784
1.4,-0.05,stripe,58387972,23,-0.7241290559084457,0.1443369960432273,4.796657073571104e-05,0.15620759069757614,0.042312604776046696,0.937499990202304,0.0020731344384599466
1.4,-0.05,stripe,58387972,24,-0.7241289498264444,0.14435438367316153,4.749218163744528e-05,0.1562109897507845,0.042323357718544584,0.937499990510785,0.0019704758288912045
1.4,-0.05,stripe,58387972,25,-0.7241288779439042,0.1443740207071811,4.725082645694899e-05,0.15621663159201124,0.04233546947751124,0.9374999905392009,0.0019215069659977706
1.4,-0.05,stripe,58387972,26,-0.7241288313331464,0.14439350918632765,4.696614588257661e-05,0.15622306939023375,0.04234492395770582,0.9374999903099291,0.001840994419302259
1.4,-0.05,stripe,58387972,27,-0.7241288106712841,0.1444127181238605,4.652748938259669e-05,0.15622914959442644,0.04235474832659218,0.9374999904997785,0.0017748038079890888
1.4,-0.05,stripe,58387972,28,-0.7241287460088434,0.14443359622651686,4.598537228706675e-05,0.1562384435599287,0.04236626596122573,0.9374999911130316,0.0017111192878757574
1.4,-0.05,stripe,58387972,29,-0.7241287179782813,0.14445401616121675,4.5445752578957644e-05,0.15624739970441395,0.04237623974946408,0.937499991365433,0.0016545346861298136
1.4,-0.05,stripe,58387972,30,-0.7241287281956584,0.14447326073449437,4.493405299510747e-05,0.15625549789677926,0.042384811596951226,0.9374999915485018,0.0015870687879151974
1.4,-0.05,stripe,58387972,31,-0.7241287324929531,0.1444918633120888,4.4459226292966335e-05,0.1562629561634493,0.04239329718093457,0.9374999916777416,0.0015524494138961626
1.4,-0.05,stripe,58387972,32,-0.7241287270887804,0.14450953857755441,4.398350541466924e-05,0.15626980061094775,0.04240149320226438,0.9374999918766594,0.001486557172762426
1.4,-0.05,stripe,58387972,33,-0.7241287465708325,0.14452699251693937,4.36603238917594e-05,0.1562764908269773,0.0424099969983536,0.9374999919572933,0.0014439281257271799
1.4,-0.05,stripe,58387972,34,-0.7241287481626981,0.14454278130310746,4.393810225203636e-05,0.15628237436432518,0.04241661141486356,0.937499991517457,0.0014058159703750077
1.4,-0.05,stripe,58387972,35,-0.7241287733138193,0.144557171294075,4.3766258791622633e-05,0.15628761028059815,0.042422819315920283,0.9374999913929996,0.0013626524840839372
1.4,-0.05,stripe,58387972,36,-0.7241287842250682,0.1445705595114563,4.337926629693705e-05,0.15629247655585163,0.04242910037327584,0.9374999919477031,0.0013230825346596197
1.4,-0.05,stripe,58387972,37,-0.724128846390405,0.14458119409286035,4.3094166308888405e-05,0.15629428276835566,0.04243270056731157,0.9374999919856425,0.0012929379640775648
1.4,-0.05,stripe,58387972,38,-0.7241288247512925,0.14459212093946158,4.266198364025599e-05,0.1562975943182223,0.04243860101464724,0.9374999921712558,0.0012542426245895763
1.4,-0.05,stripe,58387972,39,-0.7241288148595166,0.14460306100775014,4.2284617889996245e-05,0.15630155566368678,0.042443801362223615,0.9374999922148706,0.0012190856573891702
1.4,-0.05,stripe,58387972,40,-0.7241288518653546,0.14461177665363384,4.190543207048228e-05,0.1563039273887625,0.042446658316523674,0.9374999922354188,0.0011844270010931952
1.4,-0.05,stripe,58387972,41,-0.7241288730499449,0.14461866962604855,4.154671007496875e-05,0.15630484251743404,0.04244902087553189,0.9374999924174919,0.0011663477341389468
1.4,-0.05,stripe,58387972,42,-0.7241288907325186,0.14462496677970235,4.1347255434113994e-05,0.15630505346808016,0.04245149117311421,0.9374999918621474,0.001165425432484476
1.4,-0.05,stripe,58387972,43,-0.7241288906792218,0.14463136405945967,4.1232121001154315e-05,0.15630657638187503,0.042454863389031226,0.9374999924334663,0.0011319241804812284
1.4,-0.05,stripe,58387972,44,-0.7241289127688154,0.14463696617787536,4.1116236462836525e-05,0.15630743023316856,0.04245690026795154,0.9374999926847493,0.0011097328938822735
1.4,-0.05,stripe,58387972,45,-0.7241289039732222,0.1446427539852273,4.0936473522644505e-05,0.15630903775300817,0.04245990868491128,0.9374999924134744,0.0011001284494681597
1.4,-0.05,stripe,58387972,46,-0.7241289184237427,0.14464812179000258,4.061642034527849e-05,0.15630995759850722,0.04246252002199234,0.9374999928490985,0.0011082941638125541
1.4,-0.05,stripe,58387972,47,-0.7241289130571107,0.14465377717416752,4.019699946764186e-05,0.15631210924373315,0.0424652436828606,0.9374999930455057,0.001067997919035045
1.4,-0.05,stripe,58387972,48,-0.7241289614211743,0.14465680105594975,3.977867407137613e-05,0.1563124443841388,0.0424650915355994,0.9374999932659847,0.0010434027767745374
1.4,-0.05,stripe,58387972,49,-0.7241289693879885,0.14465980397252443,3.938699531936324e-05,0.15631281936809427,0.04246646632697739,0.9374999933467943,0.0010391741994761538
1.4,-0.05,stripe,58387972,50,-0.72412897897843,0.14466208066701386,3.915644898297394e-05,0.15631270905933004,0.04246689711206248,0.9374999932289726,0.0010146610624798655
1.4,-0.05,stripe,58387972,51,-0.7241289795461711,0.14466438239613785,3.894205467908804e-05,0.15631308470212774,0.04246791598140451,0.9374999930813778,0.0009976539190172384
1.4,-0.05,stripe,58387972,52,-0.724128938371161,0.14466826410275618,3.8601346070484476e-05,0.1563156750698791,0.04247060862934717,0.93749999346213,0.000989065100401489
1.4,-0.05,stripe,58387972,53,-0.7241289264798251,0.14467342647042494,3.850167702176278e-05,0.15631868003594154,0.0424733041158924,0.9374999930511757,0.0009916312629598572
1.4,-0.05,stripe,58387972,54,-0.7241289497211821,0.14467696199799226,3.823008855373331e-05,0.15632072383023496,0.042473823329623864,0.9374999933380016,0.000972435492985044
1.4,-0.05,stripe,58387972,55,-0.7241289516222601,0.14468044677622782,3.7923466299415905e-05,0.1563223074996599,0.042475254890855754,0.9374999938317146,0.0009522124139503137
1.4,-0.05,stripe,58387972,56,-0.7241289925977741,0.14468297335685731,3.761494661329685e-05,0.15632289572642566,0.042475686169403816,0.9374999940015215,0.0009362694966795003
1.4,-0.05,stripe,58387972,57,-0.7241289958441816,0.144685779178607,3.7476303266976275e-05,0.15632382071718814,0.04247719815685509,0.9374999937911197,0.0009029619075135449
1.4,-0.05,stripe,58387972,58,-0.7241289996317253,0.14468867484199532,3.708242407039982e-05,0.15632525993028587,0.04247862296081299,0.937499993978515,0.0009009416832914419
1.4,-0.05,stripe,58387972,59,-0.7241289949422233,0.14469182495624885,3.670084727150742e-05,0.15632727681745917,0.04248012444673943,0.9374999940274984,0.0008854065838309563
1.4,-0.05,stripe,58387972,60,-0.7241289865874826,0.1446948290335438,3.6662317733226816e-05,0.15632933181978717,0.0424816850647972,0.9374999940468917,0.0008902497615070218
1.4,-0.05,pairing,58387973,1,-0.7241774801724917,0.012143213328303941,0.03306079124657678,0.01266520094341395,0.0037247915328545537,0.9374999438256548,0.05395067327737871
1.4,-0.05,pairing,58387973,2,-0.7241903230111021,0.011298966169036194,0.032971730279439886,0.011606827372484403,0.00401892272781413,0.9374946949311221,0.008110277963975433
1.4,-0.05,pairing,58387973,3,-0.7241885319499854,0.010555995859416738,0.032967105040132005,0.010634459130364197,0.0038638979837464665,0.9375005210909513,0.005295313170227612
1.4,-0.05,pairing,58387973,4,-0.7241884364953171,0.009904448329094073,0.03296788557444776,0.009755350032061978,0.0038997203364596633,0.9375001708120875,0.004492336962494354
1.4,-0.05,pairing,58387973,5,-0.7241884858094517,0.00932787777851436,0.03297131410488836,0.008955696111892252,0.0038738458888986907,0.9374955193355663,0.004048856753673486
1.4,-0.05,pairing,58387973,6,-0.7241884013028399,0.00881928036101866,0.03297427052508678,0.008230981867146516,0.0038679572030860007,0.9374999782075134,0.0036585397092300455
1.4,-0.05,pairing,58387973,7,-0.7241885026601298,0.008370296052823072,0.03297684815110894,0.007573498437332839,0.003858991457048892,0.9374930643494199,0.0033204765265873026
1.4,-0.05,pairing,58387973,8,-0.7241883890257151,0.007975672057791575,0.03297933649975952,0.006978503721955281,0.003851098562134156,0.9375000762208485,0.00301082858343541
1.4,-0.05,pairing,58387973,9,-0.7241885082890982,0.0076290202933207854,0.03298110845337581,0.006440124636888482,0.003845920567350814,0.9374943717554194,0.0027325420413590387
1.4,-0.05,pairing,58387973,10,-0.7241884847513814,0.007325337126142244,0.0329825770115591,0.00595321707163255,0.00384078392043521,0.9374917385768277,0.0024805696083381144
1.4,-0.05,pairing,58387973,11,-0.7241883966927057,0.007060473109594461,0.03298423358575177,0.005514006291742309,0.0038348774523847403,0.9374999410744637,0.0022501049183950446
1.4,-0.05,pairing,58387973,12,-0.7241885088017593,0.00682864365030218,0.03298541371571546,0.005116321643090533,0.0038318849929089853,0.9374958305039841,0.002048174922116266
1.4,-0.05,pairing,58387973,13,-0.7241884886524911,0.006626753223535187,0.03298645142651485,0.00475703103452729,0.0038285997905867343,0.9374944099742419,0.0018613382680596627
1.4,-0.05,pairing,58387973,14,-0.7241885018042117,0.006451482619840521,0.03298715617765981,0.00443326591179708,0.003826073093136535,0.9374928947416233,0.0016893610957013567
1.4,-0.05,pairing,58387973,15,-0.7241884991756203,0.00629979222615585,0.032987732294556024,0.0041423084895761565,0.0038236725041510132,0.9374920933873359,0.0015311312146441824
1.4,-0.05,pairing,58387973,16,-0.7241885003580475,0.006168664386678225,0.032988277281048875,0.0038806113860067226,0.0038216138191331794,0.9374912473223225,0.0013892034557230588
1.4,-0.05,pairing,58387973,17,-0.7241884976328701,0.0060555452838582415,0.032988707689074186,0.0036453091128131458,0.003819601336665899,0.9374908217780293,0.001261549732484231
1.4,-0.05,pairing,58387973,18,-0.7241884997253414,0.0059580481780321095,0.03298912256134746,0.0034338852678157086,0.003818058190226995,0.9374903068251608,0.0011457250549929568
1.4,-0.05,pairing,58387973,19,-0.7241884129814266,0.005874728801752804,0.0329895701334279,0.003244711853010999,0.0038153060866275264,0.9375000422260076,0.0010394171936847214
1.4,-0.05,pairing,58387973,20,-0.7241885160013118,0.0058029180018781806,0.03298997754780262,0.0030745921698712353,0.00381468445647097,0.9374980004455506,0.0009458101962352493
1.4,-0.05,pairing,58387973,21,-0.7241884968696222,0.005741373098848823,0.03299026405037975,0.0029220480461379264,0.0038133546725710107,0.9374982340375495,0.0008603114734205376
1.4,-0.05,pairing,58387973,22,-0.7241885016201274,0.005688730456256447,0.032990485856543815,0.0027853819339343647,0.003812483376257926,0.9374980864344759,0.0007827947698046194
1.4,-0.05,pairing,58387973,23,-0.7241885008499195,0.005643825805188045,0.032990693609515974,0.0026630439415744446,0.0038116648574697395,0.9374980649773064,0.000712677959446593
1.4,-0.05,pairing,58387973,24,-0.7241885009571837,0.005605647280681972,0.03299087836872631,0.0025536057298513543,0.0038109571493154747,0.9374980929512419,0.0006493322827984822
1.4,-0.05,pairing,58387973,25,-0.7241884999415757,0.005573328994733018,0.032991005727657396,0.0024557936196053154,0.0038103889444287306,0.9374981756060751,0.000591927718391411
1.4,-0.05,pairing,58387973,26,-0.7241884998359331,0.005546111177659338,0.03299113833992191,0.0023684316793714426,0.0038098491889390737,0.9374982814830747,0.0005401392709083434
1.4,-0.05,pairing,58387973,27,-0.724188499823861,0.00552333361782856,0.03299125367050656,0.002290450131122646,0.0038094054647313243,0.9374984063050116,0.0004934210741322091
1.4,-0.05,pairing,58387973,28,-0.7241884997405966,0.005504432725188926,0.032991351933443054,0.0022208988693911283,0.003809017235204412,0.9374985609878798,0.00045120324028884466
1.4,-0.05,pairing,58387973,29,-0.7241884999391727,0.005488915744478628,0.03299143129849581,0.002158905610972987,0.0038087023587555593,0.9374987169741216,0.00041318441852233634
1.4,-0.05,pairing,58387973,30,-0.724188499826358,0.0054763584046782525,0.03299150053676398,0.0021036801461510723,0.0038084258302540958,0.9374989032030634,0.00037902769624886096
1.4,-0.05,pairing,58387973,31,-0.7241885013919773,0.005466393535716458,0.0329915759444921,0.0020545123219397362,0.0038081825441634173,0.9374990700546667,0.00034834809419315827
1.4,-0.05,pairing,58387973,32,-0.7241885009524364,0.005458707501274674,0.03299162830504939,0.002010772353043727,0.0038079919398261567,0.93749930515942,0.00032082671711712525
1.4,-0.05,pairing,58387973,33,-0.7241885014829397,0.005453021761341178,0.032991661626048045,0.0019718866142999533,0.0038078617731252488,0.9374995020114575,0.00029618571987341204
1.4,-0.05,pairing,58387973,34,-0.7241885013689987,0.005449099686228904,0.03299168771580052,0.0019373419162698067,0.0038077471513529504,0.9374997286960643,0.0002742406139854514
1.4,-0.05,pairing,58387973,35,-0.7241885014858107,0.005446733608273933,0.03299170584007435,0.0019066783455983281,0.0038076715934824193,0.9374999561168369,0.0002547243328834835
1.4,-0.05,pairing,58387973,36,-0.7241884946412387,0.005445629893245109,0.032991943759683735,0.0018794267402001716,0.003807658173830655,0.9375003487941586,0.00023776230361123476
1.4,-0.05,pairing,58387973,37,-0.7241885031103135,0.005445803513130751,0.03299179538190581,0.001855223799986761,0.0038074455805933477,0.9375004895837044,0.000222774576598484
1.4,-0.05,pairing,58387973,38,-0.7241885055312421,0.005447104425716597,0.03299164600749364,0.001833755050717072,0.0038074973562821674,0.937500773564669,0.0002095914097848316
1.4,-0.05,pairing,58387973,39,-0.724188504399536,0.005449360213229161,0.03299162104374723,0.0018147752862296017,0.0038075332110076793,0.9375009997183781,0.00019768253777140482
1.4,-0.05,pairing,58387973,40,-0.7241885039636973,0.0054524660403237075,0.0329916149575627,0.0017980318876820384,0.0038075635008851046,0.937501261714421,0.0001874228796169508
1.4,-0.05,pairing,58387973,41,-0.7241885041280584,0.0054563316846897025,0.03299160380619787,0.001783290827279655,0.003807617845525482,0.937501512040457,0.00017851112806404443
1.4,-0.05,pairing,58387973,42,-0.7241885041113859,0.005460877851273866,0.03299158898531235,0.0017703428063467173,0.0038076782432031413,0.9375017738011655,0.00017083738724944547
1.4,-0.05,pairing,58387973,43,-0.7241885041981418,0.005466034409422371,0.03299156958489808,0.0017590007408363815,0.0038077514712469033,0.9375020378858034,0.00016425921790822972
1.4,-0.05,pairing,58387973,44,-0.7241885045700586,0.005471736598438579,0.03299154085960848,0.0017490988623934866,0.0038078570454351105,0.9375022758812529,0.00015860257465604552
1.4,-0.05,pairing,58387973,45,-0.7241885046006732,0.005477929802165025,0.03299150845979011,0.00174048959033862,0.0038079630123180777,0.9375025249289247,0.0001538021434983151
1.4,-0.05,pairing,58387973,46,-0.7241885043203091,0.005484564646297576,0.03299148413126889,0.0017330411591837949,0.003808060517056492,0.9375028106215805,0.00014979894063882327
1.4,-0.05,pairing,58387973,47,-0.7241885049723535,0.005491594686181965,0.032991445513264495,0.0017266361560681319,0.003808201537235009,0.9375030457001723,0.00014634280462402807
1.4,-0.05,pairing,58387973,48,-0.7241885048835924,0.005498981422974644,0.03299140755448478,0.0017211695805835377,0.003808335138884636,0.9375033002774854,0.00014347300631088248
1.4,-0.05,pairing,58387973,49,-0.7241885048527359,0.005506691710208524,0.03299136979233259,0.0017165472015335395,0.0038084649208737463,0.9375035733190294,0.00014110690633392545
1.4,-0.05,pairing,58387973,50,-0.7241885052577015,0.005514691606934794,0.03299132503082716,0.0017126853238766076,0.0038086264916666903,0.9375038167368257,0.0001390859109938054
1.4,-0.05,pairing,58387973,51,-0.7241885058913606,0.005522981696201947,0.03299127738288894,0.001709575155588997,0.00380888912651282,0.9375040318979937,0.00013725198599546718
1.4,-0.05,pairing,58387973,52,-0.7241885050818928,0.005531477933027467,0.0329912431481135,0.001707010223906793,0.0038089156107259294,0.9375043503398116,0.00013611087026398403
1.4,-0.05,pairing,58387973,53,-0.7241885065427168,0.00554021590096746,0.03299118208234493,0.0017050699358006195,0.0038092418866494354,0.9375045309896174,0.0001347924313015051
1.4,-0.05,pairing,58387973,54,-0.7241885055357604,0.005549144562532093,0.03299114379666699,0.0017036273559506653,0.003809377121314377,0.93750482113155,0.00013388160182816535
1.4,-0.05,pairing,58387973,55,-0.7241885058696709,0.0055582419722778435,0.03299110393045731,0.0017026324125536995,0.0038095698264072027,0.9375050775355056,0.00013310151055754372
1.4,-0.05,pairing,58387973,56,-0.7241885057465846,0.005567492479162779,0.03299107153342486,0.0017020397626768171,0.003809746998110006,0.9375053543037678,0.0001324934723412246
1.4,-0.05,pairing,58387973,57,-0.7241885059945162,0.0055768797640860825,0.03299103612147281,0.0017018114408127666,0.00380994830432819,0.9375056081186931,0.00013195285895192517
1.4,-0.05,pairing,58387973,58,-0.7241885059423634,0.0055863948188273295,0.032990996804800984,0.0017019175338726174,0.0038101342817385285,0.937505877336434,0.00013154182588482054
1.4,-0.05,pairing,58387973,59,-0.7241885058444183,0.005596026200667752,0.032990960185776866,0.0017023223818494837,0.0038103123888141226,0.9375061672277525,0.000131236960247241
1.4,-0.05,pairing,58387973,60,-0.7241885062322082,0.00560576115344279,0.032990916130946554,0.0017029965077598021,0.0038105173467533797,0.9375064266192437,0.0001309481634492049
1.4,-0.1,stripe,58387974,1,-0.7873977792319758,0.19192084367723733,0.0008771336692143431,0.2033922519320132,0.05610665257326906,0.9374904385107419,0.29622666300403677
1.4,-0.1,stripe,58387974,2,-0.7876624896917579,0.16559965443018798,0.0005374858982532138,0.17645186701641286,0.047546768870593406,0.937498751008171,0.11821064108784743
1.4,-0.1,stripe,58387974,3,-0.787481990236699,0.14961322253939963,0.0005169048950504371,0.16028270762394428,0.043681907846846335,0.9374976251332205,0.07806694868431817
1.4,-0.1,stripe,58387974,4,-0.7874197210414962,0.13868334019605172,0.0008271750146877578,0.14929132203228287,0.04087168324908351,0.9374911563836713,0.057052228344391935
1.4,-0.1,stripe,58387974,5,-0.787384214809548,0.13071519237225335,0.0010772181640400379,0.14130616951167127,0.03888839726209608,0.9375055856467065,0.04374639482760302
1.4,-0.1,stripe,58387974,6,-0.7873634477826528,0.12461308981287801,0.0015287830482933866,0.13519049786367704,0.037392285281845974,0.9374972919813757,0.03492170318152788
1.4,-0.1,stripe,58387974,7,-0.7873499856866575,0.1197488433176776,0.00243884918349515,0.1303035158706429,0.03618449897025208,0.9374992855277899,0.029055338048978627
1.4,-0.1,stripe,58387974,8,-0.7873420323149453,0.1156479963289973,0.0042546912375929,0.12614002304193642,0.03507137205369224,0.9374997127356244,0.02626908910885761
1.4,-0.1,stripe,58387974,9,-0.7873405923313358,0.11168231007696941,0.007822934419920036,0.12197713919504755,0.033617253781078237,0.9374989089841911,0.02968318012427601
1.4,-0.1,stripe,58387974,10,-0.7873528885076221,0.10658337877226035,0.013824286154206476,0.11627742069502052,0.03079701323422627,0.9374988317737655,0.04261350321026486
1.4,-0.1,stripe,58387974,11,-0.7873860984418538,0.09897573313700463,0.020640974738825306,0.10744605611194719,0.025990377762135308,0.9374980506546398,0.05638253254523573
1.4,-0.1,stripe,58387974,12,-0.7874275190210915,0.08935700115684606,0.02561315796141949,0.0962602937737817,0.02083249436117361,0.9374941512319643,0.060476209944272115
1.4,-0.1,stripe,58387974,13,-0.7874580978503734,0.07921160160472501,0.028471615359069002,0.0845617677726186,0.01663380640302301,0.9375003195509202,0.05889212013486427
1.4,-0.1,stripe,58387974,14,-0.7874754438745972,0.06946087546779994,0.030088243095684978,0.07339497768956196,0.01339588370698978,0.9375004608376062,0.0557979954449295
1.4,-0.1,stripe,58387974,15,-0.7874846666122772,0.060505364128156804,0.03106674676863447,0.06318917375096217,0.010910467155618544,0.937501101720887,0.05175817207520194
1.4,-0.1,stripe,58387974,16,-0.7874898647881705,0.052483355906414626,0.03169830685378951,0.05408963262006543,0.009024549692237456,0.9375023091932656,0.047121220655543604
1.4,-0.1,stripe,58387974,17,-0.7874929972795369,0.045413974099732995,0.032120736543962025,0.046111332080803064,0.007619810766682262,0.937502431045228,0.04225111248106403
1.4,-0.1,stripe,58387974,18,-0.7874949507683814,0.039255227762334484,0.032408043818249146,0.03920255227193041,0.006589252146725552,0.9375016314861614,0.03744937281790369
1.4,-0.1,stripe,58387974,19,-0.7874961906796755,0.0339323374587815,0.03260756806948067,0.033272810643987565,0.005841982842897927,0.9375005423548395,0.03292772872433106
1.4,-0.1,stripe,58387974,20,-0.7874969448956802,0.029357497757777604,0.03274882364925156,0.028216450205845813,0.005301190872770336,0.9375082078269917,0.02879862480165608
1.4,-0.1,stripe,58387974,21,-0.7874976325558039,0.025436973332203773,0.03284872165469149,0.02392089097052986,0.004912968285270252,0.9375005261060155,0.025127032080790007
1.4,-0.1,stripe,58387974,22,-0.7874979374913292,0.022084510603672256,0.03292159521841081,0.020283418565013457,0.004630068153004559,0.9375013884309592,0.021897582429848423
1.4,-0.1,stripe,58387974,23,-0.7874982089093161,0.019219352336013806,0.03297502023044404,0.017208446821097297,0.004423703557153798,0.9374997065218009,0.01909484746074264
1.4,-0.1,stripe,58387974,24,-0.7874983952220743,0.016770550970444584,0.033014125071071564,0.014612320093917908,0.0042705503465394305,0.9375009167381434,0.016673086736725618
1.4,-0.1,stripe,58387974,25,-0.7874985628200831,0.014675369750311333,0.03304298061406761,0.01242126062546265,0.0041571902435552964,0.9374996985361624,0.01459436331790925
1.4,-0.1,stripe,58387974,26,-0.7874986611297045,0.012879959979465628,0.033065040272450726,0.010572086854765203,0.004070794959759422,0.9375001038870143,0.012812256196847359
1.4,-0.1,stripe,58387974,27,-0.7874987645583077,0.011338036741212825,0.0330811594844177,0.009011284029157293,0.0040055232240858605,0.937500050531162,0.011285030659508755
1.4,-0.1,stripe,58387974,28,-0.7874988222736037,0.010010612825109313,0.0330940314583112,0.007692925108951566,0.00395576093579297,0.9375000504470741,0.009974372296449735
1.4,-0.1,stripe,58387974,29,-0.7874988865970952,0.008864784654139328,0.03310359114836902,0.006578914336624259,0.003916754044502015,0.9375000605851949,0.008846846492289185
1.4,-0.1,stripe,58387974,30,-0.7874989266661285,0.00787260643661732,0.0331108197538955,0.005636417550326723,0.003886619000607823,0.9375000214030257,0.007875422090342131
1.4,-0.1,stripe,58387974,31,-0.7874989592387851,0.0070108138863997915,0.033116588212940876,0.004838462664890756,0.003863147497651385,0.9375000436979254,0.007032532955025093
1.4,-0.1,stripe,58387974,32,-0.7874989884226361,0.006259648514447635,0.033121200012756355,0.004162232172463137,0.003844638064054223,0.9374999742797406,0.006300472024362216
1.4,-0.1,stripe,58387974,33,-0.7874990026734989,0.005602861790672565,0.03312504640149787,0.003588179765028032,0.0038300538932545653,0.9374999763445149,0.005660745608208062
1.4,-0.1,stripe,58387974,34,-0.787499025170705,0.005026629487142554,0.03312769777069191,0.003100327178615634,0.003818198561327643,0.9375000845507547,0.005099605299485595
1.4,-0.1,stripe,58387974,35,-0.7874991353960392,0.0045188143961116,0.033129166673247515,0.0026848694386904857,0.003810594505110407,0.9374908222824585,0.0046081775395261145
1.4,-0.1,stripe,58387974,36,-0.78749898230216,0.004070617799185256,0.03313133278657186,0.002330854873656414,0.0038015176790642856,0.937499910555591,0.00416850987047072
1.4,-0.1,stripe,58387974,37,-0.7874991363524257,0.0036732548634526804,0.03313248624998168,0.002028463649481767,0.003797153055561933,0.937492271455791,0.0037806766964200837
1.4,-0.1,stripe,58387974,38,-0.7874990104141657,0.003320398672673281,0.03313398302098327,0.0017697952640977521,0.0037906918998714804,0.9374999741548755,0.0034317293750716453
1.4,-0.1,stripe,58387974,39,-0.7874991347279896,0.0030056182953367015,0.03313450521286063,0.0015479093927609927,0.0037879947200798606,0.9374946152441235,0.0031221378845157776
1.4,-0.1,stripe,58387974,40,-0.7874991120220987,0.0027242200623526524,0.03313517835344756,0.0013571195078229763,0.0037849236109858873,0.9374920386281405,0.002843219098786345
1.4,-0.1,stripe,58387974,41,-0.7874990305920452,0.002472234176472478,0.03313600031938658,0.0011928949209759538,0.0037810785200641044,0.9375000624735229,0.0025909835016592934
1.4,-0.1,stripe,58387974,42,-0.7874991311358601,0.0022457437041170643,0.033136445435622455,0.0010511108425897055,0.0037799575165197055,0.9374962181687605,0.0023647760521843756
1.4,-0.1,stripe,58387974,43,-0.7874991110940754,0.0020419741508549347,0.033136817140198914,0.0009284264929113994,0.003777990585262421,0.9374949853810295,0.0021590810253735945
1.4,-0.1,stripe,58387974,44,-0.7874991114402831,0.0018582634886378008,0.033137237190908615,0.0008219851546455632,0.003776739505105909,0.9374935275085561,0.0019726308293782284
1.4,-0.1,stripe,58387974,45,-0.7874991172816088,0.0016923830557667486,0.03313736169597719,0.0007293749288339631,0.0037756880147836857,0.9374923288754962,0.0018031645312177147
1.4,-0.1,stripe,58387974,46,-0.7874991136823889,0.0015423874795637204,0.033137595422137615,0.0006486319063272953,0.0037749400641973953,0.9374912986942744,0.0016488704396505152
1.4,-0.1,stripe,58387974,47,-0.7874991146444715,0.001406469797272744,0.033137762178044594,0.0005780544333898633,0.00377423996758966,0.9374904159203216,0.0015087665691982876
1.4,-0.1,stripe,58387974,48,-0.7874990250254388,0.0012833143813530594,0.03313825410818136,0.0005162589617837438,0.00377203793722464,0.9375000146608872,0.0013808615260381635
1.4,-0.1,stripe,58387974,49,-0.7874991244947762,0.0011714903919160065,0.033138396542697866,0.00046193158374434063,0.0037722857404455063,0.937497643388419,0.0012635931881433537
1.4,-0.1,stripe,58387974,50,-0.7874991060534752,0.0010698210578449798,0.033138460214821516,0.0004140838747746186,0.003771631215307701,0.9374975444354862,0.001156967024764734
1.4,-0.1,stripe,58387974,51,-0.7874991085924364,0.000977305266944092,0.03313859342371442,0.0003718309961449873,0.003771376611977016,0.9374970414343858,0.0010596266775892496
1.4,-0.1,stripe,58387974,52,-0.7874991078273208,0.0008930942624310312,0.03313867069399913,0.0003344297577474417,0.0037710696202234396,0.9374967209469068,0.0009705960879628444
1.4,-0.1,stripe,58387974,53,-0.7874991074885633,0.0008164050241299223,0.03313876187319165,0.0003012473638133784,0.003770783414945987,0.9374964339071014,0.0008888129167231457
1.4,-0.1,stripe,58387974,54,-0.787499113823497,0.0007465207261323495,0.033138674795995325,0.00027173983691198476,0.0037705699764981927,0.9374961480397179,0.0008146920115361209
1.4,-0.1,stripe,58387974,55,-0.7874991080094533,0.0006827449296302702,0.03313876540253873,0.0002454589698630877,0.003770511220037526,0.9374959789579901,0.0007465249417593285
1.4,-0.1,stripe,58387974,56,-0.7874991131369973,0.0006245481247016497,0.03313871511716052,0.00022199310144978754,0.003770309513040968,0.937495777644196,0.0006840583264702677
1.4,-0.1,stripe,58387974,57,-0.7874991119035537,0.000571421824568552,0.03313873434835456,0.0002010026436980663,0.0037702064119346725,0.9374956518824318,0.0006268493578543592
1.4,-0.1,stripe,58387974,58,-0.787499112010039,0.0005228963457977693,0.033138757897832445,0.0001821880015579553,0.0037701229860435783,0.9374955168857397,0.0005744714331857461
1.4,-0.1,stripe,58387974,59,-0.787499112541573,0.0004785689379514064,0.03313870662372785,0.00016528571919257465,0.0037699224809065474,0.9374955230352205,0.0005264613389337374
1.4,-0.1,stripe,58387974,60,-0.7874991131356462,0.00043806087924376774,0.03313871229720061,0.00015007675316377504,0.0037698894791709757,0.9374954154550595,0.0004824831573470367
1.4,-0.1,pairing,58387975,1,-0.7874871825439334,0.011162617243653394,0.033188446495350896,0.011653815757431806,0.0037191785668734727,0.9374956911622949,0.05195981304514823
1.4,-0.1,pairing,58387975,2,-0.7875004370518496,0.00953894273732685,0.0331172496192772,0.009818067001062173,0.003978574365293193,0.9375002936832408,0.011428024016972856
1.4,-0.1,pairing,58387975,3,-0.7874991091500975,0.008182110286052586,0.03311684592804646,0.008270184556597143,0.003830628018427197,0.9375003696831044,0.008699810970560414
1.4,-0.1,pairing,58387975,4,-0.7874989977065041,0.007045894507191756,0.03311999808443686,0.00697437717377068,0.003849269204842785,0.9375006228606433,0.007313711878412191
1.4,-0.1,pairing,58387975,5,-0.7874990264075838,0.006088275907102813,0.033124548638566,0.005886394669577187,0.003821449907951122,0.9375001416373528,0.006270312086798916
1.4,-0.1,pairing,58387975,6,-0.7874990434526822,0.005279071359720694,0.03312791105151744,0.0049734052569272436,0.0038125888844967593,0.9374999342576847,0.005403107863131162
1.4,-0.1,pairing,58387975,7,-0.7874991278463667,0.004592997302051588,0.03313009046789746,0.004206671491603121,0.00380327264033011,0.9374918473813728,0.004680170700192792
1.4,-0.1,pairing,58387975,8,-0.7874990041124044,0.004010284760717712,0.03313232037230264,0.003563143900409318,0.0037948336605644153,0.9374997858992746,0.004068260051533897
1.4,-0.1,pairing,58387975,9,-0.787499131783413,0.003513575764684681,0.033133713195437973,0.0030222462053375145,0.003790705639659531,0.9374933283027165,0.0035544344912098996
1.4,-0.1,pairing,58387975,10,-0.7874991078640204,0.0030889229290446615,0.033134779352486356,0.0025675018613645424,0.003786463348905385,0.9374905155980865,0.0031186917579535275
1.4,-0.1,pairing,58387975,11,-0.787499019571126,0.0027247646270428545,0.03313589296197062,0.0021850265708741436,0.003782010539538973,0.9374998915785923,0.0027478354046522368
1.4,-0.1,pairing,58387975,12,-0.7874991439849766,0.002411334611184607,0.033136049646069116,0.0018629622709980707,0.0037802390980825685,0.9374960563314789,0.002431728800244662
1.4,-0.1,pairing,58387975,13,-0.7874991099563767,0.0021406778997287114,0.03313673885032923,0.0015915966236447793,0.0037781538630355755,0.9374949320444559,0.0021598925152179955
1.4,-0.1,pairing,58387975,14,-0.7874991158216669,0.0019059400444894584,0.03313710104690799,0.0013626239648885851,0.003776675101585083,0.9374936112054314,0.0019264484402562669
1.4,-0.1,pairing,58387975,15,-0.7874991156794169,0.0017016082446505644,0.03313740540986534,0.0011691537868318037,0.003775495978923597,0.9374925499865377,0.00172422572992137
1.4,-0.1,pairing,58387975,16,-0.7874991036202691,0.0015231060050337922,0.03313787927626178,0.0010054405440654112,0.0037743802229005217,0.9374919567245797,0.0015480696927168487
1.4,-0.1,pairing,58387975,17,-0.7874991195684774,0.0013664984714871872,0.033137850955301924,0.0008666638195253301,0.0037738136472962114,0.9374909831651953,0.0013941084989613603
1.4,-0.1,pairing,58387975,18,-0.7874991130153258,0.001228672693627043,0.03313804595490624,0.000748861350070694,0.0037730946097025175,0.9374904845084095,0.0012584387030229397
1.4,-0.1,pairing,58387975,19,-0.7874991060390879,0.001106953309955246,0.03313833873917176,0.0006487165407449788,0.003772632856066475,0.9374901596833913,0.0011389297207828717
1.4,-0.1,pairing,58387975,20,-0.7874990222080955,0.0009991347494861292,0.03313867372068447,0.0005634452736011692,0.0037705726556109343,0.9375003753670389,0.0010330182648501474
1.4,-0.1,pairing,58387975,21,-0.7874991245997044,0.000903283685656676,0.03313870934654287,0.0004906513469913555,0.003771043958161629,0.9374981707849889,0.0009369710206946938
1.4,-0.1,pairing,58387975,22,-0.7874991051545469,0.0008178380293542253,0.03313877957944158,0.00042839633049788145,0.003770501474322362,0.9374983555037826,0.0008523022996635586
1.4,-0.1,pairing,58387975,23,-0.7874991145337242,0.0007414329237194033,0.033138699859476484,0.00037502263248893615,0.0037703976059977667,0.9374979866102767,0.0007761294868271051
1.4,-0.1,pairing,58387975,24,-0.7874991117009071,0.0006729533978367925,0.0331387283822245,0.00032916899009996335,0.0037701961496871142,0.9374978488461814,0.0007074443185776993
1.4,-0.1,pairing,58387975,25,-0.7874991122894334,0.0006114301337032269,0.033138755369773384,0.0002896832923870711,0.003770080681374424,0.9374976720076397,0.0006454523794938531
1.4,-0.1,pairing,58387975,26,-0.7874991127121538,0.0005560519271458805,0.03313871352846725,0.0002555860191965775,0.0037698331326747256,0.9374976575505384,0.0005892980887973568
1.4,-0.1,pairing,58387975,27,-0.7874991133371478,0.0005061079255478942,0.03313872720512603,0.00022606099861808648,0.00376977965526324,0.937497526483826,0.0005384195202973002
1.4,-0.1,pairing,58387975,28,-0.7874991130353944,0.0004609865239228471,0.03313874428167678,0.00020042408938578503,0.0037696898045448224,0.9374974445059028,0.0004921868239493169
1.4,-0.1,pairing,58387975,29,-0.7874991130753759,0.00042016538793333055,0.033138760696810994,0.00017809819982959053,0.0037696285122782737,0.9374973714871151,0.0004501230535617025
1.4,-0.1,pairing,58387975,30,-0.7874991131520545,0.0003831851450900716,0.03313877280713123,0.00015859720158881494,0.0037695810268666115,0.9374973027992699,0.0004117961122080401
1.4,-0.1,pairing,58387975,31,-0.7874991130695674,0.0003496452105462659,0.033138783891049794,0.0001415136039238172,0.0037695320044803765,0.9374972571286857,0.0003768454369602569
1.4,-0.1,pairing,58387975,32,-0.7874991132027049,0.00031919015990778467,0.03313879156299139,0.00012650757084649354,0.0037695034504130367,0.9374972051398859,0.0003449515541271194
1.4,-0.1,pairing,58387975,33,-0.7874991131287735,0.0002915083204574023,0.033138798038816086,0.00011329401261036694,0.0037694732009637346,0.9374971669983917,0.0003158288309513115
1.4,-0.1,pairing,58387975,34,-0.7874991131133884,0.00026632265079965916,0.033138804743523806,0.00010163235642847439,0.003769447891069406,0.9374971374867744,0.00028922249302839123
1.4,-0.1,pairing,58387975,35,-0.787499113139867,0.00024338892467811637,0.033138809876887776,9.131795881630894e-05,0.0037694277105217396,0.9374971110561258,0.0002649051422506121
1.4,-0.1,pairing,58387975,36,-0.7874991130603822,0.0002224899094837938,0.03313881582265785,8.217590113396918e-05,0.0037694048866402465,0.9374970974486638,0.00024267479423198586
1.4,-0.1,pairing,58387975,37,-0.7874991132650131,0.0002034315086880407,0.03313881740420236,7.405608105944623e-05,0.0037694045208423173,0.9374970635142386,0.00022234297091168324
1.4,-0.1,pairing,58387975,38,-0.7874991131830538,0.0001860417832769321,0.033138818702792346,6.682888797323803e-05,0.0037693930824209067,0.9374970453560242,0.0002037419280501975
1.4,-0.1,pairing,58387975,39,-0.7874991130656338,0.0001701739089044471,0.03313882247154095,6.037985821156906e-05,0.0037693763100751865,0.937497041178906,0.00018668510253208953
1.4,-0.1,pairing,58387975,40,-0.7874991131512546,0.00015566281471024224,0.033138824948720884,5.460874626175424e-05,0.003769369317359681,0.937497028399465,0.0001711761046082237
1.4,-0.1,pairing,58387975,41,-0.787499113170269,0.00014240531999490177,0.03313882533889145,4.943859912857361e-05,0.003769365899395196,0.9374970156754483,0.00015689991308512333
1.4,-0.1,pairing,58387975,42,-0.7874991129568633,0.0001302850486125944,0.03313883182880099,4.4795825102008514e-05,0.0037693509123551683,0.9374970216017202,0.00014384730278622581
1.4,-0.1,pairing,58387975,43,-0.7874991131181361,0.00011919445195078227,0.03313883245499257,4.062225379773072e-05,0.003769352623657127,0.9374970077887993,0.00013190077745452167
1.4,-0.1,pairing,58387975,44,-0.7874991132520888,0.00010905443448539287,0.03313882906265021,3.686122535293729e-05,0.003769355797651506,0.9374969897117925,0.00012092155504043904
1.4,-0.1,pairing,58387975,45,-0.7874991128049279,9.976715827641153e-05,0.03313883724945113,3.3467356194695683e-05,0.00376932880926597,0.9374970179153393,0.00011089373320864427
1.4,-0.1,pairing,58387975,46,-0.7874991132997635,9.126113949799758e-05,0.03313883454550402,3.0401822527114347e-05,0.0037693492523684312,0.9374969865763834,0.00010171322150220522
1.4,-0.1,pairing,58387975,47,-0.7874991129641276,8.34757066657086e-05,0.033138836705908205,2.7626871979792713e-05,0.0037693282207971407,0.9374970023969817,9.328415908105147e-05
1.4,-0.1,pairing,58387975,48,-0.7874991133051018,7.634347673771374e-05,0.03313883253327523,2.51114071639799e-05,0.003769343312025607,0.9374969800214167,8.55590674473262e-05
1.4,-0.1,pairing,58387975,49,-0.7874991129514638,6.980798907404754e-05,0.033138836642527945,2.2828233893994974e-05,0.00376932222850562,0.9374970019503376,7.84922242940881e-05
1.4,-0.1,pairing,58387975,50,-0.7874991133725769,6.381985553967416e-05,0.033138832256983386,2.0752833292177302e-05,0.0037693465246156363,0.9374969696920157,7.201644021396669e-05
1.4,-0.1,pairing,58387975,51,-0.7874991129279449,5.833307204093253e-05,0.03313883684147291,1.886281359356929e-05,0.0037693314855163757,0.9374969839821661,6.609019217312945e-05
1.4,-0.1,pairing,58387975,52,-0.7874991132653648,5.330206368184742e-05,0.03313884568911031,1.713673340384128e-05,0.0037693220078416404,0.9374969553678515,6.079531922178746e-05
1.4,-0.1,pairing,58387975,53,-0.7874991125186146,4.871749679401682e-05,0.03313884645848937,1.5555833038511855e-05,0.003769313664867063,0.9374970050585413,5.562106983528817e-05
1.4,-0.1,pairing,58387975,54,-0.7874991131642557,4.451887638215235e-05,0.033138843762783664,1.4111490053790168e-05,0.00376932831392342,0.9374969831930661,5.090207031370498e-05
1.4,-0.1,pairing,58387975,55,-0.7874991130775,4.0671916332949586e-05,0.033138841027229506,1.2801519883254905e-05,0.0037693317263816886,0.9374969756487925,4.666998523911437e-05
1.4,-0.1,pairing,58387975,56,-0.7874991129166264,3.71546316519304e-05,0.0331388433458062,1.16292295566423e-05,0.0037693239855628993,0.9374969842567243,4.2802360504777046e-05
1.4,-0.1,pairing,58387975,57,-0.787499112947697,3.395019503230269e-05,0.03313884514456848,1.0583857089968847e-05,0.003769317777466808,0.9374969926915022,3.920555113757252e-05
1.4,-0.1,pairing,58387975,58,-0.7874991132301531,3.1031333547017624e-05,0.03313883914902733,9.651775320412133e-06,0.003769327698701903,0.9374969764867708,3.589998521442636e-05
1.4,-0.1,pairing,58387975,59,-0.7874991128917912,2.837766551185731e-05,0.033138842990597474,8.816212178401388e-06,0.003769312132857576,0.9374969967955507,3.279602415117523e-05
1.4,-0.1,pairing,58387975,60,-0.7874991131906488,2.5950846987312057e-05,0.03313884174789464,8.069104817263955e-06,0.0037693312553644027,0.9374969746530019,3.006910554068751e-05
1.4,-0.15,stripe,58387976,1,-0.8505636177577716,0.18354385587054783,0.0008058178946756025,0.19482657553224916,0.05412917294006285,0.9375007270080954,0.31270369575481605
1.4,-0.15,stripe,58387976,2,-0.8508358821523992,0.15177961843429788,0.0007713653796274759,0.16223694511663525,0.04403399761819433,0.937494036210241,0.1443601534128996
1.4,-0.15,stripe,58387976,3,-0.8506966995574394,0.13155528990319149,0.0009293048522481855,0.1415644455140061,0.039128389088735116,0.9374967430515937,0.10185489937358277
1.4,-0.15,stripe,58387976,4,-0.8506552233549506,0.1169884900388816,0.0016480901560464922,0.12663039854480684,0.03552867575168837,0.9374934915325643,0.07901672953462713
1.4,-0.15,stripe,58387976,5,-0.8506357246399256,0.10559858208465422,0.003781859293850782,0.11485985081306938,0.03271433378418435,0.9375023472559978,0.06558311092601121
1.4,-0.15,stripe,58387976,6,-0.8506344471503159,0.0952228140015349,0.010568970148965986,0.1038109246786846,0.02913847916717784,0.9375016293400547,0.0696810276736282
1.4,-0.15,stripe,58387976,7,-0.8506732527391504,0.08195634145220504,0.022088459934959705,0.08882718314646001,0.021027922577281734,0.937500194114755,0.10064445465836602
1.4,-0.15,stripe,58387976,8,-0.8507402119045416,0.06712640498192404,0.02884450786264424,0.07198187233091474,0.013449123569860222,0.9374914510679769,0.0961214335899603
1.4,-0.15,stripe,58387976,9,-0.8507800360421466,0.05394127883575673,0.031342082336519354,0.05719189856720281,0.009449523917882289,0.9374998938850557,0.07913859463091656
1.4,-0.15,stripe,58387976,10,-0.8507952039847451,0.04300996387349472,0.0323126093275678,0.04504095892852444,0.007127186181246554,0.9375006150915146,0.06602690214158016
1.4,-0.15,stripe,58387976,11,-0.8508008249754473,0.034196010629490986,0.03275359153533641,0.03532262851862421,0.005776455945588709,0.9375006289397214,0.05432571695941986
1.4,-0.15,stripe,58387976,12,-0.8508032147514373,0.027171220251161234,0.032986229567736516,0.027643604036315078,0.00497958763344482,0.9375006330269938,0.04423235172859035
1.4,-0.15,stripe,58387976,13,-0.8508044361604308,0.021603938234158255,0.0331185991174012,0.021615876633996167,0.004507835680665635,0.9375004958227894,0.03578722766550955
1.4,-0.15,stripe,58387976,14,-0.8508050797923281,0.01720325229655891,0.033197589649011455,0.016902133989696727,0.004224092854380445,0.9375064043018472,0.02887573021143197
1.4,-0.15,stripe,58387976,15,-0.8508055961027927,0.013725601950707846,0.03324551637383413,0.013221087996444975,0.00405240858542363,0.9375004093105548,0.02330298878492481
1.4,-0.15,stripe,58387976,16,-0.8508058234670534,0.010976047032540263,0.03327550351685803,0.010349133590001594,0.003944489071131812,0.9375003004469031,0.018829496644295306
1.4,-0.15,stripe,58387976,17,-0.8508059891468199,0.008799161912098834,0.03329450183963319,0.008108423470548673,0.003876695177532929,0.9374996887510407,0.015250576580066148
1.4,-0.15,stripe,58387976,18,-0.850806088725325,0.00707260371305082,0.03330676691473866,0.006359663104330968,0.003832836323145418,0.9374999949376047,0.01238640084618377
1.4,-0.15,stripe,58387976,19,-0.8508061721706157,0.005700271914226207,0.03331453037668252,0.0049942424866342445,0.0038042267627475344,0.9375001446358844,0.010091280600690136
1.4,-0.15,stripe,58387976,20,-0.8508062207651714,0.004606850442911334,0.03331930491293264,0.003927113247077714,0.003785725035821984,0.9374997782198454,0.008247720400983514
1.4,-0.15,stripe,58387976,21,-0.8508062422675855,0.003733487750677252,0.03332265554431844,0.003092453486385232,0.0037735010720893504,0.9375001709777369,0.006760951829598211
1.4,-0.15,stripe,58387976,22,-0.8508063243479345,0.0030338101130019,0.033324712996085595,0.002438803744571706,0.0037668032152677958,0.9374925197411188,0.005560069075885966
1.4,-0.15,stripe,58387976,23,-0.8508062198403007,0.002471819539991527,0.033326571459836356,0.0019266624032820757,0.0037596818658235834,0.9375002121233362,0.004583175295810799
1.4,-0.15,stripe,58387976,24,-0.8508063343959552,0.0020191373370667806,0.0333272944736372,0.001524604367124252,0.0037573413416235493,0.9374953184329455,0.0037891354640795325
1.4,-0.15,stripe,58387976,25,-0.8508063131968172,0.0016533165530940675,0.0333275972063673,0.0012083867223319925,0.0037548566449824706,0.9374940256302793,0.0031398550654481287
1.4,-0.15,stripe,58387976,26,-0.8508063288973138,0.001356778470618466,0.03332748446285398,0.000959510469448536,0.0037535076549455393,0.9374925279308579,0.002607653158020375
1.4,-0.15,stripe,58387976,27,-0.8508063246148923,0.0011158400103461732,0.033327729001969904,0.0007633374666328827,0.0037527036731689126,0.9374914475312462,0.002169187976310665
1.4,-0.15,stripe,58387976,28,-0.8508063243103569,0.0009195856655532342,0.03332793674394341,0.0006084538188772672,0.0037520831283004677,0.937490752884062,0.001807414786521877
1.4,-0.15,stripe,58387976,29,-0.8508063237392528,0.0007592905590506004,0.033328120092656295,0.0004859890595326269,0.0037516196433899206,0.937490248508987,0.001508283677008627
1.4,-0.15,stripe,58387976,30,-0.8508062449887387,0.0006281096099441864,0.033328699920971414,0.0003890113260626151,0.0037496522576622895,0.9374996314814621,0.001260633981395109
1.4,-0.15,stripe,58387976,31,-0.8508063399984653,0.000520443625247873,0.03332833297231445,0.00031205875540553845,0.0037502042346627637,0.9374981050270097,0.0010538458419282
1.4,-0.15,stripe,58387976,32,-0.8508063226882993,0.0004319264313069247,0.0333284357398602,0.00025085331300656456,0.0037499345639698148,0.9374981158960968,0.0008821133962074822
1.4,-0.15,stripe,58387976,33,-0.850806314627024,0.00035891120896994536,0.03332888845111984,0.00020206514181639903,0.0037495824436651376,0.9374980409635831,0.0007393625511659357
1.4,-0.15,stripe,58387976,34,-0.8508063206218293,0.00029867165378784605,0.03332874007703056,0.0001631079758766697,0.003749481841288226,0.9374981177789354,0.0006197936088779501
1.4,-0.15,stripe,58387976,35,-0.8508063205663323,0.0002488356107737198,0.03332879819695254,0.00013193290493296322,0.003749501330833264,0.9374979587198726,0.0005199803669275902
1.4,-0.15,stripe,58387976,36,-0.8508063198852658,0.00020751998719944643,0.03332879820138571,0.0001069379943880004,0.0037494056447407117,0.9374979915551696,0.0004364875714164528
1.4,-0.15,stripe,58387976,37,-0.850806320167314,0.00017324740215756326,0.033328901677497726,8.68547590384967e-05,0.0037494181294876346,0.9374978706199143,0.0003666870442102063
1.4,-0.15,stripe,58387976,38,-0.8508063200420405,0.00014475028149684064,0.033328784250066516,7.069114376811114e-05,0.003749349770543187,0.9374979858261369,0.0003080916176008513
1.4,-0.15,stripe,58387976,39,-0.8508063206516429,0.00012106034760324068,0.03332890193578583,5.764764011715204e-05,0.003749394078119014,0.9374978449896427,0.0002588570212804798
1.4,-0.15,stripe,58387976,40,-0.850806319695441,0.00010130298239150975,0.03332877360223309,4.710646621593565e-05,0.003749324446872265,0.9374979863773106,0.0002176710175630517
1.4,-0.15,stripe,58387976,41,-0.8508063205081868,8.482707727600319e-05,0.03332877025871085,3.856337694321232e-05,0.003749442665034518,0.9374978537953845,0.00018301412124099753
1.4,-0.15,stripe,58387976,42,-0.8508063188292931,7.108726281299499e-05,0.03332889513594229,3.162135346938932e-05,0.0037493252336867,0.9374978901330018,0.00015388619016420583
1.4,-0.15,stripe,58387976,43,-0.8508063201264563,5.95899395258413e-05,0.03332875266437948,2.598105834608221e-05,0.0037493416389340925,0.9374979608120977,0.0001295181608996629
1.4,-0.15,stripe,58387976,44,-0.8508063195882047,4.998398138869959e-05,0.03332889721062736,2.1393731009058732e-05,0.003749359367648688,0.937497850740628,0.00010900755728853229
1.4,-0.15,stripe,58387976,45,-0.8508063197295732,4.193494084459844e-05,0.033328744709589415,1.7638727570202395e-05,0.00374929859083382,0.9374979899209273,9.176184770684239e-05
1.4,-0.15,stripe,58387976,46,-0.8508063205342432,3.518821383410653e-05,0.03332879603414991,1.4569718432498941e-05,0.0037494163033725612,0.9374978370677366,7.72690861432595e-05
1.4,-0.15,stripe,58387976,47,-0.8508063187082959,2.9554528569740557e-05,0.0333288914789636,1.2035939628273286e-05,0.0037493093002074727,0.9374978994658256,6.495334205505323e-05
1.4,-0.15,stripe,58387976,48,-0.8508063200405941,2.483315593037873e-05,0.03332888924803465,9.958785948631133e-06,0.0037493199757505126,0.937497901240279,5.465645463823062e-05
1.4,-0.15,stripe,58387976,49,-0.8508063200815377,2.0858259992829968e-05,0.03332876024367985,8.25923223414046e-06,0.0037493094090004066,0.9374979709808868,4.608145491165539e-05
1.4,-0.15,stripe,58387976,50,-0.850806319613056,1.7530934079597937e-05,0.03332889947020991,6.872015266262165e-06,0.003749358816005493,0.9374978441164405,3.925240409345847e-05
1.4,-0.15,stripe,58387976,51,-0.8508063197012063,1.4744215777832136e-05,0.033328864622555264,5.709946762804011e-06,0.003749288020453976,0.9374979338383919,3.301176439429458e-05
1.4,-0.15,stripe,58387976,52,-0.8508063206529922,1.2401950002556092e-05,0.0333288905252018,4.749136777989888e-06,0.0037493492606060727,0.937497871522837,2.793391066202616e-05
1.4,-0.15,stripe,58387976,53,-0.8508063196753042,1.0435209461725518e-05,0.03332887601464493,3.958159692426447e-06,0.00374929725725694,0.9374979229155308,2.363635326431835e-05
1.4,-0.15,stripe,58387976,54,-0.8508063202327324,8.783831264443529e-06,0.03332888685320841,3.304862167386882e-06,0.003749341456505176,0.9374978711758843,2.0026365831553996e-05
1.4,-0.15,stripe,58387976,55,-0.8508063196929847,7.395815003134377e-06,0.03332887858255782,2.7652433992969767e-06,0.0037493003546149625,0.9374979218605378,1.703588501971635e-05
1.4,-0.15,stripe,58387976,56,-0.8508063204128411,6.236812567261809e-06,0.03332886325134618,2.319937835228537e-06,0.003749386985934907,0.9374978447655147,1.456011484276228e-05
1.4,-0.15,stripe,58387976,57,-0.8508063193520617,5.249564040417349e-06,0.033328758166872245,1.946648670007327e-06,0.0037492837503176036,0.9374979948275218,1.2792735104851514e-05
1.4,-0.15,stripe,58387976,58,-0.8508063200579723,4.4473147230437085e-06,0.03332889221194306,1.6736605718998592e-06,0.0037493878730515302,0.9374978157092319,1.1626369275135647e-05
1.4,-0.15,stripe,58387976,59,-0.8508063193303838,3.773463589056441e-06,0.03332874553190434,1.4193442544109312e-06,0.003749275841082879,0.9374980090564308,1.0344008901758141e-05
1.4,-0.15,stripe,58387976,60,-0.8508063205371872,3.2441614691660253e-06,0.03332880047238446,1.2698622508257474e-06,0.0037494171027555178,0.9374978424524238,9.355409960613159e-06
1.4,-0.15,pairing,58387977,1,-0.850791863415164,0.01032657789728876,0.033362195748764305,0.010794669665845273,0.0036712522200869177,0.9374958579184808,0.0503677331639991
1.4,-0.15,pairing,58387977,2,-0.8508073539393294,0.008155608371815377,0.03331162769461955,0.008416476354270664,0.003915224851232075,0.9375029559790704,0.014736385375301437
1.4,-0.15,pairing,58387977,3,-0.850806305892985,0.006463116689540033,0.033315014197515085,0.006561720225002125,0.003780627440919102,0.9374997635617157,0.011145138865236132
1.4,-0.15,pairing,58387977,4,-0.8508062272187793,0.005139666510481977,0.033318366818716603,0.005120896518194167,0.0037943885588209375,0.9374991363147643,0.00885193802704515
1.4,-0.15,pairing,58387977,5,-0.8508063228197154,0.004099166483169653,0.03332186509631434,0.003999453342964798,0.0037734214020266627,0.937490036071957,0.0071070363768558934
1.4,-0.15,pairing,58387977,6,-0.8508061861754413,0.0032792104144390138,0.03332478534164946,0.0031269396624801463,0.00376536446545464,0.937500477445532,0.005728140731064622
1.4,-0.15,pairing,58387977,7,-0.8508063444240898,0.002631008101929319,0.03332588308004314,0.002447289830860892,0.003761026711042613,0.9374935341113035,0.004637459782842006
1.4,-0.15,pairing,58387977,8,-0.850806318081929,0.002117128204173059,0.03332683542051372,0.001917689952945262,0.003757318432577405,0.937491015930705,0.0037678856491948336
1.4,-0.15,pairing,58387977,9,-0.850806240505609,0.0017087126544189238,0.03332774037135031,0.0015048085832845824,0.003753476526958591,0.937499821849234,0.0030718557119800696
1.4,-0.15,pairing,58387977,10,-0.8508063346557394,0.001383051357187054,0.03332804563771165,0.0011824955339820784,0.0037528458059692834,0.9374968696756323,0.0025134924374492582
1.4,-0.15,pairing,58387977,11,-0.8508063174392428,0.0011226212495834963,0.03332836553564302,0.0009306723508423624,0.003751620839600709,0.9374963247454993,0.002063187848786748
1.4,-0.15,pairing,58387977,12,-0.8508063219543938,0.0009137398436425338,0.033328428162876816,0.0007336589256302969,0.003751096630332319,0.9374957200484457,0.0016986697690793773
1.4,-0.15,pairing,58387977,13,-0.8508063194538205,0.0007457071522859936,0.03332865628770562,0.0005793367769218775,0.0037506460135005625,0.9374952702346147,0.0014023362665514724
1.4,-0.15,pairing,58387977,14,-0.8508063295192725,0.000610114461434464,0.03332823048375135,0.00045830269975054045,0.0037504084430877065,0.9374952024195383,0.0011606150259075403
1.4,-0.15,pairing,58387977,15,-0.8508063175989174,0.0005004026298697751,0.03332867010268122,0.0003632456475464208,0.0037502985278760454,0.9374947408019297,0.0009628028245828013
1.4,-0.15,pairing,58387977,16,-0.850806318015326,0.00041134983780032573,0.033328790523231504,0.00028846002044013427,0.0037499989309890693,0.9374947693169495,0.0008001350295450805
1.4,-0.15,pairing,58387977,17,-0.8508063204774177,0.0003388858624929125,0.03332882946075819,0.0002295286057656466,0.003749949605760683,0.9374946273046348,0.0006662273329303674
1.4,-0.15,pairing,58387977,18,-0.8508063204587574,0.00027973450902816127,0.03332869919044508,0.00018301321343830362,0.0037499089066467314,0.9374946315812371,0.0005554304751938255
1.4,-0.15,pairing,58387977,19,-0.8508063198387754,0.0002313467530513047,0.033328738432403096,0.00014622864101547503,0.0037498718368720076,0.9374945654135093,0.0004637906530966869
1.4,-0.15,pairing,58387977,20,-0.8508063192402091,0.00019166921453783753,0.033328845662447544,0.00011708723244665205,0.0037497947952953013,0.937494530253386,0.00038782872826975586
1.4,-0.15,pairing,58387977,21,-0.8508063202436585,0.00015905586365439506,0.03332873972919875,9.395896876349031e-05,0.003749771826629635,0.9374945885071245,0.00032453341401853273
1.4,-0.15,pairing,58387977,22,-0.8508063199618695,0.00013219207015150244,0.033328835583037994,7.556307886440803e-05,0.0037498092988263922,0.9374944554000633,0.0002718342149833304
1.4,-0.15,pairing,58387977,23,-0.8508063196799944,0.0001099960670303658,0.03332870787170496,6.0907237720187466e-05,0.003749761058876539,0.937494568671717,0.00022791804953427482
1.4,-0.15,pairing,58387977,24,-0.850806319588106,9.164178344360322e-05,0.03332874004360682,4.919921825852057e-05,0.0037497744166254342,0.9374945307658553,0.00019115542191809222
1.4,-0.15,pairing,58387977,25,-0.8508063194979409,7.643429694594978e-05,0.033328736968864084,3.9827263898236336e-05,0.00374975201576044,0.9374945471680118,0.00016043958818010156
1.4,-0.15,pairing,58387977,26,-0.8508063198070833,6.381505889455495e-05,0.033328730126571025,3.230819103007154e-05,0.003749774304323524,0.9374945142786532,0.00013472551637042925
1.4,-0.15,pairing,58387977,27,-0.8508063190190586,5.334509981267243e-05,0.033328834103869776,2.626224520331195e-05,0.003749744175036498,0.9374944912096794,0.00011315786267157335
1.4,-0.15,pairing,58387977,28,-0.850806319487196,4.461170229088556e-05,0.03332868943730661,2.1401439656275064e-05,0.00374971678590038,0.9374946000696216,9.518840454939545e-05
1.4,-0.15,pairing,58387977,29,-0.850806319781367,3.732852967902045e-05,0.03332874587479042,1.7489244521218152e-05,0.0037497821507226884,0.9374944983473366,8.007514479424918e-05
1.4,-0.15,pairing,58387977,30,-0.8508063194044105,3.1260327091873845e-05,0.033328707397337905,1.4311315094133378e-05,0.0037497511941719484,0.9374945437670423,6.729179935230709e-05
1.4,-0.15,pairing,58387977,31,-0.8508063200039059,2.6194660437176803e-05,0.03332872604045415,1.1731006890597364e-05,0.0037497712390125552,0.9374945214040187,5.660169430838334e-05
1.4,-0.15,pairing,58387977,32,-0.8508063194393037,2.1963779945137774e-05,0.033328718300739454,9.63781340141875e-06,0.0037497624342725773,0.9374945273258933,4.762371016963107e-05
1.4,-0.15,pairing,58387977,33,-0.8508063194675374,1.8434103235523594e-05,0.033328712275944354,7.935372072016309e-06,0.0037497847825024885,0.9374945131077127,4.03363124963842e-05
1.4,-0.15,pairing,58387977,34,-0.8508063190070836,1.548286765422487e-05,0.03332882057401493,6.543499802617443e-06,0.003749754205938601,0.9374944771903666,3.405194912514604e-05
1.4,-0.15,pairing,58387977,35,-0.8508063195547797,1.3005616844317663e-05,0.03332870422735501,5.4105056293493165e-06,0.0037497270770691458,0.9374945702335844,2.887599621255428e-05
1.4,-0.15,pairing,58387977,36,-0.850806319844157,1.0920132562292187e-05,0.03332871219950976,4.478555406712695e-06,0.003749804035778033,0.9374944886693553,2.4311307645447628e-05
1.4,-0.15,pairing,58387977,37,-0.8508063189720423,9.178053724685603e-06,0.033328715161805356,3.7149535094011025e-06,0.0037497486198154605,0.9374945478292626,2.0661442778642054e-05
1.4,-0.15,pairing,58387977,38,-0.850806319638451,7.708349484748685e-06,0.033328702543915324,3.090089245251204e-06,0.0037497966424226703,0.9374945050541577,1.7579268701845014e-05
1.4,-0.15,pairing,58387977,39,-0.8508063187707436,6.4919155484712626e-06,0.03332882498530935,2.573565191397674e-06,0.003749741441930115,0.9374944840818483,1.5154156996227936e-05
1.4,-0.15,pairing,58387977,40,-0.8508063194816532,5.4584710783570445e-06,0.0333286897369185,2.148635133738293e-06,0.003749708471042173,0.9374945933565644,1.326348237098753e-05
1.4,-0.15,pairing,58387977,41,-0.8508063197847346,4.591828504404053e-06,0.03332874527016811,1.818418311103098e-06,0.0037497877876578344,0.9374944900451581,1.1754416590653534e-05
1.4,-0.15,pairing,58387977,42,-0.8508063192489577,3.8687315313068225e-06,0.0333287056110232,1.5239305090759996e-06,0.003749734422570993,0.937494555380597,1.0037045223462657e-05
1.4,-0.15,pairing,58387977,43,-0.8508063195659519,3.278742760095035e-06,0.03332871464657272,1.2859682009712202e-06,0.0037497794246253175,0.9374945189008579,8.620082583414869e-06
1.4,-0.15,pairing,58387977,44,-0.8508063189951678,2.7955206611665445e-06,0.03332882227938484,1.1054942604145728e-06,0.0037497454508167057,0.9374944833299905,7.8150545083873e-06
1.4,-0.15,pairing,58387977,45,-0.8508063197714181,2.401737519075109e-06,0.033328697463545394,9.551270565800654e-07,0.0037497446009376913,0.9374945521797509,7.248491805025906e-06
1.4,-0.15,pairing,58387977,46,-0.8508063194960087,2.0722126711584343e-06,0.033328727375951266,8.470640886099546e-07,0.003749760021569728,0.9374945208716081,6.164811724585752e-06
1.4,-0.15,pairing,58387977,47,-0.8508063194576327,1.8406400801966687e-06,0.033328719849976075,7.737024065948038e-07,0.0037497574609824877,0.9374945297700666,5.578877637492914e-06
1.4,-0.15,pairing,58387977,48,-0.850806319463295,1.661371618062485e-06,0.033328691042641925,7.358646201083265e-07,0.0037498216148391084,0.9374944858290168,5.332547406536632e-06
1.4,-0.15,pairing,58387977,49,-0.8508063190774641,1.5659203937333563e-06,0.03332871166378799,7.252729520185175e-07,0.003749765317151688,0.9374945189026641,4.8931399471399755e-06
1.4,-0.15,pairing,58387977,50,-0.8508063195414618,1.499752088426737e-06,0.03332871422620668,7.362350102432458e-07,0.0037497736610225944,0.9374945076463211,4.574668598358982e-06
1.4,-0.15,pairing,58387977,51,-0.8508063197448396,1.5049185939390254e-06,0.033328711863380114,7.628741282966123e-07,0.00374977470615496,0.9374945306236712,4.461548613310417e-06
1.4,-0.15,pairing,58387977,52,-0.8508063192688118,1.5172365596710909e-06,0.03332871862595269,7.995907314929939e-07,0.0037497545661641144,0.9374945387754182,4.2612486225244256e-06
1.4,-0.15,pairing,58387977,53,-0.8508063194501467,1.5750325666654146e-06,0.033328695960033794,8.429394630482071e-07,0.0037498158873346247,0.9374944937335976,3.866410275873421e-06
1.4,-0.15,pairing,58387977,54,-0.8508063191657745,1.62554118920156e-06,0.033328693045141716,8.891118510658857e-07,0.00374979739826325,0.9374945010531345,3.587778620459574e-06
1.4,-0.15,pairing,58387977,55,-0.850806319072196,1.7013000495237865e-06,0.033328710307642014,9.370764608498668e-07,0.003749765703692535,0.9374945294257089,3.3035372421658317e-06
1.4,-0.15,pairing,58387977,56,-0.850806319392357,1.760867795055683e-06,0.03332871805089212,9.842215391843746e-07,0.0037497583277136645,0.9374945296784952,3.1514390966896555e-06
1.4,-0.15,pairing,58387977,57,-0.8508063194559516,1.8397607141229758e-06,0.03332872289433101,1.030825880272039e-06,0.003749757160488941,0.9374945281831513,2.881169921878614e-06
1.4,-0.15,pairing,58387977,58,-0.8508063192055755,1.9010035801693246e-06,0.03332872978607667,1.074850350903416e-06,0.003749726475763075,0.9374945620731768,2.6700199432849667e-06
1.4,-0.15,pairing,58387977,59,-0.8508063197590461,1.975052903085061e-06,0.03332872552069288,1.1174527924990402e-06,0.003749765428002399,0.9374945229644943,2.4167462692728684e-06
1.4,-0.15,pairing,58387977,60,-0.8508063193202502,2.0318243651567866e-06,0.033328725565056526,1.1567679682769073e-06,0.003749740803750609,0.9374945457598833,2.232480652836678e-06
1.25,-0.4,stripe,58387978,1,-1.108656462124919,0.19532741641575224,0.00047097147149287885,0.20726361655609127,0.04923768094867408,0.9374994534618898,0.22230642722315436
1.25,-0.4,stripe,58387978,2,-1.1086461282867683,0.1721896265080788,0.00020952793825499864,0.18392851944450492,0.04339710679560893,0.937499460872401,0.10181833768770204
1.25,-0.4,stripe,58387978,3,-1.1085127748272448,0.1597896088100889,0.00017217863582993397,0.17159450216394878,0.04062993209662039,0.9374994504845747,0.06326323762048733
1.25,-0.4,stripe,58387978,4,-1.1084572634036376,0.1525093785496017,0.00025837223070164213,0.16437064788977102,0.039117103254111905,0.9374985171449058,0.043683676103021415
1.25,-0.4,stripe,58387978,5,-1.1084280901180195,0.14801838332821196,0.0006367502268994923,0.15986317770686728,0.0382538854730193,0.9374903476201312,0.03259924106973251
1.25,-0.4,stripe,58387978,6,-1.108410470696238,0.14522659785836012,0.00048134276141708243,0.1569868317367289,0.037782999396385665,0.9375007702506214,0.025468204967192775
1.25,-0.4,stripe,58387978,7,-1.108399839934676,0.14349247699456336,0.0003677483989878254,0.15511324924400197,0.03753931538591905,0.9375005632282509,0.020553196349942317
1.25,-0.4,stripe,58387978,8,-1.1083931079850657,0.14242335473150936,0.00028935258885798407,0.1538782905471678,0.037416784361149216,0.9375003302137748,0.01686152817215581
1.25,-0.4,stripe,58387978,9,-1.1083884904133081,0.14179277891038802,0.00023268389381798094,0.1530634061822133,0.03737406454652486,0.9375002002796136,0.014090596674606737
1.25,-0.4,stripe,58387978,10,-1.108385457764775,0.14144370504488452,0.00018913549730613065,0.15252916213244738,0.03737648612789315,0.937500128280053,0.011737066104172082
1.25,-0.4,stripe,58387978,11,-1.1083835025501676,0.1412696138714705,0.00015596388000273787,0.1521787314285906,0.03739710545464947,0.9375000832967619,0.009848110290505223
1.25,-0.4,stripe,58387978,12,-1.1083821864962171,0.1412014440609381,0.0001289241946650013,0.15194943452526305,0.037427583080165354,0.9375000554400603,0.008269020380552406
1.25,-0.4,stripe,58387978,13,-1.1083812000473587,0.14119852609162756,0.00010689023823677376,0.15180108705361536,0.03746445152981761,0.937500037928657,0.0070159756987288446
1.25,-0.4,stripe,58387978,14,-1.1083805552310921,0.14123727262943317,8.857319749346176e-05,0.15171263248356734,0.037503600718222854,0.9375000200234481,0.00596502000018482
1.25,-0.4,stripe,58387978,15,-1.1083800726227426,0.14130438739457926,7.443690927897766e-05,0.15166434387280245,0.03755046655880879,0.9375000174695364,0.005244570794698153
1.25,-0.4,stripe,58387978,16,-1.108379853224357,0.14137692923013964,6.195603533305045e-05,0.15163679058827212,0.037584368286196296,0.9375000114415446,0.004551861823479931
1.25,-0.4,stripe,58387978,17,-1.108379753287847,0.1414486025086699,5.189232934812091e-05,0.15162550620328424,0.03761407465982567,0.9375000081714263,0.003988093949838741
1.25,-0.4,stripe,58387978,18,-1.1083797876433115,0.1415111877063576,4.335243774443558e-05,0.15161239053088146,0.037637242544788826,0.9375000057914296,0.003589447654894389
1.25,-0.4,stripe,58387978,19,-1.1083797316387831,0.14157311294128994,3.625663825252852e-05,0.15161065711280453,0.03766288147654886,0.9375000041559411,0.003214330395227053
1.25,-0.4,stripe,58387978,20,-1.10837971956833,0.14162852932222034,3.0217837628307294e-05,0.15161264543023267,0.03768287518183197,0.9375000028735757,0.0029113735504634444
1.25,-0.4,stripe,58387978,21,-1.1083797131331623,0.1416788806306036,2.525050403063087e-05,0.15161776965442955,0.03770075883390961,0.9375000010950637,0.0026561008523984515
1.25,-0.4,stripe,58387978,22,-1.1083797204644943,0.14172306779059274,2.1419963109401993e-05,0.1516196536213864,0.03771534301578689,0.9375000009277796,0.0025260392652419754
1.25,-0.4,stripe,58387978,23,-1.1083797591803295,0.14176232326094673,1.7871610340588605e-05,0.1516255902511026,0.037727909030651104,0.9374999999895991,0.002308393070535805
1.25,-0.4,stripe,58387978,24,-1.1083798076452849,0.14179425925939432,1.4925639434794245e-05,0.1516290078761248,0.037737007228667775,0.9375000007634794,0.0022006205137264953
1.25,-0.4,stripe,58387978,25,-1.1083797919439955,0.14182525009246422,1.2800495170460687e-05,0.15163447560819895,0.03774829987944319,0.9375000001348486,0.0021123218646930016
1.25,-0.4,stripe,58387978,26,-1.1083798880732603,0.1418496896738695,1.0998496525448363e-05,0.15163071273237363,0.037755250927744684,0.9375000002464222,0.002258416993646196
1.25,-0.4,stripe,58387978,27,-1.108379945744344,0.1418699329868544,9.329118519262106e-06,0.15163058314679959,0.037760465262947386,0.9374999973052672,0.002076030574804848
1.25,-0.4,stripe,58387978,28,-1.1083799634279332,0.14188845667694008,7.886433441468991e-06,0.15163336541381905,0.03776697819165755,0.9374999999456622,0.002016669858464214
1.25,-0.4,stripe,58387978,29,-1.1083800438900395,0.14190156256798664,6.898936368988555e-06,0.15163322455272868,0.03776990309160221,0.9374999996291284,0.0018835622258388202
1.25,-0.4,stripe,58387978,30,-1.1083800541268212,0.14191496266040096,5.730687488784152e-06,0.151635829096712,0.03777411376232305,0.9374999992088335,0.0018091255396062232
1.25,-0.4,stripe,58387978,31,-1.1083800807313124,0.1419256825558152,4.778164061576348e-06,0.15163872844594786,0.03777715630841901,0.9375000003521292,0.0016543928652614315
1.25,-0.4,stripe,58387978,32,-1.108380132543689,0.14193307106733793,4.04375206485908e-06,0.15163964745102154,0.03777864538534956,0.9374999994742557,0.0015844270104483204
1.25,-0.4,stripe,58387978,33,-1.1083801905978121,0.14193807703327396,3.3618182979495573e-06,0.1516402301055783,0.03777959205477699,0.9375000004152821,0.0015378306677120018
1.25,-0.4,stripe,58387978,34,-1.1083802185830318,0.14194335742286254,2.864818843894988e-06,0.15164098684913682,0.03778134651435252,0.9375000007614318,0.0014846203889373804
1.25,-0.4,stripe,58387978,35,-1.1083802310490274,0.14194991792594547,2.3450978072682405e-06,0.15164328552095727,0.03778367487399685,0.9374999997161225,0.0014478452799631819
1.25,-0.4,stripe,58387978,36,-1.1083801665563044,0.14195873549986823,1.8492445643625908e-06,0.15164941140060126,0.03778799965763618,0.9375000000467549,0.0013947321187757662
1.25,-0.4,stripe,58387978,37,-1.1083802069587863,0.14196536395063816,1.4492612852187398e-06,0.15165371192666804,0.037788744617523955,0.9375000001934332,0.0013145721849578582
1.25,-0.4,stripe,58387978,38,-1.1083803275227426,0.1419646555360073,1.1731387777446902e-06,0.15164699754285912,0.03778552846451738,0.937499999153683,0.0013686873513953685
1.25,-0.4,stripe,58387978,39,-1.1083803205373215,0.1419650516606372,9.387969165738466e-07,0.15164588267768453,0.037787067127161976,0.9374999977489189,0.0013389308900725611
1.25,-0.4,stripe,58387978,40,-1.1083802792560644,0.1419664959312375,1.0341343881628323e-06,0.15164352447753035,0.03778734815098196,0.9374999988524982,0.0012709654887545492
1.25,-0.4,stripe,58387978,41,-1.1083803394086287,0.14196668441632812,9.615185505242636e-07,0.15163944428844678,0.037787091270790836,0.9374999995054772,0.0012800383733805683
1.25,-0.4,stripe,58387978,42,-1.1083804527222176,0.14196358926174332,8.301695115312227e-07,0.1516338100566056,0.03778313767461958,0.9374999999720454,0.0012827218645925544
1.25,-0.4,stripe,58387978,43,-1.1083803925183746,0.14196279583743124,6.826055097868857e-07,0.15163074202239685,0.037783650774805826,0.9374999999445431,0.001168626268124252
1.25,-0.4,stripe,58387978,44,-1.1083804690838102,0.14195987597917312,6.946358785506515e-07,0.1516261926692201,0.03778140102002376,0.9374999993708,0.0011650318486012394
1.25,-0.4,stripe,58387978,45,-1.1083804497229628,0.1419582705667615,6.922463819851423e-07,0.15162341201781243,0.0377812145190479,0.9374999983186109,0.001078191769995646
1.25,-0.4,stripe,58387978,46,-1.1083804227087821,0.14195817459556923,5.89132704918042e-07,0.15162150290857423,0.037781285154837016,0.9374999989522168,0.001004213307841124
1.25,-0.4,stripe,58387978,47,-1.1083804125825993,0.14195986417352457,5.255305428112283e-07,0.15162330310605523,0.037781295521617964,0.9374999995524415,0.0009657142529440681
1.25,-0.4,stripe,58387978,48,-1.1083804251453677,0.141961912809733,5.249452406845946e-07,0.1516253202205716,0.037783165104300284,0.9374999986995977,0.0009554775847625746
1.25,-0.4,stripe,58387978,49,-1.1083804298024815,0.14196195105807138,5.038956987599563e-07,0.15162722694652067,0.03778167020659002,0.9374999998999494,0.0008850796959044688
1.25,-0.4,stripe,58387978,50,-1.1083804674200095,0.14196167975239693,4.413639037609783e-07,0.1516284816892272,0.037781299476597925,0.9374999991066065,0.0008440473420229266
1.25,-0.4,stripe,58387978,51,-1.1083805059348502,0.14196009508673743,3.62702406605818e-07,0.15162813976624961,0.037780018487969316,0.937499999998464,0.0008505454032903628
1.25,-0.4,stripe,58387978,52,-1.1083805148994428,0.14195994921140007,3.002909778294189e-07,0.1516304147816925,0.03778034061442892,0.9375000000900509,0.0008336584530825493
1.25,-0.4,stripe,58387978,53,-1.1083804414878775,0.14196079131560715,2.6235076686282835e-07,0.15163407885307234,0.037780541360935206,0.9375000000538262,0.0007844521255833442
1.25,-0.4,stripe,58387978,54,-1.1083804539448605,0.14196224500092694,2.1491043675125976e-07,0.15163660979890053,0.0377815419105633,0.9374999999891365,0.0007476419005649453
1.25,-0.4,stripe,58387978,55,-1.1083804631962308,0.14196409146470193,1.781935926010659e-07,0.15163952181026458,0.03778273494112743,0.9374999999408692,0.0007027398915870325
1.25,-0.4,stripe,58387978,56,-1.1083804715478756,0.14196540091998025,1.698315827493382e-07,0.15164213830200005,0.037782578942089744,0.9375000001672332,0.0006707577643242981
1.25,-0.4,stripe,58387978,57,-1.1083804766781777,0.14196746834869467,1.3855496740907006e-07,0.15164429716947564,0.03778341386649443,0.9375000001922673,0.0006231619890179109
1.25,-0.4,stripe,58387978,58,-1.108380486378922,0.14196886339109685,1.3122259047872693e-07,0.15164507079330786,0.037783297417684145,0.9374999982967417,0.000594619893813145
1.25,-0.4,stripe,58387978,59,-1.1083804758002043,0.14197124031826516,8.801906651291457e-08,0.15164713760320736,0.03778450531710073,0.937500000073036,0.0005379695941038894
1.25,-0.4,stripe,58387978,60,-1.1083805765537325,0.14196955369927605,1.8720438887610425e-07,0.15164425772758747,0.03778190679769467,0.9374999988850697,0.0005654284311002204
1.25,-0.4,pairing,58387979,1,-1.1087484052040846,0.012021462090522897,0.028668842004664956,0.012636540203295335,0.004326586975847702,0.9374992018767243,0.1696946751851814
1.25,-0.4,pairing,58387979,2,-1.1084074738115803,0.011026184957959529,0.028431776272796007,0.011502817704830678,0.004602970796902775,0.9374994653617872,0.007488477882279424
1.25,-0.4,pairing,58387979,3,-1.1084127901533525,0.010131283995345328,0.02840414248608766,0.01047496024240398,0.004565322765738372,0.9375000006830344,0.005619784768763199
1.25,-0.4,pairing,58387979,4,-1.1084124418842358,0.009317332762652824,0.028406646364620064,0.009545404621634276,0.004557276232580493,0.9375000017202193,0.005038012740613885
1.25,-0.4,pairing,58387979,5,-1.1084124473795904,0.008572468715969587,0.028411745460708064,0.008703772440569796,0.004539758458970589,0.9374999983605102,0.0045635098859934334
1.25,-0.4,pairing,58387979,6,-1.1084124495231868,0.007889270154044007,0.028416575305332155,0.007941310408810071,0.004524927893932539,0.9375000379746053,0.004150647433600322
1.25,-0.4,pairing,58387979,7,-1.1084125381812382,0.007260427787066957,0.028421569794782307,0.00724830144560754,0.004515404836758056,0.9374908016462652,0.003793976061085186
1.25,-0.4,pairing,58387979,8,-1.1084124300363958,0.006683042216553115,0.028425356026955576,0.006620137927736464,0.004501857424900252,0.9374998338201226,0.0034627848002698474
1.25,-0.4,pairing,58387979,9,-1.1084124899225996,0.006153007713852015,0.028427873193387746,0.006051143102833051,0.004492771523446977,0.9374939083988031,0.003164556027950672
1.25,-0.4,pairing,58387979,10,-1.1084124601108414,0.005665015773910228,0.02843117003217508,0.0055326751901426975,0.004484067562017072,0.9374999849627214,0.002901952021576099
1.25,-0.4,pairing,58387979,11,-1.1084125294611076,0.005216165286611527,0.028433581432910603,0.005061218315841683,0.004478136496210608,0.9374952661409576,0.0026610601075801963
1.25,-0.4,pairing,58387979,12,-1.1084123579865095,0.004803537362717276,0.028443036528979504,0.0046333523690598516,0.0044468719382813335,0.9375050649121285,0.0024434768299462085
1.25,-0.4,pairing,58387979,13,-1.1084126066564695,0.004423756838033773,0.028437203682698604,0.0042423941742450325,0.004469142557418835,0.9374988058083789,0.0022480020638670326
1.25,-0.4,pairing,58387979,14,-1.108412463966258,0.004075239164346266,0.02843666463004361,0.0038877842197563386,0.004460168915927939,0.9374995302864492,0.0020563247826446817
1.25,-0.4,pairing,58387979,15,-1.1084124536187328,0.003754219356934614,0.028439995170685843,0.0035636348717709636,0.004448104966576804,0.9375004965580847,0.0018911558596877674
1.25,-0.4,pairing,58387979,16,-1.108412521054929,0.0034589779770627105,0.028438563423653723,0.003268189960933982,0.004455291505534435,0.9374948014810194,0.0017403019193347304
1.25,-0.4,pairing,58387979,17,-1.1084124483455842,0.0031869098001096386,0.02843951888023636,0.0029977346434518688,0.0044498294842248995,0.9374953433160016,0.0016018823145470132
1.25,-0.4,pairing,58387979,18,-1.1084124351825686,0.0029364248389694924,0.028440979886317806,0.0027505749227988317,0.004445375373950687,0.9374947451445624,0.0014741289359726723
1.25,-0.4,pairing,58387979,19,-1.108412442331511,0.0027057979440925513,0.02844223343146194,0.0025246254568115777,0.004443089828269003,0.9374939577061554,0.0013572578467124037
1.25,-0.4,pairing,58387979,20,-1.1084124607401764,0.0024934099784733074,0.028441699900385805,0.002317810670858645,0.004443609938336585,0.9374922344778118,0.0012506080527278625
1.25,-0.4,pairing,58387979,21,-1.10841246076275,0.0022977287710092974,0.028442239057899676,0.0021286346753568194,0.004441235338722385,0.9374918655301009,0.0011528073212865664
1.25,-0.4,pairing,58387979,22,-1.1084124556035224,0.002117459036099516,0.028442686297016944,0.0019553803246339188,0.0044402545462726,0.9374913833767677,0.001062636909728614
1.25,-0.4,pairing,58387979,23,-1.1084124544217937,0.0019513754618751846,0.02844315177072852,0.0017966065880546437,0.0044387684638576026,0.9374909648321215,0.0009793388100817334
1.25,-0.4,pairing,58387979,24,-1.1084124477643948,0.0017983593651765524,0.028443703609995843,0.001651064294220166,0.0044372481085833675,0.9374906188537955,0.0009026796296067332
1.25,-0.4,pairing,58387979,25,-1.1084124604973935,0.0016573850113958937,0.02844381640449967,0.0015176373896327142,0.004436106674845424,0.9374901727835734,0.0008321104307815189
1.25,-0.4,pairing,58387979,26,-1.1084124288609616,0.0015275164734114637,0.028444255873313982,0.0013952143662727167,0.0044338555647177695,0.9375003492026134,0.0007688578377025167
1.25,-0.4,pairing,58387979,27,-1.1084124620723073,0.0014079733752798548,0.028444054056632178,0.0012830981067781942,0.004433291150844395,0.9374998645674544,0.0007074889262180873
1.25,-0.4,pairing,58387979,28,-1.1084124297379316,0.0012979234394731977,0.02844654419341607,0.001180350601274609,0.004425744475168389,0.9375025138429153,0.0006523889611537
1.25,-0.4,pairing,58387979,29,-1.1084124881465491,0.00119643859116937,0.02844470008207254,0.0010858878083890974,0.004433766088591185,0.9374990101598617,0.0006023961120414255
1.25,-0.4,pairing,58387979,30,-1.1084124586567463,0.0011028703369913506,0.02844442712916364,0.0009991309554669232,0.004431811090589228,0.9374993370313692,0.0005542769295512807
1.25,-0.4,pairing,58387979,31,-1.1084124589981108,0.0010166113961056988,0.028444532288663314,0.0009194081080079995,0.004431835611781643,0.9374992707350422,0.0005113042648094367
1.25,-0.4,pairing,58387979,32,-1.1084124613634614,0.0009371758755952514,0.0284445142028394,0.000846227544508325,0.0044315510035430545,0.937498992080597,0.0004711678025517063
1.25,-0.4,pairing,58387979,33,-1.108412459223637,0.0008639847547834258,0.028444579282452434,0.0007789835405076855,0.004431332142235297,0.9374989629117647,0.0004343454911542227
1.25,-0.4,pairing,58387979,34,-1.10841245147665,0.000796497320647686,0.028445044251981258,0.0007171465135457997,0.00442915908904499,0.9374995826622099,0.0004009940285804047
1.25,-0.4,pairing,58387979,35,-1.1084124582898764,0.0007343255873692207,0.02844527378535102,0.0006603422176964275,0.004429710330859625,0.9374993831409728,0.0003695020329063078
1.25,-0.4,pairing,58387979,36,-1.1084124637837394,0.0006770120515149309,0.028445268551988107,0.0006080733255681536,0.004429174108222174,0.9374992629241207,0.00034080761842111856
1.25,-0.4,pairing,58387979,37,-1.108412362402617,0.0006244816637992064,0.028453200882192203,0.0005602871114887084,0.004408768912184,0.9375097966987187,0.0003356671288109007
1.25,-0.4,pairing,58387979,38,-1.1084125866484655,0.0005758805354321748,0.0284460319160233,0.0005161789077116046,0.00443448828813545,0.9374966060154146,0.00032611083763596743
1.25,-0.4,pairing,58387979,39,-1.1084124533177693,0.0005310193920194313,0.028444947792926636,0.00047549400253000894,0.004429464602220934,0.9374989917084299,0.00026937435127023443
1.25,-0.4,pairing,58387979,40,-1.1084124603022314,0.00048959556467172,0.028445211943251267,0.00043798553184294257,0.004428544697727957,0.9374991682688654,0.0002469896292227661
1.25,-0.4,pairing,58387979,41,-1.1084124578113874,0.0004514304254781216,0.028445240855618167,0.0004034805158552801,0.004428682381029106,0.9374992497297283,0.00022779867052570053
1.25,-0.4,pairing,58387979,42,-1.1084123708322071,0.00041643985984509606,0.02845283533093611,0.0003720702910944263,0.004407954235596075,0.9375098678353383,0.0002428536478393047
1.25,-0.4,pairing,58387979,43,-1.1084125755874181,0.00038397311375866505,0.0284461425407375,0.0003427758717765017,0.004432091250258202,0.937497068613778,0.00024044356355882793
1.25,-0.4,pairing,58387979,44,-1.1084124559284052,0.0003540065508734285,0.028445153835613173,0.00031576841551741905,0.00442914680690067,0.9374989753436394,0.0001804735630934542
1.25,-0.4,pairing,58387979,45,-1.1084124585321966,0.0003263882256285368,0.028445414562176304,0.0002909278301343587,0.004428055723219851,0.9374993135452752,0.0001654047207040897
1.25,-0.4,pairing,58387979,46,-1.1084124676707867,0.00030095111961895654,0.028444936694110457,0.0002680532995743612,0.004430635010902595,0.9374983317921693,0.00015317512325359117
1.25,-0.4,pairing,58387979,47,-1.1084124575240286,0.0002774860135203113,0.028445461616482714,0.00024700889614039746,0.004427906503758104,0.9374993566317094,0.00014151702813543224
1.25,-0.4,pairing,58387979,48,-1.1084124314064174,0.00025578935945145566,0.028447403303018325,0.0002276242968302919,0.004423274208397052,0.9375018451703896,0.00013381577291021572
1.25,-0.4,pairing,58387979,49,-1.1084125093597852,0.00023580272282567856,0.028445180297896257,0.00020972932912498358,0.004430118382437414,0.937498018806201,0.00012756520402869726
1.25,-0.4,pairing,58387979,50,-1.1084124553782069,0.00021740622573569984,0.02844550630835286,0.00019331637271164452,0.004427653270500324,0.9374994683738966,0.00011235863098713651
1.25,-0.4,pairing,58387979,51,-1.1084124699372393,0.00020040886296643305,0.02844546995625791,0.00017812533034972653,0.004428029759981402,0.9374991029329681,0.00010258216998731553
1.25,-0.4,pairing,58387979,52,-1.1084124590850435,0.00018475382234215256,0.02844559223431636,0.00016417975580941343,0.0044279249019131455,0.9374994058240123,9.497164331967736e-05
1.25,-0.4,pairing,58387979,53,-1.1084124579810664,0.000170278306363006,0.028445653153487016,0.00015124222540839995,0.004428398670276528,0.9374993158847927,8.801895075131658e-05
1.25,-0.4,pairing,58387979,54,-1.1084124682468615,0.00015695532222351105,0.02844549701493835,0.0001393596290525846,0.004427678899677025,0.9374992203108076,8.036106692195361e-05
1.25,-0.4,pairing,58387979,55,-1.1084124675953175,0.0001446604293757626,0.028445469103800972,0.00012842235682647567,0.004427877335000405,0.9374991649909827,7.445423091680863e-05
1.25,-0.4,pairing,58387979,56,-1.1084124625138096,0.00013331040203655138,0.02844546143122649,0.00011832379851602382,0.00442803563018722,0.9374991626895731,6.846096000891902e-05
1.25,-0.4,pairing,58387979,57,-1.1084124603395316,0.0001228330175326013,0.02844557423321085,0.00010898497970257534,0.004427892057102007,0.9374993460864989,6.327545392644128e-05
1.25,-0.4,pairing,58387979,58,-1.1084124757828002,0.0001131816761819201,0.028445025204265225,0.0001003965801078859,0.004429480427538013,0.9374984244272326,5.942792610244537e-05
1.25,-0.4,pairing,58387979,59,-1.108412453399289,0.00010426870167045789,0.028445498345194158,9.248562874980676e-05,0.0044279780734681595,0.9374993745883019,5.552836060319347e-05
1.25,-0.4,pairing,58387979,60,-1.1084124678784717,9.60499693795009e-05,0.02844548660980337,8.519040596228395e-05,0.004427760211149791,0.9374992131300559,5.10454953539128e-05
1.3,-0.4,stripe,58387980,1,-1.126788690597623,0.18368456470297279,0.0007018942588760369,0.19518136588303345,0.048873569400606776,0.9374966966133551,0.26986421345056627
1.3,-0.4,stripe,58387980,2,-1.1268926783875446,0.15279389671183766,0.0004771819257430109,0.16371971724428722,0.04068655869340283,0.9374988146680805,0.13975837147417583
1.3,-0.4,stripe,58387980,3,-1.126786956413883,0.1341476201834576,0.0006723226632361633,0.14472164497008633,0.03657973595987295,0.9374950508814748,0.09702449335526434
1.3,-0.4,stripe,58387980,4,-1.1267481470593614,0.121532475214656,0.0010406885691744126,0.1317311582551268,0.034043919384557496,0.9375014455627926,0.07270909122245477
1.3,-0.4,stripe,58387980,5,-1.1267285998507426,0.11232178927550222,0.0021685871888426976,0.12210340626881225,0.03231879823102054,0.9374979531987512,0.05691014035134763
1.3,-0.4,stripe,58387980,6,-1.1267206286302298,0.10477681395543165,0.005855656470418408,0.11406577216265822,0.030590163110436025,0.9374979639048486,0.050209753537170394
1.3,-0.4,stripe,58387980,7,-1.1267341971981943,0.09581913098049247,0.01468335343988365,0.10415163310392925,0.026405111851132385,0.9375017381007356,0.06795711906218725
1.3,-0.4,stripe,58387980,8,-1.1267804952038842,0.08283888653906561,0.023337438415589686,0.08956847057855578,0.018950869758414392,0.9374922981106377,0.08470381384885607
1.3,-0.4,stripe,58387980,9,-1.1268211450790149,0.06907092295795872,0.027396499000446058,0.07427820288593104,0.013488304075632056,0.9374990377437671,0.07704281816718814
1.3,-0.4,stripe,58387980,10,-1.1268403305589487,0.05660242499083831,0.029123650947314117,0.06055546983271365,0.01003727761827731,0.9375062365282197,0.06762021665473317
1.3,-0.4,stripe,58387980,11,-1.1268480860303582,0.045938738466633544,0.029951138818258612,0.04888976629499199,0.007806396868574673,0.9375050834198879,0.058154835028465
1.3,-0.4,stripe,58387980,12,-1.1268513484914051,0.03706276778091411,0.030399308516624587,0.039231956602688904,0.006367557074196103,0.9375031129983887,0.04891602292632556
1.3,-0.4,stripe,58387980,13,-1.1268529629694295,0.02978800953938366,0.030657723833772424,0.03135990288059457,0.005455010958821893,0.9375008385438311,0.04046545456884245
1.3,-0.4,stripe,58387980,14,-1.1268538081046353,0.023887560549773545,0.03081087531692828,0.02501025132416996,0.004890859467114464,0.9375095503462957,0.03306735176689642
1.3,-0.4,stripe,58387980,15,-1.1268544977033832,0.019128408165790763,0.030903088837072785,0.0199172331844508,0.004540735121978707,0.9375014972430761,0.02683346316617356
1.3,-0.4,stripe,58387980,16,-1.1268548288679374,0.015305219299943973,0.03096022608569909,0.015849392163199416,0.004321990849568114,0.9375006247023142,0.02166494223040436
1.3,-0.4,stripe,58387980,17,-1.1268550332224028,0.012241527750587258,0.030996017221479454,0.01260816302205072,0.004187687461528271,0.9374977328954566,0.017436636532781612
1.3,-0.4,stripe,58387980,18,-1.1268550777156983,0.009789779924682612,0.03101956392363572,0.010029509888915445,0.004100068625354656,0.9374990130952588,0.014008118582417555
1.3,-0.4,stripe,58387980,19,-1.1268551299475353,0.007829136515805513,0.03103473220286688,0.007979392247356273,0.004044406466069059,0.9375017419377019,0.011241997326085114
1.3,-0.4,stripe,58387980,20,-1.1268552315528555,0.0062617255301220505,0.031043944976112937,0.006349724782976264,0.004009616149360983,0.9374995213820904,0.009016392550420587
1.3,-0.4,stripe,58387980,21,-1.1268552508864784,0.005008960337732671,0.031050143995828793,0.005054451323041668,0.003986846047642154,0.9375004607582356,0.007228298753063882
1.3,-0.4,stripe,58387980,22,-1.1268552951350357,0.0040075880519010315,0.03105401408066821,0.0040245008848100615,0.003974431238932325,0.937492142338431,0.00579514085631748
1.3,-0.4,stripe,58387980,23,-1.126855214944397,0.003207160852111504,0.031056463075184795,0.003205739055507057,0.0039629269563399,0.937500087812748,0.004644777547557213
1.3,-0.4,stripe,58387980,24,-1.1268553040867464,0.0025670919711214125,0.03105829188713365,0.002554383560059292,0.003957316250065116,0.9374960513119399,0.0037243611117665073
1.3,-0.4,stripe,58387980,25,-1.1268553030950634,0.0020551885217073265,0.03105909835746136,0.002036102747776128,0.003955335127260599,0.9374938969827362,0.0029859432467491
1.3,-0.4,stripe,58387980,26,-1.1268552938767957,0.0016456960465894396,0.03105987169628094,0.0016235396068357754,0.003952013361497918,0.9374929661002763,0.0023948168564980137
1.3,-0.4,stripe,58387980,27,-1.126855305038295,0.0013180545211766478,0.031060395528587664,0.0012949893702577867,0.003949959236497675,0.93749247275103,0.0019209120563169757
1.3,-0.4,stripe,58387980,28,-1.126855306036277,0.0010558169061682255,0.031060683979374778,0.0010332950760403089,0.003949169595292821,0.9374919385613679,0.0015406767136684513
1.3,-0.4,stripe,58387980,29,-1.1268552921233883,0.000845912072350659,0.031060679711315636,0.0008247482526592958,0.003950043545783858,0.9374912734441496,0.0012354361365719102
1.3,-0.4,stripe,58387980,30,-1.1268552867771875,0.000677830888947759,0.031060796242459925,0.0006585024266078694,0.003948896794658154,0.9374913705147373,0.0009914351911576213
1.3,-0.4,stripe,58387980,31,-1.1268552912502676,0.0005432685129054814,0.031060857905692255,0.0005259231456673203,0.0039493227390290705,0.9374910312478565,0.0007952533615743428
1.3,-0.4,stripe,58387980,32,-1.1268552947572732,0.0004354334334184197,0.03106088774666692,0.0004201167019722389,0.003948977622328431,0.9374909573173713,0.0006383913787290691
1.3,-0.4,stripe,58387980,33,-1.126855296828729,0.00034909594517782967,0.031060918530017384,0.00033570771377981225,0.003948428563685196,0.937491075535347,0.0005120396841463349
1.3,-0.4,stripe,58387980,34,-1.126855300607908,0.00027984474418709537,0.031060655192034797,0.00026827976287153543,0.003949139909069289,0.9374908682725006,0.0004116566352067704
1.3,-0.4,stripe,58387980,35,-1.1268552952379336,0.00022441529786090705,0.031060913517415863,0.0002144543956234507,0.00394830729146776,0.937491008213139,0.0003297952055380818
1.3,-0.4,stripe,58387980,36,-1.1268552965390148,0.00018002610685689108,0.031060919092392565,0.00017147904860381126,0.00394873646816555,0.9374908014434576,0.00026535178840196523
1.3,-0.4,stripe,58387980,37,-1.1268552973509263,0.00014437067763017103,0.03106090666603371,0.00013711236450402923,0.003948371767867881,0.9374910271159681,0.00021301501010064603
1.3,-0.4,stripe,58387980,38,-1.1268553067093237,0.00011582129262689892,0.031060938058500746,0.00010968863386550164,0.003948322231063862,0.937490760460116,0.00017085431775353034
1.3,-0.4,stripe,58387980,39,-1.1268553051396493,9.286510076432245e-05,0.03106094333687359,8.77637863667088e-05,0.003948309358238389,0.9374907989355632,0.0001375561266755741
1.3,-0.4,stripe,58387980,40,-1.1268552968168533,7.456476060359864e-05,0.031060989424870525,7.025389940949494e-05,0.003948298839917787,0.9374909662791263,0.00011077588257866671
1.3,-0.4,stripe,58387980,41,-1.1268552911441554,5.9809864141946784e-05,0.031060950155860592,5.626357697779886e-05,0.003948644802988017,0.9374908135548252,8.891652241794406e-05
1.3,-0.4,stripe,58387980,42,-1.1268552974229327,4.8011393256774826e-05,0.031060989906385162,4.5054410067991186e-05,0.003948218419614618,0.9374909894717041,7.246483914384397e-05
1.3,-0.4,stripe,58387980,43,-1.1268553011186342,3.852204506651901e-05,0.031060897336877693,3.6055617361998314e-05,0.003948434383165286,0.937490945248606,5.877582389302314e-05
1.3,-0.4,stripe,58387980,44,-1.1268553005919884,3.0927047301878015e-05,0.031060660779461763,2.8868430949150763e-05,0.0039488551984140485,0.9374908490120416,4.820540567243772e-05
1.3,-0.4,stripe,58387980,45,-1.1268552959081215,2.473737870515253e-05,0.031061023271788172,2.3092127877155566e-05,0.003947593613206046,0.9374911460962021,4.139114926674246e-05
1.3,-0.4,stripe,58387980,46,-1.1268553078069081,1.9874085095308387e-05,0.031060954054747257,1.8485261210399827e-05,0.003948411825961912,0.9374907191533854,3.520279140919915e-05
1.3,-0.4,stripe,58387980,47,-1.1268553084080364,1.597198267367517e-05,0.0310609076557788,1.4784978928694999e-05,0.003948328690370963,0.9374907712887298,2.6158926624310115e-05
1.3,-0.4,stripe,58387980,48,-1.1268552952098678,1.2908745343925658e-05,0.031060957590874325,1.1857668950995793e-05,0.003948305022810629,0.9374909464146519,2.1452894494392338e-05
1.3,-0.4,stripe,58387980,49,-1.1268552983354165,1.0342497008503025e-05,0.03106092067817515,9.471654312530043e-06,0.003948420457901216,0.9374909560157756,1.8309888809827526e-05
1.3,-0.4,stripe,58387980,50,-1.1268552972261299,8.392676038363118e-06,0.03106095842278486,7.629408416543152e-06,0.003948292433698451,0.937490945302259,2.3181620551578453e-05
1.3,-0.4,stripe,58387980,51,-1.1268553012631004,6.695298837266529e-06,0.03106066810977154,6.123106075016543e-06,0.003948829778852218,0.937490889407448,1.915580043557017e-05
1.3,-0.4,stripe,58387980,52,-1.1268552959914921,5.2767371137494625e-06,0.031060943575139516,4.887862535772746e-06,0.003948283319484391,0.9374909526475338,2.0321284833704776e-05
1.3,-0.4,stripe,58387980,53,-1.1268553094497504,4.181057012194293e-06,0.031060719419195835,3.8855767227405674e-06,0.003948665965911238,0.9374907696879025,1.6540788685662237e-05
1.3,-0.4,stripe,58387980,54,-1.1268552943267236,3.4521576729250154e-06,0.031060959380900966,3.1111759777557177e-06,0.003948242175134907,0.9374910040525586,1.4602118525776186e-05
1.3,-0.4,stripe,58387980,55,-1.126855298580071,2.7721426157225053e-06,0.031060984658000862,2.5220942341266196e-06,0.003948322710492563,0.9374909139803634,1.2045550829797834e-05
1.3,-0.4,stripe,58387980,56,-1.1268552976887922,2.163251090643206e-06,0.031060920962130832,2.018033051302933e-06,0.003948384854307456,0.9374909808477928,1.6242854626911203e-05
1.3,-0.4,stripe,58387980,57,-1.1268552916154688,1.72404281532786e-06,0.031060710899001042,1.6512503699278122e-06,0.003948984695815888,0.9374908529016923,1.5946052285966195e-05
1.3,-0.4,stripe,58387980,58,-1.126855298869985,1.4813549410457574e-06,0.03106066314950544,1.3430199758387318e-06,0.003948943965824204,0.9374908198062172,1.4870576720785006e-05
1.3,-0.4,stripe,58387980,59,-1.1268552848958293,1.1912584599931204e-06,0.031060932217582382,1.095246627449767e-06,0.003948703093852498,0.9374908176465598,1.3396553513815359e-05
1.3,-0.4,stripe,58387980,60,-1.126855289681961,1.0472166448071164e-06,0.03106098190760962,8.669070810360526e-07,0.003948260607153542,0.937490959910975,9.04449441712837e-06
1.3,-0.4,pairing,58387981,1,-1.1270558870608463,0.010493943916853307,0.031176071265506193,0.011060036663526686,0.0038551190532343346,0.9375001305129629,0.11697635944584427
1.3,-0.4,pairing,58387981,2,-1.126851947583359,0.008388381610339403,0.0310536102354825,0.00879966699811796,0.0040499245132814285,0.9374996986624573,0.013488659104016842
1.3,-0.4,pairing,58387981,3,-1.1268554402067834,0.006715657614876066,0.031044701108517696,0.00700058064852553,0.0039987930900397956,0.9374991284111812,0.010466911561939888
1.3,-0.4,pairing,58387981,4,-1.126855235876697,0.005381271952526768,0.03104880840206411,0.005571449047170747,0.0039862394053689605,0.9375004216024531,0.00832986315337858
1.3,-0.4,pairing,58387981,5,-1.1268552497043898,0.004314135668080585,0.031052853669926262,0.004435585476040661,0.0039719576060806994,0.937500062152463,0.006646863742539303
1.3,-0.4,pairing,58387981,6,-1.1268552905343332,0.003459712353080723,0.031055833545433113,0.003532718658728735,0.003964853335286705,0.9374926917100016,0.005309223071969522
1.3,-0.4,pairing,58387981,7,-1.1268552209793232,0.002775384316604608,0.03105761399417568,0.0028149904680878552,0.00395813309239235,0.9375000239639468,0.004242661372720566
1.3,-0.4,pairing,58387981,8,-1.126855305204934,0.0022268490285335704,0.031058703290472556,0.0022440345204800018,0.003955338726284729,0.9374957984071237,0.003393752732009905
1.3,-0.4,pairing,58387981,9,-1.1268552792455573,0.0017870506693645504,0.031059487573826466,0.0017896679921795297,0.003952856058016263,0.9374945053248667,0.0027161815709841096
1.3,-0.4,pairing,58387981,10,-1.126855277367682,0.0014343037735561955,0.031060016521055833,0.0014278873698369465,0.003951439331343086,0.9374934860842913,0.0021748992775623226
1.3,-0.4,pairing,58387981,11,-1.126855286271365,0.0011512812716747165,0.031060334255795376,0.0011396788558910012,0.003950414231407472,0.9374927848758636,0.0017419807457162103
1.3,-0.4,pairing,58387981,12,-1.1268552743971307,0.0009241821768126145,0.031060586377896802,0.0009099827779306013,0.003949834689042122,0.9374924245173336,0.0013957492887196573
1.3,-0.4,pairing,58387981,13,-1.1268552872820825,0.0007418935934089457,0.0310606992832454,0.0007267972310432382,0.0039493877662107775,0.937492101519277,0.0011191226096886823
1.3,-0.4,pairing,58387981,14,-1.1268552951708444,0.0005956259383447142,0.031060785637941256,0.0005807041516014708,0.003949017775252075,0.9374919103221517,0.0008971436491253186
1.3,-0.4,pairing,58387981,15,-1.1268552956649713,0.00047819982892003174,0.031060827700746065,0.0004641043147373053,0.003948933662193444,0.9374918047738852,0.0007197571666501973
1.3,-0.4,pairing,58387981,16,-1.1268552995316923,0.00038395511950606374,0.031060852211836572,0.00037102636935374073,0.003948411969363541,0.9374918775890309,0.0005773843411111752
1.3,-0.4,pairing,58387981,17,-1.126855290231023,0.00030832421895820797,0.031060884866153934,0.0002966903887288029,0.0039486806758616865,0.9374917384774337,0.00046317367682496526
1.3,-0.4,pairing,58387981,18,-1.1268552884172098,0.0002475801584897227,0.031060927890290174,0.00023732741407479687,0.003948718229297941,0.9374916877462798,0.0003716086756155292
1.3,-0.4,pairing,58387981,19,-1.1268552969420167,0.00019873897564166005,0.03106088491151034,0.00018985591204010493,0.003947610948271928,0.9374920927010035,0.00029875386275012467
1.3,-0.4,pairing,58387981,20,-1.1268553005792479,0.00015970461770373502,0.03106095199519135,0.0001519762622783095,0.003948420216863837,0.9374917109333015,0.00023986275354586758
1.3,-0.4,pairing,58387981,21,-1.126855294174062,0.00012822194213764904,0.03106097522522639,0.00012166417200818236,0.003948110601189516,0.9374918603896624,0.00019278057560031425
1.3,-0.4,pairing,58387981,22,-1.126855305311716,0.00010304310331341764,0.031061148727376607,9.742063002232467e-05,0.003947220684872087,0.9374920265505899,0.00015554438227302
1.3,-0.4,pairing,58387981,23,-1.1268553000783785,8.268313720585132e-05,0.03106098604275374,7.801678080347754e-05,0.003948344646785565,0.9374917227973293,0.0001250727597974383
1.3,-0.4,pairing,58387981,24,-1.1268553003063528,6.641169406886251e-05,0.031061058695989824,6.250201736943626e-05,0.003947486798605244,0.9374919204263809,9.966883603862863e-05
1.3,-0.4,pairing,58387981,25,-1.1268553000594965,5.3303811512753644e-05,0.03106091357778973,5.005242176189983e-05,0.0039483747175455995,0.9374917792937625,8.140202737316086e-05
1.3,-0.4,pairing,58387981,26,-1.1268553011659437,4.283757111782516e-05,0.03106090405090847,4.012266584948911e-05,0.003948654968206843,0.9374915089707468,6.574175321632188e-05
1.3,-0.4,pairing,58387981,27,-1.1268552955678228,3.4418414016885555e-05,0.031060947229528863,3.220979324967732e-05,0.003948095365341393,0.9374918407978559,5.347370865416392e-05
1.3,-0.4,pairing,58387981,28,-1.1268552999050003,2.767631471281938e-05,0.031060960634621607,2.58575703202272e-05,0.003948250584104554,0.937491718883501,4.2980289401767496e-05
1.3,-0.4,pairing,58387981,29,-1.1268552978015172,2.2131152515936768e-05,0.03106091854645588,2.073713685870932e-05,0.003948475359131396,0.9374916058389208,3.760591308680769e-05
1.3,-0.4,pairing,58387981,30,-1.1268552975001043,1.7799574031041044e-05,0.031060683250255103,1.664869861091268e-05,0.003948626457240939,0.9374917828919803,3.101425289067398e-05
1.3,-0.4,pairing,58387981,31,-1.1268553154028487,1.440367623290868e-05,0.03106104220305619,1.3390778430336463e-05,0.0039471262353373395,0.9374919083934589,2.680744412743542e-05
1.3,-0.4,pairing,58387981,32,-1.1268553089370776,1.1518443162469028e-05,0.031060716557201933,1.0755793930734875e-05,0.003948713957191947,0.9374915572453981,2.683432491863062e-05
1.3,-0.4,pairing,58387981,33,-1.1268552957491518,9.339833995293439e-06,0.03106094343393339,8.67114073218195e-06,0.003948116199633791,0.9374918078957397,2.1238646367063838e-05
1.3,-0.4,pairing,58387981,34,-1.1268552998157961,7.444993611952105e-06,0.031060938251911963,6.999904699643538e-06,0.003948211407490824,0.9374917719531131,2.124199841217141e-05
1.3,-0.4,pairing,58387981,35,-1.126855293291683,6.017146693570823e-06,0.031060995746553167,5.641740941007097e-06,0.003948611491640129,0.9374916441254684,2.307510223023356e-05
1.3,-0.4,pairing,58387981,36,-1.1268552991541234,4.755908842554166e-06,0.031060940134905794,4.5208627639039094e-06,0.00394854628805334,0.9374915493848804,2.020659872246343e-05
1.3,-0.4,pairing,58387981,37,-1.1268552974292185,3.848361928720704e-06,0.031060949177261467,3.5985302980755824e-06,0.003948100417117655,0.9374918116783079,1.7123046546236014e-05
1.3,-0.4,pairing,58387981,38,-1.1268553004350474,3.1044217944279574e-06,0.031060949333383915,2.837225608671202e-06,0.003948207489948917,0.9374917639409264,1.2791059831098008e-05
1.3,-0.4,pairing,58387981,39,-1.126855299689494,2.503084978215095e-06,0.031060945333050753,2.26581833430535e-06,0.003948205886776807,0.9374917647628547,1.7013363359277408e-05
1.3,-0.4,pairing,58387981,40,-1.1268553047066387,2.0903025472421605e-06,0.031060949264656846,1.8262743687629471e-06,0.003948118426141015,0.9374916400027405,2.0617719409994497e-05
1.3,-0.4,pairing,58387981,41,-1.1268552958888118,1.762025849506262e-06,0.031060928204245827,1.466933782705818e-06,0.003948480710948822,0.9374916885373074,1.862199597024757e-05
1.3,-0.4,pairing,58387981,42,-1.1268552993488101,1.4028024246742588e-06,0.031060876003211214,1.192674770418061e-06,0.003948592189870449,0.937491635506393,1.241876529685561e-05
1.3,-0.4,pairing,58387981,43,-1.1268552946285524,1.0607808673851518e-06,0.03106096844534209,9.330803996848965e-07,0.003948066873971115,0.9374918579756557,1.6299473458851698e-05
1.3,-0.4,pairing,58387981,44,-1.1268553003806967,1.0319170186463538e-06,0.031060964566618807,7.8427758079299e-07,0.003948238187613451,0.9374917319584101,1.9057063439241565e-05
1.3,-0.4,pairing,58387981,45,-1.1268552979709745,8.888168387838201e-07,0.03106097901824687,6.461135121499752e-07,0.00394815730132581,0.937491786962781,1.3535241664760121e-05
1.3,-0.4,pairing,58387981,46,-1.126855300090674,8.52550082631288e-07,0.03106095338637559,5.648850726431027e-07,0.003948220468854043,0.937491771107483,1.4927745688990564e-05
1.3,-0.4,pairing,58387981,47,-1.1268552975484292,8.780126883220204e-07,0.03106097438740928,4.86300696444886e-07,0.003948149183398807,0.937491788699502,1.2218472090455797e-05
1.3,-0.4,pairing,58387981,48,-1.1268552981491782,9.742426643487083e-07,0.03106093769870755,4.310172221177329e-07,0.0039482260016985736,0.9374917532356032,1.2501955761940802e-05
1.3,-0.4,pairing,58387981,49,-1.1268552944107457,6.137852203990696e-07,0.03106095706364773,3.7249937993538463e-07,0.003948634418349485,0.9374916165010252,1.784440983068884e-05
1.3,-0.4,pairing,58387981,50,-1.126855308225775,4.402418571321015e-07,0.031060722349382133,2.9304989146513027e-07,0.003948459642423495,0.9374917172669559,1.7299636454311323e-05
1.3,-0.4,pairing,58387981,51,-1.1268552972947474,5.121245875210223e-07,0.031060930128775262,2.3782143293136455e-07,0.003948178021813034,0.9374917958747466,1.73311967959047e-05
1.3,-0.4,pairing,58387981,52,-1.1268553075840224,5.691397771221836e-07,0.031060932133085115,1.9577606383609792e-07,0.003948176424585705,0.9374916199152944,1.915049198019431e-05
1.3,-0.4,pairing,58387981,53,-1.126855298020442,2.96196269003096e-07,0.031060963609241182,1.2906810998162301e-07,0.0039481834118055385,0.937491801194625,1.682818146681354e-05
1.3,-0.4,pairing,58387981,54,-1.1268553074177787,3.751418271711187e-07,0.031060744479494806,1.1140775299645128e-07,0.003948529873703415,0.9374917067681835,1.2352189773378567e-05
1.3,-0.4,pairing,58387981,55,-1.126855297436254,3.021718244991817e-07,0.031062069901816217,9.824886468406896e-08,0.003943810624859648,0.9374935366106601,2.978517874122813e-05
1.3,-0.4,pairing,58387981,56,-1.126855316927938,4.178722906018361e-07,0.031061016537537914,7.818028255198532e-08,0.003949462187741613,0.9374911319053622,3.74860787456799e-05
1.3,-0.4,pairing,58387981,57,-1.1268552938453107,4.413004822859204e-07,0.031061006304681595,7.390005123562869e-08,0.003947881484464463,0.9374919230921441,1.5936458649161034e-05
1.3,-0.4,pairing,58387981,58,-1.126855302521819,5.757625528137109e-07,0.031060877887390825,7.119905323125403e-08,0.00394838095682233,0.9374917254205075,7.033971372595029e-06
1.3,-0.4,pairing,58387981,59,-1.126855297877142,3.6833037199745354e-07,0.031060967302825503,1.0247496239670796e-07,0.003948170603353363,0.9374917759505693,1.3451889455066187e-05
1.3,-0.4,pairing,58387981,60,-1.1268553074455672,3.6999084240201987e-07,0.031060672646016106,9.736471984917583e-08,0.003948613267261837,0.9374916130194947,2.128563094783041e-05
1.35,-0.4,stripe,58387982,1,-1.1461851927138884,0.1699011024942737,0.0009918851608744716,0.18094009455839208,0.04796411719236543,0.9375028674687437,0.32321779893592595
1.35,-0.4,stripe,58387982,2,-1.146423105864432,0.1299476350508632,0.0012048879203797576,0.1397417004606255,0.036633257291526174,0.9375006013512188,0.18881321416795876
1.35,-0.4,stripe,58387982,3,-1.1463599406717844,0.10411829270077734,0.0034038931075272964,0.11272280529392852,0.03094556399515891,0.937498624490915,0.1409472167457089
1.35,-0.4,stripe,58387982,4,-1.1463646388752078,0.08293704565108052,0.015676728239768935,0.08985703187062612,0.023831511163423903,0.9374997959950897,0.1368653209263993
1.35,-0.4,stripe,58387982,5,-1.1464311894837547,0.06082647438295673,0.028171052656260975,0.06547181452089361,0.011896783567641763,0.9375000680391229,0.14840992489184085
1.35,-0.4,stripe,58387982,6,-1.146490417549054,0.04324354568699446,0.03187950646099213,0.04629279946560584,0.006987957800547046,0.9374983280475238,0.10530002536383176
1.35,-0.4,stripe,58387982,7,-1.146509544481787,0.03045248779816533,0.032863436414980414,0.03244318479791397,0.005030907497839235,0.9375017798661633,0.07594511920767548
1.35,-0.4,stripe,58387982,8,-1.1465148016931301,0.021375744887612957,0.03316759679192292,0.02266594003399564,0.00420583772362321,0.9375051350107421,0.0543404350003754
1.35,-0.4,stripe,58387982,9,-1.1465163787693755,0.014986461444838799,0.03328420957494217,0.01581661243472006,0.0038443147712860187,0.9375030317608186,0.03849260906586427
1.35,-0.4,stripe,58387982,10,-1.1465169492434857,0.010502541017294774,0.033336065254141546,0.011032949610217415,0.003679228518077047,0.9375010637071178,0.027113729701539926
1.35,-0.4,stripe,58387982,11,-1.1465171431905903,0.007359649819681062,0.033360665020260305,0.007695966344453809,0.003600134513203659,0.9375052316937569,0.019045223519905494
1.35,-0.4,stripe,58387982,12,-1.1465173184939925,0.005157699061223139,0.03337250262229338,0.0053693160880668315,0.0035623037507450496,0.937500153002296,0.013360267957826109
1.35,-0.4,stripe,58387982,13,-1.1465173240409594,0.0036150193470770556,0.03337808364783398,0.003746931803707474,0.0035435957771304968,0.9375000454913802,0.009368228043749025
1.35,-0.4,stripe,58387982,14,-1.1465173935655635,0.0025340184865700775,0.03338097110816749,0.0026153401323435743,0.00353576659478069,0.9374922627183981,0.006568429406937785
1.35,-0.4,stripe,58387982,15,-1.1465173183710193,0.0017767586597125132,0.03338215445374425,0.0018261468951370496,0.003529437601551758,0.9374999457291218,0.004603770741067906
1.35,-0.4,stripe,58387982,16,-1.1465173790944148,0.0012460874113889467,0.03338259329136625,0.0012758259716586456,0.003527868494907439,0.9374971070678977,0.0032273046633728418
1.35,-0.4,stripe,58387982,17,-1.1465173675486187,0.0008739423833299866,0.033382739624752036,0.0008913164348563191,0.0035269767706010676,0.9374964459272408,0.002263910191210206
1.35,-0.4,stripe,58387982,18,-1.1465173690175874,0.0006130787523479028,0.033382893618919815,0.0006230647575873414,0.0035265469967483603,0.9374960693663036,0.001587664621945998
1.35,-0.4,stripe,58387982,19,-1.1465173666257704,0.00043001395577988187,0.033382774650793784,0.00043546616210961536,0.003526228525331439,0.9374959143598253,0.0011142917138892397
1.35,-0.4,stripe,58387982,20,-1.146517361984432,0.00030176857505884093,0.03338287420609618,0.00030439871902847624,0.003526056992490443,0.9374958689820323,0.0007813234521402517
1.35,-0.4,stripe,58387982,21,-1.1465173655748953,0.00021167526184889406,0.033382747000988956,0.00021278445831272728,0.003526085905392468,0.9374957624972463,0.0005488117469701813
1.35,-0.4,stripe,58387982,22,-1.1465173669193174,0.00014853165885881368,0.03338275167265178,0.00014888136944257767,0.0035261915263737663,0.9374956770393926,0.0003846514421733319
1.35,-0.4,stripe,58387982,23,-1.1465173649152933,0.00010417062659927935,0.03338286296938124,0.00010405942036131779,0.0035260527312889465,0.937495723233585,0.0002706395437732582
1.35,-0.4,stripe,58387982,24,-1.1465173660952392,7.318266904115052e-05,0.033382862113794896,7.30528821445139e-05,0.0035260769378223514,0.9374956964416613,0.00018981954192732976
1.35,-0.4,stripe,58387982,25,-1.1465173664445119,5.138969488216715e-05,0.03338284647558702,5.1128330392089056e-05,0.003526135226689726,0.9374957267582841,0.00013558875439885086
1.35,-0.4,stripe,58387982,26,-1.1465173618654647,3.618493138597775e-05,0.033382887039602294,3.5919223493969506e-05,0.003525907339076226,0.9374957732519185,9.502484417184093e-05
1.35,-0.4,stripe,58387982,27,-1.1465173668160873,2.5444613289215062e-05,0.033382778328277816,2.5208259180067856e-05,0.003526056528695692,0.9374957383807037,6.709236336672457e-05
1.35,-0.4,stripe,58387982,28,-1.14651736274338,1.7869358350014336e-05,0.033382906828497746,1.765960756209442e-05,0.003525932356536296,0.9374957794099629,5.066875672977643e-05
1.35,-0.4,stripe,58387982,29,-1.1465173650994371,1.2597791928454791e-05,0.0333828429127479,1.2485109155848836e-05,0.0035261797166069907,0.937495695767567,3.701327501268584e-05
1.35,-0.4,stripe,58387982,30,-1.1465173612668134,8.83449607228681e-06,0.03338284170249196,8.51740250663285e-06,0.003525915219629339,0.9374957990746173,3.41590494162532e-05
1.35,-0.4,stripe,58387982,31,-1.1465173651193223,6.1942576078371855e-06,0.033382945415367946,5.986670331169507e-06,0.003525921156514574,0.9374957966644234,2.7762796952084877e-05
1.35,-0.4,stripe,58387982,32,-1.1465173680754976,4.412780256326644e-06,0.03338322824681188,4.275612567472128e-06,0.0035259749204334485,0.9374957740373667,1.794205043051532e-05
1.35,-0.4,stripe,58387982,33,-1.1465173674814988,3.062953833521487e-06,0.03338286375048886,2.926128235420828e-06,0.003526030017174247,0.9374957172276233,1.960415872529792e-05
1.35,-0.4,stripe,58387982,34,-1.1465173615159203,2.171072167686813e-06,0.03338330304203059,2.0890804809146803e-06,0.003525659754059705,0.9374959313124472,1.3058987365194074e-05
1.35,-0.4,stripe,58387982,35,-1.146517369986482,1.5099058500511824e-06,0.03338283480720912,1.3953144592320843e-06,0.0035260924289945137,0.9374956940888329,1.8834104972536742e-05
1.35,-0.4,stripe,58387982,36,-1.1465173656694814,1.1589008276227164e-06,0.033382772456359976,1.0883556233740227e-06,0.0035260175795324704,0.9374957513898278,1.2840664033176058e-05
1.35,-0.4,stripe,58387982,37,-1.146517363529689,9.404820738544423e-07,0.033382805564673386,6.422850967835255e-07,0.00352598401947419,0.937495778258812,1.117106022400521e-05
1.35,-0.4,stripe,58387982,38,-1.1465173654915546,8.87680222591495e-07,0.0333827383279962,4.0292806244927266e-07,0.003526022541266892,0.937495711104459,1.5636823946981705e-05
1.35,-0.4,stripe,58387982,39,-1.1465173644065283,7.678879389633006e-07,0.03338280141997257,2.7796476904495503e-07,0.0035259551659298886,0.9374957600817959,1.838580031853971e-05
1.35,-0.4,stripe,58387982,40,-1.1465173657550751,6.413806842927701e-07,0.033382747847971586,2.9834720951246823e-07,0.0035260671117631494,0.9374957302641049,1.1376330660711085e-05
1.35,-0.4,stripe,58387982,41,-1.1465173642558997,5.880635323937616e-07,0.03338279197809113,3.1574827376974245e-07,0.003526082139377577,0.9374957325797344,1.909551274054154e-05
1.35,-0.4,stripe,58387982,42,-1.1465173674919193,7.769928832884263e-07,0.033382807929848414,6.952828911285348e-07,0.0035262511633143458,0.9374957018914836,1.4645963539221246e-05
1.35,-0.4,stripe,58387982,43,-1.146517368022671,8.459537326367194e-07,0.03338279747953505,9.443220665874674e-07,0.0035261076941024505,0.9374957079132061,2.1646063586627438e-05
1.35,-0.4,stripe,58387982,44,-1.146517366097281,7.206688475286346e-07,0.033382905082040976,7.441095656964731e-07,0.003526125606452589,0.9374956842740364,1.5142605725304728e-05
1.35,-0.4,stripe,58387982,45,-1.1465173634304593,5.755633341104666e-07,0.03338275295437994,4.1661530343299926e-07,0.0035259964082367565,0.9374957674344391,2.193048039990072e-05
1.35,-0.4,stripe,58387982,46,-1.1465173642975102,6.883588471380564e-07,0.03338283298356388,5.697899641748039e-07,0.0035259192281708453,0.937495775586151,1.4485081364168705e-05
1.35,-0.4,stripe,58387982,47,-1.146517363492865,5.07228106487395e-07,0.033382948648659705,4.318862171105664e-07,0.003526194892034271,0.9374956563258672,2.15117311828634e-05
1.35,-0.4,stripe,58387982,48,-1.146517362097598,4.690149892363724e-07,0.03338283672499615,2.9551013971740584e-07,0.003525887158549093,0.9374957907654324,1.9782306405723623e-05
1.35,-0.4,stripe,58387982,49,-1.1465173647432432,3.8021016140861006e-07,0.033382867350623464,2.3762981430282492e-07,0.003525983848046656,0.9374957437832344,2.5342349212770587e-05
1.35,-0.4,stripe,58387982,50,-1.146517366175989,4.918556238918747e-07,0.033382824834905005,3.2876106076093514e-07,0.0035260233105756486,0.9374957500578154,1.2542400250465922e-05
1.35,-0.4,stripe,58387982,51,-1.1465173640908706,6.615184617173038e-07,0.033382866910624934,5.194745922944011e-07,0.0035261280912421123,0.9374956967447394,2.397699259263045e-05
1.35,-0.4,stripe,58387982,52,-1.1465173663728008,6.587090210977557e-07,0.033383082258809024,4.826769883697546e-07,0.003525786070401022,0.9374958434035209,1.746650399345013e-05
1.35,-0.4,stripe,58387982,53,-1.146517365023545,6.966648065545813e-07,0.03338290659685952,5.310119090167348e-07,0.0035260326332077225,0.9374956940681539,1.9521786461513025e-05
1.35,-0.4,stripe,58387982,54,-1.146517367007201,9.564506548633004e-07,0.03338312007358246,9.874231742729533e-07,0.003525851094817061,0.9374957759780476,1.7869929401370325e-05
1.35,-0.4,stripe,58387982,55,-1.146517365372946,9.291516170838685e-07,0.03338290837894154,7.956646335215408e-07,0.003526092181258727,0.9374957443505012,2.4199869801796665e-05
1.35,-0.4,stripe,58387982,56,-1.1465173658956593,7.847468624752236e-07,0.033382776302827356,5.804788711165425e-07,0.0035260128987132803,0.9374957638156526,2.3856994125549977e-05
1.35,-0.4,stripe,58387982,57,-1.1465173636215074,8.084490282377279e-07,0.033382740366135734,5.24670004951196e-07,0.0035260599613006435,0.9374956953786548,1.1651528671334628e-05
1.35,-0.4,stripe,58387982,58,-1.146517363947114,7.366518087011532e-07,0.033382723072682724,5.376147783214745e-07,0.0035260405658312055,0.9374957461744275,1.4925909438577994e-05
1.35,-0.4,stripe,58387982,59,-1.1465173653580156,8.146653172438063e-07,0.033382940835710535,8.504142112606145e-07,0.0035260275480721998,0.9374957840683049,1.6169911551588586e-05
1.35,-0.4,stripe,58387982,60,-1.1465173651278324,6.970796387781216e-07,0.0333828830244528,6.80772061538236e-07,0.0035259395568148734,0.93749576195738,1.841649327856127e-05
1.35,-0.4,pairing,58387983,1,-1.146588829963615,0.009184160478420073,0.03334312599550215,0.009707064632104646,0.0034887420424674818,0.9374959502666016,0.059373772182146387
1.35,-0.4,pairing,58387983,2,-1.1465156183741263,0.006418276145286457,0.03336585928064156,0.00677320445868436,0.0035863384645303843,0.9375040711746933,0.018086289435263577
1.35,-0.4,pairing,58387983,3,-1.146517359691902,0.004492119087864685,0.03337529583264064,0.004725264285128111,0.0035445464380370784,0.9374999459093996,0.012557944296727845
1.35,-0.4,pairing,58387983,4,-1.1465173391036005,0.003147255770110551,0.033379151423500494,0.0032973931663902926,0.0035372552474874632,0.9374999656897113,0.008752031775783129
1.35,-0.4,pairing,58387983,5,-1.1465173912829165,0.002206402722617049,0.03338149166414079,0.0023017754800690082,0.0035320206615506913,0.9374931765228847,0.006109720110335154
1.35,-0.4,pairing,58387983,6,-1.1465173720889252,0.0015473438804450713,0.033382299702552444,0.0016069368030500832,0.00352983764651031,0.9374906134537939,0.004268475478297957
1.35,-0.4,pairing,58387983,7,-1.1465173116507348,0.0010856609408782891,0.033382664428627175,0.0011224834932226629,0.0035264097660864285,0.9374999408150496,0.002982795824670541
1.35,-0.4,pairing,58387983,8,-1.146517377068277,0.0007619075749371681,0.03338275743241082,0.000784162320164206,0.0035265515653539925,0.9374977853725963,0.0020859607209102703
1.35,-0.4,pairing,58387983,9,-1.146517365560037,0.0005348049863232691,0.03338279508222845,0.0005480128434070478,0.00352601053491157,0.9374977140577045,0.001459339273310807
1.35,-0.4,pairing,58387983,10,-1.1465173677556153,0.0003754316666288981,0.03338283902327551,0.0003829788703638184,0.0035260216925082732,0.9374974484593107,0.0010214782101842174
1.35,-0.4,pairing,58387983,11,-1.1465173647584015,0.0002635004181608123,0.03338287564002022,0.000267680552131811,0.003525767181604598,0.9374974728015716,0.0007155146941679039
1.35,-0.4,pairing,58387983,12,-1.1465173668132707,0.000185118038911858,0.03338280845668434,0.0001873127483254113,0.003525923835845988,0.9374973357615946,0.0005008687868655908
1.35,-0.4,pairing,58387983,13,-1.14651736446853,0.00013009339404256124,0.03338281957436314,0.0001313567608663713,0.003525881562023709,0.9374973741504136,0.00035103629047601205
1.35,-0.4,pairing,58387983,14,-1.1465173651908311,9.137995122066528e-05,0.03338282764224812,9.187682889920966e-05,0.003525763541120416,0.9374973770301632,0.00024680478314731104
1.35,-0.4,pairing,58387983,15,-1.1465173671088393,6.415666669187345e-05,0.033382864954243155,6.426739653873703e-05,0.0035258521655867413,0.9374972775684216,0.00017406224521655423
1.35,-0.4,pairing,58387983,16,-1.1465173659645127,4.504566864486738e-05,0.03338272777637038,4.4915042231973316e-05,0.0035257872285419088,0.9374973796848327,0.00012167899848972633
1.35,-0.4,pairing,58387983,17,-1.1465173648265352,3.167295510154908e-05,0.03338285109815439,3.139937966144627e-05,0.003525779028391722,0.9374973230566735,8.64134846160738e-05
1.35,-0.4,pairing,58387983,18,-1.146517365218502,2.2172220787198153e-05,0.03338283001689719,2.1971030121892804e-05,0.0035256939286586555,0.9374973777424347,6.234145778323792e-05
1.35,-0.4,pairing,58387983,19,-1.1465173658679344,1.552075009571455e-05,0.033382766480647016,1.543840318597337e-05,0.003525778630436942,0.9374973677239914,4.3416561384484654e-05
1.35,-0.4,pairing,58387983,20,-1.1465173662220078,1.0888054596180065e-05,0.03338298221675807,1.0838174809705521e-05,0.003525865533392503,0.937497307177849,3.876830224123016e-05
1.35,-0.4,pairing,58387983,21,-1.1465173673663442,7.5715935639353735e-06,0.033382823004728515,7.59329919962038e-06,0.0035258256382960647,0.9374972958011836,2.4050554585441506e-05
1.35,-0.4,pairing,58387983,22,-1.146517366182068,5.264632595359361e-06,0.03338270660803213,5.216010910780942e-06,0.0035257788636751234,0.9374973699015358,2.0092104527646646e-05
1.35,-0.4,pairing,58387983,23,-1.1465173661869397,3.65059805283704e-06,0.03338270104993958,3.7661105126954046e-06,0.0035257973533710176,0.9374973576775102,2.1588441996107538e-05
1.35,-0.4,pairing,58387983,24,-1.1465173641664865,2.642648534084059e-06,0.033382907467940974,2.6163965540558013e-06,0.0035257755397129042,0.9374973759041215,2.2446897447182197e-05
1.35,-0.4,pairing,58387983,25,-1.146517364974947,1.8369345390066716e-06,0.03338286094747827,1.856910077155489e-06,0.003525752765533894,0.9374973150968311,2.0988763638087914e-05
1.35,-0.4,pairing,58387983,26,-1.1465173664649921,1.4760120201880175e-06,0.03338276840694659,1.352175564262969e-06,0.0035258191371201563,0.9374973096759611,1.99724413170042e-05
1.35,-0.4,pairing,58387983,27,-1.1465173645195001,1.1657536602090045e-06,0.03338297896832874,1.0221719028594344e-06,0.003525819100156491,0.9374973416812746,2.5378184091663026e-05
1.35,-0.4,pairing,58387983,28,-1.1465173688628316,9.337007640300751e-07,0.03338282819269568,7.289635730927392e-07,0.003525865884672681,0.9374973123652424,2.0459247763871897e-05
1.35,-0.4,pairing,58387983,29,-1.14651736186745,9.507971428218095e-07,0.03338295823381549,8.016166643893288e-07,0.003525606365886322,0.937497427667901,2.523428089719952e-05
1.35,-0.4,pairing,58387983,30,-1.146517368376035,7.839079502083925e-07,0.033382820680681206,3.75240971666912e-07,0.003525806235478028,0.9374972410741048,2.2303763015834366e-05
1.35,-0.4,pairing,58387983,31,-1.1465173656681105,5.611615785642959e-07,0.033382974075356474,2.8230421877115757e-07,0.00352579563853873,0.9374973283981313,1.6947393176993884e-05
1.35,-0.4,pairing,58387983,32,-1.1465173656563707,5.786944514907446e-07,0.03338280888078187,4.2368453738667804e-07,0.0035257306251096714,0.9374973605927112,1.2206447026341148e-05
1.35,-0.4,pairing,58387983,33,-1.1465173662989672,5.599558132441293e-07,0.033382691599871776,4.935848754515923e-07,0.003525816013721218,0.9374973389229128,2.3168391699463933e-05
1.35,-0.4,pairing,58387983,34,-1.1465173640358695,5.420650839562696e-07,0.033382700328992876,3.5259599047854675e-07,0.0035257698745395747,0.9374973457410207,2.1267981654551613e-05
1.35,-0.4,pairing,58387983,35,-1.1465173643887687,5.01312561697499e-07,0.033382771511844274,2.9449484863516856e-07,0.0035257287852939433,0.9374973766475527,9.086110330777713e-06
1.35,-0.4,pairing,58387983,36,-1.1465173662365695,5.939018092199381e-07,0.03338301458778044,3.7970145557296467e-07,0.003525751424986067,0.9374973543964688,1.1375516018474126e-05
1.35,-0.4,pairing,58387983,37,-1.1465173684920256,5.67485904971929e-07,0.03338298652067563,4.823210592181895e-07,0.003525818767744909,0.9374973483384829,2.4199038928462938e-05
1.35,-0.4,pairing,58387983,38,-1.146517364272059,5.660696951279113e-07,0.03338310125337618,5.54451565595764e-07,0.0035257233019376313,0.9374973442454968,1.7942480740846717e-05
1.35,-0.4,pairing,58387983,39,-1.146517365807951,3.9264945762341233e-07,0.03338293188240742,2.9643717293102864e-07,0.00352575997517916,0.9374973519837104,1.6191605520660087e-05
1.35,-0.4,pairing,58387983,40,-1.1465173653454919,9.642957190522296e-07,0.03338328944407735,1.065580388676825e-06,0.0035254722399440178,0.9374974223137001,1.594810452552967e-05
1.35,-0.4,pairing,58387983,41,-1.1465173682232146,8.161824494806954e-07,0.03338274380483939,7.67250330393155e-07,0.00352585462442896,0.9374973004482208,1.8044855446885602e-05
1.35,-0.4,pairing,58387983,42,-1.1465173625851806,8.230219424898691e-07,0.033382859000985976,5.846915396350613e-07,0.003525644525911704,0.9374974561177756,1.1436750472580639e-05
1.35,-0.4,pairing,58387983,43,-1.1465173642519504,7.614538059361855e-07,0.03338288107072308,3.93640608569536e-07,0.0035258039258998218,0.9374974173304856,1.897001412766673e-05
1.35,-0.4,pairing,58387983,44,-1.146517365630265,7.089865181691736e-07,0.033382823861952626,2.327771196585994e-07,0.0035257594411749844,0.9374973671160762,1.7532898460802112e-05
1.35,-0.4,pairing,58387983,45,-1.1465173672006372,6.449094840303459e-07,0.03338278428587204,3.406877328983233e-07,0.0035258375634601665,0.9374972845688017,1.9479231244221157e-05
1.35,-0.4,pairing,58387983,46,-1.146517365385659,5.387994892556131e-07,0.033382695685799685,1.880256957273742e-07,0.003525773014576399,0.9374973940273521,1.5038399618926114e-05
1.35,-0.4,pairing,58387983,47,-1.1465173662412154,5.914568753166772e-07,0.033382755953771034,3.600219527232747e-07,0.003525773502233853,0.9374973748547346,1.3174817589975867e-05
1.35,-0.4,pairing,58387983,48,-1.1465173635947103,6.453302624149609e-07,0.03338278595254309,5.424521175725035e-07,0.0035257556655110675,0.9374973640911598,1.5748792168574165e-05
1.35,-0.4,pairing,58387983,49,-1.146517359739753,5.031101106303715e-07,0.033382890573398674,5.148029314073381e-07,0.0035256001219319466,0.9374974843525313,2.5303325091277243e-05
1.35,-0.4,pairing,58387983,50,-1.1465173678608103,5.47845536796968e-07,0.03338288291879112,5.197370679484826e-07,0.0035258768108946304,0.9374972828532196,2.271375642425438e-05
1.35,-0.4,pairing,58387983,51,-1.1465173645800577,5.15416971709447e-07,0.033382867188093794,3.825110988641927e-07,0.0035256649891132834,0.9374974095823427,1.8472836331744935e-05
1.35,-0.4,pairing,58387983,52,-1.1465173671464886,6.439635187452804e-07,0.033382894065064284,4.772096146369842e-07,0.003525766504566166,0.9374973526781684,2.0837647632110975e-05
1.35,-0.4,pairing,58387983,53,-1.1465173687964827,5.491214977633185e-07,0.03338274637336974,3.2260322481205566e-07,0.003525893292040119,0.9374972891058394,1.9982791585857267e-05
1.35,-0.4,pairing,58387983,54,-1.1465173642747546,5.985412326000262e-07,0.03338297788646685,3.630896324284711e-07,0.0035257682195022236,0.9374973549022931,2.0577171805880313e-05
1.35,-0.4,pairing,58387983,55,-1.1465173654115426,6.008533456993886e-07,0.03338280930552609,4.534754334982634e-07,0.0035257264188005917,0.9374973459520518,1.3543582473739789e-05
1.35,-0.4,pairing,58387983,56,-1.1465173650904712,5.179691036900071e-07,0.033382778848459214,4.267938165138152e-07,0.00352573567379012,0.9374973477715096,2.5424308318724053e-05
1.35,-0.4,pairing,58387983,57,-1.1465173634912111,4.616934828815742e-07,0.033382845086828726,2.6288797362048927e-07,0.0035258213100729896,0.9374973363278156,1.9802097519176912e-05
1.35,-0.4,pairing,58387983,58,-1.146517366943711,5.20266093044415e-07,0.033382792605676934,3.2746945187458563e-07,0.003525809458568065,0.9374973015355277,1.980385294639496e-05
1.35,-0.4,pairing,58387983,59,-1.1465173641941813,6.520666239399983e-07,0.03338278516506451,4.028373822600259e-07,0.0035257076925952536,0.9374973976172609,1.2508120696997403e-05
1.35,-0.4,pairing,58387983,60,-1.1465173667513793,6.56966447413927e-07,0.03338289178113013,4.923898199232585e-07,0.0035257966900406694,0.9374973168416771,2.3426304427460714e-05
