family,iteration,channel,absolute,applied_rms,contraction,cosine,factor,measured_rms,passes,relative
stripe,1,charge_modulation,0.0004863521540694111,0.0020883656002361087,nan,nan,1.0,0.0019093759417568791,0,0.0994412977395556
stripe,2,charge_modulation,0.0013408783539001355,0.0019093759417568791,3.1152519120000406,0.9695886599656952,inf,0.001314276948096018,0,0.34945198508057235
stripe,3,charge_modulation,0.0009314316426914685,0.001314276948096018,0.6643712608061201,0.922486770563804,2.9794826342994964,0.0008956180241370394,0,0.3656307879058509
stripe,4,charge_modulation,0.0008309450370685878,0.0008956180241370394,0.9671113228825156,0.947511756552069,30.405601186931747,0.0005522140001332987,0,0.547644442172145
stripe,5,charge_modulation,0.00021063054580828253,0.0005522140001332987,0.20284928626124174,0.9132307242244156,1.254467922771903,0.0004950264431169176,0,0.19729090562607576
stripe,6,charge_modulation,7.36062639446278e-05,0.0004950264431169176,0.37114059269439115,0.9532730475819615,1.590180552891096,0.00048042064175131264,0,0.08568547797016655
stripe,7,charge_modulation,2.521134361479051e-05,0.00048042064175131264,0.31897829404226047,0.9958798614322661,1.468381978506357,0.00047671980477503786,0,0.028279266714945232
stripe,8,charge_modulation,9.689452466488113e-06,0.00047671980477503786,0.3840370509843799,0.9966679995138039,1.6234742716231803,0.00047559189220225916,0,0.010981185302353272
stripe,9,charge_modulation,3.6402714200869934e-06,0.00047559189220225916,0.36637852225689804,0.9990193638244906,1.5782293295389902,0.00047521695645629495,0,0.0040367706253945455
stripe,10,charge_modulation,1.3684206279043244e-06,0.00047521695645629495,0.3767371628205704,0.9980953658768427,1.60445953191352,0.00047507645708195795,0,0.0015249057789560889
stripe,11,charge_modulation,5.196856462190945e-07,0.00047507645708195795,0.36691168306080724,0.9787351909798246,1.5795584490244963,0.0004750415825184191,0,0.0005718310933977587
stripe,12,charge_modulation,3.279378342126854e-07,0.0004750415825184191,0.5209870982402546,0.9476956423871044,2.0876264424743236,0.0004750119199111206,0,0.00031438204405581085
stripe,13,charge_modulation,1.1729810859336526e-07,0.0004750119199111206,-0.12465882163956982,-0.4388094753338151,1.0,0.00047502243265762703,1,8.931455966504573e-05
stripe,14,charge_modulation,5.055575416895025e-08,0.00047502243265762703,-0.22951304184740226,-0.39932303634257915,1.0,0.0004750189207991203,1,5.133401883782128e-05
stripe,15,charge_modulation,1.0550802489930206e-08,0.0004750189207991203,0.10261077911428773,0.5828575269461784,1.0,0.0004750184180298433,1,9.03730734706579e-06
stripe,16,charge_modulation,1.2114375780520117e-08,0.0004750184180298433,0.26164215732840523,0.2753384294958359,1.0,0.00047501900902623205,1,8.587759274579073e-06
stripe,17,charge_modulation,5.923660955850507e-09,0.00047501900902623205,-0.15280643196418442,-0.31006231201445633,1.0,0.000475018287156183,1,4.232261717943257e-06
stripe,18,charge_modulation,7.69465255921753e-09,0.000475018287156183,-0.30811530531820674,-0.2579588138656766,1.0,0.0004750182279436691,1,5.055173628508126e-06
stripe,19,charge_modulation,5.3232467055013e-08,0.0004750182279436691,-1.8330398734235571,-0.20230880980938426,1.0,0.00047501298914030186,1,4.5802928661105446e-05
stripe,20,charge_modulation,5.779193542210931e-08,0.00047501298914030186,-1.1132978075472975,-0.9978928913253968,1.0,0.0004750183657527229,1,5.1099958429798673e-05
stripe,21,charge_modulation,8.794591410156427e-09,0.0004750183657527229,-0.1509470068835893,-0.9383225478108814,1.0,0.0004750178419517301,1,8.22039904598837e-06
stripe,22,charge_modulation,7.432745562259424e-09,0.0004750178419517301,0.02270964160479901,0.04926330226452807,1.0,0.0004750185208560244,1,3.7894791182449413e-06
stripe,23,charge_modulation,1.1704779480283672e-07,0.0004750185208560244,-6.910816611763389,-0.2546215920352971,1.0,0.0004750070731614781,0,0.0001028522170133444
stripe,24,charge_modulation,1.331028778072188e-07,0.0004750070731614781,-1.1389579175733848,-0.9986171792177191,1.0,0.00047501987071889366,0,0.00011730622750779334
stripe,25,charge_modulation,2.0028271399859243e-08,0.00047501987071889366,-0.13883834789159963,-0.9391009174489539,1.0,0.0004750177050115552,1,1.7342761062166065e-05
stripe,26,charge_modulation,5.355029518124346e-09,0.0004750177050115552,-0.15944795269995657,-0.7447145739626844,1.0,0.000475017718559102,1,3.7132082153217778e-06
stripe,27,charge_modulation,6.5414573857495995e-09,0.000475017718559102,-0.34001609537814154,-0.29121669662883637,1.0,0.0004750180757439959,1,4.335430021538774e-06
stripe,28,charge_modulation,8.731447963088168e-09,0.0004750180757439959,-0.6542491936721526,-0.5855451637161497,1.0,0.00047501823886005707,1,4.8441192884352415e-06
stripe,29,charge_modulation,3.5033725625382983e-09,0.00047501823886005707,0.04296804582747442,0.08064703470500033,1.0,0.0004750181569258653,1,2.5809050554754345e-06
stripe,30,charge_modulation,5.969227022829121e-09,0.0004750181569258653,-1.4415356748866859,-0.8418735004722222,1.0,0.00047501876462771006,1,4.419265591483244e-06
stripe,31,charge_modulation,1.170199847534345e-07,0.00047501876462771006,0.6906267117706744,0.029692570970075122,1.0,0.00047500685317772984,0,0.0001027887705299517
stripe,32,charge_modulation,1.3224485956786144e-07,0.00047500685317772984,-1.1177528516171762,-0.997885683920773,1.0,0.0004750190886482087,0,0.00011513579646929902
stripe,33,charge_modulation,1.9196786454726833e-08,0.0004750190886482087,-0.14713824470601022,-0.9498501566420341,1.0,0.00047501768185154186,1,1.7835317367543e-05
stripe,34,charge_modulation,4.789219414233145e-08,0.00047501768185154186,2.0808656874351708,0.9239546040856568,inf,0.0004750130864860517,0,4.016756849618343e-05
stripe,35,charge_modulation,6.98576113986743e-08,0.0004750130864860517,1.3060713146726914,0.9636207226793152,inf,0.0004750078537082879,0,5.4442806472173444e-05
stripe,36,charge_modulation,1.2436099913618395e-07,0.0004750078537082879,-1.9928889148900337,-0.991577561319936,1.0,0.00047501918807293513,0,0.00010941864367582374
stripe,37,charge_modulation,1.6484096665783654e-08,0.00047501918807293513,-0.12151525712438015,-0.953814596733332,1.0,0.0004750178814118267,1,1.393985232141081e-05
stripe,38,charge_modulation,5.000460367391574e-09,0.0004750178814118267,0.03898466991606673,0.16387030964675572,1.0,0.00047501810248552534,1,3.3162919174174912e-06
stripe,39,charge_modulation,1.104175303794086e-08,0.00047501810248552534,-1.7024339555123553,-0.8962849028019866,1.0,0.00047501769967205694,1,6.2990773904065325e-06
stripe,40,charge_modulation,1.040833873884768e-08,0.00047501769967205694,-1.0224129369860948,-0.9804842137896945,1.0,0.0004750180314038542,1,6.568447597800388e-06
stripe,41,charge_modulation,1.1612371218902226e-07,0.0004750180314038542,0.16641628579180712,0.010868912939255015,1.0,0.00047500685352103183,0,0.00010057092726321735
stripe,42,charge_modulation,1.3331799374616954e-07,0.00047500685352103183,-1.1531634423245218,-0.9988310962619478,1.0,0.00047501955690809654,0,0.00011611006572281003
stripe,43,charge_modulation,1.8239312758912274e-08,0.00047501955690809654,-0.1374528304281707,-0.8539792469726933,1.0,0.0004750179670738214,1,1.8688577306037842e-05
stripe,44,charge_modulation,1.313365897612738e-08,0.0004750179670738214,-0.35428523947184054,-0.7376655617877106,1.0,0.0004750185012371142,1,8.975750182473277e-06
stripe,45,charge_modulation,5.046977151739601e-09,0.0004750185012371142,-0.3071088206670908,-0.5591332022573354,1.0,0.00047501766606123383,1,4.9300095970210795e-06
stripe,46,charge_modulation,7.927157354798917e-09,0.00047501766606123383,-0.01723002556403278,-0.02201092123464634,1.0,0.0004750176068588006,1,3.8591906186433655e-06
stripe,47,charge_modulation,5.615903391409036e-09,0.0004750176068588006,0.028604629715973648,0.02862378215338962,1.0,0.00047501840570393004,1,3.85660239344573e-06
stripe,48,charge_modulation,6.897158416011712e-09,0.00047501840570393004,-0.652786669989452,-0.5910538419329487,1.0,0.0004750179483750606,1,4.25940659764189e-06
stripe,49,charge_modulation,4.708336938212543e-09,0.0004750179483750606,-0.6307374715403788,-0.8921892223402129,1.0,0.0004750180929334134,1,3.011210009411841e-06
stripe,50,charge_modulation,1.2035824429983133e-08,0.0004750180929334134,-1.0854592738982058,-0.621447056685522,1.0,0.0004750185679130978,1,5.259567209997949e-06
stripe,51,charge_modulation,1.9277304412696275e-08,0.0004750185679130978,-1.9073011012864434,-0.8991545802135946,1.0,0.0004750175789477443,1,1.1156678231607459e-05
stripe,52,charge_modulation,1.1489602470696539e-07,0.0004750175789477443,2.1193521284585075,0.2360693613950156,1.0,0.0004750065657769581,0,0.00010016115113220876
stripe,53,charge_modulation,1.308725659232568e-07,0.0004750065657769581,-1.1374091015499699,-0.9937351466012814,1.0,0.0004750190957594493,0,0.00011464205682065604
stripe,54,charge_modulation,1.8638139635818174e-08,0.0004750190957594493,-0.1402836497329079,-0.9428547806058787,1.0,0.0004750177016184071,1,1.7057140160390858e-05
stripe,55,charge_modulation,1.0615356543005466e-08,0.0004750177016184071,-0.3362540082793014,-0.7058540849479996,1.0,0.0004750177094110696,1,8.12568576180478e-06
stripe,56,charge_modulation,5.703944554527607e-09,0.0004750177094110696,-0.4529060385384996,-0.7690448433967934,1.0,0.0004750180504495652,1,4.785377001370546e-06
stripe,57,charge_modulation,1.1836663655478974e-07,0.0004750180504495652,5.701476609210439,0.2654793013664442,1.0,0.0004750071842611752,0,0.00010277153397321822
stripe,58,charge_modulation,1.6626146209786086e-08,0.0004750071842611752,-0.14109696732322338,-0.9004597372791718,1.0,0.00047500774196062564,1,1.610406980101929e-05
stripe,59,charge_modulation,1.1403850214532565e-07,0.00047500774196062564,5.3968063469525225,0.8673707173609719,1.0,0.00047501957220720634,0,0.00010019750481360422
stripe,60,charge_modulation,1.6756028362995695e-08,0.00047501957220720634,-0.13189564503164297,-0.9185899576845361,1.0,0.0004750177286371285,1,1.4386848470740648e-05
stripe,61,charge_modulation,5.055070654170352e-09,0.0004750177286371285,-0.21092334819214686,-0.6821973242435665,1.0,0.0004750183843124744,1,4.448170243528998e-06
stripe,62,charge_modulation,1.1721940322475394e-08,0.0004750183843124744,-1.3937915512231334,-0.8486173498912292,1.0,0.00047501726841103623,1,7.305792303948915e-06
stripe,63,charge_modulation,8.051725348956484e-09,0.00047501726841103623,-0.671114693388122,-0.9876041487188195,1.0,0.00047501791398474026,1,4.9645694816046515e-06
stripe,64,charge_modulation,5.129734145488743e-09,0.00047501791398474026,0.21242507655851653,0.5211491380259845,1.0,0.00047501841590307816,1,2.0236010403555293e-06
stripe,65,charge_modulation,2.9899097008997955e-09,0.00047501841590307816,0.4880974485791382,0.7218418073613417,1.0,0.00047501859592494493,1,1.368324915991688e-06
stripe,66,charge_modulation,1.1451299430616582e-08,0.00047501859592494493,-3.481374670436989,-0.9652795602278316,1.0,0.00047501783485347546,1,4.934996968481271e-06
stripe,67,charge_modulation,1.073791815143707e-08,0.00047501783485347546,-0.9665213323802967,-0.9331901508069977,1.0,0.0004750183586877447,1,5.111265076365599e-06
stripe,68,charge_modulation,4.246121239987952e-09,0.0004750183586877447,0.18766430803192397,0.6250988468924613,1.0,0.0004750186631560265,1,1.534479568601941e-06
stripe,69,charge_modulation,4.893167505296697e-09,0.0004750186631560265,-1.022972040248155,-0.4504886686818812,1.0,0.0004750179819629838,1,3.484504281994098e-06
stripe,70,charge_modulation,3.7555142481070225e-09,0.0004750179819629838,-0.9366971113329435,-0.9813040433202095,1.0,0.0004750185791698295,1,3.3261104900879927e-06
stripe,71,charge_modulation,8.662293667083265e-09,0.0004750185791698295,-0.5262322052896016,-0.4378892413157621,1.0,0.00047501795450009696,1,3.99714423897831e-06
stripe,72,charge_modulation,4.273079437597943e-09,0.00047501795450009696,-0.5983504656652484,-0.6435264952649398,1.0,0.0004750183297356066,1,3.7165437479428013e-06
stripe,73,charge_modulation,1.1581693091285844e-07,0.0004750183297356066,6.830093813250528,0.24883228852957084,1.0,0.0004750065823319111,0,0.00010201386085987155
stripe,74,charge_modulation,1.3010663262556788e-07,0.0004750065823319111,-1.1094960263144173,-0.9976229128090766,1.0,0.00047501886996886345,0,0.00011345353347142559
stripe,75,charge_modulation,1.495608928587036e-08,0.00047501886996886345,-0.11014981748669683,-0.9082459871498875,1.0,0.0004750179755988788,1,1.3759362751840068e-05
stripe,76,charge_modulation,1.4405768162563393e-09,0.0004750179755988788,0.04110959118042682,0.3705860119359923,1.0,0.00047501807252806955,1,1.526346675236022e-06
stripe,77,charge_modulation,1.0824650098582161e-08,0.00047501807252806955,-2.5746740697400825,-0.6806298708887615,1.0,0.0004750175159013331,1,5.773835933813205e-06
stripe,78,charge_modulation,1.6030016866631566e-08,0.0004750175159013331,-1.1180907403958633,-0.8107964806934985,1.0,0.00047501868934149915,1,7.962126458573686e-06
stripe,79,charge_modulation,8.859718315110468e-09,0.00047501868934149915,-0.5712981855999463,-0.7661462090210376,1.0,0.0004750184301713096,1,5.937180587387817e-06
stripe,80,charge_modulation,1.1624730593493698e-08,0.0004750184301713096,0.6175132449056246,0.6752332065895924,1.0,0.00047501751112070446,1,5.429664321388277e-06
stripe,1,charge_uniform,8.125288536680979e-07,0.00250476757715643,nan,nan,1.0,0.002503955048302762,0,0.0003243929141683205
stripe,2,charge_uniform,1.273188405949248e-07,0.002503955048302762,0.15669454693227675,1.0,1.1858099533950162,0.002503827729462167,1,5.084709515101895e-05
stripe,3,charge_uniform,6.023470500507444e-08,0.002503827729462167,0.4731012686230472,1.0,1.8978979079844889,0.002503767494757162,1,2.405704845277559e-05
stripe,4,charge_uniform,7.35764191283142e-09,0.002503767494757162,-0.12214954671416717,-1.0,1.0,0.0025037748523990748,1,2.9386196229990296e-06
stripe,5,charge_uniform,1.3429835537485252e-08,0.0025037748523990748,-1.825290724473038,-1.0,1.0,0.0025037614225635373,1,5.3638351406145844e-06
stripe,6,charge_uniform,1.2983657672258064e-07,0.0025037614225635373,-9.667771162214295,-1.0,1.0,0.00250389125914026,1,5.1853919873166353e-05
stripe,7,charge_uniform,1.8158673506778883e-07,0.00250389125914026,-1.3985791958746863,-1.0,1.0,0.002503709672405192,1,7.25218135591634e-05
stripe,8,charge_uniform,4.401351719586846e-08,0.002503709672405192,-0.2423828876015509,-1.0,1.0,0.002503753685922388,1,1.7579012441734575e-05
stripe,9,charge_uniform,7.933414363382046e-09,0.002503753685922388,0.18024949762766868,1.0,1.2198833634209831,0.0025037616193367513,1,3.1685981213673267e-06
stripe,10,charge_uniform,7.957723065568634e-10,0.0025037616193367513,0.10030640908281292,1.0,1.1114895227613617,0.002503762415109058,1,3.1783059836458223e-07
stripe,11,charge_uniform,2.2435761451531505e-07,0.002503762415109058,281.9369468712256,1.0,inf,0.002503986772723573,0,8.96001596171702e-05
stripe,12,charge_uniform,2.7427664971244742e-08,0.002503986772723573,0.12224976197263178,1.0,1.139276250436995,0.0025040142003885445,1,1.0953478205909867e-05
stripe,13,charge_uniform,5.344657056554139e-08,0.0025040142003885445,1.9486372836176522,1.0,inf,0.00250406764695911,0,2.134390044551945e-05
stripe,14,charge_uniform,3.319520220333716e-09,0.00250406764695911,0.0621091341354259,1.0,1.066222133508222,0.0025040709664793303,1,1.325649418395234e-06
stripe,15,charge_uniform,4.668376088045462e-09,0.0025040709664793303,1.4063406089378008,1.0,inf,0.0025040756348554184,0,1.864311134641509e-06
stripe,16,charge_uniform,1.9325802590175467e-10,0.0025040756348554184,-0.041397270112114554,-1.0,1.0,0.0025040754415973925,1,7.717739161377731e-08
stripe,17,charge_uniform,1.1880434895410186e-09,0.0025040754415973925,-6.147447093063947,-1.0,1.0,0.002504076629640882,1,4.744437432457488e-07
stripe,18,charge_uniform,4.520881204117533e-10,0.002504076629640882,0.38053162564479037,1.0,1.6142874138504277,0.0025040770817290024,1,1.8054081629931206e-07
stripe,19,charge_uniform,7.661178048727624e-09,0.0025040770817290024,-16.946205181746357,-1.0,1.0,0.0025040694205509537,1,3.0594817166881192e-06
stripe,20,charge_uniform,9.346104404717864e-09,0.0025040694205509537,-1.2199304526371209,-1.0,1.0,0.0025040787666553584,1,3.7323524040744315e-06
stripe,21,charge_uniform,1.794912644730029e-09,0.0025040787666553584,-0.19204928246082578,-1.0,1.0,0.0025040769717427137,1,7.167956010934326e-07
stripe,22,charge_uniform,7.008358971286044e-10,0.0025040769717427137,0.39045682762684886,1.0,1.6405728836345956,0.0025040762709068166,1,2.798779370750961e-07
stripe,23,charge_uniform,1.44008517697497e-08,0.0025040762709068166,20.548108093137706,1.0,inf,0.002504061870055047,0,5.750963713471328e-06
stripe,24,charge_uniform,1.6682893828542933e-08,0.002504061870055047,-1.1584657696141885,-1.0,1.0,0.0025040785529488753,1,6.6622885328004885e-06
stripe,25,charge_uniform,1.356984639672848e-09,0.0025040785529488753,-0.08133988345302354,-1.0,1.0,0.0025040771959642357,1,5.41909772788407e-07
stripe,26,charge_uniform,6.984248825982198e-10,0.0025040771959642357,-0.5146888639554544,-1.0,1.0,0.0025040778943891183,1,2.7891499867603116e-07
stripe,27,charge_uniform,4.59895408647798e-10,0.0025040778943891183,-0.658475120383648,-1.0,1.0,0.0025040774344937096,1,1.8365858733000462e-07
stripe,28,charge_uniform,7.549170368686964e-10,0.0025040774344937096,1.6414972245283603,1.0,inf,0.0025040766795766728,0,3.014751167314961e-07
stripe,29,charge_uniform,7.748739211041467e-10,0.0025040766795766728,-1.0264358641556548,-1.0,1.0,0.002504077454450594,1,3.0944486949752024e-07
stripe,30,charge_uniform,1.1997470694864731e-09,0.002504077454450594,-1.548312618105548,-1.0,1.0,0.0025040762547035244,1,4.791173960510352e-07
stripe,31,charge_uniform,1.3851383547092144e-08,0.0025040762547035244,11.545253078235017,1.0,inf,0.0025040624033199773,0,5.531534241848441e-06
stripe,32,charge_uniform,1.6771803959970272e-08,0.0025040624033199773,-1.2108396177861394,-1.0,1.0,0.0025040791751239373,1,6.697792995758677e-06
stripe,33,charge_uniform,2.8440041476354705e-09,0.0025040791751239373,-0.1695705574918079,-1.0,1.0,0.0025040763311197896,1,1.135748492255525e-06
stripe,34,charge_uniform,6.907591617189707e-09,0.0025040763311197896,2.42882614040234,1.0,inf,0.0025040694235281724,0,2.758538759919001e-06
stripe,35,charge_uniform,7.456425253279941e-09,0.0025040694235281724,1.0794536889998605,1.0,inf,0.002504061967102919,0,2.9777230548081294e-06
stripe,36,charge_uniform,1.6743427444423226e-08,0.002504061967102919,-2.245503290877637,-1.0,1.0,0.0025040787105303636,1,6.686462120384774e-06
stripe,37,charge_uniform,1.5252917353637818e-09,0.0025040787105303636,-0.09109793920191737,-1.0,1.0,0.002504077185238628,1,6.091229197187357e-07
stripe,38,charge_uniform,9.796574797042712e-10,0.002504077185238628,0.6422754788418382,1.0,2.7954471691300893,0.0025040762055811485,1,3.912249532399753e-07
stripe,39,charge_uniform,1.0317458437082705e-09,0.0025040762055811485,-1.0531699753057806,-1.0,1.0,0.002504077237326992,1,4.1202636577201596e-07
stripe,40,charge_uniform,6.966170296857088e-10,0.002504077237326992,-0.6751827825949349,-1.0,1.0,0.0025040765407099625,1,2.7819310814442815e-07
stripe,41,charge_uniform,1.418262653152258e-08,0.0025040765407099625,20.359287710668404,1.0,inf,0.002504062358083431,0,5.6638151034718305e-06
stripe,42,charge_uniform,1.6721203255787992e-08,0.002504062358083431,-1.1789920025478444,-1.0,1.0,0.002504079079286687,1,6.67758594131588e-06
stripe,43,charge_uniform,2.506470156427021e-09,0.002504079079286687,-0.14989771478074787,-1.0,1.0,0.0025040765728165304,1,1.0009548728552994e-06
stripe,44,charge_uniform,4.3873602971131187e-10,0.0025040765728165304,-0.17504139380487624,-1.0,1.0,0.00250407701155256,1,1.7520868075830058e-07
stripe,45,charge_uniform,6.640936064949976e-11,0.00250407701155256,-0.15136518578881494,-1.0,1.0,0.0025040769451431994,1,2.6520494514793337e-08
stripe,46,charge_uniform,2.1701715164496038e-10,0.0025040769451431994,-3.267869913555554,-1.0,1.0,0.002504077162160351,1,8.666552090500774e-08
stripe,47,charge_uniform,4.1669372683253436e-10,0.002504077162160351,-1.9200958250260536,-1.0,1.0,0.0025040767454666242,1,1.6640610486341353e-07
stripe,48,charge_uniform,7.874339982144596e-10,0.0025040767454666242,-1.8897188690602067,-1.0,1.0,0.0025040775329006225,1,3.1446070972983324e-07
stripe,49,charge_uniform,3.1157070803575215e-10,0.0025040775329006225,-0.39567850606178057,-1.0,1.0,0.0025040772213299144,1,1.2442534384102765e-07
stripe,50,charge_uniform,6.175741849336058e-10,0.0025040772213299144,1.9821317248563055,1.0,inf,0.0025040766037557295,0,2.4662745209016057e-07
stripe,51,charge_uniform,2.2856630694026436e-10,0.0025040766037557295,-0.37010340217643173,-1.0,1.0,0.0025040768323220364,1,9.1277673268641e-08
stripe,52,charge_uniform,1.419147098577142e-08,0.0025040768323220364,-62.08907680115929,-1.0,1.0,0.0025040626408510507,1,5.667346465807775e-06
stripe,53,charge_uniform,1.6314996097166468e-08,0.0025040626408510507,-1.1496338972559028,-1.0,1.0,0.002504078955847148,1,6.515368079377109e-06
stripe,54,charge_uniform,2.4745966066205827e-09,0.002504078955847148,-0.15167619972954588,-1.0,1.0,0.002504076481250541,1,9.882262701191101e-07
stripe,55,charge_uniform,1.8361874720360105e-09,0.002504076481250541,-0.7420148670387084,-1.0,1.0,0.0025040783174380132,1,7.332787713743159e-07
stripe,56,charge_uniform,1.3610616197458347e-09,0.0025040783174380132,-0.7412432774288867,-1.0,1.0,0.0025040769563763935,1,5.435379597625252e-07
stripe,57,charge_uniform,1.5120341844039598e-08,0.0025040769563763935,11.109226521913957,1.0,inf,0.0025040618360345494,0,6.038289600300457e-06
stripe,58,charge_uniform,3.238583426608266e-09,0.0025040618360345494,-0.2141871830685434,-1.0,1.0,0.002504065074617976,1,1.293330376848273e-06
stripe,59,charge_uniform,1.3033916200239776e-08,0.002504065074617976,4.024573241854096,1.0,inf,0.0025040781085341763,0,5.20507573458621e-06
stripe,60,charge_uniform,6.242644183702961e-10,0.0025040781085341763,-0.04789538376492033,-1.0,1.0,0.002504077484269758,1,2.492990998334811e-07
stripe,61,charge_uniform,7.963312166799075e-10,0.002504077484269758,1.2756312761807067,1.0,inf,0.0025040766879385412,0,3.18013808151841e-07
stripe,62,charge_uniform,1.0063208335207852e-09,0.0025040766879385412,-1.2636963269082606,-1.0,1.0,0.0025040776942593748,1,4.018728475669052e-07
stripe,63,charge_uniform,4.94087837484003e-10,0.0025040776942593748,-0.49098440678739846,-1.0,1.0,0.0025040772001715373,1,1.9731330166659952e-07
stripe,64,charge_uniform,3.0155657484987053e-10,0.0025040772001715373,0.6103298886802369,1.0,2.5662732936152763,0.0025040768986149624,1,1.204262292030026e-07
stripe,65,charge_uniform,1.3151525441595924e-10,0.0025040768986149624,0.43612132974196927,1.0,1.7734311523831896,0.002504076767099708,1,5.252045354066484e-08
stripe,66,charge_uniform,7.50142499332529e-10,0.002504076767099708,-5.703844034395907,-1.0,1.0,0.0025040775172422074,1,2.9956840160390744e-07
stripe,67,charge_uniform,4.687363223260244e-10,0.0025040775172422074,-0.6248630396799306,-1.0,1.0,0.002504077048505885,1,1.8718922201827578e-07
stripe,68,charge_uniform,4.0159073202289397e-10,0.002504077048505885,0.8567518941780917,1.0,6.9808950998852275,0.002504076646915153,1,1.6037475055430593e-07
stripe,69,charge_uniform,9.680008010437557e-11,0.002504076646915153,0.24104161870662189,1.0,1.317595305154745,0.002504076550115073,1,3.865699567288665e-08
stripe,70,charge_uniform,2.5436316854893226e-10,0.002504076550115073,-2.62771650885684,-1.0,1.0,0.0025040768044782414,1,1.0157961932079488e-07
stripe,71,charge_uniform,6.21153700523791e-10,0.0025040768044782414,2.441995451099669,1.0,inf,0.002504077425631942,0,2.480569067735729e-07
stripe,72,charge_uniform,1.0761384847471356e-09,0.002504077425631942,-1.7324834156822637,-1.0,1.0,0.0025040763494934572,1,4.297544771306565e-07
stripe,73,charge_uniform,1.3582087743119892e-08,0.0025040763494934572,12.621133744056488,1.0,inf,0.002504062767405714,0,5.4239910639575245e-06
stripe,74,charge_uniform,1.6179924938481555e-08,0.002504062767405714,-1.1912693574430497,-1.0,1.0,0.0025040789473306526,1,6.4614276461727975e-06
stripe,75,charge_uniform,2.219873271314121e-09,0.0025040789473306526,-0.13719923174887427,-1.0,1.0,0.0025040767274573813,1,8.865029090558449e-07
stripe,76,charge_uniform,4.812413770434454e-10,0.0025040767274573813,0.21678777039310895,1.0,1.2767931375406623,0.0025040762462160042,1,1.9218315947215159e-07
stripe,77,charge_uniform,1.6790552281875648e-09,0.0025040762462160042,-3.489008444167891,-1.0,1.0,0.0025040779252712324,1,6.705283454809801e-07
stripe,78,charge_uniform,1.4907650136043726e-09,0.0025040779252712324,-0.8878594274790832,-1.0,1.0,0.002504076434506219,1,5.953349129272399e-07
stripe,79,charge_uniform,3.135298509530926e-10,0.002504076434506219,-0.21031473645537194,-1.0,1.0,0.0025040767480360698,1,1.252077641785508e-07
stripe,80,charge_uniform,1.0581134466877695e-09,0.0025040767480360698,3.3748411625599073,1.0,inf,0.0025040778061495165,0,4.22556137868102e-07
stripe,1,exchange_charge,0.004192634319127484,0.0014607825435777838,nan,nan,1.0,0.0010681664200317658,0,0.3494027254969078
stripe,2,exchange_charge,0.0006019112477338323,0.0010681664200317658,-0.016923387820723657,-0.16372489505179172,1.0,0.0010589973422649992,0,0.049390738976338285
stripe,3,exchange_charge,0.0004366164920326706,0.0010589973422649992,0.6414569054743151,0.8772420143288364,1.0,0.0010497891864101857,0,0.0364281936134507
stripe,4,exchange_charge,0.0003743146755713963,0.0010497891864101857,0.9684889672159731,0.9368407268181929,31.73491668311504,0.0010448876255181637,0,0.037989128164764976
stripe,5,exchange_charge,9.998859726425939e-05,0.0010448876255181637,0.19467813360675354,0.893749510077739,1.0,0.001043106431020584,0,0.008313677872404286
stripe,6,exchange_charge,2.9774748004168577e-05,0.001043106431020584,0.36584318980509967,0.9469621646730823,1.576897044900712,0.0010425490044171201,0,0.003217336630874939
stripe,7,exchange_charge,1.0423182846124382e-05,0.0010425490044171201,0.3148345639858282,0.9947699877468258,1.4595015268390104,0.0010423505616498562,0,0.0010187986943911184
stripe,8,exchange_charge,3.99205679625864e-06,0.0010423505616498562,0.38196196684187284,0.9952999755954811,1.618023400420968,0.0010422868952333424,0,0.00039105440331094687
stripe,9,exchange_charge,1.4913495439575295e-06,0.0010422868952333424,0.364656374983941,0.9982607080708811,1.5739514187692116,0.0010422631964344883,0,0.00014285766283360572
stripe,10,exchange_charge,5.661176146855903e-07,0.0010422631964344883,0.3766210253733556,0.9889084487730424,1.604160616098614,0.0010422539509343162,1,5.440789073382801e-05
stripe,11,exchange_charge,2.969114362516654e-07,0.0010422539509343162,0.33597624532455117,0.7203421676911428,1.0,0.001042264682034839,1,2.537645803544896e-05
stripe,12,exchange_charge,3.2382457963958493e-07,0.001042264682034839,0.3763232599828333,0.788138140290158,1.0,0.0010422650423698168,1,1.211684554389588e-05
stripe,13,exchange_charge,1.944559579283335e-07,0.0010422650423698168,-0.19124860152498213,-0.38471802289084683,1.0,0.0010422678213083286,1,6.023433914504244e-06
stripe,14,exchange_charge,2.2884482388935146e-08,0.0010422678213083286,-0.0897458849224916,-0.28622071332375076,1.0,0.0010422678167204948,1,1.8886767510703193e-06
stripe,15,exchange_charge,7.3819884875009345e-09,0.0010422678167204948,0.09426746911737495,0.393609449094226,1.0,0.0010422680444060685,1,4.523284174306768e-07
stripe,16,exchange_charge,7.348120365652244e-09,0.0010422680444060685,0.049581211255543226,0.06792204044690403,1.0,0.0010422680089559693,1,3.30187236336746e-07
stripe,17,exchange_charge,3.224198838469583e-09,0.0010422680089559693,-0.21793474966260634,-0.371982008538518,1.0,0.001042268072902331,1,1.9344825575878278e-07
stripe,18,exchange_charge,4.253339562498848e-09,0.001042268072902331,-0.17218412913150175,-0.17076727548128448,1.0,0.0010422680947094795,1,1.9505328909796575e-07
stripe,19,exchange_charge,2.7424290264047024e-08,0.0010422680947094795,-2.4821230171256716,-0.25340291681360133,1.0,0.0010422676152177749,1,1.9105788699040818e-06
stripe,20,exchange_charge,3.020797189126623e-08,0.0010422676152177749,-1.1207848985721716,-0.9970372365575882,1.0,0.001042268198917685,1,2.147710890133186e-06
stripe,21,exchange_charge,4.9832107659048e-09,0.001042268198917685,-0.154452659183455,-0.9257112480399642,1.0,0.0010422680830999345,1,3.583403127494623e-07
stripe,22,exchange_charge,4.16410443800086e-09,0.0010422680830999345,0.030058899220493398,0.07248651908923982,1.0,0.0010422680446843943,1,1.4859751412857105e-07
stripe,23,exchange_charge,2.1961091697247914e-07,0.0010422680446843943,-4.536117287722194,-0.1302685269353111,1.0,0.0010422672070497902,1,5.174356334972466e-06
stripe,24,exchange_charge,2.251151918607891e-07,0.0010422672070497902,-1.0975971956244646,-0.9975164512922654,1.0,0.001042268191335922,1,5.69349828362249e-06
stripe,25,exchange_charge,1.0027009040777801e-08,0.001042268191335922,-0.1001725192433877,-0.8213785144871529,1.0,0.0010422680950285068,1,6.943596117004218e-07
stripe,26,exchange_charge,4.586444154151825e-09,0.0010422680950285068,-0.1789646343942822,-0.6585812874781847,1.0,0.0010422681403353278,1,1.8868714081229057e-07
stripe,27,exchange_charge,8.284327928081286e-09,0.0010422681403353278,-0.25738726825602876,-0.2043451601721001,1.0,0.0010422681158672043,1,2.3766487881491273e-07
stripe,28,exchange_charge,8.985976010090059e-09,0.0010422681158672043,-0.7887353719263299,-0.6892592434228122,1.0,0.001042268065710702,1,2.719654509900758e-07
stripe,29,exchange_charge,4.389640045551757e-09,0.001042268065710702,-0.10805208868416878,-0.21739392209162367,1.0,0.0010422681160743934,1,1.351759733705098e-07
stripe,30,exchange_charge,3.82479221840322e-09,0.0010422681160743934,-1.1996694223600008,-0.7927720327923916,1.0,0.0010422680433905995,1,2.045562597852363e-07
stripe,31,exchange_charge,2.173461006932994e-07,0.0010422680433905995,3.3160596867703864,0.13158443500599173,1.0,0.0010422672399850663,1,5.155023191177324e-06
stripe,32,exchange_charge,2.222476073795044e-07,0.0010422672399850663,-1.0860803730848734,-0.9973138698085359,1.0,0.0010422682263309222,1,5.613848054781721e-06
stripe,33,exchange_charge,1.0444576025239738e-08,0.0010422682263309222,-0.10941704047019056,-0.835063314551557,1.0,0.0010422680419229875,1,7.355737332724465e-07
stripe,34,exchange_charge,2.4822466603013904e-08,0.0010422680419229875,2.1091474120610383,0.9186726671196933,inf,0.0010422676164475754,0,1.6887774785660635e-06
stripe,35,exchange_charge,1.8448779640425905e-07,0.0010422676164475754,1.4089687112830576,0.7049674468847044,1.0,0.00104226720785366,1,3.3752418065101744e-06
stripe,36,exchange_charge,2.0557593691109335e-07,0.00104226720785366,-1.486143554781146,-0.9498302006563129,1.0,0.0010422681988515143,1,5.281039758673129e-06
stripe,37,exchange_charge,8.402913972277437e-09,0.0010422681988515143,-0.09006476717741602,-0.8453802020221286,1.0,0.0010422680962425476,1,5.62629234966544e-07
stripe,38,exchange_charge,3.4929711970055344e-09,0.0010422680962425476,0.06839069542192983,0.255593633915611,1.0,0.0010422680366168693,1,1.505460360757945e-07
stripe,39,exchange_charge,6.706596715477797e-09,0.0010422680366168693,-1.443780596481627,-0.876200189448158,1.0,0.001042268100209158,1,2.4806596432391566e-07
stripe,40,exchange_charge,5.952869641667746e-09,0.001042268100209158,-0.9554417249157713,-0.9632338502855593,1.0,0.0010422680583343274,1,2.4605922308094936e-07
stripe,41,exchange_charge,2.2115377764113028e-07,0.0010422680583343274,1.2258942218546283,0.05879888356858355,1.0,0.0010422672397672069,1,5.130073457536348e-06
stripe,42,exchange_charge,2.2699269260398856e-07,0.0010422672397672069,-1.1045864773683465,-0.9973596368594679,1.0,0.0010422682238185744,1,5.681610384032105e-06
stripe,43,exchange_charge,9.722551905927412e-09,0.0010422682238185744,-0.10141630267696017,-0.7561515023002928,1.0,0.0010422680561626581,1,7.620270761172522e-07
stripe,44,exchange_charge,7.092464275604282e-09,0.0010422680561626581,-0.3317026514109867,-0.7313878820141801,1.0,0.0010422680900553127,1,3.455983346875415e-07
stripe,45,exchange_charge,2.4421662192519733e-09,0.0010422680900553127,-0.2988605298222058,-0.5384328450724805,1.0,0.0010422680833836449,1,1.918265246179158e-07
stripe,46,exchange_charge,4.542982951633023e-09,0.0010422680833836449,-0.03261533369451554,-0.0394993234063459,1.0,0.0010422680947809009,1,1.5839476588352882e-07
stripe,47,exchange_charge,4.264353625424433e-09,0.0010422680947809009,-0.1315981977814272,-0.11964437876055685,1.0,0.001042268073132622,1,1.742201843849205e-07
stripe,48,exchange_charge,3.5672698683875126e-09,0.001042268073132622,-0.6172468450336325,-0.6070267567407212,1.0,0.0010422681200355224,1,1.7715340444710574e-07
stripe,49,exchange_charge,2.9668193042667627e-09,0.0010422681200355224,-0.5068810804575575,-0.6838702947052311,1.0,0.001042268099338845,1,1.3130517548154114e-07
stripe,50,exchange_charge,6.8319535202754356e-09,0.001042268099338845,-0.7560938648182796,-0.4993069776500031,1.0,0.0010422680657844509,1,1.9883367150036138e-07
stripe,51,exchange_charge,1.0691401677170864e-08,0.0010422680657844509,-1.762698482156511,-0.8542926627423295,1.0,0.0010422680734862026,1,4.1026200380054273e-07
stripe,52,exchange_charge,2.2165926355510734e-07,0.0010422680734862026,2.5771014853205796,0.20676347782172655,1.0,0.0010422672545163385,1,5.113508587220508e-06
stripe,53,exchange_charge,2.272448893078302e-07,0.0010422672545163385,-1.0945259932995959,-0.9950217467076904,1.0,0.0010422682136811225,1,5.624869337138337e-06
stripe,54,exchange_charge,9.922426437783405e-09,0.0010422682136811225,-0.10258464547641695,-0.8156923062570567,1.0,0.0010422680512501166,1,7.074055037361863e-07
stripe,55,exchange_charge,6.627211958029622e-09,0.0010422680512501166,-0.3743672865121992,-0.7692752397902285,1.0,0.0010422681674370467,1,3.442584356671414e-07
stripe,56,exchange_charge,3.979491205747393e-09,0.0010422681674370467,-0.4485591395328252,-0.6875272969049281,1.0,0.001042268083813768,1,2.2460238069809003e-07
stripe,57,exchange_charge,2.2181198409509766e-07,0.001042268083813768,6.776271913663172,0.29203548694844816,1.0,0.0010422672065272573,1,5.211582133665474e-06
stripe,58,exchange_charge,9.251633584228536e-09,0.0010422672065272573,-0.10025774539524249,-0.7648642828810095,1.0,0.0010422674106867463,1,6.831300974627552e-07
stripe,59,exchange_charge,2.198604711612078e-07,0.0010422674106867463,5.454988200112729,0.7314299929354681,1.0,0.0010422681586386184,1,5.09476502550962e-06
stripe,60,exchange_charge,8.148694620110919e-09,0.0010422681586386184,-0.08504760804470327,-0.7629587655171414,1.0,0.0010422681137991525,1,5.679174269342214e-07
stripe,61,exchange_charge,3.523947205222311e-09,0.0010422681137991525,-0.20323408373712698,-0.5861644266447497,1.0,0.0010422680679096769,1,1.9690751881258672e-07
stripe,62,exchange_charge,5.649390830142487e-09,0.0010422680679096769,-1.1195321069755948,-0.7705578537506641,1.0,0.0010422681267327713,1,2.8608401771141455e-07
stripe,63,exchange_charge,3.885021512828324e-09,0.0010422681267327713,-0.6652805797755967,-0.9823936777759747,1.0,0.0010422680983193764,1,1.9373713967546924e-07
stripe,64,exchange_charge,2.947971311506592e-09,0.0010422680983193764,0.19914170734444142,0.43413869846939573,1.0,0.00104226808291486,1,8.88682486928458e-08
stripe,65,exchange_charge,2.5448157892077198e-09,0.00104226808291486,0.3249206091079779,0.33443346022436693,1.0,0.0010422680745612142,1,8.63404215087672e-08
stripe,66,exchange_charge,6.920464392518033e-09,0.0010422680745612142,-2.0171647334763265,-0.8466153364254096,1.0,0.0010422681170466001,1,2.0571662258436024e-07
stripe,67,exchange_charge,6.0869645504557646e-09,0.0010422681170466001,-0.8487498693817764,-0.906988187873631,1.0,0.0010422680922301832,1,1.925074205844706e-07
stripe,68,exchange_charge,2.7098155767901755e-09,0.0010422680922301832,0.21799519012554333,0.4548078659102713,1.0,0.0010422680681799826,1,9.227125539287102e-08
stripe,69,exchange_charge,2.8211563241758997e-09,0.0010422680681799826,-0.8269116914779367,-0.506922574556696,1.0,0.0010422680588759996,1,1.5051644069915995e-07
stripe,70,exchange_charge,1.8055424516605356e-09,0.0010422680588759996,-0.8120256158689436,-0.911770048079229,1.0,0.0010422680771356833,1,1.340504710199821e-07
stripe,71,exchange_charge,5.244680953420122e-09,0.0010422680771356833,-0.4599344314583767,-0.38887915771938464,1.0,0.001042268113775185,1,1.5854391726598103e-07
stripe,72,exchange_charge,2.9098511152708673e-09,0.001042268113775185,-0.6696942484922144,-0.643189270348654,1.0,0.0010422680473758782,1,1.650773021585048e-07
stripe,73,exchange_charge,2.2190439094051106e-07,0.0010422680473758782,9.395441339048597,0.3002425553815937,1.0,0.0010422672641785624,1,5.16573743410436e-06
stripe,74,exchange_charge,2.2652430825033376e-07,0.0010422672641785624,-1.078604848906256,-0.9974322290861208,1.0,0.001042268211280186,1,5.5861324768920776e-06
stripe,75,exchange_charge,7.96048471585209e-09,0.001042268211280186,-0.0813696517178243,-0.797591015069252,1.0,0.0010422680675529596,1,5.698931476238724e-07
stripe,76,exchange_charge,1.1699428940827733e-09,0.0010422680675529596,0.05218975376337251,0.4058428718287408,1.0,0.0010422680415146963,1,7.328596659431377e-08
stripe,77,exchange_charge,6.623568266778124e-09,0.0010422680415146963,-2.1926413348904976,-0.6368221139029722,1.0,0.0010422681413134079,1,2.5233079182092215e-07
stripe,78,exchange_charge,9.776967997351949e-09,0.0010422681413134079,-1.0176304148225772,-0.8053987429893995,1.0,0.0010422680531357595,1,3.188228074458444e-07
stripe,79,exchange_charge,5.475561464310386e-09,0.0010422680531357595,-0.5284737779830021,-0.7183886121614724,1.0,0.0010422680740441144,1,2.345381059502446e-07
stripe,80,exchange_charge,6.494453291122637e-09,0.0010422680740441144,0.4818410331036774,0.5228477453496188,1.0,0.0010422681336546584,1,2.161433759923379e-07
stripe,1,exchange_spin,0.0022076162512152855,0.000280525187240012,nan,nan,1.0,0.0001584840259390069,0,0.7328652844805
stripe,2,exchange_spin,0.0007792264818844387,0.0001584840259390069,0.05767070469661239,0.19337692802507528,1.0,9.888383361999485e-05,0,0.38686649360649905
stripe,3,exchange_spin,0.00046775893085341993,9.888383361999485e-05,0.6369661358205893,0.9776785328061178,2.754563964054333,5.943406249514224e-05,0,0.4039629931394304
stripe,4,exchange_spin,0.00029501289645793814,5.943406249514224e-05,0.6841311997430828,0.9931060723303462,3.1658713971960295,3.219598115111586e-05,0,0.4629938470214181
stripe,5,exchange_spin,0.00013141902431917148,3.219598115111586e-05,0.47916276718450507,0.9854055907725316,1.919985625056585,1.883490342719963e-05,0,0.4156014115980538
stripe,6,exchange_spin,6.911826583197705e-05,1.883490342719963e-05,0.5584667798109223,0.9984654864312628,2.2648352474402045,1.1353331971116754e-05,0,0.39735581014814
stripe,7,exchange_spin,4.02720848954978e-05,1.1353331971116754e-05,0.5916526239916787,0.9997488317220724,2.448895373775151,6.925096743414316e-06,0,0.3901175771149454
stripe,8,exchange_spin,2.436335350210119e-05,6.925096743414316e-06,0.6066362059614756,0.9999207121628914,2.5421760089645264,4.238503976599327e-06,0,0.3880214843379438
stripe,9,exchange_spin,1.4894369299730224e-05,4.238503976599327e-06,0.610721818539804,0.9999305781776312,2.5688570478031036,2.5976104800413825e-06,0,0.3872064730710755
stripe,10,exchange_spin,9.153583693101257e-06,2.5976104800413825e-06,0.6122768273701227,0.999909509925659,2.5791597474484855,1.5928472321207992e-06,0,0.3868728923746135
stripe,11,exchange_spin,5.62430177244045e-06,1.5928472321207992e-06,0.6126336789071158,0.99988735659899,2.5815357338724763,9.772504560171018e-07,0,0.38656096269284984
stripe,12,exchange_spin,3.457088965800985e-06,9.772504560171018e-07,0.613414404787269,0.9997769439708807,2.5867492539387515,5.995645387728494e-07,0,0.38657796068029937
stripe,13,exchange_spin,2.125116376179917e-06,5.995645387728494e-07,0.6131981718330654,0.999404784953198,2.585303189333488,3.6789238953377314e-07,0,0.38660410475437945
stripe,14,exchange_spin,1.3194668518224512e-06,3.6789238953377314e-07,0.6123861773389694,0.9985155751741078,2.579887355757441,2.2602965097365656e-07,0,0.386413358166887
stripe,15,exchange_spin,8.095802534763968e-07,2.2602965097365656e-07,0.6122713684246445,0.9932755154001309,2.5791234346995826,1.3887982344038416e-07,0,0.38768744935131905
stripe,16,exchange_spin,6.403318654612123e-07,1.3887982344038416e-07,0.6022390682578943,0.9650233926334304,2.514072952364173,8.568988856989773e-08,0,0.3937667897503923
stripe,17,exchange_spin,3.0874007488686933e-07,8.568988856989773e-08,0.58463866738508,0.9625855380370278,2.4075423528340236,5.331024164099002e-08,0,0.3876116894426271
stripe,18,exchange_spin,2.885063304055354e-07,5.331024164099002e-08,0.6122220181667666,0.9426153063829722,2.5787952045974,3.3921718977564986e-08,0,0.40465997455826147
stripe,19,exchange_spin,1.3037222604348614e-07,3.3921718977564986e-08,0.5169766881524077,0.862312585848984,1.0,2.199813076352449e-08,0,0.3812670588188472
stripe,20,exchange_spin,2.2397790469795112e-07,2.199813076352449e-08,0.6214562214687934,0.7032153842013472,1.0,1.6084569242568726e-08,0,0.5195693621495361
stripe,21,exchange_spin,2.138289376315518e-07,1.6084569242568726e-08,0.18445001660092109,0.2846355306846551,1.0,1.309624279856507e-08,0,0.460478614483783
stripe,22,exchange_spin,3.541623477248398e-07,1.309624279856507e-08,-0.05868698393497855,-0.03348036690257401,1.0,1.2931035494827266e-08,0,0.991342588487319
stripe,23,exchange_spin,2.252268076101707e-07,1.2931035494827266e-08,-0.2314132686191088,-0.4174318087528685,1.0,1.1301399392718375e-08,0,0.5565957620326007
stripe,24,exchange_spin,2.36695203887878e-07,1.1301399392718375e-08,0.1740592868588965,0.11513658022920736,1.0,1.0700663902097927e-08,0,0.9627751000898258
stripe,25,exchange_spin,3.372482174035983e-07,1.0700663902097927e-08,-0.6892120104882362,-0.7171765433403952,1.0,1.0100143988042443e-08,0,0.9771767153215847
stripe,26,exchange_spin,2.534826386878307e-07,1.0100143988042443e-08,-0.6630323609946528,-0.8654995369940603,1.0,8.768587229080934e-09,0,0.7930930681921717
stripe,27,exchange_spin,2.798827263131217e-07,8.768587229080934e-09,-1.1833218414216393,-0.8562468416627174,1.0,1.2305462620259663e-08,0,0.8996170375348226
stripe,28,exchange_spin,6.234885041134735e-08,1.2305462620259663e-08,-0.018137927164008378,-0.07506298258120864,1.0,1.2750625764898127e-08,1,0.2097905660712645
stripe,29,exchange_spin,1.3652521962348612e-07,1.2750625764898127e-08,0.2030461852222436,0.12043680364894344,1.0,1.1475246347312561e-08,0,0.3536890123765668
stripe,30,exchange_spin,1.578655809529814e-07,1.1475246347312561e-08,-0.7331897393994288,-0.748136499162941,1.0,1.2215026026469292e-08,0,0.3618213639473376
stripe,31,exchange_spin,2.2319195186695936e-07,1.2215026026469292e-08,-0.43154200755564764,-0.2708699272398511,1.0,1.3714159634715345e-08,0,0.5134305297114089
stripe,32,exchange_spin,2.928715232955886e-07,1.3714159634715345e-08,-0.7177768899774305,-0.49546396185667735,1.0,1.021869026029276e-08,0,0.7438049933131644
stripe,33,exchange_spin,1.0446558247459287e-07,1.021869026029276e-08,0.06530591844339799,0.18416856029073492,1.0,1.0756510449549035e-08,0,0.3362744995429951
stripe,34,exchange_spin,2.7163088078732673e-07,1.0756510449549035e-08,-0.991185222355915,-0.4468363196793923,1.0,1.192169360541739e-08,0,0.6730289333414801
stripe,35,exchange_spin,2.7898922360268996e-07,1.192169360541739e-08,-0.8836359266154207,-0.8376788531214908,1.0,9.774100371642365e-09,0,0.709952916844057
stripe,36,exchange_spin,1.6534525981520641e-07,9.774100371642365e-09,-0.3373658438773239,-0.5529454609241373,1.0,7.824044481685714e-09,0,0.528335171616804
stripe,37,exchange_spin,5.541511304640683e-08,7.824044481685714e-09,0.07375890107593765,0.20147343822104744,1.0,6.6286851792625795e-09,1,0.24163044087351712
stripe,38,exchange_spin,1.9782714088735322e-07,6.6286851792625795e-09,-0.5390445370957487,-0.24971750951368016,1.0,6.4101088169796646e-09,0,0.615646221012675
stripe,39,exchange_spin,2.1421270671607967e-07,6.4101088169796646e-09,-0.8625120723990852,-0.7440871265627912,1.0,5.546194350259753e-09,0,0.7379630222631969
stripe,40,exchange_spin,2.1283582821288632e-07,5.546194350259753e-09,-0.8104271013237477,-0.4662890264657342,1.0,7.892474610919052e-09,0,1.0417069703588762
stripe,41,exchange_spin,1.591204048318971e-07,7.892474610919052e-09,-0.17130553807775875,-0.2580178686418638,1.0,9.956120845736535e-09,0,0.5482646235873873
stripe,42,exchange_spin,1.877608776723811e-07,9.956120845736535e-09,-0.25190921062263344,-0.24204359892521654,1.0,8.238007903549531e-09,0,0.5706116962129879
stripe,43,exchange_spin,2.2991545318727576e-07,8.238007903549531e-09,0.8617442798912407,0.5141623621624071,1.0,8.149735073437811e-09,0,1.1558108092098702
stripe,44,exchange_spin,2.089301935428909e-07,8.149735073437811e-09,-0.15008022190722697,-0.1956731254380453,1.0,8.675692847535908e-09,0,0.8417770271290496
stripe,45,exchange_spin,2.9350918672466707e-07,8.675692847535908e-09,-0.5519883989638431,-0.3820457706549299,1.0,5.605209190219732e-09,0,1.2162185507065548
stripe,46,exchange_spin,1.3402793183359276e-07,5.605209190219732e-09,-0.21528375475112235,-0.43948134126237814,1.0,4.508039676930072e-09,0,0.9221355897613259
stripe,47,exchange_spin,2.1275437934860795e-07,4.508039676930072e-09,-0.09309825479163727,-0.05694524294031404,1.0,7.379840234599189e-09,0,1.1450481228692173
stripe,48,exchange_spin,3.9197169236452405e-07,7.379840234599189e-09,-1.4860193050110269,-0.8990005319446577,1.0,7.730632561894704e-09,0,1.806841970526623
stripe,49,exchange_spin,1.3218793469093647e-07,7.730632561894704e-09,0.05379541135088706,0.12049948094023277,1.0,1.0519730334483561e-08,0,0.5927760537111308
stripe,50,exchange_spin,1.5037138476358647e-07,1.0519730334483561e-08,0.014566144960574394,0.02038666180771288,1.0,1.1063954973425059e-08,0,0.4027016117816525
stripe,51,exchange_spin,1.4947966757722505e-07,1.1063954973425059e-08,-0.5069540551833458,-0.5245759666032492,1.0,1.0924651699021277e-08,0,0.3891737862935362
stripe,52,exchange_spin,1.5396769091892914e-07,1.0924651699021277e-08,-0.32361748670421936,-0.28116337676249403,1.0,8.874016940400793e-09,0,0.4536486364972358
stripe,53,exchange_spin,1.7996888059285758e-07,8.874016940400793e-09,-0.7946918758732319,-0.6553477419693764,1.0,1.134077951684998e-08,0,0.5299211683090835
stripe,54,exchange_spin,3.8290240820706273e-07,1.134077951684998e-08,-1.247068516310166,-0.5811201109992247,1.0,8.577382809040958e-09,0,1.1371969281672996
stripe,55,exchange_spin,2.0635904692001768e-07,8.577382809040958e-09,-0.200465120345661,-0.4280268205475532,1.0,7.2834885690176425e-09,0,0.7041928770334133
stripe,56,exchange_spin,2.9899863950449775e-07,7.2834885690176425e-09,0.11179574316336802,0.05810393629261412,1.0,9.724992660045716e-09,0,1.1950246152205848
stripe,57,exchange_spin,1.6398160552822977e-07,9.724992660045716e-09,-0.029760507633825053,-0.059006706466473186,1.0,1.1289056961298763e-08,0,0.5192152372196102
stripe,58,exchange_spin,1.1766735454731087e-07,1.1289056961298763e-08,0.0907651629674816,0.1693509304392811,1.0,1.231312849168544e-08,0,0.25513396982237607
stripe,59,exchange_spin,1.928740897274622e-07,1.231312849168544e-08,-0.8682874528146568,-0.5256466719515513,1.0,1.2228532676486552e-08,0,0.42144207621651364
stripe,60,exchange_spin,2.637434231149324e-07,1.2228532676486552e-08,0.07531755098455029,0.04670019175097393,1.0,8.981663867058767e-09,0,0.6843991827389042
stripe,61,exchange_spin,1.620592118192139e-07,8.981663867058767e-09,0.39453220359629604,0.46021819324992874,1.0,8.79169764579898e-09,0,0.7988140738966415
stripe,62,exchange_spin,2.3937272089640557e-07,8.79169764579898e-09,-0.4655274341056483,-0.43335343721351094,1.0,5.637303508445709e-09,0,0.8766632391639246
stripe,63,exchange_spin,2.247937131830755e-07,5.637303508445709e-09,0.04755262911232243,0.03927536181631644,1.0,9.555287978956834e-09,0,0.9765986016797208
stripe,64,exchange_spin,1.9764824562029749e-07,9.555287978956834e-09,-0.05921935336629372,-0.10989941543938671,1.0,1.0739886742265788e-08,0,0.4681968155574453
stripe,65,exchange_spin,2.888316417497093e-07,1.0739886742265788e-08,-0.2786402115544262,-0.147867144707664,1.0,6.612212877172522e-09,0,0.8822680656609277
stripe,66,exchange_spin,2.451667220397131e-07,6.612212877172522e-09,-0.5139589656285138,-0.6743788957296021,1.0,7.1821108710109906e-09,0,1.0054781372341142
stripe,67,exchange_spin,2.745803995710972e-07,7.1821108710109906e-09,-1.0675859990288767,-0.8630929991988755,1.0,6.850637436370065e-09,0,1.2437065097702562
stripe,68,exchange_spin,2.9017008697897474e-07,6.850637436370065e-09,-1.0067598949503338,-0.9781206006118335,1.0,7.528599757034201e-09,0,1.221207053771403
stripe,69,exchange_spin,1.942320160661616e-07,7.528599757034201e-09,-0.17608537324749512,-0.29937411534821246,1.0,7.694938818154962e-09,0,0.7027605550780385
stripe,70,exchange_spin,9.480876165823295e-08,7.694938818154962e-09,-0.12511707687515988,-0.14710170784829713,1.0,9.411633610469561e-09,1,0.48870458186733573
stripe,71,exchange_spin,2.4064747357598285e-07,9.411633610469561e-09,-0.5217689382015805,-0.3884222335145001,1.0,1.0765877876732924e-08,0,0.5738998533146173
stripe,72,exchange_spin,2.215119548841697e-07,1.0765877876732924e-08,-0.7470955932599638,-0.9154070606705089,1.0,1.0340287182839716e-08,0,0.4683796638730724
stripe,73,exchange_spin,2.8378442306436314e-07,1.0340287182839716e-08,-0.5471077120894462,-0.27037326787385385,1.0,6.31110993982291e-09,0,0.9867882407395059
stripe,74,exchange_spin,1.7468178581670884e-07,6.31110993982291e-09,-0.1381176485536589,-0.1949493939547868,1.0,7.586412637494292e-09,0,0.9529001419360645
stripe,75,exchange_spin,2.889921662618389e-07,7.586412637494292e-09,-0.9510275849256258,-0.6904387689832039,1.0,8.554471257683853e-09,0,1.1640151307280584
stripe,76,exchange_spin,2.967511269177257e-07,8.554471257683853e-09,-0.8749728475733969,-0.9025798068881818,1.0,6.097364621607702e-09,0,1.1284117213557672
stripe,77,exchange_spin,1.3012375525735457e-07,6.097364621607702e-09,-0.018331012647897323,-0.03241160256158986,1.0,9.222966719120545e-09,0,0.5919377956902132
stripe,78,exchange_spin,3.236757896286841e-07,9.222966719120545e-09,-1.090177169740116,-0.5624236654015834,1.0,7.636825913403631e-09,0,1.1473860551493478
stripe,79,exchange_spin,2.916687328605886e-07,7.636825913403631e-09,-0.6377928487001603,-0.7395211593139472,1.0,6.0096619949756184e-09,0,1.195078295267082
stripe,80,exchange_spin,1.7262992985502077e-07,6.0096619949756184e-09,-0.19419374999150085,-0.2244002732364475,1.0,9.202690605832802e-09,0,0.8582351452561496
stripe,1,pairing,8.025825812287644e-05,1.779740931548062e-05,nan,nan,1.0,1.394939693424429e-05,0,0.3289147182240431
stripe,2,pairing,0.00023962978453860223,1.394939693424429e-05,-2.348737522495209,-0.6175174951273976,1.0,3.600317048171541e-05,0,0.6184214847657619
stripe,3,pairing,0.001680574216869534,3.600317048171541e-05,7.329894427639147,0.9977910450928595,inf,0.00019947691644396233,0,0.8199564518655466
stripe,4,pairing,0.0011838348431425323,0.00019947691644396233,0.7250011057042828,0.9558351841996802,3.6363782573055015,0.00032004635259259807,0,0.3876378781309826
stripe,5,pairing,0.000400115066452504,0.00032004635259259807,0.24435129292171426,0.928816410616771,1.3233662555534542,0.00034831925088207156,0,0.09370146334745509
stripe,6,pairing,0.00013171512094531943,0.00034831925088207156,0.25674509911392884,0.8626657227586698,1.0,0.0003540747282594681,0,0.02743396250624837
stripe,7,pairing,6.496207475868362e-05,0.0003540747282594681,0.44651323563162787,0.9104400481658176,1.8067279371010432,0.0003553765249884486,0,0.013405336456967348
stripe,8,pairing,3.621294439750539e-05,0.0003553765249884486,0.5810873429493042,0.9831644041843547,2.3871324562985987,0.0003557278126449932,0,0.00791523662623758
stripe,9,pairing,2.118536475427188e-05,0.0003557278126449932,0.6071944620933424,0.9968246756549441,2.545788955342147,0.00035583626088853614,0,0.00481992792835408
stripe,10,pairing,1.2688756432129022e-05,0.00035583626088853614,0.6120073321757371,0.9992626333549398,2.5773682930857325,0.0003558773970343228,0,0.002951666720005919
stripe,11,pairing,7.722451727590167e-06,0.0003558773970343228,0.612823996996623,0.9995344996838635,2.5828046992656155,0.00035589361038607803,0,0.0018096121667870988
stripe,12,pairing,4.741634375648313e-06,0.00035589361038607803,0.6131725547497097,0.9994361694874337,2.585131981400561,0.00035590247809675463,0,0.0011102028346033446
stripe,13,pairing,2.8569140932059416e-06,0.00035590247809675463,0.612647390883553,0.9985233332622963,2.5816271181985955,0.0003559022371567423,0,0.0006811687291764026
stripe,14,pairing,1.765236870402559e-06,0.0003559022371567423,0.6128884526385106,0.9982029509013796,2.5832347467180767,0.0003559029313050933,0,0.00041823149932813204
stripe,15,pairing,1.0841457527529033e-06,0.0003559029313050933,0.612103716809495,0.9944941753853591,2.578008718657602,0.0003559031633620848,0,0.0002574181877011234
stripe,16,pairing,6.720771341837614e-07,0.0003559031633620848,0.6036525241185046,0.9623252739851244,2.523038648791576,0.00035590334754935895,0,0.00016147456846706302
stripe,17,pairing,4.145500970007335e-07,0.00035590334754935895,0.5816591852719772,0.9632946657705141,2.3903954976282513,0.00035590338528015925,0,9.7501999457646e-05
stripe,18,pairing,2.96628944370863e-07,0.00035590338528015925,0.6139213415578205,0.9477351473222486,2.5901457595065787,0.0003559033561279861,0,6.31595847012043e-05
stripe,19,pairing,1.8869396001307617e-07,0.0003559033561279861,0.5230010989435883,0.8553044055026334,1.0,0.00035590446051010177,1,3.86206737622354e-05
stripe,20,pairing,2.3836448717550665e-07,0.00035590446051010177,0.5766496529604501,0.7013248207512673,1.0,0.0003559034708892985,1,3.175504055059008e-05
stripe,21,pairing,2.1149603456985944e-07,0.0003559034708892985,0.3112585221797921,0.4921079411564471,1.0,0.00035590339213678,1,2.0085135089899673e-05
stripe,22,pairing,4.200930310277719e-07,0.00035590339213678,-0.2355391691335285,-0.1296851862611882,1.0,0.0003559034169031573,1,3.6479392018537126e-05
stripe,23,pairing,2.9141219665915094e-07,0.0003559034169031573,-0.1306208136543143,-0.2206177232738457,1.0,0.0003559054750542566,1,2.159817552837861e-05
stripe,24,pairing,3.5388585497445703e-07,0.0003559054750542566,-0.2660306659559275,-0.16575569881124952,1.0,0.00035590360701732423,1,3.466412956208793e-05
stripe,25,pairing,2.8537046173838334e-07,0.00035590360701732423,-0.5194176655691782,-0.6963541264868485,1.0,0.0003559034010864129,1,2.5856464513166123e-05
stripe,26,pairing,1.8299249664631798e-07,0.0003559034010864129,-0.5106459495020561,-0.7456121266812671,1.0,0.0003559033215823389,1,1.7708277587434725e-05
stripe,27,pairing,2.555486482216065e-07,0.0003559033215823389,-1.387121636537575,-0.8250439486441213,1.0,0.0003559033570789253,1,2.9772399476410395e-05
stripe,28,pairing,7.981772927977488e-08,0.0003559033570789253,-0.01943912990900965,-0.06939463360877524,1.0,0.0003559033690441641,1,8.339975176329857e-06
stripe,29,pairing,9.11961871794811e-08,0.0003559033690441641,0.3393216698221873,0.252914376350837,1.0,0.00035590335866794807,1,1.1189297911567583e-05
stripe,30,pairing,8.227299052497122e-08,0.00035590335866794807,-0.5011678781971427,-0.5952272500930137,1.0,0.0003559033939760565,1,9.421135035645045e-06
stripe,31,pairing,2.9025376997787657e-07,0.0003559033939760565,-0.7159010687649082,-0.2751181067208276,1.0,0.0003559054109911333,1,2.451515277513411e-05
stripe,32,pairing,2.8597077255501554e-07,0.0003559054109911333,-0.794927167532574,-0.6416546784466433,1.0,0.0003559035740328884,1,3.0371103978144194e-05
stripe,33,pairing,1.152260005618603e-07,0.0003559035740328884,0.10490405584891985,0.3241595109708829,1.0,0.000355903469478802,1,9.828705697515266e-06
stripe,34,pairing,2.512737648259805e-07,0.000355903469478802,-1.2522808037540254,-0.5580810974529158,1.0,0.0003559044776515964,1,2.2054623023313193e-05
stripe,35,pairing,2.455828048304867e-07,0.0003559044776515964,-0.6987555286952875,-0.6687890078437848,1.0,0.00035590563358827603,1,2.304275270344389e-05
stripe,36,pairing,2.2651628151203602e-07,0.00035590563358827603,-0.5451790860355684,-0.6191091756468958,1.0,0.00035590363056402756,1,2.0291133378019983e-05
stripe,37,pairing,4.739520062611163e-08,0.00035590363056402756,0.06758004579458253,0.2630966239719964,1.0,0.00035590340096104206,1,5.212090599045335e-06
stripe,38,pairing,8.070240807466275e-08,0.00035590340096104206,0.07538436861783757,0.045274510117213375,1.0,0.00035590344511734573,1,8.678401217376766e-06
stripe,39,pairing,9.542598175429733e-08,0.00035590344511734573,-0.37784185320715463,-0.3308003397886584,1.0,0.00035590340735550135,1,9.912514603049654e-06
stripe,40,pairing,1.7267191033004556e-07,0.00035590340735550135,-0.7791732845724473,-0.3962501068629892,1.0,0.00035590342564771025,1,1.949164643838819e-05
stripe,41,pairing,2.2059079851570153e-07,0.00035590342564771025,-0.05071704690786681,-0.050164148685981805,1.0,0.00035590542292534823,1,1.970636849237495e-05
stripe,42,pairing,2.445466623812555e-07,0.00035590542292534823,-0.6454926703161974,-0.6658090357171448,1.0,0.00035590359851635396,1,1.9105052256728534e-05
stripe,43,pairing,2.5194824934895394e-07,0.00035590359851635396,0.5448073850354465,0.4102651404761938,1.0,0.0003559034075541339,1,2.5370488227684917e-05
stripe,44,pairing,2.1011816578791814e-07,0.0003559034075541339,-0.10381567713640008,-0.12184419178234557,1.0,0.0003559033894640729,1,2.1616589098923456e-05
stripe,45,pairing,2.3282425351863776e-07,0.0003559033894640729,-0.7011029259538559,-0.5804570157165837,1.0,0.00035590345778322135,1,2.6109515979887313e-05
stripe,46,pairing,1.2754186043551963e-07,0.00035590345778322135,-0.11183545341079447,-0.2284967427620035,1.0,0.00035590341078122975,1,1.2779042373433083e-05
stripe,47,pairing,2.7320010206171645e-07,0.00035590341078122975,-0.7097033772067113,-0.3689372649710218,1.0,0.00035590338854699663,1,2.458231138114086e-05
stripe,48,pairing,4.202157195568189e-07,0.00035590338854699663,-1.366173738532842,-0.9089453532242966,1.0,0.0003559033619683004,1,3.694799717087952e-05
stripe,49,pairing,1.5631641090142486e-07,0.0003559033619683004,0.04402275393602955,0.07872614616771956,1.0,0.0003559033409844853,1,2.0660895884420582e-05
stripe,50,pairing,1.0651966727355018e-07,0.0003559033409844853,0.10699730559889895,0.21920770976524598,1.0,0.00035590339639387646,1,1.008477292805359e-05
stripe,51,pairing,1.3736524297009208e-07,0.00035590339639387646,0.05132279821630657,0.04463816956917635,1.0,0.00035590341951557313,1,1.1594981098329666e-05
stripe,52,pairing,2.613677738980968e-07,0.00035590341951557313,-0.3051434523385784,-0.19229731965591193,1.0,0.0003559054204296784,1,1.8399178298257338e-05
stripe,53,pairing,2.829720751076724e-07,0.0003559054204296784,-0.8080259808141294,-0.7674569542030122,1.0,0.00035590363338829865,1,1.937178887910725e-05
stripe,54,pairing,3.7395264551731796e-07,0.00035590363338829865,-0.7981708285987189,-0.43988638459275725,1.0,0.0003559034994132913,1,3.515015458415704e-05
stripe,55,pairing,1.8153714725332982e-07,0.0003559034994132913,-0.13640638124819807,-0.3360938801244002,1.0,0.00035590334931830987,1,1.4265975894194302e-05
stripe,56,pairing,3.6789944885134267e-07,0.00035590334931830987,0.16450554759523042,0.0756436129572978,1.0,0.00035590335452757545,1,3.102486832772322e-05
stripe,57,pairing,2.3187296755567663e-07,0.00035590335452757545,-0.030737296363626786,-0.041504167685136935,1.0,0.0003559054428731291,1,2.2976366713552314e-05
stripe,58,pairing,7.671154767068419e-08,0.0003559054428731291,0.09407808401077897,0.2868288294697128,1.0,0.0003559055845987681,1,7.536103330943543e-06
stripe,59,pairing,2.783553387584309e-07,0.0003559055845987681,-0.520918768454858,-0.20943783209389455,1.0,0.00035590361580385287,1,1.8743975846463626e-05
stripe,60,pairing,2.2986094123615003e-07,0.00035590361580385287,0.15538793698403952,0.13096496591110787,1.0,0.0003559033928771955,1,2.223956482797166e-05
stripe,61,pairing,1.7132624119324226e-07,0.0003559033928771955,0.4893005803255994,0.5240116012133659,1.0,0.00035590336388046235,1,2.076640816225123e-05
stripe,62,pairing,1.2657694177228725e-07,0.00035590336388046235,-0.2756670636860247,-0.3149793172791209,1.0,0.0003559033935429187,1,1.817457349306654e-05
stripe,63,pairing,2.71602554284641e-07,0.0003559033935429187,0.37212606018155203,0.2624585389352789,1.0,0.0003559033684541303,1,2.5768765066251865e-05
stripe,64,pairing,9.534755824385284e-08,0.0003559033684541303,0.09214496421226094,0.21166076927052216,1.0,0.00035590336605734077,1,1.1218243751031236e-05
stripe,65,pairing,2.523097097788617e-07,0.00035590336605734077,-0.650321671128349,-0.286290298698384,1.0,0.0003559033904083797,1,2.5482758607038126e-05
stripe,66,pairing,1.5127726198026544e-07,0.0003559033904083797,-0.387269680039907,-0.6831999839576187,1.0,0.000355903342997448,1,1.4444818507042049e-05
stripe,67,pairing,1.9093608744910648e-07,0.000355903342997448,-1.211123123331091,-0.7834306934395233,1.0,0.00035590335838627527,1,2.2330571710742788e-05
stripe,68,pairing,2.1560285763391415e-07,0.00035590335838627527,-0.9624431228565858,-0.9611466939662018,1.0,0.00035590338669449,1,2.2360690202582543e-05
stripe,69,pairing,1.0908879309352583e-07,0.00035590338669449,-0.07923952079957072,-0.14880438392743703,1.0,0.0003559034393605017,1,1.190724404375604e-05
stripe,70,pairing,1.1759367446419277e-07,0.0003559034393605017,-0.3720214625927693,-0.3126263875253134,1.0,0.00035590339664307995,1,1.4169470400986178e-05
stripe,71,pairing,1.6009268279362825e-07,0.00035590339664307995,-0.43706373583080393,-0.4051254198549907,1.0,0.00035590335752772105,1,1.528653130116585e-05
stripe,72,pairing,1.1144963269710213e-07,0.00035590335752772105,-0.46851632293676204,-0.7423638706495699,1.0,0.00035590340972812586,1,9.647545436306683e-06
stripe,73,pairing,2.545180313786929e-07,0.00035590340972812586,0.040734698916457555,0.013243055923453474,1.0,0.0003559054208367292,1,2.967499648429491e-05
stripe,74,pairing,2.3869766747276386e-07,0.0003559054208367292,-0.27014609495610636,-0.32654738687765644,1.0,0.000355903640015973,1,2.4549528614271017e-05
stripe,75,pairing,2.447797926882432e-07,0.000355903640015973,-0.6537423662241506,-0.6195468303341133,1.0,0.0003559034231155539,1,2.590465553894908e-05
stripe,76,pairing,2.269489485551543e-07,0.0003559034231155539,-0.8682770062181485,-0.9041540125708807,1.0,0.00035590345793586335,1,2.4876766516392507e-05
stripe,77,pairing,1.6336709391796005e-07,0.00035590345793586335,0.0945363192455708,0.16083351083387537,1.0,0.00035590336248444694,1,1.4622313030400325e-05
stripe,78,pairing,3.007916088453361e-07,0.00035590336248444694,-1.2036375912476078,-0.6475856332450954,1.0,0.0003559033835092794,1,2.7177825466406838e-05
stripe,79,pairing,2.1745417792153557e-07,0.0003559033835092794,-0.5054543117222066,-0.6195796062283564,1.0,0.0003559033627244002,1,2.217172567840438e-05
stripe,80,pairing,1.9445633564442786e-07,0.0003559033627244002,-0.18712467900650087,-0.1777767209143198,1.0,0.0003559033472379814,1,2.33375735110281e-05
stripe,1,spin,0.013659542073572216,0.02086044339679826,nan,nan,1.0,0.01277489182351475,0,0.3917882511460487
stripe,2,spin,0.005942710545675826,0.01277489182351475,0.517804236967069,0.9930829862051789,2.0738465093723897,0.008566729427258224,0,0.3335782842903711
stripe,3,spin,0.0039570734906798945,0.008566729427258224,0.668959001452673,0.9944166805812936,3.0207738751036777,0.005720635125069729,0,0.33463476138819437
stripe,4,spin,0.0033154139834862765,0.005720635125069729,0.7451304986225441,0.9924669529274073,3.923576554257949,0.0035704553354718744,0,0.37623408665932523
stripe,5,spin,0.002147363085393549,0.0035704553354718744,0.6372871305716482,0.9995077236369662,2.7570017065455525,0.00219888308463807,0,0.38435078956412544
stripe,6,spin,0.0013366943678577454,0.00219888308463807,0.6195677728051622,0.9998186256713383,2.628589085035247,0.0013488488705762057,0,0.3867379941786033
stripe,7,spin,0.000822106018566921,0.0013488488705762057,0.6137264836057043,0.9998749188814906,2.5888391452113733,0.0008270676089677021,0,0.3869767528008987
stripe,8,spin,0.0005048310412989374,0.0008270676089677021,0.6129862691193939,0.9998954869637703,2.5838876510262643,0.0005071783620424005,0,0.3869040665048222
stripe,9,spin,0.0003100331672456567,0.0005071783620424005,0.6129049898231289,0.9999071250765244,2.5833451057482786,0.00031109305582493584,0,0.3867382112116928
stripe,10,spin,0.00019037392917154198,0.00031109305582493584,0.6130862991436969,0.9999151493402944,2.5845556716829545,0.00019086274013295707,0,0.386585843667135
stripe,11,spin,0.00011708224670955525,0.00019086274013295707,0.6132919816469855,0.9999223156659626,2.585930346774266,0.00011711917879978948,0,0.3864703094376137
stripe,12,spin,7.216607501862892e-05,0.00011711917879978948,0.613390236654039,0.9999280126517615,2.586587548502084,7.188146455987395e-05,0,0.38634686689613473
stripe,13,spin,4.4458624471985665e-05,7.188146455987395e-05,0.6134731891195827,0.9999312501867298,2.5871426556989277,4.4126918003183795e-05,0,0.3862014874633812
stripe,14,spin,2.7423915811628733e-05,4.4126918003183795e-05,0.6137676029594992,0.9999317822463104,2.5891147600835223,2.709068706646754e-05,0,0.3861542794421792
stripe,15,spin,1.6921326968323113e-05,2.709068706646754e-05,0.6137527771627421,0.9999157541292073,2.5890153789438166,1.663366627208985e-05,0,0.386077495706278
stripe,16,spin,1.0430066051875199e-05,1.663366627208985e-05,0.6139455436362703,0.999819003125481,2.5903081379219413,1.0213108508206184e-05,0,0.3861135011327786
stripe,17,spin,6.431837403429253e-06,1.0213108508206184e-05,0.6136063815545013,0.9997967172035238,2.5880344608772345,6.2724191326168685e-06,0,0.3859430163310229
stripe,18,spin,3.960516852061268e-06,6.2724191326168685e-06,0.6138499430240948,0.9996485807428056,2.589666845659426,3.853327305741669e-06,0,0.38588769308740534
stripe,19,spin,2.4516738858569413e-06,3.853327305741669e-06,0.6132621870333812,0.9992782338843683,2.585731124477127,2.368590119858722e-06,0,0.3854959844980767
stripe,20,spin,1.509712247187026e-06,2.368590119858722e-06,0.6134064815281223,0.9975964060263464,2.5866962383456094,1.4594380994812312e-06,0,0.38561980439826005
stripe,21,spin,9.399972062098996e-07,1.4594380994812312e-06,0.6106740245698946,0.9920291963229505,2.568541692845581,9.001736168586938e-07,0,0.38525524241291836
stripe,22,spin,7.66423884645184e-07,9.001736168586938e-07,0.6121524601427638,0.9567247479031417,2.5783327138496035,5.562360844651721e-07,0,0.39965067213248195
stripe,23,spin,4.121603124497119e-07,5.562360844651721e-07,0.5632656102162426,0.8974102051040403,1.0,3.3846937278862313e-07,0,0.4059475280023734
stripe,24,spin,3.189093903191442e-07,3.3846937278862313e-07,0.5555715134434797,0.8746402541983902,1.0,2.2118895195367346e-07,0,0.4237602263601289
stripe,25,spin,3.7633347297109064e-07,2.2118895195367346e-07,0.2608800019455393,0.3282194630707508,1.0,1.4428442649517242e-07,0,0.5154097099030764
stripe,26,spin,2.4369743182651483e-07,1.4428442649517242e-07,-0.08027509080325985,-0.11901604710759195,1.0,1.0375008987787011e-07,0,0.5329320670133865
stripe,27,spin,2.902073597736785e-07,1.0375008987787011e-07,-0.4757152556725389,-0.41973672754154817,1.0,9.163597030815526e-08,0,0.8399877172540435
stripe,28,spin,7.482614806692163e-08,9.163597030815526e-08,0.05182911079184772,0.163029297708322,1.0,8.24588105689117e-08,1,0.3023455177425132
stripe,29,spin,1.121111440169787e-07,8.24588105689117e-08,0.40196657319730295,0.31389133184959256,1.0,7.358732631616028e-08,0,0.4302719830309994
stripe,30,spin,1.302917586225652e-07,7.358732631616028e-08,-0.637979654759228,-0.6665276908938862,1.0,8.176207914485645e-08,0,0.41535251047985167
stripe,31,spin,1.7903708103973563e-07,8.176207914485645e-08,-0.3770134551193227,-0.26422745723025176,1.0,8.502462561545456e-08,0,0.5699056239006743
stripe,32,spin,2.967242849105829e-07,8.502462561545456e-08,-0.5698546515180641,-0.36389295549573053,1.0,6.130984067844707e-08,0,0.8924695183056766
stripe,33,spin,1.0057451294942336e-07,6.130984067844707e-08,0.03587700211782884,0.08455060499303009,1.0,7.229377162428634e-08,0,0.44538610528836997
stripe,34,spin,2.28491711814615e-07,7.229377162428634e-08,-0.6828600074521085,-0.36245100950269726,1.0,7.313528607496932e-08,0,0.8294552251260147
stripe,35,spin,2.1977182544912627e-07,7.313528607496932e-08,-0.8482819799973502,-0.8797398930403417,1.0,6.818738070129425e-08,0,0.7997954011809016
stripe,36,spin,9.25499217202877e-08,6.818738070129425e-08,-0.2969416761118541,-0.5818345065809831,1.0,4.987369881411424e-08,1,0.4377977653450618
stripe,37,spin,5.103328665776244e-08,4.987369881411424e-08,0.11265784410303052,0.23992474013875034,1.0,4.473510258827388e-08,1,0.28105568429375677
stripe,38,spin,1.8232693146827232e-07,4.473510258827388e-08,-0.8123648772648419,-0.3389863354723536,1.0,4.1425782388171456e-08,0,0.7509040730976013
stripe,39,spin,1.2452144391799334e-07,4.1425782388171456e-08,-0.6512589296711317,-0.6878644394669264,1.0,3.6696224019229407e-08,0,0.7677379541005929
stripe,40,spin,1.6298882020817154e-07,3.6696224019229407e-08,-0.7114514275785342,-0.38927279969832135,1.0,5.0228080929655794e-08,0,1.1572530704175148
stripe,41,spin,1.1339394734646846e-07,5.0228080929655794e-08,-0.1331933172437486,-0.20175393356072752,1.0,6.440002657583625e-08,0,0.5958669599242287
stripe,42,spin,1.6108791305361435e-07,6.440002657583625e-08,-0.2331082551153901,-0.21390984739095062,1.0,5.254578408526432e-08,0,0.6493460165720504
stripe,43,spin,2.8026975448422996e-07,5.254578408526432e-08,1.0822448835945448,0.5447740569373382,1.0,6.796240728868637e-08,0,1.2223697601198202
stripe,44,spin,1.5964635738234013e-07,6.796240728868637e-08,-0.2719423448676278,-0.39182051739594476,1.0,6.493350366443252e-08,0,0.8483835942831717
stripe,45,spin,2.6297952104197345e-07,6.493350366443252e-08,-0.2825366751833733,-0.20374277347035374,1.0,4.1321237170160266e-08,0,1.2313592996409823
stripe,46,spin,1.2134127416177018e-07,4.1321237170160266e-08,-0.22512443155719117,-0.4535035001847247,1.0,2.8765551288888875e-08,0,0.9605551430497118
stripe,47,spin,2.563137213400495e-07,2.8765551288888875e-08,0.159093908859014,0.09606084847997956,1.0,6.19129438701753e-08,0,1.0617476222706421
stripe,48,spin,4.1941276458226304e-07,6.19129438701753e-08,-1.5154170464368102,-0.9077134392935312,1.0,5.6228513460542924e-08,0,1.7725753262559947
stripe,49,spin,1.6436060615472592e-07,5.6228513460542924e-08,0.014561328784601044,0.03983017005637749,1.0,6.504875739859939e-08,0,0.6167881154009943
stripe,50,spin,1.2909750534101198e-07,6.504875739859939e-08,0.2265028417907131,0.2665004308535415,1.0,7.31878337989543e-08,0,0.4659205310133455
stripe,51,spin,1.9517699435421185e-07,7.31878337989543e-08,-0.6962265799297342,-0.6073529964648049,1.0,7.024610787213252e-08,0,0.5340983904164616
stripe,52,spin,1.153979170170124e-07,7.024610787213252e-08,-0.2829810104410591,-0.3116382846979637,1.0,4.9982003324546796e-08,0,0.5052942820814471
stripe,53,spin,1.4315114149686219e-07,4.9982003324546796e-08,-0.5886999520349925,-0.49453202336090096,1.0,7.465187826007033e-08,0,0.566011808486266
stripe,54,spin,4.069832580423649e-07,7.465187826007033e-08,-1.6285614496167455,-0.6758994923180204,1.0,6.859619368134948e-08,0,1.3637900631753637
stripe,55,spin,1.9669513560602835e-07,6.859619368134948e-08,-0.2485828768805628,-0.5276521115685444,1.0,5.09353192272216e-08,0,0.6992166678738853
stripe,56,spin,2.982603337176124e-07,5.09353192272216e-08,0.3828930650899456,0.21351343969034425,1.0,6.374998632590069e-08,0,1.3492237515743781
stripe,57,spin,1.423375617104223e-07,6.374998632590069e-08,-0.07781376212401504,-0.16427915137041615,1.0,6.844056878186025e-08,0,0.5952842963267411
stripe,58,spin,9.200361186941473e-08,6.844056878186025e-08,0.20300029478839973,0.39707372457768636,1.0,7.463625975113419e-08,1,0.2790703439226999
stripe,59,spin,1.792741700481007e-07,7.463625975113419e-08,-1.241132694058944,-0.7026886852198106,1.0,7.503962044565844e-08,0,0.4902619427449701
stripe,60,spin,2.642913617849959e-07,7.503962044565844e-08,0.15122589131787248,0.08408930008782817,1.0,5.4372104424053094e-08,0,0.8816852940077166
stripe,61,spin,1.5212796160507872e-07,5.4372104424053094e-08,0.3376510996778873,0.4961778101479709,1.0,5.984736370183046e-08,0,0.7522982159152644
stripe,62,spin,2.2788704389731587e-07,5.984736370183046e-08,-0.6363699084856284,-0.5098200905583902,1.0,4.184592473513534e-08,0,0.9390370361661292
stripe,63,spin,2.326656589409122e-07,4.184592473513534e-08,0.24746512320274588,0.21779830557925653,1.0,6.312841767811588e-08,0,1.0114917502104428
stripe,64,spin,1.7229031757585826e-07,6.312841767811588e-08,-0.18674960770844207,-0.3271429307000664,1.0,6.914340927137797e-08,0,0.5271796257180007
stripe,65,spin,2.888816785957815e-07,6.914340927137797e-08,-0.1979962377009298,-0.09861503326305389,1.0,4.563318033301128e-08,0,1.058455075569642
stripe,66,spin,2.023188187590813e-07,4.563318033301128e-08,-0.5052008619839221,-0.637360611065451,1.0,4.625935016453118e-08,0,1.254014488147868
stripe,67,spin,2.3669855672052778e-07,4.625935016453118e-08,-1.0965995874112278,-0.9043093235543813,1.0,5.050625404228125e-08,0,1.3927975447988958
stripe,68,spin,2.2648080941775964e-07,5.050625404228125e-08,-0.986905493509503,-0.9727368229222215,1.0,4.667027424238211e-08,0,1.4130847274592027
stripe,69,spin,1.7837327472686702e-07,4.667027424238211e-08,-0.16167363485474306,-0.28074044827230316,1.0,5.60033438235521e-08,0,0.7338944721222316
stripe,70,spin,1.0219194429084491e-07,5.60033438235521e-08,-0.1362781098157009,-0.1846971050907704,1.0,6.533213366691111e-08,0,0.46418034375236267
stripe,71,spin,1.4533372425808676e-07,6.533213366691111e-08,-0.46706199999749387,-0.3804404557495497,1.0,6.870841204122304e-08,0,0.5418655210962112
stripe,72,spin,1.3566336306354738e-07,6.870841204122304e-08,-0.8005088143987505,-0.874588173794467,1.0,6.984079459519157e-08,0,0.4879269148377794
stripe,73,spin,2.8906322117687976e-07,6.984079459519157e-08,-0.7154814540224705,-0.30272700005381764,1.0,4.903353181948267e-08,0,1.153193003672518
stripe,74,spin,2.467856864995545e-07,4.903353181948267e-08,-0.19860983390000533,-0.2720071431276029,1.0,5.0585346548692753e-08,0,1.1625372573614479
stripe,75,spin,2.4407491081056623e-07,5.0585346548692753e-08,-0.9363651175508931,-0.7114029039869161,1.0,5.37796334008468e-08,0,1.4392736193015374
stripe,76,spin,2.3373649535546152e-07,5.37796334008468e-08,-0.837261315333849,-0.9186221444055709,1.0,4.2412693930396264e-08,0,1.3117995586765288
stripe,77,spin,1.7261116353221514e-07,4.2412693930396264e-08,0.06863517154693563,0.12068448927578615,1.0,6.168741652268491e-08,0,0.6504051961230137
stripe,78,spin,2.949675860790431e-07,6.168741652268491e-08,-1.208873415123301,-0.6134802463732923,1.0,4.7187829246576566e-08,0,1.2816346659884847
stripe,79,spin,2.152066318401348e-07,4.7187829246576566e-08,-0.6586035721988077,-0.7389026947371719,1.0,4.749241172927065e-08,0,1.48379340162673
stripe,80,spin,2.2783912377978902e-07,4.749241172927065e-08,-0.23833214705280428,-0.26197395131057083,1.0,6.563721198857158e-08,0,0.9767244263895039
pairing,1,charge_modulation,0.0001919024696133277,0.0005111704991154925,nan,nan,1.0,0.00047638888148793224,0,0.19899075420924603
pairing,2,charge_modulation,1.4919404864451383e-05,0.00047638888148793224,-0.054801603642892195,-0.8036233206088388,1.0,0.000476078063860325,0,0.014560550636399295
pairing,3,charge_modulation,4.916318608046838e-06,0.000476078063860325,-0.34929205424678583,-0.8237039832257482,1.0,0.0004751957443716958,0,0.006178439310344943
pairing,4,charge_modulation,5.985187607727115e-07,0.0004751957443716958,0.05055888115958434,0.59095107659048,1.0,0.0004750874873627424,0,0.0005295784936261389
pairing,5,charge_modulation,3.7253559162855887e-07,0.0004750874873627424,0.5194638344513588,0.5745275483596061,1.0,0.00047503568672361375,0,0.0004789318830247976
pairing,6,charge_modulation,2.125445577850181e-07,0.00047503568672361375,0.362907788758171,0.8183151813426626,1.0,0.0004750066019868931,0,0.00021242067560189363
pairing,7,charge_modulation,1.180648040951561e-07,0.0004750066019868931,-0.3455870733546102,-0.7232761352784245,1.0,0.00047501651131563543,0,0.00010150038058751082
pairing,8,charge_modulation,1.498696184970734e-07,0.00047501651131563543,-1.125330894825884,-0.8780968258868167,1.0,0.0004750018562515617,0,0.00013007849561049893
pairing,9,charge_modulation,1.3146308142347046e-07,0.0004750018562515617,-0.8710739497457477,-0.9844187680326962,1.0,0.0004750139652505694,0,0.00011510202766994062
pairing,10,charge_modulation,2.193577236086347e-08,0.0004750139652505694,-0.15726960632120215,-0.9241359265781233,1.0,0.00047501144218565144,1,1.958808229158635e-05
pairing,11,charge_modulation,1.6744985246270813e-08,0.00047501144218565144,-0.0503057463226131,-0.11910846724602102,1.0,0.00047501206142919563,1,8.273106613581463e-06
pairing,12,charge_modulation,7.714232513411981e-09,0.00047501206142919563,-0.448768653966003,-0.9245408728973358,1.0,0.0004750117521786786,1,4.0157347586583805e-06
pairing,13,charge_modulation,7.83067819528499e-09,0.0004750117521786786,0.19721045160944758,0.16450746145731915,1.0,0.0004750121226065284,1,4.814035523299305e-06
pairing,14,charge_modulation,1.1735360740767684e-07,0.0004750121226065284,-1.6834543009265306,-0.07823890408142957,1.0,0.0004750002209772155,0,0.00010358285180064139
pairing,15,charge_modulation,1.3416930222777748e-07,0.0004750002209772155,-1.1275618447425582,-0.9971427592075391,1.0,0.0004750124775298907,0,0.0001171306546760554
pairing,16,charge_modulation,2.0220034092389982e-08,0.0004750124775298907,-0.13276785368609165,-0.7694136813189381,1.0,0.00047501262692789076,1,2.021172889006471e-05
pairing,17,charge_modulation,1.163503814839012e-07,0.00047501262692789076,3.516273776372054,0.6973678476931324,1.0,0.00047500077630983656,0,0.00010191174214064052
pairing,18,charge_modulation,1.8051771287844187e-08,0.00047500077630983656,-0.1453686037389168,-0.941604276423875,1.0,0.00047500188646726647,1,1.573389481468995e-05
pairing,19,charge_modulation,1.1294771083561819e-07,0.00047500188646726647,5.822315123940164,0.9452615960122683,inf,0.000475012382070564,0,9.691038968792595e-05
pairing,20,charge_modulation,1.3109986393396514e-07,0.000475012382070564,-1.1604299098174513,-0.997974919124346,1.0,0.00047500076830288155,0,0.00011268591285300824
pairing,21,charge_modulation,1.3518454364215213e-07,0.00047500076830288155,-1.041499949700146,-0.9996244424316961,1.0,0.00047501341092935813,0,0.0001174062111575944
pairing,22,charge_modulation,1.3568780390027166e-07,0.00047501341092935813,-1.0100735748036733,-0.9988183502600979,1.0,0.00047500024245159813,0,0.00011872920774555765
pairing,23,charge_modulation,1.3731893797226669e-07,0.00047500024245159813,-1.0077502228056474,-0.9997993988827975,1.0,0.00047501320705533467,0,0.00011967344353869896
pairing,24,charge_modulation,2.0253918540154986e-08,0.00047501320705533467,-0.15031243745102266,-0.9305128024501522,1.0,0.0004750117179047714,1,1.9331713598236957e-05
pairing,25,charge_modulation,7.0552122698706865e-09,0.0004750117179047714,-0.2885701036226917,-0.8701361297520597,1.0,0.00047501195517480477,1,6.411145460606687e-06
pairing,26,charge_modulation,7.4379108983002595e-09,0.00047501195517480477,-0.3612048830145117,-0.5054609255004952,1.0,0.0004750115995702943,1,4.581436327238287e-06
pairing,27,charge_modulation,1.3273282080438278e-08,0.0004750115995702943,-1.275157158473095,-0.6628119793165682,1.0,0.00047501246843500533,1,8.814030522412128e-06
pairing,28,charge_modulation,4.138913402979005e-09,0.00047501246843500533,-0.36781708849837524,-0.7683902792072086,1.0,0.00047501263171314726,1,4.219144903374519e-06
pairing,29,charge_modulation,1.3188375226754964e-08,0.00047501263171314726,0.26054941567065676,0.19827701787036314,1.0,0.00047501178068881715,1,5.544241844119315e-06
pairing,30,charge_modulation,8.792108527333475e-09,0.00047501178068881715,-0.7250074985839504,-0.767827477096029,1.0,0.00047501196345797037,1,5.23505954881893e-06
pairing,31,charge_modulation,5.4478694667872e-08,0.00047501196345797037,-2.1831312929490747,-0.25376568180345666,1.0,0.00047500671661872057,1,4.503691058718562e-05
pairing,32,charge_modulation,5.924900084615381e-08,0.00047500671661872057,-1.1044109272810307,-0.9920233673435186,1.0,0.0004750119643105537,1,5.013919805879674e-05
pairing,33,charge_modulation,7.68994725492897e-09,0.0004750119643105537,-0.13243155560346223,-0.7283504073746121,1.0,0.0004750120802446872,1,9.11650533562828e-06
pairing,34,charge_modulation,5.2853692410551045e-08,0.0004750120802446872,2.821926500816878,0.5848052325960826,1.0,0.0004750067289836542,1,4.399089913618572e-05
pairing,35,charge_modulation,5.803997659434637e-08,0.0004750067289836542,-1.1053970270114506,-0.9879029159589418,1.0,0.0004750126511022721,1,4.9222803067009915e-05
pairing,36,charge_modulation,6.080195399243982e-09,0.0004750126511022721,-0.09543832398521508,-0.8404656741411936,1.0,0.00047501242545712355,1,5.589451147270218e-06
pairing,37,charge_modulation,9.184996412102756e-09,0.00047501242545712355,0.37699456759181,0.40268294074902383,1.0,0.00047501148968540394,1,5.232885493984092e-06
pairing,38,charge_modulation,5.449841279214079e-09,0.00047501148968540394,-0.8035346415533435,-0.8561153240830945,1.0,0.0004750123595069062,1,4.911494088710836e-06
pairing,39,charge_modulation,5.857596335669818e-08,0.0004750123595069062,-7.634153914348164,-0.7768124161611031,1.0,0.00047500639074895276,1,4.826789716869507e-05
pairing,40,charge_modulation,6.272436103415407e-08,0.00047500639074895276,-1.08890694837909,-0.9921439708417263,1.0,0.00047501228713043436,1,5.297543316659385e-05
pairing,41,charge_modulation,1.9114286195281646e-08,0.00047501228713043436,-0.11735954609272146,-0.5203643986849861,1.0,0.00047501246495863276,1,1.1947724476759431e-05
pairing,42,charge_modulation,3.8559322171859145e-09,0.00047501246495863276,-0.09653449482715834,-0.35097816456369924,1.0,0.0004750120376224432,1,3.286151855434645e-06
pairing,43,charge_modulation,1.5774798990718722e-08,0.0004750120376224432,0.09294901488973997,0.0372285700455056,1.0,0.00047501176353400773,1,8.204581915319508e-06
pairing,44,charge_modulation,1.6936645644109738e-08,0.00047501176353400773,-0.7175071357895187,-0.7706569424990284,1.0,0.00047501280651476353,1,7.638725114730633e-06
pairing,45,charge_modulation,7.081113359303642e-09,0.00047501280651476353,-0.4875516292560467,-0.761027836104104,1.0,0.00047501206635016215,1,4.893740673391801e-06
pairing,46,charge_modulation,5.60980848492848e-08,0.00047501206635016215,1.2243884931085438,0.1275349175119527,1.0,0.00047500623255790814,1,4.698202831151264e-05
pairing,47,charge_modulation,5.794131414157272e-08,0.00047500623255790814,-1.055703431048395,-0.9982529225771549,1.0,0.00047501201846417124,1,4.9685898597837974e-05
pairing,48,charge_modulation,5.013292455648133e-09,0.00047501201846417124,-0.0747421813564903,-0.6164620937241342,1.0,0.00047501228851926374,1,6.024101676945397e-06
pairing,49,charge_modulation,1.1773933721948363e-07,0.00047501228851926374,10.795848862074383,0.6300530008789202,1.0,0.00047500095094069587,0,0.00010322193711219136
pairing,50,charge_modulation,1.8873730504680164e-08,0.00047500095094069587,-0.1493162086096541,-0.9660666455153153,1.0,0.000475002551719788,1,1.5954410912103643e-05
pairing,51,charge_modulation,7.377900340926197e-08,0.000475002551719788,3.297007119199334,0.9472672006550384,inf,0.0004750076790973433,0,5.552946256720934e-05
pairing,52,charge_modulation,4.7918776738264945e-08,0.0004750076790973433,0.6151221109259023,0.8883660190164523,1.0,0.0004750127374839382,1,3.8449283022231584e-05
pairing,53,charge_modulation,8.299158096424647e-09,0.0004750127374839382,-0.07316572813571784,-0.47991469930374103,1.0,0.00047501229171881374,1,5.861812094314276e-06
pairing,54,charge_modulation,6.666198825149711e-09,0.00047501229171881374,-0.19610700258652114,-0.3628728255095709,1.0,0.0004750119045340242,1,3.167896291739671e-06
pairing,55,charge_modulation,5.2976951848797416e-09,0.0004750119045340242,0.3551215722653448,0.3188146027601722,1.0,0.00047501202189245614,1,3.5286619282681716e-06
pairing,56,charge_modulation,6.8140280024345246e-09,0.00047501202189245614,0.8150659474142369,0.6950751643112099,1.0,0.00047501163702033005,1,4.137814621125948e-06
pairing,57,charge_modulation,2.6204987997255347e-09,0.00047501163702033005,-0.32172248397781045,-0.8269309350367691,1.0,0.0004750116467601772,1,1.6098430873233294e-06
pairing,58,charge_modulation,4.683705812948136e-09,0.0004750116467601772,0.8469751001517705,0.3898223047187437,1.0,0.00047501235803008764,1,3.497734613817627e-06
pairing,59,charge_modulation,8.270951854395109e-09,0.00047501235803008764,-1.1210005253933417,-0.6204300481702021,1.0,0.0004750113267748103,1,6.319749263176246e-06
pairing,60,charge_modulation,1.1874882828487657e-07,0.0004750113267748103,1.8670030570468188,0.11501032361753585,1.0,0.00047500055607849515,0,0.00010259093652416743
pairing,61,charge_modulation,1.29911499630736e-07,0.00047500055607849515,-1.1088951761378274,-0.9981895009550511,1.0,0.000475013271615626,0,0.00011396846865401476
pairing,62,charge_modulation,1.7189411966739288e-08,0.000475013271615626,-0.1220055867266873,-0.8826500742720104,1.0,0.0004750114715252831,1,1.575345688147536e-05
pairing,63,charge_modulation,4.940147609435244e-08,0.0004750114715252831,2.0336417961265623,0.7677403691059282,1.0,0.00047500723843376904,1,4.1728963387793684e-05
pairing,64,charge_modulation,7.041467634536294e-08,0.00047500723843376904,1.2108992357289157,0.9218064929227682,inf,0.00047500078718015824,0,5.4816298825307745e-05
pairing,65,charge_modulation,1.249765698720616e-07,0.00047500078718015824,-1.963313235345541,-0.9871008799589256,1.0,0.0004750129310744522,0,0.00010902662273445212
pairing,66,charge_modulation,1.820225859752375e-08,0.0004750129310744522,-0.14522391984960245,-0.9374187430521048,1.0,0.0004750117144459758,1,1.689028903978385e-05
pairing,67,charge_modulation,5.746514635234651e-09,0.0004750117144459758,-0.28843663199684016,-0.8289535854341206,1.0,0.0004750115675247608,1,5.877036600821394e-06
pairing,68,charge_modulation,1.2447142286927532e-08,0.0004750115675247608,-0.3861939597719643,-0.4148356352252924,1.0,0.0004750124912875457,1,5.4712568834782255e-06
pairing,69,charge_modulation,4.675429524005764e-09,0.0004750124912875457,-0.12008767603906183,-0.23155303391125237,1.0,0.0004750121864533464,1,2.837494776256922e-06
pairing,70,charge_modulation,5.889382306920737e-09,0.0004750121864533464,-1.208408070256258,-0.9709257590656469,1.0,0.00047501259325531583,1,3.5315273272695357e-06
pairing,71,charge_modulation,5.3850750485109206e-08,0.00047501259325531583,-2.6634700420597937,-0.20840743456617308,1.0,0.0004750067740155875,1,4.513330946411746e-05
pairing,72,charge_modulation,5.960919841193832e-08,0.0004750067740155875,-1.1196294067686139,-0.9987221369987351,1.0,0.00047501297001413344,1,5.059719670629399e-05
pairing,73,charge_modulation,8.51035076177703e-09,0.00047501297001413344,-0.12256459616733556,-0.9211923976558606,1.0,0.0004750121956141343,1,6.731954146915238e-06
pairing,74,charge_modulation,8.564443454775472e-09,0.0004750121956141343,-0.3052933702782953,-0.3965559698231079,1.0,0.0004750126105748185,1,5.182679575247302e-06
pairing,75,charge_modulation,5.661205393792806e-09,0.0004750126105748185,-0.6459024598224327,-0.9441851580985007,1.0,0.00047501236729796426,1,3.5453909197908503e-06
pairing,76,charge_modulation,1.741170414619464e-08,0.00047501236729796426,0.05256961422146791,0.022870537922180096,1.0,0.0004750113345139899,1,8.149346071615222e-06
pairing,77,charge_modulation,5.2845599402516485e-09,0.0004750113345139899,-0.3546824905726528,-0.8008242435837055,1.0,0.0004750118271104609,1,3.6093233582768075e-06
pairing,78,charge_modulation,1.1779666226393454e-07,0.0004750118271104609,-2.2223740565431247,-0.07839069526296515,1.0,0.0004750007099248822,0,0.00010232421802360316
pairing,79,charge_modulation,1.5834013083766002e-08,0.0004750007099248822,-0.12683073773641437,-0.9434660246857189,1.0,0.00047500212760367435,1,1.3755790592859609e-05
pairing,80,charge_modulation,1.1413553839155141e-07,0.00047500212760367435,6.85665445217044,0.7928065707696051,1.0,0.00047501725909747063,0,0.00011896432472016347
pairing,1,charge_uniform,1.7140304452463798e-05,0.002520907550651838,nan,nan,1.0,0.0025037672461993743,0,0.006799259436559576
pairing,2,charge_uniform,2.396856928453539e-07,0.0025037672461993743,-0.013983747693052256,-1.0,1.0,0.0025040069318922197,1,9.572085835410567e-05
pairing,3,charge_uniform,2.447659257160187e-07,0.0025040069318922197,-1.0211953947286396,-1.0,1.0,0.0025037621659665036,1,9.774969973068517e-05
pairing,4,charge_uniform,5.6912738887957e-10,0.0025037621659665036,0.002325190433328047,1.0,1.0023306095443443,0.0025037615968391148,1,2.273088860498358e-07
pairing,5,charge_uniform,1.5697805845742846e-07,0.0025037615968391148,-275.82235809537843,-1.0,1.0,0.002503918574897572,1,6.269295656463188e-05
pairing,6,charge_uniform,9.334976295866798e-09,0.002503918574897572,0.059466758524079906,1.0,1.0632266419746765,0.002503927909873868,1,3.7281330101620357e-06
pairing,7,charge_uniform,4.456680946203842e-08,0.002503927909873868,4.77417489338147,1.0,inf,0.00250397247668333,0,1.7798442226118227e-05
pairing,8,charge_uniform,1.3502110848221532e-08,0.00250397247668333,-0.30296337142380586,-1.0,1.0,0.002503958974572482,1,5.392276062916607e-06
pairing,9,charge_uniform,1.974580517887306e-08,0.002503958974572482,-1.4624235721982637,-1.0,1.0,0.0025039787203776608,1,7.885771958914616e-06
pairing,10,charge_uniform,4.523643512728548e-10,0.0025039787203776608,-0.022909389978022273,-1.0,1.0,0.0025039782680133095,1,1.8065822508452759e-07
pairing,11,charge_uniform,7.20523132043821e-10,0.0025039782680133095,1.5927937955686071,1.0,inf,0.0025039775474901774,0,2.8775135201772094e-07
pairing,12,charge_uniform,8.983488189451272e-10,0.0025039775474901774,-1.2468008020740284,-1.0,1.0,0.0025039784458389964,1,3.5876859101481667e-07
pairing,13,charge_uniform,6.066981392098547e-10,0.0025039784458389964,-0.6753480679389784,-1.0,1.0,0.002503977839140857,1,2.42293674779046e-07
pairing,14,charge_uniform,1.4100631365657201e-08,0.002503977839140857,23.241593231226055,1.0,inf,0.0025039637385094915,0,5.63129239614009e-06
pairing,15,charge_uniform,1.75963674703232e-08,0.0025039637385094915,-1.2479134454347938,-1.0,1.0,0.002503981334876962,1,7.027355685615696e-06
pairing,16,charge_uniform,4.803731579617471e-09,0.002503981334876962,-0.27299563888507716,-1.0,1.0,0.0025039765311453822,1,1.9184374550673363e-06
pairing,17,charge_uniform,1.3238748724879457e-08,0.0025039765311453822,2.755930156683251,1.0,inf,0.0025039632923966573,0,5.287089779081802e-06
pairing,18,charge_uniform,2.4104590250900726e-09,0.0025039632923966573,-0.18207604624749163,-1.0,1.0,0.0025039657028556824,1,9.626565660787731e-07
pairing,19,charge_uniform,1.4402730531219016e-08,0.0025039657028556824,5.975098676767933,1.0,inf,0.0025039801055862137,0,5.751934889213967e-06
pairing,20,charge_uniform,1.7703072043018242e-08,0.0025039801055862137,-1.2291469318713895,-1.0,1.0,0.0025039624025141706,1,7.069973121401349e-06
pairing,21,charge_uniform,1.750453868746421e-08,0.0025039624025141706,-0.9887853726702576,-1.0,1.0,0.002503979907052858,1,6.9906865618848975e-06
pairing,22,charge_uniform,1.676844577384526e-08,0.002503979907052858,-0.957948454011753,-1.0,1.0,0.0025039631386070843,1,6.696717384438374e-06
pairing,23,charge_uniform,1.7444246750656506e-08,0.0025039631386070843,-1.0403019448508062,-1.0,1.0,0.002503980582853835,1,6.966606238924969e-06
pairing,24,charge_uniform,2.9551719378864694e-09,0.002503980582853835,-0.16940668061664815,-1.0,1.0,0.002503977627681897,1,1.1801896380995107e-06
pairing,25,charge_uniform,7.893746815056113e-10,0.002503977627681897,-0.2671163296407619,-1.0,1.0,0.0025039784170565785,1,3.152481970805162e-07
pairing,26,charge_uniform,6.451141795239812e-10,0.0025039784170565785,0.8172471129850842,1.0,5.471869781834871,0.002503979062170758,1,2.5763561256167876e-07
pairing,27,charge_uniform,2.4263272727781393e-09,0.002503979062170758,-3.761081913543561,-1.0,1.0,0.0025039766358434853,1,9.689886426904462e-07
pairing,28,charge_uniform,9.509637335404497e-10,0.0025039766358434853,-0.39193547556822306,-1.0,1.0,0.002503977586807219,1,3.797812482630917e-07
pairing,29,charge_uniform,8.335895996906817e-10,0.002503977586807219,0.8765734909650206,1.0,8.101987229636359,0.0025039784203968185,1,3.3290606376654734e-07
pairing,30,charge_uniform,8.0041865496705e-11,0.0025039784203968185,0.09602071034284253,1.0,1.106220033402822,0.002503978500438684,1,3.1965875698486264e-08
pairing,31,charge_uniform,6.359083107310148e-09,0.002503978500438684,-79.44696275940652,-1.0,1.0,0.0025039721413555767,1,2.539591736189456e-06
pairing,32,charge_uniform,7.99644417131748e-09,0.0025039721413555767,-1.2574838284665735,-1.0,1.0,0.002503980137799748,1,3.1934934509280772e-06
pairing,33,charge_uniform,2.5584478888750206e-09,0.002503980137799748,-0.3199481962310125,-1.0,1.0,0.002503977579351859,1,1.0217524692999896e-06
pairing,34,charge_uniform,4.634859389514301e-09,0.002503977579351859,1.8115903042888641,1.0,inf,0.0025039729444924696,0,1.850998758029618e-06
pairing,35,charge_uniform,5.5753211717496365e-09,0.0025039729444924696,-1.2029105315175244,-1.0,1.0,0.0025039785198136414,1,2.2265850635829655e-06
pairing,36,charge_uniform,9.042053963209673e-10,0.0025039785198136414,-0.1621799656856739,-1.0,1.0,0.002503977615608245,1,3.611074892081194e-07
pairing,37,charge_uniform,4.963877742007738e-10,0.002503977615608245,-0.5489767880400597,-1.0,1.0,0.0025039781119960192,1,1.9823966184955334e-07
pairing,38,charge_uniform,2.739351354259789e-10,0.0025039781119960192,-0.5518571360203978,-1.0,1.0,0.002503977838060884,1,1.093999720339466e-07
pairing,39,charge_uniform,5.9466127304459715e-09,0.002503977838060884,21.70810517314172,1.0,inf,0.0025039718914481534,0,2.3748663586619893e-06
pairing,40,charge_uniform,7.639440403189868e-09,0.0025039718914481534,-1.2846709125813447,-1.0,1.0,0.0025039795308885566,1,3.0509196696503955e-06
pairing,41,charge_uniform,2.089432716255446e-09,0.0025039795308885566,-0.27350599075070975,-1.0,1.0,0.0025039774414558403,1,8.344448069485594e-07
pairing,42,charge_uniform,6.623764366858742e-10,0.0025039774414558403,-0.3170125707005033,-1.0,1.0,0.002503978103832277,1,2.645296441179431e-07
pairing,43,charge_uniform,3.014694049952027e-10,0.002503978103832277,0.45513304564934537,1.0,1.8353104221410352,0.002503978405301682,1,1.2039616809669783e-07
pairing,44,charge_uniform,1.2723367923475615e-09,0.002503978405301682,-4.220450802852808,-1.0,1.0,0.0025039771329648896,1,5.0812610430411e-07
pairing,45,charge_uniform,1.2781926094808382e-09,0.0025039771329648896,-1.004602411223582,-1.0,1.0,0.002503978411157499,1,5.104647083957788e-07
pairing,46,charge_uniform,5.984744030212985e-09,0.002503978411157499,-4.682192641251306,-1.0,1.0,0.002503972426413469,1,2.390094101269209e-06
pairing,47,charge_uniform,6.678042411591145e-09,0.002503972426413469,-1.1158442830433781,-1.0,1.0,0.0025039791044558805,1,2.6669721004090793e-06
pairing,48,charge_uniform,1.5009307329991173e-09,0.0025039791044558805,-0.22475609474925415,-1.0,1.0,0.0025039776035251475,1,5.994182340931605e-07
pairing,49,charge_uniform,1.4875624391140485e-08,0.0025039776035251475,9.910933305640583,1.0,inf,0.0025039627279007564,0,5.940797701304635e-06
pairing,50,charge_uniform,2.000996160867602e-09,0.0025039627279007564,-0.1345151039212405,-1.0,1.0,0.0025039647288969172,1,7.99131129035156e-07
pairing,51,charge_uniform,8.585914795106175e-09,0.0025039647288969172,4.2908202239545785,1.0,inf,0.0025039733148117123,0,3.428916252548721e-06
pairing,52,charge_uniform,4.739426071650316e-09,0.0025039733148117123,0.5520001286702387,1.0,2.232143498237582,0.002503978054237784,1,1.8927586300643544e-06
pairing,53,charge_uniform,3.264916071873958e-11,0.002503978054237784,-0.006888842704823712,-1.0,1.0,0.0025039780215886233,1,1.303891648071095e-08
pairing,54,charge_uniform,5.118645091117813e-10,0.0025039780215886233,-15.677723342456009,-1.0,1.0,0.0025039785334531324,1,2.044204861476549e-07
pairing,55,charge_uniform,6.124695728880469e-10,0.0025039785334531324,-1.1965462773553919,-1.0,1.0,0.0025039779209835595,1,2.445985717151559e-07
pairing,56,charge_uniform,1.7652423359854064e-11,0.0025039779209835595,-0.02882171481044454,-1.0,1.0,0.002503977938635983,1,7.0497519516765576e-09
pairing,57,charge_uniform,9.736227449264057e-11,0.002503977938635983,-5.5155188898350485,-1.0,1.0,0.0025039778412737084,1,3.888304005812356e-08
pairing,58,charge_uniform,5.581067335710954e-11,0.0025039778412737084,0.5732268853407709,1.0,2.343165409560728,0.002503977785463035,1,2.2288804811755086e-08
pairing,59,charge_uniform,1.3879925668015825e-09,0.002503977785463035,-24.869661720803634,-1.0,1.0,0.002503979173455602,1,5.543147409193869e-07
pairing,60,charge_uniform,1.5955741470684986e-08,0.002503979173455602,-11.495552535596472,-1.0,1.0,0.002503963217714131,1,6.37215422549436e-06
pairing,61,charge_uniform,1.6128293304183694e-08,0.002503963217714131,-1.0108144039445444,-1.0,1.0,0.0025039793460074353,1,6.441064831425252e-06
pairing,62,charge_uniform,1.3610818956275028e-09,0.0025039793460074353,-0.0843909439118668,-1.0,1.0,0.0025039779849255397,1,5.435675409215062e-07
pairing,63,charge_uniform,6.472471860991674e-09,0.0025039779849255397,4.755387520607388,1.0,inf,0.0025039715124536787,0,2.584875705759907e-06
pairing,64,charge_uniform,6.933391850667131e-09,0.0025039715124536787,1.071212358983487,1.0,inf,0.002503964579061828,0,2.7689579598583363e-06
pairing,65,charge_uniform,1.546661531877727e-08,0.002503964579061828,-2.230742997352598,-1.0,1.0,0.002503980045677147,1,6.176812529108898e-06
pairing,66,charge_uniform,2.8135123627572034e-09,0.002503980045677147,-0.18190873082240908,-1.0,1.0,0.002503977232164784,1,1.1236161276981543e-06
pairing,67,charge_uniform,1.2834475890920183e-09,0.002503977232164784,-0.4561727206466786,-1.0,1.0,0.002503978515612373,1,5.125633391379712e-07
pairing,68,charge_uniform,8.022985162510488e-10,0.002503978515612373,-0.6251120209892163,-1.0,1.0,0.002503977713313857,1,3.204095048135182e-07
pairing,69,charge_uniform,2.499093753119408e-10,0.002503977713313857,-0.3114917580549796,-1.0,1.0,0.002503977963223232,1,9.980494196931601e-08
pairing,70,charge_uniform,5.453091853936665e-10,0.002503977963223232,-2.1820277239019266,-1.0,1.0,0.002503977417914047,1,2.1777715035947048e-07
pairing,71,charge_uniform,5.2146980011012756e-09,0.002503977417914047,9.562828099689373,1.0,inf,0.0025039722032160457,0,2.0825659064630907e-06
pairing,72,charge_uniform,6.204490481716979e-09,0.0025039722032160457,-1.1898082075714975,-1.0,1.0,0.0025039784077065274,1,2.47785302885254e-06
pairing,73,charge_uniform,3.5574162149040744e-10,0.0025039784077065274,-0.057336153957957645,-1.0,1.0,0.002503978051964906,1,1.4207056274748088e-07
pairing,74,charge_uniform,8.634628524337162e-10,0.002503978051964906,2.427219083379029,1.0,inf,0.0025039771885020535,0,3.44836430078189e-07
pairing,75,charge_uniform,8.041754167957549e-10,0.0025039771885020535,-0.9313375955076046,-1.0,1.0,0.0025039779926774703,1,3.2115913923662755e-07
pairing,76,charge_uniform,1.0718184942012932e-09,0.0025039779926774703,1.332816785760456,1.0,inf,0.0025039790644959645,0,4.2804610845140735e-07
pairing,77,charge_uniform,7.549960383441967e-10,0.0025039790644959645,-0.7044066158858465,-1.0,1.0,0.002503978309499926,1,3.015185106973619e-07
pairing,78,charge_uniform,1.4809964570677847e-08,0.002503978309499926,19.615950042808173,1.0,inf,0.0025039634995353555,0,5.914573826174865e-06
pairing,79,charge_uniform,1.6275715480212893e-09,0.0025039634995353555,-0.10989705885209933,-1.0,1.0,0.0025039651271069035,1,6.499976898247762e-07
pairing,80,charge_uniform,1.2572934361600868e-08,0.0025039651271069035,7.7249656869993455,1.0,inf,0.002503977700041265,0,5.021184638103473e-06
pairing,1,exchange_charge,0.0003012164140806517,0.0010631566165722665,nan,nan,1.0,0.0010418647002900531,0,0.026530846503947627
pairing,2,exchange_charge,1.3329360944443897e-05,0.0010418647002900531,-0.026136964158446973,-0.7601140747632741,1.0,0.001042311667366909,0,0.0009305230214929917
pairing,3,exchange_charge,2.5318914690618255e-06,0.001042311667366909,-0.1649471862281022,-0.6439721563094747,1.0,0.001042258489483828,0,0.00023834439519148916
pairing,4,exchange_charge,2.9054295479398473e-07,0.001042258489483828,0.039490642012449874,0.48742537988311624,1.0,0.0010422522790785498,1,1.931137320848924e-05
pairing,5,exchange_charge,2.1389535922924224e-07,0.0010422522790785498,0.30648626979283733,0.28830634843228525,1.0,0.001042259714241893,1,2.0529078934295006e-05
pairing,6,exchange_charge,2.6897556229532604e-07,0.001042259714241893,0.27208196532315393,0.6536060006834298,1.0,0.0010422594014245338,1,8.545809152420089e-06
pairing,7,exchange_charge,2.078110517443263e-07,0.0010422594014245338,-0.4630925583833143,-0.6587075292212057,1.0,0.0010422617974705822,1,6.007966416361266e-06
pairing,8,exchange_charge,2.3386444198292972e-07,0.0010422617974705822,-0.8726786212862266,-0.8639186734355915,1.0,0.001042260872474774,1,6.068885891902172e-06
pairing,9,exchange_charge,2.243413252537088e-07,0.001042260872474774,-0.9277846592095618,-0.9871216036881545,1.0,0.0010422620069620214,1,5.704077467482841e-06
pairing,10,exchange_charge,1.0450573859413503e-08,0.0010422620069620214,-0.10611080533671927,-0.794445231006459,1.0,0.0010422619493296648,1,7.618703343600501e-07
pairing,11,exchange_charge,9.546592480078053e-09,0.0010422619493296648,-0.0365549606674798,-0.0903532020827899,1.0,0.0010422619043210404,1,3.082363547084788e-07
pairing,12,exchange_charge,4.984105204941525e-09,0.0010422619043210404,-0.48427304587912023,-0.8821697714995884,1.0,0.001042261958733954,1,1.692084242976797e-07
pairing,13,exchange_charge,3.946679417304866e-09,0.001042261958733954,-0.0014820471714838985,-0.0013423363826227854,1.0,0.0010422619184849175,1,1.8681968980952115e-07
pairing,14,exchange_charge,2.2287439029175168e-07,0.0010422619184849175,-0.008356003523839688,-0.00029907664744533927,1.0,0.0010422611006394228,1,5.219618649563745e-06
pairing,15,exchange_charge,2.282296268545439e-07,0.0010422611006394228,-1.0938540190867623,-0.9967329546809681,1.0,0.001042262136451436,1,5.728213978572372e-06
pairing,16,exchange_charge,1.1961834842089125e-08,0.001042262136451436,-0.10593410267126846,-0.7077477937772529,1.0,0.001042261836243506,1,8.573862229799633e-07
pairing,17,exchange_charge,2.22062516160677e-07,0.001042261836243506,3.777991201836526,0.6289925992676132,1.0,0.001042261076453855,1,5.149819797193519e-06
pairing,18,exchange_charge,1.1414801156161766e-08,0.001042261076453855,-0.10079397159381075,-0.7777332833099903,1.0,0.001042261230132462,1,6.674152994971387e-07
pairing,19,exchange_charge,2.1861405690533006e-07,0.001042261230132462,5.741401892740209,0.7641457308427699,1.0,0.0010422620588636375,1,5.014614702750508e-06
pairing,20,exchange_charge,2.2389465173435624e-07,0.0010422620588636375,-1.1075277803117778,-0.9963686684866834,1.0,0.0010422610172086697,1,5.574066373736344e-06
pairing,21,exchange_charge,2.2572973746486438e-07,0.0010422610172086697,-1.0267904455118106,-0.9995977658647512,1.0,0.0010422620532138062,1,5.725701198696547e-06
pairing,22,exchange_charge,2.2848741168014775e-07,0.0010422620532138062,-1.0070825690813996,-0.9991410789436533,1.0,0.001042261061491932,1,5.7712108875276805e-06
pairing,23,exchange_charge,2.2893407740213513e-07,0.001042261061491932,-1.0074755168251808,-0.9997745858369073,1.0,0.0010422620935088608,1,5.815664379948477e-06
pairing,24,exchange_charge,1.0943949290201371e-08,0.0010422620935088608,-0.11254461305814309,-0.8248361925943768,1.0,0.0010422619020038618,1,7.935171894660009e-07
pairing,25,exchange_charge,3.706866466557379e-09,0.0010422619020038618,-0.27745057406782436,-0.8512919650969394,1.0,0.001042261957133294,1,2.586208229184894e-07
pairing,26,exchange_charge,3.576785649454274e-09,0.001042261957133294,-0.28594213744144575,-0.4145343802140728,1.0,0.001042261992910809,1,1.783943428660905e-07
pairing,27,exchange_charge,8.457155165411678e-09,0.001042261992910809,-1.2834774811402607,-0.6114363324173727,1.0,0.001042261844872923,1,3.744709133103133e-07
pairing,28,exchange_charge,2.4367192517221747e-09,0.001042261844872923,-0.3904090896342691,-0.7976244370297348,1.0,0.0010422619056028254,1,1.832903479625092e-07
pairing,29,exchange_charge,7.646666751182085e-09,0.0010422619056028254,0.2623417511949681,0.22123307706453216,1.0,0.0010422619532182186,1,2.1734864109339133e-07
pairing,30,exchange_charge,5.10733785125117e-09,0.0010422619532182186,-0.6464400660164913,-0.7136693355735712,1.0,0.0010422619585928768,1,1.9687390527932766e-07
pairing,31,exchange_charge,2.7564856053957643e-08,0.0010422619585928768,-2.415287509762006,-0.2566156794433644,1.0,0.0010422615591778954,1,1.852993104126257e-06
pairing,32,exchange_charge,3.039960219317073e-08,0.0010422615591778954,-1.1144907016139023,-0.9931280108373982,1.0,0.0010422620600191636,1,2.0794332263325227e-06
pairing,33,exchange_charge,4.598725483750954e-09,0.0010422620600191636,-0.14753748291257124,-0.7677001602500582,1.0,0.0010422618998653828,1,3.9962782344338345e-07
pairing,34,exchange_charge,2.6203464120744258e-08,0.0010422618998653828,2.779779397189031,0.6247635994868043,1.0,0.0010422616097813184,1,1.7780763184044475e-06
pairing,35,exchange_charge,2.8695407230938663e-08,0.0010422616097813184,-1.107695020914604,-0.9887246687102805,1.0,0.001042261963815544,1,1.992026927400402e-06
pairing,36,exchange_charge,3.3208524836264575e-09,0.001042261963815544,-0.09636162137950025,-0.8442613715675238,1.0,0.0010422619053319015,1,2.2736435779304666e-07
pairing,37,exchange_charge,5.490874199765017e-09,0.0010422619053319015,0.2938706624609938,0.32756067236498443,1.0,0.00104226193498038,1,2.0397966523506115e-07
pairing,38,exchange_charge,2.5081890071831925e-09,0.00104226193498038,-0.8055069781936921,-0.8483201230071464,1.0,0.0010422619188851267,1,1.9368518947070984e-07
pairing,39,exchange_charge,2.9030288934903115e-08,0.0010422619188851267,-7.202754070403267,-0.7121624834899262,1.0,0.0010422615438432515,1,1.958916456177239e-06
pairing,40,exchange_charge,3.172545913650293e-08,0.0010422615438432515,-1.1007327210393898,-0.993046895136398,1.0,0.0010422620232469159,1,2.1713407853672374e-06
pairing,41,exchange_charge,1.1510700564584808e-08,0.0010422620232469159,-0.12744118523899506,-0.5809531049264339,1.0,0.001042261895244517,1,4.7631769397292736e-07
pairing,42,exchange_charge,1.9620686186883063e-09,0.001042261895244517,-0.11305537772805091,-0.38850452080698133,1.0,0.001042261935614641,1,1.3860914984073402e-07
pairing,43,exchange_charge,9.222301184871884e-09,0.001042261935614641,-0.014759341153023107,-0.006451073516235802,1.0,0.0010422619511833867,1,3.1712236633521597e-07
pairing,44,exchange_charge,1.0296864196360223e-08,0.0010422619511833867,-0.7199281179110038,-0.7546660634426708,1.0,0.0010422618761834542,1,3.025249436839681e-07
pairing,45,exchange_charge,4.624957562759935e-09,0.0010422618761834542,-0.5306986372153025,-0.7634756279650969,1.0,0.0010422619550566298,1,2.102877536091107e-07
pairing,46,exchange_charge,2.8069794023866113e-08,0.0010422619550566298,-0.2478263491012663,-0.02714192119472589,1.0,0.001042261576862583,1,1.92008685987119e-06
pairing,47,exchange_charge,2.9342546982447093e-08,0.001042261576862583,-1.0576562829226146,-0.9982219813742841,1.0,0.001042261997911952,1,2.0344090648081616e-06
pairing,48,exchange_charge,3.0743379821063233e-09,0.001042261997911952,-0.08390484614644989,-0.6641119033214518,1.0,0.0010422619029665356,1,2.5703014616657005e-07
pairing,49,exchange_charge,2.234833165624863e-07,0.0010422619029665356,11.672150208870356,0.5738474005575112,1.0,0.0010422610407985395,1,5.228035789034964e-06
pairing,50,exchange_charge,1.1279364670133823e-08,0.0010422610407985395,-0.10694622270951704,-0.8217913261746521,1.0,0.0010422611726345007,1,6.803662362988019e-07
pairing,51,exchange_charge,2.0223012468486082e-07,0.0010422611726345007,3.5703251970086844,0.662947927824948,1.0,0.001042261634197223,1,3.6641303773106635e-06
pairing,52,exchange_charge,2.3595874537249428e-08,0.001042261634197223,0.26775405374771416,0.6328691978212174,1.0,0.001042261933281122,1,1.550218408217156e-06
pairing,53,exchange_charge,3.8882859570987804e-09,0.001042261933281122,-0.0672772547660125,-0.4599727050351553,1.0,0.0010422619309797179,1,2.2674049492701273e-07
pairing,54,exchange_charge,3.6232220071430454e-09,0.0010422619309797179,-0.1693077539775761,-0.30567738869838723,1.0,0.0010422619609616157,1,1.255864003411722e-07
pairing,55,exchange_charge,2.8389937935247023e-09,0.0010422619609616157,0.1047070565987422,0.09081722986475124,1.0,0.0010422619238866667,1,1.447939157375601e-07
pairing,56,exchange_charge,3.6557516007451607e-09,0.0010422619238866667,0.6249020322766121,0.57942495996956,1.0,0.0010422619235215115,1,1.5615829775271576e-07
pairing,57,exchange_charge,2.70797970939457e-09,0.0010422619235215115,-0.3245379782291042,-0.5372220115171625,1.0,0.001042261916229743,1,9.433585588013686e-08
pairing,58,exchange_charge,2.5426275564177647e-09,0.001042261916229743,0.15458273033278933,0.10656649080164635,1.0,0.0010422619154701464,1,1.368412731108602e-07
pairing,59,exchange_charge,4.52234259241957e-09,0.0010422619154701464,-0.9943354605301697,-0.5202403426394601,1.0,0.0010422619981109642,1,2.6154472938100844e-07
pairing,60,exchange_charge,2.1928384745474247e-07,0.0010422619981109642,-0.2744098440173984,-0.013814736601040547,1.0,0.001042261067846829,1,5.1952093236152855e-06
pairing,61,exchange_charge,2.2361869755427657e-07,0.001042261067846829,-1.0701961380900438,-0.9978686185997407,1.0,0.0010422620182630423,1,5.57176841075949e-06
pairing,62,exchange_charge,8.64640104132619e-09,0.0010422620182630423,-0.08753269080183236,-0.7784141320478645,1.0,0.0010422619218066619,1,6.265455127791e-07
pairing,63,exchange_charge,2.5403572282214903e-08,0.0010422619218066619,2.149818734910886,0.7804547123214836,1.0,0.001042261523742442,1,1.7258649157168406e-06
pairing,64,exchange_charge,1.9375700755115688e-07,0.001042261523742442,1.3530766999063228,0.6665604684467237,1.0,0.0010422611506721562,1,3.5034008271783804e-06
pairing,65,exchange_charge,2.1471185859128772e-07,0.0010422611506721562,-1.444314014432858,-0.9486451571663187,1.0,0.0010422620593702786,1,5.333931527779041e-06
pairing,66,exchange_charge,9.779214922220336e-09,0.0010422620593702786,-0.1081533101529909,-0.8237745959305524,1.0,0.0010422618781439734,1,7.002915041426416e-07
pairing,67,exchange_charge,3.9902358240501146e-09,0.0010422618781439734,-0.2975123266552038,-0.8313763457035332,1.0,0.001042261958284943,1,2.50602962205676e-07
pairing,68,exchange_charge,7.543477323693204e-09,0.001042261958284943,-0.4058999917336926,-0.4705261349757979,1.0,0.001042261912628051,1,2.1618297630365384e-07
pairing,69,exchange_charge,2.171792684926843e-09,0.001042261912628051,-0.11690238423926473,-0.21660535205311118,1.0,0.001042261926399558,1,1.1667443068896826e-07
pairing,70,exchange_charge,2.902455754905109e-09,0.001042261926399558,-1.1141593603008604,-0.9045795786601237,1.0,0.001042261894687316,1,1.4370643791498894e-07
pairing,71,exchange_charge,2.6871311561288413e-08,0.001042261894687316,-1.4317469423786333,-0.11227721120019696,1.0,0.0010422615653370357,1,1.8325291227469708e-06
pairing,72,exchange_charge,2.9868842725544464e-08,0.0010422615653370357,-1.1209815554966276,-0.9985747543339926,1.0,0.0010422619577600302,1,2.0571631851113536e-06
pairing,73,exchange_charge,4.2059027961782736e-09,0.0010422619577600302,-0.11615762254655278,-0.8927327479761552,1.0,0.0010422619324615022,1,2.676670989325143e-07
pairing,74,exchange_charge,4.352525690559661e-09,0.0010422619324615022,-0.27085232163597156,-0.3488812381446437,1.0,0.0010422618797453398,1,2.0780210858203005e-07
pairing,75,exchange_charge,2.979939446243196e-09,0.0010422618797453398,-0.6845625536728104,-0.9448286439734254,1.0,0.0010422619308356556,1,1.5056014996875405e-07
pairing,76,exchange_charge,1.0293007963319e-08,0.0010422619308356556,0.19916145715319822,0.09683311118849955,1.0,0.0010422619923142523,1,3.0966450132822935e-07
pairing,77,exchange_charge,3.6511928775545544e-09,0.0010422619923142523,-0.3807805502807763,-0.7906941440361892,1.0,0.0010422619462164414,1,1.491274724968604e-07
pairing,78,exchange_charge,2.2145025555669884e-07,0.0010422619462164414,1.3714915371085263,0.03936006220100982,1.0,0.0010422610880425774,1,5.196309763975215e-06
pairing,79,exchange_charge,8.166297433415126e-09,0.0010422610880425774,-0.08755538269229855,-0.7976606595044619,1.0,0.0010422611944659206,1,5.703743975630156e-07
pairing,80,exchange_charge,3.101802386138919e-07,0.0010422611944659206,6.9833934765610906,0.5210810262005894,1.0,0.0010422621277641749,1,7.644003677227317e-06
pairing,1,exchange_spin,0.0001531139426863455,1.4764466855293371e-05,nan,nan,1.0,5.642240771816447e-06,0,0.7853128926450246
pairing,2,exchange_spin,2.4187693658058243e-05,5.642240771816447e-06,0.08308379512647096,0.43609244233495786,1.0,3.4427482133249434e-06,0,0.39151341511442134
pairing,3,exchange_spin,1.3505984361686374e-05,3.4427482133249434e-06,0.6053308486185957,0.9959795873994444,2.5337678318658607,2.101644546371295e-06,0,0.389973745911539
pairing,4,exchange_spin,8.06305511047347e-06,2.101644546371295e-06,0.6081210221891885,0.9993242881014279,2.5518082281075376,1.2850703507435727e-06,0,0.38874511126542993
pairing,5,exchange_spin,4.8834031086313415e-06,1.2850703507435727e-06,0.6105394613647518,0.9997059035883082,2.5676542314253727,7.862857609082544e-07,0,0.3882744243537415
pairing,6,exchange_spin,2.980348452779301e-06,7.862857609082544e-07,0.6113396930864518,0.9998173886169089,2.572940900348837,4.81306126251887e-07,0,0.38801381271726904
pairing,7,exchange_spin,1.8138872859207664e-06,4.81306126251887e-07,0.6115705373894702,0.9995413409698201,2.5744700035864154,2.9473229636026096e-07,0,0.38783946693797466
pairing,8,exchange_spin,1.131168449535272e-06,2.9473229636026096e-07,0.6111587551597762,0.9976277656779059,2.571743644146864,1.8080972102380412e-07,0,0.3879995061398105
pairing,9,exchange_spin,7.309192196672904e-07,1.8080972102380412e-07,0.608970675728511,0.988178280948758,2.5573529603260825,1.1090376268301843e-07,0,0.38976083802632683
pairing,10,exchange_spin,4.262581304046234e-07,1.1090376268301843e-07,0.6035826345301235,0.9836152156233952,2.5225938293966825,6.81754430450499e-08,0,0.38992869268570923
pairing,11,exchange_spin,3.255934805187653e-07,6.81754430450499e-08,0.6078790400920616,0.9586770104228846,2.5502334795742074,4.2657928749609806e-08,0,0.40220583031275875
pairing,12,exchange_spin,1.9037703759760497e-07,4.2657928749609806e-08,0.5137061968791246,0.8178629451247366,1.0,2.688186578622856e-08,0,0.40374842278045214
pairing,13,exchange_spin,2.052214676272188e-07,2.688186578622856e-08,0.4528047934072246,0.689417351940824,1.0,1.7673478203623563e-08,0,0.42080413676934114
pairing,14,exchange_spin,2.961035540473004e-07,1.7673478203623563e-08,0.1114677357939468,0.10447019592168075,1.0,1.4324888510149235e-08,0,0.6829267917260982
pairing,15,exchange_spin,2.068105354386708e-07,1.4324888510149235e-08,-0.33931498775612945,-0.4664616520395457,1.0,1.1452506769500984e-08,0,0.6129033934042141
pairing,16,exchange_spin,1.587554532560167e-07,1.1452506769500984e-08,-0.05092723475417346,-0.10055090360182525,1.0,1.0848079256349159e-08,0,0.38828162367509245
pairing,17,exchange_spin,2.2094434759933331e-07,1.0848079256349159e-08,-4.4540488663807766e-05,-2.87015839527435e-05,1.0,1.22751177465879e-08,0,0.5621741089277814
pairing,18,exchange_spin,2.645384282483126e-07,1.22751177465879e-08,-0.8892668530523203,-0.7391653028790391,1.0,9.946432029798166e-09,0,0.6763342364238524
pairing,19,exchange_spin,2.299664445475968e-07,9.946432029798166e-09,-0.22055292430147563,-0.313443998266763,1.0,1.1466434022080044e-08,0,0.5094616811593949
pairing,20,exchange_spin,2.3034300459998973e-07,1.1466434022080044e-08,-0.6198362203127423,-0.41527587822681555,1.0,1.3009609496567308e-08,0,0.6702176883432188
pairing,21,exchange_spin,2.312450377542424e-07,1.3009609496567308e-08,-0.2579871835388681,-0.5280679619478267,1.0,1.3626082810380413e-08,0,0.31262048615390403
pairing,22,exchange_spin,2.315539497356593e-07,1.3626082810380413e-08,-0.7379770549727658,-0.4280818388746342,1.0,1.0985782969948108e-08,0,0.5389314022349262
pairing,23,exchange_spin,2.2586318793264956e-07,1.0985782969948108e-08,-0.05050832484722545,-0.06761858892491976,1.0,1.1210298471993243e-08,0,0.4893101213808146
pairing,24,exchange_spin,1.0485084969128513e-07,1.1210298471993243e-08,-0.4578343472524882,-0.5847431793516864,1.0,1.134272270866051e-08,0,0.37864067518878775
pairing,25,exchange_spin,1.308256463893723e-07,1.134272270866051e-08,-0.5188699006872501,-0.3967038520070899,1.0,1.120396973117102e-08,0,0.49524411859718576
pairing,26,exchange_spin,2.659705570461814e-07,1.120396973117102e-08,-1.1101834339967247,-0.8797711505433108,1.0,1.1720573735876169e-08,0,0.6048014120864563
pairing,27,exchange_spin,1.2779766233398854e-07,1.1720573735876169e-08,0.21582991979303046,0.3844873477415451,1.0,1.0693609150667563e-08,0,0.3395020435082754
pairing,28,exchange_spin,2.0147793168306366e-07,1.0693609150667563e-08,-0.7255293256373029,-0.47025470938652575,1.0,9.455723829404128e-09,0,0.5741016236270695
pairing,29,exchange_spin,1.4024930226370027e-07,9.455723829404128e-09,0.08833554422486473,0.07676404534957802,1.0,8.844742504483214e-09,0,0.747129591922688
pairing,30,exchange_spin,1.1901169244460982e-07,8.844742504483214e-09,-0.46468265402260756,-0.6554618895406423,1.0,7.450305205852345e-09,0,0.5662582456659985
pairing,31,exchange_spin,2.2722933133398923e-07,7.450305205852345e-09,0.336686499681596,0.20854873327697682,1.0,8.971117039746148e-09,0,0.9013041207286606
pairing,32,exchange_spin,2.998196432933329e-07,8.971117039746148e-09,-1.1149264673610857,-0.8671397295487103,1.0,7.626290702970445e-09,0,1.1588533947867592
pairing,33,exchange_spin,2.6733406933375956e-07,7.626290702970445e-09,-0.7524379070363589,-0.9638457864584397,1.0,7.4451016160091915e-09,0,1.0642037321306181
pairing,34,exchange_spin,1.5745808012297918e-07,7.4451016160091915e-09,-0.4220452561958111,-0.6753053214893938,1.0,7.3567959878702835e-09,0,0.681281122005963
pairing,35,exchange_spin,1.8196076981470975e-07,7.3567959878702835e-09,-0.0282771973403837,-0.030670594620025433,1.0,6.478040719515765e-09,0,0.6356564216771841
pairing,36,exchange_spin,1.13993187010333e-07,6.478040719515765e-09,0.5751534822905142,0.4958619986433506,1.0,6.526744314501191e-09,0,0.8310697581515799
pairing,37,exchange_spin,2.994807239231811e-07,6.526744314501191e-09,-1.061898691948046,-0.6235446165232581,1.0,5.992157182604154e-09,0,1.415314743665699
pairing,38,exchange_spin,2.2245242363632406e-07,5.992157182604154e-09,0.07844551275671367,0.13721442903158598,1.0,6.913716077188235e-09,0,0.7638470629987788
pairing,39,exchange_spin,2.038569706752168e-07,6.913716077188235e-09,-0.7264192799330202,-0.7020288824413593,1.0,8.754075358959668e-09,0,0.6242234147421688
pairing,40,exchange_spin,1.648400766342911e-07,8.754075358959668e-09,-0.3329186751140359,-0.3469594345801172,1.0,1.0116261891103123e-08,0,0.5183101675428287
pairing,41,exchange_spin,3.082688813199135e-07,1.0116261891103123e-08,-1.2227914305573995,-0.5453884331834394,1.0,5.853895022319694e-09,0,1.1620804415354544
pairing,42,exchange_spin,2.7742148647997916e-07,5.853895022319694e-09,-0.5139025018943049,-0.7060391613646446,1.0,8.728232989492275e-09,0,0.980351610502237
pairing,43,exchange_spin,2.102178120448588e-07,8.728232989492275e-09,-0.5119092126097688,-0.6702827102947087,1.0,5.705945001720062e-09,0,0.7487154499215203
pairing,44,exchange_spin,1.5338090092333775e-07,5.705945001720062e-09,-0.1484841883092668,-0.16755803020768556,1.0,4.896853944589213e-09,0,1.0149169541484928
pairing,45,exchange_spin,1.387918817538999e-07,4.896853944589213e-09,0.021173852109585195,0.01598673282185041,1.0,6.9704520050243594e-09,0,1.100366363011383
pairing,46,exchange_spin,2.0398983184612084e-07,6.9704520050243594e-09,-0.6686914239906365,-0.7472334628941288,1.0,4.761022098330537e-09,0,0.9847063692030228
pairing,47,exchange_spin,2.395108603128423e-07,4.761022098330537e-09,-0.15909516569779616,-0.12509994123671836,1.0,7.264326619460075e-09,0,1.2016339859903986
pairing,48,exchange_spin,1.723505277439406e-07,7.264326619460075e-09,-0.1859457194183787,-0.3308141633150269,1.0,7.663566240069498e-09,0,0.6402340095479124
pairing,49,exchange_spin,3.674744743590723e-07,7.663566240069498e-09,-0.083856021381235,-0.03516403635455182,1.0,7.303887147768835e-09,0,1.5267723037345218
pairing,50,exchange_spin,3.805247699778584e-07,7.303887147768835e-09,-0.9293431333469261,-0.8951834380967916,1.0,7.456240537602217e-09,0,1.6291059675269965
pairing,51,exchange_spin,2.121065510398188e-07,7.456240537602217e-09,0.09636893060639459,0.21587981955753793,1.0,8.841014738226791e-09,0,0.6133270557244296
pairing,52,exchange_spin,1.622321301863051e-07,8.841014738226791e-09,-0.14719990453743925,-0.1637423525334847,1.0,7.0957603132903944e-09,0,0.5513642784288351
pairing,53,exchange_spin,1.9010037739330713e-07,7.0957603132903944e-09,-0.7761476838752479,-0.5928990645435015,1.0,8.714888495170488e-09,0,0.7322215496576369
pairing,54,exchange_spin,2.3363305439513877e-07,8.714888495170488e-09,-0.24258471237375515,-0.2438015916147851,1.0,1.199287303871569e-08,0,0.5294293293592411
pairing,55,exchange_spin,5.8837880035435996e-08,1.199287303871569e-08,0.08071311520365106,0.2364594148361708,1.0,1.2567734240171433e-08,1,0.17244942216912088
pairing,56,exchange_spin,1.6814521851808055e-07,1.2567734240171433e-08,0.04945333164973408,0.020782993563959552,1.0,1.1944146002111044e-08,0,0.4103450468330779
pairing,57,exchange_spin,2.9310012779963884e-07,1.1944146002111044e-08,-0.2478594309429584,-0.12811123992939497,1.0,8.434827193354822e-09,0,0.8353515720766795
pairing,58,exchange_spin,1.0463969768218268e-07,8.434827193354822e-09,0.04220054570498199,0.12100372616480193,1.0,8.85641443281349e-09,0,0.392903402315265
pairing,59,exchange_spin,2.757090952219491e-07,8.85641443281349e-09,-0.6493690556494796,-0.25828946393108415,1.0,1.020469212032007e-08,0,0.8572918846699827
pairing,60,exchange_spin,1.6745088830154227e-07,1.020469212032007e-08,0.016108259595565697,0.029810183683924185,1.0,8.571325493739406e-09,0,0.463247069318896
pairing,61,exchange_spin,3.0119027129135365e-07,8.571325493739406e-09,-0.23312262331339442,-0.11482488682128889,1.0,5.411753951469109e-09,0,1.1197291768226318
pairing,62,exchange_spin,7.535678989934063e-08,5.411753951469109e-09,-0.12053839561020709,-0.34276406031921497,1.0,4.703638697466765e-09,1,0.6236674343373917
pairing,63,exchange_spin,2.4054382727484305e-07,4.703638697466765e-09,0.8253755695468961,0.3293583366060228,1.0,6.874925541145191e-09,0,1.230285939694845
pairing,64,exchange_spin,1.712253891477029e-07,6.874925541145191e-09,-0.2795556087353404,-0.41051744127338785,1.0,6.68237005456478e-09,0,0.837804439497315
pairing,65,exchange_spin,1.1264307279013262e-07,6.68237005456478e-09,-0.33508620045198223,-0.4323137755136819,1.0,8.912632264098967e-09,0,0.5009128086926397
pairing,66,exchange_spin,3.314707560252504e-07,8.912632264098967e-09,-1.25796818372931,-0.48101888969076034,1.0,5.234790272193325e-09,0,1.3099950743367472
pairing,67,exchange_spin,3.1397495559567907e-07,5.234790272193325e-09,-0.7001852452654812,-0.8452020033728571,1.0,7.274902814226596e-09,0,1.3295384196125324
pairing,68,exchange_spin,3.002661166019675e-07,7.274902814226596e-09,-0.7767522715163597,-0.7643837359406396,1.0,6.9552315670261144e-09,0,1.3510517544325464
pairing,69,exchange_spin,2.542239215453053e-07,6.9552315670261144e-09,-0.5769024299656256,-0.7615559356476241,1.0,7.272825889871702e-09,0,1.023756216149704
pairing,70,exchange_spin,2.7094016441615303e-07,7.272825889871702e-09,-1.1647007826429454,-0.8918887845543817,1.0,6.198317507247379e-09,0,1.3369039804451512
pairing,71,exchange_spin,2.898153402926841e-07,6.198317507247379e-09,-0.7502701400797513,-0.8244469121686046,1.0,6.007932693328158e-09,0,1.4275277344168413
pairing,72,exchange_spin,1.7470514813547173e-07,6.007932693328158e-09,-0.249429474022182,-0.4243987584424513,1.0,4.849906722632493e-09,0,0.8655795378641817
pairing,73,exchange_spin,1.13587459452903e-07,4.849906722632493e-09,-0.3465577037742187,-0.3884115935063848,1.0,7.06235318444165e-09,0,0.6570009237921315
pairing,74,exchange_spin,1.8773412774230044e-07,7.06235318444165e-09,0.374663080037157,0.2987821307167,1.0,9.40964102645053e-09,0,0.6183418432220184
pairing,75,exchange_spin,1.7189552644150075e-07,9.40964102645053e-09,-0.9891483999282304,-0.719638299526002,1.0,7.634743545630209e-09,0,0.8499156385014393
pairing,76,exchange_spin,1.8495886135721717e-07,7.634743545630209e-09,-0.4504153816337064,-0.7170301290483717,1.0,8.675871108281265e-09,0,0.5790440362450548
pairing,77,exchange_spin,1.987874558015545e-07,8.675871108281265e-09,-0.7730464368139456,-0.5304625762407045,1.0,6.954188057109481e-09,0,0.8438445029428197
pairing,78,exchange_spin,2.2468033073830203e-07,6.954188057109481e-09,-0.007883520417144803,-0.006345395617924163,1.0,7.579373267375076e-09,0,1.2000620820739452
pairing,79,exchange_spin,3.765853519709359e-07,7.579373267375076e-09,-1.0436073934546863,-0.7995152162216845,1.0,8.868533244679256e-09,0,1.338738103689696
pairing,80,exchange_spin,3.157601119148365e-07,8.868533244679256e-09,-0.7661016599215026,-0.8924654428301333,1.0,6.6573378530640265e-09,0,1.1491867743186661
pairing,1,pairing,0.00018385834716869642,0.00033829991164366314,nan,nan,1.0,0.0003535757579072367,0,0.046175334750493076
pairing,2,pairing,3.601141124331877e-05,0.0003535757579072367,0.06064193312704152,0.3224032280215168,1.0,0.0003555074170336192,0,0.008638085995217879
pairing,3,pairing,1.6713172173660976e-05,0.0003555074170336192,0.4038307235330117,0.8733495589472228,1.0,0.0003558254498239325,0,0.00399062054410232
pairing,4,pairing,9.008032233873142e-06,0.0003558254498239325,0.5853627946524709,0.984029370062667,2.4117469129714197,0.0003558805657198501,0,0.0023735053957594965
pairing,5,pairing,5.5245997645303815e-06,0.0003558805657198501,0.6089911705287325,0.9987815249806423,2.5574870044551847,0.0003558956395605216,0,0.0014471459190821053
pairing,6,pairing,3.397195710445715e-06,0.0003558956395605216,0.6108858391805194,0.9995297405537208,2.569939880609804,0.0003559028452317114,0,0.0008844389665262806
pairing,7,pairing,2.066391373966442e-06,0.0003559028452317114,0.6103028608901347,0.9980507116447117,2.5660953074589425,0.00035590196517948933,0,0.0005408298649115673
pairing,8,pairing,1.3123330705709646e-06,0.00035590196517948933,0.6103417641670305,0.99616239242431,2.5663515050883174,0.0003559043378386114,0,0.0003313613041654578
pairing,9,pairing,8.274375579886591e-07,0.0003559043378386114,0.6065791440162109,0.9842940519341115,2.5418072905652087,0.00035590260390242,0,0.0002042040748349797
pairing,10,pairing,4.86863690175865e-07,0.00035590260390242,0.6005786262374441,0.9866838189798947,2.5036216529425643,0.00035590247931479506,0,0.00012429635297045235
pairing,11,pairing,3.008140011181992e-07,0.00035590247931479506,0.6162138313062809,0.9564076413878154,2.6056176109828777,0.0003559025776022416,0,8.00841965568057e-05
pairing,12,pairing,1.9262794443816104e-07,0.0003559025776022416,0.5048985235690526,0.8221412157859188,1.0,0.00035590253923137684,1,4.9181809434151896e-05
pairing,13,pairing,1.1529244148831067e-07,0.00035590253923137684,0.5058175498985725,0.8023757354555652,1.0,0.0003559025305444075,1,3.100420903867349e-05
pairing,14,pairing,2.6523091798682117e-07,0.0003559025305444075,0.25521103145007257,0.234515646869778,1.0,0.0003559045875618317,1,3.374005416844474e-05
pairing,15,pairing,2.6657819633124093e-07,0.0003559045875618317,-0.30095470867440777,-0.41418404309711176,1.0,0.00035590268093544953,1,2.4516222539607128e-05
pairing,16,pairing,1.066225994937265e-07,0.00035590268093544953,0.10101385529147477,0.23380910887321665,1.0,0.0003559025936217386,1,1.0591937306144684e-05
pairing,17,pairing,2.874569825656522e-07,0.0003559025936217386,0.031020388637229116,0.01501591825907536,1.0,0.0003559046279201329,1,2.18810603894343e-05
pairing,18,pairing,2.3566646473685898e-07,0.0003559046279201329,-0.5861786991415473,-0.6019546369697647,1.0,0.00035590475480665683,1,2.1307597208164023e-05
pairing,19,pairing,2.9895611220813977e-07,0.00035590475480665683,-0.1773616352345044,-0.18787329291555,1.0,0.0003559028212726663,1,2.011542047893353e-05
pairing,20,pairing,2.9583656424717254e-07,0.0003559028212726663,-0.77697033161105,-0.5790417140940575,1.0,0.0003559046430176586,1,2.6991302092168412e-05
pairing,21,pairing,2.960130744752168e-07,0.0003559046430176586,-0.38401401907279387,-0.6303230683315029,1.0,0.0003559027716906809,1,1.6444009298054545e-05
pairing,22,pairing,2.9842601855756506e-07,0.0003559027716906809,-0.9292047103223414,-0.6726854781112768,1.0,0.00035590460524309586,1,2.2714705483151457e-05
pairing,23,pairing,2.930221243532718e-07,0.00035590460524309586,-0.23265559741483285,-0.275657098895633,1.0,0.00035590270810973904,1,1.9171294319851463e-05
pairing,24,pairing,1.274995794176367e-07,0.00035590270810973904,-0.29796007916361844,-0.4829199722020039,1.0,0.0003559025920117435,1,1.1828690365359949e-05
pairing,25,pairing,1.2264729976021466e-07,0.0003559025920117435,-0.32733362129236604,-0.2670367443632975,1.0,0.00035590251958341054,1,1.4499612496108809e-05
pairing,26,pairing,1.823992299388799e-07,0.00035590251958341054,-0.9870889965001178,-0.8738351457268752,1.0,0.000355902488714053,1,1.6378845519175732e-05
pairing,27,pairing,1.0147035025728374e-07,0.000355902488714053,0.3224295704479069,0.46323099928938155,1.0,0.000355902618270727,1,1.1400408584313826e-05
pairing,28,pairing,1.108858756786019e-07,0.000355902618270727,-0.38119619525073156,-0.3234956552550133,1.0,0.000355902550798628,1,1.343385082936709e-05
pairing,29,pairing,1.8744579214958621e-07,0.000355902550798628,0.19977126069314924,0.13301010775008418,1.0,0.0003559025057892951,1,2.017664574759142e-05
pairing,30,pairing,1.5010421282897937e-07,0.0003559025057892951,-0.5530861718425448,-0.753833764868502,1.0,0.0003559025063506138,1,1.4803562364688185e-05
pairing,31,pairing,1.9801192662911923e-07,0.0003559025063506138,0.4003207919000735,0.2979380934907846,1.0,0.0003559034941992855,1,1.9890566159578825e-05
pairing,32,pairing,2.412295480732162e-07,0.0003559034941992855,-1.1223930154433548,-0.818188292044934,1.0,0.0003559025667324955,1,2.7285934970943292e-05
pairing,33,pairing,1.848001494546779e-07,0.0003559025667324955,-0.665578574998097,-0.9272171807326376,1.0,0.0003559025115574331,1,1.958654500741017e-05
pairing,34,pairing,1.2319105420449058e-07,0.0003559025115574331,-0.45129806351568186,-0.6433210623952313,1.0,0.0003559034630674595,1,1.3740180584387398e-05
pairing,35,pairing,9.454693576444915e-08,0.0003559034630674595,-0.2415126676209591,-0.29220579665368995,1.0,0.00035590267448294823,1,1.1356474459204416e-05
pairing,36,pairing,1.5060373899758087e-07,0.00035590267448294823,0.7578322505689724,0.5199275365651799,1.0,0.00035590256834326417,1,1.6552925286577132e-05
pairing,37,pairing,2.4531725274274065e-07,0.00035590256834326417,-0.9429577230667248,-0.6536099798999674,1.0,0.0003559025945747401,1,2.3880774043906924e-05
pairing,38,pairing,9.992159035659691e-08,0.0003559025945747401,0.13107297924387057,0.2874915968196465,1.0,0.0003559025320934786,1,1.0887706754601983e-05
pairing,39,pairing,9.527235169208684e-08,0.0003559025320934786,-0.5411165877718448,-0.428643042559982,1.0,0.00035590358916521143,1,1.3744541911562727e-05
pairing,40,pairing,1.5564858561725514e-07,0.00035590358916521143,-0.007249170946005908,-0.006766926837191136,1.0,0.0003559025996601591,1,1.4724044797389719e-05
pairing,41,pairing,2.877505754839658e-07,0.0003559025996601591,-1.0390784810969835,-0.48939958385779975,1.0,0.00035590256309440396,1,3.126173610453726e-05
pairing,42,pairing,1.9359399688552887e-07,0.00035590256309440396,-0.3434418623828377,-0.5692294481309818,1.0,0.0003559025738057125,1,1.886162018544963e-05
pairing,43,pairing,1.723686119287047e-07,0.0003559025738057125,-0.5754752306855921,-0.6680311325052679,1.0,0.00035590249882204504,1,1.6248337389036364e-05
pairing,44,pairing,1.5737141613871863e-07,0.00035590249882204504,0.21749002527241373,0.2821008437515198,1.0,0.0003559025405776981,1,1.2526909144655856e-05
pairing,45,pairing,1.9590122824930287e-07,0.0003559025405776981,-0.42586741686495205,-0.22855599231775653,1.0,0.0003559025183139644,1,2.3341336994217473e-05
pairing,46,pairing,1.7421439043867652e-07,0.0003559025183139644,-0.6433345389390078,-0.8172174789612745,1.0,0.00035590354992549254,1,1.837484644364562e-05
pairing,47,pairing,1.93010684134485e-07,0.00035590354992549254,-0.0803897540771469,-0.06937903050455378,1.0,0.0003559026731791457,1,2.1291006462147864e-05
pairing,48,pairing,1.1293588053049582e-07,0.0003559026731791457,-0.01716346641996035,-0.03467419659911385,1.0,0.0003559025671929782,1,1.0538913962313271e-05
pairing,49,pairing,3.3992238736875825e-07,0.0003559025671929782,-0.48269979633728755,-0.15452540145736923,1.0,0.00035590463856995455,1,3.292082390911527e-05
pairing,50,pairing,3.5378087876168526e-07,0.00035590463856995455,-0.7273699912622587,-0.7698709393474839,1.0,0.0003559048168966413,1,3.1103404710175844e-05
pairing,51,pairing,1.6642654767355007e-07,0.0003559048168966413,0.14990136080143443,0.312408213832069,1.0,0.0003559038184882647,1,1.4924200085594863e-05
pairing,52,pairing,1.0796776597957955e-07,0.0003559038184882647,0.03674640365546379,0.03650099689842855,1.0,0.00035590273825882826,1,1.5024581946336066e-05
pairing,53,pairing,1.2005989955175666e-07,0.00035590273825882826,-0.3174538867100986,-0.35433688120431955,1.0,0.00035590257151150425,1,1.3460711161327796e-05
pairing,54,pairing,1.4912527530357266e-07,0.00035590257151150425,0.2374921017306248,0.18871170238157214,1.0,0.0003559025318780784,1,1.6940200538268714e-05
pairing,55,pairing,6.617050131938471e-08,0.0003559025318780784,0.12232707277465087,0.3153758237241538,1.0,0.00035590254440802046,1,6.570717049271076e-06
pairing,56,pairing,1.706120126914174e-07,0.00035590254440802046,0.3218624910317624,0.15053760731464308,1.0,0.00035590257980614874,1,1.4048762862145565e-05
pairing,57,pairing,2.756955567828873e-07,0.00035590257980614874,-0.025221186858288516,-0.01350063750159483,1.0,0.00035590258005560084,1,2.6245166051140435e-05
pairing,58,pairing,1.1718465294861775e-07,0.00035590258005560084,0.07962832427345029,0.23689723678399974,1.0,0.0003559025376514281,1,8.821793876963914e-06
pairing,59,pairing,2.320279435187559e-07,0.0003559025376514281,-0.7974925117738189,-0.31143080525218575,1.0,0.00035590250637546083,1,2.2590300242841127e-05
pairing,60,pairing,2.6476350435678653e-07,0.00035590250637546083,-0.0197701650977989,-0.02392018369644716,1.0,0.0003559045611865861,1,1.8670902857762625e-05
pairing,61,pairing,2.611282515212607e-07,0.0003559045611865861,-0.6068752009342493,-0.38825914013604246,1.0,0.00035590281179423763,1,2.91838794045088e-05
pairing,62,pairing,6.681808732423151e-08,0.00035590281179423763,-0.04793141729441594,-0.15414374224067295,1.0,0.0003559025723281605,1,9.07485154705677e-06
pairing,63,pairing,2.0740477210356658e-07,0.0003559025723281605,0.8435154849129994,0.36110621242930135,1.0,0.00035590356423354956,1,2.119808897293533e-05
pairing,64,pairing,1.6567957144232788e-07,0.00035590356423354956,-0.1146547328516896,-0.13621017711124223,1.0,0.00035590467231115514,1,1.784340724517238e-05
pairing,65,pairing,1.712327338471365e-07,0.00035590467231115514,-0.8179591394574186,-0.7615647635363619,1.0,0.0003559027546878305,1,1.9164723388036065e-05
pairing,66,pairing,3.002132794860653e-07,0.0003559027546878305,-0.48876525260459236,-0.31761778943815483,1.0,0.00035590263398075955,1,2.9491740228398254e-05
pairing,67,pairing,2.508038738345902e-07,0.00035590263398075955,-0.7284465697196303,-0.8763047895758989,1.0,0.0003559025217526401,1,2.4515630344793016e-05
pairing,68,pairing,2.365777598308943e-07,0.0003559025217526401,-0.6711835968162725,-0.6528476779279474,1.0,0.00035590253515581203,1,2.5204184801955014e-05
pairing,69,pairing,1.724896269424206e-07,0.00035590253515581203,-0.45708385722307077,-0.6976124357899579,1.0,0.0003559025516445028,1,1.651407698984439e-05
pairing,70,pairing,2.0069934821030834e-07,0.0003559025516445028,-1.316008877605096,-0.8424547387127304,1.0,0.0003559025521118788,1,2.5796842129177314e-05
pairing,71,pairing,2.2295368658928352e-07,0.0003559025521118788,-0.7039742815636013,-0.7784333279263204,1.0,0.0003559035363989248,1,2.3329246743199392e-05
pairing,72,pairing,1.2521267957865312e-07,0.0003559035363989248,-0.31373249042911366,-0.5924448551367559,1.0,0.00035590265851559655,1,1.23541332448397e-05
pairing,73,pairing,1.3262187377347602e-07,0.00035590265851559655,-0.6370414908409576,-0.5672989654123989,1.0,0.0003559025591187755,1,1.3872958268666377e-05
pairing,74,pairing,1.4441160089380228e-07,0.0003559025591187755,0.5104668469099845,0.4567937034330975,1.0,0.00035590255683082603,1,1.5503031651436118e-05
pairing,75,pairing,1.9825545354214974e-07,0.00035590255683082603,-0.8752176257506524,-0.6402225634092561,1.0,0.0003559025439728682,1,2.119345274068386e-05
pairing,76,pairing,9.052862480416026e-08,0.0003559025439728682,-0.40497467722152464,-0.7160168014670376,1.0,0.00035590249477239803,1,1.1986886306802491e-05
pairing,77,pairing,1.4264393030609486e-07,0.00035590249477239803,-0.4379963611215861,-0.3120898850193901,1.0,0.00035590250853884716,1,1.6822759590391873e-05
pairing,78,pairing,2.422006023649114e-07,0.00035590250853884716,-0.007824122823099768,-0.004721490603898319,1.0,0.0003559045982352886,1,2.7877332705617838e-05
pairing,79,pairing,3.7583557433631395e-07,0.0003559045982352886,-0.7616855352135273,-0.717549763215526,1.0,0.0003559047993213524,1,2.9592022983861044e-05
pairing,80,pairing,2.8072973545587535e-07,0.0003559047993213524,-0.7943666939086986,-0.6822570969020468,1.0,0.00035590036488370634,1,3.4454632381984376e-05
pairing,1,spin,0.0006782288442143892,0.0010979142006832994,nan,nan,1.0,0.0006735292038453737,0,0.38913668196784945
pairing,2,spin,0.00034093601565290173,0.0006735292038453737,0.6115275401072754,0.9936155356685615,2.574185053622969,0.0004109919826649091,0,0.39040178042996937
pairing,3,spin,0.0002141177192638476,0.0004109919826649091,0.6084336949512669,0.9990580615921013,2.553845893036029,0.000250984649885331,0,0.38963449561099117
pairing,4,spin,0.00013368120685217392,0.000250984649885331,0.6097032098871477,0.9996610840835655,2.5621527651069202,0.00015337332923783415,0,0.3891430550962918
pairing,5,spin,8.341969426236325e-05,0.00015337332923783415,0.6104604030684591,0.9998021089697068,2.567133117857961,9.376830809134707e-05,0,0.38882130267421083
pairing,6,spin,5.18064071779842e-05,9.376830809134707e-05,0.6108575552299854,0.9998502493932973,2.5697530902623735,5.735080821195055e-05,0,0.3885516936245747
pairing,7,spin,3.205945544674637e-05,5.735080821195055e-05,0.6111103395535766,0.9998724502768288,2.5714234697113225,3.509213454872294e-05,0,0.38827584458703934
pairing,8,spin,1.9844312596798905e-05,3.509213454872294e-05,0.6116196944680966,0.9998714580091445,2.5747958528186885,2.1476213663502898e-05,0,0.38815699757632804
pairing,9,spin,1.2256862302227872e-05,2.1476213663502898e-05,0.611494576490668,0.9998442946038858,2.57396664110142,1.314868374463958e-05,0,0.3878999525503865
pairing,10,spin,7.547795057658924e-06,1.314868374463958e-05,0.6118166173197721,0.9998550765486337,2.5761020296527364,8.053018393268138e-06,0,0.387685336854053
pairing,11,spin,4.680249636578732e-06,8.053018393268138e-06,0.6125109040468972,0.9997182789454675,2.580717781336042,4.931857515903298e-06,0,0.38782799557801095
pairing,12,spin,2.8993295807871414e-06,4.931857515903298e-06,0.6114059092141203,0.9991787355791324,2.5733793274561467,3.021917561080292e-06,0,0.3875018449579691
pairing,13,spin,1.8026938400121043e-06,3.021917561080292e-06,0.6112492042164687,0.9986265607193894,2.5723420012156875,1.8536899006734894e-06,0,0.38709438975400795
pairing,14,spin,1.1964516278058657e-06,1.8536899006734894e-06,0.6145591219780308,0.9898982173853224,2.5944316158988263,1.1335228546330025e-06,0,0.39177392974247655
pairing,15,spin,7.197607276654763e-07,1.1335228546330025e-06,0.5927920590405336,0.9699203138229817,2.4557477873437152,6.936910464534343e-07,0,0.3915693207548618
pairing,16,spin,4.3019970574309334e-07,6.936910464534343e-07,0.5972638452480535,0.9763884573602826,2.4830152152987623,4.264230634378652e-07,0,0.39139605053995913
pairing,17,spin,3.5759518240779074e-07,4.264230634378652e-07,0.6209048326516605,0.9525807431554162,2.6378600576596885,2.6188815322807383e-07,0,0.4150162333897663
pairing,18,spin,2.922681356209555e-07,2.6188815322807383e-07,0.48692581655700234,0.7061469279498159,1.0,1.5770381202331823e-07,0,0.4659696646329694
pairing,19,spin,1.9341609090099514e-07,1.5770381202331823e-07,0.32293605502349704,0.5447022132471517,1.0,1.1034330053067981e-07,0,0.45876333580715273
pairing,20,spin,2.162979267162149e-07,1.1034330053067981e-07,0.3207596131414918,0.3131421431357901,1.0,8.732212998402117e-08,0,0.6716191711985028
pairing,21,spin,1.2717346383438188e-07,8.732212998402117e-08,0.03562617446049198,0.08066080638374536,1.0,8.698026621614979e-08,0,0.3748446916282858
pairing,22,spin,2.2622028241002339e-07,8.698026621614979e-08,-0.016921981514485582,-0.0094920305059967,1.0,6.168793935939153e-08,0,0.6708833968029472
pairing,23,spin,1.1604488891711097e-07,6.168793935939153e-08,0.16551728113714945,0.26266723081422383,1.0,6.254529139202101e-08,0,0.5879096713946483
pairing,24,spin,1.3117396676417398e-07,6.254529139202101e-08,-0.688290795509428,-0.695649163184634,1.0,6.600150222389269e-08,0,0.5512303219735434
pairing,25,spin,1.326266333429981e-07,6.600150222389269e-08,-0.42095235403783776,-0.3834476548125814,1.0,7.106926742385624e-08,0,0.5619943343316293
pairing,26,spin,2.078748440291489e-07,7.106926742385624e-08,-1.200476692399258,-0.8899744832049692,1.0,7.481742652549736e-08,0,0.7200906764353238
pairing,27,spin,9.554164000441859e-08,7.481742652549736e-08,0.2707892407493978,0.5515454604388089,1.0,7.568641224059053e-08,1,0.3494798373184041
pairing,28,spin,1.8488626086425423e-07,7.568641224059053e-08,-0.7290365452140165,-0.38735554037130165,1.0,5.607055806905167e-08,0,0.6577512044266665
pairing,29,spin,1.8622546176221694e-07,5.607055806905167e-08,0.0514452185523221,0.04693363908887225,1.0,6.341633785406836e-08,0,0.8604768667698043
pairing,30,spin,1.0082771235270759e-07,6.341633785406836e-08,-0.4888411373300329,-0.7264039371567249,1.0,4.79323621530251e-08,0,0.5790669194943807
pairing,31,spin,1.9107393864261496e-07,4.79323621530251e-08,0.6782909792079249,0.40205561441661647,1.0,5.908847886448146e-08,0,1.0484724294318202
pairing,32,spin,2.6439772652297674e-07,5.908847886448146e-08,-1.1987576226808312,-0.9079747160055468,1.0,5.574343900145672e-08,0,1.3842503483812938
pairing,33,spin,2.0448483355672495e-07,5.574343900145672e-08,-0.7534665285792761,-0.9720616882460691,1.0,4.598513483216843e-08,0,1.1373492112170724
pairing,34,spin,1.9693382893458573e-07,4.598513483216843e-08,-0.4198250068772786,-0.676266954801588,1.0,5.140040966342556e-08,0,0.7657220369176566
pairing,35,spin,1.451194258060562e-07,5.140040966342556e-08,0.025279904217855,0.028265721975912334,1.0,4.604986012780374e-08,0,0.6848358505498389
pairing,36,spin,1.0501306534223785e-07,4.604986012780374e-08,0.5489622031713846,0.49912144433000233,1.0,4.955331611073376e-08,0,0.7812977238243592
pairing,37,spin,2.589941750291355e-07,4.955331611073376e-08,-1.0456971397335835,-0.5832466331065367,1.0,4.109870069962843e-08,0,1.4007809881934754
pairing,38,spin,1.302509582672834e-07,4.109870069962843e-08,0.11834062627768045,0.23081059484535718,1.0,4.989756018290057e-08,0,0.7132499895062967
pairing,39,spin,1.2509341185303058e-07,4.989756018290057e-08,-0.5016291920728027,-0.5249755327546608,1.0,6.197220787513649e-08,0,0.5487415615324186
pairing,40,spin,2.1421612012690293e-07,6.197220787513649e-08,-0.6777081520999617,-0.5081631180699046,1.0,7.01768020673779e-08,0,0.6462652712609293
pairing,41,spin,3.2711737409118515e-07,7.01768020673779e-08,-1.130859662396509,-0.5494186663449874,1.0,4.433256094235189e-08,0,1.3301974818922906
pairing,42,spin,2.1910278210583028e-07,4.433256094235189e-08,-0.506017371910858,-0.7443045061828278,1.0,5.253048210784231e-08,0,1.2081283811161312
pairing,43,spin,1.2798511928881727e-07,5.253048210784231e-08,-0.37296881972509577,-0.6199138692980594,1.0,4.1735070487052996e-08,0,0.7268658416877988
pairing,44,spin,2.0820583819915542e-07,4.1735070487052996e-08,-0.175137944085658,-0.1345021049036544,1.0,3.7187928259934644e-08,0,1.191284968101247
pairing,45,spin,1.8449418687899698e-07,3.7187928259934644e-08,-0.1733542158014154,-0.14389129431572895,1.0,5.1729656007345314e-08,0,1.1579161499934225
pairing,46,spin,1.341907075156929e-07,5.1729656007345314e-08,-0.5427310276046562,-0.7078453128061047,1.0,3.181259945349767e-08,0,0.8878168868204412
pairing,47,spin,2.108417581903315e-07,3.181259945349767e-08,0.04456329212219515,0.03227156094699828,1.0,4.6782306773232376e-08,0,1.355622142332362
pairing,48,spin,1.664048455026195e-07,4.6782306773232376e-08,-0.14911122012606995,-0.23395058408214375,1.0,5.751282586224304e-08,0,0.7028162097550698
pairing,49,spin,3.60291144403755e-07,5.751282586224304e-08,-0.3769352291482984,-0.15615192672626277,1.0,6.312381790446365e-08,0,1.5457263138954362
pairing,50,spin,3.5178798328907614e-07,6.312381790446365e-08,-0.9210407729674369,-0.9427284785733466,1.0,5.067060143627002e-08,0,1.5101664915234592
pairing,51,spin,1.8574425142718273e-07,5.067060143627002e-08,0.1076996706183939,0.23522578383463863,1.0,6.175256529196914e-08,0,0.7067934809033447
pairing,52,spin,1.5479545402278562e-07,6.175256529196914e-08,-0.2795534713053561,-0.3195436436841877,1.0,4.078532483897874e-08,0,0.6183398574430895
pairing,53,spin,2.0239314049512978e-07,4.078532483897874e-08,-0.728239599371516,-0.5495388907770645,1.0,6.289734012155596e-08,0,0.8044995827262352
pairing,54,spin,1.8616848286232002e-07,6.289734012155596e-08,-0.04826491909074851,-0.061288597023427,1.0,7.942949880841594e-08,0,0.5016816122248844
pairing,55,spin,3.7307252366385046e-08,7.942949880841594e-08,0.07126220862505343,0.24227077438756808,1.0,8.131018197971482e-08,1,0.14415287996828458
pairing,56,spin,1.2183223413702714e-07,8.131018197971482e-08,0.32897907567009105,0.11350452050361323,1.0,7.85159709717421e-08,0,0.4178096255262203
pairing,57,spin,3.089952072907881e-07,7.85159709717421e-08,-0.1330853546504232,-0.05711607995673896,1.0,5.604605379239325e-08,0,1.0081780591422915
pairing,58,spin,9.484574665106008e-08,5.604605379239325e-08,0.042172585446324906,0.1253669303121817,1.0,5.3928393743227664e-08,1,0.4751135790425505
pairing,59,spin,2.3223736076122097e-07,5.3928393743227664e-08,-0.6940602030339984,-0.2608549904956304,1.0,6.584993012597171e-08,0,1.0759328242005404
pairing,60,spin,9.380797966153029e-08,6.584993012597171e-08,0.0049473904717035645,0.01170491243156805,1.0,6.12613282081396e-08,1,0.45477143325622954
pairing,61,spin,2.803621360380256e-07,6.12613282081396e-08,-0.5598527386660067,-0.23693454415124035,1.0,4.640479168009601e-08,0,1.1550678862092323
pairing,62,spin,9.279833438767711e-08,4.640479168009601e-08,-0.15244268973594585,-0.3997631800766204,1.0,3.6419636984171923e-08,1,0.581480161557251
pairing,63,spin,2.2446325929252955e-07,3.6419636984171923e-08,0.8904708610835994,0.36148899443160126,1.0,4.980522166037904e-08,0,1.3345888293135613
pairing,64,spin,2.2188892029664786e-07,4.980522166037904e-08,-0.3243312617243328,-0.4532203854500605,1.0,5.114854817741434e-08,0,0.9299689049902635
pairing,65,spin,9.243613712894665e-08,5.114854817741434e-08,-0.1810258369953988,-0.3333009182564219,1.0,6.347756927719827e-08,1,0.40699165487907524
pairing,66,spin,3.4009972136976596e-07,6.347756927719827e-08,-1.6496644799083404,-0.4687243831112926,1.0,4.5022649059557914e-08,0,1.432397589851239
pairing,67,spin,2.5352593044369875e-07,4.5022649059557914e-08,-0.7203990726288212,-0.879266283949962,1.0,4.74917912037788e-08,0,1.568621072269632
pairing,68,spin,2.5186295678713243e-07,4.74917912037788e-08,-0.7712594679231841,-0.8008546902447499,1.0,4.5807082579185116e-08,0,1.5106533910690323
pairing,69,spin,1.8772496132449593e-07,4.5807082579185116e-08,-0.5959268658056257,-0.731882335402607,1.0,5.02863193939651e-08,0,1.1616765694287967
pairing,70,spin,2.5861836307639746e-07,5.02863193939651e-08,-1.1803764535256536,-0.9074562507849268,1.0,4.4980018083907126e-08,0,1.511054299290069
pairing,71,spin,2.5001356117088265e-07,4.4980018083907126e-08,-0.6690365732573044,-0.76057658916317,1.0,3.969256068881767e-08,0,1.4859944947320936
pairing,72,spin,1.8611155549845548e-07,3.969256068881767e-08,-0.23183787276858045,-0.37848976368656495,1.0,3.56983051980009e-08,0,1.0314732119273589
pairing,73,spin,1.3254324265498003e-07,3.56983051980009e-08,-0.2823303871338916,-0.35651693472789114,1.0,5.363161957496731e-08,0,0.6045380192505245
pairing,74,spin,2.521758880925668e-07,5.363161957496731e-08,0.3054189236321785,0.20596663961155504,1.0,6.75546839400347e-08,0,0.7116855092135318
pairing,75,spin,2.48077993275685e-07,6.75546839400347e-08,-1.1130664474164118,-0.8296793082079299,1.0,4.54306951158472e-08,0,0.9547704198252951
pairing,76,spin,1.5811227828334447e-07,4.54306951158472e-08,-0.3685664329199643,-0.6329922438523262,1.0,6.435832405925306e-08,0,0.5835352374771814
pairing,77,spin,2.4000100883676996e-07,6.435832405925306e-08,-0.9090108280763413,-0.5606142365406769,1.0,4.498993405552946e-08,0,0.9461762025595112
pairing,78,spin,2.5965980795703524e-07,4.498993405552946e-08,0.09149992313930581,0.07335782603438214,1.0,6.39252281164109e-08,0,1.1881704229909518
pairing,79,spin,3.701066978274107e-07,6.39252281164109e-08,-1.0734873054945504,-0.8098045733772659,1.0,5.940133433531009e-08,0,1.575053917669915
pairing,80,spin,2.9392911178268734e-07,5.940133433531009e-08,-0.7531588347697972,-0.9228299844629864,1.0,5.345325376031365e-08,0,1.3833637426179517
