t0,V,family,job_id,iteration,energy_per_site,spin_rms,pair_rms,central_spin_rms,charge_std,density,global_relative_residual
1.0,-0.4,stripe,58383141,1,-1.0351282286675532,0.32163697625016285,0.00042164330247370133,0.3349951512317208,0.07419342959824747,0.9374978356294634,0.2010371522235623
1.0,-0.4,stripe,58383141,2,-1.0432486974268709,0.3374670125807995,7.299553403210341e-05,0.34967260153160296,0.080551780056305,0.9375000010548541,0.046417067011271816
1.0,-0.4,stripe,58383141,3,-1.0448598084847338,0.3406798237140858,1.4035835495713865e-05,0.3525164322909176,0.08215469241126677,0.9375000008656755,0.010561146554436303
1.0,-0.4,stripe,58383141,4,-1.0451722737081584,0.341349350249133,2.7551166155693484e-06,0.35309266056129457,0.08252771549802111,0.93750000004441,0.002400060740663608
1.0,-0.4,stripe,58383141,5,-1.045234442593346,0.34149422325978135,5.502389472467993e-07,0.35321535907848317,0.08261309950219281,0.9375000000049918,0.0005479305825084799
1.0,-0.4,stripe,58383141,6,-1.0452474923081796,0.341526428570832,1.1038417311156232e-07,0.3532423984470041,0.0826326611258214,0.9375000000021925,0.0001266249344186376
1.0,-0.4,stripe,58383141,7,-1.0452503434933555,0.34153371466216975,2.218925785547292e-08,0.35324845641292896,0.08263715106951229,0.9375000000022702,3.395796595546356e-05
1.0,-0.4,stripe,58383141,8,-1.045250978085164,0.3415354080470026,4.4621889825823006e-09,0.35324983027149615,0.08263820642708337,0.9375000000014122,1.9335089819600525e-05
1.0,-0.4,stripe,58383141,9,-1.0452511231344166,0.34153582394782284,8.974344965515973e-10,0.35325014113901715,0.08263846562753936,0.9375000000015803,1.82851141283469e-05
1.0,-0.4,stripe,58383141,10,-1.0452511536049838,0.34153596375114764,1.8063347675383088e-10,0.35325021909534826,0.08263856173122204,0.9375000000021094,1.820565719515681e-05
1.0,-0.4,stripe,58383141,11,-1.045251160580069,0.3415360344151353,3.627050728194551e-11,0.35325024483086614,0.08263860946227577,0.9375000000020406,1.8225389775856352e-05
1.0,-0.4,stripe,58383141,12,-1.0452511645080687,0.34153608262108187,7.478712768007505e-12,0.3532502470024992,0.0826386407909644,0.9375000000018596,1.821740108777962e-05
1.0,-0.4,stripe,58383141,13,-1.0452511622570928,0.34153613937603605,1.9623083408825154e-12,0.3532502616197213,0.08263868426569075,0.9375000000018132,1.8210609662342654e-05
1.0,-0.4,stripe,58383141,14,-1.0452511636423705,0.3415361919382017,1.203080930975517e-12,0.3532502693759917,0.08263872262259454,0.9375000000018768,1.8206127422994504e-05
1.0,-0.4,stripe,58383141,15,-1.04525116627001,0.34153622975558084,8.108019983662489e-13,0.35325025994054055,0.08263874586968561,0.9375000000017214,1.8210351926235224e-05
1.0,-0.4,stripe,58383141,16,-1.0452511633821517,0.3415362794700978,2.4869014151468562e-12,0.35325025903442386,0.08263877418851993,0.9375000000019913,1.829305579414779e-05
1.0,-0.4,stripe,58383141,17,-1.0452511640707527,0.34153633169504327,1.0602591724271875e-12,0.3532502711532704,0.08263881330248944,0.9375000000016854,1.8246614124835825e-05
1.0,-0.4,stripe,58383141,18,-1.045251163609589,0.3415363868158635,1.0299339210731324e-12,0.35325028147235327,0.08263885917345085,0.9375000000019732,1.8207487037239816e-05
1.0,-0.4,stripe,58383141,19,-1.0452511660546562,0.3415364094248133,1.2898381150220806e-12,0.35325026917467284,0.08263884713243104,0.9374999999887794,1.926175880481474e-05
1.0,-0.4,stripe,58383141,20,-1.0452511638595474,0.3415364597647799,3.9304288524491017e-13,0.3532502764469936,0.08263888784752092,0.9375000000012921,1.8880659546391835e-05
1.0,-0.4,stripe,58383141,21,-1.0452511633294566,0.34153650613164194,2.0701032610705515e-11,0.3532502745282164,0.08263891768777122,0.9375000000010675,1.8907186601275915e-05
1.0,-0.4,stripe,58383141,22,-1.0452511604779788,0.341536569003616,1.6610229589695518e-12,0.3532502954859211,0.08263896607800354,0.9375000000015021,1.8899698525709487e-05
1.0,-0.4,stripe,58383141,23,-1.0452511633705943,0.3415366181164663,2.13714265910194e-12,0.3532502975948336,0.08263899929051431,0.93750000000139,1.884445362329576e-05
1.0,-0.4,stripe,58383141,24,-1.0452511648920084,0.3415366589275239,3.733823404914464e-13,0.3532502873595826,0.08263902486505677,0.9375000000022532,1.8935489208329033e-05
1.0,-0.4,stripe,58383141,25,-1.045251162822649,0.3415367104046103,1.0927988323234511e-12,0.35325029228738747,0.0826390620509872,0.9375000000014159,1.8865104339301115e-05
1.0,-0.4,stripe,58383141,26,-1.0452511620181262,0.3415367691190844,2.5637699746637703e-13,0.3532503089655667,0.08263910774974102,0.9375000000016667,1.8858896147414686e-05
1.0,-0.4,stripe,58383141,27,-1.045251164638276,0.3415368118229966,9.833285229185859e-12,0.3532503036661411,0.08263912879736572,0.9375000000016412,1.8925693304656892e-05
1.0,-0.4,stripe,58383141,28,-1.0452511613554127,0.3415368692349459,1.9597725424496784e-11,0.353250310447054,0.08263917507793227,0.937500000001809,1.889309019543376e-05
1.0,-0.4,stripe,58383141,29,-1.0452511642279905,0.3415369146494791,2.4192974122980368e-12,0.3532503098701376,0.0826392073538548,0.9375000000023629,1.887237818891437e-05
1.0,-0.4,stripe,58383141,30,-1.0452511620300484,0.34153697235612707,4.67500072656764e-12,0.35325031787882505,0.0826392500317604,0.9375000000023073,1.886172484178967e-05
1.0,-0.4,stripe,58383141,31,-1.0452511618696827,0.34153702764688076,4.538581863050648e-13,0.3532503267648896,0.08263928791519255,0.9375000000017454,1.886936083891539e-05
1.0,-0.4,stripe,58383141,32,-1.0452511624652534,0.34153708568354085,2.1235073888234973e-12,0.3532503415650745,0.08263933233225172,0.9375000000020207,1.886235739350405e-05
1.0,-0.4,stripe,58383141,33,-1.0452511640131246,0.3415371301208463,1.933801242396429e-12,0.3532503353395622,0.08263936004440942,0.9375000000022381,1.8883313232690327e-05
1.0,-0.4,stripe,58383141,34,-1.0452511649196463,0.3415371727715592,1.9050416618462265e-13,0.3532503320535117,0.08263939058999589,0.9375000000015163,1.886593793510387e-05
1.0,-0.4,stripe,58383141,35,-1.0452511607685446,0.34153723502363126,8.456335095061054e-13,0.3532503498205922,0.08263943628185005,0.9375000000014336,1.8872599045428623e-05
1.0,-0.4,stripe,58383141,36,-1.0452511632232977,0.34153728550051693,5.5776849560370676e-12,0.3532503512246542,0.08263946999616865,0.9375000000022967,1.8847469789918394e-05
1.0,-0.4,stripe,58383141,37,-1.045251164423794,0.34153733242475515,3.180397618403443e-12,0.3532503496655046,0.08263950476213874,0.937500000001817,1.8858148082893246e-05
1.0,-0.4,stripe,58383141,38,-1.0452511632408124,0.34153738283454094,7.786798576739214e-13,0.3532503523447452,0.08263954048430522,0.9375000000017517,1.8850691384944563e-05
1.0,-0.4,stripe,58383141,39,-1.045251163501573,0.341537432465808,2.061568881206752e-12,0.35325035160738316,0.08263957686696807,0.9375000000015732,1.8851973248667733e-05
1.0,-0.4,stripe,58383141,40,-1.0452511624370766,0.3415374920338489,7.187495006612598e-13,0.35325036997618686,0.0826396206192607,0.9375000000025397,1.8883458866913496e-05
1.0,-0.4,stripe,58383141,41,-1.0452511620661624,0.34153754772488276,3.978734237207777e-12,0.3532503764167023,0.08263965733480544,0.9375000000020293,1.8887140677953987e-05
1.0,-0.4,stripe,58383141,42,-1.0452511658917165,0.3415375852604881,1.1467835810920864e-12,0.35325036489853706,0.08263968362768445,0.93750000000197,1.8852459808116517e-05
1.0,-0.4,stripe,58383141,43,-1.045251160244225,0.3415376559940468,2.3817192429564578e-12,0.3532503936204761,0.0826397395305577,0.9375000000018966,1.8891216121826194e-05
1.0,-0.4,stripe,58383141,44,-1.0452511649332554,0.3415376977538477,8.232841183231424e-13,0.3532503867752285,0.08263976295168206,0.9375000000022127,1.8878127525473347e-05
1.0,-0.4,stripe,58383141,45,-1.0452511627361893,0.3415377529080884,5.003797745697441e-12,0.35325039448594514,0.08263980396495846,0.9375000000013477,1.8853813919156926e-05
1.0,-0.4,stripe,58383141,46,-1.0452511632537744,0.3415378079006533,4.195778143812441e-12,0.3532504050290441,0.08263984474478911,0.9375000000020414,1.8858391849507884e-05
1.0,-0.4,stripe,58383141,47,-1.0452511660275075,0.34153784525069925,6.392664216549708e-12,0.3532503896689496,0.08263986764458044,0.9375000000020193,1.889350558896904e-05
1.0,-0.4,stripe,58383141,48,-1.045251162607497,0.34153790352715374,1.5074334297586943e-12,0.353250404233965,0.08263991330386587,0.9375000000021779,1.8862442462475963e-05
1.0,-0.4,stripe,58383141,49,-1.045251163792989,0.3415379538332686,6.339095237061862e-13,0.35325040276663117,0.0826399463049507,0.9375000000023774,1.887369557646163e-05
1.0,-0.4,stripe,58383141,50,-1.0452511635707566,0.3415380066318673,3.403418553650622e-13,0.3532504083730854,0.08263998514061081,0.9375000000022173,1.884522752093429e-05
1.0,-0.4,stripe,58383141,51,-1.0452511631602541,0.34153806247793744,1.3461151336601098e-12,0.3532504192993375,0.08264002677428611,0.9375000000025479,1.8854493060458245e-05
1.0,-0.4,stripe,58383141,52,-1.0452511635114408,0.34153811045077215,1.6914609831048438e-12,0.3532504186253718,0.08264005679139738,0.9375000000018987,1.886800562224672e-05
1.0,-0.4,stripe,58383141,53,-1.0452511643944742,0.3415381631410508,1.992106426226186e-12,0.35325042915200705,0.08264009774908535,0.9375000000021587,1.8860571209907867e-05
1.0,-0.4,stripe,58383141,54,-1.0452511644551026,0.34153820829760173,7.270980534816902e-13,0.3532504240415433,0.08264012529989885,0.9375000000020811,1.8874012335297442e-05
1.0,-0.4,stripe,58383141,55,-1.0452511619247116,0.34153826831854855,2.0064800570693018e-12,0.3532504396980019,0.08264017009471082,0.9375000000020712,1.8871208093104125e-05
1.0,-0.4,stripe,58383141,56,-1.0452511638320297,0.34153832000994866,2.255839194656157e-12,0.3532504408979617,0.08264020621752605,0.9375000000019023,1.8865203737302267e-05
1.0,-0.4,stripe,58383141,57,-1.045251165089998,0.3415383679881982,1.924253947246949e-12,0.3532504398642796,0.08264024049403118,0.937500000002484,1.886250013617502e-05
1.0,-0.4,stripe,58383141,58,-1.0452511589387625,0.34153843382938603,6.20390554920744e-12,0.3532504434230567,0.08264028720850264,0.9375000000023462,1.90086602930199e-05
1.0,-0.4,stripe,58383141,59,-1.045251164495452,0.34153848566455014,2.5911481079241633e-12,0.35325045390746396,0.08264032690523446,0.9375000000020399,1.8962630915230534e-05
1.0,-0.4,stripe,58383141,60,-1.0452511661583181,0.34153852489945297,8.379691680400884e-12,0.3532504504858851,0.08264035260007409,0.9375000000022087,1.8857767334714038e-05
1.0,-0.4,pairing,58383142,1,-1.0202943443409047,0.07998963901039283,0.021930746755293475,0.08572047452534627,0.006540369604221152,0.9374951091415328,0.4923740357104214
1.0,-0.4,pairing,58383142,2,-1.0215641617594995,0.24503438554612683,0.010624145816612215,0.25989047352236655,0.05025588874182562,0.9374904506335631,0.5244122407283103
1.0,-0.4,pairing,58383142,3,-1.0352741939504801,0.31989841783930817,0.002504361976462992,0.333609924828625,0.07332360296915595,0.9374949651732346,0.21261752134654407
1.0,-0.4,pairing,58383142,4,-1.0429919010501885,0.33712564763156017,0.0005600492228516595,0.3493675499470603,0.08037182978529839,0.9375040235211913,0.05246460287193602
1.0,-0.4,pairing,58383142,5,-1.0448131362452082,0.34066222593464834,0.000126556620438734,0.35245315472220806,0.08215257882578886,0.937500239057588,0.011897514839092307
1.0,-0.4,pairing,58383142,6,-1.0451625038154198,0.3414050794508283,2.9178367053778574e-05,0.3530836878947818,0.08256910519598366,0.9375000146191219,0.0027091676950387476
1.0,-0.4,pairing,58383142,7,-1.0452324359702085,0.34156625986942735,6.716760071463377e-06,0.35321838721117504,0.08266442424785055,0.9375000007899605,0.0006181865413673678
1.0,-0.4,pairing,58383142,8,-1.0452471004192048,0.34160212983065397,1.5503097245310352e-06,0.3532480687661607,0.08268625711969832,0.9375000000455905,0.0001432251776275057
1.0,-0.4,pairing,58383142,9,-1.0452502913264483,0.34161027717424325,3.5751909058914304e-07,0.3532547452262642,0.08269128704955753,0.9375000000044506,3.998416729302181e-05
1.0,-0.4,pairing,58383142,10,-1.045251003289506,0.3416121924437608,8.248150425025943e-08,0.3532562644822183,0.08269248540196603,0.9375000000012312,2.4569861896487362e-05
1.0,-0.4,pairing,58383142,11,-1.0452511626098175,0.34161270009490013,1.902499814431976e-08,0.35325662383965245,0.08269281066869427,0.9375000000019841,2.3494974655260585e-05
1.0,-0.4,pairing,58383142,12,-1.0452512012909878,0.34161287490110004,4.388214414478484e-09,0.35325670455741975,0.08269292295545151,0.9375000000019541,2.3432763964036216e-05
1.0,-0.4,pairing,58383142,13,-1.045251209071962,0.34161297890304115,1.0119507076366898e-09,0.3532567289847969,0.08269299520176969,0.937500000001787,2.3431694690495805e-05
1.0,-0.4,pairing,58383142,14,-1.0452512126674691,0.34161305943283704,2.333508123010494e-10,0.35325673237691674,0.08269305147171196,0.9375000000018686,2.343419192746854e-05
1.0,-0.4,pairing,58383142,15,-1.045251210269082,0.3416131472135962,5.389604731533931e-11,0.35325674241652305,0.08269311388825755,0.9375000000022302,2.3440015742063126e-05
1.0,-0.4,pairing,58383142,16,-1.0452512119755974,0.3416132295477191,1.2285049017590326e-11,0.35325674760899484,0.08269317060837593,0.9375000000021155,2.3427125437942844e-05
1.0,-0.4,pairing,58383142,17,-1.0452512123275461,0.341613308609226,3.4097971062819474e-12,0.35325675098542847,0.08269322549045253,0.9375000000019812,2.3437955386521976e-05
1.0,-0.4,pairing,58383142,18,-1.0452512120182749,0.34161338944279884,8.283605257250202e-13,0.35325675411016516,0.08269328170937564,0.937500000002269,2.3428357999906124e-05
1.0,-0.4,pairing,58383142,19,-1.0452512122889046,0.3416134687900298,2.1140932173172412e-13,0.3532567602690539,0.08269333719764675,0.9375000000021205,2.343801024856673e-05
1.0,-0.4,pairing,58383142,20,-1.0452512121395232,0.34161355107318525,1.1328896117660917e-12,0.35325676581519155,0.08269339450210128,0.9375000000017886,2.3447608500838985e-05
1.0,-0.4,pairing,58383142,21,-1.0452512124472066,0.34161363028892033,4.3982328021360203e-13,0.35325676602407274,0.08269344844978378,0.937500000002187,2.3450931966353866e-05
1.0,-0.4,pairing,58383142,22,-1.045251213355643,0.3416137076771853,2.1298589594644864e-12,0.3532567639819412,0.0826935050016559,0.9375000000020974,2.3449526493346772e-05
1.0,-0.4,pairing,58383142,23,-1.0452512108247984,0.34161379504796563,1.0642428766495463e-12,0.3532567793205208,0.08269356555265889,0.9375000000018339,2.34481626066814e-05
1.0,-0.4,pairing,58383142,24,-1.0452512143393873,0.34161386626703283,1.506625772354153e-12,0.3532567724046018,0.08269361450781697,0.9375000000019023,2.3461397062030636e-05
1.0,-0.4,pairing,58383142,25,-1.045251211235551,0.3416139503538454,6.301161330937412e-12,0.3532567793132419,0.0826936722489721,0.9375000000023412,2.346078910701421e-05
1.0,-0.4,pairing,58383142,26,-1.0452512121731505,0.3416140354136053,2.788546003576379e-12,0.3532567878428252,0.08269373216200956,0.9375000000026086,2.344494870956394e-05
1.0,-0.4,pairing,58383142,27,-1.0452512137477974,0.3416141112610588,5.458024446635515e-13,0.35325678423392065,0.08269378647489106,0.9375000000017578,2.3454797105668867e-05
1.0,-0.4,pairing,58383142,28,-1.0452512109951664,0.341614200018943,2.0830084562726232e-12,0.3532567995449846,0.08269384875253073,0.9375000000020317,2.3465604559884118e-05
1.0,-0.4,pairing,58383142,29,-1.0452512128830462,0.34161428041369296,7.588850581818638e-12,0.3532568039755097,0.08269390368171498,0.9375000000023717,2.3462913129003647e-05
1.0,-0.4,pairing,58383142,30,-1.045251214501229,0.3416143520928285,1.3060459700013158e-12,0.35325679792072756,0.08269395444283016,0.9375000000019681,2.346728978005409e-05
1.0,-0.4,pairing,58383142,31,-1.0452512152214377,0.34161442814981463,2.1788841612525394e-12,0.35325679524989345,0.08269400438806292,0.9374999999977041,2.3571866131402665e-05
1.0,-0.4,pairing,58383142,32,-1.0452512178082694,0.3416144886774932,1.9331074658537426e-12,0.353256760938343,0.0826940383008893,0.9375000000016234,2.363041819640388e-05
1.0,-0.4,pairing,58383142,33,-1.0452512134382552,0.3416145710604739,1.095162651230422e-12,0.35325676599377576,0.0826940995894099,0.9375000000025985,2.3499692268107103e-05
1.0,-0.4,pairing,58383142,34,-1.0452512057433574,0.34161468121237115,7.719488698540496e-13,0.3532568168798099,0.08269418896727176,0.9375000000022218,2.368756826606365e-05
1.0,-0.4,pairing,58383142,35,-1.0452512225820556,0.3416147269040359,1.8585367334193942e-11,0.3532567706580527,0.08269420213763913,0.9375000000020963,2.3799891378207317e-05
1.0,-0.4,pairing,58383142,36,-1.045251204531179,0.34161484330417025,1.2429482895473099e-11,0.3532568294703531,0.08269430309891487,0.9375000000002466,2.368745669451197e-05
1.0,-0.4,pairing,58383142,37,-1.045251213448142,0.34161492514706654,7.65083235923402e-12,0.3532568344637783,0.08269435324842535,0.937500000002076,2.348869367969519e-05
1.0,-0.4,pairing,58383142,38,-1.0452512129430922,0.34161500802181155,1.2198257175929201e-12,0.3532568377449589,0.0826944130386354,0.9375000000021783,2.3476405628534478e-05
1.0,-0.4,pairing,58383142,39,-1.0452512151028395,0.3416150791472363,1.7671983077499146e-11,0.35325683184776263,0.08269446082277261,0.937499999998083,2.347485517555009e-05
1.0,-0.4,pairing,58383142,40,-1.045251211078783,0.34161517223666193,1.9869008969764166e-12,0.3532568486461518,0.08269452919786571,0.9375000000018128,2.3489723659442965e-05
1.0,-0.4,pairing,58383142,41,-1.0452512136789038,0.34161525173975654,3.2007240767989797e-12,0.35325684978215144,0.08269458214419761,0.9375000000022309,2.3477734016568673e-05
1.0,-0.4,pairing,58383142,42,-1.0452512135146521,0.3416153330633628,1.106755660885271e-11,0.35325685526287115,0.08269463930903688,0.9375000000019488,2.3489923099568882e-05
1.0,-0.4,pairing,58383142,43,-1.0452512137425707,0.3416154110737562,9.45473676084338e-13,0.35325685743935986,0.08269469331896784,0.9375000000017033,2.347939279318467e-05
1.0,-0.4,pairing,58383142,44,-1.045251215071198,0.3416155057478337,3.638340883131884e-13,0.3532568639714278,0.08269476574536479,0.9374999995287284,2.404979881891392e-05
1.0,-0.4,pairing,58383142,45,-1.0452512132336829,0.3416156045304484,9.791135436075364e-13,0.3532568676470747,0.08269484493404249,0.9375000000002656,2.420785393534387e-05
1.0,-0.4,pairing,58383142,46,-1.0452512129426437,0.3416156908161906,6.203692470132554e-12,0.3532568744032286,0.08269489717717873,0.9375000000016527,2.419664607785633e-05
1.0,-0.4,pairing,58383142,47,-1.0452512230547633,0.3416157384643378,1.0414643825515977e-11,0.35325682161785005,0.08269491523133297,0.9374999999874042,2.4508570171468338e-05
1.0,-0.4,pairing,58383142,48,-1.0452512056565955,0.34161585712040343,6.997057728167662e-12,0.3532568803292757,0.08269501679694409,0.9375000000010444,2.4414129195456407e-05
1.0,-0.4,pairing,58383142,49,-1.0452512146323203,0.34161594013614066,1.4969744499927702e-12,0.35325688518368,0.08269506748403269,0.9374999999914919,2.4199211268770497e-05
1.0,-0.4,pairing,58383142,50,-1.0452512138900314,0.3416160260627331,6.769434926382669e-13,0.353256890025502,0.08269512913846556,0.9375000000022301,2.42231365723225e-05
1.0,-0.4,pairing,58383142,51,-1.0452512139048955,0.34161611105774325,5.868224125182353e-13,0.3532568948447397,0.08269518968164034,0.9375000000025228,2.4207136363640063e-05
1.0,-0.4,pairing,58383142,52,-1.045251223544413,0.3416161597824712,1.642965839230014e-11,0.3532568451652263,0.08269520877261473,0.9374999999805004,2.4517977988999388e-05
1.0,-0.4,pairing,58383142,53,-1.0452512156835254,0.34161624023889453,1.5355312034824456e-11,0.3532568477251427,0.08269527217065953,0.9375000000014881,2.438551636251454e-05
1.0,-0.4,pairing,58383142,54,-1.0452512063350614,0.3416163588841545,2.5512521761663312e-12,0.3532569076778297,0.08269536998728146,0.9375000000018758,2.4536298765900793e-05
1.0,-0.4,pairing,58383142,55,-1.045251215763267,0.3416164394066718,1.7405517854576558e-12,0.3532569101193913,0.08269542092141342,0.9375000000022314,2.4335058648749868e-05
1.0,-0.4,pairing,58383142,56,-1.04525121318504,0.3416165267456277,2.0112626741832213e-12,0.35325691628185246,0.08269548138847507,0.9375000000019325,2.4329810383122752e-05
1.0,-0.4,pairing,58383142,57,-1.0452512229920432,0.34161657899054404,5.075711805127581e-12,0.35325687043147047,0.08269550445154882,0.9375000000018635,2.4637158376650253e-05
1.0,-0.4,pairing,58383142,58,-1.0452512060135175,0.34161669647705534,1.6706084904409084e-12,0.3532569243281473,0.082695605201529,0.937500000002396,2.4532533450938592e-05
1.0,-0.4,pairing,58383142,59,-1.0452512152078655,0.3416167806642089,7.399288232726924e-12,0.3532569272728371,0.08269565709283472,0.9375000000021998,2.4331872762557762e-05
1.0,-0.4,pairing,58383142,60,-1.0452512145672135,0.3416168653827049,2.7890890742982116e-12,0.3532569333981253,0.08269571656925526,0.9375000000015952,2.432539863611418e-05
1.0,-0.2,stripe,58383146,1,-0.7821294534840473,0.32779662253849773,0.00040604892465057843,0.34113205643955335,0.07496645168117413,0.9374984613263578,0.21401383560187806
1.0,-0.2,stripe,58383146,2,-0.792444418698548,0.3445473531909911,6.742114790334451e-05,0.35659443399873547,0.08203424802713875,0.9375000125657968,0.04933434885356616
1.0,-0.2,stripe,58383146,3,-0.7944969578457896,0.34781611203139345,1.274298515535269e-05,0.3594703387706762,0.08375554745798795,0.9375000011924222,0.010927781240436077
1.0,-0.2,stripe,58383146,4,-0.7948743623431569,0.348479868544354,2.4665640219081486e-06,0.36003798899857864,0.08414936043412836,0.9375000000649177,0.0024505199202163163
1.0,-0.2,stripe,58383146,5,-0.794947505258514,0.3486206216362828,4.900554875751778e-07,0.360156561356905,0.08423765050462208,0.9375000000060592,0.0005509737537589432
1.0,-0.2,stripe,58383146,6,-0.7949625322865764,0.3486513897162786,9.792913282420142e-08,0.36018228589004925,0.08425753859146529,0.9375000000026693,0.0001246407003092943
1.0,-0.2,stripe,58383146,7,-0.7949657686525351,0.34865822061766455,1.9647636644055955e-08,0.3601879739219679,0.08426200986937764,0.937500000001828,2.8445218617669604e-05
1.0,-0.2,stripe,58383146,8,-0.7949664786948574,0.3486597622753175,3.9445196314924706e-09,0.36018925225836657,0.0842630320611137,0.937500000002004,7.594021430066785e-06
1.0,-0.2,stripe,58383146,9,-0.7949666391327654,0.3486601076216534,7.923674124577912e-10,0.36018953416290134,0.08426325705937343,0.9375000000021718,4.3711786650855975e-06
1.0,-0.2,stripe,58383146,10,-0.7949666763904312,0.3486601783465387,1.5899217314095775e-10,0.3601895986849997,0.08426329479459174,0.937500000001474,4.1158168421758774e-06
1.0,-0.2,stripe,58383146,11,-0.7949666824885967,0.3486602024002579,3.210870944846198e-11,0.36018961918380993,0.08426331526799931,0.937500000001866,4.057365801099858e-06
1.0,-0.2,stripe,58383146,12,-0.7949666848841943,0.34866021048812984,6.354015271573834e-12,0.36018962476029054,0.08426332092098712,0.9375000000018644,4.001801222477934e-06
1.0,-0.2,stripe,58383146,13,-0.7949666842136058,0.34866022374220856,1.3142074497168195e-12,0.3601896258845592,0.08426334188483335,0.9375000000025768,4.131953025847519e-06
1.0,-0.2,stripe,58383146,14,-0.7949666836734602,0.3486602312826954,5.734577423978551e-12,0.36018962572216684,0.08426334418757718,0.9375000000011219,4.089241014613392e-06
1.0,-0.2,stripe,58383146,15,-0.7949666868114788,0.3486602246708246,5.292884547295001e-12,0.36018962679783806,0.08426333123440387,0.9375000000020934,4.0448172156360964e-06
1.0,-0.2,stripe,58383146,16,-0.7949666840966738,0.34866023759931525,3.7526402852195634e-12,0.3601896285780043,0.0842633514612718,0.9375000000024137,4.12874364358878e-06
1.0,-0.2,stripe,58383146,17,-0.7949666859465115,0.3486602356890176,7.212890384924904e-12,0.3601896303949778,0.08426334035569237,0.9375000000017006,4.086145501208784e-06
1.0,-0.2,stripe,58383146,18,-0.7949666857752566,0.3486602357652245,7.253598454334115e-12,0.36018962919766395,0.0842633397991553,0.9375000000024917,4.035280100393606e-06
1.0,-0.2,stripe,58383146,19,-0.7949666832704865,0.3486602505021811,6.5618328530051845e-12,0.3601896297691581,0.08426335868698791,0.9375000000027591,4.0846710897030345e-06
1.0,-0.2,stripe,58383146,20,-0.7949666847910236,0.3486602531082094,2.179084953136922e-12,0.36018962432246787,0.08426335750714842,0.937500000001735,4.111504763919764e-06
1.0,-0.2,stripe,58383146,21,-0.7949666842179972,0.34866025987372856,5.5276708008688705e-12,0.36018962849574077,0.0842633653356877,0.937500000002008,4.082020018694653e-06
1.0,-0.2,stripe,58383146,22,-0.7949666845698212,0.3486602651378033,3.886902214258343e-12,0.36018963094820744,0.08426336975311514,0.9375000000020232,4.049918921033936e-06
1.0,-0.2,stripe,58383146,23,-0.7949666870541039,0.34866025566004133,7.166411147820654e-12,0.360189627118209,0.08426335133009727,0.9375000000020147,4.160738452105454e-06
1.0,-0.2,stripe,58383146,24,-0.7949666842306738,0.34866026458425,7.234203332288883e-12,0.36018963673775173,0.08426335907219124,0.9375000000024482,4.081113480879578e-06
1.0,-0.2,stripe,58383146,25,-0.794966685750945,0.3486602655197407,1.2840013464085433e-12,0.3601896333592404,0.08426336242549588,0.9375000000026883,4.041397692504433e-06
1.0,-0.2,stripe,58383146,26,-0.7949666839937355,0.3486602753209896,4.952071285216507e-12,0.3601896294215657,0.08426337424490075,0.9375000000028657,4.166287419050219e-06
1.0,-0.2,stripe,58383146,27,-0.7949666835667065,0.3486602854633928,2.276232767195101e-12,0.3601896346825452,0.08426338562198528,0.9375000000021233,4.079497201644529e-06
1.0,-0.2,stripe,58383146,28,-0.794966685242028,0.34866028553744216,1.8797217522843793e-11,0.3601896282395828,0.08426338287871245,0.9375000000036356,4.097561421818928e-06
1.0,-0.2,stripe,58383146,29,-0.7949666848654218,0.34866028732294524,3.6161486200608837e-12,0.3601896299688744,0.08426338356674294,0.9375000000028723,4.078663411121143e-06
1.0,-0.2,stripe,58383146,30,-0.7949666858094192,0.348660285937143,3.3342275044428127e-12,0.3601896354586449,0.08426337767007717,0.937500000003496,4.068788181364762e-06
1.0,-0.2,stripe,58383146,31,-0.7949666831444858,0.3486602999956065,4.739996514147616e-12,0.3601896354754265,0.08426339660670291,0.9375000000024354,4.1079425790726674e-06
1.0,-0.2,stripe,58383146,32,-0.7949666845132437,0.34866030475599197,5.644056125386362e-12,0.36018963583007857,0.08426339916894436,0.93750000000246,4.031706511399354e-06
1.0,-0.2,stripe,58383146,33,-0.7949666849269604,0.3486603073911628,6.5694333736323665e-12,0.3601896312080575,0.08426339925135264,0.9375000000016679,4.1097774406496145e-06
1.0,-0.2,stripe,58383146,34,-0.7949666852208034,0.34866030914613294,8.980633421992918e-12,0.360189644757255,0.08426339636847756,0.9375000000013515,4.1029411174795935e-06
1.0,-0.2,stripe,58383146,35,-0.7949666831981101,0.3486603183852451,2.3555853152356747e-12,0.36018965732387764,0.08426340397901569,0.9375000000022237,4.001612222738632e-06
1.0,-0.2,stripe,58383146,36,-0.7949666820982813,0.34866033054341905,3.001147051532462e-12,0.3601896554276065,0.08426341798291581,0.9375000000022311,4.161709338734177e-06
1.0,-0.2,stripe,58383146,37,-0.7949666850547655,0.34866033195558316,4.3237196395790085e-12,0.36018964820126104,0.0842634204845987,0.9375000000019892,4.047350754862889e-06
1.0,-0.2,stripe,58383146,38,-0.7949666855168949,0.3486603296670715,3.527372772425061e-12,0.36018963754839795,0.08426341515518843,0.9375000000018844,4.091790502689889e-06
1.0,-0.2,stripe,58383146,39,-0.7949666840634627,0.3486603370803951,3.812549620044399e-12,0.3601896424089636,0.08426342433824147,0.9375000000024112,4.0975848581609255e-06
1.0,-0.2,stripe,58383146,40,-0.7949666847545783,0.34866034127749373,2.1011195686498362e-12,0.3601896441676662,0.08426342714550544,0.9375000000016327,4.023489781384462e-06
1.0,-0.2,stripe,58383146,41,-0.794966684519871,0.348660344578343,2.7210347912399284e-12,0.36018964254149577,0.08426342831800489,0.9375000000018011,4.1204951915881515e-06
1.0,-0.2,stripe,58383146,42,-0.7949666807357829,0.3486603635696055,6.19066154176403e-12,0.3601896614399652,0.08426344735579283,0.9374999999995575,4.227894390117501e-06
1.0,-0.2,stripe,58383146,43,-0.7949666891658782,0.3486603415230312,1.2244136982219237e-11,0.3601896430167911,0.08426341611491513,0.9375000000017547,4.143937551261404e-06
1.0,-0.2,stripe,58383146,44,-0.7949666835354029,0.3486603532959055,2.070096555245632e-12,0.3601896418079162,0.08426343445880036,0.9375000000020894,4.147294355511396e-06
1.0,-0.2,stripe,58383146,45,-0.7949666846428317,0.34866035551685753,7.980542089071503e-13,0.360189638910538,0.08426343543368656,0.9375000000015505,4.112947217781975e-06
1.0,-0.2,stripe,58383146,46,-0.7949666859798364,0.3486603541279008,3.4208237226565893e-12,0.36018964318985663,0.08426342920852556,0.9375000000017389,4.067665805358298e-06
1.0,-0.2,stripe,58383146,47,-0.794966685361714,0.3486603589277934,2.4597671050867056e-12,0.3601896459233129,0.08426343318344552,0.937500000001,3.984077633358812e-06
1.0,-0.2,stripe,58383146,48,-0.7949666827221897,0.3486603736216901,4.279616893702929e-12,0.3601896516610185,0.08426344995695804,0.9375000000026199,4.193329472466164e-06
1.0,-0.2,stripe,58383146,49,-0.7949666841202647,0.34866037936690314,7.045419949000838e-12,0.360189651997606,0.0842634546944286,0.9375000000014061,4.103413565747112e-06
1.0,-0.2,stripe,58383146,50,-0.7949666860991155,0.34866037434164937,2.665405825051392e-12,0.3601896500842078,0.08426344110122438,0.9375000000013805,4.122834468747377e-06
1.0,-0.2,stripe,58383146,51,-0.7949666831504592,0.34866038871026156,1.1508071240174593e-11,0.3601896534448712,0.08426346204918353,0.937500000002296,4.154467909040126e-06
1.0,-0.2,stripe,58383146,52,-0.7949666851956004,0.3486603880823036,7.116689883975123e-12,0.3601896454416712,0.08426345994334519,0.9375000000023993,4.064665821805672e-06
1.0,-0.2,stripe,58383146,53,-0.7949666845311234,0.3486603930756637,9.210884372551418e-12,0.3601896480248443,0.08426346330120117,0.9375000000011039,4.039821108072882e-06
1.0,-0.2,stripe,58383146,54,-0.7949666868690566,0.3486603845105128,2.590999871902914e-12,0.3601896456177385,0.08426344864825024,0.9375000000024736,4.07693812668759e-06
1.0,-0.2,stripe,58383146,55,-0.7949666829858506,0.34866039943106925,1.2734542539556314e-12,0.3601896455364028,0.08426346940044221,0.9375000000020888,4.105607423612412e-06
1.0,-0.2,stripe,58383146,56,-0.7949666866155419,0.3486603946537294,2.91137129606738e-12,0.36018964717059376,0.08426345716312313,0.9375000000016274,4.1337940770106325e-06
1.0,-0.2,stripe,58383146,57,-0.7949666836157808,0.34866040677530447,6.335058571794698e-12,0.36018964745888676,0.08426347368936309,0.9375000000019251,4.136403176600453e-06
1.0,-0.2,stripe,58383146,58,-0.794966684340511,0.3486604126215048,6.636974316283474e-12,0.36018964884592714,0.0842634787571804,0.9375000000012688,4.079925292255053e-06
1.0,-0.2,stripe,58383146,59,-0.7949666836253592,0.3486604219725362,8.785721578127225e-12,0.3601896542338908,0.08426348826551036,0.9375000000015061,4.103509699237847e-06
1.0,-0.2,stripe,58383146,60,-0.7949666857672084,0.34866042270545267,8.580853237389163e-13,0.3601896604383158,0.08426348514192035,0.9375000000016884,4.080164124115192e-06
1.0,-0.2,pairing,58383148,1,-0.7640129046574254,0.09473931398474213,0.020045683095492775,0.1003466261388136,0.00974597968363953,0.9374973717431991,0.5279782370281119
1.0,-0.2,pairing,58383148,2,-0.7668914074926244,0.2656317021324531,0.0078011678861507365,0.27980038078726266,0.05525149394147887,0.9374901730620532,0.51626840369898
1.0,-0.2,pairing,58383148,3,-0.784790075327966,0.3312001201373116,0.0016316712262214237,0.34426552978361263,0.07611532322016791,0.9374960464626079,0.17991013134496056
1.0,-0.2,pairing,58383148,4,-0.7928551872928613,0.345185654069744,0.0003260243719195829,0.35713362473592436,0.08233280544853544,0.9375010336847293,0.04272169071444263
1.0,-0.2,pairing,58383148,5,-0.7945725502751603,0.34794646640266597,6.54220650745956e-05,0.35956961955176303,0.08382998801747234,0.9375000475504879,0.009488936009044975
1.0,-0.2,pairing,58383148,6,-0.7948879260639563,0.3485143746001532,1.3479713384480882e-05,0.36005882648250975,0.08417171462205805,0.9375000025243636,0.0021338612899303704
1.0,-0.2,pairing,58383148,7,-0.7949501820766358,0.3486357146702595,2.7725318973908715e-06,0.3601620250538281,0.08424838678670535,0.937500000110461,0.0004801100637950713
1.0,-0.2,pairing,58383148,8,-0.7949630978134696,0.34866233777133804,5.737251965383864e-07,0.3601845210591685,0.08426564676968694,0.9374999999466821,0.00010860108029970391
1.0,-0.2,pairing,58383148,9,-0.7949658890876241,0.34866827508523207,1.1859109929337658e-07,0.36018951704104063,0.08426954654355691,0.9374999999807109,2.5093140930078478e-05
1.0,-0.2,pairing,58383148,10,-0.7949665110365892,0.34866960484351606,2.4526698426870927e-08,0.3601906361729504,0.08427041728077525,0.9375000000000097,7.540609382778497e-06
1.0,-0.2,pairing,58383148,11,-0.79496664733344,0.34866990948964716,5.072575623517403e-09,0.3601908886364809,0.08427062652045487,0.937499999961319,4.352096024936905e-06
1.0,-0.2,pairing,58383148,12,-0.7949666769021337,0.3486699892809194,1.0511558268556668e-09,0.36019095080400926,0.08427068204918572,0.9375000000010434,4.172428024455218e-06
1.0,-0.2,pairing,58383148,13,-0.7949666836307202,0.3486700057774838,2.1746938603774267e-10,0.3601909569596103,0.0842706911359422,0.9375000000016263,5.100737749132474e-06
1.0,-0.2,pairing,58383148,14,-0.7949666890356023,0.34867001062424596,4.5084244345987396e-11,0.3601909661663661,0.0842706941104375,0.9374999999870447,5.156770750380987e-06
1.0,-0.2,pairing,58383148,15,-0.7949666847166019,0.3486700214250471,1.1219497036218198e-11,0.3601909679021489,0.08427070289741137,0.9375000000013665,5.064148106493174e-06
1.0,-0.2,pairing,58383148,16,-0.7949666865544743,0.34867002614663234,2.0637980933656414e-12,0.3601909812412283,0.08427070670302561,0.9374999999651357,5.1639379573163526e-06
1.0,-0.2,pairing,58383148,17,-0.7949666829032307,0.34867004364891113,9.711960748514042e-12,0.360190977926749,0.08427073190629061,0.9375000000012588,5.358875021983067e-06
1.0,-0.2,pairing,58383148,18,-0.7949666908817231,0.3486700298776083,1.9320847783029042e-12,0.3601909665374314,0.08427070076045848,0.9375000000018014,4.367341682274106e-06
1.0,-0.2,pairing,58383148,19,-0.7949666892276323,0.3486700265510143,5.018200772363389e-12,0.3601909607518017,0.08427070385514196,0.9374999999680406,5.168452323723589e-06
1.0,-0.2,pairing,58383148,20,-0.7949666852244762,0.3486700432916238,2.91262698202411e-12,0.36019096913864695,0.08427072051513852,0.9374999999907435,4.175043827180021e-06
1.0,-0.2,pairing,58383148,21,-0.7949666870408398,0.3486700500705312,2.8694143325788114e-12,0.3601909721672762,0.08427072532365286,0.9374999999984636,4.139732990294031e-06
1.0,-0.2,pairing,58383148,22,-0.7949666870570441,0.34867004949330505,9.746606209567381e-13,0.3601909657222212,0.08427072691052752,0.9374999999778686,5.105427199062703e-06
1.0,-0.2,pairing,58383148,23,-0.7949666880643264,0.3486700527986026,6.948985590604792e-12,0.3601909676790512,0.08427072512537657,0.9375000000014198,5.1293936403363205e-06
1.0,-0.2,pairing,58383148,24,-0.7949666867920526,0.3486700608847943,4.307437047476106e-12,0.3601909689574237,0.08427073660532818,0.937500000000334,4.159518729310979e-06
1.0,-0.2,pairing,58383148,25,-0.7949666868552645,0.34867006908038706,5.888917274688326e-12,0.36019097500408104,0.08427073827243368,0.9374999999997091,4.16830589740514e-06
1.0,-0.2,pairing,58383148,26,-0.7949666844613036,0.34867008332886473,1.6723304029968316e-12,0.3601909932837642,0.08427075097162491,0.9374999999515262,4.1754690218499e-06
1.0,-0.2,pairing,58383148,27,-0.7949666874884477,0.34867008196353044,5.220564294837697e-12,0.36019097704925723,0.08427074434237122,0.9375000000018149,4.131181016134968e-06
1.0,-0.2,pairing,58383148,28,-0.7949666869376594,0.34867008562998303,3.891611050849873e-12,0.3601909757860934,0.08427074728513421,0.9374999999954361,4.092091272785022e-06
1.0,-0.2,pairing,58383148,29,-0.7949666872257287,0.3486700876619983,1.322357934217506e-12,0.36019097384727466,0.08427074783254963,0.937499999997057,4.093592973127083e-06
1.0,-0.2,pairing,58383148,30,-0.7949666850711755,0.34867009474898314,1.1970232875099661e-12,0.3601909728361739,0.08427075889313712,0.9374999999948508,5.079550173325062e-06
1.0,-0.2,pairing,58383148,31,-0.7949666888645015,0.34867009543246824,1.979120674390527e-12,0.36019097444159437,0.08427075217172814,0.9374999999989083,5.104969727028614e-06
1.0,-0.2,pairing,58383148,32,-0.7949666876092406,0.3486700991510974,3.0325996465332812e-12,0.36019097546647805,0.08427075991759402,0.9374999999751277,4.144192266832159e-06
1.0,-0.2,pairing,58383148,33,-0.7949666888845663,0.3486701060568593,7.505890238115661e-12,0.3601909767635806,0.08427077170554809,0.9375000000017741,4.139848708357343e-06
1.0,-0.2,pairing,58383148,34,-0.7949666861313035,0.3486701105928388,2.2818436199330922e-12,0.3601909803875154,0.0842707651831403,0.9375000000010105,4.13914114915081e-06
1.0,-0.2,pairing,58383148,35,-0.7949666874949355,0.3486701169423078,7.259784154974e-12,0.3601909784524947,0.0842707792114802,0.9374999999999696,4.174354742311676e-06
1.0,-0.2,pairing,58383148,36,-0.7949666843517316,0.3486701265468708,1.0535088339311542e-11,0.3601909809756712,0.08427077789994465,0.9374999999869009,5.091030368276063e-06
1.0,-0.2,pairing,58383148,37,-0.7949666901221096,0.3486701252310259,1.7394695678503946e-12,0.3601909805404184,0.08427077875245634,0.9374999999830943,5.126293616320542e-06
1.0,-0.2,pairing,58383148,38,-0.7949666869370619,0.34867012973906275,2.0146866928572686e-12,0.3601909794271142,0.08427078920823167,0.9375000000018222,4.161210522688016e-06
1.0,-0.2,pairing,58383148,39,-0.7949666871477614,0.3486701351729292,2.8218157798451117e-12,0.36019097751110285,0.08427079413523265,0.9374999999865318,4.145211033361664e-06
1.0,-0.2,pairing,58383148,40,-0.7949666861789326,0.3486701388118234,1.0008470649331937e-11,0.36019097761796764,0.08427079456904406,0.9374999999639523,5.099343504324154e-06
1.0,-0.2,pairing,58383148,41,-0.7949666883894045,0.3486701451274868,4.87691091658349e-12,0.36019098348740397,0.08427079401481069,0.9375000000017775,5.133601916989713e-06
1.0,-0.2,pairing,58383148,42,-0.7949666869260811,0.34867015001612056,6.748881028409435e-12,0.36019098380880765,0.08427079808465691,0.9375000000011847,4.159750599228008e-06
1.0,-0.2,pairing,58383148,43,-0.7949666870314809,0.34867015778017146,4.0717666814802725e-12,0.36019098572271413,0.08427080615501421,0.9374999999858298,4.123605892662724e-06
1.0,-0.2,pairing,58383148,44,-0.7949666849999798,0.34867016274233237,6.390120225951619e-12,0.36019098489286044,0.08427080154392533,0.9375000000023693,5.180329730647958e-06
1.0,-0.2,pairing,58383148,45,-0.7949666892956445,0.34867016572401177,1.3762254374686532e-12,0.36019098734671184,0.08427081114342466,0.9374999999850013,5.218216593030305e-06
1.0,-0.2,pairing,58383148,46,-0.7949666868121054,0.34867016801896533,3.556961567079776e-12,0.3601909816088906,0.08427080705512721,0.9374999999926916,4.134247762171556e-06
1.0,-0.2,pairing,58383148,47,-0.7949666840036261,0.34867018703857106,3.287445466455486e-12,0.3601910020486399,0.08427083424096504,0.9375000000007911,4.184863069845667e-06
1.0,-0.2,pairing,58383148,48,-0.7949666870455815,0.34867018606435995,2.4853870902816033e-12,0.36019099169788166,0.08427083033467384,0.9375000000010378,5.1215329552801615e-06
1.0,-0.2,pairing,58383148,49,-0.794966689170977,0.3486701873135093,3.976694943288973e-12,0.36019099141777405,0.0842708270538357,0.9374999999995328,5.1325423124288246e-06
1.0,-0.2,pairing,58383148,50,-0.7949666872376416,0.3486701909575643,2.9812355973230462e-12,0.3601909882057091,0.08427083466907741,0.9375000000012546,4.155330090285815e-06
1.0,-0.2,pairing,58383148,51,-0.7949666878351556,0.34867019270296096,1.5002384766377696e-11,0.3601909863664739,0.0842708344421616,0.9375000000017066,4.146710476957276e-06
1.0,-0.2,pairing,58383148,52,-0.7949666887922822,0.3486702005311078,3.032099887263175e-12,0.36019098728424825,0.08427084762020556,0.937500000002463,4.123818261573181e-06
1.0,-0.2,pairing,58383148,53,-0.7949666864357591,0.348670206241953,1.0026818432827107e-11,0.36019099014245615,0.08427084099946983,0.9375000000020107,4.133100832814604e-06
1.0,-0.2,pairing,58383148,54,-0.794966687421363,0.348670210730382,2.3325681816858373e-12,0.36019098986734205,0.08427084620924014,0.937499999993784,4.143429454623565e-06
1.0,-0.2,pairing,58383148,55,-0.7949666868125439,0.3486702182638163,2.9888368966767937e-12,0.3601909919565217,0.08427085175878253,0.9375000000003706,4.1089756399750495e-06
1.0,-0.2,pairing,58383148,56,-0.7949666868884275,0.34867022150316107,2.70552787442615e-12,0.36019099180854125,0.08427084784554269,0.9374999999974362,4.136733642897239e-06
1.0,-0.2,pairing,58383148,57,-0.7949666876083423,0.34867022678000864,8.555747993954712e-12,0.36019099265300153,0.08427086148149945,0.9374999999985462,4.151640656975999e-06
1.0,-0.2,pairing,58383148,58,-0.7949666845966746,0.3486702350553283,7.842231842240541e-12,0.36019099702253543,0.0842708584482399,0.9374999999831644,5.091943887354932e-06
1.0,-0.2,pairing,58383148,59,-0.7949666858148892,0.34867024655792334,3.334447144605769e-12,0.3601910031903056,0.0842708749523598,0.9374999999993195,4.338375680889213e-06
1.0,-0.2,pairing,58383148,60,-0.7949666917430435,0.3486702353200758,3.748118375451765e-12,0.3601909920806018,0.0842708545239507,0.9374999999996491,5.4103519638109996e-06
1.0,0.0,stripe,58383153,1,-0.5297622031399344,0.33451072936940035,0.0005307350587381984,0.34775830798508733,0.07611722767909532,0.9374931880920327,0.22839324834628996
1.0,0.0,stripe,58383153,2,-0.5430515002990887,0.3521126464638682,8.304600762535764e-05,0.3639259043437046,0.08396379595275047,0.9374999437866536,0.05227761573341527
1.0,0.0,stripe,58383153,3,-0.5456690329666797,0.35539512400385104,1.464189076025403e-05,0.3667949634174829,0.08580447132436222,0.9374999979383016,0.011266681191914265
1.0,0.0,stripe,58383153,4,-0.5461215811794953,0.35604638449102965,2.450360397779299e-06,0.3673482945101778,0.08622098884977432,0.9374999999665817,0.002509492160202057
1.0,0.0,stripe,58383153,5,-0.5462074204741416,0.35618245576838986,4.230731199482086e-07,0.3674622734708724,0.08631291556264051,0.9374999999956712,0.0005598696507295348
1.0,0.0,stripe,58383153,6,-0.5462247273980245,0.35621197606807986,7.304584805016702e-08,0.36748683784637487,0.08633348936669788,0.9375000000011193,0.00012632856196275412
1.0,0.0,stripe,58383153,7,-0.5462284423444552,0.3562184805540587,1.2724969891618343e-08,0.36749223959392474,0.08633807161369837,0.9375000000012447,2.878044475436812e-05
1.0,0.0,stripe,58383153,8,-0.5462292521786392,0.35621992703948535,2.219289961168828e-09,0.36749344567652553,0.08633909869275852,0.9375000000012318,7.825155001197369e-06
1.0,0.0,stripe,58383153,9,-0.5462294327763448,0.3562202453191718,3.8944282411487965e-10,0.36749371378836976,0.08633932448503102,0.9375000000012734,4.586724201116659e-06
1.0,0.0,stripe,58383153,10,-0.5462294728153723,0.35622031241688035,6.869580847244151e-11,0.3674937743780735,0.0863393723756169,0.937500000001234,4.313152974915537e-06
1.0,0.0,stripe,58383153,11,-0.5462294820546797,0.3562203224248472,1.2262068083305112e-11,0.3674937890421952,0.08633937939228578,0.9375000000011899,4.271349943090954e-06
1.0,0.0,stripe,58383153,12,-0.5462294843034511,0.3562203181438329,6.003765421856858e-12,0.3674937902854216,0.08633937481900895,0.9375000000015995,4.259374695130653e-06
1.0,0.0,stripe,58383153,13,-0.5462294845135227,0.3562203123415083,8.246787112394477e-13,0.3674937912867054,0.08633937073079186,0.9375000000017097,4.258939503153692e-06
1.0,0.0,stripe,58383153,14,-0.5462294848044218,0.3562203048352566,1.9696633940774743e-12,0.36749378997503646,0.0863393645671308,0.9375000000013112,4.250566137797815e-06
1.0,0.0,stripe,58383153,15,-0.5462294844986825,0.3562202989941211,8.80795105229476e-12,0.36749379250078085,0.0863393605322579,0.9375000000011813,4.253254357081341e-06
1.0,0.0,stripe,58383153,16,-0.5462294847899682,0.3562202914879716,1.491736062216341e-12,0.3674937899373132,0.08633935426841102,0.9375000000013666,4.245681423846891e-06
1.0,0.0,stripe,58383153,17,-0.5462294844528582,0.3562202852648293,7.419469926744736e-12,0.3674937885025604,0.08633934939625136,0.9375000000013294,4.257401252255983e-06
1.0,0.0,stripe,58383153,18,-0.546229484623544,0.3562202781258223,3.214602096809612e-12,0.3674937892865948,0.08633934358661631,0.9375000000013135,4.283495725579869e-06
1.0,0.0,stripe,58383153,19,-0.5462294842517151,0.35622027222628755,7.208173414206777e-12,0.3674937903679516,0.08633934029713958,0.9375000000013317,4.299143609069859e-06
1.0,0.0,stripe,58383153,20,-0.5462294845806166,0.35622026493785763,5.728865952163589e-12,0.3674937889353071,0.08633933364729642,0.9375000000012808,4.257335439163802e-06
1.0,0.0,stripe,58383153,21,-0.5462294847484577,0.35622025807609853,1.3611323579578123e-12,0.36749379090479073,0.08633932878968778,0.9375000000009994,4.25499552306253e-06
1.0,0.0,stripe,58383153,22,-0.5462294846391552,0.3562202507049486,2.220042227870645e-12,0.3674937900171929,0.08633932257327241,0.9375000000012838,4.259968799147223e-06
1.0,0.0,stripe,58383153,23,-0.5462294842183534,0.3562202453081727,6.4567048834581986e-12,0.36749378964568696,0.08633931861009299,0.9375000000013242,4.246570686028481e-06
1.0,0.0,stripe,58383153,24,-0.5462294850854348,0.35622023646575807,4.618962108965114e-12,0.3674937890137046,0.08633931149917996,0.9375000000014041,4.247290590280863e-06
1.0,0.0,stripe,58383153,25,-0.546229484749159,0.3562202293035982,2.1443463783059757e-12,0.3674937883006941,0.08633930579600538,0.9375000000014602,4.244237280835056e-06
1.0,0.0,stripe,58383153,26,-0.5462294848020651,0.35622022217522264,7.711968062766115e-13,0.3674937879662747,0.08633930037436782,0.9375000000013627,4.239538194033042e-06
1.0,0.0,stripe,58383153,27,-0.546229484659505,0.35622021566175494,1.8358680452161177e-12,0.36749378900991814,0.0863392955912889,0.9375000000009882,4.242448547460328e-06
1.0,0.0,stripe,58383153,28,-0.5462294845493901,0.3562202086010856,3.945488369625623e-12,0.3674937865881962,0.08633928918944794,0.9375000000012925,4.250497687695751e-06
1.0,0.0,stripe,58383153,29,-0.5462294850940882,0.35622019951372225,9.725592061677353e-13,0.36749378570877067,0.08633928304472882,0.9375000000015905,4.251690760055862e-06
1.0,0.0,stripe,58383153,30,-0.5462294843956067,0.35622019442068287,6.691545460950965e-12,0.3674937880445533,0.08633927870069141,0.9375000000013827,4.241522711700348e-06
1.0,0.0,stripe,58383153,31,-0.5462294845502699,0.35622018844505493,1.351876305179713e-12,0.36749378844399394,0.08633927464733031,0.9375000000014967,4.244931690093754e-06
1.0,0.0,stripe,58383153,32,-0.5462294829084353,0.3562201884004066,3.3070919664614945e-12,0.36749378856334475,0.0863392777934889,0.9375000000014644,4.626691371877245e-06
1.0,0.0,stripe,58383153,33,-0.5462294859475196,0.3562201748490668,5.026081160652049e-12,0.36749378678533096,0.08633926369626924,0.9375000000012799,4.5479217452792326e-06
1.0,0.0,stripe,58383153,34,-0.5462294847989007,0.3562201670759362,4.438502909703523e-12,0.3674937868518165,0.08633925751692109,0.9375000000011295,4.244345219204557e-06
1.0,0.0,stripe,58383153,35,-0.5462294848312057,0.3562201599591341,1.1696264929392064e-12,0.36749378617376616,0.08633925189594452,0.937500000001637,4.236997071285919e-06
1.0,0.0,stripe,58383153,36,-0.5462294845620131,0.3562201535844212,9.083967316371768e-13,0.3674937866477951,0.08633924705918321,0.937500000001032,4.234892886958826e-06
1.0,0.0,stripe,58383153,37,-0.5462294848574017,0.35622014625529724,1.2744858254927968e-11,0.3674937864332143,0.08633924154045881,0.9375000000014455,4.238864046039377e-06
1.0,0.0,stripe,58383153,38,-0.5462294846928564,0.3562201393446969,1.756314793491825e-12,0.3674937862893855,0.08633923620233527,0.9375000000015422,4.238809325334071e-06
1.0,0.0,stripe,58383153,39,-0.5462294847465966,0.3562201322093316,1.9414511569351124e-12,0.36749378501424995,0.08633923000030903,0.9375000000012537,4.2320001249003015e-06
1.0,0.0,stripe,58383153,40,-0.5462294847218228,0.356220125215693,2.969537983979779e-12,0.3674937858962237,0.08633922509262912,0.9375000000014144,4.236860662149158e-06
1.0,0.0,stripe,58383153,41,-0.5462294843662161,0.3562201193241169,1.6585503816309216e-12,0.36749378368767666,0.08633921974741085,0.9375000000015868,4.273581891192565e-06
1.0,0.0,stripe,58383153,42,-0.5462294842568891,0.35622011272814774,1.9277781570972644e-12,0.3674937845821466,0.08633921635422191,0.9375000000014544,4.293626749727708e-06
1.0,0.0,stripe,58383153,43,-0.5462294848915261,0.35622010566952195,1.8185797651516318e-12,0.3674937855922452,0.08633921007282562,0.9375000000011311,4.233045863841919e-06
1.0,0.0,stripe,58383153,44,-0.5462294851472479,0.3562200972011827,3.4484502004364564e-13,0.367493784474832,0.08633920289037417,0.9375000000016399,4.229357987789877e-06
1.0,0.0,stripe,58383153,45,-0.5462294845546674,0.35622009064334526,1.5707291113853677e-12,0.3674937846224025,0.08633919786202193,0.937500000001126,4.232629470527692e-06
1.0,0.0,stripe,58383153,46,-0.5462294847273477,0.3562200839675082,1.3724370827997367e-12,0.36749378458714516,0.0863391925973047,0.9375000000011554,4.2305840573611036e-06
1.0,0.0,stripe,58383153,47,-0.5462294844697173,0.3562200785397002,2.328544132627093e-12,0.36749378616139083,0.0863391891569555,0.9375000000016239,4.2357991534242356e-06
1.0,0.0,stripe,58383153,48,-0.5462294850630868,0.3562200699979164,1.7275042728879134e-12,0.3674937832797548,0.08633918215832131,0.9375000000013549,4.2312689599748614e-06
1.0,0.0,stripe,58383153,49,-0.5462294850493602,0.35622006142622553,1.7837147830404072e-12,0.36749378176248343,0.08633917505140373,0.9375000000015657,4.234241240558399e-06
1.0,0.0,stripe,58383153,50,-0.5462294842598571,0.3562200570650246,6.947358584816895e-13,0.36749378337887234,0.0863391722869515,0.9375000000011012,4.230235440712968e-06
1.0,0.0,stripe,58383153,51,-0.5462294847341634,0.3562200503989685,4.875679380372839e-12,0.36749378382990167,0.08633916686723393,0.9375000000011828,4.225728253497876e-06
1.0,0.0,stripe,58383153,52,-0.5462294847977639,0.3562200434741595,5.0902348427016225e-12,0.3674937841828897,0.0863391615805706,0.9375000000014554,4.226911324405652e-06
1.0,0.0,stripe,58383153,53,-0.5462294841756883,0.35622003873979596,1.0750322319657336e-12,0.3674937842749649,0.08633915815437873,0.9375000000014079,4.234927705362131e-06
1.0,0.0,stripe,58383153,54,-0.5462294835613761,0.35622003503496236,8.278579831118046e-13,0.3674937822347166,0.08633915751873453,0.9375000000009394,4.619219246640161e-06
1.0,0.0,stripe,58383153,55,-0.546229483835151,0.35622003002028935,4.05807179800548e-12,0.3674937825849497,0.08633915451457687,0.9375000000013531,4.2644494865275875e-06
1.0,0.0,stripe,58383153,56,-0.5462294860626123,0.35622001599985886,1.3396087332711424e-12,0.36749378287852386,0.08633913958252824,0.9375000000014508,4.5384831440631375e-06
1.0,0.0,stripe,58383153,57,-0.5462294842202399,0.35622001016311783,6.36744758260571e-13,0.3674937816626082,0.08633913521901476,0.937500000001269,4.23389492363219e-06
1.0,0.0,stripe,58383153,58,-0.5462294850342293,0.3562200017000635,1.6343074939447686e-12,0.3674937810747819,0.08633912934202308,0.9375000000014454,4.24028683794168e-06
1.0,0.0,stripe,58383153,59,-0.5462294848803497,0.3562199946174203,9.205686311491866e-13,0.36749378127930016,0.08633912249502274,0.9375000000017842,4.218232293662518e-06
1.0,0.0,stripe,58383153,60,-0.5462294846160906,0.3562199882224281,2.7038034286842287e-12,0.3674937816553048,0.08633911836415135,0.9375000000015338,4.220218599659236e-06
1.0,0.0,pairing,58383156,1,-0.5076173742020714,0.11167844428974466,0.018189751204100588,0.11792183141471763,0.013441051434712243,0.9374995931334518,0.5656566467301052
1.0,0.0,pairing,58383156,2,-0.5129509861896597,0.28470549876067575,0.006032138841478333,0.2988353964695653,0.05952038927552905,0.9374989808997584,0.5001222795575241
1.0,0.0,pairing,58383156,3,-0.5356209392331722,0.3420779689044684,0.0011838176937468696,0.3546912396356129,0.07910987588045122,0.9375004593191085,0.1565608845534321
1.0,0.0,pairing,58383156,4,-0.5442019472943861,0.35347634428142083,0.00023253943598271868,0.3651045096378972,0.08467534614998358,0.9375005371273131,0.03577330346787641
1.0,0.0,pairing,58383156,5,-0.5458641596165164,0.35564853226198134,4.582718231961519e-05,0.3670127117787405,0.08595988146839209,0.9375000235925259,0.00780845200279896
1.0,0.0,pairing,58383156,6,-0.5461571418798805,0.35608917791964956,9.36535406647604e-06,0.3673916511809559,0.08624812515526324,0.9375000012673015,0.0017448779749595486
1.0,0.0,pairing,58383156,7,-0.5462144003447428,0.3561826175094913,1.9082338634479207e-06,0.36747115640353556,0.0863120316335166,0.9375000000302949,0.0003906743515263287
1.0,0.0,pairing,58383156,8,-0.5462262113329571,0.3562030243581626,3.9448390948933815e-07,0.3674884360726625,0.08632631549417351,0.937500000003659,8.818644964765133e-05
1.0,0.0,pairing,58383156,9,-0.546228765717918,0.35620754190358567,8.077460201090569e-08,0.36749225866609886,0.08632950812844922,0.937500000001093,2.0414124706632094e-05
1.0,0.0,pairing,58383156,10,-0.5462293271346526,0.35620854815980896,1.6656130065509355e-08,0.3674931132057996,0.08633022228708481,0.9375000000011924,6.316093530877671e-06
1.0,0.0,pairing,58383156,11,-0.546229453089889,0.3562087681634029,3.422678118352197e-09,0.3674933038439912,0.08633037890279259,0.9375000000013699,4.399427223923301e-06
1.0,0.0,pairing,58383156,12,-0.5462294806267651,0.35620881277861066,7.049664051505494e-10,0.3674933457446901,0.08633040941358248,0.9375000000011783,4.204257642052647e-06
1.0,0.0,pairing,58383156,13,-0.5462294871542889,0.35620881803069426,1.450262801746443e-10,0.367493355816239,0.08633041304111343,0.9375000000014792,4.152931869271015e-06
1.0,0.0,pairing,58383156,14,-0.5462294884809981,0.3562088144453011,3.074904502638324e-11,0.3674933583843695,0.08633040989882045,0.9375000000009506,4.137546370547598e-06
1.0,0.0,pairing,58383156,15,-0.5462294890804508,0.3562088085662479,6.328775853289934e-12,0.3674933583247331,0.08633040551491414,0.9375000000014687,4.142483228637162e-06
1.0,0.0,pairing,58383156,16,-0.5462294887302344,0.3562088035607595,3.201618547149559e-12,0.36749335812924105,0.08633040127218415,0.9375000000013315,4.141275376497966e-06
1.0,0.0,pairing,58383156,17,-0.5462294891734781,0.3562087956500578,2.4435865680471145e-12,0.36749335761174945,0.08633039471938385,0.9375000000009707,4.138609025568318e-06
1.0,0.0,pairing,58383156,18,-0.5462294887402639,0.3562087915781924,3.1226849752654246e-12,0.36749335698985336,0.08633039318494004,0.9375000000010992,4.137749130232133e-06
1.0,0.0,pairing,58383156,19,-0.5462294888756027,0.3562087860113084,2.6688262469393084e-12,0.3674933575540245,0.08633038870232916,0.9375000000010285,4.1340469035126795e-06
1.0,0.0,pairing,58383156,20,-0.5462294892544894,0.35620877894893926,4.026419014793922e-12,0.36749335657888055,0.08633038291551033,0.9375000000012593,4.13541180932207e-06
1.0,0.0,pairing,58383156,21,-0.5462294889782744,0.3562087730228047,2.4741837300258407e-12,0.3674933571319743,0.0863303784582985,0.9375000000011164,4.128160291276209e-06
1.0,0.0,pairing,58383156,22,-0.546229488884708,0.3562087663560636,1.5776648217520056e-12,0.3674933571249926,0.08633037222435555,0.9375000000012342,4.137480477746257e-06
1.0,0.0,pairing,58383156,23,-0.5462294893052306,0.35620875925228696,1.2278314556316268e-12,0.36749335597112587,0.08633036691650622,0.9375000000012848,4.131123946238828e-06
1.0,0.0,pairing,58383156,24,-0.5462294886162542,0.35620875489832354,4.2348319972501895e-12,0.36749335650492193,0.0863303640568252,0.9375000000013118,4.134896038425671e-06
1.0,0.0,pairing,58383156,25,-0.5462294891001308,0.3562087489728781,2.1298575805363927e-12,0.36749335571010855,0.08633035985461117,0.9375000000011945,4.1358016596475665e-06
1.0,0.0,pairing,58383156,26,-0.546229489208705,0.3562087418610878,1.3918789148923062e-12,0.3674933560272407,0.08633035330221368,0.9375000000014424,4.137600367917444e-06
1.0,0.0,pairing,58383156,27,-0.54622949211878,0.35620872883940363,5.4168157774948506e-12,0.3674933418866066,0.08633034275967492,0.9375000000012451,5.367880111162544e-06
1.0,0.0,pairing,58383156,28,-0.5462294856991002,0.35620873054101354,8.599371126997998e-13,0.36749335474218986,0.08633034305931833,0.9375000000014233,5.317944003562223e-06
1.0,0.0,pairing,58383156,29,-0.5462294894575537,0.3562087239383961,1.6566665273018175e-12,0.3674933549506207,0.08633034018780003,0.9375000000014053,4.146773073335279e-06
1.0,0.0,pairing,58383156,30,-0.5462294889503402,0.3562087179641722,1.8223222094043157e-12,0.3674933568950161,0.08633033469578288,0.9375000000011835,4.133547658808847e-06
1.0,0.0,pairing,58383156,31,-0.5462294892392652,0.3562087120368009,1.6498833530914637e-12,0.36749335618971174,0.08633033145621254,0.9375000000012312,4.137644664782816e-06
1.0,0.0,pairing,58383156,32,-0.5462294885279636,0.3562087076630224,3.1166217154851117e-12,0.36749335622207924,0.08633032704394175,0.9375000000011608,4.14241918958559e-06
1.0,0.0,pairing,58383156,33,-0.5462294894761954,0.35620869962137686,6.258741551035408e-12,0.3674933551201564,0.08633032053393548,0.9375000000012417,4.125434382804237e-06
1.0,0.0,pairing,58383156,34,-0.5462294894229451,0.3562086920852675,5.886208224940759e-12,0.36749335336950023,0.08633031434302989,0.9375000000010498,4.117616368352542e-06
1.0,0.0,pairing,58383156,35,-0.5462294889075368,0.3562086869357832,2.6510158862245875e-12,0.3674933543369394,0.08633031026935661,0.9375000000007402,4.116845707889247e-06
1.0,0.0,pairing,58383156,36,-0.5462294893130266,0.3562086800783913,5.6369723148459425e-12,0.3674933542041141,0.08633030517233052,0.9375000000014975,4.125821052092179e-06
1.0,0.0,pairing,58383156,37,-0.5462294891404738,0.35620867453688665,3.6052655789331084e-12,0.3674933534624127,0.08633030170332438,0.9375000000011231,4.130315996322852e-06
1.0,0.0,pairing,58383156,38,-0.5462294922395935,0.3562086601870964,1.583988924805944e-12,0.36749333827610936,0.08633028715886219,0.9375000000013622,5.358164810952893e-06
1.0,0.0,pairing,58383156,39,-0.5462294853543487,0.3562086637415023,5.098837090913818e-12,0.3674933515595524,0.08633029091950825,0.9375000000008598,5.312082684103021e-06
1.0,0.0,pairing,58383156,40,-0.5462294892456017,0.35620865791047884,2.6790066910701786e-12,0.36749335258331134,0.08633028786315115,0.9375000000014222,4.129884509740738e-06
1.0,0.0,pairing,58383156,41,-0.5462294898311673,0.3562086485905713,4.64924397913618e-12,0.36749335258761967,0.08633028117825953,0.9375000000016933,4.129869768415812e-06
1.0,0.0,pairing,58383156,42,-0.5462294889874096,0.3562086436364748,6.7569138059717496e-12,0.36749335320579046,0.08633027724498253,0.9375000000012079,4.110340704129557e-06
1.0,0.0,pairing,58383156,43,-0.5462294886013577,0.3562086399015387,1.1367367372666292e-12,0.36749335293274804,0.08633027473701804,0.937500000000996,4.128662340338457e-06
1.0,0.0,pairing,58383156,44,-0.5462294894699995,0.3562086325679018,4.9950107936068335e-12,0.367493352206275,0.08633026886183054,0.9375000000011677,4.122507268756807e-06
1.0,0.0,pairing,58383156,45,-0.5462294886327982,0.3562086276829709,3.511724518342742e-12,0.36749335309617787,0.08633026403930472,0.9375000000013988,4.134052175048358e-06
1.0,0.0,pairing,58383156,46,-0.546229489732366,0.3562086193970443,4.5424090608294325e-12,0.3674933501673312,0.08633025862320873,0.9375000000010895,4.129599570004674e-06
1.0,0.0,pairing,58383156,47,-0.5462294891389948,0.3562086129694015,3.688460394432718e-12,0.3674933510800896,0.08633025191293213,0.9375000000013872,4.1236401776843376e-06
1.0,0.0,pairing,58383156,48,-0.5462294882782925,0.356208609931107,2.037149187926925e-12,0.3674933515338175,0.08633025026754558,0.9375000000011323,4.124440009061496e-06
1.0,0.0,pairing,58383156,49,-0.5462294896106606,0.3562086017362706,1.555119596227634e-12,0.3674933506368889,0.08633024446628877,0.9375000000016611,4.117155001000028e-06
1.0,0.0,pairing,58383156,50,-0.5462294888700097,0.35620859636617436,6.25689995991369e-12,0.36749335128320615,0.08633023996886371,0.9375000000013619,4.12511228057834e-06
1.0,0.0,pairing,58383156,51,-0.5462294890627475,0.35620859053253234,3.5197148659107316e-12,0.3674933496991468,0.08633023598622022,0.9375000000010726,4.129766384652177e-06
1.0,0.0,pairing,58383156,52,-0.5462294884469483,0.35620858682850887,4.703356919324705e-12,0.3674933521160162,0.08633023220118025,0.9375000000010578,4.122479760808912e-06
1.0,0.0,pairing,58383156,53,-0.5462294892923689,0.3562085791659708,3.022668423734239e-12,0.36749335011722056,0.08633022531767805,0.9375000000014899,4.1074004911536366e-06
1.0,0.0,pairing,58383156,54,-0.5462294889273576,0.3562085729866014,1.6595841344800642e-12,0.36749335047013426,0.08633022078464758,0.9375000000015213,4.096819749083011e-06
1.0,0.0,pairing,58383156,55,-0.5462294887454631,0.3562085679107928,3.708804688120954e-12,0.36749335140417994,0.08633021755722076,0.9375000000013151,4.106099019043874e-06
1.0,0.0,pairing,58383156,56,-0.5462294890000632,0.35620856267295553,2.2020708885921355e-12,0.36749335197163524,0.0863302141702481,0.9375000000010987,4.115168262043201e-06
1.0,0.0,pairing,58383156,57,-0.5462294888706933,0.35620855656729816,1.7151987782090437e-12,0.367493351429224,0.08633020861101814,0.9375000000016219,4.114260371155096e-06
1.0,0.0,pairing,58383156,58,-0.5462294898204839,0.3562085468393773,6.281634489538407e-12,0.36749334934838845,0.08633020044769169,0.9375000000012584,4.113251780949505e-06
1.0,0.0,pairing,58383156,59,-0.5462294883038873,0.3562085441340922,3.698130056412881e-12,0.3674933501701162,0.08633019919092305,0.937500000001353,4.111688599668799e-06
1.0,0.0,pairing,58383156,60,-0.5462294896395004,0.3562085351648925,3.5672390510240964e-12,0.36749334564303043,0.08633019053983643,0.9375000000012963,4.099373171631274e-06
1.2,-0.4,stripe,58383157,1,-1.0897097399961042,0.2926443500073161,0.0006123981096302828,0.30540852480265135,0.07202004779709453,0.9375015894408937,0.17886618186912304
1.2,-0.4,stripe,58383157,2,-1.0926664615098687,0.30385660003507964,0.00017290179367248986,0.31593224531400077,0.07515359994768248,0.9375003843268574,0.03466601458166474
1.2,-0.4,stripe,58383157,3,-1.0933079221781237,0.30650997011120945,5.245625048560411e-05,0.31833734449426115,0.07630337337846499,0.9375000450957309,0.008618993036995273
1.2,-0.4,stripe,58383157,4,-1.0934708456998312,0.30711105692961893,1.5981164587384884e-05,0.31887089088180526,0.07655284687294218,0.9375000044435167,0.002003625546862581
1.2,-0.4,stripe,58383157,5,-1.093505831825384,0.3072514822476416,4.878859393825748e-06,0.3189934403919682,0.07661732665699664,0.9375000004275788,0.0004935997501071728
1.2,-0.4,stripe,58383157,6,-1.0935140718770473,0.30728456600356163,1.489071652602835e-06,0.31902183523631195,0.07663260299758992,0.9375000000444489,0.0001449009840027111
1.2,-0.4,stripe,58383157,7,-1.0935159642481755,0.30729267103872127,4.544359789177544e-07,0.3190285400639212,0.07663652692606013,0.9375000000082347,9.150568189615972e-05
1.2,-0.4,stripe,58383157,8,-1.0935164149242278,0.307294861087528,1.386763152356474e-07,0.3190301286387418,0.07663764929151629,0.9375000000046109,8.738038340070091e-05
1.2,-0.4,stripe,58383157,9,-1.0935165174818537,0.30729567193388924,4.2321575099446135e-08,0.3190305665422731,0.07663813667117422,0.9375000000044431,8.720601883718048e-05
1.2,-0.4,stripe,58383157,10,-1.093516543876958,0.30729614106039216,1.2914570403440243e-08,0.3190307070570203,0.07663844967865134,0.9375000000050342,8.730359691531499e-05
1.2,-0.4,stripe,58383157,11,-1.0935165506830649,0.3072965255899171,3.944923568550335e-09,0.3190307647971034,0.07663872332588495,0.9375000000046729,8.734216278380865e-05
1.2,-0.4,stripe,58383157,12,-1.0935165529116544,0.3072968891468835,1.2018514671767921e-09,0.3190308053543542,0.07663898240207478,0.9375000000041271,8.740520212335724e-05
1.2,-0.4,stripe,58383157,13,-1.0935165566085887,0.3072972333956925,3.7054989498550027e-10,0.31903081824505153,0.07663922361157706,0.93750000000453,8.744234094561776e-05
1.2,-0.4,stripe,58383157,14,-1.0935165552473274,0.3072975996333366,1.099597056444194e-10,0.319030869670648,0.0766394908723922,0.9375000000043351,8.748875937461865e-05
1.2,-0.4,stripe,58383157,15,-1.093516555031199,0.3072979751402109,3.140955875087745e-11,0.3190309164516113,0.07663976672167067,0.9375000000044924,8.7502759563273e-05
1.2,-0.4,stripe,58383157,16,-1.0935165534844427,0.30729835348957374,1.0128617747615752e-11,0.31903098937187396,0.07664004596182739,0.9375000000043316,8.75677096633401e-05
1.2,-0.4,stripe,58383157,17,-1.0935165563938112,0.30729871004912795,1.0863986954956648e-11,0.31903102202250927,0.07664028733925196,0.9375000000044384,8.779701536819646e-05
1.2,-0.4,stripe,58383157,18,-1.0935165549663615,0.30729908182351523,6.1254511326926555e-12,0.31903106591848546,0.07664057451873256,0.9375000000043308,8.764327949510494e-05
1.2,-0.4,stripe,58383157,19,-1.093516556925646,0.307299442791263,1.040439533996616e-11,0.3190311124505485,0.07664081685680985,0.9375000000047123,8.789749547204196e-05
1.2,-0.4,stripe,58383157,20,-1.093516557015693,0.30729980899976733,7.819445146626424e-12,0.3190311528710023,0.07664108346082464,0.937500000004488,8.800931640322972e-05
1.2,-0.4,stripe,58383157,21,-1.0935165569626084,0.3073001789337154,4.832964589987147e-12,0.3190311935056675,0.07664135169788698,0.9375000000043533,8.806033229855488e-05
1.2,-0.4,stripe,58383157,22,-1.0935165571413918,0.30730055678478607,2.1105124613701502e-11,0.3190312445689977,0.07664162840522397,0.9375000000041804,8.816752798348737e-05
1.2,-0.4,stripe,58383157,23,-1.0935165582347828,0.3073009250568539,9.56679502227382e-12,0.31903128801654695,0.07664189381084914,0.9375000000046383,8.820976177478839e-05
1.2,-0.4,stripe,58383157,24,-1.0935165580569102,0.3073013031160951,1.4196401696037885e-11,0.31903133367543807,0.07664217228468112,0.9375000000046297,8.833310928010657e-05
1.2,-0.4,stripe,58383157,25,-1.093516561944143,0.3073016601451031,1.597927283369958e-11,0.3190313514945413,0.0766424194879334,0.9375000000045188,8.843554573264641e-05
1.2,-0.4,stripe,58383157,26,-1.0935165581649011,0.3073020465915349,2.2775778980503758e-12,0.3190314061374671,0.07664270674534675,0.9375000000047988,8.849098884659089e-05
1.2,-0.4,stripe,58383157,27,-1.0935165591115543,0.30730242990269613,1.67691211397054e-11,0.3190314659243543,0.07664298404763813,0.9375000000047647,8.858517955937791e-05
1.2,-0.4,stripe,58383157,28,-1.093516559986814,0.3073028053258316,2.070454654295558e-11,0.31903150847893996,0.07664325437776412,0.937500000004456,8.856674257950645e-05
1.2,-0.4,stripe,58383157,29,-1.093516561714531,0.3073031683979782,1.8615772436088725e-12,0.31903154023960006,0.07664351502713831,0.937500000004843,8.864698180930807e-05
1.2,-0.4,stripe,58383157,30,-1.0935165604097061,0.3073035496137154,1.4084338003428636e-12,0.3190315904595458,0.07664379302314067,0.9375000000042428,8.864492940706608e-05
1.2,-0.4,stripe,58383157,31,-1.093516561481312,0.3073039262943522,2.9337089784822077e-12,0.31903163747997376,0.07664406649698483,0.9375000000036665,8.87178763174108e-05
1.2,-0.4,stripe,58383157,32,-1.0935165627281276,0.3073042911149114,1.014456467832696e-11,0.3190316679894432,0.07664432743931691,0.937500000004244,8.878962749105305e-05
1.2,-0.4,stripe,58383157,33,-1.0935165647755656,0.3073046566797816,1.9024676956023816e-11,0.31903169057712966,0.07664458491898266,0.93750000000465,8.88010442089196e-05
1.2,-0.4,stripe,58383157,34,-1.0935165617924498,0.30730504504386685,1.7131317728179615e-11,0.31903176052769205,0.07664487580250214,0.9375000000044614,8.88922030018344e-05
1.2,-0.4,stripe,58383157,35,-1.0935165628123675,0.307305424976293,9.802763689538936e-12,0.3190318033609585,0.07664515021164567,0.9375000000041793,8.888885904392579e-05
1.2,-0.4,stripe,58383157,36,-1.0935165636664503,0.30730580217131426,1.7340888718671803e-11,0.31903184723195194,0.07664542206814562,0.9375000000047666,8.895836170555461e-05
1.2,-0.4,stripe,58383157,37,-1.0935165683754113,0.3073061510453078,1.2857319490902314e-11,0.3190318650169755,0.0766456606957641,0.937500000004127,8.912900261218311e-05
1.2,-0.4,stripe,58383157,38,-1.0935165622890923,0.3073065581288515,1.5225020523499474e-12,0.3190319343242651,0.07664596856807937,0.9375000000043797,8.935761165346325e-05
1.2,-0.4,stripe,58383157,39,-1.0935165644925817,0.3073069421350044,3.697032128655836e-12,0.31903198035397784,0.07664624386044237,0.9375000000043905,8.937657605995976e-05
1.2,-0.4,stripe,58383157,40,-1.0935165659795245,0.30730731474267053,1.3408243025733937e-11,0.3190320206642671,0.07664651045598878,0.9375000000041476,8.950715391936581e-05
1.2,-0.4,stripe,58383157,41,-1.0935165657770456,0.30730769680180803,4.0981750181823586e-12,0.3190320695757839,0.07664679018175231,0.9375000000046945,8.954760031865568e-05
1.2,-0.4,stripe,58383157,42,-1.0935165662960777,0.30730807969524576,9.557449428436552e-12,0.3190321122158472,0.07664706777450989,0.9375000000047521,8.960978165044642e-05
1.2,-0.4,stripe,58383157,43,-1.0935165658744592,0.307308463368485,2.4642723781751083e-12,0.3190321518845997,0.0766473574842235,0.9375000000040412,9.018528508141551e-05
1.2,-0.4,stripe,58383157,44,-1.0935165664254745,0.3073088488404086,1.7975696988832312e-11,0.31903219557527707,0.07664763595562622,0.9375000000047222,9.023995119421794e-05
1.2,-0.4,stripe,58383157,45,-1.093516567580469,0.30730922611236017,8.651409657368404e-12,0.31903223308164114,0.07664790605467604,0.937500000003965,9.029230438788544e-05
1.2,-0.4,stripe,58383157,46,-1.093516566934744,0.3073096180432571,6.313889503332353e-12,0.3190322812563325,0.07664819321721732,0.9375000000046491,9.032575422180022e-05
1.2,-0.4,stripe,58383157,47,-1.0935165680459755,0.30731000231817995,3.5317035347434804e-12,0.3190323261523048,0.07664846895076491,0.9375000000046283,9.036647482038324e-05
1.2,-0.4,stripe,58383157,48,-1.0935165681029877,0.3073103942432419,1.2686969878038214e-12,0.3190323700146299,0.07664875625102224,0.9375000000041195,9.04857462392986e-05
1.2,-0.4,stripe,58383157,49,-1.0935165693539068,0.307310776299782,1.7786898755200212e-11,0.31903240940034067,0.07664903295000583,0.93750000000473,9.050405966256208e-05
1.2,-0.4,stripe,58383157,50,-1.0935165689001272,0.30731116959523813,1.229575682512902e-11,0.3190324563105931,0.07664932000003352,0.9375000000045215,9.055914754786643e-05
1.2,-0.4,stripe,58383157,51,-1.0935165701840186,0.3073115539757703,2.8422808413266974e-12,0.3190324977445644,0.07664959678887404,0.9375000000041419,9.061083782823661e-05
1.2,-0.4,stripe,58383157,52,-1.093516577250604,0.3073119304446601,1.3132103795160987e-11,0.319032511242907,0.07664986644770441,0.9375000000037266,9.148114502797697e-05
1.2,-0.4,stripe,58383157,53,-1.0935165723814106,0.30731233845715117,3.992735893840434e-12,0.31903257888447223,0.07665017469539298,0.9375000000043469,9.136580447608651e-05
1.2,-0.4,stripe,58383157,54,-1.0935165741275854,0.30731273262649245,5.864821196459666e-12,0.31903262546124855,0.07665045737425889,0.937500000004326,9.139996600989658e-05
1.2,-0.4,stripe,58383157,55,-1.093516575571191,0.3073131220954081,1.3970818664989093e-11,0.31903266653589213,0.07665072805132973,0.9375000000041303,9.168972348833728e-05
1.2,-0.4,stripe,58383157,56,-1.0935165770244306,0.3073135078903225,7.072867623601385e-12,0.31903271716721865,0.07665101079243998,0.9375000000049868,9.178764325472121e-05
1.2,-0.4,stripe,58383157,57,-1.0935165769689883,0.30731389926431174,6.812482336224571e-12,0.3190327553048667,0.07665129265514668,0.9375000000045184,9.178455272147279e-05
1.2,-0.4,stripe,58383157,58,-1.0935165768274517,0.307314297815047,2.3899839861559415e-12,0.3190328007847703,0.07665158251076128,0.9375000000043804,9.187111818389655e-05
1.2,-0.4,stripe,58383157,59,-1.0935165767059039,0.3073146947199462,5.9321777806855236e-12,0.3190328383368135,0.07665187446019146,0.9375000000036366,9.181079614476644e-05
1.2,-0.4,stripe,58383157,60,-1.09351657934785,0.3073150852650431,2.1700339396416555e-12,0.3190328837426263,0.07665214510203458,0.9375000000048408,9.207011495978546e-05
1.2,-0.4,pairing,58383158,1,-1.0817291908122166,0.038219053922895485,0.032079549372729006,0.04077531393528309,0.001432859602443329,0.9375005503834987,0.26717614811027174
1.2,-0.4,pairing,58383158,2,-1.081776242004466,0.1038138627779702,0.03168015447960669,0.11149153958566159,0.012288633880496155,0.9374997664520701,0.2820086770553515
1.2,-0.4,pairing,58383158,3,-1.0830425545943818,0.21621623725432085,0.020587037289557176,0.23038752290010464,0.04525914989883143,0.9375046947995895,0.3855581051199693
1.2,-0.4,pairing,58383158,4,-1.087931754508429,0.28207863336227146,0.007159690842794466,0.2957861914940239,0.0675066119289758,0.937490111052045,0.20990763588511482
1.2,-0.4,pairing,58383158,5,-1.0918471467776985,0.30139652108661885,0.0019028659361620816,0.31375531358636494,0.07431557723598708,0.9374992973103093,0.06415611011706755
1.2,-0.4,pairing,58383158,6,-1.0931214643868603,0.30600547674176476,0.00048123283386541785,0.3178569099584321,0.07610979032802564,0.9375009612861284,0.016201618762342468
1.2,-0.4,pairing,58383158,7,-1.093426910558904,0.3070643426299755,0.00012052095302018136,0.3187717549475898,0.07655810865118716,0.9375000854131957,0.003915736788554103
1.2,-0.4,pairing,58383158,8,-1.0934961346956789,0.3073091721108379,3.0149168387863463e-05,0.3189788201219348,0.0766672019990959,0.9375000063304966,0.0009443129893197515
1.2,-0.4,pairing,58383158,9,-1.0935119052861801,0.30736674955678844,7.535360520446993e-06,0.319026561317883,0.0766938233960679,0.9375000004325532,0.0002495382437220216
1.2,-0.4,pairing,58383158,10,-1.0935155326280628,0.307380848989676,1.88247073172331e-06,0.31903777658510263,0.07670065650389105,0.9375000000325417,0.00012157674389609986
1.2,-0.4,pairing,58383158,11,-1.0935163920807314,0.3073845805852634,4.700677345003248e-07,0.3190404445797481,0.07670254250811254,0.9374999999325774,0.00010965022779967982
1.2,-0.4,pairing,58383158,12,-1.0935165925351407,0.30738588315206566,1.1734203596345558e-07,0.3190411123027224,0.07670329638696564,0.9375000000034601,0.00010900339477082492
1.2,-0.4,pairing,58383158,13,-1.0935166418586428,0.3073865932601417,2.9286539248090178e-08,0.31904129779863627,0.07670375585094134,0.937500000004493,0.00010895364374680411
1.2,-0.4,pairing,58383158,14,-1.0935166532390412,0.30738717299939833,7.307055028540179e-09,0.3190413809339911,0.07670416722546679,0.9375000000040651,0.00010910282023423641
1.2,-0.4,pairing,58383158,15,-1.0935166566435157,0.30738771505309864,1.821800751978847e-09,0.3190414314566093,0.07670455148619175,0.9375000000041063,0.00010915385885604587
1.2,-0.4,pairing,58383158,16,-1.0935166575681348,0.3073882566233528,4.5789355665064545e-10,0.3190414801447963,0.07670494048712082,0.9375000000042363,0.00010922555659295704
1.2,-0.4,pairing,58383158,17,-1.093516658318423,0.3073887966491144,1.1454525349263757e-10,0.319041524850398,0.07670532873732801,0.9375000000040213,0.00010928489024858306
1.2,-0.4,pairing,58383158,18,-1.093516659811715,0.30738932805991315,3.088890483862646e-11,0.3190415672195244,0.07670570637892306,0.9375000000046209,0.00010938003248945804
1.2,-0.4,pairing,58383158,19,-1.0935166598651975,0.30738986702209925,1.1558441975578722e-11,0.3190416134179496,0.0767060932506576,0.9375000000043449,0.00010945121977375657
1.2,-0.4,pairing,58383158,20,-1.0935166607469207,0.30739040624839187,3.311975845256445e-12,0.319041659222684,0.07670648022944049,0.9375000000039283,0.00010952843489423034
1.2,-0.4,pairing,58383158,21,-1.0935166612223657,0.30739094963056923,1.5724551040253863e-12,0.3190417061688235,0.0767068673516252,0.9375000000038844,0.00010959549813388251
1.2,-0.4,pairing,58383158,22,-1.0935166620694052,0.30739148932826355,9.053107049200476e-12,0.31904174535760316,0.07670725458421519,0.9375000000041483,0.00010966481638572288
1.2,-0.4,pairing,58383158,23,-1.0935166629590947,0.30739202916416597,8.556708740260788e-13,0.31904178873687905,0.07670764071642039,0.9375000000035617,0.00010975064944505262
1.2,-0.4,pairing,58383158,24,-1.093516663493578,0.3073925711974867,3.780763049216974e-12,0.3190418349018839,0.07670802836399807,0.9375000000038782,0.00010982675709732514
1.2,-0.4,pairing,58383158,25,-1.0935166634799312,0.30739312111570033,1.6467571519091378e-12,0.3190418744411882,0.07670841963246242,0.9375000000039337,0.00011010348435620804
1.2,-0.4,pairing,58383158,26,-1.0935166648721648,0.3073936662629392,1.8939724709365985e-12,0.3190419185382325,0.07670880903537984,0.9375000000044498,0.00011013050679903944
1.2,-0.4,pairing,58383158,27,-1.0935166656943747,0.30739421202878026,1.3616580639352939e-11,0.319041962477397,0.076709198360017,0.9375000000043505,0.00011026218747229167
1.2,-0.4,pairing,58383158,28,-1.093516670634955,0.3073947303227065,3.232351408795525e-12,0.3190420014022785,0.07670955852642992,0.9375000000041238,0.00011066930644953902
1.2,-0.4,pairing,58383158,29,-1.0935166665583762,0.3073952840270738,1.5973001785451894e-12,0.3190420482220959,0.07670995585748443,0.9375000000018252,0.00011069924993287127
1.2,-0.4,pairing,58383158,30,-1.0935166676776313,0.3073958411482067,3.4796276462279805e-12,0.31904209419321355,0.07671036119718382,0.937500000004264,0.00011086320928761866
1.2,-0.4,pairing,58383158,31,-1.093516664048536,0.30739642308943593,6.771789391363671e-12,0.3190421342824072,0.0767107842523602,0.9375000000038428,0.00011121761518643226
1.2,-0.4,pairing,58383158,32,-1.093516667632393,0.30739698836112417,3.394269997795352e-12,0.3190421875393485,0.07671118010671941,0.9375000000036326,0.00011150930373628652
1.2,-0.4,pairing,58383158,33,-1.0935166706290218,0.3073975371950075,5.708173716537491e-12,0.319042228557183,0.07671156727063612,0.937500000003599,0.0001120493771517874
1.2,-0.4,pairing,58383158,34,-1.093516670449828,0.3073980938330419,1.0227808347621794e-11,0.31904227169032573,0.07671196758300387,0.9375000000046259,0.0001121476570929724
1.2,-0.4,pairing,58383158,35,-1.0935166728958507,0.30739864758946145,1.4066283944434768e-12,0.3190423170632743,0.07671236117006563,0.937500000004139,0.00011231696386230193
1.2,-0.4,pairing,58383158,36,-1.0935166731007284,0.3073992029307102,5.293790541203182e-12,0.31904235365431677,0.07671275706539887,0.9375000000040661,0.00011234540917301713
1.2,-0.4,pairing,58383158,37,-1.093516673469408,0.30739976425465054,2.698384339662097e-12,0.3190424042026515,0.07671315896705981,0.9375000000044316,0.00011244002310132668
1.2,-0.4,pairing,58383158,38,-1.0935166741292035,0.30740032542109114,8.214408132682888e-12,0.31904244355338574,0.07671355915897413,0.9375000000047052,0.00011251021354944673
1.2,-0.4,pairing,58383158,39,-1.0935166744985914,0.3074008923713605,3.774855252246516e-12,0.3190424865534018,0.07671396442201851,0.9375000000043971,0.00011259447272948768
1.2,-0.4,pairing,58383158,40,-1.0935166755825274,0.3074014567014698,6.2038322368619775e-12,0.31904253531512955,0.07671436714604102,0.9375000000040014,0.00011265780532400043
1.2,-0.4,pairing,58383158,41,-1.0935166745783536,0.3074020246522423,1.99899163173421e-12,0.3190425739409883,0.07671477326905515,0.9375000000041125,0.00011267246596442508
1.2,-0.4,pairing,58383158,42,-1.0935166777836063,0.3074025848474451,4.008548355636221e-12,0.3190426194567896,0.07671517300519812,0.9375000000042675,0.00011282576379735457
1.2,-0.4,pairing,58383158,43,-1.0935166774205969,0.30740315721620537,5.2780418534309625e-12,0.3190426729407567,0.07671558230252015,0.9375000000040511,0.00011292477698191464
1.2,-0.4,pairing,58383158,44,-1.093516678919179,0.30740371661212634,7.391835033455263e-12,0.3190427065706341,0.07671597733486747,0.9375000000037093,0.00011298957884118879
1.2,-0.4,pairing,58383158,45,-1.0935166785848387,0.307404290899449,1.5753366834626305e-12,0.3190427528277589,0.07671639093545533,0.9375000000042714,0.0001130423753799855
1.2,-0.4,pairing,58383158,46,-1.0935166798120104,0.30740486096306696,8.873234029502201e-12,0.31904279901543503,0.07671679652734063,0.9375000000045994,0.00011315496991566981
1.2,-0.4,pairing,58383158,47,-1.0935166802361738,0.30740543720266295,2.787346852525842e-12,0.3190428431019812,0.07671720974141152,0.9375000000043971,0.00011332597849168716
1.2,-0.4,pairing,58383158,48,-1.0935166793445754,0.30740601605044515,9.061305847359697e-13,0.3190428874079547,0.07671762122507896,0.9375000000042075,0.00011323196039745292
1.2,-0.4,pairing,58383158,49,-1.0935166827779663,0.30740658542873595,3.647523678019517e-12,0.3190429307600599,0.07671802735484659,0.9375000000040531,0.00011353820444963789
1.2,-0.4,pairing,58383158,50,-1.0935166829752152,0.3074071526952698,4.3844227441963215e-12,0.319042974852416,0.07671843123884005,0.937500000003818,0.00011354800119190185
1.2,-0.4,pairing,58383158,51,-1.0935166835654737,0.30740772337513667,5.834020793032153e-12,0.3190430170751482,0.07671883740622457,0.937500000003684,0.00011365948334537583
1.2,-0.4,pairing,58383158,52,-1.093516683833591,0.30740830208571895,4.53070562537331e-12,0.31904305994354343,0.07671925057058632,0.9375000000029186,0.00011371492708577747
1.2,-0.4,pairing,58383158,53,-1.093516685059319,0.3074088725607671,8.42312909791978e-12,0.31904309750875687,0.07671965477252496,0.9375000000044227,0.00011381592715151567
1.2,-0.4,pairing,58383158,54,-1.0935166853728089,0.307409451648814,2.853734747617772e-12,0.3190431420352411,0.07672006887824176,0.9375000000045884,0.0001138943914293151
1.2,-0.4,pairing,58383158,55,-1.0935166861462775,0.30741003083480123,4.4179037945052324e-12,0.3190431869094959,0.07672048151731682,0.9375000000040793,0.00011401021006539418
1.2,-0.4,pairing,58383158,56,-1.093516684976824,0.3074106240805697,2.1083773251413724e-12,0.3190432287406471,0.0767209245307237,0.9375000000041052,0.00011420566931673007
1.2,-0.4,pairing,58383158,57,-1.0935166862435315,0.3074112113223139,2.172836410982314e-12,0.31904327839312197,0.07672133974649795,0.9375000000045599,0.00011435130435619159
1.2,-0.4,pairing,58383158,58,-1.093516689364997,0.30741178265552976,2.3147955238022554e-12,0.3190433203118229,0.07672172567483358,0.9375000000042025,0.00011433480224766226
1.2,-0.4,pairing,58383158,59,-1.0935166882265888,0.3074123756949878,3.649995077365935e-12,0.31904336387955934,0.07672217786655305,0.9375000000040247,0.00011455656789221477
1.2,-0.4,pairing,58383158,60,-1.093516690550483,0.30741294568896144,2.824102527490243e-12,0.31904340977319134,0.0767225626196268,0.9375000000035778,0.00011473754185264588
1.2,-0.2,stripe,58383161,1,-0.8366610375395763,0.3005107405607059,0.000572044347068788,0.3132975242483598,0.0729169724356755,0.9375028271168475,0.19074438294948043
1.2,-0.2,stripe,58383161,2,-0.8408259909607007,0.31290012291862507,0.00015399978616880962,0.3249242692873417,0.07659699013759864,0.9375004088620204,0.03776257467174318
1.2,-0.2,stripe,58383161,3,-0.8417190990042345,0.31561682698608456,4.630268126360649e-05,0.32738029131775104,0.07782106927418234,0.937500045140105,0.008800544562809893
1.2,-0.2,stripe,58383161,4,-0.841927753780422,0.31618571236030474,1.4002327559831619e-05,0.3278832680372013,0.07806612754979415,0.9375000042685548,0.0019038290712589986
1.2,-0.2,stripe,58383161,5,-0.8419685393059138,0.3163101678446109,4.257218216848877e-06,0.3279914700335769,0.07812677311635496,0.9375000004079624,0.00043657427870449125
1.2,-0.2,stripe,58383161,6,-0.8419776059326953,0.31633738759763796,1.294156624920256e-06,0.32801484249522145,0.07813992522700719,0.9375000000416296,9.975031545512487e-05
1.2,-0.2,stripe,58383161,7,-0.8419795248110212,0.31634351015646534,3.9351668108063687e-07,0.32802002458801144,0.07814302826488205,0.9375000000085134,3.128581587057134e-05
1.2,-0.2,stripe,58383161,8,-0.8419799540391442,0.3163449329055287,1.196546178488587e-07,0.32802117994087626,0.07814376241214994,0.9375000000035348,2.2550029930794943e-05
1.2,-0.2,stripe,58383161,9,-0.8419800490404679,0.31634530275867245,3.6378683667778884e-08,0.3280214477193674,0.07814396330335185,0.9375000000044159,2.2022573550249998e-05
1.2,-0.2,stripe,58383161,10,-0.8419800694185261,0.31634544577369317,1.1062523276215111e-08,0.32802151251694106,0.07814405766362285,0.937500000004291,2.1996726927186703e-05
1.2,-0.2,stripe,58383161,11,-0.8419800743517133,0.3163455354492232,3.3652898208835895e-09,0.328021539819027,0.07814411867378566,0.9375000000041614,2.1994090673597526e-05
1.2,-0.2,stripe,58383161,12,-0.8419800760299982,0.31634560452628996,1.0197763457315384e-09,0.3280215469562404,0.07814416789166571,0.9375000000049776,2.195858199323181e-05
1.2,-0.2,stripe,58383161,13,-0.8419800755778938,0.31634567642568556,3.101634234285193e-10,0.3280215562320868,0.07814422342995378,0.937500000005742,2.1954426940154508e-05
1.2,-0.2,stripe,58383161,14,-0.8419800758992892,0.31634574842567775,9.152683480893342e-11,0.32802156641921365,0.07814427623266426,0.937500000004228,2.195519915991906e-05
1.2,-0.2,stripe,58383161,15,-0.84198007569179,0.31634582194269006,2.445673904696119e-11,0.32802157575952023,0.0781443329497892,0.9375000000034016,2.19512397312353e-05
1.2,-0.2,stripe,58383161,16,-0.8419800761075409,0.31634589066614316,5.843348588397588e-12,0.32802158326593966,0.07814438312900239,0.937500000003652,2.1921968465753172e-05
1.2,-0.2,stripe,58383161,17,-0.8419800761916251,0.3163459626888751,7.909165828955383e-12,0.3280215945378792,0.07814443860650676,0.9375000000036514,2.196244491559958e-05
1.2,-0.2,stripe,58383161,18,-0.8419800760946679,0.3163460336628928,4.335961969569237e-12,0.3280216004972997,0.07814449032160338,0.9375000000038485,2.1921927408956324e-05
1.2,-0.2,stripe,58383161,19,-0.8419800763896529,0.3163461029158512,6.9350973626858595e-12,0.32802160339916886,0.07814454669634575,0.9375000000047147,2.1957668365425827e-05
1.2,-0.2,stripe,58383161,20,-0.8419800767853372,0.31634616997561094,2.886802111611559e-12,0.3280216114085833,0.07814459331044495,0.9375000000039249,2.193784520710273e-05
1.2,-0.2,stripe,58383161,21,-0.8419800760629849,0.3163462421654335,3.2917139878051693e-12,0.3280216202236484,0.07814464697475415,0.93750000000312,2.19185122367505e-05
1.2,-0.2,stripe,58383161,22,-0.841980076096702,0.31634631485458536,1.4548209777769345e-11,0.328021636135614,0.07814470169920586,0.9375000000042112,2.1905614825746424e-05
1.2,-0.2,stripe,58383161,23,-0.8419800762640993,0.31634638588199515,1.004028513829014e-11,0.32802164319220734,0.07814475712735282,0.9375000000046888,2.1927462486966864e-05
1.2,-0.2,stripe,58383161,24,-0.8419800767619151,0.3163464541074912,6.596469939845281e-12,0.32802164713261833,0.0781448070297212,0.9375000000041125,2.1878863796786418e-05
1.2,-0.2,stripe,58383161,25,-0.8419800763583603,0.31634652444192507,3.5687629432319003e-12,0.32802166413870726,0.07814485905900946,0.9375000000029297,2.1913031029161975e-05
1.2,-0.2,stripe,58383161,26,-0.8419800764902727,0.3163465947167799,5.05958490367713e-12,0.3280216675666931,0.07814491369061308,0.9375000000035081,2.190871846653603e-05
1.2,-0.2,stripe,58383161,27,-0.8419800768119517,0.31634666565949976,4.729225168772932e-12,0.328021675668362,0.07814496567897947,0.9375000000046317,2.189691731790105e-05
1.2,-0.2,stripe,58383161,28,-0.8419800761578641,0.31634673989578505,7.344360424192539e-12,0.32802168645531404,0.07814502268188826,0.9375000000042651,2.1895164871809828e-05
1.2,-0.2,stripe,58383161,29,-0.8419800768264123,0.3163468077884142,3.4716445005085534e-12,0.3280216965059917,0.07814506999874585,0.9375000000038856,2.1856749452111433e-05
1.2,-0.2,stripe,58383161,30,-0.8419800768344603,0.31634687536327927,2.7943833349722875e-12,0.32802169894074173,0.07814512267526834,0.9375000000027061,2.1858006207714274e-05
1.2,-0.2,stripe,58383161,31,-0.8419800763455991,0.31634694826235127,6.1244097855135924e-12,0.32802171189629553,0.07814517678380238,0.9375000000035041,2.187892124215862e-05
1.2,-0.2,stripe,58383161,32,-0.8419800756264697,0.31634702753572147,8.508672641900854e-12,0.3280217263716543,0.07814523891679132,0.9375000000035983,2.1867041845400543e-05
1.2,-0.2,stripe,58383161,33,-0.8419800764507456,0.3163470979176328,9.583461089430724e-12,0.32802172926432116,0.0781452922744634,0.9375000000036142,2.185765839825001e-05
1.2,-0.2,stripe,58383161,34,-0.8419800775403437,0.31634715904407,3.317589805734372e-12,0.3280217324082445,0.07814533475079055,0.9375000000037701,2.187620453681456e-05
1.2,-0.2,stripe,58383161,35,-0.8419800763796584,0.31634723152789446,2.3539849131579126e-11,0.32802174107190274,0.07814538904214954,0.9375000000041713,2.1827018279934833e-05
1.2,-0.2,stripe,58383161,36,-0.8419800765022115,0.3163473029343901,3.3814609281636686e-11,0.3280217520742113,0.07814544011086362,0.9375000000062818,2.1817826151440405e-05
1.2,-0.2,stripe,58383161,37,-0.8419800766745003,0.3163473750846379,1.3599116332968074e-11,0.3280217602295141,0.07814550065222908,0.9375000000035675,2.1856329829444144e-05
1.2,-0.2,stripe,58383161,38,-0.8419800765070177,0.3163474451601515,8.643803058705821e-12,0.328021773584488,0.07814554985971826,0.9375000000040427,2.1805917257295945e-05
1.2,-0.2,stripe,58383161,39,-0.841980076587864,0.3163475181989107,4.8346056423299084e-11,0.3280217787851762,0.0781456091366683,0.9375000000033988,2.1854013668127883e-05
1.2,-0.2,stripe,58383161,40,-0.8419800769328585,0.3163475904289695,2.5882361475330865e-11,0.3280217892306393,0.07814566830036201,0.937500000004592,2.1927368106596503e-05
1.2,-0.2,stripe,58383161,41,-0.8419800771106967,0.3163476565481604,2.0375068083417802e-11,0.3280217907772146,0.07814570747876566,0.9375000000024355,2.186830705822351e-05
1.2,-0.2,stripe,58383161,42,-0.8419800761943431,0.31634773046324,1.5555956956281247e-11,0.32802180720049995,0.07814576530229629,0.937500000004883,2.1796409414479166e-05
1.2,-0.2,stripe,58383161,43,-0.8419800769757207,0.31634780271946555,2.279253292478072e-11,0.3280218189978146,0.07814582428370898,0.9375000000043724,2.1895511429247018e-05
1.2,-0.2,stripe,58383161,44,-0.8419800772182982,0.3163478696661754,3.694580550520252e-11,0.3280218178305288,0.07814586922836174,0.9375000000049563,2.18520665467233e-05
1.2,-0.2,stripe,58383161,45,-0.8419800770760001,0.31634794416855994,1.3578893774816612e-11,0.3280218339196635,0.07814593352732938,0.9375000000038582,2.1905241656157556e-05
1.2,-0.2,stripe,58383161,46,-0.8419800774818701,0.3163480141332207,8.386032280750497e-12,0.32802184211031993,0.07814598688680853,0.9375000000072183,2.186209108761761e-05
1.2,-0.2,stripe,58383161,47,-0.8419800770845973,0.3163480846865815,3.573552244747813e-11,0.3280218464234651,0.07814603704066843,0.937500000007308,2.1834370912816362e-05
1.2,-0.2,stripe,58383161,48,-0.8419800763245566,0.3163481591763994,9.322097433222955e-12,0.3280218599818584,0.07814608949563766,0.9375000000036999,2.180810282617275e-05
1.2,-0.2,stripe,58383161,49,-0.8419800776258437,0.31634822757878833,5.322853348513227e-12,0.3280218632742148,0.07814614514774826,0.9375000000034588,2.1896050009880333e-05
1.2,-0.2,stripe,58383161,50,-0.8419800772112277,0.31634829927670477,2.1992324925879607e-11,0.32802187470384686,0.07814619806066624,0.9375000000044766,2.182082630168106e-05
1.2,-0.2,stripe,58383161,51,-0.8419800765755234,0.31634837028120133,2.783677417698132e-11,0.3280218864809445,0.07814624776900674,0.937500000004643,2.1860271517615314e-05
1.2,-0.2,stripe,58383161,52,-0.8419800772267415,0.3163484414437196,6.772199820238242e-12,0.32802189548238947,0.0781463079103534,0.9375000000048631,2.1856663979259512e-05
1.2,-0.2,stripe,58383161,53,-0.8419800776262166,0.3163485107274451,3.6249461227705875e-11,0.3280219026889914,0.078146358959668,0.9375000000061965,2.1826883077537714e-05
1.2,-0.2,stripe,58383161,54,-0.8419800770433805,0.31634858402111793,1.3716434576803536e-11,0.3280219097912795,0.0781464141365774,0.9375000000062267,2.1815080809117377e-05
1.2,-0.2,stripe,58383161,55,-0.8419800776516654,0.31634865285582764,2.8908382384512492e-12,0.32802191535421327,0.0781464634681163,0.9375000000041043,2.181000820497887e-05
1.2,-0.2,stripe,58383161,56,-0.8419800773009509,0.31634872666904906,1.12651667600211e-11,0.3280219278250573,0.0781465216585864,0.9375000000052325,2.1779600870876952e-05
1.2,-0.2,stripe,58383161,57,-0.8419800792509837,0.31634878311751324,3.2545218508266903e-12,0.3280219213288502,0.07814656096324431,0.9375000000045548,2.181923803919698e-05
1.2,-0.2,stripe,58383161,58,-0.8419800762847852,0.3163488652371652,4.3687160456328e-12,0.328021943724732,0.07814662572116578,0.9375000000046031,2.1792648303191185e-05
1.2,-0.2,stripe,58383161,59,-0.8419800774215745,0.31634893564695016,9.359949352520536e-12,0.3280219475076208,0.0781466738619569,0.9375000000045394,2.1824088612890768e-05
1.2,-0.2,stripe,58383161,60,-0.8419800778519282,0.31634900825295303,6.441289926857297e-12,0.32802196106028975,0.0781467310736144,0.9375000000043204,2.1820706003567925e-05
1.2,-0.2,pairing,58383164,1,-0.8261765339504101,0.0447879320303224,0.030326754083365503,0.04724895908724391,0.002071551568085424,0.9374997618158469,0.2898407183658351
1.2,-0.2,pairing,58383164,2,-0.8261079137372684,0.13734767508635903,0.027680895386122357,0.1451325717362099,0.021262791781667116,0.9374997076843703,0.3791401120181429
1.2,-0.2,pairing,58383164,3,-0.8297813498521454,0.2564966443208645,0.012027414322394726,0.2690632129840946,0.05801990435320488,0.9374979497952363,0.3719223918588864
1.2,-0.2,pairing,58383164,4,-0.8374136491430617,0.302586707254085,0.003036917276819158,0.3149694706063725,0.07292989677458843,0.9375006433967873,0.13572950560835978
1.2,-0.2,pairing,58383164,5,-0.8409103450735111,0.31344002026338774,0.0006947669351516282,0.32533312180719853,0.07691512447830966,0.937503873258959,0.03350092430635925
1.2,-0.2,pairing,58383164,6,-0.8417566757394833,0.3157412171678158,0.00015916854563562236,0.3274625920862496,0.0778738521705558,0.9375002662461719,0.007583937646442727
1.2,-0.2,pairing,58383164,7,-0.8419331773272569,0.31622982003874095,3.677840062682676e-05,0.3279046292418466,0.07809418560938901,0.937500016288644,0.0017023764065738753
1.2,-0.2,pairing,58383164,8,-0.8419700505792702,0.3163354413710995,8.51421862447071e-06,0.3279986553643966,0.07814425570726216,0.9375000009137661,0.00038343913458453906
1.2,-0.2,pairing,58383164,9,-0.8419778994610236,0.3163586886508819,1.9732888076932363e-06,0.32801909187966377,0.0781556634883621,0.9375000000537737,8.91176403941505e-05
1.2,-0.2,pairing,58383164,10,-0.8419796029261943,0.31636389786375585,4.574253416991016e-07,0.3280236022817285,0.07815826625519226,0.9375000000021796,2.9249112299224435e-05
1.2,-0.2,pairing,58383164,11,-0.8419799765018461,0.31636512120988897,1.0603195941031933e-07,0.32802461102018016,0.0781589019317116,0.9375000000039931,2.223233635546386e-05
1.2,-0.2,pairing,58383164,12,-0.8419800601418312,0.3163654437818554,2.4577426532253944e-08,0.32802483111945124,0.07815908122016803,0.9374999999954757,2.1809245558209696e-05
1.2,-0.2,pairing,58383164,13,-0.8419800773513703,0.3163655810000303,5.697408864611523e-09,0.3280248986544231,0.07815917078901431,0.9374999999950466,2.180047255717646e-05
1.2,-0.2,pairing,58383164,14,-0.8419800821724643,0.3163656672870567,1.320773556164222e-09,0.32802492135362576,0.07815923219970415,0.9374999999934442,2.1816007381670703e-05
1.2,-0.2,pairing,58383164,15,-0.8419800827623117,0.3163657467108561,3.15277745039781e-10,0.32802493648675707,0.07815929103295183,0.9374999999929374,2.1787022435692938e-05
1.2,-0.2,pairing,58383164,16,-0.8419800835761404,0.31636581823878174,1.193366372024757e-10,0.32802494498009854,0.07815934297160632,0.9374999999987504,2.1776602903968228e-05
1.2,-0.2,pairing,58383164,17,-0.8419800849475745,0.3163658762034517,5.546034593845815e-11,0.32802493903550034,0.07815938917348557,0.9375000000040196,2.183722779908584e-05
1.2,-0.2,pairing,58383164,18,-0.8419800822659889,0.31636596173859916,1.1468978839454155e-11,0.32802495619408556,0.07815945347824922,0.9374999999961702,2.183669649799664e-05
1.2,-0.2,pairing,58383164,19,-0.8419800839658009,0.316366028182116,8.222041135599583e-12,0.32802495333163684,0.07815950305809405,0.9374999999899658,2.178137341162076e-05
1.2,-0.2,pairing,58383164,20,-0.8419800834735828,0.3163661012592939,4.296061842753713e-11,0.3280249607684246,0.0781595561119674,0.9375000000030913,2.1782814630762572e-05
1.2,-0.2,pairing,58383164,21,-0.8419800829253475,0.31636617746026185,4.87883802192034e-11,0.3280249710762639,0.0781596154460244,0.9375000000042585,2.17523256834918e-05
1.2,-0.2,pairing,58383164,22,-0.8419800823267426,0.3163662576510254,8.747407217713454e-12,0.32802498526761426,0.07815969029174616,0.9374999999930591,2.2257387025230868e-05
1.2,-0.2,pairing,58383164,23,-0.8419800831603392,0.3163663321447146,6.627701098967637e-12,0.32802500170934157,0.0781597334016915,0.9374999999861627,2.1728363690114228e-05
1.2,-0.2,pairing,58383164,24,-0.841980082864968,0.3163664080276808,7.134033341405194e-11,0.32802501126376554,0.07815980516878752,0.9374999999729122,2.2240745802801773e-05
1.2,-0.2,pairing,58383164,25,-0.8419800840897337,0.31636647213133434,5.531421995163475e-11,0.3280250143255921,0.07815983580205146,0.9375000000044968,2.1750204849098686e-05
1.2,-0.2,pairing,58383164,26,-0.8419800822681329,0.3163665550868574,7.472552261029495e-12,0.32802502510417103,0.07815991575324625,0.9374999999674192,2.2219227433088637e-05
1.2,-0.2,pairing,58383164,27,-0.841980083603929,0.3163666190369036,2.9624082933781124e-11,0.3280250262332927,0.07815995756925607,0.9374999999822128,2.211856085994336e-05
1.2,-0.2,pairing,58383164,28,-0.8419800819298648,0.31636669911435383,1.1138347553526273e-11,0.3280250373017864,0.0781600223942114,0.9374999999980453,2.2119863216337053e-05
1.2,-0.2,pairing,58383164,29,-0.8419800830959369,0.3163667700556541,6.861028133947882e-12,0.3280250461581667,0.0781600763445082,0.9375000000034655,2.2111948272803907e-05
1.2,-0.2,pairing,58383164,30,-0.8419800817383482,0.3163668539451383,1.0084289609991608e-10,0.32802505902175666,0.07816013626424971,0.9374999999956554,2.2135333100004286e-05
1.2,-0.2,pairing,58383164,31,-0.8419800833942471,0.31636692222313845,1.323593390996745e-11,0.3280250678299111,0.07816018922845704,0.9375000000035357,2.2121979849173486e-05
1.2,-0.2,pairing,58383164,32,-0.8419800831809657,0.3163669924596464,2.0149348202784875e-09,0.32802506582983515,0.07816024278442536,0.9374999999719337,2.2103918303527426e-05
1.2,-0.2,pairing,58383164,33,-0.8419800831772772,0.31636706310951673,6.994219503770514e-10,0.32802507371393946,0.07816029304402415,0.9375000000029183,2.2154259682829414e-05
1.2,-0.2,pairing,58383164,34,-0.841980082653651,0.31636714130358384,1.0360965513936691e-10,0.32802508724717916,0.0781603512321719,0.9375000000037648,2.2154130113044072e-05
1.2,-0.2,pairing,58383164,35,-0.8419800831642161,0.31636721548872043,2.2642204229825472e-11,0.3280250949842084,0.07816040660201834,0.937499999996949,2.213143019718523e-05
1.2,-0.2,pairing,58383164,36,-0.841980082923366,0.3163672866622221,1.0188915577952918e-11,0.3280250982861887,0.0781604600163691,0.9375000000045804,2.2084884402413348e-05
1.2,-0.2,pairing,58383164,37,-0.8419800828102167,0.31636736409397537,5.537215818646147e-12,0.328025103084237,0.07816051322309626,0.9374999999974281,2.2142611179866393e-05
1.2,-0.2,pairing,58383164,38,-0.8419800833956227,0.316367432586794,6.678123584978733e-12,0.3280251141020519,0.07816056855654092,0.9374999999922302,2.2133804442694362e-05
1.2,-0.2,pairing,58383164,39,-0.8419800819796418,0.3163675197851943,4.011055066082999e-12,0.3280251315462333,0.07816063113360117,0.9374999999803685,2.2098270905782827e-05
1.2,-0.2,pairing,58383164,40,-0.8419800835947265,0.3163675888449058,9.043545607392287e-12,0.32802513974165814,0.0781606850531359,0.9374999999888293,2.211217997579345e-05
1.2,-0.2,pairing,58383164,41,-0.8419800831855807,0.3163676621824487,7.308260446718188e-11,0.3280251461110854,0.07816074014936245,0.9374999999850515,2.2123501736565802e-05
1.2,-0.2,pairing,58383164,42,-0.8419800831571773,0.3163677364750728,2.515770555147005e-11,0.32802515736258914,0.0781607964471618,0.9375000000024903,2.2098184883513254e-05
1.2,-0.2,pairing,58383164,43,-0.8419800832646845,0.3163678096011373,1.1440257559914197e-11,0.32802516293602085,0.07816085016229775,0.9374999999984411,2.210638265285855e-05
1.2,-0.2,pairing,58383164,44,-0.8419800829237826,0.3163678859455538,1.8787502716114826e-11,0.32802517645684687,0.07816090719162336,0.937499999999921,2.209162457941013e-05
1.2,-0.2,pairing,58383164,45,-0.8419800837769851,0.3163679560411011,8.140413812392906e-12,0.3280251737633189,0.078160960138956,0.9374999999872112,2.2121499271354894e-05
1.2,-0.2,pairing,58383164,46,-0.8419800825198437,0.31636803812883557,1.1933900107132889e-11,0.3280251943101132,0.07816102392607206,0.9374999999831192,2.2092181838223137e-05
1.2,-0.2,pairing,58383164,47,-0.8419800838775023,0.3163681077617105,1.926685341398364e-11,0.32802520143973724,0.07816107385314025,0.9374999999835446,2.2065151962361934e-05
1.2,-0.2,pairing,58383164,48,-0.8419800835205008,0.3163681815575699,1.3565499732506312e-11,0.32802520477036096,0.07816112790588123,0.9374999999889135,2.2071436286406416e-05
1.2,-0.2,pairing,58383164,49,-0.8419800838864188,0.31636825150195974,1.6674963192821977e-11,0.32802520712607564,0.07816117884587165,0.9375000000034072,2.2068139488384374e-05
1.2,-0.2,pairing,58383164,50,-0.84198008329602,0.3163683281461567,8.2285876749801e-12,0.3280252204938105,0.0781612368523604,0.937499999980989,2.2045454497566667e-05
1.2,-0.2,pairing,58383164,51,-0.8419800834914147,0.31636840032265845,5.392749498389235e-12,0.3280252293077702,0.0781612793889936,0.9375000000009005,2.2127163379599373e-05
1.2,-0.2,pairing,58383164,52,-0.8419800830541551,0.3163684777885469,1.893225878877718e-11,0.32802523774823633,0.078161337509951,0.9375000000052837,2.208641034167771e-05
1.2,-0.2,pairing,58383164,53,-0.8419800833852922,0.31636855416580417,2.3423543268909552e-11,0.32802524717273784,0.07816139574310538,0.9374999999819755,2.206766481465224e-05
1.2,-0.2,pairing,58383164,54,-0.841980083644087,0.3163686289754644,4.075166844729671e-11,0.32802525787770664,0.07816145192384787,0.937499999977261,2.2068077960501647e-05
1.2,-0.2,pairing,58383164,55,-0.8419800837403889,0.3163687033381089,1.2996012871102732e-11,0.32802526604858373,0.07816150200604746,0.9374999999786169,2.2076009783716104e-05
1.2,-0.2,pairing,58383164,56,-0.841980082963577,0.3163687799551639,8.046531267160464e-12,0.32802527679363463,0.07816156595897643,0.9375000000024254,2.2075146546240086e-05
1.2,-0.2,pairing,58383164,57,-0.8419800839049357,0.31636885228452,4.817514899651178e-12,0.32802528153388283,0.07816162042093654,0.9374999999947454,2.2050320809836528e-05
1.2,-0.2,pairing,58383164,58,-0.8419800843147183,0.31636892048176624,6.472578746983682e-12,0.3280252865720274,0.07816166948814503,0.9374999999808249,2.2039808184285262e-05
1.2,-0.2,pairing,58383164,59,-0.8419800836639723,0.3163689975833171,6.264478294102795e-12,0.32802529818269544,0.07816172403246939,0.9374999999938455,2.2067779191006795e-05
1.2,-0.2,pairing,58383164,60,-0.8419800833481718,0.3163690738876378,2.2140824944741568e-11,0.3280253078789078,0.07816178607886248,0.9374999999803196,2.2052026412231836e-05
1.2,0.0,stripe,58383165,1,-0.584274232600697,0.3091029548359008,0.0005661232386585516,0.32189453262852896,0.07418168836441827,0.9375042538043574,0.20591922885018463
1.2,0.0,stripe,58383165,2,-0.5902534859614513,0.322663629635509,0.00015698145267009297,0.3345994482510143,0.07846331116502252,0.9375005304482111,0.041189498516376814
1.2,0.0,stripe,58383165,3,-0.5914970517059305,0.3254324908571385,5.1305896328968795e-05,0.33709028035140887,0.07978458355513579,0.9375000679631468,0.009043735717576174
1.2,0.0,stripe,58383165,4,-0.5917662428657131,0.32597274731090664,1.683691765543721e-05,0.3375645836022425,0.08002915456292777,0.9375000074700478,0.0018583754894728232
1.2,0.0,stripe,58383165,5,-0.591814010915368,0.3260854835431577,5.5853316615357484e-06,0.3376617380899899,0.08008908381805933,0.9375000008374126,0.00040882290021766797
1.2,0.0,stripe,58383165,6,-0.5918242973726218,0.32610870731979236,1.851541224166161e-06,0.33768155355279095,0.08010097564191963,0.9375000000880136,8.784784080288012e-05
1.2,0.0,stripe,58383165,7,-0.5918262984095202,0.32611367028004506,6.143505858671435e-07,0.3376857723436581,0.08010370934124332,0.937500000009706,2.2604792894640795e-05
1.2,0.0,stripe,58383165,8,-0.5918267363772307,0.32611470205984416,2.0381939185556233e-07,0.33768666371457656,0.08010425940283011,0.937499999998996,1.2410567808149037e-05
1.2,0.0,stripe,58383165,9,-0.591826825339801,0.32611490927860165,6.762595586823693e-08,0.33768686127404907,0.08010437145186387,0.9374999999987628,1.1695675763501242e-05
1.2,0.0,stripe,58383165,10,-0.5918268455057503,0.3261149335949891,2.2436491058475847e-08,0.33768690573179466,0.08010437974178806,0.9374999999960812,1.1650451610316714e-05
1.2,0.0,stripe,58383165,11,-0.5918268503302924,0.326114912674508,7.444886700118966e-09,0.33768690378570204,0.08010436014749532,0.9374999999972845,1.165408975618734e-05
1.2,0.0,stripe,58383165,12,-0.5918268500270416,0.3261148949602242,2.471084611614999e-09,0.3376869147831051,0.08010434755652249,0.9374999999960882,1.1625992498268195e-05
1.2,0.0,stripe,58383165,13,-0.5918268510016563,0.32611486737397516,8.178129705139607e-10,0.3376869119550011,0.08010432478512508,0.9374999999986201,1.1632675064611839e-05
1.2,0.0,stripe,58383165,14,-0.5918268510681228,0.32611483959710275,2.714641177263021e-10,0.337686911354611,0.08010430433217344,0.9374999999965887,1.1635578468142608e-05
1.2,0.0,stripe,58383165,15,-0.5918268512598692,0.32611481119077373,9.172417221261123e-11,0.33768690307180893,0.08010428055345162,0.9374999999962984,1.1630094679002445e-05
1.2,0.0,stripe,58383165,16,-0.5918268507690115,0.32611478636695856,2.824163531749666e-11,0.33768690163632226,0.0801042614289948,0.9374999999955121,1.1624361713807909e-05
1.2,0.0,stripe,58383165,17,-0.5918268505533321,0.3261147633831185,1.569293926964934e-11,0.3376869097570813,0.08010424575667079,0.9374999999959187,1.162812496113931e-05
1.2,0.0,stripe,58383165,18,-0.5918268514374982,0.3261147339550939,4.0511337138503e-12,0.33768690493600223,0.08010422149251399,0.9374999999947521,1.160406178767084e-05
1.2,0.0,stripe,58383165,19,-0.5918268506323713,0.3261147109889298,4.92598847081485e-12,0.3376869070558209,0.08010420398328703,0.937499999996136,1.1601060090840364e-05
1.2,0.0,stripe,58383165,20,-0.5918268514428172,0.3261146819290647,2.409378335530649e-12,0.33768690498548065,0.08010417891791345,0.9374999999951774,1.160245225491164e-05
1.2,0.0,stripe,58383165,21,-0.591826852292962,0.3261146511497181,3.4890468744659226e-12,0.33768689730630597,0.08010415421767063,0.9374999999962841,1.1655813985671919e-05
1.2,0.0,stripe,58383165,22,-0.5918268505042233,0.32611462817254955,3.35429526470508e-12,0.3376868999133717,0.08010414105751838,0.937499999995132,1.1612482902026287e-05
1.2,0.0,stripe,58383165,23,-0.591826852287113,0.3261145985213057,7.359074499241e-12,0.3376868952509678,0.08010411468722353,0.9374999999960599,1.1645967063732824e-05
1.2,0.0,stripe,58383165,24,-0.5918268513451732,0.32611456859584526,2.8399772737787363e-12,0.33768688846637723,0.08010409433823253,0.9374999999934035,1.1619181895913747e-05
1.2,0.0,stripe,58383165,25,-0.5918268506559525,0.32611454481285224,3.1548924615110728e-12,0.3376868981970713,0.08010407830667587,0.9374999999954419,1.1599052933868323e-05
1.2,0.0,stripe,58383165,26,-0.5918268506603019,0.3261145216683702,4.152884960037722e-12,0.33768689765607657,0.0801040565195247,0.9374999999966311,1.1572561298153222e-05
1.2,0.0,stripe,58383165,27,-0.591826852161083,0.3261144926093603,6.778021837249318e-12,0.3376868919210106,0.08010403357358711,0.9374999999961389,1.1644615886679173e-05
1.2,0.0,stripe,58383165,28,-0.5918268524753452,0.32611445909164255,4.288490727785566e-12,0.3376868817356248,0.08010400764592639,0.9374999999961028,1.1609451571997403e-05
1.2,0.0,stripe,58383165,29,-0.5918268510150254,0.32611443941234664,2.5046991201082363e-12,0.3376868855347251,0.08010399270170535,0.9374999999944844,1.1595122449604838e-05
1.2,0.0,stripe,58383165,30,-0.5918268521978034,0.32611441073820374,3.9272782084967495e-12,0.3376868898212071,0.08010397177044809,0.9374999999943666,1.1585229304988189e-05
1.2,0.0,stripe,58383165,31,-0.5918268501246532,0.3261143923480032,3.204218145775079e-12,0.33768689379705935,0.08010395783166457,0.9374999999949216,1.1592210643379474e-05
1.2,0.0,stripe,58383165,32,-0.59182685246036,0.3261143622075662,3.743862694795973e-12,0.3376868870930416,0.08010393389808788,0.9374999999949534,1.160541133186267e-05
1.2,0.0,stripe,58383165,33,-0.5918268523553134,0.32611433089208774,6.088684112451816e-12,0.33768687729238145,0.08010390766835285,0.9374999999950101,1.1586698454766428e-05
1.2,0.0,stripe,58383165,34,-0.5918268496694647,0.326114314873842,2.7574520355083237e-12,0.3376868909393061,0.08010389757208665,0.9374999999944528,1.169784827323052e-05
1.2,0.0,stripe,58383165,35,-0.5918268533734194,0.3261142780350354,2.532492552858873e-12,0.33768688007591785,0.08010386972464748,0.937499999994783,1.1730318836091597e-05
1.2,0.0,stripe,58383165,36,-0.5918268509316504,0.32611425302776964,6.692142975501945e-12,0.33768687817283666,0.08010385047008746,0.9374999999938326,1.1572371969620816e-05
1.2,0.0,stripe,58383165,37,-0.5918268504190733,0.32611423190059335,4.570858054504618e-12,0.3376868849113668,0.08010383234208765,0.9374999999944872,1.1664065556922443e-05
1.2,0.0,stripe,58383165,38,-0.5918268524560593,0.3261142023084697,8.049756123364796e-12,0.3376868793812123,0.08010381097836193,0.9374999999951451,1.1713445854667359e-05
1.2,0.0,stripe,58383165,39,-0.5918268518365885,0.32611417652934327,1.0092901612942627e-11,0.33768687655027396,0.08010379149162872,0.9374999999941928,1.1565388908787895e-05
1.2,0.0,stripe,58383165,40,-0.5918268517276678,0.32611414947052497,4.3314707747700094e-12,0.33768687744867815,0.08010376875845457,0.937499999994178,1.1672076586297994e-05
1.2,0.0,stripe,58383165,41,-0.5918268517721965,0.3261141242413675,6.043128589911043e-12,0.3376868773569607,0.08010374785715857,0.9374999999952406,1.1574663349944288e-05
1.2,0.0,stripe,58383165,42,-0.5918268525210484,0.3261140949089568,5.411035105316708e-12,0.3376868716246167,0.08010372591286723,0.9374999999942059,1.1668822973850072e-05
1.2,0.0,stripe,58383165,43,-0.5918268518206721,0.32611406997204573,4.140205030081028e-12,0.33768687348829046,0.08010370784301263,0.9374999999939797,1.1553230063471748e-05
1.2,0.0,stripe,58383165,44,-0.591826852073246,0.326114042324056,5.265951670078223e-12,0.3376868698622327,0.08010368600337414,0.937499999993989,1.1540483389542794e-05
1.2,0.0,stripe,58383165,45,-0.5918268519283424,0.32611401645204413,1.4082014977936367e-12,0.3376868692557871,0.08010366559392601,0.9374999999944351,1.1540249037236548e-05
1.2,0.0,stripe,58383165,46,-0.591826851671949,0.3261139925042201,5.455304229118821e-12,0.3376868744166412,0.08010364854284005,0.937499999995464,1.1541327092193923e-05
1.2,0.0,stripe,58383165,47,-0.5918268526934611,0.3261139599898541,5.056830994026602e-12,0.33768686032006023,0.08010362220767168,0.9374999999933438,1.154155522672862e-05
1.2,0.0,stripe,58383165,48,-0.5918268510432525,0.3261139380373769,1.928299557506921e-12,0.3376868649129115,0.08010360665478712,0.9374999999939946,1.1639264240218407e-05
1.2,0.0,stripe,58383165,49,-0.5918268521856072,0.32611391197260337,2.533126595230102e-12,0.33768686431383105,0.0801035868774144,0.9374999999951583,1.1637728749495384e-05
1.2,0.0,stripe,58383165,50,-0.5918268524860539,0.3261138812903795,6.582584687050586e-12,0.33768685630465256,0.08010356253978204,0.9374999999928764,1.1514945542805506e-05
1.2,0.0,stripe,58383165,51,-0.59182685142153,0.3261138603714171,4.597650767471239e-12,0.3376868644381508,0.08010354776169146,0.9374999999928726,1.1514356506370063e-05
1.2,0.0,stripe,58383165,52,-0.5918268520084142,0.3261138339793439,5.6532949980977044e-12,0.3376868650817262,0.08010352576729832,0.9374999999934398,1.1544843982514504e-05
1.2,0.0,stripe,58383165,53,-0.5918268519392068,0.32611380855004196,7.816471143959087e-12,0.337686862315408,0.08010350543272833,0.9374999999936661,1.1494985717534986e-05
1.2,0.0,stripe,58383165,54,-0.5918268524478658,0.32611377801712343,2.5369564811499785e-12,0.3376868608282479,0.08010348099303384,0.9374999999931015,1.1553027574048794e-05
1.2,0.0,stripe,58383165,55,-0.591826851368907,0.3261137570056836,2.1106339751950447e-12,0.33768686000837966,0.08010346679401019,0.9374999999945675,1.1499101493128114e-05
1.2,0.0,stripe,58383165,56,-0.5918268517293126,0.32611373258340737,1.1491328940588664e-11,0.3376868594646184,0.08010344720054532,0.9374999999934501,1.149166270482987e-05
1.2,0.0,stripe,58383165,57,-0.5918268522065552,0.3261137033521463,4.952154630688925e-12,0.33768685832243317,0.08010342220038166,0.9374999999926438,1.1651390087743902e-05
1.2,0.0,stripe,58383165,58,-0.5918268519505164,0.32611367769889504,9.348164866330574e-12,0.33768685452731995,0.08010340466901693,0.9374999999922987,1.1517761470499328e-05
1.2,0.0,stripe,58383165,59,-0.5918268520966157,0.32611365067103,8.555352440338537e-12,0.3376868554793122,0.0801033825371423,0.9374999999949606,1.1515323687053281e-05
1.2,0.0,stripe,58383165,60,-0.5918268518095628,0.32611362609145766,9.17376045119683e-12,0.3376868548031263,0.08010336401213179,0.9374999999929527,1.1510363720758303e-05
1.2,0.0,pairing,58383168,1,-0.570444314732042,0.05362327560015191,0.028616997756691135,0.05622791321597239,0.0032255138170647806,0.9374951175794028,0.3188990630043035
1.2,0.0,pairing,58383168,2,-0.5705086530295598,0.178875527864323,0.022171509801962336,0.18787692533309072,0.033147091299364564,0.9374994080847255,0.46446943923346723
1.2,0.0,pairing,58383168,3,-0.5785765824384177,0.2874008646255686,0.006852671615748824,0.29985279992597347,0.06624016291453486,0.9375013555352644,0.3147734704124364
1.2,0.0,pairing,58383168,4,-0.5880537536397722,0.3182865465023671,0.0014463208915722647,0.33031107618723243,0.07687792836890293,0.9375006835164695,0.0891766968582899
1.2,0.0,pairing,58383168,5,-0.5910763021293826,0.3245666709945492,0.0002908906004048642,0.33626795720435265,0.0793829570242618,0.9375005201815765,0.01935581568905315
1.2,0.0,pairing,58383168,6,-0.5916813908014426,0.32580402305195233,5.8544402540391686e-05,0.33740654971576317,0.07995054635647711,0.9375000272004791,0.004122863298766602
1.2,0.0,pairing,58383168,7,-0.5917982238117501,0.3260525218845076,1.1898983608064618e-05,0.3376304421670558,0.08007251393010284,0.9375000013572973,0.0008779098420753222
1.2,0.0,pairing,58383168,8,-0.5918210066543413,0.32610389899920306,2.424532164242278e-06,0.33767609264458753,0.08009919812392466,0.9374999999819402,0.00018956423813968506
1.2,0.0,pairing,58383168,9,-0.5918256455593585,0.3261146688830087,4.953967175358433e-07,0.33768559333097276,0.0801049141150927,0.9374999999927885,4.234423751133406e-05
1.2,0.0,pairing,58383168,10,-0.5918266000133063,0.326116942742645,1.0128433842883313e-07,0.33768759833078515,0.08010614585113227,0.9374999999915014,1.4495902221087766e-05
1.2,0.0,pairing,58383168,11,-0.591826801124447,0.3261174074109259,2.0720310163990597e-08,0.33768802483593935,0.08010639129573831,0.9374999999713365,1.1698020487771494e-05
1.2,0.0,pairing,58383168,12,-0.591826843408888,0.3261174907551396,4.2324981601840585e-09,0.3376881213586526,0.08010643293804152,0.9374999999905028,1.1517061166378488e-05
1.2,0.0,pairing,58383168,13,-0.5918268523490411,0.32611748996938045,8.681843914533242e-10,0.33768814224075006,0.08010642668549309,0.9374999999914767,1.1525037334937238e-05
1.2,0.0,pairing,58383168,14,-0.591826854424113,0.3261174721558917,1.7782496112054669e-10,0.3376881516850755,0.08010641308339879,0.9374999999913196,1.1502935235749736e-05
1.2,0.0,pairing,58383168,15,-0.5918268558001387,0.3261174421497889,3.6348580368454166e-11,0.3376881462122575,0.0801063889713838,0.93749999999158,1.1503258178310175e-05
1.2,0.0,pairing,58383168,16,-0.5918268550778402,0.3261174172949975,9.668180164718568e-12,0.3376881406606736,0.08010637242337063,0.9374999999511666,1.1462027071994341e-05
1.2,0.0,pairing,58383168,17,-0.591826855744489,0.3261173864063629,5.181965399866167e-12,0.3376881384003168,0.08010634469074554,0.9374999999697206,1.1513986795713906e-05
1.2,0.0,pairing,58383168,18,-0.5918268546269465,0.32611736682610465,6.518117101843333e-12,0.3376881466711159,0.08010633159641867,0.9374999999877851,1.14943496771942e-05
1.2,0.0,pairing,58383168,19,-0.5918268558840131,0.3261173354273801,8.720379724781644e-12,0.3376881448909437,0.08010630621201627,0.9374999999906816,1.1497271555504171e-05
1.2,0.0,pairing,58383168,20,-0.5918268542510439,0.32611731516015907,4.295742513689809e-12,0.3376881405383567,0.08010629283974445,0.9374999999490005,1.1552378148425344e-05
1.2,0.0,pairing,58383168,21,-0.5918268560633863,0.32611728251821054,9.78835167582896e-12,0.33768813138817716,0.08010626545403154,0.9374999999701406,1.1479623395475028e-05
1.2,0.0,pairing,58383168,22,-0.591826855492077,0.32611725487141396,8.200917904758885e-12,0.3376881299931631,0.08010624413936815,0.9374999999908987,1.1487496883906725e-05
1.2,0.0,pairing,58383168,23,-0.5918268545097867,0.32611723517067454,3.0758084318670413e-12,0.3376881350816882,0.08010623031994207,0.9374999999896689,1.1479222291183624e-05
1.2,0.0,pairing,58383168,24,-0.591826855455641,0.32611720695967633,4.413982395498587e-12,0.3376881302911945,0.08010620658438052,0.9374999999727904,1.1486641969821249e-05
1.2,0.0,pairing,58383168,25,-0.591826855288755,0.3261171817018073,5.205382989968558e-12,0.33768813549894633,0.08010618702318022,0.9374999999906669,1.1474046150908675e-05
1.2,0.0,pairing,58383168,26,-0.5918268556355238,0.326117152983183,2.9261238429739334e-12,0.3376881265113056,0.08010616510347032,0.9374999999777018,1.1466564245795603e-05
1.2,0.0,pairing,58383168,27,-0.5918268545465557,0.32611713024551975,3.160415803775826e-12,0.33768812812838966,0.08010614879388633,0.937500000003007,1.1527188598469912e-05
1.2,0.0,pairing,58383168,28,-0.5918268549933187,0.3261171087829936,3.026207774512667e-12,0.33768813336157266,0.08010613247970093,0.9374999999887305,1.1463506432234372e-05
1.2,0.0,pairing,58383168,29,-0.5918268526674273,0.3261170837395527,4.279493365481168e-12,0.3376881353724778,0.08010609345357997,0.93749999992524,1.138039612655926e-05
1.2,0.0,pairing,58383168,30,-0.5918268569479946,0.32611704949798714,2.5849926277086746e-12,0.33768812055920183,0.08010608559107427,0.9374999999880124,1.1508156462937245e-05
1.2,0.0,pairing,58383168,31,-0.5918268550807675,0.32611702550799754,4.301023143698755e-11,0.3376881259698945,0.08010606784012274,0.9374999999902329,1.1467006330943154e-05
1.2,0.0,pairing,58383168,32,-0.5918268551114819,0.3261170002334235,4.659825442958515e-12,0.3376881253314411,0.0801060482812038,0.9374999999889401,1.1463623933545702e-05
1.2,0.0,pairing,58383168,33,-0.5918268554383741,0.3261169739861691,3.4791387405800023e-12,0.3376881259587053,0.08010602725706428,0.9374999999884667,1.1431206718883882e-05
1.2,0.0,pairing,58383168,34,-0.5918268550425282,0.3261169496897077,6.220196980089275e-12,0.33768812533524545,0.08010600797620025,0.9374999999889447,1.144744357171575e-05
1.2,0.0,pairing,58383168,35,-0.5918268552246108,0.3261169249217119,4.352394410585388e-12,0.3376881222966483,0.0801059896634925,0.9374999999879029,1.1453126106927765e-05
1.2,0.0,pairing,58383168,36,-0.5918268548751109,0.32611690370484125,1.7470370737638443e-12,0.33768812879833404,0.08010597394819245,0.937499999985255,1.1429321731305887e-05
1.2,0.0,pairing,58383168,37,-0.5918268553260537,0.3261168784794101,1.484772894557405e-12,0.3376881262805274,0.0801059540770915,0.9374999999854773,1.1454201928311414e-05
1.2,0.0,pairing,58383168,38,-0.5918268559377375,0.3261168493286703,3.1155702071606937e-12,0.337688122549915,0.08010593169418391,0.9374999999834364,1.1436911350644815e-05
1.2,0.0,pairing,58383168,39,-0.5918268551453937,0.3261168230636923,5.30225460008385e-12,0.33768811372303376,0.08010591339377923,0.9375000000028749,1.1480531264190673e-05
1.2,0.0,pairing,58383168,40,-0.5918268557350954,0.32611679446675634,9.545081222812208e-12,0.33768811131995446,0.08010588894884935,0.937499999975052,1.1436328542156073e-05
1.2,0.0,pairing,58383168,41,-0.5918268551809831,0.32611677009283996,1.0606726207558115e-11,0.33768811467000975,0.08010587070604826,0.9374999999849706,1.144251407956933e-05
1.2,0.0,pairing,58383168,42,-0.5918268553671313,0.32611674607106605,3.00553952578535e-12,0.33768812153021327,0.08010585241715099,0.9374999999824524,1.144647195023873e-05
1.2,0.0,pairing,58383168,43,-0.5918268555773617,0.32611671877414417,2.1850072215665347e-11,0.33768811894053924,0.08010583215463447,0.9374999999619686,1.1412187486781034e-05
1.2,0.0,pairing,58383168,44,-0.5918268549305565,0.32611669507563323,5.567460531669768e-12,0.3376881140860512,0.08010581386247484,0.9374999999861023,1.1456378750728924e-05
1.2,0.0,pairing,58383168,45,-0.5918268548246676,0.3261166734733137,3.282696801789057e-12,0.33768811556383005,0.08010579785926447,0.9374999999666408,1.1449033149265974e-05
1.2,0.0,pairing,58383168,46,-0.5918268559063254,0.3261166446008981,6.369423553037457e-12,0.3376881131688663,0.08010577309866469,0.9374999999840522,1.1413770866152179e-05
1.2,0.0,pairing,58383168,47,-0.5918268552464283,0.32611662070698594,5.254309891303514e-12,0.3376881168712541,0.0801057550612912,0.9374999999839237,1.1409414547109663e-05
1.2,0.0,pairing,58383168,48,-0.5918268559943155,0.3261165901205169,6.890329127972646e-12,0.33768810737186006,0.08010573005089246,0.9374999999841389,1.1393878747742455e-05
1.2,0.0,pairing,58383168,49,-0.5918268551505155,0.32611656468448486,1.4720768638672649e-12,0.3376881064313178,0.08010571447207863,0.9374999999973069,1.144438688771988e-05
1.2,0.0,pairing,58383168,50,-0.5918268557423749,0.3261165361217863,1.4167851495236652e-12,0.3376881036759306,0.08010568655689052,0.9374999999781364,1.1560919121393338e-05
1.2,0.0,pairing,58383168,51,-0.5918268547846465,0.32611651578585166,5.412871926045313e-12,0.33768810973774877,0.0801056743572972,0.9374999999803499,1.1548534261833025e-05
1.2,0.0,pairing,58383168,52,-0.5918268552284804,0.3261164895948139,5.3367642854987735e-12,0.3376881059122674,0.0801056530063245,0.9374999999797544,1.1573550284197772e-05
1.2,0.0,pairing,58383168,53,-0.5918268551458843,0.3261164628281811,2.3275169230849093e-12,0.3376880979471574,0.08010563467273683,0.9375000000039981,1.1448270063312934e-05
1.2,0.0,pairing,58383168,54,-0.5918268558066274,0.32611643662634193,9.979751448285238e-12,0.33768810350786793,0.08010561601043933,0.9374999999227688,1.1523521041935002e-05
1.2,0.0,pairing,58383168,55,-0.5918268555414905,0.32611640955077453,2.341347584528023e-12,0.3376880980372821,0.08010559211465607,0.9374999999836129,1.1385598134542904e-05
1.2,0.0,pairing,58383168,56,-0.5918268563348036,0.32611637733488347,4.628915445310671e-12,0.3376880915566245,0.08010556769469329,0.9374999999801841,1.1401979084383085e-05
1.2,0.0,pairing,58383168,57,-0.5918268544199151,0.32611636153250956,6.750439163149785e-12,0.3376880999794749,0.08010555752001489,0.9374999999790393,1.1382762172809795e-05
1.2,0.0,pairing,58383168,58,-0.5918268558056117,0.32611632971173404,5.531885458890406e-12,0.337688087356743,0.08010552870966332,0.9374999999784808,1.155717328631882e-05
1.2,0.0,pairing,58383168,59,-0.5918268552935303,0.32611630525979995,3.459080680253086e-12,0.3376880909048793,0.08010550996266409,0.9374999999791955,1.139207728790107e-05
1.2,0.0,pairing,58383168,60,-0.5918268546709768,0.32611628587478303,3.535288558739755e-12,0.3376880969786797,0.08010549588731179,0.9374999999797917,1.1368036648648963e-05
1.4,-0.4,stripe,58383169,1,-1.1626967408868976,0.26609664108185116,0.001205837905308323,0.27868783005400394,0.07507200166233167,0.9374966065484598,0.2911066517015489
1.4,-0.4,stripe,58383169,2,-1.1626711287654854,0.27585457539539765,0.0006367629032732789,0.2876866443047354,0.07454953204815012,0.9375026511875472,0.057211796850798496
1.4,-0.4,stripe,58383169,3,-1.163152887216859,0.27888447059035176,0.0003398036885827619,0.2904055276793881,0.0763750846112033,0.9375011336645389,0.01337269894110034
1.4,-0.4,stripe,58383169,4,-1.1632882184559643,0.2798022392097069,0.00018163634503545048,0.29121843196365155,0.07658344619022776,0.9375003724295705,0.003823991620031631
1.4,-0.4,stripe,58383169,5,-1.1633305639888376,0.28007921214828596,9.705022034446364e-05,0.2914614174063392,0.0767184226006884,0.9375001117276134,0.0010722014615998521
1.4,-0.4,stripe,58383169,6,-1.1633428815904328,0.28016204365637326,5.183179901224574e-05,0.29153342883104383,0.07674568710128851,0.9375000325414482,0.00036560081977411805
1.4,-0.4,stripe,58383169,7,-1.1633466140918083,0.2801873310787562,2.7671937922259603e-05,0.2915550837081661,0.0767569322924412,0.9375000093576921,0.00016863241574784438
1.4,-0.4,stripe,58383169,8,-1.163347723044685,0.2801952246110993,1.4770146825827097e-05,0.29156158098428603,0.07676000407311036,0.9375000026739463,0.00012641759838339013
1.4,-0.4,stripe,58383169,9,-1.1633480587200224,0.2801979336980071,7.882620568030606e-06,0.2915635802943606,0.0767612817337508,0.9375000007648799,0.00011779653420023272
1.4,-0.4,stripe,58383169,10,-1.163348158360227,0.2801990928714696,4.2064069471706915e-06,0.2915642518903965,0.07676189973963397,0.9375000002185807,0.0001158672658782582
1.4,-0.4,stripe,58383169,11,-1.1633481918597173,0.28019974307088247,2.2445408797238752e-06,0.29156445142460846,0.07676229260340758,0.9375000000610546,0.00011547082390920715
1.4,-0.4,stripe,58383169,12,-1.1633482010988565,0.28020026577284385,1.1976379313556397e-06,0.2915645540741807,0.07676265349862757,0.9375000000169984,0.00011543351229019523
1.4,-0.4,stripe,58383169,13,-1.1633482041510617,0.2802007528455719,6.390161179924806e-07,0.29156462696674346,0.07676300107185834,0.9375000000063368,0.00011550612825245225
1.4,-0.4,stripe,58383169,14,-1.1633482055179034,0.2802012260722545,3.409564047678895e-07,0.29156468549280296,0.07676333973448708,0.9375000000012337,0.00011558041724083348
1.4,-0.4,stripe,58383169,15,-1.1633482072016783,0.2802016926380789,1.8192410197326984e-07,0.29156474322189974,0.0767636731198676,0.937500000001383,0.00011581852461240191
1.4,-0.4,stripe,58383169,16,-1.1633482071065313,0.2802021665324338,9.706335026891824e-08,0.29156479747988256,0.07676402205784219,0.9375000000005961,0.00011612485352025763
1.4,-0.4,stripe,58383169,17,-1.1633482076844754,0.2802026395497851,5.17881278322954e-08,0.2915648490609254,0.07676436281637744,0.9374999999984651,0.00011627949734572872
1.4,-0.4,stripe,58383169,18,-1.1633482078968937,0.28020311289612126,2.7616092430604922e-08,0.2915648975179237,0.07676470162487854,0.9375000000000587,0.00011630366472586437
1.4,-0.4,stripe,58383169,19,-1.1633482089116505,0.2802035843956741,1.4687978932374746e-08,0.2915649532879135,0.0767650399450169,0.937499999996473,0.00011651824811021633
1.4,-0.4,stripe,58383169,20,-1.1633482083834816,0.28020407809739545,7.775969075735383e-09,0.2915650408580914,0.07676540037780044,0.937499999996633,0.00011664931620599604
1.4,-0.4,stripe,58383169,21,-1.163348209887735,0.28020452023905285,4.089593630865721e-09,0.291565046174161,0.07676567577227016,0.9374999999994165,0.00011697080525705308
1.4,-0.4,stripe,58383169,22,-1.163348209512945,0.28020500990078095,2.151162411810731e-09,0.2915651132011556,0.07676605178526444,0.937499999955325,0.00011731020896339368
1.4,-0.4,stripe,58383169,23,-1.163348209388843,0.28020548556245684,1.1399602908501848e-09,0.2915651699247836,0.07676638456016681,0.9374999999713893,0.00011722281489232663
1.4,-0.4,stripe,58383169,24,-1.1633482099235553,0.2802059947064253,6.265725724747317e-10,0.2915652631921277,0.07676677665506457,0.9374999999998467,0.00011747322679282309
1.4,-0.4,stripe,58383169,25,-1.1633482130199766,0.2802064590744883,3.5560826196140444e-10,0.29156529204498205,0.07676709225496106,0.9374999999689084,0.00011740855100819664
1.4,-0.4,stripe,58383169,26,-1.1633482104305601,0.2802069527998893,2.0711798986495945e-10,0.29156537372347585,0.07676745089439295,0.9375000000014778,0.00011762587016131434
1.4,-0.4,stripe,58383169,27,-1.1633482137258804,0.2802074081944064,1.309574638977879e-10,0.29156538173164287,0.07676775449540378,0.9374999999999851,0.00011800032251012655
1.4,-0.4,stripe,58383169,28,-1.1633482111097264,0.28020791516646587,7.028495520996636e-11,0.2915654733571988,0.07676814336366848,0.9375000000014584,0.00011810000361874397
1.4,-0.4,stripe,58383169,29,-1.1633482130524788,0.28020840051992785,2.5256679690307544e-10,0.2915655299762236,0.07676848053876126,0.937499999969344,0.00011822815231593555
1.4,-0.4,stripe,58383169,30,-1.1633482134851967,0.28020889202502425,5.367597224428324e-11,0.2915655918669663,0.07676884267378749,0.9375000000020429,0.00011831078406900946
1.4,-0.4,stripe,58383169,31,-1.1633482137191902,0.28020938355740693,1.8973777606306667e-11,0.29156564751865244,0.07676919464855286,0.9375000000014957,0.00011857816965545096
1.4,-0.4,stripe,58383169,32,-1.163348214495438,0.2802098737326434,1.0010081217552748e-11,0.2915657011148648,0.07676954698260612,0.9375000000013414,0.00011893156053375319
1.4,-0.4,stripe,58383169,33,-1.1633482148175,0.28021036874270994,8.370586305131339e-12,0.29156575989251865,0.07676990332371518,0.9375000000016098,0.00011901713987915497
1.4,-0.4,stripe,58383169,34,-1.1633482157762578,0.2802108578690682,1.0835749421019346e-11,0.2915658095613069,0.07677025153487385,0.9375000000012541,0.00011915049199393361
1.4,-0.4,stripe,58383169,35,-1.1633482162717284,0.2802113544712411,1.711677175073787e-11,0.29156587110987947,0.07677061157768501,0.9375000000014599,0.00011927668294596111
1.4,-0.4,stripe,58383169,36,-1.1633482167760074,0.2802118520502852,9.762212591984135e-12,0.29156592765303513,0.07677097081336473,0.9375000000014929,0.00011938420360418395
1.4,-0.4,stripe,58383169,37,-1.1633482176459855,0.2802123463450372,9.737024592412217e-12,0.2915659798526983,0.07677132348607621,0.9375000000015548,0.00011949824125314656
1.4,-0.4,stripe,58383169,38,-1.1633482183133024,0.2802128385919099,7.655885864207198e-12,0.29156602964681533,0.07677167439163783,0.9375000000012097,0.00011963105096957832
1.4,-0.4,stripe,58383169,39,-1.1633482187026989,0.28021333924757247,1.4601468073804732e-11,0.29156608950849944,0.07677203725942103,0.9375000000015626,0.0001197486276688421
1.4,-0.4,stripe,58383169,40,-1.1633482194698779,0.2802138349193715,3.4670399876345103e-12,0.29156614107197015,0.07677239139086615,0.9375000000012588,0.00011986123822105452
1.4,-0.4,stripe,58383169,41,-1.1633482199472975,0.2802143351309199,1.2703508995014526e-11,0.29156619493266284,0.07677275144502037,0.9375000000015629,0.00012000409683455167
1.4,-0.4,stripe,58383169,42,-1.1633482206429444,0.280214838905584,4.43267584267047e-12,0.29156625321158025,0.07677311695878015,0.9375000000013571,0.00012011005185183409
1.4,-0.4,stripe,58383169,43,-1.163348221529534,0.2802153373282387,5.276372223486023e-12,0.2915663010423933,0.0767734711683997,0.9375000000016999,0.00012026708455587358
1.4,-0.4,stripe,58383169,44,-1.1633482219552804,0.2802158409828573,6.0376435152627765e-12,0.29156635886801285,0.07677383501189648,0.9375000000010881,0.00012037371581950955
1.4,-0.4,stripe,58383169,45,-1.1633482226881324,0.28021634103612725,1.8044923985227894e-11,0.2915664077982098,0.07677419132460142,0.9375000000010065,0.0001205022806141255
1.4,-0.4,stripe,58383169,46,-1.163348223378113,0.2802168477360957,9.930306990666782e-12,0.2915664634917854,0.0767745560288741,0.9375000000006516,0.00012062743118962149
1.4,-0.4,stripe,58383169,47,-1.163348223924089,0.28021735141642884,3.039627403320316e-12,0.2915665156194137,0.07677490706391817,0.9375000000015774,0.00012104308010845989
1.4,-0.4,stripe,58383169,48,-1.1633482241060566,0.28021785979917807,3.972132902881395e-12,0.2915665707253618,0.07677527185254926,0.9375000000016632,0.00012111494196635464
1.4,-0.4,stripe,58383169,49,-1.1633482249647307,0.28021836690120233,8.087342784786453e-12,0.2915666238588126,0.07677563519909575,0.9375000000003547,0.00012125440038483031
1.4,-0.4,stripe,58383169,50,-1.163348225411118,0.28021887695822123,3.1723254660849873e-12,0.2915666780144627,0.07677600170921002,0.937500000001456,0.00012137409943592807
1.4,-0.4,stripe,58383169,51,-1.1633482257517749,0.28021939180042504,2.4131978343782654e-12,0.29156673755364704,0.07677637039836235,0.93750000000108,0.00012153392792415268
1.4,-0.4,stripe,58383169,52,-1.1633482269333844,0.28021990415517034,2.7506916015888346e-12,0.291566794186987,0.07677673986321801,0.9375000000007934,0.00012163791531404221
1.4,-0.4,stripe,58383169,53,-1.16334822754381,0.280220416879131,7.144732463899502e-12,0.2915668452462775,0.07677710426660618,0.9375000000013672,0.00012177592241249737
1.4,-0.4,stripe,58383169,54,-1.1633482280863965,0.2802209347673957,1.1151796945263483e-11,0.2915669026426141,0.07677747913312355,0.9375000000012765,0.00012188910111336163
1.4,-0.4,stripe,58383169,55,-1.1633482289598118,0.2802214461866175,4.354661702491894e-12,0.2915669496425261,0.07677784212249282,0.9375000000014786,0.00012203488380355274
1.4,-0.4,stripe,58383169,56,-1.1633482294389665,0.2802219632053076,4.3792555621432145e-12,0.29156700663292495,0.07677821434669269,0.9375000000012513,0.00012216422970758218
1.4,-0.4,stripe,58383169,57,-1.1633482307689234,0.2802224779555883,3.383713024682459e-12,0.2915670569608156,0.07677857312072248,0.9375000000016012,0.00012244704912337778
1.4,-0.4,stripe,58383169,58,-1.1633482309563703,0.28022299911233495,2.96194114192272e-11,0.29156711331897295,0.07677894962758804,0.9375000000018077,0.0001225367713005806
1.4,-0.4,stripe,58383169,59,-1.163348231575989,0.28022352203029977,7.304060287914674e-12,0.2915671683496356,0.07677932485377281,0.9375000000015173,0.0001227118958916011
1.4,-0.4,stripe,58383169,60,-1.1633482325034483,0.2802240406129747,3.6567898905955414e-12,0.29156722031868526,0.07677969524406836,0.9375000000016502,0.0001228065998041999
1.4,-0.4,pairing,58383170,1,-1.1567458577226926,0.024271529683292277,0.04205699125558216,0.02585484014655067,0.00119119924260371,0.9374992990332335,0.08552525874411436
1.4,-0.4,pairing,58383170,2,-1.157203762094091,0.04385299428466065,0.04310438062386852,0.04705306059829864,0.0023025539485725314,0.9375002798746257,0.09171393640067257
1.4,-0.4,pairing,58383170,3,-1.1572614526784541,0.07731496172496785,0.04274233383335521,0.0834603579455131,0.00611637823764458,0.9375000655028234,0.14763836203280825
1.4,-0.4,pairing,58383170,4,-1.1574031410535937,0.12877420968001788,0.04094189636477969,0.1395574560526862,0.017409519486625117,0.937501611087197,0.2078224409379047
1.4,-0.4,pairing,58383170,5,-1.1580048695836223,0.19029901719015518,0.03534426629605311,0.205759834090639,0.03740909046888963,0.9375009068101049,0.22343548644775613
1.4,-0.4,pairing,58383170,6,-1.159464808084759,0.23884622721572218,0.025581893363261148,0.25531766905616926,0.056885400155259884,0.9375000692874504,0.17335987716599952
1.4,-0.4,pairing,58383170,7,-1.1611901152781068,0.26442884968849395,0.01574263703135902,0.2789379564093432,0.06862790650972071,0.9375000091701848,0.10547490343708991
1.4,-0.4,pairing,58383170,8,-1.1623774848990454,0.2748345000451876,0.008633578327064007,0.28752967022863524,0.07398294931970004,0.9374995207850975,0.055307209510689834
1.4,-0.4,pairing,58383170,9,-1.1629704900177291,0.2785157586034484,0.004422620195871799,0.2903169264126604,0.0759364450987878,0.9375007762895434,0.02621256415570815
1.4,-0.4,pairing,58383170,10,-1.1632136372912871,0.2797407339182876,0.002225470264750744,0.2911900418869332,0.07656067977479117,0.9375093847380976,0.011857830444613745
1.4,-0.4,pairing,58383170,11,-1.1633033864024842,0.28013505346931367,0.0011128490298358855,0.29145913868853013,0.07675802425343549,0.9375045026036918,0.005305838176436152
1.4,-0.4,pairing,58383170,12,-1.1633337785275213,0.28026018514002776,0.0005544553145821767,0.29154149221697806,0.0768191040868521,0.9375015094415683,0.0024213443575427443
1.4,-0.4,pairing,58383170,13,-1.1633436875557586,0.2802999186771063,0.00027555712057614884,0.29156664783618297,0.07683812369808499,0.9375004409073571,0.0011409269535417024
1.4,-0.4,pairing,58383170,14,-1.1633468698026208,0.2803128296138993,0.00013669665045631493,0.291574345644873,0.07684428421683002,0.9375001203526557,0.0005615428464814411
1.4,-0.4,pairing,58383170,15,-1.1633478832832467,0.28031740634375785,6.77158399438169e-05,0.2915767587996923,0.07684658038655821,0.9375000316232095,0.00030361888741749736
1.4,-0.4,pairing,58383170,16,-1.1633482103028479,0.2803193458412416,3.350745128313625e-05,0.2915774938995797,0.07684763275213871,0.9375000081204576,0.00020066172096446625
1.4,-0.4,pairing,58383170,17,-1.1633483142823768,0.28032049009017196,1.6565842686129977e-05,0.291577756602648,0.07684834380757162,0.9375000020543321,0.00016750471275807095
1.4,-0.4,pairing,58383170,18,-1.1633483490834842,0.28032138602117074,8.18440806761341e-06,0.29157787120765677,0.0768489418261806,0.9375000005151531,0.00015868043468637077
1.4,-0.4,pairing,58383170,19,-1.1633483603495454,0.2803222132523081,4.041357545615246e-06,0.29157794417849253,0.07684951608763237,0.9375000001289155,0.00015667480513312148
1.4,-0.4,pairing,58383170,20,-1.1633483644524152,0.28032302316150476,1.994750930513148e-06,0.29157800335710343,0.0768500835511437,0.9375000000322411,0.00015642506322210729
1.4,-0.4,pairing,58383170,21,-1.1633483663792266,0.28032383292831287,9.84229862940875e-07,0.2915780636290547,0.07685065451429425,0.9375000000054481,0.00015653079231477417
1.4,-0.4,pairing,58383170,22,-1.163348368282641,0.2803246376851798,4.855013474751e-07,0.2915781196612321,0.0768512201728692,0.9375000000026218,0.0001567564340819296
1.4,-0.4,pairing,58383170,23,-1.1633483691682855,0.28032543681702843,2.394378690750021e-07,0.291578171400506,0.07685177084307063,0.93750000000188,0.00015711007164537775
1.4,-0.4,pairing,58383170,24,-1.1633483690395312,0.2803262666733934,1.1806715427674412e-07,0.29157822780576154,0.0768523602341088,0.937500000001589,0.00015751951931955782
1.4,-0.4,pairing,58383170,25,-1.1633483709236967,0.2803270840738345,5.8210948038746014e-08,0.2915782839678764,0.07685293161121,0.9375000000001436,0.0001578419726646611
1.4,-0.4,pairing,58383170,26,-1.1633483723080225,0.2803278969542353,2.8697470974269382e-08,0.2915783364830393,0.07685350131225996,0.9375000000014815,0.00015807329669214015
1.4,-0.4,pairing,58383170,27,-1.1633483739618222,0.2803287170773863,1.4146966385344007e-08,0.2915783877592098,0.07685408001917206,0.9375000000015297,0.00015851589674080119
1.4,-0.4,pairing,58383170,28,-1.1633483744167907,0.28032955505945717,6.9786026833438654e-09,0.2915784462503536,0.07685467863430245,0.9374999999996234,0.00015903824181430381
1.4,-0.4,pairing,58383170,29,-1.1633483763967236,0.28033038041166053,3.4423763607930646e-09,0.2915784998606925,0.07685525775817517,0.9374999999920757,0.00015925649960082063
1.4,-0.4,pairing,58383170,30,-1.1633483776854971,0.280331206551598,1.6949563250878352e-09,0.29157855374179115,0.07685583929645222,0.9375000000013697,0.00015951609931933006
1.4,-0.4,pairing,58383170,31,-1.1633483783432772,0.2803320397108566,8.343826713460711e-10,0.2915786109674193,0.07685642551180354,0.9374999999975141,0.00015980374039443188
1.4,-0.4,pairing,58383170,32,-1.1633483799095583,0.2803328708195136,4.1146135502524605e-10,0.29157866448518016,0.07685700892829585,0.9375000000014244,0.0001600415045281258
1.4,-0.4,pairing,58383170,33,-1.1633483812319907,0.28033370330850016,2.0257948356834125e-10,0.29157871767329785,0.07685759217661389,0.9375000000012907,0.00016031272406662411
1.4,-0.4,pairing,58383170,34,-1.163348382486962,0.28033454031732497,1.0011258194929142e-10,0.2915787713806913,0.07685817900030673,0.9374999999977652,0.00016067884908964146
1.4,-0.4,pairing,58383170,35,-1.1633483835214826,0.28033538017190973,4.93956213654887e-11,0.29157882654813083,0.07685876967960362,0.937499999999032,0.00016088072358297012
1.4,-0.4,pairing,58383170,36,-1.1633483854710054,0.2803362140376618,2.293556892424379e-11,0.2915788769510108,0.07685934524548366,0.9375000000013456,0.00016134110727847634
1.4,-0.4,pairing,58383170,37,-1.1633483857588007,0.2803370635566955,1.12127961849912e-11,0.29157893222781767,0.07685994695191295,0.937499999998844,0.00016146353188474085
1.4,-0.4,pairing,58383170,38,-1.1633483868118122,0.280337910576716,1.4093437201656746e-11,0.29157898922270403,0.07686054058113514,0.9374999999995633,0.0001618334888737008
1.4,-0.4,pairing,58383170,39,-1.1633483885573235,0.28033875768354655,1.1941245429260071e-11,0.2915790375631903,0.07686113144101128,0.9374999999951952,0.00016213109385249997
1.4,-0.4,pairing,58383170,40,-1.1633483893375491,0.280339612075242,2.3801239303195266e-12,0.29157909357291545,0.07686173519822517,0.9375000000010801,0.00016244806075687304
1.4,-0.4,pairing,58383170,41,-1.163348390362668,0.28034047525098643,3.741721366273625e-12,0.29157915130989165,0.07686234507439543,0.9374999999927489,0.0001628181014048969
1.4,-0.4,pairing,58383170,42,-1.1633483916990186,0.2803413371582297,1.9238561864511407e-12,0.2915792043902628,0.0768629461906078,0.9374999999974323,0.0001630752074138285
1.4,-0.4,pairing,58383170,43,-1.1633483931644677,0.2803421979529309,4.767307795045066e-12,0.291579254908623,0.07686354971800652,0.9374999999999021,0.000163335438416849
1.4,-0.4,pairing,58383170,44,-1.1633483938715166,0.28034306556421457,2.078070661197221e-12,0.2915793137660711,0.07686415981644965,0.9375000000016145,0.0001636203632422315
1.4,-0.4,pairing,58383170,45,-1.1633483950543946,0.28034393132218316,1.0940538399752909e-12,0.29157936332388196,0.07686475760654218,0.9374999999961565,0.00016399613093319811
1.4,-0.4,pairing,58383170,46,-1.1633483957238835,0.2803447976806767,1.4245831347333207e-12,0.2915794203613594,0.07686537111722143,0.9374999999953876,0.00016423294729978868
1.4,-0.4,pairing,58383170,47,-1.1633483977743428,0.28034565999303995,7.836283520246506e-12,0.2915794526608537,0.07686597086479494,0.9374999999930254,0.00016452329825793568
1.4,-0.4,pairing,58383170,48,-1.1633483981120392,0.28034654285852223,3.5224679814525666e-12,0.2915795200039904,0.07686659305017204,0.9374999999987569,0.00016480159242323526
1.4,-0.4,pairing,58383170,49,-1.163348399904782,0.2803474229124955,3.3490016381140844e-12,0.29157957580809246,0.07686720677332223,0.9374999999945091,0.00016507479614401123
1.4,-0.4,pairing,58383170,50,-1.1633484013800508,0.28034829911431774,2.057450814121346e-12,0.291579619628497,0.07686782109726492,0.937500000000756,0.0001653789912163092
1.4,-0.4,pairing,58383170,51,-1.1633484020500495,0.2803491803124285,3.2655069656179783e-12,0.29157967448445044,0.07686843941673899,0.9375000000014159,0.00016569225828295215
1.4,-0.4,pairing,58383170,52,-1.163348403001819,0.28035006861030015,5.9621515395962385e-12,0.2915797296836567,0.07686905841319057,0.937500000001524,0.00016599051537165044
1.4,-0.4,pairing,58383170,53,-1.16334840433812,0.2803509624675429,3.0368354292025085e-12,0.29157979293405717,0.07686968155891458,0.9374999999911261,0.00016642056787397053
1.4,-0.4,pairing,58383170,54,-1.1633484045994136,0.28035186082707725,2.0799387935319778e-12,0.2915798498833011,0.07687030653677523,0.9375000000003737,0.00016668553589263674
1.4,-0.4,pairing,58383170,55,-1.1633484070429088,0.2803527460765421,1.4723159873310011e-12,0.29157988421704306,0.07687091892710034,0.9375000000011682,0.00016699704394844262
1.4,-0.4,pairing,58383170,56,-1.1633484072519096,0.28035365572103205,2.707613673470708e-12,0.29157995412359605,0.07687156368640448,0.9374999999937824,0.00016732214194763588
1.4,-0.4,pairing,58383170,57,-1.1633484096412388,0.28035454962330675,4.208914187963947e-12,0.29157998950224207,0.07687218243473493,0.9375000000003416,0.00016760625116295016
1.4,-0.4,pairing,58383170,58,-1.1633484104378335,0.2803554542121466,1.7635611665397939e-12,0.2915800375016038,0.07687281128543276,0.9375000000002519,0.0001679105087269762
1.4,-0.4,pairing,58383170,59,-1.1633484119067494,0.28035636019388654,3.5770472532459884e-12,0.2915800897996914,0.07687344831097989,0.9374999999972816,0.00016819575144113788
1.4,-0.4,pairing,58383170,60,-1.1633484124648856,0.2803572768091954,2.700268191558114e-12,0.29158014412786637,0.0768740868413014,0.9375000000010448,0.00016846675949539776
1.4,-0.2,stripe,58383171,1,-0.9099081133415443,0.2788178489483218,0.0009897120926749081,0.2914164378403547,0.07703416334004265,0.9375000339333954,0.29299470000271766
1.4,-0.2,stripe,58383171,2,-0.9108873745488159,0.29163602096702634,0.0004158178991540878,0.30331816648308707,0.07736497014516097,0.9375019267604358,0.06967036708248515
1.4,-0.2,stripe,58383171,3,-0.9117580812295153,0.2949134412265324,0.00018696174696196586,0.30627212380380814,0.07936628651048329,0.9375005210994377,0.015586489164071104
1.4,-0.2,stripe,58383171,4,-0.9119698380083157,0.29577213875726327,8.50452126878901e-05,0.30703134162188495,0.07953407600244002,0.9375001177989644,0.0042118285300743056
1.4,-0.2,stripe,58383171,5,-0.9120255587019592,0.29598842056570307,3.887306517720381e-05,0.30722051272689727,0.07965906554333471,0.9375000253267716,0.000937383934399844
1.4,-0.2,stripe,58383171,6,-0.9120392787155671,0.29604416176599596,1.7781158422836286e-05,0.30726873431423984,0.07967407178856839,0.9375000053403526,0.0002631990204047806
1.4,-0.2,stripe,58383171,7,-0.9120428777170482,0.29605848890557673,8.135629539498398e-06,0.30728103254137173,0.07968197545901212,0.9375000011159353,6.991009151361017e-05
1.4,-0.2,stripe,58383171,8,-0.912043786510567,0.2960622494014596,3.722539607501271e-06,0.30728421274139045,0.07968320072763853,0.9375000002299905,3.125671755615291e-05
1.4,-0.2,stripe,58383171,9,-0.9120440271557423,0.2960632704118629,1.7033158080309205e-06,0.3072850380683942,0.07968375223811455,0.9375000000488145,2.3682786721823044e-05
1.4,-0.2,stripe,58383171,10,-0.9120440895218559,0.2960635806187938,7.793686874430015e-07,0.30728525304488574,0.07968388774470266,0.9375000000110945,2.2587251507550544e-05
1.4,-0.2,stripe,58383171,11,-0.912044105899974,0.2960637075886522,3.5663397309960673e-07,0.3072853148512759,0.0796839695263864,0.9374999999998983,2.2394530095752002e-05
1.4,-0.2,stripe,58383171,12,-0.9120441103520824,0.2960637846108765,1.6321660411609584e-07,0.3072853384328275,0.0796840232124589,0.9374999999990357,2.2336307048209765e-05
1.4,-0.2,stripe,58383171,13,-0.9120441109242052,0.2960638568136715,7.467426892782491e-08,0.30728535343499497,0.07968407825994758,0.9375000000014131,2.2339634237631348e-05
1.4,-0.2,stripe,58383171,14,-0.9120441115964238,0.29606392164160117,3.417123453935578e-08,0.30728536050276567,0.07968412888597833,0.9375000000018525,2.23351893262135e-05
1.4,-0.2,stripe,58383171,15,-0.9120441120661295,0.2960639815561908,1.5636265814123266e-08,0.3072853651296847,0.07968417606945376,0.9374999999991768,2.2310901875277914e-05
1.4,-0.2,stripe,58383171,16,-0.9120441119236138,0.2960640431828271,7.153671425902672e-09,0.3072853692185996,0.0796842241364598,0.9374999999991208,2.2315283505382435e-05
1.4,-0.2,stripe,58383171,17,-0.9120441115302472,0.29606410826724316,3.2728428872486938e-09,0.3072853798656422,0.079684273749853,0.9375000000010052,2.2318330136966056e-05
1.4,-0.2,stripe,58383171,18,-0.9120441116844773,0.2960641735151375,1.497905085975793e-09,0.3072853880396973,0.07968432455623417,0.9375000000003006,2.2316625342146868e-05
1.4,-0.2,stripe,58383171,19,-0.912044111990925,0.2960642361561287,6.856064153966567e-10,0.30728539460731874,0.07968437589950352,0.9375000000019111,2.2338253244884703e-05
1.4,-0.2,stripe,58383171,20,-0.9120441118998607,0.29606430001504913,3.1415691898216926e-10,0.30728540401896065,0.07968442631914481,0.9375000000010649,2.23374118112216e-05
1.4,-0.2,stripe,58383171,21,-0.9120441124260514,0.29606435799554853,1.4403950496497326e-10,0.30728540667432674,0.07968447083392932,0.9374999999999492,2.233884429012701e-05
1.4,-0.2,stripe,58383171,22,-0.9120441120330199,0.2960644201800437,6.500458185228462e-11,0.30728541453272346,0.07968452043978483,0.9374999999987813,2.2327785308900202e-05
1.4,-0.2,stripe,58383171,23,-0.9120441117806048,0.2960644852433821,3.1859713864464566e-11,0.30728542303054307,0.07968457132024427,0.9374999999988416,2.231860708079228e-05
1.4,-0.2,stripe,58383171,24,-0.9120441120229407,0.2960645477815174,1.2243711172643434e-11,0.30728542736395553,0.07968462053708095,0.9375000000020085,2.2325935620934346e-05
1.4,-0.2,stripe,58383171,25,-0.9120441115822425,0.29606461566966236,6.038795536237643e-12,0.3072854391929217,0.07968467181440532,0.9375000000013938,2.2323229122937186e-05
1.4,-0.2,stripe,58383171,26,-0.9120441126395846,0.2960646732903018,3.4920130023116603e-12,0.3072854491069842,0.07968471855365676,0.9375000000015064,2.2316341126127987e-05
1.4,-0.2,stripe,58383171,27,-0.9120441117298853,0.2960647400413306,2.7066730511381714e-12,0.3072854547341235,0.07968477274299017,0.9375000000008468,2.2322153073101775e-05
1.4,-0.2,stripe,58383171,28,-0.9120441120999012,0.2960648045161346,7.73367659109276e-13,0.30728546636011295,0.07968482136534467,0.9374999999997923,2.232726220780588e-05
1.4,-0.2,stripe,58383171,29,-0.9120441123516376,0.2960648655665811,3.4773849319938657e-12,0.307285471351419,0.07968487004914031,0.9375000000007367,2.2307492202104244e-05
1.4,-0.2,stripe,58383171,30,-0.9120441125303369,0.29606492568317183,2.1850301875327384e-12,0.3072854757572198,0.079684916609077,0.9374999999993102,2.2303487374602098e-05
1.4,-0.2,stripe,58383171,31,-0.9120441119243117,0.2960649917840162,2.5186266292833648e-12,0.3072854897809677,0.07968496942885857,0.9374999999979193,2.2296613391102608e-05
1.4,-0.2,stripe,58383171,32,-0.9120441117817405,0.2960650604453229,4.603540452379547e-12,0.30728549763980667,0.07968502193620967,0.9375000000012559,2.2295946675038676e-05
1.4,-0.2,stripe,58383171,33,-0.9120441124334576,0.2960651224933849,2.5578790152388966e-12,0.30728550484939665,0.0796850709439563,0.9375000000013328,2.232316522030311e-05
1.4,-0.2,stripe,58383171,34,-0.9120441126628237,0.296065182176567,8.202229484446598e-11,0.307285512446242,0.07968511828852694,0.9375000000001196,2.2316643926346456e-05
1.4,-0.2,stripe,58383171,35,-0.9120441122779593,0.29606524509043436,4.7408247766969984e-11,0.30728551709325724,0.07968516705414248,0.9375000000015501,2.2292950596240046e-05
1.4,-0.2,stripe,58383171,36,-0.9120441124676727,0.2960653060289583,1.6718393952511605e-11,0.30728552182061697,0.0796852147664023,0.9375000000010438,2.230480707008459e-05
1.4,-0.2,stripe,58383171,37,-0.9120441122710305,0.2960653704148688,2.6177603150394867e-11,0.3072855269508816,0.07968526551523096,0.937499999998283,2.2319372474758015e-05
1.4,-0.2,stripe,58383171,38,-0.9120441119790903,0.2960654393343636,1.8486818786626468e-11,0.3072855416793648,0.07968532083663313,0.9374999999993341,2.231896805651632e-05
1.4,-0.2,stripe,58383171,39,-0.9120441128354242,0.2960654992319821,5.662450328694759e-12,0.30728554326052165,0.07968536601413044,0.9374999999994869,2.231072077611086e-05
1.4,-0.2,stripe,58383171,40,-0.9120441123463463,0.29606556321940175,3.627864026834913e-12,0.30728555331718327,0.07968541634268553,0.937500000000041,2.2316544878357787e-05
1.4,-0.2,stripe,58383171,41,-0.9120441125672413,0.29606562596930946,1.5282683899516082e-12,0.30728556435258103,0.07968546744765848,0.9374999999995973,2.2286770545909854e-05
1.4,-0.2,stripe,58383171,42,-0.9120441130680657,0.29606568806891803,1.6120657427183523e-10,0.3072855642219911,0.07968551030530377,0.9374999999985236,2.2312589099433835e-05
1.4,-0.2,stripe,58383171,43,-0.9120441123395712,0.2960657537354273,1.0900776714813598e-10,0.30728557465046863,0.07968556809267793,0.9375000000002081,2.2306610730354096e-05
1.4,-0.2,stripe,58383171,44,-0.9120441123163299,0.2960658199252462,3.6106316170113265e-11,0.3072855889744608,0.0796856192244201,0.9375000000004009,2.2299522788627463e-05
1.4,-0.2,stripe,58383171,45,-0.9120441131422931,0.296065882408095,1.6394196303568903e-11,0.30728559249390874,0.07968566044072259,0.9375000000011509,2.2308238822347417e-05
1.4,-0.2,stripe,58383171,46,-0.9120441129729506,0.29606594456176055,1.5476131171016548e-11,0.3072856013166106,0.07968571213436666,0.93750000000114,2.2310829857021992e-05
1.4,-0.2,stripe,58383171,47,-0.9120441134623752,0.2960660054666792,5.155332493850332e-12,0.30728560817720424,0.07968575547390364,0.9375000000013081,2.231758606561643e-05
1.4,-0.2,stripe,58383171,48,-0.9120441126976353,0.2960660700335592,3.0797659234409447e-12,0.30728561657386405,0.07968581271391588,0.9374999999988805,2.2311916128540946e-05
1.4,-0.2,stripe,58383171,49,-0.9120441131188927,0.2960661295636897,2.9313485165668238e-12,0.3072856173477709,0.07968585772324528,0.9374999999993257,2.2296479907410962e-05
1.4,-0.2,stripe,58383171,50,-0.9120441124123763,0.29606619881967505,1.896093646023573e-12,0.3072856341244283,0.07968591385444793,0.9374999999969946,2.2308555006074922e-05
1.4,-0.2,stripe,58383171,51,-0.9120441130089396,0.29606626108096606,3.893734975348077e-12,0.30728564015622417,0.07968596201962941,0.9375000000002585,2.2296797262461027e-05
1.4,-0.2,stripe,58383171,52,-0.9120441128877432,0.2960663259681822,4.925783344331791e-12,0.3072856483455306,0.0796860121538927,0.9375000000010346,2.229542485184502e-05
1.4,-0.2,stripe,58383171,53,-0.9120441135039675,0.2960663883363741,3.459507696964315e-12,0.30728565456286244,0.0796860532992125,0.9375000000011621,2.2315653813729603e-05
1.4,-0.2,stripe,58383171,54,-0.9120441130238884,0.29606645089198796,2.1555121492026746e-12,0.3072856617463976,0.07968611165608372,0.9375000000005774,2.231329654797312e-05
1.4,-0.2,stripe,58383171,55,-0.9120441129203256,0.29606651544686785,5.0365634674181995e-12,0.3072856681431158,0.07968616239080169,0.9375000000015924,2.232013985089842e-05
1.4,-0.2,stripe,58383171,56,-0.912044113657777,0.29606657602320263,1.9454068911095344e-12,0.30728567195007583,0.07968620454512299,0.9374999999996266,2.2331167522447242e-05
1.4,-0.2,stripe,58383171,57,-0.9120441135269495,0.29606663792506727,3.6121908690874526e-12,0.3072856821241626,0.07968625190045818,0.9375000000000431,2.2307352632195767e-05
1.4,-0.2,stripe,58383171,58,-0.9120441126704983,0.29606670538062246,6.020921737871882e-12,0.3072856899687362,0.07968631219130096,0.9375000000012678,2.2300216003796192e-05
1.4,-0.2,stripe,58383171,59,-0.9120441134155237,0.29606676510734753,2.745693828450151e-12,0.30728569328159505,0.07968635602207835,0.9375000000006319,2.227235770013706e-05
1.4,-0.2,stripe,58383171,60,-0.9120441134196,0.29606683105590337,2.0140179181400385e-12,0.30728570468532224,0.07968640472250799,0.9374999999978306,2.232889119549482e-05
1.4,-0.2,pairing,58383173,1,-0.9010635813985207,0.028584687705397138,0.04114231179340285,0.030319557197162665,0.0006658591162455776,0.937496198856573,0.0925915993851407
1.4,-0.2,pairing,58383173,2,-0.9014068101324723,0.06057994034785334,0.04189478918409119,0.06455482625519808,0.00430835987805805,0.9375000031570784,0.1535447100524867
1.4,-0.2,pairing,58383173,3,-0.9016087415106947,0.12028857967281173,0.04036998887073659,0.12825962237385535,0.015291236486430609,0.9374974646603963,0.2574665781345142
1.4,-0.2,pairing,58383173,4,-0.9027778295078792,0.2024966953795069,0.03210251219796488,0.21449013356591606,0.043084017601201084,0.9374998879253073,0.296132262723856
1.4,-0.2,pairing,58383173,5,-0.9062924427645448,0.2627978672092695,0.0172211723812571,0.2753351717241092,0.06713087684555033,0.9374999122527762,0.19762073205657066
1.4,-0.2,pairing,58383173,6,-0.9098292953300677,0.28671916474469394,0.006916269640252144,0.29853246566410235,0.07622703578982942,0.9374965592871741,0.08152293511949729
1.4,-0.2,pairing,58383173,7,-0.9114018970838939,0.2936668766373916,0.0024835134674211475,0.3050770580403696,0.07877941037089614,0.9375089920372338,0.026494143771736166
1.4,-0.2,pairing,58383173,8,-0.9118768168626828,0.29547054902871306,0.0008693589091261161,0.3067385909915887,0.07945804660345743,0.937502410998902,0.008056396982915659
1.4,-0.2,pairing,58383173,9,-0.9120014084772655,0.29592570468530494,0.00030315439600331454,0.3071503326251335,0.07963464094638804,0.9375003773763921,0.0024707124205102455
1.4,-0.2,pairing,58383173,10,-0.9120331548372014,0.29604062095398725,0.00010569153734706925,0.30725276272660157,0.07968049031013638,0.9375000519333638,0.0007822275017397272
1.4,-0.2,pairing,58383173,11,-0.9120412750259475,0.2960698617107705,3.6857279796407244e-05,0.307278501100985,0.079692462493012,0.9375000067495624,0.0002561310415281546
1.4,-0.2,pairing,58383173,12,-0.9120433744024146,0.29607739065942945,1.285564500501777e-05,0.30728503673589264,0.07969562132826429,0.937500000854599,8.821428456405288e-05
1.4,-0.2,pairing,58383173,13,-0.912043923426498,0.2960793755663549,4.484442250226245e-06,0.3072867061025849,0.07969648441811228,0.9375000001058822,3.684078608265407e-05
1.4,-0.2,pairing,58383173,14,-0.9120440676057946,0.29607994453821457,1.5643859336802118e-06,0.3072871484466395,0.07969675317957292,0.9375000000126495,2.4859636223707575e-05
1.4,-0.2,pairing,58383173,15,-0.9120441063633499,0.29608014358152274,5.457415199035796e-07,0.30728726977401527,0.0796968639691492,0.9375000000005114,2.306311132953198e-05
1.4,-0.2,pairing,58383173,16,-0.9120441174346063,0.296080240322827,1.9038349462776122e-07,0.30728729756591616,0.07969692694066999,0.9375000000004519,2.2847989230476505e-05
1.4,-0.2,pairing,58383173,17,-0.9120441198883013,0.29608031500808546,6.641674492966876e-08,0.3072873131117685,0.07969698293189995,0.9375000000008753,2.2816339239891705e-05
1.4,-0.2,pairing,58383173,18,-0.9120441203593677,0.29608038509001866,2.3170414806692144e-08,0.3072873197507135,0.07969703837576732,0.9374999999992324,2.280904657191777e-05
1.4,-0.2,pairing,58383173,19,-0.9120441204447859,0.29608045764223834,8.08289592651117e-09,0.3072873311125413,0.07969709469619966,0.9374999999988256,2.2809632376878874e-05
1.4,-0.2,pairing,58383173,20,-0.9120441213209282,0.29608052081879627,2.8203414413334946e-09,0.3072873332957129,0.07969714388705507,0.9374999999958828,2.281910556264694e-05
1.4,-0.2,pairing,58383173,21,-0.9120441210165474,0.2960805871981112,9.851292413771559e-10,0.307287338985934,0.07969719642335955,0.9374999999993678,2.2808784441772345e-05
1.4,-0.2,pairing,58383173,22,-0.9120441208809725,0.29608065560977437,3.445730313011323e-10,0.3072873454324262,0.07969725044108539,0.9374999999996076,2.2803165970314405e-05
1.4,-0.2,pairing,58383173,23,-0.9120441210140632,0.29608072289281956,1.2010418608196145e-10,0.3072873521032789,0.07969730275024953,0.9374999999972109,2.2791132222196424e-05
1.4,-0.2,pairing,58383173,24,-0.9120441210116332,0.2960807903867882,4.057407094982412e-11,0.3072873574895129,0.079697354774219,0.9374999999963609,2.2809765207356123e-05
1.4,-0.2,pairing,58383173,25,-0.9120441208841177,0.29608086047627974,1.3857900267180035e-11,0.3072873710761065,0.07969741057690204,0.937500000000013,2.2804983138953752e-05
1.4,-0.2,pairing,58383173,26,-0.9120441206336561,0.2960809323494399,5.77915801381143e-12,0.3072873824458779,0.07969746562981178,0.9374999999993466,2.2796795750445412e-05
1.4,-0.2,pairing,58383173,27,-0.912044121088812,0.2960809997583503,4.078643989758481e-12,0.3072873827019166,0.07969751911366543,0.9375000000002456,2.2814831123370944e-05
1.4,-0.2,pairing,58383173,28,-0.9120441211624701,0.2960810669108441,4.556319170276046e-12,0.30728738658503096,0.07969757228294021,0.9375000000002695,2.2805777896090458e-05
1.4,-0.2,pairing,58383173,29,-0.9120441212791408,0.2960811330384449,2.83853843189421e-12,0.30728739320173787,0.07969762372533012,0.9374999999990064,2.2800181281233255e-05
1.4,-0.2,pairing,58383173,30,-0.9120441210581035,0.29608120121833886,1.1365646228831184e-12,0.30728740548725636,0.07969767737149028,0.9374999999999349,2.2786453706491846e-05
1.4,-0.2,pairing,58383173,31,-0.9120441205102614,0.29608127729186823,2.273850212253033e-12,0.3072874200338231,0.07969773654325357,0.9374999999994938,2.2793701037385555e-05
1.4,-0.2,pairing,58383173,32,-0.9120441211760119,0.2960813456679605,1.2340289465126218e-12,0.30728742030966394,0.07969778902300662,0.9375000000016983,2.282752142414933e-05
1.4,-0.2,pairing,58383173,33,-0.9120441206665971,0.2960814205220334,2.3264478323587094e-12,0.3072874390868104,0.07969784734138265,0.9375000000007117,2.280246381287807e-05
1.4,-0.2,pairing,58383173,34,-0.9120441224017731,0.2960814770703853,2.6320268259810582e-12,0.30728743902435285,0.07969789132285178,0.9374999999974035,2.278760374308884e-05
1.4,-0.2,pairing,58383173,35,-0.9120441209034413,0.2960815484980207,3.922625335669401e-12,0.30728744420769927,0.0796979489182704,0.9374999999972735,2.281609495566095e-05
1.4,-0.2,pairing,58383173,36,-0.9120441214886353,0.296081614728333,3.265160576780274e-12,0.3072874478324301,0.07969800150934823,0.9374999999975228,2.2800886057411584e-05
1.4,-0.2,pairing,58383173,37,-0.9120441207379238,0.29608168794913675,2.359769182734912e-12,0.3072874612619601,0.07969805985816658,0.937500000000212,2.28275677044166e-05
1.4,-0.2,pairing,58383173,38,-0.9120441215281276,0.2960817558868984,2.6429421237292285e-12,0.30728747320141186,0.07969811017722075,0.9375000000000513,2.2829095845659057e-05
1.4,-0.2,pairing,58383173,39,-0.9120441198223901,0.29608184000185017,2.78407365099062e-12,0.30728750294963647,0.07969818477766222,0.9375000000022933,2.2863920344010744e-05
1.4,-0.2,pairing,58383173,40,-0.912044122708041,0.29608189334653734,3.862245258035432e-12,0.30728748294845215,0.07969821710926742,0.9374999999992769,2.282513013738422e-05
1.4,-0.2,pairing,58383173,41,-0.9120441212353041,0.2960819639801173,3.271216913046807e-12,0.30728749169295216,0.07969827474753698,0.9374999999988284,2.2823505775036434e-05
1.4,-0.2,pairing,58383173,42,-0.9120441205000674,0.2960820433180432,2.065839487572585e-12,0.3072875211725293,0.07969834209878067,0.937499999981081,2.2844715469720518e-05
1.4,-0.2,pairing,58383173,43,-0.9120441225979712,0.29608209990058876,2.6801401213392306e-12,0.3072875071072094,0.07969837861001977,0.9374999999987227,2.2796851763839507e-05
1.4,-0.2,pairing,58383173,44,-0.912044120218854,0.2960821817075844,2.529383574150746e-12,0.3072875342201157,0.0796984529244652,0.9374999999997747,2.2857410530661953e-05
1.4,-0.2,pairing,58383173,45,-0.9120441228548805,0.2960822365516255,1.4302338298203553e-12,0.30728752044676194,0.07969848592815909,0.9374999999990853,2.282165065264479e-05
1.4,-0.2,pairing,58383173,46,-0.912044120599827,0.29608231504825944,2.1805725591989986e-12,0.30728754939130404,0.0796985565162589,0.9374999999978266,2.2863278759992e-05
1.4,-0.2,pairing,58383173,47,-0.9120441228092395,0.2960823701564936,3.4449215835687364e-12,0.3072875316143207,0.07969859085614002,0.9374999999994739,2.282079212547213e-05
1.4,-0.2,pairing,58383173,48,-0.9120441215439397,0.2960824391802688,2.446904103511404e-12,0.3072875373980535,0.07969864575841559,0.937500000000809,2.2815523216262207e-05
1.4,-0.2,pairing,58383173,49,-0.9120441217903148,0.29608250626921107,3.822383261868448e-12,0.30728754475520775,0.07969870027700127,0.9374999999965504,2.2825601808586444e-05
1.4,-0.2,pairing,58383173,50,-0.9120441218121339,0.29608257271721383,4.6177413122776165e-12,0.3072875479687978,0.07969875204570241,0.9375000000004159,2.282523648563312e-05
1.4,-0.2,pairing,58383173,51,-0.9120441215806641,0.29608264244337174,1.9186432144546943e-12,0.3072875593478497,0.07969880619387015,0.9374999999971775,2.2801777029913568e-05
1.4,-0.2,pairing,58383173,52,-0.9120441220462777,0.2960827063944187,2.3058246986497386e-12,0.3072875629771541,0.07969885561873517,0.9374999999999173,2.280692738399359e-05
1.4,-0.2,pairing,58383173,53,-0.9120441214495,0.2960827777502153,8.302741617900711e-12,0.30728757449406996,0.07969891267392919,0.9374999999996743,2.2807143810341115e-05
1.4,-0.2,pairing,58383173,54,-0.9120441204210716,0.2960828611131044,2.934202139286713e-12,0.307287606596288,0.07969898577131761,0.9375000000002236,2.2845597434234854e-05
1.4,-0.2,pairing,58383173,55,-0.9120441230605769,0.29608291509763024,3.097459883876411e-12,0.3072875870203052,0.07969901796033586,0.9374999999958918,2.2802099227345446e-05
1.4,-0.2,pairing,58383173,56,-0.9120441215560757,0.29608298759771684,2.1124776936812547e-12,0.3072876017434885,0.07969907732036807,0.9374999999971209,2.2773200703726645e-05
1.4,-0.2,pairing,58383173,57,-0.9120441221629965,0.2960830535748773,4.912904668855716e-12,0.3072876039375359,0.07969912818749632,0.9375000000001424,2.2815329216141277e-05
1.4,-0.2,pairing,58383173,58,-0.9120441222356159,0.29608311854326474,2.4931354587717777e-12,0.3072876094309571,0.07969917957354916,0.9374999999988483,2.2803137846328612e-05
1.4,-0.2,pairing,58383173,59,-0.9120441202975798,0.29608320401581933,2.1752420571080138e-12,0.30728763912237406,0.07969925434778528,0.9375000000022725,2.2851781303032686e-05
1.4,-0.2,pairing,58383173,60,-0.9120441218792256,0.29608327414601315,2.2573888684458398e-12,0.3072876489589551,0.07969930663682491,0.9374999999995517,2.2819891886365695e-05
1.4,0.0,stripe,58383174,1,-0.6584812951063523,0.3004957001718169,0.0008512639964773049,0.3131726041600124,0.08093634260010146,0.9374984965072446,0.3047636487109093
1.4,0.0,stripe,58383174,2,-0.662913116897239,0.3175158678877511,0.00028487129863522215,0.3289815957082121,0.08286731404587407,0.9375010129413746,0.08869481410805814
1.4,0.0,stripe,58383174,3,-0.6648242063265579,0.3209769939875025,0.00011494727532362457,0.33208001528558495,0.08518034215343159,0.9375002334420371,0.01983016998165505
1.4,0.0,stripe,58383174,4,-0.6652054924980383,0.32178962730730765,4.771496919265334e-05,0.33278643799515595,0.08534714873562858,0.9375000439649924,0.005661043949271612
1.4,0.0,stripe,58383174,5,-0.665291357084915,0.3219552684675471,2.0167932472958998e-05,0.33292858708630035,0.08548026199629487,0.9375000081190956,0.0012085734601847676
1.4,0.0,stripe,58383174,6,-0.6653087232223516,0.32199549707557235,8.538638039591554e-06,0.33296255179594236,0.08548800991888951,0.9375000014688084,0.0003461200514896043
1.4,0.0,stripe,58383174,7,-0.6653129144278838,0.3220039358143053,3.620681849206683e-06,0.33296965320407346,0.08549570621443767,0.9375000002659775,7.577342876505046e-05
1.4,0.0,stripe,58383174,8,-0.6653137816069262,0.32200604592146004,1.5355105671925605e-06,0.3329714141518093,0.08549601302239765,0.9375000000485735,2.2596495323684326e-05
1.4,0.0,stripe,58383174,9,-0.6653140012452564,0.32200648988081315,6.513030561540301e-07,0.33297179006279864,0.0854964581638746,0.9375000000094524,7.113838383892177e-06
1.4,0.0,stripe,58383174,10,-0.6653140468348725,0.32200660061109104,2.762618268906785e-07,0.33297188738789935,0.08549646580477543,0.9375000000024294,4.926125090593447e-06
1.4,0.0,stripe,58383174,11,-0.6653140589905546,0.3220066198770849,1.1718455105956557e-07,0.3329719071772357,0.08549648704908595,0.9375000000010462,4.615839628533749e-06
1.4,0.0,stripe,58383174,12,-0.6653140610190192,0.3220066236550896,4.9707289697225965e-08,0.33297191313622715,0.08549648584375472,0.9375000000009448,4.579532045445492e-06
1.4,0.0,stripe,58383174,13,-0.6653140620784957,0.3220066205517756,2.1084568261508728e-08,0.3329719153704239,0.08549648320254001,0.9375000000008743,4.570643316033171e-06
1.4,0.0,stripe,58383174,14,-0.665314062018826,0.3220066172130542,8.943552215185668e-09,0.332971914235655,0.08549647988319485,0.9375000000007996,4.5732358585394685e-06
1.4,0.0,stripe,58383174,15,-0.6653140623269427,0.3220066115889231,3.793474692778908e-09,0.332971913714362,0.08549647517760477,0.937500000000883,4.5755450553765935e-06
1.4,0.0,stripe,58383174,16,-0.6653140625914628,0.32200660437308076,1.609577127367019e-09,0.33297191278184957,0.08549646837588057,0.9375000000010634,4.59288364113736e-06
1.4,0.0,stripe,58383174,17,-0.6653140617723745,0.3220066022344245,6.830993851563584e-10,0.33297191331193177,0.08549646751498259,0.9375000000011802,4.575173458393143e-06
1.4,0.0,stripe,58383174,18,-0.6653140622353887,0.32200659755567446,2.898923470369253e-10,0.3329719144321831,0.08549646266458283,0.9375000000011661,4.5848115116821365e-06
1.4,0.0,stripe,58383174,19,-0.6653140621034928,0.3220065935744378,1.2298626768968947e-10,0.3329719127349575,0.08549645891726736,0.9375000000009309,4.570328662143287e-06
1.4,0.0,stripe,58383174,20,-0.665314062044691,0.3220065903465821,5.1985851328761075e-11,0.33297191615893823,0.08549645633956704,0.9375000000009471,4.567493763435506e-06
1.4,0.0,stripe,58383174,21,-0.6653140619556789,0.3220065878099545,2.230043863340401e-11,0.3329719157225223,0.08549645388779002,0.9375000000007316,4.55583422172359e-06
1.4,0.0,stripe,58383174,22,-0.6653140621900315,0.32200658347347527,9.188084311419198e-12,0.33297191531765646,0.08549645028980817,0.9375000000008714,4.569883364009988e-06
1.4,0.0,stripe,58383174,23,-0.6653140624166901,0.3220065771414035,3.811999132866514e-12,0.33297191599006903,0.08549644499867735,0.9375000000010529,4.579367076842356e-06
1.4,0.0,stripe,58383174,24,-0.6653140620382063,0.3220065736817881,2.8738095161530634e-12,0.3329719149961665,0.08549644206599775,0.9375000000005905,4.561703278330819e-06
1.4,0.0,stripe,58383174,25,-0.6653140622943731,0.3220065688856535,9.893134564725576e-13,0.3329719149403289,0.085496437741694,0.9375000000009309,4.606558575489541e-06
1.4,0.0,stripe,58383174,26,-0.6653140618871715,0.3220065665462972,8.957631519648306e-13,0.3329719149716409,0.0854964360524585,0.9375000000008774,4.592826224906592e-06
1.4,0.0,stripe,58383174,27,-0.6653140623742991,0.3220065606226072,4.3351511907762614e-13,0.3329719137195547,0.0854964303087864,0.9375000000009196,4.572937046409862e-06
1.4,0.0,stripe,58383174,28,-0.6653140621986741,0.3220065561610066,8.04593554612198e-13,0.3329719124656488,0.08549642619358096,0.9375000000006543,4.572626691716664e-06
1.4,0.0,stripe,58383174,29,-0.6653140620068005,0.3220065530328855,5.538212245375895e-12,0.3329719141489227,0.08549642429316284,0.9375000000011644,4.5667529703998965e-06
1.4,0.0,stripe,58383174,30,-0.6653140619882849,0.3220065503610633,1.3195665936441498e-12,0.3329719157970544,0.08549642185075433,0.9375000000004645,4.5591449458954155e-06
1.4,0.0,stripe,58383174,31,-0.6653140624821753,0.322006544035542,7.371346676105418e-13,0.3329719166234149,0.08549641566688007,0.9375000000007635,4.573170932136927e-06
1.4,0.0,stripe,58383174,32,-0.6653140619098586,0.32200654155749797,1.3505531101602896e-11,0.3329719165914213,0.0854964140215217,0.9375000000008237,4.5660431574849625e-06
1.4,0.0,stripe,58383174,33,-0.6653140620244841,0.32200653864249984,2.9097213296534215e-12,0.3329719186710218,0.08549641153054935,0.9375000000006044,4.5536065113776856e-06
1.4,0.0,stripe,58383174,34,-0.665314062334735,0.3220065331540764,1.603720325280019e-12,0.3329719181410648,0.085496406756235,0.9375000000006333,4.566325782940719e-06
1.4,0.0,stripe,58383174,35,-0.6653140621916773,0.3220065290375,1.624944071002889e-12,0.33297191749103766,0.08549640248458609,0.9375000000010597,4.560620588172387e-06
1.4,0.0,stripe,58383174,36,-0.6653140621295327,0.32200652525867246,8.782641923192369e-13,0.33297191823653655,0.0854963993689663,0.9375000000010665,4.5907736901541695e-06
1.4,0.0,stripe,58383174,37,-0.6653140624822428,0.32200651876990427,6.552749992843532e-13,0.3329719153566945,0.08549639364876375,0.9375000000008188,4.595881416922542e-06
1.4,0.0,stripe,58383174,38,-0.6653140620281152,0.32200651554686904,2.0634728063436666e-12,0.3329719152689347,0.0854963916306677,0.9375000000007371,4.562609093874765e-06
1.4,0.0,stripe,58383174,39,-0.6653140619906583,0.32200651283369175,1.401057882091362e-12,0.33297191777494556,0.08549638823916157,0.9375000000008558,4.554894701339761e-06
1.4,0.0,stripe,58383174,40,-0.665314062241033,0.3220065080894593,1.0102649217282185e-12,0.3329719189436103,0.08549638442430334,0.9375000000007321,4.554229352334739e-06
1.4,0.0,stripe,58383174,41,-0.6653140622295403,0.3220065033257024,7.338697711140154e-12,0.33297191789179376,0.08549638011468219,0.9375000000008386,4.550543385776384e-06
1.4,0.0,stripe,58383174,42,-0.6653140621908648,0.32200649910882595,1.6821400597644044e-12,0.33297191826673955,0.08549637643999357,0.9375000000006252,4.5522497917866786e-06
1.4,0.0,stripe,58383174,43,-0.6653140621755324,0.3220064949306544,1.1593041858217213e-12,0.33297191674308674,0.08549637328691786,0.9375000000007212,4.558701924812654e-06
1.4,0.0,stripe,58383174,44,-0.6653140619818162,0.3220064921424039,8.122407104741678e-13,0.33297191874062193,0.08549637041069955,0.9375000000009309,4.552183966298483e-06
1.4,0.0,stripe,58383174,45,-0.6653140624535991,0.3220064859233885,3.716930750873179e-12,0.3329719166074099,0.08549636504113817,0.9375000000008424,4.564746119359973e-06
1.4,0.0,stripe,58383174,46,-0.6653140620294143,0.32200648270592847,1.7653486438671284e-12,0.33297191949858773,0.08549636278121123,0.9375000000007707,4.559085351992894e-06
1.4,0.0,stripe,58383174,47,-0.6653140624196271,0.3220064767437159,1.6494664497007406e-12,0.3329719196987549,0.08549635699340329,0.9375000000008549,4.562389790255551e-06
1.4,0.0,stripe,58383174,48,-0.665314062014168,0.32200647343999167,7.541308533740072e-13,0.3329719185443309,0.08549635461268956,0.9375000000008326,4.572049250135524e-06
1.4,0.0,stripe,58383174,49,-0.6653140621532604,0.3220064693609095,1.0884658224996387e-12,0.3329719184978127,0.08549635058619183,0.9375000000008674,4.561849689851988e-06
1.4,0.0,stripe,58383174,50,-0.6653140620339848,0.32200646608301203,2.1594060470229117e-12,0.33297191952006017,0.08549634845889435,0.9375000000010001,4.5606790988367716e-06
1.4,0.0,stripe,58383174,51,-0.6653140624184383,0.32200646008846834,9.316627681735907e-13,0.33297191976557683,0.08549634203215291,0.9375000000007375,4.556946979157528e-06
1.4,0.0,stripe,58383174,52,-0.6653140617192121,0.3220064588079914,2.3366502281376248e-12,0.3329719216390464,0.08549634269698429,0.9375000000009083,4.553022529439623e-06
1.4,0.0,stripe,58383174,53,-0.665314062475339,0.3220064527746692,2.085140523858905e-12,0.3329719200568279,0.08549633614147097,0.9375000000011123,4.556972710688239e-06
1.4,0.0,stripe,58383174,54,-0.6653140621854445,0.3220064484051179,2.0581376636961696e-12,0.33297192118498514,0.08549633287395093,0.9375000000010683,4.5692463606495504e-06
1.4,0.0,stripe,58383174,55,-0.6653140622210187,0.32200644362557507,9.652723317559093e-13,0.3329719188802689,0.08549632803479434,0.937500000001154,4.5553434044194055e-06
1.4,0.0,stripe,58383174,56,-0.6653140621227812,0.32200643964258746,1.4606569707941142e-12,0.33297191980004465,0.08549632574499752,0.9375000000007092,4.559459161379139e-06
1.4,0.0,stripe,58383174,57,-0.6653140620679334,0.3220064364945763,1.3136835989978872e-12,0.33297192035808904,0.0854963222666595,0.9375000000008208,4.55321728066647e-06
1.4,0.0,stripe,58383174,58,-0.6653140621628721,0.3220064324266091,5.180287546315842e-13,0.33297192074970144,0.08549631818512228,0.9375000000010889,4.547829342517948e-06
1.4,0.0,stripe,58383174,59,-0.6653140621478767,0.32200642831077125,1.9051956172604183e-12,0.33297192155055116,0.08549631528645832,0.937500000001217,4.559125786425305e-06
1.4,0.0,stripe,58383174,60,-0.6653140622286573,0.32200642392636725,3.86369410005041e-12,0.3329719201481603,0.08549631149891021,0.9375000000008076,4.548292465527836e-06
1.4,0.0,pairing,58383176,1,-0.642200798009884,0.039314389197754464,0.040864934666603805,0.04166446098966954,0.0007246619115071343,0.9375052890111626,0.13903045775258652
1.4,0.0,pairing,58383176,2,-0.642697657771874,0.10920957793072304,0.04072907382609687,0.11601134477886456,0.011770390374650814,0.9375000982073947,0.31011524922736955
1.4,0.0,pairing,58383176,3,-0.6452990238959277,0.2272196405179377,0.029807586077404975,0.23914074006103425,0.04916716599943986,0.9374980654551475,0.3978514003028677
1.4,0.0,pairing,58383176,4,-0.6551706023100495,0.29784113652432803,0.011873026689831919,0.3099321071365548,0.07653591902572578,0.9374999918375421,0.2123709658052185
1.4,0.0,pairing,58383176,5,-0.6625873500093791,0.31686709124646134,0.0036188315446062515,0.32823099613558704,0.08344643974881112,0.9375021052896051,0.06100773837772425
1.4,0.0,pairing,58383176,6,-0.6647333793175061,0.3209356384351109,0.0010453894855256833,0.3320075701081774,0.08502490584246282,0.9375044852030778,0.015126097028044634
1.4,0.0,pairing,58383176,7,-0.6651936865574594,0.3217817154809469,0.0003029301739659951,0.33276972148822787,0.08539209076761,0.937500528053652,0.003733528690824004
1.4,0.0,pairing,58383176,8,-0.6652883615223832,0.3219621098755367,8.824407796649488e-05,0.3329283932592365,0.08547652001797085,0.9375000555620405,0.0009514076827320624
1.4,0.0,pairing,58383176,9,-0.6653084132626887,0.3220016488205527,2.5801034773143348e-05,0.3329625743927281,0.08549609526054383,0.9375000052504592,0.0002502340134836323
1.4,0.0,pairing,58383176,10,-0.6653127915447988,0.3220105057796031,7.5618544743490566e-06,0.33297014184930784,0.08550064495997883,0.9375000004825791,6.779759047835015e-05
1.4,0.0,pairing,58383176,11,-0.6653137711227557,0.32201251764457633,2.2192478921668006e-06,0.3329718520655015,0.08550170134834574,0.9375000000440692,1.931586433384903e-05
1.4,0.0,pairing,58383176,12,-0.665313994554751,0.32201297306850435,6.518472465986867e-07,0.3329722396312546,0.08550194315630608,0.9375000000046324,7.191938344455638e-06
1.4,0.0,pairing,58383176,13,-0.6653140453633622,0.3220130759410627,1.915553501497399e-07,0.3329723307410398,0.08550199710462388,0.9375000000014424,5.021016938502638e-06
1.4,0.0,pairing,58383176,14,-0.6653140577259883,0.3220130955833379,5.630822425522411e-08,0.33297235318404445,0.08550200574668372,0.9375000000008822,4.7507552928867795e-06
1.4,0.0,pairing,58383176,15,-0.6653140605171551,0.3220130952481832,1.6555042012031245e-08,0.33297235696290656,0.08550200399805423,0.9375000000010191,4.73225246377736e-06
1.4,0.0,pairing,58383176,16,-0.665314060419046,0.3220130950436941,4.8679824841353016e-09,0.3329723607586144,0.08550200435120567,0.9375000000010321,4.881776646408364e-06
1.4,0.0,pairing,58383176,17,-0.6653140609078371,0.32201308910577237,1.4311742144145528e-09,0.332972358288823,0.08550199831442995,0.9375000000009055,4.885477284856563e-06
1.4,0.0,pairing,58383176,18,-0.6653140608605499,0.322013083709683,4.2069677896904575e-10,0.3329723617125133,0.0855019936084585,0.9375000000009708,4.8603865338802886e-06
1.4,0.0,pairing,58383176,19,-0.665314061005578,0.32201307882314645,1.2353598871626909e-10,0.3329723624411425,0.08550198924172188,0.9375000000010176,4.8192914227248715e-06
1.4,0.0,pairing,58383176,20,-0.665314061470818,0.32201307154313463,3.6764365400854e-11,0.3329723595922504,0.08550198164584853,0.9375000000009385,4.75201699400343e-06
1.4,0.0,pairing,58383176,21,-0.665314060820687,0.32201306811579233,1.0977993137812554e-11,0.33297236126341534,0.08550198065036918,0.9375000000007574,4.922185089271412e-06
1.4,0.0,pairing,58383176,22,-0.6653140606566932,0.3220130639086083,3.4454792374136597e-12,0.33297235989206836,0.08550197671943051,0.9375000000007805,4.845440614688043e-06
1.4,0.0,pairing,58383176,23,-0.6653140608378904,0.3220130586947264,4.442888423314059e-12,0.33297235989327933,0.08550197216437042,0.9375000000011794,4.884608318279176e-06
1.4,0.0,pairing,58383176,24,-0.6653140611434879,0.32201305229335103,2.7611427869101375e-12,0.33297236101189553,0.08550196504609495,0.9375000000008792,4.800215769500709e-06
1.4,0.0,pairing,58383176,25,-0.6653140609488772,0.3220130477014876,7.376914841838242e-12,0.33297236018221504,0.08550196319665816,0.93750000000105,4.918351209679705e-06
1.4,0.0,pairing,58383176,26,-0.6653140609040749,0.3220130416837339,1.6404284973162303e-12,0.3329723587180728,0.08550195686391672,0.937500000001125,4.892220758045504e-06
1.4,0.0,pairing,58383176,27,-0.6653140608729252,0.3220130362826064,5.0198575163240145e-12,0.33297235932601604,0.08550195250682437,0.9375000000008895,4.856685142329405e-06
1.4,0.0,pairing,58383176,28,-0.6653140601653819,0.32201303589339675,1.7628284551283409e-12,0.3329723624884198,0.08550195378565884,0.9375000000008227,4.867408407391442e-06
1.4,0.0,pairing,58383176,29,-0.6653140611624782,0.32201302878211,3.639608605258863e-12,0.33297236201021474,0.08550194566545838,0.937500000001175,4.87562638855152e-06
1.4,0.0,pairing,58383176,30,-0.6653140611653966,0.3220130214195358,2.928868927740999e-12,0.33297235893818894,0.08550193935864933,0.9375000000010988,4.854759382577042e-06
1.4,0.0,pairing,58383176,31,-0.665314060726806,0.322013017181805,2.8272695017791524e-12,0.33297236098094135,0.08550193585041709,0.9375000000011111,4.8728394762127304e-06
1.4,0.0,pairing,58383176,32,-0.6653140608121281,0.32201301215598166,2.136237072522488e-12,0.33297236267851127,0.0855019312612366,0.9375000000011239,4.8828996419776295e-06
1.4,0.0,pairing,58383176,33,-0.6653140607615657,0.3220130075369015,2.270449114905609e-12,0.33297235977705597,0.08550192708538039,0.937500000000905,4.841431529238585e-06
1.4,0.0,pairing,58383176,34,-0.6653140607218033,0.3220130034865956,3.4232380046481124e-12,0.33297236143734504,0.08550192454104003,0.9375000000008049,4.842536223376059e-06
1.4,0.0,pairing,58383176,35,-0.6653140607347859,0.3220129990346758,3.385947164341442e-12,0.33297236501426647,0.08550192005478968,0.9375000000009829,4.836634772311858e-06
1.4,0.0,pairing,58383176,36,-0.665314060813004,0.3220129943350555,1.4288278282877009e-12,0.33297236471941266,0.08550191505361249,0.9375000000008962,4.845299469744317e-06
1.4,0.0,pairing,58383176,37,-0.6653140607538649,0.32201298976586323,3.3626673812390716e-13,0.3329723662738839,0.08550191211382656,0.9375000000007342,4.871920189067956e-06
1.4,0.0,pairing,58383176,38,-0.6653140613546832,0.32201298131682377,1.8711325674665735e-12,0.3329723619911403,0.08550190416274114,0.9375000000008987,4.8741590989743525e-06
1.4,0.0,pairing,58383176,39,-0.6653140606964677,0.32201297730074424,1.0789668649083996e-12,0.33297236313260636,0.08550190176563299,0.9375000000008061,4.835572557490299e-06
1.4,0.0,pairing,58383176,40,-0.6653140609139762,0.3220129715590237,1.3228651849361721e-12,0.3329723629525736,0.0855018960280022,0.9375000000009776,4.843221095885255e-06
1.4,0.0,pairing,58383176,41,-0.6653140608934391,0.3220129663566732,3.834853666648748e-12,0.33297236191190405,0.08550189232148726,0.9375000000010693,4.872943435078182e-06
1.4,0.0,pairing,58383176,42,-0.6653140606217631,0.3220129626353279,1.9878434497816854e-12,0.3329723626841255,0.08550188796469714,0.9375000000010596,4.872453798595908e-06
1.4,0.0,pairing,58383176,43,-0.6653140609653974,0.3220129567949327,1.8470939601555636e-12,0.3329723620956606,0.08550188297876558,0.9375000000013759,4.845376447024889e-06
1.4,0.0,pairing,58383176,44,-0.6653140600149222,0.3220129557811447,3.342467873049443e-12,0.33297236664255586,0.08550188358294585,0.9375000000010916,4.915403165114571e-06
1.4,0.0,pairing,58383176,45,-0.6653140611071422,0.32201294523134544,5.962194061682635e-13,0.3329723626891108,0.08550187332274303,0.9375000000009056,4.960440052367017e-06
1.4,0.0,pairing,58383176,46,-0.6653140605497624,0.3220129422992975,5.9048148332330895e-12,0.3329723649540478,0.08550187052740962,0.9375000000007958,4.834469435185665e-06
1.4,0.0,pairing,58383176,47,-0.6653140607401523,0.32201293829269084,2.3066129069612532e-12,0.33297236544866354,0.08550186766686488,0.9375000000008632,4.829285237137241e-06
1.4,0.0,pairing,58383176,48,-0.6653140609739531,0.32201293237985784,7.682671478047042e-13,0.33297236637810096,0.08550186246130861,0.9375000000014623,4.870746209638649e-06
1.4,0.0,pairing,58383176,49,-0.6653140610579378,0.3220129255956377,1.2673063040278527e-12,0.3329723657065444,0.08550185521457415,0.937500000001189,4.872895038543247e-06
1.4,0.0,pairing,58383176,50,-0.6653140606229142,0.3220129220819447,1.0275521229436003e-12,0.3329723673601117,0.08550185323964389,0.9375000000008589,4.827194052993615e-06
1.4,0.0,pairing,58383176,51,-0.665314060337672,0.3220129185214503,2.470448287244659e-12,0.33297236704212374,0.0855018528204016,0.9375000000010251,4.907372922568837e-06
1.4,0.0,pairing,58383176,52,-0.6653140608467771,0.3220129104112658,1.83371242937215e-12,0.33297236142216446,0.08550184230023972,0.9375000000010223,4.9498763005612845e-06
1.4,0.0,pairing,58383176,53,-0.6653140606491638,0.32201290708668406,2.5921058901583444e-12,0.3329723661705448,0.08550183968460277,0.9375000000010811,4.838508070836907e-06
1.4,0.0,pairing,58383176,54,-0.6653140609259954,0.32201290128914045,1.1343740529659177e-12,0.3329723646505896,0.08550183484007601,0.9375000000008402,4.8696664290972295e-06
1.4,0.0,pairing,58383176,55,-0.6653140606143847,0.3220128984338645,1.5275796390031397e-12,0.3329723677373455,0.08550183279364244,0.9375000000010304,4.849327673891935e-06
1.4,0.0,pairing,58383176,56,-0.6653140606477784,0.3220128927427148,1.7689653106401821e-12,0.33297237166742893,0.0855018296004161,0.9375000000008343,4.938348580080053e-06
1.4,0.0,pairing,58383176,57,-0.6653140605512428,0.3220128846821395,3.718940657415027e-12,0.3329723666970871,0.0855018207196693,0.9375000000011247,4.862828062420805e-06
1.4,0.0,pairing,58383176,58,-0.665314060342346,0.3220128791358058,1.2696807300429053e-12,0.33297236496273547,0.08550181619190679,0.9375000000010695,4.948777303907638e-06
1.4,0.0,pairing,58383176,59,-0.6653140610136442,0.32201287300309245,2.0619143665541246e-12,0.33297236505665634,0.08550181020667152,0.9375000000010862,4.870820758234737e-06
1.4,0.0,pairing,58383176,60,-0.6653140605559607,0.3220128705759277,7.623965693274872e-13,0.3329723686575714,0.08550180801166436,0.937500000000812,4.820274401931366e-06
