t0,V,family,rung,charge,spin_odd,rung_pair,leg_pair_right
1.0,-0.4,stripe,1,0.9973279693889074,-0.41680370977777237,2.1056925399164444e-14,-3.5073394701051116e-14
1.0,-0.4,stripe,2,1.002230950910021,0.40736334084364734,-3.6435830761798325e-14,1.4083668178837653e-13
1.0,-0.4,stripe,3,0.9997408990467341,-0.4109670313455867,1.4293679982287976e-13,-3.9009290803643574e-13
1.0,-0.4,stripe,4,0.9979143705967117,0.4101267538924655,1.2479517163144935e-13,-1.287250776806046e-13
1.0,-0.4,stripe,5,0.9921003433941976,-0.40457680201663787,3.2624107397242643e-15,-2.117878480228019e-14
1.0,-0.4,stripe,6,0.9744370677221253,0.38791319988753553,-2.5707182789014e-14,-1.192890924516632e-13
1.0,-0.4,stripe,7,0.9310700900302762,-0.34570632411956453,6.6990866513794e-14,9.694694283645225e-15
1.0,-0.4,stripe,8,0.8534927214776387,0.25296773033720366,-1.3724945763708302e-14,5.995190889937951e-14
1.0,-0.4,stripe,9,0.7767991530408013,-0.1038918835447008,-6.450796304345754e-14,-2.346547037273039e-14
1.0,-0.4,stripe,10,0.7676932069640618,-0.06882282060354243,-7.036101968433906e-14,6.331405512085481e-14
1.0,-0.4,stripe,11,0.8353359873294623,0.2261272580810139,-5.520583276732087e-14,1.5625725138423138e-14
1.0,-0.4,stripe,12,0.91760660292295,-0.3315130584775933,-3.394054330039104e-13,4.8825857416421e-13
1.0,-0.4,stripe,13,0.9681355621941147,0.3820179762906268,-8.76840839868641e-13,1.1173509359371494e-13
1.0,-0.4,stripe,14,0.9897901014338726,-0.4023966188116114,-8.137979865962264e-14,-9.844252248632349e-14
1.0,-0.4,stripe,15,0.9971989499419742,0.4095528955720673,-7.669109676486384e-14,2.0636232706352792e-13
1.0,-0.4,stripe,16,0.9992522889578328,-0.4115471896472499,-7.547084965808473e-14,-8.058587109934955e-14
1.0,-0.4,stripe,17,0.9995765409233195,0.41187388386550156,1.6121246562612746e-14,-1.6400856283111815e-13
1.0,-0.4,stripe,18,0.9988290067427221,-0.4111321634646596,8.3830588894613e-15,2.8871437408031873e-14
1.0,-0.4,stripe,19,0.9955250508440019,0.4079320242635056,-4.8922773872737154e-14,1.0210332253378636e-14
1.0,-0.4,stripe,20,0.9844474064207862,-0.3973212523220428,7.079155741410872e-14,-3.0318700763977807e-14
1.0,-0.4,stripe,21,0.9544119245991973,0.3689733365941338,1.1423454307316747e-13,-2.2944512143082356e-13
1.0,-0.4,stripe,22,0.8911110860823216,-0.3015217658889316,6.564928108033072e-13,-6.915704585080157e-13
1.0,-0.4,stripe,23,0.8059544622404546,0.17501579560323818,1.878738526971071e-12,-1.0640573793365377e-12
1.0,-0.4,stripe,24,0.7605746241144993,-0.007729441501910905,2.48729079558161e-12,-1.3092012790892534e-12
1.0,-0.4,stripe,25,0.7992320490281681,-0.1612613157654895,3.20049018910597e-12,-1.9667815912944236e-12
1.0,-0.4,stripe,26,0.8838508676301832,0.29275582576652703,4.409101273554996e-12,-3.319744076103729e-12
1.0,-0.4,stripe,27,0.9502979493323194,-0.3649813464334642,1.4560587132672686e-11,-9.592382163835022e-12
1.0,-0.4,stripe,28,0.982764260532924,0.39573150975792243,2.146725937734342e-11,-6.558626415818752e-12
1.0,-0.4,stripe,29,0.9949743585966803,-0.4073971467939768,1.1563962208562585e-10,-5.932062124846741e-11
1.0,-0.4,stripe,30,0.998696859422636,0.4110050677540071,4.3898274346281034e-11,-8.837699506101343e-13
1.0,-0.4,stripe,31,0.9996327835814031,-0.41193526680104514,4.841391203391377e-12,-1.5040420250320242e-12
1.0,-0.4,stripe,32,0.9996471149963755,0.41195029204437555,7.601126928459467e-14,1.3845420699326892e-12
1.0,-0.4,stripe,33,0.9987693068886991,-0.4110762804653311,2.285848999559247e-13,-1.510144311971217e-12
1.0,-0.4,stripe,34,0.9952395426864332,0.4076558310071829,7.750595557018752e-13,-8.981209191119354e-13
1.0,-0.4,stripe,35,0.983563839198216,-0.3964876062625567,2.710140750889311e-13,-2.2177790087378996e-14
1.0,-0.4,stripe,36,0.9522379731005065,0.3668709363170003,-8.802368498251894e-14,1.6977830575447034e-13
1.0,-0.4,stripe,37,0.8872364657224681,-0.2968770821876507,-1.98037184631886e-13,-3.4830897824708724e-14
1.0,-0.4,stripe,38,0.8022992779193052,0.16766773057085982,-5.723832734843694e-14,4.125639528068837e-15
1.0,-0.4,stripe,39,0.7604848590108143,0.0005729957750666947,-3.455784776978441e-13,5.771876665885556e-13
1.0,-0.4,stripe,40,0.8028007775919338,-0.16868711413910897,-8.794612595655762e-14,4.679669721554764e-14
1.0,-0.4,stripe,41,0.8877762464551144,0.29752402652352566,-8.690475829151542e-13,6.220561419331966e-13
1.0,-0.4,stripe,42,0.9525413067009846,-0.3671609625492972,-1.8625039353357434e-12,2.6115985160378093e-12
1.0,-0.4,stripe,43,0.9836857879306738,0.3965998369879076,-7.652727876337418e-12,4.642446569141934e-12
1.0,-0.4,stripe,44,0.995279918568423,-0.40769380724289606,-3.2390766846247086e-12,-2.605777435513357e-13
1.0,-0.4,stripe,45,0.9987879654352432,0.41109547165946647,3.945551418228621e-13,-4.0848461206046986e-13
1.0,-0.4,stripe,46,0.9996906500079185,-0.4119972856138294,-4.815331871599396e-13,8.106985174922238e-13
1.0,-0.4,stripe,47,0.9998197696037927,0.41213399039902704,-6.50045225969618e-13,-1.5752694506622107e-13
1.0,-0.4,stripe,48,0.9994573835114025,-0.4117578718660783,2.3034391102010212e-14,-5.243366547286796e-14
1.0,-0.4,stripe,49,0.9978247832560841,0.41016194049200627,1.8855464054774233e-14,-2.6647363830276314e-14
1.0,-0.4,stripe,50,0.9918624612543937,-0.4043895715104362,-1.064810279869661e-14,4.559959610423828e-14
1.0,-0.4,stripe,51,0.9737722935656247,0.3873060016143019,1.6314103097134382e-13,-1.3994524600333892e-13
1.0,-0.4,stripe,52,0.9295937320439227,-0.34419404700116546,8.762859771071117e-13,-3.205334457872066e-13
1.0,-0.4,stripe,53,0.8513747897958819,0.24999474354031956,9.428241058119913e-13,-2.1431733812956577e-13
1.0,-0.4,stripe,54,0.7755613933877458,-0.09986911174749415,3.3140636393358617e-12,-2.5147632659017063e-12
1.0,-0.4,stripe,55,0.7685658287292534,-0.07292792697257493,2.5807028491202693e-12,-1.6371942662806294e-12
1.0,-0.4,stripe,56,0.8374271632930557,0.22936816688445344,2.3895046559233173e-12,-1.2312188663389852e-12
1.0,-0.4,stripe,57,0.9192512292218947,-0.33327951434331665,1.3332347220037477e-12,-4.3311895069866164e-13
1.0,-0.4,stripe,58,0.9689264375886812,0.38275664425348777,6.967416444443061e-13,-2.34978825731896e-13
1.0,-0.4,stripe,59,0.9900853939680615,-0.40267299706653054,3.9766674152568185e-13,-1.7160720049577922e-13
1.0,-0.4,stripe,60,0.9973006948437774,0.4096199033412371,3.731143746886531e-14,6.784205731226931e-15
1.0,-0.4,stripe,61,0.9993555920974012,-0.41153880210823934,6.481775410163238e-14,-1.7342894928638163e-13
1.0,-0.4,stripe,62,1.000105493191717,0.41135472698125286,-4.1573846220840205e-14,-1.7969545171608047e-13
1.0,-0.4,stripe,63,1.0023161811485237,-0.407460043079623,9.364079875811751e-14,-3.635926698824176e-14
1.0,-0.4,stripe,64,0.9973528519837388,0.4168341817015088,2.635661223810228e-14,
1.0,-0.4,pairing,1,0.9973160415398645,-0.41678981186000874,9.187583386472016e-14,-1.1459290528770183e-13
1.0,-0.4,pairing,2,1.0021905326490812,0.4073179633569613,1.6388358692469392e-13,-7.72639130105906e-15
1.0,-0.4,pairing,3,0.9995760451054825,-0.4107974615230939,1.0506501915221298e-13,9.067659599745298e-15
1.0,-0.4,pairing,4,0.9972840303515487,0.4095142831402675,1.0785395192581735e-12,-1.2367170744682102e-12
1.0,-0.4,pairing,5,0.9899799947260923,-0.4025349241048114,1.656784460707355e-12,-1.657972628295831e-13
1.0,-0.4,pairing,6,0.9686407069497757,0.38247726491197453,1.4912602218638434e-12,-2.041021654037074e-12
1.0,-0.4,pairing,7,0.9186661722896186,-0.3326404452442546,2.8354156702783113e-12,-1.0616108130596386e-12
1.0,-0.4,pairing,8,0.8366883316534114,0.22820387007682452,1.5619310860114952e-12,-9.11460656038405e-13
1.0,-0.4,pairing,9,0.7682608181054438,-0.07146596712888642,1.9709830121090674e-12,-9.040468470163715e-13
1.0,-0.4,pairing,10,0.7760046311503681,-0.1013030911141,1.6114061412725124e-12,-6.525873131664925e-13
1.0,-0.4,pairing,11,0.8521314606662088,0.2510586982806125,1.0079444933945175e-12,-3.116688373453768e-13
1.0,-0.4,pairing,12,0.9301227525668233,-0.3447363377417999,4.031440411352687e-13,-1.0247153402339656e-13
1.0,-0.4,pairing,13,0.974011018300942,0.3875260635005984,2.4925863421794813e-13,-6.151253128598926e-13
1.0,-0.4,pairing,14,0.9919451145145689,-0.4044669308658518,-1.7214301864323196e-12,1.7199336003985945e-13
1.0,-0.4,pairing,15,0.9978397430750445,0.4101736096478304,-6.10389944598805e-13,3.925147159206132e-13
1.0,-0.4,pairing,16,0.9994205753031917,-0.4117168860369603,-3.7472021567286926e-13,9.105760640442408e-14
1.0,-0.4,pairing,17,0.9996247883005601,0.4119255277254387,-1.1357217665016396e-13,1.383810298060829e-13
1.0,-0.4,pairing,18,0.9988719546487678,-0.4111751530641918,1.833359857451467e-13,-6.496743872381288e-13
1.0,-0.4,pairing,19,0.995653772326796,0.40805724385523906,-7.340634927759988e-14,1.3653233042098985e-12
1.0,-0.4,pairing,20,0.9848389144877319,-0.39769099427443355,-2.3897490275667776e-12,1.2586497052863902e-12
1.0,-0.4,pairing,21,0.9553823720273055,0.3699079773192961,-8.922232334093815e-14,-3.3470188907664074e-13
1.0,-0.4,pairing,22,0.8928681403391308,-0.30360429657567045,5.280380677369836e-13,-4.529177405789636e-13
1.0,-0.4,pairing,23,0.8076638947114612,0.17835535249926868,1.0464161437543107e-12,-4.99051678500588e-13
1.0,-0.4,pairing,24,0.7606869768309644,-0.011538216267886592,1.2431250673581704e-12,-7.576626917308497e-13
1.0,-0.4,pairing,25,0.7976313376553649,-0.15782392701093373,1.5513313282650305e-12,-9.279599326096191e-13
1.0,-0.4,pairing,26,0.8820314733578271,0.29051928331372023,1.550301942903523e-12,-7.931543648596904e-13
1.0,-0.4,pairing,27,0.9492414049286229,-0.3639502150862255,3.1085967126548985e-12,-3.327467996890434e-12
1.0,-0.4,pairing,28,0.982326935355728,0.3953199692183089,4.362369691798395e-12,-1.054546798748012e-12
1.0,-0.4,pairing,29,0.994829123138917,-0.40725632550809954,3.5971816983645096e-11,-1.8407455649796476e-11
1.0,-0.4,pairing,30,0.998657713773924,0.410967093681262,1.0552745690848368e-11,1.8120875318915858e-13
1.0,-0.4,pairing,31,0.9996268433411993,-0.4119291846832316,1.4845386810342322e-12,-6.890057418469118e-13
1.0,-0.4,pairing,32,0.9996631548686148,0.4119670990132811,9.949578499548403e-13,-3.640416102930148e-13
1.0,-0.4,pairing,33,0.9988421853193358,-0.4111474182512408,4.082957352490766e-14,7.255020099937829e-14
1.0,-0.4,pairing,34,0.9955084056759326,0.4079166859258755,8.293224928416137e-14,-2.566277987701402e-13
1.0,-0.4,pairing,35,0.9843853764146964,-0.3972626629379504,1.3455943145631036e-14,8.799260087978665e-14
1.0,-0.4,pairing,36,0.9542572858042353,0.36882386338675993,9.73146644792626e-15,-1.7803839453772257e-13
1.0,-0.4,pairing,37,0.8908328414345922,-0.3011901120938798,-2.8844745787819424e-14,4.024924360495281e-13
1.0,-0.4,pairing,38,0.8056870432060896,0.1744868492227525,-6.586541888564286e-13,6.714964742693239e-13
1.0,-0.4,pairing,39,0.7605616044936212,-0.007128474799319315,8.762607104308194e-13,-9.291855417598588e-13
1.0,-0.4,pairing,40,0.7994871712847753,-0.1618016698988792,-8.431187440454069e-13,1.643380622229767e-13
1.0,-0.4,pairing,41,0.8841370040222744,0.293105558195691,3.0258566524255806e-13,-1.6535517554004302e-13
1.0,-0.4,pairing,42,0.9504630950179271,-0.3651420599414104,8.989286250990919e-13,-7.697969767681319e-13
1.0,-0.4,pairing,43,0.9828327328557281,0.3957959891688802,1.6112222408047378e-12,-9.005517206523534e-13
1.0,-0.4,pairing,44,0.9949986494897315,-0.4074210390215465,1.152038601535737e-11,-6.258368755452735e-12
1.0,-0.4,pairing,45,0.998711827385868,0.4110213704806675,4.407467897349591e-12,-2.3109213871391824e-13
1.0,-0.4,pairing,46,0.9996760567820812,-0.4119822361803154,7.911152135669998e-13,-6.834728151984561e-13
1.0,-0.4,pairing,47,0.9998374602345629,0.41215303564899286,3.2628727585190804e-13,1.5711696987878676e-14
1.0,-0.4,pairing,48,0.9995504515814452,-0.41185274654540044,-1.2929589392218414e-13,-4.6577678508745306e-14
1.0,-0.4,pairing,49,0.9981908693716824,0.4105164520489112,2.4764966109723842e-14,5.209583384507313e-13
1.0,-0.4,pairing,50,0.9931314530814744,-0.4056143411383008,-4.912159528533834e-13,7.805550394873579e-13
1.0,-0.4,pairing,51,0.9773497554107424,0.39065390556645635,-2.312080759928907e-13,1.1837640911492396e-13
1.0,-0.4,pairing,52,0.937582580535872,-0.35237011664470164,-2.0955049139667647e-13,1.6388888911406233e-13
1.0,-0.4,pairing,53,0.8631436599018865,0.2662407462460467,-1.7086817281126643e-13,-1.631775114921004e-13
1.0,-0.4,pairing,54,0.7829524560715468,-0.12220427181723147,-5.902494783046594e-13,6.628568640138585e-13
1.0,-0.4,pairing,55,0.764277344472964,-0.04985953157114225,-1.151093898208137e-12,9.71986561981661e-13
1.0,-0.4,pairing,56,0.8258328220446295,0.21083604453791246,-5.363225286419478e-13,5.467467906833318e-13
1.0,-0.4,pairing,57,0.9097845344095665,-0.32295154359560746,-1.1781488012221908e-12,8.236029647760365e-13
1.0,-0.4,pairing,58,0.9642733628657563,0.3783727265489394,-5.994518017738117e-13,1.4201178805157282e-13
1.0,-0.4,pairing,59,0.98832756779856,-0.4009917272911558,-5.068595746184478e-12,4.0961718923174585e-13
1.0,-0.4,pairing,60,0.996763831211243,0.4090987773572297,-1.675700033420909e-12,1.372113418881185e-12
1.0,-0.4,pairing,61,0.9992139943585686,-0.41139717108567975,-8.471425419281962e-13,-2.5874777142084014e-13
1.0,-0.4,pairing,62,1.0000708727346077,0.41131695072960645,1.5886368487362423e-13,1.1368712923268477e-14
1.0,-0.4,pairing,63,1.0023083836824995,-0.40745106232407746,-4.758657813519142e-14,1.722182856101475e-14
1.0,-0.4,pairing,64,0.9973505521072233,0.41683119933150525,5.459902697336139e-15,
1.0,-0.2,stripe,1,0.9986348205751421,-0.42538546868079646,1.1281928796573834e-13,-2.1849230436611307e-13
1.0,-0.2,stripe,2,1.0011118248756816,0.414597802675454,3.901218077781962e-14,2.9922745919597364e-13
1.0,-0.2,stripe,3,0.9997069968231589,-0.4173326311826698,-5.32265070255796e-13,1.3732883405077053e-13
1.0,-0.2,stripe,4,0.9982344863982789,0.41655260581014975,1.2483152892191731e-12,-1.887627580896986e-12
1.0,-0.2,stripe,5,0.9930163352576953,-0.4117600846551288,6.118857456342918e-13,2.3928560590723398e-12
1.0,-0.2,stripe,6,0.9763856285230811,0.3965934792344003,-6.521607612287081e-13,3.1238686406016144e-13
1.0,-0.2,stripe,7,0.9337172124098564,-0.35638761874024927,3.174764642144294e-14,-3.4671342712340697e-13
1.0,-0.2,stripe,8,0.8539053246497601,0.26306552340427986,1.4320818258192242e-12,-9.599855479297857e-13
1.0,-0.2,stripe,9,0.7731104357907659,-0.10896442190245983,3.2651214816158513e-12,-2.2833106215555083e-12
1.0,-0.2,stripe,10,0.762767372715748,-0.06957710776646932,5.081989459167659e-12,-2.4730350883720973e-12
1.0,-0.2,stripe,11,0.833288104532713,0.23299856558782586,3.5085950589412216e-12,-1.4720244414174593e-12
1.0,-0.2,stripe,12,0.9188773664108076,-0.34112747757899436,1.8180340147671007e-12,-1.6482107696957776e-13
1.0,-0.2,stripe,13,0.9697467472464554,0.39058340676615366,2.341005992692081e-13,-1.2216630267987624e-13
1.0,-0.2,stripe,14,0.9906756354158266,-0.4096054626375811,4.326123013446469e-13,-1.5544732483084972e-13
1.0,-0.2,stripe,15,0.9975545583795451,0.41598500830407226,8.073343444464854e-14,-1.4136608675047158e-14
1.0,-0.2,stripe,16,0.9993713768332625,-0.41763988385189654,2.8986570286508535e-14,-3.509817637870638e-14
1.0,-0.2,stripe,17,0.9996535863098145,0.41790605640040906,1.1419391757667013e-13,-8.084472105286513e-14
1.0,-0.2,stripe,18,0.9990125933257147,-0.4173117940224503,3.65406245994902e-14,1.5357156703000302e-13
1.0,-0.2,stripe,19,0.9960714733171815,0.41461808737744205,2.2666716377929975e-13,-6.66562220868451e-13
1.0,-0.2,stripe,20,0.9857159023851413,-0.405052795613572,8.64511413134587e-13,1.2321983306035188e-12
1.0,-0.2,stripe,21,0.9564919299209566,0.37839558868392853,-8.6996327941652e-13,-1.2459174720589625e-12
1.0,-0.2,stripe,22,0.8921564333609835,-0.3114934844083656,-4.1988581330086254e-13,2.8095626790406908e-12
1.0,-0.2,stripe,23,0.8031489339453635,0.18104088131569504,3.4751185613969696e-14,7.996227746546954e-13
1.0,-0.2,stripe,24,0.7556486230690466,-0.007762802236658285,-1.2311184410783367e-12,5.537752706203251e-13
1.0,-0.2,stripe,25,0.7962838688358008,-0.16715795948704207,-5.940614246321884e-13,8.313027938819866e-14
1.0,-0.2,stripe,26,0.8848444288285932,0.3028354079988398,-2.7971684792867173e-13,-1.336812984707295e-13
1.0,-0.2,stripe,27,0.9525239901046858,-0.37466746320345373,-3.6943009292331015e-13,-2.7522741604215066e-13
1.0,-0.2,stripe,28,0.9841608437359993,0.4036342361769836,-4.3424500795735474e-13,-8.950501549314974e-14
1.0,-0.2,stripe,29,0.9955847974248507,-0.41416551995140877,-9.473755316775427e-13,2.7737084563775934e-12
1.0,-0.2,stripe,30,0.9989012235050362,0.41721078377260307,-1.5619875749048541e-12,-3.843032195798609e-13
1.0,-0.2,stripe,31,0.9997013084842308,-0.4179523146295053,7.440424919529216e-13,-2.46492059128051e-13
1.0,-0.2,stripe,32,0.9997128620052488,0.4179636612197681,1.0610919691781082e-13,4.927243790818691e-14
1.0,-0.2,stripe,33,0.9989609194678084,-0.41726544837541135,-1.4393353423085728e-13,1.4601331563845784e-13
1.0,-0.2,stripe,34,0.9958151221291649,0.4143804106752885,-1.521856857522904e-13,-5.305969108167601e-14
1.0,-0.2,stripe,35,0.9848872888589927,-0.40429717251979513,-4.696636910414681e-13,1.823905146962218e-13
1.0,-0.2,stripe,36,0.9543655003975102,0.37640409401630986,-2.61899135530189e-13,8.027567280355992e-14
1.0,-0.2,stripe,37,0.8882002988917723,-0.3068417748247066,-2.5663175618314584e-13,-9.65215860429355e-14
1.0,-0.2,stripe,38,0.7993653904747171,0.17351721899525402,4.436013064246151e-13,-5.052709063903031e-13
1.0,-0.2,stripe,39,0.7555599878813467,0.0006945065958792891,4.4135271166757164e-13,-3.656763018592942e-13
1.0,-0.2,stripe,40,0.7999816772243564,-0.17475919636878223,5.366035696107402e-13,-1.0033266377136143e-13
1.0,-0.2,stripe,41,0.888855270789467,0.30761388184667315,1.250470379764488e-13,-2.447766241659654e-13
1.0,-0.2,stripe,42,0.95471944770504,-0.3767335147248282,7.259315298530052e-13,4.869555180787646e-13
1.0,-0.2,stripe,43,0.9850243336572481,0.40442009354076325,4.8880484689729705e-12,-1.6870501433115107e-12
1.0,-0.2,stripe,44,0.9958584310353367,-0.41441963235271423,1.1909633354992536e-12,9.901480388627002e-14
1.0,-0.2,stripe,45,0.9989781058607013,0.41728124434726155,3.390478857187713e-13,-1.5082665894132117e-13
1.0,-0.2,stripe,46,0.9997478446825703,-0.41799688265661067,1.0747019392902206e-13,-3.36468054388213e-14
1.0,-0.2,stripe,47,0.999855649076364,0.4181032508208601,1.0690627948292398e-13,-1.1501140974055131e-13
1.0,-0.2,stripe,48,0.99954792492108,-0.4178057519084137,8.538473946248143e-14,-4.0505026922530516e-14
1.0,-0.2,stripe,49,0.9981269117850691,0.41650910244147116,-1.538499438720084e-13,2.503682755397871e-13
1.0,-0.2,stripe,50,0.9926751540412938,-0.411460138445529,5.706645096191177e-14,-3.416386389323041e-13
1.0,-0.2,stripe,51,0.9754011881860658,0.39570623045654046,2.2149560047505916e-13,-1.7656337543435824e-13
1.0,-0.2,stripe,52,0.9314473803183979,-0.354106103920105,1.1099106334840041e-13,-3.1156784759228825e-15
1.0,-0.2,stripe,53,0.8505489243873233,0.2583985423196965,2.506212072721955e-14,-2.298734855512383e-14
1.0,-0.2,stripe,54,0.7711478680686031,-0.1026254952296578,-4.766575914401088e-16,5.218007534882441e-15
1.0,-0.2,stripe,55,0.7641597480630931,-0.07603855323837617,8.467811732552185e-15,-1.9365004360648473e-14
1.0,-0.2,stripe,56,0.8366226462591648,0.23810066857969162,-7.653341690122105e-14,9.51052434109986e-14
1.0,-0.2,stripe,57,0.9214313951207396,-0.3438091972650864,-1.5194652235742836e-13,6.217479341019601e-14
1.0,-0.2,stripe,58,0.970922634412026,0.3916492095618067,-4.226180189066913e-13,1.8733817395863216e-13
1.0,-0.2,stripe,59,0.9910985934083247,-0.4099945520523243,-1.0591061307028652e-13,4.872358704935007e-13
1.0,-0.2,stripe,60,0.9976859317297795,0.41609004718855674,1.303174929083485e-12,8.144788198581567e-13
1.0,-0.2,stripe,61,0.99945988045891,-0.41766904205618816,-5.269422225554053e-13,-4.2931506151483414e-14
1.0,-0.2,stripe,62,1.0000046666000122,0.4176214601233746,7.426769734556181e-14,-3.276219535773481e-14
1.0,-0.2,stripe,63,1.0011767575753014,-0.4146611179792514,2.4318987675835726e-14,2.956943830471997e-14
1.0,-0.2,stripe,64,0.998650101244041,0.4254018797598485,-7.359213422733614e-14,
1.0,-0.2,pairing,1,0.9986340432824288,-0.4253846683008567,1.4803961368596095e-14,-1.3332945105163983e-14
1.0,-0.2,pairing,2,1.0011085282067316,0.41459456159974095,2.017940233096208e-15,1.898754888081701e-14
1.0,-0.2,pairing,3,0.9996925249053821,-0.4173189135170911,1.349836880164624e-13,-2.0219357081955832e-13
1.0,-0.2,pairing,4,0.998176141536141,0.41649953936101275,3.5194840340737804e-13,1.1279445153946405e-13
1.0,-0.2,pairing,5,0.9928049860332226,-0.4115636033390753,2.490476788960337e-13,-3.240136636656433e-12
1.0,-0.2,pairing,6,0.9757711557210443,0.39603805729200914,8.845693535575634e-13,9.129808991898987e-13
1.0,-0.2,pairing,7,0.9322991195989385,-0.35496307325166915,-9.158777959525497e-14,2.348555499399742e-13
1.0,-0.2,pairing,8,0.85180077986011,0.2601463303525434,4.473250380983819e-13,3.625919792260898e-13
1.0,-0.2,pairing,9,0.7718675423425065,-0.10499182391669337,1.6038952183284485e-13,-1.1618909056580211e-12
1.0,-0.2,pairing,10,0.7636268251706686,-0.07363241496754896,9.282964121735409e-13,-4.5979497209607946e-14
1.0,-0.2,pairing,11,0.8353776318850894,0.23620857076802632,2.1427059737372685e-13,-6.710980112014992e-14
1.0,-0.2,pairing,12,0.9204857507451824,-0.3428199566767359,9.663032391278614e-13,-1.604690825843785e-12
1.0,-0.2,pairing,13,0.9704893212282253,0.3912575245929154,1.8761154624553768e-12,8.42488569585169e-13
1.0,-0.2,pairing,14,0.9909425760526774,-0.40985237359774584,4.1251170979178995e-11,-8.319204222593202e-12
1.0,-0.2,pairing,15,0.9976316282450886,0.4160556118345002,3.1452550288397476e-12,5.977303808120822e-13
1.0,-0.2,pairing,16,0.999392711657813,-0.4176597350199378,1.1870752147511e-12,-5.033908869839816e-13
1.0,-0.2,pairing,17,0.9996680585219763,0.4179201754409738,1.1461717681139938e-13,1.3934068757226807e-13
1.0,-0.2,pairing,18,0.9990549699877874,-0.41735038833359916,-5.785751380273305e-13,4.149399698734504e-13
1.0,-0.2,pairing,19,0.9962326527285428,0.41476746464893816,-1.7320604184393578e-12,7.233903022744013e-13
1.0,-0.2,pairing,20,0.9862353555821571,-0.40552695027557123,-2.8073758728394e-12,1.2393783234697928e-11
1.0,-0.2,pairing,21,0.9578362232150012,0.37964868485624514,-3.053317236336029e-12,2.0753621306557147e-13
1.0,-0.2,pairing,22,0.8947025791320854,-0.31444876036989755,-5.7693856166633044e-12,4.97561082107222e-12
1.0,-0.2,pairing,23,0.8056719570962333,0.1859004095569341,-1.0389584506433615e-11,3.2084990078068888e-12
1.0,-0.2,pairing,24,0.7558226526725154,-0.013282665689130255,-1.1906013850387257e-11,9.51972029397601e-12
1.0,-0.2,pairing,25,0.7939303632625527,-0.1621478656372819,-1.0469953961983297e-11,1.0317399333460637e-12
1.0,-0.2,pairing,26,0.8821931462171528,0.2996332011784655,-8.118527366108736e-12,3.346047524116836e-12
1.0,-0.2,pairing,27,0.9510450259601491,-0.3732682026203066,-2.835527905420811e-12,-8.562230508607506e-13
1.0,-0.2,pairing,28,0.9835738322926165,0.40310065561034475,-1.896860337038562e-12,2.8722067694279083e-12
1.0,-0.2,pairing,29,0.9953979271461686,-0.4139918294397027,-6.480241855090706e-12,3.2123399644492984e-12
1.0,-0.2,pairing,30,0.9988531468772439,0.41716718958356325,4.1656283783732047e-13,-5.951822146980956e-12
1.0,-0.2,pairing,31,0.9996934580076952,-0.41794463925082626,-1.476089803973612e-11,1.6281366749466488e-11
1.0,-0.2,pairing,32,0.999729191138394,0.41797959830710196,-6.256602742255173e-12,-3.156763213705838e-12
1.0,-0.2,pairing,33,0.9990385594923086,-0.4173360311755414,-8.383070935980718e-14,-1.4698839837550038e-13
1.0,-0.2,pairing,34,0.9961172450931497,0.41466069954600926,5.77367575345887e-13,-9.791708703716894e-14
1.0,-0.2,pairing,35,0.985854269739089,-0.40517881063933847,-9.651031155609986e-14,5.162324535620071e-13
1.0,-0.2,pairing,36,0.956848359554171,0.37872792427257207,8.249798894498903e-13,1.547607552333842e-12
1.0,-0.2,pairing,37,0.8928284716005515,-0.31227583798143677,-2.269158671902226e-13,-2.9896023931239673e-12
1.0,-0.2,pairing,38,0.8038084943704901,0.18232158233154358,-1.5325799005588294e-12,-4.3092928526078074e-13
1.0,-0.2,pairing,39,0.7556862017748115,-0.009213137371696904,1.0407299538745218e-13,2.726344108958841e-13
1.0,-0.2,pairing,40,0.7956613266948265,-0.16584538043259914,-6.084891634305201e-13,3.1444684531496244e-13
1.0,-0.2,pairing,41,0.8841504685801427,0.30200022748506844,-5.296635448355843e-13,6.373255293224405e-13
1.0,-0.2,pairing,42,0.9521389368533381,-0.37430350383327693,-1.0112286959782705e-12,-1.510527817522377e-13
1.0,-0.2,pairing,43,0.9840084773967148,0.4034955175852091,-2.188407241474917e-13,5.331706234662223e-12
1.0,-0.2,pairing,44,0.9955374869735949,-0.41412154333259604,-2.8749766184331456e-12,-1.8253297555804113e-12
1.0,-0.2,pairing,45,0.9988948974508882,0.41720567876253023,4.338875115201317e-13,8.769428279777005e-13
1.0,-0.2,pairing,46,0.9997288859342808,-0.4179784386139917,-7.178958966286885e-13,-3.1913871236438813e-13
1.0,-0.2,pairing,47,0.9998576528136137,0.41810528821939646,7.250938498091772e-13,2.2352518609905604e-13
1.0,-0.2,pairing,48,0.9995750868228024,-0.4178313653076678,-4.214689399704634e-13,1.748918073123124e-13
1.0,-0.2,pairing,49,0.9982398813811514,0.4166118640575424,1.96484898466776e-13,-3.814860250460989e-13
1.0,-0.2,pairing,50,0.9930851869726655,-0.4118412178177913,1.1809735905841743e-13,-2.4763221478276226e-13
1.0,-0.2,pairing,51,0.9765925166713042,0.396782997822657,-1.7504418417589234e-13,8.070075654806575e-13
1.0,-0.2,pairing,52,0.9341946268090968,-0.35686747628400245,-8.905200800993339e-14,-2.7737774959127634e-13
1.0,-0.2,pairing,53,0.8546190732244756,0.264051655550582,-8.659813893494151e-14,9.494473844767204e-14
1.0,-0.2,pairing,54,0.7735412697836969,-0.11030986640154156,-1.8047523074894567e-13,-1.3271248057730641e-13
1.0,-0.2,pairing,55,0.762486560233631,-0.06819884896515918,5.817670486406652e-13,-4.5169474894452595e-13
1.0,-0.2,pairing,56,0.8325808875370121,0.23190165651296138,9.539041984203169e-14,-2.3884930205507943e-13
1.0,-0.2,pairing,57,0.918326566223139,-0.34054413725867033,2.918291152753641e-13,-5.501103596422827e-13
1.0,-0.2,pairing,58,0.9694907209961477,0.3903493448249349,-2.3605718991633755e-13,5.954209008228057e-13
1.0,-0.2,pairing,59,0.9905843489976158,-0.409518794758634,4.677024603813981e-12,-2.9929555532836636e-13
1.0,-0.2,pairing,60,0.9975383095887725,0.4159548174362835,-8.647145633566289e-13,4.698284455172196e-13
1.0,-0.2,pairing,61,0.9994228390243062,-0.41763460089303767,1.0354705545059549e-14,-2.5486341652929813e-13
1.0,-0.2,pairing,62,0.9999959840384268,0.4176128913202687,8.134501352913609e-13,-1.118802811788588e-13
1.0,-0.2,pairing,63,1.0011749387220763,-0.4146593467961211,6.15469352435462e-14,-5.598611620610131e-16
1.0,-0.2,pairing,64,0.9986496623197278,0.42540137371956604,1.347782705886602e-14,
1.0,0.0,stripe,1,0.9999870374870379,-0.43348306050271,5.466350159630309e-13,-5.597276531284995e-13
1.0,0.0,stripe,2,0.9999347571379313,0.4215595979316387,4.338710794334027e-13,-1.403644733030364e-13
1.0,0.0,stripe,3,0.9996765040783308,-0.4236132666016271,5.165096390841454e-13,7.161361427217879e-14
1.0,0.0,stripe,4,0.9985639531319305,0.4229572436306138,1.0203632811900421e-12,-3.4073572811223375e-12
1.0,0.0,stripe,5,0.9940186700424304,-0.4189927473478716,2.111801857275956e-12,2.0833632591386607e-13
1.0,0.0,stripe,6,0.978612432250682,0.4055710934093164,1.0815477198838042e-12,-1.5919773291076447e-11
1.0,0.0,stripe,7,0.936710132955893,-0.3677296389026982,2.438089969403851e-12,-5.888327782547529e-13
1.0,0.0,stripe,8,0.8537802925743503,0.2736488241997058,5.827185415191952e-13,-9.799085992233016e-14
1.0,0.0,stripe,9,0.7679970120946524,-0.11351209858588396,2.3755411548014543e-13,-7.846484785379786e-14
1.0,0.0,stripe,10,0.7568067267494369,-0.07154606083559516,-1.3412208515910116e-13,-2.3506898235912066e-13
1.0,0.0,stripe,11,0.8313720793390443,0.24171672852546827,2.1100486822073872e-13,1.3396013240510698e-13
1.0,0.0,stripe,12,0.9211935008469803,-0.35233624481888365,-1.3357930599154693e-13,4.548964062875007e-14
1.0,0.0,stripe,13,0.9720949198572777,0.39993473925541145,-6.532629470957435e-14,1.913672219343646e-13
1.0,0.0,stripe,14,0.9918420788898772,-0.4170695187534722,2.424386338437918e-13,-1.5689635676491923e-13
1.0,0.0,stripe,15,0.9979838639945896,0.4224786269576473,1.925300649281707e-12,1.285891438766014e-12
1.0,0.0,stripe,16,0.9995054403792007,-0.4237575179691786,-8.64930581700021e-13,-8.564860783716438e-14
1.0,0.0,stripe,17,0.9997356151822698,0.4239579930413946,9.072140599764117e-15,2.2757159022784293e-14
1.0,0.0,stripe,18,0.9992135526382588,-0.4235127157587414,5.829540308915813e-14,-6.096199701943941e-14
1.0,0.0,stripe,19,0.9967073024689977,0.4213729561950208,1.0023097226729776e-13,-2.7191257734963063e-14
1.0,0.0,stripe,20,0.9872986339321681,-0.41308444722940757,5.600609049372836e-13,-8.713693141912942e-13
1.0,0.0,stripe,21,0.959259624784859,0.3886484795448332,1.1535559957633094e-12,2.3777207579523626e-13
1.0,0.0,stripe,22,0.8936962399753736,-0.3227930811387488,2.64766370069213e-14,-1.651107645444363e-13
1.0,0.0,stripe,23,0.7996173060605872,0.18799414324441793,4.1653995313919246e-13,-3.3098882595242367e-13
1.0,0.0,stripe,24,0.7494316459095358,-0.00795353930385327,-7.313676378337217e-13,1.5522909195846838e-12
1.0,0.0,stripe,25,0.7924062667129854,-0.1736721475870536,-1.2112068726042602e-12,6.150237509102948e-13
1.0,0.0,stripe,26,0.886128430605132,0.314094868679109,3.0054573035097355e-13,-2.5641095951704982e-14
1.0,0.0,stripe,27,0.9553840434026557,-0.3851604087213071,5.418129396135738e-12,-7.746079390957187e-12
1.0,0.0,stripe,28,0.9858663828473158,0.41183679126452954,5.7584240034954014e-12,8.700004758932459e-13
1.0,0.0,stripe,29,0.9962844895933559,-0.4210009458492489,6.671673948332553e-12,-9.413303952577833e-13
1.0,0.0,stripe,30,0.9991220133404004,0.42343607046981535,-9.132008725320461e-13,2.4455446115355863e-13
1.0,0.0,stripe,31,0.999772071672687,-0.42398883447677055,1.6422853157597516e-13,1.4911741505448752e-14
1.0,0.0,stripe,32,0.9997811211789088,0.42399706576471125,3.3707607308523195e-13,-6.143874142192386e-13
1.0,0.0,stripe,33,0.9991699068350968,-0.4234761706553309,-2.5119309040760087e-13,1.1234869610638737e-12
1.0,0.0,stripe,34,0.996482012865713,0.4211752914779846,-1.181534661178495e-12,-1.0397682212621837e-13
1.0,0.0,stripe,35,0.9865272603969506,-0.41241255136486193,-2.8761578081549843e-12,6.264548809116043e-12
1.0,0.0,stripe,36,0.9571615560706469,0.38676614991845243,-1.0020488750845825e-11,-1.2439024385797078e-12
1.0,0.0,stripe,37,0.8895592080268405,-0.31807142004570815,9.428341365478279e-14,-3.880682929554147e-13
1.0,0.0,stripe,38,0.7956000431539262,0.1801463267120422,1.1969049495967932e-12,-1.095502102146188e-13
1.0,0.0,stripe,39,0.7493404519139265,0.0008065838914542816,6.752840186448681e-13,-4.38384160197139e-13
1.0,0.0,stripe,40,0.7963331690560438,-0.18159910759367084,7.421259075997964e-13,-1.5723710870317951e-13
1.0,0.0,stripe,41,0.8903275227454791,0.31895167708020983,3.6447245328372716e-13,3.8074195295008393e-13
1.0,0.0,stripe,42,0.957553967857407,-0.38711714707922756,-8.387664353388437e-13,3.5187562721658283e-13
1.0,0.0,stripe,43,0.9866709314898534,0.4125361020188105,-1.4512920858458244e-11,4.1810404509553984e-12
1.0,0.0,stripe,44,0.9965246980983433,-0.421211924278832,-1.9170428940627425e-12,2.3275232107823457e-12
1.0,0.0,stripe,45,0.999184607987267,0.42348828524472565,-1.6607443405378625e-12,-3.9035269745667896e-13
1.0,0.0,stripe,46,0.9998074113170444,-0.4240186131155611,7.763072463304786e-13,-2.547554647227964e-13
1.0,0.0,stripe,47,0.999892727845483,0.4240960752061961,1.0453447070494415e-13,1.0162674662785332e-13
1.0,0.0,stripe,48,0.9996464624612547,-0.42387718768253996,-4.4960530949398174e-14,1.017329658391245e-14
1.0,0.0,stripe,49,0.9984732392048273,0.42289448808533114,4.612575886439095e-15,-4.2662717106051905e-14
1.0,0.0,stripe,50,0.9936749688255654,-0.4186923479440878,1.7559267091000687e-14,-1.7635529249987252e-14
1.0,0.0,stripe,51,0.9775650682902599,0.4046652301171582,1.3362154308607444e-13,-8.622679193798906e-14
1.0,0.0,stripe,52,0.9341442611539955,-0.36524140822984924,1.485085710603775e-13,-6.512152294305204e-14
1.0,0.0,stripe,53,0.8498202421995291,0.26827036189764425,2.137773400862034e-14,7.90910021825212e-14
1.0,0.0,stripe,54,0.7656858610674383,-0.10615827301414495,-9.950346347279395e-14,3.808125668373529e-14
1.0,0.0,stripe,55,0.7584435016155244,-0.07902912529959123,5.4843348166850644e-14,-6.879203807527956e-14
1.0,0.0,stripe,56,0.8353199384484402,0.24762667029389276,-1.7614514807978052e-13,-6.79626453459627e-14
1.0,0.0,stripe,57,0.9241158000299129,-0.35530103579151806,-1.3525226785868073e-13,2.596343991103527e-13
1.0,0.0,stripe,58,0.9733583538253349,0.40102961202869825,-1.166881868964453e-12,3.070432727167859e-13
1.0,0.0,stripe,59,0.992272596473973,-0.41744972668392394,-3.4547713772734696e-13,-3.4763691265928645e-13
1.0,0.0,stripe,60,0.9981059164864191,0.4225767868526776,3.001135380308637e-14,9.926740121227734e-14
1.0,0.0,stripe,61,0.9995663756317994,-0.42379307705623737,-1.710522843353264e-13,4.826713363619298e-14
1.0,0.0,stripe,62,0.9999092617921189,0.42381738699735577,-5.848153709515595e-14,1.2476849405503368e-14
1.0,0.0,stripe,63,0.9999821101656705,-0.4215985489701297,-4.1091103227949426e-14,3.80398650638646e-15
1.0,0.0,stripe,64,0.9999964246509432,0.4334913018748037,-1.6568624226732786e-14,
1.0,0.0,pairing,1,0.9999881412409144,-0.433483981981031,-4.806056875214246e-15,4.110733776589942e-15
1.0,0.0,pairing,2,0.9999404080578264,0.42156436698155897,-2.018963640482802e-14,1.7037757143478554e-14
1.0,0.0,pairing,3,0.9997032239904977,-0.423636288337553,-3.271199133829919e-14,-1.571071404982596e-14
1.0,0.0,pairing,4,0.9986776144975492,0.4230523928739514,-1.7127248167300224e-13,2.519734358241912e-13
1.0,0.0,pairing,5,0.9944643404373181,-0.4193876265282362,-3.943368014017134e-13,-4.378274877957084e-13
1.0,0.0,pairing,6,0.9799939493727485,0.40676231725230794,-5.887924846189648e-13,1.163507360508789e-11
1.0,0.0,pairing,7,0.9401476761426412,-0.3710240998961453,-1.6681314144446698e-12,4.2542378808456747e-13
1.0,0.0,pairing,8,0.8592600587958015,0.2809185565363623,-5.651262077074784e-13,2.267509850459759e-13
1.0,0.0,pairing,9,0.7714352624118269,-0.12366193341974138,-1.714795601713054e-13,1.7713504709105068e-14
1.0,0.0,pairing,10,0.7547970713360527,-0.0611253623314028,-2.742218867269516e-13,2.5606525674247223e-13
1.0,0.0,pairing,11,0.8259288217284141,0.2333337638005511,-9.787965731752864e-14,4.060591197402514e-14
1.0,0.0,pairing,12,0.9170108513553237,-0.34803632615181845,-1.6120272512505772e-13,-1.6690116347581058e-13
1.0,0.0,pairing,13,0.9702555519070007,0.3983367816514402,4.059389374067034e-13,-8.459086266184675e-13
1.0,0.0,pairing,14,0.9912107243288389,-0.41651233445322255,-3.843844250711656e-12,-1.2636498652791026e-11
1.0,0.0,pairing,15,0.9978130134819602,0.4223322888812345,-2.294906790420909e-11,-1.8438859561271262e-11
1.0,0.0,pairing,16,0.9994668032340496,-0.42372475295887124,1.1840204182368567e-11,1.1736247864666472e-12
1.0,0.0,pairing,17,0.9997366465579446,0.4239589509115147,-1.021830427928638e-12,9.085958952302553e-14
1.0,0.0,pairing,18,0.9992556886710756,-0.4235478565273101,7.407814027289981e-14,-9.834768466860478e-14
1.0,0.0,pairing,19,0.9968890266071071,0.4215319338685823,1.7659143337277254e-13,6.837569107372603e-14
1.0,0.0,pairing,20,0.9879231044784701,-0.41362917494213364,-7.636008304272984e-15,-2.490038871767361e-12
1.0,0.0,pairing,21,0.9609733399679535,0.390176838229011,4.037413581852754e-13,-5.866495170868138e-14
1.0,0.0,pairing,22,0.8971469424429408,-0.326672847110171,-3.833595533973873e-14,2.9786646396545835e-13
1.0,0.0,pairing,23,0.8031106301304768,0.19457826026687777,-6.112765389473665e-13,1.180918985878288e-13
1.0,0.0,pairing,24,0.7496864225682937,-0.01539155922207614,9.659010887755115e-14,5.713541458938474e-13
1.0,0.0,pairing,25,0.7891662884773227,-0.16686787765023542,-3.992606621044066e-13,7.093619928203013e-14
1.0,0.0,pairing,26,0.8825063370720149,0.3098385103682098,-9.329656032092735e-13,1.1299996854544465e-13
1.0,0.0,pairing,27,0.9534700915849796,-0.3834232811859099,-1.3921007935137605e-12,2.2072054715196215e-12
1.0,0.0,pairing,28,0.9851501833443138,0.4112151654247928,5.023316008353164e-12,2.6139390470772445e-12
1.0,0.0,pairing,29,0.9960691269674605,-0.42081127421076225,-2.986257621854677e-12,1.1895338688221001e-12
1.0,0.0,pairing,30,0.9990701071297512,0.4233929247401048,-3.3227549085704647e-13,-9.354648401030003e-14
1.0,0.0,pairing,31,0.9997633152423463,-0.4239808392242022,-1.913337255867472e-13,1.2261771962257614e-13
1.0,0.0,pairing,32,0.9997962360027741,0.4240106619559924,-5.571821569173987e-17,-5.590257432828973e-14
1.0,0.0,pairing,33,0.9992451184987087,-0.42353871116972486,6.974712181251236e-14,3.3555084200493725e-14
1.0,0.0,pairing,34,0.9967950593653332,0.42144969844826136,6.49083659708877e-14,-9.48407726294251e-14
1.0,0.0,pairing,35,0.9875918949648764,-0.4133398918554688,-7.046914861811216e-14,3.804632787248767e-13
1.0,0.0,pairing,36,0.9600620758127543,0.38936492434806,-5.012688097745058e-13,-9.045381295087589e-14
1.0,0.0,pairing,37,0.8953042540230643,-0.32460718225669916,-3.98063090300852e-14,8.230981397697867e-14
1.0,0.0,pairing,38,0.8012291132721918,0.19105743488712348,-6.457874432245709e-14,7.171125434181019e-14
1.0,0.0,pairing,39,0.7495300865117449,-0.011403670432098287,-7.975408577020204e-14,-6.3928301773491546e-15
1.0,0.0,pairing,40,0.7908926636334237,-0.17052424705599972,-3.08325332408821e-13,5.201435177009048e-14
1.0,0.0,pairing,41,0.8844547511132786,0.31213563605282924,-2.300133682048177e-13,2.478231901266636e-13
1.0,0.0,pairing,42,0.9545045367150057,-0.38436335303456454,-2.7539160272086206e-13,7.890857823105186e-14
1.0,0.0,pairing,43,0.9855380919300148,0.41155162347548147,1.3737353360273236e-13,-5.6671318411920707e-14
1.0,0.0,pairing,44,0.9961867143973708,-0.4209147635664106,-1.5789221990065717e-13,3.104822336793668e-13
1.0,0.0,pairing,45,0.9991023592769213,0.4234198945146223,-4.4657757389965537e-13,2.410833143319789e-13
1.0,0.0,pairing,46,0.9997881097601788,-0.4240014540382748,-9.362504631837282e-14,-2.3984279241913007e-13
1.0,0.0,pairing,47,0.999888604612886,0.42409263127155505,-7.028055077965195e-14,2.81705365117269e-13
1.0,0.0,pairing,48,0.9996449623336372,-0.42387590095254524,-4.553765849508407e-13,2.655225981386228e-13
1.0,0.0,pairing,49,0.9984701167936191,0.4228918481512877,-6.162520592828875e-14,-6.566280710275041e-14
1.0,0.0,pairing,50,0.9936634773465399,-0.4186821716652833,7.330632187738216e-13,-2.851454309127562e-13
1.0,0.0,pairing,51,0.9775300204391805,0.4046350154034063,3.745788945621906e-13,-4.04491858174213e-12
1.0,0.0,pairing,52,0.9340586967101194,-0.36515817362328407,6.623150962819889e-13,-1.8430286637599982e-13
1.0,0.0,pairing,53,0.8496899217948897,0.2680917591239741,1.5877511275967194e-13,4.71206854752677e-15
1.0,0.0,pairing,54,0.7656121591890794,-0.10591623067073945,-8.832915722328877e-14,1.5947352116288144e-13
1.0,0.0,pairing,55,0.7584997291314903,-0.07927444498954493,-8.131403688002345e-14,-1.2424529882367486e-14
1.0,0.0,pairing,56,0.8354498240080745,0.2478189108085291,-5.427744347425376e-14,1.1901774205659281e-14
1.0,0.0,pairing,57,0.9242104749657389,-0.35539656912316536,1.1029568135839589e-13,-1.5750912890052242e-13
1.0,0.0,pairing,58,0.9733989797941819,0.40106478672726137,1.8869053313314233e-13,-7.34905537844339e-14
1.0,0.0,pairing,59,0.9922863397310114,-0.41746187950603775,-1.3038973704363595e-13,-6.13402143163708e-14
1.0,0.0,pairing,60,0.9981095840869741,0.4225799114769809,5.685073355859976e-13,4.575734968840284e-13
1.0,0.0,pairing,61,0.9995672446850177,-0.4237938161985682,-2.912817300045201e-13,-5.3135984416475106e-14
1.0,0.0,pairing,62,0.9999094554864533,0.4238175573705814,9.811907606698974e-14,-2.9148051946007625e-14
1.0,0.0,pairing,63,0.9999821477840602,-0.42159857915250204,3.288224045052259e-14,6.75261186795775e-15
1.0,0.0,pairing,64,0.9999964323511457,0.43349130926436613,1.2469804298634668e-14,
1.2,-0.4,stripe,1,0.9974709824570026,-0.3429126693006837,-2.245261861639407e-13,2.4021848503727046e-13
1.2,-0.4,stripe,2,1.0018938208386619,0.36927120855315837,-3.8500621569406527e-13,2.462124818333554e-13
1.2,-0.4,stripe,3,0.9993084090129778,-0.37385052199155766,-2.595531360397906e-13,1.4765036677732615e-13
1.2,-0.4,stripe,4,0.996474929937052,0.3741137729997134,3.4503216268936775e-13,4.2425736247869656e-13
1.2,-0.4,stripe,5,0.9883530990458126,-0.3669111317125055,-6.300703347370496e-13,3.932877786917297e-14
1.2,-0.4,stripe,6,0.9669521767313216,0.34730045601820825,-7.418941005723879e-13,8.249890742407963e-13
1.2,-0.4,stripe,7,0.9211095436861454,-0.3010749400709818,-1.7247001746235018e-12,1.9134775399298845e-12
1.2,-0.4,stripe,8,0.8513255726418866,0.21164320535785575,-4.2076227580549234e-12,3.09540849298775e-12
1.2,-0.4,stripe,9,0.7913663215792508,-0.08199729822906608,-5.9047070794459085e-12,3.4453849652645936e-12
1.2,-0.4,stripe,10,0.7870064710851788,-0.06359728944671332,-6.177464486269186e-12,3.9133817475224655e-12
1.2,-0.4,stripe,11,0.8419775982956192,0.19686186859747387,-4.497840904362447e-12,2.313023269225406e-12
1.2,-0.4,stripe,12,0.9131393328881814,-0.2922507497183507,-3.0972415220050802e-12,1.4495750518190477e-12
1.2,-0.4,stripe,13,0.9626574783137317,0.34334236979445043,-1.7923315593612894e-12,7.580896826345015e-13
1.2,-0.4,stripe,14,0.98658775864946,-0.3655082096071064,-1.017291729027524e-12,4.579409753136334e-13
1.2,-0.4,stripe,15,0.995836168060325,0.3742673890080898,-5.850073080938908e-13,2.486016146253183e-13
1.2,-0.4,stripe,16,0.9987576974688945,-0.3771939777841333,-3.147421881969428e-13,5.2495263760626726e-14
1.2,-0.4,stripe,17,0.9992313016898418,0.37767964717375896,-2.9764254344828727e-13,2.3620576639611347e-13
1.2,-0.4,stripe,18,0.99804732901083,-0.37647364402037936,-3.040817835561759e-13,2.9898520826588836e-13
1.2,-0.4,stripe,19,0.9933416394689475,0.3718506700796485,-4.659900684646113e-13,-7.935040733828927e-13
1.2,-0.4,stripe,20,0.9796601385270962,-0.3591494577205129,-7.722398148342634e-13,8.097790212495907e-13
1.2,-0.4,stripe,21,0.946861579354188,0.32801818448821446,-2.394398133659756e-12,2.1101605569005797e-12
1.2,-0.4,stripe,22,0.8866887099524902,-0.2607223130582174,-4.086369694143998e-12,2.2083101762579676e-12
1.2,-0.4,stripe,23,0.8157296079898959,0.14832103388243842,-5.619009021687792e-12,4.8065465310432305e-12
1.2,-0.4,stripe,24,0.7804286552551412,-0.006861904215686955,-6.709460839959776e-12,2.492808292107224e-12
1.2,-0.4,stripe,25,0.8101450662077335,-0.1359167371580917,-5.356234864227513e-12,2.6997507773160424e-12
1.2,-0.4,stripe,26,0.8799427299611108,0.2520568098820721,-2.929225003946521e-12,9.680787642342843e-13
1.2,-0.4,stripe,27,0.942407193420334,-0.3235371641203165,-1.1040497765037681e-12,3.346989540533226e-13
1.2,-0.4,stripe,28,0.9775897562476553,0.35724484253189914,-4.887525895452113e-13,1.9819444274485823e-13
1.2,-0.4,stripe,29,0.9925657161272641,-0.37111031002942885,-4.913730857941117e-13,2.0526803521442817e-13
1.2,-0.4,stripe,30,0.9978356767618767,0.3762711909939207,1.2252209833795188e-13,-3.345177543413187e-13
1.2,-0.4,stripe,31,0.9993197236973606,-0.37779609233857514,-1.2183096174773017e-13,7.492563141995449e-13
1.2,-0.4,stripe,32,0.9993462378931971,0.37782428017546,-2.0469791539821578e-13,-3.980453129556576e-13
1.2,-0.4,stripe,33,0.9979616211559823,-0.3764001000935594,6.834579822873656e-13,-6.598455530622892e-13
1.2,-0.4,stripe,34,0.9929651763413763,0.37149489187220996,-3.8757820664686744e-13,-5.824326930657761e-14
1.2,-0.4,stripe,35,0.9786392833265973,-0.35821367904500967,3.248635939628425e-14,-5.745630790162856e-14
1.2,-0.4,stripe,36,0.9446472221198736,0.3258016579135525,3.6747751430361426e-13,-3.667946062392162e-13
1.2,-0.4,stripe,37,0.8832981195922468,-0.2564032571188531,2.593496161430129e-13,3.0750099345854775e-13
1.2,-0.4,stripe,38,0.8128695050502898,0.14209437155874416,1.899547648631724e-13,-8.232197852877585e-13
1.2,-0.4,stripe,39,0.7803546990894019,6.121283712715095e-05,4.079139377560369e-13,6.810797901784946e-13
1.2,-0.4,stripe,40,0.8129224749105143,-0.14220327840027241,-1.385727999152891e-14,-2.845578657871998e-13
1.2,-0.4,stripe,41,0.8833607528813088,0.2564753263995065,-3.2251205484556665e-13,3.178947681716425e-13
1.2,-0.4,stripe,42,0.9446851133378,-0.32583264249885324,-2.9478810114899846e-13,-2.8732332233097414e-14
1.2,-0.4,stripe,43,0.9786540009418573,0.35822234632875305,1.3751625461575613e-13,-1.466089463998806e-13
1.2,-0.4,stripe,44,0.9929715818742348,-0.37150114726574257,1.901989306712816e-13,-1.4011595846118333e-13
1.2,-0.4,stripe,45,0.9979795581473986,0.3764268745657396,-3.0986146454232917e-13,-2.9881493927940974e-14
1.2,-0.4,stripe,46,0.9994279326457306,-0.37793322070830476,-5.255456432590311e-14,-7.244559837169699e-14
1.2,-0.4,stripe,47,0.9996503619339138,0.3781757362535417,1.9364890660601713e-13,-1.6719744797617548e-13
1.2,-0.4,stripe,48,0.9990670436472125,-0.37755067227288286,7.510874994350175e-14,5.2126771844636207e-14
1.2,-0.4,stripe,49,0.9966136747772686,0.37505321878222875,-3.047417358964429e-13,2.641486831367973e-13
1.2,-0.4,stripe,50,0.9887897665252882,-0.3675612810957079,-7.016396595663921e-13,4.734639223430993e-13
1.2,-0.4,stripe,51,0.9679758325709803,0.348355505535051,-1.7898874465463954e-12,1.6023390327678333e-12
1.2,-0.4,stripe,52,0.9230185654066256,-0.30321098295796867,-5.264763955761925e-12,4.520555412786258e-12
1.2,-0.4,stripe,53,0.8536375476464992,0.21522808778033042,-8.748285903058246e-12,4.0842245691437e-12
1.2,-0.4,stripe,54,0.792559493415088,-0.08653969927208435,-1.1065435259787618e-11,9.178427257271626e-12
1.2,-0.4,stripe,55,0.7860637254121791,-0.059000683384964274,-1.1965758863834269e-11,3.0514388623584486e-12
1.2,-0.4,stripe,56,0.8396966612659865,0.1930990632621074,-8.02799594194452e-12,3.810609819863407e-12
1.2,-0.4,stripe,57,0.911101482924392,-0.2899341558593193,-4.1421881705062794e-12,8.446780023549624e-13
1.2,-0.4,stripe,58,0.9615192741864418,0.3422418115109511,-6.33800441305661e-13,4.5990419654246375e-14
1.2,-0.4,stripe,59,0.9861071687236356,-0.365002695154327,-1.612256203962601e-13,8.101833930288048e-14
1.2,-0.4,stripe,60,0.9956879411346725,0.3739200581737422,3.044213678582669e-14,-1.3795583951759948e-13
1.2,-0.4,stripe,61,0.9988416750931435,-0.37654310447441863,3.1019616350875013e-13,-2.2105270701816985e-13
1.2,-0.4,stripe,62,0.9999698750418174,0.37461690066951364,2.5376666840205325e-13,4.894179756519529e-14
1.2,-0.4,stripe,63,1.0020741349181557,-0.36952893262125175,7.260303201032575e-13,-8.157586318283541e-13
1.2,-0.4,stripe,64,0.9975303120154274,0.3430362117491565,8.256123053882073e-13,
1.2,-0.4,pairing,1,0.9974459038722188,-0.34286590749715107,-4.106286884569479e-13,4.213548359296759e-13
1.2,-0.4,pairing,2,1.0018213538841279,0.3691754550343722,-6.629354052115163e-13,3.6252071261440585e-13
1.2,-0.4,pairing,3,0.9990511661421879,-0.3735653198836915,-1.3538568163646706e-12,1.3623783413337448e-12
1.2,-0.4,pairing,4,0.9956044994498611,0.3732443181821522,-2.478158291726958e-12,1.5924793961102356e-12
1.2,-0.4,pairing,5,0.985862239777957,-0.36459364441229947,-1.5877229042712536e-12,5.808282327097396e-13
1.2,-0.4,pairing,6,0.9609857256945884,0.3416551235791855,-1.8110769684725153e-12,7.82447009065153e-13
1.2,-0.4,pairing,7,0.9101762494296642,-0.2888350843589702,-2.8494457351136386e-12,1.7601011117397552e-12
1.2,-0.4,pairing,8,0.8387046334029105,0.19137105701032286,-3.737844670133828e-12,2.7776900655255824e-12
1.2,-0.4,pairing,9,0.7857199322446127,-0.05690672189058753,-4.308895631148951e-12,2.918411272889887e-12
1.2,-0.4,pairing,10,0.7931741377030981,-0.08856995417889867,-4.141441517015803e-12,2.3397832115352156e-12
1.2,-0.4,pairing,11,0.8547070247271955,0.21679516084259295,-3.645232902641529e-12,2.076615984596266e-12
1.2,-0.4,pairing,12,0.9238645902902016,-0.3041092550721368,-2.6351112513874957e-12,1.2557192703353181e-12
1.2,-0.4,pairing,13,0.9684114050564746,0.3487509763836319,-2.6190635640225798e-12,2.2578885397800334e-12
1.2,-0.4,pairing,14,0.9889600390390022,-0.3677106706397603,-2.615915761975701e-12,8.164601468889877e-14
1.2,-0.4,pairing,15,0.9966524157475574,0.37507783046162174,4.425913307063254e-12,-7.189423269335387e-12
1.2,-0.4,pairing,16,0.9989977580418758,-0.3774489765975346,9.728800207501041e-13,5.3983342849976516e-12
1.2,-0.4,pairing,17,0.9993048419080843,0.37776681133062306,-3.0909405248703096e-12,-3.0266844091303185e-12
1.2,-0.4,pairing,18,0.9981040424365354,-0.3765373943646067,6.020763775888375e-12,-4.409012008733153e-12
1.2,-0.4,pairing,19,0.9934784498714869,0.3719841626322859,1.5465478226776305e-12,3.394201954353521e-13
1.2,-0.4,pairing,20,0.9800191447383825,-0.35947918021910535,-4.3233642290488066e-13,2.1512103451530669e-13
1.2,-0.4,pairing,21,0.9476453972944245,0.328797820679028,-2.5976816858673777e-13,1.4977052553085048e-13
1.2,-0.4,pairing,22,0.8879070645349454,-0.26225596182444305,-4.676284666544376e-13,3.961659540158093e-13
1.2,-0.4,pairing,23,0.8167853961343194,0.15055481804725895,-1.1175558378537305e-12,8.562787283161021e-13
1.2,-0.4,pairing,24,0.7804957790666109,-0.009364151333754442,-1.518311115862567e-12,1.0186084633367325e-12
1.2,-0.4,pairing,25,0.8091649936661375,-0.13362862020373734,-1.5627308522413342e-12,8.191308604855883e-13
1.2,-0.4,pairing,26,0.8787014393283248,0.25043281503135695,-1.1877722290531347e-12,6.07949417029286e-13
1.2,-0.4,pairing,27,0.941567397553503,-0.32268579617323,-8.395181834197452e-13,3.600763596708586e-13
1.2,-0.4,pairing,28,0.9771942531708984,0.3568815374484603,-3.9334672963364003e-13,1.0148813212780224e-13
1.2,-0.4,pairing,29,0.9924153960438611,-0.37096716007053154,-2.9109608844857583e-13,2.4288809415681494e-13
1.2,-0.4,pairing,30,0.9977886689683556,0.3762237346308875,-4.677363215447012e-13,3.248327103911919e-13
1.2,-0.4,pairing,31,0.9993107963827438,-0.37778705114008276,1.6249297173550611e-13,-4.3494545376109975e-13
1.2,-0.4,pairing,32,0.9993598099914701,0.37783884556002884,2.4138295343116655e-13,-5.175118585285958e-13
1.2,-0.4,pairing,33,0.9980228266458576,-0.37646239817173177,6.634452610890882e-13,-2.735622020728628e-13
1.2,-0.4,pairing,34,0.9931617908682042,0.37168301951535837,4.0224680794008095e-13,-2.2949936940337193e-13
1.2,-0.4,pairing,35,0.9791628100927084,-0.358694010523974,5.82029629624464e-13,-3.817590834647689e-13
1.2,-0.4,pairing,36,0.9457789271889112,0.3269359329993796,1.0468415290920755e-12,-8.744536105852192e-13
1.2,-0.4,pairing,37,0.8850226763391432,-0.2586071582250221,1.869602019182563e-12,-1.2649040035352432e-12
1.2,-0.4,pairing,38,0.8143114344676172,0.14526111586504972,1.843957254098764e-12,-7.039704242749889e-13
1.2,-0.4,pairing,39,0.7803741197803844,-0.003451888875054514,1.4314549776777997e-12,-1.4687359720963236e-12
1.2,-0.4,pairing,40,0.8115027732304697,-0.13902086854454987,1.1375884460809767e-12,3.709387193911277e-14
1.2,-0.4,pairing,41,0.8816296561453802,0.25424513533268184,1.1196936795134956e-12,-4.626986525139735e-13
1.2,-0.4,pairing,42,0.943537159285069,-0.3246775671295778,1.1381773984487182e-13,1.9920170899725672e-13
1.2,-0.4,pairing,43,0.9781195735952183,0.3577317733833466,-1.1394041695267656e-13,3.561835725732647e-15
1.2,-0.4,pairing,44,0.9927700803832364,-0.3713088058447301,-1.529539956868771e-13,1.5718133717339786e-13
1.2,-0.4,pairing,45,0.9979173478510186,0.3763643506864884,-2.0137116173356457e-13,-1.1217588030736046e-14
1.2,-0.4,pairing,46,0.9994182851127782,-0.3779249839716829,-1.2732199348242532e-13,4.2080687029966543e-13
1.2,-0.4,pairing,47,0.9996787792681422,0.37821017943163127,-1.1293659453508253e-13,5.251277122982135e-13
1.2,-0.4,pairing,48,0.9991922612148282,-0.3776843564444376,-4.1794503498888637e-13,1.8535833310229226e-13
1.2,-0.4,pairing,49,0.9970558559671571,0.37549596226160953,-6.989128886434895e-13,6.024642012106609e-13
1.2,-0.4,pairing,50,0.9901065197538277,-0.36879285320499205,-1.410676152176513e-12,1.0351781686732459e-12
1.2,-0.4,pairing,51,0.9712512393438271,0.3514043917859745,-2.9314569429998265e-12,2.4324332518263035e-12
1.2,-0.4,pairing,52,0.9293916732759269,-0.31005386647114963,-6.927845025459078e-12,5.969261425674601e-12
1.2,-0.4,pairing,53,0.8617646691400374,0.2271947466980056,-1.0808698822284408e-11,5.474305052860321e-12
1.2,-0.4,pairing,54,0.7972776621697661,-0.1020500964857577,-1.3167207578929692e-11,1.1560092556316056e-11
1.2,-0.4,pairing,55,0.7834066949504866,-0.0430216508727809,-1.4975818554566936e-11,4.875189482619589e-12
1.2,-0.4,pairing,56,0.8319643355494297,0.179768580931659,-1.1869723210377322e-11,5.688815134792024e-12
1.2,-0.4,pairing,57,0.9038583457522829,-0.28156701434470494,-5.8505400216480116e-12,1.9929595686999406e-12
1.2,-0.4,pairing,58,0.9573826134548089,0.3382832766502553,-2.02828510074075e-12,4.499167176500966e-13
1.2,-0.4,pairing,59,0.984338459369208,-0.36337027424413426,-2.570612660807207e-13,1.5961966512884457e-13
1.2,-0.4,pairing,60,0.9950598100531249,0.373301540395574,-2.0687244120267025e-13,7.69050915582276e-14
1.2,-0.4,pairing,61,0.9986532308645095,-0.37634408508665745,-1.1166470384900984e-13,6.317831331242561e-14
1.2,-0.4,pairing,62,0.9999193582010882,0.37455497065329363,-1.6634924646009762e-13,6.105129647456698e-14
1.2,-0.4,pairing,63,1.002060870727847,-0.36950843178240667,-1.980373241455757e-13,7.971645878935898e-14
1.2,-0.4,pairing,64,0.9975262145930911,0.34302662908813636,-1.1609321305257806e-13,
1.2,-0.2,stripe,1,0.9986787687045314,-0.35996848168182166,7.203061613713693e-14,-9.728144101419392e-14
1.2,-0.2,stripe,2,1.000926784616844,0.3810437828430865,-4.093718972666588e-13,6.981782245376553e-13
1.2,-0.2,stripe,3,0.9993572145938402,-0.3839419989072537,-6.414224548645246e-13,-3.778082273624745e-13
1.2,-0.2,stripe,4,0.9970311707559141,0.38377530547436767,4.139356626911382e-12,-2.3687161807071226e-13
1.2,-0.2,stripe,5,0.9897843500486037,-0.3772608700863077,3.5421200434537757e-12,-1.9344746423227588e-11
1.2,-0.2,stripe,6,0.9699362989772689,0.35943482659046916,4.24426608647305e-12,-4.844166317317521e-14
1.2,-0.2,stripe,7,0.9252239878442323,-0.3154117296153549,2.957443368779466e-13,-2.3828867565659903e-13
1.2,-0.2,stripe,8,0.853476615351531,0.22537876538156326,3.7229886608495957e-13,6.498440702577055e-13
1.2,-0.2,stripe,9,0.7890387330626469,-0.0912720631378047,-8.425023161644403e-13,1.0960611815947785e-13
1.2,-0.2,stripe,10,0.7816856081205726,-0.0604007656658308,1.4539886638206368e-12,1.305466245865353e-12
1.2,-0.2,stripe,11,0.8377549807367543,0.2006087481263669,-2.3696007183735655e-12,6.002944183754072e-13
1.2,-0.2,stripe,12,0.9121223795372735,-0.3010231942184806,-6.837237987773962e-13,3.264557389926464e-13
1.2,-0.2,stripe,13,0.9631525160560829,0.35321765816761264,-5.162721257847125e-13,1.7449402032061744e-13
1.2,-0.2,stripe,14,0.9870686634060636,-0.37489083730196693,-1.0755489975867913e-13,-1.519374767066592e-14
1.2,-0.2,stripe,15,0.9960948272442492,0.3832638419451916,-5.317385808356602e-14,5.3847518976410393e-14
1.2,-0.2,stripe,16,0.9988715891430354,-0.3859508847900303,-1.4586386139914464e-13,1.079112154957071e-13
1.2,-0.2,stripe,17,0.9993247870576778,0.38638712493476285,-2.4642136963352993e-13,2.694873744132988e-13
1.2,-0.2,stripe,18,0.9982878992106259,-0.3853863996317382,-5.187947146150385e-13,4.1695216817325144e-13
1.2,-0.2,stripe,19,0.9939662313321257,0.3812410841084521,5.581358400840862e-13,-1.5599565259941648e-12
1.2,-0.2,stripe,20,0.9810048920481422,-0.3694448067081754,3.060417556089538e-12,-1.2221471288932057e-12
1.2,-0.2,stripe,21,0.9488343101744509,0.3395763008742813,8.993905375140378e-12,-9.135961674324636e-12
1.2,-0.2,stripe,22,0.8873468816670419,-0.2716017652352926,2.332328413110427e-11,-1.637567296880151e-11
1.2,-0.2,stripe,23,0.8130817449301952,0.15464249342469216,3.493102738676964e-11,-2.314165314382571e-11
1.2,-0.2,stripe,24,0.7759840636060003,-0.00705046277402546,4.6610962574849445e-11,-2.6685228974907414e-11
1.2,-0.2,stripe,25,0.8072883603738586,-0.1418608700575257,3.2821907735676205e-11,-1.3817173670783767e-11
1.2,-0.2,stripe,26,0.8804343491659338,0.2627942741039984,2.3585879026135604e-11,-1.0590538631591754e-11
1.2,-0.2,stripe,27,0.9444357599989014,-0.33523265673722297,1.0595805681130698e-11,-3.145660935042049e-12
1.2,-0.2,stripe,28,0.979045200932607,0.36768418362340527,4.0711771654050155e-12,-1.5957184130025345e-12
1.2,-0.2,stripe,29,0.993253151781571,-0.3805708093624768,1.898326155078888e-12,-6.681237441678701e-13
1.2,-0.2,stripe,30,0.9981030048764857,0.38521317023046037,7.735566374083496e-13,-2.655039764156252e-13
1.2,-0.2,stripe,31,0.9994149378473667,-0.38649327985695153,2.960993156499029e-13,-1.0283803165175924e-13
1.2,-0.2,stripe,32,0.9994370678254242,0.3865151895236993,1.5017434514321988e-13,-9.803710009554201e-14
1.2,-0.2,stripe,33,0.9982119631850557,-0.3853204119558078,2.839804736387551e-13,-2.411161881851289e-13
1.2,-0.2,stripe,34,0.9936126593635037,0.38091038019008466,6.275771559514086e-13,-5.202210796049103e-13
1.2,-0.2,stripe,35,0.9800188411410465,-0.3685611107638914,1.4447435354849838e-12,-1.038709676282109e-12
1.2,-0.2,stripe,36,0.946604508245299,0.33738545850114865,3.60874462182584e-12,-3.08855061903031e-12
1.2,-0.2,stripe,37,0.8838035670205103,-0.2671239543635462,7.446716441923701e-12,-5.883859470083392e-12
1.2,-0.2,stripe,38,0.8100556216958392,0.14809481532496332,1.2128722238661054e-11,-8.056931174120558e-12
1.2,-0.2,stripe,39,0.775907761643257,0.00020860693735428343,1.3579429439320798e-11,-8.560247495071375e-12
1.2,-0.2,stripe,40,0.8102297703083958,-0.14847089405929145,1.2477943386597787e-11,-5.373859205403087e-12
1.2,-0.2,stripe,41,0.8840098851186372,0.26738014842596686,8.319571895122373e-12,-3.536818298437464e-12
1.2,-0.2,stripe,42,0.9467327153009317,-0.3375058789055833,3.722923239854884e-12,-1.1306343551526224e-12
1.2,-0.2,stripe,43,0.980073489775297,0.36860581393325653,1.4403967679682074e-12,-5.453802784483602e-13
1.2,-0.2,stripe,44,0.9936334558446667,-0.3809288251398205,6.671179665072651e-13,-2.5316497436339e-13
1.2,-0.2,stripe,45,0.9982315530843127,0.3853428879176018,3.003296992667877e-13,-1.1437668611032808e-13
1.2,-0.2,stripe,46,0.9995074049063454,-0.3865988569332598,1.0323792328512623e-13,-1.885571147303113e-15
1.2,-0.2,stripe,47,0.9996959805133304,0.3867906760828236,-7.829469722487326e-15,-5.543305694795279e-14
1.2,-0.2,stripe,48,0.9991770266173118,-0.38627098855888703,4.5440329924493556e-13,-1.9762707521176188e-12
1.2,-0.2,stripe,49,0.9969331361249052,0.3840802899525607,7.870361021403044e-13,-3.382977174970544e-13
1.2,-0.2,stripe,50,0.9895223923478454,-0.37712518529095185,8.529692182170922e-13,-3.231467850457533e-12
1.2,-0.2,stripe,51,0.9692624942290227,0.358850379368889,1.5699952092624374e-13,6.928151778716325e-13
1.2,-0.2,stripe,52,0.9238738911236868,-0.31397108683847513,8.149420380261096e-14,3.8223283434488496e-14
1.2,-0.2,stripe,53,0.8517582348541488,0.22280337477823037,1.3183111799491942e-12,-1.5694862833108057e-12
1.2,-0.2,stripe,54,0.788109123361048,-0.08797809895804407,2.9181445634317836e-12,-1.5528917336265007e-12
1.2,-0.2,stripe,55,0.7823409387677455,-0.06375737171735811,2.298764480736631e-12,-1.3971366849703453e-12
1.2,-0.2,stripe,56,0.8394253240553315,0.20336853648921221,1.9770996580498975e-12,-2.577248706090124e-13
1.2,-0.2,stripe,57,0.9135953540543762,-0.30267451281733937,3.1606761691695953e-12,-4.976649048426185e-12
1.2,-0.2,stripe,58,0.9639379206459566,0.35393964568244823,1.7294085352906591e-12,1.8366903981817925e-12
1.2,-0.2,stripe,59,0.9873901559434539,-0.3751576740633793,3.7698454972622186e-11,-1.904601109331891e-11
1.2,-0.2,stripe,60,0.9962234614822311,0.3832951101988534,6.49111763666355e-12,3.0458291671937226e-12
1.2,-0.2,stripe,61,0.9990122972186554,-0.3857165209003633,-1.7352239801958119e-12,1.142872189347191e-14
1.2,-0.2,stripe,62,0.9998848331053586,0.38449637374818735,3.7420307112135164e-13,-2.977285408701265e-13
1.2,-0.2,stripe,63,1.0010627594341686,-0.38121227242126643,2.3237383129214854e-13,-3.7365117322976774e-14
1.2,-0.2,stripe,64,0.9987143487369919,0.36003572575395737,3.535951810390939e-14,
1.2,-0.2,pairing,1,0.9986761764681003,-0.35996387429371834,-1.1819245305826558e-13,1.1996157945487007e-13
1.2,-0.2,pairing,2,1.000917332966435,0.3810326348146516,-4.58837110357904e-13,5.019031814111095e-13
1.2,-0.2,pairing,3,0.9993212160064049,-0.3839052918889744,-4.133515012467535e-13,-6.339396722649313e-14
1.2,-0.2,pairing,4,0.9969005877496517,0.38364845548162135,-9.069757858010738e-13,1.0522171267875503e-12
1.2,-0.2,pairing,5,0.9893881918544208,-0.3768983824085174,-1.4520516934597459e-12,2.3818742713443826e-12
1.2,-0.2,pairing,6,0.9689300442668835,0.35851619113038624,-1.0807439143640674e-12,-1.6600314032023314e-13
1.2,-0.2,pairing,7,0.9232193146633866,-0.3132576145865373,-9.81267930018975e-13,9.933797338791045e-13
1.2,-0.2,pairing,8,0.8509406140120679,0.22155649922696655,-2.4276694856141962e-12,5.180926166798023e-13
1.2,-0.2,pairing,9,0.7876819236594795,-0.08638900110017951,-1.5950733853334548e-12,1.835706678211355e-12
1.2,-0.2,pairing,10,0.7826695502198053,-0.06536397252926616,-4.7603789589454225e-12,-7.773570493954329e-14
1.2,-0.2,pairing,11,0.840225877843256,0.2046842362539677,9.856257760150085e-13,3.6475713593913615e-13
1.2,-0.2,pairing,12,0.9142949882122965,-0.30346186398003216,-7.553362914676352e-13,4.23121636201271e-13
1.2,-0.2,pairing,13,0.9643120980479105,0.35429381119190784,-9.232046415200128e-13,7.490792647857146e-13
1.2,-0.2,pairing,14,0.9875398755438486,-0.37531732376498117,-5.299292615864964e-12,6.6558328680347664e-12
1.2,-0.2,pairing,15,0.9962554492097184,0.3834186675856573,-1.0185509150565484e-11,5.315028874970523e-12
1.2,-0.2,pairing,16,0.998919469007357,-0.385998728734576,-1.4282128004378718e-12,-3.062684058747739e-12
1.2,-0.2,pairing,17,0.999347401361713,0.3864110735759258,-1.7211221703889825e-11,2.5022562001135674e-11
1.2,-0.2,pairing,18,0.9983324254147985,-0.38543062456368365,-2.6089677036310416e-14,-9.071367091056066e-12
1.2,-0.2,pairing,19,0.9941055225089216,0.3813726798115781,1.7375715627867577e-11,-9.320979273801151e-12
1.2,-0.2,pairing,20,0.9813875474145031,-0.3697877681908478,5.598945796899012e-12,2.4358031017107524e-12
1.2,-0.2,pairing,21,0.9497059466791746,0.34042730534133736,-1.817511315345727e-11,1.8969659725095165e-11
1.2,-0.2,pairing,22,0.8887539550165657,-0.27335900393394263,-6.085523679267342e-11,5.516708083352476e-11
1.2,-0.2,pairing,23,0.8143177196703622,0.15724124557957142,-9.606415073631421e-11,4.318990685371457e-11
1.2,-0.2,pairing,24,0.7760624852066207,-0.009952725272895507,-1.03568406693544e-10,8.197646527548509e-11
1.2,-0.2,pairing,25,0.8061403984504021,-0.13919967598106314,-9.746704198170849e-11,1.9832296800780987e-11
1.2,-0.2,pairing,26,0.8789964548469371,0.2609277138375164,-7.793441589792821e-11,3.9417004309353413e-11
1.2,-0.2,pairing,27,0.9434969429553558,-0.3342977398555207,-3.348104379863629e-11,6.905716223145072e-12
1.2,-0.2,pairing,28,0.978621492211147,0.3673041169206655,-1.009180522029177e-11,3.870665797272598e-12
1.2,-0.2,pairing,29,0.9930966704178775,-0.3804242638313787,-4.902545739580459e-12,1.7618968501401762e-12
1.2,-0.2,pairing,30,0.998055858874226,0.38516728348901647,-1.4786413292951687e-12,1.2292059550287374e-12
1.2,-0.2,pairing,31,0.9994065580182747,-0.3864853605238131,-9.283028411328664e-13,6.117142447717137e-14
1.2,-0.2,pairing,32,0.9994513879942402,0.3865294587759831,-4.727011234522636e-14,8.063117770703329e-15
1.2,-0.2,pairing,33,0.9982778618316697,-0.3853846761555155,-1.6034785807032503e-13,1.479920204079838e-13
1.2,-0.2,pairing,34,0.9938327139904263,0.3811173231013073,-1.4344659155685153e-13,1.6928535616528465e-14
1.2,-0.2,pairing,35,0.9806218323346766,-0.3691014801768782,-1.296336895189389e-13,1.7744354614591014e-13
1.2,-0.2,pairing,36,0.9479642614906483,0.3387228778631779,-3.690432933922621e-13,2.090259493207364e-13
1.2,-0.2,pairing,37,0.8859557089065888,-0.2698508677301326,1.9215096707643895e-12,-1.5686544161196354e-12
1.2,-0.2,pairing,38,0.8118801854055754,0.1520712889330823,2.2459448416597273e-12,4.648863894406904e-13
1.2,-0.2,pairing,39,0.7759356423281933,-0.004190914226512551,2.5292040101956405e-12,-2.601455908864758e-12
1.2,-0.2,pairing,40,0.8084367731200052,-0.14447201001055207,1.885212842830565e-12,1.6555800066438677e-12
1.2,-0.2,pairing,41,0.8818470699526944,0.26461408410275633,2.4706449084670063e-12,-1.7121754153190566e-12
1.2,-0.2,pairing,42,0.9453492097244189,-0.3361382620851684,1.1598486550822797e-12,1.1067592001121966e-13
1.2,-0.2,pairing,43,0.9794554665315826,0.368051783024025,4.8771254404421046e-14,-1.5446333067399513e-13
1.2,-0.2,pairing,44,0.9934067841159371,-0.3807161159778716,3.9996201327380363e-13,-3.5328508601771334e-13
1.2,-0.2,pairing,45,0.9981632577616647,0.38527630391123013,-6.494053306758885e-13,1.239583190873084e-12
1.2,-0.2,pairing,46,0.9994926204377069,-0.3865843994977595,-5.502138372519296e-13,-4.613375777219097e-13
1.2,-0.2,pairing,47,0.9997061418256122,0.38680170046741513,3.411631169412641e-13,-1.2708516034681491e-13
1.2,-0.2,pairing,48,0.9992335200636344,-0.3863269920088984,-3.7921865163667206e-13,5.636133366625748e-13
1.2,-0.2,pairing,49,0.997142386424946,0.38428317849671434,-7.319075308386783e-13,3.828534781787724e-13
1.2,-0.2,pairing,50,0.9901622567733348,-0.3777109169098852,-1.7053721282390794e-12,2.194645906361673e-12
1.2,-0.2,pairing,51,0.9708953656991178,0.3603382567840215,-5.947982909521553e-12,5.580991585708185e-12
1.2,-0.2,pairing,52,0.9271495689632914,-0.3174727475386307,-1.2268118343996424e-11,7.2508112986660604e-12
1.2,-0.2,pairing,53,0.85595379551814,0.2290622649357522,-2.2007829042005812e-11,1.6980178281480966e-11
1.2,-0.2,pairing,54,0.7904226873959611,-0.09602178611663711,-5.1064675726541916e-11,3.95093362980205e-11
1.2,-0.2,pairing,55,0.780796887837332,-0.05554840968245288,-6.618098624608304e-11,2.4204007483809598e-11
1.2,-0.2,pairing,56,0.8353655467103319,0.19658815784513736,-6.966220022958963e-11,3.444881562266706e-11
1.2,-0.2,pairing,57,0.9099754036103576,-0.29858664169244525,-3.693448299613034e-11,4.87672949901581e-11
1.2,-0.2,pairing,58,0.9619887520883154,0.35212557544494605,-1.1865785087889832e-10,7.059338574450067e-11
1.2,-0.2,pairing,59,0.9865943656355475,-0.37443780694020284,-3.6083939650507815e-11,5.963050585208314e-13
1.2,-0.2,pairing,60,0.9959517220871611,0.3830336650623308,-4.282532785260676e-12,-2.4864443364291595e-13
1.2,-0.2,pairing,61,0.998935025074946,-0.3856399304514058,4.7263808602412e-13,-3.184248631030553e-13
1.2,-0.2,pairing,62,0.999864802456999,0.38447420308493613,-5.94498509379457e-14,2.9619692993153336e-13
1.2,-0.2,pairing,63,1.0010577793722966,-0.3812057531832892,5.941497674505238e-14,-1.9730237944587863e-13
1.2,-0.2,pairing,64,0.9987131264991894,0.36003323004200655,1.9540217622227012e-13,
1.2,0.0,stripe,1,0.9999691385804753,-0.3775404706886669,-6.207626591777695e-15,4.5525936249851e-15
1.2,0.0,stripe,2,0.9998548663933917,0.3924837584266054,1.1330270176760351e-14,-1.7262298318195903e-14
1.2,0.0,stripe,3,0.9993886090715774,-0.39405358727551054,1.6066347219140025e-13,-1.8418250837321502e-13
1.2,0.0,stripe,4,0.997544499058551,0.39362471231768154,-4.749047247501225e-14,1.671924417440292e-13
1.2,0.0,stripe,5,0.9911169185832784,-0.38785479211455776,-1.952729442230804e-14,-2.347913953354007e-14
1.2,0.0,stripe,6,0.9726506208001738,0.3717233271041827,6.385030856900249e-14,6.810890423656943e-13
1.2,0.0,stripe,7,0.9284918250369376,-0.3294313841150049,-5.120085344202619e-13,3.5210773600423547e-13
1.2,0.0,stripe,8,0.8537164736388339,0.23749613095057462,7.614677383527113e-13,-8.187691324563294e-13
1.2,0.0,stripe,9,0.784833345793895,-0.09752499423129975,2.0599106852692646e-12,-2.4060043357288647e-12
1.2,0.0,stripe,10,0.7759372599035351,-0.0605890310142747,3.513018287561697e-12,-1.7901630557488185e-12
1.2,0.0,stripe,11,0.8346360883985727,0.20779847834119639,2.103637634107008e-12,-1.146426884493818e-12
1.2,0.0,stripe,12,0.9130311520916372,-0.31277007429653475,3.298889595481258e-13,7.370985593046894e-13
1.2,0.0,stripe,13,0.9650980739951509,0.3649845799529776,-5.034727872155832e-13,-1.8726038872215196e-13
1.2,0.0,stripe,14,0.9882315394927221,-0.3853275706455799,-7.600094160781376e-12,5.115832697395197e-12
1.2,0.0,stripe,15,0.9966065501083031,0.3929043800410723,-3.997443916951101e-12,7.921900727701576e-13
1.2,0.0,stripe,16,0.9990632981922842,-0.3951810261785075,-6.350280535974467e-13,9.842536177858875e-14
1.2,0.0,stripe,17,0.9994503792692948,0.39552385491347547,1.710070305089691e-14,-1.3850101473245237e-13
1.2,0.0,stripe,18,0.9985845697128471,-0.39474628036036835,5.444591108456418e-13,-5.704630082270738e-13
1.2,0.0,stripe,19,0.9947547844079901,0.391188047250798,1.4332621581568362e-12,-1.4626467354785297e-12
1.2,0.0,stripe,20,0.9827382122078633,-0.38053445296746036,3.5808369198585193e-12,-3.486213310453516e-12
1.2,0.0,stripe,21,0.9514115716044068,0.3522936294446938,8.77928211243442e-12,-7.673545111516478e-12
1.2,0.0,stripe,22,0.8881209721175178,-0.28361921743359475,2.341307536875591e-11,-2.208803620591449e-11
1.2,0.0,stripe,23,0.8095505673330383,0.161355868079982,4.0576322570579396e-11,-2.0509961964212237e-11
1.2,0.0,stripe,24,0.7703762199917021,-0.007118715466989001,4.477768249797845e-11,-3.168926150280739e-11
1.2,0.0,stripe,25,0.8035934868712411,-0.14836849483417577,3.760723076037262e-11,-1.0052460615466231e-11
1.2,0.0,stripe,26,0.8810807986134584,0.27479095508232093,2.6469588144989046e-11,-1.241797908648972e-11
1.2,0.0,stripe,27,0.9471416389040047,-0.3481865104784562,1.1557424584964477e-11,-2.576152038955699e-12
1.2,0.0,stripe,28,0.9809449747976179,0.37897264581629975,3.0033610800205094e-12,-1.0008448232134078e-12
1.2,0.0,stripe,29,0.9941286660974299,-0.3906111925545042,1.2792101130306354e-12,-4.400774058769301e-13
1.2,0.0,stripe,30,0.9984314445441205,0.39460748068813756,4.753372200144471e-13,-8.075500556544768e-14
1.2,0.0,stripe,31,0.9995290072041532,-0.39560775967799283,4.996423124146665e-13,-2.4909835378502664e-13
1.2,0.0,stripe,32,0.9995459393432202,0.39562313064078614,1.2709718265195908e-12,-1.4126324559151235e-12
1.2,0.0,stripe,33,0.9985188116933426,-0.39468901227560704,8.373626965694515e-12,-4.610223750968802e-12
1.2,0.0,stripe,34,0.9944340993110786,0.3908931100856284,8.978726488626007e-12,-4.201256794457601e-11
1.2,0.0,stripe,35,0.9818080135696964,-0.3797256819653321,1.0691685112084229e-11,2.0276349859138387e-12
1.2,0.0,stripe,36,0.9491820340921768,0.35015942019077284,-2.5842049923839263e-12,2.005598135664823e-12
1.2,0.0,stripe,37,0.8844042739363996,-0.27899467465279937,-7.920441095952519e-12,7.982624632983324e-12
1.2,0.0,stripe,38,0.8063469154967746,0.15449832423228366,-1.1351566534175527e-11,3.172671399181631e-12
1.2,0.0,stripe,39,0.7703000370300069,0.00043323324272861834,-1.051200992542054e-11,8.42168290651796e-12
1.2,0.0,stripe,40,0.8067116097543157,-0.15528691228202277,-8.863745678078513e-12,-1.6153384554983944e-13
1.2,0.0,stripe,41,0.884833935927519,0.2795285055739083,-8.162561398019718e-12,4.692992212444413e-12
1.2,0.0,stripe,42,0.9494404487897969,-0.35040313271625717,-4.093637177637382e-12,7.488267265850723e-13
1.2,0.0,stripe,43,0.9819143017002613,0.37981480355750036,-9.161195315922046e-13,4.636526285423104e-13
1.2,0.0,stripe,44,0.9944720717528874,-0.3909265818178566,-6.446524562544781e-13,2.149445240098773e-13
1.2,0.0,stripe,45,0.9985399009673588,0.3947089347064238,-1.7864457426370573e-13,-4.6599432151892655e-14
1.2,0.0,stripe,46,0.9996035078869141,-0.39568422172055273,1.2631920070331106e-14,2.18025760777049e-14
1.2,0.0,stripe,47,0.9997555713400985,0.39582700166817036,5.4502741305536746e-14,-1.1537359584186588e-13
1.2,0.0,stripe,48,0.9993262128965503,-0.3954307732160925,1.1596692145463371e-14,6.089852516401151e-14
1.2,0.0,stripe,49,0.9973894611356229,0.39363798027713404,-7.770880048789241e-14,-5.141810412079669e-15
1.2,0.0,stripe,50,0.990634407512932,-0.38745720260380084,-2.9834999448367066e-13,2.2174143548128666e-13
1.2,0.0,stripe,51,0.9713742985285421,0.3705979129405781,-9.989463287445794e-13,8.528991079296764e-13
1.2,0.0,stripe,52,0.9257922599498893,-0.32659081641023563,-3.2458196073718528e-12,3.1055152083860664e-12
1.2,0.0,stripe,53,0.8501717050999869,0.23223757658704944,-8.652146239166781e-12,7.45161778739585e-12
1.2,0.0,stripe,54,0.7829175829198776,-0.09079251465167774,-1.345481291763287e-11,8.024242673389708e-12
1.2,0.0,stripe,55,0.7772861674345053,-0.06743835836988413,-1.318924101861556e-11,7.647455353060048e-12
1.2,0.0,stripe,56,0.8380950148446601,0.2134578092551089,-9.43976915449296e-12,3.2270432424890698e-12
1.2,0.0,stripe,57,0.9160141872122581,-0.3160617847241485,-6.470210962866634e-12,2.8560401420432904e-12
1.2,0.0,stripe,58,0.9666053561179346,0.3663414025419754,-2.841336991302966e-12,7.424029872727069e-13
1.2,0.0,stripe,59,0.9888181637631638,-0.38583777791936363,-9.329139693326102e-13,3.1252975984562416e-13
1.2,0.0,stripe,60,0.9968128307256001,0.3930604921859809,-3.311281497607769e-13,8.964830741074732e-14
1.2,0.0,stripe,61,0.9991922024392613,-0.39514874953953033,-1.0543222395457756e-13,3.0911795591522884e-14
1.2,0.0,stripe,62,0.9998033744160174,0.3944449133655671,3.921977579094085e-14,-2.3793923396202243e-14
1.2,0.0,stripe,63,0.9999566398782884,-0.39259212877836025,2.576827565165849e-14,9.975002646421978e-16
1.2,0.0,stripe,64,0.999991109266034,0.37757473119815627,-3.5355261382692435e-15,
1.2,0.0,pairing,1,0.999969419734124,-0.3775408998514866,6.574788847276626e-14,-9.950702117951341e-14
1.2,0.0,pairing,2,0.9998561116509991,0.3924850399131504,1.5766911100363943e-13,-1.1626501637074557e-13
1.2,0.0,pairing,3,0.9993936282316057,-0.39405821238593397,-6.460680274524925e-13,1.0473819250595451e-12
1.2,0.0,pairing,4,0.9975640674695587,0.39364296421475775,-1.643927853003458e-12,2.93013836883404e-13
1.2,0.0,pairing,5,0.9911798776216492,-0.387911052320372,3.55561158562971e-13,-1.2961400395515028e-12
1.2,0.0,pairing,6,0.9728194321724752,0.37187210238611196,2.125181202551777e-12,-8.38087710824018e-12
1.2,0.0,pairing,7,0.9288534404964393,-0.3298085550443631,2.2384727239636402e-12,-1.115057924418958e-12
1.2,0.0,pairing,8,0.854199208659602,0.2382021525788008,1.425094906194678e-12,-9.504209513209188e-13
1.2,0.0,pairing,9,0.7851041323741486,-0.09843656035681626,1.442217624659594e-12,-7.332158643261863e-13
1.2,0.0,pairing,10,0.7757659203114425,-0.05965842411988018,1.0125366058654692e-12,-9.594779682286665e-13
1.2,0.0,pairing,11,0.8341699645434927,0.20702386292093267,1.022024615069216e-12,-4.0038090451472136e-13
1.2,0.0,pairing,12,0.9126218308898065,-0.31231494495865586,9.864465651969357e-13,-5.417469011866477e-13
1.2,0.0,pairing,13,0.9648891736245455,0.36479572496667334,9.968707870200525e-13,-4.964658818540381e-13
1.2,0.0,pairing,14,0.9881504003035709,-0.38525613161220573,2.4021945829800696e-13,2.543703032540846e-14
1.2,0.0,pairing,15,0.9965803699527002,0.39287994377932756,1.5943694311623258e-13,-8.028032305330748e-14
1.2,0.0,pairing,16,0.9990581559103043,-0.3951766026760665,1.4585182039364071e-13,-6.463915644357135e-15
1.2,0.0,pairing,17,0.9994563852076781,0.3955294382976033,2.0738783632469399e-13,-3.7240214260073456e-13
1.2,0.0,pairing,18,0.9986151597966673,-0.39477446346037137,2.3581613104853027e-12,-2.8439442973921873e-12
1.2,0.0,pairing,19,0.9948644224317786,0.39128906569253186,2.489417421731303e-12,1.1299662635491659e-12
1.2,0.0,pairing,20,0.9830537463635941,-0.38080869249066784,2.9783450359557173e-12,-1.796240529810102e-11
1.2,0.0,pairing,21,0.9521732024660193,0.35301805514273166,3.6290077206218582e-12,1.9286692723832747e-13
1.2,0.0,pairing,22,0.8894115362337418,-0.2852067397358578,4.834823012185152e-13,-1.6534964941484123e-13
1.2,0.0,pairing,23,0.8106947421019662,0.16373853590631196,9.758321224047901e-14,-1.4800960738986323e-13
1.2,0.0,pairing,24,0.7704452385828167,-0.009760785915748565,7.798518442536171e-13,-4.748093535154878e-13
1.2,0.0,pairing,25,0.8025278061671559,-0.14593192947233594,3.571966912457796e-13,-3.254109597203023e-14
1.2,0.0,pairing,26,0.8797593070003552,0.2731027389888126,3.7144483308061667e-13,4.0450252308961763e-13
1.2,0.0,pairing,27,0.9463186187746695,-0.347387469107933,-4.814668500593558e-13,-2.816719135942509e-14
1.2,0.0,pairing,28,0.9805952243001144,0.3786685839138067,2.269067696167493e-13,-2.703294964246923e-13
1.2,0.0,pairing,29,0.9940048057784485,-0.39049775288703364,2.3830725988390283e-13,-2.4648202309447817e-13
1.2,0.0,pairing,30,0.9983963271637577,0.394574961015274,3.3297042638508883e-13,5.369359568477953e-15
1.2,0.0,pairing,31,0.9995236645503405,-0.39560326714142346,-1.0734929799373521e-13,1.1791141939479661e-13
1.2,0.0,pairing,32,0.9995584850208632,0.39563464794004366,-1.334289570431868e-13,7.358948672579679e-15
1.2,0.0,pairing,33,0.9985771591816445,-0.3947429763631585,2.4709370527005445e-13,-3.398181984564291e-13
1.2,0.0,pairing,34,0.9946400281086982,0.3910824891982439,2.190152328524726e-13,6.253846793638438e-13
1.2,0.0,pairing,35,0.9823959324163501,-0.38023660293355366,3.757813938016342e-14,-6.102427413791465e-12
1.2,0.0,pairing,36,0.9505877571473939,0.35150645640593403,-2.5172910511496832e-14,1.7076719600655853e-12
1.2,0.0,pairing,37,0.8867378621773314,-0.28190613179123747,-5.9662832455675185e-12,5.60353853893397e-12
1.2,0.0,pairing,38,0.8083435224922648,0.15880230025554984,-9.321124293558985e-12,3.851338187759401e-12
1.2,0.0,pairing,39,0.7703283878650378,-0.004297770699570919,-9.917975119776351e-12,7.35319839017514e-12
1.2,0.0,pairing,40,0.8047472044910072,-0.15096080398914968,-8.70774218320184e-12,1.4515472220657099e-12
1.2,0.0,pairing,41,0.8824875632328418,0.2765752343616032,-7.546222265095088e-12,3.7691680438068695e-12
1.2,0.0,pairing,42,0.9480095936489431,-0.34902537757870084,-3.3713861244088397e-12,6.989317367964412e-13
1.2,0.0,pairing,43,0.9813122590983467,0.3792914851758648,-9.579269091515825e-13,4.968523412372343e-13
1.2,0.0,pairing,44,0.9942602681443418,-0.39073205072618594,-5.398147902171825e-13,6.078225520115665e-14
1.2,0.0,pairing,45,0.998479491563784,0.3946530004352393,-1.3364558759577745e-13,4.7830131700097574e-14
1.2,0.0,pairing,46,0.9995900579185534,-0.39567182772957715,-1.2998074488329615e-13,7.054320376999634e-14
1.2,0.0,pairing,47,0.9997599616861828,0.39583128368022874,-2.8753162167156334e-14,-1.2125481078231504e-13
1.2,0.0,pairing,48,0.9993579704436361,-0.3954597453247198,-1.993281241669916e-13,5.18969081802651e-13
1.2,0.0,pairing,49,0.9975153059357968,0.3937556335247752,-2.1716489628946053e-12,1.012692313341132e-12
1.2,0.0,pairing,50,0.9910373270016327,-0.3878169026986494,-1.9067882188883663e-12,9.735034889917384e-12
1.2,0.0,pairing,51,0.9724489786254018,0.3715476867629024,-3.0084317112724806e-12,8.533049906022084e-14
1.2,0.0,pairing,52,0.928071498252662,-0.32898540224366357,-2.6750251583609934e-13,3.0858053220556303e-13
1.2,0.0,pairing,53,0.853161294398456,0.2366705468823846,-5.276205913928821e-13,3.9455699537777847e-13
1.2,0.0,pairing,54,0.7845291688320654,-0.09646444631914862,-5.932812154406316e-13,2.9904821629011895e-13
1.2,0.0,pairing,55,0.7761470349292395,-0.06167502190009768,-7.260535063214121e-13,3.9719565997095085e-13
1.2,0.0,pairing,56,0.8351833452997754,0.20869800583895634,-3.251190659276782e-13,2.035706361156126e-13
1.2,0.0,pairing,57,0.9135068477734809,-0.3132956850119783,-3.087561785000157e-13,3.5387278348934117e-13
1.2,0.0,pairing,58,0.9653399986440805,0.3652015923084796,-2.4492106956139107e-13,5.506276623761736e-13
1.2,0.0,pairing,59,0.9883290260375953,-0.38540676370786325,-4.968234154049629e-13,2.0348609363719167e-13
1.2,0.0,pairing,60,0.9966537644266792,0.3929119836192156,-2.7323149498052213e-13,1.795885753543011e-13
1.2,0.0,pairing,61,0.9991500375589367,-0.39511022778311217,-1.977162044099162e-13,5.939415065474363e-14
1.2,0.0,pairing,62,0.9997928003572844,0.39443438573711415,-6.41290718949494e-14,1.803331570274685e-14
1.2,0.0,pairing,63,0.9999541434637986,-0.392589397052012,-5.044194676072478e-15,1.216987464246537e-15
1.2,0.0,pairing,64,0.9999906016669929,0.3775739243948659,-5.011831569393273e-15,
1.4,-0.4,stripe,1,0.9979496487648781,-0.2715558755606842,1.4148461975338537e-12,-1.3333433606185714e-12
1.4,-0.4,stripe,2,1.0015301802090135,0.33186091616614066,2.0452960676966042e-12,-1.9683295588307263e-12
1.4,-0.4,stripe,3,0.999411131086839,-0.3416493329989919,1.2381387263211705e-12,-1.391072855606405e-12
1.4,-0.4,stripe,4,0.9968330768963294,0.3435299109591233,-8.187869292393491e-13,-1.0570825403393468e-12
1.4,-0.4,stripe,5,0.9889660737296209,-0.33746323837184655,2.051403343942228e-12,-1.6199580473614213e-12
1.4,-0.4,stripe,6,0.9666828015718928,0.3171300499753305,3.0667409702319456e-12,-2.459045846843815e-12
1.4,-0.4,stripe,7,0.9184970213826734,-0.26816241821453113,4.7017407734911585e-12,-4.004707920740333e-12
1.4,-0.4,stripe,8,0.8485737532931301,0.18153628038304787,6.857682471655909e-12,-5.128998560138953e-12
1.4,-0.4,stripe,9,0.7918086662196762,-0.06725822590048335,8.089501047225345e-12,-5.580573350487532e-12
1.4,-0.4,stripe,10,0.7888153727073681,-0.05583272587270081,7.985715847786882e-12,-4.922292579653656e-12
1.4,-0.4,stripe,11,0.8419451444372348,0.17172527640400811,6.6312027830265966e-12,-3.940605375537821e-12
1.4,-0.4,stripe,12,0.9125627178300085,-0.26171764798571157,4.699131138991702e-12,-2.171013961821435e-12
1.4,-0.4,stripe,13,0.9634364461749454,0.3141977929423407,2.4999954196712387e-12,-1.1642674245453622e-12
1.4,-0.4,stripe,14,0.9877235009533922,-0.3368463784777208,1.5353354882532439e-12,-9.056446965722099e-13
1.4,-0.4,stripe,15,0.9964238384915587,0.3448792689955269,9.292887568668232e-13,-5.314957546296626e-13
1.4,-0.4,stripe,16,0.9990006654784057,-0.34751376161079767,5.918920250795385e-13,-2.4920743535441516e-13
1.4,-0.4,stripe,17,0.9994053154252422,0.34797359943821904,2.684589181900364e-13,-1.1463174481610733e-13
1.4,-0.4,stripe,18,0.9983433328933499,-0.3468069592394636,1.3870632128079934e-13,-4.7995932096684595e-14
1.4,-0.4,stripe,19,0.994020620078655,0.34261258569041253,9.67217389511048e-14,-8.59131013255151e-14
1.4,-0.4,stripe,20,0.9804567618974614,-0.3302173820586463,1.326226902406422e-13,-1.35470629247582e-13
1.4,-0.4,stripe,21,0.9462411199877884,0.29729721514279006,2.54751988256651e-13,-2.344584257951961e-13
1.4,-0.4,stripe,22,0.8846744335795389,-0.22941347568977852,4.893345334370923e-13,-3.9273329326025805e-13
1.4,-0.4,stripe,23,0.8154439602859787,0.12658228873531824,7.119050875791237e-13,-4.5369143174798527e-13
1.4,-0.4,stripe,24,0.7821187223599078,-0.005709873488781574,8.475724384376409e-13,-6.702193964931665e-13
1.4,-0.4,stripe,25,0.8101904873360113,-0.1158744946260235,7.162479329862634e-13,-4.406382193113381e-13
1.4,-0.4,stripe,26,0.8780295915734371,0.22120436673759883,7.156766389029485e-13,-4.4947572071501654e-13
1.4,-0.4,stripe,27,0.9416538486016589,-0.29264471644244816,5.808075927935918e-13,-3.098447904838336e-13
1.4,-0.4,stripe,28,0.9783582832882123,0.3282811324254089,4.3463508367136086e-13,-2.1855849236743616e-13
1.4,-0.4,stripe,29,0.9932952465753664,-0.34194616381031245,2.517394033338286e-13,-1.7776705999250447e-13
1.4,-0.4,stripe,30,0.9981502388532387,0.346622617065331,1.6242864628901243e-13,1.9473923780578338e-14
1.4,-0.4,stripe,31,0.9994666563046645,-0.34807588899560327,-1.620519403870881e-13,1.8234503845931505e-13
1.4,-0.4,stripe,32,0.9994887348310164,0.3481024083423642,-2.3693073826750264e-13,1.5074081763583393e-13
1.4,-0.4,stripe,33,0.9982566475185849,-0.3467350460768412,-1.9572402313590323e-13,1.40188630671274e-13
1.4,-0.4,stripe,34,0.9936531114132964,0.34227952456791305,-2.820636724348348e-13,2.6422908097877387e-13
1.4,-0.4,stripe,35,0.9793803453462799,-0.32922813002835816,-5.695333210887722e-13,4.545375599022182e-13
1.4,-0.4,stripe,36,0.9438670073739338,0.29489913026932724,-8.928558816335002e-13,7.502025384752765e-13
1.4,-0.4,stripe,37,0.8811976202861123,-0.22514760535813028,-1.2687305070084306e-12,1.0393487214228686e-12
1.4,-0.4,stripe,38,0.81264621159782,0.12098343850831246,-1.68581768159847e-12,1.1723266187657275e-12
1.4,-0.4,stripe,39,0.7820500290125086,0.000279833915813347,-1.8471237502818247e-12,1.256679912904327e-12
1.4,-0.4,stripe,40,0.8129061532500932,-0.12150665602035263,-1.8151165552109746e-12,1.1739950041469621e-12
1.4,-0.4,stripe,41,0.8815248031824077,0.22554507928796813,-1.10951668730738e-12,8.477539017204951e-13
1.4,-0.4,stripe,42,0.9440903720622817,-0.2951203639452075,-1.0118359675385622e-12,2.194818952040743e-12
1.4,-0.4,stripe,43,0.9794806234819601,0.32931901663967267,1.1641447091452638e-12,-1.7862669973291654e-12
1.4,-0.4,stripe,44,0.9936883913431113,-0.3423159391165086,1.4161479143840958e-13,1.0087055629165265e-12
1.4,-0.4,stripe,45,0.9982781953181187,0.34677275919087946,-1.8282619416835173e-12,1.7177743512073559e-12
1.4,-0.4,stripe,46,0.999552243630556,-0.3482083381582066,-3.915425926787682e-12,4.070413881833336e-12
1.4,-0.4,stripe,47,0.9997433502428592,0.3484477994405561,-4.47150098086481e-12,3.5321836809034427e-12
1.4,-0.4,stripe,48,0.9992393082462934,-0.34783462578373064,-3.558478165391059e-12,3.158592804952269e-12
1.4,-0.4,stripe,49,0.9970600918322959,0.34552863027693553,-1.0672284111464908e-11,1.2564254105767845e-11
1.4,-0.4,stripe,50,0.9896912078768861,-0.33865138990831717,-2.1661392507421893e-11,1.8538758990197082e-11
1.4,-0.4,stripe,51,0.968489124751702,0.3190395241401127,-1.3099977195504744e-11,3.5969861664571765e-12
1.4,-0.4,stripe,52,0.9217928813632315,-0.271828138946096,1.4111259958008459e-12,1.4001964950900488e-12
1.4,-0.4,stripe,53,0.8523486420091703,0.18705301509916447,-1.436624772297629e-12,1.4148663579960584e-12
1.4,-0.4,stripe,54,0.7936700904594265,-0.07371896226272377,1.325128386345399e-12,-1.8273264037302146e-12
1.4,-0.4,stripe,55,0.787309967748091,-0.04933257982731908,1.7090751648028648e-12,-7.153486712984392e-13
1.4,-0.4,stripe,56,0.8382380869759143,0.16605769710818688,-8.918890960552107e-14,3.2267336930213514e-13
1.4,-0.4,stripe,57,0.9090941819719395,-0.25785713285963385,-1.4834547004015637e-13,-2.887062149908634e-13
1.4,-0.4,stripe,58,0.9614560803794318,0.3122474864063193,5.268493756230967e-13,-4.374831435795302e-13
1.4,-0.4,stripe,59,0.9869247722006377,-0.3359777878012878,3.3967377544001885e-13,1.0337888331090817e-12
1.4,-0.4,stripe,60,0.9961744910954109,0.3441782419543845,2.3226162258295982e-12,4.770780991964171e-13
1.4,-0.4,stripe,61,0.9990232177718954,-0.34587374996522274,-3.406477055975661e-13,-7.18733817909139e-14
1.4,-0.4,stripe,62,1.000003817131506,0.34245712256400457,7.77946675759401e-13,-5.066529094631697e-13
1.4,-0.4,stripe,63,1.0016801363663277,-0.33215838759682165,1.401814981267252e-12,-1.2457848868927817e-12
1.4,-0.4,stripe,64,0.9979914037670297,0.27171668347477423,1.3560325956328799e-12,
1.4,-0.4,pairing,1,0.9979219831381978,-0.27146726141932503,2.1471034826925067e-12,-2.300512318106155e-12
1.4,-0.4,pairing,2,1.0014356392436408,0.3316966556706503,3.1199526007538585e-12,-1.7077250061445225e-12
1.4,-0.4,pairing,3,0.9990657659587745,-0.3412202790637711,2.751304943657455e-12,-2.1474033436403324e-12
1.4,-0.4,pairing,4,0.9956402265542745,0.34234719714258055,3.5941663487259255e-12,-2.484557104650496e-12
1.4,-0.4,pairing,5,0.9852956938694705,-0.33410067891257356,3.06007888531587e-12,-2.7915480498272697e-12
1.4,-0.4,pairing,6,0.9575533394648856,0.3082972138407003,2.9659527184981264e-12,-9.254884539330453e-13
1.4,-0.4,pairing,7,0.9025359192063147,-0.2503322095331232,2.200394384493276e-12,-1.2160366698140495e-12
1.4,-0.4,pairing,8,0.8316365756833265,0.15533683343946866,1.6740390262929526e-12,-1.0221114031229368e-12
1.4,-0.4,pairing,9,0.7851646600151312,-0.037275606266998815,1.3438663620455068e-12,-9.015585992182996e-13
1.4,-0.4,pairing,10,0.7976935952292236,-0.08553136502235621,1.2915167648560595e-12,-8.626141107461756e-13
1.4,-0.4,pairing,11,0.85946274012467,0.1968819768419107,1.2126025281638141e-12,-7.609635667048452e-13
1.4,-0.4,pairing,12,0.9276437729561391,-0.2780443302792157,1.051138986344605e-12,-6.758297632713143e-13
1.4,-0.4,pairing,13,0.9715256620659842,0.32189105198565177,7.657058311326654e-13,-3.6942133385225004e-13
1.4,-0.4,pairing,14,0.9908287315758095,-0.3396752352727368,5.814732280540561e-13,-4.0813845155041993e-13
1.4,-0.4,pairing,15,0.997400812045318,0.3458479218202548,3.1524928036379627e-13,1.2525146377535994e-13
1.4,-0.4,pairing,16,0.9992713450748535,-0.3478344364328035,-7.557940628230919e-13,9.578032075471885e-13
1.4,-0.4,pairing,17,0.9994695921544079,0.34806643189942754,4.557572957295857e-13,-1.3688337143722262e-12
1.4,-0.4,pairing,18,0.9983535521037842,-0.3468290618993164,1.1646720103290924e-12,-3.8592556090069593e-13
1.4,-0.4,pairing,19,0.9940111135975898,0.34260844050071804,-1.2100859970385476e-13,3.2057233848074475e-13
1.4,-0.4,pairing,20,0.980422099637557,-0.3301867689006854,-2.249919681976329e-13,5.18889231110791e-14
1.4,-0.4,pairing,21,0.946163677182155,0.2972191436296506,5.383457669570561e-14,-7.490848128756202e-14
1.4,-0.4,pairing,22,0.8845601545316097,-0.2292734443280106,1.6849432053642612e-13,-1.5246827264595822e-13
1.4,-0.4,pairing,23,0.8153507301602855,0.12639774983610616,2.7553639311742064e-13,-1.9852228999432303e-13
1.4,-0.4,pairing,24,0.7821146830935122,-0.005512052161252601,2.88428311581415e-13,-1.8270114412082127e-13
1.4,-0.4,pairing,25,0.8102790589523287,-0.11606093420249018,2.5629656498438766e-13,-1.550263770247398e-13
1.4,-0.4,pairing,26,0.8781453746067818,0.22134874547374367,1.9581616943325318e-13,-1.3531615155280564e-13
1.4,-0.4,pairing,27,0.9417353540791825,-0.2927275859169573,2.363967876560088e-13,-2.0284212338842638e-13
1.4,-0.4,pairing,28,0.9783960880439616,0.3283160019646706,2.290437006652682e-13,-1.4244022239207065e-14
1.4,-0.4,pairing,29,0.9933084990513926,-0.34195842088530015,2.2170996439807814e-14,-5.39771656125492e-14
1.4,-0.4,pairing,30,0.9981542732468213,0.3466269363706073,-4.779498980972604e-14,-6.085960548263147e-14
1.4,-0.4,pairing,31,0.9994680129082308,-0.3480777028122267,7.740093947130488e-14,-6.147768078205566e-14
1.4,-0.4,pairing,32,0.9994903027662516,0.3481044823281366,1.2184511621323163e-13,-9.759231756462743e-14
1.4,-0.4,pairing,33,0.9982617528243486,-0.3467405294471887,1.585549348994009e-13,-1.1901416149619426e-13
1.4,-0.4,pairing,34,0.9936701235298818,0.3422953211552025,1.509080370593816e-13,-7.329056895222002e-14
1.4,-0.4,pairing,35,0.979429380313464,-0.32927333304282796,1.552184742698196e-13,-2.721213745487089e-13
1.4,-0.4,pairing,36,0.943974318520308,0.2950077901555587,3.7109349980939726e-13,-7.893018893379217e-15
1.4,-0.4,pairing,37,0.881353186620145,-0.22533950909090983,6.716172812196804e-13,-3.7015173847730373e-13
1.4,-0.4,pairing,38,0.812769292577699,0.12123385892749808,6.700032634955018e-13,-4.970990554478547e-13
1.4,-0.4,pairing,39,0.7820501963810506,1.272757684609035e-05,8.254444496712945e-13,-5.878056104404044e-13
1.4,-0.4,pairing,40,0.8127833873089381,-0.1212561895099177,7.84097478986379e-13,-4.2452424265119145e-13
1.4,-0.4,pairing,41,0.8813694671080514,0.22535311290686966,7.128756735456311e-13,-5.619979044173479e-13
1.4,-0.4,pairing,42,0.9439831493603669,-0.2950116411760394,9.530675215747318e-13,-1.0403580120047305e-12
1.4,-0.4,pairing,43,0.97943153955127,0.3292738659924615,2.213455316775718e-12,-2.0023895162088784e-12
1.4,-0.4,pairing,44,0.9936714381144409,-0.3423008181270855,6.013216271196326e-12,-4.197454927208207e-12
1.4,-0.4,pairing,45,0.9982742783125331,0.346770657431872,5.2837498723451476e-12,-2.136493263697859e-12
1.4,-0.4,pairing,46,0.9995574647776454,-0.34821915643585927,1.6968628907618883e-12,2.3866529924007653e-13
1.4,-0.4,pairing,47,0.9997741829099503,0.3484930124788988,-1.3239675174440925e-12,1.7660643790577015e-12
1.4,-0.4,pairing,48,0.9993701022981745,-0.34799230228817535,-3.251359295949735e-12,3.057143915319267e-12
1.4,-0.4,pairing,49,0.9975376477414027,0.3460090382452897,-5.707241803090952e-12,4.3965227711345995e-12
1.4,-0.4,pairing,50,0.9912297487355138,-0.34005559240707994,-6.7834474831985315e-12,4.315600477295299e-12
1.4,-0.4,pairing,51,0.9725983030419407,0.322916493805018,-7.001750768299036e-12,4.706384378212035e-12
1.4,-0.4,pairing,52,0.929745567834823,-0.2802990418114336,-7.477673488079349e-12,5.329376191590119e-12
1.4,-0.4,pairing,53,0.8620717245380809,0.2004901843967811,-8.96556777789118e-12,6.783153927724489e-12
1.4,-0.4,pairing,54,0.7992163927135946,-0.0898955418398874,-1.125774699381901e-11,7.85103369169906e-12
1.4,-0.4,pairing,55,0.7844084712853903,-0.03282235001520735,-1.178134143456155e-11,7.773316537020482e-12
1.4,-0.4,pairing,56,0.829184669098852,0.15138706186349143,-1.0573814097932934e-11,6.251865866799289e-12
1.4,-0.4,pairing,57,0.9000760336232545,-0.24760850629742204,-8.455047987253541e-12,5.033575717913378e-12
1.4,-0.4,pairing,58,0.9561068178575532,0.3070347428556929,-6.72347516023641e-12,3.845102217674441e-12
1.4,-0.4,pairing,59,0.9847256406747044,-0.3339698413888641,-5.638287110392331e-12,3.9374062340230656e-12
1.4,-0.4,pairing,60,0.9954542742066528,0.3434833103854736,-4.5171066625734495e-12,3.1341223978048433e-12
1.4,-0.4,pairing,61,0.9988157663944595,-0.345633942950221,-4.0879976344939935e-12,2.167285100295271e-12
1.4,-0.4,pairing,62,0.9999511487345261,0.34237879806839083,-2.8259351840435224e-12,1.6069962336712327e-12
1.4,-0.4,pairing,63,1.0016675542635392,-0.3321299127577357,-2.1961150237473215e-12,1.3569573582818508e-12
1.4,-0.4,pairing,64,0.9979879504924613,0.2717010892726607,-1.3139219234676e-12,
1.4,-0.2,stripe,1,0.9989098551520788,-0.301645337995775,2.971531543507765e-14,-5.523048904594507e-14
1.4,-0.2,stripe,2,1.0008120068633837,0.35403984379359643,1.412109148033262e-13,-1.2582965115079219e-13
1.4,-0.2,stripe,3,0.9995720980975402,-0.3596587334381462,2.3666868592647103e-13,-2.690219913555095e-13
1.4,-0.2,stripe,4,0.9977196151991122,0.36047031535435387,-3.897460598514933e-13,2.997108352539639e-14
1.4,-0.2,stripe,5,0.9915505810072744,-0.3557127614260687,2.655433852522971e-13,-2.9190897863280805e-13
1.4,-0.2,stripe,6,0.9722045745760799,0.338975957757544,7.419525164519823e-13,-8.57089898700556e-13
1.4,-0.2,stripe,7,0.9252882033635663,-0.29284277037399853,1.2250706044644065e-12,-1.0515928315669063e-12
1.4,-0.2,stripe,8,0.8509596929545578,0.2031027232186337,2.1806115916046964e-12,-1.2068393806845578e-12
1.4,-0.2,stripe,9,0.7865120429395194,-0.08014346732428143,3.411550826629855e-12,-2.618133681991707e-12
1.4,-0.2,stripe,10,0.7793244600899587,-0.05302405916402385,3.203433802647672e-12,-1.9775522823598753e-12
1.4,-0.2,stripe,11,0.8351384565196622,0.1797867678996388,3.3664824802911987e-12,-2.1068287926752837e-12
1.4,-0.2,stripe,12,0.9116121342241105,-0.27806846680003927,2.254474375560448e-12,-7.808192999854499e-13
1.4,-0.2,stripe,13,0.9652521616195431,0.33262996343756335,8.619561468071294e-13,-5.703600521431271e-13
1.4,-0.2,stripe,14,0.9890978366622699,-0.35380965332757636,3.743791265290244e-13,-2.2058489148588638e-14
1.4,-0.2,stripe,15,0.9969725714318277,0.36052794600284854,1.1025976482059003e-13,-1.0771709158947608e-13
1.4,-0.2,stripe,16,0.9992024892717577,-0.3626532430026585,1.2502377513778367e-13,-9.560030405013644e-14
1.4,-0.2,stripe,17,0.9995640822143576,0.36303806687315426,-4.810759534824987e-14,1.662624891995521e-13
1.4,-0.2,stripe,18,0.998732582459344,-0.3621770390345453,-1.2045857345289065e-13,1.2550783170692669e-13
1.4,-0.2,stripe,19,0.995192769698031,0.3589713944784725,3.072951236949111e-14,-1.822832156962355e-13
1.4,-0.2,stripe,20,0.9832831437636601,-0.34884122564831205,5.028607128601992e-13,-6.105165719812605e-13
1.4,-0.2,stripe,21,0.9501368421238096,0.3181849996029587,1.050135000205485e-12,-6.130277112886008e-13
1.4,-0.2,stripe,22,0.8856153395166526,-0.24809570417665391,1.933419756247784e-12,-1.978920887154969e-12
1.4,-0.2,stripe,23,0.8102353863697013,0.13696069055282817,2.4337013230583647e-12,-9.073980877006597e-13
1.4,-0.2,stripe,24,0.7737037370662239,-0.005916443321921206,2.520469209163385e-12,-3.368165565724657e-12
1.4,-0.2,stripe,25,0.8047031603102607,-0.12580840288975806,2.167171953023203e-12,-8.809305516737822e-13
1.4,-0.2,stripe,26,0.8787607912875961,0.23971195759960884,1.5775938011558594e-12,-1.0443327521968734e-12
1.4,-0.2,stripe,27,0.9456887718574657,-0.31378994874022664,6.514582929412595e-13,-3.936892528443898e-12
1.4,-0.2,stripe,28,0.9814413681357869,0.3472395163304237,-3.981137302540288e-12,4.0577395893452915e-12
1.4,-0.2,stripe,29,0.9946121988488382,-0.358475324779468,-4.0923040194061396e-12,1.544488705772769e-12
1.4,-0.2,stripe,30,0.9985862710015533,0.36203953530436694,-9.087154454127601e-13,-2.1023899871263827e-13
1.4,-0.2,stripe,31,0.9996203011015541,-0.3631085433936874,7.665427609419488e-15,1.2453211432773527e-13
1.4,-0.2,stripe,32,0.9996361321580658,0.36312604748146093,9.048419229145306e-13,-1.5960154300693817e-12
1.4,-0.2,stripe,33,0.998665958017858,-0.36211867288718624,1.4455145469390547e-12,2.299210030549687e-13
1.4,-0.2,stripe,34,0.9948939853242773,0.35871806061603523,-4.3703784686087564e-12,7.802894844373352e-12
1.4,-0.2,stripe,35,0.9823251972842638,-0.34801127847672486,1.151975028447196e-12,-5.14144813734796e-12
1.4,-0.2,stripe,36,0.9478031171550975,0.31588848284569354,-3.9015900410306005e-13,5.198878364652839e-12
1.4,-0.2,stripe,37,0.8819782918840151,-0.24367649177959186,-5.858445719819473e-12,3.686411397059828e-12
1.4,-0.2,stripe,38,0.8072485929569967,0.13104257926234286,-6.653092033374406e-13,1.0503192236293763e-12
1.4,-0.2,stripe,39,0.7736341122008139,0.00038185764240220883,-1.623929392312994e-12,9.537994607744335e-13
1.4,-0.2,stripe,40,0.8076074981249939,-0.1317608693007373,-5.018403329959426e-13,8.426962582794322e-14
1.4,-0.2,stripe,41,0.8824220623969865,0.24421352731538215,-3.844788350665925e-13,3.3388438097941853e-13
1.4,-0.2,stripe,42,0.9480890713662843,-0.316166894758458,-4.3785722099440295e-13,1.3652729126208227e-12
1.4,-0.2,stripe,43,0.9824420944766976,0.34811066481464054,-1.4144295444527673e-13,1.1710471109456385e-12
1.4,-0.2,stripe,44,0.9949312940660552,-0.3587503048497002,-1.5104333871488953e-12,6.077368588601797e-13
1.4,-0.2,stripe,45,0.9986840139869686,0.36214152551699164,-1.1183933252852634e-12,7.460876334016412e-14
1.4,-0.2,stripe,46,0.9996795210004394,-0.3631821344381201,-3.1718739642373294e-15,3.454731805758318e-14
1.4,-0.2,stripe,47,0.999819223289863,0.363338283635146,-2.4371982314722884e-14,5.569568732922864e-15
1.4,-0.2,stripe,48,0.9994242946109816,-0.36290392193166215,8.147131046591069e-14,-1.0546218351495154e-13
1.4,-0.2,stripe,49,0.9976435943364923,0.3611484771419719,9.713221697169148e-14,-9.665405695117562e-14
1.4,-0.2,stripe,50,0.9913249211461708,-0.3556954135415674,2.0614797708840613e-13,-2.4153951747489283e-13
1.4,-0.2,stripe,51,0.9715330731468642,0.33841443968471674,6.938122357035445e-13,-5.92750714424614e-13
1.4,-0.2,stripe,52,0.9238988479826361,-0.2913857246325465,6.284928469051989e-13,-6.60275919474019e-13
1.4,-0.2,stripe,53,0.8492509376876156,0.20069899528071408,1.5027690812262464e-12,-6.927692606185863e-13
1.4,-0.2,stripe,54,0.7856147845244736,-0.07728171254110272,2.6764209087172774e-12,-1.4327157565210244e-12
1.4,-0.2,stripe,55,0.7799515177872584,-0.05591504804382098,1.834118085547001e-12,-1.2586679831388301e-12
1.4,-0.2,stripe,56,0.8367845805914289,0.18232443315397934,1.3061360272110122e-12,-8.012943035783153e-13
1.4,-0.2,stripe,57,0.9131214244531876,-0.2797293354737109,1.0050297027006377e-12,-5.775355622486133e-13
1.4,-0.2,stripe,58,0.9660504464654486,0.3333621947494649,6.130732477402463e-13,-3.1677027392146683e-13
1.4,-0.2,stripe,59,0.9893857965060354,-0.35401287767436046,3.368889118508061e-13,-8.432007800759769e-14
1.4,-0.2,stripe,60,0.9970678310236324,0.36045678282244675,1.2602240315832298e-13,-1.1271620382331502e-13
1.4,-0.2,stripe,61,0.99929206547037,-0.3620277496499528,1.2123764537553082e-13,-7.400739884336253e-14
1.4,-0.2,stripe,62,0.999964011132857,0.3601152700383147,-8.179774254305591e-15,2.693816301019263e-14
1.4,-0.2,stripe,63,1.0008975522916295,-0.3541657377413881,-4.7491096279252387e-14,2.2134596983342964e-14
1.4,-0.2,stripe,64,0.9989286292873251,0.3017024136535775,-1.6010137279063647e-14,
1.4,-0.2,pairing,1,0.9989080506389376,-0.3016402845879342,-3.094961753865982e-13,3.815166030622928e-13
1.4,-0.2,pairing,2,1.000803669434196,0.35402830133442564,-6.659067068678493e-13,5.365939350728354e-13
1.4,-0.2,pairing,3,0.9995355489926403,-0.35961781624673805,-6.768391062251677e-13,3.85444473234924e-13
1.4,-0.2,pairing,4,0.9975814097192831,0.3603415405196025,-4.352876141420707e-13,3.5009739030223958e-15
1.4,-0.2,pairing,5,0.9910818273204026,-0.35531696289012693,8.870777299112019e-13,-1.3230581363633052e-12
1.4,-0.2,pairing,6,0.9708483524216128,0.33774249486081853,2.622426695620289e-12,-2.2178486139901815e-12
1.4,-0.2,pairing,7,0.9225210070242331,-0.28990094219362345,3.3693886714214338e-12,-2.271920552437139e-12
1.4,-0.2,pairing,8,0.8475923051534647,0.19832052136150075,3.2848903047209164e-12,-2.0604493702153517e-12
1.4,-0.2,pairing,9,0.784779830750963,-0.07447683973964614,3.4368342180788962e-12,-2.597658315087356e-12
1.4,-0.2,pairing,10,0.7806046523562339,-0.05873941050926747,3.8476129112783274e-12,-3.255895285016869e-12
1.4,-0.2,pairing,11,0.8384041041784406,0.18478953197264772,5.986516914154827e-12,-4.44788928054433e-12
1.4,-0.2,pairing,12,0.9145836392055292,-0.28133429694368994,3.695082046008152e-12,-1.8852851214294898e-12
1.4,-0.2,pairing,13,0.9668184142969808,0.3340843955018465,3.6232739171138087e-12,-4.4516096554823916e-12
1.4,-0.2,pairing,14,0.9896629014016709,-0.35428771479034327,3.0645886132823266e-12,-7.072234186806712e-13
1.4,-0.2,pairing,15,0.9971418069192403,0.36068078163344436,8.552274184713247e-13,-3.319578289602929e-13
1.4,-0.2,pairing,16,0.9992487042709624,-0.36270236935393696,2.437489541687582e-13,5.915653535037632e-14
1.4,-0.2,pairing,17,0.999576933167125,0.3630530790393451,-6.019193516409501e-13,7.792763466592325e-13
1.4,-0.2,pairing,18,0.9987445971249331,-0.3621898565223406,-1.171046980225145e-12,9.823278958812829e-13
1.4,-0.2,pairing,19,0.9952282959057183,0.35900244196097425,-2.1967003452719506e-12,2.0554559934901075e-12
1.4,-0.2,pairing,20,0.983394820548216,-0.3489380342472965,-3.5042153672953243e-12,-1.7532788931332936e-13
1.4,-0.2,pairing,21,0.9504109794225085,0.31845368133495006,6.392321808325463e-13,2.5101103026385535e-13
1.4,-0.2,pairing,22,0.8860484231170603,-0.2486177803849686,3.9947077643078626e-12,-2.13135934951789e-12
1.4,-0.2,pairing,23,0.8105989447441788,0.13766582084451423,2.722355161028476e-12,-1.2084492730976592e-12
1.4,-0.2,pairing,24,0.7737230232888401,-0.0066696757552883856,2.513650818175269e-12,-2.1771203008702353e-12
1.4,-0.2,pairing,25,0.8043624997116965,-0.1250937038993511,1.8672712630063334e-12,-4.48902596699722e-13
1.4,-0.2,pairing,26,0.8783212109704696,0.23916698316901555,2.118491655204025e-12,-1.753397649357174e-12
1.4,-0.2,pairing,27,0.9453964747200911,-0.31349915595471345,1.8309662325393406e-12,-9.15140210827333e-13
1.4,-0.2,pairing,28,0.9813183017730569,0.34713212228066415,9.986153182294182e-13,-4.717968523040525e-13
1.4,-0.2,pairing,29,0.9945729438358675,-0.3584417746316018,3.6657530388281543e-13,-3.403291874582112e-14
1.4,-0.2,pairing,30,0.9985752079636511,0.36202868540523564,-4.226595677983657e-13,4.985019503079779e-13
1.4,-0.2,pairing,31,0.9996180645670958,-0.36310609056559234,-1.972942933017796e-12,2.424385754468131e-12
1.4,-0.2,pairing,32,0.9996381034341845,0.36312821884464136,-5.8201009269007705e-12,5.792236192545221e-12
1.4,-0.2,pairing,33,0.9986762070841422,-0.36212881458994184,-9.2357243405557e-12,7.007591516823845e-12
1.4,-0.2,pairing,34,0.9949305837447976,0.35874945715405754,-8.841163767449619e-12,4.824461125997633e-12
1.4,-0.2,pairing,35,0.9824409268744619,-0.3481118020118974,-7.874370582790244e-12,4.1709717381904706e-12
1.4,-0.2,pairing,36,0.9480828281141522,0.31616455452097086,-3.827449729435696e-12,1.3223813112199053e-12
1.4,-0.2,pairing,37,0.8824095645326032,-0.24420354611842227,-1.5480708713312714e-12,8.109485227409527e-13
1.4,-0.2,pairing,38,0.807596728067362,0.13174399784545443,-1.0788926095077668e-12,9.48762255175285e-13
1.4,-0.2,pairing,39,0.773634068809997,-0.0003623976168142687,-1.6347904993477481e-12,4.955558196207258e-13
1.4,-0.2,pairing,40,0.807259321501836,-0.1310595149127369,-1.0594315551855619e-12,5.456800271008965e-13
1.4,-0.2,pairing,41,0.8819907953256596,0.24368648202050391,-3.2989887753111537e-13,2.485442795282911e-13
1.4,-0.2,pairing,42,0.9478094110998483,-0.3158908192842638,5.774496297387125e-14,-8.544167068656255e-13
1.4,-0.2,pairing,43,0.9823264125115396,0.348010184998598,8.624754421351188e-13,-2.989947714173255e-13
1.4,-0.2,pairing,44,0.994894716994935,-0.35871896991846053,6.716839993416692e-13,-3.097068420523969e-13
1.4,-0.2,pairing,45,0.9986738845301368,0.36213163555612204,2.825554326218512e-13,-9.676364874935867e-14
1.4,-0.2,pairing,46,0.9996781425658553,-0.3631808927581603,1.5280943546840681e-13,-1.0837685734878848e-13
1.4,-0.2,pairing,47,0.9998244234625965,0.36334445236547036,1.4865155970716572e-13,-1.031025003174997e-13
1.4,-0.2,pairing,48,0.9994500766871276,-0.3629318783478581,1.9342125131206947e-13,-1.436055815042635e-13
1.4,-0.2,pairing,49,0.9977418483582328,0.36123968320759875,3.296112854133489e-13,-3.0298271417933456e-13
1.4,-0.2,pairing,50,0.9916593397400685,-0.35597745136348036,9.191111573072073e-13,-1.030038835565461e-12
1.4,-0.2,pairing,51,0.9725052332601444,0.339296526587612,2.3233884093232704e-12,-2.1929345328225297e-12
1.4,-0.2,pairing,52,0.9258964765797417,-0.2935024421259445,2.8784270407693e-12,-2.2086685591259938e-12
1.4,-0.2,pairing,53,0.8517051619408114,0.2041604906708133,3.122219282303451e-12,-9.389007631428431e-13
1.4,-0.2,pairing,54,0.7869053007530198,-0.08139897282383332,3.503712853714528e-12,-2.7447803592997155e-12
1.4,-0.2,pairing,55,0.7790535067687961,-0.051755321013762554,2.43660843704093e-12,-2.0755076004567064e-12
1.4,-0.2,pairing,56,0.8344191178160316,0.1786715000852027,4.369006209395287e-12,-3.245239576874239e-12
1.4,-0.2,pairing,57,0.910947003521855,-0.2773312735633869,3.926388311700811e-12,-2.000984792274371e-12
1.4,-0.2,pairing,58,0.9648959081186118,0.33228774083357243,2.303852499206942e-12,-1.1093271344988337e-12
1.4,-0.2,pairing,59,0.9889673704240877,-0.3536585707089027,1.377107312725744e-12,-6.858231036022844e-13
1.4,-0.2,pairing,60,0.9969422811737922,0.3603435285050225,8.050781373927426e-13,-3.750233322442145e-13
1.4,-0.2,pairing,61,0.9992579850070846,-0.3619913959839245,4.4116440599045394e-13,-2.090200481790373e-13
1.4,-0.2,pairing,62,0.9999561851545233,0.36010569990592894,2.5920818031551676e-13,-1.283736935713338e-13
1.4,-0.2,pairing,63,1.0008958918192048,-0.35416304772397134,1.6978104129165525e-13,-8.609988882198094e-14
1.4,-0.2,pairing,64,0.9989282492487567,0.30170112649340497,7.33145710609977e-14,
1.4,0.0,stripe,1,0.9999903388791308,-0.35297517382385535,-1.4658935260313957e-14,1.8933269980751187e-14
1.4,0.0,stripe,2,0.999949770942118,0.38558344673843103,-4.2574458097038854e-14,1.568130487069203e-14
1.4,0.0,stripe,3,0.9997371159921574,-0.38648067811989734,-4.5518826533519064e-14,-4.342066878284206e-15
1.4,0.0,stripe,4,0.9987128298111683,0.3864191469843319,-6.343222685330189e-13,3.367304061049095e-13
1.4,0.0,stripe,5,0.9946304288569527,-0.3832697821841728,-7.513007523218514e-13,3.87273591275854e-12
1.4,0.0,stripe,6,0.9793782237850374,0.3710802727447442,-8.224303482543937e-13,-6.870995912377362e-13
1.4,0.0,stripe,7,0.9337727899820664,-0.32857352751279134,9.238887325018757e-15,1.5490384873515017e-13
1.4,0.0,stripe,8,0.8499013531377213,0.23176721326267533,-4.2932729123770274e-13,5.289810822259538e-13
1.4,0.0,stripe,9,0.7723970984094938,-0.09198043283158476,-3.5225348187439457e-13,6.501204465475885e-14
1.4,0.0,stripe,10,0.7627513615103898,-0.05761014345206312,-2.8542049920721236e-13,1.9961652363923597e-13
1.4,0.0,stripe,11,0.828863447367339,0.20206235655029095,1.6195614194709124e-13,-2.0893878360874323e-13
1.4,0.0,stripe,12,0.9171917659602027,-0.31144672131961726,-5.496578350269168e-13,-2.056290406253118e-14
1.4,0.0,stripe,13,0.9723843536219006,0.3650686573628861,-8.697789481847467e-13,5.595868439965991e-13
1.4,0.0,stripe,14,0.9926261896910247,-0.3817508148895878,1.4489792964008917e-13,-1.7386970277045948e-12
1.4,0.0,stripe,15,0.9981843914570351,0.3860803628888183,-1.0026478170753528e-12,-8.404521226622164e-14
1.4,0.0,stripe,16,0.9995886394714619,-0.3873290013727024,6.547865046859973e-13,-2.9301527257439746e-13
1.4,0.0,stripe,17,0.9997973507212408,0.38752688501058535,1.2326404884524666e-13,8.329196790851875e-15
1.4,0.0,stripe,18,0.9993173198522183,-0.3870751402958893,-1.1571368253635688e-13,1.0856964173479366e-13
1.4,0.0,stripe,19,0.9970415282044974,0.38515250365943254,-1.3948861831877988e-13,1.505086284053788e-13
1.4,0.0,stripe,20,0.9882728644425262,-0.378360327880381,-2.721414320214702e-13,2.295294021255815e-13
1.4,0.0,stripe,21,0.9583686773114934,0.3524071553515298,-7.553194278187899e-13,8.385703677687502e-13
1.4,0.0,stripe,22,0.888915474956054,-0.2801834712780226,-1.9434923742460358e-12,1.828403187210862e-12
1.4,0.0,stripe,23,0.8001241327902736,0.15461595556874264,-3.6183354741232596e-12,2.90361393865352e-12
1.4,0.0,stripe,24,0.7564698465197432,-0.006422778132967152,-4.669176279258131e-12,3.0258050496082536e-12
1.4,0.0,stripe,25,0.7936912672749343,-0.14226233485341347,-3.72361958498926e-12,1.9951024785128576e-12
1.4,0.0,stripe,26,0.8812965326212913,0.27126229651188066,-3.4651966819000142e-12,2.7373460398758824e-12
1.4,0.0,stripe,27,0.9540881808705276,-0.3483969008490338,-5.975989029756735e-12,-3.871243809417627e-13
1.4,0.0,stripe,28,0.9868432971210899,0.3772210322328726,-3.619674397606016e-11,9.329254476876623e-12
1.4,0.0,stripe,29,0.9966626140014594,-0.38485366270820126,-6.524916949833425e-12,1.2431598283485515e-13
1.4,0.0,stripe,30,0.9992299711147562,0.3869951061761373,-8.407851679422099e-13,3.1298615140178933e-13
1.4,0.0,stripe,31,0.9998231160207173,-0.38754775475224573,-3.779722520342578e-13,1.0046384060675967e-13
1.4,0.0,stripe,32,0.9998308084701715,0.3875548338468796,-1.022319158816435e-13,8.347545612612033e-14
1.4,0.0,stripe,33,0.9992747726267096,-0.38703644972034223,-2.829725056700966e-13,3.567254073609614e-13
1.4,0.0,stripe,34,0.9968399162287948,0.3849936484041004,-7.604600939892735e-13,2.6359444428243116e-13
1.4,0.0,stripe,35,0.9875076049308278,-0.3777525883420012,-1.0509842626082864e-12,4.423231254548297e-12
1.4,0.0,stripe,36,0.9560578954981688,0.35025080281779686,-1.455275928107246e-12,2.409569865982337e-13
1.4,0.0,stripe,37,0.8847509559606317,-0.2753364340042583,-5.262145278928256e-13,3.8270163954336756e-13
1.4,0.0,stripe,38,0.7965438260634933,0.14784894527121312,-5.543234559586345e-13,3.41728601694276e-13
1.4,0.0,stripe,39,0.7563913084656655,0.0006320968374318585,-7.320905338057533e-13,4.649244981639742e-13
1.4,0.0,stripe,40,0.7971783552808951,-0.14906374400191322,-5.717434633294846e-13,1.8674943030638237e-13
1.4,0.0,stripe,41,0.885501479368489,0.27621256629724716,-3.285174325488391e-13,1.1954931909308938e-13
1.4,0.0,stripe,42,0.9564783870143265,-0.35064280033688916,-2.1067980605858645e-13,-2.2320097691602904e-13
1.4,0.0,stripe,43,0.98764717432444,0.3778625661958488,1.7813627978875645e-12,-2.4502029174925947e-12
1.4,0.0,stripe,44,0.99687715929981,-0.38502245015287917,4.446115966134004e-12,-4.083849569363807e-12
1.4,0.0,stripe,45,0.9992876789447231,0.3870487814675518,4.923591150743021e-12,-2.4212390182580847e-12
1.4,0.0,stripe,46,0.9998507978199926,-0.38757283667614667,-3.56557522336577e-12,9.608755591151919e-12
1.4,0.0,stripe,47,0.9999188452555379,0.3876320579730799,1.0026373390657922e-12,-1.4281141056448441e-11
1.4,0.0,stripe,48,0.9997122368714169,-0.3874453236231043,3.829655458416695e-12,1.2226410621011431e-11
1.4,0.0,stripe,49,0.9986307283592978,0.3864620892884596,-1.781684740698413e-11,1.3062952425832676e-11
1.4,0.0,stripe,50,0.9943214431619957,-0.38304999013835367,-7.785623235526685e-12,-8.812216594179401e-14
1.4,0.0,stripe,51,0.9782779943656081,0.37015280993351424,7.726651267522382e-14,6.096734967303615e-13
1.4,0.0,stripe,52,0.9310272524728015,-0.32579598122792325,-5.607674135609065e-14,-1.556644965042285e-13
1.4,0.0,stripe,53,0.8461675275628916,0.2267174351765198,-1.0786004520362945e-13,4.226115100654602e-13
1.4,0.0,stripe,54,0.7704107294462462,-0.08596614091245691,-2.7438273771888263e-15,2.9829294811035165e-14
1.4,0.0,stripe,55,0.7641431072824834,-0.06365364181764877,-5.323110177401991e-14,8.234002120409265e-14
1.4,0.0,stripe,56,0.8324967409608064,0.2074273318114466,1.189313313133974e-13,-1.7470106520108017e-13
1.4,0.0,stripe,57,0.9202600778282942,-0.31467943043512514,-2.535238175937297e-13,-6.169076923176507e-13
1.4,0.0,stripe,58,0.9737425823641895,0.36625353224989554,-2.949642594695321e-13,2.027334021918147e-13
1.4,0.0,stripe,59,0.9930240321448514,-0.38205291273659236,4.2066890059440786e-13,-4.957526838651146e-13
1.4,0.0,stripe,60,0.9982930857615003,0.3861556012845356,-8.431761227319974e-13,-1.4922656896529482e-15
1.4,0.0,stripe,61,0.9996385927228082,-0.3872614266357145,5.004313398213846e-13,-2.5023360233934184e-13
1.4,0.0,stripe,62,0.9999313077105638,0.38665820185454003,2.0762967945454194e-13,-6.496464901979405e-14
1.4,0.0,stripe,63,0.9999859808149487,-0.38561604076184275,7.482174130984643e-14,-3.765558647315126e-14
1.4,0.0,stripe,64,0.9999973419702887,0.35298620282363574,1.7658335024473038e-14,
1.4,0.0,pairing,1,0.9999898731949883,-0.3529744921909736,5.261828499531624e-14,-7.029155585381032e-14
1.4,0.0,pairing,2,0.9999472382485078,0.3855812280089916,2.0262558229391651e-13,-2.058075925278811e-13
1.4,0.0,pairing,3,0.9997234914259774,-0.3864678817002883,5.743597669724107e-13,-6.331009650015491e-13
1.4,0.0,pairing,4,0.9986527576109681,0.3863668960025957,1.3275801713860513e-12,-1.0212517336990787e-12
1.4,0.0,pairing,5,0.9943989518294882,-0.38309274793250686,1.3436679462996066e-12,-1.4770479122174494e-12
1.4,0.0,pairing,6,0.9785510282846395,0.3703813111943287,1.1997278090502494e-12,-2.3119577615314007e-12
1.4,0.0,pairing,7,0.9317027806480922,-0.3264819432363052,3.1138424541873117e-13,1.6501443424241071e-13
1.4,0.0,pairing,8,0.8470757740728582,0.22795538139002772,-4.2756248993433274e-13,3.552080228114986e-13
1.4,0.0,pairing,9,0.7708822118467605,-0.08743341197955314,-4.495376671292254e-13,-6.181409359290445e-14
1.4,0.0,pairing,10,0.7637901458109793,-0.0621800970880248,6.67774770049395e-14,-1.0853854726109928e-13
1.4,0.0,pairing,11,0.8316071234382977,0.20612513061989057,4.3529631243268436e-13,-2.900648983916033e-13
1.4,0.0,pairing,12,0.9195180320991964,-0.3139008448396865,-2.598154446057757e-13,-2.568152291699771e-13
1.4,0.0,pairing,13,0.9734169478203455,0.3659707072343162,1.2630452907699456e-12,1.0974951628481751e-12
1.4,0.0,pairing,14,0.9929284487122378,-0.3819827845469893,-1.1926897798529018e-12,6.821151010832843e-13
1.4,0.0,pairing,15,0.9982634261935908,0.3861468216822909,8.021622349553202e-14,-4.0550330045692836e-13
1.4,0.0,pairing,16,0.9996076203077515,-0.38734685175517797,-1.59711752727865e-13,2.8679612444839325e-13
1.4,0.0,pairing,17,0.9998018708606188,0.3875308118702967,-1.594729130193634e-13,-1.8413504727381786e-15
1.4,0.0,pairing,18,0.9993226058900339,-0.387080035899811,6.563617537034876e-14,-1.6244888990926549e-13
1.4,0.0,pairing,19,0.997059932193418,0.3851671328714977,3.7224920096635385e-13,-3.4810959403776347e-13
1.4,0.0,pairing,20,0.9883418606830092,-0.378414935382221,4.973803718933761e-13,-1.4700582794195629e-13
1.4,0.0,pairing,21,0.958579051591846,0.3526025523170694,-1.2181711254364943e-13,2.73672809378371e-13
1.4,0.0,pairing,22,0.8893007858610351,-0.28062851461746224,-8.817225009270015e-13,7.81417851233786e-13
1.4,0.0,pairing,23,0.8004633354294238,0.1552441035471305,-1.1985921734112497e-12,5.812388176716294e-13
1.4,0.0,pairing,24,0.7564870168707405,-0.0070800567130546435,-1.619759663357578e-12,1.1784146134454901e-12
1.4,0.0,pairing,25,0.793372480367399,-0.14162667403148366,-1.275547352389015e-12,2.1850653142743497e-13
1.4,0.0,pairing,26,0.8809025069510075,0.27079473744511606,-1.156171627845364e-12,7.325801761343895e-13
1.4,0.0,pairing,27,0.9538605473196313,-0.348182012639548,-6.976495353282778e-13,2.3761136375469573e-13
1.4,0.0,pairing,28,0.9867659536192231,0.37715909540857756,-2.7807711301166196e-13,1.0289586033825303e-13
1.4,0.0,pairing,29,0.9966419852227605,-0.38483750307396464,-1.8212247178027159e-13,6.626826215381924e-14
1.4,0.0,pairing,30,0.9992247489381176,0.3869903244271936,-1.231712619477396e-13,2.5748450208171244e-14
1.4,0.0,pairing,31,0.9998221161198918,-0.3875468431486401,7.382726835867363e-16,-6.477590744948634e-15
1.4,0.0,pairing,32,0.9998311230254089,0.3875551265072587,2.3537333979285514e-13,-3.610659419178738e-13
1.4,0.0,pairing,33,0.9992772267397992,-0.38703870375974175,7.663676103687252e-13,-6.388553505976842e-13
1.4,0.0,pairing,34,0.996849771127373,0.38500141095077633,1.5285090865021825e-13,4.4688077601278346e-13
1.4,0.0,pairing,35,0.9875446865225795,-0.37778211493464947,-1.0306607813895482e-12,1.035310214026612e-12
1.4,0.0,pairing,36,0.9561688763484625,0.35035476847553243,2.118286464618164e-14,-4.964999492219573e-13
1.4,0.0,pairing,37,0.8849482232976119,-0.2755675445726968,9.552822173743058e-13,-7.323409507224794e-13
1.4,0.0,pairing,38,0.7967099265257219,0.14816859216941403,9.70920595333488e-13,-3.2272752334344507e-13
1.4,0.0,pairing,39,0.756390700640733,0.0002998448652738144,1.396372272239688e-12,-1.5104061363893039e-12
1.4,0.0,pairing,40,0.7970115131223112,-0.14874435493631327,1.1113799205748844e-12,-4.405656017021276e-14
1.4,0.0,pairing,41,0.885304529399742,0.27598228854863766,2.450623839134112e-13,1.4755472930984332e-13
1.4,0.0,pairing,42,0.9563680202919109,-0.3505395173723031,-2.003654816139309e-12,1.6663254763463647e-12
1.4,0.0,pairing,43,0.9876103954942941,0.3778332986528202,-1.422333725075111e-12,4.251121810768695e-13
1.4,0.0,pairing,44,0.9968673926204858,-0.38501474708254285,9.67239699939544e-14,-5.256638159713902e-13
1.4,0.0,pairing,45,0.9992852635030985,0.38704656604439414,1.9185355185303065e-12,-1.9857006459329144e-12
1.4,0.0,pairing,46,0.9998505689796512,-0.3875726526007234,2.0097189887639476e-12,-5.577373531650315e-13
1.4,0.0,pairing,47,0.9999201507889256,0.38763316399066966,-2.505048073528712e-13,1.5498527109505856e-12
1.4,0.0,pairing,48,0.9997197420335489,-0.3874523540650988,-1.3223470632306717e-12,-1.013197683732711e-12
1.4,0.0,pairing,49,0.9986636196390715,0.3864906544352303,-9.454637156982283e-14,-3.16753580750477e-13
1.4,0.0,pairing,50,0.9944479777923934,-0.3831467653586317,5.4783472895553106e-14,-1.2201751569320966e-13
1.4,0.0,pairing,51,0.978728706485065,0.3705347140851275,-2.2479058318861237e-13,1.1551835502118073e-12
1.4,0.0,pairing,52,0.9321455658646545,-0.3269299304413846,-4.028597133638578e-13,1.5301329828458925e-13
1.4,0.0,pairing,53,0.8476757881651182,0.22876703526721956,-3.1368097967184637e-13,2.647071768457422e-13
1.4,0.0,pairing,54,0.7711995883254956,-0.08839758709606371,-4.472494581022619e-13,3.265899666620509e-13
1.4,0.0,pairing,55,0.7635654523464499,-0.061212055855354414,-4.4104967258990966e-13,2.7269469087228475e-13
1.4,0.0,pairing,56,0.8310247319559827,0.205266531765492,-3.070955230075189e-13,4.454640360455145e-13
1.4,0.0,pairing,57,0.9190279591862787,-0.3133846449535367,-7.09000423201532e-13,3.0253479564982007e-13
1.4,0.0,pairing,58,0.9732007391755055,0.3657815719035353,-1.7101053672016015e-12,1.4335586081738852e-12
1.4,0.0,pairing,59,0.9928661240909444,-0.38193181874657095,2.1480706285971582e-13,-2.7116148939496084e-12
1.4,0.0,pairing,60,0.9982518418222244,0.3861208158781739,-1.3110355177229513e-11,7.53893252183228e-12
1.4,0.0,pairing,61,0.999628810991276,-0.387252219168961,-6.51860526935565e-12,1.4263096447277608e-12
1.4,0.0,pairing,62,0.9999294507597831,0.3866565855198383,-1.108323525060967e-12,1.1507642882409612e-13
1.4,0.0,pairing,63,0.9999856157822821,-0.3856156829415412,-1.7927227299751524e-13,8.37359409261945e-14
1.4,0.0,pairing,64,0.9999972677449553,0.35298607344648114,-6.722701823572526e-14,
