Starting fresh run
Running with t_p=0.025 U=-4.0 L=100 chi_max=300 E_p=1.476 mu_init=-2.65
After sweep 1 energy=-4.950794  maxlinkdim=16 maxerr=2.24E-07 time=18.683
After sweep 2 energy=-6.0127587  maxlinkdim=179 maxerr=1.18E-08 time=1.324
After sweep 3 energy=-6.101421  maxlinkdim=189 maxerr=2.56E-09 time=2.047
After sweep 4 energy=-6.1565633  maxlinkdim=220 maxerr=1.63E-09 time=2.137
After sweep 5 energy=-6.1906333  maxlinkdim=193 maxerr=7.40E-10 time=1.779
After sweep 6 energy=-6.218302  maxlinkdim=235 maxerr=9.12E-10 time=1.671
After sweep 7 energy=-6.241538  maxlinkdim=218 maxerr=3.28E-09 time=1.662
After sweep 8 energy=-6.258307  maxlinkdim=191 maxerr=4.63E-08 time=1.690
After sweep 9 energy=-6.270689  maxlinkdim=241 maxerr=3.73E-08 time=1.607
After sweep 10 energy=-6.2811193  maxlinkdim=221 maxerr=2.67E-07 time=1.693
After sweep 11 energy=-6.288457  maxlinkdim=193 maxerr=1.02E-07 time=1.673
After sweep 12 energy=-6.293366  maxlinkdim=187 maxerr=6.83E-10 time=1.643
After sweep 13 energy=-6.2969894  maxlinkdim=191 maxerr=1.34E-08 time=1.679
After sweep 14 energy=-6.3001194  maxlinkdim=214 maxerr=9.28E-08 time=1.710
After sweep 15 energy=-6.3022904  maxlinkdim=188 maxerr=1.49E-07 time=1.795
After sweep 16 energy=-6.303219  maxlinkdim=195 maxerr=1.14E-07 time=1.838
After sweep 17 energy=-6.3037205  maxlinkdim=206 maxerr=1.82E-10 time=1.872
After sweep 18 energy=-6.303979  maxlinkdim=206 maxerr=2.17E-08 time=1.892
After sweep 19 energy=-6.3041353  maxlinkdim=209 maxerr=1.06E-07 time=1.995
After sweep 20 energy=-6.3041563  maxlinkdim=209 maxerr=6.99E-10 time=2.052
After sweep 21 energy=-6.304196  maxlinkdim=221 maxerr=4.78E-08 time=2.162
After sweep 22 energy=-6.304206  maxlinkdim=226 maxerr=1.45E-09 time=2.296
After sweep 23 energy=-6.30424  maxlinkdim=220 maxerr=6.77E-10 time=2.308
After sweep 24 energy=-6.3042135  maxlinkdim=219 maxerr=2.83E-09 time=2.272
After sweep 25 energy=-6.304188  maxlinkdim=218 maxerr=9.98E-11 time=2.294
After sweep 26 energy=-6.304181  maxlinkdim=223 maxerr=9.99E-11 time=2.297
After sweep 27 energy=-6.3041725  maxlinkdim=222 maxerr=5.65E-08 time=2.264
After sweep 28 energy=-6.304178  maxlinkdim=231 maxerr=4.60E-08 time=2.308
After sweep 29 energy=-6.3041916  maxlinkdim=217 maxerr=3.00E-08 time=2.295
After sweep 30 energy=-6.304162  maxlinkdim=218 maxerr=1.38E-07 time=2.280
Not same mu, searching again
After sweep 1 energy=-4.4566  maxlinkdim=16 maxerr=2.69E-07 time=0.598
After sweep 2 energy=-5.50995  maxlinkdim=179 maxerr=9.61E-09 time=1.241
After sweep 3 energy=-5.6020684  maxlinkdim=206 maxerr=1.08E-09 time=1.764
After sweep 4 energy=-5.6559753  maxlinkdim=221 maxerr=1.52E-07 time=1.798
After sweep 5 energy=-5.691099  maxlinkdim=201 maxerr=1.77E-09 time=1.698
After sweep 6 energy=-5.72008  maxlinkdim=219 maxerr=1.76E-07 time=1.659
After sweep 7 energy=-5.7432127  maxlinkdim=220 maxerr=8.30E-09 time=1.640
After sweep 8 energy=-5.759264  maxlinkdim=190 maxerr=2.69E-09 time=1.609
After sweep 9 energy=-5.772044  maxlinkdim=180 maxerr=1.13E-07 time=1.647
After sweep 10 energy=-5.7824774  maxlinkdim=248 maxerr=2.21E-09 time=1.636
After sweep 11 energy=-5.7904243  maxlinkdim=207 maxerr=2.34E-07 time=1.703
After sweep 12 energy=-5.7958937  maxlinkdim=225 maxerr=3.17E-08 time=1.679
After sweep 13 energy=-5.7996864  maxlinkdim=237 maxerr=1.79E-08 time=1.685
After sweep 14 energy=-5.8025894  maxlinkdim=218 maxerr=1.76E-07 time=1.728
After sweep 15 energy=-5.804823  maxlinkdim=209 maxerr=1.42E-09 time=1.801
After sweep 16 energy=-5.805785  maxlinkdim=193 maxerr=4.40E-10 time=1.865
After sweep 17 energy=-5.8061857  maxlinkdim=199 maxerr=7.70E-08 time=1.837
After sweep 18 energy=-5.806362  maxlinkdim=201 maxerr=1.40E-09 time=1.881
After sweep 19 energy=-5.806468  maxlinkdim=210 maxerr=1.09E-07 time=1.970
After sweep 20 energy=-5.8065042  maxlinkdim=211 maxerr=1.34E-09 time=2.043
After sweep 21 energy=-5.806508  maxlinkdim=221 maxerr=1.07E-07 time=2.197
After sweep 22 energy=-5.806515  maxlinkdim=219 maxerr=4.72E-10 time=2.242
After sweep 23 energy=-5.806512  maxlinkdim=214 maxerr=1.27E-07 time=2.229
After sweep 24 energy=-5.806506  maxlinkdim=212 maxerr=9.99E-11 time=2.244
After sweep 25 energy=-5.8065176  maxlinkdim=219 maxerr=1.49E-09 time=2.222
After sweep 26 energy=-5.8065047  maxlinkdim=214 maxerr=9.10E-10 time=2.265
After sweep 27 energy=-5.8065133  maxlinkdim=214 maxerr=6.26E-08 time=2.258
After sweep 28 energy=-5.8065085  maxlinkdim=215 maxerr=2.09E-10 time=2.232
After sweep 29 energy=-5.8064957  maxlinkdim=216 maxerr=5.67E-09 time=2.261
After sweep 30 energy=-5.806505  maxlinkdim=215 maxerr=9.99E-11 time=2.261
n0: 0.49138248; n1: 0.5038954; mu0: -2.6599999999999997; mu1: -2.65

Range found between mu0: -2.6599999999999997 (n0: 0.49138248) and mu1: -2.65 (n1: 0.5038954); refining...
n0: 0.49138248; n1: 0.5038954; mu0: -2.6599999999999997; mu1: -2.65
Trying secant step...
After sweep 1 energy=-4.793591  maxlinkdim=16 maxerr=2.37E-07 time=0.580
After sweep 2 energy=-5.8520584  maxlinkdim=186 maxerr=8.20E-09 time=1.231
After sweep 3 energy=-5.940529  maxlinkdim=188 maxerr=1.09E-09 time=1.775
After sweep 4 energy=-5.9950657  maxlinkdim=202 maxerr=2.04E-07 time=1.788
After sweep 5 energy=-6.032002  maxlinkdim=207 maxerr=1.22E-07 time=1.695
After sweep 6 energy=-6.0617013  maxlinkdim=202 maxerr=1.33E-09 time=1.689
After sweep 7 energy=-6.08341  maxlinkdim=182 maxerr=7.33E-08 time=1.642
After sweep 8 energy=-6.0995955  maxlinkdim=179 maxerr=1.32E-08 time=1.600
After sweep 9 energy=-6.1124597  maxlinkdim=268 maxerr=1.60E-07 time=1.605
After sweep 10 energy=-6.122711  maxlinkdim=271 maxerr=1.42E-07 time=1.663
After sweep 11 energy=-6.131117  maxlinkdim=205 maxerr=2.72E-08 time=1.745
After sweep 12 energy=-6.136494  maxlinkdim=209 maxerr=2.54E-10 time=1.684
After sweep 13 energy=-6.140439  maxlinkdim=229 maxerr=3.62E-08 time=1.700
After sweep 14 energy=-6.1437645  maxlinkdim=213 maxerr=1.60E-07 time=1.763
After sweep 15 energy=-6.1459985  maxlinkdim=210 maxerr=2.13E-09 time=1.841
After sweep 16 energy=-6.1469116  maxlinkdim=191 maxerr=1.39E-09 time=1.831
After sweep 17 energy=-6.147416  maxlinkdim=216 maxerr=9.60E-10 time=1.859
After sweep 18 energy=-6.1477165  maxlinkdim=207 maxerr=1.22E-07 time=1.965
After sweep 19 energy=-6.147869  maxlinkdim=235 maxerr=5.70E-08 time=2.001
After sweep 20 energy=-6.1479025  maxlinkdim=218 maxerr=1.79E-09 time=2.114
After sweep 21 energy=-6.147954  maxlinkdim=222 maxerr=1.20E-09 time=2.206
After sweep 22 energy=-6.1479187  maxlinkdim=224 maxerr=1.00E-10 time=2.243
After sweep 23 energy=-6.1479254  maxlinkdim=218 maxerr=3.11E-10 time=2.297
After sweep 24 energy=-6.1479173  maxlinkdim=215 maxerr=1.06E-07 time=2.283
After sweep 25 energy=-6.1479325  maxlinkdim=217 maxerr=9.99E-11 time=2.286
After sweep 26 energy=-6.1479053  maxlinkdim=218 maxerr=1.50E-07 time=2.266
After sweep 27 energy=-6.1479363  maxlinkdim=217 maxerr=4.17E-09 time=2.287
After sweep 28 energy=-6.147937  maxlinkdim=216 maxerr=2.94E-07 time=2.294
After sweep 29 energy=-6.1479535  maxlinkdim=219 maxerr=7.09E-08 time=2.269
After sweep 30 energy=-6.147908  maxlinkdim=217 maxerr=1.59E-07 time=2.292
n0: 0.5000457; n1: 0.5038954; mu0: -2.6531131032905892; mu1: -2.65
Trying secant step...
After sweep 1 energy=-4.8123593  maxlinkdim=16 maxerr=2.70E-07 time=0.563
After sweep 2 energy=-5.8537083  maxlinkdim=178 maxerr=9.66E-09 time=1.229
After sweep 3 energy=-5.9407234  maxlinkdim=202 maxerr=1.10E-07 time=1.818
After sweep 4 energy=-5.995633  maxlinkdim=229 maxerr=4.69E-08 time=1.863
After sweep 5 energy=-6.031015  maxlinkdim=193 maxerr=1.59E-09 time=1.718
After sweep 6 energy=-6.059796  maxlinkdim=212 maxerr=1.59E-07 time=1.669
After sweep 7 energy=-6.0830493  maxlinkdim=213 maxerr=1.95E-09 time=1.653
After sweep 8 energy=-6.098887  maxlinkdim=188 maxerr=1.37E-07 time=1.618
After sweep 9 energy=-6.11112  maxlinkdim=222 maxerr=8.28E-08 time=1.603
After sweep 10 energy=-6.1221604  maxlinkdim=242 maxerr=1.39E-09 time=1.671
After sweep 11 energy=-6.130012  maxlinkdim=183 maxerr=2.02E-07 time=1.692
After sweep 12 energy=-6.1350207  maxlinkdim=227 maxerr=4.29E-10 time=1.642
After sweep 13 energy=-6.1389775  maxlinkdim=273 maxerr=1.33E-07 time=1.697
After sweep 14 energy=-6.1422453  maxlinkdim=216 maxerr=1.58E-07 time=1.806
After sweep 15 energy=-6.144362  maxlinkdim=206 maxerr=7.75E-10 time=1.839
After sweep 16 energy=-6.1453114  maxlinkdim=195 maxerr=7.89E-08 time=1.875
After sweep 17 energy=-6.1457553  maxlinkdim=221 maxerr=1.22E-09 time=1.882
After sweep 18 energy=-6.1459336  maxlinkdim=200 maxerr=4.63E-08 time=1.902
After sweep 19 energy=-6.1460247  maxlinkdim=235 maxerr=3.08E-08 time=2.027
After sweep 20 energy=-6.1460953  maxlinkdim=221 maxerr=9.13E-10 time=2.085
After sweep 21 energy=-6.1461105  maxlinkdim=220 maxerr=9.98E-11 time=2.151
After sweep 22 energy=-6.1460724  maxlinkdim=221 maxerr=1.71E-07 time=2.259
After sweep 23 energy=-6.146095  maxlinkdim=218 maxerr=1.37E-07 time=2.283
After sweep 24 energy=-6.1460896  maxlinkdim=218 maxerr=9.36E-08 time=2.276
After sweep 25 energy=-6.146068  maxlinkdim=217 maxerr=1.01E-07 time=2.260
After sweep 26 energy=-6.146079  maxlinkdim=216 maxerr=1.64E-07 time=2.290
After sweep 27 energy=-6.146064  maxlinkdim=216 maxerr=1.00E-10 time=2.297
After sweep 28 energy=-6.146101  maxlinkdim=216 maxerr=2.41E-07 time=2.264
After sweep 29 energy=-6.146076  maxlinkdim=218 maxerr=9.71E-10 time=2.289
After sweep 30 energy=-6.1460714  maxlinkdim=216 maxerr=1.97E-09 time=2.287
FOUND MU (secant); mu: -2.6531500728080446  n: 0.5000014
Target density achieved with mu=-2.6531500728080446, n=0.5000014
Checking {alpha,beta} vs measured
Alpha not converged.
NOT CONVERGED; updating alpha, beta and continuing...
After sweep 1 energy=-4.694434  maxlinkdim=16 maxerr=2.90E-07 time=0.559
After sweep 2 energy=-5.7892466  maxlinkdim=176 maxerr=1.72E-08 time=1.226
After sweep 3 energy=-5.872242  maxlinkdim=195 maxerr=2.51E-08 time=2.038
After sweep 4 energy=-5.9200206  maxlinkdim=257 maxerr=6.96E-08 time=2.040
After sweep 5 energy=-5.9488845  maxlinkdim=203 maxerr=1.35E-09 time=1.982
After sweep 6 energy=-5.9710855  maxlinkdim=287 maxerr=3.81E-08 time=1.944
After sweep 7 energy=-5.986272  maxlinkdim=208 maxerr=1.21E-07 time=1.864
After sweep 8 energy=-5.9976354  maxlinkdim=210 maxerr=1.74E-09 time=1.909
After sweep 9 energy=-6.005625  maxlinkdim=252 maxerr=8.25E-08 time=1.875
After sweep 10 energy=-6.0117626  maxlinkdim=210 maxerr=2.59E-09 time=1.930
After sweep 11 energy=-6.01653  maxlinkdim=236 maxerr=4.39E-08 time=1.960
After sweep 12 energy=-6.020103  maxlinkdim=280 maxerr=3.74E-09 time=2.054
After sweep 13 energy=-6.02305  maxlinkdim=290 maxerr=3.27E-08 time=2.047
After sweep 14 energy=-6.0253053  maxlinkdim=231 maxerr=1.49E-07 time=2.104
After sweep 15 energy=-6.0274386  maxlinkdim=250 maxerr=6.16E-08 time=2.236
After sweep 16 energy=-6.0295396  maxlinkdim=252 maxerr=2.85E-10 time=2.499
After sweep 17 energy=-6.0307336  maxlinkdim=286 maxerr=1.21E-07 time=2.628
After sweep 18 energy=-6.031288  maxlinkdim=300 maxerr=2.33E-08 time=2.559
After sweep 19 energy=-6.0317273  maxlinkdim=263 maxerr=8.22E-08 time=2.666
After sweep 20 energy=-6.0320053  maxlinkdim=271 maxerr=2.32E-09 time=2.957
After sweep 21 energy=-6.0322  maxlinkdim=269 maxerr=1.84E-07 time=3.035
After sweep 22 energy=-6.0322976  maxlinkdim=263 maxerr=2.61E-07 time=3.130
After sweep 23 energy=-6.032338  maxlinkdim=281 maxerr=6.56E-10 time=3.291
After sweep 24 energy=-6.0323462  maxlinkdim=282 maxerr=4.05E-10 time=3.595
After sweep 25 energy=-6.0323553  maxlinkdim=300 maxerr=7.14E-08 time=3.915
After sweep 26 energy=-6.0323544  maxlinkdim=300 maxerr=3.95E-08 time=4.366
After sweep 27 energy=-6.0323305  maxlinkdim=300 maxerr=1.72E-07 time=4.743
After sweep 28 energy=-6.032346  maxlinkdim=300 maxerr=4.31E-08 time=4.701
After sweep 29 energy=-6.0323424  maxlinkdim=300 maxerr=8.84E-08 time=4.768
After sweep 30 energy=-6.032302  maxlinkdim=300 maxerr=1.60E-07 time=4.718
Not same mu, searching again
After sweep 1 energy=-4.1962748  maxlinkdim=16 maxerr=2.90E-07 time=0.584
After sweep 2 energy=-5.2904387  maxlinkdim=176 maxerr=1.01E-08 time=1.270
After sweep 3 energy=-5.374578  maxlinkdim=190 maxerr=3.38E-09 time=2.116
After sweep 4 energy=-5.420669  maxlinkdim=204 maxerr=2.20E-09 time=1.988
After sweep 5 energy=-5.4491177  maxlinkdim=191 maxerr=2.05E-08 time=1.947
After sweep 6 energy=-5.470623  maxlinkdim=227 maxerr=2.04E-07 time=1.844
After sweep 7 energy=-5.4867506  maxlinkdim=221 maxerr=2.28E-09 time=1.879
After sweep 8 energy=-5.49786  maxlinkdim=199 maxerr=8.27E-08 time=1.861
After sweep 9 energy=-5.505856  maxlinkdim=270 maxerr=1.58E-09 time=1.873
After sweep 10 energy=-5.512296  maxlinkdim=261 maxerr=3.91E-08 time=1.923
After sweep 11 energy=-5.517132  maxlinkdim=254 maxerr=1.51E-09 time=2.009
After sweep 12 energy=-5.5210004  maxlinkdim=298 maxerr=2.13E-07 time=2.065
After sweep 13 energy=-5.524232  maxlinkdim=234 maxerr=3.40E-08 time=2.072
After sweep 14 energy=-5.5269513  maxlinkdim=260 maxerr=1.30E-07 time=2.100
After sweep 15 energy=-5.529461  maxlinkdim=295 maxerr=2.35E-07 time=2.211
After sweep 16 energy=-5.531758  maxlinkdim=256 maxerr=2.53E-07 time=2.309
After sweep 17 energy=-5.5335317  maxlinkdim=249 maxerr=1.28E-09 time=2.394
After sweep 18 energy=-5.5346227  maxlinkdim=300 maxerr=8.47E-08 time=2.410
After sweep 19 energy=-5.535652  maxlinkdim=266 maxerr=5.67E-08 time=2.503
After sweep 20 energy=-5.5364294  maxlinkdim=253 maxerr=1.11E-10 time=2.696
After sweep 21 energy=-5.5369215  maxlinkdim=254 maxerr=1.71E-09 time=2.662
After sweep 22 energy=-5.53729  maxlinkdim=265 maxerr=1.37E-08 time=2.751
After sweep 23 energy=-5.5375547  maxlinkdim=281 maxerr=1.36E-09 time=2.864
After sweep 24 energy=-5.537776  maxlinkdim=291 maxerr=5.23E-08 time=3.013
After sweep 25 energy=-5.5379357  maxlinkdim=300 maxerr=4.19E-10 time=3.206
After sweep 26 energy=-5.5379853  maxlinkdim=300 maxerr=9.30E-08 time=3.339
After sweep 27 energy=-5.53807  maxlinkdim=300 maxerr=1.24E-07 time=3.421
After sweep 28 energy=-5.538126  maxlinkdim=281 maxerr=3.80E-08 time=3.652
After sweep 29 energy=-5.5380893  maxlinkdim=300 maxerr=9.23E-08 time=3.800
After sweep 30 energy=-5.538145  maxlinkdim=300 maxerr=1.31E-07 time=3.999
n0: 0.4871212; n1: 0.50000507; mu0: -2.6631500728080444; mu1: -2.6531500728080446

Range found between mu0: -2.6631500728080444 (n0: 0.4871212) and mu1: -2.6531500728080446 (n1: 0.50000507); refining...
n0: 0.4871212; n1: 0.50000507; mu0: -2.6631500728080444; mu1: -2.6531500728080446
Trying secant step...
After sweep 1 energy=-4.687152  maxlinkdim=16 maxerr=2.05E-07 time=0.530
After sweep 2 energy=-5.7861085  maxlinkdim=178 maxerr=1.15E-08 time=1.292
After sweep 3 energy=-5.8722763  maxlinkdim=187 maxerr=1.92E-09 time=2.012
After sweep 4 energy=-5.9191027  maxlinkdim=203 maxerr=7.33E-10 time=2.008
After sweep 5 energy=-5.946823  maxlinkdim=181 maxerr=1.34E-07 time=1.917
After sweep 6 energy=-5.9689803  maxlinkdim=223 maxerr=1.22E-09 time=1.860
After sweep 7 energy=-5.986261  maxlinkdim=229 maxerr=1.52E-07 time=1.870
After sweep 8 energy=-5.997707  maxlinkdim=263 maxerr=1.60E-09 time=1.894
After sweep 9 energy=-6.00546  maxlinkdim=191 maxerr=1.32E-07 time=1.877
After sweep 10 energy=-6.011516  maxlinkdim=207 maxerr=2.50E-10 time=1.875
After sweep 11 energy=-6.0161667  maxlinkdim=230 maxerr=9.49E-10 time=1.951
After sweep 12 energy=-6.0196443  maxlinkdim=264 maxerr=3.72E-08 time=1.987
After sweep 13 energy=-6.0233374  maxlinkdim=234 maxerr=5.13E-10 time=2.150
After sweep 14 energy=-6.0257974  maxlinkdim=265 maxerr=2.71E-09 time=2.225
After sweep 15 energy=-6.0274816  maxlinkdim=247 maxerr=1.32E-07 time=2.243
After sweep 16 energy=-6.0291433  maxlinkdim=239 maxerr=7.93E-10 time=2.411
After sweep 17 energy=-6.0301337  maxlinkdim=231 maxerr=5.10E-09 time=2.424
After sweep 18 energy=-6.0308375  maxlinkdim=237 maxerr=6.76E-10 time=2.504
After sweep 19 energy=-6.031381  maxlinkdim=236 maxerr=1.43E-07 time=2.702
After sweep 20 energy=-6.0317855  maxlinkdim=273 maxerr=2.04E-09 time=2.905
After sweep 21 energy=-6.032014  maxlinkdim=293 maxerr=7.16E-10 time=3.049
After sweep 22 energy=-6.032077  maxlinkdim=300 maxerr=3.17E-08 time=3.237
After sweep 23 energy=-6.0321193  maxlinkdim=275 maxerr=2.67E-08 time=3.429
After sweep 24 energy=-6.0321617  maxlinkdim=291 maxerr=2.80E-07 time=3.626
After sweep 25 energy=-6.0321693  maxlinkdim=300 maxerr=6.40E-10 time=3.989
After sweep 26 energy=-6.0321345  maxlinkdim=300 maxerr=3.68E-08 time=4.274
After sweep 27 energy=-6.0321627  maxlinkdim=300 maxerr=1.47E-07 time=4.423
After sweep 28 energy=-6.032146  maxlinkdim=300 maxerr=5.59E-08 time=4.484
After sweep 29 energy=-6.0321293  maxlinkdim=300 maxerr=7.48E-08 time=4.454
After sweep 30 energy=-6.032114  maxlinkdim=300 maxerr=5.61E-08 time=4.433
FOUND MU (secant); mu: -2.653154005162299  n: 0.5000013
Target density achieved with mu=-2.653154005162299, n=0.5000013
Checking {alpha,beta} vs measured
Alpha not converged.
NOT CONVERGED; updating alpha, beta and continuing...
After sweep 1 energy=-4.6872697  maxlinkdim=16 maxerr=2.56E-07 time=0.559
After sweep 2 energy=-5.791208  maxlinkdim=179 maxerr=1.28E-08 time=1.252
After sweep 3 energy=-5.8747087  maxlinkdim=210 maxerr=1.92E-09 time=2.119
After sweep 4 energy=-5.920013  maxlinkdim=221 maxerr=1.66E-09 time=2.059
After sweep 5 energy=-5.9473643  maxlinkdim=192 maxerr=1.29E-09 time=1.970
After sweep 6 energy=-5.969138  maxlinkdim=211 maxerr=1.34E-07 time=1.877
After sweep 7 energy=-5.984076  maxlinkdim=193 maxerr=4.81E-10 time=1.889
After sweep 8 energy=-5.9953218  maxlinkdim=198 maxerr=1.25E-07 time=1.861
After sweep 9 energy=-6.003143  maxlinkdim=275 maxerr=6.01E-08 time=1.830
After sweep 10 energy=-6.010394  maxlinkdim=296 maxerr=1.41E-09 time=2.010
After sweep 11 energy=-6.0148716  maxlinkdim=287 maxerr=1.29E-07 time=2.082
After sweep 12 energy=-6.0181856  maxlinkdim=274 maxerr=2.05E-07 time=2.109
After sweep 13 energy=-6.021353  maxlinkdim=257 maxerr=1.06E-07 time=2.298
After sweep 14 energy=-6.0231442  maxlinkdim=274 maxerr=2.84E-08 time=2.308
After sweep 15 energy=-6.0245543  maxlinkdim=261 maxerr=1.90E-08 time=2.374
After sweep 16 energy=-6.0257163  maxlinkdim=269 maxerr=5.02E-08 time=2.522
After sweep 17 energy=-6.0266128  maxlinkdim=266 maxerr=1.11E-07 time=2.645
After sweep 18 energy=-6.027221  maxlinkdim=300 maxerr=1.48E-09 time=2.764
After sweep 19 energy=-6.027656  maxlinkdim=278 maxerr=4.70E-08 time=2.890
After sweep 20 energy=-6.0279236  maxlinkdim=276 maxerr=5.35E-08 time=3.048
After sweep 21 energy=-6.0280933  maxlinkdim=300 maxerr=9.18E-08 time=3.148
After sweep 22 energy=-6.0281997  maxlinkdim=300 maxerr=3.06E-08 time=3.317
After sweep 23 energy=-6.028258  maxlinkdim=300 maxerr=3.59E-08 time=3.579
After sweep 24 energy=-6.02831  maxlinkdim=300 maxerr=2.79E-08 time=3.821
After sweep 25 energy=-6.0283294  maxlinkdim=300 maxerr=5.43E-08 time=4.131
After sweep 26 energy=-6.0283427  maxlinkdim=300 maxerr=7.43E-08 time=4.376
After sweep 27 energy=-6.028333  maxlinkdim=300 maxerr=2.98E-08 time=4.485
After sweep 28 energy=-6.0283184  maxlinkdim=300 maxerr=1.59E-08 time=4.502
After sweep 29 energy=-6.0283184  maxlinkdim=300 maxerr=1.09E-07 time=4.465
After sweep 30 energy=-6.0283103  maxlinkdim=300 maxerr=8.03E-10 time=4.457
Not same mu, searching again
After sweep 1 energy=-4.184575  maxlinkdim=16 maxerr=4.08E-07 time=0.565
After sweep 2 energy=-5.2943196  maxlinkdim=173 maxerr=1.77E-08 time=1.252
After sweep 3 energy=-5.377904  maxlinkdim=187 maxerr=2.15E-08 time=2.107
After sweep 4 energy=-5.42276  maxlinkdim=221 maxerr=8.82E-08 time=2.040
After sweep 5 energy=-5.4503503  maxlinkdim=203 maxerr=1.68E-07 time=1.994
After sweep 6 energy=-5.471637  maxlinkdim=230 maxerr=1.54E-07 time=1.956
After sweep 7 energy=-5.4872746  maxlinkdim=241 maxerr=2.35E-08 time=1.940
After sweep 8 energy=-5.497819  maxlinkdim=204 maxerr=4.72E-09 time=1.924
After sweep 9 energy=-5.5048094  maxlinkdim=183 maxerr=9.88E-10 time=1.846
After sweep 10 energy=-5.5104437  maxlinkdim=231 maxerr=2.55E-07 time=1.950
After sweep 11 energy=-5.5146737  maxlinkdim=227 maxerr=6.75E-10 time=1.993
After sweep 12 energy=-5.517944  maxlinkdim=225 maxerr=3.21E-10 time=2.000
After sweep 13 energy=-5.5209045  maxlinkdim=239 maxerr=1.14E-09 time=2.075
After sweep 14 energy=-5.5238457  maxlinkdim=234 maxerr=3.70E-07 time=2.250
After sweep 15 energy=-5.5255814  maxlinkdim=219 maxerr=1.54E-07 time=2.248
After sweep 16 energy=-5.527034  maxlinkdim=223 maxerr=6.45E-08 time=2.338
After sweep 17 energy=-5.528146  maxlinkdim=225 maxerr=1.42E-09 time=2.414
After sweep 18 energy=-5.5291314  maxlinkdim=230 maxerr=5.46E-08 time=2.462
After sweep 19 energy=-5.530236  maxlinkdim=242 maxerr=1.64E-08 time=2.716
After sweep 20 energy=-5.530847  maxlinkdim=227 maxerr=2.07E-09 time=2.770
After sweep 21 energy=-5.531376  maxlinkdim=272 maxerr=1.61E-09 time=2.771
After sweep 22 energy=-5.531839  maxlinkdim=258 maxerr=8.07E-10 time=2.952
After sweep 23 energy=-5.5321755  maxlinkdim=252 maxerr=6.15E-08 time=2.940
After sweep 24 energy=-5.5324736  maxlinkdim=284 maxerr=5.60E-08 time=3.097
After sweep 25 energy=-5.5327635  maxlinkdim=288 maxerr=2.22E-07 time=3.272
After sweep 26 energy=-5.532939  maxlinkdim=300 maxerr=1.79E-07 time=3.443
After sweep 27 energy=-5.533105  maxlinkdim=278 maxerr=9.26E-08 time=3.383
After sweep 28 energy=-5.5331993  maxlinkdim=300 maxerr=1.35E-07 time=3.480
After sweep 29 energy=-5.533312  maxlinkdim=300 maxerr=1.23E-09 time=3.668
After sweep 30 energy=-5.533364  maxlinkdim=300 maxerr=6.54E-10 time=3.853
n0: 0.4877826; n1: 0.5000205; mu0: -2.6631540051622986; mu1: -2.653154005162299

Range found between mu0: -2.6631540051622986 (n0: 0.4877826) and mu1: -2.653154005162299 (n1: 0.5000205); refining...
n0: 0.4877826; n1: 0.5000205; mu0: -2.6631540051622986; mu1: -2.653154005162299
Trying secant step...
After sweep 1 energy=-4.684723  maxlinkdim=16 maxerr=3.95E-07 time=0.566
After sweep 2 energy=-5.781925  maxlinkdim=182 maxerr=1.35E-08 time=1.301
After sweep 3 energy=-5.868656  maxlinkdim=191 maxerr=1.49E-07 time=2.026
After sweep 4 energy=-5.918055  maxlinkdim=214 maxerr=2.26E-09 time=2.036
After sweep 5 energy=-5.9463654  maxlinkdim=181 maxerr=1.32E-07 time=1.981
After sweep 6 energy=-5.9688478  maxlinkdim=231 maxerr=1.00E-10 time=1.889
After sweep 7 energy=-5.9837227  maxlinkdim=257 maxerr=1.14E-09 time=1.889
After sweep 8 energy=-5.9941688  maxlinkdim=249 maxerr=1.26E-09 time=1.858
After sweep 9 energy=-6.002053  maxlinkdim=261 maxerr=1.41E-07 time=1.860
After sweep 10 energy=-6.008139  maxlinkdim=268 maxerr=5.08E-10 time=1.955
After sweep 11 energy=-6.0127587  maxlinkdim=214 maxerr=2.13E-08 time=1.995
After sweep 12 energy=-6.0162487  maxlinkdim=251 maxerr=1.82E-07 time=2.085
After sweep 13 energy=-6.019039  maxlinkdim=300 maxerr=2.02E-07 time=2.157
After sweep 14 energy=-6.0217667  maxlinkdim=261 maxerr=2.25E-09 time=2.402
After sweep 15 energy=-6.0233665  maxlinkdim=282 maxerr=6.09E-10 time=2.437
After sweep 16 energy=-6.0246477  maxlinkdim=256 maxerr=1.06E-07 time=2.530
After sweep 17 energy=-6.025549  maxlinkdim=245 maxerr=9.72E-10 time=2.609
After sweep 18 energy=-6.026192  maxlinkdim=246 maxerr=2.10E-07 time=2.686
After sweep 19 energy=-6.0266194  maxlinkdim=257 maxerr=9.17E-08 time=2.761
After sweep 20 energy=-6.026964  maxlinkdim=259 maxerr=1.05E-09 time=2.921
After sweep 21 energy=-6.0272217  maxlinkdim=280 maxerr=1.11E-07 time=3.090
After sweep 22 energy=-6.027382  maxlinkdim=300 maxerr=6.21E-08 time=3.412
After sweep 23 energy=-6.0274305  maxlinkdim=300 maxerr=1.55E-07 time=3.583
After sweep 24 energy=-6.02746  maxlinkdim=300 maxerr=9.62E-08 time=3.772
After sweep 25 energy=-6.027503  maxlinkdim=300 maxerr=1.20E-09 time=4.062
After sweep 26 energy=-6.027486  maxlinkdim=300 maxerr=6.59E-10 time=4.370
After sweep 27 energy=-6.0275087  maxlinkdim=300 maxerr=1.04E-07 time=4.481
After sweep 28 energy=-6.027485  maxlinkdim=300 maxerr=3.70E-07 time=4.503
After sweep 29 energy=-6.027457  maxlinkdim=300 maxerr=3.03E-09 time=4.494
After sweep 30 energy=-6.0274596  maxlinkdim=300 maxerr=2.25E-09 time=4.480
n0: 0.50001305; n1: 0.5000205; mu0: -2.6531707596601994; mu1: -2.653154005162299
Trying secant step...
After sweep 1 energy=-4.6829524  maxlinkdim=16 maxerr=2.68E-07 time=0.588
After sweep 2 energy=-5.7883396  maxlinkdim=180 maxerr=2.86E-07 time=1.238
After sweep 3 energy=-5.871745  maxlinkdim=191 maxerr=1.34E-09 time=2.132
After sweep 4 energy=-5.917331  maxlinkdim=219 maxerr=2.30E-09 time=2.090
After sweep 5 energy=-5.9449153  maxlinkdim=181 maxerr=1.25E-07 time=1.981
After sweep 6 energy=-5.968174  maxlinkdim=244 maxerr=9.28E-10 time=1.993
After sweep 7 energy=-5.9831724  maxlinkdim=225 maxerr=1.63E-08 time=1.966
After sweep 8 energy=-5.993623  maxlinkdim=280 maxerr=2.06E-09 time=1.920
After sweep 9 energy=-6.0013824  maxlinkdim=262 maxerr=1.29E-09 time=2.005
After sweep 10 energy=-6.006667  maxlinkdim=205 maxerr=2.59E-08 time=1.993
After sweep 11 energy=-6.0110335  maxlinkdim=265 maxerr=1.17E-09 time=2.095
After sweep 12 energy=-6.014519  maxlinkdim=300 maxerr=1.21E-07 time=2.197
After sweep 13 energy=-6.017317  maxlinkdim=247 maxerr=1.96E-08 time=2.240
After sweep 14 energy=-6.019366  maxlinkdim=240 maxerr=5.16E-08 time=2.228
After sweep 15 energy=-6.0210133  maxlinkdim=238 maxerr=5.33E-08 time=2.295
After sweep 16 energy=-6.0226784  maxlinkdim=249 maxerr=1.25E-09 time=2.507
After sweep 17 energy=-6.0239925  maxlinkdim=292 maxerr=1.53E-08 time=2.720
After sweep 18 energy=-6.0246944  maxlinkdim=247 maxerr=1.93E-09 time=2.749
After sweep 19 energy=-6.0251083  maxlinkdim=246 maxerr=9.30E-10 time=2.779
After sweep 20 energy=-6.025431  maxlinkdim=264 maxerr=1.43E-09 time=2.868
After sweep 21 energy=-6.025659  maxlinkdim=296 maxerr=8.63E-10 time=3.052
After sweep 22 energy=-6.0258455  maxlinkdim=271 maxerr=7.13E-08 time=3.256
After sweep 23 energy=-6.025916  maxlinkdim=300 maxerr=4.55E-10 time=3.388
After sweep 24 energy=-6.0259647  maxlinkdim=300 maxerr=1.94E-08 time=3.707
After sweep 25 energy=-6.026009  maxlinkdim=300 maxerr=3.33E-08 time=3.989
After sweep 26 energy=-6.0260525  maxlinkdim=300 maxerr=2.88E-08 time=4.223
After sweep 27 energy=-6.0260143  maxlinkdim=300 maxerr=1.22E-09 time=4.430
After sweep 28 energy=-6.0260015  maxlinkdim=300 maxerr=1.12E-07 time=4.514
After sweep 29 energy=-6.025981  maxlinkdim=300 maxerr=4.35E-10 time=4.531
After sweep 30 energy=-6.026011  maxlinkdim=300 maxerr=3.58E-08 time=4.517
FOUND MU (secant); mu: -2.6532001135405214  n: 0.49999946
Target density achieved with mu=-2.6532001135405214, n=0.49999946
Checking {alpha,beta} vs measured
Alpha not converged.
NOT CONVERGED; updating alpha, beta and continuing...
After sweep 1 energy=-4.6825404  maxlinkdim=16 maxerr=4.45E-07 time=0.584
After sweep 2 energy=-5.7843943  maxlinkdim=177 maxerr=1.51E-08 time=1.246
After sweep 3 energy=-5.869776  maxlinkdim=192 maxerr=6.93E-08 time=2.087
After sweep 4 energy=-5.915436  maxlinkdim=206 maxerr=9.71E-10 time=2.070
After sweep 5 energy=-5.943572  maxlinkdim=200 maxerr=8.80E-08 time=1.948
After sweep 6 energy=-5.96548  maxlinkdim=222 maxerr=1.60E-09 time=1.940
After sweep 7 energy=-5.9821763  maxlinkdim=203 maxerr=2.51E-07 time=1.975
After sweep 8 energy=-5.993085  maxlinkdim=221 maxerr=1.91E-09 time=1.985
After sweep 9 energy=-6.0004435  maxlinkdim=201 maxerr=1.69E-08 time=1.954
After sweep 10 energy=-6.00604  maxlinkdim=192 maxerr=1.13E-09 time=1.944
After sweep 11 energy=-6.010583  maxlinkdim=263 maxerr=3.41E-08 time=2.078
After sweep 12 energy=-6.013898  maxlinkdim=286 maxerr=4.03E-08 time=2.536
After sweep 13 energy=-6.01686  maxlinkdim=236 maxerr=3.47E-08 time=2.157
After sweep 14 energy=-6.0194106  maxlinkdim=270 maxerr=1.35E-09 time=2.368
After sweep 15 energy=-6.020881  maxlinkdim=229 maxerr=7.04E-10 time=2.374
After sweep 16 energy=-6.022055  maxlinkdim=300 maxerr=1.02E-07 time=2.457
After sweep 17 energy=-6.022943  maxlinkdim=246 maxerr=1.53E-07 time=2.607
After sweep 18 energy=-6.023597  maxlinkdim=240 maxerr=1.25E-07 time=2.726
After sweep 19 energy=-6.024145  maxlinkdim=283 maxerr=6.62E-08 time=2.932
After sweep 20 energy=-6.0244627  maxlinkdim=286 maxerr=1.32E-09 time=2.970
After sweep 21 energy=-6.0246687  maxlinkdim=299 maxerr=6.75E-09 time=3.195
After sweep 22 energy=-6.0248127  maxlinkdim=300 maxerr=2.26E-10 time=3.463
After sweep 23 energy=-6.0248785  maxlinkdim=294 maxerr=9.42E-10 time=3.590
After sweep 24 energy=-6.0249825  maxlinkdim=300 maxerr=1.45E-09 time=3.835
After sweep 25 energy=-6.024981  maxlinkdim=300 maxerr=7.19E-10 time=4.124
After sweep 26 energy=-6.024986  maxlinkdim=300 maxerr=7.96E-10 time=4.327
After sweep 27 energy=-6.0249796  maxlinkdim=300 maxerr=2.41E-07 time=4.489
After sweep 28 energy=-6.024976  maxlinkdim=300 maxerr=3.17E-08 time=4.508
After sweep 29 energy=-6.024971  maxlinkdim=300 maxerr=7.13E-08 time=4.488
After sweep 30 energy=-6.024965  maxlinkdim=300 maxerr=1.60E-08 time=4.472
Same mu: -2.6532001135405214 and continuing
Target density achieved with mu=-2.6532001135405214, n=0.5000007
Checking {alpha,beta} vs measured
Alpha not converged.
NOT CONVERGED; updating alpha, beta and continuing...
After sweep 1 energy=-4.68954  maxlinkdim=16 maxerr=2.49E-07 time=0.555
After sweep 2 energy=-5.793221  maxlinkdim=182 maxerr=2.33E-08 time=1.254
After sweep 3 energy=-5.8770676  maxlinkdim=199 maxerr=2.01E-07 time=2.165
After sweep 4 energy=-5.9217696  maxlinkdim=211 maxerr=6.96E-08 time=2.096
After sweep 5 energy=-5.9491677  maxlinkdim=211 maxerr=7.80E-08 time=2.010
After sweep 6 energy=-5.969666  maxlinkdim=207 maxerr=1.09E-09 time=1.899
After sweep 7 energy=-5.9830985  maxlinkdim=167 maxerr=1.56E-07 time=1.785
After sweep 8 energy=-5.9935265  maxlinkdim=209 maxerr=1.20E-09 time=1.795
After sweep 9 energy=-6.001074  maxlinkdim=188 maxerr=4.44E-10 time=1.838
After sweep 10 energy=-6.007614  maxlinkdim=219 maxerr=1.31E-07 time=1.951
After sweep 11 energy=-6.01151  maxlinkdim=226 maxerr=1.66E-07 time=2.010
After sweep 12 energy=-6.0147047  maxlinkdim=219 maxerr=1.03E-09 time=2.050
After sweep 13 energy=-6.0179753  maxlinkdim=235 maxerr=9.46E-08 time=2.177
After sweep 14 energy=-6.0198655  maxlinkdim=203 maxerr=3.84E-08 time=2.241
After sweep 15 energy=-6.0211864  maxlinkdim=217 maxerr=5.10E-08 time=2.301
After sweep 16 energy=-6.022191  maxlinkdim=213 maxerr=1.04E-08 time=2.423
After sweep 17 energy=-6.0228534  maxlinkdim=223 maxerr=5.98E-09 time=2.461
After sweep 18 energy=-6.0233216  maxlinkdim=229 maxerr=1.06E-09 time=2.614
After sweep 19 energy=-6.023688  maxlinkdim=247 maxerr=3.52E-07 time=2.745
After sweep 20 energy=-6.023986  maxlinkdim=249 maxerr=1.52E-07 time=2.867
After sweep 21 energy=-6.0242076  maxlinkdim=283 maxerr=2.62E-08 time=3.131
After sweep 22 energy=-6.024371  maxlinkdim=300 maxerr=1.26E-07 time=3.458
After sweep 23 energy=-6.0244393  maxlinkdim=300 maxerr=4.91E-10 time=3.649
After sweep 24 energy=-6.0244694  maxlinkdim=300 maxerr=1.29E-07 time=3.817
After sweep 25 energy=-6.024497  maxlinkdim=300 maxerr=1.25E-07 time=4.090
After sweep 26 energy=-6.024497  maxlinkdim=300 maxerr=3.52E-10 time=4.273
After sweep 27 energy=-6.0244865  maxlinkdim=300 maxerr=5.81E-10 time=4.482
After sweep 28 energy=-6.024485  maxlinkdim=300 maxerr=6.29E-10 time=4.547
After sweep 29 energy=-6.024499  maxlinkdim=300 maxerr=2.39E-07 time=4.491
After sweep 30 energy=-6.024519  maxlinkdim=300 maxerr=1.57E-07 time=4.465
Same mu: -2.6532001135405214 and continuing
Target density achieved with mu=-2.6532001135405214, n=0.5000015
Checking {alpha,beta} vs measured
Alpha not converged.
NOT CONVERGED; updating alpha, beta and continuing...
After sweep 1 energy=-4.686586  maxlinkdim=16 maxerr=2.67E-07 time=0.568
After sweep 2 energy=-5.782971  maxlinkdim=187 maxerr=5.78E-08 time=1.271
After sweep 3 energy=-5.867368  maxlinkdim=192 maxerr=1.20E-07 time=1.950
After sweep 4 energy=-5.9156976  maxlinkdim=218 maxerr=1.31E-09 time=1.950
After sweep 5 energy=-5.944224  maxlinkdim=187 maxerr=3.40E-10 time=1.895
After sweep 6 energy=-5.9659224  maxlinkdim=239 maxerr=2.27E-09 time=1.832
After sweep 7 energy=-5.981324  maxlinkdim=185 maxerr=5.72E-10 time=1.846
After sweep 8 energy=-5.991751  maxlinkdim=220 maxerr=4.17E-07 time=1.736
After sweep 9 energy=-5.9990296  maxlinkdim=164 maxerr=6.48E-10 time=1.706
After sweep 10 energy=-6.004892  maxlinkdim=186 maxerr=1.70E-07 time=1.711
After sweep 11 energy=-6.009303  maxlinkdim=198 maxerr=3.99E-10 time=1.764
After sweep 12 energy=-6.012616  maxlinkdim=213 maxerr=1.16E-07 time=1.814
After sweep 13 energy=-6.015311  maxlinkdim=235 maxerr=1.44E-08 time=1.894
After sweep 14 energy=-6.0174055  maxlinkdim=239 maxerr=1.00E-10 time=1.962
After sweep 15 energy=-6.0191965  maxlinkdim=225 maxerr=5.73E-10 time=2.086
After sweep 16 energy=-6.020576  maxlinkdim=239 maxerr=3.33E-08 time=2.181
After sweep 17 energy=-6.0215216  maxlinkdim=237 maxerr=2.96E-10 time=2.244
After sweep 18 energy=-6.0222425  maxlinkdim=241 maxerr=4.45E-10 time=2.338
After sweep 19 energy=-6.022822  maxlinkdim=258 maxerr=6.05E-08 time=2.473
After sweep 20 energy=-6.0233335  maxlinkdim=281 maxerr=4.64E-10 time=2.686
After sweep 21 energy=-6.023702  maxlinkdim=281 maxerr=1.79E-10 time=2.921
After sweep 22 energy=-6.023941  maxlinkdim=300 maxerr=8.09E-10 time=3.167
After sweep 23 energy=-6.0241213  maxlinkdim=300 maxerr=7.54E-08 time=3.409
After sweep 24 energy=-6.0241976  maxlinkdim=300 maxerr=5.67E-09 time=3.505
After sweep 25 energy=-6.024228  maxlinkdim=300 maxerr=2.01E-08 time=3.733
After sweep 26 energy=-6.0242286  maxlinkdim=300 maxerr=9.70E-08 time=3.927
After sweep 27 energy=-6.024252  maxlinkdim=300 maxerr=7.81E-10 time=4.181
After sweep 28 energy=-6.0242643  maxlinkdim=300 maxerr=1.05E-07 time=4.300
After sweep 29 energy=-6.0242205  maxlinkdim=300 maxerr=1.29E-07 time=4.311
After sweep 30 energy=-6.024213  maxlinkdim=300 maxerr=2.23E-07 time=4.289
Same mu: -2.6532001135405214 and continuing
Target density achieved with mu=-2.6532001135405214, n=0.49999905
Checking {alpha,beta} vs measured
Alpha not converged.
NOT CONVERGED; updating alpha, beta and continuing...
After sweep 1 energy=-4.6834517  maxlinkdim=16 maxerr=2.55E-07 time=0.562
After sweep 2 energy=-5.7949314  maxlinkdim=183 maxerr=5.39E-08 time=1.266
After sweep 3 energy=-5.8782487  maxlinkdim=197 maxerr=1.20E-07 time=2.054
After sweep 4 energy=-5.9227166  maxlinkdim=219 maxerr=2.41E-07 time=1.996
After sweep 5 energy=-5.9496984  maxlinkdim=235 maxerr=1.84E-09 time=1.932
After sweep 6 energy=-5.9696097  maxlinkdim=225 maxerr=3.69E-10 time=1.833
After sweep 7 energy=-5.986412  maxlinkdim=206 maxerr=2.35E-07 time=1.880
After sweep 8 energy=-5.9962053  maxlinkdim=236 maxerr=9.81E-10 time=1.834
After sweep 9 energy=-6.002983  maxlinkdim=206 maxerr=2.60E-09 time=1.825
After sweep 10 energy=-6.0082436  maxlinkdim=191 maxerr=2.11E-07 time=1.904
After sweep 11 energy=-6.0120463  maxlinkdim=280 maxerr=7.46E-10 time=1.968
After sweep 12 energy=-6.014932  maxlinkdim=282 maxerr=5.94E-08 time=2.023
After sweep 13 energy=-6.017108  maxlinkdim=234 maxerr=3.75E-10 time=2.095
After sweep 14 energy=-6.018733  maxlinkdim=277 maxerr=5.34E-08 time=2.123
After sweep 15 energy=-6.0203857  maxlinkdim=279 maxerr=1.96E-07 time=2.337
After sweep 16 energy=-6.0218196  maxlinkdim=239 maxerr=1.72E-07 time=2.598
After sweep 17 energy=-6.022552  maxlinkdim=247 maxerr=1.02E-08 time=2.604
After sweep 18 energy=-6.023036  maxlinkdim=253 maxerr=3.17E-09 time=2.648
After sweep 19 energy=-6.023405  maxlinkdim=270 maxerr=1.10E-07 time=2.742
After sweep 20 energy=-6.023633  maxlinkdim=300 maxerr=2.41E-08 time=2.895
After sweep 21 energy=-6.023843  maxlinkdim=284 maxerr=1.31E-07 time=2.988
After sweep 22 energy=-6.0239396  maxlinkdim=290 maxerr=1.94E-07 time=3.204
After sweep 23 energy=-6.0240192  maxlinkdim=300 maxerr=2.83E-08 time=3.413
After sweep 24 energy=-6.0240755  maxlinkdim=300 maxerr=8.87E-08 time=3.688
After sweep 25 energy=-6.0240936  maxlinkdim=300 maxerr=1.20E-07 time=3.897
After sweep 26 energy=-6.024104  maxlinkdim=300 maxerr=1.39E-09 time=4.057
After sweep 27 energy=-6.0240655  maxlinkdim=300 maxerr=1.13E-09 time=4.141
After sweep 28 energy=-6.0240817  maxlinkdim=300 maxerr=1.44E-08 time=4.144
After sweep 29 energy=-6.0240836  maxlinkdim=300 maxerr=6.36E-08 time=4.169
After sweep 30 energy=-6.0240536  maxlinkdim=300 maxerr=2.64E-08 time=4.212
Same mu: -2.6532001135405214 and continuing
Target density achieved with mu=-2.6532001135405214, n=0.49999905
Checking {alpha,beta} vs measured
Alpha not converged.
NOT CONVERGED; updating alpha, beta and continuing...
After sweep 1 energy=-4.6825223  maxlinkdim=16 maxerr=2.84E-07 time=0.565
After sweep 2 energy=-5.7765985  maxlinkdim=174 maxerr=1.07E-08 time=1.245
After sweep 3 energy=-5.8636894  maxlinkdim=185 maxerr=2.43E-09 time=1.935
After sweep 4 energy=-5.9138303  maxlinkdim=225 maxerr=5.82E-08 time=1.982
After sweep 5 energy=-5.943564  maxlinkdim=196 maxerr=2.30E-10 time=1.919
After sweep 6 energy=-5.966015  maxlinkdim=229 maxerr=3.37E-08 time=1.924
After sweep 7 energy=-5.981012  maxlinkdim=216 maxerr=1.19E-07 time=1.854
After sweep 8 energy=-5.992074  maxlinkdim=263 maxerr=5.22E-08 time=1.883
After sweep 9 energy=-5.999806  maxlinkdim=259 maxerr=2.69E-09 time=1.904
After sweep 10 energy=-6.0053887  maxlinkdim=287 maxerr=7.51E-10 time=1.884
After sweep 11 energy=-6.009668  maxlinkdim=196 maxerr=5.27E-08 time=1.940
After sweep 12 energy=-6.012853  maxlinkdim=214 maxerr=1.46E-07 time=1.985
After sweep 13 energy=-6.015756  maxlinkdim=226 maxerr=1.57E-09 time=2.144
After sweep 14 energy=-6.018487  maxlinkdim=220 maxerr=3.42E-10 time=2.349
After sweep 15 energy=-6.019922  maxlinkdim=210 maxerr=4.42E-08 time=2.294
After sweep 16 energy=-6.021045  maxlinkdim=222 maxerr=4.16E-08 time=2.356
After sweep 17 energy=-6.02179  maxlinkdim=234 maxerr=7.81E-10 time=2.410
After sweep 18 energy=-6.0225034  maxlinkdim=268 maxerr=1.02E-07 time=2.606
After sweep 19 energy=-6.022973  maxlinkdim=262 maxerr=3.40E-07 time=2.725
After sweep 20 energy=-6.0233674  maxlinkdim=300 maxerr=1.07E-09 time=2.927
After sweep 21 energy=-6.0236697  maxlinkdim=295 maxerr=1.48E-07 time=3.190
After sweep 22 energy=-6.023836  maxlinkdim=300 maxerr=6.90E-08 time=3.365
After sweep 23 energy=-6.0239224  maxlinkdim=300 maxerr=9.42E-08 time=3.507
After sweep 24 energy=-6.0239625  maxlinkdim=300 maxerr=1.09E-07 time=3.701
After sweep 25 energy=-6.0239897  maxlinkdim=300 maxerr=1.30E-09 time=3.925
After sweep 26 energy=-6.0239706  maxlinkdim=300 maxerr=1.82E-07 time=4.130
After sweep 27 energy=-6.023952  maxlinkdim=300 maxerr=1.69E-07 time=4.236
After sweep 28 energy=-6.023983  maxlinkdim=300 maxerr=2.07E-07 time=4.264
After sweep 29 energy=-6.0239706  maxlinkdim=300 maxerr=2.98E-08 time=4.235
After sweep 30 energy=-6.023958  maxlinkdim=300 maxerr=2.19E-08 time=4.230
Same mu: -2.6532001135405214 and continuing
Target density achieved with mu=-2.6532001135405214, n=0.49999902
Checking {alpha,beta} vs measured
Alpha not converged.
NOT CONVERGED; updating alpha, beta and continuing...
After sweep 1 energy=-4.6797466  maxlinkdim=16 maxerr=3.12E-07 time=0.586
After sweep 2 energy=-5.7916207  maxlinkdim=178 maxerr=1.36E-07 time=1.248
After sweep 3 energy=-5.875253  maxlinkdim=195 maxerr=8.21E-08 time=2.104
After sweep 4 energy=-5.921959  maxlinkdim=226 maxerr=1.15E-07 time=2.109
After sweep 5 energy=-5.94871  maxlinkdim=211 maxerr=1.09E-07 time=2.032
After sweep 6 energy=-5.968865  maxlinkdim=221 maxerr=4.95E-08 time=1.887
After sweep 7 energy=-5.9840837  maxlinkdim=221 maxerr=2.55E-09 time=1.884
After sweep 8 energy=-5.9942217  maxlinkdim=199 maxerr=7.28E-08 time=1.884
After sweep 9 energy=-6.0015173  maxlinkdim=255 maxerr=4.20E-08 time=1.878
After sweep 10 energy=-6.0073028  maxlinkdim=202 maxerr=1.26E-09 time=1.972
After sweep 11 energy=-6.011496  maxlinkdim=277 maxerr=9.08E-08 time=2.075
After sweep 12 energy=-6.0147567  maxlinkdim=227 maxerr=2.27E-09 time=2.132
After sweep 13 energy=-6.018055  maxlinkdim=270 maxerr=6.95E-08 time=2.351
After sweep 14 energy=-6.019659  maxlinkdim=256 maxerr=3.19E-08 time=2.351
After sweep 15 energy=-6.0207973  maxlinkdim=224 maxerr=1.98E-07 time=2.387
After sweep 16 energy=-6.0216513  maxlinkdim=281 maxerr=2.63E-07 time=2.847
After sweep 17 energy=-6.022455  maxlinkdim=263 maxerr=1.29E-08 time=2.626
After sweep 18 energy=-6.0230017  maxlinkdim=248 maxerr=1.04E-07 time=2.733
After sweep 19 energy=-6.0233135  maxlinkdim=293 maxerr=1.27E-08 time=2.774
After sweep 20 energy=-6.023525  maxlinkdim=276 maxerr=1.21E-07 time=2.899
After sweep 21 energy=-6.0237083  maxlinkdim=300 maxerr=4.16E-08 time=3.109
After sweep 22 energy=-6.0238323  maxlinkdim=300 maxerr=1.74E-09 time=3.394
After sweep 23 energy=-6.023889  maxlinkdim=300 maxerr=7.50E-08 time=3.583
After sweep 24 energy=-6.023903  maxlinkdim=300 maxerr=8.91E-08 time=3.838
After sweep 25 energy=-6.023943  maxlinkdim=300 maxerr=1.71E-07 time=4.024
After sweep 26 energy=-6.0239162  maxlinkdim=300 maxerr=8.99E-10 time=4.155
After sweep 27 energy=-6.023912  maxlinkdim=300 maxerr=7.20E-10 time=4.192
After sweep 28 energy=-6.023896  maxlinkdim=300 maxerr=4.76E-10 time=4.178
After sweep 29 energy=-6.023875  maxlinkdim=300 maxerr=1.08E-07 time=4.165
After sweep 30 energy=-6.0238857  maxlinkdim=300 maxerr=8.48E-10 time=4.151
Same mu: -2.6532001135405214 and continuing
Target density achieved with mu=-2.6532001135405214, n=0.49999714
Checking {alpha,beta} vs measured
Alpha not converged.
NOT CONVERGED; updating alpha, beta and continuing...
After sweep 1 energy=-4.681707  maxlinkdim=16 maxerr=3.85E-07 time=0.573
After sweep 2 energy=-5.7886133  maxlinkdim=182 maxerr=1.63E-08 time=1.262
After sweep 3 energy=-5.8722677  maxlinkdim=188 maxerr=1.58E-09 time=2.021
After sweep 4 energy=-5.917955  maxlinkdim=225 maxerr=9.72E-08 time=1.983
After sweep 5 energy=-5.9448266  maxlinkdim=189 maxerr=8.38E-08 time=1.870
After sweep 6 energy=-5.9657726  maxlinkdim=221 maxerr=1.33E-09 time=1.786
After sweep 7 energy=-5.9836035  maxlinkdim=197 maxerr=9.36E-08 time=1.826
After sweep 8 energy=-5.9941287  maxlinkdim=203 maxerr=3.62E-08 time=1.824
After sweep 9 energy=-6.001855  maxlinkdim=224 maxerr=5.54E-08 time=1.857
After sweep 10 energy=-6.0086174  maxlinkdim=214 maxerr=5.45E-10 time=1.992
After sweep 11 energy=-6.0123944  maxlinkdim=260 maxerr=4.54E-09 time=1.968
After sweep 12 energy=-6.0151896  maxlinkdim=240 maxerr=8.26E-10 time=2.000
After sweep 13 energy=-6.017827  maxlinkdim=228 maxerr=2.21E-07 time=2.185
After sweep 14 energy=-6.0193167  maxlinkdim=253 maxerr=1.55E-09 time=2.135
After sweep 15 energy=-6.0205727  maxlinkdim=263 maxerr=1.54E-07 time=2.288
After sweep 16 energy=-6.0215545  maxlinkdim=288 maxerr=2.58E-07 time=2.443
After sweep 17 energy=-6.0222588  maxlinkdim=246 maxerr=6.04E-08 time=2.547
After sweep 18 energy=-6.022706  maxlinkdim=264 maxerr=5.70E-08 time=2.597
After sweep 19 energy=-6.0230875  maxlinkdim=283 maxerr=2.41E-07 time=2.750
After sweep 20 energy=-6.0233774  maxlinkdim=300 maxerr=8.78E-10 time=2.875
After sweep 21 energy=-6.023553  maxlinkdim=286 maxerr=1.94E-08 time=3.058
After sweep 22 energy=-6.023715  maxlinkdim=300 maxerr=7.79E-10 time=3.249
After sweep 23 energy=-6.023841  maxlinkdim=300 maxerr=5.68E-10 time=3.530
After sweep 24 energy=-6.023856  maxlinkdim=300 maxerr=5.03E-08 time=3.722
After sweep 25 energy=-6.0238857  maxlinkdim=300 maxerr=1.47E-07 time=3.870
After sweep 26 energy=-6.023872  maxlinkdim=300 maxerr=1.64E-07 time=4.071
After sweep 27 energy=-6.0238867  maxlinkdim=300 maxerr=2.36E-08 time=4.165
After sweep 28 energy=-6.0238533  maxlinkdim=300 maxerr=4.46E-08 time=4.186
After sweep 29 energy=-6.0238705  maxlinkdim=300 maxerr=1.28E-07 time=4.172
After sweep 30 energy=-6.0238695  maxlinkdim=300 maxerr=3.15E-07 time=4.154
Same mu: -2.6532001135405214 and continuing
Target density achieved with mu=-2.6532001135405214, n=0.49999854
Checking {alpha,beta} vs measured
Alpha not converged.
NOT CONVERGED; updating alpha, beta and continuing...
After sweep 1 energy=-4.684895  maxlinkdim=16 maxerr=3.07E-07 time=0.555
After sweep 2 energy=-5.784871  maxlinkdim=177 maxerr=9.29E-08 time=1.236
After sweep 3 energy=-5.868759  maxlinkdim=193 maxerr=1.23E-07 time=1.997
After sweep 4 energy=-5.915658  maxlinkdim=205 maxerr=1.81E-07 time=1.948
After sweep 5 energy=-5.9435797  maxlinkdim=188 maxerr=6.10E-09 time=1.846
After sweep 6 energy=-5.965929  maxlinkdim=216 maxerr=2.06E-09 time=1.755
After sweep 7 energy=-5.983566  maxlinkdim=229 maxerr=3.43E-09 time=1.847
After sweep 8 energy=-5.9943013  maxlinkdim=227 maxerr=2.32E-09 time=1.843
After sweep 9 energy=-6.002036  maxlinkdim=240 maxerr=5.20E-08 time=1.841
After sweep 10 energy=-6.0074196  maxlinkdim=190 maxerr=1.18E-07 time=1.905
After sweep 11 energy=-6.0112786  maxlinkdim=250 maxerr=1.47E-07 time=1.930
After sweep 12 energy=-6.014529  maxlinkdim=285 maxerr=3.55E-10 time=1.984
After sweep 13 energy=-6.0174704  maxlinkdim=269 maxerr=9.93E-10 time=2.177
After sweep 14 energy=-6.019164  maxlinkdim=252 maxerr=6.17E-10 time=2.187
After sweep 15 energy=-6.020459  maxlinkdim=241 maxerr=9.99E-11 time=2.293
After sweep 16 energy=-6.02155  maxlinkdim=281 maxerr=5.89E-08 time=2.408
After sweep 17 energy=-6.022195  maxlinkdim=234 maxerr=5.63E-10 time=2.484
After sweep 18 energy=-6.0226593  maxlinkdim=243 maxerr=7.52E-10 time=2.533
After sweep 19 energy=-6.023042  maxlinkdim=266 maxerr=1.15E-07 time=2.665
After sweep 20 energy=-6.0233765  maxlinkdim=284 maxerr=1.00E-10 time=2.915
After sweep 21 energy=-6.023603  maxlinkdim=283 maxerr=5.69E-10 time=3.132
After sweep 22 energy=-6.0237455  maxlinkdim=300 maxerr=2.25E-07 time=3.376
After sweep 23 energy=-6.0238094  maxlinkdim=300 maxerr=1.34E-07 time=3.616
After sweep 24 energy=-6.023844  maxlinkdim=300 maxerr=4.46E-10 time=3.753
After sweep 25 energy=-6.0238523  maxlinkdim=300 maxerr=1.03E-07 time=3.938
After sweep 26 energy=-6.023861  maxlinkdim=300 maxerr=7.46E-10 time=4.129
After sweep 27 energy=-6.0238504  maxlinkdim=300 maxerr=1.52E-07 time=4.195
After sweep 28 energy=-6.023835  maxlinkdim=300 maxerr=1.58E-07 time=4.186
After sweep 29 energy=-6.0238276  maxlinkdim=300 maxerr=1.17E-08 time=4.156
After sweep 30 energy=-6.023838  maxlinkdim=300 maxerr=8.47E-10 time=4.158
Same mu: -2.6532001135405214 and continuing
Target density achieved with mu=-2.6532001135405214, n=0.49999854
Checking {alpha,beta} vs measured
Alpha not converged.
NOT CONVERGED; updating alpha, beta and continuing...
After sweep 1 energy=-4.6845236  maxlinkdim=16 maxerr=2.58E-07 time=0.589
After sweep 2 energy=-5.7825775  maxlinkdim=178 maxerr=1.12E-07 time=1.195
After sweep 3 energy=-5.866501  maxlinkdim=196 maxerr=2.07E-07 time=1.997
After sweep 4 energy=-5.912888  maxlinkdim=209 maxerr=3.53E-09 time=1.915
After sweep 5 energy=-5.942845  maxlinkdim=191 maxerr=7.72E-08 time=1.856
After sweep 6 energy=-5.9642887  maxlinkdim=216 maxerr=5.28E-08 time=1.799
After sweep 7 energy=-5.9800367  maxlinkdim=216 maxerr=3.82E-09 time=1.795
After sweep 8 energy=-5.9908075  maxlinkdim=272 maxerr=2.42E-07 time=1.799
After sweep 9 energy=-5.998702  maxlinkdim=219 maxerr=9.30E-10 time=1.807
After sweep 10 energy=-6.0067635  maxlinkdim=215 maxerr=1.13E-09 time=1.958
After sweep 11 energy=-6.010908  maxlinkdim=188 maxerr=3.57E-08 time=1.946
After sweep 12 energy=-6.013836  maxlinkdim=196 maxerr=1.72E-07 time=1.893
After sweep 13 energy=-6.0163374  maxlinkdim=193 maxerr=4.74E-10 time=1.956
After sweep 14 energy=-6.0180893  maxlinkdim=207 maxerr=2.30E-08 time=2.009
After sweep 15 energy=-6.01986  maxlinkdim=227 maxerr=2.34E-08 time=2.185
After sweep 16 energy=-6.0213  maxlinkdim=256 maxerr=1.51E-08 time=2.428
After sweep 17 energy=-6.022067  maxlinkdim=260 maxerr=4.21E-08 time=2.443
After sweep 18 energy=-6.0226088  maxlinkdim=238 maxerr=2.49E-08 time=2.556
After sweep 19 energy=-6.022975  maxlinkdim=246 maxerr=1.13E-08 time=2.585
After sweep 20 energy=-6.0232797  maxlinkdim=283 maxerr=6.01E-10 time=2.747
After sweep 21 energy=-6.023499  maxlinkdim=271 maxerr=1.69E-07 time=2.901
After sweep 22 energy=-6.02362  maxlinkdim=300 maxerr=6.29E-10 time=3.034
After sweep 23 energy=-6.023707  maxlinkdim=300 maxerr=1.54E-09 time=3.204
After sweep 24 energy=-6.023794  maxlinkdim=300 maxerr=3.62E-08 time=3.450
After sweep 25 energy=-6.0238214  maxlinkdim=300 maxerr=9.43E-10 time=3.663
After sweep 26 energy=-6.0238466  maxlinkdim=300 maxerr=2.28E-08 time=3.886
After sweep 27 energy=-6.0238237  maxlinkdim=300 maxerr=2.51E-08 time=4.078
After sweep 28 energy=-6.0238147  maxlinkdim=300 maxerr=2.64E-07 time=4.165
After sweep 29 energy=-6.0237737  maxlinkdim=300 maxerr=1.58E-07 time=4.159
After sweep 30 energy=-6.0238295  maxlinkdim=300 maxerr=8.19E-10 time=4.128
Same mu: -2.6532001135405214 and continuing
Target density achieved with mu=-2.6532001135405214, n=0.4999995
Checking {alpha,beta} vs measured
Alpha not converged.
NOT CONVERGED; updating alpha, beta and continuing...
After sweep 1 energy=-4.672487  maxlinkdim=16 maxerr=2.33E-07 time=0.576
After sweep 2 energy=-5.78403  maxlinkdim=177 maxerr=1.54E-08 time=1.247
After sweep 3 energy=-5.8702054  maxlinkdim=197 maxerr=2.06E-09 time=1.996
After sweep 4 energy=-5.9167476  maxlinkdim=209 maxerr=1.85E-09 time=1.972
After sweep 5 energy=-5.944276  maxlinkdim=196 maxerr=9.48E-10 time=1.884
After sweep 6 energy=-5.965928  maxlinkdim=214 maxerr=2.27E-08 time=1.776
After sweep 7 energy=-5.9835343  maxlinkdim=205 maxerr=1.71E-09 time=1.803
After sweep 8 energy=-5.994512  maxlinkdim=246 maxerr=1.81E-09 time=1.831
After sweep 9 energy=-6.0018983  maxlinkdim=238 maxerr=8.16E-10 time=1.815
After sweep 10 energy=-6.0087485  maxlinkdim=236 maxerr=1.22E-09 time=2.012
After sweep 11 energy=-6.012487  maxlinkdim=223 maxerr=8.62E-08 time=2.048
After sweep 12 energy=-6.0153203  maxlinkdim=230 maxerr=5.67E-10 time=2.053
After sweep 13 energy=-6.0177803  maxlinkdim=211 maxerr=2.15E-07 time=2.163
After sweep 14 energy=-6.019418  maxlinkdim=209 maxerr=7.15E-10 time=2.179
After sweep 15 energy=-6.020684  maxlinkdim=221 maxerr=1.04E-07 time=2.301
After sweep 16 energy=-6.021605  maxlinkdim=226 maxerr=9.39E-08 time=2.400
After sweep 17 energy=-6.0222564  maxlinkdim=251 maxerr=1.07E-07 time=2.476
After sweep 18 energy=-6.022762  maxlinkdim=256 maxerr=9.65E-10 time=2.696
After sweep 19 energy=-6.0231676  maxlinkdim=300 maxerr=3.65E-08 time=2.884
After sweep 20 energy=-6.0233936  maxlinkdim=300 maxerr=2.96E-07 time=3.067
After sweep 21 energy=-6.023568  maxlinkdim=271 maxerr=1.73E-08 time=3.139
After sweep 22 energy=-6.023689  maxlinkdim=300 maxerr=6.43E-08 time=3.241
After sweep 23 energy=-6.0237722  maxlinkdim=300 maxerr=1.45E-07 time=3.551
After sweep 24 energy=-6.023802  maxlinkdim=300 maxerr=1.53E-07 time=3.819
After sweep 25 energy=-6.023794  maxlinkdim=300 maxerr=5.40E-10 time=4.059
After sweep 26 energy=-6.0238004  maxlinkdim=300 maxerr=1.53E-09 time=4.180
After sweep 27 energy=-6.0237837  maxlinkdim=300 maxerr=3.86E-07 time=4.237
After sweep 28 energy=-6.023815  maxlinkdim=300 maxerr=2.57E-08 time=4.241
After sweep 29 energy=-6.023792  maxlinkdim=300 maxerr=1.15E-07 time=4.211
After sweep 30 energy=-6.0237894  maxlinkdim=300 maxerr=5.74E-08 time=4.212
Same mu: -2.6532001135405214 and continuing
Target density achieved with mu=-2.6532001135405214, n=0.49999818
Checking {alpha,beta} vs measured
Alpha not converged.
NOT CONVERGED; updating alpha, beta and continuing...
After sweep 1 energy=-4.6779118  maxlinkdim=16 maxerr=2.42E-07 time=0.580
After sweep 2 energy=-5.7811036  maxlinkdim=189 maxerr=2.86E-08 time=1.233
After sweep 3 energy=-5.8656845  maxlinkdim=183 maxerr=3.35E-09 time=2.006
After sweep 4 energy=-5.9155197  maxlinkdim=218 maxerr=2.89E-08 time=1.996
After sweep 5 energy=-5.944672  maxlinkdim=192 maxerr=1.17E-09 time=1.903
After sweep 6 energy=-5.9663014  maxlinkdim=251 maxerr=8.23E-08 time=1.897
After sweep 7 energy=-5.980951  maxlinkdim=223 maxerr=2.93E-09 time=1.871
After sweep 8 energy=-5.9921465  maxlinkdim=244 maxerr=2.61E-08 time=1.888
After sweep 9 energy=-5.9996133  maxlinkdim=256 maxerr=1.30E-07 time=1.833
After sweep 10 energy=-6.006084  maxlinkdim=201 maxerr=1.26E-07 time=1.947
After sweep 11 energy=-6.010089  maxlinkdim=250 maxerr=8.92E-10 time=1.958
After sweep 12 energy=-6.0131307  maxlinkdim=256 maxerr=1.27E-09 time=1.960
After sweep 13 energy=-6.016708  maxlinkdim=262 maxerr=2.92E-09 time=2.185
After sweep 14 energy=-6.018448  maxlinkdim=257 maxerr=8.25E-08 time=2.235
After sweep 15 energy=-6.020019  maxlinkdim=259 maxerr=4.62E-08 time=2.314
After sweep 16 energy=-6.0212717  maxlinkdim=280 maxerr=7.14E-08 time=2.617
After sweep 17 energy=-6.0219665  maxlinkdim=259 maxerr=1.33E-09 time=2.785
After sweep 18 energy=-6.0225744  maxlinkdim=282 maxerr=7.57E-08 time=2.656
After sweep 19 energy=-6.023022  maxlinkdim=300 maxerr=8.44E-08 time=2.828
After sweep 20 energy=-6.0232983  maxlinkdim=270 maxerr=2.86E-07 time=2.820
After sweep 21 energy=-6.023473  maxlinkdim=272 maxerr=1.62E-08 time=2.972
After sweep 22 energy=-6.0236206  maxlinkdim=300 maxerr=1.21E-07 time=3.068
After sweep 23 energy=-6.023694  maxlinkdim=292 maxerr=2.32E-07 time=3.220
After sweep 24 energy=-6.0237737  maxlinkdim=300 maxerr=9.71E-09 time=3.419
After sweep 25 energy=-6.023776  maxlinkdim=300 maxerr=1.93E-08 time=3.763
After sweep 26 energy=-6.0238137  maxlinkdim=300 maxerr=8.78E-08 time=3.968
After sweep 27 energy=-6.023775  maxlinkdim=300 maxerr=4.62E-08 time=4.136
After sweep 28 energy=-6.0237637  maxlinkdim=300 maxerr=1.32E-09 time=4.190
After sweep 29 energy=-6.0237684  maxlinkdim=300 maxerr=1.61E-07 time=4.170
After sweep 30 energy=-6.0237727  maxlinkdim=300 maxerr=1.28E-07 time=4.154
Same mu: -2.6532001135405214 and continuing
Target density achieved with mu=-2.6532001135405214, n=0.49999678
Checking {alpha,beta} vs measured
Alpha not converged.
NOT CONVERGED; updating alpha, beta and continuing...
After sweep 1 energy=-4.6818447  maxlinkdim=16 maxerr=2.88E-07 time=0.559
After sweep 2 energy=-5.787327  maxlinkdim=183 maxerr=1.16E-07 time=1.229
After sweep 3 energy=-5.870515  maxlinkdim=185 maxerr=2.76E-09 time=1.937
After sweep 4 energy=-5.9173255  maxlinkdim=215 maxerr=1.81E-07 time=1.884
After sweep 5 energy=-5.945717  maxlinkdim=189 maxerr=1.49E-09 time=1.852
After sweep 6 energy=-5.966962  maxlinkdim=235 maxerr=1.83E-07 time=1.766
After sweep 7 energy=-5.981281  maxlinkdim=178 maxerr=6.62E-08 time=1.742
After sweep 8 energy=-5.9922547  maxlinkdim=224 maxerr=1.82E-09 time=1.766
After sweep 9 energy=-5.9996457  maxlinkdim=190 maxerr=8.54E-10 time=1.724
After sweep 10 energy=-6.005913  maxlinkdim=214 maxerr=3.76E-10 time=1.846
After sweep 11 energy=-6.010394  maxlinkdim=229 maxerr=8.27E-08 time=1.958
After sweep 12 energy=-6.0134335  maxlinkdim=206 maxerr=5.38E-08 time=1.929
After sweep 13 energy=-6.0162706  maxlinkdim=217 maxerr=1.63E-08 time=2.037
After sweep 14 energy=-6.018568  maxlinkdim=230 maxerr=1.01E-08 time=2.169
After sweep 15 energy=-6.0200157  maxlinkdim=244 maxerr=7.06E-09 time=2.228
After sweep 16 energy=-6.0210333  maxlinkdim=229 maxerr=5.36E-08 time=2.281
After sweep 17 energy=-6.021737  maxlinkdim=234 maxerr=7.47E-08 time=2.395
After sweep 18 energy=-6.0223494  maxlinkdim=252 maxerr=1.45E-07 time=2.501
After sweep 19 energy=-6.022794  maxlinkdim=252 maxerr=1.55E-07 time=2.632
After sweep 20 energy=-6.023119  maxlinkdim=300 maxerr=4.22E-08 time=2.757
After sweep 21 energy=-6.0234036  maxlinkdim=300 maxerr=5.41E-08 time=2.953
After sweep 22 energy=-6.0235653  maxlinkdim=282 maxerr=1.38E-09 time=3.124
After sweep 23 energy=-6.023686  maxlinkdim=296 maxerr=5.49E-10 time=3.202
After sweep 24 energy=-6.0237436  maxlinkdim=300 maxerr=9.40E-10 time=3.477
After sweep 25 energy=-6.0237646  maxlinkdim=300 maxerr=7.25E-08 time=3.742
After sweep 26 energy=-6.0238056  maxlinkdim=300 maxerr=3.05E-07 time=3.917
After sweep 27 energy=-6.023755  maxlinkdim=300 maxerr=1.85E-07 time=4.109
After sweep 28 energy=-6.023791  maxlinkdim=300 maxerr=7.60E-08 time=4.175
After sweep 29 energy=-6.023751  maxlinkdim=300 maxerr=6.71E-08 time=4.180
After sweep 30 energy=-6.023781  maxlinkdim=300 maxerr=1.06E-07 time=4.160
Same mu: -2.6532001135405214 and continuing
Target density achieved with mu=-2.6532001135405214, n=0.49999854
Checking {alpha,beta} vs measured
Alpha not converged.
NOT CONVERGED; updating alpha, beta and continuing...
After sweep 1 energy=-4.6796417  maxlinkdim=16 maxerr=3.82E-07 time=0.639
After sweep 2 energy=-5.786478  maxlinkdim=180 maxerr=1.14E-08 time=1.200
After sweep 3 energy=-5.871853  maxlinkdim=208 maxerr=1.06E-07 time=2.067
After sweep 4 energy=-5.918949  maxlinkdim=230 maxerr=5.57E-09 time=1.994
After sweep 5 energy=-5.94573  maxlinkdim=207 maxerr=1.01E-09 time=1.930
After sweep 6 energy=-5.9659257  maxlinkdim=235 maxerr=4.39E-08 time=1.794
After sweep 7 energy=-5.9810762  maxlinkdim=180 maxerr=2.84E-08 time=1.770
After sweep 8 energy=-5.992095  maxlinkdim=223 maxerr=1.10E-08 time=1.752
After sweep 9 energy=-5.9997325  maxlinkdim=214 maxerr=1.19E-07 time=1.785
After sweep 10 energy=-6.0054703  maxlinkdim=242 maxerr=6.89E-08 time=1.854
After sweep 11 energy=-6.0095797  maxlinkdim=270 maxerr=9.35E-08 time=1.883
After sweep 12 energy=-6.0125875  maxlinkdim=226 maxerr=1.12E-09 time=1.943
After sweep 13 energy=-6.0154495  maxlinkdim=214 maxerr=1.74E-07 time=1.972
After sweep 14 energy=-6.0181246  maxlinkdim=238 maxerr=1.42E-07 time=2.175
After sweep 15 energy=-6.0195866  maxlinkdim=219 maxerr=7.59E-08 time=2.152
After sweep 16 energy=-6.020733  maxlinkdim=221 maxerr=4.90E-10 time=2.268
After sweep 17 energy=-6.0215845  maxlinkdim=226 maxerr=2.49E-07 time=2.336
After sweep 18 energy=-6.0222692  maxlinkdim=252 maxerr=7.65E-10 time=2.472
After sweep 19 energy=-6.022778  maxlinkdim=258 maxerr=6.86E-10 time=2.678
After sweep 20 energy=-6.023128  maxlinkdim=300 maxerr=5.19E-10 time=2.742
After sweep 21 energy=-6.023402  maxlinkdim=281 maxerr=7.20E-09 time=3.000
After sweep 22 energy=-6.023579  maxlinkdim=300 maxerr=1.09E-07 time=3.132
After sweep 23 energy=-6.023671  maxlinkdim=280 maxerr=2.97E-07 time=3.223
After sweep 24 energy=-6.02374  maxlinkdim=300 maxerr=2.65E-10 time=3.466
After sweep 25 energy=-6.023773  maxlinkdim=300 maxerr=1.12E-07 time=3.775
After sweep 26 energy=-6.023794  maxlinkdim=300 maxerr=1.47E-07 time=3.966
After sweep 27 energy=-6.0237846  maxlinkdim=300 maxerr=2.51E-07 time=4.133
After sweep 28 energy=-6.0237875  maxlinkdim=300 maxerr=2.41E-08 time=4.192
After sweep 29 energy=-6.0238023  maxlinkdim=300 maxerr=1.39E-07 time=4.173
After sweep 30 energy=-6.0237894  maxlinkdim=300 maxerr=8.34E-08 time=4.147
Same mu: -2.6532001135405214 and continuing
Target density achieved with mu=-2.6532001135405214, n=0.4999973
Checking {alpha,beta} vs measured
Alpha not converged.
NOT CONVERGED; updating alpha, beta and continuing...
After sweep 1 energy=-4.7008677  maxlinkdim=16 maxerr=2.96E-07 time=0.563
After sweep 2 energy=-5.7914386  maxlinkdim=179 maxerr=1.85E-08 time=1.273
After sweep 3 energy=-5.874402  maxlinkdim=197 maxerr=1.46E-09 time=1.967
After sweep 4 energy=-5.9195986  maxlinkdim=218 maxerr=6.55E-09 time=1.955
After sweep 5 energy=-5.9463215  maxlinkdim=202 maxerr=8.27E-08 time=1.885
After sweep 6 energy=-5.9678097  maxlinkdim=223 maxerr=3.74E-10 time=1.789
After sweep 7 energy=-5.9835286  maxlinkdim=226 maxerr=2.01E-08 time=1.838
After sweep 8 energy=-5.9941936  maxlinkdim=258 maxerr=3.15E-09 time=1.841
After sweep 9 energy=-6.0014033  maxlinkdim=238 maxerr=2.78E-09 time=1.848
After sweep 10 energy=-6.0074415  maxlinkdim=214 maxerr=7.67E-10 time=1.928
After sweep 11 energy=-6.0112085  maxlinkdim=266 maxerr=8.39E-10 time=1.956
After sweep 12 energy=-6.014265  maxlinkdim=259 maxerr=5.65E-08 time=2.043
After sweep 13 energy=-6.0176888  maxlinkdim=226 maxerr=1.08E-09 time=2.219
After sweep 14 energy=-6.0193152  maxlinkdim=276 maxerr=1.69E-07 time=2.255
After sweep 15 energy=-6.020584  maxlinkdim=296 maxerr=9.57E-08 time=2.307
After sweep 16 energy=-6.021688  maxlinkdim=242 maxerr=5.22E-08 time=2.466
After sweep 17 energy=-6.022277  maxlinkdim=238 maxerr=1.48E-07 time=2.483
After sweep 18 energy=-6.022759  maxlinkdim=300 maxerr=2.74E-08 time=2.594
After sweep 19 energy=-6.023114  maxlinkdim=300 maxerr=1.22E-07 time=2.830
After sweep 20 energy=-6.023367  maxlinkdim=269 maxerr=1.15E-07 time=2.969
After sweep 21 energy=-6.023533  maxlinkdim=274 maxerr=5.86E-10 time=3.069
After sweep 22 energy=-6.0236845  maxlinkdim=300 maxerr=5.49E-08 time=3.318
After sweep 23 energy=-6.023797  maxlinkdim=300 maxerr=2.33E-08 time=3.547
After sweep 24 energy=-6.0237885  maxlinkdim=300 maxerr=2.78E-07 time=3.750
After sweep 25 energy=-6.0238104  maxlinkdim=300 maxerr=1.63E-09 time=3.939
After sweep 26 energy=-6.0237913  maxlinkdim=300 maxerr=3.73E-07 time=4.111
After sweep 27 energy=-6.0237875  maxlinkdim=300 maxerr=3.72E-08 time=4.168
After sweep 28 energy=-6.023793  maxlinkdim=300 maxerr=7.02E-08 time=4.166
After sweep 29 energy=-6.0237746  maxlinkdim=300 maxerr=2.60E-07 time=4.145
After sweep 30 energy=-6.023797  maxlinkdim=300 maxerr=6.21E-10 time=4.135
Same mu: -2.6532001135405214 and continuing
Target density achieved with mu=-2.6532001135405214, n=0.49999774
Checking {alpha,beta} vs measured
Beta not converged.
NOT CONVERGED; updating alpha, beta and continuing...
After sweep 1 energy=-4.6844716  maxlinkdim=16 maxerr=2.81E-07 time=0.562
After sweep 2 energy=-5.788914  maxlinkdim=183 maxerr=1.58E-08 time=1.270
After sweep 3 energy=-5.8735623  maxlinkdim=195 maxerr=2.44E-09 time=1.970
After sweep 4 energy=-5.9190536  maxlinkdim=228 maxerr=2.00E-07 time=1.993
After sweep 5 energy=-5.9460664  maxlinkdim=210 maxerr=2.36E-09 time=1.916
After sweep 6 energy=-5.967824  maxlinkdim=285 maxerr=2.81E-08 time=1.877
After sweep 7 energy=-5.9844875  maxlinkdim=194 maxerr=9.07E-10 time=1.858
After sweep 8 energy=-5.9947705  maxlinkdim=237 maxerr=1.29E-09 time=1.841
After sweep 9 energy=-6.001734  maxlinkdim=201 maxerr=7.99E-08 time=1.832
After sweep 10 energy=-6.0086017  maxlinkdim=230 maxerr=1.72E-07 time=1.985
After sweep 11 energy=-6.012513  maxlinkdim=226 maxerr=1.14E-07 time=2.021
After sweep 12 energy=-6.015422  maxlinkdim=218 maxerr=2.81E-08 time=2.036
After sweep 13 energy=-6.0178623  maxlinkdim=216 maxerr=1.13E-07 time=2.119
After sweep 14 energy=-6.019353  maxlinkdim=203 maxerr=2.36E-07 time=2.130
After sweep 15 energy=-6.020601  maxlinkdim=221 maxerr=2.70E-10 time=2.210
After sweep 16 energy=-6.0214987  maxlinkdim=227 maxerr=9.34E-10 time=2.334
After sweep 17 energy=-6.022201  maxlinkdim=231 maxerr=7.10E-08 time=2.478
After sweep 18 energy=-6.0227118  maxlinkdim=243 maxerr=1.55E-07 time=2.646
After sweep 19 energy=-6.0230737  maxlinkdim=240 maxerr=1.63E-09 time=2.720
After sweep 20 energy=-6.0233183  maxlinkdim=272 maxerr=6.17E-10 time=2.799
After sweep 21 energy=-6.0235415  maxlinkdim=300 maxerr=5.41E-08 time=2.970
After sweep 22 energy=-6.0236387  maxlinkdim=290 maxerr=7.93E-10 time=3.180
After sweep 23 energy=-6.0237246  maxlinkdim=292 maxerr=1.65E-07 time=3.348
After sweep 24 energy=-6.023777  maxlinkdim=300 maxerr=8.79E-08 time=3.598
After sweep 25 energy=-6.0238085  maxlinkdim=300 maxerr=1.59E-07 time=3.814
After sweep 26 energy=-6.0238056  maxlinkdim=300 maxerr=1.04E-07 time=4.045
After sweep 27 energy=-6.0237937  maxlinkdim=300 maxerr=1.46E-07 time=4.184
After sweep 28 energy=-6.0238047  maxlinkdim=300 maxerr=1.91E-07 time=4.214
After sweep 29 energy=-6.0237913  maxlinkdim=300 maxerr=1.51E-07 time=4.199
After sweep 30 energy=-6.0237703  maxlinkdim=300 maxerr=3.22E-07 time=4.203
Same mu: -2.6532001135405214 and continuing
Target density achieved with mu=-2.6532001135405214, n=0.49999744
Checking {alpha,beta} vs measured
Beta not converged.
NOT CONVERGED; updating alpha, beta and continuing...
After sweep 1 energy=-4.679359  maxlinkdim=16 maxerr=2.49E-07 time=0.581
After sweep 2 energy=-5.7855453  maxlinkdim=177 maxerr=1.94E-08 time=1.224
After sweep 3 energy=-5.8721657  maxlinkdim=192 maxerr=4.82E-08 time=2.025
After sweep 4 energy=-5.9198284  maxlinkdim=214 maxerr=1.48E-09 time=2.053
After sweep 5 energy=-5.9471445  maxlinkdim=195 maxerr=9.65E-10 time=2.031
After sweep 6 energy=-5.9672627  maxlinkdim=232 maxerr=8.10E-08 time=1.885
After sweep 7 energy=-5.983828  maxlinkdim=193 maxerr=3.02E-10 time=1.890
After sweep 8 energy=-5.9941335  maxlinkdim=222 maxerr=1.14E-07 time=1.828
After sweep 9 energy=-6.0008855  maxlinkdim=183 maxerr=1.80E-07 time=1.784
After sweep 10 energy=-6.0066276  maxlinkdim=207 maxerr=3.60E-10 time=2.224
After sweep 11 energy=-6.010595  maxlinkdim=250 maxerr=1.08E-09 time=1.855
After sweep 12 energy=-6.0141115  maxlinkdim=234 maxerr=3.47E-08 time=1.986
After sweep 13 energy=-6.0171685  maxlinkdim=214 maxerr=1.60E-07 time=2.106
After sweep 14 energy=-6.019146  maxlinkdim=227 maxerr=2.89E-10 time=2.179
After sweep 15 energy=-6.020399  maxlinkdim=239 maxerr=2.64E-07 time=2.230
After sweep 16 energy=-6.0212793  maxlinkdim=242 maxerr=1.11E-08 time=2.243
After sweep 17 energy=-6.021966  maxlinkdim=240 maxerr=1.95E-07 time=2.383
After sweep 18 energy=-6.0225573  maxlinkdim=270 maxerr=2.09E-07 time=2.582
After sweep 19 energy=-6.0230007  maxlinkdim=265 maxerr=5.55E-10 time=2.739
After sweep 20 energy=-6.0233693  maxlinkdim=300 maxerr=2.29E-07 time=2.941
After sweep 21 energy=-6.0235043  maxlinkdim=300 maxerr=6.04E-10 time=3.055
After sweep 22 energy=-6.0236526  maxlinkdim=285 maxerr=4.79E-10 time=3.192
After sweep 23 energy=-6.023731  maxlinkdim=287 maxerr=1.54E-07 time=3.315
After sweep 24 energy=-6.0237675  maxlinkdim=300 maxerr=6.72E-10 time=3.507
After sweep 25 energy=-6.0237913  maxlinkdim=300 maxerr=2.60E-07 time=3.754
After sweep 26 energy=-6.023815  maxlinkdim=300 maxerr=1.33E-07 time=3.984
After sweep 27 energy=-6.0237856  maxlinkdim=300 maxerr=1.89E-07 time=4.140
After sweep 28 energy=-6.0237975  maxlinkdim=300 maxerr=1.18E-09 time=4.176
After sweep 29 energy=-6.0238094  maxlinkdim=300 maxerr=1.39E-09 time=4.159
After sweep 30 energy=-6.0238075  maxlinkdim=300 maxerr=1.18E-07 time=4.148
Same mu: -2.6532001135405214 and continuing
Target density achieved with mu=-2.6532001135405214, n=0.49999827
Checking {alpha,beta} vs measured
Beta not converged.
NOT CONVERGED; updating alpha, beta and continuing...
After sweep 1 energy=-4.6733317  maxlinkdim=16 maxerr=2.99E-07 time=0.564
After sweep 2 energy=-5.786386  maxlinkdim=183 maxerr=1.58E-08 time=1.252
After sweep 3 energy=-5.871198  maxlinkdim=190 maxerr=2.85E-08 time=1.967
After sweep 4 energy=-5.917997  maxlinkdim=214 maxerr=1.17E-09 time=1.926
After sweep 5 energy=-5.9460135  maxlinkdim=181 maxerr=4.75E-08 time=1.818
After sweep 6 energy=-5.967252  maxlinkdim=231 maxerr=9.22E-08 time=1.727
After sweep 7 energy=-5.9816995  maxlinkdim=181 maxerr=1.50E-07 time=1.744
After sweep 8 energy=-5.9925275  maxlinkdim=264 maxerr=2.07E-07 time=1.753
After sweep 9 energy=-6.0000978  maxlinkdim=225 maxerr=2.25E-07 time=1.775
After sweep 10 energy=-6.006301  maxlinkdim=199 maxerr=2.12E-09 time=1.864
After sweep 11 energy=-6.0104837  maxlinkdim=208 maxerr=1.13E-10 time=1.902
After sweep 12 energy=-6.013693  maxlinkdim=300 maxerr=8.38E-08 time=1.951
After sweep 13 energy=-6.016206  maxlinkdim=218 maxerr=2.28E-10 time=2.073
After sweep 14 energy=-6.018161  maxlinkdim=223 maxerr=5.44E-08 time=2.096
After sweep 15 energy=-6.0198407  maxlinkdim=221 maxerr=8.22E-10 time=2.198
After sweep 16 energy=-6.0212145  maxlinkdim=226 maxerr=1.00E-10 time=2.373
After sweep 17 energy=-6.021912  maxlinkdim=231 maxerr=3.66E-10 time=2.413
After sweep 18 energy=-6.0224514  maxlinkdim=243 maxerr=7.49E-10 time=2.476
After sweep 19 energy=-6.0228963  maxlinkdim=300 maxerr=3.94E-10 time=2.671
After sweep 20 energy=-6.0231752  maxlinkdim=271 maxerr=5.49E-10 time=2.814
After sweep 21 energy=-6.023443  maxlinkdim=274 maxerr=1.03E-08 time=2.903
After sweep 22 energy=-6.0235977  maxlinkdim=300 maxerr=3.00E-10 time=3.127
After sweep 23 energy=-6.023703  maxlinkdim=300 maxerr=4.26E-09 time=3.342
After sweep 24 energy=-6.023773  maxlinkdim=300 maxerr=9.60E-08 time=3.603
After sweep 25 energy=-6.023801  maxlinkdim=300 maxerr=9.51E-08 time=3.729
After sweep 26 energy=-6.0237904  maxlinkdim=300 maxerr=1.73E-07 time=3.936
After sweep 27 energy=-6.02378  maxlinkdim=300 maxerr=3.71E-10 time=4.133
After sweep 28 energy=-6.023799  maxlinkdim=300 maxerr=6.85E-08 time=4.174
After sweep 29 energy=-6.0238047  maxlinkdim=300 maxerr=5.36E-10 time=4.159
After sweep 30 energy=-6.0237994  maxlinkdim=300 maxerr=2.02E-08 time=4.145
Same mu: -2.6532001135405214 and continuing
Target density achieved with mu=-2.6532001135405214, n=0.49999848
Checking {alpha,beta} vs measured
Beta not converged.
NOT CONVERGED; updating alpha, beta and continuing...
After sweep 1 energy=-4.6775913  maxlinkdim=16 maxerr=3.02E-07 time=0.560
After sweep 2 energy=-5.789924  maxlinkdim=174 maxerr=1.79E-08 time=1.244
After sweep 3 energy=-5.874238  maxlinkdim=187 maxerr=4.34E-09 time=2.011
After sweep 4 energy=-5.920952  maxlinkdim=223 maxerr=1.86E-09 time=1.986
After sweep 5 energy=-5.947316  maxlinkdim=192 maxerr=2.13E-08 time=1.919
After sweep 6 energy=-5.96751  maxlinkdim=214 maxerr=1.42E-07 time=1.759
After sweep 7 energy=-5.9819827  maxlinkdim=193 maxerr=2.34E-09 time=1.752
After sweep 8 energy=-5.9923463  maxlinkdim=244 maxerr=6.28E-10 time=1.743
After sweep 9 energy=-6.0002227  maxlinkdim=254 maxerr=1.53E-09 time=1.805
After sweep 10 energy=-6.005981  maxlinkdim=215 maxerr=9.65E-08 time=1.897
After sweep 11 energy=-6.0101113  maxlinkdim=227 maxerr=7.24E-10 time=1.936
After sweep 12 energy=-6.013221  maxlinkdim=219 maxerr=1.66E-07 time=1.965
After sweep 13 energy=-6.015979  maxlinkdim=222 maxerr=6.78E-10 time=2.050
After sweep 14 energy=-6.018475  maxlinkdim=219 maxerr=1.98E-07 time=2.206
After sweep 15 energy=-6.019909  maxlinkdim=239 maxerr=1.28E-09 time=2.254
After sweep 16 energy=-6.021152  maxlinkdim=262 maxerr=4.83E-10 time=2.356
After sweep 17 energy=-6.0220838  maxlinkdim=259 maxerr=1.77E-07 time=2.480
After sweep 18 energy=-6.022584  maxlinkdim=257 maxerr=2.11E-07 time=2.568
After sweep 19 energy=-6.023022  maxlinkdim=286 maxerr=9.12E-10 time=2.708
After sweep 20 energy=-6.0233197  maxlinkdim=272 maxerr=9.12E-08 time=2.902
After sweep 21 energy=-6.023552  maxlinkdim=261 maxerr=1.69E-07 time=3.026
After sweep 22 energy=-6.0236616  maxlinkdim=293 maxerr=1.38E-07 time=3.172
After sweep 23 energy=-6.023736  maxlinkdim=300 maxerr=1.11E-07 time=3.490
After sweep 24 energy=-6.0237684  maxlinkdim=300 maxerr=3.09E-08 time=3.718
After sweep 25 energy=-6.0238037  maxlinkdim=300 maxerr=1.04E-09 time=3.943
After sweep 26 energy=-6.0237412  maxlinkdim=300 maxerr=5.74E-10 time=4.088
After sweep 27 energy=-6.023775  maxlinkdim=300 maxerr=1.08E-09 time=4.160
After sweep 28 energy=-6.023805  maxlinkdim=300 maxerr=6.56E-08 time=4.165
After sweep 29 energy=-6.023756  maxlinkdim=300 maxerr=8.46E-10 time=4.151
After sweep 30 energy=-6.0237985  maxlinkdim=300 maxerr=9.71E-08 time=4.133
Same mu: -2.6532001135405214 and continuing
Target density achieved with mu=-2.6532001135405214, n=0.4999986
Checking {alpha,beta} vs measured
Beta not converged.
NOT CONVERGED; updating alpha, beta and continuing...
After sweep 1 energy=-4.6794863  maxlinkdim=16 maxerr=2.66E-07 time=0.556
After sweep 2 energy=-5.788122  maxlinkdim=179 maxerr=2.13E-08 time=1.249
After sweep 3 energy=-5.872351  maxlinkdim=203 maxerr=6.78E-08 time=1.970
After sweep 4 energy=-5.9180355  maxlinkdim=226 maxerr=9.59E-08 time=1.958
After sweep 5 energy=-5.9453473  maxlinkdim=201 maxerr=1.41E-09 time=1.885
After sweep 6 energy=-5.9667034  maxlinkdim=214 maxerr=1.02E-09 time=1.791
After sweep 7 energy=-5.982252  maxlinkdim=190 maxerr=1.50E-07 time=1.781
After sweep 8 energy=-5.993801  maxlinkdim=208 maxerr=5.09E-08 time=1.798
After sweep 9 energy=-6.001036  maxlinkdim=214 maxerr=4.31E-10 time=1.774
After sweep 10 energy=-6.007643  maxlinkdim=210 maxerr=3.02E-08 time=1.881
After sweep 11 energy=-6.0118937  maxlinkdim=236 maxerr=3.56E-10 time=1.949
After sweep 12 energy=-6.0150313  maxlinkdim=235 maxerr=2.64E-08 time=2.005
After sweep 13 energy=-6.0174103  maxlinkdim=213 maxerr=8.48E-10 time=2.053
After sweep 14 energy=-6.0190477  maxlinkdim=207 maxerr=1.21E-08 time=2.104
After sweep 15 energy=-6.0204115  maxlinkdim=221 maxerr=7.28E-10 time=2.198
After sweep 16 energy=-6.021281  maxlinkdim=227 maxerr=2.73E-08 time=2.274
After sweep 17 energy=-6.0220995  maxlinkdim=249 maxerr=2.08E-08 time=2.504
After sweep 18 energy=-6.022675  maxlinkdim=270 maxerr=5.59E-10 time=2.667
After sweep 19 energy=-6.0230503  maxlinkdim=271 maxerr=7.00E-08 time=2.740
After sweep 20 energy=-6.023362  maxlinkdim=282 maxerr=9.99E-11 time=2.894
After sweep 21 energy=-6.0235767  maxlinkdim=288 maxerr=3.69E-10 time=3.085
After sweep 22 energy=-6.023687  maxlinkdim=292 maxerr=7.02E-08 time=3.219
After sweep 23 energy=-6.023722  maxlinkdim=297 maxerr=1.61E-07 time=3.371
After sweep 24 energy=-6.023767  maxlinkdim=300 maxerr=2.06E-07 time=3.626
After sweep 25 energy=-6.023805  maxlinkdim=300 maxerr=1.56E-08 time=3.856
After sweep 26 energy=-6.0238123  maxlinkdim=300 maxerr=5.88E-10 time=4.071
After sweep 27 energy=-6.0237937  maxlinkdim=300 maxerr=2.83E-09 time=4.167
After sweep 28 energy=-6.0237837  maxlinkdim=300 maxerr=3.67E-07 time=4.167
After sweep 29 energy=-6.023797  maxlinkdim=300 maxerr=4.75E-08 time=4.127
After sweep 30 energy=-6.023818  maxlinkdim=300 maxerr=5.15E-10 time=4.121
Same mu: -2.6532001135405214 and continuing
Target density achieved with mu=-2.6532001135405214, n=0.49999812
Checking {alpha,beta} vs measured
Beta not converged.
NOT CONVERGED; updating alpha, beta and continuing...
After sweep 1 energy=-4.6842933  maxlinkdim=16 maxerr=3.58E-07 time=0.564
After sweep 2 energy=-5.7941175  maxlinkdim=174 maxerr=1.53E-08 time=1.269
After sweep 3 energy=-5.875569  maxlinkdim=194 maxerr=1.53E-07 time=2.001
After sweep 4 energy=-5.920779  maxlinkdim=226 maxerr=3.56E-09 time=1.981
After sweep 5 energy=-5.9478006  maxlinkdim=215 maxerr=2.04E-07 time=1.896
After sweep 6 energy=-5.9681497  maxlinkdim=226 maxerr=2.92E-09 time=1.811
After sweep 7 energy=-5.983199  maxlinkdim=183 maxerr=3.43E-09 time=1.792
After sweep 8 energy=-5.9938345  maxlinkdim=199 maxerr=1.46E-07 time=1.806
After sweep 9 energy=-6.0010924  maxlinkdim=180 maxerr=3.87E-08 time=1.786
After sweep 10 energy=-6.0067334  maxlinkdim=194 maxerr=1.16E-07 time=1.856
After sweep 11 energy=-6.010727  maxlinkdim=210 maxerr=1.53E-07 time=1.910
After sweep 12 energy=-6.0140047  maxlinkdim=225 maxerr=2.83E-08 time=1.978
After sweep 13 energy=-6.0173798  maxlinkdim=238 maxerr=6.76E-10 time=2.176
After sweep 14 energy=-6.0192823  maxlinkdim=239 maxerr=1.33E-07 time=2.269
After sweep 15 energy=-6.020617  maxlinkdim=286 maxerr=8.13E-08 time=2.305
After sweep 16 energy=-6.021513  maxlinkdim=256 maxerr=6.89E-10 time=2.401
After sweep 17 energy=-6.022211  maxlinkdim=242 maxerr=9.99E-08 time=2.500
After sweep 18 energy=-6.0227118  maxlinkdim=250 maxerr=4.45E-08 time=2.654
After sweep 19 energy=-6.023096  maxlinkdim=293 maxerr=4.12E-10 time=2.812
After sweep 20 energy=-6.0233717  maxlinkdim=292 maxerr=2.05E-07 time=2.960
After sweep 21 energy=-6.0235434  maxlinkdim=273 maxerr=3.91E-10 time=3.108
After sweep 22 energy=-6.023656  maxlinkdim=296 maxerr=2.83E-07 time=3.336
After sweep 23 energy=-6.0237274  maxlinkdim=300 maxerr=8.49E-08 time=3.598
After sweep 24 energy=-6.0237594  maxlinkdim=300 maxerr=7.54E-08 time=3.804
After sweep 25 energy=-6.0237846  maxlinkdim=300 maxerr=1.30E-08 time=3.988
After sweep 26 energy=-6.0237927  maxlinkdim=300 maxerr=4.73E-08 time=4.156
After sweep 27 energy=-6.0238004  maxlinkdim=300 maxerr=6.57E-10 time=4.235
After sweep 28 energy=-6.023817  maxlinkdim=300 maxerr=8.84E-08 time=4.221
After sweep 29 energy=-6.023816  maxlinkdim=300 maxerr=1.62E-07 time=4.203
After sweep 30 energy=-6.023815  maxlinkdim=300 maxerr=2.74E-07 time=4.188
Same mu: -2.6532001135405214 and continuing
Target density achieved with mu=-2.6532001135405214, n=0.4999978
Checking {alpha,beta} vs measured
Beta not converged.
NOT CONVERGED; updating alpha, beta and continuing...
After sweep 1 energy=-4.6809416  maxlinkdim=16 maxerr=3.33E-07 time=0.863
After sweep 2 energy=-5.7841587  maxlinkdim=185 maxerr=2.12E-08 time=1.216
After sweep 3 energy=-5.868749  maxlinkdim=195 maxerr=1.18E-07 time=2.055
After sweep 4 energy=-5.9144206  maxlinkdim=220 maxerr=9.73E-08 time=1.881
After sweep 5 energy=-5.9429893  maxlinkdim=192 maxerr=1.65E-07 time=1.830
After sweep 6 energy=-5.964869  maxlinkdim=231 maxerr=3.05E-07 time=1.733
After sweep 7 energy=-5.9829226  maxlinkdim=197 maxerr=1.78E-09 time=1.843
After sweep 8 energy=-5.9937363  maxlinkdim=199 maxerr=1.36E-09 time=1.794
After sweep 9 energy=-6.001196  maxlinkdim=201 maxerr=1.71E-07 time=1.808
After sweep 10 energy=-6.0068135  maxlinkdim=208 maxerr=6.44E-08 time=1.830
After sweep 11 energy=-6.010693  maxlinkdim=258 maxerr=1.01E-07 time=1.931
After sweep 12 energy=-6.0141277  maxlinkdim=285 maxerr=1.30E-07 time=2.007
After sweep 13 energy=-6.017108  maxlinkdim=218 maxerr=1.11E-09 time=2.137
After sweep 14 energy=-6.018812  maxlinkdim=248 maxerr=1.23E-09 time=2.135
After sweep 15 energy=-6.020316  maxlinkdim=234 maxerr=1.50E-09 time=2.267
After sweep 16 energy=-6.021353  maxlinkdim=253 maxerr=5.21E-09 time=2.346
After sweep 17 energy=-6.022073  maxlinkdim=259 maxerr=1.68E-09 time=2.471
After sweep 18 energy=-6.022567  maxlinkdim=300 maxerr=2.59E-08 time=2.563
After sweep 19 energy=-6.0229177  maxlinkdim=294 maxerr=7.24E-10 time=2.630
After sweep 20 energy=-6.0232773  maxlinkdim=284 maxerr=1.24E-07 time=2.838
After sweep 21 energy=-6.0235415  maxlinkdim=300 maxerr=2.15E-07 time=3.120
After sweep 22 energy=-6.023671  maxlinkdim=300 maxerr=1.34E-09 time=3.348
After sweep 23 energy=-6.023757  maxlinkdim=300 maxerr=1.95E-07 time=3.518
After sweep 24 energy=-6.0237904  maxlinkdim=300 maxerr=3.31E-10 time=3.738
After sweep 25 energy=-6.023831  maxlinkdim=300 maxerr=1.71E-07 time=3.972
After sweep 26 energy=-6.0237994  maxlinkdim=300 maxerr=7.38E-08 time=4.132
After sweep 27 energy=-6.02378  maxlinkdim=300 maxerr=9.04E-10 time=4.180
After sweep 28 energy=-6.0237865  maxlinkdim=300 maxerr=6.02E-08 time=4.168
After sweep 29 energy=-6.0238132  maxlinkdim=300 maxerr=9.30E-08 time=4.151
After sweep 30 energy=-6.0238056  maxlinkdim=300 maxerr=1.91E-08 time=4.133
Same mu: -2.6532001135405214 and continuing
Target density achieved with mu=-2.6532001135405214, n=0.4999976
Checking {alpha,beta} vs measured
Beta not converged.
NOT CONVERGED; updating alpha, beta and continuing...
After sweep 1 energy=-4.670656  maxlinkdim=16 maxerr=2.97E-07 time=0.551
After sweep 2 energy=-5.7826104  maxlinkdim=176 maxerr=1.33E-08 time=1.290
After sweep 3 energy=-5.8698635  maxlinkdim=209 maxerr=5.09E-08 time=2.016
After sweep 4 energy=-5.916898  maxlinkdim=228 maxerr=2.08E-08 time=1.997
After sweep 5 energy=-5.9452972  maxlinkdim=207 maxerr=8.96E-08 time=1.987
After sweep 6 energy=-5.9661255  maxlinkdim=230 maxerr=6.79E-08 time=1.806
After sweep 7 energy=-5.981695  maxlinkdim=197 maxerr=2.96E-09 time=1.793
After sweep 8 energy=-5.992186  maxlinkdim=209 maxerr=2.20E-09 time=1.775
After sweep 9 energy=-5.999815  maxlinkdim=226 maxerr=1.32E-09 time=1.782
After sweep 10 energy=-6.005288  maxlinkdim=189 maxerr=2.73E-08 time=1.808
After sweep 11 energy=-6.0094943  maxlinkdim=214 maxerr=1.03E-09 time=1.871
After sweep 12 energy=-6.0128317  maxlinkdim=192 maxerr=2.06E-07 time=1.895
After sweep 13 energy=-6.0155582  maxlinkdim=209 maxerr=1.56E-08 time=1.941
After sweep 14 energy=-6.0176053  maxlinkdim=217 maxerr=1.25E-07 time=2.041
After sweep 15 energy=-6.0195894  maxlinkdim=262 maxerr=6.78E-08 time=2.261
After sweep 16 energy=-6.0212216  maxlinkdim=300 maxerr=7.49E-09 time=2.455
After sweep 17 energy=-6.021943  maxlinkdim=289 maxerr=1.54E-09 time=2.463
After sweep 18 energy=-6.022543  maxlinkdim=281 maxerr=3.49E-08 time=2.562
After sweep 19 energy=-6.022992  maxlinkdim=295 maxerr=1.46E-08 time=2.766
After sweep 20 energy=-6.02332  maxlinkdim=271 maxerr=7.86E-10 time=2.957
After sweep 21 energy=-6.023509  maxlinkdim=300 maxerr=6.02E-10 time=3.007
After sweep 22 energy=-6.023672  maxlinkdim=300 maxerr=9.85E-08 time=3.262
After sweep 23 energy=-6.02374  maxlinkdim=300 maxerr=4.96E-08 time=3.531
After sweep 24 energy=-6.0238047  maxlinkdim=300 maxerr=8.28E-08 time=3.704
After sweep 25 energy=-6.0238066  maxlinkdim=300 maxerr=6.64E-10 time=3.855
After sweep 26 energy=-6.023792  maxlinkdim=300 maxerr=4.24E-10 time=4.088
After sweep 27 energy=-6.023792  maxlinkdim=300 maxerr=2.02E-07 time=4.173
After sweep 28 energy=-6.023775  maxlinkdim=300 maxerr=5.16E-08 time=4.163
After sweep 29 energy=-6.02381  maxlinkdim=300 maxerr=9.22E-08 time=4.141
After sweep 30 energy=-6.0238  maxlinkdim=300 maxerr=2.14E-08 time=4.129
Same mu: -2.6532001135405214 and continuing
Target density achieved with mu=-2.6532001135405214, n=0.49999774
Checking {alpha,beta} vs measured
Beta not converged.
NOT CONVERGED; updating alpha, beta and continuing...
After sweep 1 energy=-4.683373  maxlinkdim=16 maxerr=2.38E-07 time=0.562
After sweep 2 energy=-5.781675  maxlinkdim=188 maxerr=9.29E-08 time=1.270
After sweep 3 energy=-5.8697157  maxlinkdim=203 maxerr=1.30E-08 time=1.952
After sweep 4 energy=-5.9176035  maxlinkdim=223 maxerr=1.23E-08 time=1.964
After sweep 5 energy=-5.9451756  maxlinkdim=195 maxerr=1.06E-07 time=1.909
After sweep 6 energy=-5.966018  maxlinkdim=226 maxerr=1.28E-09 time=1.810
After sweep 7 energy=-5.980986  maxlinkdim=261 maxerr=1.05E-07 time=1.784
After sweep 8 energy=-5.9923263  maxlinkdim=255 maxerr=6.64E-08 time=1.857
After sweep 9 energy=-5.9998503  maxlinkdim=271 maxerr=1.86E-07 time=1.837
After sweep 10 energy=-6.007511  maxlinkdim=225 maxerr=6.06E-10 time=1.946
After sweep 11 energy=-6.011533  maxlinkdim=199 maxerr=1.31E-07 time=1.987
After sweep 12 energy=-6.0146646  maxlinkdim=218 maxerr=1.38E-09 time=1.982
After sweep 13 energy=-6.0170817  maxlinkdim=216 maxerr=1.07E-07 time=2.028
After sweep 14 energy=-6.0187697  maxlinkdim=231 maxerr=1.50E-08 time=2.103
After sweep 15 energy=-6.0202293  maxlinkdim=232 maxerr=4.21E-10 time=2.271
After sweep 16 energy=-6.021329  maxlinkdim=227 maxerr=5.85E-10 time=2.375
After sweep 17 energy=-6.022002  maxlinkdim=242 maxerr=3.24E-08 time=2.444
After sweep 18 energy=-6.02252  maxlinkdim=253 maxerr=6.21E-10 time=2.548
After sweep 19 energy=-6.02298  maxlinkdim=240 maxerr=1.72E-07 time=2.754
After sweep 20 energy=-6.023283  maxlinkdim=262 maxerr=1.11E-09 time=2.802
After sweep 21 energy=-6.0235214  maxlinkdim=268 maxerr=2.05E-07 time=2.984
After sweep 22 energy=-6.0236254  maxlinkdim=287 maxerr=1.90E-08 time=3.171
After sweep 23 energy=-6.0237284  maxlinkdim=300 maxerr=1.72E-07 time=3.392
After sweep 24 energy=-6.023785  maxlinkdim=300 maxerr=7.47E-10 time=3.671
After sweep 25 energy=-6.023812  maxlinkdim=300 maxerr=1.75E-08 time=3.891
After sweep 26 energy=-6.023798  maxlinkdim=300 maxerr=1.23E-07 time=4.071
After sweep 27 energy=-6.0237885  maxlinkdim=300 maxerr=7.52E-10 time=4.173
After sweep 28 energy=-6.0238028  maxlinkdim=300 maxerr=6.05E-10 time=4.163
After sweep 29 energy=-6.023786  maxlinkdim=300 maxerr=1.73E-07 time=4.138
After sweep 30 energy=-6.023814  maxlinkdim=300 maxerr=2.82E-08 time=4.137
Same mu: -2.6532001135405214 and continuing
Target density achieved with mu=-2.6532001135405214, n=0.49999914
Checking {alpha,beta} vs measured
Beta not converged.
NOT CONVERGED; updating alpha, beta and continuing...
After sweep 1 energy=-4.6935186  maxlinkdim=16 maxerr=2.81E-07 time=0.551
After sweep 2 energy=-5.7877946  maxlinkdim=185 maxerr=2.60E-08 time=1.243
After sweep 3 energy=-5.8717813  maxlinkdim=202 maxerr=2.61E-07 time=1.963
After sweep 4 energy=-5.9177885  maxlinkdim=220 maxerr=1.09E-09 time=1.940
After sweep 5 energy=-5.9450765  maxlinkdim=196 maxerr=1.25E-08 time=1.830
After sweep 6 energy=-5.9677243  maxlinkdim=256 maxerr=1.77E-07 time=1.813
After sweep 7 energy=-5.9819202  maxlinkdim=184 maxerr=1.71E-07 time=1.789
After sweep 8 energy=-5.992938  maxlinkdim=228 maxerr=1.20E-09 time=1.800
After sweep 9 energy=-6.000349  maxlinkdim=263 maxerr=7.16E-09 time=1.859
After sweep 10 energy=-6.0058804  maxlinkdim=213 maxerr=5.45E-10 time=1.891
After sweep 11 energy=-6.009904  maxlinkdim=244 maxerr=1.27E-07 time=1.915
After sweep 12 energy=-6.013214  maxlinkdim=242 maxerr=1.22E-09 time=1.998
After sweep 13 energy=-6.0163856  maxlinkdim=260 maxerr=2.15E-07 time=2.129
After sweep 14 energy=-6.018779  maxlinkdim=274 maxerr=1.23E-09 time=2.306
After sweep 15 energy=-6.0201416  maxlinkdim=259 maxerr=4.20E-10 time=2.294
After sweep 16 energy=-6.0210476  maxlinkdim=236 maxerr=1.86E-07 time=2.360
After sweep 17 energy=-6.021803  maxlinkdim=249 maxerr=7.30E-10 time=2.418
After sweep 18 energy=-6.0224767  maxlinkdim=249 maxerr=1.42E-07 time=2.545
After sweep 19 energy=-6.0229955  maxlinkdim=294 maxerr=3.74E-08 time=2.751
After sweep 20 energy=-6.023307  maxlinkdim=297 maxerr=3.08E-08 time=2.911
After sweep 21 energy=-6.0235214  maxlinkdim=300 maxerr=6.85E-08 time=3.035
After sweep 22 energy=-6.0236483  maxlinkdim=300 maxerr=6.74E-08 time=3.254
After sweep 23 energy=-6.023752  maxlinkdim=300 maxerr=1.91E-07 time=3.469
After sweep 24 energy=-6.023771  maxlinkdim=300 maxerr=1.21E-08 time=3.637
After sweep 25 energy=-6.0238166  maxlinkdim=300 maxerr=5.79E-08 time=3.840
After sweep 26 energy=-6.0238037  maxlinkdim=300 maxerr=3.55E-10 time=4.050
After sweep 27 energy=-6.0237865  maxlinkdim=300 maxerr=8.42E-09 time=4.166
After sweep 28 energy=-6.0237856  maxlinkdim=300 maxerr=2.34E-07 time=4.159
After sweep 29 energy=-6.0237956  maxlinkdim=300 maxerr=2.88E-09 time=4.128
After sweep 30 energy=-6.0237846  maxlinkdim=300 maxerr=2.62E-08 time=4.112
Same mu: -2.6532001135405214 and continuing
Target density achieved with mu=-2.6532001135405214, n=0.4999973
Checking {alpha,beta} vs measured
Beta not converged.
NOT CONVERGED; updating alpha, beta and continuing...
After sweep 1 energy=-4.6707253  maxlinkdim=16 maxerr=2.40E-07 time=0.577
After sweep 2 energy=-5.7858405  maxlinkdim=179 maxerr=7.25E-08 time=1.228
After sweep 3 energy=-5.871928  maxlinkdim=190 maxerr=5.18E-08 time=1.960
After sweep 4 energy=-5.919653  maxlinkdim=216 maxerr=7.24E-08 time=1.964
After sweep 5 energy=-5.946444  maxlinkdim=190 maxerr=4.26E-08 time=1.911
After sweep 6 energy=-5.9678965  maxlinkdim=239 maxerr=1.34E-07 time=1.811
After sweep 7 energy=-5.9829426  maxlinkdim=227 maxerr=1.52E-07 time=1.804
After sweep 8 energy=-5.9936976  maxlinkdim=293 maxerr=1.08E-07 time=1.811
After sweep 9 energy=-6.000612  maxlinkdim=199 maxerr=9.98E-11 time=1.813
After sweep 10 energy=-6.0059533  maxlinkdim=199 maxerr=5.85E-10 time=1.826
After sweep 11 energy=-6.010242  maxlinkdim=235 maxerr=2.23E-08 time=1.939
After sweep 12 energy=-6.013404  maxlinkdim=277 maxerr=5.03E-10 time=2.026
After sweep 13 energy=-6.0162106  maxlinkdim=237 maxerr=1.74E-09 time=2.138
After sweep 14 energy=-6.0186434  maxlinkdim=243 maxerr=1.57E-07 time=2.291
After sweep 15 energy=-6.0199537  maxlinkdim=251 maxerr=4.95E-08 time=2.322
After sweep 16 energy=-6.0210104  maxlinkdim=233 maxerr=1.48E-09 time=2.442
After sweep 17 energy=-6.021736  maxlinkdim=253 maxerr=6.95E-08 time=2.514
After sweep 18 energy=-6.0223446  maxlinkdim=274 maxerr=4.85E-10 time=2.634
After sweep 19 energy=-6.022758  maxlinkdim=266 maxerr=1.14E-07 time=2.747
After sweep 20 energy=-6.0231133  maxlinkdim=278 maxerr=5.12E-08 time=2.821
After sweep 21 energy=-6.0234504  maxlinkdim=299 maxerr=3.64E-10 time=3.128
After sweep 22 energy=-6.023612  maxlinkdim=300 maxerr=2.12E-07 time=3.328
After sweep 23 energy=-6.023746  maxlinkdim=300 maxerr=1.40E-08 time=3.465
After sweep 24 energy=-6.0237417  maxlinkdim=300 maxerr=1.35E-07 time=3.680
After sweep 25 energy=-6.0237913  maxlinkdim=300 maxerr=3.76E-08 time=3.839
After sweep 26 energy=-6.0237656  maxlinkdim=300 maxerr=6.42E-08 time=4.058
After sweep 27 energy=-6.023808  maxlinkdim=300 maxerr=7.30E-10 time=4.197
After sweep 28 energy=-6.0238037  maxlinkdim=300 maxerr=9.51E-08 time=4.212
After sweep 29 energy=-6.023804  maxlinkdim=300 maxerr=4.68E-10 time=4.198
After sweep 30 energy=-6.0238256  maxlinkdim=300 maxerr=1.74E-07 time=4.182
Same mu: -2.6532001135405214 and continuing
Target density achieved with mu=-2.6532001135405214, n=0.4999979
Checking {alpha,beta} vs measured
Beta not converged.
NOT CONVERGED; updating alpha, beta and continuing...
After sweep 1 energy=-4.683843  maxlinkdim=16 maxerr=2.47E-07 time=0.891
After sweep 2 energy=-5.787341  maxlinkdim=172 maxerr=1.13E-08 time=1.198
After sweep 3 energy=-5.872894  maxlinkdim=191 maxerr=7.28E-09 time=2.042
After sweep 4 energy=-5.919604  maxlinkdim=204 maxerr=5.72E-09 time=1.961
After sweep 5 energy=-5.9469943  maxlinkdim=200 maxerr=3.64E-09 time=1.872
After sweep 6 energy=-5.967998  maxlinkdim=231 maxerr=9.98E-11 time=1.822
After sweep 7 energy=-5.982381  maxlinkdim=217 maxerr=2.06E-09 time=1.754
After sweep 8 energy=-5.9928584  maxlinkdim=300 maxerr=2.37E-08 time=1.779
After sweep 9 energy=-6.0001884  maxlinkdim=189 maxerr=1.23E-07 time=1.777
After sweep 10 energy=-6.005385  maxlinkdim=189 maxerr=1.16E-08 time=1.773
After sweep 11 energy=-6.009648  maxlinkdim=192 maxerr=4.16E-08 time=1.817
After sweep 12 energy=-6.0131006  maxlinkdim=205 maxerr=2.63E-07 time=1.901
After sweep 13 energy=-6.016701  maxlinkdim=233 maxerr=4.75E-08 time=2.088
After sweep 14 energy=-6.0185537  maxlinkdim=226 maxerr=1.08E-07 time=2.141
After sweep 15 energy=-6.020155  maxlinkdim=232 maxerr=1.31E-07 time=2.220
After sweep 16 energy=-6.02131  maxlinkdim=242 maxerr=1.03E-09 time=2.366
After sweep 17 energy=-6.02204  maxlinkdim=263 maxerr=1.24E-09 time=2.420
After sweep 18 energy=-6.0225677  maxlinkdim=272 maxerr=4.08E-09 time=2.574
After sweep 19 energy=-6.02297  maxlinkdim=292 maxerr=6.78E-10 time=2.709
After sweep 20 energy=-6.023287  maxlinkdim=300 maxerr=1.21E-07 time=2.902
After sweep 21 energy=-6.0235167  maxlinkdim=295 maxerr=1.47E-10 time=3.023
After sweep 22 energy=-6.0236187  maxlinkdim=281 maxerr=3.55E-08 time=3.145
After sweep 23 energy=-6.0237136  maxlinkdim=300 maxerr=2.77E-08 time=3.327
After sweep 24 energy=-6.023771  maxlinkdim=300 maxerr=3.08E-07 time=3.504
After sweep 25 energy=-6.023795  maxlinkdim=300 maxerr=8.05E-10 time=3.774
After sweep 26 energy=-6.023809  maxlinkdim=300 maxerr=8.19E-08 time=4.046
After sweep 27 energy=-6.023818  maxlinkdim=300 maxerr=6.43E-08 time=4.149
After sweep 28 energy=-6.023816  maxlinkdim=300 maxerr=1.46E-07 time=4.197
After sweep 29 energy=-6.023794  maxlinkdim=300 maxerr=1.82E-07 time=4.151
After sweep 30 energy=-6.0237913  maxlinkdim=300 maxerr=6.75E-10 time=4.144
Same mu: -2.6532001135405214 and continuing
Target density achieved with mu=-2.6532001135405214, n=0.4999977
Checking {alpha,beta} vs measured
Beta not converged.
NOT CONVERGED; updating alpha, beta and continuing...
After sweep 1 energy=-4.671749  maxlinkdim=16 maxerr=3.31E-07 time=0.541
After sweep 2 energy=-5.782778  maxlinkdim=182 maxerr=2.13E-08 time=1.225
After sweep 3 energy=-5.8699102  maxlinkdim=208 maxerr=1.21E-07 time=2.014
After sweep 4 energy=-5.917079  maxlinkdim=211 maxerr=2.15E-07 time=1.943
After sweep 5 energy=-5.9453225  maxlinkdim=189 maxerr=6.12E-10 time=1.873
After sweep 6 energy=-5.965899  maxlinkdim=206 maxerr=3.52E-09 time=1.774
After sweep 7 energy=-5.9811254  maxlinkdim=225 maxerr=1.73E-09 time=1.780
After sweep 8 energy=-5.9926763  maxlinkdim=282 maxerr=4.93E-08 time=1.836
After sweep 9 energy=-6.0000296  maxlinkdim=203 maxerr=3.74E-09 time=1.850
After sweep 10 energy=-6.005751  maxlinkdim=207 maxerr=9.56E-10 time=1.843
After sweep 11 energy=-6.0097175  maxlinkdim=214 maxerr=1.33E-09 time=1.899
After sweep 12 energy=-6.0133677  maxlinkdim=231 maxerr=1.41E-07 time=1.994
After sweep 13 energy=-6.0165033  maxlinkdim=210 maxerr=4.90E-08 time=2.085
After sweep 14 energy=-6.0182824  maxlinkdim=244 maxerr=2.64E-07 time=2.103
After sweep 15 energy=-6.019717  maxlinkdim=231 maxerr=1.54E-07 time=2.201
After sweep 16 energy=-6.0208545  maxlinkdim=235 maxerr=1.52E-07 time=2.294
After sweep 17 energy=-6.0217  maxlinkdim=255 maxerr=1.99E-07 time=2.405
After sweep 18 energy=-6.022366  maxlinkdim=252 maxerr=1.67E-07 time=2.579
After sweep 19 energy=-6.022784  maxlinkdim=254 maxerr=5.93E-10 time=2.658
After sweep 20 energy=-6.023197  maxlinkdim=300 maxerr=1.12E-10 time=2.800
After sweep 21 energy=-6.023468  maxlinkdim=279 maxerr=2.09E-07 time=3.099
After sweep 22 energy=-6.023599  maxlinkdim=284 maxerr=2.46E-10 time=3.191
After sweep 23 energy=-6.023714  maxlinkdim=300 maxerr=5.52E-10 time=3.278
After sweep 24 energy=-6.0237665  maxlinkdim=300 maxerr=2.20E-08 time=3.581
After sweep 25 energy=-6.0237527  maxlinkdim=300 maxerr=6.51E-10 time=3.787
After sweep 26 energy=-6.023836  maxlinkdim=300 maxerr=2.08E-08 time=3.960
After sweep 27 energy=-6.0237985  maxlinkdim=300 maxerr=5.02E-10 time=4.127
After sweep 28 energy=-6.0238156  maxlinkdim=300 maxerr=1.61E-09 time=4.174
After sweep 29 energy=-6.0238023  maxlinkdim=300 maxerr=6.15E-08 time=4.151
After sweep 30 energy=-6.023797  maxlinkdim=300 maxerr=5.77E-08 time=4.152
Same mu: -2.6532001135405214 and continuing
Target density achieved with mu=-2.6532001135405214, n=0.49999794
Checking {alpha,beta} vs measured
Beta not converged.
NOT CONVERGED; updating alpha, beta and continuing...
After sweep 1 energy=-4.679482  maxlinkdim=16 maxerr=3.03E-07 time=0.557
After sweep 2 energy=-5.781809  maxlinkdim=175 maxerr=1.28E-07 time=1.239
After sweep 3 energy=-5.8665504  maxlinkdim=183 maxerr=1.50E-09 time=1.955
After sweep 4 energy=-5.915681  maxlinkdim=255 maxerr=7.26E-08 time=1.970
After sweep 5 energy=-5.94339  maxlinkdim=207 maxerr=1.43E-07 time=1.944
After sweep 6 energy=-5.964766  maxlinkdim=230 maxerr=2.71E-07 time=1.818
After sweep 7 energy=-5.9815392  maxlinkdim=197 maxerr=2.27E-08 time=1.778
After sweep 8 energy=-5.9923143  maxlinkdim=212 maxerr=1.03E-07 time=1.808
After sweep 9 energy=-6.0001903  maxlinkdim=232 maxerr=1.02E-09 time=1.785
After sweep 10 energy=-6.007601  maxlinkdim=211 maxerr=8.83E-10 time=1.967
After sweep 11 energy=-6.011519  maxlinkdim=268 maxerr=7.61E-08 time=1.950
After sweep 12 energy=-6.0144396  maxlinkdim=211 maxerr=3.68E-10 time=1.936
After sweep 13 energy=-6.0169983  maxlinkdim=235 maxerr=1.91E-09 time=2.064
After sweep 14 energy=-6.0186963  maxlinkdim=220 maxerr=4.35E-10 time=2.083
After sweep 15 energy=-6.020153  maxlinkdim=219 maxerr=1.44E-07 time=2.182
After sweep 16 energy=-6.021515  maxlinkdim=261 maxerr=2.50E-07 time=2.378
After sweep 17 energy=-6.0222206  maxlinkdim=266 maxerr=5.77E-08 time=2.481
After sweep 18 energy=-6.0227356  maxlinkdim=275 maxerr=1.88E-08 time=2.578
After sweep 19 energy=-6.0230684  maxlinkdim=286 maxerr=2.62E-08 time=2.689
After sweep 20 energy=-6.023341  maxlinkdim=300 maxerr=1.52E-09 time=2.864
After sweep 21 energy=-6.023536  maxlinkdim=300 maxerr=1.66E-07 time=3.064
After sweep 22 energy=-6.0236664  maxlinkdim=300 maxerr=3.79E-08 time=3.238
After sweep 23 energy=-6.023712  maxlinkdim=300 maxerr=9.87E-08 time=3.415
After sweep 24 energy=-6.0237556  maxlinkdim=300 maxerr=2.40E-07 time=3.570
After sweep 25 energy=-6.0237875  maxlinkdim=300 maxerr=1.35E-07 time=3.820
After sweep 26 energy=-6.023782  maxlinkdim=300 maxerr=1.70E-07 time=4.056
After sweep 27 energy=-6.0237722  maxlinkdim=300 maxerr=3.85E-09 time=4.168
After sweep 28 energy=-6.0237713  maxlinkdim=300 maxerr=1.21E-07 time=4.178
After sweep 29 energy=-6.0237913  maxlinkdim=300 maxerr=1.84E-08 time=4.152
After sweep 30 energy=-6.0237737  maxlinkdim=300 maxerr=8.55E-08 time=4.133
Same mu: -2.6532001135405214 and continuing
Target density achieved with mu=-2.6532001135405214, n=0.49999738
Checking {alpha,beta} vs measured
Beta not converged.
NOT CONVERGED; updating alpha, beta and continuing...
After sweep 1 energy=-4.6799483  maxlinkdim=16 maxerr=4.01E-07 time=0.548
After sweep 2 energy=-5.7938924  maxlinkdim=186 maxerr=1.04E-07 time=1.249
After sweep 3 energy=-5.8769603  maxlinkdim=186 maxerr=1.79E-07 time=2.019
After sweep 4 energy=-5.921146  maxlinkdim=202 maxerr=1.07E-07 time=1.927
After sweep 5 energy=-5.947548  maxlinkdim=197 maxerr=7.14E-10 time=1.881
After sweep 6 energy=-5.967672  maxlinkdim=267 maxerr=5.52E-10 time=1.758
After sweep 7 energy=-5.983361  maxlinkdim=210 maxerr=1.22E-09 time=1.797
After sweep 8 energy=-5.9940124  maxlinkdim=226 maxerr=1.49E-09 time=1.837
After sweep 9 energy=-6.0008154  maxlinkdim=200 maxerr=8.28E-08 time=1.774
After sweep 10 energy=-6.0066595  maxlinkdim=270 maxerr=3.01E-08 time=1.847
After sweep 11 energy=-6.0105433  maxlinkdim=264 maxerr=8.12E-10 time=1.967
After sweep 12 energy=-6.013715  maxlinkdim=268 maxerr=2.62E-07 time=2.026
After sweep 13 energy=-6.016489  maxlinkdim=226 maxerr=1.07E-08 time=2.101
After sweep 14 energy=-6.018551  maxlinkdim=219 maxerr=7.71E-10 time=2.163
After sweep 15 energy=-6.0201006  maxlinkdim=235 maxerr=1.07E-07 time=2.280
After sweep 16 energy=-6.0210447  maxlinkdim=218 maxerr=3.99E-08 time=2.324
After sweep 17 energy=-6.021792  maxlinkdim=242 maxerr=2.85E-07 time=2.357
After sweep 18 energy=-6.0224595  maxlinkdim=263 maxerr=1.97E-09 time=2.586
After sweep 19 energy=-6.0228324  maxlinkdim=263 maxerr=8.53E-08 time=2.680
After sweep 20 energy=-6.023129  maxlinkdim=298 maxerr=9.74E-10 time=2.742
After sweep 21 energy=-6.0234103  maxlinkdim=300 maxerr=4.19E-10 time=2.961
After sweep 22 energy=-6.0235558  maxlinkdim=300 maxerr=8.41E-08 time=3.096
After sweep 23 energy=-6.0236864  maxlinkdim=300 maxerr=2.18E-10 time=3.231
After sweep 24 energy=-6.0237446  maxlinkdim=300 maxerr=2.57E-07 time=3.392
After sweep 25 energy=-6.023773  maxlinkdim=300 maxerr=1.28E-07 time=3.657
After sweep 26 energy=-6.0237904  maxlinkdim=300 maxerr=4.47E-08 time=3.938
After sweep 27 energy=-6.0238047  maxlinkdim=300 maxerr=2.01E-07 time=4.106
After sweep 28 energy=-6.023802  maxlinkdim=300 maxerr=1.78E-07 time=4.170
After sweep 29 energy=-6.023803  maxlinkdim=300 maxerr=7.64E-10 time=4.148
After sweep 30 energy=-6.0237913  maxlinkdim=300 maxerr=7.25E-08 time=4.122
Same mu: -2.6532001135405214 and continuing
Target density achieved with mu=-2.6532001135405214, n=0.4999981
Checking {alpha,beta} vs measured
Beta not converged.
NOT CONVERGED; updating alpha, beta and continuing...
After sweep 1 energy=-4.6802526  maxlinkdim=16 maxerr=2.90E-07 time=0.562
After sweep 2 energy=-5.782462  maxlinkdim=180 maxerr=5.45E-08 time=1.277
After sweep 3 energy=-5.868649  maxlinkdim=194 maxerr=3.50E-08 time=1.961
After sweep 4 energy=-5.9154806  maxlinkdim=217 maxerr=1.10E-09 time=1.975
After sweep 5 energy=-5.944407  maxlinkdim=195 maxerr=1.23E-07 time=1.867
After sweep 6 energy=-5.9658217  maxlinkdim=224 maxerr=1.01E-09 time=1.782
After sweep 7 energy=-5.9812713  maxlinkdim=216 maxerr=2.51E-07 time=1.751
After sweep 8 energy=-5.992841  maxlinkdim=236 maxerr=2.50E-09 time=1.825
After sweep 9 energy=-6.0004177  maxlinkdim=253 maxerr=1.27E-09 time=1.807
After sweep 10 energy=-6.0068855  maxlinkdim=214 maxerr=1.32E-09 time=1.899
After sweep 11 energy=-6.010923  maxlinkdim=275 maxerr=1.16E-09 time=1.964
After sweep 12 energy=-6.014096  maxlinkdim=263 maxerr=9.20E-08 time=2.022
After sweep 13 energy=-6.0173655  maxlinkdim=228 maxerr=7.74E-10 time=2.214
After sweep 14 energy=-6.019141  maxlinkdim=223 maxerr=1.66E-09 time=2.249
After sweep 15 energy=-6.0204554  maxlinkdim=243 maxerr=5.75E-08 time=2.304
After sweep 16 energy=-6.02161  maxlinkdim=234 maxerr=7.06E-08 time=2.450
After sweep 17 energy=-6.0222993  maxlinkdim=230 maxerr=9.62E-09 time=2.558
After sweep 18 energy=-6.022764  maxlinkdim=238 maxerr=7.66E-08 time=2.584
After sweep 19 energy=-6.023084  maxlinkdim=256 maxerr=1.27E-09 time=2.729
After sweep 20 energy=-6.0233593  maxlinkdim=268 maxerr=8.92E-08 time=2.923
After sweep 21 energy=-6.023518  maxlinkdim=274 maxerr=4.55E-10 time=3.056
After sweep 22 energy=-6.023652  maxlinkdim=300 maxerr=9.10E-10 time=3.195
After sweep 23 energy=-6.0237627  maxlinkdim=300 maxerr=6.02E-08 time=3.523
After sweep 24 energy=-6.0238094  maxlinkdim=300 maxerr=8.83E-10 time=3.785
After sweep 25 energy=-6.0238085  maxlinkdim=300 maxerr=5.16E-08 time=3.958
After sweep 26 energy=-6.0238204  maxlinkdim=300 maxerr=5.77E-08 time=4.512
After sweep 27 energy=-6.023818  maxlinkdim=300 maxerr=6.64E-08 time=4.184
After sweep 28 energy=-6.023821  maxlinkdim=300 maxerr=1.14E-07 time=4.168
After sweep 29 energy=-6.0237794  maxlinkdim=300 maxerr=6.43E-08 time=4.156
After sweep 30 energy=-6.0237894  maxlinkdim=300 maxerr=3.78E-07 time=4.143
Same mu: -2.6532001135405214 and continuing
Target density achieved with mu=-2.6532001135405214, n=0.4999966
Checking {alpha,beta} vs measured
Beta not converged.
NOT CONVERGED; updating alpha, beta and continuing...
After sweep 1 energy=-4.6933746  maxlinkdim=16 maxerr=3.20E-07 time=0.561
After sweep 2 energy=-5.785269  maxlinkdim=171 maxerr=8.80E-08 time=1.232
After sweep 3 energy=-5.868902  maxlinkdim=197 maxerr=5.25E-08 time=1.941
After sweep 4 energy=-5.9173827  maxlinkdim=223 maxerr=7.87E-08 time=1.934
After sweep 5 energy=-5.945142  maxlinkdim=213 maxerr=6.28E-08 time=1.945
After sweep 6 energy=-5.9650755  maxlinkdim=243 maxerr=1.79E-08 time=1.853
After sweep 7 energy=-5.9796457  maxlinkdim=263 maxerr=4.20E-08 time=1.780
After sweep 8 energy=-5.990543  maxlinkdim=209 maxerr=3.97E-08 time=1.742
After sweep 9 energy=-5.998607  maxlinkdim=234 maxerr=3.28E-08 time=1.758
After sweep 10 energy=-6.004646  maxlinkdim=248 maxerr=1.93E-07 time=1.821
After sweep 11 energy=-6.009453  maxlinkdim=256 maxerr=2.54E-10 time=1.898
After sweep 12 energy=-6.012797  maxlinkdim=231 maxerr=1.29E-07 time=1.965
After sweep 13 energy=-6.015584  maxlinkdim=243 maxerr=2.67E-09 time=2.005
After sweep 14 energy=-6.0175095  maxlinkdim=242 maxerr=9.84E-09 time=2.119
After sweep 15 energy=-6.0192075  maxlinkdim=240 maxerr=9.37E-10 time=2.171
After sweep 16 energy=-6.0209503  maxlinkdim=275 maxerr=1.42E-07 time=2.353
After sweep 17 energy=-6.0218334  maxlinkdim=222 maxerr=3.25E-08 time=2.398
After sweep 18 energy=-6.022438  maxlinkdim=220 maxerr=5.52E-08 time=2.431
After sweep 19 energy=-6.022948  maxlinkdim=251 maxerr=7.46E-10 time=2.618
After sweep 20 energy=-6.023224  maxlinkdim=239 maxerr=5.93E-08 time=2.685
After sweep 21 energy=-6.023406  maxlinkdim=261 maxerr=9.79E-08 time=2.782
After sweep 22 energy=-6.023569  maxlinkdim=277 maxerr=1.45E-10 time=2.962
After sweep 23 energy=-6.023672  maxlinkdim=282 maxerr=4.81E-09 time=3.133
After sweep 24 energy=-6.0237412  maxlinkdim=276 maxerr=1.95E-07 time=3.238
After sweep 25 energy=-6.023756  maxlinkdim=300 maxerr=1.13E-07 time=3.515
After sweep 26 energy=-6.0237956  maxlinkdim=300 maxerr=5.72E-08 time=3.794
After sweep 27 energy=-6.0237923  maxlinkdim=300 maxerr=5.39E-10 time=4.032
After sweep 28 energy=-6.0238123  maxlinkdim=300 maxerr=1.45E-07 time=4.168
After sweep 29 energy=-6.02382  maxlinkdim=300 maxerr=2.25E-09 time=4.178
After sweep 30 energy=-6.023792  maxlinkdim=300 maxerr=4.93E-10 time=4.148
Same mu: -2.6532001135405214 and continuing
Target density achieved with mu=-2.6532001135405214, n=0.49999756
Checking {alpha,beta} vs measured
Beta not converged.
NOT CONVERGED; updating alpha, beta and continuing...
After sweep 1 energy=-4.6880198  maxlinkdim=16 maxerr=3.06E-07 time=0.542
After sweep 2 energy=-5.789463  maxlinkdim=179 maxerr=1.42E-08 time=1.234
After sweep 3 energy=-5.873476  maxlinkdim=195 maxerr=2.19E-09 time=2.011
After sweep 4 energy=-5.919515  maxlinkdim=225 maxerr=1.15E-09 time=1.973
After sweep 5 energy=-5.946701  maxlinkdim=193 maxerr=8.68E-08 time=1.868
After sweep 6 energy=-5.9679885  maxlinkdim=224 maxerr=1.29E-07 time=1.808
After sweep 7 energy=-5.9835854  maxlinkdim=226 maxerr=4.30E-08 time=1.820
After sweep 8 energy=-5.9938817  maxlinkdim=250 maxerr=6.23E-09 time=1.838
After sweep 9 energy=-6.0010376  maxlinkdim=277 maxerr=1.86E-09 time=1.825
After sweep 10 energy=-6.0065913  maxlinkdim=208 maxerr=4.26E-08 time=1.875
After sweep 11 energy=-6.010783  maxlinkdim=205 maxerr=1.06E-09 time=1.957
After sweep 12 energy=-6.0138006  maxlinkdim=230 maxerr=5.46E-10 time=1.953
After sweep 13 energy=-6.016205  maxlinkdim=200 maxerr=6.82E-08 time=2.017
After sweep 14 energy=-6.0179386  maxlinkdim=207 maxerr=4.75E-10 time=2.024
After sweep 15 energy=-6.0194974  maxlinkdim=221 maxerr=3.44E-08 time=2.122
After sweep 16 energy=-6.021083  maxlinkdim=236 maxerr=9.99E-11 time=2.378
After sweep 17 energy=-6.0218344  maxlinkdim=229 maxerr=2.55E-08 time=2.404
After sweep 18 energy=-6.022425  maxlinkdim=231 maxerr=3.78E-10 time=2.427
After sweep 19 energy=-6.022811  maxlinkdim=273 maxerr=2.75E-10 time=2.559
After sweep 20 energy=-6.0231323  maxlinkdim=264 maxerr=1.05E-07 time=2.712
After sweep 21 energy=-6.023398  maxlinkdim=264 maxerr=2.28E-08 time=2.910
After sweep 22 energy=-6.023541  maxlinkdim=271 maxerr=9.36E-10 time=3.030
After sweep 23 energy=-6.023676  maxlinkdim=300 maxerr=7.10E-08 time=3.187
After sweep 24 energy=-6.023753  maxlinkdim=300 maxerr=3.75E-08 time=3.440
After sweep 25 energy=-6.0238123  maxlinkdim=300 maxerr=2.16E-07 time=3.687
After sweep 26 energy=-6.0238  maxlinkdim=300 maxerr=9.36E-08 time=3.918
After sweep 27 energy=-6.0238113  maxlinkdim=300 maxerr=3.59E-08 time=4.108
After sweep 28 energy=-6.0238066  maxlinkdim=300 maxerr=4.42E-10 time=4.192
After sweep 29 energy=-6.0238004  maxlinkdim=300 maxerr=1.69E-07 time=4.189
After sweep 30 energy=-6.0238256  maxlinkdim=300 maxerr=4.93E-08 time=4.151
Same mu: -2.6532001135405214 and continuing
Target density achieved with mu=-2.6532001135405214, n=0.49999908
Checking {alpha,beta} vs measured
Beta not converged.
NOT CONVERGED; updating alpha, beta and continuing...
After sweep 1 energy=-4.667182  maxlinkdim=16 maxerr=4.00E-07 time=0.568
After sweep 2 energy=-5.7850056  maxlinkdim=175 maxerr=1.12E-07 time=1.247
After sweep 3 energy=-5.8706775  maxlinkdim=184 maxerr=1.47E-07 time=1.946
After sweep 4 energy=-5.9191604  maxlinkdim=231 maxerr=1.56E-09 time=1.940
After sweep 5 energy=-5.946826  maxlinkdim=200 maxerr=4.08E-10 time=1.897
After sweep 6 energy=-5.967958  maxlinkdim=229 maxerr=2.00E-08 time=1.818
After sweep 7 energy=-5.983409  maxlinkdim=218 maxerr=7.04E-08 time=1.850
After sweep 8 energy=-5.9938025  maxlinkdim=256 maxerr=6.28E-08 time=1.823
After sweep 9 energy=-6.0008197  maxlinkdim=256 maxerr=1.73E-07 time=1.821
After sweep 10 energy=-6.0066333  maxlinkdim=254 maxerr=9.24E-10 time=1.885
After sweep 11 energy=-6.0108047  maxlinkdim=224 maxerr=1.39E-08 time=1.965
After sweep 12 energy=-6.0139775  maxlinkdim=219 maxerr=9.50E-10 time=1.989
After sweep 13 energy=-6.0162296  maxlinkdim=199 maxerr=1.00E-10 time=2.002
After sweep 14 energy=-6.0180016  maxlinkdim=234 maxerr=8.53E-10 time=2.084
After sweep 15 energy=-6.019978  maxlinkdim=250 maxerr=1.35E-07 time=2.266
After sweep 16 energy=-6.0213537  maxlinkdim=251 maxerr=1.20E-07 time=2.470
After sweep 17 energy=-6.0220385  maxlinkdim=242 maxerr=1.48E-07 time=2.439
After sweep 18 energy=-6.0226064  maxlinkdim=300 maxerr=1.75E-08 time=2.585
After sweep 19 energy=-6.0229936  maxlinkdim=285 maxerr=2.09E-07 time=2.688
After sweep 20 energy=-6.0232735  maxlinkdim=273 maxerr=2.28E-08 time=2.804
After sweep 21 energy=-6.023487  maxlinkdim=291 maxerr=6.06E-08 time=3.008
After sweep 22 energy=-6.0236855  maxlinkdim=300 maxerr=1.02E-09 time=3.206
After sweep 23 energy=-6.0237217  maxlinkdim=300 maxerr=1.51E-07 time=3.366
After sweep 24 energy=-6.0238085  maxlinkdim=300 maxerr=1.06E-09 time=3.584
After sweep 25 energy=-6.023814  maxlinkdim=300 maxerr=2.81E-08 time=3.777
After sweep 26 energy=-6.0238066  maxlinkdim=300 maxerr=1.08E-09 time=3.986
After sweep 27 energy=-6.023824  maxlinkdim=300 maxerr=3.41E-08 time=4.149
After sweep 28 energy=-6.023799  maxlinkdim=300 maxerr=9.93E-08 time=4.162
After sweep 29 energy=-6.0237923  maxlinkdim=300 maxerr=5.49E-10 time=4.158
After sweep 30 energy=-6.0238104  maxlinkdim=300 maxerr=1.58E-07 time=4.138
Same mu: -2.6532001135405214 and continuing
Target density achieved with mu=-2.6532001135405214, n=0.49999848
Checking {alpha,beta} vs measured
Beta not converged.
NOT CONVERGED; updating alpha, beta and continuing...
After sweep 1 energy=-4.6850266  maxlinkdim=16 maxerr=3.15E-07 time=0.545
After sweep 2 energy=-5.79251  maxlinkdim=175 maxerr=8.70E-09 time=1.277
After sweep 3 energy=-5.8759995  maxlinkdim=198 maxerr=9.82E-09 time=2.003
After sweep 4 energy=-5.9214354  maxlinkdim=206 maxerr=3.42E-09 time=1.971
After sweep 5 energy=-5.9479713  maxlinkdim=193 maxerr=9.45E-08 time=1.885
After sweep 6 energy=-5.968261  maxlinkdim=226 maxerr=1.44E-07 time=1.769
After sweep 7 energy=-5.982641  maxlinkdim=177 maxerr=1.69E-09 time=1.748
After sweep 8 energy=-5.9930844  maxlinkdim=221 maxerr=1.20E-07 time=1.746
After sweep 9 energy=-6.0005226  maxlinkdim=194 maxerr=1.49E-07 time=1.780
After sweep 10 energy=-6.0063934  maxlinkdim=210 maxerr=7.46E-10 time=1.881
After sweep 11 energy=-6.010325  maxlinkdim=284 maxerr=2.03E-07 time=1.925
After sweep 12 energy=-6.0137153  maxlinkdim=231 maxerr=1.23E-07 time=2.035
After sweep 13 energy=-6.016881  maxlinkdim=216 maxerr=1.53E-09 time=2.183
After sweep 14 energy=-6.0187683  maxlinkdim=241 maxerr=7.61E-10 time=2.255
After sweep 15 energy=-6.020302  maxlinkdim=230 maxerr=4.55E-10 time=2.287
After sweep 16 energy=-6.0213747  maxlinkdim=236 maxerr=4.62E-08 time=2.412
After sweep 17 energy=-6.022037  maxlinkdim=249 maxerr=9.62E-08 time=2.419
After sweep 18 energy=-6.0225506  maxlinkdim=245 maxerr=5.18E-08 time=2.566
After sweep 19 energy=-6.022975  maxlinkdim=281 maxerr=2.73E-08 time=2.657
After sweep 20 energy=-6.0232534  maxlinkdim=282 maxerr=7.63E-08 time=2.781
After sweep 21 energy=-6.0234523  maxlinkdim=299 maxerr=2.19E-07 time=2.952
After sweep 22 energy=-6.0236063  maxlinkdim=295 maxerr=2.79E-08 time=3.086
After sweep 23 energy=-6.0236874  maxlinkdim=284 maxerr=7.55E-08 time=3.219
After sweep 24 energy=-6.0237355  maxlinkdim=285 maxerr=3.07E-07 time=3.369
After sweep 25 energy=-6.0237656  maxlinkdim=300 maxerr=9.82E-10 time=3.611
After sweep 26 energy=-6.02381  maxlinkdim=300 maxerr=2.42E-09 time=3.849
After sweep 27 energy=-6.0237994  maxlinkdim=300 maxerr=4.55E-10 time=4.038
After sweep 28 energy=-6.0237846  maxlinkdim=300 maxerr=6.46E-08 time=4.140
After sweep 29 energy=-6.0238  maxlinkdim=300 maxerr=2.39E-07 time=4.137
After sweep 30 energy=-6.023812  maxlinkdim=300 maxerr=2.07E-08 time=4.150
Same mu: -2.6532001135405214 and continuing
Target density achieved with mu=-2.6532001135405214, n=0.4999977
Checking {alpha,beta} vs measured
Beta not converged.
NOT CONVERGED; updating alpha, beta and continuing...
After sweep 1 energy=-4.6882954  maxlinkdim=16 maxerr=2.55E-07 time=0.855
After sweep 2 energy=-5.787445  maxlinkdim=183 maxerr=2.05E-07 time=1.213
After sweep 3 energy=-5.872914  maxlinkdim=191 maxerr=3.89E-09 time=2.103
After sweep 4 energy=-5.919946  maxlinkdim=225 maxerr=1.16E-07 time=1.961
After sweep 5 energy=-5.947399  maxlinkdim=195 maxerr=1.52E-09 time=1.912
After sweep 6 energy=-5.9681807  maxlinkdim=222 maxerr=1.44E-07 time=1.822
After sweep 7 energy=-5.9833875  maxlinkdim=222 maxerr=2.39E-09 time=1.797
After sweep 8 energy=-5.9943714  maxlinkdim=285 maxerr=7.49E-08 time=1.833
After sweep 9 energy=-6.0014687  maxlinkdim=236 maxerr=1.14E-09 time=1.821
After sweep 10 energy=-6.0069094  maxlinkdim=241 maxerr=6.59E-08 time=1.895
After sweep 11 energy=-6.0110755  maxlinkdim=229 maxerr=1.32E-09 time=1.969
After sweep 12 energy=-6.013994  maxlinkdim=299 maxerr=8.92E-10 time=1.983
After sweep 13 energy=-6.0165577  maxlinkdim=267 maxerr=8.64E-08 time=2.090
After sweep 14 energy=-6.0188103  maxlinkdim=244 maxerr=6.65E-10 time=2.221
After sweep 15 energy=-6.02007  maxlinkdim=238 maxerr=8.86E-08 time=2.223
After sweep 16 energy=-6.0211215  maxlinkdim=261 maxerr=9.09E-10 time=2.292
After sweep 17 energy=-6.022029  maxlinkdim=252 maxerr=4.51E-10 time=2.514
After sweep 18 energy=-6.022623  maxlinkdim=255 maxerr=9.78E-08 time=2.639
After sweep 19 energy=-6.0229964  maxlinkdim=262 maxerr=3.81E-08 time=2.693
After sweep 20 energy=-6.02326  maxlinkdim=261 maxerr=7.28E-10 time=2.807
After sweep 21 energy=-6.0234694  maxlinkdim=295 maxerr=2.06E-10 time=2.953
After sweep 22 energy=-6.023601  maxlinkdim=300 maxerr=8.33E-08 time=3.085
After sweep 23 energy=-6.0236974  maxlinkdim=300 maxerr=3.61E-10 time=3.281
After sweep 24 energy=-6.0237627  maxlinkdim=300 maxerr=1.59E-07 time=3.450
After sweep 25 energy=-6.0238094  maxlinkdim=300 maxerr=1.55E-08 time=3.729
After sweep 26 energy=-6.023799  maxlinkdim=300 maxerr=5.70E-08 time=3.930
After sweep 27 energy=-6.02378  maxlinkdim=300 maxerr=4.89E-08 time=4.118
After sweep 28 energy=-6.023799  maxlinkdim=300 maxerr=9.77E-08 time=4.180
After sweep 29 energy=-6.0238156  maxlinkdim=300 maxerr=4.86E-10 time=4.179
After sweep 30 energy=-6.02382  maxlinkdim=300 maxerr=1.45E-07 time=4.148
Same mu: -2.6532001135405214 and continuing
Target density achieved with mu=-2.6532001135405214, n=0.49999797
Checking {alpha,beta} vs measured
Beta not converged.
NOT CONVERGED; updating alpha, beta and continuing...
After sweep 1 energy=-4.691097  maxlinkdim=16 maxerr=2.90E-07 time=0.547
After sweep 2 energy=-5.785327  maxlinkdim=179 maxerr=1.01E-07 time=1.297
After sweep 3 energy=-5.8704004  maxlinkdim=188 maxerr=1.41E-09 time=1.940
After sweep 4 energy=-5.9182067  maxlinkdim=216 maxerr=3.27E-07 time=1.923
After sweep 5 energy=-5.9465156  maxlinkdim=194 maxerr=1.45E-09 time=1.877
After sweep 6 energy=-5.96681  maxlinkdim=207 maxerr=1.91E-08 time=1.775
After sweep 7 energy=-5.9806004  maxlinkdim=173 maxerr=1.89E-09 time=1.703
After sweep 8 energy=-5.991305  maxlinkdim=219 maxerr=1.26E-09 time=1.733
After sweep 9 energy=-5.99958  maxlinkdim=245 maxerr=8.33E-10 time=1.788
After sweep 10 energy=-6.0061526  maxlinkdim=221 maxerr=3.70E-08 time=1.876
After sweep 11 energy=-6.010518  maxlinkdim=262 maxerr=1.80E-10 time=1.943
After sweep 12 energy=-6.0135937  maxlinkdim=275 maxerr=1.11E-07 time=1.975
After sweep 13 energy=-6.01626  maxlinkdim=234 maxerr=2.35E-09 time=2.083
After sweep 14 energy=-6.0185795  maxlinkdim=268 maxerr=1.03E-07 time=2.222
After sweep 15 energy=-6.019842  maxlinkdim=300 maxerr=4.11E-08 time=2.256
After sweep 16 energy=-6.0210705  maxlinkdim=293 maxerr=6.98E-10 time=2.320
After sweep 17 energy=-6.022081  maxlinkdim=266 maxerr=6.61E-10 time=2.517
After sweep 18 energy=-6.022542  maxlinkdim=233 maxerr=9.34E-10 time=2.553
After sweep 19 energy=-6.022911  maxlinkdim=237 maxerr=9.61E-08 time=2.578
After sweep 20 energy=-6.0231676  maxlinkdim=245 maxerr=9.10E-10 time=2.690
After sweep 21 energy=-6.0234666  maxlinkdim=300 maxerr=3.36E-10 time=2.954
After sweep 22 energy=-6.0236516  maxlinkdim=300 maxerr=1.64E-07 time=3.304
After sweep 23 energy=-6.0237293  maxlinkdim=300 maxerr=6.55E-08 time=3.445
After sweep 24 energy=-6.023758  maxlinkdim=300 maxerr=9.13E-08 time=3.698
After sweep 25 energy=-6.0237927  maxlinkdim=300 maxerr=8.13E-08 time=3.876
After sweep 26 energy=-6.0237885  maxlinkdim=300 maxerr=1.49E-07 time=4.103
After sweep 27 energy=-6.023807  maxlinkdim=300 maxerr=1.04E-09 time=4.161
After sweep 28 energy=-6.023775  maxlinkdim=300 maxerr=4.05E-09 time=4.162
After sweep 29 energy=-6.0238132  maxlinkdim=300 maxerr=1.19E-07 time=4.151
After sweep 30 energy=-6.0237985  maxlinkdim=300 maxerr=1.52E-07 time=4.146
Same mu: -2.6532001135405214 and continuing
Target density achieved with mu=-2.6532001135405214, n=0.49999774
Checking {alpha,beta} vs measured
Beta not converged.
NOT CONVERGED; updating alpha, beta and continuing...
After sweep 1 energy=-4.670744  maxlinkdim=16 maxerr=2.97E-07 time=0.545
After sweep 2 energy=-5.7883906  maxlinkdim=177 maxerr=1.70E-08 time=1.252
After sweep 3 energy=-5.8737946  maxlinkdim=194 maxerr=7.95E-08 time=2.029
After sweep 4 energy=-5.919769  maxlinkdim=218 maxerr=1.35E-09 time=2.004
After sweep 5 energy=-5.946164  maxlinkdim=182 maxerr=2.21E-09 time=1.910
After sweep 6 energy=-5.9663954  maxlinkdim=247 maxerr=9.24E-08 time=1.771
After sweep 7 energy=-5.9808702  maxlinkdim=203 maxerr=9.99E-11 time=1.732
After sweep 8 energy=-5.991788  maxlinkdim=209 maxerr=1.59E-09 time=1.774
After sweep 9 energy=-5.999855  maxlinkdim=235 maxerr=1.04E-07 time=1.782
After sweep 10 energy=-6.005834  maxlinkdim=213 maxerr=1.03E-09 time=1.851
After sweep 11 energy=-6.01018  maxlinkdim=277 maxerr=5.91E-08 time=1.903
After sweep 12 energy=-6.013859  maxlinkdim=249 maxerr=7.05E-10 time=2.055
After sweep 13 energy=-6.0169787  maxlinkdim=228 maxerr=2.85E-08 time=2.184
After sweep 14 energy=-6.0185766  maxlinkdim=240 maxerr=1.99E-10 time=2.100
After sweep 15 energy=-6.019899  maxlinkdim=273 maxerr=3.02E-10 time=2.231
After sweep 16 energy=-6.021122  maxlinkdim=252 maxerr=6.61E-08 time=2.381
After sweep 17 energy=-6.0219083  maxlinkdim=269 maxerr=7.28E-08 time=2.461
After sweep 18 energy=-6.022477  maxlinkdim=267 maxerr=1.25E-09 time=2.602
After sweep 19 energy=-6.0229254  maxlinkdim=279 maxerr=1.11E-07 time=2.761
After sweep 20 energy=-6.0232477  maxlinkdim=300 maxerr=6.29E-10 time=2.830
After sweep 21 energy=-6.0234656  maxlinkdim=300 maxerr=7.03E-08 time=2.934
After sweep 22 energy=-6.0235815  maxlinkdim=286 maxerr=3.69E-10 time=3.084
After sweep 23 energy=-6.023691  maxlinkdim=300 maxerr=2.57E-07 time=3.213
After sweep 24 energy=-6.023743  maxlinkdim=300 maxerr=6.89E-10 time=3.526
After sweep 25 energy=-6.023755  maxlinkdim=300 maxerr=1.59E-07 time=3.704
After sweep 26 energy=-6.0237904  maxlinkdim=300 maxerr=1.75E-07 time=3.898
After sweep 27 energy=-6.023797  maxlinkdim=300 maxerr=1.07E-09 time=4.091
After sweep 28 energy=-6.0238233  maxlinkdim=300 maxerr=2.24E-08 time=4.165
After sweep 29 energy=-6.0237627  maxlinkdim=300 maxerr=2.71E-09 time=4.174
After sweep 30 energy=-6.023782  maxlinkdim=300 maxerr=1.66E-07 time=4.135
Same mu: -2.6532001135405214 and continuing
Target density achieved with mu=-2.6532001135405214, n=0.4999971
Checking {alpha,beta} vs measured
Beta not converged.
NOT CONVERGED; updating alpha, beta and continuing...
After sweep 1 energy=-4.6817946  maxlinkdim=16 maxerr=3.65E-07 time=0.572
After sweep 2 energy=-5.7846556  maxlinkdim=176 maxerr=1.82E-07 time=1.187
After sweep 3 energy=-5.868634  maxlinkdim=179 maxerr=1.87E-07 time=2.001
After sweep 4 energy=-5.916049  maxlinkdim=223 maxerr=3.27E-09 time=1.921
After sweep 5 energy=-5.944787  maxlinkdim=194 maxerr=1.34E-09 time=1.875
After sweep 6 energy=-5.9658365  maxlinkdim=252 maxerr=8.32E-08 time=1.790
After sweep 7 energy=-5.980689  maxlinkdim=249 maxerr=1.86E-07 time=1.813
After sweep 8 energy=-5.9914446  maxlinkdim=243 maxerr=8.55E-10 time=1.804
After sweep 9 energy=-5.9995885  maxlinkdim=217 maxerr=4.41E-08 time=1.785
After sweep 10 energy=-6.0051265  maxlinkdim=190 maxerr=1.90E-07 time=1.787
After sweep 11 energy=-6.0096807  maxlinkdim=228 maxerr=1.87E-09 time=1.873
After sweep 12 energy=-6.013367  maxlinkdim=215 maxerr=5.11E-10 time=1.985
After sweep 13 energy=-6.0169106  maxlinkdim=221 maxerr=1.62E-07 time=2.085
After sweep 14 energy=-6.0186396  maxlinkdim=199 maxerr=1.00E-07 time=2.068
After sweep 15 energy=-6.0201597  maxlinkdim=219 maxerr=2.42E-07 time=2.206
After sweep 16 energy=-6.02141  maxlinkdim=248 maxerr=2.13E-08 time=2.424
After sweep 17 energy=-6.022126  maxlinkdim=245 maxerr=9.32E-08 time=2.502
After sweep 18 energy=-6.0226955  maxlinkdim=260 maxerr=1.21E-07 time=2.637
After sweep 19 energy=-6.0230484  maxlinkdim=267 maxerr=2.42E-08 time=2.756
After sweep 20 energy=-6.023324  maxlinkdim=265 maxerr=2.04E-07 time=2.812
After sweep 21 energy=-6.0235043  maxlinkdim=273 maxerr=1.11E-09 time=2.927
After sweep 22 energy=-6.0236435  maxlinkdim=281 maxerr=2.16E-08 time=3.150
After sweep 23 energy=-6.023718  maxlinkdim=300 maxerr=1.28E-07 time=3.476
After sweep 24 energy=-6.023789  maxlinkdim=300 maxerr=6.00E-10 time=3.653
After sweep 25 energy=-6.0238204  maxlinkdim=300 maxerr=1.55E-07 time=3.859
After sweep 26 energy=-6.0238085  maxlinkdim=300 maxerr=9.08E-08 time=4.050
After sweep 27 energy=-6.0237722  maxlinkdim=300 maxerr=1.05E-09 time=4.157
After sweep 28 energy=-6.0237703  maxlinkdim=300 maxerr=2.43E-07 time=4.185
After sweep 29 energy=-6.023777  maxlinkdim=300 maxerr=5.34E-08 time=4.156
After sweep 30 energy=-6.023775  maxlinkdim=300 maxerr=6.72E-10 time=4.123
Same mu: -2.6532001135405214 and continuing
Target density achieved with mu=-2.6532001135405214, n=0.49999753
Checking {alpha,beta} vs measured
Beta not converged.
NOT CONVERGED; updating alpha, beta and continuing...
After sweep 1 energy=-4.672144  maxlinkdim=16 maxerr=2.31E-07 time=0.557
After sweep 2 energy=-5.7767887  maxlinkdim=178 maxerr=8.89E-08 time=1.260
After sweep 3 energy=-5.8629866  maxlinkdim=189 maxerr=5.39E-08 time=1.939
After sweep 4 energy=-5.9129596  maxlinkdim=246 maxerr=3.01E-09 time=1.915
After sweep 5 energy=-5.9428897  maxlinkdim=192 maxerr=8.36E-08 time=1.876
After sweep 6 energy=-5.9660463  maxlinkdim=300 maxerr=1.98E-09 time=1.859
After sweep 7 energy=-5.981645  maxlinkdim=267 maxerr=4.25E-10 time=1.883
After sweep 8 energy=-5.9926467  maxlinkdim=208 maxerr=5.62E-10 time=1.868
After sweep 9 energy=-6.0001965  maxlinkdim=275 maxerr=2.21E-08 time=1.803
After sweep 10 energy=-6.0059037  maxlinkdim=208 maxerr=1.25E-09 time=1.862
After sweep 11 energy=-6.0099564  maxlinkdim=243 maxerr=2.64E-08 time=1.889
After sweep 12 energy=-6.0131807  maxlinkdim=292 maxerr=9.55E-10 time=1.981
After sweep 13 energy=-6.0159035  maxlinkdim=216 maxerr=3.83E-08 time=2.060
After sweep 14 energy=-6.017803  maxlinkdim=241 maxerr=2.49E-09 time=2.155
After sweep 15 energy=-6.019433  maxlinkdim=264 maxerr=8.00E-10 time=2.297
After sweep 16 energy=-6.020934  maxlinkdim=262 maxerr=1.71E-10 time=2.406
After sweep 17 energy=-6.021831  maxlinkdim=250 maxerr=1.19E-07 time=2.495
After sweep 18 energy=-6.0224633  maxlinkdim=249 maxerr=7.43E-08 time=2.987
After sweep 19 energy=-6.022847  maxlinkdim=261 maxerr=3.22E-08 time=2.658
After sweep 20 energy=-6.0231676  maxlinkdim=293 maxerr=1.17E-09 time=2.773
After sweep 21 energy=-6.023386  maxlinkdim=300 maxerr=2.80E-08 time=2.929
After sweep 22 energy=-6.0236163  maxlinkdim=300 maxerr=1.56E-07 time=3.197
After sweep 23 energy=-6.023739  maxlinkdim=300 maxerr=1.67E-07 time=3.452
After sweep 24 energy=-6.0237966  maxlinkdim=300 maxerr=1.15E-07 time=3.673
After sweep 25 energy=-6.023797  maxlinkdim=300 maxerr=6.02E-10 time=3.890
After sweep 26 energy=-6.0238066  maxlinkdim=300 maxerr=1.37E-09 time=4.052
After sweep 27 energy=-6.0237956  maxlinkdim=300 maxerr=2.15E-08 time=4.180
After sweep 28 energy=-6.0238123  maxlinkdim=300 maxerr=8.17E-08 time=4.183
After sweep 29 energy=-6.0238028  maxlinkdim=300 maxerr=2.25E-07 time=4.158
After sweep 30 energy=-6.023772  maxlinkdim=300 maxerr=1.08E-07 time=4.144
Same mu: -2.6532001135405214 and continuing
Target density achieved with mu=-2.6532001135405214, n=0.499997
Checking {alpha,beta} vs measured
Beta not converged.
NOT CONVERGED; updating alpha, beta and continuing...
After sweep 1 energy=-4.6797056  maxlinkdim=16 maxerr=2.05E-07 time=0.551
After sweep 2 energy=-5.784631  maxlinkdim=177 maxerr=2.26E-08 time=1.236
After sweep 3 energy=-5.8689823  maxlinkdim=180 maxerr=1.74E-08 time=1.982
After sweep 4 energy=-5.916182  maxlinkdim=229 maxerr=2.92E-07 time=1.948
After sweep 5 energy=-5.9435325  maxlinkdim=176 maxerr=6.86E-08 time=1.865
After sweep 6 energy=-5.9649653  maxlinkdim=235 maxerr=1.30E-09 time=1.769
After sweep 7 energy=-5.9802527  maxlinkdim=209 maxerr=3.86E-08 time=1.712
After sweep 8 energy=-5.9914246  maxlinkdim=237 maxerr=3.62E-08 time=1.790
After sweep 9 energy=-5.9992642  maxlinkdim=239 maxerr=7.96E-10 time=1.831
After sweep 10 energy=-6.0048847  maxlinkdim=196 maxerr=1.05E-07 time=1.814
After sweep 11 energy=-6.009435  maxlinkdim=277 maxerr=1.17E-07 time=1.891
After sweep 12 energy=-6.0128837  maxlinkdim=300 maxerr=1.46E-09 time=2.004
After sweep 13 energy=-6.015747  maxlinkdim=239 maxerr=5.10E-09 time=2.058
After sweep 14 energy=-6.0182314  maxlinkdim=274 maxerr=1.23E-09 time=2.229
After sweep 15 energy=-6.019578  maxlinkdim=283 maxerr=1.02E-07 time=2.207
After sweep 16 energy=-6.020647  maxlinkdim=273 maxerr=1.00E-10 time=2.317
After sweep 17 energy=-6.0214233  maxlinkdim=248 maxerr=5.53E-09 time=2.379
After sweep 18 energy=-6.0220337  maxlinkdim=252 maxerr=1.29E-07 time=2.426
After sweep 19 energy=-6.0225453  maxlinkdim=284 maxerr=7.77E-08 time=2.596
After sweep 20 energy=-6.0229473  maxlinkdim=300 maxerr=3.83E-08 time=2.756
After sweep 21 energy=-6.0232344  maxlinkdim=280 maxerr=1.98E-07 time=2.833
After sweep 22 energy=-6.0234075  maxlinkdim=291 maxerr=6.73E-10 time=2.932
After sweep 23 energy=-6.0235786  maxlinkdim=300 maxerr=9.17E-10 time=3.109
After sweep 24 energy=-6.0237293  maxlinkdim=300 maxerr=4.76E-10 time=3.370
After sweep 25 energy=-6.023775  maxlinkdim=300 maxerr=3.96E-08 time=3.537
After sweep 26 energy=-6.0238066  maxlinkdim=300 maxerr=6.50E-10 time=3.763
After sweep 27 energy=-6.023769  maxlinkdim=300 maxerr=2.04E-08 time=3.956
After sweep 28 energy=-6.0237913  maxlinkdim=300 maxerr=1.36E-07 time=4.124
After sweep 29 energy=-6.023796  maxlinkdim=300 maxerr=6.38E-10 time=4.189
After sweep 30 energy=-6.023799  maxlinkdim=300 maxerr=2.93E-08 time=4.167
Same mu: -2.6532001135405214 and continuing
Target density achieved with mu=-2.6532001135405214, n=0.49999732
Checking {alpha,beta} vs measured
Beta not converged.
NOT CONVERGED; updating alpha, beta and continuing...
After sweep 1 energy=-4.6840234  maxlinkdim=16 maxerr=3.46E-07 time=0.543
After sweep 2 energy=-5.785178  maxlinkdim=175 maxerr=6.31E-09 time=1.242
After sweep 3 energy=-5.871253  maxlinkdim=201 maxerr=5.39E-08 time=1.970
After sweep 4 energy=-5.9164915  maxlinkdim=200 maxerr=3.46E-09 time=1.913
After sweep 5 energy=-5.9444838  maxlinkdim=186 maxerr=2.98E-07 time=1.798
After sweep 6 energy=-5.965827  maxlinkdim=223 maxerr=1.05E-07 time=1.784
After sweep 7 energy=-5.9815845  maxlinkdim=192 maxerr=6.61E-08 time=1.777
After sweep 8 energy=-5.9931746  maxlinkdim=191 maxerr=6.10E-08 time=1.765
After sweep 9 energy=-6.000607  maxlinkdim=226 maxerr=1.66E-08 time=1.757
After sweep 10 energy=-6.008154  maxlinkdim=201 maxerr=3.77E-10 time=1.940
After sweep 11 energy=-6.0121236  maxlinkdim=226 maxerr=1.30E-08 time=1.983
After sweep 12 energy=-6.0149  maxlinkdim=213 maxerr=1.10E-07 time=1.959
After sweep 13 energy=-6.0169272  maxlinkdim=208 maxerr=8.21E-08 time=1.999
After sweep 14 energy=-6.018619  maxlinkdim=274 maxerr=7.29E-08 time=2.123
After sweep 15 energy=-6.020074  maxlinkdim=238 maxerr=2.08E-07 time=2.270
After sweep 16 energy=-6.0214477  maxlinkdim=276 maxerr=2.22E-09 time=2.418
After sweep 17 energy=-6.0222197  maxlinkdim=237 maxerr=1.00E-10 time=2.551
After sweep 18 energy=-6.0226946  maxlinkdim=244 maxerr=2.12E-07 time=2.607
After sweep 19 energy=-6.023125  maxlinkdim=286 maxerr=6.58E-08 time=2.718
After sweep 20 energy=-6.0233626  maxlinkdim=254 maxerr=6.42E-08 time=2.835
After sweep 21 energy=-6.0235333  maxlinkdim=300 maxerr=3.74E-08 time=2.980
After sweep 22 energy=-6.0236626  maxlinkdim=300 maxerr=6.90E-10 time=3.195
After sweep 23 energy=-6.023762  maxlinkdim=300 maxerr=1.67E-07 time=3.448
After sweep 24 energy=-6.023758  maxlinkdim=300 maxerr=2.70E-07 time=3.645
After sweep 25 energy=-6.0238085  maxlinkdim=300 maxerr=1.24E-07 time=3.876
After sweep 26 energy=-6.0238104  maxlinkdim=300 maxerr=1.25E-07 time=4.068
After sweep 27 energy=-6.0238094  maxlinkdim=300 maxerr=1.65E-07 time=4.168
After sweep 28 energy=-6.023819  maxlinkdim=300 maxerr=4.03E-08 time=4.174
After sweep 29 energy=-6.0238404  maxlinkdim=300 maxerr=1.47E-09 time=4.150
After sweep 30 energy=-6.0238037  maxlinkdim=300 maxerr=1.52E-09 time=4.133
Same mu: -2.6532001135405214 and continuing
Target density achieved with mu=-2.6532001135405214, n=0.49999854
Checking {alpha,beta} vs measured
Beta not converged.
NOT CONVERGED; updating alpha, beta and continuing...
After sweep 1 energy=-4.6899695  maxlinkdim=16 maxerr=3.83E-07 time=0.545
After sweep 2 energy=-5.787263  maxlinkdim=174 maxerr=1.75E-08 time=1.240
After sweep 3 energy=-5.8715506  maxlinkdim=197 maxerr=8.93E-08 time=1.985
After sweep 4 energy=-5.9176965  maxlinkdim=219 maxerr=9.31E-08 time=1.937
After sweep 5 energy=-5.9454675  maxlinkdim=196 maxerr=6.20E-08 time=1.856
After sweep 6 energy=-5.9675293  maxlinkdim=212 maxerr=3.33E-08 time=1.801
After sweep 7 energy=-5.9834614  maxlinkdim=228 maxerr=7.64E-09 time=1.843
After sweep 8 energy=-5.9941635  maxlinkdim=273 maxerr=7.98E-08 time=1.879
After sweep 9 energy=-6.0010357  maxlinkdim=184 maxerr=1.51E-09 time=1.795
After sweep 10 energy=-6.006753  maxlinkdim=186 maxerr=1.43E-09 time=1.814
After sweep 11 energy=-6.0108824  maxlinkdim=196 maxerr=8.31E-10 time=1.877
After sweep 12 energy=-6.0139565  maxlinkdim=195 maxerr=1.28E-07 time=1.870
After sweep 13 energy=-6.0168595  maxlinkdim=204 maxerr=2.39E-09 time=2.044
After sweep 14 energy=-6.0185833  maxlinkdim=209 maxerr=2.99E-07 time=2.059
After sweep 15 energy=-6.020095  maxlinkdim=219 maxerr=1.97E-07 time=2.137
After sweep 16 energy=-6.02132  maxlinkdim=216 maxerr=1.35E-07 time=2.313
After sweep 17 energy=-6.021942  maxlinkdim=220 maxerr=9.79E-08 time=2.316
After sweep 18 energy=-6.022597  maxlinkdim=236 maxerr=9.36E-10 time=2.501
After sweep 19 energy=-6.022993  maxlinkdim=266 maxerr=8.64E-10 time=2.685
After sweep 20 energy=-6.023323  maxlinkdim=288 maxerr=1.60E-09 time=2.806
After sweep 21 energy=-6.0235105  maxlinkdim=284 maxerr=8.14E-08 time=3.027
After sweep 22 energy=-6.0236597  maxlinkdim=300 maxerr=1.64E-07 time=3.156
After sweep 23 energy=-6.0237536  maxlinkdim=300 maxerr=3.86E-10 time=3.436
After sweep 24 energy=-6.0237846  maxlinkdim=300 maxerr=8.39E-10 time=3.659
After sweep 25 energy=-6.0237527  maxlinkdim=300 maxerr=1.42E-07 time=3.842
After sweep 26 energy=-6.0238004  maxlinkdim=300 maxerr=1.87E-07 time=4.037
After sweep 27 energy=-6.0237904  maxlinkdim=300 maxerr=1.71E-09 time=4.156
After sweep 28 energy=-6.0238123  maxlinkdim=300 maxerr=1.38E-07 time=4.155
After sweep 29 energy=-6.0238085  maxlinkdim=300 maxerr=1.55E-07 time=4.120
After sweep 30 energy=-6.0238104  maxlinkdim=300 maxerr=3.10E-08 time=4.124
Same mu: -2.6532001135405214 and continuing
Target density achieved with mu=-2.6532001135405214, n=0.49999836
Checking {alpha,beta} vs measured
Beta not converged.
NOT CONVERGED; updating alpha, beta and continuing...
After sweep 1 energy=-4.672094  maxlinkdim=16 maxerr=2.00E-07 time=0.568
After sweep 2 energy=-5.784481  maxlinkdim=185 maxerr=1.54E-08 time=1.312
After sweep 3 energy=-5.869762  maxlinkdim=200 maxerr=6.08E-09 time=2.245
After sweep 4 energy=-5.9178066  maxlinkdim=253 maxerr=1.75E-09 time=2.032
After sweep 5 energy=-5.945361  maxlinkdim=215 maxerr=1.00E-07 time=1.902
After sweep 6 energy=-5.96711  maxlinkdim=244 maxerr=9.76E-08 time=1.819
After sweep 7 energy=-5.981535  maxlinkdim=189 maxerr=2.25E-09 time=1.785
After sweep 8 energy=-5.991807  maxlinkdim=240 maxerr=1.98E-09 time=1.719
After sweep 9 energy=-5.999565  maxlinkdim=252 maxerr=1.33E-07 time=1.813
After sweep 10 energy=-6.0055847  maxlinkdim=203 maxerr=5.15E-08 time=1.819
After sweep 11 energy=-6.0097656  maxlinkdim=208 maxerr=2.29E-07 time=1.887
After sweep 12 energy=-6.012948  maxlinkdim=238 maxerr=3.74E-08 time=1.951
After sweep 13 energy=-6.0155396  maxlinkdim=297 maxerr=1.45E-10 time=1.962
After sweep 14 energy=-6.018111  maxlinkdim=219 maxerr=3.68E-08 time=2.196
After sweep 15 energy=-6.019516  maxlinkdim=274 maxerr=5.87E-08 time=2.176
After sweep 16 energy=-6.020838  maxlinkdim=250 maxerr=7.27E-09 time=2.278
After sweep 17 energy=-6.021756  maxlinkdim=248 maxerr=3.39E-08 time=2.444
After sweep 18 energy=-6.022379  maxlinkdim=265 maxerr=1.33E-07 time=2.474
After sweep 19 energy=-6.0228252  maxlinkdim=295 maxerr=1.43E-08 time=2.696
After sweep 20 energy=-6.023143  maxlinkdim=278 maxerr=1.14E-09 time=2.805
After sweep 21 energy=-6.0233774  maxlinkdim=292 maxerr=5.62E-08 time=2.962
After sweep 22 energy=-6.023562  maxlinkdim=300 maxerr=5.86E-10 time=3.048
After sweep 23 energy=-6.0236745  maxlinkdim=300 maxerr=3.97E-08 time=3.293
After sweep 24 energy=-6.0237446  maxlinkdim=300 maxerr=6.72E-10 time=3.604
After sweep 25 energy=-6.0237846  maxlinkdim=300 maxerr=6.71E-10 time=3.822
After sweep 26 energy=-6.0238028  maxlinkdim=300 maxerr=8.37E-08 time=4.007
After sweep 27 energy=-6.0237856  maxlinkdim=300 maxerr=2.34E-07 time=4.131
After sweep 28 energy=-6.0237937  maxlinkdim=300 maxerr=3.64E-07 time=4.165
After sweep 29 energy=-6.0237846  maxlinkdim=300 maxerr=4.81E-08 time=4.158
After sweep 30 energy=-6.023799  maxlinkdim=300 maxerr=5.25E-08 time=4.143
Same mu: -2.6532001135405214 and continuing
Target density achieved with mu=-2.6532001135405214, n=0.49999845
Checking {alpha,beta} vs measured
Beta not converged.
NOT CONVERGED; updating alpha, beta and continuing...
After sweep 1 energy=-4.6939726  maxlinkdim=16 maxerr=3.39E-07 time=0.562
After sweep 2 energy=-5.789971  maxlinkdim=177 maxerr=1.34E-07 time=1.255
After sweep 3 energy=-5.8725376  maxlinkdim=202 maxerr=1.72E-09 time=2.016
After sweep 4 energy=-5.9188614  maxlinkdim=246 maxerr=2.31E-09 time=2.044
After sweep 5 energy=-5.945783  maxlinkdim=207 maxerr=4.29E-08 time=1.961
After sweep 6 energy=-5.965996  maxlinkdim=247 maxerr=1.51E-09 time=1.840
After sweep 7 energy=-5.9802127  maxlinkdim=182 maxerr=9.34E-08 time=1.729
After sweep 8 energy=-5.99117  maxlinkdim=197 maxerr=6.29E-10 time=1.744
After sweep 9 energy=-5.998943  maxlinkdim=204 maxerr=1.14E-09 time=1.760
After sweep 10 energy=-6.0050526  maxlinkdim=192 maxerr=1.39E-07 time=1.798
After sweep 11 energy=-6.009154  maxlinkdim=189 maxerr=9.91E-10 time=1.841
After sweep 12 energy=-6.0125237  maxlinkdim=208 maxerr=3.53E-07 time=1.906
After sweep 13 energy=-6.015528  maxlinkdim=221 maxerr=1.81E-09 time=2.017
After sweep 14 energy=-6.0176177  maxlinkdim=212 maxerr=4.03E-10 time=2.043
After sweep 15 energy=-6.019266  maxlinkdim=242 maxerr=1.65E-07 time=2.141
After sweep 16 energy=-6.0207896  maxlinkdim=287 maxerr=1.81E-07 time=2.383
After sweep 17 energy=-6.0216036  maxlinkdim=242 maxerr=5.81E-10 time=2.465
After sweep 18 energy=-6.0222597  maxlinkdim=247 maxerr=1.60E-07 time=2.517
After sweep 19 energy=-6.02275  maxlinkdim=237 maxerr=2.31E-07 time=2.634
After sweep 20 energy=-6.023055  maxlinkdim=300 maxerr=2.03E-07 time=2.730
After sweep 21 energy=-6.0233645  maxlinkdim=300 maxerr=1.17E-08 time=2.873
After sweep 22 energy=-6.0235248  maxlinkdim=300 maxerr=6.12E-10 time=3.088
After sweep 23 energy=-6.023624  maxlinkdim=300 maxerr=1.28E-07 time=3.268
After sweep 24 energy=-6.02374  maxlinkdim=300 maxerr=1.10E-09 time=3.509
After sweep 25 energy=-6.0238047  maxlinkdim=300 maxerr=9.76E-10 time=3.783
After sweep 26 energy=-6.0238204  maxlinkdim=300 maxerr=9.20E-10 time=4.014
After sweep 27 energy=-6.023798  maxlinkdim=300 maxerr=4.14E-10 time=4.167
After sweep 28 energy=-6.0237827  maxlinkdim=300 maxerr=1.68E-07 time=4.204
After sweep 29 energy=-6.023788  maxlinkdim=300 maxerr=1.67E-07 time=4.181
After sweep 30 energy=-6.0237875  maxlinkdim=300 maxerr=8.47E-08 time=4.153
Same mu: -2.6532001135405214 and continuing
Target density achieved with mu=-2.6532001135405214, n=0.49999738
Checking {alpha,beta} vs measured
Beta not converged.
NOT CONVERGED; updating alpha, beta and continuing...
After sweep 1 energy=-4.679787  maxlinkdim=16 maxerr=3.33E-07 time=0.554
After sweep 2 energy=-5.7865467  maxlinkdim=180 maxerr=3.49E-08 time=1.246
After sweep 3 energy=-5.869121  maxlinkdim=187 maxerr=6.20E-08 time=1.887
After sweep 4 energy=-5.917157  maxlinkdim=226 maxerr=1.13E-09 time=1.905
After sweep 5 energy=-5.9454403  maxlinkdim=217 maxerr=9.01E-10 time=1.854
After sweep 6 energy=-5.96569  maxlinkdim=213 maxerr=8.50E-10 time=1.736
After sweep 7 energy=-5.981014  maxlinkdim=186 maxerr=5.97E-08 time=1.711
After sweep 8 energy=-5.9925156  maxlinkdim=240 maxerr=2.25E-07 time=1.835
After sweep 9 energy=-6.0000596  maxlinkdim=255 maxerr=1.99E-08 time=1.800
After sweep 10 energy=-6.0057416  maxlinkdim=254 maxerr=1.28E-09 time=1.866
After sweep 11 energy=-6.0101385  maxlinkdim=216 maxerr=4.55E-07 time=1.926
After sweep 12 energy=-6.0134  maxlinkdim=263 maxerr=2.68E-07 time=2.002
After sweep 13 energy=-6.016085  maxlinkdim=253 maxerr=1.08E-09 time=2.070
After sweep 14 energy=-6.018385  maxlinkdim=296 maxerr=3.01E-10 time=2.222
After sweep 15 energy=-6.0196095  maxlinkdim=300 maxerr=7.64E-08 time=2.176
After sweep 16 energy=-6.020855  maxlinkdim=237 maxerr=2.43E-07 time=2.326
After sweep 17 energy=-6.0217733  maxlinkdim=239 maxerr=1.06E-08 time=2.465
After sweep 18 energy=-6.0224414  maxlinkdim=250 maxerr=1.51E-07 time=2.567
After sweep 19 energy=-6.0228806  maxlinkdim=265 maxerr=7.92E-10 time=2.692
After sweep 20 energy=-6.0232363  maxlinkdim=300 maxerr=9.56E-08 time=2.857
After sweep 21 energy=-6.0234857  maxlinkdim=300 maxerr=3.14E-10 time=2.964
After sweep 22 energy=-6.023608  maxlinkdim=297 maxerr=6.81E-10 time=3.119
After sweep 23 energy=-6.02371  maxlinkdim=293 maxerr=1.26E-07 time=3.439
After sweep 24 energy=-6.0237923  maxlinkdim=300 maxerr=5.79E-08 time=3.639
After sweep 25 energy=-6.0237727  maxlinkdim=300 maxerr=2.00E-07 time=3.872
After sweep 26 energy=-6.0237865  maxlinkdim=300 maxerr=5.31E-09 time=4.072
After sweep 27 energy=-6.023781  maxlinkdim=300 maxerr=1.94E-09 time=4.162
After sweep 28 energy=-6.023771  maxlinkdim=300 maxerr=5.47E-08 time=4.171
After sweep 29 energy=-6.0238028  maxlinkdim=300 maxerr=1.47E-07 time=4.139
After sweep 30 energy=-6.023808  maxlinkdim=300 maxerr=1.79E-08 time=4.137
Same mu: -2.6532001135405214 and continuing
Target density achieved with mu=-2.6532001135405214, n=0.49999887
Checking {alpha,beta} vs measured
Beta not converged.
NOT CONVERGED; updating alpha, beta and continuing...
After sweep 1 energy=-4.6799955  maxlinkdim=16 maxerr=3.63E-07 time=0.583
After sweep 2 energy=-5.787048  maxlinkdim=176 maxerr=1.74E-07 time=1.183
After sweep 3 energy=-5.8707604  maxlinkdim=198 maxerr=1.30E-09 time=2.046
After sweep 4 energy=-5.915764  maxlinkdim=217 maxerr=5.86E-10 time=1.946
After sweep 5 energy=-5.9434214  maxlinkdim=188 maxerr=4.67E-08 time=1.818
After sweep 6 energy=-5.9649057  maxlinkdim=216 maxerr=5.44E-08 time=1.719
After sweep 7 energy=-5.980043  maxlinkdim=195 maxerr=1.53E-07 time=1.719
After sweep 8 energy=-5.991275  maxlinkdim=248 maxerr=3.55E-07 time=1.746
After sweep 9 energy=-5.9989285  maxlinkdim=260 maxerr=1.29E-09 time=1.757
After sweep 10 energy=-6.0051117  maxlinkdim=209 maxerr=9.46E-08 time=1.849
After sweep 11 energy=-6.0098  maxlinkdim=251 maxerr=8.85E-08 time=1.904
After sweep 12 energy=-6.013077  maxlinkdim=253 maxerr=1.30E-07 time=1.984
After sweep 13 energy=-6.0157685  maxlinkdim=243 maxerr=1.30E-07 time=2.058
After sweep 14 energy=-6.0181236  maxlinkdim=218 maxerr=1.76E-10 time=2.171
After sweep 15 energy=-6.0196996  maxlinkdim=233 maxerr=5.59E-10 time=2.225
After sweep 16 energy=-6.020905  maxlinkdim=240 maxerr=8.91E-08 time=2.333
After sweep 17 energy=-6.021747  maxlinkdim=230 maxerr=1.15E-07 time=2.389
After sweep 18 energy=-6.0223656  maxlinkdim=257 maxerr=2.48E-07 time=2.524
After sweep 19 energy=-6.0228124  maxlinkdim=265 maxerr=1.00E-10 time=2.677
After sweep 20 energy=-6.0231433  maxlinkdim=266 maxerr=2.08E-07 time=2.826
After sweep 21 energy=-6.0234447  maxlinkdim=281 maxerr=1.49E-07 time=3.024
After sweep 22 energy=-6.023598  maxlinkdim=292 maxerr=2.90E-07 time=3.113
After sweep 23 energy=-6.023697  maxlinkdim=298 maxerr=3.55E-07 time=3.277
After sweep 24 energy=-6.0237436  maxlinkdim=300 maxerr=2.52E-07 time=3.492
After sweep 25 energy=-6.02384  maxlinkdim=300 maxerr=6.84E-08 time=3.710
After sweep 26 energy=-6.0238056  maxlinkdim=300 maxerr=2.12E-08 time=3.945
After sweep 27 energy=-6.0238028  maxlinkdim=300 maxerr=9.58E-10 time=4.102
After sweep 28 energy=-6.0238028  maxlinkdim=300 maxerr=1.25E-09 time=4.146
After sweep 29 energy=-6.0238066  maxlinkdim=300 maxerr=4.19E-08 time=4.153
After sweep 30 energy=-6.0238075  maxlinkdim=300 maxerr=7.61E-08 time=4.120
Same mu: -2.6532001135405214 and continuing
Target density achieved with mu=-2.6532001135405214, n=0.49999812
Checking {alpha,beta} vs measured
Beta not converged.
NOT CONVERGED; updating alpha, beta and continuing...
After sweep 1 energy=-4.681196  maxlinkdim=16 maxerr=2.10E-07 time=0.865
After sweep 2 energy=-5.789096  maxlinkdim=188 maxerr=5.00E-08 time=1.173
After sweep 3 energy=-5.874011  maxlinkdim=209 maxerr=1.79E-07 time=2.066
After sweep 4 energy=-5.9215245  maxlinkdim=232 maxerr=8.05E-08 time=1.985
After sweep 5 energy=-5.9486194  maxlinkdim=190 maxerr=2.03E-08 time=1.917
After sweep 6 energy=-5.9692683  maxlinkdim=245 maxerr=1.46E-07 time=1.845
After sweep 7 energy=-5.985131  maxlinkdim=196 maxerr=6.38E-10 time=1.861
After sweep 8 energy=-5.995313  maxlinkdim=240 maxerr=1.18E-09 time=1.862
After sweep 9 energy=-6.0017967  maxlinkdim=187 maxerr=3.74E-08 time=1.816
After sweep 10 energy=-6.007241  maxlinkdim=292 maxerr=2.65E-08 time=1.835
After sweep 11 energy=-6.010992  maxlinkdim=237 maxerr=3.90E-10 time=1.934
After sweep 12 energy=-6.0152783  maxlinkdim=235 maxerr=3.88E-10 time=2.129
After sweep 13 energy=-6.017604  maxlinkdim=212 maxerr=2.69E-07 time=2.185
After sweep 14 energy=-6.0191984  maxlinkdim=226 maxerr=3.53E-10 time=2.131
After sweep 15 energy=-6.0204935  maxlinkdim=215 maxerr=5.85E-08 time=2.214
After sweep 16 energy=-6.021343  maxlinkdim=234 maxerr=8.36E-10 time=2.300
After sweep 17 energy=-6.022105  maxlinkdim=300 maxerr=1.53E-09 time=2.452
After sweep 18 energy=-6.022616  maxlinkdim=260 maxerr=1.81E-07 time=2.630
After sweep 19 energy=-6.0229635  maxlinkdim=255 maxerr=4.71E-10 time=2.669
After sweep 20 energy=-6.023341  maxlinkdim=266 maxerr=4.02E-09 time=2.831
After sweep 21 energy=-6.023528  maxlinkdim=292 maxerr=1.39E-07 time=3.096
After sweep 22 energy=-6.023686  maxlinkdim=298 maxerr=1.48E-09 time=3.325
After sweep 23 energy=-6.023781  maxlinkdim=291 maxerr=7.93E-08 time=3.532
After sweep 24 energy=-6.023812  maxlinkdim=300 maxerr=1.43E-10 time=3.707
After sweep 25 energy=-6.0238075  maxlinkdim=300 maxerr=9.01E-08 time=3.940
After sweep 26 energy=-6.023821  maxlinkdim=300 maxerr=7.07E-10 time=4.119
After sweep 27 energy=-6.023781  maxlinkdim=300 maxerr=9.24E-10 time=4.178
After sweep 28 energy=-6.0238037  maxlinkdim=300 maxerr=1.82E-08 time=4.169
After sweep 29 energy=-6.023786  maxlinkdim=300 maxerr=6.95E-08 time=4.141
After sweep 30 energy=-6.0237894  maxlinkdim=300 maxerr=5.46E-10 time=4.149
Same mu: -2.6532001135405214 and continuing
Target density achieved with mu=-2.6532001135405214, n=0.49999818
Checking {alpha,beta} vs measured
Beta not converged.
NOT CONVERGED; updating alpha, beta and continuing...
After sweep 1 energy=-4.684994  maxlinkdim=16 maxerr=3.60E-07 time=0.550
After sweep 2 energy=-5.7868037  maxlinkdim=192 maxerr=7.71E-09 time=1.297
After sweep 3 energy=-5.8722506  maxlinkdim=211 maxerr=9.49E-08 time=1.991
After sweep 4 energy=-5.9185514  maxlinkdim=223 maxerr=4.24E-09 time=1.937
After sweep 5 energy=-5.9459276  maxlinkdim=188 maxerr=6.90E-08 time=1.867
After sweep 6 energy=-5.967557  maxlinkdim=228 maxerr=3.70E-08 time=1.798
After sweep 7 energy=-5.98175  maxlinkdim=180 maxerr=4.12E-08 time=1.750
After sweep 8 energy=-5.9923897  maxlinkdim=240 maxerr=5.27E-08 time=1.766
After sweep 9 energy=-5.999695  maxlinkdim=223 maxerr=2.39E-10 time=1.737
After sweep 10 energy=-6.007277  maxlinkdim=243 maxerr=2.15E-07 time=1.971
After sweep 11 energy=-6.0112867  maxlinkdim=276 maxerr=1.62E-08 time=1.942
After sweep 12 energy=-6.0143366  maxlinkdim=268 maxerr=2.03E-08 time=1.996
After sweep 13 energy=-6.0173373  maxlinkdim=270 maxerr=1.51E-07 time=2.197
After sweep 14 energy=-6.018957  maxlinkdim=283 maxerr=3.85E-10 time=2.170
After sweep 15 energy=-6.0203743  maxlinkdim=244 maxerr=2.27E-07 time=2.313
After sweep 16 energy=-6.0212116  maxlinkdim=278 maxerr=6.30E-10 time=2.354
After sweep 17 energy=-6.0219812  maxlinkdim=258 maxerr=1.37E-09 time=2.524
After sweep 18 energy=-6.022463  maxlinkdim=249 maxerr=2.44E-07 time=2.625
After sweep 19 energy=-6.022954  maxlinkdim=271 maxerr=1.00E-10 time=2.724
After sweep 20 energy=-6.023327  maxlinkdim=299 maxerr=9.78E-08 time=2.971
After sweep 21 energy=-6.023533  maxlinkdim=300 maxerr=2.40E-08 time=3.121
After sweep 22 energy=-6.0236683  maxlinkdim=296 maxerr=1.06E-07 time=3.227
After sweep 23 energy=-6.023739  maxlinkdim=293 maxerr=5.51E-08 time=3.451
After sweep 24 energy=-6.023798  maxlinkdim=300 maxerr=1.46E-09 time=3.728
After sweep 25 energy=-6.023811  maxlinkdim=300 maxerr=1.64E-07 time=3.948
After sweep 26 energy=-6.023778  maxlinkdim=300 maxerr=5.23E-08 time=4.121
After sweep 27 energy=-6.023811  maxlinkdim=300 maxerr=8.12E-08 time=4.169
After sweep 28 energy=-6.0237894  maxlinkdim=300 maxerr=1.14E-09 time=4.156
After sweep 29 energy=-6.023796  maxlinkdim=300 maxerr=4.64E-10 time=4.145
After sweep 30 energy=-6.0238047  maxlinkdim=300 maxerr=6.28E-10 time=4.128
Same mu: -2.6532001135405214 and continuing
Target density achieved with mu=-2.6532001135405214, n=0.49999696
Checking {alpha,beta} vs measured
Beta not converged.
NOT CONVERGED; updating alpha, beta and continuing...
After sweep 1 energy=-4.673852  maxlinkdim=16 maxerr=2.60E-07 time=0.554
After sweep 2 energy=-5.785337  maxlinkdim=181 maxerr=8.71E-09 time=1.260
After sweep 3 energy=-5.869352  maxlinkdim=203 maxerr=2.96E-08 time=1.963
After sweep 4 energy=-5.9164453  maxlinkdim=204 maxerr=5.87E-08 time=1.897
After sweep 5 energy=-5.9442625  maxlinkdim=189 maxerr=2.12E-07 time=1.844
After sweep 6 energy=-5.9648247  maxlinkdim=214 maxerr=1.72E-08 time=1.716
After sweep 7 energy=-5.9802713  maxlinkdim=248 maxerr=1.08E-07 time=1.742
After sweep 8 energy=-5.9905686  maxlinkdim=219 maxerr=1.19E-07 time=1.740
After sweep 9 energy=-5.9987507  maxlinkdim=236 maxerr=1.44E-08 time=1.788
After sweep 10 energy=-6.004242  maxlinkdim=198 maxerr=7.45E-10 time=1.762
After sweep 11 energy=-6.008567  maxlinkdim=192 maxerr=1.72E-07 time=1.816
After sweep 12 energy=-6.012062  maxlinkdim=237 maxerr=1.48E-08 time=1.895
After sweep 13 energy=-6.0151563  maxlinkdim=253 maxerr=1.58E-07 time=2.023
After sweep 14 energy=-6.017877  maxlinkdim=216 maxerr=4.66E-10 time=2.176
After sweep 15 energy=-6.0192785  maxlinkdim=267 maxerr=4.20E-10 time=2.165
After sweep 16 energy=-6.0205746  maxlinkdim=269 maxerr=5.86E-08 time=2.284
After sweep 17 energy=-6.0217524  maxlinkdim=245 maxerr=1.37E-07 time=2.511
After sweep 18 energy=-6.0223975  maxlinkdim=255 maxerr=6.99E-10 time=2.577
After sweep 19 energy=-6.0228615  maxlinkdim=280 maxerr=8.86E-10 time=2.645
After sweep 20 energy=-6.0232515  maxlinkdim=300 maxerr=6.05E-10 time=2.914
After sweep 21 energy=-6.023491  maxlinkdim=300 maxerr=1.84E-07 time=3.069
After sweep 22 energy=-6.0236416  maxlinkdim=300 maxerr=9.64E-08 time=3.285
After sweep 23 energy=-6.023708  maxlinkdim=296 maxerr=1.34E-08 time=3.390
After sweep 24 energy=-6.0237827  maxlinkdim=300 maxerr=1.30E-09 time=3.543
After sweep 25 energy=-6.0237937  maxlinkdim=300 maxerr=8.01E-10 time=3.781
After sweep 26 energy=-6.0237894  maxlinkdim=300 maxerr=7.59E-10 time=4.018
After sweep 27 energy=-6.023809  maxlinkdim=300 maxerr=4.94E-08 time=4.152
After sweep 28 energy=-6.02378  maxlinkdim=300 maxerr=1.68E-07 time=4.181
After sweep 29 energy=-6.0237937  maxlinkdim=300 maxerr=1.68E-07 time=4.139
After sweep 30 energy=-6.0238094  maxlinkdim=300 maxerr=2.75E-08 time=4.127
Same mu: -2.6532001135405214 and continuing
Target density achieved with mu=-2.6532001135405214, n=0.4999986
Checking {alpha,beta} vs measured
Beta not converged.
NOT CONVERGED; updating alpha, beta and continuing...
After sweep 1 energy=-4.685182  maxlinkdim=16 maxerr=2.81E-07 time=0.567
After sweep 2 energy=-5.781008  maxlinkdim=177 maxerr=9.52E-08 time=1.252
After sweep 3 energy=-5.868209  maxlinkdim=190 maxerr=2.62E-09 time=1.956
After sweep 4 energy=-5.914949  maxlinkdim=205 maxerr=1.99E-09 time=1.928
After sweep 5 energy=-5.943428  maxlinkdim=184 maxerr=1.36E-07 time=1.844
After sweep 6 energy=-5.9643354  maxlinkdim=214 maxerr=1.07E-08 time=1.791
After sweep 7 energy=-5.9795294  maxlinkdim=238 maxerr=1.28E-07 time=1.748
After sweep 8 energy=-5.9907575  maxlinkdim=216 maxerr=4.83E-08 time=1.788
After sweep 9 energy=-5.99867  maxlinkdim=234 maxerr=7.76E-10 time=1.769
After sweep 10 energy=-6.0053663  maxlinkdim=234 maxerr=5.66E-08 time=1.863
After sweep 11 energy=-6.009962  maxlinkdim=224 maxerr=1.17E-09 time=1.995
After sweep 12 energy=-6.013201  maxlinkdim=238 maxerr=6.61E-09 time=1.970
After sweep 13 energy=-6.017045  maxlinkdim=243 maxerr=7.80E-10 time=2.214
After sweep 14 energy=-6.01886  maxlinkdim=282 maxerr=8.97E-10 time=2.280
After sweep 15 energy=-6.0203238  maxlinkdim=300 maxerr=3.26E-10 time=2.338
After sweep 16 energy=-6.021291  maxlinkdim=300 maxerr=4.64E-10 time=2.421
After sweep 17 energy=-6.022087  maxlinkdim=264 maxerr=6.23E-10 time=2.518
After sweep 18 energy=-6.022729  maxlinkdim=293 maxerr=1.25E-07 time=2.740
After sweep 19 energy=-6.023097  maxlinkdim=283 maxerr=2.49E-09 time=2.784
After sweep 20 energy=-6.023346  maxlinkdim=293 maxerr=8.35E-08 time=2.932
After sweep 21 energy=-6.023539  maxlinkdim=300 maxerr=1.40E-07 time=3.066
After sweep 22 energy=-6.0236816  maxlinkdim=277 maxerr=1.36E-07 time=3.187
After sweep 23 energy=-6.0237484  maxlinkdim=300 maxerr=4.65E-09 time=3.422
After sweep 24 energy=-6.023752  maxlinkdim=300 maxerr=9.91E-10 time=3.603
After sweep 25 energy=-6.0238156  maxlinkdim=300 maxerr=1.47E-08 time=3.853
After sweep 26 energy=-6.0238066  maxlinkdim=300 maxerr=2.72E-07 time=4.063
After sweep 27 energy=-6.023798  maxlinkdim=300 maxerr=9.18E-09 time=4.157
After sweep 28 energy=-6.023821  maxlinkdim=300 maxerr=1.53E-07 time=4.165
After sweep 29 energy=-6.0238094  maxlinkdim=300 maxerr=1.15E-07 time=4.155
After sweep 30 energy=-6.0238085  maxlinkdim=300 maxerr=3.56E-08 time=4.134
Same mu: -2.6532001135405214 and continuing
Target density achieved with mu=-2.6532001135405214, n=0.49999818
Checking {alpha,beta} vs measured
Beta not converged.
NOT CONVERGED; updating alpha, beta and continuing...
After sweep 1 energy=-4.67632  maxlinkdim=16 maxerr=2.35E-07 time=0.877
After sweep 2 energy=-5.7876363  maxlinkdim=181 maxerr=9.49E-08 time=1.175
After sweep 3 energy=-5.871551  maxlinkdim=188 maxerr=1.64E-07 time=1.958
After sweep 4 energy=-5.917585  maxlinkdim=210 maxerr=2.27E-09 time=1.921
After sweep 5 energy=-5.945598  maxlinkdim=201 maxerr=1.20E-07 time=1.892
After sweep 6 energy=-5.9671216  maxlinkdim=220 maxerr=1.09E-09 time=1.817
After sweep 7 energy=-5.982917  maxlinkdim=186 maxerr=3.88E-08 time=1.842
After sweep 8 energy=-5.9931626  maxlinkdim=219 maxerr=1.34E-07 time=1.756
After sweep 9 energy=-6.0002637  maxlinkdim=188 maxerr=2.57E-07 time=1.759
After sweep 10 energy=-6.0058794  maxlinkdim=229 maxerr=6.00E-09 time=1.802
After sweep 11 energy=-6.010123  maxlinkdim=264 maxerr=1.05E-09 time=1.907
After sweep 12 energy=-6.013692  maxlinkdim=274 maxerr=1.82E-07 time=2.022
After sweep 13 energy=-6.016984  maxlinkdim=233 maxerr=1.29E-08 time=2.195
After sweep 14 energy=-6.0188746  maxlinkdim=221 maxerr=6.56E-08 time=2.221
After sweep 15 energy=-6.0201907  maxlinkdim=300 maxerr=2.47E-09 time=2.192
After sweep 16 energy=-6.0212126  maxlinkdim=263 maxerr=4.78E-10 time=2.360
After sweep 17 energy=-6.02199  maxlinkdim=300 maxerr=1.43E-07 time=2.514
After sweep 18 energy=-6.022517  maxlinkdim=247 maxerr=4.76E-10 time=2.544
After sweep 19 energy=-6.0229087  maxlinkdim=251 maxerr=4.75E-10 time=2.634
After sweep 20 energy=-6.0231366  maxlinkdim=257 maxerr=1.30E-07 time=2.728
After sweep 21 energy=-6.023389  maxlinkdim=261 maxerr=1.88E-07 time=2.821
After sweep 22 energy=-6.0235577  maxlinkdim=300 maxerr=7.59E-08 time=3.065
After sweep 23 energy=-6.0237064  maxlinkdim=300 maxerr=6.68E-08 time=3.344
After sweep 24 energy=-6.023754  maxlinkdim=300 maxerr=1.09E-08 time=3.576
After sweep 25 energy=-6.023817  maxlinkdim=300 maxerr=5.55E-10 time=3.851
After sweep 26 energy=-6.0237894  maxlinkdim=300 maxerr=4.29E-08 time=4.028
After sweep 27 energy=-6.023799  maxlinkdim=300 maxerr=4.11E-10 time=4.150
After sweep 28 energy=-6.0238028  maxlinkdim=300 maxerr=2.70E-09 time=4.171
After sweep 29 energy=-6.023785  maxlinkdim=300 maxerr=4.98E-08 time=4.153
After sweep 30 energy=-6.023777  maxlinkdim=300 maxerr=1.35E-07 time=4.143
Same mu: -2.6532001135405214 and continuing
Target density achieved with mu=-2.6532001135405214, n=0.49999675
Checking {alpha,beta} vs measured
Beta not converged.
NOT CONVERGED; updating alpha, beta and continuing...
After sweep 1 energy=-4.6806436  maxlinkdim=16 maxerr=2.80E-07 time=0.548
After sweep 2 energy=-5.790274  maxlinkdim=181 maxerr=1.08E-08 time=1.322
After sweep 3 energy=-5.875607  maxlinkdim=192 maxerr=2.31E-09 time=1.985
After sweep 4 energy=-5.922877  maxlinkdim=212 maxerr=6.87E-08 time=1.983
After sweep 5 energy=-5.9502673  maxlinkdim=194 maxerr=9.14E-10 time=1.920
After sweep 6 energy=-5.970423  maxlinkdim=237 maxerr=1.21E-08 time=1.842
After sweep 7 energy=-5.984381  maxlinkdim=206 maxerr=1.84E-09 time=1.804
After sweep 8 energy=-5.993769  maxlinkdim=210 maxerr=1.91E-09 time=1.749
After sweep 9 energy=-6.00097  maxlinkdim=239 maxerr=3.26E-07 time=1.773
After sweep 10 energy=-6.0064588  maxlinkdim=200 maxerr=1.64E-09 time=1.825
After sweep 11 energy=-6.010512  maxlinkdim=228 maxerr=5.22E-10 time=1.914
After sweep 12 energy=-6.0137415  maxlinkdim=207 maxerr=1.01E-09 time=1.939
After sweep 13 energy=-6.017192  maxlinkdim=231 maxerr=4.51E-09 time=2.085
After sweep 14 energy=-6.0189304  maxlinkdim=218 maxerr=7.35E-10 time=2.101
After sweep 15 energy=-6.0204434  maxlinkdim=248 maxerr=1.00E-10 time=2.268
After sweep 16 energy=-6.021411  maxlinkdim=290 maxerr=1.28E-09 time=2.369
After sweep 17 energy=-6.0221043  maxlinkdim=300 maxerr=2.49E-07 time=2.427
After sweep 18 energy=-6.022603  maxlinkdim=247 maxerr=7.10E-08 time=2.581
After sweep 19 energy=-6.0229673  maxlinkdim=245 maxerr=9.62E-10 time=2.646
After sweep 20 energy=-6.0233183  maxlinkdim=270 maxerr=2.59E-09 time=2.883
After sweep 21 energy=-6.0235057  maxlinkdim=269 maxerr=4.99E-10 time=2.973
After sweep 22 energy=-6.023641  maxlinkdim=300 maxerr=2.05E-10 time=3.106
After sweep 23 energy=-6.0237327  maxlinkdim=300 maxerr=2.55E-08 time=3.349
After sweep 24 energy=-6.0237775  maxlinkdim=300 maxerr=7.55E-08 time=3.535
After sweep 25 energy=-6.023791  maxlinkdim=300 maxerr=3.07E-07 time=3.770
After sweep 26 energy=-6.02379  maxlinkdim=300 maxerr=9.86E-10 time=4.028
After sweep 27 energy=-6.0237646  maxlinkdim=300 maxerr=6.44E-08 time=4.161
After sweep 28 energy=-6.0237637  maxlinkdim=300 maxerr=3.12E-07 time=4.164
After sweep 29 energy=-6.0237856  maxlinkdim=300 maxerr=1.54E-07 time=4.147
After sweep 30 energy=-6.0238047  maxlinkdim=300 maxerr=1.11E-07 time=4.131
Same mu: -2.6532001135405214 and continuing
Target density achieved with mu=-2.6532001135405214, n=0.4999973
Checking {alpha,beta} vs measured
Beta not converged.
NOT CONVERGED; updating alpha, beta and continuing...
After sweep 1 energy=-4.672728  maxlinkdim=16 maxerr=4.11E-07 time=0.558
After sweep 2 energy=-5.786357  maxlinkdim=177 maxerr=1.41E-08 time=1.268
After sweep 3 energy=-5.8705463  maxlinkdim=190 maxerr=3.31E-08 time=1.945
After sweep 4 energy=-5.915864  maxlinkdim=208 maxerr=8.98E-08 time=1.954
After sweep 5 energy=-5.9445195  maxlinkdim=210 maxerr=9.96E-10 time=1.863
After sweep 6 energy=-5.9660115  maxlinkdim=240 maxerr=7.06E-08 time=1.817
After sweep 7 energy=-5.980272  maxlinkdim=244 maxerr=1.84E-08 time=1.798
After sweep 8 energy=-5.9924088  maxlinkdim=229 maxerr=4.75E-09 time=1.854
After sweep 9 energy=-6.0000014  maxlinkdim=254 maxerr=8.94E-10 time=1.853
After sweep 10 energy=-6.005879  maxlinkdim=195 maxerr=3.78E-08 time=1.878
After sweep 11 energy=-6.010051  maxlinkdim=246 maxerr=1.46E-10 time=1.866
After sweep 12 energy=-6.013215  maxlinkdim=238 maxerr=6.82E-10 time=1.959
After sweep 13 energy=-6.016671  maxlinkdim=226 maxerr=3.61E-08 time=2.133
After sweep 14 energy=-6.018683  maxlinkdim=206 maxerr=7.99E-08 time=2.136
After sweep 15 energy=-6.0201116  maxlinkdim=228 maxerr=1.92E-07 time=2.217
After sweep 16 energy=-6.0213337  maxlinkdim=229 maxerr=6.18E-08 time=2.441
After sweep 17 energy=-6.022026  maxlinkdim=244 maxerr=2.65E-08 time=2.452
After sweep 18 energy=-6.0225954  maxlinkdim=259 maxerr=9.99E-11 time=2.579
After sweep 19 energy=-6.02302  maxlinkdim=298 maxerr=4.75E-10 time=2.713
After sweep 20 energy=-6.023383  maxlinkdim=285 maxerr=8.75E-10 time=2.861
After sweep 21 energy=-6.0235496  maxlinkdim=300 maxerr=1.84E-08 time=2.988
After sweep 22 energy=-6.023656  maxlinkdim=300 maxerr=5.60E-10 time=3.121
After sweep 23 energy=-6.02374  maxlinkdim=300 maxerr=5.43E-08 time=3.386
After sweep 24 energy=-6.0237904  maxlinkdim=300 maxerr=3.95E-10 time=3.610
After sweep 25 energy=-6.023823  maxlinkdim=300 maxerr=1.84E-07 time=3.867
After sweep 26 energy=-6.0237875  maxlinkdim=300 maxerr=6.28E-10 time=4.069
After sweep 27 energy=-6.0238204  maxlinkdim=300 maxerr=1.74E-07 time=4.160
After sweep 28 energy=-6.023814  maxlinkdim=300 maxerr=1.45E-09 time=4.171
After sweep 29 energy=-6.0237665  maxlinkdim=300 maxerr=5.23E-08 time=4.144
After sweep 30 energy=-6.023799  maxlinkdim=300 maxerr=6.34E-10 time=4.141
Same mu: -2.6532001135405214 and continuing
Target density achieved with mu=-2.6532001135405214, n=0.4999967
Checking {alpha,beta} vs measured
Beta not converged.
NOT CONVERGED; updating alpha, beta and continuing...
After sweep 1 energy=-4.6725307  maxlinkdim=16 maxerr=2.68E-07 time=0.563
After sweep 2 energy=-5.782314  maxlinkdim=179 maxerr=1.62E-07 time=1.250
After sweep 3 energy=-5.8679304  maxlinkdim=193 maxerr=3.26E-08 time=1.951
After sweep 4 energy=-5.915615  maxlinkdim=217 maxerr=1.86E-09 time=1.964
After sweep 5 energy=-5.9443107  maxlinkdim=202 maxerr=4.88E-08 time=1.826
After sweep 6 energy=-5.965413  maxlinkdim=241 maxerr=3.63E-07 time=1.769
After sweep 7 energy=-5.9804444  maxlinkdim=200 maxerr=2.23E-09 time=1.747
After sweep 8 energy=-5.990692  maxlinkdim=199 maxerr=1.38E-08 time=1.707
After sweep 9 energy=-5.998845  maxlinkdim=207 maxerr=1.71E-08 time=1.739
After sweep 10 energy=-6.0065627  maxlinkdim=192 maxerr=2.87E-07 time=1.870
After sweep 11 energy=-6.010873  maxlinkdim=234 maxerr=1.21E-07 time=1.923
After sweep 12 energy=-6.0141993  maxlinkdim=262 maxerr=6.89E-08 time=1.990
After sweep 13 energy=-6.0172167  maxlinkdim=216 maxerr=6.03E-09 time=2.116
After sweep 14 energy=-6.0190244  maxlinkdim=240 maxerr=1.56E-07 time=2.162
After sweep 15 energy=-6.02034  maxlinkdim=220 maxerr=2.93E-08 time=2.196
After sweep 16 energy=-6.021196  maxlinkdim=214 maxerr=4.79E-10 time=2.263
After sweep 17 energy=-6.0218306  maxlinkdim=219 maxerr=1.12E-10 time=2.309
After sweep 18 energy=-6.0223756  maxlinkdim=251 maxerr=2.98E-08 time=2.425
After sweep 19 energy=-6.02286  maxlinkdim=253 maxerr=9.42E-08 time=2.663
After sweep 20 energy=-6.023199  maxlinkdim=275 maxerr=1.33E-08 time=2.806
After sweep 21 energy=-6.0234275  maxlinkdim=300 maxerr=6.32E-08 time=2.979
After sweep 22 energy=-6.0236397  maxlinkdim=300 maxerr=1.66E-07 time=3.197
After sweep 23 energy=-6.023714  maxlinkdim=300 maxerr=1.81E-07 time=3.387
After sweep 24 energy=-6.0237646  maxlinkdim=300 maxerr=1.40E-09 time=3.551
After sweep 25 energy=-6.023799  maxlinkdim=300 maxerr=1.02E-09 time=3.739
After sweep 26 energy=-6.023779  maxlinkdim=300 maxerr=3.84E-08 time=3.963
After sweep 27 energy=-6.023778  maxlinkdim=300 maxerr=1.35E-07 time=4.113
After sweep 28 energy=-6.023802  maxlinkdim=300 maxerr=2.55E-08 time=4.150
After sweep 29 energy=-6.0237904  maxlinkdim=300 maxerr=1.31E-07 time=4.129
After sweep 30 energy=-6.0237865  maxlinkdim=300 maxerr=1.07E-07 time=4.120
Same mu: -2.6532001135405214 and continuing
Target density achieved with mu=-2.6532001135405214, n=0.49999648
Checking {alpha,beta} vs measured
Beta not converged.
NOT CONVERGED; updating alpha, beta and continuing...
After sweep 1 energy=-4.6676087  maxlinkdim=16 maxerr=2.68E-07 time=0.881
After sweep 2 energy=-5.7753835  maxlinkdim=178 maxerr=1.88E-07 time=1.187
After sweep 3 energy=-5.862957  maxlinkdim=205 maxerr=3.18E-08 time=2.028
After sweep 4 energy=-5.912415  maxlinkdim=221 maxerr=2.56E-08 time=1.928
After sweep 5 energy=-5.941673  maxlinkdim=212 maxerr=2.84E-09 time=1.916
After sweep 6 energy=-5.9635835  maxlinkdim=224 maxerr=5.68E-08 time=1.869
After sweep 7 energy=-5.97845  maxlinkdim=194 maxerr=1.03E-09 time=1.757
After sweep 8 energy=-5.9900923  maxlinkdim=211 maxerr=1.88E-09 time=1.791
After sweep 9 energy=-5.9981747  maxlinkdim=270 maxerr=1.84E-09 time=1.756
After sweep 10 energy=-6.004055  maxlinkdim=235 maxerr=1.00E-10 time=1.812
After sweep 11 energy=-6.0087857  maxlinkdim=206 maxerr=4.02E-08 time=1.870
After sweep 12 energy=-6.0121636  maxlinkdim=272 maxerr=2.94E-08 time=1.968
After sweep 13 energy=-6.0147386  maxlinkdim=272 maxerr=1.99E-08 time=2.027
After sweep 14 energy=-6.01705  maxlinkdim=245 maxerr=7.90E-08 time=2.102
After sweep 15 energy=-6.018715  maxlinkdim=251 maxerr=2.92E-10 time=2.170
After sweep 16 energy=-6.0201845  maxlinkdim=249 maxerr=1.10E-07 time=2.261
After sweep 17 energy=-6.021425  maxlinkdim=238 maxerr=2.57E-08 time=2.431
After sweep 18 energy=-6.022146  maxlinkdim=238 maxerr=6.71E-10 time=2.501
After sweep 19 energy=-6.0226264  maxlinkdim=276 maxerr=8.98E-10 time=2.526
After sweep 20 energy=-6.023024  maxlinkdim=260 maxerr=1.28E-07 time=2.727
After sweep 21 energy=-6.023288  maxlinkdim=276 maxerr=6.55E-08 time=2.871
After sweep 22 energy=-6.0234814  maxlinkdim=269 maxerr=8.13E-08 time=2.928
After sweep 23 energy=-6.0236373  maxlinkdim=292 maxerr=5.87E-10 time=3.129
After sweep 24 energy=-6.0237064  maxlinkdim=300 maxerr=5.63E-10 time=3.346
After sweep 25 energy=-6.02379  maxlinkdim=300 maxerr=8.90E-08 time=3.564
After sweep 26 energy=-6.0238104  maxlinkdim=300 maxerr=8.42E-08 time=3.777
After sweep 27 energy=-6.0237856  maxlinkdim=300 maxerr=8.78E-10 time=4.041
After sweep 28 energy=-6.023815  maxlinkdim=300 maxerr=2.47E-08 time=4.156
After sweep 29 energy=-6.0238037  maxlinkdim=300 maxerr=3.13E-08 time=4.176
After sweep 30 energy=-6.0237904  maxlinkdim=300 maxerr=1.32E-07 time=4.147
Same mu: -2.6532001135405214 and continuing
Target density achieved with mu=-2.6532001135405214, n=0.49999696
Checking {alpha,beta} vs measured
Beta not converged.
NOT CONVERGED; updating alpha, beta and continuing...
After sweep 1 energy=-4.6891456  maxlinkdim=16 maxerr=2.09E-07 time=0.554
After sweep 2 energy=-5.7895536  maxlinkdim=178 maxerr=6.01E-09 time=1.271
After sweep 3 energy=-5.8724656  maxlinkdim=194 maxerr=1.28E-07 time=1.980
After sweep 4 energy=-5.9188757  maxlinkdim=233 maxerr=2.03E-07 time=1.927
After sweep 5 energy=-5.9459653  maxlinkdim=195 maxerr=9.76E-10 time=1.900
After sweep 6 energy=-5.9671845  maxlinkdim=247 maxerr=2.56E-08 time=1.802
After sweep 7 energy=-5.98218  maxlinkdim=218 maxerr=1.11E-07 time=1.817
After sweep 8 energy=-5.9929757  maxlinkdim=248 maxerr=2.93E-08 time=1.824
After sweep 9 energy=-6.0004296  maxlinkdim=234 maxerr=4.48E-08 time=1.801
After sweep 10 energy=-6.008007  maxlinkdim=222 maxerr=1.61E-07 time=1.954
After sweep 11 energy=-6.0118675  maxlinkdim=232 maxerr=8.52E-10 time=1.953
After sweep 12 energy=-6.0146394  maxlinkdim=202 maxerr=1.51E-07 time=1.930
After sweep 13 energy=-6.0171285  maxlinkdim=228 maxerr=1.84E-09 time=2.011
After sweep 14 energy=-6.018657  maxlinkdim=207 maxerr=3.67E-10 time=2.034
After sweep 15 energy=-6.020233  maxlinkdim=235 maxerr=1.29E-07 time=2.221
After sweep 16 energy=-6.021461  maxlinkdim=236 maxerr=3.53E-08 time=2.381
After sweep 17 energy=-6.0222454  maxlinkdim=300 maxerr=4.60E-08 time=2.455
After sweep 18 energy=-6.0227613  maxlinkdim=253 maxerr=9.20E-10 time=2.630
After sweep 19 energy=-6.0230885  maxlinkdim=254 maxerr=1.79E-07 time=2.711
After sweep 20 energy=-6.023324  maxlinkdim=269 maxerr=5.01E-08 time=2.785
After sweep 21 energy=-6.0235114  maxlinkdim=293 maxerr=1.59E-09 time=2.993
After sweep 22 energy=-6.0236597  maxlinkdim=300 maxerr=6.69E-08 time=3.163
After sweep 23 energy=-6.023743  maxlinkdim=300 maxerr=2.04E-08 time=3.285
After sweep 24 energy=-6.0237856  maxlinkdim=300 maxerr=6.58E-08 time=3.638
After sweep 25 energy=-6.0238028  maxlinkdim=300 maxerr=6.10E-10 time=3.930
After sweep 26 energy=-6.023781  maxlinkdim=300 maxerr=6.62E-10 time=4.095
After sweep 27 energy=-6.0238132  maxlinkdim=300 maxerr=9.81E-10 time=4.168
After sweep 28 energy=-6.023805  maxlinkdim=300 maxerr=1.50E-07 time=4.172
After sweep 29 energy=-6.023796  maxlinkdim=300 maxerr=3.90E-08 time=4.146
After sweep 30 energy=-6.0238075  maxlinkdim=300 maxerr=1.67E-07 time=4.149
Same mu: -2.6532001135405214 and continuing
Target density achieved with mu=-2.6532001135405214, n=0.49999753
Checking {alpha,beta} vs measured
Beta not converged.
NOT CONVERGED; updating alpha, beta and continuing...
After sweep 1 energy=-4.6790957  maxlinkdim=16 maxerr=3.15E-07 time=0.557
After sweep 2 energy=-5.7715335  maxlinkdim=183 maxerr=1.35E-07 time=1.275
After sweep 3 energy=-5.8589196  maxlinkdim=188 maxerr=1.37E-09 time=1.907
After sweep 4 energy=-5.9107413  maxlinkdim=208 maxerr=4.12E-09 time=1.924
After sweep 5 energy=-5.9411454  maxlinkdim=203 maxerr=5.05E-09 time=1.905
After sweep 6 energy=-5.962936  maxlinkdim=239 maxerr=1.24E-07 time=1.830
After sweep 7 energy=-5.9786644  maxlinkdim=224 maxerr=2.95E-08 time=1.818
After sweep 8 energy=-5.9911184  maxlinkdim=199 maxerr=2.15E-07 time=1.837
After sweep 9 energy=-5.999097  maxlinkdim=247 maxerr=1.47E-07 time=1.814
After sweep 10 energy=-6.0050173  maxlinkdim=270 maxerr=6.52E-10 time=1.854
After sweep 11 energy=-6.009682  maxlinkdim=227 maxerr=1.92E-07 time=1.975
After sweep 12 energy=-6.012933  maxlinkdim=223 maxerr=2.30E-07 time=1.998
After sweep 13 energy=-6.0157576  maxlinkdim=229 maxerr=1.12E-09 time=2.067
After sweep 14 energy=-6.0177927  maxlinkdim=246 maxerr=2.14E-07 time=2.182
After sweep 15 energy=-6.0193605  maxlinkdim=300 maxerr=1.31E-07 time=2.232
After sweep 16 energy=-6.021004  maxlinkdim=262 maxerr=6.60E-10 time=2.410
After sweep 17 energy=-6.0219207  maxlinkdim=245 maxerr=3.28E-10 time=2.523
After sweep 18 energy=-6.0224485  maxlinkdim=241 maxerr=1.12E-07 time=2.524
After sweep 19 energy=-6.022849  maxlinkdim=257 maxerr=1.41E-07 time=2.566
After sweep 20 energy=-6.0231047  maxlinkdim=253 maxerr=6.67E-08 time=2.658
After sweep 21 energy=-6.0233603  maxlinkdim=275 maxerr=3.02E-10 time=2.796
After sweep 22 energy=-6.0235376  maxlinkdim=268 maxerr=6.20E-08 time=2.889
After sweep 23 energy=-6.02363  maxlinkdim=300 maxerr=2.35E-10 time=3.127
After sweep 24 energy=-6.023695  maxlinkdim=300 maxerr=3.63E-10 time=3.332
After sweep 25 energy=-6.0237846  maxlinkdim=300 maxerr=1.18E-09 time=3.577
After sweep 26 energy=-6.023795  maxlinkdim=300 maxerr=1.52E-10 time=3.770
After sweep 27 energy=-6.0237823  maxlinkdim=300 maxerr=9.02E-08 time=3.980
After sweep 28 energy=-6.023822  maxlinkdim=300 maxerr=9.85E-10 time=4.158
After sweep 29 energy=-6.023855  maxlinkdim=300 maxerr=5.61E-08 time=4.173
After sweep 30 energy=-6.023808  maxlinkdim=300 maxerr=6.68E-10 time=4.148
Same mu: -2.6532001135405214 and continuing
Target density achieved with mu=-2.6532001135405214, n=0.4999986
Checking {alpha,beta} vs measured
Beta not converged.
NOT CONVERGED; updating alpha, beta and continuing...
After sweep 1 energy=-4.6827736  maxlinkdim=16 maxerr=3.19E-07 time=0.538
After sweep 2 energy=-5.7864327  maxlinkdim=178 maxerr=1.68E-08 time=1.224
After sweep 3 energy=-5.8722343  maxlinkdim=205 maxerr=2.35E-08 time=1.979
After sweep 4 energy=-5.9198866  maxlinkdim=233 maxerr=2.17E-09 time=2.009
After sweep 5 energy=-5.9473786  maxlinkdim=205 maxerr=2.68E-09 time=1.930
After sweep 6 energy=-5.967155  maxlinkdim=268 maxerr=1.07E-09 time=1.832
After sweep 7 energy=-5.9818254  maxlinkdim=278 maxerr=7.81E-08 time=1.835
After sweep 8 energy=-5.992846  maxlinkdim=241 maxerr=4.85E-09 time=1.858
After sweep 9 energy=-6.0003457  maxlinkdim=275 maxerr=4.19E-08 time=1.811
After sweep 10 energy=-6.006074  maxlinkdim=204 maxerr=3.23E-08 time=1.845
After sweep 11 energy=-6.010437  maxlinkdim=241 maxerr=4.10E-10 time=1.914
After sweep 12 energy=-6.0134497  maxlinkdim=293 maxerr=3.35E-10 time=1.990
After sweep 13 energy=-6.016267  maxlinkdim=250 maxerr=4.78E-08 time=2.074
After sweep 14 energy=-6.018531  maxlinkdim=218 maxerr=9.39E-08 time=2.206
After sweep 15 energy=-6.019888  maxlinkdim=236 maxerr=3.05E-08 time=2.183
After sweep 16 energy=-6.021118  maxlinkdim=230 maxerr=1.88E-07 time=2.336
After sweep 17 energy=-6.0219154  maxlinkdim=263 maxerr=5.83E-10 time=2.399
After sweep 18 energy=-6.0224857  maxlinkdim=259 maxerr=3.28E-10 time=2.553
After sweep 19 energy=-6.022874  maxlinkdim=268 maxerr=7.49E-08 time=2.645
After sweep 20 energy=-6.0232124  maxlinkdim=287 maxerr=9.99E-11 time=2.793
After sweep 21 energy=-6.0233994  maxlinkdim=262 maxerr=6.05E-08 time=2.884
After sweep 22 energy=-6.0235834  maxlinkdim=300 maxerr=7.86E-08 time=3.086
After sweep 23 energy=-6.0236983  maxlinkdim=293 maxerr=5.36E-10 time=3.241
After sweep 24 energy=-6.023755  maxlinkdim=300 maxerr=1.81E-08 time=3.392
After sweep 25 energy=-6.023793  maxlinkdim=300 maxerr=1.01E-09 time=3.640
After sweep 26 energy=-6.02381  maxlinkdim=300 maxerr=1.88E-10 time=3.874
After sweep 27 energy=-6.0237885  maxlinkdim=300 maxerr=1.04E-07 time=4.062
After sweep 28 energy=-6.0238037  maxlinkdim=300 maxerr=5.35E-10 time=4.157
After sweep 29 energy=-6.0237694  maxlinkdim=300 maxerr=6.50E-08 time=4.158
After sweep 30 energy=-6.023798  maxlinkdim=300 maxerr=1.80E-09 time=4.134
Same mu: -2.6532001135405214 and continuing
Target density achieved with mu=-2.6532001135405214, n=0.4999975
Checking {alpha,beta} vs measured
Beta not converged.
NOT CONVERGED; updating alpha, beta and continuing...
After sweep 1 energy=-4.667963  maxlinkdim=16 maxerr=2.05E-07 time=0.872
After sweep 2 energy=-5.779815  maxlinkdim=183 maxerr=2.09E-07 time=1.178
After sweep 3 energy=-5.8655663  maxlinkdim=195 maxerr=1.59E-09 time=2.061
After sweep 4 energy=-5.914793  maxlinkdim=221 maxerr=2.09E-08 time=1.975
After sweep 5 energy=-5.943799  maxlinkdim=193 maxerr=1.68E-07 time=1.921
After sweep 6 energy=-5.9648213  maxlinkdim=226 maxerr=1.51E-09 time=1.839
After sweep 7 energy=-5.9810915  maxlinkdim=236 maxerr=1.42E-09 time=1.857
After sweep 8 energy=-5.992  maxlinkdim=222 maxerr=3.25E-09 time=1.868
After sweep 9 energy=-5.999661  maxlinkdim=261 maxerr=7.82E-08 time=1.856
After sweep 10 energy=-6.0063667  maxlinkdim=296 maxerr=6.45E-08 time=1.956
After sweep 11 energy=-6.010624  maxlinkdim=242 maxerr=8.73E-08 time=2.031
After sweep 12 energy=-6.013681  maxlinkdim=276 maxerr=1.47E-07 time=2.050
After sweep 13 energy=-6.0163326  maxlinkdim=247 maxerr=2.06E-09 time=2.133
After sweep 14 energy=-6.018464  maxlinkdim=278 maxerr=2.04E-07 time=2.257
After sweep 15 energy=-6.0197735  maxlinkdim=250 maxerr=1.33E-09 time=2.252
After sweep 16 energy=-6.0208097  maxlinkdim=240 maxerr=3.85E-08 time=2.294
After sweep 17 energy=-6.0216174  maxlinkdim=300 maxerr=5.82E-10 time=2.403
After sweep 18 energy=-6.0223055  maxlinkdim=282 maxerr=1.40E-07 time=2.501
After sweep 19 energy=-6.0228896  maxlinkdim=291 maxerr=2.10E-07 time=2.762
After sweep 20 energy=-6.023167  maxlinkdim=294 maxerr=2.42E-07 time=2.810
After sweep 21 energy=-6.023399  maxlinkdim=282 maxerr=1.56E-07 time=2.848
After sweep 22 energy=-6.0235624  maxlinkdim=295 maxerr=1.68E-07 time=3.039
After sweep 23 energy=-6.0236797  maxlinkdim=269 maxerr=5.80E-10 time=3.198
After sweep 24 energy=-6.0237446  maxlinkdim=300 maxerr=7.54E-08 time=3.302
After sweep 25 energy=-6.0237923  maxlinkdim=300 maxerr=4.13E-08 time=3.568
After sweep 26 energy=-6.023816  maxlinkdim=300 maxerr=7.22E-10 time=3.836
After sweep 27 energy=-6.023801  maxlinkdim=300 maxerr=1.80E-07 time=4.056
After sweep 28 energy=-6.0237827  maxlinkdim=300 maxerr=6.60E-08 time=4.155
After sweep 29 energy=-6.023773  maxlinkdim=300 maxerr=4.38E-08 time=4.178
After sweep 30 energy=-6.0238256  maxlinkdim=300 maxerr=8.60E-08 time=4.147
Same mu: -2.6532001135405214 and continuing
Target density achieved with mu=-2.6532001135405214, n=0.49999806
Checking {alpha,beta} vs measured
Beta not converged.
NOT CONVERGED; updating alpha, beta and continuing...
After sweep 1 energy=-4.6871395  maxlinkdim=16 maxerr=3.76E-07 time=0.549
After sweep 2 energy=-5.7830815  maxlinkdim=169 maxerr=1.51E-08 time=1.305
After sweep 3 energy=-5.8692513  maxlinkdim=191 maxerr=2.10E-07 time=1.982
After sweep 4 energy=-5.915511  maxlinkdim=256 maxerr=1.91E-09 time=1.995
After sweep 5 energy=-5.9444137  maxlinkdim=212 maxerr=9.99E-11 time=1.944
After sweep 6 energy=-5.965187  maxlinkdim=287 maxerr=7.24E-08 time=1.830
After sweep 7 energy=-5.980111  maxlinkdim=237 maxerr=2.01E-07 time=1.804
After sweep 8 energy=-5.9911814  maxlinkdim=253 maxerr=1.42E-07 time=1.766
After sweep 9 energy=-5.9990063  maxlinkdim=225 maxerr=9.57E-10 time=1.749
After sweep 10 energy=-6.0045047  maxlinkdim=248 maxerr=7.22E-08 time=1.779
After sweep 11 energy=-6.009143  maxlinkdim=272 maxerr=9.82E-08 time=1.854
After sweep 12 energy=-6.012352  maxlinkdim=254 maxerr=1.24E-09 time=1.915
After sweep 13 energy=-6.0153046  maxlinkdim=265 maxerr=4.00E-10 time=1.988
After sweep 14 energy=-6.0181746  maxlinkdim=300 maxerr=2.39E-07 time=2.208
After sweep 15 energy=-6.019707  maxlinkdim=267 maxerr=1.00E-10 time=2.246
After sweep 16 energy=-6.020808  maxlinkdim=258 maxerr=4.18E-08 time=2.267
After sweep 17 energy=-6.0215797  maxlinkdim=269 maxerr=1.30E-09 time=2.344
After sweep 18 energy=-6.0223517  maxlinkdim=259 maxerr=8.60E-08 time=2.560
After sweep 19 energy=-6.022808  maxlinkdim=267 maxerr=2.71E-08 time=2.608
After sweep 20 energy=-6.023161  maxlinkdim=272 maxerr=5.16E-10 time=2.747
After sweep 21 energy=-6.0233626  maxlinkdim=300 maxerr=7.86E-10 time=2.935
After sweep 22 energy=-6.023574  maxlinkdim=300 maxerr=5.87E-08 time=3.225
After sweep 23 energy=-6.0236754  maxlinkdim=300 maxerr=1.63E-09 time=3.335
After sweep 24 energy=-6.023761  maxlinkdim=300 maxerr=8.40E-08 time=3.496
After sweep 25 energy=-6.023786  maxlinkdim=300 maxerr=7.12E-10 time=3.712
After sweep 26 energy=-6.0237956  maxlinkdim=300 maxerr=7.49E-10 time=3.956
After sweep 27 energy=-6.023808  maxlinkdim=300 maxerr=1.73E-08 time=4.136
After sweep 28 energy=-6.0237927  maxlinkdim=300 maxerr=2.05E-07 time=4.180
After sweep 29 energy=-6.023824  maxlinkdim=300 maxerr=6.64E-08 time=4.163
After sweep 30 energy=-6.023804  maxlinkdim=300 maxerr=6.04E-10 time=4.150
Same mu: -2.6532001135405214 and continuing
Target density achieved with mu=-2.6532001135405214, n=0.49999848
Checking {alpha,beta} vs measured
Beta not converged.
NOT CONVERGED; updating alpha, beta and continuing...
After sweep 1 energy=-4.690946  maxlinkdim=16 maxerr=2.19E-07 time=0.564
After sweep 2 energy=-5.7820606  maxlinkdim=178 maxerr=1.94E-08 time=1.271
After sweep 3 energy=-5.8680053  maxlinkdim=203 maxerr=1.49E-09 time=1.954
After sweep 4 energy=-5.916174  maxlinkdim=222 maxerr=8.58E-10 time=1.984
After sweep 5 energy=-5.943762  maxlinkdim=183 maxerr=2.00E-07 time=1.894
After sweep 6 energy=-5.9655147  maxlinkdim=227 maxerr=6.42E-08 time=1.771
After sweep 7 energy=-5.981105  maxlinkdim=202 maxerr=1.84E-09 time=1.763
After sweep 8 energy=-5.9919815  maxlinkdim=222 maxerr=1.53E-09 time=1.780
After sweep 9 energy=-5.9993916  maxlinkdim=246 maxerr=3.57E-08 time=1.761
After sweep 10 energy=-6.00521  maxlinkdim=183 maxerr=1.21E-08 time=1.789
After sweep 11 energy=-6.0094366  maxlinkdim=191 maxerr=1.34E-07 time=1.843
After sweep 12 energy=-6.013047  maxlinkdim=196 maxerr=1.16E-09 time=1.868
After sweep 13 energy=-6.016827  maxlinkdim=205 maxerr=3.90E-08 time=2.072
After sweep 14 energy=-6.018683  maxlinkdim=213 maxerr=1.01E-09 time=2.091
After sweep 15 energy=-6.020275  maxlinkdim=210 maxerr=1.71E-07 time=2.205
After sweep 16 energy=-6.0211964  maxlinkdim=211 maxerr=1.38E-07 time=2.206
After sweep 17 energy=-6.0219555  maxlinkdim=222 maxerr=8.66E-08 time=2.321
After sweep 18 energy=-6.022508  maxlinkdim=236 maxerr=2.76E-10 time=2.461
After sweep 19 energy=-6.0228996  maxlinkdim=267 maxerr=1.34E-08 time=2.561
After sweep 20 energy=-6.0232573  maxlinkdim=259 maxerr=1.15E-08 time=2.809
After sweep 21 energy=-6.0235267  maxlinkdim=300 maxerr=1.84E-07 time=3.047
After sweep 22 energy=-6.0236816  maxlinkdim=300 maxerr=7.66E-08 time=3.192
After sweep 23 energy=-6.0237417  maxlinkdim=300 maxerr=4.19E-08 time=3.356
After sweep 24 energy=-6.0238023  maxlinkdim=300 maxerr=8.02E-09 time=3.565
After sweep 25 energy=-6.023787  maxlinkdim=300 maxerr=5.16E-08 time=3.761
After sweep 26 energy=-6.023788  maxlinkdim=300 maxerr=1.71E-07 time=3.957
After sweep 27 energy=-6.0237865  maxlinkdim=300 maxerr=1.45E-07 time=4.122
After sweep 28 energy=-6.023815  maxlinkdim=300 maxerr=6.51E-08 time=4.175
After sweep 29 energy=-6.023797  maxlinkdim=300 maxerr=1.05E-09 time=4.149
After sweep 30 energy=-6.0238085  maxlinkdim=300 maxerr=5.90E-10 time=4.132
Same mu: -2.6532001135405214 and continuing
Target density achieved with mu=-2.6532001135405214, n=0.49999785
Checking {alpha,beta} vs measured
Beta not converged.
NOT CONVERGED; updating alpha, beta and continuing...
After sweep 1 energy=-4.682475  maxlinkdim=16 maxerr=2.62E-07 time=0.581
After sweep 2 energy=-5.789188  maxlinkdim=178 maxerr=8.12E-08 time=1.194
After sweep 3 energy=-5.8733625  maxlinkdim=186 maxerr=2.14E-09 time=2.047
After sweep 4 energy=-5.918746  maxlinkdim=218 maxerr=5.88E-08 time=1.947
After sweep 5 energy=-5.9470367  maxlinkdim=215 maxerr=1.04E-07 time=1.882
After sweep 6 energy=-5.9685163  maxlinkdim=225 maxerr=9.33E-08 time=1.820
After sweep 7 energy=-5.9826584  maxlinkdim=193 maxerr=8.16E-09 time=1.774
After sweep 8 energy=-5.992673  maxlinkdim=182 maxerr=1.69E-09 time=1.726
After sweep 9 energy=-6.000026  maxlinkdim=187 maxerr=9.77E-08 time=1.735
After sweep 10 energy=-6.0077524  maxlinkdim=210 maxerr=4.74E-08 time=1.893
After sweep 11 energy=-6.0118413  maxlinkdim=195 maxerr=1.50E-08 time=1.927
After sweep 12 energy=-6.015047  maxlinkdim=227 maxerr=1.59E-07 time=1.990
After sweep 13 energy=-6.0176353  maxlinkdim=224 maxerr=7.52E-10 time=2.082
After sweep 14 energy=-6.0194025  maxlinkdim=223 maxerr=1.30E-09 time=2.205
After sweep 15 energy=-6.020629  maxlinkdim=239 maxerr=1.33E-07 time=2.257
After sweep 16 energy=-6.0215697  maxlinkdim=241 maxerr=1.08E-07 time=2.373
After sweep 17 energy=-6.0222225  maxlinkdim=250 maxerr=1.37E-07 time=2.433
After sweep 18 energy=-6.0226984  maxlinkdim=263 maxerr=1.10E-09 time=2.573
After sweep 19 energy=-6.0230427  maxlinkdim=253 maxerr=6.12E-08 time=2.662
After sweep 20 energy=-6.0233154  maxlinkdim=276 maxerr=8.14E-08 time=2.777
After sweep 21 energy=-6.023492  maxlinkdim=273 maxerr=2.58E-07 time=2.924
After sweep 22 energy=-6.023655  maxlinkdim=300 maxerr=1.26E-07 time=3.255
After sweep 23 energy=-6.0237494  maxlinkdim=300 maxerr=2.45E-08 time=3.477
After sweep 24 energy=-6.023819  maxlinkdim=300 maxerr=1.12E-07 time=3.701
After sweep 25 energy=-6.023796  maxlinkdim=300 maxerr=5.26E-10 time=3.892
After sweep 26 energy=-6.023807  maxlinkdim=300 maxerr=9.93E-08 time=4.049
After sweep 27 energy=-6.023795  maxlinkdim=300 maxerr=1.25E-07 time=4.149
After sweep 28 energy=-6.0238056  maxlinkdim=300 maxerr=6.04E-10 time=4.145
After sweep 29 energy=-6.023781  maxlinkdim=300 maxerr=2.48E-07 time=4.127
After sweep 30 energy=-6.023786  maxlinkdim=300 maxerr=5.11E-08 time=4.118
Same mu: -2.6532001135405214 and continuing
Target density achieved with mu=-2.6532001135405214, n=0.49999845
Checking {alpha,beta} vs measured
Beta not converged.
NOT CONVERGED; updating alpha, beta and continuing...
After sweep 1 energy=-4.6809826  maxlinkdim=16 maxerr=2.88E-07 time=0.902
After sweep 2 energy=-5.786557  maxlinkdim=175 maxerr=1.47E-08 time=1.180
After sweep 3 energy=-5.8715134  maxlinkdim=191 maxerr=1.40E-07 time=2.050
After sweep 4 energy=-5.9185553  maxlinkdim=222 maxerr=5.51E-08 time=2.003
After sweep 5 energy=-5.9455767  maxlinkdim=191 maxerr=6.10E-08 time=1.903
After sweep 6 energy=-5.96626  maxlinkdim=215 maxerr=4.04E-08 time=1.808
After sweep 7 energy=-5.9814744  maxlinkdim=228 maxerr=2.16E-09 time=1.779
After sweep 8 energy=-5.992287  maxlinkdim=207 maxerr=2.45E-09 time=1.827
After sweep 9 energy=-5.999849  maxlinkdim=276 maxerr=1.27E-07 time=1.742
After sweep 10 energy=-6.0062346  maxlinkdim=210 maxerr=7.18E-08 time=1.871
After sweep 11 energy=-6.0104957  maxlinkdim=227 maxerr=7.91E-10 time=1.929
After sweep 12 energy=-6.01355  maxlinkdim=226 maxerr=7.72E-08 time=1.902
After sweep 13 energy=-6.0164576  maxlinkdim=260 maxerr=1.10E-09 time=2.067
After sweep 14 energy=-6.018349  maxlinkdim=243 maxerr=1.43E-07 time=2.201
After sweep 15 energy=-6.019947  maxlinkdim=232 maxerr=5.82E-10 time=2.295
After sweep 16 energy=-6.0213947  maxlinkdim=241 maxerr=4.85E-08 time=2.414
After sweep 17 energy=-6.022064  maxlinkdim=234 maxerr=1.31E-09 time=2.466
After sweep 18 energy=-6.0226192  maxlinkdim=254 maxerr=5.46E-10 time=2.527
After sweep 19 energy=-6.0230117  maxlinkdim=268 maxerr=1.37E-07 time=2.678
After sweep 20 energy=-6.023358  maxlinkdim=283 maxerr=1.28E-07 time=2.921
After sweep 21 energy=-6.0235195  maxlinkdim=286 maxerr=7.75E-08 time=3.062
After sweep 22 energy=-6.023641  maxlinkdim=300 maxerr=8.36E-10 time=3.231
After sweep 23 energy=-6.023735  maxlinkdim=300 maxerr=7.33E-10 time=3.349
After sweep 24 energy=-6.023776  maxlinkdim=300 maxerr=1.30E-09 time=3.581
After sweep 25 energy=-6.0237904  maxlinkdim=300 maxerr=8.02E-10 time=3.820
After sweep 26 energy=-6.023798  maxlinkdim=300 maxerr=6.74E-09 time=4.044
After sweep 27 energy=-6.023794  maxlinkdim=300 maxerr=3.84E-08 time=4.149
After sweep 28 energy=-6.02381  maxlinkdim=300 maxerr=9.32E-10 time=4.173
After sweep 29 energy=-6.0237827  maxlinkdim=300 maxerr=1.12E-07 time=4.147
After sweep 30 energy=-6.0238066  maxlinkdim=300 maxerr=1.45E-07 time=4.140
Same mu: -2.6532001135405214 and continuing
Target density achieved with mu=-2.6532001135405214, n=0.4999981
Checking {alpha,beta} vs measured
Beta not converged.
NOT CONVERGED; updating alpha, beta and continuing...
After sweep 1 energy=-4.682101  maxlinkdim=16 maxerr=3.48E-07 time=0.547
After sweep 2 energy=-5.786653  maxlinkdim=170 maxerr=1.17E-08 time=1.316
After sweep 3 energy=-5.8718195  maxlinkdim=202 maxerr=1.08E-07 time=2.047
After sweep 4 energy=-5.917791  maxlinkdim=206 maxerr=1.08E-09 time=2.007
After sweep 5 energy=-5.9449883  maxlinkdim=198 maxerr=1.66E-07 time=1.945
After sweep 6 energy=-5.966578  maxlinkdim=253 maxerr=9.51E-10 time=1.890
After sweep 7 energy=-5.981845  maxlinkdim=279 maxerr=1.08E-09 time=1.877
After sweep 8 energy=-5.992071  maxlinkdim=259 maxerr=6.43E-09 time=1.845
After sweep 9 energy=-5.999823  maxlinkdim=290 maxerr=1.49E-09 time=1.836
After sweep 10 energy=-6.0052567  maxlinkdim=200 maxerr=2.13E-09 time=1.842
After sweep 11 energy=-6.00935  maxlinkdim=285 maxerr=5.76E-08 time=1.851
After sweep 12 energy=-6.012636  maxlinkdim=252 maxerr=1.01E-07 time=1.933
After sweep 13 energy=-6.0158443  maxlinkdim=251 maxerr=1.74E-07 time=2.036
After sweep 14 energy=-6.018388  maxlinkdim=291 maxerr=1.00E-10 time=2.253
After sweep 15 energy=-6.0197763  maxlinkdim=257 maxerr=3.41E-10 time=2.273
After sweep 16 energy=-6.0210996  maxlinkdim=279 maxerr=8.02E-08 time=2.411
After sweep 17 energy=-6.0220237  maxlinkdim=236 maxerr=6.98E-08 time=2.572
After sweep 18 energy=-6.022595  maxlinkdim=260 maxerr=2.78E-08 time=2.566
After sweep 19 energy=-6.022984  maxlinkdim=270 maxerr=1.96E-07 time=2.666
After sweep 20 energy=-6.0232387  maxlinkdim=264 maxerr=5.77E-10 time=2.773
After sweep 21 energy=-6.0234327  maxlinkdim=272 maxerr=2.39E-07 time=2.929
After sweep 22 energy=-6.0236263  maxlinkdim=300 maxerr=1.22E-07 time=3.099
After sweep 23 energy=-6.02373  maxlinkdim=300 maxerr=9.45E-08 time=3.311
After sweep 24 energy=-6.0237446  maxlinkdim=300 maxerr=1.55E-10 time=3.484
After sweep 25 energy=-6.0237713  maxlinkdim=300 maxerr=4.74E-08 time=3.768
After sweep 26 energy=-6.023799  maxlinkdim=300 maxerr=1.26E-07 time=3.982
After sweep 27 energy=-6.023791  maxlinkdim=300 maxerr=1.60E-07 time=4.135
After sweep 28 energy=-6.0237904  maxlinkdim=300 maxerr=2.61E-08 time=4.171
After sweep 29 energy=-6.023796  maxlinkdim=300 maxerr=2.14E-07 time=4.157
After sweep 30 energy=-6.023801  maxlinkdim=300 maxerr=4.90E-08 time=4.139
Same mu: -2.6532001135405214 and continuing
Target density achieved with mu=-2.6532001135405214, n=0.4999976
Checking {alpha,beta} vs measured
Beta not converged.
NOT CONVERGED; updating alpha, beta and continuing...
After sweep 1 energy=-4.684002  maxlinkdim=16 maxerr=3.23E-07 time=0.564
After sweep 2 energy=-5.7869735  maxlinkdim=177 maxerr=9.53E-08 time=1.193
After sweep 3 energy=-5.870758  maxlinkdim=192 maxerr=2.14E-07 time=2.027
After sweep 4 energy=-5.917602  maxlinkdim=223 maxerr=6.01E-09 time=1.980
After sweep 5 energy=-5.94507  maxlinkdim=186 maxerr=4.28E-08 time=1.852
After sweep 6 energy=-5.967668  maxlinkdim=220 maxerr=1.47E-07 time=1.826
After sweep 7 energy=-5.9839897  maxlinkdim=220 maxerr=9.65E-08 time=1.862
After sweep 8 energy=-5.9944997  maxlinkdim=261 maxerr=4.61E-08 time=1.871
After sweep 9 energy=-6.0014286  maxlinkdim=231 maxerr=1.05E-09 time=1.858
After sweep 10 energy=-6.007661  maxlinkdim=219 maxerr=2.42E-07 time=1.922
After sweep 11 energy=-6.0114594  maxlinkdim=239 maxerr=1.36E-07 time=1.900
After sweep 12 energy=-6.014384  maxlinkdim=256 maxerr=1.75E-08 time=1.982
After sweep 13 energy=-6.0173  maxlinkdim=256 maxerr=1.71E-09 time=2.187
After sweep 14 energy=-6.0189357  maxlinkdim=234 maxerr=3.10E-08 time=2.216
After sweep 15 energy=-6.020401  maxlinkdim=241 maxerr=4.07E-10 time=2.300
After sweep 16 energy=-6.0215816  maxlinkdim=235 maxerr=1.70E-10 time=2.426
After sweep 17 energy=-6.02234  maxlinkdim=251 maxerr=2.94E-08 time=2.539
After sweep 18 energy=-6.022841  maxlinkdim=260 maxerr=9.70E-10 time=2.711
After sweep 19 energy=-6.023183  maxlinkdim=300 maxerr=3.33E-07 time=2.824
After sweep 20 energy=-6.023396  maxlinkdim=280 maxerr=6.60E-10 time=2.894
After sweep 21 energy=-6.0235524  maxlinkdim=295 maxerr=2.67E-10 time=3.113
After sweep 22 energy=-6.023693  maxlinkdim=298 maxerr=3.11E-08 time=3.278
After sweep 23 energy=-6.023733  maxlinkdim=300 maxerr=8.20E-08 time=3.407
After sweep 24 energy=-6.023788  maxlinkdim=300 maxerr=3.11E-07 time=3.701
After sweep 25 energy=-6.0237694  maxlinkdim=300 maxerr=1.05E-09 time=3.965
After sweep 26 energy=-6.0238004  maxlinkdim=300 maxerr=4.02E-08 time=4.127
After sweep 27 energy=-6.0237875  maxlinkdim=300 maxerr=4.14E-08 time=4.167
After sweep 28 energy=-6.0238066  maxlinkdim=300 maxerr=7.49E-08 time=4.170
After sweep 29 energy=-6.0237947  maxlinkdim=300 maxerr=1.13E-07 time=4.142
After sweep 30 energy=-6.0238066  maxlinkdim=300 maxerr=4.56E-08 time=4.144
Same mu: -2.6532001135405214 and continuing
Target density achieved with mu=-2.6532001135405214, n=0.49999854
Checking {alpha,beta} vs measured
Beta not converged.
NOT CONVERGED; updating alpha, beta and continuing...
After sweep 1 energy=-4.6784115  maxlinkdim=16 maxerr=3.84E-07 time=0.531
After sweep 2 energy=-5.7912345  maxlinkdim=179 maxerr=1.22E-07 time=1.241
After sweep 3 energy=-5.874641  maxlinkdim=200 maxerr=2.50E-07 time=2.073
After sweep 4 energy=-5.9190865  maxlinkdim=232 maxerr=6.74E-08 time=2.024
After sweep 5 energy=-5.9462056  maxlinkdim=209 maxerr=1.59E-09 time=1.932
After sweep 6 energy=-5.967332  maxlinkdim=227 maxerr=1.21E-07 time=1.820
After sweep 7 energy=-5.9824944  maxlinkdim=190 maxerr=1.86E-09 time=1.784
After sweep 8 energy=-5.9929266  maxlinkdim=198 maxerr=5.43E-08 time=1.748
After sweep 9 energy=-6.000473  maxlinkdim=192 maxerr=6.41E-10 time=1.749
After sweep 10 energy=-6.0062413  maxlinkdim=195 maxerr=6.40E-08 time=1.829
After sweep 11 energy=-6.0102844  maxlinkdim=242 maxerr=3.34E-10 time=1.902
After sweep 12 energy=-6.0137167  maxlinkdim=227 maxerr=1.67E-09 time=1.999
After sweep 13 energy=-6.016917  maxlinkdim=208 maxerr=9.56E-09 time=2.155
After sweep 14 energy=-6.0186357  maxlinkdim=300 maxerr=1.43E-09 time=2.141
After sweep 15 energy=-6.020015  maxlinkdim=235 maxerr=7.83E-10 time=2.245
After sweep 16 energy=-6.021441  maxlinkdim=272 maxerr=1.58E-07 time=2.476
After sweep 17 energy=-6.022249  maxlinkdim=267 maxerr=3.96E-10 time=2.650
After sweep 18 energy=-6.0227556  maxlinkdim=266 maxerr=4.09E-10 time=2.683
After sweep 19 energy=-6.023095  maxlinkdim=290 maxerr=2.40E-08 time=2.765
After sweep 20 energy=-6.0233426  maxlinkdim=275 maxerr=1.28E-09 time=2.900
After sweep 21 energy=-6.02355  maxlinkdim=279 maxerr=4.46E-10 time=3.021
After sweep 22 energy=-6.0236382  maxlinkdim=300 maxerr=3.35E-08 time=3.169
After sweep 23 energy=-6.023753  maxlinkdim=300 maxerr=1.24E-09 time=3.421
After sweep 24 energy=-6.023762  maxlinkdim=300 maxerr=1.08E-07 time=3.630
After sweep 25 energy=-6.023797  maxlinkdim=300 maxerr=1.64E-07 time=3.808
After sweep 26 energy=-6.023798  maxlinkdim=300 maxerr=6.59E-10 time=4.007
After sweep 27 energy=-6.0238075  maxlinkdim=300 maxerr=8.95E-10 time=4.130
After sweep 28 energy=-6.0237846  maxlinkdim=300 maxerr=1.57E-07 time=4.156
After sweep 29 energy=-6.0238004  maxlinkdim=300 maxerr=1.07E-09 time=4.136
After sweep 30 energy=-6.0237937  maxlinkdim=300 maxerr=1.59E-07 time=4.126
Same mu: -2.6532001135405214 and continuing
Target density achieved with mu=-2.6532001135405214, n=0.49999714
Checking {alpha,beta} vs measured
Beta not converged.
NOT CONVERGED; updating alpha, beta and continuing...
After sweep 1 energy=-4.682332  maxlinkdim=16 maxerr=3.03E-07 time=0.628
After sweep 2 energy=-5.795658  maxlinkdim=181 maxerr=1.62E-07 time=1.554
After sweep 3 energy=-5.8772907  maxlinkdim=190 maxerr=1.65E-09 time=2.065
After sweep 4 energy=-5.922227  maxlinkdim=221 maxerr=1.22E-09 time=1.928
After sweep 5 energy=-5.948801  maxlinkdim=188 maxerr=2.15E-08 time=1.869
After sweep 6 energy=-5.9691467  maxlinkdim=229 maxerr=1.97E-09 time=1.814
After sweep 7 energy=-5.9836745  maxlinkdim=213 maxerr=2.21E-09 time=1.808
After sweep 8 energy=-5.9936614  maxlinkdim=227 maxerr=5.07E-08 time=1.813
After sweep 9 energy=-6.0010395  maxlinkdim=211 maxerr=4.58E-10 time=1.786
After sweep 10 energy=-6.0067225  maxlinkdim=199 maxerr=9.99E-11 time=1.900
After sweep 11 energy=-6.0107665  maxlinkdim=237 maxerr=3.89E-10 time=1.918
After sweep 12 energy=-6.013728  maxlinkdim=279 maxerr=3.03E-10 time=1.932
After sweep 13 energy=-6.01647  maxlinkdim=243 maxerr=7.13E-10 time=2.107
After sweep 14 energy=-6.0184765  maxlinkdim=269 maxerr=6.93E-10 time=2.180
After sweep 15 energy=-6.0196743  maxlinkdim=243 maxerr=1.04E-07 time=2.224
After sweep 16 energy=-6.0209475  maxlinkdim=241 maxerr=1.26E-09 time=2.325
After sweep 17 energy=-6.0219603  maxlinkdim=240 maxerr=4.61E-10 time=2.529
After sweep 18 energy=-6.0224886  maxlinkdim=248 maxerr=9.76E-10 time=2.602
After sweep 19 energy=-6.0228868  maxlinkdim=256 maxerr=1.61E-07 time=2.641
After sweep 20 energy=-6.0231524  maxlinkdim=260 maxerr=7.98E-08 time=2.727
After sweep 21 energy=-6.023426  maxlinkdim=291 maxerr=1.61E-07 time=2.939
After sweep 22 energy=-6.023591  maxlinkdim=300 maxerr=5.64E-08 time=3.110
After sweep 23 energy=-6.023729  maxlinkdim=300 maxerr=8.25E-10 time=3.306
After sweep 24 energy=-6.0237646  maxlinkdim=300 maxerr=1.96E-07 time=3.526
After sweep 25 energy=-6.023817  maxlinkdim=300 maxerr=3.76E-08 time=3.757
After sweep 26 energy=-6.023832  maxlinkdim=300 maxerr=2.90E-08 time=3.977
After sweep 27 energy=-6.0237885  maxlinkdim=300 maxerr=1.03E-09 time=4.131
After sweep 28 energy=-6.023792  maxlinkdim=300 maxerr=1.12E-07 time=4.156
After sweep 29 energy=-6.0237947  maxlinkdim=300 maxerr=3.52E-08 time=4.148
After sweep 30 energy=-6.0238037  maxlinkdim=300 maxerr=1.12E-09 time=4.140
Same mu: -2.6532001135405214 and continuing
Target density achieved with mu=-2.6532001135405214, n=0.49999717
Checking {alpha,beta} vs measured
Beta not converged.
NOT CONVERGED; updating alpha, beta and continuing...
After sweep 1 energy=-4.6922064  maxlinkdim=16 maxerr=2.90E-07 time=0.543
After sweep 2 energy=-5.7887945  maxlinkdim=180 maxerr=3.09E-08 time=1.298
After sweep 3 energy=-5.872112  maxlinkdim=202 maxerr=7.70E-08 time=1.938
After sweep 4 energy=-5.9197035  maxlinkdim=222 maxerr=8.44E-08 time=1.926
After sweep 5 energy=-5.946663  maxlinkdim=212 maxerr=1.07E-07 time=1.892
After sweep 6 energy=-5.967548  maxlinkdim=226 maxerr=1.55E-09 time=1.799
After sweep 7 energy=-5.9838686  maxlinkdim=188 maxerr=4.13E-08 time=1.845
After sweep 8 energy=-5.9944267  maxlinkdim=212 maxerr=4.94E-10 time=1.811
After sweep 9 energy=-6.00139  maxlinkdim=194 maxerr=2.20E-08 time=1.740
After sweep 10 energy=-6.006829  maxlinkdim=195 maxerr=6.45E-09 time=1.809
After sweep 11 energy=-6.010877  maxlinkdim=217 maxerr=3.92E-10 time=1.880
After sweep 12 energy=-6.013972  maxlinkdim=206 maxerr=7.36E-08 time=1.943
After sweep 13 energy=-6.016715  maxlinkdim=251 maxerr=2.44E-07 time=2.081
After sweep 14 energy=-6.018916  maxlinkdim=248 maxerr=7.45E-08 time=2.187
After sweep 15 energy=-6.0200357  maxlinkdim=279 maxerr=5.21E-08 time=2.194
After sweep 16 energy=-6.0210023  maxlinkdim=276 maxerr=5.27E-08 time=2.271
After sweep 17 energy=-6.0218573  maxlinkdim=298 maxerr=6.03E-08 time=2.441
After sweep 18 energy=-6.0225744  maxlinkdim=274 maxerr=1.06E-07 time=2.653
After sweep 19 energy=-6.0231013  maxlinkdim=293 maxerr=1.04E-07 time=2.822
After sweep 20 energy=-6.023368  maxlinkdim=275 maxerr=1.35E-07 time=2.885
After sweep 21 energy=-6.023497  maxlinkdim=300 maxerr=2.30E-07 time=2.959
After sweep 22 energy=-6.0236697  maxlinkdim=300 maxerr=1.96E-07 time=3.119
After sweep 23 energy=-6.0237074  maxlinkdim=300 maxerr=3.89E-07 time=3.317
After sweep 24 energy=-6.023754  maxlinkdim=300 maxerr=5.90E-10 time=3.586
After sweep 25 energy=-6.02382  maxlinkdim=300 maxerr=1.54E-08 time=3.863
After sweep 26 energy=-6.0238323  maxlinkdim=300 maxerr=6.97E-08 time=4.058
After sweep 27 energy=-6.0237794  maxlinkdim=300 maxerr=5.65E-10 time=4.169
After sweep 28 energy=-6.023795  maxlinkdim=300 maxerr=7.57E-08 time=4.160
After sweep 29 energy=-6.0238085  maxlinkdim=300 maxerr=3.38E-07 time=4.155
After sweep 30 energy=-6.0237875  maxlinkdim=300 maxerr=4.87E-10 time=4.135
Same mu: -2.6532001135405214 and continuing
Target density achieved with mu=-2.6532001135405214, n=0.4999975
Checking {alpha,beta} vs measured
Beta not converged.
NOT CONVERGED; updating alpha, beta and continuing...
After sweep 1 energy=-4.6819334  maxlinkdim=16 maxerr=2.54E-07 time=0.580
After sweep 2 energy=-5.78896  maxlinkdim=190 maxerr=1.69E-07 time=1.193
After sweep 3 energy=-5.872445  maxlinkdim=191 maxerr=1.20E-09 time=2.080
After sweep 4 energy=-5.917215  maxlinkdim=214 maxerr=2.18E-09 time=1.942
After sweep 5 energy=-5.9457717  maxlinkdim=196 maxerr=1.11E-07 time=1.811
After sweep 6 energy=-5.9673076  maxlinkdim=238 maxerr=1.11E-09 time=1.795
After sweep 7 energy=-5.984032  maxlinkdim=208 maxerr=1.43E-07 time=1.821
After sweep 8 energy=-5.994376  maxlinkdim=232 maxerr=2.12E-09 time=1.816
After sweep 9 energy=-6.0015664  maxlinkdim=221 maxerr=2.26E-08 time=1.790
After sweep 10 energy=-6.00699  maxlinkdim=197 maxerr=1.58E-07 time=1.853
After sweep 11 energy=-6.0109434  maxlinkdim=245 maxerr=2.42E-08 time=1.867
After sweep 12 energy=-6.0138  maxlinkdim=213 maxerr=6.08E-10 time=1.907
After sweep 13 energy=-6.016307  maxlinkdim=214 maxerr=5.47E-10 time=1.976
After sweep 14 energy=-6.0183287  maxlinkdim=284 maxerr=1.27E-07 time=2.093
After sweep 15 energy=-6.019787  maxlinkdim=265 maxerr=1.51E-08 time=2.243
After sweep 16 energy=-6.0209017  maxlinkdim=245 maxerr=3.16E-10 time=2.348
After sweep 17 energy=-6.021645  maxlinkdim=233 maxerr=3.31E-07 time=2.344
After sweep 18 energy=-6.0222836  maxlinkdim=250 maxerr=1.42E-07 time=2.478
After sweep 19 energy=-6.022787  maxlinkdim=266 maxerr=1.01E-10 time=2.688
After sweep 20 energy=-6.023169  maxlinkdim=283 maxerr=2.08E-08 time=2.776
After sweep 21 energy=-6.023421  maxlinkdim=300 maxerr=2.47E-08 time=3.007
After sweep 22 energy=-6.0236144  maxlinkdim=300 maxerr=6.85E-10 time=3.140
After sweep 23 energy=-6.023683  maxlinkdim=292 maxerr=2.20E-10 time=3.328
After sweep 24 energy=-6.0237546  maxlinkdim=300 maxerr=1.54E-07 time=3.481
After sweep 25 energy=-6.0237727  maxlinkdim=300 maxerr=1.93E-08 time=3.719
After sweep 26 energy=-6.0237875  maxlinkdim=300 maxerr=1.11E-09 time=3.978
After sweep 27 energy=-6.023797  maxlinkdim=300 maxerr=1.49E-09 time=4.138
After sweep 28 energy=-6.0237956  maxlinkdim=300 maxerr=1.91E-07 time=4.162
After sweep 29 energy=-6.0238156  maxlinkdim=300 maxerr=1.33E-07 time=4.137
After sweep 30 energy=-6.023786  maxlinkdim=300 maxerr=9.90E-08 time=4.130
Same mu: -2.6532001135405214 and continuing
Target density achieved with mu=-2.6532001135405214, n=0.49999696
Checking {alpha,beta} vs measured
Beta not converged.
NOT CONVERGED; updating alpha, beta and continuing...
After sweep 1 energy=-4.6811466  maxlinkdim=16 maxerr=2.72E-07 time=0.573
After sweep 2 energy=-5.7856975  maxlinkdim=178 maxerr=3.27E-08 time=1.172
After sweep 3 energy=-5.870003  maxlinkdim=199 maxerr=3.30E-09 time=1.960
After sweep 4 energy=-5.9160266  maxlinkdim=230 maxerr=1.35E-09 time=1.886
After sweep 5 energy=-5.9441686  maxlinkdim=191 maxerr=1.42E-09 time=1.818
After sweep 6 energy=-5.9650583  maxlinkdim=230 maxerr=1.90E-08 time=1.719
After sweep 7 energy=-5.9802375  maxlinkdim=185 maxerr=2.32E-08 time=1.709
After sweep 8 energy=-5.9905834  maxlinkdim=178 maxerr=1.95E-09 time=1.687
After sweep 9 energy=-5.9985085  maxlinkdim=187 maxerr=9.84E-10 time=1.682
After sweep 10 energy=-6.0062313  maxlinkdim=184 maxerr=7.82E-10 time=1.817
After sweep 11 energy=-6.0104866  maxlinkdim=184 maxerr=4.29E-10 time=1.836
After sweep 12 energy=-6.013881  maxlinkdim=208 maxerr=7.32E-08 time=1.902
After sweep 13 energy=-6.0167766  maxlinkdim=228 maxerr=3.15E-07 time=2.035
After sweep 14 energy=-6.0184135  maxlinkdim=212 maxerr=6.37E-10 time=2.024
After sweep 15 energy=-6.019996  maxlinkdim=224 maxerr=1.80E-08 time=2.117
After sweep 16 energy=-6.021241  maxlinkdim=244 maxerr=8.72E-10 time=2.259
After sweep 17 energy=-6.0219946  maxlinkdim=225 maxerr=1.00E-10 time=2.316
After sweep 18 energy=-6.0226135  maxlinkdim=266 maxerr=1.28E-07 time=2.486
After sweep 19 energy=-6.022974  maxlinkdim=234 maxerr=1.42E-09 time=2.598
After sweep 20 energy=-6.0233145  maxlinkdim=260 maxerr=3.44E-10 time=2.772
After sweep 21 energy=-6.0234995  maxlinkdim=263 maxerr=5.42E-10 time=2.985
After sweep 22 energy=-6.023624  maxlinkdim=278 maxerr=9.24E-08 time=3.032
After sweep 23 energy=-6.0237293  maxlinkdim=300 maxerr=1.35E-07 time=3.298
After sweep 24 energy=-6.023789  maxlinkdim=300 maxerr=5.42E-08 time=3.534
After sweep 25 energy=-6.0238137  maxlinkdim=300 maxerr=6.57E-10 time=3.740
After sweep 26 energy=-6.023812  maxlinkdim=300 maxerr=4.68E-08 time=3.985
After sweep 27 energy=-6.0237894  maxlinkdim=300 maxerr=5.35E-08 time=4.128
After sweep 28 energy=-6.0237827  maxlinkdim=300 maxerr=1.18E-07 time=4.144
After sweep 29 energy=-6.0237947  maxlinkdim=300 maxerr=7.88E-08 time=4.136
After sweep 30 energy=-6.0237904  maxlinkdim=300 maxerr=1.99E-07 time=4.108
Same mu: -2.6532001135405214 and continuing
Target density achieved with mu=-2.6532001135405214, n=0.49999732
Checking {alpha,beta} vs measured
Beta not converged.
NOT CONVERGED; updating alpha, beta and continuing...
After sweep 1 energy=-4.6840596  maxlinkdim=16 maxerr=3.29E-07 time=0.854
After sweep 2 energy=-5.7900214  maxlinkdim=176 maxerr=1.77E-07 time=1.182
After sweep 3 energy=-5.874886  maxlinkdim=205 maxerr=5.66E-08 time=2.047
After sweep 4 energy=-5.9200864  maxlinkdim=215 maxerr=2.04E-07 time=1.930
After sweep 5 energy=-5.9465604  maxlinkdim=190 maxerr=1.91E-07 time=1.893
After sweep 6 energy=-5.9670706  maxlinkdim=241 maxerr=1.83E-07 time=1.817
After sweep 7 energy=-5.9816766  maxlinkdim=217 maxerr=1.43E-07 time=1.766
After sweep 8 energy=-5.9931684  maxlinkdim=291 maxerr=6.89E-08 time=1.832
After sweep 9 energy=-6.000512  maxlinkdim=210 maxerr=6.34E-08 time=1.802
After sweep 10 energy=-6.006112  maxlinkdim=204 maxerr=8.39E-08 time=1.851
After sweep 11 energy=-6.0103407  maxlinkdim=222 maxerr=6.60E-08 time=1.922
After sweep 12 energy=-6.013291  maxlinkdim=212 maxerr=4.57E-10 time=1.884
After sweep 13 energy=-6.0159993  maxlinkdim=214 maxerr=5.27E-10 time=2.006
After sweep 14 energy=-6.018384  maxlinkdim=226 maxerr=1.33E-07 time=2.171
After sweep 15 energy=-6.0198984  maxlinkdim=234 maxerr=1.84E-07 time=2.180
After sweep 16 energy=-6.0212665  maxlinkdim=239 maxerr=2.49E-07 time=2.390
After sweep 17 energy=-6.0220814  maxlinkdim=234 maxerr=8.27E-10 time=2.470
After sweep 18 energy=-6.0226808  maxlinkdim=267 maxerr=1.03E-09 time=2.596
After sweep 19 energy=-6.023048  maxlinkdim=300 maxerr=8.76E-09 time=2.773
After sweep 20 energy=-6.0232954  maxlinkdim=264 maxerr=7.90E-10 time=2.812
After sweep 21 energy=-6.023553  maxlinkdim=271 maxerr=1.40E-07 time=3.012
After sweep 22 energy=-6.0236473  maxlinkdim=300 maxerr=2.42E-07 time=3.146
After sweep 23 energy=-6.0237384  maxlinkdim=296 maxerr=2.09E-07 time=3.330
After sweep 24 energy=-6.0237784  maxlinkdim=300 maxerr=8.46E-08 time=3.507
After sweep 25 energy=-6.0237827  maxlinkdim=300 maxerr=3.22E-08 time=3.804
After sweep 26 energy=-6.023817  maxlinkdim=300 maxerr=1.96E-07 time=4.002
After sweep 27 energy=-6.023803  maxlinkdim=300 maxerr=2.31E-07 time=4.142
After sweep 28 energy=-6.023796  maxlinkdim=300 maxerr=1.19E-09 time=4.174
After sweep 29 energy=-6.0238047  maxlinkdim=300 maxerr=3.28E-08 time=4.143
After sweep 30 energy=-6.023777  maxlinkdim=300 maxerr=1.15E-09 time=4.131
Same mu: -2.6532001135405214 and continuing
Target density achieved with mu=-2.6532001135405214, n=0.4999976
Checking {alpha,beta} vs measured
Beta not converged.
NOT CONVERGED; updating alpha, beta and continuing...
After sweep 1 energy=-4.688732  maxlinkdim=16 maxerr=2.61E-07 time=0.549
After sweep 2 energy=-5.787145  maxlinkdim=174 maxerr=2.74E-07 time=1.269
After sweep 3 energy=-5.871463  maxlinkdim=186 maxerr=6.18E-10 time=1.956
After sweep 4 energy=-5.919312  maxlinkdim=208 maxerr=4.99E-09 time=1.938
After sweep 5 energy=-5.947418  maxlinkdim=194 maxerr=7.99E-10 time=1.853
After sweep 6 energy=-5.9687467  maxlinkdim=224 maxerr=9.88E-10 time=1.810
After sweep 7 energy=-5.9843535  maxlinkdim=199 maxerr=3.36E-08 time=1.863
After sweep 8 energy=-5.994312  maxlinkdim=211 maxerr=6.57E-08 time=1.830
After sweep 9 energy=-6.001177  maxlinkdim=240 maxerr=7.16E-10 time=1.826
After sweep 10 energy=-6.0063257  maxlinkdim=266 maxerr=5.89E-08 time=1.859
After sweep 11 energy=-6.010484  maxlinkdim=298 maxerr=1.79E-07 time=1.945
After sweep 12 energy=-6.0135384  maxlinkdim=259 maxerr=6.34E-08 time=1.967
After sweep 13 energy=-6.016385  maxlinkdim=214 maxerr=5.97E-08 time=2.069
After sweep 14 energy=-6.0184126  maxlinkdim=292 maxerr=5.23E-10 time=2.132
After sweep 15 energy=-6.0198097  maxlinkdim=285 maxerr=8.79E-10 time=2.181
After sweep 16 energy=-6.021103  maxlinkdim=245 maxerr=3.22E-08 time=2.337
After sweep 17 energy=-6.0218935  maxlinkdim=273 maxerr=1.06E-09 time=2.435
After sweep 18 energy=-6.0224876  maxlinkdim=255 maxerr=4.01E-10 time=2.564
After sweep 19 energy=-6.022933  maxlinkdim=289 maxerr=3.09E-08 time=2.709
After sweep 20 energy=-6.023237  maxlinkdim=270 maxerr=7.30E-10 time=2.850
After sweep 21 energy=-6.0234737  maxlinkdim=289 maxerr=9.86E-10 time=3.004
After sweep 22 energy=-6.023594  maxlinkdim=286 maxerr=7.28E-08 time=3.153
After sweep 23 energy=-6.0236816  maxlinkdim=294 maxerr=1.70E-08 time=3.375
After sweep 24 energy=-6.023773  maxlinkdim=300 maxerr=1.47E-07 time=3.537
After sweep 25 energy=-6.0237904  maxlinkdim=300 maxerr=1.38E-07 time=3.796
After sweep 26 energy=-6.023779  maxlinkdim=300 maxerr=6.21E-08 time=3.985
After sweep 27 energy=-6.0238028  maxlinkdim=300 maxerr=4.19E-10 time=4.124
After sweep 28 energy=-6.0238094  maxlinkdim=300 maxerr=1.17E-07 time=4.165
After sweep 29 energy=-6.0238028  maxlinkdim=300 maxerr=2.50E-07 time=4.150
After sweep 30 energy=-6.023801  maxlinkdim=300 maxerr=1.54E-09 time=4.135
Same mu: -2.6532001135405214 and continuing
Target density achieved with mu=-2.6532001135405214, n=0.49999663
Checking {alpha,beta} vs measured
Beta not converged.
NOT CONVERGED; updating alpha, beta and continuing...
After sweep 1 energy=-4.6948376  maxlinkdim=16 maxerr=3.59E-07 time=0.591
After sweep 2 energy=-5.7955537  maxlinkdim=185 maxerr=3.28E-08 time=1.201
After sweep 3 energy=-5.878028  maxlinkdim=191 maxerr=1.09E-07 time=2.026
After sweep 4 energy=-5.922255  maxlinkdim=209 maxerr=5.42E-08 time=1.940
After sweep 5 energy=-5.948076  maxlinkdim=191 maxerr=8.08E-08 time=1.792
After sweep 6 energy=-5.9683347  maxlinkdim=214 maxerr=1.62E-07 time=1.746
After sweep 7 energy=-5.9844475  maxlinkdim=199 maxerr=1.34E-09 time=1.765
After sweep 8 energy=-5.994344  maxlinkdim=201 maxerr=1.24E-07 time=1.756
After sweep 9 energy=-6.001451  maxlinkdim=235 maxerr=3.05E-09 time=1.779
After sweep 10 energy=-6.0069547  maxlinkdim=231 maxerr=1.33E-09 time=1.838
After sweep 11 energy=-6.010862  maxlinkdim=256 maxerr=1.24E-09 time=1.918
After sweep 12 energy=-6.0138836  maxlinkdim=292 maxerr=9.99E-11 time=1.960
After sweep 13 energy=-6.0164146  maxlinkdim=226 maxerr=1.53E-09 time=2.035
After sweep 14 energy=-6.018685  maxlinkdim=225 maxerr=1.18E-07 time=2.178
After sweep 15 energy=-6.0198236  maxlinkdim=267 maxerr=8.85E-08 time=2.127
After sweep 16 energy=-6.0209293  maxlinkdim=288 maxerr=9.88E-10 time=2.290
After sweep 17 energy=-6.0216584  maxlinkdim=233 maxerr=1.20E-09 time=2.394
After sweep 18 energy=-6.022309  maxlinkdim=274 maxerr=1.71E-07 time=2.466
After sweep 19 energy=-6.0228295  maxlinkdim=300 maxerr=1.29E-09 time=2.718
After sweep 20 energy=-6.0231786  maxlinkdim=271 maxerr=2.42E-07 time=2.848
After sweep 21 energy=-6.023472  maxlinkdim=287 maxerr=9.00E-10 time=3.010
After sweep 22 energy=-6.0236006  maxlinkdim=300 maxerr=5.00E-10 time=3.147
After sweep 23 energy=-6.0237074  maxlinkdim=300 maxerr=2.93E-08 time=3.270
After sweep 24 energy=-6.0237827  maxlinkdim=300 maxerr=3.77E-10 time=3.458
After sweep 25 energy=-6.023822  maxlinkdim=300 maxerr=9.23E-10 time=3.752
After sweep 26 energy=-6.023797  maxlinkdim=300 maxerr=5.45E-10 time=3.946
After sweep 27 energy=-6.0238276  maxlinkdim=300 maxerr=1.01E-09 time=4.136
After sweep 28 energy=-6.023795  maxlinkdim=300 maxerr=1.70E-07 time=4.163
After sweep 29 energy=-6.0238066  maxlinkdim=300 maxerr=5.21E-08 time=4.142
After sweep 30 energy=-6.023765  maxlinkdim=300 maxerr=6.78E-08 time=4.133
Same mu: -2.6532001135405214 and continuing
Target density achieved with mu=-2.6532001135405214, n=0.4999967
Checking {alpha,beta} vs measured
Beta not converged.
NOT CONVERGED; updating alpha, beta and continuing...
After sweep 1 energy=-4.6842  maxlinkdim=16 maxerr=3.93E-07 time=0.576
After sweep 2 energy=-5.792944  maxlinkdim=184 maxerr=1.47E-08 time=1.173
After sweep 3 energy=-5.8763504  maxlinkdim=208 maxerr=2.78E-07 time=2.017
After sweep 4 energy=-5.9214735  maxlinkdim=211 maxerr=1.52E-07 time=1.973
After sweep 5 energy=-5.9478903  maxlinkdim=195 maxerr=1.28E-08 time=1.906
After sweep 6 energy=-5.96823  maxlinkdim=203 maxerr=6.09E-10 time=1.813
After sweep 7 energy=-5.982395  maxlinkdim=225 maxerr=1.22E-07 time=1.768
After sweep 8 energy=-5.9936624  maxlinkdim=253 maxerr=1.54E-09 time=1.824
After sweep 9 energy=-6.0008945  maxlinkdim=261 maxerr=1.06E-09 time=1.802
After sweep 10 energy=-6.0065303  maxlinkdim=229 maxerr=6.05E-08 time=1.851
After sweep 11 energy=-6.0104647  maxlinkdim=239 maxerr=2.83E-08 time=1.900
After sweep 12 energy=-6.0133543  maxlinkdim=269 maxerr=1.11E-07 time=1.951
After sweep 13 energy=-6.016161  maxlinkdim=279 maxerr=1.05E-07 time=2.055
After sweep 14 energy=-6.018682  maxlinkdim=252 maxerr=1.71E-07 time=2.239
After sweep 15 energy=-6.0199423  maxlinkdim=262 maxerr=2.04E-07 time=2.214
After sweep 16 energy=-6.0209107  maxlinkdim=275 maxerr=3.18E-07 time=2.297
After sweep 17 energy=-6.0216866  maxlinkdim=240 maxerr=9.85E-08 time=2.388
After sweep 18 energy=-6.022397  maxlinkdim=255 maxerr=9.74E-08 time=2.524
After sweep 19 energy=-6.0230255  maxlinkdim=272 maxerr=2.99E-07 time=2.797
After sweep 20 energy=-6.0233264  maxlinkdim=297 maxerr=1.72E-07 time=2.934
After sweep 21 energy=-6.023552  maxlinkdim=300 maxerr=1.47E-07 time=3.024
After sweep 22 energy=-6.0236626  maxlinkdim=295 maxerr=7.22E-10 time=3.144
After sweep 23 energy=-6.0237427  maxlinkdim=300 maxerr=5.99E-10 time=3.352
After sweep 24 energy=-6.0237937  maxlinkdim=300 maxerr=2.44E-10 time=3.572
After sweep 25 energy=-6.023795  maxlinkdim=300 maxerr=9.34E-08 time=4.190
After sweep 26 energy=-6.0238123  maxlinkdim=300 maxerr=5.28E-10 time=4.059
After sweep 27 energy=-6.0238094  maxlinkdim=300 maxerr=7.94E-10 time=4.155
After sweep 28 energy=-6.023798  maxlinkdim=300 maxerr=3.06E-08 time=4.157
After sweep 29 energy=-6.023819  maxlinkdim=300 maxerr=7.35E-10 time=4.138
After sweep 30 energy=-6.02382  maxlinkdim=300 maxerr=7.11E-08 time=4.125
Same mu: -2.6532001135405214 and continuing
Target density achieved with mu=-2.6532001135405214, n=0.49999914
Checking {alpha,beta} vs measured
Beta not converged.
NOT CONVERGED; updating alpha, beta and continuing...
After sweep 1 energy=-4.6925406  maxlinkdim=16 maxerr=2.89E-07 time=0.574
After sweep 2 energy=-5.7931724  maxlinkdim=174 maxerr=1.13E-08 time=1.251
After sweep 3 energy=-5.87497  maxlinkdim=195 maxerr=1.07E-09 time=1.985
After sweep 4 energy=-5.9203835  maxlinkdim=219 maxerr=1.37E-09 time=2.020
After sweep 5 energy=-5.9478025  maxlinkdim=198 maxerr=1.19E-09 time=1.958
After sweep 6 energy=-5.9683714  maxlinkdim=220 maxerr=1.03E-07 time=1.864
After sweep 7 energy=-5.9829426  maxlinkdim=203 maxerr=2.00E-09 time=1.829
After sweep 8 energy=-5.9935274  maxlinkdim=270 maxerr=3.66E-08 time=1.813
After sweep 9 energy=-6.0006146  maxlinkdim=213 maxerr=1.11E-09 time=1.759
After sweep 10 energy=-6.005867  maxlinkdim=185 maxerr=6.08E-10 time=1.798
After sweep 11 energy=-6.0099525  maxlinkdim=228 maxerr=4.06E-10 time=1.856
After sweep 12 energy=-6.0132113  maxlinkdim=226 maxerr=3.91E-10 time=1.944
After sweep 13 energy=-6.0158515  maxlinkdim=211 maxerr=5.03E-08 time=2.008
After sweep 14 energy=-6.0181756  maxlinkdim=221 maxerr=1.12E-07 time=2.112
After sweep 15 energy=-6.0197077  maxlinkdim=241 maxerr=1.18E-07 time=2.168
After sweep 16 energy=-6.021018  maxlinkdim=239 maxerr=1.48E-09 time=2.365
After sweep 17 energy=-6.021826  maxlinkdim=233 maxerr=1.14E-09 time=2.425
After sweep 18 energy=-6.0224495  maxlinkdim=244 maxerr=5.57E-08 time=2.504
After sweep 19 energy=-6.02292  maxlinkdim=269 maxerr=7.25E-10 time=2.711
After sweep 20 energy=-6.0232534  maxlinkdim=300 maxerr=3.12E-10 time=2.839
After sweep 21 energy=-6.023441  maxlinkdim=275 maxerr=8.95E-08 time=2.921
After sweep 22 energy=-6.02359  maxlinkdim=274 maxerr=5.49E-10 time=2.999
After sweep 23 energy=-6.0237436  maxlinkdim=300 maxerr=7.18E-10 time=3.194
After sweep 24 energy=-6.0237627  maxlinkdim=300 maxerr=8.12E-09 time=3.511
After sweep 25 energy=-6.0237856  maxlinkdim=300 maxerr=2.09E-08 time=3.771
After sweep 26 energy=-6.023802  maxlinkdim=300 maxerr=4.74E-09 time=3.959
After sweep 27 energy=-6.0237865  maxlinkdim=300 maxerr=1.21E-07 time=4.129
After sweep 28 energy=-6.0237794  maxlinkdim=300 maxerr=3.34E-08 time=4.166
After sweep 29 energy=-6.0238285  maxlinkdim=300 maxerr=2.53E-07 time=4.161
After sweep 30 energy=-6.023802  maxlinkdim=300 maxerr=7.67E-08 time=4.131
Same mu: -2.6532001135405214 and continuing
Target density achieved with mu=-2.6532001135405214, n=0.49999836
Checking {alpha,beta} vs measured
Beta not converged.
NOT CONVERGED; updating alpha, beta and continuing...
After sweep 1 energy=-4.6919026  maxlinkdim=16 maxerr=2.81E-07 time=0.564
After sweep 2 energy=-5.792574  maxlinkdim=187 maxerr=1.26E-08 time=1.192
After sweep 3 energy=-5.8746586  maxlinkdim=190 maxerr=7.74E-08 time=2.037
After sweep 4 energy=-5.919356  maxlinkdim=217 maxerr=2.67E-07 time=1.962
After sweep 5 energy=-5.9463787  maxlinkdim=201 maxerr=1.70E-07 time=1.906
After sweep 6 energy=-5.967653  maxlinkdim=244 maxerr=1.12E-09 time=1.805
After sweep 7 energy=-5.983767  maxlinkdim=210 maxerr=3.64E-09 time=1.840
After sweep 8 energy=-5.9941077  maxlinkdim=219 maxerr=9.84E-09 time=1.834
After sweep 9 energy=-6.000996  maxlinkdim=272 maxerr=3.89E-10 time=1.782
After sweep 10 energy=-6.0068183  maxlinkdim=272 maxerr=8.80E-08 time=1.928
After sweep 11 energy=-6.0105147  maxlinkdim=236 maxerr=3.85E-10 time=1.895
After sweep 12 energy=-6.0135093  maxlinkdim=227 maxerr=1.02E-09 time=1.896
After sweep 13 energy=-6.0159636  maxlinkdim=300 maxerr=6.62E-08 time=1.994
After sweep 14 energy=-6.017848  maxlinkdim=228 maxerr=4.38E-09 time=2.111
After sweep 15 energy=-6.019619  maxlinkdim=269 maxerr=2.42E-08 time=2.248
After sweep 16 energy=-6.0211973  maxlinkdim=259 maxerr=6.77E-10 time=2.423
After sweep 17 energy=-6.021974  maxlinkdim=240 maxerr=1.21E-07 time=2.475
After sweep 18 energy=-6.02252  maxlinkdim=256 maxerr=3.15E-07 time=2.568
After sweep 19 energy=-6.022982  maxlinkdim=271 maxerr=9.71E-10 time=2.739
After sweep 20 energy=-6.0232525  maxlinkdim=295 maxerr=1.76E-07 time=2.845
After sweep 21 energy=-6.0235143  maxlinkdim=300 maxerr=6.69E-10 time=3.045
After sweep 22 energy=-6.023654  maxlinkdim=300 maxerr=1.99E-07 time=3.178
After sweep 23 energy=-6.0237465  maxlinkdim=298 maxerr=5.10E-08 time=3.370
After sweep 24 energy=-6.0237584  maxlinkdim=300 maxerr=8.27E-08 time=3.555
After sweep 25 energy=-6.023799  maxlinkdim=300 maxerr=1.29E-08 time=3.880
After sweep 26 energy=-6.023835  maxlinkdim=300 maxerr=7.78E-10 time=4.056
After sweep 27 energy=-6.0237913  maxlinkdim=300 maxerr=1.15E-09 time=4.154
After sweep 28 energy=-6.023798  maxlinkdim=300 maxerr=1.02E-09 time=4.162
After sweep 29 energy=-6.023791  maxlinkdim=300 maxerr=4.66E-10 time=4.152
After sweep 30 energy=-6.0238028  maxlinkdim=300 maxerr=1.31E-07 time=4.125
Same mu: -2.6532001135405214 and continuing
Target density achieved with mu=-2.6532001135405214, n=0.49999833
Checking {alpha,beta} vs measured
Beta not converged.
NOT CONVERGED; updating alpha, beta and continuing...
After sweep 1 energy=-4.6881676  maxlinkdim=16 maxerr=3.12E-07 time=0.580
After sweep 2 energy=-5.7849364  maxlinkdim=183 maxerr=8.99E-08 time=1.179
After sweep 3 energy=-5.8701067  maxlinkdim=200 maxerr=1.78E-09 time=1.974
After sweep 4 energy=-5.917687  maxlinkdim=239 maxerr=1.54E-07 time=1.970
After sweep 5 energy=-5.9451065  maxlinkdim=188 maxerr=1.82E-07 time=1.872
After sweep 6 energy=-5.966305  maxlinkdim=244 maxerr=1.39E-09 time=1.775
After sweep 7 energy=-5.983136  maxlinkdim=203 maxerr=1.82E-09 time=1.842
After sweep 8 energy=-5.992931  maxlinkdim=234 maxerr=8.02E-08 time=1.748
After sweep 9 energy=-6.0006194  maxlinkdim=237 maxerr=1.12E-07 time=1.775
After sweep 10 energy=-6.0074654  maxlinkdim=244 maxerr=1.78E-08 time=1.928
After sweep 11 energy=-6.0113287  maxlinkdim=253 maxerr=1.40E-07 time=1.952
After sweep 12 energy=-6.014146  maxlinkdim=247 maxerr=8.96E-08 time=1.949
After sweep 13 energy=-6.0167274  maxlinkdim=232 maxerr=3.09E-08 time=2.073
After sweep 14 energy=-6.018814  maxlinkdim=273 maxerr=1.48E-07 time=2.168
After sweep 15 energy=-6.020157  maxlinkdim=230 maxerr=1.61E-07 time=2.251
After sweep 16 energy=-6.021204  maxlinkdim=238 maxerr=9.96E-10 time=2.299
After sweep 17 energy=-6.021959  maxlinkdim=263 maxerr=1.05E-09 time=2.421
After sweep 18 energy=-6.0225115  maxlinkdim=256 maxerr=5.69E-08 time=2.507
After sweep 19 energy=-6.022925  maxlinkdim=250 maxerr=2.67E-10 time=2.677
After sweep 20 energy=-6.023178  maxlinkdim=266 maxerr=2.77E-08 time=2.744
After sweep 21 energy=-6.02345  maxlinkdim=294 maxerr=6.04E-08 time=2.953
After sweep 22 energy=-6.0236483  maxlinkdim=300 maxerr=7.69E-08 time=3.270
After sweep 23 energy=-6.023734  maxlinkdim=300 maxerr=8.05E-10 time=3.353
After sweep 24 energy=-6.023782  maxlinkdim=300 maxerr=1.05E-07 time=3.483
After sweep 25 energy=-6.023793  maxlinkdim=300 maxerr=2.74E-08 time=3.743
After sweep 26 energy=-6.0237894  maxlinkdim=300 maxerr=2.39E-07 time=3.997
After sweep 27 energy=-6.0237656  maxlinkdim=300 maxerr=3.80E-10 time=4.140
After sweep 28 energy=-6.023778  maxlinkdim=300 maxerr=1.14E-07 time=4.139
After sweep 29 energy=-6.0238056  maxlinkdim=300 maxerr=1.95E-07 time=4.135
After sweep 30 energy=-6.0238113  maxlinkdim=300 maxerr=2.11E-09 time=4.124
Same mu: -2.6532001135405214 and continuing
Target density achieved with mu=-2.6532001135405214, n=0.49999705
Checking {alpha,beta} vs measured
Beta not converged.
NOT CONVERGED; updating alpha, beta and continuing...
After sweep 1 energy=-4.685486  maxlinkdim=16 maxerr=2.82E-07 time=0.823
After sweep 2 energy=-5.7927585  maxlinkdim=175 maxerr=1.73E-08 time=1.184
After sweep 3 energy=-5.876395  maxlinkdim=189 maxerr=1.73E-07 time=2.020
After sweep 4 energy=-5.921662  maxlinkdim=213 maxerr=1.00E-07 time=1.909
After sweep 5 energy=-5.948204  maxlinkdim=196 maxerr=1.11E-07 time=1.860
After sweep 6 energy=-5.969936  maxlinkdim=227 maxerr=3.00E-08 time=1.782
After sweep 7 energy=-5.9857154  maxlinkdim=232 maxerr=7.54E-08 time=1.865
After sweep 8 energy=-5.99525  maxlinkdim=262 maxerr=9.13E-09 time=1.833
After sweep 9 energy=-6.0018992  maxlinkdim=240 maxerr=1.39E-07 time=1.797
After sweep 10 energy=-6.007603  maxlinkdim=209 maxerr=6.30E-10 time=1.934
After sweep 11 energy=-6.011256  maxlinkdim=230 maxerr=1.90E-07 time=1.933
After sweep 12 energy=-6.0141587  maxlinkdim=211 maxerr=1.39E-09 time=1.895
After sweep 13 energy=-6.016633  maxlinkdim=213 maxerr=2.53E-09 time=2.014
After sweep 14 energy=-6.0188007  maxlinkdim=216 maxerr=6.47E-08 time=2.171
After sweep 15 energy=-6.020108  maxlinkdim=246 maxerr=2.09E-07 time=2.214
After sweep 16 energy=-6.0210805  maxlinkdim=231 maxerr=1.02E-09 time=2.310
After sweep 17 energy=-6.0219126  maxlinkdim=250 maxerr=1.59E-07 time=2.449
After sweep 18 energy=-6.0224524  maxlinkdim=237 maxerr=1.80E-07 time=2.559
After sweep 19 energy=-6.0229816  maxlinkdim=287 maxerr=5.96E-10 time=2.676
After sweep 20 energy=-6.023288  maxlinkdim=273 maxerr=7.48E-08 time=2.855
After sweep 21 energy=-6.02349  maxlinkdim=300 maxerr=1.73E-07 time=2.938
After sweep 22 energy=-6.023618  maxlinkdim=287 maxerr=1.24E-10 time=3.089
After sweep 23 energy=-6.0236983  maxlinkdim=300 maxerr=9.55E-08 time=3.280
After sweep 24 energy=-6.023761  maxlinkdim=300 maxerr=1.06E-10 time=3.502
After sweep 25 energy=-6.0238013  maxlinkdim=300 maxerr=2.73E-10 time=3.724
After sweep 26 energy=-6.023785  maxlinkdim=300 maxerr=8.70E-08 time=3.978
After sweep 27 energy=-6.0237856  maxlinkdim=300 maxerr=1.08E-09 time=4.138
After sweep 28 energy=-6.0237846  maxlinkdim=300 maxerr=1.48E-07 time=4.159
After sweep 29 energy=-6.0237665  maxlinkdim=300 maxerr=7.73E-08 time=4.143
After sweep 30 energy=-6.023758  maxlinkdim=300 maxerr=3.66E-09 time=4.124
Same mu: -2.6532001135405214 and continuing
Target density achieved with mu=-2.6532001135405214, n=0.49999663
Checking {alpha,beta} vs measured
Beta not converged.
NOT CONVERGED; updating alpha, beta and continuing...
After sweep 1 energy=-4.6830177  maxlinkdim=16 maxerr=3.41E-07 time=0.541
After sweep 2 energy=-5.7799726  maxlinkdim=178 maxerr=4.23E-08 time=1.289
After sweep 3 energy=-5.865481  maxlinkdim=195 maxerr=9.98E-09 time=1.930
After sweep 4 energy=-5.9144945  maxlinkdim=215 maxerr=3.85E-09 time=1.931
After sweep 5 energy=-5.943741  maxlinkdim=194 maxerr=9.98E-10 time=1.868
After sweep 6 energy=-5.9650455  maxlinkdim=216 maxerr=1.66E-09 time=1.776
After sweep 7 energy=-5.980605  maxlinkdim=233 maxerr=4.53E-08 time=1.752
After sweep 8 energy=-5.9916463  maxlinkdim=239 maxerr=1.80E-07 time=1.745
After sweep 9 energy=-5.9996233  maxlinkdim=273 maxerr=1.78E-07 time=1.792
After sweep 10 energy=-6.0050893  maxlinkdim=181 maxerr=4.37E-10 time=1.778
After sweep 11 energy=-6.009349  maxlinkdim=203 maxerr=5.21E-10 time=1.830
After sweep 12 energy=-6.012702  maxlinkdim=241 maxerr=4.12E-10 time=1.927
After sweep 13 energy=-6.0154757  maxlinkdim=259 maxerr=1.00E-10 time=2.032
After sweep 14 energy=-6.0175285  maxlinkdim=256 maxerr=1.39E-07 time=2.119
After sweep 15 energy=-6.01916  maxlinkdim=295 maxerr=3.34E-08 time=2.238
After sweep 16 energy=-6.0203056  maxlinkdim=264 maxerr=2.47E-08 time=2.298
After sweep 17 energy=-6.0216036  maxlinkdim=268 maxerr=1.06E-09 time=2.484
After sweep 18 energy=-6.0223494  maxlinkdim=257 maxerr=1.90E-07 time=2.564
After sweep 19 energy=-6.0228267  maxlinkdim=259 maxerr=5.68E-10 time=2.643
After sweep 20 energy=-6.023156  maxlinkdim=260 maxerr=9.48E-10 time=2.813
After sweep 21 energy=-6.0233784  maxlinkdim=266 maxerr=1.13E-07 time=2.838
After sweep 22 energy=-6.0235825  maxlinkdim=287 maxerr=2.18E-07 time=2.962
After sweep 23 energy=-6.0236635  maxlinkdim=300 maxerr=3.20E-10 time=3.154
After sweep 24 energy=-6.02376  maxlinkdim=300 maxerr=1.13E-07 time=3.415
After sweep 25 energy=-6.023801  maxlinkdim=300 maxerr=1.51E-07 time=3.690
After sweep 26 energy=-6.02381  maxlinkdim=300 maxerr=3.25E-10 time=3.894
After sweep 27 energy=-6.0237875  maxlinkdim=300 maxerr=6.32E-10 time=4.067
After sweep 28 energy=-6.0237894  maxlinkdim=300 maxerr=1.37E-07 time=4.162
After sweep 29 energy=-6.023804  maxlinkdim=300 maxerr=2.27E-07 time=4.150
After sweep 30 energy=-6.023806  maxlinkdim=300 maxerr=2.35E-07 time=4.134
Same mu: -2.6532001135405214 and continuing
Target density achieved with mu=-2.6532001135405214, n=0.49999833
Checking {alpha,beta} vs measured
Beta not converged.
NOT CONVERGED; updating alpha, beta and continuing...
After sweep 1 energy=-4.682921  maxlinkdim=16 maxerr=2.53E-07 time=0.566
After sweep 2 energy=-5.7882576  maxlinkdim=175 maxerr=2.55E-08 time=1.179
After sweep 3 energy=-5.871804  maxlinkdim=203 maxerr=3.11E-09 time=2.085
After sweep 4 energy=-5.917741  maxlinkdim=214 maxerr=1.56E-09 time=1.958
After sweep 5 energy=-5.9452305  maxlinkdim=198 maxerr=8.86E-08 time=1.886
After sweep 6 energy=-5.9655  maxlinkdim=224 maxerr=1.41E-09 time=1.753
After sweep 7 energy=-5.9802494  maxlinkdim=192 maxerr=4.50E-08 time=1.720
After sweep 8 energy=-5.990587  maxlinkdim=176 maxerr=4.00E-08 time=1.710
After sweep 9 energy=-5.998569  maxlinkdim=233 maxerr=2.46E-07 time=1.766
After sweep 10 energy=-6.0055256  maxlinkdim=265 maxerr=1.28E-07 time=1.884
After sweep 11 energy=-6.009863  maxlinkdim=216 maxerr=1.13E-07 time=1.926
After sweep 12 energy=-6.012989  maxlinkdim=278 maxerr=5.99E-10 time=1.911
After sweep 13 energy=-6.015853  maxlinkdim=287 maxerr=1.22E-09 time=2.005
After sweep 14 energy=-6.01851  maxlinkdim=244 maxerr=1.04E-07 time=2.190
After sweep 15 energy=-6.0200477  maxlinkdim=261 maxerr=1.30E-07 time=2.279
After sweep 16 energy=-6.021002  maxlinkdim=236 maxerr=1.25E-07 time=2.329
After sweep 17 energy=-6.021838  maxlinkdim=238 maxerr=1.70E-08 time=2.395
After sweep 18 energy=-6.022397  maxlinkdim=248 maxerr=1.00E-10 time=2.512
After sweep 19 energy=-6.022805  maxlinkdim=261 maxerr=7.99E-10 time=2.596
After sweep 20 energy=-6.02314  maxlinkdim=286 maxerr=2.48E-10 time=2.704
After sweep 21 energy=-6.0233903  maxlinkdim=262 maxerr=2.58E-07 time=2.875
After sweep 22 energy=-6.023544  maxlinkdim=276 maxerr=2.51E-07 time=2.963
After sweep 23 energy=-6.023633  maxlinkdim=300 maxerr=8.69E-08 time=3.139
After sweep 24 energy=-6.023722  maxlinkdim=300 maxerr=7.87E-08 time=3.485
After sweep 25 energy=-6.0237865  maxlinkdim=300 maxerr=9.46E-08 time=3.715
After sweep 26 energy=-6.023828  maxlinkdim=300 maxerr=9.41E-10 time=3.852
After sweep 27 energy=-6.023782  maxlinkdim=300 maxerr=6.65E-08 time=4.036
After sweep 28 energy=-6.0237923  maxlinkdim=300 maxerr=1.42E-08 time=4.154
After sweep 29 energy=-6.023802  maxlinkdim=300 maxerr=6.61E-10 time=4.152
After sweep 30 energy=-6.023802  maxlinkdim=300 maxerr=2.13E-09 time=4.137
Same mu: -2.6532001135405214 and continuing
Target density achieved with mu=-2.6532001135405214, n=0.49999797
Checking {alpha,beta} vs measured
Beta not converged.
NOT CONVERGED; updating alpha, beta and continuing...
After sweep 1 energy=-4.6925764  maxlinkdim=16 maxerr=4.10E-07 time=0.579
After sweep 2 energy=-5.7919703  maxlinkdim=180 maxerr=2.82E-08 time=1.173
After sweep 3 energy=-5.875252  maxlinkdim=196 maxerr=1.10E-07 time=2.007
After sweep 4 energy=-5.9202914  maxlinkdim=242 maxerr=1.20E-07 time=1.961
After sweep 5 energy=-5.9478874  maxlinkdim=205 maxerr=1.72E-08 time=1.889
After sweep 6 energy=-5.967841  maxlinkdim=219 maxerr=1.04E-08 time=1.800
After sweep 7 energy=-5.9819956  maxlinkdim=183 maxerr=5.99E-08 time=1.763
After sweep 8 energy=-5.9928365  maxlinkdim=292 maxerr=2.42E-07 time=1.777
After sweep 9 energy=-6.0001993  maxlinkdim=232 maxerr=2.22E-09 time=1.808
After sweep 10 energy=-6.007304  maxlinkdim=188 maxerr=3.66E-08 time=1.880
After sweep 11 energy=-6.0113707  maxlinkdim=220 maxerr=3.17E-08 time=1.909
After sweep 12 energy=-6.0141854  maxlinkdim=218 maxerr=1.08E-07 time=2.299
After sweep 13 energy=-6.016325  maxlinkdim=193 maxerr=6.01E-10 time=1.926
After sweep 14 energy=-6.0179634  maxlinkdim=215 maxerr=6.75E-10 time=1.991
After sweep 15 energy=-6.0200453  maxlinkdim=222 maxerr=1.26E-07 time=2.233
After sweep 16 energy=-6.0212016  maxlinkdim=243 maxerr=1.39E-07 time=2.388
After sweep 17 energy=-6.0219564  maxlinkdim=243 maxerr=1.68E-09 time=2.419
After sweep 18 energy=-6.0225487  maxlinkdim=239 maxerr=6.21E-08 time=2.574
After sweep 19 energy=-6.0229864  maxlinkdim=270 maxerr=8.45E-08 time=2.719
After sweep 20 energy=-6.023261  maxlinkdim=279 maxerr=1.60E-09 time=2.842
After sweep 21 energy=-6.0234976  maxlinkdim=270 maxerr=9.80E-08 time=3.029
After sweep 22 energy=-6.023649  maxlinkdim=278 maxerr=6.81E-10 time=3.141
After sweep 23 energy=-6.0237446  maxlinkdim=300 maxerr=1.73E-08 time=3.393
After sweep 24 energy=-6.023755  maxlinkdim=300 maxerr=6.28E-10 time=3.650
After sweep 25 energy=-6.0238256  maxlinkdim=300 maxerr=1.88E-07 time=3.873
After sweep 26 energy=-6.023816  maxlinkdim=300 maxerr=2.59E-07 time=4.069
After sweep 27 energy=-6.023753  maxlinkdim=300 maxerr=2.76E-07 time=4.153
After sweep 28 energy=-6.02381  maxlinkdim=300 maxerr=1.16E-09 time=4.162
After sweep 29 energy=-6.023836  maxlinkdim=300 maxerr=4.07E-08 time=4.145
After sweep 30 energy=-6.0238023  maxlinkdim=300 maxerr=1.83E-07 time=4.134
Same mu: -2.6532001135405214 and continuing
Target density achieved with mu=-2.6532001135405214, n=0.49999756
Checking {alpha,beta} vs measured
Beta not converged.
NOT CONVERGED; updating alpha, beta and continuing...
After sweep 1 energy=-4.6709633  maxlinkdim=16 maxerr=2.63E-07 time=0.545
After sweep 2 energy=-5.782514  maxlinkdim=180 maxerr=8.31E-08 time=1.227
After sweep 3 energy=-5.866551  maxlinkdim=183 maxerr=4.86E-09 time=1.924
After sweep 4 energy=-5.913853  maxlinkdim=206 maxerr=2.93E-09 time=1.909
After sweep 5 energy=-5.943243  maxlinkdim=197 maxerr=5.33E-08 time=1.817
After sweep 6 energy=-5.9646945  maxlinkdim=218 maxerr=7.91E-08 time=1.793
After sweep 7 energy=-5.980492  maxlinkdim=196 maxerr=5.42E-08 time=1.734
After sweep 8 energy=-5.9911575  maxlinkdim=191 maxerr=1.00E-07 time=1.736
After sweep 9 energy=-5.999337  maxlinkdim=221 maxerr=7.19E-08 time=1.790
After sweep 10 energy=-6.0048046  maxlinkdim=287 maxerr=1.19E-07 time=1.814
After sweep 11 energy=-6.0090895  maxlinkdim=235 maxerr=1.95E-08 time=1.850
After sweep 12 energy=-6.012501  maxlinkdim=230 maxerr=1.13E-07 time=1.924
After sweep 13 energy=-6.0153093  maxlinkdim=237 maxerr=2.68E-08 time=1.970
After sweep 14 energy=-6.0181475  maxlinkdim=266 maxerr=1.00E-07 time=2.210
After sweep 15 energy=-6.01976  maxlinkdim=272 maxerr=1.66E-07 time=2.277
After sweep 16 energy=-6.0208497  maxlinkdim=248 maxerr=1.45E-07 time=2.306
After sweep 17 energy=-6.0216675  maxlinkdim=248 maxerr=1.51E-07 time=2.377
After sweep 18 energy=-6.0225434  maxlinkdim=256 maxerr=9.47E-08 time=2.620
After sweep 19 energy=-6.022954  maxlinkdim=259 maxerr=4.32E-10 time=2.769
After sweep 20 energy=-6.023292  maxlinkdim=279 maxerr=1.15E-09 time=2.865
After sweep 21 energy=-6.0235176  maxlinkdim=300 maxerr=6.52E-10 time=3.064
After sweep 22 energy=-6.0236464  maxlinkdim=278 maxerr=3.07E-07 time=3.149
After sweep 23 energy=-6.0237255  maxlinkdim=300 maxerr=1.10E-09 time=3.240
After sweep 24 energy=-6.0237637  maxlinkdim=300 maxerr=1.03E-09 time=3.411
After sweep 25 energy=-6.0238037  maxlinkdim=300 maxerr=7.05E-08 time=3.759
After sweep 26 energy=-6.0237904  maxlinkdim=300 maxerr=1.00E-09 time=3.973
After sweep 27 energy=-6.0237813  maxlinkdim=300 maxerr=2.00E-07 time=4.115
After sweep 28 energy=-6.023819  maxlinkdim=300 maxerr=1.46E-07 time=4.153
After sweep 29 energy=-6.023795  maxlinkdim=300 maxerr=3.95E-08 time=4.139
After sweep 30 energy=-6.023816  maxlinkdim=300 maxerr=1.02E-07 time=4.120
Same mu: -2.6532001135405214 and continuing
Target density achieved with mu=-2.6532001135405214, n=0.4999984
Checking {alpha,beta} vs measured
Beta not converged.
NOT CONVERGED; updating alpha, beta and continuing...
After sweep 1 energy=-4.6845684  maxlinkdim=16 maxerr=3.36E-07 time=0.557
After sweep 2 energy=-5.784823  maxlinkdim=184 maxerr=8.98E-08 time=1.248
After sweep 3 energy=-5.869214  maxlinkdim=193 maxerr=5.08E-09 time=1.935
After sweep 4 energy=-5.916929  maxlinkdim=207 maxerr=1.60E-07 time=1.911
After sweep 5 energy=-5.9446387  maxlinkdim=210 maxerr=1.36E-07 time=1.847
After sweep 6 energy=-5.9670343  maxlinkdim=213 maxerr=1.80E-09 time=1.747
After sweep 7 energy=-5.9817257  maxlinkdim=180 maxerr=1.58E-07 time=1.756
After sweep 8 energy=-5.9928756  maxlinkdim=250 maxerr=1.86E-09 time=1.784
After sweep 9 energy=-6.000189  maxlinkdim=219 maxerr=5.28E-10 time=1.788
After sweep 10 energy=-6.006806  maxlinkdim=203 maxerr=2.94E-08 time=1.889
After sweep 11 energy=-6.0109735  maxlinkdim=204 maxerr=6.86E-10 time=1.913
After sweep 12 energy=-6.013908  maxlinkdim=222 maxerr=8.65E-10 time=1.914
After sweep 13 energy=-6.017102  maxlinkdim=234 maxerr=1.78E-09 time=2.104
After sweep 14 energy=-6.0188437  maxlinkdim=234 maxerr=2.45E-08 time=2.122
After sweep 15 energy=-6.0202427  maxlinkdim=222 maxerr=2.30E-07 time=2.253
After sweep 16 energy=-6.0212517  maxlinkdim=235 maxerr=1.74E-07 time=2.293
After sweep 17 energy=-6.0219955  maxlinkdim=300 maxerr=2.19E-07 time=2.436
After sweep 18 energy=-6.0225067  maxlinkdim=267 maxerr=1.39E-07 time=2.558
After sweep 19 energy=-6.022896  maxlinkdim=250 maxerr=1.92E-07 time=2.613
After sweep 20 energy=-6.023203  maxlinkdim=269 maxerr=3.74E-10 time=2.805
After sweep 21 energy=-6.023455  maxlinkdim=300 maxerr=1.49E-07 time=2.984
After sweep 22 energy=-6.023631  maxlinkdim=283 maxerr=1.75E-07 time=3.176
After sweep 23 energy=-6.02371  maxlinkdim=299 maxerr=1.44E-07 time=3.338
After sweep 24 energy=-6.0237575  maxlinkdim=300 maxerr=1.04E-07 time=3.546
After sweep 25 energy=-6.0237994  maxlinkdim=300 maxerr=3.90E-08 time=3.779
After sweep 26 energy=-6.023807  maxlinkdim=300 maxerr=4.73E-10 time=3.999
After sweep 27 energy=-6.0237865  maxlinkdim=300 maxerr=7.06E-08 time=4.150
After sweep 28 energy=-6.0237856  maxlinkdim=300 maxerr=1.74E-08 time=4.159
After sweep 29 energy=-6.0237894  maxlinkdim=300 maxerr=2.24E-08 time=4.143
After sweep 30 energy=-6.0237904  maxlinkdim=300 maxerr=1.17E-08 time=4.133
Same mu: -2.6532001135405214 and continuing
Target density achieved with mu=-2.6532001135405214, n=0.49999705
Checking {alpha,beta} vs measured
Beta not converged.
NOT CONVERGED; updating alpha, beta and continuing...
After sweep 1 energy=-4.6846514  maxlinkdim=16 maxerr=3.64E-07 time=0.844
After sweep 2 energy=-5.795468  maxlinkdim=175 maxerr=4.59E-08 time=1.178
After sweep 3 energy=-5.8774  maxlinkdim=200 maxerr=1.25E-09 time=2.060
After sweep 4 energy=-5.920148  maxlinkdim=228 maxerr=1.14E-08 time=1.913
After sweep 5 energy=-5.9478607  maxlinkdim=231 maxerr=4.30E-08 time=1.856
After sweep 6 energy=-5.9687734  maxlinkdim=222 maxerr=1.00E-10 time=1.780
After sweep 7 energy=-5.9846063  maxlinkdim=188 maxerr=1.66E-09 time=1.756
After sweep 8 energy=-5.9947677  maxlinkdim=246 maxerr=1.14E-07 time=1.788
After sweep 9 energy=-6.0018287  maxlinkdim=251 maxerr=1.33E-07 time=1.773
After sweep 10 energy=-6.007715  maxlinkdim=227 maxerr=7.29E-10 time=1.898
After sweep 11 energy=-6.0115824  maxlinkdim=197 maxerr=1.25E-09 time=1.892
After sweep 12 energy=-6.014737  maxlinkdim=217 maxerr=1.81E-07 time=1.979
After sweep 13 energy=-6.017138  maxlinkdim=225 maxerr=7.62E-08 time=2.074
After sweep 14 energy=-6.018728  maxlinkdim=215 maxerr=2.06E-07 time=2.051
After sweep 15 energy=-6.020479  maxlinkdim=236 maxerr=3.51E-10 time=2.274
After sweep 16 energy=-6.0216365  maxlinkdim=228 maxerr=1.28E-07 time=2.407
After sweep 17 energy=-6.0222683  maxlinkdim=234 maxerr=1.47E-07 time=2.411
After sweep 18 energy=-6.022734  maxlinkdim=262 maxerr=1.04E-09 time=2.556
After sweep 19 energy=-6.0231295  maxlinkdim=300 maxerr=4.99E-10 time=2.780
After sweep 20 energy=-6.023369  maxlinkdim=297 maxerr=1.00E-10 time=2.968
After sweep 21 energy=-6.0235558  maxlinkdim=277 maxerr=1.18E-07 time=3.095
After sweep 22 energy=-6.023651  maxlinkdim=300 maxerr=7.93E-10 time=3.204
After sweep 23 energy=-6.0237675  maxlinkdim=300 maxerr=1.06E-07 time=3.507
After sweep 24 energy=-6.0237885  maxlinkdim=300 maxerr=1.00E-09 time=3.734
After sweep 25 energy=-6.0238066  maxlinkdim=300 maxerr=6.04E-10 time=3.969
After sweep 26 energy=-6.023804  maxlinkdim=300 maxerr=6.91E-08 time=4.120
After sweep 27 energy=-6.023776  maxlinkdim=300 maxerr=2.00E-07 time=4.170
After sweep 28 energy=-6.0237913  maxlinkdim=300 maxerr=5.67E-08 time=4.149
After sweep 29 energy=-6.023812  maxlinkdim=300 maxerr=5.28E-10 time=4.134
After sweep 30 energy=-6.0237694  maxlinkdim=300 maxerr=9.22E-08 time=4.125
Same mu: -2.6532001135405214 and continuing
Target density achieved with mu=-2.6532001135405214, n=0.49999723
Checking {alpha,beta} vs measured
Beta not converged.
NOT CONVERGED; updating alpha, beta and continuing...
After sweep 1 energy=-4.6920576  maxlinkdim=16 maxerr=2.62E-07 time=0.602
After sweep 2 energy=-5.7845044  maxlinkdim=183 maxerr=9.91E-09 time=1.179
After sweep 3 energy=-5.870154  maxlinkdim=199 maxerr=1.52E-07 time=2.032
After sweep 4 energy=-5.9176908  maxlinkdim=224 maxerr=5.91E-08 time=1.942
After sweep 5 energy=-5.9453864  maxlinkdim=196 maxerr=2.62E-07 time=1.890
After sweep 6 energy=-5.966407  maxlinkdim=242 maxerr=2.04E-07 time=1.788
After sweep 7 energy=-5.981664  maxlinkdim=209 maxerr=1.14E-07 time=1.807
After sweep 8 energy=-5.992833  maxlinkdim=209 maxerr=5.90E-08 time=1.803
After sweep 9 energy=-6.000389  maxlinkdim=276 maxerr=1.00E-08 time=1.798
After sweep 10 energy=-6.0074263  maxlinkdim=248 maxerr=6.02E-08 time=1.980
After sweep 11 energy=-6.011511  maxlinkdim=205 maxerr=8.74E-10 time=1.978
After sweep 12 energy=-6.0144334  maxlinkdim=211 maxerr=3.07E-10 time=1.964
After sweep 13 energy=-6.017199  maxlinkdim=230 maxerr=1.99E-07 time=2.091
After sweep 14 energy=-6.0188932  maxlinkdim=212 maxerr=8.96E-10 time=2.140
After sweep 15 energy=-6.020277  maxlinkdim=226 maxerr=7.52E-10 time=2.209
After sweep 16 energy=-6.021415  maxlinkdim=233 maxerr=1.60E-07 time=2.342
After sweep 17 energy=-6.022115  maxlinkdim=280 maxerr=8.64E-10 time=2.451
After sweep 18 energy=-6.02259  maxlinkdim=252 maxerr=1.50E-07 time=2.568
After sweep 19 energy=-6.023036  maxlinkdim=266 maxerr=1.06E-07 time=2.702
After sweep 20 energy=-6.023258  maxlinkdim=257 maxerr=1.17E-09 time=2.771
After sweep 21 energy=-6.023456  maxlinkdim=267 maxerr=5.06E-10 time=2.863
After sweep 22 energy=-6.0236053  maxlinkdim=300 maxerr=1.23E-09 time=3.092
After sweep 23 energy=-6.0237255  maxlinkdim=300 maxerr=5.19E-10 time=3.375
After sweep 24 energy=-6.023781  maxlinkdim=300 maxerr=6.70E-08 time=3.501
After sweep 25 energy=-6.023796  maxlinkdim=300 maxerr=3.97E-10 time=3.671
After sweep 26 energy=-6.0238104  maxlinkdim=300 maxerr=1.52E-07 time=3.928
After sweep 27 energy=-6.0237803  maxlinkdim=300 maxerr=1.81E-07 time=4.098
After sweep 28 energy=-6.023803  maxlinkdim=300 maxerr=1.59E-07 time=4.152
After sweep 29 energy=-6.023776  maxlinkdim=300 maxerr=1.67E-07 time=4.149
After sweep 30 energy=-6.023776  maxlinkdim=300 maxerr=1.21E-07 time=4.141
Same mu: -2.6532001135405214 and continuing
Target density achieved with mu=-2.6532001135405214, n=0.49999756
Checking {alpha,beta} vs measured
Beta not converged.
NOT CONVERGED; updating alpha, beta and continuing...
After sweep 1 energy=-4.672893  maxlinkdim=16 maxerr=3.59E-07 time=0.558
After sweep 2 energy=-5.7799377  maxlinkdim=185 maxerr=2.49E-08 time=1.251
After sweep 3 energy=-5.864473  maxlinkdim=199 maxerr=2.90E-07 time=1.904
After sweep 4 energy=-5.9140706  maxlinkdim=225 maxerr=7.66E-08 time=1.969
After sweep 5 energy=-5.942317  maxlinkdim=198 maxerr=3.59E-07 time=1.893
After sweep 6 energy=-5.965575  maxlinkdim=230 maxerr=1.84E-07 time=1.848
After sweep 7 energy=-5.980769  maxlinkdim=236 maxerr=8.51E-08 time=1.804
After sweep 8 energy=-5.991443  maxlinkdim=238 maxerr=1.20E-09 time=1.808
After sweep 9 energy=-5.998986  maxlinkdim=238 maxerr=1.56E-09 time=1.760
After sweep 10 energy=-6.0051923  maxlinkdim=230 maxerr=1.05E-09 time=1.854
After sweep 11 energy=-6.009662  maxlinkdim=192 maxerr=1.30E-07 time=1.880
After sweep 12 energy=-6.0128117  maxlinkdim=277 maxerr=2.22E-07 time=1.857
After sweep 13 energy=-6.0156727  maxlinkdim=226 maxerr=1.84E-09 time=1.992
After sweep 14 energy=-6.0183163  maxlinkdim=268 maxerr=6.67E-08 time=2.169
After sweep 15 energy=-6.019696  maxlinkdim=294 maxerr=1.21E-10 time=2.180
After sweep 16 energy=-6.020762  maxlinkdim=271 maxerr=1.37E-08 time=2.274
After sweep 17 energy=-6.0218596  maxlinkdim=266 maxerr=6.83E-08 time=2.496
After sweep 18 energy=-6.022478  maxlinkdim=300 maxerr=4.73E-10 time=2.675
After sweep 19 energy=-6.0229225  maxlinkdim=279 maxerr=1.38E-07 time=2.733
After sweep 20 energy=-6.0232058  maxlinkdim=300 maxerr=5.57E-08 time=2.827
After sweep 21 energy=-6.023387  maxlinkdim=278 maxerr=2.46E-10 time=2.942
After sweep 22 energy=-6.023607  maxlinkdim=300 maxerr=8.74E-10 time=3.147
After sweep 23 energy=-6.0237007  maxlinkdim=300 maxerr=2.34E-07 time=3.377
After sweep 24 energy=-6.023774  maxlinkdim=300 maxerr=3.98E-10 time=3.590
After sweep 25 energy=-6.0238056  maxlinkdim=300 maxerr=5.22E-10 time=3.786
After sweep 26 energy=-6.023823  maxlinkdim=300 maxerr=4.13E-10 time=3.979
After sweep 27 energy=-6.0238013  maxlinkdim=300 maxerr=7.55E-10 time=4.119
After sweep 28 energy=-6.0237684  maxlinkdim=300 maxerr=3.50E-08 time=4.142
After sweep 29 energy=-6.02382  maxlinkdim=300 maxerr=5.91E-10 time=4.153
After sweep 30 energy=-6.0237846  maxlinkdim=300 maxerr=4.60E-08 time=4.125
Same mu: -2.6532001135405214 and continuing
Target density achieved with mu=-2.6532001135405214, n=0.49999744
Checking {alpha,beta} vs measured
Beta not converged.
NOT CONVERGED; updating alpha, beta and continuing...
After sweep 1 energy=-4.683549  maxlinkdim=16 maxerr=2.42E-07 time=0.655
After sweep 2 energy=-5.780638  maxlinkdim=179 maxerr=3.01E-08 time=1.201
After sweep 3 energy=-5.865236  maxlinkdim=190 maxerr=9.27E-08 time=2.201
After sweep 4 energy=-5.9150677  maxlinkdim=224 maxerr=1.28E-07 time=1.938
After sweep 5 energy=-5.943638  maxlinkdim=192 maxerr=3.94E-10 time=1.917
After sweep 6 energy=-5.9647985  maxlinkdim=215 maxerr=4.51E-08 time=1.802
After sweep 7 energy=-5.9803095  maxlinkdim=205 maxerr=6.41E-08 time=1.800
After sweep 8 energy=-5.9908576  maxlinkdim=225 maxerr=7.86E-08 time=1.778
After sweep 9 energy=-5.998741  maxlinkdim=242 maxerr=7.92E-10 time=1.818
After sweep 10 energy=-6.005849  maxlinkdim=254 maxerr=2.99E-10 time=1.887
After sweep 11 energy=-6.01038  maxlinkdim=237 maxerr=2.40E-09 time=1.933
After sweep 12 energy=-6.013469  maxlinkdim=223 maxerr=7.40E-10 time=1.930
After sweep 13 energy=-6.016163  maxlinkdim=234 maxerr=7.37E-08 time=2.029
After sweep 14 energy=-6.0184298  maxlinkdim=246 maxerr=7.48E-09 time=2.212
After sweep 15 energy=-6.019986  maxlinkdim=239 maxerr=1.21E-09 time=2.262
After sweep 16 energy=-6.021106  maxlinkdim=278 maxerr=1.09E-07 time=2.405
After sweep 17 energy=-6.021809  maxlinkdim=273 maxerr=1.17E-07 time=2.386
After sweep 18 energy=-6.02238  maxlinkdim=264 maxerr=1.25E-09 time=2.521
After sweep 19 energy=-6.022812  maxlinkdim=281 maxerr=8.93E-08 time=2.610
After sweep 20 energy=-6.0231113  maxlinkdim=278 maxerr=4.18E-08 time=2.701
After sweep 21 energy=-6.023408  maxlinkdim=300 maxerr=1.03E-09 time=2.908
After sweep 22 energy=-6.023548  maxlinkdim=299 maxerr=7.62E-08 time=3.037
After sweep 23 energy=-6.023658  maxlinkdim=283 maxerr=4.00E-08 time=3.149
After sweep 24 energy=-6.023752  maxlinkdim=300 maxerr=1.74E-07 time=3.288
After sweep 25 energy=-6.023785  maxlinkdim=300 maxerr=5.91E-08 time=3.549
After sweep 26 energy=-6.023822  maxlinkdim=300 maxerr=7.04E-08 time=3.860
After sweep 27 energy=-6.0238047  maxlinkdim=300 maxerr=2.94E-08 time=4.063
After sweep 28 energy=-6.0238  maxlinkdim=300 maxerr=4.94E-10 time=4.159
After sweep 29 energy=-6.023794  maxlinkdim=300 maxerr=5.24E-10 time=4.153
After sweep 30 energy=-6.0237927  maxlinkdim=300 maxerr=8.21E-10 time=4.145
Same mu: -2.6532001135405214 and continuing
Target density achieved with mu=-2.6532001135405214, n=0.49999785
Checking {alpha,beta} vs measured
Beta not converged.
NOT CONVERGED; updating alpha, beta and continuing...
After sweep 1 energy=-4.679724  maxlinkdim=16 maxerr=2.24E-07 time=0.559
After sweep 2 energy=-5.786196  maxlinkdim=178 maxerr=1.11E-08 time=1.253
After sweep 3 energy=-5.87135  maxlinkdim=202 maxerr=1.00E-07 time=1.999
After sweep 4 energy=-5.9181356  maxlinkdim=221 maxerr=1.66E-08 time=1.982
After sweep 5 energy=-5.945273  maxlinkdim=207 maxerr=6.80E-08 time=1.910
After sweep 6 energy=-5.9662237  maxlinkdim=233 maxerr=7.22E-09 time=1.820
After sweep 7 energy=-5.9828196  maxlinkdim=195 maxerr=1.78E-09 time=1.843
After sweep 8 energy=-5.993767  maxlinkdim=237 maxerr=2.64E-09 time=1.833
After sweep 9 energy=-6.0008936  maxlinkdim=268 maxerr=9.98E-11 time=1.812
After sweep 10 energy=-6.006394  maxlinkdim=207 maxerr=2.34E-10 time=1.846
After sweep 11 energy=-6.0104294  maxlinkdim=205 maxerr=9.35E-10 time=1.887
After sweep 12 energy=-6.014697  maxlinkdim=223 maxerr=7.21E-08 time=2.014
After sweep 13 energy=-6.0169115  maxlinkdim=207 maxerr=7.57E-10 time=2.019
After sweep 14 energy=-6.0186977  maxlinkdim=244 maxerr=1.22E-07 time=2.105
After sweep 15 energy=-6.0204954  maxlinkdim=239 maxerr=3.79E-08 time=2.336
After sweep 16 energy=-6.0215073  maxlinkdim=228 maxerr=6.50E-10 time=2.388
After sweep 17 energy=-6.0221167  maxlinkdim=231 maxerr=6.42E-10 time=2.376
After sweep 18 energy=-6.022681  maxlinkdim=246 maxerr=1.21E-07 time=2.546
After sweep 19 energy=-6.023056  maxlinkdim=246 maxerr=2.44E-07 time=2.670
After sweep 20 energy=-6.023369  maxlinkdim=300 maxerr=1.14E-09 time=2.803
After sweep 21 energy=-6.0235357  maxlinkdim=300 maxerr=1.38E-08 time=3.009
After sweep 22 energy=-6.023676  maxlinkdim=300 maxerr=9.13E-08 time=3.140
After sweep 23 energy=-6.0237675  maxlinkdim=300 maxerr=1.02E-07 time=3.380
After sweep 24 energy=-6.0237827  maxlinkdim=300 maxerr=3.22E-08 time=3.629
After sweep 25 energy=-6.0238276  maxlinkdim=300 maxerr=3.93E-07 time=3.903
After sweep 26 energy=-6.0237837  maxlinkdim=300 maxerr=7.06E-08 time=4.090
After sweep 27 energy=-6.0238013  maxlinkdim=300 maxerr=5.83E-08 time=4.152
After sweep 28 energy=-6.0237827  maxlinkdim=300 maxerr=2.21E-07 time=4.166
After sweep 29 energy=-6.023798  maxlinkdim=300 maxerr=1.09E-07 time=4.130
After sweep 30 energy=-6.0237985  maxlinkdim=300 maxerr=2.00E-07 time=4.127
Same mu: -2.6532001135405214 and continuing
Target density achieved with mu=-2.6532001135405214, n=0.4999976
Checking {alpha,beta} vs measured
Beta not converged.
NOT CONVERGED; updating alpha, beta and continuing...
After sweep 1 energy=-4.6734667  maxlinkdim=16 maxerr=2.53E-07 time=0.535
After sweep 2 energy=-5.786098  maxlinkdim=174 maxerr=2.40E-07 time=1.224
After sweep 3 energy=-5.8723307  maxlinkdim=198 maxerr=6.12E-08 time=2.010
After sweep 4 energy=-5.916926  maxlinkdim=197 maxerr=8.59E-09 time=1.939
After sweep 5 energy=-5.9443507  maxlinkdim=185 maxerr=2.65E-07 time=1.811
After sweep 6 energy=-5.9656177  maxlinkdim=209 maxerr=1.34E-07 time=1.794
After sweep 7 energy=-5.981625  maxlinkdim=203 maxerr=1.22E-07 time=1.757
After sweep 8 energy=-5.992274  maxlinkdim=200 maxerr=1.53E-07 time=1.805
After sweep 9 energy=-6.000202  maxlinkdim=250 maxerr=1.25E-09 time=1.777
After sweep 10 energy=-6.0079513  maxlinkdim=251 maxerr=1.16E-09 time=1.993
After sweep 11 energy=-6.011818  maxlinkdim=235 maxerr=3.76E-07 time=1.970
After sweep 12 energy=-6.014712  maxlinkdim=229 maxerr=2.84E-08 time=1.939
After sweep 13 energy=-6.0173745  maxlinkdim=211 maxerr=3.08E-09 time=2.074
After sweep 14 energy=-6.0191126  maxlinkdim=241 maxerr=2.97E-10 time=2.097
After sweep 15 energy=-6.0204525  maxlinkdim=227 maxerr=4.57E-08 time=2.224
After sweep 16 energy=-6.0212903  maxlinkdim=215 maxerr=5.16E-08 time=2.288
After sweep 17 energy=-6.022015  maxlinkdim=239 maxerr=5.25E-08 time=2.374
After sweep 18 energy=-6.022634  maxlinkdim=251 maxerr=8.31E-10 time=2.613
After sweep 19 energy=-6.0230417  maxlinkdim=251 maxerr=4.70E-10 time=2.707
After sweep 20 energy=-6.0233364  maxlinkdim=280 maxerr=2.06E-07 time=2.904
After sweep 21 energy=-6.023534  maxlinkdim=299 maxerr=1.46E-09 time=3.045
After sweep 22 energy=-6.0236607  maxlinkdim=291 maxerr=6.20E-10 time=3.232
After sweep 23 energy=-6.023756  maxlinkdim=300 maxerr=1.14E-09 time=3.391
After sweep 24 energy=-6.0237727  maxlinkdim=300 maxerr=4.10E-08 time=3.592
After sweep 25 energy=-6.0238037  maxlinkdim=300 maxerr=2.76E-10 time=3.831
After sweep 26 energy=-6.023767  maxlinkdim=300 maxerr=1.20E-09 time=4.045
After sweep 27 energy=-6.023775  maxlinkdim=300 maxerr=3.17E-08 time=4.162
After sweep 28 energy=-6.0238066  maxlinkdim=300 maxerr=2.99E-07 time=4.174
After sweep 29 energy=-6.0237966  maxlinkdim=300 maxerr=1.41E-07 time=4.129
After sweep 30 energy=-6.0238013  maxlinkdim=300 maxerr=1.04E-09 time=4.120
Same mu: -2.6532001135405214 and continuing
Target density achieved with mu=-2.6532001135405214, n=0.49999797
Checking {alpha,beta} vs measured
Beta not converged.
NOT CONVERGED; updating alpha, beta and continuing...
After sweep 1 energy=-4.675454  maxlinkdim=16 maxerr=2.89E-07 time=0.831
After sweep 2 energy=-5.7823853  maxlinkdim=176 maxerr=8.20E-08 time=1.171
After sweep 3 energy=-5.8679576  maxlinkdim=205 maxerr=3.00E-09 time=2.008
After sweep 4 energy=-5.9152737  maxlinkdim=215 maxerr=1.84E-08 time=1.900
After sweep 5 energy=-5.943587  maxlinkdim=198 maxerr=9.79E-08 time=1.869
After sweep 6 energy=-5.9653773  maxlinkdim=235 maxerr=1.71E-07 time=1.836
After sweep 7 energy=-5.9808564  maxlinkdim=222 maxerr=1.49E-09 time=1.781
After sweep 8 energy=-5.991991  maxlinkdim=228 maxerr=1.88E-09 time=1.807
After sweep 9 energy=-5.9997644  maxlinkdim=265 maxerr=4.87E-08 time=1.765
After sweep 10 energy=-6.0072107  maxlinkdim=250 maxerr=8.19E-09 time=1.958
After sweep 11 energy=-6.0114756  maxlinkdim=234 maxerr=3.89E-10 time=1.996
After sweep 12 energy=-6.014519  maxlinkdim=292 maxerr=2.68E-08 time=1.971
After sweep 13 energy=-6.0169945  maxlinkdim=242 maxerr=7.66E-08 time=2.103
After sweep 14 energy=-6.0186934  maxlinkdim=266 maxerr=1.71E-07 time=2.214
After sweep 15 energy=-6.020337  maxlinkdim=269 maxerr=5.98E-10 time=2.325
After sweep 16 energy=-6.021506  maxlinkdim=284 maxerr=3.85E-10 time=2.514
After sweep 17 energy=-6.022195  maxlinkdim=282 maxerr=5.73E-10 time=2.565
After sweep 18 energy=-6.0227313  maxlinkdim=269 maxerr=7.22E-08 time=2.690
After sweep 19 energy=-6.023097  maxlinkdim=300 maxerr=1.90E-08 time=2.792
After sweep 20 energy=-6.023409  maxlinkdim=280 maxerr=5.77E-09 time=3.005
After sweep 21 energy=-6.023584  maxlinkdim=300 maxerr=1.44E-07 time=3.089
After sweep 22 energy=-6.02369  maxlinkdim=300 maxerr=8.53E-08 time=3.332
After sweep 23 energy=-6.0237827  maxlinkdim=300 maxerr=2.29E-08 time=3.533
After sweep 24 energy=-6.023798  maxlinkdim=300 maxerr=7.63E-10 time=3.706
After sweep 25 energy=-6.0238023  maxlinkdim=300 maxerr=3.62E-10 time=3.902
After sweep 26 energy=-6.0237703  maxlinkdim=300 maxerr=5.74E-10 time=4.096
After sweep 27 energy=-6.023787  maxlinkdim=300 maxerr=6.56E-08 time=4.155
After sweep 28 energy=-6.0238056  maxlinkdim=300 maxerr=4.62E-10 time=4.153
After sweep 29 energy=-6.0238304  maxlinkdim=300 maxerr=2.35E-07 time=4.130
After sweep 30 energy=-6.023782  maxlinkdim=300 maxerr=1.46E-09 time=4.136
Same mu: -2.6532001135405214 and continuing
Target density achieved with mu=-2.6532001135405214, n=0.4999982
Checking {alpha,beta} vs measured
Beta not converged.
NOT CONVERGED; updating alpha, beta and continuing...
After sweep 1 energy=-4.678396  maxlinkdim=16 maxerr=3.00E-07 time=0.553
After sweep 2 energy=-5.7888527  maxlinkdim=177 maxerr=1.21E-08 time=1.248
After sweep 3 energy=-5.8726516  maxlinkdim=187 maxerr=5.26E-08 time=2.000
After sweep 4 energy=-5.9175467  maxlinkdim=208 maxerr=9.23E-08 time=1.959
After sweep 5 energy=-5.945477  maxlinkdim=187 maxerr=2.51E-07 time=1.848
After sweep 6 energy=-5.9666214  maxlinkdim=214 maxerr=3.37E-08 time=1.793
After sweep 7 energy=-5.982764  maxlinkdim=239 maxerr=6.85E-08 time=1.817
After sweep 8 energy=-5.9934883  maxlinkdim=261 maxerr=4.65E-09 time=1.826
After sweep 9 energy=-6.000903  maxlinkdim=295 maxerr=6.39E-10 time=1.819
After sweep 10 energy=-6.00597  maxlinkdim=207 maxerr=7.18E-10 time=1.815
After sweep 11 energy=-6.0100365  maxlinkdim=222 maxerr=2.87E-07 time=1.871
After sweep 12 energy=-6.0131783  maxlinkdim=214 maxerr=6.57E-10 time=1.902
After sweep 13 energy=-6.016339  maxlinkdim=216 maxerr=1.69E-07 time=2.058
After sweep 14 energy=-6.01839  maxlinkdim=233 maxerr=2.88E-08 time=2.135
After sweep 15 energy=-6.01978  maxlinkdim=237 maxerr=6.81E-08 time=2.199
After sweep 16 energy=-6.020802  maxlinkdim=235 maxerr=1.01E-09 time=2.259
After sweep 17 energy=-6.021556  maxlinkdim=235 maxerr=4.49E-08 time=2.336
After sweep 18 energy=-6.0223413  maxlinkdim=258 maxerr=1.23E-09 time=2.522
After sweep 19 energy=-6.022764  maxlinkdim=261 maxerr=7.46E-10 time=2.595
After sweep 20 energy=-6.0231113  maxlinkdim=247 maxerr=2.24E-07 time=2.727
After sweep 21 energy=-6.0233774  maxlinkdim=295 maxerr=9.02E-10 time=2.863
After sweep 22 energy=-6.0235744  maxlinkdim=300 maxerr=2.55E-08 time=3.152
After sweep 23 energy=-6.0236864  maxlinkdim=300 maxerr=1.08E-07 time=3.311
After sweep 24 energy=-6.0237675  maxlinkdim=300 maxerr=1.15E-07 time=3.482
After sweep 25 energy=-6.023775  maxlinkdim=300 maxerr=8.59E-08 time=3.730
After sweep 26 energy=-6.0238094  maxlinkdim=300 maxerr=9.01E-10 time=3.957
After sweep 27 energy=-6.0238037  maxlinkdim=300 maxerr=2.05E-08 time=4.121
After sweep 28 energy=-6.0238  maxlinkdim=300 maxerr=7.07E-08 time=4.162
After sweep 29 energy=-6.023812  maxlinkdim=300 maxerr=1.06E-07 time=4.163
After sweep 30 energy=-6.023779  maxlinkdim=300 maxerr=9.80E-08 time=4.132
Same mu: -2.6532001135405214 and continuing
Target density achieved with mu=-2.6532001135405214, n=0.49999782
Checking {alpha,beta} vs measured
Beta not converged.
NOT CONVERGED; updating alpha, beta and continuing...
After sweep 1 energy=-4.678874  maxlinkdim=16 maxerr=2.44E-07 time=0.542
After sweep 2 energy=-5.783203  maxlinkdim=178 maxerr=1.71E-08 time=1.255
After sweep 3 energy=-5.869055  maxlinkdim=186 maxerr=2.04E-09 time=1.939
After sweep 4 energy=-5.9163814  maxlinkdim=203 maxerr=1.75E-09 time=1.869
After sweep 5 energy=-5.9445915  maxlinkdim=191 maxerr=1.51E-09 time=1.828
After sweep 6 energy=-5.9651823  maxlinkdim=229 maxerr=1.91E-09 time=1.724
After sweep 7 energy=-5.9799857  maxlinkdim=238 maxerr=8.68E-10 time=1.758
After sweep 8 energy=-5.9909577  maxlinkdim=207 maxerr=2.95E-09 time=1.726
After sweep 9 energy=-5.9991355  maxlinkdim=242 maxerr=7.09E-10 time=1.759
After sweep 10 energy=-6.00631  maxlinkdim=241 maxerr=2.77E-10 time=1.856
After sweep 11 energy=-6.010626  maxlinkdim=219 maxerr=1.07E-07 time=1.904
After sweep 12 energy=-6.013737  maxlinkdim=191 maxerr=1.00E-10 time=1.895
After sweep 13 energy=-6.0163364  maxlinkdim=211 maxerr=3.87E-07 time=1.970
After sweep 14 energy=-6.018391  maxlinkdim=233 maxerr=7.67E-08 time=2.076
After sweep 15 energy=-6.0197263  maxlinkdim=210 maxerr=8.89E-10 time=2.101
After sweep 16 energy=-6.021266  maxlinkdim=256 maxerr=7.61E-10 time=2.353
After sweep 17 energy=-6.0221024  maxlinkdim=251 maxerr=3.20E-07 time=2.511
After sweep 18 energy=-6.0226965  maxlinkdim=244 maxerr=1.07E-09 time=2.632
After sweep 19 energy=-6.0230308  maxlinkdim=246 maxerr=3.37E-10 time=2.693
After sweep 20 energy=-6.0233355  maxlinkdim=268 maxerr=6.13E-08 time=2.816
After sweep 21 energy=-6.023533  maxlinkdim=300 maxerr=9.43E-10 time=2.955
After sweep 22 energy=-6.023657  maxlinkdim=300 maxerr=1.18E-07 time=3.102
After sweep 23 energy=-6.0237103  maxlinkdim=300 maxerr=5.34E-10 time=3.326
After sweep 24 energy=-6.0237885  maxlinkdim=300 maxerr=1.34E-07 time=3.591
After sweep 25 energy=-6.023806  maxlinkdim=300 maxerr=1.83E-07 time=3.806
After sweep 26 energy=-6.023808  maxlinkdim=300 maxerr=1.35E-07 time=4.049
After sweep 27 energy=-6.0237956  maxlinkdim=300 maxerr=2.99E-09 time=4.158
After sweep 28 energy=-6.023778  maxlinkdim=300 maxerr=1.60E-07 time=4.166
After sweep 29 energy=-6.023782  maxlinkdim=300 maxerr=8.47E-08 time=4.130
After sweep 30 energy=-6.023821  maxlinkdim=300 maxerr=1.15E-07 time=4.110
Same mu: -2.6532001135405214 and continuing
Target density achieved with mu=-2.6532001135405214, n=0.49999908
Checking {alpha,beta} vs measured
Beta not converged.
NOT CONVERGED; updating alpha, beta and continuing...
After sweep 1 energy=-4.68921  maxlinkdim=16 maxerr=3.34E-07 time=0.626
After sweep 2 energy=-5.7834864  maxlinkdim=186 maxerr=1.41E-08 time=1.516
After sweep 3 energy=-5.8664465  maxlinkdim=192 maxerr=2.48E-09 time=1.897
After sweep 4 energy=-5.9130187  maxlinkdim=224 maxerr=1.91E-09 time=1.891
After sweep 5 energy=-5.94155  maxlinkdim=206 maxerr=9.79E-09 time=1.841
After sweep 6 energy=-5.963006  maxlinkdim=229 maxerr=1.90E-09 time=1.730
After sweep 7 energy=-5.9786067  maxlinkdim=215 maxerr=1.40E-08 time=1.738
After sweep 8 energy=-5.990347  maxlinkdim=214 maxerr=1.47E-07 time=1.773
After sweep 9 energy=-5.998137  maxlinkdim=218 maxerr=2.39E-09 time=1.766
After sweep 10 energy=-6.004539  maxlinkdim=232 maxerr=1.26E-07 time=1.808
After sweep 11 energy=-6.009597  maxlinkdim=210 maxerr=1.39E-07 time=1.945
After sweep 12 energy=-6.0127316  maxlinkdim=238 maxerr=1.35E-09 time=1.905
After sweep 13 energy=-6.015648  maxlinkdim=222 maxerr=1.15E-07 time=1.975
After sweep 14 energy=-6.0179796  maxlinkdim=215 maxerr=1.00E-10 time=2.063
After sweep 15 energy=-6.0197005  maxlinkdim=221 maxerr=1.50E-07 time=2.165
After sweep 16 energy=-6.021053  maxlinkdim=246 maxerr=6.26E-10 time=2.362
After sweep 17 energy=-6.0218806  maxlinkdim=264 maxerr=2.41E-07 time=2.471
After sweep 18 energy=-6.0225005  maxlinkdim=253 maxerr=1.15E-09 time=2.656
After sweep 19 energy=-6.0229487  maxlinkdim=300 maxerr=2.31E-07 time=2.670
After sweep 20 energy=-6.0232487  maxlinkdim=288 maxerr=3.00E-10 time=2.815
After sweep 21 energy=-6.023458  maxlinkdim=297 maxerr=1.08E-07 time=2.919
After sweep 22 energy=-6.0236254  maxlinkdim=300 maxerr=4.50E-08 time=3.129
After sweep 23 energy=-6.023734  maxlinkdim=300 maxerr=4.81E-10 time=3.481
After sweep 24 energy=-6.023788  maxlinkdim=300 maxerr=8.48E-08 time=3.667
After sweep 25 energy=-6.0237904  maxlinkdim=300 maxerr=4.62E-10 time=3.823
After sweep 26 energy=-6.023782  maxlinkdim=300 maxerr=1.12E-09 time=4.051
After sweep 27 energy=-6.0238037  maxlinkdim=300 maxerr=5.35E-10 time=4.155
After sweep 28 energy=-6.023818  maxlinkdim=300 maxerr=7.52E-08 time=4.166
After sweep 29 energy=-6.023814  maxlinkdim=300 maxerr=1.52E-07 time=4.147
After sweep 30 energy=-6.0238094  maxlinkdim=300 maxerr=1.80E-08 time=4.145
Same mu: -2.6532001135405214 and continuing
Target density achieved with mu=-2.6532001135405214, n=0.4999981
Checking {alpha,beta} vs measured
Beta not converged.
NOT CONVERGED; updating alpha, beta and continuing...
After sweep 1 energy=-4.680083  maxlinkdim=16 maxerr=3.28E-07 time=0.566
After sweep 2 energy=-5.7880096  maxlinkdim=183 maxerr=1.28E-07 time=1.316
After sweep 3 energy=-5.8721933  maxlinkdim=206 maxerr=2.86E-09 time=1.957
After sweep 4 energy=-5.9187164  maxlinkdim=230 maxerr=1.12E-07 time=1.939
After sweep 5 energy=-5.945794  maxlinkdim=212 maxerr=3.44E-08 time=1.907
After sweep 6 energy=-5.965698  maxlinkdim=226 maxerr=8.53E-08 time=1.805
After sweep 7 energy=-5.9807687  maxlinkdim=226 maxerr=1.06E-08 time=1.782
After sweep 8 energy=-5.991574  maxlinkdim=251 maxerr=8.99E-10 time=1.737
After sweep 9 energy=-5.9992275  maxlinkdim=207 maxerr=4.11E-10 time=1.745
After sweep 10 energy=-6.0066786  maxlinkdim=210 maxerr=2.04E-07 time=1.883
After sweep 11 energy=-6.010668  maxlinkdim=251 maxerr=3.78E-10 time=1.869
After sweep 12 energy=-6.014205  maxlinkdim=280 maxerr=1.95E-09 time=1.960
After sweep 13 energy=-6.0172553  maxlinkdim=218 maxerr=3.75E-07 time=2.163
After sweep 14 energy=-6.0190096  maxlinkdim=290 maxerr=8.41E-10 time=2.132
After sweep 15 energy=-6.020267  maxlinkdim=260 maxerr=1.11E-08 time=2.208
After sweep 16 energy=-6.021431  maxlinkdim=251 maxerr=2.08E-08 time=2.341
After sweep 17 energy=-6.0221953  maxlinkdim=255 maxerr=8.75E-08 time=2.481
After sweep 18 energy=-6.02273  maxlinkdim=263 maxerr=2.19E-07 time=2.588
After sweep 19 energy=-6.0231066  maxlinkdim=270 maxerr=2.97E-10 time=2.756
After sweep 20 energy=-6.023369  maxlinkdim=289 maxerr=1.89E-07 time=2.868
After sweep 21 energy=-6.023534  maxlinkdim=300 maxerr=1.54E-07 time=3.023
After sweep 22 energy=-6.023681  maxlinkdim=300 maxerr=1.09E-07 time=3.260
After sweep 23 energy=-6.023719  maxlinkdim=290 maxerr=9.23E-10 time=3.428
After sweep 24 energy=-6.0237875  maxlinkdim=300 maxerr=2.27E-07 time=3.572
After sweep 25 energy=-6.023816  maxlinkdim=300 maxerr=1.07E-09 time=3.799
After sweep 26 energy=-6.023825  maxlinkdim=300 maxerr=1.59E-07 time=4.039
After sweep 27 energy=-6.0238047  maxlinkdim=300 maxerr=8.70E-08 time=4.151
After sweep 28 energy=-6.0238256  maxlinkdim=300 maxerr=8.23E-10 time=4.164
After sweep 29 energy=-6.0238094  maxlinkdim=300 maxerr=2.27E-07 time=4.144
After sweep 30 energy=-6.0238085  maxlinkdim=300 maxerr=4.88E-08 time=4.138
Same mu: -2.6532001135405214 and continuing
Target density achieved with mu=-2.6532001135405214, n=0.4999992
Checking {alpha,beta} vs measured
Beta not converged.
NOT CONVERGED; updating alpha, beta and continuing...
After sweep 1 energy=-4.6758165  maxlinkdim=16 maxerr=3.01E-07 time=0.568
After sweep 2 energy=-5.778345  maxlinkdim=181 maxerr=8.65E-09 time=1.182
After sweep 3 energy=-5.8640695  maxlinkdim=180 maxerr=7.91E-08 time=2.000
After sweep 4 energy=-5.9133887  maxlinkdim=232 maxerr=2.15E-09 time=1.955
After sweep 5 energy=-5.9425225  maxlinkdim=208 maxerr=4.27E-08 time=1.845
After sweep 6 energy=-5.9643126  maxlinkdim=274 maxerr=7.19E-08 time=1.814
After sweep 7 energy=-5.9799857  maxlinkdim=242 maxerr=1.11E-09 time=1.799
After sweep 8 energy=-5.9922047  maxlinkdim=210 maxerr=2.51E-09 time=1.852
After sweep 9 energy=-6.0000257  maxlinkdim=285 maxerr=4.04E-08 time=1.806
After sweep 10 energy=-6.0055466  maxlinkdim=211 maxerr=8.33E-08 time=1.851
After sweep 11 energy=-6.009881  maxlinkdim=220 maxerr=1.78E-07 time=1.925
After sweep 12 energy=-6.0131016  maxlinkdim=215 maxerr=1.80E-07 time=1.937
After sweep 13 energy=-6.0167027  maxlinkdim=215 maxerr=1.49E-07 time=2.092
After sweep 14 energy=-6.0184336  maxlinkdim=204 maxerr=1.11E-09 time=2.073
After sweep 15 energy=-6.020024  maxlinkdim=231 maxerr=5.20E-08 time=2.199
After sweep 16 energy=-6.0212364  maxlinkdim=240 maxerr=1.10E-07 time=2.339
After sweep 17 energy=-6.0219393  maxlinkdim=234 maxerr=7.41E-10 time=2.366
After sweep 18 energy=-6.022568  maxlinkdim=252 maxerr=1.67E-07 time=2.596
After sweep 19 energy=-6.0230055  maxlinkdim=267 maxerr=1.05E-09 time=2.695
After sweep 20 energy=-6.0233154  maxlinkdim=281 maxerr=8.90E-08 time=2.899
After sweep 21 energy=-6.0234847  maxlinkdim=270 maxerr=1.85E-08 time=2.979
After sweep 22 energy=-6.023645  maxlinkdim=300 maxerr=2.67E-10 time=3.135
After sweep 23 energy=-6.0237465  maxlinkdim=300 maxerr=1.11E-07 time=3.324
After sweep 24 energy=-6.0237827  maxlinkdim=300 maxerr=3.43E-08 time=3.509
After sweep 25 energy=-6.0237613  maxlinkdim=300 maxerr=6.04E-10 time=3.778
After sweep 26 energy=-6.0237985  maxlinkdim=300 maxerr=1.38E-07 time=4.025
After sweep 27 energy=-6.0237913  maxlinkdim=300 maxerr=5.25E-10 time=4.144
After sweep 28 energy=-6.023781  maxlinkdim=300 maxerr=2.30E-07 time=4.151
After sweep 29 energy=-6.0238132  maxlinkdim=300 maxerr=1.93E-08 time=4.142
After sweep 30 energy=-6.0237665  maxlinkdim=300 maxerr=2.39E-07 time=4.123
Same mu: -2.6532001135405214 and continuing
Target density achieved with mu=-2.6532001135405214, n=0.49999753
Checking {alpha,beta} vs measured
Beta not converged.
NOT CONVERGED; updating alpha, beta and continuing...
After sweep 1 energy=-4.677155  maxlinkdim=16 maxerr=4.52E-07 time=0.844
After sweep 2 energy=-5.7845836  maxlinkdim=172 maxerr=5.32E-08 time=1.170
After sweep 3 energy=-5.8707075  maxlinkdim=200 maxerr=2.18E-09 time=2.001
After sweep 4 energy=-5.917577  maxlinkdim=223 maxerr=1.83E-07 time=1.948
After sweep 5 energy=-5.945953  maxlinkdim=205 maxerr=8.86E-10 time=1.924
After sweep 6 energy=-5.966608  maxlinkdim=230 maxerr=2.38E-07 time=1.845
After sweep 7 energy=-5.9809713  maxlinkdim=182 maxerr=1.82E-09 time=1.757
After sweep 8 energy=-5.992231  maxlinkdim=261 maxerr=2.48E-09 time=1.790
After sweep 9 energy=-5.999725  maxlinkdim=220 maxerr=1.00E-07 time=1.763
After sweep 10 energy=-6.00526  maxlinkdim=193 maxerr=4.71E-09 time=1.796
After sweep 11 energy=-6.009919  maxlinkdim=255 maxerr=1.37E-09 time=1.879
After sweep 12 energy=-6.013043  maxlinkdim=274 maxerr=4.30E-10 time=1.953
After sweep 13 energy=-6.0162983  maxlinkdim=247 maxerr=3.32E-08 time=2.109
After sweep 14 energy=-6.018151  maxlinkdim=292 maxerr=2.64E-07 time=2.178
After sweep 15 energy=-6.0196276  maxlinkdim=262 maxerr=1.24E-09 time=2.209
After sweep 16 energy=-6.020994  maxlinkdim=262 maxerr=9.40E-09 time=2.396
After sweep 17 energy=-6.0217447  maxlinkdim=230 maxerr=3.19E-07 time=2.415
After sweep 18 energy=-6.022336  maxlinkdim=265 maxerr=7.02E-10 time=2.513
After sweep 19 energy=-6.022829  maxlinkdim=300 maxerr=8.39E-10 time=2.648
After sweep 20 energy=-6.023213  maxlinkdim=260 maxerr=2.88E-08 time=2.828
After sweep 21 energy=-6.023414  maxlinkdim=300 maxerr=2.22E-07 time=2.916
After sweep 22 energy=-6.0235734  maxlinkdim=276 maxerr=1.15E-07 time=3.029
After sweep 23 energy=-6.023703  maxlinkdim=300 maxerr=1.94E-07 time=3.286
After sweep 24 energy=-6.0237837  maxlinkdim=300 maxerr=2.44E-09 time=3.487
After sweep 25 energy=-6.023804  maxlinkdim=300 maxerr=2.98E-10 time=3.697
After sweep 26 energy=-6.0238175  maxlinkdim=300 maxerr=2.17E-07 time=3.909
After sweep 27 energy=-6.0238037  maxlinkdim=300 maxerr=7.99E-10 time=4.100
After sweep 28 energy=-6.0237913  maxlinkdim=300 maxerr=5.59E-10 time=4.164
After sweep 29 energy=-6.0238047  maxlinkdim=300 maxerr=9.28E-10 time=4.159
After sweep 30 energy=-6.023822  maxlinkdim=300 maxerr=1.86E-07 time=4.132
Same mu: -2.6532001135405214 and continuing
Target density achieved with mu=-2.6532001135405214, n=0.49999875
Checking {alpha,beta} vs measured
Beta not converged.
NOT CONVERGED; updating alpha, beta and continuing...
After sweep 1 energy=-4.680791  maxlinkdim=16 maxerr=2.39E-07 time=0.547
After sweep 2 energy=-5.7839417  maxlinkdim=178 maxerr=1.28E-08 time=1.266
After sweep 3 energy=-5.868586  maxlinkdim=188 maxerr=1.11E-08 time=1.936
After sweep 4 energy=-5.917215  maxlinkdim=230 maxerr=8.49E-08 time=1.932
After sweep 5 energy=-5.9452124  maxlinkdim=195 maxerr=2.56E-08 time=1.849
After sweep 6 energy=-5.967376  maxlinkdim=231 maxerr=2.74E-08 time=1.851
After sweep 7 energy=-5.9814973  maxlinkdim=224 maxerr=1.35E-09 time=1.792
After sweep 8 energy=-5.992038  maxlinkdim=214 maxerr=1.99E-07 time=1.802
After sweep 9 energy=-5.9995756  maxlinkdim=246 maxerr=7.34E-10 time=1.726
After sweep 10 energy=-6.005634  maxlinkdim=250 maxerr=1.24E-09 time=1.842
After sweep 11 energy=-6.0104933  maxlinkdim=192 maxerr=1.45E-07 time=1.921
After sweep 12 energy=-6.0135603  maxlinkdim=287 maxerr=1.20E-09 time=1.895
After sweep 13 energy=-6.0162477  maxlinkdim=243 maxerr=2.03E-09 time=2.034
After sweep 14 energy=-6.018114  maxlinkdim=282 maxerr=7.46E-08 time=2.084
After sweep 15 energy=-6.019829  maxlinkdim=239 maxerr=7.47E-10 time=2.232
After sweep 16 energy=-6.021248  maxlinkdim=261 maxerr=1.09E-09 time=2.370
After sweep 17 energy=-6.022062  maxlinkdim=280 maxerr=3.37E-08 time=2.425
After sweep 18 energy=-6.0226154  maxlinkdim=300 maxerr=4.40E-10 time=2.554
After sweep 19 energy=-6.0229807  maxlinkdim=239 maxerr=4.88E-10 time=2.601
After sweep 20 energy=-6.0232534  maxlinkdim=258 maxerr=8.67E-10 time=2.729
After sweep 21 energy=-6.0234885  maxlinkdim=300 maxerr=1.42E-07 time=2.984
After sweep 22 energy=-6.023625  maxlinkdim=270 maxerr=4.79E-08 time=3.074
After sweep 23 energy=-6.023724  maxlinkdim=300 maxerr=1.19E-07 time=3.446
After sweep 24 energy=-6.023796  maxlinkdim=300 maxerr=1.15E-07 time=3.691
After sweep 25 energy=-6.023809  maxlinkdim=300 maxerr=1.19E-09 time=3.838
After sweep 26 energy=-6.0237956  maxlinkdim=300 maxerr=1.04E-07 time=4.023
After sweep 27 energy=-6.023782  maxlinkdim=300 maxerr=1.23E-09 time=4.144
After sweep 28 energy=-6.023793  maxlinkdim=300 maxerr=1.51E-07 time=4.158
After sweep 29 energy=-6.0238104  maxlinkdim=300 maxerr=4.76E-10 time=4.142
After sweep 30 energy=-6.0237927  maxlinkdim=300 maxerr=7.13E-10 time=4.118
Same mu: -2.6532001135405214 and continuing
Target density achieved with mu=-2.6532001135405214, n=0.4999974
Checking {alpha,beta} vs measured
Beta not converged.
NOT CONVERGED; updating alpha, beta and continuing...
After sweep 1 energy=-4.6723757  maxlinkdim=16 maxerr=3.62E-07 time=0.556
After sweep 2 energy=-5.777643  maxlinkdim=176 maxerr=1.35E-07 time=1.186
After sweep 3 energy=-5.8643336  maxlinkdim=190 maxerr=6.21E-08 time=1.895
After sweep 4 energy=-5.912414  maxlinkdim=206 maxerr=1.83E-07 time=1.927
After sweep 5 energy=-5.9413924  maxlinkdim=186 maxerr=1.55E-09 time=1.804
After sweep 6 energy=-5.963791  maxlinkdim=210 maxerr=2.32E-07 time=1.769
After sweep 7 energy=-5.979281  maxlinkdim=180 maxerr=1.38E-08 time=1.716
After sweep 8 energy=-5.9909477  maxlinkdim=186 maxerr=9.72E-08 time=1.721
After sweep 9 energy=-5.9990015  maxlinkdim=203 maxerr=3.12E-08 time=1.743
After sweep 10 energy=-6.005273  maxlinkdim=194 maxerr=3.57E-10 time=1.794
After sweep 11 energy=-6.009668  maxlinkdim=216 maxerr=1.99E-09 time=1.862
After sweep 12 energy=-6.0128813  maxlinkdim=220 maxerr=1.01E-07 time=1.891
After sweep 13 energy=-6.0159903  maxlinkdim=237 maxerr=9.76E-08 time=2.040
After sweep 14 energy=-6.018407  maxlinkdim=229 maxerr=4.93E-08 time=2.215
After sweep 15 energy=-6.019885  maxlinkdim=236 maxerr=2.22E-07 time=2.231
After sweep 16 energy=-6.0210543  maxlinkdim=232 maxerr=9.67E-10 time=2.348
After sweep 17 energy=-6.0218363  maxlinkdim=246 maxerr=7.97E-10 time=2.364
After sweep 18 energy=-6.0225153  maxlinkdim=247 maxerr=1.33E-07 time=2.531
After sweep 19 energy=-6.022935  maxlinkdim=240 maxerr=9.62E-08 time=2.693
After sweep 20 energy=-6.0232005  maxlinkdim=257 maxerr=3.95E-08 time=2.738
After sweep 21 energy=-6.0234613  maxlinkdim=300 maxerr=1.69E-07 time=2.938
After sweep 22 energy=-6.0236063  maxlinkdim=293 maxerr=4.88E-08 time=3.149
After sweep 23 energy=-6.023734  maxlinkdim=300 maxerr=6.58E-09 time=3.385
After sweep 24 energy=-6.0237885  maxlinkdim=300 maxerr=8.56E-10 time=3.593
After sweep 25 energy=-6.0238028  maxlinkdim=300 maxerr=2.14E-08 time=3.810
After sweep 26 energy=-6.0237794  maxlinkdim=300 maxerr=3.65E-08 time=4.004
After sweep 27 energy=-6.0238037  maxlinkdim=300 maxerr=2.88E-08 time=4.153
After sweep 28 energy=-6.0238085  maxlinkdim=300 maxerr=1.66E-08 time=4.147
After sweep 29 energy=-6.023799  maxlinkdim=300 maxerr=2.16E-08 time=4.126
After sweep 30 energy=-6.023782  maxlinkdim=300 maxerr=2.42E-07 time=4.125
Same mu: -2.6532001135405214 and continuing
Target density achieved with mu=-2.6532001135405214, n=0.49999833
Checking {alpha,beta} vs measured
Beta not converged.
NOT CONVERGED; updating alpha, beta and continuing...
After sweep 1 energy=-4.6768847  maxlinkdim=16 maxerr=3.38E-07 time=0.622
After sweep 2 energy=-5.790945  maxlinkdim=183 maxerr=1.10E-08 time=1.501
After sweep 3 energy=-5.874984  maxlinkdim=202 maxerr=2.66E-09 time=2.060
After sweep 4 energy=-5.921405  maxlinkdim=239 maxerr=1.89E-09 time=2.012
After sweep 5 energy=-5.947652  maxlinkdim=203 maxerr=1.04E-07 time=1.912
After sweep 6 energy=-5.967602  maxlinkdim=264 maxerr=1.42E-07 time=1.831
After sweep 7 energy=-5.9835005  maxlinkdim=173 maxerr=7.80E-08 time=1.765
After sweep 8 energy=-5.9937725  maxlinkdim=211 maxerr=5.38E-08 time=1.761
After sweep 9 energy=-6.0009785  maxlinkdim=267 maxerr=9.59E-10 time=1.730
After sweep 10 energy=-6.0072627  maxlinkdim=211 maxerr=5.62E-10 time=1.873
After sweep 11 energy=-6.0113854  maxlinkdim=217 maxerr=2.75E-08 time=1.835
After sweep 12 energy=-6.014749  maxlinkdim=300 maxerr=5.92E-10 time=1.950
After sweep 13 energy=-6.01711  maxlinkdim=286 maxerr=6.61E-08 time=2.026
After sweep 14 energy=-6.018702  maxlinkdim=255 maxerr=7.67E-08 time=2.057
After sweep 15 energy=-6.0204287  maxlinkdim=238 maxerr=1.39E-07 time=2.201
After sweep 16 energy=-6.021456  maxlinkdim=240 maxerr=2.91E-10 time=2.397
After sweep 17 energy=-6.022073  maxlinkdim=229 maxerr=2.40E-07 time=2.354
After sweep 18 energy=-6.0225415  maxlinkdim=255 maxerr=9.57E-10 time=2.479
After sweep 19 energy=-6.022928  maxlinkdim=300 maxerr=6.59E-08 time=2.603
After sweep 20 energy=-6.023311  maxlinkdim=300 maxerr=9.20E-08 time=2.906
After sweep 21 energy=-6.023603  maxlinkdim=300 maxerr=1.31E-07 time=3.204
After sweep 22 energy=-6.023685  maxlinkdim=300 maxerr=6.84E-08 time=3.441
After sweep 23 energy=-6.023786  maxlinkdim=300 maxerr=3.32E-10 time=3.618
After sweep 24 energy=-6.0237913  maxlinkdim=300 maxerr=2.36E-07 time=3.755
After sweep 25 energy=-6.0237865  maxlinkdim=300 maxerr=7.89E-10 time=3.951
After sweep 26 energy=-6.023815  maxlinkdim=300 maxerr=1.07E-09 time=4.112
After sweep 27 energy=-6.0237856  maxlinkdim=300 maxerr=7.00E-08 time=4.174
After sweep 28 energy=-6.023799  maxlinkdim=300 maxerr=5.06E-10 time=4.157
After sweep 29 energy=-6.0237865  maxlinkdim=300 maxerr=1.04E-07 time=4.137
After sweep 30 energy=-6.023826  maxlinkdim=300 maxerr=5.91E-08 time=4.125
Same mu: -2.6532001135405214 and continuing
Target density achieved with mu=-2.6532001135405214, n=0.4999999
Checking {alpha,beta} vs measured
Beta not converged.
NOT CONVERGED; updating alpha, beta and continuing...
After sweep 1 energy=-4.686971  maxlinkdim=16 maxerr=2.92E-07 time=0.561
After sweep 2 energy=-5.79448  maxlinkdim=186 maxerr=1.20E-07 time=1.255
After sweep 3 energy=-5.8779387  maxlinkdim=195 maxerr=6.38E-10 time=2.051
After sweep 4 energy=-5.9217267  maxlinkdim=204 maxerr=6.93E-10 time=1.949
After sweep 5 energy=-5.949705  maxlinkdim=229 maxerr=7.90E-10 time=1.870
After sweep 6 energy=-5.9694233  maxlinkdim=218 maxerr=9.60E-10 time=1.803
After sweep 7 energy=-5.984007  maxlinkdim=189 maxerr=1.92E-08 time=1.788
After sweep 8 energy=-5.9944243  maxlinkdim=230 maxerr=1.80E-08 time=1.789
After sweep 9 energy=-6.0016556  maxlinkdim=225 maxerr=8.52E-10 time=1.821
After sweep 10 energy=-6.0083594  maxlinkdim=268 maxerr=1.52E-07 time=1.960
After sweep 11 energy=-6.0121326  maxlinkdim=286 maxerr=8.14E-10 time=1.976
After sweep 12 energy=-6.014836  maxlinkdim=240 maxerr=9.99E-11 time=1.981
After sweep 13 energy=-6.017663  maxlinkdim=248 maxerr=6.68E-08 time=2.162
After sweep 14 energy=-6.0193367  maxlinkdim=256 maxerr=2.56E-08 time=2.203
After sweep 15 energy=-6.0206156  maxlinkdim=232 maxerr=7.65E-10 time=2.334
After sweep 16 energy=-6.0216002  maxlinkdim=257 maxerr=8.34E-08 time=2.434
After sweep 17 energy=-6.0222073  maxlinkdim=245 maxerr=2.48E-07 time=2.508
After sweep 18 energy=-6.0228014  maxlinkdim=300 maxerr=8.10E-10 time=2.743
After sweep 19 energy=-6.023196  maxlinkdim=262 maxerr=8.67E-08 time=2.886
After sweep 20 energy=-6.0234146  maxlinkdim=300 maxerr=4.24E-10 time=2.956
After sweep 21 energy=-6.0236115  maxlinkdim=300 maxerr=3.94E-10 time=3.125
After sweep 22 energy=-6.023722  maxlinkdim=300 maxerr=1.09E-07 time=3.273
After sweep 23 energy=-6.0237575  maxlinkdim=300 maxerr=4.86E-10 time=3.443
After sweep 24 energy=-6.023781  maxlinkdim=300 maxerr=4.41E-08 time=3.661
After sweep 25 energy=-6.023821  maxlinkdim=300 maxerr=1.62E-07 time=3.894
After sweep 26 energy=-6.0238132  maxlinkdim=300 maxerr=1.47E-07 time=4.077
After sweep 27 energy=-6.0238028  maxlinkdim=300 maxerr=2.90E-08 time=4.163
After sweep 28 energy=-6.0237794  maxlinkdim=300 maxerr=1.30E-07 time=4.152
After sweep 29 energy=-6.0238075  maxlinkdim=300 maxerr=4.99E-10 time=4.135
After sweep 30 energy=-6.0238085  maxlinkdim=300 maxerr=1.04E-09 time=4.122
Same mu: -2.6532001135405214 and continuing
Target density achieved with mu=-2.6532001135405214, n=0.4999982
Checking {alpha,beta} vs measured
Beta not converged.
NOT CONVERGED; updating alpha, beta and continuing...
After sweep 1 energy=-4.6848164  maxlinkdim=16 maxerr=2.08E-07 time=0.538
After sweep 2 energy=-5.7847433  maxlinkdim=188 maxerr=5.89E-08 time=1.259
After sweep 3 energy=-5.8675365  maxlinkdim=175 maxerr=2.39E-09 time=1.929
After sweep 4 energy=-5.915356  maxlinkdim=217 maxerr=3.19E-08 time=1.866
After sweep 5 energy=-5.9435678  maxlinkdim=181 maxerr=1.07E-07 time=1.833
After sweep 6 energy=-5.9659023  maxlinkdim=217 maxerr=7.22E-08 time=1.798
After sweep 7 energy=-5.981126  maxlinkdim=199 maxerr=7.62E-10 time=1.781
After sweep 8 energy=-5.9914374  maxlinkdim=240 maxerr=1.91E-07 time=1.794
After sweep 9 energy=-5.999224  maxlinkdim=247 maxerr=2.43E-08 time=1.773
After sweep 10 energy=-6.005511  maxlinkdim=212 maxerr=1.21E-07 time=1.875
After sweep 11 energy=-6.0100727  maxlinkdim=203 maxerr=1.23E-07 time=1.927
After sweep 12 energy=-6.013176  maxlinkdim=253 maxerr=1.82E-07 time=1.941
After sweep 13 energy=-6.0160017  maxlinkdim=243 maxerr=1.10E-07 time=2.064
After sweep 14 energy=-6.0183806  maxlinkdim=228 maxerr=7.60E-08 time=2.231
After sweep 15 energy=-6.0198355  maxlinkdim=299 maxerr=6.81E-10 time=2.263
After sweep 16 energy=-6.0209417  maxlinkdim=225 maxerr=9.05E-09 time=2.305
After sweep 17 energy=-6.0217705  maxlinkdim=235 maxerr=4.94E-10 time=2.387
After sweep 18 energy=-6.0223484  maxlinkdim=274 maxerr=1.04E-07 time=2.511
After sweep 19 energy=-6.0228653  maxlinkdim=260 maxerr=5.39E-08 time=2.737
After sweep 20 energy=-6.0232506  maxlinkdim=260 maxerr=9.03E-08 time=2.875
After sweep 21 energy=-6.023484  maxlinkdim=272 maxerr=7.50E-10 time=2.998
After sweep 22 energy=-6.023657  maxlinkdim=297 maxerr=1.10E-07 time=3.205
After sweep 23 energy=-6.0237007  maxlinkdim=282 maxerr=5.72E-10 time=3.326
After sweep 24 energy=-6.023776  maxlinkdim=300 maxerr=1.17E-09 time=3.623
After sweep 25 energy=-6.023794  maxlinkdim=300 maxerr=2.52E-07 time=3.847
After sweep 26 energy=-6.023773  maxlinkdim=300 maxerr=3.58E-10 time=4.050
After sweep 27 energy=-6.0237856  maxlinkdim=300 maxerr=1.41E-07 time=4.165
After sweep 28 energy=-6.0238037  maxlinkdim=300 maxerr=7.17E-08 time=4.162
After sweep 29 energy=-6.0237947  maxlinkdim=300 maxerr=2.13E-07 time=4.120
After sweep 30 energy=-6.0238323  maxlinkdim=300 maxerr=8.60E-10 time=4.119
Same mu: -2.6532001135405214 and continuing
Target density achieved with mu=-2.6532001135405214, n=0.49999988
Checking {alpha,beta} vs measured
Beta not converged.
NOT CONVERGED; updating alpha, beta and continuing...
After sweep 1 energy=-4.68133  maxlinkdim=16 maxerr=3.37E-07 time=0.623
After sweep 2 energy=-5.781163  maxlinkdim=182 maxerr=1.52E-07 time=1.500
After sweep 3 energy=-5.8673124  maxlinkdim=193 maxerr=1.97E-09 time=1.983
After sweep 4 energy=-5.9160075  maxlinkdim=234 maxerr=9.53E-10 time=1.958
After sweep 5 energy=-5.9445148  maxlinkdim=192 maxerr=1.53E-07 time=1.900
After sweep 6 energy=-5.966461  maxlinkdim=255 maxerr=6.12E-08 time=1.819
After sweep 7 energy=-5.981552  maxlinkdim=190 maxerr=2.50E-07 time=1.783
After sweep 8 energy=-5.9921293  maxlinkdim=200 maxerr=5.65E-08 time=1.775
After sweep 9 energy=-5.999503  maxlinkdim=190 maxerr=5.74E-09 time=1.723
After sweep 10 energy=-6.00523  maxlinkdim=182 maxerr=1.06E-07 time=1.792
After sweep 11 energy=-6.009446  maxlinkdim=205 maxerr=2.25E-07 time=1.813
After sweep 12 energy=-6.0127435  maxlinkdim=206 maxerr=1.27E-09 time=1.877
After sweep 13 energy=-6.0162992  maxlinkdim=212 maxerr=3.38E-08 time=2.066
After sweep 14 energy=-6.0182  maxlinkdim=237 maxerr=2.09E-07 time=2.115
After sweep 15 energy=-6.0200443  maxlinkdim=300 maxerr=2.91E-10 time=2.275
After sweep 16 energy=-6.021283  maxlinkdim=265 maxerr=2.76E-10 time=2.454
After sweep 17 energy=-6.021989  maxlinkdim=256 maxerr=2.95E-09 time=2.434
After sweep 18 energy=-6.0225906  maxlinkdim=300 maxerr=3.63E-10 time=2.606
After sweep 19 energy=-6.023027  maxlinkdim=280 maxerr=7.11E-08 time=2.796
After sweep 20 energy=-6.0233116  maxlinkdim=300 maxerr=4.07E-08 time=2.872
After sweep 21 energy=-6.0234933  maxlinkdim=300 maxerr=1.18E-07 time=2.950
After sweep 22 energy=-6.0236483  maxlinkdim=292 maxerr=8.17E-08 time=3.236
After sweep 23 energy=-6.023702  maxlinkdim=300 maxerr=1.18E-09 time=3.248
After sweep 24 energy=-6.0237713  maxlinkdim=300 maxerr=7.13E-10 time=3.494
After sweep 25 energy=-6.0237865  maxlinkdim=300 maxerr=1.01E-09 time=3.758
After sweep 26 energy=-6.0238147  maxlinkdim=300 maxerr=5.90E-08 time=4.014
After sweep 27 energy=-6.0238113  maxlinkdim=300 maxerr=7.56E-10 time=4.146
After sweep 28 energy=-6.0238056  maxlinkdim=300 maxerr=1.79E-07 time=4.182
After sweep 29 energy=-6.0238113  maxlinkdim=300 maxerr=9.62E-08 time=4.144
After sweep 30 energy=-6.023798  maxlinkdim=300 maxerr=2.00E-07 time=4.132
Same mu: -2.6532001135405214 and continuing
Target density achieved with mu=-2.6532001135405214, n=0.49999738
Checking {alpha,beta} vs measured
Beta not converged.
NOT CONVERGED; updating alpha, beta and continuing...
After sweep 1 energy=-4.6891975  maxlinkdim=16 maxerr=2.95E-07 time=0.553
After sweep 2 energy=-5.7883053  maxlinkdim=182 maxerr=1.77E-07 time=1.265
After sweep 3 energy=-5.8731465  maxlinkdim=201 maxerr=4.31E-08 time=1.991
After sweep 4 energy=-5.918902  maxlinkdim=209 maxerr=2.58E-08 time=1.963
After sweep 5 energy=-5.94579  maxlinkdim=193 maxerr=7.62E-10 time=1.865
After sweep 6 energy=-5.966681  maxlinkdim=223 maxerr=1.07E-07 time=1.801
After sweep 7 energy=-5.98206  maxlinkdim=250 maxerr=1.10E-07 time=1.797
After sweep 8 energy=-5.992606  maxlinkdim=219 maxerr=1.22E-09 time=1.815
After sweep 9 energy=-6.0003095  maxlinkdim=184 maxerr=8.28E-08 time=1.747
After sweep 10 energy=-6.0070543  maxlinkdim=194 maxerr=3.09E-08 time=1.832
After sweep 11 energy=-6.011021  maxlinkdim=201 maxerr=3.86E-08 time=1.880
After sweep 12 energy=-6.014306  maxlinkdim=215 maxerr=6.21E-08 time=1.932
After sweep 13 energy=-6.0171595  maxlinkdim=210 maxerr=5.43E-08 time=2.048
After sweep 14 energy=-6.0188417  maxlinkdim=218 maxerr=9.98E-11 time=2.056
After sweep 15 energy=-6.0203805  maxlinkdim=233 maxerr=8.95E-10 time=2.229
After sweep 16 energy=-6.021446  maxlinkdim=221 maxerr=5.16E-10 time=2.332
After sweep 17 energy=-6.0220966  maxlinkdim=249 maxerr=3.31E-08 time=2.367
After sweep 18 energy=-6.022664  maxlinkdim=300 maxerr=1.06E-09 time=2.548
After sweep 19 energy=-6.023054  maxlinkdim=277 maxerr=7.06E-10 time=2.713
After sweep 20 energy=-6.023368  maxlinkdim=295 maxerr=5.41E-09 time=2.877
After sweep 21 energy=-6.0235567  maxlinkdim=300 maxerr=1.95E-07 time=3.118
After sweep 22 energy=-6.023654  maxlinkdim=300 maxerr=1.63E-08 time=3.316
After sweep 23 energy=-6.0237484  maxlinkdim=300 maxerr=9.18E-08 time=3.490
After sweep 24 energy=-6.0237894  maxlinkdim=300 maxerr=5.59E-08 time=3.639
After sweep 25 energy=-6.0238104  maxlinkdim=300 maxerr=1.08E-07 time=3.879
After sweep 26 energy=-6.0237837  maxlinkdim=300 maxerr=7.42E-08 time=4.085
After sweep 27 energy=-6.0237865  maxlinkdim=300 maxerr=5.95E-08 time=4.144
After sweep 28 energy=-6.0238  maxlinkdim=300 maxerr=4.55E-08 time=4.172
After sweep 29 energy=-6.023811  maxlinkdim=300 maxerr=5.22E-10 time=4.129
After sweep 30 energy=-6.0238104  maxlinkdim=300 maxerr=1.43E-07 time=4.139
Same mu: -2.6532001135405214 and continuing
Target density achieved with mu=-2.6532001135405214, n=0.4999988
Checking {alpha,beta} vs measured
Beta not converged.
NOT CONVERGED; updating alpha, beta and continuing...
After sweep 1 energy=-4.6690474  maxlinkdim=16 maxerr=2.04E-07 time=0.583
After sweep 2 energy=-5.77905  maxlinkdim=171 maxerr=2.70E-08 time=1.171
After sweep 3 energy=-5.8666954  maxlinkdim=200 maxerr=4.22E-08 time=2.010
After sweep 4 energy=-5.915402  maxlinkdim=270 maxerr=3.13E-09 time=1.960
After sweep 5 energy=-5.9440455  maxlinkdim=217 maxerr=1.03E-07 time=1.900
After sweep 6 energy=-5.965692  maxlinkdim=231 maxerr=1.48E-07 time=1.851
After sweep 7 energy=-5.9806337  maxlinkdim=217 maxerr=8.30E-10 time=1.796
After sweep 8 energy=-5.991312  maxlinkdim=209 maxerr=1.50E-09 time=1.770
After sweep 9 energy=-5.999405  maxlinkdim=248 maxerr=2.75E-07 time=1.854
After sweep 10 energy=-6.005371  maxlinkdim=230 maxerr=1.93E-07 time=1.864
After sweep 11 energy=-6.0099382  maxlinkdim=252 maxerr=6.53E-10 time=1.968
After sweep 12 energy=-6.012946  maxlinkdim=250 maxerr=3.73E-09 time=1.980
After sweep 13 energy=-6.0159283  maxlinkdim=266 maxerr=8.15E-08 time=2.085
After sweep 14 energy=-6.01865  maxlinkdim=233 maxerr=7.23E-10 time=2.262
After sweep 15 energy=-6.020101  maxlinkdim=256 maxerr=8.04E-08 time=2.313
After sweep 16 energy=-6.0210752  maxlinkdim=230 maxerr=4.53E-08 time=2.338
After sweep 17 energy=-6.021784  maxlinkdim=273 maxerr=6.79E-10 time=2.376
After sweep 18 energy=-6.0224524  maxlinkdim=282 maxerr=1.59E-07 time=2.541
After sweep 19 energy=-6.022889  maxlinkdim=278 maxerr=1.02E-09 time=2.629
After sweep 20 energy=-6.0231705  maxlinkdim=273 maxerr=1.94E-08 time=2.799
After sweep 21 energy=-6.0233955  maxlinkdim=284 maxerr=1.78E-07 time=2.924
After sweep 22 energy=-6.023614  maxlinkdim=300 maxerr=2.85E-07 time=3.182
After sweep 23 energy=-6.023705  maxlinkdim=297 maxerr=2.04E-07 time=3.358
After sweep 24 energy=-6.023753  maxlinkdim=296 maxerr=1.12E-09 time=3.461
After sweep 25 energy=-6.023786  maxlinkdim=300 maxerr=1.39E-07 time=3.694
After sweep 26 energy=-6.023782  maxlinkdim=300 maxerr=5.32E-08 time=3.936
After sweep 27 energy=-6.0237846  maxlinkdim=300 maxerr=2.12E-07 time=4.097
After sweep 28 energy=-6.0237846  maxlinkdim=300 maxerr=9.17E-10 time=4.167
After sweep 29 energy=-6.023778  maxlinkdim=300 maxerr=2.40E-08 time=4.139
After sweep 30 energy=-6.023781  maxlinkdim=300 maxerr=4.96E-10 time=4.122
Same mu: -2.6532001135405214 and continuing
Target density achieved with mu=-2.6532001135405214, n=0.49999687
Checking {alpha,beta} vs measured
Beta not converged.
NOT CONVERGED; updating alpha, beta and continuing...
After sweep 1 energy=-4.6791434  maxlinkdim=16 maxerr=4.00E-07 time=0.849
After sweep 2 energy=-5.7905564  maxlinkdim=180 maxerr=4.88E-07 time=1.179
After sweep 3 energy=-5.874486  maxlinkdim=196 maxerr=4.20E-08 time=2.065
After sweep 4 energy=-5.917845  maxlinkdim=204 maxerr=1.13E-07 time=1.921
After sweep 5 energy=-5.945826  maxlinkdim=209 maxerr=3.29E-08 time=1.884
After sweep 6 energy=-5.96718  maxlinkdim=231 maxerr=1.68E-09 time=1.799
After sweep 7 energy=-5.9837427  maxlinkdim=217 maxerr=9.39E-08 time=1.824
After sweep 8 energy=-5.9941425  maxlinkdim=190 maxerr=3.51E-08 time=1.840
After sweep 9 energy=-6.00142  maxlinkdim=231 maxerr=1.33E-09 time=1.751
After sweep 10 energy=-6.007216  maxlinkdim=206 maxerr=9.32E-09 time=1.889
After sweep 11 energy=-6.0109873  maxlinkdim=222 maxerr=4.72E-08 time=1.900
After sweep 12 energy=-6.0138927  maxlinkdim=300 maxerr=1.73E-09 time=1.909
After sweep 13 energy=-6.016582  maxlinkdim=222 maxerr=3.62E-08 time=2.044
After sweep 14 energy=-6.0184608  maxlinkdim=245 maxerr=1.80E-09 time=2.147
After sweep 15 energy=-6.0198517  maxlinkdim=236 maxerr=6.31E-10 time=2.189
After sweep 16 energy=-6.0209966  maxlinkdim=273 maxerr=7.24E-10 time=2.333
After sweep 17 energy=-6.021752  maxlinkdim=283 maxerr=7.43E-08 time=2.408
After sweep 18 energy=-6.0225186  maxlinkdim=277 maxerr=2.41E-08 time=2.606
After sweep 19 energy=-6.0231123  maxlinkdim=282 maxerr=5.71E-08 time=2.855
After sweep 20 energy=-6.0233593  maxlinkdim=277 maxerr=2.57E-07 time=2.939
After sweep 21 energy=-6.0235605  maxlinkdim=272 maxerr=5.56E-08 time=3.049
After sweep 22 energy=-6.0236692  maxlinkdim=293 maxerr=4.11E-08 time=3.157
After sweep 23 energy=-6.023719  maxlinkdim=300 maxerr=5.18E-08 time=3.385
After sweep 24 energy=-6.023774  maxlinkdim=300 maxerr=1.06E-07 time=3.656
After sweep 25 energy=-6.0237775  maxlinkdim=300 maxerr=5.68E-08 time=3.880
After sweep 26 energy=-6.023799  maxlinkdim=300 maxerr=1.66E-09 time=4.081
After sweep 27 energy=-6.023797  maxlinkdim=300 maxerr=8.12E-08 time=4.165
After sweep 28 energy=-6.023794  maxlinkdim=300 maxerr=1.44E-09 time=4.177
After sweep 29 energy=-6.023812  maxlinkdim=300 maxerr=8.20E-08 time=4.149
After sweep 30 energy=-6.0237894  maxlinkdim=300 maxerr=6.26E-08 time=4.143
Same mu: -2.6532001135405214 and continuing
Target density achieved with mu=-2.6532001135405214, n=0.49999696
Checking {alpha,beta} vs measured
Beta not converged.
NOT CONVERGED; updating alpha, beta and continuing...
After sweep 1 energy=-4.6770096  maxlinkdim=16 maxerr=2.48E-07 time=0.555
After sweep 2 energy=-5.785768  maxlinkdim=178 maxerr=2.51E-08 time=1.242
After sweep 3 energy=-5.870362  maxlinkdim=193 maxerr=1.71E-09 time=1.985
After sweep 4 energy=-5.916682  maxlinkdim=214 maxerr=1.14E-08 time=1.926
After sweep 5 energy=-5.9438753  maxlinkdim=209 maxerr=7.79E-08 time=1.879
After sweep 6 energy=-5.9643083  maxlinkdim=236 maxerr=4.38E-08 time=1.786
After sweep 7 energy=-5.979562  maxlinkdim=198 maxerr=3.60E-09 time=1.714
After sweep 8 energy=-5.9919086  maxlinkdim=270 maxerr=1.91E-09 time=1.803
After sweep 9 energy=-5.999563  maxlinkdim=262 maxerr=1.58E-07 time=1.793
After sweep 10 energy=-6.0055814  maxlinkdim=198 maxerr=7.60E-10 time=1.857
After sweep 11 energy=-6.009876  maxlinkdim=215 maxerr=9.23E-08 time=1.907
After sweep 12 energy=-6.013166  maxlinkdim=205 maxerr=3.07E-08 time=1.945
After sweep 13 energy=-6.016777  maxlinkdim=226 maxerr=1.26E-08 time=2.079
After sweep 14 energy=-6.0185323  maxlinkdim=248 maxerr=6.76E-10 time=2.102
After sweep 15 energy=-6.020027  maxlinkdim=244 maxerr=8.60E-10 time=2.228
After sweep 16 energy=-6.0212927  maxlinkdim=242 maxerr=4.27E-08 time=2.386
After sweep 17 energy=-6.0220537  maxlinkdim=230 maxerr=1.31E-07 time=2.438
After sweep 18 energy=-6.022581  maxlinkdim=263 maxerr=8.87E-10 time=2.552
After sweep 19 energy=-6.0230274  maxlinkdim=300 maxerr=1.08E-09 time=2.772
After sweep 20 energy=-6.0234165  maxlinkdim=280 maxerr=3.88E-10 time=3.016
After sweep 21 energy=-6.0235615  maxlinkdim=300 maxerr=5.27E-08 time=3.055
After sweep 22 energy=-6.023672  maxlinkdim=300 maxerr=3.41E-08 time=3.246
After sweep 23 energy=-6.023769  maxlinkdim=300 maxerr=3.67E-08 time=3.431
After sweep 24 energy=-6.0237937  maxlinkdim=300 maxerr=7.87E-10 time=3.639
After sweep 25 energy=-6.023799  maxlinkdim=300 maxerr=1.23E-07 time=3.901
After sweep 26 energy=-6.023797  maxlinkdim=300 maxerr=1.28E-09 time=4.082
After sweep 27 energy=-6.023798  maxlinkdim=300 maxerr=6.51E-08 time=4.153
After sweep 28 energy=-6.023786  maxlinkdim=300 maxerr=1.52E-07 time=4.155
After sweep 29 energy=-6.023846  maxlinkdim=300 maxerr=1.16E-09 time=4.131
After sweep 30 energy=-6.0237975  maxlinkdim=300 maxerr=4.60E-10 time=4.122
Same mu: -2.6532001135405214 and continuing
Target density achieved with mu=-2.6532001135405214, n=0.49999833
Checking {alpha,beta} vs measured
Beta not converged.
NOT CONVERGED; updating alpha, beta and continuing...
After sweep 1 energy=-4.680908  maxlinkdim=16 maxerr=3.65E-07 time=0.593
After sweep 2 energy=-5.7907553  maxlinkdim=176 maxerr=1.14E-08 time=1.175
After sweep 3 energy=-5.874882  maxlinkdim=188 maxerr=2.33E-07 time=1.996
After sweep 4 energy=-5.920521  maxlinkdim=229 maxerr=1.31E-07 time=1.946
After sweep 5 energy=-5.9474654  maxlinkdim=208 maxerr=1.48E-07 time=1.851
After sweep 6 energy=-5.967942  maxlinkdim=251 maxerr=4.53E-10 time=1.796
After sweep 7 energy=-5.984346  maxlinkdim=207 maxerr=1.42E-09 time=1.809
After sweep 8 energy=-5.994922  maxlinkdim=225 maxerr=1.19E-07 time=1.865
After sweep 9 energy=-6.001836  maxlinkdim=259 maxerr=1.65E-08 time=1.827
After sweep 10 energy=-6.0072103  maxlinkdim=216 maxerr=6.76E-10 time=1.865
After sweep 11 energy=-6.011123  maxlinkdim=229 maxerr=5.93E-08 time=1.899
After sweep 12 energy=-6.014089  maxlinkdim=250 maxerr=1.05E-07 time=1.960
After sweep 13 energy=-6.0168977  maxlinkdim=254 maxerr=2.20E-07 time=2.134
After sweep 14 energy=-6.018802  maxlinkdim=263 maxerr=8.15E-08 time=2.256
After sweep 15 energy=-6.020184  maxlinkdim=300 maxerr=1.65E-09 time=2.310
After sweep 16 energy=-6.021454  maxlinkdim=270 maxerr=9.86E-10 time=2.525
After sweep 17 energy=-6.022161  maxlinkdim=248 maxerr=5.58E-10 time=2.543
After sweep 18 energy=-6.0226984  maxlinkdim=242 maxerr=1.01E-07 time=2.597
After sweep 19 energy=-6.0230513  maxlinkdim=297 maxerr=1.60E-07 time=2.717
After sweep 20 energy=-6.0233774  maxlinkdim=289 maxerr=1.84E-07 time=2.903
After sweep 21 energy=-6.023552  maxlinkdim=300 maxerr=6.35E-10 time=3.009
After sweep 22 energy=-6.023658  maxlinkdim=300 maxerr=2.09E-07 time=3.113
After sweep 23 energy=-6.0237637  maxlinkdim=300 maxerr=1.08E-07 time=3.393
After sweep 24 energy=-6.0237837  maxlinkdim=300 maxerr=1.98E-07 time=3.705
After sweep 25 energy=-6.0237865  maxlinkdim=300 maxerr=4.29E-08 time=3.901
After sweep 26 energy=-6.023808  maxlinkdim=300 maxerr=1.98E-07 time=4.062
After sweep 27 energy=-6.023816  maxlinkdim=300 maxerr=6.59E-08 time=4.159
After sweep 28 energy=-6.0238013  maxlinkdim=300 maxerr=1.34E-07 time=4.144
After sweep 29 energy=-6.0238237  maxlinkdim=300 maxerr=5.05E-10 time=4.135
After sweep 30 energy=-6.0238  maxlinkdim=300 maxerr=1.88E-09 time=4.135
Same mu: -2.6532001135405214 and continuing
Target density achieved with mu=-2.6532001135405214, n=0.49999756
Checking {alpha,beta} vs measured
Beta not converged.
NOT CONVERGED; updating alpha, beta and continuing...
After sweep 1 energy=-4.6787643  maxlinkdim=16 maxerr=3.34E-07 time=0.842
After sweep 2 energy=-5.792125  maxlinkdim=182 maxerr=1.47E-08 time=1.182
After sweep 3 energy=-5.875897  maxlinkdim=205 maxerr=3.16E-07 time=2.078
After sweep 4 energy=-5.9213357  maxlinkdim=224 maxerr=1.71E-07 time=2.004
After sweep 5 energy=-5.948114  maxlinkdim=203 maxerr=1.75E-07 time=1.897
After sweep 6 energy=-5.968316  maxlinkdim=242 maxerr=2.46E-09 time=1.815
After sweep 7 energy=-5.9842405  maxlinkdim=250 maxerr=1.69E-09 time=1.823
After sweep 8 energy=-5.9944143  maxlinkdim=247 maxerr=2.22E-09 time=1.821
After sweep 9 energy=-6.001977  maxlinkdim=244 maxerr=4.06E-08 time=1.830
After sweep 10 energy=-6.0083747  maxlinkdim=228 maxerr=3.97E-08 time=1.944
After sweep 11 energy=-6.0119696  maxlinkdim=230 maxerr=8.66E-08 time=1.946
After sweep 12 energy=-6.014721  maxlinkdim=258 maxerr=1.98E-08 time=1.994
After sweep 13 energy=-6.017141  maxlinkdim=267 maxerr=1.30E-09 time=2.165
After sweep 14 energy=-6.019009  maxlinkdim=227 maxerr=7.62E-10 time=2.211
After sweep 15 energy=-6.020256  maxlinkdim=234 maxerr=9.78E-08 time=2.227
After sweep 16 energy=-6.0211663  maxlinkdim=221 maxerr=1.31E-07 time=2.273
After sweep 17 energy=-6.021864  maxlinkdim=238 maxerr=3.82E-08 time=2.358
After sweep 18 energy=-6.0225177  maxlinkdim=254 maxerr=6.54E-10 time=2.558
After sweep 19 energy=-6.022926  maxlinkdim=232 maxerr=1.38E-07 time=2.628
After sweep 20 energy=-6.0232096  maxlinkdim=273 maxerr=3.48E-10 time=2.762
After sweep 21 energy=-6.0234365  maxlinkdim=282 maxerr=6.80E-10 time=2.967
After sweep 22 energy=-6.0235677  maxlinkdim=262 maxerr=7.44E-10 time=3.018
After sweep 23 energy=-6.0237036  maxlinkdim=300 maxerr=3.04E-08 time=3.207
After sweep 24 energy=-6.0237584  maxlinkdim=300 maxerr=1.98E-10 time=3.561
After sweep 25 energy=-6.0237675  maxlinkdim=300 maxerr=7.69E-08 time=3.800
After sweep 26 energy=-6.023816  maxlinkdim=300 maxerr=9.71E-10 time=3.960
After sweep 27 energy=-6.02381  maxlinkdim=300 maxerr=1.24E-07 time=4.124
After sweep 28 energy=-6.023811  maxlinkdim=300 maxerr=6.53E-08 time=4.173
After sweep 29 energy=-6.0237775  maxlinkdim=300 maxerr=1.12E-07 time=4.153
After sweep 30 energy=-6.0238414  maxlinkdim=300 maxerr=7.09E-10 time=4.131
Same mu: -2.6532001135405214 and continuing
Target density achieved with mu=-2.6532001135405214, n=0.499998
Checking {alpha,beta} vs measured
Beta not converged.
NOT CONVERGED; updating alpha, beta and continuing...
After sweep 1 energy=-4.6838236  maxlinkdim=16 maxerr=3.18E-07 time=0.554
After sweep 2 energy=-5.7889595  maxlinkdim=180 maxerr=5.24E-08 time=1.265
After sweep 3 energy=-5.8718724  maxlinkdim=190 maxerr=1.08E-07 time=1.971
After sweep 4 energy=-5.9195576  maxlinkdim=231 maxerr=7.17E-10 time=1.939
After sweep 5 energy=-5.9463625  maxlinkdim=200 maxerr=3.17E-09 time=1.894
After sweep 6 energy=-5.9666624  maxlinkdim=223 maxerr=1.60E-09 time=1.782
After sweep 7 energy=-5.9828544  maxlinkdim=240 maxerr=7.19E-09 time=1.848
After sweep 8 energy=-5.9932375  maxlinkdim=225 maxerr=1.40E-08 time=1.824
After sweep 9 energy=-6.001371  maxlinkdim=270 maxerr=7.71E-08 time=1.842
After sweep 10 energy=-6.00744  maxlinkdim=219 maxerr=8.33E-10 time=1.911
After sweep 11 energy=-6.011277  maxlinkdim=271 maxerr=1.36E-09 time=1.926
After sweep 12 energy=-6.0142765  maxlinkdim=275 maxerr=1.15E-07 time=1.975
After sweep 13 energy=-6.016801  maxlinkdim=254 maxerr=9.59E-10 time=2.095
After sweep 14 energy=-6.0183525  maxlinkdim=234 maxerr=1.47E-09 time=2.066
After sweep 15 energy=-6.019848  maxlinkdim=261 maxerr=7.05E-08 time=2.202
After sweep 16 energy=-6.0210066  maxlinkdim=283 maxerr=7.02E-10 time=2.380
After sweep 17 energy=-6.021962  maxlinkdim=300 maxerr=4.30E-10 time=2.563
After sweep 18 energy=-6.022497  maxlinkdim=295 maxerr=1.46E-07 time=2.597
After sweep 19 energy=-6.022884  maxlinkdim=290 maxerr=6.52E-08 time=2.619
After sweep 20 energy=-6.023154  maxlinkdim=300 maxerr=4.40E-10 time=2.727
After sweep 21 energy=-6.0234113  maxlinkdim=300 maxerr=6.10E-10 time=2.866
After sweep 22 energy=-6.0236063  maxlinkdim=300 maxerr=6.51E-08 time=3.131
After sweep 23 energy=-6.0237236  maxlinkdim=300 maxerr=3.16E-07 time=3.332
After sweep 24 energy=-6.0237737  maxlinkdim=300 maxerr=1.27E-07 time=3.564
After sweep 25 energy=-6.0237827  maxlinkdim=300 maxerr=7.17E-08 time=3.810
After sweep 26 energy=-6.0238295  maxlinkdim=300 maxerr=6.27E-08 time=4.001
After sweep 27 energy=-6.023797  maxlinkdim=300 maxerr=1.14E-07 time=4.140
After sweep 28 energy=-6.023778  maxlinkdim=300 maxerr=1.79E-08 time=4.157
After sweep 29 energy=-6.023801  maxlinkdim=300 maxerr=2.05E-07 time=4.149
After sweep 30 energy=-6.023816  maxlinkdim=300 maxerr=2.14E-08 time=4.118
Same mu: -2.6532001135405214 and continuing
Target density achieved with mu=-2.6532001135405214, n=0.49999827
Checking {alpha,beta} vs measured
Beta not converged.
NOT CONVERGED; updating alpha, beta and continuing...
After sweep 1 energy=-4.683138  maxlinkdim=16 maxerr=3.41E-07 time=0.560
After sweep 2 energy=-5.784872  maxlinkdim=184 maxerr=9.90E-09 time=1.196
After sweep 3 energy=-5.8715744  maxlinkdim=202 maxerr=4.45E-09 time=2.074
After sweep 4 energy=-5.9180403  maxlinkdim=228 maxerr=1.53E-07 time=1.963
After sweep 5 energy=-5.9459786  maxlinkdim=200 maxerr=1.84E-09 time=1.899
After sweep 6 energy=-5.9678383  maxlinkdim=246 maxerr=1.20E-09 time=1.779
After sweep 7 energy=-5.9845967  maxlinkdim=192 maxerr=1.69E-09 time=1.863
After sweep 8 energy=-5.994403  maxlinkdim=209 maxerr=1.81E-09 time=1.746
After sweep 9 energy=-6.0012956  maxlinkdim=205 maxerr=2.42E-09 time=1.769
After sweep 10 energy=-6.0062337  maxlinkdim=180 maxerr=1.35E-07 time=1.733
After sweep 11 energy=-6.0104103  maxlinkdim=244 maxerr=2.09E-07 time=1.848
After sweep 12 energy=-6.0134706  maxlinkdim=238 maxerr=1.55E-10 time=1.879
After sweep 13 energy=-6.0159645  maxlinkdim=238 maxerr=1.52E-09 time=1.947
After sweep 14 energy=-6.018131  maxlinkdim=266 maxerr=4.86E-08 time=2.086
After sweep 15 energy=-6.0196304  maxlinkdim=294 maxerr=7.15E-09 time=2.162
After sweep 16 energy=-6.020941  maxlinkdim=269 maxerr=1.12E-07 time=2.313
After sweep 17 energy=-6.0217004  maxlinkdim=267 maxerr=3.91E-08 time=2.347
After sweep 18 energy=-6.0222797  maxlinkdim=275 maxerr=1.53E-07 time=2.403
After sweep 19 energy=-6.022845  maxlinkdim=300 maxerr=2.41E-07 time=2.647
After sweep 20 energy=-6.0232325  maxlinkdim=300 maxerr=1.92E-07 time=2.914
After sweep 21 energy=-6.0234423  maxlinkdim=288 maxerr=6.24E-08 time=2.996
After sweep 22 energy=-6.023589  maxlinkdim=296 maxerr=5.66E-10 time=3.057
After sweep 23 energy=-6.023658  maxlinkdim=294 maxerr=8.55E-08 time=3.140
After sweep 24 energy=-6.0237236  maxlinkdim=300 maxerr=7.30E-08 time=3.358
After sweep 25 energy=-6.0238028  maxlinkdim=300 maxerr=1.48E-07 time=3.615
After sweep 26 energy=-6.023824  maxlinkdim=300 maxerr=3.72E-09 time=3.821
After sweep 27 energy=-6.0237827  maxlinkdim=300 maxerr=3.39E-10 time=4.062
After sweep 28 energy=-6.023803  maxlinkdim=300 maxerr=1.62E-07 time=4.142
After sweep 29 energy=-6.0237713  maxlinkdim=300 maxerr=4.84E-08 time=4.150
After sweep 30 energy=-6.023782  maxlinkdim=300 maxerr=8.68E-10 time=4.135
Same mu: -2.6532001135405214 and continuing
Target density achieved with mu=-2.6532001135405214, n=0.4999966
Checking {alpha,beta} vs measured
Beta not converged.
NOT CONVERGED; updating alpha, beta and continuing...
After sweep 1 energy=-4.670906  maxlinkdim=16 maxerr=3.84E-07 time=0.628
After sweep 2 energy=-5.784468  maxlinkdim=168 maxerr=1.25E-07 time=1.499
After sweep 3 energy=-5.867064  maxlinkdim=192 maxerr=2.85E-09 time=1.989
After sweep 4 energy=-5.914676  maxlinkdim=237 maxerr=1.20E-09 time=1.908
After sweep 5 energy=-5.9425993  maxlinkdim=193 maxerr=1.02E-07 time=1.879
After sweep 6 energy=-5.964049  maxlinkdim=251 maxerr=4.39E-10 time=1.772
After sweep 7 energy=-5.9820123  maxlinkdim=264 maxerr=2.98E-09 time=1.916
After sweep 8 energy=-5.9923778  maxlinkdim=261 maxerr=1.57E-09 time=1.874
After sweep 9 energy=-5.99978  maxlinkdim=269 maxerr=1.31E-09 time=1.768
After sweep 10 energy=-6.0056677  maxlinkdim=195 maxerr=9.05E-10 time=1.840
After sweep 11 energy=-6.0104623  maxlinkdim=222 maxerr=5.38E-08 time=1.914
After sweep 12 energy=-6.0134478  maxlinkdim=241 maxerr=5.12E-10 time=1.893
After sweep 13 energy=-6.0163794  maxlinkdim=294 maxerr=1.48E-09 time=2.059
After sweep 14 energy=-6.018525  maxlinkdim=264 maxerr=8.92E-10 time=2.187
After sweep 15 energy=-6.019845  maxlinkdim=243 maxerr=1.82E-10 time=2.185
After sweep 16 energy=-6.0208063  maxlinkdim=285 maxerr=7.48E-10 time=2.272
After sweep 17 energy=-6.0215406  maxlinkdim=239 maxerr=6.91E-10 time=2.305
After sweep 18 energy=-6.022164  maxlinkdim=246 maxerr=1.21E-07 time=2.429
After sweep 19 energy=-6.022626  maxlinkdim=296 maxerr=5.44E-10 time=2.571
After sweep 20 energy=-6.023066  maxlinkdim=279 maxerr=5.28E-08 time=2.779
After sweep 21 energy=-6.023333  maxlinkdim=267 maxerr=8.11E-08 time=2.864
After sweep 22 energy=-6.0235367  maxlinkdim=300 maxerr=1.49E-07 time=3.064
After sweep 23 energy=-6.023661  maxlinkdim=300 maxerr=1.54E-07 time=3.298
After sweep 24 energy=-6.0237446  maxlinkdim=300 maxerr=1.72E-08 time=3.479
After sweep 25 energy=-6.0237665  maxlinkdim=300 maxerr=1.05E-07 time=3.612
After sweep 26 energy=-6.0237975  maxlinkdim=300 maxerr=6.50E-08 time=3.825
After sweep 27 energy=-6.0237536  maxlinkdim=300 maxerr=2.15E-09 time=4.041
After sweep 28 energy=-6.0237846  maxlinkdim=300 maxerr=1.12E-07 time=4.159
After sweep 29 energy=-6.023803  maxlinkdim=300 maxerr=5.79E-08 time=4.175
After sweep 30 energy=-6.023797  maxlinkdim=300 maxerr=2.51E-08 time=4.163
Same mu: -2.6532001135405214 and continuing
Target density achieved with mu=-2.6532001135405214, n=0.4999978
Checking {alpha,beta} vs measured
Beta not converged.
NOT CONVERGED; updating alpha, beta and continuing...
After sweep 1 energy=-4.6919937  maxlinkdim=16 maxerr=2.98E-07 time=0.615
After sweep 2 energy=-5.793274  maxlinkdim=178 maxerr=7.64E-08 time=1.192
After sweep 3 energy=-5.878263  maxlinkdim=195 maxerr=1.11E-07 time=2.069
After sweep 4 energy=-5.922674  maxlinkdim=204 maxerr=1.72E-07 time=1.965
After sweep 5 energy=-5.949354  maxlinkdim=205 maxerr=2.44E-08 time=1.909
After sweep 6 energy=-5.970281  maxlinkdim=259 maxerr=1.26E-09 time=1.864
After sweep 7 energy=-5.9834037  maxlinkdim=178 maxerr=1.52E-09 time=1.800
After sweep 8 energy=-5.9935184  maxlinkdim=229 maxerr=2.70E-07 time=1.775
After sweep 9 energy=-6.000769  maxlinkdim=224 maxerr=7.43E-08 time=1.785
After sweep 10 energy=-6.007594  maxlinkdim=197 maxerr=1.77E-08 time=1.910
After sweep 11 energy=-6.0117884  maxlinkdim=237 maxerr=3.84E-10 time=1.949
After sweep 12 energy=-6.0147223  maxlinkdim=287 maxerr=2.02E-09 time=1.986
After sweep 13 energy=-6.0176387  maxlinkdim=275 maxerr=2.43E-08 time=2.191
After sweep 14 energy=-6.019254  maxlinkdim=238 maxerr=1.72E-07 time=2.198
After sweep 15 energy=-6.0205865  maxlinkdim=300 maxerr=1.40E-07 time=2.290
After sweep 16 energy=-6.021729  maxlinkdim=275 maxerr=8.07E-10 time=2.507
After sweep 17 energy=-6.0223937  maxlinkdim=281 maxerr=1.65E-07 time=2.617
After sweep 18 energy=-6.0228314  maxlinkdim=292 maxerr=6.75E-08 time=2.767
After sweep 19 energy=-6.0231686  maxlinkdim=296 maxerr=7.93E-09 time=2.855
After sweep 20 energy=-6.0234365  maxlinkdim=300 maxerr=1.07E-07 time=3.016
After sweep 21 energy=-6.023567  maxlinkdim=300 maxerr=1.38E-07 time=3.135
After sweep 22 energy=-6.0236716  maxlinkdim=300 maxerr=1.20E-07 time=3.275
After sweep 23 energy=-6.023754  maxlinkdim=300 maxerr=1.13E-08 time=3.524
After sweep 24 energy=-6.0237923  maxlinkdim=300 maxerr=9.05E-10 time=3.816
After sweep 25 energy=-6.02378  maxlinkdim=300 maxerr=1.13E-07 time=3.991
After sweep 26 energy=-6.0238  maxlinkdim=300 maxerr=1.06E-07 time=4.128
After sweep 27 energy=-6.0237775  maxlinkdim=300 maxerr=2.04E-07 time=4.182
After sweep 28 energy=-6.0237923  maxlinkdim=300 maxerr=1.41E-09 time=4.160
After sweep 29 energy=-6.02383  maxlinkdim=300 maxerr=4.68E-10 time=4.148
After sweep 30 energy=-6.0237856  maxlinkdim=300 maxerr=6.20E-08 time=4.148
Same mu: -2.6532001135405214 and continuing
Target density achieved with mu=-2.6532001135405214, n=0.4999981
Checking {alpha,beta} vs measured
Beta not converged.
NOT CONVERGED; updating alpha, beta and continuing...
After sweep 1 energy=-4.676965  maxlinkdim=16 maxerr=1.98E-07 time=0.567
After sweep 2 energy=-5.7870445  maxlinkdim=175 maxerr=7.99E-08 time=1.188
After sweep 3 energy=-5.870729  maxlinkdim=190 maxerr=9.28E-08 time=2.031
After sweep 4 energy=-5.9174943  maxlinkdim=204 maxerr=1.84E-07 time=1.921
After sweep 5 energy=-5.9453044  maxlinkdim=181 maxerr=2.16E-09 time=1.816
After sweep 6 energy=-5.966245  maxlinkdim=213 maxerr=1.38E-07 time=1.761
After sweep 7 energy=-5.9835687  maxlinkdim=194 maxerr=1.12E-07 time=1.775
After sweep 8 energy=-5.994192  maxlinkdim=209 maxerr=8.34E-08 time=1.827
After sweep 9 energy=-6.001318  maxlinkdim=226 maxerr=9.56E-08 time=1.754
After sweep 10 energy=-6.007233  maxlinkdim=231 maxerr=5.37E-08 time=1.887
After sweep 11 energy=-6.011223  maxlinkdim=241 maxerr=2.59E-08 time=1.937
After sweep 12 energy=-6.014314  maxlinkdim=284 maxerr=3.77E-08 time=1.983
After sweep 13 energy=-6.017472  maxlinkdim=219 maxerr=1.70E-07 time=2.157
After sweep 14 energy=-6.0192003  maxlinkdim=209 maxerr=1.20E-09 time=2.174
After sweep 15 energy=-6.020526  maxlinkdim=224 maxerr=7.63E-08 time=2.267
After sweep 16 energy=-6.021523  maxlinkdim=300 maxerr=9.90E-08 time=2.396
After sweep 17 energy=-6.0222063  maxlinkdim=279 maxerr=1.03E-07 time=2.526
After sweep 18 energy=-6.022717  maxlinkdim=293 maxerr=5.23E-08 time=2.693
After sweep 19 energy=-6.0230756  maxlinkdim=258 maxerr=2.34E-08 time=2.800
After sweep 20 energy=-6.0233593  maxlinkdim=264 maxerr=1.08E-07 time=2.938
After sweep 21 energy=-6.023573  maxlinkdim=298 maxerr=1.18E-07 time=3.126
After sweep 22 energy=-6.023708  maxlinkdim=300 maxerr=1.54E-08 time=3.316
After sweep 23 energy=-6.023777  maxlinkdim=300 maxerr=2.01E-08 time=3.546
After sweep 24 energy=-6.0237923  maxlinkdim=300 maxerr=3.35E-08 time=3.784
After sweep 25 energy=-6.023797  maxlinkdim=300 maxerr=1.45E-08 time=3.991
After sweep 26 energy=-6.0237665  maxlinkdim=300 maxerr=1.57E-07 time=4.136
After sweep 27 energy=-6.023814  maxlinkdim=300 maxerr=2.46E-09 time=4.168
After sweep 28 energy=-6.023795  maxlinkdim=300 maxerr=3.51E-09 time=4.152
After sweep 29 energy=-6.0237885  maxlinkdim=300 maxerr=8.15E-10 time=4.125
After sweep 30 energy=-6.0237966  maxlinkdim=300 maxerr=1.31E-07 time=4.124
Same mu: -2.6532001135405214 and continuing
Target density achieved with mu=-2.6532001135405214, n=0.49999717
Checking {alpha,beta} vs measured
Beta not converged.
NOT CONVERGED; updating alpha, beta and continuing...
After sweep 1 energy=-4.67442  maxlinkdim=16 maxerr=2.37E-07 time=0.842
After sweep 2 energy=-5.7833443  maxlinkdim=178 maxerr=1.92E-07 time=1.182
After sweep 3 energy=-5.8685446  maxlinkdim=188 maxerr=2.98E-07 time=2.028
After sweep 4 energy=-5.9177337  maxlinkdim=226 maxerr=3.89E-08 time=1.946
After sweep 5 energy=-5.9455347  maxlinkdim=176 maxerr=2.03E-09 time=1.875
After sweep 6 energy=-5.967415  maxlinkdim=245 maxerr=3.60E-07 time=1.831
After sweep 7 energy=-5.9828463  maxlinkdim=201 maxerr=9.47E-08 time=1.857
After sweep 8 energy=-5.9932985  maxlinkdim=243 maxerr=1.22E-09 time=1.825
After sweep 9 energy=-6.0007014  maxlinkdim=261 maxerr=6.48E-10 time=1.817
After sweep 10 energy=-6.0062976  maxlinkdim=217 maxerr=4.01E-08 time=1.894
After sweep 11 energy=-6.010319  maxlinkdim=277 maxerr=6.04E-10 time=1.932
After sweep 12 energy=-6.013507  maxlinkdim=293 maxerr=1.25E-07 time=1.947
After sweep 13 energy=-6.016857  maxlinkdim=251 maxerr=2.10E-09 time=2.138
After sweep 14 energy=-6.0186505  maxlinkdim=235 maxerr=4.25E-08 time=2.190
After sweep 15 energy=-6.0201225  maxlinkdim=241 maxerr=6.38E-09 time=2.214
After sweep 16 energy=-6.021347  maxlinkdim=282 maxerr=8.99E-10 time=2.453
After sweep 17 energy=-6.0221777  maxlinkdim=288 maxerr=2.75E-08 time=2.604
After sweep 18 energy=-6.022707  maxlinkdim=248 maxerr=1.33E-09 time=2.682
After sweep 19 energy=-6.0230675  maxlinkdim=253 maxerr=1.64E-10 time=2.784
After sweep 20 energy=-6.02333  maxlinkdim=266 maxerr=7.32E-10 time=2.877
After sweep 21 energy=-6.023517  maxlinkdim=273 maxerr=3.53E-10 time=2.991
After sweep 22 energy=-6.0236754  maxlinkdim=283 maxerr=2.80E-07 time=3.270
After sweep 23 energy=-6.023733  maxlinkdim=300 maxerr=6.64E-08 time=3.497
After sweep 24 energy=-6.023785  maxlinkdim=300 maxerr=9.68E-08 time=3.714
After sweep 25 energy=-6.023806  maxlinkdim=300 maxerr=5.24E-10 time=3.865
After sweep 26 energy=-6.023798  maxlinkdim=300 maxerr=1.80E-09 time=4.074
After sweep 27 energy=-6.0237913  maxlinkdim=300 maxerr=1.60E-07 time=4.167
After sweep 28 energy=-6.0237756  maxlinkdim=300 maxerr=2.73E-07 time=4.158
After sweep 29 energy=-6.02383  maxlinkdim=300 maxerr=1.48E-09 time=4.134
After sweep 30 energy=-6.023816  maxlinkdim=300 maxerr=1.54E-09 time=4.141
Same mu: -2.6532001135405214 and continuing
Target density achieved with mu=-2.6532001135405214, n=0.4999987
Checking {alpha,beta} vs measured
Beta not converged.
NOT CONVERGED; updating alpha, beta and continuing...
After sweep 1 energy=-4.6686773  maxlinkdim=16 maxerr=3.64E-07 time=0.552
After sweep 2 energy=-5.780291  maxlinkdim=182 maxerr=1.92E-08 time=1.256
After sweep 3 energy=-5.8655586  maxlinkdim=194 maxerr=6.01E-08 time=1.919
After sweep 4 energy=-5.9155664  maxlinkdim=220 maxerr=1.16E-07 time=1.938
After sweep 5 energy=-5.9438086  maxlinkdim=206 maxerr=2.69E-08 time=1.898
After sweep 6 energy=-5.965313  maxlinkdim=230 maxerr=5.56E-10 time=1.816
After sweep 7 energy=-5.9798098  maxlinkdim=195 maxerr=6.49E-08 time=1.771
After sweep 8 energy=-5.991057  maxlinkdim=213 maxerr=1.28E-09 time=1.792
After sweep 9 energy=-5.9990897  maxlinkdim=219 maxerr=2.17E-08 time=1.805
After sweep 10 energy=-6.005166  maxlinkdim=188 maxerr=1.62E-09 time=1.827
After sweep 11 energy=-6.009705  maxlinkdim=203 maxerr=5.13E-08 time=1.890
After sweep 12 energy=-6.0129557  maxlinkdim=211 maxerr=1.89E-07 time=1.924
After sweep 13 energy=-6.01622  maxlinkdim=223 maxerr=3.84E-08 time=2.074
After sweep 14 energy=-6.018543  maxlinkdim=226 maxerr=1.52E-07 time=2.160
After sweep 15 energy=-6.019924  maxlinkdim=225 maxerr=6.35E-10 time=2.142
After sweep 16 energy=-6.0210695  maxlinkdim=237 maxerr=7.85E-09 time=2.308
After sweep 17 energy=-6.021829  maxlinkdim=255 maxerr=1.34E-09 time=2.394
After sweep 18 energy=-6.0224576  maxlinkdim=263 maxerr=7.88E-08 time=2.616
After sweep 19 energy=-6.0228243  maxlinkdim=241 maxerr=2.23E-07 time=2.656
After sweep 20 energy=-6.0231876  maxlinkdim=267 maxerr=1.49E-09 time=2.749
After sweep 21 energy=-6.023381  maxlinkdim=273 maxerr=1.11E-07 time=2.897
After sweep 22 energy=-6.0235314  maxlinkdim=300 maxerr=1.39E-07 time=3.056
After sweep 23 energy=-6.0236826  maxlinkdim=298 maxerr=1.52E-07 time=3.201
After sweep 24 energy=-6.023758  maxlinkdim=300 maxerr=1.22E-07 time=3.401
After sweep 25 energy=-6.023774  maxlinkdim=300 maxerr=4.69E-08 time=3.685
After sweep 26 energy=-6.023845  maxlinkdim=300 maxerr=1.99E-07 time=3.906
After sweep 27 energy=-6.023828  maxlinkdim=300 maxerr=1.42E-07 time=4.097
After sweep 28 energy=-6.0238285  maxlinkdim=300 maxerr=7.66E-10 time=4.185
After sweep 29 energy=-6.023805  maxlinkdim=300 maxerr=1.00E-07 time=4.155
After sweep 30 energy=-6.023799  maxlinkdim=300 maxerr=1.50E-09 time=4.152
Same mu: -2.6532001135405214 and continuing
Target density achieved with mu=-2.6532001135405214, n=0.49999794
Checking {alpha,beta} vs measured
Beta not converged.
NOT CONVERGED; updating alpha, beta and continuing...
After sweep 1 energy=-4.6777205  maxlinkdim=16 maxerr=3.10E-07 time=0.552
After sweep 2 energy=-5.7865415  maxlinkdim=179 maxerr=1.65E-07 time=1.269
After sweep 3 energy=-5.870633  maxlinkdim=189 maxerr=1.39E-08 time=1.934
After sweep 4 energy=-5.91824  maxlinkdim=219 maxerr=1.51E-07 time=1.939
After sweep 5 energy=-5.946012  maxlinkdim=199 maxerr=1.05E-09 time=1.855
After sweep 6 energy=-5.96668  maxlinkdim=202 maxerr=1.72E-07 time=1.743
After sweep 7 energy=-5.9819913  maxlinkdim=186 maxerr=1.65E-09 time=1.732
After sweep 8 energy=-5.9928784  maxlinkdim=186 maxerr=2.09E-08 time=1.758
After sweep 9 energy=-6.0001225  maxlinkdim=175 maxerr=8.87E-08 time=1.709
After sweep 10 energy=-6.006893  maxlinkdim=202 maxerr=1.36E-07 time=1.873
After sweep 11 energy=-6.0111976  maxlinkdim=261 maxerr=7.59E-08 time=1.925
After sweep 12 energy=-6.0142784  maxlinkdim=287 maxerr=2.81E-08 time=1.986
After sweep 13 energy=-6.0175047  maxlinkdim=240 maxerr=7.82E-10 time=2.217
After sweep 14 energy=-6.0191965  maxlinkdim=258 maxerr=1.82E-07 time=2.234
After sweep 15 energy=-6.0204105  maxlinkdim=300 maxerr=8.65E-10 time=2.295
After sweep 16 energy=-6.021452  maxlinkdim=244 maxerr=5.47E-10 time=2.453
After sweep 17 energy=-6.022083  maxlinkdim=262 maxerr=1.58E-07 time=2.482
After sweep 18 energy=-6.022643  maxlinkdim=272 maxerr=7.50E-08 time=2.602
After sweep 19 energy=-6.023102  maxlinkdim=277 maxerr=9.38E-10 time=2.851
After sweep 20 energy=-6.023394  maxlinkdim=300 maxerr=1.07E-09 time=2.949
After sweep 21 energy=-6.023596  maxlinkdim=287 maxerr=7.68E-10 time=3.109
After sweep 22 energy=-6.023698  maxlinkdim=300 maxerr=7.13E-08 time=3.220
After sweep 23 energy=-6.0237303  maxlinkdim=300 maxerr=5.64E-10 time=3.319
After sweep 24 energy=-6.0237694  maxlinkdim=300 maxerr=9.79E-10 time=3.519
After sweep 25 energy=-6.0237865  maxlinkdim=300 maxerr=1.00E-07 time=3.860
After sweep 26 energy=-6.023772  maxlinkdim=300 maxerr=2.79E-07 time=4.076
After sweep 27 energy=-6.0237823  maxlinkdim=300 maxerr=1.84E-07 time=4.163
After sweep 28 energy=-6.0238132  maxlinkdim=300 maxerr=1.53E-07 time=4.158
After sweep 29 energy=-6.0238256  maxlinkdim=300 maxerr=1.69E-07 time=4.147
After sweep 30 energy=-6.023794  maxlinkdim=300 maxerr=5.55E-10 time=4.124
Same mu: -2.6532001135405214 and continuing
Target density achieved with mu=-2.6532001135405214, n=0.49999732
Checking {alpha,beta} vs measured
Beta not converged.
NOT CONVERGED; updating alpha, beta and continuing...
After sweep 1 energy=-4.6808233  maxlinkdim=16 maxerr=3.50E-07 time=0.850
After sweep 2 energy=-5.7861443  maxlinkdim=177 maxerr=2.00E-08 time=1.188
After sweep 3 energy=-5.870277  maxlinkdim=197 maxerr=8.28E-08 time=2.023
After sweep 4 energy=-5.915682  maxlinkdim=236 maxerr=1.92E-08 time=1.951
After sweep 5 energy=-5.943678  maxlinkdim=192 maxerr=3.82E-07 time=1.814
After sweep 6 energy=-5.965664  maxlinkdim=251 maxerr=1.51E-08 time=1.744
After sweep 7 energy=-5.981505  maxlinkdim=206 maxerr=2.23E-07 time=1.800
After sweep 8 energy=-5.9924636  maxlinkdim=238 maxerr=1.14E-09 time=1.771
After sweep 9 energy=-5.9999933  maxlinkdim=258 maxerr=1.67E-07 time=1.808
After sweep 10 energy=-6.0068197  maxlinkdim=251 maxerr=2.03E-09 time=1.940
After sweep 11 energy=-6.010858  maxlinkdim=275 maxerr=6.92E-10 time=1.947
After sweep 12 energy=-6.0143595  maxlinkdim=245 maxerr=1.19E-07 time=2.007
After sweep 13 energy=-6.01743  maxlinkdim=219 maxerr=1.13E-07 time=2.119
After sweep 14 energy=-6.0190706  maxlinkdim=210 maxerr=1.57E-07 time=2.103
After sweep 15 energy=-6.0205092  maxlinkdim=216 maxerr=1.00E-10 time=2.191
After sweep 16 energy=-6.021652  maxlinkdim=300 maxerr=2.21E-07 time=2.443
After sweep 17 energy=-6.0223107  maxlinkdim=276 maxerr=9.97E-11 time=2.554
After sweep 18 energy=-6.022825  maxlinkdim=285 maxerr=6.70E-10 time=2.681
After sweep 19 energy=-6.023131  maxlinkdim=272 maxerr=2.73E-08 time=2.774
After sweep 20 energy=-6.023427  maxlinkdim=267 maxerr=1.23E-09 time=2.965
After sweep 21 energy=-6.023612  maxlinkdim=300 maxerr=1.18E-07 time=3.168
After sweep 22 energy=-6.0237083  maxlinkdim=300 maxerr=3.59E-08 time=3.359
After sweep 23 energy=-6.023754  maxlinkdim=300 maxerr=1.56E-07 time=3.472
After sweep 24 energy=-6.0237913  maxlinkdim=300 maxerr=7.00E-08 time=3.722
After sweep 25 energy=-6.023791  maxlinkdim=300 maxerr=1.28E-08 time=3.957
After sweep 26 energy=-6.0238037  maxlinkdim=300 maxerr=1.44E-07 time=4.143
After sweep 27 energy=-6.0237784  maxlinkdim=300 maxerr=8.86E-08 time=4.167
After sweep 28 energy=-6.023773  maxlinkdim=300 maxerr=2.21E-07 time=4.162
After sweep 29 energy=-6.0237827  maxlinkdim=300 maxerr=2.65E-08 time=4.146
After sweep 30 energy=-6.023777  maxlinkdim=300 maxerr=9.24E-10 time=4.144
Same mu: -2.6532001135405214 and continuing
Target density achieved with mu=-2.6532001135405214, n=0.49999714
Checking {alpha,beta} vs measured
Beta not converged.
NOT CONVERGED; updating alpha, beta and continuing...
After sweep 1 energy=-4.6789384  maxlinkdim=16 maxerr=3.35E-07 time=0.558
After sweep 2 energy=-5.7831283  maxlinkdim=181 maxerr=9.97E-08 time=1.261
After sweep 3 energy=-5.86889  maxlinkdim=198 maxerr=3.65E-09 time=1.986
After sweep 4 energy=-5.9176903  maxlinkdim=234 maxerr=2.16E-07 time=1.999
After sweep 5 energy=-5.9450936  maxlinkdim=206 maxerr=1.60E-07 time=1.901
After sweep 6 energy=-5.9664636  maxlinkdim=240 maxerr=8.32E-10 time=1.832
After sweep 7 energy=-5.981304  maxlinkdim=201 maxerr=1.24E-07 time=1.806
After sweep 8 energy=-5.9925723  maxlinkdim=217 maxerr=1.18E-09 time=1.813
After sweep 9 energy=-6.000307  maxlinkdim=267 maxerr=1.15E-07 time=1.800
After sweep 10 energy=-6.0068293  maxlinkdim=209 maxerr=2.47E-09 time=1.920
After sweep 11 energy=-6.010865  maxlinkdim=246 maxerr=3.44E-10 time=1.904
After sweep 12 energy=-6.0138383  maxlinkdim=289 maxerr=2.08E-10 time=1.959
After sweep 13 energy=-6.0162416  maxlinkdim=208 maxerr=2.01E-07 time=2.025
After sweep 14 energy=-6.017955  maxlinkdim=262 maxerr=1.81E-09 time=2.033
After sweep 15 energy=-6.019704  maxlinkdim=256 maxerr=4.05E-08 time=2.211
After sweep 16 energy=-6.0210905  maxlinkdim=224 maxerr=7.53E-10 time=2.396
After sweep 17 energy=-6.0218916  maxlinkdim=231 maxerr=9.15E-10 time=2.421
After sweep 18 energy=-6.0225296  maxlinkdim=247 maxerr=9.99E-11 time=2.575
After sweep 19 energy=-6.0230474  maxlinkdim=273 maxerr=1.86E-07 time=2.750
After sweep 20 energy=-6.0233517  maxlinkdim=300 maxerr=1.01E-07 time=2.885
After sweep 21 energy=-6.023563  maxlinkdim=300 maxerr=4.09E-10 time=3.007
After sweep 22 energy=-6.023699  maxlinkdim=300 maxerr=1.05E-07 time=3.185
After sweep 23 energy=-6.0237293  maxlinkdim=300 maxerr=7.05E-10 time=3.392
After sweep 24 energy=-6.023777  maxlinkdim=300 maxerr=4.46E-10 time=3.696
After sweep 25 energy=-6.0238056  maxlinkdim=300 maxerr=1.15E-07 time=3.949
After sweep 26 energy=-6.0237827  maxlinkdim=300 maxerr=8.93E-08 time=4.104
After sweep 27 energy=-6.0238113  maxlinkdim=300 maxerr=9.18E-09 time=4.171
After sweep 28 energy=-6.0238285  maxlinkdim=300 maxerr=8.81E-08 time=4.169
After sweep 29 energy=-6.023794  maxlinkdim=300 maxerr=1.29E-07 time=4.137
After sweep 30 energy=-6.0238113  maxlinkdim=300 maxerr=6.24E-08 time=4.141
Same mu: -2.6532001135405214 and continuing
Target density achieved with mu=-2.6532001135405214, n=0.49999827
Checking {alpha,beta} vs measured
Beta not converged.
NOT CONVERGED; updating alpha, beta and continuing...
After sweep 1 energy=-4.674165  maxlinkdim=16 maxerr=2.82E-07 time=0.567
After sweep 2 energy=-5.7803993  maxlinkdim=180 maxerr=8.28E-08 time=1.187
After sweep 3 energy=-5.86609  maxlinkdim=193 maxerr=1.30E-07 time=1.989
After sweep 4 energy=-5.9146886  maxlinkdim=228 maxerr=8.53E-08 time=1.910
After sweep 5 energy=-5.9425535  maxlinkdim=186 maxerr=1.64E-07 time=1.840
After sweep 6 energy=-5.964725  maxlinkdim=214 maxerr=1.10E-09 time=1.781
After sweep 7 energy=-5.9820576  maxlinkdim=215 maxerr=3.41E-08 time=1.817
After sweep 8 energy=-5.9927154  maxlinkdim=232 maxerr=1.82E-07 time=1.803
After sweep 9 energy=-6.0000653  maxlinkdim=273 maxerr=1.22E-08 time=1.733
After sweep 10 energy=-6.006132  maxlinkdim=201 maxerr=1.06E-09 time=1.833
After sweep 11 energy=-6.0104055  maxlinkdim=200 maxerr=1.79E-07 time=1.902
After sweep 12 energy=-6.013532  maxlinkdim=196 maxerr=8.17E-10 time=1.879
After sweep 13 energy=-6.0171967  maxlinkdim=233 maxerr=1.25E-07 time=2.144
After sweep 14 energy=-6.0188556  maxlinkdim=223 maxerr=1.37E-07 time=2.153
After sweep 15 energy=-6.0200996  maxlinkdim=224 maxerr=2.10E-08 time=2.216
After sweep 16 energy=-6.021026  maxlinkdim=233 maxerr=1.93E-08 time=2.297
After sweep 17 energy=-6.021697  maxlinkdim=243 maxerr=1.45E-09 time=2.342
After sweep 18 energy=-6.022299  maxlinkdim=265 maxerr=8.19E-10 time=2.521
After sweep 19 energy=-6.0227213  maxlinkdim=240 maxerr=3.93E-08 time=2.573
After sweep 20 energy=-6.0230384  maxlinkdim=270 maxerr=9.29E-10 time=2.694
After sweep 21 energy=-6.023343  maxlinkdim=300 maxerr=4.19E-08 time=2.884
After sweep 22 energy=-6.0236063  maxlinkdim=300 maxerr=6.18E-08 time=3.126
After sweep 23 energy=-6.0237164  maxlinkdim=300 maxerr=1.80E-07 time=3.271
After sweep 24 energy=-6.02376  maxlinkdim=287 maxerr=1.84E-10 time=3.411
After sweep 25 energy=-6.023775  maxlinkdim=300 maxerr=3.90E-08 time=3.627
After sweep 26 energy=-6.0238037  maxlinkdim=300 maxerr=9.41E-10 time=3.875
After sweep 27 energy=-6.0238094  maxlinkdim=300 maxerr=1.31E-09 time=4.104
After sweep 28 energy=-6.0237846  maxlinkdim=300 maxerr=1.09E-07 time=4.166
After sweep 29 energy=-6.023813  maxlinkdim=300 maxerr=7.02E-08 time=4.149
After sweep 30 energy=-6.023747  maxlinkdim=300 maxerr=1.03E-09 time=4.135
Not same mu, searching again
After sweep 1 energy=-5.1694727  maxlinkdim=16 maxerr=2.73E-07 time=0.557
After sweep 2 energy=-6.283148  maxlinkdim=181 maxerr=1.06E-07 time=1.260
After sweep 3 energy=-6.368882  maxlinkdim=194 maxerr=5.66E-08 time=1.982
After sweep 4 energy=-6.416632  maxlinkdim=217 maxerr=9.66E-10 time=1.968
After sweep 5 energy=-6.444811  maxlinkdim=195 maxerr=9.67E-08 time=1.901
After sweep 6 energy=-6.4666033  maxlinkdim=242 maxerr=1.16E-07 time=1.841
After sweep 7 energy=-6.4809217  maxlinkdim=191 maxerr=1.89E-09 time=1.780
After sweep 8 energy=-6.491793  maxlinkdim=202 maxerr=1.08E-09 time=1.796
After sweep 9 energy=-6.4992948  maxlinkdim=229 maxerr=4.78E-08 time=1.783
After sweep 10 energy=-6.5048165  maxlinkdim=185 maxerr=2.66E-07 time=1.801
After sweep 11 energy=-6.508963  maxlinkdim=219 maxerr=5.47E-08 time=1.814
After sweep 12 energy=-6.512363  maxlinkdim=292 maxerr=7.06E-10 time=1.898
After sweep 13 energy=-6.5150876  maxlinkdim=270 maxerr=2.19E-10 time=1.998
After sweep 14 energy=-6.517348  maxlinkdim=228 maxerr=3.73E-10 time=2.090
After sweep 15 energy=-6.518856  maxlinkdim=218 maxerr=2.36E-08 time=2.110
After sweep 16 energy=-6.5203934  maxlinkdim=253 maxerr=3.77E-10 time=2.278
After sweep 17 energy=-6.521488  maxlinkdim=230 maxerr=1.21E-09 time=2.424
After sweep 18 energy=-6.522127  maxlinkdim=231 maxerr=1.30E-07 time=2.442
After sweep 19 energy=-6.5226345  maxlinkdim=247 maxerr=1.21E-07 time=2.557
After sweep 20 energy=-6.523018  maxlinkdim=247 maxerr=8.66E-10 time=2.696
After sweep 21 energy=-6.5233474  maxlinkdim=267 maxerr=1.05E-08 time=2.843
After sweep 22 energy=-6.523483  maxlinkdim=272 maxerr=9.03E-08 time=3.012
After sweep 23 energy=-6.5236382  maxlinkdim=293 maxerr=3.48E-08 time=3.245
After sweep 24 energy=-6.5237126  maxlinkdim=300 maxerr=1.54E-07 time=3.403
After sweep 25 energy=-6.5237813  maxlinkdim=300 maxerr=9.95E-08 time=3.596
After sweep 26 energy=-6.5238023  maxlinkdim=300 maxerr=1.63E-07 time=3.836
After sweep 27 energy=-6.5238104  maxlinkdim=300 maxerr=2.22E-07 time=4.015
After sweep 28 energy=-6.5237455  maxlinkdim=300 maxerr=5.42E-10 time=4.150
After sweep 29 energy=-6.5237656  maxlinkdim=300 maxerr=1.21E-07 time=4.535
After sweep 30 energy=-6.523788  maxlinkdim=300 maxerr=2.22E-07 time=4.149
n0: 0.499995; n1: 0.4999989; mu0: -2.6532001135405214; mu1: -2.6432001135405216
FOUND MU; mu: -2.6432001135405216  n: 0.4999989
Target density achieved with mu=-2.6432001135405216, n=0.4999989
Checking {alpha,beta} vs measured
Beta not converged.
NOT CONVERGED; updating alpha, beta and continuing...
After sweep 1 energy=-5.186698  maxlinkdim=16 maxerr=3.09E-07 time=0.572
After sweep 2 energy=-6.284495  maxlinkdim=177 maxerr=1.31E-08 time=1.180
After sweep 3 energy=-6.3702936  maxlinkdim=192 maxerr=2.94E-09 time=2.004
After sweep 4 energy=-6.4176784  maxlinkdim=209 maxerr=2.40E-09 time=1.974
After sweep 5 energy=-6.445265  maxlinkdim=198 maxerr=1.55E-07 time=1.936
After sweep 6 energy=-6.4658937  maxlinkdim=243 maxerr=7.42E-10 time=1.829
After sweep 7 energy=-6.480865  maxlinkdim=223 maxerr=5.96E-08 time=1.765
After sweep 8 energy=-6.493195  maxlinkdim=194 maxerr=1.35E-09 time=1.845
After sweep 9 energy=-6.500224  maxlinkdim=215 maxerr=1.90E-07 time=1.753
After sweep 10 energy=-6.50685  maxlinkdim=242 maxerr=4.33E-08 time=1.923
After sweep 11 energy=-6.510736  maxlinkdim=210 maxerr=9.06E-10 time=1.924
After sweep 12 energy=-6.513771  maxlinkdim=237 maxerr=7.41E-09 time=1.943
After sweep 13 energy=-6.5168405  maxlinkdim=242 maxerr=4.86E-08 time=2.136
After sweep 14 energy=-6.518708  maxlinkdim=265 maxerr=9.00E-08 time=2.214
After sweep 15 energy=-6.520134  maxlinkdim=231 maxerr=1.40E-09 time=2.290
After sweep 16 energy=-6.5212574  maxlinkdim=235 maxerr=5.07E-10 time=2.452
After sweep 17 energy=-6.521938  maxlinkdim=248 maxerr=9.99E-11 time=2.489
After sweep 18 energy=-6.5225477  maxlinkdim=244 maxerr=4.46E-08 time=2.608
After sweep 19 energy=-6.522933  maxlinkdim=292 maxerr=1.16E-07 time=2.705
After sweep 20 energy=-6.5231953  maxlinkdim=300 maxerr=8.17E-10 time=2.847
After sweep 21 energy=-6.5235  maxlinkdim=300 maxerr=1.14E-08 time=3.059
After sweep 22 energy=-6.5236926  maxlinkdim=290 maxerr=1.23E-07 time=3.404
After sweep 23 energy=-6.523718  maxlinkdim=300 maxerr=1.33E-07 time=3.505
After sweep 24 energy=-6.5237966  maxlinkdim=300 maxerr=8.64E-10 time=3.667
After sweep 25 energy=-6.5237527  maxlinkdim=300 maxerr=1.05E-07 time=3.877
After sweep 26 energy=-6.5237703  maxlinkdim=300 maxerr=1.44E-07 time=4.079
After sweep 27 energy=-6.523761  maxlinkdim=300 maxerr=7.77E-10 time=4.202
After sweep 28 energy=-6.523785  maxlinkdim=300 maxerr=1.20E-07 time=4.209
After sweep 29 energy=-6.523755  maxlinkdim=300 maxerr=1.99E-07 time=4.221
After sweep 30 energy=-6.5237713  maxlinkdim=300 maxerr=2.71E-07 time=4.221
Not same mu, searching again
After sweep 1 energy=-4.696398  maxlinkdim=16 maxerr=2.48E-07 time=0.551
After sweep 2 energy=-5.791298  maxlinkdim=175 maxerr=7.30E-09 time=1.246
After sweep 3 energy=-5.8740373  maxlinkdim=199 maxerr=1.31E-08 time=2.005
After sweep 4 energy=-5.9197965  maxlinkdim=231 maxerr=2.41E-09 time=2.002
After sweep 5 energy=-5.9469323  maxlinkdim=211 maxerr=1.90E-07 time=1.942
After sweep 6 energy=-5.967266  maxlinkdim=229 maxerr=2.22E-07 time=1.831
After sweep 7 energy=-5.981139  maxlinkdim=227 maxerr=2.46E-09 time=1.768
After sweep 8 energy=-5.991959  maxlinkdim=269 maxerr=1.59E-09 time=1.789
After sweep 9 energy=-5.9996624  maxlinkdim=209 maxerr=9.01E-09 time=1.813
After sweep 10 energy=-6.0055227  maxlinkdim=203 maxerr=4.89E-08 time=1.829
After sweep 11 energy=-6.009624  maxlinkdim=201 maxerr=1.68E-07 time=1.845
After sweep 12 energy=-6.0129013  maxlinkdim=196 maxerr=1.70E-07 time=1.877
After sweep 13 energy=-6.0167265  maxlinkdim=268 maxerr=4.29E-10 time=2.106
After sweep 14 energy=-6.018607  maxlinkdim=214 maxerr=1.24E-07 time=2.128
After sweep 15 energy=-6.0200677  maxlinkdim=220 maxerr=3.19E-07 time=2.174
After sweep 16 energy=-6.0211353  maxlinkdim=215 maxerr=3.31E-08 time=2.318
After sweep 17 energy=-6.0219207  maxlinkdim=231 maxerr=1.10E-09 time=2.376
After sweep 18 energy=-6.022629  maxlinkdim=300 maxerr=4.10E-08 time=2.562
After sweep 19 energy=-6.0230417  maxlinkdim=265 maxerr=4.15E-10 time=2.742
After sweep 20 energy=-6.0233974  maxlinkdim=287 maxerr=3.17E-08 time=2.890
After sweep 21 energy=-6.02358  maxlinkdim=300 maxerr=6.39E-10 time=3.116
After sweep 22 energy=-6.023719  maxlinkdim=300 maxerr=2.61E-07 time=3.228
After sweep 23 energy=-6.0237436  maxlinkdim=300 maxerr=3.80E-07 time=3.425
After sweep 24 energy=-6.0238023  maxlinkdim=300 maxerr=6.57E-08 time=3.690
After sweep 25 energy=-6.023806  maxlinkdim=300 maxerr=1.38E-07 time=3.896
After sweep 26 energy=-6.023797  maxlinkdim=300 maxerr=1.22E-07 time=4.086
After sweep 27 energy=-6.0238075  maxlinkdim=300 maxerr=8.52E-08 time=4.179
After sweep 28 energy=-6.023816  maxlinkdim=300 maxerr=1.42E-07 time=4.163
After sweep 29 energy=-6.023843  maxlinkdim=300 maxerr=5.83E-08 time=4.145
After sweep 30 energy=-6.023799  maxlinkdim=300 maxerr=3.23E-09 time=4.128
n0: 0.49999782; n1: 0.50001466; mu0: -2.6532001135405214; mu1: -2.6432001135405216
FOUND MU; mu: -2.6532001135405214  n: 0.49999782
Target density achieved with mu=-2.6532001135405214, n=0.49999782
Checking {alpha,beta} vs measured
Beta not converged.
NOT CONVERGED; updating alpha, beta and continuing...
After sweep 1 energy=-4.686748  maxlinkdim=16 maxerr=2.52E-07 time=0.540
After sweep 2 energy=-5.7839007  maxlinkdim=176 maxerr=2.68E-08 time=1.239
After sweep 3 energy=-5.87009  maxlinkdim=193 maxerr=1.29E-07 time=2.002
After sweep 4 energy=-5.917425  maxlinkdim=219 maxerr=9.54E-08 time=1.945
After sweep 5 energy=-5.9459457  maxlinkdim=198 maxerr=1.45E-07 time=1.874
After sweep 6 energy=-5.966695  maxlinkdim=207 maxerr=5.44E-09 time=1.788
After sweep 7 energy=-5.9823346  maxlinkdim=198 maxerr=1.68E-09 time=1.805
After sweep 8 energy=-5.9927974  maxlinkdim=226 maxerr=7.68E-08 time=1.793
After sweep 9 energy=-6.0004864  maxlinkdim=297 maxerr=2.69E-09 time=1.824
After sweep 10 energy=-6.005881  maxlinkdim=199 maxerr=3.88E-08 time=1.815
After sweep 11 energy=-6.0104175  maxlinkdim=270 maxerr=3.08E-09 time=1.912
After sweep 12 energy=-6.0133038  maxlinkdim=298 maxerr=2.07E-07 time=1.940
After sweep 13 energy=-6.0158415  maxlinkdim=256 maxerr=8.39E-10 time=1.970
After sweep 14 energy=-6.017751  maxlinkdim=212 maxerr=1.20E-09 time=2.058
After sweep 15 energy=-6.0192757  maxlinkdim=223 maxerr=5.85E-09 time=2.117
After sweep 16 energy=-6.0207844  maxlinkdim=230 maxerr=9.09E-10 time=2.343
After sweep 17 energy=-6.0217433  maxlinkdim=271 maxerr=9.53E-08 time=2.453
After sweep 18 energy=-6.0223713  maxlinkdim=278 maxerr=6.34E-10 time=2.532
After sweep 19 energy=-6.0228777  maxlinkdim=269 maxerr=7.86E-10 time=2.680
After sweep 20 energy=-6.023225  maxlinkdim=287 maxerr=8.08E-10 time=2.861
After sweep 21 energy=-6.023417  maxlinkdim=278 maxerr=1.72E-07 time=2.954
After sweep 22 energy=-6.0235987  maxlinkdim=272 maxerr=9.50E-08 time=3.043
After sweep 23 energy=-6.023681  maxlinkdim=300 maxerr=6.36E-10 time=3.243
After sweep 24 energy=-6.023752  maxlinkdim=300 maxerr=4.30E-08 time=3.456
After sweep 25 energy=-6.0237837  maxlinkdim=300 maxerr=9.33E-08 time=3.669
After sweep 26 energy=-6.023838  maxlinkdim=300 maxerr=6.92E-08 time=3.901
After sweep 27 energy=-6.0238013  maxlinkdim=300 maxerr=6.08E-08 time=4.117
After sweep 28 energy=-6.0237937  maxlinkdim=300 maxerr=1.74E-07 time=4.189
After sweep 29 energy=-6.023803  maxlinkdim=300 maxerr=1.67E-07 time=4.170
After sweep 30 energy=-6.023812  maxlinkdim=300 maxerr=1.13E-07 time=4.128
Same mu: -2.6532001135405214 and continuing
Target density achieved with mu=-2.6532001135405214, n=0.499998
Checking {alpha,beta} vs measured
Beta not converged.
NOT CONVERGED; updating alpha, beta and continuing...
After sweep 1 energy=-4.6858835  maxlinkdim=16 maxerr=3.60E-07 time=0.842
After sweep 2 energy=-5.7827964  maxlinkdim=183 maxerr=1.60E-08 time=1.181
After sweep 3 energy=-5.868144  maxlinkdim=193 maxerr=3.21E-08 time=2.041
After sweep 4 energy=-5.915724  maxlinkdim=229 maxerr=1.97E-09 time=1.927
After sweep 5 energy=-5.943825  maxlinkdim=185 maxerr=5.39E-08 time=1.890
After sweep 6 energy=-5.965041  maxlinkdim=225 maxerr=1.15E-09 time=1.806
After sweep 7 energy=-5.9803257  maxlinkdim=186 maxerr=1.28E-09 time=1.747
After sweep 8 energy=-5.990412  maxlinkdim=201 maxerr=1.13E-09 time=1.719
After sweep 9 energy=-5.998404  maxlinkdim=236 maxerr=1.11E-09 time=1.767
After sweep 10 energy=-6.0059867  maxlinkdim=194 maxerr=8.37E-10 time=1.860
After sweep 11 energy=-6.010506  maxlinkdim=196 maxerr=9.29E-09 time=1.912
After sweep 12 energy=-6.0135975  maxlinkdim=211 maxerr=4.96E-08 time=1.910
After sweep 13 energy=-6.0170236  maxlinkdim=232 maxerr=7.32E-08 time=2.084
After sweep 14 energy=-6.0190144  maxlinkdim=231 maxerr=1.68E-08 time=2.182
After sweep 15 energy=-6.020197  maxlinkdim=223 maxerr=2.97E-08 time=2.148
After sweep 16 energy=-6.0211163  maxlinkdim=235 maxerr=1.61E-07 time=2.275
After sweep 17 energy=-6.021817  maxlinkdim=243 maxerr=1.00E-10 time=2.420
After sweep 18 energy=-6.022479  maxlinkdim=251 maxerr=1.18E-09 time=2.584
After sweep 19 energy=-6.02302  maxlinkdim=278 maxerr=1.96E-07 time=2.806
After sweep 20 energy=-6.023328  maxlinkdim=288 maxerr=8.77E-08 time=2.934
After sweep 21 energy=-6.023554  maxlinkdim=283 maxerr=9.86E-08 time=3.001
After sweep 22 energy=-6.023659  maxlinkdim=290 maxerr=1.33E-09 time=3.137
After sweep 23 energy=-6.0237455  maxlinkdim=292 maxerr=6.72E-08 time=3.367
After sweep 24 energy=-6.023792  maxlinkdim=300 maxerr=2.01E-10 time=3.633
After sweep 25 energy=-6.0238175  maxlinkdim=300 maxerr=7.21E-10 time=3.839
After sweep 26 energy=-6.023786  maxlinkdim=300 maxerr=3.93E-08 time=4.080
After sweep 27 energy=-6.023793  maxlinkdim=300 maxerr=2.01E-07 time=4.166
After sweep 28 energy=-6.023814  maxlinkdim=300 maxerr=1.99E-09 time=4.162
After sweep 29 energy=-6.02378  maxlinkdim=300 maxerr=2.56E-09 time=4.147
After sweep 30 energy=-6.023796  maxlinkdim=300 maxerr=1.83E-07 time=4.141
Same mu: -2.6532001135405214 and continuing
Target density achieved with mu=-2.6532001135405214, n=0.49999732
Checking {alpha,beta} vs measured
Beta not converged.
NOT CONVERGED; updating alpha, beta and continuing...
After sweep 1 energy=-4.689887  maxlinkdim=16 maxerr=3.01E-07 time=0.557
After sweep 2 energy=-5.787577  maxlinkdim=182 maxerr=1.03E-07 time=1.272
After sweep 3 energy=-5.8709254  maxlinkdim=193 maxerr=7.41E-08 time=1.991
After sweep 4 energy=-5.9186616  maxlinkdim=223 maxerr=2.32E-09 time=1.959
After sweep 5 energy=-5.945359  maxlinkdim=185 maxerr=1.91E-09 time=1.883
After sweep 6 energy=-5.9660673  maxlinkdim=237 maxerr=5.01E-08 time=1.782
After sweep 7 energy=-5.9829307  maxlinkdim=208 maxerr=6.03E-08 time=1.805
After sweep 8 energy=-5.9932175  maxlinkdim=250 maxerr=1.18E-08 time=1.817
After sweep 9 energy=-6.000527  maxlinkdim=243 maxerr=1.59E-07 time=1.843
After sweep 10 energy=-6.006246  maxlinkdim=199 maxerr=1.06E-09 time=1.829
After sweep 11 energy=-6.010401  maxlinkdim=220 maxerr=3.31E-10 time=1.844
After sweep 12 energy=-6.013632  maxlinkdim=242 maxerr=5.12E-10 time=1.890
After sweep 13 energy=-6.0170684  maxlinkdim=237 maxerr=2.50E-09 time=2.075
After sweep 14 energy=-6.018875  maxlinkdim=213 maxerr=3.13E-08 time=2.132
After sweep 15 energy=-6.0204563  maxlinkdim=237 maxerr=6.09E-10 time=2.263
After sweep 16 energy=-6.021324  maxlinkdim=209 maxerr=8.20E-08 time=2.248
After sweep 17 energy=-6.022138  maxlinkdim=284 maxerr=1.00E-10 time=2.418
After sweep 18 energy=-6.0227046  maxlinkdim=278 maxerr=8.60E-10 time=2.675
After sweep 19 energy=-6.023101  maxlinkdim=284 maxerr=1.07E-07 time=2.780
After sweep 20 energy=-6.0233326  maxlinkdim=250 maxerr=7.77E-08 time=2.868
After sweep 21 energy=-6.023524  maxlinkdim=267 maxerr=6.57E-08 time=2.928
After sweep 22 energy=-6.0236654  maxlinkdim=300 maxerr=1.83E-07 time=3.181
After sweep 23 energy=-6.023769  maxlinkdim=300 maxerr=1.00E-09 time=3.564
After sweep 24 energy=-6.023775  maxlinkdim=300 maxerr=6.50E-10 time=3.742
After sweep 25 energy=-6.02382  maxlinkdim=300 maxerr=5.38E-08 time=3.940
After sweep 26 energy=-6.0237885  maxlinkdim=300 maxerr=4.91E-10 time=4.113
After sweep 27 energy=-6.023794  maxlinkdim=300 maxerr=2.44E-07 time=4.172
After sweep 28 energy=-6.0237865  maxlinkdim=300 maxerr=1.78E-08 time=4.161
After sweep 29 energy=-6.0238037  maxlinkdim=300 maxerr=7.95E-08 time=4.148
After sweep 30 energy=-6.023807  maxlinkdim=300 maxerr=1.25E-08 time=4.126
Same mu: -2.6532001135405214 and continuing
Target density achieved with mu=-2.6532001135405214, n=0.49999768
Checking {alpha,beta} vs measured
Beta not converged.
NOT CONVERGED; updating alpha, beta and continuing...
After sweep 1 energy=-4.6806016  maxlinkdim=16 maxerr=2.29E-07 time=0.546
After sweep 2 energy=-5.788281  maxlinkdim=178 maxerr=2.08E-08 time=1.245
After sweep 3 energy=-5.870931  maxlinkdim=181 maxerr=1.59E-09 time=1.936
After sweep 4 energy=-5.9198966  maxlinkdim=213 maxerr=1.07E-08 time=1.956
After sweep 5 energy=-5.947526  maxlinkdim=201 maxerr=1.62E-09 time=1.920
After sweep 6 energy=-5.969076  maxlinkdim=240 maxerr=2.97E-07 time=1.895
After sweep 7 energy=-5.982932  maxlinkdim=218 maxerr=4.37E-07 time=1.856
After sweep 8 energy=-5.9936323  maxlinkdim=248 maxerr=1.69E-09 time=1.860
After sweep 9 energy=-6.0008016  maxlinkdim=238 maxerr=1.63E-07 time=1.849
After sweep 10 energy=-6.006365  maxlinkdim=224 maxerr=7.87E-08 time=1.914
After sweep 11 energy=-6.0102415  maxlinkdim=226 maxerr=6.26E-10 time=1.900
After sweep 12 energy=-6.0139747  maxlinkdim=227 maxerr=1.38E-09 time=2.009
After sweep 13 energy=-6.0171733  maxlinkdim=219 maxerr=1.34E-09 time=2.158
After sweep 14 energy=-6.0189857  maxlinkdim=241 maxerr=8.73E-08 time=2.162
After sweep 15 energy=-6.0203943  maxlinkdim=273 maxerr=6.58E-08 time=2.297
After sweep 16 energy=-6.0214825  maxlinkdim=232 maxerr=1.07E-09 time=2.473
After sweep 17 energy=-6.022179  maxlinkdim=252 maxerr=1.60E-09 time=2.472
After sweep 18 energy=-6.022617  maxlinkdim=277 maxerr=1.33E-09 time=2.565
After sweep 19 energy=-6.023035  maxlinkdim=280 maxerr=8.99E-10 time=2.743
After sweep 20 energy=-6.0232973  maxlinkdim=267 maxerr=3.12E-10 time=2.881
After sweep 21 energy=-6.0234756  maxlinkdim=300 maxerr=2.16E-07 time=2.958
After sweep 22 energy=-6.0236573  maxlinkdim=300 maxerr=1.00E-09 time=3.229
After sweep 23 energy=-6.023744  maxlinkdim=300 maxerr=1.48E-09 time=3.433
After sweep 24 energy=-6.023785  maxlinkdim=300 maxerr=8.71E-08 time=3.546
After sweep 25 energy=-6.0237947  maxlinkdim=300 maxerr=5.78E-10 time=3.791
After sweep 26 energy=-6.0238056  maxlinkdim=300 maxerr=1.18E-09 time=4.001
After sweep 27 energy=-6.0238113  maxlinkdim=300 maxerr=4.13E-08 time=4.149
After sweep 28 energy=-6.023821  maxlinkdim=300 maxerr=9.68E-10 time=4.173
After sweep 29 energy=-6.0238266  maxlinkdim=300 maxerr=8.76E-08 time=4.147
After sweep 30 energy=-6.023796  maxlinkdim=300 maxerr=5.85E-08 time=4.141
Same mu: -2.6532001135405214 and continuing
Target density achieved with mu=-2.6532001135405214, n=0.49999714
Checking {alpha,beta} vs measured
Beta not converged.
NOT CONVERGED; updating alpha, beta and continuing...
After sweep 1 energy=-4.690751  maxlinkdim=16 maxerr=2.89E-07 time=0.656
After sweep 2 energy=-5.7887206  maxlinkdim=181 maxerr=2.06E-08 time=1.211
After sweep 3 energy=-5.8740525  maxlinkdim=199 maxerr=6.07E-08 time=2.281
After sweep 4 energy=-5.9204316  maxlinkdim=237 maxerr=1.59E-09 time=2.009
After sweep 5 energy=-5.947742  maxlinkdim=207 maxerr=2.49E-09 time=1.922
After sweep 6 energy=-5.9687767  maxlinkdim=222 maxerr=1.71E-07 time=1.803
After sweep 7 energy=-5.9825654  maxlinkdim=181 maxerr=1.00E-07 time=1.765
After sweep 8 energy=-5.99317  maxlinkdim=288 maxerr=4.56E-08 time=1.779
After sweep 9 energy=-6.000621  maxlinkdim=228 maxerr=1.31E-09 time=1.849
After sweep 10 energy=-6.0074983  maxlinkdim=226 maxerr=1.74E-10 time=1.951
After sweep 11 energy=-6.011918  maxlinkdim=245 maxerr=4.00E-10 time=2.051
After sweep 12 energy=-6.01472  maxlinkdim=204 maxerr=6.73E-09 time=1.965
After sweep 13 energy=-6.016959  maxlinkdim=232 maxerr=4.14E-08 time=2.039
After sweep 14 energy=-6.0187054  maxlinkdim=234 maxerr=1.62E-07 time=2.119
After sweep 15 energy=-6.020305  maxlinkdim=226 maxerr=5.34E-10 time=2.271
After sweep 16 energy=-6.021557  maxlinkdim=226 maxerr=1.66E-07 time=2.381
After sweep 17 energy=-6.022196  maxlinkdim=235 maxerr=1.24E-07 time=2.430
After sweep 18 energy=-6.022716  maxlinkdim=263 maxerr=1.79E-07 time=2.582
After sweep 19 energy=-6.023066  maxlinkdim=272 maxerr=4.58E-09 time=2.681
After sweep 20 energy=-6.0233674  maxlinkdim=283 maxerr=1.01E-10 time=2.918
After sweep 21 energy=-6.023523  maxlinkdim=286 maxerr=1.36E-07 time=3.054
After sweep 22 energy=-6.023695  maxlinkdim=300 maxerr=1.45E-07 time=3.207
After sweep 23 energy=-6.023735  maxlinkdim=300 maxerr=4.01E-08 time=3.411
After sweep 24 energy=-6.023785  maxlinkdim=300 maxerr=3.90E-08 time=3.649
After sweep 25 energy=-6.023778  maxlinkdim=300 maxerr=2.09E-07 time=3.816
After sweep 26 energy=-6.0238056  maxlinkdim=300 maxerr=1.47E-07 time=4.017
After sweep 27 energy=-6.0237703  maxlinkdim=300 maxerr=1.14E-09 time=4.164
After sweep 28 energy=-6.0238333  maxlinkdim=300 maxerr=1.36E-07 time=4.166
After sweep 29 energy=-6.0238113  maxlinkdim=300 maxerr=9.46E-10 time=4.142
After sweep 30 energy=-6.0238113  maxlinkdim=300 maxerr=1.33E-08 time=4.128
Same mu: -2.6532001135405214 and continuing
Target density achieved with mu=-2.6532001135405214, n=0.4999982
Checking {alpha,beta} vs measured
Beta not converged.
NOT CONVERGED; updating alpha, beta and continuing...
After sweep 1 energy=-4.6813765  maxlinkdim=16 maxerr=2.35E-07 time=0.563
After sweep 2 energy=-5.7763  maxlinkdim=173 maxerr=9.69E-08 time=1.243
After sweep 3 energy=-5.8626385  maxlinkdim=195 maxerr=2.17E-07 time=1.905
After sweep 4 energy=-5.9121475  maxlinkdim=213 maxerr=3.75E-08 time=1.882
After sweep 5 energy=-5.9435005  maxlinkdim=201 maxerr=1.75E-09 time=1.819
After sweep 6 energy=-5.9647665  maxlinkdim=246 maxerr=1.61E-07 time=1.787
After sweep 7 energy=-5.9800744  maxlinkdim=233 maxerr=1.83E-08 time=1.755
After sweep 8 energy=-5.9912395  maxlinkdim=224 maxerr=1.20E-09 time=1.791
After sweep 9 energy=-5.998825  maxlinkdim=218 maxerr=9.45E-10 time=1.749
After sweep 10 energy=-6.005115  maxlinkdim=207 maxerr=4.18E-08 time=1.785
After sweep 11 energy=-6.010295  maxlinkdim=230 maxerr=2.10E-08 time=1.963
After sweep 12 energy=-6.0135145  maxlinkdim=300 maxerr=1.03E-07 time=1.989
After sweep 13 energy=-6.016222  maxlinkdim=243 maxerr=9.54E-10 time=2.065
After sweep 14 energy=-6.017984  maxlinkdim=209 maxerr=3.48E-10 time=2.103
After sweep 15 energy=-6.019779  maxlinkdim=234 maxerr=1.94E-10 time=2.219
After sweep 16 energy=-6.021308  maxlinkdim=254 maxerr=9.21E-10 time=2.453
After sweep 17 energy=-6.022054  maxlinkdim=250 maxerr=2.80E-07 time=2.499
After sweep 18 energy=-6.0225735  maxlinkdim=237 maxerr=1.51E-09 time=2.535
After sweep 19 energy=-6.022974  maxlinkdim=249 maxerr=1.79E-09 time=2.617
After sweep 20 energy=-6.0232153  maxlinkdim=239 maxerr=6.66E-10 time=2.727
After sweep 21 energy=-6.023429  maxlinkdim=254 maxerr=1.95E-07 time=2.843
After sweep 22 energy=-6.023592  maxlinkdim=300 maxerr=5.56E-08 time=2.980
After sweep 23 energy=-6.023684  maxlinkdim=300 maxerr=8.31E-10 time=3.270
After sweep 24 energy=-6.023739  maxlinkdim=300 maxerr=4.62E-10 time=3.455
After sweep 25 energy=-6.0238147  maxlinkdim=300 maxerr=1.57E-07 time=3.629
After sweep 26 energy=-6.0238066  maxlinkdim=300 maxerr=6.95E-08 time=3.810
After sweep 27 energy=-6.023795  maxlinkdim=300 maxerr=2.36E-07 time=4.041
After sweep 28 energy=-6.0237575  maxlinkdim=300 maxerr=6.85E-10 time=4.162
After sweep 29 energy=-6.0238066  maxlinkdim=300 maxerr=6.22E-08 time=4.168
After sweep 30 energy=-6.0237885  maxlinkdim=300 maxerr=6.92E-08 time=4.130
Same mu: -2.6532001135405214 and continuing
Target density achieved with mu=-2.6532001135405214, n=0.49999726
Checking {alpha,beta} vs measured
Beta not converged.
NOT CONVERGED; updating alpha, beta and continuing...
After sweep 1 energy=-4.6826243  maxlinkdim=16 maxerr=3.30E-07 time=0.540
After sweep 2 energy=-5.7786827  maxlinkdim=178 maxerr=2.19E-08 time=1.234
After sweep 3 energy=-5.866549  maxlinkdim=203 maxerr=5.20E-08 time=1.919
After sweep 4 energy=-5.915333  maxlinkdim=235 maxerr=4.99E-08 time=1.921
After sweep 5 energy=-5.9438953  maxlinkdim=207 maxerr=1.03E-07 time=1.866
After sweep 6 energy=-5.965849  maxlinkdim=248 maxerr=1.92E-07 time=1.800
After sweep 7 energy=-5.981998  maxlinkdim=225 maxerr=1.74E-08 time=1.826
After sweep 8 energy=-5.9922643  maxlinkdim=198 maxerr=9.27E-09 time=1.747
After sweep 9 energy=-5.9999485  maxlinkdim=225 maxerr=5.26E-08 time=1.728
After sweep 10 energy=-6.0052514  maxlinkdim=249 maxerr=5.19E-10 time=1.782
After sweep 11 energy=-6.009458  maxlinkdim=233 maxerr=1.13E-09 time=1.810
After sweep 12 energy=-6.0127077  maxlinkdim=262 maxerr=9.57E-08 time=1.911
After sweep 13 energy=-6.0155025  maxlinkdim=223 maxerr=1.77E-09 time=1.998
After sweep 14 energy=-6.0178924  maxlinkdim=252 maxerr=1.84E-07 time=2.105
After sweep 15 energy=-6.0193334  maxlinkdim=234 maxerr=2.11E-08 time=2.140
After sweep 16 energy=-6.020508  maxlinkdim=234 maxerr=1.05E-07 time=2.244
After sweep 17 energy=-6.0214415  maxlinkdim=256 maxerr=6.87E-08 time=2.352
After sweep 18 energy=-6.022256  maxlinkdim=253 maxerr=1.94E-09 time=2.535
After sweep 19 energy=-6.022867  maxlinkdim=246 maxerr=8.76E-10 time=2.745
After sweep 20 energy=-6.023202  maxlinkdim=278 maxerr=1.49E-07 time=2.825
After sweep 21 energy=-6.0234385  maxlinkdim=290 maxerr=2.20E-10 time=3.020
After sweep 22 energy=-6.023614  maxlinkdim=281 maxerr=4.49E-09 time=3.134
After sweep 23 energy=-6.0236998  maxlinkdim=300 maxerr=2.59E-07 time=3.382
After sweep 24 energy=-6.0237665  maxlinkdim=300 maxerr=2.45E-10 time=3.552
After sweep 25 energy=-6.0238028  maxlinkdim=300 maxerr=1.96E-08 time=3.837
After sweep 26 energy=-6.023793  maxlinkdim=300 maxerr=7.77E-10 time=4.015
After sweep 27 energy=-6.0237665  maxlinkdim=300 maxerr=1.16E-09 time=4.151
After sweep 28 energy=-6.023815  maxlinkdim=300 maxerr=2.43E-07 time=4.175
After sweep 29 energy=-6.023794  maxlinkdim=300 maxerr=1.30E-07 time=4.146
After sweep 30 energy=-6.0238132  maxlinkdim=300 maxerr=1.40E-07 time=4.133
Same mu: -2.6532001135405214 and continuing
Target density achieved with mu=-2.6532001135405214, n=0.49999774
Checking {alpha,beta} vs measured
Beta not converged.
NOT CONVERGED; updating alpha, beta and continuing...
After sweep 1 energy=-4.680524  maxlinkdim=16 maxerr=2.90E-07 time=0.625
After sweep 2 energy=-5.7899117  maxlinkdim=173 maxerr=1.33E-08 time=1.499
After sweep 3 energy=-5.8730903  maxlinkdim=195 maxerr=8.80E-08 time=1.988
After sweep 4 energy=-5.9197397  maxlinkdim=214 maxerr=1.99E-07 time=1.931
After sweep 5 energy=-5.946959  maxlinkdim=211 maxerr=1.34E-09 time=1.892
After sweep 6 energy=-5.9675117  maxlinkdim=245 maxerr=2.37E-07 time=1.830
After sweep 7 energy=-5.981926  maxlinkdim=195 maxerr=1.84E-09 time=1.747
After sweep 8 energy=-5.9927697  maxlinkdim=235 maxerr=1.26E-09 time=1.791
After sweep 9 energy=-6.000408  maxlinkdim=250 maxerr=1.67E-07 time=1.757
After sweep 10 energy=-6.007748  maxlinkdim=212 maxerr=1.55E-07 time=1.953
After sweep 11 energy=-6.011733  maxlinkdim=206 maxerr=1.33E-07 time=1.903
After sweep 12 energy=-6.0146313  maxlinkdim=214 maxerr=8.13E-08 time=1.940
After sweep 13 energy=-6.0169706  maxlinkdim=212 maxerr=7.16E-08 time=1.989
After sweep 14 energy=-6.018653  maxlinkdim=220 maxerr=1.02E-07 time=2.021
After sweep 15 energy=-6.0204268  maxlinkdim=247 maxerr=4.58E-08 time=2.223
After sweep 16 energy=-6.0213404  maxlinkdim=235 maxerr=5.84E-10 time=2.288
After sweep 17 energy=-6.0221186  maxlinkdim=293 maxerr=2.21E-08 time=2.430
After sweep 18 energy=-6.022728  maxlinkdim=300 maxerr=9.34E-08 time=2.663
After sweep 19 energy=-6.0230713  maxlinkdim=300 maxerr=2.46E-07 time=2.693
After sweep 20 energy=-6.0233455  maxlinkdim=300 maxerr=1.69E-07 time=2.873
After sweep 21 energy=-6.023552  maxlinkdim=293 maxerr=4.79E-08 time=3.060
After sweep 22 energy=-6.023668  maxlinkdim=276 maxerr=1.37E-07 time=3.239
After sweep 23 energy=-6.023754  maxlinkdim=300 maxerr=1.43E-07 time=3.407
After sweep 24 energy=-6.0238028  maxlinkdim=300 maxerr=3.03E-08 time=3.657
After sweep 25 energy=-6.023799  maxlinkdim=300 maxerr=6.86E-10 time=3.882
After sweep 26 energy=-6.023794  maxlinkdim=300 maxerr=1.32E-09 time=4.064
After sweep 27 energy=-6.023785  maxlinkdim=300 maxerr=7.66E-10 time=4.161
After sweep 28 energy=-6.023798  maxlinkdim=300 maxerr=1.30E-07 time=4.161
After sweep 29 energy=-6.02378  maxlinkdim=300 maxerr=5.49E-08 time=4.149
After sweep 30 energy=-6.0238237  maxlinkdim=300 maxerr=1.09E-07 time=4.138
Same mu: -2.6532001135405214 and continuing
Target density achieved with mu=-2.6532001135405214, n=0.49999908
Checking {alpha,beta} vs measured
Beta not converged.
NOT CONVERGED; updating alpha, beta and continuing...
After sweep 1 energy=-4.6749887  maxlinkdim=16 maxerr=3.70E-07 time=0.562
After sweep 2 energy=-5.7873764  maxlinkdim=177 maxerr=2.43E-08 time=1.256
After sweep 3 energy=-5.8711247  maxlinkdim=184 maxerr=2.25E-08 time=1.984
After sweep 4 energy=-5.9178076  maxlinkdim=219 maxerr=1.06E-07 time=1.921
After sweep 5 energy=-5.945804  maxlinkdim=212 maxerr=4.53E-08 time=1.879
After sweep 6 energy=-5.9668436  maxlinkdim=237 maxerr=2.18E-08 time=1.813
After sweep 7 energy=-5.981438  maxlinkdim=195 maxerr=1.21E-07 time=1.776
After sweep 8 energy=-5.991425  maxlinkdim=200 maxerr=1.49E-07 time=1.761
After sweep 9 energy=-5.999277  maxlinkdim=223 maxerr=1.99E-07 time=1.761
After sweep 10 energy=-6.004888  maxlinkdim=233 maxerr=6.16E-10 time=1.831
After sweep 11 energy=-6.009642  maxlinkdim=210 maxerr=8.82E-09 time=1.910
After sweep 12 energy=-6.0130033  maxlinkdim=258 maxerr=6.61E-10 time=1.966
After sweep 13 energy=-6.015402  maxlinkdim=221 maxerr=6.55E-08 time=1.975
After sweep 14 energy=-6.0175014  maxlinkdim=216 maxerr=3.35E-09 time=2.045
After sweep 15 energy=-6.019002  maxlinkdim=232 maxerr=5.27E-09 time=2.160
After sweep 16 energy=-6.020545  maxlinkdim=237 maxerr=6.09E-10 time=2.301
After sweep 17 energy=-6.021553  maxlinkdim=259 maxerr=2.99E-07 time=2.436
After sweep 18 energy=-6.0221233  maxlinkdim=241 maxerr=1.56E-07 time=2.441
After sweep 19 energy=-6.0226545  maxlinkdim=275 maxerr=1.50E-07 time=2.583
After sweep 20 energy=-6.023019  maxlinkdim=300 maxerr=3.97E-08 time=2.700
After sweep 21 energy=-6.0233254  maxlinkdim=300 maxerr=1.01E-09 time=2.880
After sweep 22 energy=-6.0235243  maxlinkdim=283 maxerr=1.19E-09 time=3.037
After sweep 23 energy=-6.0236535  maxlinkdim=286 maxerr=2.04E-07 time=3.165
After sweep 24 energy=-6.023771  maxlinkdim=289 maxerr=1.38E-07 time=3.379
After sweep 25 energy=-6.0237737  maxlinkdim=300 maxerr=1.11E-09 time=3.612
After sweep 26 energy=-6.023816  maxlinkdim=300 maxerr=6.91E-08 time=3.857
After sweep 27 energy=-6.0238104  maxlinkdim=300 maxerr=5.44E-08 time=4.047
After sweep 28 energy=-6.02377  maxlinkdim=300 maxerr=8.00E-08 time=4.163
After sweep 29 energy=-6.023776  maxlinkdim=300 maxerr=3.05E-08 time=4.174
After sweep 30 energy=-6.023801  maxlinkdim=300 maxerr=1.41E-09 time=4.143
Same mu: -2.6532001135405214 and continuing
Target density achieved with mu=-2.6532001135405214, n=0.49999723
Checking {alpha,beta} vs measured
Beta not converged.
NOT CONVERGED; updating alpha, beta and continuing...
After sweep 1 energy=-4.687548  maxlinkdim=16 maxerr=3.25E-07 time=0.566
After sweep 2 energy=-5.7902308  maxlinkdim=178 maxerr=2.00E-08 time=1.190
After sweep 3 energy=-5.872804  maxlinkdim=200 maxerr=2.06E-09 time=2.034
After sweep 4 energy=-5.916517  maxlinkdim=211 maxerr=1.70E-09 time=1.936
After sweep 5 energy=-5.943264  maxlinkdim=184 maxerr=6.88E-10 time=1.796
After sweep 6 energy=-5.9650917  maxlinkdim=250 maxerr=4.67E-09 time=1.772
After sweep 7 energy=-5.9801574  maxlinkdim=229 maxerr=2.03E-09 time=1.732
After sweep 8 energy=-5.9918265  maxlinkdim=252 maxerr=1.20E-09 time=1.781
After sweep 9 energy=-5.9995203  maxlinkdim=224 maxerr=1.78E-07 time=1.809
After sweep 10 energy=-6.005492  maxlinkdim=235 maxerr=4.78E-08 time=1.820
After sweep 11 energy=-6.010047  maxlinkdim=273 maxerr=9.14E-10 time=1.933
After sweep 12 energy=-6.0132546  maxlinkdim=234 maxerr=6.23E-10 time=1.939
After sweep 13 energy=-6.0162864  maxlinkdim=251 maxerr=2.27E-09 time=2.063
After sweep 14 energy=-6.0183816  maxlinkdim=255 maxerr=4.88E-10 time=2.181
After sweep 15 energy=-6.019894  maxlinkdim=230 maxerr=2.87E-08 time=2.277
After sweep 16 energy=-6.021103  maxlinkdim=251 maxerr=7.58E-10 time=2.410
After sweep 17 energy=-6.0219116  maxlinkdim=248 maxerr=4.75E-08 time=2.520
After sweep 18 energy=-6.022511  maxlinkdim=262 maxerr=5.03E-08 time=2.593
After sweep 19 energy=-6.0229435  maxlinkdim=292 maxerr=1.70E-07 time=2.756
After sweep 20 energy=-6.023292  maxlinkdim=287 maxerr=1.08E-07 time=2.942
After sweep 21 energy=-6.0235176  maxlinkdim=300 maxerr=2.32E-07 time=3.150
After sweep 22 energy=-6.023641  maxlinkdim=300 maxerr=3.00E-07 time=3.297
After sweep 23 energy=-6.0237246  maxlinkdim=300 maxerr=1.10E-07 time=3.425
After sweep 24 energy=-6.02381  maxlinkdim=300 maxerr=9.06E-08 time=3.615
After sweep 25 energy=-6.023788  maxlinkdim=300 maxerr=1.66E-07 time=3.846
After sweep 26 energy=-6.0237923  maxlinkdim=300 maxerr=1.65E-07 time=4.061
After sweep 27 energy=-6.023789  maxlinkdim=300 maxerr=7.23E-08 time=4.173
After sweep 28 energy=-6.0237927  maxlinkdim=300 maxerr=1.74E-07 time=4.170
After sweep 29 energy=-6.023793  maxlinkdim=300 maxerr=1.05E-07 time=4.140
After sweep 30 energy=-6.0238066  maxlinkdim=300 maxerr=2.29E-07 time=4.130
Same mu: -2.6532001135405214 and continuing
Target density achieved with mu=-2.6532001135405214, n=0.4999974
Checking {alpha,beta} vs measured
Beta not converged.
NOT CONVERGED; updating alpha, beta and continuing...
After sweep 1 energy=-4.685926  maxlinkdim=16 maxerr=3.61E-07 time=0.626
After sweep 2 energy=-5.791531  maxlinkdim=177 maxerr=9.76E-09 time=1.505
After sweep 3 energy=-5.874681  maxlinkdim=192 maxerr=1.06E-07 time=2.007
After sweep 4 energy=-5.919914  maxlinkdim=203 maxerr=8.69E-08 time=1.911
After sweep 5 energy=-5.9474444  maxlinkdim=191 maxerr=2.61E-09 time=1.860
After sweep 6 energy=-5.9687243  maxlinkdim=236 maxerr=1.88E-09 time=1.810
After sweep 7 energy=-5.982292  maxlinkdim=188 maxerr=1.81E-07 time=1.716
After sweep 8 energy=-5.9925222  maxlinkdim=215 maxerr=1.25E-08 time=1.697
After sweep 9 energy=-6.000066  maxlinkdim=183 maxerr=1.02E-07 time=1.748
After sweep 10 energy=-6.0073814  maxlinkdim=203 maxerr=1.57E-07 time=1.845
After sweep 11 energy=-6.0114393  maxlinkdim=224 maxerr=1.96E-09 time=1.920
After sweep 12 energy=-6.0144444  maxlinkdim=208 maxerr=1.20E-08 time=1.927
After sweep 13 energy=-6.016925  maxlinkdim=221 maxerr=5.39E-08 time=2.013
After sweep 14 energy=-6.0186167  maxlinkdim=210 maxerr=1.36E-07 time=1.978
After sweep 15 energy=-6.0202885  maxlinkdim=219 maxerr=7.25E-08 time=2.234
After sweep 16 energy=-6.021551  maxlinkdim=229 maxerr=4.42E-08 time=2.371
After sweep 17 energy=-6.022218  maxlinkdim=248 maxerr=4.20E-08 time=2.389
After sweep 18 energy=-6.022676  maxlinkdim=300 maxerr=1.81E-07 time=2.516
After sweep 19 energy=-6.023078  maxlinkdim=272 maxerr=9.34E-08 time=2.650
After sweep 20 energy=-6.0233793  maxlinkdim=300 maxerr=1.39E-08 time=2.866
After sweep 21 energy=-6.023602  maxlinkdim=279 maxerr=1.52E-09 time=3.086
After sweep 22 energy=-6.0236855  maxlinkdim=300 maxerr=1.80E-07 time=3.226
After sweep 23 energy=-6.0237484  maxlinkdim=295 maxerr=5.42E-08 time=3.445
After sweep 24 energy=-6.023754  maxlinkdim=300 maxerr=2.08E-07 time=3.690
After sweep 25 energy=-6.0238085  maxlinkdim=300 maxerr=2.07E-07 time=3.904
After sweep 26 energy=-6.023801  maxlinkdim=300 maxerr=2.85E-08 time=4.105
After sweep 27 energy=-6.023795  maxlinkdim=300 maxerr=1.46E-07 time=4.175
After sweep 28 energy=-6.0238132  maxlinkdim=300 maxerr=1.15E-07 time=4.158
After sweep 29 energy=-6.0238256  maxlinkdim=300 maxerr=5.58E-08 time=4.136
After sweep 30 energy=-6.023814  maxlinkdim=300 maxerr=1.71E-07 time=4.132
Same mu: -2.6532001135405214 and continuing
Target density achieved with mu=-2.6532001135405214, n=0.49999717
Checking {alpha,beta} vs measured
Beta not converged.
NOT CONVERGED; updating alpha, beta and continuing...
After sweep 1 energy=-4.6795073  maxlinkdim=16 maxerr=3.07E-07 time=0.559
After sweep 2 energy=-5.78584  maxlinkdim=179 maxerr=1.03E-08 time=1.235
After sweep 3 energy=-5.8717866  maxlinkdim=189 maxerr=1.16E-07 time=1.981
After sweep 4 energy=-5.9190464  maxlinkdim=234 maxerr=5.13E-08 time=1.955
After sweep 5 energy=-5.946045  maxlinkdim=204 maxerr=3.23E-07 time=1.896
After sweep 6 energy=-5.9663725  maxlinkdim=277 maxerr=3.15E-08 time=1.800
After sweep 7 energy=-5.9811773  maxlinkdim=230 maxerr=7.26E-10 time=1.803
After sweep 8 energy=-5.991824  maxlinkdim=295 maxerr=5.36E-08 time=1.797
After sweep 9 energy=-5.999387  maxlinkdim=266 maxerr=2.02E-09 time=1.801
After sweep 10 energy=-6.005149  maxlinkdim=199 maxerr=3.81E-08 time=1.807
After sweep 11 energy=-6.0092587  maxlinkdim=207 maxerr=1.49E-09 time=1.829
After sweep 12 energy=-6.012546  maxlinkdim=259 maxerr=9.82E-10 time=1.886
After sweep 13 energy=-6.0154924  maxlinkdim=219 maxerr=3.90E-09 time=2.010
After sweep 14 energy=-6.0175467  maxlinkdim=253 maxerr=5.51E-08 time=2.061
After sweep 15 energy=-6.0191197  maxlinkdim=219 maxerr=1.12E-09 time=2.130
After sweep 16 energy=-6.0204782  maxlinkdim=253 maxerr=1.25E-07 time=2.280
After sweep 17 energy=-6.021554  maxlinkdim=300 maxerr=1.82E-09 time=2.419
After sweep 18 energy=-6.022149  maxlinkdim=255 maxerr=1.17E-09 time=2.438
After sweep 19 energy=-6.0226564  maxlinkdim=246 maxerr=1.01E-09 time=2.583
After sweep 20 energy=-6.0229692  maxlinkdim=251 maxerr=9.16E-10 time=2.650
After sweep 21 energy=-6.0232553  maxlinkdim=293 maxerr=8.35E-08 time=2.755
After sweep 22 energy=-6.0234995  maxlinkdim=288 maxerr=2.24E-08 time=2.942
After sweep 23 energy=-6.0236216  maxlinkdim=289 maxerr=5.00E-08 time=3.204
After sweep 24 energy=-6.0237417  maxlinkdim=300 maxerr=3.71E-10 time=3.411
After sweep 25 energy=-6.023817  maxlinkdim=300 maxerr=8.39E-10 time=3.632
After sweep 26 energy=-6.023802  maxlinkdim=300 maxerr=2.13E-07 time=3.795
After sweep 27 energy=-6.0238023  maxlinkdim=300 maxerr=7.96E-10 time=4.008
After sweep 28 energy=-6.023809  maxlinkdim=300 maxerr=7.23E-08 time=4.147
After sweep 29 energy=-6.023792  maxlinkdim=300 maxerr=6.40E-08 time=4.160
After sweep 30 energy=-6.023799  maxlinkdim=300 maxerr=1.57E-07 time=4.139
Same mu: -2.6532001135405214 and continuing
Target density achieved with mu=-2.6532001135405214, n=0.4999975
Checking {alpha,beta} vs measured
Beta not converged.
NOT CONVERGED; updating alpha, beta and continuing...
After sweep 1 energy=-4.688049  maxlinkdim=16 maxerr=2.93E-07 time=0.570
After sweep 2 energy=-5.788318  maxlinkdim=173 maxerr=1.74E-08 time=1.182
After sweep 3 energy=-5.8715034  maxlinkdim=194 maxerr=6.79E-08 time=2.044
After sweep 4 energy=-5.9178495  maxlinkdim=237 maxerr=3.89E-09 time=1.953
After sweep 5 energy=-5.945258  maxlinkdim=185 maxerr=1.00E-10 time=1.822
After sweep 6 energy=-5.9679375  maxlinkdim=252 maxerr=3.43E-08 time=1.833
After sweep 7 energy=-5.982285  maxlinkdim=218 maxerr=1.32E-09 time=1.833
After sweep 8 energy=-5.9929647  maxlinkdim=272 maxerr=2.90E-08 time=1.801
After sweep 9 energy=-6.000548  maxlinkdim=267 maxerr=2.54E-07 time=1.852
After sweep 10 energy=-6.005836  maxlinkdim=219 maxerr=9.41E-08 time=1.828
After sweep 11 energy=-6.0100346  maxlinkdim=240 maxerr=3.15E-08 time=1.897
After sweep 12 energy=-6.0129795  maxlinkdim=262 maxerr=1.70E-07 time=1.921
After sweep 13 energy=-6.0157166  maxlinkdim=254 maxerr=2.79E-08 time=2.000
After sweep 14 energy=-6.018268  maxlinkdim=219 maxerr=5.27E-10 time=2.166
After sweep 15 energy=-6.0196276  maxlinkdim=266 maxerr=7.35E-10 time=2.209
After sweep 16 energy=-6.020784  maxlinkdim=274 maxerr=1.12E-07 time=2.337
After sweep 17 energy=-6.021694  maxlinkdim=300 maxerr=3.42E-10 time=2.479
After sweep 18 energy=-6.02231  maxlinkdim=257 maxerr=1.82E-07 time=2.568
After sweep 19 energy=-6.0227685  maxlinkdim=241 maxerr=5.14E-10 time=2.593
After sweep 20 energy=-6.023064  maxlinkdim=249 maxerr=1.27E-07 time=2.670
After sweep 21 energy=-6.0232925  maxlinkdim=278 maxerr=1.71E-07 time=2.764
After sweep 22 energy=-6.023487  maxlinkdim=283 maxerr=1.58E-09 time=2.978
After sweep 23 energy=-6.0236206  maxlinkdim=277 maxerr=1.83E-08 time=3.162
After sweep 24 energy=-6.0237284  maxlinkdim=300 maxerr=2.67E-08 time=3.345
After sweep 25 energy=-6.023753  maxlinkdim=300 maxerr=4.03E-10 time=3.643
After sweep 26 energy=-6.0237913  maxlinkdim=300 maxerr=2.49E-08 time=3.901
After sweep 27 energy=-6.0238056  maxlinkdim=300 maxerr=2.33E-07 time=4.067
After sweep 28 energy=-6.023798  maxlinkdim=300 maxerr=1.49E-09 time=4.165
After sweep 29 energy=-6.023798  maxlinkdim=300 maxerr=1.98E-07 time=4.166
After sweep 30 energy=-6.023793  maxlinkdim=300 maxerr=8.35E-08 time=4.128
Same mu: -2.6532001135405214 and continuing
Target density achieved with mu=-2.6532001135405214, n=0.49999782
Checking {alpha,beta} vs measured
Beta not converged.
NOT CONVERGED; updating alpha, beta and continuing...
After sweep 1 energy=-4.67279  maxlinkdim=16 maxerr=2.83E-07 time=0.620
After sweep 2 energy=-5.780027  maxlinkdim=174 maxerr=4.14E-08 time=1.492
After sweep 3 energy=-5.866952  maxlinkdim=189 maxerr=6.03E-08 time=1.951
After sweep 4 energy=-5.915232  maxlinkdim=200 maxerr=1.02E-07 time=1.934
After sweep 5 energy=-5.944345  maxlinkdim=194 maxerr=2.07E-09 time=1.892
After sweep 6 energy=-5.965372  maxlinkdim=204 maxerr=4.12E-08 time=1.800
After sweep 7 energy=-5.9807982  maxlinkdim=235 maxerr=8.46E-09 time=1.793
After sweep 8 energy=-5.992263  maxlinkdim=264 maxerr=3.51E-08 time=1.819
After sweep 9 energy=-5.999914  maxlinkdim=222 maxerr=7.39E-08 time=1.853
After sweep 10 energy=-6.0064077  maxlinkdim=207 maxerr=5.10E-10 time=1.881
After sweep 11 energy=-6.0107093  maxlinkdim=230 maxerr=5.22E-08 time=1.914
After sweep 12 energy=-6.013732  maxlinkdim=280 maxerr=1.00E-09 time=1.986
After sweep 13 energy=-6.016245  maxlinkdim=220 maxerr=6.69E-08 time=2.026
After sweep 14 energy=-6.0182  maxlinkdim=262 maxerr=7.67E-09 time=2.175
After sweep 15 energy=-6.0196004  maxlinkdim=259 maxerr=1.08E-07 time=2.247
After sweep 16 energy=-6.020907  maxlinkdim=262 maxerr=7.09E-10 time=2.346
After sweep 17 energy=-6.0218496  maxlinkdim=241 maxerr=1.05E-09 time=2.440
After sweep 18 energy=-6.022374  maxlinkdim=239 maxerr=1.33E-08 time=2.509
After sweep 19 energy=-6.022783  maxlinkdim=245 maxerr=9.19E-10 time=2.592
After sweep 20 energy=-6.023128  maxlinkdim=285 maxerr=4.93E-08 time=2.735
After sweep 21 energy=-6.0233912  maxlinkdim=299 maxerr=2.38E-08 time=2.935
After sweep 22 energy=-6.0235777  maxlinkdim=300 maxerr=9.65E-08 time=3.035
After sweep 23 energy=-6.023677  maxlinkdim=297 maxerr=1.24E-07 time=3.201
After sweep 24 energy=-6.02375  maxlinkdim=300 maxerr=2.06E-09 time=3.418
After sweep 25 energy=-6.023781  maxlinkdim=300 maxerr=1.23E-07 time=3.594
After sweep 26 energy=-6.023817  maxlinkdim=300 maxerr=2.42E-08 time=3.865
After sweep 27 energy=-6.023806  maxlinkdim=300 maxerr=3.82E-09 time=4.078
After sweep 28 energy=-6.023794  maxlinkdim=300 maxerr=9.67E-10 time=4.162
After sweep 29 energy=-6.023817  maxlinkdim=300 maxerr=1.56E-09 time=4.172
After sweep 30 energy=-6.0238066  maxlinkdim=300 maxerr=5.23E-08 time=4.137
Same mu: -2.6532001135405214 and continuing
Target density achieved with mu=-2.6532001135405214, n=0.49999723
Checking {alpha,beta} vs measured
Beta not converged.
NOT CONVERGED; updating alpha, beta and continuing...
After sweep 1 energy=-4.670442  maxlinkdim=16 maxerr=2.73E-07 time=0.548
After sweep 2 energy=-5.7820168  maxlinkdim=178 maxerr=1.44E-07 time=1.288
After sweep 3 energy=-5.8673873  maxlinkdim=192 maxerr=9.91E-08 time=1.992
After sweep 4 energy=-5.914198  maxlinkdim=235 maxerr=1.39E-07 time=1.918
After sweep 5 energy=-5.942481  maxlinkdim=182 maxerr=2.73E-09 time=1.831
After sweep 6 energy=-5.9629908  maxlinkdim=215 maxerr=1.68E-08 time=1.770
After sweep 7 energy=-5.97774  maxlinkdim=206 maxerr=1.39E-07 time=1.700
After sweep 8 energy=-5.9887295  maxlinkdim=183 maxerr=6.32E-08 time=1.717
After sweep 9 energy=-5.9977994  maxlinkdim=255 maxerr=4.23E-08 time=1.754
After sweep 10 energy=-6.003756  maxlinkdim=206 maxerr=3.92E-10 time=1.788
After sweep 11 energy=-6.008379  maxlinkdim=190 maxerr=1.41E-07 time=1.793
After sweep 12 energy=-6.011665  maxlinkdim=214 maxerr=2.38E-07 time=1.826
After sweep 13 energy=-6.015639  maxlinkdim=229 maxerr=5.99E-08 time=2.004
After sweep 14 energy=-6.018211  maxlinkdim=279 maxerr=7.38E-08 time=2.199
After sweep 15 energy=-6.01967  maxlinkdim=232 maxerr=8.70E-08 time=2.179
After sweep 16 energy=-6.0208397  maxlinkdim=231 maxerr=3.43E-08 time=2.236
After sweep 17 energy=-6.0216103  maxlinkdim=235 maxerr=1.40E-07 time=2.271
After sweep 18 energy=-6.0222044  maxlinkdim=240 maxerr=3.37E-09 time=2.397
After sweep 19 energy=-6.022719  maxlinkdim=236 maxerr=6.98E-08 time=2.518
After sweep 20 energy=-6.02301  maxlinkdim=246 maxerr=9.26E-10 time=2.611
After sweep 21 energy=-6.023299  maxlinkdim=256 maxerr=9.37E-10 time=2.762
After sweep 22 energy=-6.023555  maxlinkdim=300 maxerr=3.20E-10 time=3.036
After sweep 23 energy=-6.0236874  maxlinkdim=300 maxerr=1.82E-07 time=3.389
After sweep 24 energy=-6.023761  maxlinkdim=300 maxerr=1.27E-09 time=3.590
After sweep 25 energy=-6.0238028  maxlinkdim=300 maxerr=8.16E-10 time=3.757
After sweep 26 energy=-6.0238066  maxlinkdim=300 maxerr=3.98E-08 time=3.965
After sweep 27 energy=-6.0238204  maxlinkdim=300 maxerr=3.15E-09 time=4.141
After sweep 28 energy=-6.023817  maxlinkdim=300 maxerr=1.69E-07 time=4.189
After sweep 29 energy=-6.0237837  maxlinkdim=300 maxerr=2.28E-08 time=4.162
After sweep 30 energy=-6.023821  maxlinkdim=300 maxerr=1.08E-09 time=4.155
Same mu: -2.6532001135405214 and continuing
Target density achieved with mu=-2.6532001135405214, n=0.49999946
Checking {alpha,beta} vs measured
Beta not converged.
NOT CONVERGED; updating alpha, beta and continuing...
After sweep 1 energy=-4.682143  maxlinkdim=16 maxerr=3.40E-07 time=0.570
After sweep 2 energy=-5.7849736  maxlinkdim=173 maxerr=5.91E-08 time=1.187
After sweep 3 energy=-5.870555  maxlinkdim=196 maxerr=1.36E-09 time=2.025
After sweep 4 energy=-5.919463  maxlinkdim=237 maxerr=9.06E-08 time=1.968
After sweep 5 energy=-5.9467664  maxlinkdim=198 maxerr=1.04E-09 time=1.908
After sweep 6 energy=-5.9671736  maxlinkdim=212 maxerr=2.64E-09 time=1.772
After sweep 7 energy=-5.98286  maxlinkdim=183 maxerr=1.32E-09 time=1.796
After sweep 8 energy=-5.99352  maxlinkdim=217 maxerr=2.58E-09 time=1.777
After sweep 9 energy=-6.000959  maxlinkdim=244 maxerr=3.16E-08 time=1.797
After sweep 10 energy=-6.0064793  maxlinkdim=198 maxerr=6.50E-08 time=1.875
After sweep 11 energy=-6.0107374  maxlinkdim=252 maxerr=2.34E-10 time=1.957
After sweep 12 energy=-6.013669  maxlinkdim=202 maxerr=5.11E-10 time=1.997
After sweep 13 energy=-6.016122  maxlinkdim=201 maxerr=1.29E-09 time=1.997
After sweep 14 energy=-6.018409  maxlinkdim=272 maxerr=5.03E-10 time=2.160
After sweep 15 energy=-6.019865  maxlinkdim=231 maxerr=8.43E-08 time=2.264
After sweep 16 energy=-6.0208945  maxlinkdim=252 maxerr=9.41E-10 time=2.322
After sweep 17 energy=-6.0216904  maxlinkdim=275 maxerr=2.78E-08 time=2.406
After sweep 18 energy=-6.0224385  maxlinkdim=281 maxerr=7.25E-10 time=2.632
After sweep 19 energy=-6.023041  maxlinkdim=274 maxerr=1.32E-09 time=2.869
After sweep 20 energy=-6.0232964  maxlinkdim=271 maxerr=9.24E-08 time=2.925
After sweep 21 energy=-6.023511  maxlinkdim=287 maxerr=8.25E-10 time=3.066
After sweep 22 energy=-6.0236526  maxlinkdim=300 maxerr=7.44E-10 time=3.192
After sweep 23 energy=-6.0237675  maxlinkdim=300 maxerr=7.90E-10 time=3.487
After sweep 24 energy=-6.0237713  maxlinkdim=299 maxerr=3.41E-08 time=3.639
After sweep 25 energy=-6.0237966  maxlinkdim=300 maxerr=2.18E-07 time=3.795
After sweep 26 energy=-6.0238237  maxlinkdim=300 maxerr=6.07E-09 time=4.016
After sweep 27 energy=-6.023794  maxlinkdim=300 maxerr=1.55E-09 time=4.166
After sweep 28 energy=-6.0238085  maxlinkdim=300 maxerr=1.25E-07 time=4.180
After sweep 29 energy=-6.0237756  maxlinkdim=300 maxerr=1.09E-09 time=4.163
After sweep 30 energy=-6.023801  maxlinkdim=300 maxerr=1.38E-07 time=4.145
Same mu: -2.6532001135405214 and continuing
Target density achieved with mu=-2.6532001135405214, n=0.4999982
Checking {alpha,beta} vs measured
Beta not converged.
NOT CONVERGED; updating alpha, beta and continuing...
After sweep 1 energy=-4.6854987  maxlinkdim=16 maxerr=1.86E-07 time=0.622
After sweep 2 energy=-5.7838473  maxlinkdim=183 maxerr=1.53E-08 time=1.496
After sweep 3 energy=-5.8698854  maxlinkdim=202 maxerr=5.91E-08 time=1.999
After sweep 4 energy=-5.9179826  maxlinkdim=217 maxerr=1.93E-07 time=1.944
After sweep 5 energy=-5.946165  maxlinkdim=197 maxerr=2.06E-09 time=1.943
After sweep 6 energy=-5.9670076  maxlinkdim=228 maxerr=8.46E-08 time=1.885
After sweep 7 energy=-5.9812303  maxlinkdim=252 maxerr=3.81E-08 time=1.790
After sweep 8 energy=-5.9914827  maxlinkdim=260 maxerr=2.16E-09 time=1.801
After sweep 9 energy=-5.999104  maxlinkdim=300 maxerr=6.19E-10 time=1.763
After sweep 10 energy=-6.004977  maxlinkdim=251 maxerr=3.72E-10 time=1.845
After sweep 11 energy=-6.0091863  maxlinkdim=232 maxerr=1.43E-09 time=1.880
After sweep 12 energy=-6.0124407  maxlinkdim=227 maxerr=1.05E-09 time=1.896
After sweep 13 energy=-6.0159416  maxlinkdim=236 maxerr=1.10E-07 time=2.069
After sweep 14 energy=-6.0181446  maxlinkdim=219 maxerr=9.11E-10 time=2.187
After sweep 15 energy=-6.019681  maxlinkdim=231 maxerr=8.28E-10 time=2.259
After sweep 16 energy=-6.020861  maxlinkdim=230 maxerr=4.32E-08 time=2.343
After sweep 17 energy=-6.0216146  maxlinkdim=244 maxerr=1.91E-08 time=2.370
After sweep 18 energy=-6.0223346  maxlinkdim=242 maxerr=1.67E-07 time=2.552
After sweep 19 energy=-6.0228057  maxlinkdim=241 maxerr=6.38E-10 time=2.645
After sweep 20 energy=-6.0231347  maxlinkdim=241 maxerr=4.75E-08 time=2.702
After sweep 21 energy=-6.0233974  maxlinkdim=256 maxerr=1.34E-09 time=2.902
After sweep 22 energy=-6.0235467  maxlinkdim=292 maxerr=5.43E-08 time=3.024
After sweep 23 energy=-6.0236473  maxlinkdim=300 maxerr=6.77E-10 time=3.237
After sweep 24 energy=-6.02376  maxlinkdim=300 maxerr=5.55E-10 time=3.492
After sweep 25 energy=-6.0238056  maxlinkdim=300 maxerr=7.52E-10 time=3.795
After sweep 26 energy=-6.0237775  maxlinkdim=300 maxerr=6.53E-10 time=4.010
After sweep 27 energy=-6.0238123  maxlinkdim=300 maxerr=1.63E-07 time=4.154
After sweep 28 energy=-6.0237865  maxlinkdim=300 maxerr=3.33E-08 time=4.177
After sweep 29 energy=-6.023822  maxlinkdim=300 maxerr=1.31E-08 time=4.173
After sweep 30 energy=-6.023798  maxlinkdim=300 maxerr=1.00E-07 time=4.148
Same mu: -2.6532001135405214 and continuing
Target density achieved with mu=-2.6532001135405214, n=0.4999971
Checking {alpha,beta} vs measured
Beta not converged.
NOT CONVERGED; updating alpha, beta and continuing...
After sweep 1 energy=-4.6794386  maxlinkdim=16 maxerr=2.04E-07 time=0.547
After sweep 2 energy=-5.7825513  maxlinkdim=183 maxerr=1.88E-07 time=1.303
After sweep 3 energy=-5.869274  maxlinkdim=199 maxerr=2.66E-08 time=1.912
After sweep 4 energy=-5.9170594  maxlinkdim=233 maxerr=8.19E-10 time=1.948
After sweep 5 energy=-5.9453387  maxlinkdim=229 maxerr=1.57E-07 time=1.897
After sweep 6 energy=-5.9660363  maxlinkdim=229 maxerr=9.31E-10 time=1.820
After sweep 7 energy=-5.9803076  maxlinkdim=184 maxerr=1.57E-10 time=1.784
After sweep 8 energy=-5.9909945  maxlinkdim=230 maxerr=5.01E-08 time=1.715
After sweep 9 energy=-5.999383  maxlinkdim=243 maxerr=5.33E-08 time=1.806
After sweep 10 energy=-6.005795  maxlinkdim=243 maxerr=1.84E-09 time=1.906
After sweep 11 energy=-6.010149  maxlinkdim=202 maxerr=1.14E-07 time=1.944
After sweep 12 energy=-6.013245  maxlinkdim=276 maxerr=2.14E-08 time=1.933
After sweep 13 energy=-6.016203  maxlinkdim=245 maxerr=1.95E-07 time=2.104
After sweep 14 energy=-6.0185194  maxlinkdim=238 maxerr=1.10E-07 time=2.214
After sweep 15 energy=-6.0199814  maxlinkdim=238 maxerr=1.83E-07 time=2.248
After sweep 16 energy=-6.021041  maxlinkdim=231 maxerr=1.08E-09 time=2.347
After sweep 17 energy=-6.0217953  maxlinkdim=258 maxerr=6.19E-10 time=2.371
After sweep 18 energy=-6.022462  maxlinkdim=265 maxerr=1.24E-09 time=2.508
After sweep 19 energy=-6.022998  maxlinkdim=297 maxerr=5.92E-08 time=2.782
After sweep 20 energy=-6.0232973  maxlinkdim=284 maxerr=1.39E-07 time=2.899
After sweep 21 energy=-6.0235004  maxlinkdim=300 maxerr=9.43E-10 time=3.009
After sweep 22 energy=-6.0236177  maxlinkdim=300 maxerr=6.71E-08 time=3.154
After sweep 23 energy=-6.023714  maxlinkdim=300 maxerr=9.60E-10 time=3.345
After sweep 24 energy=-6.02376  maxlinkdim=300 maxerr=5.10E-08 time=3.597
After sweep 25 energy=-6.023778  maxlinkdim=300 maxerr=1.72E-07 time=3.867
After sweep 26 energy=-6.0237684  maxlinkdim=300 maxerr=1.82E-08 time=4.060
After sweep 27 energy=-6.023777  maxlinkdim=300 maxerr=8.09E-10 time=4.169
After sweep 28 energy=-6.023798  maxlinkdim=300 maxerr=1.06E-08 time=4.173
After sweep 29 energy=-6.023793  maxlinkdim=300 maxerr=4.74E-10 time=4.164
After sweep 30 energy=-6.023795  maxlinkdim=300 maxerr=1.15E-07 time=4.160
Same mu: -2.6532001135405214 and continuing
Target density achieved with mu=-2.6532001135405214, n=0.49999833
Checking {alpha,beta} vs measured
Beta not converged.
NOT CONVERGED; updating alpha, beta and continuing...
After sweep 1 energy=-4.680516  maxlinkdim=16 maxerr=2.58E-07 time=0.601
After sweep 2 energy=-5.78323  maxlinkdim=178 maxerr=9.54E-08 time=1.178
After sweep 3 energy=-5.8677907  maxlinkdim=183 maxerr=1.65E-07 time=1.988
After sweep 4 energy=-5.9157763  maxlinkdim=206 maxerr=2.26E-09 time=1.871
After sweep 5 energy=-5.945003  maxlinkdim=194 maxerr=1.07E-07 time=1.874
After sweep 6 energy=-5.966482  maxlinkdim=223 maxerr=7.96E-08 time=1.782
After sweep 7 energy=-5.9831276  maxlinkdim=221 maxerr=8.42E-09 time=1.847
After sweep 8 energy=-5.993913  maxlinkdim=237 maxerr=1.99E-08 time=1.817
After sweep 9 energy=-6.0011516  maxlinkdim=252 maxerr=3.01E-07 time=1.849
After sweep 10 energy=-6.0070496  maxlinkdim=243 maxerr=2.40E-09 time=1.967
After sweep 11 energy=-6.010771  maxlinkdim=221 maxerr=5.49E-08 time=1.965
After sweep 12 energy=-6.013994  maxlinkdim=216 maxerr=6.05E-08 time=1.997
After sweep 13 energy=-6.0164976  maxlinkdim=219 maxerr=8.53E-08 time=2.054
After sweep 14 energy=-6.018467  maxlinkdim=215 maxerr=5.50E-10 time=2.117
After sweep 15 energy=-6.019943  maxlinkdim=237 maxerr=4.03E-08 time=2.204
After sweep 16 energy=-6.020917  maxlinkdim=223 maxerr=9.16E-08 time=2.220
After sweep 17 energy=-6.021676  maxlinkdim=245 maxerr=2.56E-07 time=2.343
After sweep 18 energy=-6.0223603  maxlinkdim=291 maxerr=1.24E-07 time=2.510
After sweep 19 energy=-6.022956  maxlinkdim=252 maxerr=8.65E-08 time=2.732
After sweep 20 energy=-6.023281  maxlinkdim=264 maxerr=1.00E-10 time=2.889
After sweep 21 energy=-6.0235014  maxlinkdim=279 maxerr=2.30E-08 time=2.971
After sweep 22 energy=-6.0236406  maxlinkdim=300 maxerr=6.06E-08 time=3.193
After sweep 23 energy=-6.0237184  maxlinkdim=300 maxerr=4.09E-10 time=3.423
After sweep 24 energy=-6.023778  maxlinkdim=300 maxerr=1.49E-07 time=3.701
After sweep 25 energy=-6.0238028  maxlinkdim=300 maxerr=8.91E-09 time=3.871
After sweep 26 energy=-6.02378  maxlinkdim=300 maxerr=1.17E-07 time=4.087
After sweep 27 energy=-6.0237503  maxlinkdim=300 maxerr=9.93E-10 time=4.175
After sweep 28 energy=-6.023799  maxlinkdim=300 maxerr=8.36E-10 time=4.187
After sweep 29 energy=-6.023798  maxlinkdim=300 maxerr=1.28E-08 time=4.157
After sweep 30 energy=-6.0237722  maxlinkdim=300 maxerr=1.96E-07 time=4.158
Same mu: -2.6532001135405214 and continuing
Target density achieved with mu=-2.6532001135405214, n=0.49999812
Checking {alpha,beta} vs measured
Beta not converged.
NOT CONVERGED; updating alpha, beta and continuing...
After sweep 1 energy=-4.6775527  maxlinkdim=16 maxerr=3.17E-07 time=0.629
After sweep 2 energy=-5.7879558  maxlinkdim=182 maxerr=7.27E-08 time=1.534
After sweep 3 energy=-5.871537  maxlinkdim=193 maxerr=2.09E-09 time=1.935
After sweep 4 energy=-5.9180264  maxlinkdim=222 maxerr=7.58E-08 time=1.931
After sweep 5 energy=-5.946111  maxlinkdim=182 maxerr=1.02E-07 time=1.849
After sweep 6 energy=-5.966895  maxlinkdim=229 maxerr=1.61E-07 time=1.768
After sweep 7 energy=-5.98041  maxlinkdim=173 maxerr=9.99E-11 time=1.732
After sweep 8 energy=-5.9920025  maxlinkdim=254 maxerr=2.78E-09 time=1.755
After sweep 9 energy=-5.999804  maxlinkdim=236 maxerr=7.22E-08 time=1.839
After sweep 10 energy=-6.0070004  maxlinkdim=222 maxerr=1.14E-09 time=1.930
After sweep 11 energy=-6.011164  maxlinkdim=213 maxerr=6.89E-10 time=1.976
After sweep 12 energy=-6.0143423  maxlinkdim=206 maxerr=3.20E-07 time=1.957
After sweep 13 energy=-6.017503  maxlinkdim=221 maxerr=9.67E-10 time=2.127
After sweep 14 energy=-6.0191426  maxlinkdim=242 maxerr=8.13E-10 time=2.149
After sweep 15 energy=-6.0204005  maxlinkdim=240 maxerr=1.00E-09 time=2.218
After sweep 16 energy=-6.021308  maxlinkdim=233 maxerr=7.49E-10 time=2.283
After sweep 17 energy=-6.0220723  maxlinkdim=253 maxerr=1.19E-07 time=2.459
After sweep 18 energy=-6.0226927  maxlinkdim=254 maxerr=3.77E-09 time=2.693
After sweep 19 energy=-6.023138  maxlinkdim=260 maxerr=1.22E-09 time=2.782
After sweep 20 energy=-6.023368  maxlinkdim=287 maxerr=8.47E-08 time=2.892
After sweep 21 energy=-6.0235987  maxlinkdim=300 maxerr=1.04E-09 time=3.108
After sweep 22 energy=-6.023701  maxlinkdim=300 maxerr=2.12E-07 time=3.286
After sweep 23 energy=-6.0237894  maxlinkdim=300 maxerr=1.41E-07 time=3.516
After sweep 24 energy=-6.023814  maxlinkdim=300 maxerr=4.21E-08 time=3.735
After sweep 25 energy=-6.0237975  maxlinkdim=300 maxerr=1.01E-07 time=3.942
After sweep 26 energy=-6.023795  maxlinkdim=300 maxerr=4.87E-10 time=4.128
After sweep 27 energy=-6.023795  maxlinkdim=300 maxerr=5.42E-10 time=4.195
After sweep 28 energy=-6.0237904  maxlinkdim=300 maxerr=7.67E-08 time=4.169
After sweep 29 energy=-6.0238056  maxlinkdim=300 maxerr=1.30E-08 time=4.156
After sweep 30 energy=-6.0237975  maxlinkdim=300 maxerr=1.07E-07 time=4.138
Same mu: -2.6532001135405214 and continuing
Target density achieved with mu=-2.6532001135405214, n=0.4999978
Checking {alpha,beta} vs measured
Beta not converged.
NOT CONVERGED; updating alpha, beta and continuing...
After sweep 1 energy=-4.6829233  maxlinkdim=16 maxerr=3.02E-07 time=0.612
After sweep 2 energy=-5.787278  maxlinkdim=174 maxerr=7.55E-08 time=1.184
After sweep 3 energy=-5.872358  maxlinkdim=193 maxerr=1.24E-09 time=2.011
After sweep 4 energy=-5.91848  maxlinkdim=225 maxerr=8.59E-08 time=1.977
After sweep 5 energy=-5.9457154  maxlinkdim=192 maxerr=1.10E-09 time=1.883
After sweep 6 energy=-5.967929  maxlinkdim=226 maxerr=2.21E-08 time=1.864
After sweep 7 energy=-5.9820743  maxlinkdim=204 maxerr=1.89E-07 time=1.776
After sweep 8 energy=-5.993183  maxlinkdim=257 maxerr=1.61E-09 time=1.839
After sweep 9 energy=-6.000638  maxlinkdim=235 maxerr=1.19E-09 time=1.869
After sweep 10 energy=-6.0063066  maxlinkdim=218 maxerr=1.06E-09 time=1.898
After sweep 11 energy=-6.0103135  maxlinkdim=229 maxerr=7.51E-10 time=1.933
After sweep 12 energy=-6.0134134  maxlinkdim=223 maxerr=1.75E-07 time=2.003
After sweep 13 energy=-6.0160775  maxlinkdim=237 maxerr=6.15E-10 time=2.073
After sweep 14 energy=-6.0183787  maxlinkdim=225 maxerr=2.23E-08 time=2.184
After sweep 15 energy=-6.0198345  maxlinkdim=248 maxerr=6.14E-09 time=2.188
After sweep 16 energy=-6.020977  maxlinkdim=244 maxerr=6.71E-10 time=2.347
After sweep 17 energy=-6.0217533  maxlinkdim=234 maxerr=2.30E-08 time=2.430
After sweep 18 energy=-6.0223203  maxlinkdim=287 maxerr=2.05E-07 time=2.464
After sweep 19 energy=-6.022809  maxlinkdim=300 maxerr=1.05E-07 time=2.665
After sweep 20 energy=-6.023153  maxlinkdim=275 maxerr=3.24E-08 time=2.820
After sweep 21 energy=-6.023368  maxlinkdim=258 maxerr=1.43E-07 time=2.838
After sweep 22 energy=-6.023554  maxlinkdim=299 maxerr=8.76E-10 time=3.085
After sweep 23 energy=-6.0237045  maxlinkdim=300 maxerr=1.61E-07 time=3.353
After sweep 24 energy=-6.023772  maxlinkdim=300 maxerr=4.05E-08 time=3.573
After sweep 25 energy=-6.023817  maxlinkdim=300 maxerr=3.34E-10 time=3.818
After sweep 26 energy=-6.0237656  maxlinkdim=300 maxerr=2.50E-10 time=4.032
After sweep 27 energy=-6.0238004  maxlinkdim=300 maxerr=1.55E-07 time=4.167
After sweep 28 energy=-6.023792  maxlinkdim=300 maxerr=2.03E-07 time=4.194
After sweep 29 energy=-6.0237913  maxlinkdim=300 maxerr=3.56E-08 time=4.163
After sweep 30 energy=-6.0237885  maxlinkdim=300 maxerr=7.33E-08 time=4.171
Same mu: -2.6532001135405214 and continuing
Target density achieved with mu=-2.6532001135405214, n=0.499997
Checking {alpha,beta} vs measured
Beta not converged.
NOT CONVERGED; updating alpha, beta and continuing...
After sweep 1 energy=-4.6803193  maxlinkdim=16 maxerr=3.52E-07 time=0.584
After sweep 2 energy=-5.7811418  maxlinkdim=184 maxerr=4.22E-08 time=1.181
After sweep 3 energy=-5.867203  maxlinkdim=192 maxerr=2.18E-09 time=1.968
After sweep 4 energy=-5.9162803  maxlinkdim=218 maxerr=2.59E-09 time=1.909
After sweep 5 energy=-5.945193  maxlinkdim=200 maxerr=7.57E-08 time=1.852
After sweep 6 energy=-5.965405  maxlinkdim=218 maxerr=2.98E-10 time=1.783
After sweep 7 energy=-5.9804673  maxlinkdim=212 maxerr=1.73E-07 time=1.720
After sweep 8 energy=-5.9927535  maxlinkdim=181 maxerr=1.60E-08 time=1.808
After sweep 9 energy=-6.0007334  maxlinkdim=227 maxerr=3.79E-08 time=1.795
After sweep 10 energy=-6.0063944  maxlinkdim=219 maxerr=1.90E-07 time=1.871
After sweep 11 energy=-6.0107727  maxlinkdim=258 maxerr=1.66E-09 time=1.951
After sweep 12 energy=-6.014171  maxlinkdim=240 maxerr=6.29E-08 time=2.019
After sweep 13 energy=-6.0174594  maxlinkdim=270 maxerr=1.08E-09 time=2.204
After sweep 14 energy=-6.019071  maxlinkdim=279 maxerr=1.23E-09 time=2.173
After sweep 15 energy=-6.02044  maxlinkdim=259 maxerr=1.02E-07 time=2.255
After sweep 16 energy=-6.021309  maxlinkdim=234 maxerr=9.01E-08 time=2.324
After sweep 17 energy=-6.0220957  maxlinkdim=263 maxerr=1.04E-09 time=2.442
After sweep 18 energy=-6.022724  maxlinkdim=254 maxerr=4.01E-08 time=2.641
After sweep 19 energy=-6.023095  maxlinkdim=250 maxerr=5.94E-08 time=2.759
After sweep 20 energy=-6.023356  maxlinkdim=262 maxerr=1.78E-07 time=2.880
After sweep 21 energy=-6.0235443  maxlinkdim=300 maxerr=2.03E-07 time=3.027
After sweep 22 energy=-6.0236735  maxlinkdim=300 maxerr=1.39E-07 time=3.217
After sweep 23 energy=-6.023746  maxlinkdim=300 maxerr=3.15E-08 time=3.437
After sweep 24 energy=-6.023794  maxlinkdim=300 maxerr=1.87E-07 time=3.681
After sweep 25 energy=-6.023807  maxlinkdim=300 maxerr=8.66E-10 time=3.899
After sweep 26 energy=-6.0237727  maxlinkdim=300 maxerr=7.71E-08 time=4.078
After sweep 27 energy=-6.0238104  maxlinkdim=300 maxerr=1.11E-07 time=4.169
After sweep 28 energy=-6.0237894  maxlinkdim=300 maxerr=4.83E-10 time=4.170
After sweep 29 energy=-6.0238047  maxlinkdim=300 maxerr=7.08E-10 time=4.145
After sweep 30 energy=-6.023802  maxlinkdim=300 maxerr=1.19E-07 time=4.140
Same mu: -2.6532001135405214 and continuing
Target density achieved with mu=-2.6532001135405214, n=0.49999738
Checking {alpha,beta} vs measured
Beta not converged.
NOT CONVERGED; updating alpha, beta and continuing...
After sweep 1 energy=-4.674673  maxlinkdim=16 maxerr=2.95E-07 time=0.840
After sweep 2 energy=-5.782699  maxlinkdim=178 maxerr=2.95E-08 time=1.174
After sweep 3 energy=-5.867823  maxlinkdim=188 maxerr=2.96E-09 time=1.918
After sweep 4 energy=-5.9155087  maxlinkdim=204 maxerr=5.18E-08 time=1.862
After sweep 5 energy=-5.943532  maxlinkdim=189 maxerr=1.72E-09 time=1.823
After sweep 6 energy=-5.9653254  maxlinkdim=232 maxerr=9.96E-10 time=1.749
After sweep 7 energy=-5.9803724  maxlinkdim=220 maxerr=8.62E-10 time=1.764
After sweep 8 energy=-5.9912686  maxlinkdim=242 maxerr=1.46E-07 time=1.747
After sweep 9 energy=-5.9990497  maxlinkdim=228 maxerr=1.14E-07 time=1.737
After sweep 10 energy=-6.00455  maxlinkdim=215 maxerr=7.06E-08 time=1.782
After sweep 11 energy=-6.0089855  maxlinkdim=282 maxerr=1.23E-09 time=1.807
After sweep 12 energy=-6.01233  maxlinkdim=290 maxerr=1.04E-07 time=1.921
After sweep 13 energy=-6.01504  maxlinkdim=234 maxerr=7.15E-10 time=1.960
After sweep 14 energy=-6.0179353  maxlinkdim=264 maxerr=2.87E-09 time=2.150
After sweep 15 energy=-6.01954  maxlinkdim=229 maxerr=9.99E-11 time=2.172
After sweep 16 energy=-6.0207205  maxlinkdim=220 maxerr=6.50E-08 time=2.219
After sweep 17 energy=-6.0215163  maxlinkdim=247 maxerr=7.36E-10 time=2.319
After sweep 18 energy=-6.02238  maxlinkdim=255 maxerr=3.36E-10 time=2.507
After sweep 19 energy=-6.0228424  maxlinkdim=295 maxerr=4.32E-10 time=2.661
After sweep 20 energy=-6.0232306  maxlinkdim=277 maxerr=7.42E-10 time=2.853
After sweep 21 energy=-6.023465  maxlinkdim=295 maxerr=9.48E-10 time=2.981
After sweep 22 energy=-6.023587  maxlinkdim=299 maxerr=1.59E-07 time=3.068
After sweep 23 energy=-6.02372  maxlinkdim=297 maxerr=8.47E-08 time=3.251
After sweep 24 energy=-6.023778  maxlinkdim=300 maxerr=3.56E-10 time=3.450
After sweep 25 energy=-6.0237737  maxlinkdim=300 maxerr=7.38E-08 time=3.673
After sweep 26 energy=-6.0237894  maxlinkdim=300 maxerr=3.69E-07 time=3.944
After sweep 27 energy=-6.0238004  maxlinkdim=300 maxerr=2.83E-07 time=4.122
After sweep 28 energy=-6.023754  maxlinkdim=300 maxerr=2.42E-07 time=4.172
After sweep 29 energy=-6.0238123  maxlinkdim=300 maxerr=9.43E-08 time=4.168
After sweep 30 energy=-6.0238247  maxlinkdim=300 maxerr=1.17E-07 time=4.147
Same mu: -2.6532001135405214 and continuing
Target density achieved with mu=-2.6532001135405214, n=0.4999987
Checking {alpha,beta} vs measured
Beta not converged.
NOT CONVERGED; updating alpha, beta and continuing...
After sweep 1 energy=-4.6834426  maxlinkdim=16 maxerr=2.58E-07 time=0.561
After sweep 2 energy=-5.786396  maxlinkdim=183 maxerr=1.37E-08 time=1.262
After sweep 3 energy=-5.871669  maxlinkdim=195 maxerr=2.17E-09 time=2.004
After sweep 4 energy=-5.9194903  maxlinkdim=216 maxerr=2.45E-07 time=1.961
After sweep 5 energy=-5.9471426  maxlinkdim=208 maxerr=3.45E-09 time=1.935
After sweep 6 energy=-5.9692507  maxlinkdim=289 maxerr=2.48E-10 time=1.894
After sweep 7 energy=-5.983615  maxlinkdim=196 maxerr=9.36E-08 time=1.837
After sweep 8 energy=-5.994191  maxlinkdim=214 maxerr=2.12E-07 time=1.833
After sweep 9 energy=-6.001461  maxlinkdim=230 maxerr=4.15E-08 time=1.793
After sweep 10 energy=-6.0069036  maxlinkdim=199 maxerr=1.54E-07 time=1.847
After sweep 11 energy=-6.010973  maxlinkdim=293 maxerr=3.03E-08 time=1.909
After sweep 12 energy=-6.0138707  maxlinkdim=251 maxerr=1.51E-09 time=1.943
After sweep 13 energy=-6.0163617  maxlinkdim=221 maxerr=4.29E-09 time=2.012
After sweep 14 energy=-6.018516  maxlinkdim=224 maxerr=2.14E-09 time=2.201
After sweep 15 energy=-6.0199366  maxlinkdim=261 maxerr=1.85E-07 time=2.253
After sweep 16 energy=-6.0211077  maxlinkdim=264 maxerr=7.42E-10 time=2.363
After sweep 17 energy=-6.021922  maxlinkdim=296 maxerr=1.55E-08 time=2.459
After sweep 18 energy=-6.0224323  maxlinkdim=245 maxerr=5.05E-08 time=2.494
After sweep 19 energy=-6.022822  maxlinkdim=254 maxerr=3.05E-10 time=2.596
After sweep 20 energy=-6.0231857  maxlinkdim=282 maxerr=6.77E-10 time=2.819
After sweep 21 energy=-6.023393  maxlinkdim=264 maxerr=3.16E-08 time=2.947
After sweep 22 energy=-6.023573  maxlinkdim=278 maxerr=4.25E-10 time=3.048
After sweep 23 energy=-6.02367  maxlinkdim=300 maxerr=1.74E-09 time=3.231
After sweep 24 energy=-6.023778  maxlinkdim=300 maxerr=1.79E-07 time=3.546
After sweep 25 energy=-6.023757  maxlinkdim=300 maxerr=2.18E-08 time=3.728
After sweep 26 energy=-6.0238094  maxlinkdim=300 maxerr=4.20E-10 time=3.958
After sweep 27 energy=-6.0237737  maxlinkdim=300 maxerr=2.95E-08 time=4.126
After sweep 28 energy=-6.0237856  maxlinkdim=300 maxerr=1.59E-07 time=4.187
After sweep 29 energy=-6.02378  maxlinkdim=300 maxerr=3.55E-08 time=4.168
After sweep 30 energy=-6.023793  maxlinkdim=300 maxerr=8.40E-08 time=4.149
Same mu: -2.6532001135405214 and continuing
Target density achieved with mu=-2.6532001135405214, n=0.49999684
Checking {alpha,beta} vs measured
Beta not converged.
NOT CONVERGED; updating alpha, beta and continuing...
After sweep 1 energy=-4.6832404  maxlinkdim=16 maxerr=4.33E-07 time=0.572
After sweep 2 energy=-5.786384  maxlinkdim=178 maxerr=1.27E-08 time=1.185
After sweep 3 energy=-5.869358  maxlinkdim=191 maxerr=3.17E-08 time=2.051
After sweep 4 energy=-5.917302  maxlinkdim=223 maxerr=5.11E-08 time=1.978
After sweep 5 energy=-5.9450974  maxlinkdim=187 maxerr=9.53E-10 time=1.898
After sweep 6 energy=-5.966382  maxlinkdim=230 maxerr=1.83E-07 time=1.792
After sweep 7 energy=-5.981887  maxlinkdim=202 maxerr=2.30E-10 time=1.770
After sweep 8 energy=-5.9927993  maxlinkdim=227 maxerr=6.64E-09 time=1.801
After sweep 9 energy=-6.0002403  maxlinkdim=234 maxerr=3.34E-07 time=1.765
After sweep 10 energy=-6.0073557  maxlinkdim=201 maxerr=1.89E-09 time=1.909
After sweep 11 energy=-6.0115314  maxlinkdim=262 maxerr=5.75E-10 time=1.955
After sweep 12 energy=-6.0146475  maxlinkdim=262 maxerr=5.31E-08 time=2.005
After sweep 13 energy=-6.017471  maxlinkdim=228 maxerr=6.85E-10 time=2.146
After sweep 14 energy=-6.0191374  maxlinkdim=217 maxerr=3.92E-07 time=2.162
After sweep 15 energy=-6.0204244  maxlinkdim=220 maxerr=5.07E-08 time=2.253
After sweep 16 energy=-6.0213957  maxlinkdim=246 maxerr=5.94E-10 time=2.353
After sweep 17 energy=-6.022158  maxlinkdim=242 maxerr=9.51E-08 time=2.437
After sweep 18 energy=-6.0226183  maxlinkdim=227 maxerr=1.15E-07 time=2.476
After sweep 19 energy=-6.022998  maxlinkdim=266 maxerr=9.93E-09 time=2.601
After sweep 20 energy=-6.023273  maxlinkdim=294 maxerr=1.07E-07 time=2.820
After sweep 21 energy=-6.0235085  maxlinkdim=300 maxerr=5.98E-08 time=3.061
After sweep 22 energy=-6.0236425  maxlinkdim=298 maxerr=1.67E-09 time=3.239
After sweep 23 energy=-6.0237136  maxlinkdim=300 maxerr=5.38E-10 time=3.404
After sweep 24 energy=-6.0237503  maxlinkdim=300 maxerr=3.28E-10 time=3.594
After sweep 25 energy=-6.023809  maxlinkdim=300 maxerr=4.19E-08 time=3.788
After sweep 26 energy=-6.0238056  maxlinkdim=300 maxerr=1.84E-08 time=4.012
After sweep 27 energy=-6.0238256  maxlinkdim=300 maxerr=5.14E-10 time=4.149
After sweep 28 energy=-6.0238037  maxlinkdim=300 maxerr=3.23E-08 time=4.166
After sweep 29 energy=-6.023814  maxlinkdim=300 maxerr=1.85E-07 time=4.145
After sweep 30 energy=-6.0238037  maxlinkdim=300 maxerr=1.03E-09 time=4.140
Same mu: -2.6532001135405214 and continuing
Target density achieved with mu=-2.6532001135405214, n=0.49999717
Checking {alpha,beta} vs measured
Beta not converged.
NOT CONVERGED; updating alpha, beta and continuing...
After sweep 1 energy=-4.68273  maxlinkdim=16 maxerr=3.23E-07 time=0.627
After sweep 2 energy=-5.7829933  maxlinkdim=177 maxerr=2.19E-08 time=1.509
After sweep 3 energy=-5.8673944  maxlinkdim=209 maxerr=3.59E-09 time=1.982
After sweep 4 energy=-5.9168324  maxlinkdim=220 maxerr=1.56E-07 time=1.932
After sweep 5 energy=-5.945421  maxlinkdim=204 maxerr=1.99E-07 time=1.899
After sweep 6 energy=-5.966266  maxlinkdim=208 maxerr=7.26E-08 time=1.804
After sweep 7 energy=-5.9807734  maxlinkdim=237 maxerr=1.76E-08 time=1.733
After sweep 8 energy=-5.9920363  maxlinkdim=279 maxerr=1.74E-08 time=1.773
After sweep 9 energy=-5.999785  maxlinkdim=273 maxerr=1.05E-09 time=1.828
After sweep 10 energy=-6.005657  maxlinkdim=261 maxerr=1.57E-07 time=1.857
After sweep 11 energy=-6.0098214  maxlinkdim=199 maxerr=7.21E-08 time=1.860
After sweep 12 energy=-6.013046  maxlinkdim=277 maxerr=1.48E-07 time=1.915
After sweep 13 energy=-6.0166388  maxlinkdim=232 maxerr=1.12E-09 time=2.104
After sweep 14 energy=-6.0184298  maxlinkdim=238 maxerr=1.39E-07 time=2.117
After sweep 15 energy=-6.019978  maxlinkdim=226 maxerr=2.55E-07 time=2.194
After sweep 16 energy=-6.0212154  maxlinkdim=240 maxerr=2.60E-07 time=2.294
After sweep 17 energy=-6.0219693  maxlinkdim=223 maxerr=4.59E-08 time=2.397
After sweep 18 energy=-6.022596  maxlinkdim=263 maxerr=1.63E-07 time=2.509
After sweep 19 energy=-6.02297  maxlinkdim=246 maxerr=3.13E-08 time=2.677
After sweep 20 energy=-6.023279  maxlinkdim=289 maxerr=4.27E-08 time=2.779
After sweep 21 energy=-6.02345  maxlinkdim=276 maxerr=1.24E-08 time=2.887
After sweep 22 energy=-6.0235696  maxlinkdim=271 maxerr=4.51E-08 time=2.987
After sweep 23 energy=-6.02369  maxlinkdim=300 maxerr=7.13E-10 time=3.208
After sweep 24 energy=-6.023775  maxlinkdim=300 maxerr=8.98E-10 time=3.523
After sweep 25 energy=-6.023814  maxlinkdim=300 maxerr=1.51E-07 time=3.772
After sweep 26 energy=-6.023793  maxlinkdim=300 maxerr=1.73E-08 time=3.984
After sweep 27 energy=-6.0237937  maxlinkdim=300 maxerr=6.21E-08 time=4.129
After sweep 28 energy=-6.0237894  maxlinkdim=300 maxerr=6.81E-08 time=4.181
After sweep 29 energy=-6.0237827  maxlinkdim=300 maxerr=1.75E-07 time=4.171
After sweep 30 energy=-6.0237975  maxlinkdim=300 maxerr=2.74E-08 time=4.151
Same mu: -2.6532001135405214 and continuing
Target density achieved with mu=-2.6532001135405214, n=0.49999702
Checking {alpha,beta} vs measured
Beta not converged.
NOT CONVERGED; updating alpha, beta and continuing...
After sweep 1 energy=-4.684332  maxlinkdim=16 maxerr=4.48E-07 time=0.550
After sweep 2 energy=-5.779031  maxlinkdim=176 maxerr=2.32E-07 time=1.291
After sweep 3 energy=-5.8656197  maxlinkdim=193 maxerr=1.27E-07 time=1.905
After sweep 4 energy=-5.91436  maxlinkdim=199 maxerr=1.03E-08 time=1.866
After sweep 5 energy=-5.9435277  maxlinkdim=184 maxerr=1.40E-07 time=1.832
After sweep 6 energy=-5.9647317  maxlinkdim=232 maxerr=8.03E-10 time=1.781
After sweep 7 energy=-5.9799924  maxlinkdim=186 maxerr=1.13E-08 time=1.751
After sweep 8 energy=-5.9915085  maxlinkdim=236 maxerr=1.74E-09 time=1.773
After sweep 9 energy=-5.9995937  maxlinkdim=238 maxerr=1.43E-07 time=1.821
After sweep 10 energy=-6.005941  maxlinkdim=196 maxerr=1.34E-09 time=1.854
After sweep 11 energy=-6.0100417  maxlinkdim=257 maxerr=6.47E-10 time=1.870
After sweep 12 energy=-6.0135627  maxlinkdim=230 maxerr=9.25E-10 time=1.962
After sweep 13 energy=-6.0169287  maxlinkdim=278 maxerr=2.67E-07 time=2.122
After sweep 14 energy=-6.018819  maxlinkdim=300 maxerr=6.74E-08 time=2.230
After sweep 15 energy=-6.0203695  maxlinkdim=244 maxerr=4.16E-10 time=2.365
After sweep 16 energy=-6.021469  maxlinkdim=238 maxerr=1.68E-07 time=2.425
After sweep 17 energy=-6.0221777  maxlinkdim=242 maxerr=4.11E-08 time=2.490
After sweep 18 energy=-6.0226626  maxlinkdim=241 maxerr=2.12E-08 time=2.574
After sweep 19 energy=-6.0230427  maxlinkdim=278 maxerr=1.05E-07 time=2.666
After sweep 20 energy=-6.023301  maxlinkdim=300 maxerr=9.70E-08 time=2.843
After sweep 21 energy=-6.0234823  maxlinkdim=281 maxerr=2.03E-07 time=3.039
After sweep 22 energy=-6.023637  maxlinkdim=293 maxerr=5.01E-10 time=3.137
After sweep 23 energy=-6.023737  maxlinkdim=288 maxerr=2.88E-09 time=3.445
After sweep 24 energy=-6.0237784  maxlinkdim=300 maxerr=2.46E-10 time=3.643
After sweep 25 energy=-6.0237837  maxlinkdim=300 maxerr=8.67E-08 time=3.833
After sweep 26 energy=-6.0238156  maxlinkdim=300 maxerr=1.41E-07 time=4.073
After sweep 27 energy=-6.02377  maxlinkdim=300 maxerr=7.12E-10 time=4.182
After sweep 28 energy=-6.023782  maxlinkdim=300 maxerr=1.22E-07 time=4.221
After sweep 29 energy=-6.0238132  maxlinkdim=300 maxerr=1.20E-07 time=4.175
After sweep 30 energy=-6.023811  maxlinkdim=300 maxerr=5.47E-10 time=4.156
Same mu: -2.6532001135405214 and continuing
Target density achieved with mu=-2.6532001135405214, n=0.49999774
Checking {alpha,beta} vs measured
Beta not converged.
NOT CONVERGED; updating alpha, beta and continuing...
Resuming from checkpoint results_U_-4.0_t_p_0.025_gpu.h5
Resuming with mu_init=-2.6532001135405214
Running with t_p=0.025 U=-4.0 L=100 chi_max=300 E_p=1.476 mu_init=-2.6532001135405214
After sweep 1 energy=-4.680313  maxlinkdim=16 maxerr=3.16E-07 time=18.314
After sweep 2 energy=-5.7825785  maxlinkdim=182 maxerr=2.04E-07 time=1.489
After sweep 3 energy=-5.8681817  maxlinkdim=199 maxerr=1.83E-09 time=2.430
After sweep 4 energy=-5.915692  maxlinkdim=229 maxerr=1.25E-07 time=1.950
After sweep 5 energy=-5.944356  maxlinkdim=188 maxerr=9.81E-10 time=1.902
After sweep 6 energy=-5.9657707  maxlinkdim=229 maxerr=1.95E-08 time=1.800
After sweep 7 energy=-5.9814177  maxlinkdim=198 maxerr=4.43E-10 time=1.830
After sweep 8 energy=-5.992366  maxlinkdim=222 maxerr=1.71E-09 time=1.816
After sweep 9 energy=-6.0002465  maxlinkdim=211 maxerr=1.36E-07 time=1.829
After sweep 10 energy=-6.007042  maxlinkdim=187 maxerr=1.14E-09 time=1.872
After sweep 11 energy=-6.0111556  maxlinkdim=202 maxerr=1.09E-09 time=1.924
After sweep 12 energy=-6.014338  maxlinkdim=202 maxerr=1.90E-07 time=1.949
After sweep 13 energy=-6.016752  maxlinkdim=213 maxerr=9.93E-10 time=2.036
After sweep 14 energy=-6.0188417  maxlinkdim=228 maxerr=7.92E-08 time=2.115
After sweep 15 energy=-6.0200887  maxlinkdim=204 maxerr=9.04E-09 time=2.128
After sweep 16 energy=-6.0210624  maxlinkdim=210 maxerr=1.87E-07 time=2.192
After sweep 17 energy=-6.0218325  maxlinkdim=243 maxerr=1.00E-09 time=2.350
After sweep 18 energy=-6.0223613  maxlinkdim=272 maxerr=2.58E-07 time=2.476
After sweep 19 energy=-6.0228777  maxlinkdim=248 maxerr=1.29E-09 time=2.639
After sweep 20 energy=-6.023189  maxlinkdim=275 maxerr=7.88E-10 time=2.759
After sweep 21 energy=-6.0234013  maxlinkdim=276 maxerr=3.40E-08 time=2.847
After sweep 22 energy=-6.023572  maxlinkdim=296 maxerr=4.61E-10 time=3.031
After sweep 23 energy=-6.0236635  maxlinkdim=300 maxerr=4.72E-08 time=3.263
After sweep 24 energy=-6.0237236  maxlinkdim=300 maxerr=7.15E-10 time=3.499
After sweep 25 energy=-6.0237856  maxlinkdim=300 maxerr=9.25E-08 time=3.798
After sweep 26 energy=-6.023782  maxlinkdim=300 maxerr=8.53E-08 time=4.006
After sweep 27 energy=-6.023783  maxlinkdim=300 maxerr=1.01E-07 time=4.239
After sweep 28 energy=-6.023753  maxlinkdim=300 maxerr=1.17E-07 time=4.370
After sweep 29 energy=-6.0237846  maxlinkdim=300 maxerr=5.32E-10 time=4.305
After sweep 30 energy=-6.0237885  maxlinkdim=300 maxerr=3.02E-08 time=4.395
Same mu: -2.6532001135405214 and continuing
Target density achieved with mu=-2.6532001135405214, n=0.49999687
Checking {alpha,beta} vs measured
Beta not converged.
NOT CONVERGED; updating alpha, beta and continuing...
After sweep 1 energy=-4.679466  maxlinkdim=16 maxerr=2.46E-07 time=0.521
After sweep 2 energy=-5.786875  maxlinkdim=181 maxerr=1.42E-07 time=1.198
After sweep 3 energy=-5.8703322  maxlinkdim=189 maxerr=3.41E-08 time=2.002
After sweep 4 energy=-5.914943  maxlinkdim=193 maxerr=7.05E-08 time=1.867
After sweep 5 energy=-5.943311  maxlinkdim=206 maxerr=2.23E-07 time=1.760
After sweep 6 energy=-5.9653945  maxlinkdim=223 maxerr=1.82E-09 time=1.775
After sweep 7 energy=-5.9817944  maxlinkdim=226 maxerr=3.00E-09 time=1.815
After sweep 8 energy=-5.992924  maxlinkdim=258 maxerr=9.03E-08 time=1.883
After sweep 9 energy=-6.000029  maxlinkdim=246 maxerr=1.98E-08 time=1.815
After sweep 10 energy=-6.005707  maxlinkdim=217 maxerr=9.57E-10 time=1.871
After sweep 11 energy=-6.009862  maxlinkdim=251 maxerr=4.24E-10 time=1.874
After sweep 12 energy=-6.013055  maxlinkdim=239 maxerr=8.45E-10 time=1.934
After sweep 13 energy=-6.016066  maxlinkdim=264 maxerr=1.25E-09 time=2.079
After sweep 14 energy=-6.0184426  maxlinkdim=231 maxerr=7.18E-10 time=2.198
After sweep 15 energy=-6.0197835  maxlinkdim=266 maxerr=8.04E-10 time=2.200
After sweep 16 energy=-6.02102  maxlinkdim=253 maxerr=1.82E-07 time=2.338
After sweep 17 energy=-6.0218787  maxlinkdim=216 maxerr=6.83E-10 time=2.420
After sweep 18 energy=-6.0223656  maxlinkdim=225 maxerr=1.29E-07 time=2.416
After sweep 19 energy=-6.022724  maxlinkdim=241 maxerr=4.88E-08 time=2.497
After sweep 20 energy=-6.0230227  maxlinkdim=260 maxerr=4.58E-08 time=2.566
After sweep 21 energy=-6.0232673  maxlinkdim=252 maxerr=1.04E-07 time=2.751
After sweep 22 energy=-6.023534  maxlinkdim=300 maxerr=2.33E-07 time=3.041
After sweep 23 energy=-6.023656  maxlinkdim=300 maxerr=3.43E-10 time=3.227
After sweep 24 energy=-6.0237527  maxlinkdim=300 maxerr=2.93E-07 time=3.545
After sweep 25 energy=-6.023771  maxlinkdim=300 maxerr=9.73E-08 time=3.744
After sweep 26 energy=-6.0238104  maxlinkdim=300 maxerr=4.42E-10 time=3.985
After sweep 27 energy=-6.0237894  maxlinkdim=300 maxerr=1.02E-09 time=4.181
After sweep 28 energy=-6.023751  maxlinkdim=300 maxerr=1.71E-07 time=4.372
After sweep 29 energy=-6.023803  maxlinkdim=300 maxerr=7.55E-10 time=4.312
After sweep 30 energy=-6.023797  maxlinkdim=300 maxerr=2.52E-07 time=4.272
Same mu: -2.6532001135405214 and continuing
Target density achieved with mu=-2.6532001135405214, n=0.49999774
Checking {alpha,beta} vs measured
Beta not converged.
NOT CONVERGED; updating alpha, beta and continuing...
After sweep 1 energy=-4.6781363  maxlinkdim=16 maxerr=3.30E-07 time=0.558
After sweep 2 energy=-5.7740655  maxlinkdim=173 maxerr=1.20E-08 time=1.237
After sweep 3 energy=-5.860718  maxlinkdim=192 maxerr=1.81E-07 time=1.923
After sweep 4 energy=-5.908394  maxlinkdim=228 maxerr=9.93E-10 time=1.921
After sweep 5 energy=-5.9396644  maxlinkdim=212 maxerr=1.97E-09 time=1.903
After sweep 6 energy=-5.962761  maxlinkdim=222 maxerr=1.44E-07 time=1.919
After sweep 7 energy=-5.978603  maxlinkdim=229 maxerr=3.04E-08 time=1.813
After sweep 8 energy=-5.9900103  maxlinkdim=198 maxerr=2.29E-09 time=1.786
After sweep 9 energy=-5.998054  maxlinkdim=276 maxerr=1.22E-07 time=1.811
After sweep 10 energy=-6.0038424  maxlinkdim=227 maxerr=7.98E-08 time=1.832
After sweep 11 energy=-6.0086174  maxlinkdim=254 maxerr=1.17E-09 time=1.888
After sweep 12 energy=-6.0120826  maxlinkdim=215 maxerr=8.56E-10 time=1.975
After sweep 13 energy=-6.0154896  maxlinkdim=221 maxerr=1.89E-07 time=2.044
After sweep 14 energy=-6.018133  maxlinkdim=224 maxerr=1.09E-08 time=2.225
After sweep 15 energy=-6.0196657  maxlinkdim=235 maxerr=2.57E-10 time=2.202
After sweep 16 energy=-6.020899  maxlinkdim=231 maxerr=1.31E-08 time=2.341
After sweep 17 energy=-6.021695  maxlinkdim=300 maxerr=6.02E-10 time=2.401
After sweep 18 energy=-6.0224657  maxlinkdim=277 maxerr=2.24E-08 time=2.642
After sweep 19 energy=-6.022935  maxlinkdim=266 maxerr=3.25E-10 time=2.738
After sweep 20 energy=-6.023239  maxlinkdim=287 maxerr=3.15E-08 time=2.795
After sweep 21 energy=-6.0234385  maxlinkdim=260 maxerr=8.16E-09 time=2.916
After sweep 22 energy=-6.0236187  maxlinkdim=297 maxerr=3.19E-10 time=3.095
After sweep 23 energy=-6.0237036  maxlinkdim=300 maxerr=4.70E-10 time=3.314
After sweep 24 energy=-6.0237665  maxlinkdim=300 maxerr=7.54E-10 time=3.525
After sweep 25 energy=-6.023815  maxlinkdim=300 maxerr=1.16E-07 time=3.719
After sweep 26 energy=-6.0238037  maxlinkdim=300 maxerr=5.01E-10 time=3.971
After sweep 27 energy=-6.0238066  maxlinkdim=300 maxerr=1.88E-07 time=4.185
After sweep 28 energy=-6.0238028  maxlinkdim=300 maxerr=1.10E-07 time=4.280
After sweep 29 energy=-6.0238104  maxlinkdim=300 maxerr=1.60E-09 time=4.288
After sweep 30 energy=-6.0238037  maxlinkdim=300 maxerr=1.49E-07 time=4.257
Same mu: -2.6532001135405214 and continuing
Target density achieved with mu=-2.6532001135405214, n=0.4999973
Checking {alpha,beta} vs measured
Beta not converged.
NOT CONVERGED; updating alpha, beta and continuing...
After sweep 1 energy=-4.6700373  maxlinkdim=16 maxerr=2.13E-07 time=0.795
After sweep 2 energy=-5.78631  maxlinkdim=182 maxerr=3.39E-08 time=1.245
After sweep 3 energy=-5.8717546  maxlinkdim=194 maxerr=1.57E-08 time=2.069
After sweep 4 energy=-5.9189405  maxlinkdim=208 maxerr=3.14E-08 time=1.923
After sweep 5 energy=-5.946575  maxlinkdim=195 maxerr=1.60E-09 time=1.899
After sweep 6 energy=-5.969285  maxlinkdim=225 maxerr=1.93E-09 time=1.892
After sweep 7 energy=-5.985613  maxlinkdim=215 maxerr=7.34E-09 time=1.878
After sweep 8 energy=-5.9953933  maxlinkdim=243 maxerr=1.35E-09 time=1.843
After sweep 9 energy=-6.0022635  maxlinkdim=262 maxerr=2.15E-07 time=1.833
After sweep 10 energy=-6.007197  maxlinkdim=284 maxerr=8.52E-08 time=1.885
After sweep 11 energy=-6.0112276  maxlinkdim=205 maxerr=1.01E-07 time=1.951
After sweep 12 energy=-6.01424  maxlinkdim=217 maxerr=9.41E-08 time=1.900
After sweep 13 energy=-6.017284  maxlinkdim=217 maxerr=3.95E-10 time=2.160
After sweep 14 energy=-6.0189924  maxlinkdim=246 maxerr=6.23E-10 time=2.198
After sweep 15 energy=-6.0204935  maxlinkdim=252 maxerr=1.88E-08 time=2.302
After sweep 16 energy=-6.0215273  maxlinkdim=257 maxerr=1.00E-10 time=2.440
After sweep 17 energy=-6.02218  maxlinkdim=250 maxerr=1.73E-08 time=2.505
After sweep 18 energy=-6.0226526  maxlinkdim=274 maxerr=8.81E-08 time=2.577
After sweep 19 energy=-6.0230503  maxlinkdim=300 maxerr=4.23E-10 time=2.758
After sweep 20 energy=-6.0232816  maxlinkdim=278 maxerr=1.01E-09 time=2.873
After sweep 21 energy=-6.023506  maxlinkdim=289 maxerr=8.37E-08 time=3.023
After sweep 22 energy=-6.0236454  maxlinkdim=300 maxerr=7.99E-08 time=3.239
After sweep 23 energy=-6.023736  maxlinkdim=300 maxerr=3.51E-08 time=3.490
After sweep 24 energy=-6.0238037  maxlinkdim=300 maxerr=8.39E-10 time=3.626
After sweep 25 energy=-6.023808  maxlinkdim=300 maxerr=6.06E-10 time=3.821
After sweep 26 energy=-6.023774  maxlinkdim=300 maxerr=8.52E-08 time=4.077
After sweep 27 energy=-6.0238256  maxlinkdim=300 maxerr=3.78E-08 time=4.210
After sweep 28 energy=-6.0237937  maxlinkdim=300 maxerr=2.03E-07 time=4.217
After sweep 29 energy=-6.023846  maxlinkdim=300 maxerr=1.08E-07 time=4.194
After sweep 30 energy=-6.023801  maxlinkdim=300 maxerr=5.30E-10 time=4.185
Same mu: -2.6532001135405214 and continuing
Target density achieved with mu=-2.6532001135405214, n=0.49999732
Checking {alpha,beta} vs measured
Beta not converged.
NOT CONVERGED; updating alpha, beta and continuing...
After sweep 1 energy=-4.686166  maxlinkdim=16 maxerr=2.73E-07 time=0.551
After sweep 2 energy=-5.784001  maxlinkdim=179 maxerr=1.32E-08 time=1.268
After sweep 3 energy=-5.869846  maxlinkdim=199 maxerr=1.82E-09 time=1.948
After sweep 4 energy=-5.9168105  maxlinkdim=213 maxerr=2.49E-08 time=1.939
After sweep 5 energy=-5.9443283  maxlinkdim=195 maxerr=1.39E-07 time=1.864
After sweep 6 energy=-5.966599  maxlinkdim=235 maxerr=8.77E-10 time=1.785
After sweep 7 energy=-5.983991  maxlinkdim=214 maxerr=1.72E-09 time=1.822
After sweep 8 energy=-5.994586  maxlinkdim=188 maxerr=2.92E-09 time=1.807
After sweep 9 energy=-6.0019374  maxlinkdim=225 maxerr=1.03E-07 time=1.757
After sweep 10 energy=-6.0073256  maxlinkdim=281 maxerr=8.29E-09 time=1.847
After sweep 11 energy=-6.011101  maxlinkdim=255 maxerr=8.47E-09 time=1.921
After sweep 12 energy=-6.0141993  maxlinkdim=255 maxerr=4.44E-08 time=1.972
After sweep 13 energy=-6.0171766  maxlinkdim=240 maxerr=1.35E-07 time=2.104
After sweep 14 energy=-6.018837  maxlinkdim=265 maxerr=4.10E-08 time=2.179
After sweep 15 energy=-6.0204306  maxlinkdim=227 maxerr=1.44E-07 time=2.288
After sweep 16 energy=-6.021676  maxlinkdim=281 maxerr=6.44E-08 time=2.508
After sweep 17 energy=-6.0223165  maxlinkdim=248 maxerr=8.78E-08 time=2.522
After sweep 18 energy=-6.022807  maxlinkdim=261 maxerr=8.05E-08 time=2.648
After sweep 19 energy=-6.023115  maxlinkdim=284 maxerr=6.84E-10 time=2.763
After sweep 20 energy=-6.0234585  maxlinkdim=300 maxerr=2.12E-07 time=2.983
After sweep 21 energy=-6.0236287  maxlinkdim=292 maxerr=8.48E-10 time=3.232
After sweep 22 energy=-6.0237036  maxlinkdim=282 maxerr=6.01E-08 time=3.355
After sweep 23 energy=-6.023779  maxlinkdim=300 maxerr=1.32E-07 time=3.521
After sweep 24 energy=-6.0237756  maxlinkdim=300 maxerr=4.79E-08 time=3.746
After sweep 25 energy=-6.0237923  maxlinkdim=300 maxerr=1.43E-07 time=4.016
After sweep 26 energy=-6.023802  maxlinkdim=300 maxerr=7.47E-10 time=4.209
After sweep 27 energy=-6.0238056  maxlinkdim=300 maxerr=1.21E-09 time=4.228
After sweep 28 energy=-6.0238333  maxlinkdim=300 maxerr=2.40E-08 time=4.199
After sweep 29 energy=-6.0238075  maxlinkdim=300 maxerr=4.68E-08 time=4.176
After sweep 30 energy=-6.023796  maxlinkdim=300 maxerr=1.08E-07 time=4.188
Same mu: -2.6532001135405214 and continuing
Target density achieved with mu=-2.6532001135405214, n=0.4999988
Checking {alpha,beta} vs measured
Beta not converged.
NOT CONVERGED; updating alpha, beta and continuing...
After sweep 1 energy=-4.6832285  maxlinkdim=16 maxerr=2.67E-07 time=0.552
After sweep 2 energy=-5.7854705  maxlinkdim=187 maxerr=1.57E-07 time=1.236
After sweep 3 energy=-5.869313  maxlinkdim=194 maxerr=3.02E-09 time=1.995
After sweep 4 energy=-5.916453  maxlinkdim=213 maxerr=4.00E-08 time=1.968
After sweep 5 energy=-5.9436297  maxlinkdim=191 maxerr=7.57E-08 time=1.884
After sweep 6 energy=-5.964886  maxlinkdim=204 maxerr=1.34E-07 time=1.782
After sweep 7 energy=-5.980971  maxlinkdim=244 maxerr=1.66E-07 time=1.886
After sweep 8 energy=-5.992263  maxlinkdim=204 maxerr=3.15E-09 time=2.065
After sweep 9 energy=-5.9996815  maxlinkdim=258 maxerr=4.73E-10 time=1.817
After sweep 10 energy=-6.0055914  maxlinkdim=224 maxerr=1.42E-07 time=1.883
After sweep 11 energy=-6.010036  maxlinkdim=279 maxerr=6.96E-08 time=1.922
After sweep 12 energy=-6.0132704  maxlinkdim=274 maxerr=9.38E-10 time=2.061
After sweep 13 energy=-6.0159216  maxlinkdim=212 maxerr=1.53E-07 time=2.089
After sweep 14 energy=-6.0184383  maxlinkdim=238 maxerr=2.12E-07 time=2.201
After sweep 15 energy=-6.019904  maxlinkdim=238 maxerr=3.11E-07 time=2.255
After sweep 16 energy=-6.0212126  maxlinkdim=237 maxerr=1.09E-09 time=2.370
After sweep 17 energy=-6.021924  maxlinkdim=251 maxerr=9.14E-10 time=2.415
After sweep 18 energy=-6.0225306  maxlinkdim=263 maxerr=6.42E-10 time=2.520
After sweep 19 energy=-6.02292  maxlinkdim=254 maxerr=7.76E-08 time=2.657
After sweep 20 energy=-6.023236  maxlinkdim=259 maxerr=9.78E-08 time=2.748
After sweep 21 energy=-6.0234737  maxlinkdim=300 maxerr=1.22E-09 time=3.011
After sweep 22 energy=-6.023662  maxlinkdim=287 maxerr=4.64E-09 time=3.152
After sweep 23 energy=-6.023735  maxlinkdim=300 maxerr=4.79E-10 time=3.330
After sweep 24 energy=-6.023784  maxlinkdim=300 maxerr=9.68E-10 time=3.559
After sweep 25 energy=-6.0237904  maxlinkdim=300 maxerr=5.84E-10 time=3.775
After sweep 26 energy=-6.023806  maxlinkdim=300 maxerr=3.24E-08 time=4.008
After sweep 27 energy=-6.023811  maxlinkdim=300 maxerr=2.52E-07 time=4.196
After sweep 28 energy=-6.023803  maxlinkdim=300 maxerr=1.57E-07 time=4.220
After sweep 29 energy=-6.023802  maxlinkdim=300 maxerr=1.55E-07 time=4.195
After sweep 30 energy=-6.0237927  maxlinkdim=300 maxerr=3.11E-07 time=4.193
Same mu: -2.6532001135405214 and continuing
Target density achieved with mu=-2.6532001135405214, n=0.4999974
Checking {alpha,beta} vs measured
Beta not converged.
NOT CONVERGED; updating alpha, beta and continuing...
After sweep 1 energy=-4.6729836  maxlinkdim=16 maxerr=2.46E-07 time=0.555
After sweep 2 energy=-5.7807884  maxlinkdim=173 maxerr=1.54E-08 time=1.232
After sweep 3 energy=-5.8682833  maxlinkdim=181 maxerr=9.41E-09 time=1.959
After sweep 4 energy=-5.9172072  maxlinkdim=216 maxerr=1.15E-07 time=1.899
After sweep 5 energy=-5.9454927  maxlinkdim=179 maxerr=6.78E-08 time=1.858
After sweep 6 energy=-5.9672203  maxlinkdim=281 maxerr=1.52E-07 time=1.802
After sweep 7 energy=-5.9826703  maxlinkdim=240 maxerr=3.92E-08 time=1.868
After sweep 8 energy=-5.9931397  maxlinkdim=217 maxerr=9.94E-09 time=1.821
After sweep 9 energy=-6.000379  maxlinkdim=274 maxerr=9.78E-10 time=1.792
After sweep 10 energy=-6.00696  maxlinkdim=232 maxerr=8.43E-10 time=1.903
After sweep 11 energy=-6.011132  maxlinkdim=224 maxerr=4.35E-08 time=2.002
After sweep 12 energy=-6.0141115  maxlinkdim=248 maxerr=9.87E-08 time=1.962
After sweep 13 energy=-6.0164757  maxlinkdim=237 maxerr=3.48E-08 time=2.053
After sweep 14 energy=-6.0185595  maxlinkdim=280 maxerr=2.57E-07 time=2.212
After sweep 15 energy=-6.0198107  maxlinkdim=243 maxerr=9.29E-08 time=2.231
After sweep 16 energy=-6.0209103  maxlinkdim=255 maxerr=4.07E-08 time=2.313
After sweep 17 energy=-6.0217323  maxlinkdim=256 maxerr=6.29E-10 time=2.429
After sweep 18 energy=-6.0223002  maxlinkdim=253 maxerr=6.46E-10 time=2.479
After sweep 19 energy=-6.022835  maxlinkdim=293 maxerr=1.10E-07 time=2.667
After sweep 20 energy=-6.0231533  maxlinkdim=282 maxerr=9.96E-08 time=2.850
After sweep 21 energy=-6.0234265  maxlinkdim=300 maxerr=1.48E-07 time=2.939
After sweep 22 energy=-6.023556  maxlinkdim=300 maxerr=1.01E-07 time=3.117
After sweep 23 energy=-6.0236797  maxlinkdim=299 maxerr=1.43E-07 time=3.268
After sweep 24 energy=-6.023761  maxlinkdim=300 maxerr=1.64E-08 time=3.453
After sweep 25 energy=-6.023796  maxlinkdim=300 maxerr=5.85E-08 time=3.686
After sweep 26 energy=-6.0238104  maxlinkdim=300 maxerr=3.45E-10 time=3.987
After sweep 27 energy=-6.0237947  maxlinkdim=300 maxerr=3.42E-08 time=4.146
After sweep 28 energy=-6.0237923  maxlinkdim=300 maxerr=1.63E-07 time=4.242
After sweep 29 energy=-6.023779  maxlinkdim=300 maxerr=1.17E-07 time=4.232
After sweep 30 energy=-6.023823  maxlinkdim=300 maxerr=1.63E-08 time=4.200
Same mu: -2.6532001135405214 and continuing
Target density achieved with mu=-2.6532001135405214, n=0.4999987
Checking {alpha,beta} vs measured
Beta not converged.
NOT CONVERGED; updating alpha, beta and continuing...
After sweep 1 energy=-4.6748075  maxlinkdim=16 maxerr=2.60E-07 time=0.637
After sweep 2 energy=-5.7798104  maxlinkdim=186 maxerr=1.19E-08 time=1.488
After sweep 3 energy=-5.867287  maxlinkdim=191 maxerr=6.82E-09 time=2.019
After sweep 4 energy=-5.915789  maxlinkdim=244 maxerr=7.33E-08 time=1.990
After sweep 5 energy=-5.9436255  maxlinkdim=200 maxerr=4.89E-09 time=1.948
After sweep 6 energy=-5.966093  maxlinkdim=213 maxerr=1.52E-07 time=1.858
After sweep 7 energy=-5.981031  maxlinkdim=188 maxerr=3.68E-07 time=1.777
After sweep 8 energy=-5.9918404  maxlinkdim=205 maxerr=2.19E-09 time=1.823
After sweep 9 energy=-5.999716  maxlinkdim=206 maxerr=3.19E-08 time=1.816
After sweep 10 energy=-6.0053673  maxlinkdim=203 maxerr=1.93E-07 time=1.856
After sweep 11 energy=-6.009575  maxlinkdim=203 maxerr=5.28E-10 time=1.898
After sweep 12 energy=-6.0127406  maxlinkdim=241 maxerr=5.61E-10 time=1.899
After sweep 13 energy=-6.0155463  maxlinkdim=246 maxerr=3.06E-08 time=2.022
After sweep 14 energy=-6.0179768  maxlinkdim=239 maxerr=5.02E-08 time=2.161
After sweep 15 energy=-6.0195794  maxlinkdim=252 maxerr=1.27E-08 time=2.229
After sweep 16 energy=-6.0211062  maxlinkdim=239 maxerr=1.19E-09 time=2.409
After sweep 17 energy=-6.021863  maxlinkdim=260 maxerr=7.41E-09 time=2.396
After sweep 18 energy=-6.02248  maxlinkdim=228 maxerr=6.53E-10 time=2.515
After sweep 19 energy=-6.022872  maxlinkdim=260 maxerr=4.41E-10 time=2.585
After sweep 20 energy=-6.0232244  maxlinkdim=300 maxerr=3.45E-07 time=2.793
After sweep 21 energy=-6.0234203  maxlinkdim=272 maxerr=5.52E-10 time=2.941
After sweep 22 energy=-6.0235767  maxlinkdim=300 maxerr=1.20E-08 time=3.106
After sweep 23 energy=-6.023691  maxlinkdim=300 maxerr=4.21E-10 time=3.279
After sweep 24 energy=-6.0237446  maxlinkdim=300 maxerr=6.68E-10 time=3.450
After sweep 25 energy=-6.02378  maxlinkdim=300 maxerr=1.64E-10 time=3.615
After sweep 26 energy=-6.0237675  maxlinkdim=300 maxerr=9.81E-10 time=3.895
After sweep 27 energy=-6.023796  maxlinkdim=300 maxerr=1.34E-07 time=4.109
After sweep 28 energy=-6.0237885  maxlinkdim=300 maxerr=7.63E-08 time=4.211
After sweep 29 energy=-6.0238037  maxlinkdim=300 maxerr=4.71E-10 time=4.212
After sweep 30 energy=-6.023785  maxlinkdim=300 maxerr=9.72E-08 time=4.185
Same mu: -2.6532001135405214 and continuing
Target density achieved with mu=-2.6532001135405214, n=0.49999738
Checking {alpha,beta} vs measured
Beta not converged.
NOT CONVERGED; updating alpha, beta and continuing...
After sweep 1 energy=-4.6866965  maxlinkdim=16 maxerr=3.25E-07 time=0.594
After sweep 2 energy=-5.7880044  maxlinkdim=174 maxerr=1.07E-07 time=1.188
After sweep 3 energy=-5.872241  maxlinkdim=197 maxerr=6.60E-08 time=2.045
After sweep 4 energy=-5.9182754  maxlinkdim=203 maxerr=6.09E-08 time=1.944
After sweep 5 energy=-5.946081  maxlinkdim=196 maxerr=7.23E-08 time=1.862
After sweep 6 energy=-5.9674253  maxlinkdim=224 maxerr=1.86E-09 time=1.800
After sweep 7 energy=-5.984713  maxlinkdim=216 maxerr=8.21E-10 time=1.854
After sweep 8 energy=-5.9950247  maxlinkdim=263 maxerr=7.20E-08 time=1.835
After sweep 9 energy=-6.001946  maxlinkdim=181 maxerr=1.07E-07 time=1.763
After sweep 10 energy=-6.0076265  maxlinkdim=212 maxerr=1.75E-09 time=1.839
After sweep 11 energy=-6.011773  maxlinkdim=220 maxerr=1.14E-09 time=1.930
After sweep 12 energy=-6.01491  maxlinkdim=216 maxerr=2.83E-08 time=1.996
After sweep 13 energy=-6.017775  maxlinkdim=227 maxerr=6.51E-08 time=2.140
After sweep 14 energy=-6.019478  maxlinkdim=230 maxerr=8.02E-09 time=2.158
After sweep 15 energy=-6.0206485  maxlinkdim=219 maxerr=1.73E-09 time=2.285
After sweep 16 energy=-6.021451  maxlinkdim=221 maxerr=1.01E-08 time=2.307
After sweep 17 energy=-6.022084  maxlinkdim=247 maxerr=1.69E-09 time=2.418
After sweep 18 energy=-6.0226336  maxlinkdim=256 maxerr=8.10E-10 time=2.588
After sweep 19 energy=-6.023059  maxlinkdim=284 maxerr=1.40E-07 time=2.727
After sweep 20 energy=-6.0233827  maxlinkdim=279 maxerr=1.23E-07 time=2.904
After sweep 21 energy=-6.023568  maxlinkdim=268 maxerr=5.30E-08 time=3.015
After sweep 22 energy=-6.0236654  maxlinkdim=285 maxerr=7.85E-08 time=3.130
After sweep 23 energy=-6.0237303  maxlinkdim=300 maxerr=1.59E-07 time=3.381
After sweep 24 energy=-6.0238  maxlinkdim=300 maxerr=1.81E-07 time=3.619
After sweep 25 energy=-6.023787  maxlinkdim=300 maxerr=3.00E-10 time=3.850
After sweep 26 energy=-6.0237837  maxlinkdim=300 maxerr=2.43E-10 time=4.094
After sweep 27 energy=-6.023768  maxlinkdim=300 maxerr=1.12E-07 time=4.233
After sweep 28 energy=-6.023787  maxlinkdim=300 maxerr=1.99E-08 time=4.224
After sweep 29 energy=-6.0238  maxlinkdim=300 maxerr=2.18E-07 time=4.201
After sweep 30 energy=-6.023789  maxlinkdim=300 maxerr=3.50E-07 time=4.180
Same mu: -2.6532001135405214 and continuing
Target density achieved with mu=-2.6532001135405214, n=0.499997
Checking {alpha,beta} vs measured
Beta not converged.
NOT CONVERGED; updating alpha, beta and continuing...
After sweep 1 energy=-4.6735816  maxlinkdim=16 maxerr=2.97E-07 time=0.598
After sweep 2 energy=-5.777882  maxlinkdim=188 maxerr=9.89E-09 time=1.191
After sweep 3 energy=-5.865078  maxlinkdim=191 maxerr=1.54E-07 time=2.002
After sweep 4 energy=-5.914772  maxlinkdim=265 maxerr=1.53E-09 time=2.035
After sweep 5 energy=-5.9435253  maxlinkdim=203 maxerr=1.24E-09 time=2.147
After sweep 6 energy=-5.9648504  maxlinkdim=253 maxerr=2.02E-09 time=1.793
After sweep 7 energy=-5.9806566  maxlinkdim=267 maxerr=7.35E-10 time=1.784
After sweep 8 energy=-5.992475  maxlinkdim=254 maxerr=1.53E-09 time=1.896
After sweep 9 energy=-6.0001273  maxlinkdim=242 maxerr=7.96E-08 time=1.829
After sweep 10 energy=-6.007752  maxlinkdim=237 maxerr=2.47E-08 time=1.985
After sweep 11 energy=-6.011708  maxlinkdim=229 maxerr=2.71E-07 time=1.950
After sweep 12 energy=-6.014798  maxlinkdim=237 maxerr=2.34E-07 time=1.973
After sweep 13 energy=-6.0173078  maxlinkdim=237 maxerr=1.28E-07 time=2.066
After sweep 14 energy=-6.018985  maxlinkdim=218 maxerr=1.21E-07 time=2.072
After sweep 15 energy=-6.0206385  maxlinkdim=246 maxerr=1.96E-07 time=2.249
After sweep 16 energy=-6.0216265  maxlinkdim=237 maxerr=1.30E-09 time=2.344
After sweep 17 energy=-6.0222306  maxlinkdim=239 maxerr=4.25E-08 time=2.415
After sweep 18 energy=-6.0226765  maxlinkdim=255 maxerr=4.00E-08 time=2.502
After sweep 19 energy=-6.0230103  maxlinkdim=300 maxerr=1.09E-09 time=2.620
After sweep 20 energy=-6.0232763  maxlinkdim=265 maxerr=3.21E-10 time=2.769
After sweep 21 energy=-6.023495  maxlinkdim=277 maxerr=5.67E-09 time=2.984
After sweep 22 energy=-6.02367  maxlinkdim=300 maxerr=1.01E-07 time=3.177
After sweep 23 energy=-6.023754  maxlinkdim=288 maxerr=1.03E-07 time=3.365
After sweep 24 energy=-6.0237846  maxlinkdim=300 maxerr=8.96E-08 time=3.617
After sweep 25 energy=-6.0237875  maxlinkdim=300 maxerr=1.14E-07 time=3.903
After sweep 26 energy=-6.0237856  maxlinkdim=300 maxerr=1.77E-09 time=4.103
After sweep 27 energy=-6.023811  maxlinkdim=300 maxerr=9.12E-08 time=4.247
After sweep 28 energy=-6.0238037  maxlinkdim=300 maxerr=6.78E-08 time=4.235
After sweep 29 energy=-6.0238156  maxlinkdim=300 maxerr=7.75E-08 time=4.207
After sweep 30 energy=-6.023773  maxlinkdim=300 maxerr=4.72E-10 time=4.198
Same mu: -2.6532001135405214 and continuing
Target density achieved with mu=-2.6532001135405214, n=0.4999969
Checking {alpha,beta} vs measured
Beta not converged.
NOT CONVERGED; updating alpha, beta and continuing...
After sweep 1 energy=-4.669708  maxlinkdim=16 maxerr=2.88E-07 time=0.551
After sweep 2 energy=-5.7787676  maxlinkdim=174 maxerr=5.75E-08 time=1.242
After sweep 3 energy=-5.8670707  maxlinkdim=196 maxerr=3.35E-07 time=1.966
After sweep 4 energy=-5.9163446  maxlinkdim=227 maxerr=4.79E-08 time=1.973
After sweep 5 energy=-5.943904  maxlinkdim=187 maxerr=3.40E-08 time=1.875
After sweep 6 energy=-5.96589  maxlinkdim=222 maxerr=5.99E-08 time=1.816
After sweep 7 energy=-5.980982  maxlinkdim=221 maxerr=2.00E-08 time=1.802
After sweep 8 energy=-5.9913793  maxlinkdim=273 maxerr=1.26E-09 time=1.792
After sweep 9 energy=-5.999203  maxlinkdim=266 maxerr=8.00E-10 time=1.801
After sweep 10 energy=-6.005501  maxlinkdim=280 maxerr=2.40E-08 time=1.892
After sweep 11 energy=-6.0099154  maxlinkdim=289 maxerr=8.84E-08 time=1.984
After sweep 12 energy=-6.013091  maxlinkdim=212 maxerr=1.47E-10 time=1.974
After sweep 13 energy=-6.016017  maxlinkdim=227 maxerr=2.26E-09 time=2.068
After sweep 14 energy=-6.0184984  maxlinkdim=214 maxerr=1.77E-07 time=2.213
After sweep 15 energy=-6.01991  maxlinkdim=227 maxerr=5.60E-08 time=2.176
After sweep 16 energy=-6.0211153  maxlinkdim=244 maxerr=6.02E-10 time=2.370
Resuming from checkpoint results_U_-4.0_t_p_0.025_gpu.h5
Resuming with mu_init=-2.6532001135405214
Running with t_p=0.025 U=-4.0 L=100 chi_max=300 E_p=1.476 mu_init=-2.6532001135405214
After sweep 1 energy=-4.669708  maxlinkdim=16 maxerr=2.88E-07 time=18.233
After sweep 2 energy=-5.7787676  maxlinkdim=174 maxerr=5.75E-08 time=1.356
After sweep 3 energy=-5.8670707  maxlinkdim=196 maxerr=3.35E-07 time=2.370
After sweep 4 energy=-5.9163446  maxlinkdim=227 maxerr=4.79E-08 time=1.965
After sweep 5 energy=-5.943904  maxlinkdim=187 maxerr=3.40E-08 time=1.869
After sweep 6 energy=-5.96589  maxlinkdim=222 maxerr=5.99E-08 time=1.781
After sweep 7 energy=-5.980982  maxlinkdim=221 maxerr=2.00E-08 time=1.811
After sweep 8 energy=-5.9913793  maxlinkdim=273 maxerr=1.26E-09 time=1.756
After sweep 9 energy=-5.999203  maxlinkdim=266 maxerr=8.00E-10 time=1.832
After sweep 10 energy=-6.005501  maxlinkdim=280 maxerr=2.40E-08 time=1.855
After sweep 11 energy=-6.0099154  maxlinkdim=289 maxerr=8.84E-08 time=1.959
After sweep 12 energy=-6.013091  maxlinkdim=212 maxerr=1.47E-10 time=1.970
After sweep 13 energy=-6.016017  maxlinkdim=227 maxerr=2.26E-09 time=2.059
After sweep 14 energy=-6.0184984  maxlinkdim=214 maxerr=1.77E-07 time=2.177
After sweep 15 energy=-6.01991  maxlinkdim=227 maxerr=5.60E-08 time=2.173
After sweep 16 energy=-6.0211153  maxlinkdim=244 maxerr=6.02E-10 time=2.359
After sweep 17 energy=-6.0218267  maxlinkdim=238 maxerr=4.56E-08 time=2.397
After sweep 18 energy=-6.0225024  maxlinkdim=244 maxerr=2.37E-07 time=2.574
After sweep 19 energy=-6.0228395  maxlinkdim=245 maxerr=2.44E-07 time=2.566
After sweep 20 energy=-6.023204  maxlinkdim=300 maxerr=1.08E-10 time=2.750
After sweep 21 energy=-6.0234385  maxlinkdim=282 maxerr=5.08E-09 time=2.982
After sweep 22 energy=-6.023554  maxlinkdim=288 maxerr=7.44E-10 time=3.114
After sweep 23 energy=-6.023698  maxlinkdim=300 maxerr=9.97E-09 time=3.311
After sweep 24 energy=-6.0237427  maxlinkdim=300 maxerr=9.93E-10 time=3.503
After sweep 25 energy=-6.023785  maxlinkdim=300 maxerr=4.85E-10 time=3.675
After sweep 26 energy=-6.023795  maxlinkdim=300 maxerr=6.99E-10 time=4.053
After sweep 27 energy=-6.0237994  maxlinkdim=300 maxerr=4.18E-08 time=4.219
After sweep 28 energy=-6.023796  maxlinkdim=300 maxerr=6.64E-09 time=4.334
After sweep 29 energy=-6.0238323  maxlinkdim=300 maxerr=4.62E-08 time=4.256
After sweep 30 energy=-6.023784  maxlinkdim=300 maxerr=8.91E-09 time=4.348
Same mu: -2.6532001135405214 and continuing
Target density achieved with mu=-2.6532001135405214, n=0.49999714
Checking {alpha,beta} vs measured
Converged {alpha,beta}. mu=-2.6532001135405214, n=0.49999714
Exiting loop
After sweep 1 energy=-4.652584096813181  maxlinkdim=16 maxerr=9.74E-11 time=18.522
After sweep 2 energy=-5.742399780330229  maxlinkdim=142 maxerr=1.00E-10 time=1.548
After sweep 3 energy=-5.911945206874004  maxlinkdim=213 maxerr=1.00E-10 time=2.730
After sweep 4 energy=-5.950939408004583  maxlinkdim=217 maxerr=1.00E-10 time=3.005
After sweep 5 energy=-5.968589017279164  maxlinkdim=221 maxerr=1.00E-10 time=3.063
After sweep 6 energy=-5.9778409391313465  maxlinkdim=224 maxerr=1.00E-10 time=3.082
After sweep 7 energy=-5.9840856295667555  maxlinkdim=266 maxerr=9.99E-11 time=3.255
After sweep 8 energy=-5.989064249807137  maxlinkdim=300 maxerr=1.49E-10 time=3.601
After sweep 9 energy=-5.991862662110341  maxlinkdim=300 maxerr=2.09E-10 time=3.675
After sweep 10 energy=-5.994003083189421  maxlinkdim=300 maxerr=1.06E-09 time=3.721
After sweep 11 energy=-5.995948065343933  maxlinkdim=283 maxerr=1.53E-10 time=3.685
After sweep 12 energy=-5.997254818279828  maxlinkdim=300 maxerr=4.37E-10 time=3.934
After sweep 13 energy=-5.998374773381717  maxlinkdim=277 maxerr=1.00E-10 time=4.003
After sweep 14 energy=-5.9993550222527325  maxlinkdim=298 maxerr=2.45E-09 time=4.456
After sweep 15 energy=-6.000055241920508  maxlinkdim=300 maxerr=3.72E-10 time=4.832
After sweep 16 energy=-6.000595154915686  maxlinkdim=300 maxerr=5.31E-10 time=5.209
After sweep 17 energy=-6.000987907874334  maxlinkdim=300 maxerr=3.18E-08 time=5.535
After sweep 18 energy=-6.0011948867123115  maxlinkdim=300 maxerr=1.83E-09 time=5.382
After sweep 19 energy=-6.001338080474758  maxlinkdim=300 maxerr=2.44E-09 time=5.392
After sweep 20 energy=-6.001440475736302  maxlinkdim=300 maxerr=8.94E-09 time=5.474
After sweep 21 energy=-6.001492903212027  maxlinkdim=300 maxerr=1.61E-09 time=5.608
After sweep 22 energy=-6.001526662435993  maxlinkdim=300 maxerr=3.49E-09 time=5.867
After sweep 23 energy=-6.0015444174700345  maxlinkdim=300 maxerr=8.65E-09 time=5.613
After sweep 24 energy=-6.001555190515206  maxlinkdim=300 maxerr=5.60E-09 time=5.686
After sweep 25 energy=-6.001560760552414  maxlinkdim=300 maxerr=5.02E-09 time=5.676
After sweep 26 energy=-6.001561999715043  maxlinkdim=300 maxerr=3.46E-09 time=5.824
After sweep 27 energy=-6.0015627331592025  maxlinkdim=300 maxerr=2.99E-09 time=5.857
After sweep 28 energy=-6.001565043507537  maxlinkdim=300 maxerr=4.25E-09 time=5.630
After sweep 29 energy=-6.001575814698266  maxlinkdim=300 maxerr=6.29E-09 time=5.655
After sweep 30 energy=-6.001620587052347  maxlinkdim=300 maxerr=1.01E-08 time=5.616
Calculation finished. Saving results to results_U_-4.0_t_p_0.025_gpu.h5
