Resuming from checkpoint results_U_-4.0_t_p_0.05.h5
Resuming with mu_init=-2.6504647429309443
Running with t_p=0.05 U=-4.0 L=100 chi_max=300 E_p=1.476 mu_init=-2.6504647429309443
After sweep 1 energy=-4.723158122253071  maxlinkdim=16 maxerr=8.68E-11 time=29.237
After sweep 2 energy=-5.796296745345551  maxlinkdim=100 maxerr=9.99E-11 time=4.968
After sweep 3 energy=-5.887910717806319  maxlinkdim=107 maxerr=1.00E-10 time=8.107
After sweep 4 energy=-5.935160810198627  maxlinkdim=111 maxerr=9.98E-11 time=8.637
After sweep 5 energy=-5.9635095509309535  maxlinkdim=102 maxerr=1.00E-10 time=8.224
After sweep 6 energy=-5.98528034237338  maxlinkdim=106 maxerr=9.99E-11 time=8.265
After sweep 7 energy=-6.007550515539165  maxlinkdim=121 maxerr=9.98E-11 time=8.890
After sweep 8 energy=-6.028411755553869  maxlinkdim=147 maxerr=1.00E-10 time=10.536
After sweep 9 energy=-6.040333034320746  maxlinkdim=124 maxerr=9.99E-11 time=10.983
After sweep 10 energy=-6.049564260494042  maxlinkdim=138 maxerr=9.99E-11 time=10.830
After sweep 11 energy=-6.056569044710488  maxlinkdim=164 maxerr=9.99E-11 time=11.482
After sweep 12 energy=-6.060456933149057  maxlinkdim=160 maxerr=9.98E-11 time=12.191
After sweep 13 energy=-6.063287713200178  maxlinkdim=240 maxerr=1.00E-10 time=12.339
After sweep 14 energy=-6.0649502950902034  maxlinkdim=188 maxerr=9.99E-11 time=12.988
After sweep 15 energy=-6.065994850842933  maxlinkdim=217 maxerr=1.00E-10 time=12.823
After sweep 16 energy=-6.066898711939857  maxlinkdim=268 maxerr=1.00E-10 time=13.102
After sweep 17 energy=-6.067490301075823  maxlinkdim=253 maxerr=9.99E-11 time=13.652
After sweep 18 energy=-6.0678148689096965  maxlinkdim=208 maxerr=1.00E-10 time=14.823
After sweep 19 energy=-6.068001698035957  maxlinkdim=196 maxerr=9.99E-11 time=16.214
After sweep 20 energy=-6.068169323342408  maxlinkdim=284 maxerr=9.98E-11 time=17.897
After sweep 21 energy=-6.0682196561438415  maxlinkdim=296 maxerr=1.00E-10 time=20.402
After sweep 22 energy=-6.0682379307154815  maxlinkdim=261 maxerr=1.00E-10 time=22.932
After sweep 23 energy=-6.068244864083124  maxlinkdim=243 maxerr=1.00E-10 time=25.384
After sweep 24 energy=-6.068246527558188  maxlinkdim=241 maxerr=1.00E-10 time=28.217
After sweep 25 energy=-6.068247042206315  maxlinkdim=231 maxerr=9.99E-11 time=31.035
After sweep 26 energy=-6.0682471116026  maxlinkdim=211 maxerr=1.00E-10 time=32.061
After sweep 27 energy=-6.068247113656871  maxlinkdim=207 maxerr=1.00E-10 time=30.903
After sweep 28 energy=-6.068247114552122  maxlinkdim=207 maxerr=1.00E-10 time=30.403
After sweep 29 energy=-6.068247114881452  maxlinkdim=207 maxerr=9.99E-11 time=30.355
After sweep 30 energy=-6.068247115201308  maxlinkdim=207 maxerr=1.00E-10 time=30.530
Not same mu, searching again
After sweep 1 energy=-4.239237173526408  maxlinkdim=16 maxerr=8.93E-11 time=0.985
After sweep 2 energy=-5.310145279460202  maxlinkdim=100 maxerr=9.99E-11 time=4.526
After sweep 3 energy=-5.396302625480167  maxlinkdim=108 maxerr=1.00E-10 time=7.923
After sweep 4 energy=-5.441480838882677  maxlinkdim=111 maxerr=1.00E-10 time=8.528
After sweep 5 energy=-5.469165998287505  maxlinkdim=105 maxerr=1.00E-10 time=8.446
After sweep 6 energy=-5.490585620505391  maxlinkdim=157 maxerr=9.99E-11 time=8.273
After sweep 7 energy=-5.511157887491659  maxlinkdim=153 maxerr=9.99E-11 time=8.660
After sweep 8 energy=-5.5294627531410105  maxlinkdim=189 maxerr=9.99E-11 time=9.617
After sweep 9 energy=-5.54366073344419  maxlinkdim=181 maxerr=9.99E-11 time=10.396
After sweep 10 energy=-5.551280590541923  maxlinkdim=211 maxerr=1.00E-10 time=10.415
After sweep 11 energy=-5.557983073217915  maxlinkdim=134 maxerr=1.00E-10 time=10.650
After sweep 12 energy=-5.5623170128788475  maxlinkdim=134 maxerr=1.00E-10 time=10.552
After sweep 13 energy=-5.565381794677418  maxlinkdim=128 maxerr=9.95E-11 time=10.173
After sweep 14 energy=-5.568057377910292  maxlinkdim=203 maxerr=9.99E-11 time=10.655
After sweep 15 energy=-5.5706098750785875  maxlinkdim=300 maxerr=9.99E-11 time=12.195
After sweep 16 energy=-5.572252469940119  maxlinkdim=255 maxerr=1.00E-10 time=13.529
After sweep 17 energy=-5.5731400536666555  maxlinkdim=300 maxerr=1.00E-10 time=15.036
After sweep 18 energy=-5.573649460275581  maxlinkdim=262 maxerr=1.00E-10 time=15.615
After sweep 19 energy=-5.57393562542568  maxlinkdim=265 maxerr=1.71E-10 time=16.614
After sweep 20 energy=-5.5740943316871645  maxlinkdim=254 maxerr=9.99E-11 time=17.224
After sweep 21 energy=-5.574184931094873  maxlinkdim=240 maxerr=9.99E-11 time=18.902
After sweep 22 energy=-5.574223311738198  maxlinkdim=259 maxerr=1.00E-10 time=19.484
After sweep 23 energy=-5.574248134559556  maxlinkdim=261 maxerr=9.99E-11 time=23.368
After sweep 24 energy=-5.57425081792771  maxlinkdim=245 maxerr=1.00E-10 time=26.036
After sweep 25 energy=-5.574251198228119  maxlinkdim=223 maxerr=1.00E-10 time=27.171
After sweep 26 energy=-5.57425125678068  maxlinkdim=208 maxerr=1.00E-10 time=27.376
After sweep 27 energy=-5.57425125929582  maxlinkdim=199 maxerr=9.99E-11 time=26.813
After sweep 28 energy=-5.574251259973469  maxlinkdim=199 maxerr=1.00E-10 time=26.386
After sweep 29 energy=-5.574251260353518  maxlinkdim=199 maxerr=9.99E-11 time=26.569
After sweep 30 energy=-5.574251260594484  maxlinkdim=199 maxerr=1.00E-10 time=26.442
n0: 0.4875487327832711; n1: 0.5003535505693495; mu0: -2.660464742930944; mu1: -2.6504647429309443

Range found between mu0: -2.660464742930944 (n0: 0.4875487327832711) and mu1: -2.6504647429309443 (n1: 0.5003535505693495); refining...
n0: 0.4875487327832711; n1: 0.5003535505693495; mu0: -2.660464742930944; mu1: -2.6504647429309443
Trying secant step...
After sweep 1 energy=-4.70957585553502  maxlinkdim=16 maxerr=8.66E-11 time=0.999
After sweep 2 energy=-5.784130755764479  maxlinkdim=100 maxerr=1.00E-10 time=4.457
After sweep 3 energy=-5.87455073709328  maxlinkdim=109 maxerr=9.99E-11 time=7.825
After sweep 4 energy=-5.9220548789651195  maxlinkdim=111 maxerr=9.99E-11 time=8.220
After sweep 5 energy=-5.9517563950342085  maxlinkdim=109 maxerr=9.99E-11 time=8.181
After sweep 6 energy=-5.97819334806183  maxlinkdim=175 maxerr=9.99E-11 time=8.435
After sweep 7 energy=-6.001241602986377  maxlinkdim=143 maxerr=1.00E-10 time=9.430
After sweep 8 energy=-6.017230738411856  maxlinkdim=141 maxerr=1.00E-10 time=10.042
After sweep 9 energy=-6.026843643887094  maxlinkdim=124 maxerr=9.99E-11 time=9.869
After sweep 10 energy=-6.03395758315081  maxlinkdim=129 maxerr=9.97E-11 time=9.900
After sweep 11 energy=-6.041102439537464  maxlinkdim=171 maxerr=1.00E-10 time=10.521
After sweep 12 energy=-6.04526227884595  maxlinkdim=195 maxerr=9.99E-11 time=11.241
After sweep 13 energy=-6.0483966437597045  maxlinkdim=226 maxerr=1.00E-10 time=11.846
After sweep 14 energy=-6.05055434365053  maxlinkdim=261 maxerr=9.99E-11 time=12.203
After sweep 15 energy=-6.051928833892825  maxlinkdim=282 maxerr=1.00E-10 time=12.505
After sweep 16 energy=-6.05294615274294  maxlinkdim=211 maxerr=1.00E-10 time=13.667
After sweep 17 energy=-6.053608123234519  maxlinkdim=242 maxerr=1.00E-10 time=14.816
After sweep 18 energy=-6.053909967927835  maxlinkdim=202 maxerr=1.00E-10 time=15.235
After sweep 19 energy=-6.0541151112694935  maxlinkdim=210 maxerr=1.00E-10 time=15.104
After sweep 20 energy=-6.054242804580025  maxlinkdim=238 maxerr=1.00E-10 time=15.768
After sweep 21 energy=-6.054327206217241  maxlinkdim=276 maxerr=1.00E-10 time=16.805
After sweep 22 energy=-6.054394793871129  maxlinkdim=300 maxerr=1.64E-10 time=18.421
After sweep 23 energy=-6.054423912387829  maxlinkdim=267 maxerr=1.00E-10 time=20.975
After sweep 24 energy=-6.054434099968145  maxlinkdim=262 maxerr=1.00E-10 time=24.182
After sweep 25 energy=-6.054436159118654  maxlinkdim=249 maxerr=1.00E-10 time=26.381
After sweep 26 energy=-6.054436662934247  maxlinkdim=230 maxerr=1.00E-10 time=27.360
After sweep 27 energy=-6.054436758751519  maxlinkdim=219 maxerr=1.00E-10 time=28.362
After sweep 28 energy=-6.054436763924634  maxlinkdim=208 maxerr=1.00E-10 time=28.096
After sweep 29 energy=-6.054436764609632  maxlinkdim=207 maxerr=9.99E-11 time=27.713
After sweep 30 energy=-6.054436764807413  maxlinkdim=207 maxerr=1.00E-10 time=27.752
n0: 0.4875487327832711; n1: 0.5000068306685336; mu0: -2.660464742930944; mu1: -2.65074085038929
Trying secant step...
After sweep 1 energy=-4.709321329215901  maxlinkdim=16 maxerr=8.66E-11 time=1.025
After sweep 2 energy=-5.783853805996649  maxlinkdim=100 maxerr=1.00E-10 time=4.458
After sweep 3 energy=-5.8743294455556185  maxlinkdim=109 maxerr=9.99E-11 time=7.589
After sweep 4 energy=-5.92198927541158  maxlinkdim=113 maxerr=1.00E-10 time=8.345
After sweep 5 energy=-5.952526125443888  maxlinkdim=110 maxerr=9.99E-11 time=8.167
After sweep 6 energy=-5.977935477348928  maxlinkdim=153 maxerr=1.00E-10 time=8.347
After sweep 7 energy=-6.003386323549208  maxlinkdim=194 maxerr=1.00E-10 time=9.507
After sweep 8 energy=-6.020775104658074  maxlinkdim=141 maxerr=9.99E-11 time=10.843
After sweep 9 energy=-6.02941432746979  maxlinkdim=138 maxerr=9.99E-11 time=10.133
After sweep 10 energy=-6.035943456301263  maxlinkdim=179 maxerr=9.97E-11 time=9.755
After sweep 11 energy=-6.040986870098463  maxlinkdim=180 maxerr=1.00E-10 time=10.089
After sweep 12 energy=-6.045925239586895  maxlinkdim=271 maxerr=1.00E-10 time=10.966
After sweep 13 energy=-6.05016632993578  maxlinkdim=235 maxerr=1.00E-10 time=12.982
After sweep 14 energy=-6.051809381644966  maxlinkdim=275 maxerr=9.99E-11 time=13.777
After sweep 15 energy=-6.052679580932334  maxlinkdim=214 maxerr=9.99E-11 time=13.267
After sweep 16 energy=-6.053515750323072  maxlinkdim=241 maxerr=1.00E-10 time=14.407
After sweep 17 energy=-6.053843041683013  maxlinkdim=278 maxerr=9.99E-11 time=15.977
After sweep 18 energy=-6.054025180150367  maxlinkdim=261 maxerr=1.47E-10 time=17.079
After sweep 19 energy=-6.054115842233643  maxlinkdim=230 maxerr=1.00E-10 time=18.312
After sweep 20 energy=-6.054150903237984  maxlinkdim=297 maxerr=1.00E-10 time=19.573
After sweep 21 energy=-6.0541666456329  maxlinkdim=242 maxerr=9.99E-11 time=22.858
After sweep 22 energy=-6.054169586324049  maxlinkdim=272 maxerr=1.00E-10 time=24.988
After sweep 23 energy=-6.0541700967823555  maxlinkdim=243 maxerr=1.00E-10 time=27.475
After sweep 24 energy=-6.054170181550436  maxlinkdim=218 maxerr=1.00E-10 time=28.254
After sweep 25 energy=-6.054170186365593  maxlinkdim=208 maxerr=9.99E-11 time=28.079
After sweep 26 energy=-6.05417018685752  maxlinkdim=207 maxerr=9.99E-11 time=27.607
After sweep 27 energy=-6.054170187040452  maxlinkdim=207 maxerr=1.00E-10 time=27.581
After sweep 28 energy=-6.054170187270385  maxlinkdim=207 maxerr=1.00E-10 time=27.535
After sweep 29 energy=-6.054170187667765  maxlinkdim=207 maxerr=1.00E-10 time=27.467
After sweep 30 energy=-6.054170187836574  maxlinkdim=207 maxerr=1.00E-10 time=27.546
FOUND MU (secant); mu: -2.6507461819164155  n: 0.5000001378800364
Target density achieved with mu=-2.6507461819164155, n=0.5000001378800364
Checking {alpha,beta} vs measured
NOT CONVERGED; updating alpha, beta and continuing...
After sweep 1 energy=-4.716081614015666  maxlinkdim=16 maxerr=9.80E-11 time=1.068
After sweep 2 energy=-5.787415529004005  maxlinkdim=101 maxerr=1.00E-10 time=4.449
After sweep 3 energy=-5.87425455533381  maxlinkdim=113 maxerr=1.00E-10 time=7.479
After sweep 4 energy=-5.918215002410422  maxlinkdim=111 maxerr=1.00E-10 time=8.133
After sweep 5 energy=-5.946879312635813  maxlinkdim=126 maxerr=9.98E-11 time=7.834
After sweep 6 energy=-5.96917969494246  maxlinkdim=120 maxerr=1.00E-10 time=7.868
After sweep 7 energy=-5.989000597394047  maxlinkdim=128 maxerr=1.00E-10 time=8.311
After sweep 8 energy=-6.00761079744343  maxlinkdim=135 maxerr=9.99E-11 time=9.319
After sweep 9 energy=-6.019716806166151  maxlinkdim=141 maxerr=1.00E-10 time=9.888
After sweep 10 energy=-6.027592028235792  maxlinkdim=178 maxerr=9.99E-11 time=10.025
After sweep 11 energy=-6.035274218538963  maxlinkdim=192 maxerr=9.98E-11 time=10.142
After sweep 12 energy=-6.04010293978209  maxlinkdim=208 maxerr=1.00E-10 time=11.161
After sweep 13 energy=-6.04345345329841  maxlinkdim=240 maxerr=9.99E-11 time=11.687
After sweep 14 energy=-6.045608717470529  maxlinkdim=232 maxerr=9.99E-11 time=12.584
After sweep 15 energy=-6.046822642220662  maxlinkdim=228 maxerr=9.99E-11 time=12.617
After sweep 16 energy=-6.048011020678775  maxlinkdim=201 maxerr=9.99E-11 time=13.654
After sweep 17 energy=-6.04869539937157  maxlinkdim=194 maxerr=9.99E-11 time=16.322
After sweep 18 energy=-6.048934767760495  maxlinkdim=245 maxerr=1.14E-10 time=18.014
After sweep 19 energy=-6.049016050513788  maxlinkdim=229 maxerr=1.00E-10 time=19.016
After sweep 20 energy=-6.0490625581455895  maxlinkdim=217 maxerr=1.00E-10 time=19.826
After sweep 21 energy=-6.049081935293111  maxlinkdim=229 maxerr=1.00E-10 time=22.157
After sweep 22 energy=-6.049085616590031  maxlinkdim=247 maxerr=1.00E-10 time=24.962
After sweep 23 energy=-6.049086581673212  maxlinkdim=239 maxerr=1.00E-10 time=27.982
After sweep 24 energy=-6.049086723292823  maxlinkdim=228 maxerr=1.00E-10 time=29.360
After sweep 25 energy=-6.049086735761622  maxlinkdim=214 maxerr=9.99E-11 time=29.120
After sweep 26 energy=-6.049086736750216  maxlinkdim=212 maxerr=1.00E-10 time=28.653
After sweep 27 energy=-6.049086737120419  maxlinkdim=212 maxerr=1.00E-10 time=28.557
After sweep 28 energy=-6.049086737291323  maxlinkdim=212 maxerr=1.00E-10 time=28.767
After sweep 29 energy=-6.0490867374914465  maxlinkdim=213 maxerr=1.00E-10 time=28.433
After sweep 30 energy=-6.04908673747239  maxlinkdim=213 maxerr=1.00E-10 time=28.282
Not same mu, searching again
After sweep 1 energy=-4.203321550686601  maxlinkdim=16 maxerr=9.67E-11 time=1.090
After sweep 2 energy=-5.279992917699156  maxlinkdim=101 maxerr=9.99E-11 time=4.415
After sweep 3 energy=-5.373048459612901  maxlinkdim=114 maxerr=9.99E-11 time=7.421
After sweep 4 energy=-5.421422909863663  maxlinkdim=120 maxerr=1.00E-10 time=8.301
After sweep 5 energy=-5.452464236685353  maxlinkdim=150 maxerr=1.00E-10 time=8.109
After sweep 6 energy=-5.478180672881312  maxlinkdim=166 maxerr=9.98E-11 time=8.565
After sweep 7 energy=-5.501063112505011  maxlinkdim=217 maxerr=1.00E-10 time=9.496
After sweep 8 energy=-5.516757226502172  maxlinkdim=159 maxerr=9.98E-11 time=10.341
After sweep 9 energy=-5.525167358482542  maxlinkdim=173 maxerr=9.99E-11 time=9.596
After sweep 10 energy=-5.532989589197609  maxlinkdim=166 maxerr=9.98E-11 time=9.719
After sweep 11 energy=-5.539670085915997  maxlinkdim=146 maxerr=9.97E-11 time=10.281
After sweep 12 energy=-5.5444174345061645  maxlinkdim=175 maxerr=9.99E-11 time=10.661
After sweep 13 energy=-5.548060723439488  maxlinkdim=197 maxerr=9.99E-11 time=11.128
After sweep 14 energy=-5.551797125076848  maxlinkdim=262 maxerr=9.99E-11 time=12.290
After sweep 15 energy=-5.553397237038515  maxlinkdim=218 maxerr=1.00E-10 time=13.259
After sweep 16 energy=-5.554409545485754  maxlinkdim=219 maxerr=1.00E-10 time=14.295
After sweep 17 energy=-5.554879821252234  maxlinkdim=281 maxerr=9.98E-11 time=15.244
After sweep 18 energy=-5.55508137480642  maxlinkdim=219 maxerr=1.00E-10 time=15.340
After sweep 19 energy=-5.555210757742067  maxlinkdim=246 maxerr=1.00E-10 time=16.000
After sweep 20 energy=-5.555313552420504  maxlinkdim=281 maxerr=1.00E-10 time=17.579
After sweep 21 energy=-5.555357000972012  maxlinkdim=254 maxerr=1.00E-10 time=19.331
After sweep 22 energy=-5.55537355094705  maxlinkdim=240 maxerr=1.00E-10 time=20.961
After sweep 23 energy=-5.555377475123046  maxlinkdim=248 maxerr=1.00E-10 time=23.681
After sweep 24 energy=-5.555378403490183  maxlinkdim=235 maxerr=1.00E-10 time=27.582
After sweep 25 energy=-5.555378529875826  maxlinkdim=213 maxerr=1.00E-10 time=28.432
After sweep 26 energy=-5.555378536602137  maxlinkdim=205 maxerr=1.00E-10 time=28.064
After sweep 27 energy=-5.555378537211671  maxlinkdim=204 maxerr=1.00E-10 time=27.527
After sweep 28 energy=-5.555378537724932  maxlinkdim=204 maxerr=1.00E-10 time=27.278
After sweep 29 energy=-5.555378538197141  maxlinkdim=204 maxerr=9.99E-11 time=26.867
After sweep 30 energy=-5.555378538249673  maxlinkdim=204 maxerr=1.00E-10 time=26.587
n0: 0.4872441725395679; n1: 0.5000756104474633; mu0: -2.6607461819164153; mu1: -2.6507461819164155

Range found between mu0: -2.6607461819164153 (n0: 0.4872441725395679) and mu1: -2.6507461819164155 (n1: 0.5000756104474633); refining...
n0: 0.4872441725395679; n1: 0.5000756104474633; mu0: -2.6607461819164153; mu1: -2.6507461819164155
Trying secant step...
After sweep 1 energy=-4.7131906183121846  maxlinkdim=16 maxerr=9.78E-11 time=1.097
After sweep 2 energy=-5.784489210035711  maxlinkdim=101 maxerr=1.00E-10 time=4.530
After sweep 3 energy=-5.87135151838768  maxlinkdim=116 maxerr=1.00E-10 time=7.487
After sweep 4 energy=-5.915123749615611  maxlinkdim=113 maxerr=9.99E-11 time=7.966
After sweep 5 energy=-5.945894469194802  maxlinkdim=125 maxerr=9.99E-11 time=8.108
After sweep 6 energy=-5.968234068314592  maxlinkdim=128 maxerr=9.97E-11 time=7.817
After sweep 7 energy=-5.986230346747567  maxlinkdim=128 maxerr=9.98E-11 time=8.132
After sweep 8 energy=-6.000439211220835  maxlinkdim=120 maxerr=9.99E-11 time=8.467
After sweep 9 energy=-6.011437711432841  maxlinkdim=132 maxerr=9.99E-11 time=8.751
After sweep 10 energy=-6.019650887391461  maxlinkdim=127 maxerr=1.00E-10 time=8.870
After sweep 11 energy=-6.028261939692548  maxlinkdim=178 maxerr=9.99E-11 time=10.119
After sweep 12 energy=-6.034757698076603  maxlinkdim=190 maxerr=1.00E-10 time=10.958
After sweep 13 energy=-6.0385058551131126  maxlinkdim=179 maxerr=9.99E-11 time=11.878
After sweep 14 energy=-6.040859875206674  maxlinkdim=195 maxerr=1.00E-10 time=11.674
After sweep 15 energy=-6.042367154645408  maxlinkdim=232 maxerr=1.00E-10 time=11.784
After sweep 16 energy=-6.043501235090269  maxlinkdim=218 maxerr=9.99E-11 time=11.865
After sweep 17 energy=-6.044266036607928  maxlinkdim=227 maxerr=1.00E-10 time=12.518
After sweep 18 energy=-6.044881259992558  maxlinkdim=228 maxerr=1.00E-10 time=12.727
After sweep 19 energy=-6.0454065665360215  maxlinkdim=282 maxerr=1.23E-10 time=14.100
After sweep 20 energy=-6.045863659162977  maxlinkdim=234 maxerr=1.00E-10 time=16.287
After sweep 21 energy=-6.0460492721020875  maxlinkdim=300 maxerr=1.37E-10 time=18.006
After sweep 22 energy=-6.046113652319753  maxlinkdim=256 maxerr=1.00E-10 time=19.798
After sweep 23 energy=-6.046131566011106  maxlinkdim=278 maxerr=1.00E-10 time=21.230
After sweep 24 energy=-6.046138027133164  maxlinkdim=253 maxerr=1.00E-10 time=23.881
After sweep 25 energy=-6.046139651464368  maxlinkdim=246 maxerr=1.00E-10 time=26.148
After sweep 26 energy=-6.046140093257954  maxlinkdim=237 maxerr=1.00E-10 time=27.951
After sweep 27 energy=-6.046140202773  maxlinkdim=226 maxerr=1.00E-10 time=29.530
After sweep 28 energy=-6.046140211746154  maxlinkdim=213 maxerr=9.99E-11 time=29.354
After sweep 29 energy=-6.04614021261611  maxlinkdim=212 maxerr=1.00E-10 time=29.249
After sweep 30 energy=-6.046140213006379  maxlinkdim=212 maxerr=1.00E-10 time=28.872
FOUND MU (secant); mu: -2.6508051078513  n: 0.5000016031882484
Target density achieved with mu=-2.6508051078513, n=0.5000016031882484
Checking {alpha,beta} vs measured
NOT CONVERGED; updating alpha, beta and continuing...
After sweep 1 energy=-4.709349357832962  maxlinkdim=16 maxerr=9.49E-11 time=1.118
After sweep 2 energy=-5.776268313908973  maxlinkdim=99 maxerr=9.99E-11 time=4.468
After sweep 3 energy=-5.867664488751731  maxlinkdim=122 maxerr=9.99E-11 time=7.323
After sweep 4 energy=-5.91689164202407  maxlinkdim=130 maxerr=1.00E-10 time=8.034
After sweep 5 energy=-5.95091213486479  maxlinkdim=140 maxerr=9.98E-11 time=8.647
After sweep 6 energy=-5.973844079554022  maxlinkdim=163 maxerr=9.99E-11 time=8.824
After sweep 7 energy=-5.991351548575063  maxlinkdim=125 maxerr=9.99E-11 time=8.814
After sweep 8 energy=-6.004126368971377  maxlinkdim=115 maxerr=1.00E-10 time=9.217
After sweep 9 energy=-6.013410316720747  maxlinkdim=150 maxerr=9.99E-11 time=8.926
After sweep 10 energy=-6.02185801299842  maxlinkdim=173 maxerr=1.00E-10 time=9.630
After sweep 11 energy=-6.028441219744322  maxlinkdim=185 maxerr=9.99E-11 time=10.443
After sweep 12 energy=-6.0333314292290945  maxlinkdim=179 maxerr=1.00E-10 time=11.314
After sweep 13 energy=-6.036398418503391  maxlinkdim=195 maxerr=1.00E-10 time=11.263
After sweep 14 energy=-6.039116589717268  maxlinkdim=253 maxerr=9.98E-11 time=11.700
After sweep 15 energy=-6.040774645694473  maxlinkdim=216 maxerr=9.99E-11 time=12.208
After sweep 16 energy=-6.0420162156073145  maxlinkdim=211 maxerr=1.00E-10 time=12.041
After sweep 17 energy=-6.042952831949912  maxlinkdim=213 maxerr=1.00E-10 time=12.487
After sweep 18 energy=-6.043726516775888  maxlinkdim=233 maxerr=1.00E-10 time=14.118
After sweep 19 energy=-6.044259827146809  maxlinkdim=270 maxerr=1.00E-10 time=15.440
After sweep 20 energy=-6.044545006182125  maxlinkdim=251 maxerr=1.00E-10 time=16.522
After sweep 21 energy=-6.044666694594346  maxlinkdim=211 maxerr=1.00E-10 time=17.097
After sweep 22 energy=-6.044751022144006  maxlinkdim=214 maxerr=9.99E-11 time=16.838
After sweep 23 energy=-6.044810968669007  maxlinkdim=238 maxerr=1.00E-10 time=18.458
After sweep 24 energy=-6.044848944643144  maxlinkdim=236 maxerr=1.42E-10 time=20.720
After sweep 25 energy=-6.044859966571749  maxlinkdim=270 maxerr=1.00E-10 time=24.207
After sweep 26 energy=-6.044862008082017  maxlinkdim=266 maxerr=9.99E-11 time=27.530
After sweep 27 energy=-6.044862445073928  maxlinkdim=233 maxerr=1.00E-10 time=28.941
After sweep 28 energy=-6.044862525588153  maxlinkdim=227 maxerr=1.00E-10 time=30.135
After sweep 29 energy=-6.044862532767338  maxlinkdim=215 maxerr=1.00E-10 time=29.272
After sweep 30 energy=-6.044862533424607  maxlinkdim=213 maxerr=9.99E-11 time=28.786
Not same mu, searching again
After sweep 1 energy=-4.210712007923259  maxlinkdim=16 maxerr=8.39E-11 time=1.139
After sweep 2 energy=-5.276459289146809  maxlinkdim=102 maxerr=1.00E-10 time=4.496
After sweep 3 energy=-5.36697721789995  maxlinkdim=124 maxerr=9.99E-11 time=7.201
After sweep 4 energy=-5.417599862653234  maxlinkdim=133 maxerr=9.99E-11 time=7.723
After sweep 5 energy=-5.449985380709444  maxlinkdim=112 maxerr=9.97E-11 time=7.968
After sweep 6 energy=-5.4730567638749505  maxlinkdim=120 maxerr=9.99E-11 time=8.120
After sweep 7 energy=-5.493968159667959  maxlinkdim=150 maxerr=9.99E-11 time=8.607
After sweep 8 energy=-5.508899957098142  maxlinkdim=150 maxerr=9.99E-11 time=9.464
After sweep 9 energy=-5.519504182568945  maxlinkdim=205 maxerr=9.99E-11 time=9.064
After sweep 10 energy=-5.527664362775452  maxlinkdim=296 maxerr=9.99E-11 time=9.900
After sweep 11 energy=-5.534095612305579  maxlinkdim=232 maxerr=9.99E-11 time=10.092
After sweep 12 energy=-5.5384558484409725  maxlinkdim=175 maxerr=9.99E-11 time=10.452
After sweep 13 energy=-5.541634556381405  maxlinkdim=152 maxerr=9.99E-11 time=10.328
After sweep 14 energy=-5.544254697608995  maxlinkdim=199 maxerr=1.00E-10 time=10.332
After sweep 15 energy=-5.547314048493807  maxlinkdim=177 maxerr=9.99E-11 time=11.716
After sweep 16 energy=-5.549139730278134  maxlinkdim=236 maxerr=9.99E-11 time=13.137
After sweep 17 energy=-5.5501225763274125  maxlinkdim=233 maxerr=9.99E-11 time=15.270
After sweep 18 energy=-5.550653789062584  maxlinkdim=246 maxerr=9.99E-11 time=16.017
After sweep 19 energy=-5.550906621728305  maxlinkdim=239 maxerr=1.00E-10 time=16.984
After sweep 20 energy=-5.551025962384455  maxlinkdim=254 maxerr=9.99E-11 time=18.107
After sweep 21 energy=-5.551137164453826  maxlinkdim=283 maxerr=1.00E-10 time=19.012
After sweep 22 energy=-5.551184469293244  maxlinkdim=267 maxerr=1.00E-10 time=21.513
After sweep 23 energy=-5.551202813469162  maxlinkdim=254 maxerr=1.00E-10 time=23.107
After sweep 24 energy=-5.551209919495712  maxlinkdim=274 maxerr=1.00E-10 time=24.673
After sweep 25 energy=-5.551211215968304  maxlinkdim=238 maxerr=1.00E-10 time=26.913
After sweep 26 energy=-5.551211410679402  maxlinkdim=219 maxerr=1.00E-10 time=28.344
After sweep 27 energy=-5.5512114161216495  maxlinkdim=207 maxerr=1.00E-10 time=27.735
After sweep 28 energy=-5.551211415966734  maxlinkdim=205 maxerr=1.00E-10 time=27.522
After sweep 29 energy=-5.551211416367435  maxlinkdim=205 maxerr=1.00E-10 time=27.214
After sweep 30 energy=-5.551211416509344  maxlinkdim=205 maxerr=1.00E-10 time=26.606
n0: 0.48718241654119976; n1: 0.5000208750905544; mu0: -2.6608051078512998; mu1: -2.6508051078513

Range found between mu0: -2.6608051078512998 (n0: 0.48718241654119976) and mu1: -2.6508051078513 (n1: 0.5000208750905544); refining...
n0: 0.48718241654119976; n1: 0.5000208750905544; mu0: -2.6608051078512998; mu1: -2.6508051078513
Trying secant step...
After sweep 1 energy=-4.708452820496886  maxlinkdim=16 maxerr=9.52E-11 time=1.151
After sweep 2 energy=-5.775285683903756  maxlinkdim=99 maxerr=1.00E-10 time=4.553
After sweep 3 energy=-5.866479670335043  maxlinkdim=122 maxerr=1.00E-10 time=7.514
After sweep 4 energy=-5.9151423666765925  maxlinkdim=134 maxerr=9.99E-11 time=8.039
After sweep 5 energy=-5.951147388563706  maxlinkdim=143 maxerr=9.98E-11 time=8.767
After sweep 6 energy=-5.974161041062286  maxlinkdim=133 maxerr=9.99E-11 time=8.757
After sweep 7 energy=-5.991979668867627  maxlinkdim=174 maxerr=1.00E-10 time=8.786
After sweep 8 energy=-6.0047527887824215  maxlinkdim=218 maxerr=1.00E-10 time=9.144
After sweep 9 energy=-6.015037380372004  maxlinkdim=220 maxerr=9.99E-11 time=9.477
After sweep 10 energy=-6.023945859983929  maxlinkdim=223 maxerr=1.00E-10 time=10.556
After sweep 11 energy=-6.031092991791204  maxlinkdim=215 maxerr=5.64E-10 time=11.814
After sweep 12 energy=-6.035585324033459  maxlinkdim=201 maxerr=1.00E-10 time=12.242
After sweep 13 energy=-6.03874344755529  maxlinkdim=216 maxerr=1.00E-10 time=12.648
After sweep 14 energy=-6.0407008270202525  maxlinkdim=257 maxerr=1.40E-10 time=12.888
After sweep 15 energy=-6.042047826495185  maxlinkdim=240 maxerr=1.00E-10 time=14.097
After sweep 16 energy=-6.043039726065105  maxlinkdim=274 maxerr=9.99E-11 time=15.542
After sweep 17 energy=-6.043761401659982  maxlinkdim=254 maxerr=9.98E-11 time=17.405
After sweep 18 energy=-6.043919288694522  maxlinkdim=249 maxerr=1.00E-10 time=18.775
After sweep 19 energy=-6.043997762365325  maxlinkdim=237 maxerr=9.99E-11 time=18.236
After sweep 20 energy=-6.04404118062927  maxlinkdim=260 maxerr=1.00E-10 time=21.106
After sweep 21 energy=-6.044047941202888  maxlinkdim=283 maxerr=1.00E-10 time=24.140
After sweep 22 energy=-6.044049233971823  maxlinkdim=253 maxerr=1.00E-10 time=27.866
After sweep 23 energy=-6.044049492344187  maxlinkdim=233 maxerr=1.00E-10 time=29.411
After sweep 24 energy=-6.044049523072386  maxlinkdim=219 maxerr=1.00E-10 time=29.658
After sweep 25 energy=-6.04404952482585  maxlinkdim=213 maxerr=1.00E-10 time=29.154
After sweep 26 energy=-6.04404952557106  maxlinkdim=213 maxerr=1.00E-10 time=28.586
After sweep 27 energy=-6.044049525840502  maxlinkdim=213 maxerr=1.00E-10 time=28.642
After sweep 28 energy=-6.044049526106706  maxlinkdim=214 maxerr=1.00E-10 time=28.880
After sweep 29 energy=-6.044049526420004  maxlinkdim=214 maxerr=1.00E-10 time=28.845
After sweep 30 energy=-6.044049526518312  maxlinkdim=214 maxerr=1.00E-10 time=28.815
FOUND MU (secant); mu: -2.6508213676619885  n: 0.5000004895004304
Target density achieved with mu=-2.6508213676619885, n=0.5000004895004304
Checking {alpha,beta} vs measured
NOT CONVERGED; updating alpha, beta and continuing...
After sweep 1 energy=-4.710629279017929  maxlinkdim=16 maxerr=8.87E-11 time=1.149
After sweep 2 energy=-5.781125627829689  maxlinkdim=101 maxerr=1.00E-10 time=4.558
After sweep 3 energy=-5.868461329788496  maxlinkdim=122 maxerr=9.99E-11 time=7.381
After sweep 4 energy=-5.9140894363614605  maxlinkdim=120 maxerr=1.00E-10 time=7.964
After sweep 5 energy=-5.945335778458598  maxlinkdim=114 maxerr=1.00E-10 time=8.231
After sweep 6 energy=-5.968663119686853  maxlinkdim=189 maxerr=9.99E-11 time=8.144
After sweep 7 energy=-5.991213564131102  maxlinkdim=186 maxerr=1.00E-10 time=8.783
After sweep 8 energy=-6.00727433175797  maxlinkdim=166 maxerr=1.00E-10 time=10.143
After sweep 9 energy=-6.016119240816167  maxlinkdim=239 maxerr=9.99E-11 time=10.086
After sweep 10 energy=-6.0230781044167765  maxlinkdim=177 maxerr=1.00E-10 time=10.379
After sweep 11 energy=-6.02931999584917  maxlinkdim=228 maxerr=1.00E-10 time=11.083
After sweep 12 energy=-6.034085580925907  maxlinkdim=187 maxerr=9.99E-11 time=11.948
After sweep 13 energy=-6.037459607203229  maxlinkdim=234 maxerr=9.99E-11 time=12.446
After sweep 14 energy=-6.039805068770031  maxlinkdim=256 maxerr=1.00E-10 time=13.357
After sweep 15 energy=-6.041667791174585  maxlinkdim=220 maxerr=1.00E-10 time=14.051
After sweep 16 energy=-6.042926265368311  maxlinkdim=229 maxerr=1.00E-10 time=16.001
After sweep 17 energy=-6.043350418718721  maxlinkdim=189 maxerr=9.99E-11 time=16.255
After sweep 18 energy=-6.043560466159764  maxlinkdim=222 maxerr=1.00E-10 time=17.253
After sweep 19 energy=-6.0436498854351965  maxlinkdim=214 maxerr=1.00E-10 time=17.774
After sweep 20 energy=-6.043688831347305  maxlinkdim=221 maxerr=9.99E-11 time=19.342
After sweep 21 energy=-6.043700267270918  maxlinkdim=251 maxerr=1.00E-10 time=22.470
After sweep 22 energy=-6.043703487576617  maxlinkdim=230 maxerr=1.00E-10 time=24.417
After sweep 23 energy=-6.043704214469507  maxlinkdim=250 maxerr=1.00E-10 time=27.483
After sweep 24 energy=-6.043704369946687  maxlinkdim=228 maxerr=1.00E-10 time=30.066
After sweep 25 energy=-6.043704379702856  maxlinkdim=216 maxerr=1.00E-10 time=29.600
After sweep 26 energy=-6.043704380520314  maxlinkdim=213 maxerr=1.00E-10 time=29.056
After sweep 27 energy=-6.043704380989249  maxlinkdim=214 maxerr=1.00E-10 time=28.344
After sweep 28 energy=-6.04370438151869  maxlinkdim=214 maxerr=1.00E-10 time=29.203
After sweep 29 energy=-6.043704381694233  maxlinkdim=214 maxerr=9.99E-11 time=28.903
After sweep 30 energy=-6.04370438175188  maxlinkdim=214 maxerr=1.00E-10 time=28.983
Not same mu, searching again
After sweep 1 energy=-4.210968537359719  maxlinkdim=16 maxerr=9.00E-11 time=1.137
After sweep 2 energy=-5.27853786601077  maxlinkdim=99 maxerr=1.00E-10 time=4.564
After sweep 3 energy=-5.369408145350094  maxlinkdim=123 maxerr=1.00E-10 time=7.350
After sweep 4 energy=-5.417019107492531  maxlinkdim=137 maxerr=1.00E-10 time=8.077
After sweep 5 energy=-5.446442563385844  maxlinkdim=124 maxerr=1.00E-10 time=8.263
After sweep 6 energy=-5.46854750664661  maxlinkdim=148 maxerr=9.99E-11 time=8.118
After sweep 7 energy=-5.492046481509195  maxlinkdim=168 maxerr=9.99E-11 time=8.805
After sweep 8 energy=-5.508533444365495  maxlinkdim=182 maxerr=1.00E-10 time=9.629
After sweep 9 energy=-5.51920886431771  maxlinkdim=202 maxerr=9.99E-11 time=9.686
After sweep 10 energy=-5.526405234295293  maxlinkdim=167 maxerr=9.99E-11 time=9.425
After sweep 11 energy=-5.5325178623395574  maxlinkdim=249 maxerr=1.00E-10 time=9.543
After sweep 12 energy=-5.53715851929944  maxlinkdim=199 maxerr=1.00E-10 time=10.092
After sweep 13 energy=-5.541082754757679  maxlinkdim=237 maxerr=1.00E-10 time=10.895
After sweep 14 energy=-5.545129631922958  maxlinkdim=300 maxerr=1.49E-10 time=12.414
After sweep 15 energy=-5.547525257024095  maxlinkdim=259 maxerr=9.99E-11 time=13.902
After sweep 16 energy=-5.548366524113518  maxlinkdim=178 maxerr=1.00E-10 time=14.043
After sweep 17 energy=-5.54890889144046  maxlinkdim=244 maxerr=9.99E-11 time=12.898
After sweep 18 energy=-5.549370602881402  maxlinkdim=288 maxerr=1.00E-10 time=13.659
After sweep 19 energy=-5.549695189515162  maxlinkdim=289 maxerr=9.99E-11 time=14.387
After sweep 20 energy=-5.549890285355941  maxlinkdim=269 maxerr=9.99E-11 time=16.569
After sweep 21 energy=-5.549983439783149  maxlinkdim=272 maxerr=9.99E-11 time=17.368
After sweep 22 energy=-5.550047498135474  maxlinkdim=278 maxerr=1.17E-10 time=18.614
After sweep 23 energy=-5.550062215776275  maxlinkdim=268 maxerr=1.00E-10 time=21.616
After sweep 24 energy=-5.550067723960283  maxlinkdim=253 maxerr=1.00E-10 time=23.903
After sweep 25 energy=-5.550068850879544  maxlinkdim=238 maxerr=1.00E-10 time=25.826
After sweep 26 energy=-5.550069063128746  maxlinkdim=224 maxerr=1.00E-10 time=27.588
After sweep 27 energy=-5.550069085569304  maxlinkdim=210 maxerr=1.00E-10 time=27.097
After sweep 28 energy=-5.550069086685405  maxlinkdim=205 maxerr=1.00E-10 time=26.809
After sweep 29 energy=-5.550069087358398  maxlinkdim=205 maxerr=9.98E-11 time=26.127
After sweep 30 energy=-5.550069087806328  maxlinkdim=205 maxerr=1.00E-10 time=26.416
n0: 0.48716522847579624; n1: 0.5000057706540777; mu0: -2.6608213676619883; mu1: -2.6508213676619885

Range found between mu0: -2.6608213676619883 (n0: 0.48716522847579624) and mu1: -2.6508213676619885 (n1: 0.5000057706540777); refining...
n0: 0.48716522847579624; n1: 0.5000057706540777; mu0: -2.6608213676619883; mu1: -2.6508213676619885
Trying secant step...
After sweep 1 energy=-4.710404783964784  maxlinkdim=16 maxerr=8.85E-11 time=1.159
After sweep 2 energy=-5.780925662578247  maxlinkdim=101 maxerr=1.00E-10 time=4.599
After sweep 3 energy=-5.86807452204847  maxlinkdim=122 maxerr=1.00E-10 time=7.390
After sweep 4 energy=-5.9126939188138445  maxlinkdim=115 maxerr=9.99E-11 time=7.889
After sweep 5 energy=-5.9424009417030454  maxlinkdim=113 maxerr=1.00E-10 time=7.985
After sweep 6 energy=-5.965762193900559  maxlinkdim=165 maxerr=9.99E-11 time=7.860
After sweep 7 energy=-5.98427176324173  maxlinkdim=183 maxerr=1.00E-10 time=8.194
After sweep 8 energy=-5.999577762085169  maxlinkdim=149 maxerr=9.99E-11 time=9.016
After sweep 9 energy=-6.012499884601491  maxlinkdim=141 maxerr=9.99E-11 time=9.391
After sweep 10 energy=-6.020340217822409  maxlinkdim=148 maxerr=9.98E-11 time=9.711
After sweep 11 energy=-6.026163671372123  maxlinkdim=131 maxerr=9.99E-11 time=9.585
After sweep 12 energy=-6.030594649174126  maxlinkdim=146 maxerr=9.99E-11 time=9.722
After sweep 13 energy=-6.034418128904561  maxlinkdim=170 maxerr=1.00E-10 time=10.797
After sweep 14 energy=-6.0372741016064095  maxlinkdim=236 maxerr=9.99E-11 time=11.075
After sweep 15 energy=-6.039625183829846  maxlinkdim=220 maxerr=9.97E-11 time=12.480
After sweep 16 energy=-6.041179613159211  maxlinkdim=261 maxerr=9.99E-11 time=13.680
After sweep 17 energy=-6.042191621557013  maxlinkdim=275 maxerr=1.00E-10 time=14.707
After sweep 18 energy=-6.042695212789124  maxlinkdim=201 maxerr=9.99E-11 time=15.452
After sweep 19 energy=-6.043000610655977  maxlinkdim=270 maxerr=9.98E-11 time=15.659
After sweep 20 energy=-6.0432145620459945  maxlinkdim=246 maxerr=9.99E-11 time=16.655
After sweep 21 energy=-6.043393972170276  maxlinkdim=275 maxerr=1.00E-10 time=17.410
After sweep 22 energy=-6.043455160418652  maxlinkdim=218 maxerr=1.00E-10 time=18.968
After sweep 23 energy=-6.0434743964146795  maxlinkdim=231 maxerr=1.00E-10 time=20.889
After sweep 24 energy=-6.043478423497516  maxlinkdim=264 maxerr=1.00E-10 time=23.828
After sweep 25 energy=-6.043479481665095  maxlinkdim=248 maxerr=1.00E-10 time=27.684
After sweep 26 energy=-6.0434796605577965  maxlinkdim=227 maxerr=1.00E-10 time=29.075
After sweep 27 energy=-6.043479673902874  maxlinkdim=216 maxerr=1.00E-10 time=29.265
After sweep 28 energy=-6.04347967474297  maxlinkdim=214 maxerr=1.00E-10 time=28.506
After sweep 29 energy=-6.043479675309909  maxlinkdim=214 maxerr=9.98E-11 time=28.244
After sweep 30 energy=-6.043479675886042  maxlinkdim=214 maxerr=1.00E-10 time=28.491
FOUND MU (secant); mu: -2.650825861751099  n: 0.5000001242621327
Target density achieved with mu=-2.650825861751099, n=0.5000001242621327
Checking {alpha,beta} vs measured
NOT CONVERGED; updating alpha, beta and continuing...
After sweep 1 energy=-4.702094266522787  maxlinkdim=16 maxerr=8.46E-11 time=1.137
After sweep 2 energy=-5.776277642191198  maxlinkdim=97 maxerr=9.96E-11 time=4.603
After sweep 3 energy=-5.868416160801354  maxlinkdim=116 maxerr=1.00E-10 time=7.283
After sweep 4 energy=-5.9182698899144075  maxlinkdim=134 maxerr=9.98E-11 time=8.449
After sweep 5 energy=-5.946963674176875  maxlinkdim=125 maxerr=1.00E-10 time=8.420
After sweep 6 energy=-5.968024302575959  maxlinkdim=133 maxerr=1.00E-10 time=8.135
After sweep 7 energy=-5.986779362304504  maxlinkdim=152 maxerr=9.99E-11 time=8.332
After sweep 8 energy=-6.0018130988241625  maxlinkdim=140 maxerr=1.00E-10 time=8.979
After sweep 9 energy=-6.0111986132674184  maxlinkdim=165 maxerr=9.99E-11 time=8.927
After sweep 10 energy=-6.019912628107546  maxlinkdim=220 maxerr=9.99E-11 time=9.393
After sweep 11 energy=-6.0276795293808325  maxlinkdim=227 maxerr=9.99E-11 time=10.701
After sweep 12 energy=-6.033283847208569  maxlinkdim=216 maxerr=1.00E-10 time=11.810
After sweep 13 energy=-6.036724121325299  maxlinkdim=199 maxerr=9.99E-11 time=12.266
After sweep 14 energy=-6.0403697821052855  maxlinkdim=218 maxerr=1.00E-10 time=13.927
After sweep 15 energy=-6.041981114746384  maxlinkdim=215 maxerr=1.00E-10 time=15.187
After sweep 16 energy=-6.042699420909474  maxlinkdim=182 maxerr=9.99E-11 time=15.652
After sweep 17 energy=-6.043101056574669  maxlinkdim=226 maxerr=1.00E-10 time=16.693
After sweep 18 energy=-6.043240989750918  maxlinkdim=192 maxerr=1.00E-10 time=16.626
After sweep 19 energy=-6.04330838014783  maxlinkdim=198 maxerr=1.00E-10 time=16.706
After sweep 20 energy=-6.043352071182691  maxlinkdim=247 maxerr=9.99E-11 time=18.284
After sweep 21 energy=-6.043375268723825  maxlinkdim=254 maxerr=1.00E-10 time=21.450
After sweep 22 energy=-6.043381941487201  maxlinkdim=281 maxerr=1.00E-10 time=25.001
After sweep 23 energy=-6.043383730885109  maxlinkdim=241 maxerr=1.00E-10 time=27.745
After sweep 24 energy=-6.043383988781363  maxlinkdim=232 maxerr=9.99E-11 time=29.534
After sweep 25 energy=-6.043384022330772  maxlinkdim=219 maxerr=1.00E-10 time=29.853
After sweep 26 energy=-6.04338402352133  maxlinkdim=214 maxerr=1.00E-10 time=29.038
After sweep 27 energy=-6.043384024055356  maxlinkdim=214 maxerr=1.00E-10 time=29.161
After sweep 28 energy=-6.0433840246443955  maxlinkdim=214 maxerr=1.00E-10 time=28.838
After sweep 29 energy=-6.043384024777623  maxlinkdim=214 maxerr=1.00E-10 time=29.124
After sweep 30 energy=-6.04338402485023  maxlinkdim=214 maxerr=1.00E-10 time=28.329
Same mu: -2.650825861751099 and continuing
Target density achieved with mu=-2.650825861751099, n=0.5000015985955281
Checking {alpha,beta} vs measured
NOT CONVERGED; updating alpha, beta and continuing...
After sweep 1 energy=-4.709198282352268  maxlinkdim=16 maxerr=8.42E-11 time=1.178
After sweep 2 energy=-5.775716469053786  maxlinkdim=96 maxerr=9.99E-11 time=4.580
After sweep 3 energy=-5.86821115880026  maxlinkdim=114 maxerr=1.00E-10 time=7.230
After sweep 4 energy=-5.916219175709181  maxlinkdim=117 maxerr=9.99E-11 time=7.965
After sweep 5 energy=-5.946716323123525  maxlinkdim=133 maxerr=1.00E-10 time=8.082
After sweep 6 energy=-5.969952002444472  maxlinkdim=160 maxerr=9.98E-11 time=8.012
After sweep 7 energy=-5.991601045458086  maxlinkdim=194 maxerr=1.00E-10 time=9.066
After sweep 8 energy=-6.007893038589309  maxlinkdim=227 maxerr=1.00E-10 time=10.073
After sweep 9 energy=-6.018394518969352  maxlinkdim=219 maxerr=9.98E-11 time=10.313
After sweep 10 energy=-6.024748898768796  maxlinkdim=242 maxerr=1.00E-10 time=10.103
After sweep 11 energy=-6.029610982114329  maxlinkdim=206 maxerr=1.00E-10 time=10.058
After sweep 12 energy=-6.034273010293876  maxlinkdim=265 maxerr=9.99E-11 time=10.926
After sweep 13 energy=-6.036898999651763  maxlinkdim=227 maxerr=1.00E-10 time=11.710
After sweep 14 energy=-6.038833732256571  maxlinkdim=163 maxerr=9.99E-11 time=12.180
After sweep 15 energy=-6.040928144756231  maxlinkdim=208 maxerr=9.99E-11 time=12.876
After sweep 16 energy=-6.041785090864641  maxlinkdim=300 maxerr=1.08E-10 time=13.851
After sweep 17 energy=-6.042264956079907  maxlinkdim=265 maxerr=9.99E-11 time=13.918
After sweep 18 energy=-6.04262780782564  maxlinkdim=261 maxerr=9.99E-11 time=13.864
After sweep 19 energy=-6.042969842687511  maxlinkdim=281 maxerr=1.00E-10 time=15.408
After sweep 20 energy=-6.043236080814366  maxlinkdim=238 maxerr=1.00E-10 time=18.136
After sweep 21 energy=-6.043331511558343  maxlinkdim=284 maxerr=1.59E-10 time=20.700
After sweep 22 energy=-6.043350765358663  maxlinkdim=271 maxerr=1.00E-10 time=22.511
After sweep 23 energy=-6.0433554818806865  maxlinkdim=248 maxerr=1.00E-10 time=24.241
After sweep 24 energy=-6.043356568845574  maxlinkdim=230 maxerr=1.00E-10 time=27.828
After sweep 25 energy=-6.043356715170924  maxlinkdim=231 maxerr=1.00E-10 time=29.881
After sweep 26 energy=-6.043356726428939  maxlinkdim=217 maxerr=1.00E-10 time=28.842
After sweep 27 energy=-6.043356727023823  maxlinkdim=214 maxerr=1.00E-10 time=28.327
After sweep 28 energy=-6.043356727713755  maxlinkdim=214 maxerr=1.00E-10 time=28.429
After sweep 29 energy=-6.043356728047959  maxlinkdim=214 maxerr=1.00E-10 time=27.870
After sweep 30 energy=-6.043356728194335  maxlinkdim=214 maxerr=1.00E-10 time=27.914
Same mu: -2.650825861751099 and continuing
Target density achieved with mu=-2.650825861751099, n=0.5000019939080826
Checking {alpha,beta} vs measured
NOT CONVERGED; updating alpha, beta and continuing...
After sweep 1 energy=-4.6980923573744615  maxlinkdim=16 maxerr=6.80E-11 time=1.229
After sweep 2 energy=-5.771940793279994  maxlinkdim=96 maxerr=1.00E-10 time=4.608
After sweep 3 energy=-5.864108972978356  maxlinkdim=118 maxerr=1.00E-10 time=7.186
After sweep 4 energy=-5.913139080707065  maxlinkdim=122 maxerr=9.97E-11 time=7.968
After sweep 5 energy=-5.944539949184928  maxlinkdim=121 maxerr=9.99E-11 time=8.283
After sweep 6 energy=-5.969864651109424  maxlinkdim=179 maxerr=1.00E-10 time=8.310
After sweep 7 energy=-5.99162586958453  maxlinkdim=184 maxerr=9.99E-11 time=9.751
After sweep 8 energy=-6.006603668663389  maxlinkdim=161 maxerr=9.99E-11 time=10.097
After sweep 9 energy=-6.016063820947234  maxlinkdim=218 maxerr=1.00E-10 time=9.784
After sweep 10 energy=-6.02282437633617  maxlinkdim=225 maxerr=9.98E-11 time=10.061
After sweep 11 energy=-6.029836655730855  maxlinkdim=283 maxerr=9.99E-11 time=10.966
After sweep 12 energy=-6.034871292135502  maxlinkdim=225 maxerr=9.99E-11 time=12.726
After sweep 13 energy=-6.038048583477406  maxlinkdim=257 maxerr=9.99E-11 time=13.221
After sweep 14 energy=-6.0402103172928685  maxlinkdim=218 maxerr=1.00E-10 time=13.242
After sweep 15 energy=-6.041425332047309  maxlinkdim=185 maxerr=1.00E-10 time=13.858
After sweep 16 energy=-6.042355838240356  maxlinkdim=258 maxerr=9.99E-11 time=14.653
After sweep 17 energy=-6.0426974221643  maxlinkdim=250 maxerr=9.99E-11 time=15.487
After sweep 18 energy=-6.042945182898133  maxlinkdim=300 maxerr=1.22E-10 time=15.343
After sweep 19 energy=-6.043173298746191  maxlinkdim=275 maxerr=1.00E-10 time=16.881
After sweep 20 energy=-6.043279059046554  maxlinkdim=286 maxerr=1.00E-10 time=18.326
After sweep 21 energy=-6.043319931118895  maxlinkdim=280 maxerr=9.99E-11 time=20.214
After sweep 22 energy=-6.043336900241749  maxlinkdim=300 maxerr=1.54E-10 time=21.657
After sweep 23 energy=-6.043343951214574  maxlinkdim=263 maxerr=1.00E-10 time=23.518
After sweep 24 energy=-6.043347789537854  maxlinkdim=268 maxerr=1.00E-10 time=25.824
After sweep 25 energy=-6.043348841576008  maxlinkdim=243 maxerr=1.00E-10 time=27.515
After sweep 26 energy=-6.0433490072317815  maxlinkdim=231 maxerr=1.00E-10 time=28.499
After sweep 27 energy=-6.0433490243006105  maxlinkdim=218 maxerr=9.99E-11 time=28.841
After sweep 28 energy=-6.043349025151647  maxlinkdim=214 maxerr=1.00E-10 time=27.926
After sweep 29 energy=-6.043349025727391  maxlinkdim=214 maxerr=9.99E-11 time=27.815
After sweep 30 energy=-6.043349026147867  maxlinkdim=214 maxerr=1.00E-10 time=27.956
Same mu: -2.650825861751099 and continuing
Target density achieved with mu=-2.650825861751099, n=0.5000021070678053
Checking {alpha,beta} vs measured
NOT CONVERGED; updating alpha, beta and continuing...
After sweep 1 energy=-4.698326960022819  maxlinkdim=16 maxerr=6.78E-11 time=1.174
After sweep 2 energy=-5.772405366175481  maxlinkdim=96 maxerr=1.00E-10 time=4.675
After sweep 3 energy=-5.86396103443987  maxlinkdim=124 maxerr=1.00E-10 time=7.264
After sweep 4 energy=-5.914384984793779  maxlinkdim=127 maxerr=1.00E-10 time=8.036
After sweep 5 energy=-5.945824935871084  maxlinkdim=153 maxerr=9.99E-11 time=8.857
After sweep 6 energy=-5.968343362645929  maxlinkdim=200 maxerr=9.99E-11 time=8.633
After sweep 7 energy=-5.98940458912556  maxlinkdim=130 maxerr=9.99E-11 time=8.896
After sweep 8 energy=-6.005590362304893  maxlinkdim=152 maxerr=9.99E-11 time=9.641
After sweep 9 energy=-6.014180528889228  maxlinkdim=136 maxerr=9.99E-11 time=9.385
After sweep 10 energy=-6.024745943809599  maxlinkdim=243 maxerr=1.00E-10 time=10.211
After sweep 11 energy=-6.030314922853282  maxlinkdim=203 maxerr=9.99E-11 time=10.955
After sweep 12 energy=-6.034026749000806  maxlinkdim=201 maxerr=9.99E-11 time=10.750
After sweep 13 energy=-6.037574902972694  maxlinkdim=191 maxerr=9.99E-11 time=11.143
After sweep 14 energy=-6.04022361553471  maxlinkdim=168 maxerr=9.99E-11 time=12.475
After sweep 15 energy=-6.041591629703392  maxlinkdim=240 maxerr=9.99E-11 time=12.752
After sweep 16 energy=-6.042286749067813  maxlinkdim=220 maxerr=9.99E-11 time=13.192
After sweep 17 energy=-6.042896466593864  maxlinkdim=229 maxerr=1.00E-10 time=14.709
After sweep 18 energy=-6.043100264007028  maxlinkdim=279 maxerr=9.99E-11 time=15.755
After sweep 19 energy=-6.043216851396148  maxlinkdim=246 maxerr=9.99E-11 time=16.615
After sweep 20 energy=-6.043297197228511  maxlinkdim=271 maxerr=1.00E-10 time=18.288
After sweep 21 energy=-6.0433312271345425  maxlinkdim=244 maxerr=1.00E-10 time=20.352
After sweep 22 energy=-6.043341602336554  maxlinkdim=274 maxerr=1.00E-10 time=21.875
After sweep 23 energy=-6.043345848119235  maxlinkdim=235 maxerr=9.99E-11 time=25.074
After sweep 24 energy=-6.043346649742761  maxlinkdim=237 maxerr=1.00E-10 time=27.747
After sweep 25 energy=-6.0433468235155665  maxlinkdim=227 maxerr=1.00E-10 time=29.211
After sweep 26 energy=-6.043346847810085  maxlinkdim=220 maxerr=1.00E-10 time=29.031
After sweep 27 energy=-6.0433468490284605  maxlinkdim=214 maxerr=9.99E-11 time=28.390
After sweep 28 energy=-6.043346849612857  maxlinkdim=214 maxerr=1.00E-10 time=28.619
After sweep 29 energy=-6.043346849917557  maxlinkdim=214 maxerr=9.98E-11 time=28.117
After sweep 30 energy=-6.04334685007861  maxlinkdim=214 maxerr=1.00E-10 time=27.742
Same mu: -2.650825861751099 and continuing
Target density achieved with mu=-2.650825861751099, n=0.5000021370295958
Checking {alpha,beta} vs measured
NOT CONVERGED; updating alpha, beta and continuing...
After sweep 1 energy=-4.699369204688517  maxlinkdim=16 maxerr=9.91E-11 time=1.197
After sweep 2 energy=-5.774060770275813  maxlinkdim=96 maxerr=1.00E-10 time=4.658
After sweep 3 energy=-5.868368814404932  maxlinkdim=120 maxerr=1.00E-10 time=7.236
After sweep 4 energy=-5.917713441165699  maxlinkdim=126 maxerr=9.99E-11 time=8.088
After sweep 5 energy=-5.947594278757759  maxlinkdim=118 maxerr=1.00E-10 time=8.396
After sweep 6 energy=-5.969912954084541  maxlinkdim=174 maxerr=9.98E-11 time=8.347
After sweep 7 energy=-5.990355198737231  maxlinkdim=202 maxerr=9.99E-11 time=9.142
After sweep 8 energy=-6.005661152501485  maxlinkdim=286 maxerr=1.00E-10 time=10.156
After sweep 9 energy=-6.01484008043715  maxlinkdim=231 maxerr=9.99E-11 time=10.053
After sweep 10 energy=-6.0226010629446325  maxlinkdim=186 maxerr=1.00E-10 time=10.500
After sweep 11 energy=-6.027724283259804  maxlinkdim=186 maxerr=9.98E-11 time=10.469
After sweep 12 energy=-6.031924503485003  maxlinkdim=263 maxerr=1.00E-10 time=10.695
After sweep 13 energy=-6.035757465980176  maxlinkdim=293 maxerr=9.99E-11 time=11.958
After sweep 14 energy=-6.039150517968195  maxlinkdim=266 maxerr=1.00E-10 time=13.346
After sweep 15 energy=-6.0405601271389076  maxlinkdim=300 maxerr=1.09E-10 time=13.853
After sweep 16 energy=-6.041913920016418  maxlinkdim=258 maxerr=9.99E-11 time=14.396
After sweep 17 energy=-6.042763291041821  maxlinkdim=204 maxerr=1.00E-10 time=16.262
After sweep 18 energy=-6.04301150663821  maxlinkdim=256 maxerr=1.03E-10 time=16.471
After sweep 19 energy=-6.043196789728287  maxlinkdim=220 maxerr=1.00E-10 time=16.879
After sweep 20 energy=-6.043276611538435  maxlinkdim=243 maxerr=1.00E-10 time=17.966
After sweep 21 energy=-6.043314141951522  maxlinkdim=300 maxerr=1.41E-10 time=18.520
After sweep 22 energy=-6.043336019848167  maxlinkdim=236 maxerr=1.00E-10 time=20.284
After sweep 23 energy=-6.043344675681951  maxlinkdim=214 maxerr=1.00E-10 time=24.286
After sweep 24 energy=-6.043346005842316  maxlinkdim=266 maxerr=1.00E-10 time=26.787
After sweep 25 energy=-6.043346207904574  maxlinkdim=228 maxerr=1.00E-10 time=28.644
After sweep 26 energy=-6.0433462249843215  maxlinkdim=217 maxerr=1.00E-10 time=28.911
After sweep 27 energy=-6.043346225966584  maxlinkdim=214 maxerr=1.00E-10 time=28.651
After sweep 28 energy=-6.043346226488452  maxlinkdim=214 maxerr=1.00E-10 time=27.611
After sweep 29 energy=-6.0433462268473885  maxlinkdim=214 maxerr=1.00E-10 time=27.725
After sweep 30 energy=-6.043346227106165  maxlinkdim=214 maxerr=1.00E-10 time=27.823
Same mu: -2.650825861751099 and continuing
Target density achieved with mu=-2.650825861751099, n=0.5000021472842202
Checking {alpha,beta} vs measured
NOT CONVERGED; updating alpha, beta and continuing...
After sweep 1 energy=-4.699086105584892  maxlinkdim=16 maxerr=9.72E-11 time=1.250
After sweep 2 energy=-5.77379862215913  maxlinkdim=96 maxerr=1.00E-10 time=4.658
After sweep 3 energy=-5.86890570670499  maxlinkdim=120 maxerr=1.00E-10 time=7.272
After sweep 4 energy=-5.920195057768388  maxlinkdim=159 maxerr=9.99E-11 time=8.318
After sweep 5 energy=-5.94922823796521  maxlinkdim=129 maxerr=9.99E-11 time=8.781
After sweep 6 energy=-5.969550877542194  maxlinkdim=150 maxerr=1.00E-10 time=8.594
After sweep 7 energy=-5.991618941661304  maxlinkdim=153 maxerr=9.99E-11 time=8.995
After sweep 8 energy=-6.005876122165345  maxlinkdim=222 maxerr=1.00E-10 time=10.377
After sweep 9 energy=-6.01484288954134  maxlinkdim=198 maxerr=9.98E-11 time=9.873
After sweep 10 energy=-6.02198445313073  maxlinkdim=190 maxerr=9.99E-11 time=10.345
After sweep 11 energy=-6.029489161856217  maxlinkdim=198 maxerr=9.99E-11 time=11.539
After sweep 12 energy=-6.034183068599734  maxlinkdim=168 maxerr=1.00E-10 time=11.983
After sweep 13 energy=-6.0377567865855735  maxlinkdim=250 maxerr=1.00E-10 time=12.529
After sweep 14 energy=-6.040512974498672  maxlinkdim=180 maxerr=9.99E-11 time=13.869
After sweep 15 energy=-6.0416837536492425  maxlinkdim=213 maxerr=1.00E-10 time=13.980
After sweep 16 energy=-6.042408095248682  maxlinkdim=279 maxerr=9.97E-11 time=14.323
After sweep 17 energy=-6.042847197054416  maxlinkdim=277 maxerr=1.00E-10 time=15.644
After sweep 18 energy=-6.0430679134048395  maxlinkdim=300 maxerr=1.09E-10 time=16.054
After sweep 19 energy=-6.04327636136231  maxlinkdim=300 maxerr=1.35E-10 time=18.011
After sweep 20 energy=-6.043329037158239  maxlinkdim=288 maxerr=9.99E-11 time=20.111
After sweep 21 energy=-6.043341627555028  maxlinkdim=244 maxerr=1.00E-10 time=22.706
After sweep 22 energy=-6.04334492549499  maxlinkdim=258 maxerr=1.00E-10 time=23.765
After sweep 23 energy=-6.043345838684664  maxlinkdim=247 maxerr=1.00E-10 time=26.324
After sweep 24 energy=-6.043346031280473  maxlinkdim=232 maxerr=1.00E-10 time=28.575
After sweep 25 energy=-6.04334604917372  maxlinkdim=217 maxerr=1.00E-10 time=29.084
After sweep 26 energy=-6.0433460499197  maxlinkdim=214 maxerr=1.00E-10 time=28.490
After sweep 27 energy=-6.043346050569133  maxlinkdim=214 maxerr=1.00E-10 time=27.628
After sweep 28 energy=-6.043346051081635  maxlinkdim=214 maxerr=1.00E-10 time=27.797
After sweep 29 energy=-6.04334605133929  maxlinkdim=214 maxerr=1.00E-10 time=27.810
After sweep 30 energy=-6.043346051349734  maxlinkdim=214 maxerr=1.00E-10 time=28.126
Same mu: -2.650825861751099 and continuing
Target density achieved with mu=-2.650825861751099, n=0.5000021505989811
Checking {alpha,beta} vs measured
NOT CONVERGED; updating alpha, beta and continuing...
After sweep 1 energy=-4.698997925099501  maxlinkdim=16 maxerr=9.67E-11 time=1.211
After sweep 2 energy=-5.7738437620042395  maxlinkdim=96 maxerr=1.00E-10 time=4.765
After sweep 3 energy=-5.868617992583456  maxlinkdim=119 maxerr=9.99E-11 time=7.229
After sweep 4 energy=-5.91787155083623  maxlinkdim=125 maxerr=1.00E-10 time=8.594
After sweep 5 energy=-5.947141851967199  maxlinkdim=118 maxerr=1.00E-10 time=8.410
After sweep 6 energy=-5.969145894271642  maxlinkdim=168 maxerr=1.00E-10 time=8.310
After sweep 7 energy=-5.989781121194778  maxlinkdim=180 maxerr=9.98E-11 time=8.967
After sweep 8 energy=-6.003979850117166  maxlinkdim=154 maxerr=9.99E-11 time=9.655
After sweep 9 energy=-6.0133413156049125  maxlinkdim=212 maxerr=1.00E-10 time=9.472
After sweep 10 energy=-6.024943746772042  maxlinkdim=296 maxerr=1.00E-10 time=10.383
After sweep 11 energy=-6.031482220389987  maxlinkdim=192 maxerr=1.00E-10 time=11.589
After sweep 12 energy=-6.034976855498326  maxlinkdim=220 maxerr=9.99E-11 time=11.420
After sweep 13 energy=-6.037721632165776  maxlinkdim=186 maxerr=9.98E-11 time=11.549
After sweep 14 energy=-6.040255611756417  maxlinkdim=226 maxerr=1.00E-10 time=12.691
After sweep 15 energy=-6.041282268531705  maxlinkdim=263 maxerr=9.99E-11 time=13.378
After sweep 16 energy=-6.042064386307928  maxlinkdim=233 maxerr=1.00E-10 time=13.758
After sweep 17 energy=-6.042800269512714  maxlinkdim=260 maxerr=9.99E-11 time=15.353
After sweep 18 energy=-6.043060936790692  maxlinkdim=261 maxerr=1.00E-10 time=17.115
After sweep 19 energy=-6.0432439470076105  maxlinkdim=284 maxerr=1.00E-10 time=17.280
After sweep 20 energy=-6.0433224891419215  maxlinkdim=227 maxerr=1.00E-10 time=20.492
After sweep 21 energy=-6.043340809619814  maxlinkdim=286 maxerr=1.00E-10 time=22.265
After sweep 22 energy=-6.043344776440905  maxlinkdim=296 maxerr=1.00E-10 time=24.594
After sweep 23 energy=-6.043345751929361  maxlinkdim=249 maxerr=1.00E-10 time=26.837
After sweep 24 energy=-6.043345966084894  maxlinkdim=232 maxerr=1.00E-10 time=28.937
After sweep 25 energy=-6.043345995622577  maxlinkdim=221 maxerr=1.00E-10 time=29.260
After sweep 26 energy=-6.043345997314208  maxlinkdim=214 maxerr=1.00E-10 time=28.905
After sweep 27 energy=-6.043345997803166  maxlinkdim=214 maxerr=1.00E-10 time=27.813
After sweep 28 energy=-6.043345998439344  maxlinkdim=214 maxerr=1.00E-10 time=27.815
After sweep 29 energy=-6.043345998645457  maxlinkdim=214 maxerr=1.00E-10 time=28.273
After sweep 30 energy=-6.043345998805384  maxlinkdim=214 maxerr=1.00E-10 time=28.366
Same mu: -2.650825861751099 and continuing
Target density achieved with mu=-2.650825861751099, n=0.5000021515695893
Checking {alpha,beta} vs measured
NOT CONVERGED; updating alpha, beta and continuing...
After sweep 1 energy=-4.6989741650183285  maxlinkdim=16 maxerr=9.65E-11 time=1.259
After sweep 2 energy=-5.77384321752609  maxlinkdim=96 maxerr=1.00E-10 time=4.737
After sweep 3 energy=-5.868607761766856  maxlinkdim=119 maxerr=1.00E-10 time=7.288
After sweep 4 energy=-5.918180660750173  maxlinkdim=125 maxerr=9.99E-11 time=8.121
After sweep 5 energy=-5.9477819708853295  maxlinkdim=118 maxerr=9.99E-11 time=8.462
After sweep 6 energy=-5.96973648845039  maxlinkdim=136 maxerr=1.00E-10 time=8.410
After sweep 7 energy=-5.99093773947363  maxlinkdim=161 maxerr=1.00E-10 time=9.450
After sweep 8 energy=-6.0066142950442645  maxlinkdim=215 maxerr=1.00E-10 time=10.108
After sweep 9 energy=-6.015058046112587  maxlinkdim=235 maxerr=9.99E-11 time=10.398
After sweep 10 energy=-6.022757359085109  maxlinkdim=243 maxerr=1.00E-10 time=11.242
After sweep 11 energy=-6.031328433061078  maxlinkdim=211 maxerr=1.00E-10 time=11.838
After sweep 12 energy=-6.035499727144521  maxlinkdim=274 maxerr=1.00E-10 time=12.388
After sweep 13 energy=-6.038006263114946  maxlinkdim=300 maxerr=1.06E-10 time=12.552
After sweep 14 energy=-6.03972460844598  maxlinkdim=298 maxerr=1.00E-10 time=12.805
After sweep 15 energy=-6.041311529668027  maxlinkdim=190 maxerr=9.99E-11 time=13.581
After sweep 16 energy=-6.042103018247511  maxlinkdim=227 maxerr=1.00E-10 time=14.859
After sweep 17 energy=-6.042621512824322  maxlinkdim=276 maxerr=1.00E-10 time=15.410
After sweep 18 energy=-6.042913004784123  maxlinkdim=236 maxerr=1.00E-10 time=15.770
After sweep 19 energy=-6.043186893355401  maxlinkdim=227 maxerr=9.99E-11 time=17.125
After sweep 20 energy=-6.043276677057804  maxlinkdim=245 maxerr=9.99E-11 time=18.264
After sweep 21 energy=-6.04332137301099  maxlinkdim=213 maxerr=1.00E-10 time=20.382
After sweep 22 energy=-6.043337219220733  maxlinkdim=251 maxerr=1.00E-10 time=21.300
After sweep 23 energy=-6.043343782592572  maxlinkdim=283 maxerr=1.00E-10 time=23.061
After sweep 24 energy=-6.043345666179267  maxlinkdim=249 maxerr=1.00E-10 time=26.650
After sweep 25 energy=-6.043345955680376  maxlinkdim=235 maxerr=1.00E-10 time=28.638
After sweep 26 energy=-6.043345981092625  maxlinkdim=218 maxerr=9.99E-11 time=28.961
After sweep 27 energy=-6.043345982322857  maxlinkdim=214 maxerr=9.99E-11 time=28.547
After sweep 28 energy=-6.043345982823784  maxlinkdim=214 maxerr=1.00E-10 time=28.335
After sweep 29 energy=-6.04334598346943  maxlinkdim=214 maxerr=9.99E-11 time=27.755
After sweep 30 energy=-6.043345983608034  maxlinkdim=214 maxerr=1.00E-10 time=27.885
Same mu: -2.650825861751099 and continuing
Target density achieved with mu=-2.650825861751099, n=0.5000021499517864
Checking {alpha,beta} vs measured
NOT CONVERGED; updating alpha, beta and continuing...
After sweep 1 energy=-4.699003987865097  maxlinkdim=16 maxerr=9.67E-11 time=1.196
After sweep 2 energy=-5.773844198613586  maxlinkdim=96 maxerr=1.00E-10 time=4.761
After sweep 3 energy=-5.868556217229551  maxlinkdim=119 maxerr=9.99E-11 time=7.215
After sweep 4 energy=-5.9179027292877615  maxlinkdim=125 maxerr=9.99E-11 time=8.083
After sweep 5 energy=-5.94791951943473  maxlinkdim=129 maxerr=1.00E-10 time=8.432
After sweep 6 energy=-5.969563363293639  maxlinkdim=119 maxerr=1.00E-10 time=8.449
After sweep 7 energy=-5.990003727074392  maxlinkdim=151 maxerr=9.98E-11 time=8.974
After sweep 8 energy=-6.005033501955544  maxlinkdim=196 maxerr=9.98E-11 time=9.798
After sweep 9 energy=-6.014367281579388  maxlinkdim=201 maxerr=1.00E-10 time=9.998
After sweep 10 energy=-6.02451600201425  maxlinkdim=241 maxerr=9.99E-11 time=10.873
After sweep 11 energy=-6.033180956543466  maxlinkdim=239 maxerr=1.00E-10 time=12.480
After sweep 12 energy=-6.036238931622017  maxlinkdim=274 maxerr=1.00E-10 time=12.500
After sweep 13 energy=-6.038401017348126  maxlinkdim=241 maxerr=9.99E-11 time=12.302
After sweep 14 energy=-6.040035089494368  maxlinkdim=280 maxerr=9.99E-11 time=12.178
After sweep 15 energy=-6.041808026462345  maxlinkdim=192 maxerr=1.00E-10 time=13.314
After sweep 16 energy=-6.042457200691827  maxlinkdim=259 maxerr=1.00E-10 time=14.723
After sweep 17 energy=-6.042802553507412  maxlinkdim=300 maxerr=1.23E-10 time=14.999
After sweep 18 energy=-6.042989885392743  maxlinkdim=211 maxerr=9.98E-11 time=15.115
After sweep 19 energy=-6.043125457796793  maxlinkdim=254 maxerr=9.99E-11 time=15.358
After sweep 20 energy=-6.043222191233915  maxlinkdim=258 maxerr=1.00E-10 time=16.349
After sweep 21 energy=-6.043293481385985  maxlinkdim=274 maxerr=1.00E-10 time=18.541
After sweep 22 energy=-6.043334065891089  maxlinkdim=254 maxerr=9.99E-11 time=20.055
After sweep 23 energy=-6.043342746650402  maxlinkdim=276 maxerr=1.00E-10 time=22.579
After sweep 24 energy=-6.043345416477317  maxlinkdim=267 maxerr=1.00E-10 time=25.738
After sweep 25 energy=-6.043345884337729  maxlinkdim=241 maxerr=1.00E-10 time=28.555
After sweep 26 energy=-6.043345973754701  maxlinkdim=224 maxerr=1.00E-10 time=28.519
After sweep 27 energy=-6.043345980987216  maxlinkdim=215 maxerr=9.99E-11 time=28.269
After sweep 28 energy=-6.043345981708963  maxlinkdim=214 maxerr=1.00E-10 time=27.786
After sweep 29 energy=-6.043345982197152  maxlinkdim=214 maxerr=1.00E-10 time=27.864
After sweep 30 energy=-6.04334598268613  maxlinkdim=214 maxerr=9.99E-11 time=28.352
Same mu: -2.650825861751099 and continuing
Target density achieved with mu=-2.650825861751099, n=0.5000021501584354
Checking {alpha,beta} vs measured
NOT CONVERGED; updating alpha, beta and continuing...
After sweep 1 energy=-4.6989735301456825  maxlinkdim=16 maxerr=9.65E-11 time=1.226
After sweep 2 energy=-5.773843184698769  maxlinkdim=96 maxerr=1.00E-10 time=4.842
After sweep 3 energy=-5.868608825237818  maxlinkdim=119 maxerr=1.00E-10 time=7.240
After sweep 4 energy=-5.918225183699474  maxlinkdim=125 maxerr=9.99E-11 time=8.102
After sweep 5 energy=-5.9483503213197215  maxlinkdim=130 maxerr=9.99E-11 time=8.524
After sweep 6 energy=-5.970548706422806  maxlinkdim=140 maxerr=1.00E-10 time=8.691
After sweep 7 energy=-5.989810185531733  maxlinkdim=159 maxerr=1.00E-10 time=9.325
After sweep 8 energy=-6.006790200710147  maxlinkdim=169 maxerr=9.99E-11 time=10.039
After sweep 9 energy=-6.015268534936103  maxlinkdim=181 maxerr=1.00E-10 time=10.144
After sweep 10 energy=-6.021678767058608  maxlinkdim=227 maxerr=9.98E-11 time=9.773
After sweep 11 energy=-6.026559552476765  maxlinkdim=233 maxerr=9.99E-11 time=10.093
After sweep 12 energy=-6.030393574994531  maxlinkdim=251 maxerr=9.96E-11 time=10.312
After sweep 13 energy=-6.03359877118467  maxlinkdim=300 maxerr=1.82E-10 time=10.758
After sweep 14 energy=-6.036090016019044  maxlinkdim=263 maxerr=1.00E-10 time=11.052
After sweep 15 energy=-6.038202502343759  maxlinkdim=228 maxerr=1.00E-10 time=11.564
After sweep 16 energy=-6.04078326163406  maxlinkdim=277 maxerr=1.00E-10 time=13.606
After sweep 17 energy=-6.042173688642677  maxlinkdim=258 maxerr=1.00E-10 time=15.264
After sweep 18 energy=-6.042892857031439  maxlinkdim=288 maxerr=1.00E-10 time=16.380
After sweep 19 energy=-6.043117733632104  maxlinkdim=215 maxerr=1.00E-10 time=17.186
After sweep 20 energy=-6.043241421401073  maxlinkdim=192 maxerr=1.00E-10 time=17.900
After sweep 21 energy=-6.043302822629706  maxlinkdim=205 maxerr=1.00E-10 time=17.774
After sweep 22 energy=-6.043332977419528  maxlinkdim=221 maxerr=1.00E-10 time=20.612
After sweep 23 energy=-6.043342634797604  maxlinkdim=288 maxerr=1.00E-10 time=22.894
After sweep 24 energy=-6.043345133600308  maxlinkdim=251 maxerr=1.00E-10 time=25.140
After sweep 25 energy=-6.0433457732799125  maxlinkdim=236 maxerr=1.00E-10 time=26.616
After sweep 26 energy=-6.043345963356958  maxlinkdim=232 maxerr=9.99E-11 time=28.504
After sweep 27 energy=-6.043345982195521  maxlinkdim=218 maxerr=9.99E-11 time=29.000
After sweep 28 energy=-6.043345983230328  maxlinkdim=214 maxerr=1.00E-10 time=28.427
After sweep 29 energy=-6.043345983953499  maxlinkdim=214 maxerr=1.00E-10 time=28.415
After sweep 30 energy=-6.043345984643357  maxlinkdim=214 maxerr=1.00E-10 time=28.470
Same mu: -2.650825861751099 and continuing
Target density achieved with mu=-2.650825861751099, n=0.5000021516460087
Checking {alpha,beta} vs measured
NOT CONVERGED; updating alpha, beta and continuing...
After sweep 1 energy=-4.698993788796428  maxlinkdim=16 maxerr=9.66E-11 time=1.218
After sweep 2 energy=-5.773843764320123  maxlinkdim=96 maxerr=1.00E-10 time=4.788
After sweep 3 energy=-5.868623655208322  maxlinkdim=119 maxerr=9.99E-11 time=7.256
After sweep 4 energy=-5.9178070386621116  maxlinkdim=125 maxerr=1.00E-10 time=8.083
After sweep 5 energy=-5.947315865774877  maxlinkdim=119 maxerr=9.99E-11 time=8.366
After sweep 6 energy=-5.969127489469214  maxlinkdim=175 maxerr=1.00E-10 time=8.311
After sweep 7 energy=-5.989259394165498  maxlinkdim=202 maxerr=9.99E-11 time=8.977
After sweep 8 energy=-6.003678901536496  maxlinkdim=210 maxerr=1.00E-10 time=9.732
After sweep 9 energy=-6.01290614759232  maxlinkdim=152 maxerr=1.00E-10 time=9.697
After sweep 10 energy=-6.020763484256932  maxlinkdim=164 maxerr=1.00E-10 time=9.985
After sweep 11 energy=-6.029365839459922  maxlinkdim=198 maxerr=9.99E-11 time=11.270
After sweep 12 energy=-6.033828496054085  maxlinkdim=252 maxerr=1.00E-10 time=12.244
After sweep 13 energy=-6.036572310660912  maxlinkdim=290 maxerr=1.00E-10 time=11.895
After sweep 14 energy=-6.0393646687209825  maxlinkdim=198 maxerr=1.00E-10 time=12.789
After sweep 15 energy=-6.040675109375833  maxlinkdim=247 maxerr=9.99E-11 time=13.349
After sweep 16 energy=-6.041863486072448  maxlinkdim=265 maxerr=9.99E-11 time=13.356
After sweep 17 energy=-6.042673111720225  maxlinkdim=273 maxerr=9.98E-11 time=14.799
After sweep 18 energy=-6.0430569315604155  maxlinkdim=255 maxerr=9.99E-11 time=16.384
After sweep 19 energy=-6.043207376519822  maxlinkdim=262 maxerr=1.00E-10 time=17.167
After sweep 20 energy=-6.04330789787098  maxlinkdim=300 maxerr=1.09E-10 time=19.004
After sweep 21 energy=-6.043335993379769  maxlinkdim=251 maxerr=1.00E-10 time=21.411
After sweep 22 energy=-6.043343340706021  maxlinkdim=278 maxerr=9.99E-11 time=22.646
After sweep 23 energy=-6.0433453476865395  maxlinkdim=262 maxerr=1.00E-10 time=25.349
After sweep 24 energy=-6.043345868187164  maxlinkdim=230 maxerr=1.00E-10 time=27.234
After sweep 25 energy=-6.043345976636371  maxlinkdim=229 maxerr=1.00E-10 time=28.593
After sweep 26 energy=-6.043345985793664  maxlinkdim=216 maxerr=1.00E-10 time=28.519
After sweep 27 energy=-6.043345986831467  maxlinkdim=214 maxerr=1.00E-10 time=28.133
After sweep 28 energy=-6.043345987427085  maxlinkdim=214 maxerr=1.00E-10 time=28.750
After sweep 29 energy=-6.0433459876769895  maxlinkdim=214 maxerr=9.99E-11 time=27.675
After sweep 30 energy=-6.043345987896604  maxlinkdim=214 maxerr=9.99E-11 time=27.867
Same mu: -2.650825861751099 and continuing
Target density achieved with mu=-2.650825861751099, n=0.5000021517509046
Checking {alpha,beta} vs measured
NOT CONVERGED; updating alpha, beta and continuing...
After sweep 1 energy=-4.6989913722347945  maxlinkdim=16 maxerr=9.66E-11 time=1.247
After sweep 2 energy=-5.773843719076803  maxlinkdim=96 maxerr=1.00E-10 time=4.820
After sweep 3 energy=-5.868629346500822  maxlinkdim=119 maxerr=9.99E-11 time=7.219
After sweep 4 energy=-5.917832103928744  maxlinkdim=125 maxerr=9.99E-11 time=8.107
After sweep 5 energy=-5.947628242135447  maxlinkdim=119 maxerr=9.99E-11 time=8.402
After sweep 6 energy=-5.970388697796492  maxlinkdim=161 maxerr=1.00E-10 time=8.430
After sweep 7 energy=-5.991932413351389  maxlinkdim=165 maxerr=1.00E-10 time=9.337
After sweep 8 energy=-6.006357014470188  maxlinkdim=175 maxerr=9.99E-11 time=10.184
After sweep 9 energy=-6.016107525558121  maxlinkdim=174 maxerr=1.00E-10 time=10.239
After sweep 10 energy=-6.023925550009127  maxlinkdim=287 maxerr=1.00E-10 time=10.726
After sweep 11 energy=-6.029888890252668  maxlinkdim=277 maxerr=9.99E-11 time=11.676
After sweep 12 energy=-6.033832254114239  maxlinkdim=223 maxerr=1.00E-10 time=11.783
After sweep 13 energy=-6.037819389885874  maxlinkdim=257 maxerr=1.00E-10 time=12.507
After sweep 14 energy=-6.040475691601853  maxlinkdim=239 maxerr=1.00E-10 time=14.316
After sweep 15 energy=-6.041398978227502  maxlinkdim=246 maxerr=9.99E-11 time=14.232
After sweep 16 energy=-6.042011700679077  maxlinkdim=174 maxerr=1.00E-10 time=13.792
After sweep 17 energy=-6.0424670712500665  maxlinkdim=300 maxerr=2.60E-10 time=14.353
After sweep 18 energy=-6.0429860753288995  maxlinkdim=300 maxerr=3.21E-10 time=16.104
After sweep 19 energy=-6.043228842283721  maxlinkdim=269 maxerr=9.99E-11 time=17.064
After sweep 20 energy=-6.043304110823519  maxlinkdim=281 maxerr=1.00E-10 time=18.336
After sweep 21 energy=-6.043330986686077  maxlinkdim=271 maxerr=1.00E-10 time=19.423
After sweep 22 energy=-6.043342934529215  maxlinkdim=270 maxerr=1.00E-10 time=22.356
After sweep 23 energy=-6.043345507102723  maxlinkdim=252 maxerr=1.00E-10 time=25.717
After sweep 24 energy=-6.043345919918122  maxlinkdim=237 maxerr=9.99E-11 time=27.986
After sweep 25 energy=-6.043345976820883  maxlinkdim=222 maxerr=1.00E-10 time=28.875
After sweep 26 energy=-6.043345979707331  maxlinkdim=215 maxerr=9.99E-11 time=28.301
After sweep 27 energy=-6.043345980335435  maxlinkdim=214 maxerr=1.00E-10 time=28.505
After sweep 28 energy=-6.043345980937115  maxlinkdim=214 maxerr=1.00E-10 time=27.662
After sweep 29 energy=-6.043345981189862  maxlinkdim=214 maxerr=1.00E-10 time=27.768
After sweep 30 energy=-6.0433459813566195  maxlinkdim=214 maxerr=9.99E-11 time=27.622
Same mu: -2.650825861751099 and continuing
Target density achieved with mu=-2.650825861751099, n=0.5000021515229667
Checking {alpha,beta} vs measured
NOT CONVERGED; updating alpha, beta and continuing...
After sweep 1 energy=-4.699003237395979  maxlinkdim=16 maxerr=9.67E-11 time=1.246
After sweep 2 energy=-5.773844222787491  maxlinkdim=96 maxerr=1.00E-10 time=4.854
After sweep 3 energy=-5.868559123963264  maxlinkdim=119 maxerr=9.99E-11 time=7.245
After sweep 4 energy=-5.917898712532166  maxlinkdim=125 maxerr=9.99E-11 time=8.102
After sweep 5 energy=-5.947956081729291  maxlinkdim=131 maxerr=9.99E-11 time=8.429
After sweep 6 energy=-5.970052787110574  maxlinkdim=146 maxerr=9.99E-11 time=8.515
After sweep 7 energy=-5.990752865944465  maxlinkdim=157 maxerr=9.99E-11 time=9.155
After sweep 8 energy=-6.004738647931862  maxlinkdim=184 maxerr=9.99E-11 time=9.654
After sweep 9 energy=-6.0145724861625585  maxlinkdim=224 maxerr=9.99E-11 time=9.683
After sweep 10 energy=-6.026118635111698  maxlinkdim=164 maxerr=9.98E-11 time=10.860
After sweep 11 energy=-6.032213216693202  maxlinkdim=154 maxerr=1.00E-10 time=11.781
After sweep 12 energy=-6.0356470735614645  maxlinkdim=281 maxerr=9.98E-11 time=11.379
After sweep 13 energy=-6.037579005867542  maxlinkdim=226 maxerr=1.00E-10 time=11.344
After sweep 14 energy=-6.038910479459776  maxlinkdim=231 maxerr=9.99E-11 time=11.000
After sweep 15 energy=-6.039976052167202  maxlinkdim=253 maxerr=1.00E-10 time=10.953
After sweep 16 energy=-6.041549211883134  maxlinkdim=248 maxerr=1.00E-10 time=12.459
After sweep 17 energy=-6.042183354909704  maxlinkdim=242 maxerr=9.99E-11 time=13.952
After sweep 18 energy=-6.042543243810154  maxlinkdim=250 maxerr=9.99E-11 time=14.136
After sweep 19 energy=-6.0431026165107875  maxlinkdim=269 maxerr=1.00E-10 time=14.378
After sweep 20 energy=-6.043246067649318  maxlinkdim=251 maxerr=9.99E-11 time=17.078
After sweep 21 energy=-6.043312484208102  maxlinkdim=278 maxerr=1.56E-10 time=19.876
After sweep 22 energy=-6.043332553017679  maxlinkdim=269 maxerr=1.00E-10 time=21.661
After sweep 23 energy=-6.043341761762179  maxlinkdim=252 maxerr=1.00E-10 time=22.959
After sweep 24 energy=-6.043344816311479  maxlinkdim=261 maxerr=1.00E-10 time=25.205
After sweep 25 energy=-6.043345769822868  maxlinkdim=249 maxerr=1.00E-10 time=27.131
After sweep 26 energy=-6.043345956138036  maxlinkdim=237 maxerr=1.00E-10 time=28.382
After sweep 27 energy=-6.043345976721201  maxlinkdim=219 maxerr=1.00E-10 time=28.565
After sweep 28 energy=-6.043345977671363  maxlinkdim=214 maxerr=1.00E-10 time=28.398
After sweep 29 energy=-6.0433459780240195  maxlinkdim=214 maxerr=1.00E-10 time=27.541
After sweep 30 energy=-6.043345978572938  maxlinkdim=214 maxerr=1.00E-10 time=27.720
Same mu: -2.650825861751099 and continuing
Target density achieved with mu=-2.650825861751099, n=0.5000021519394621
Checking {alpha,beta} vs measured
NOT CONVERGED; updating alpha, beta and continuing...
After sweep 1 energy=-4.698973626661058  maxlinkdim=16 maxerr=9.65E-11 time=1.193
After sweep 2 energy=-5.773843187257744  maxlinkdim=96 maxerr=1.00E-10 time=4.860
After sweep 3 energy=-5.868608647928347  maxlinkdim=119 maxerr=1.00E-10 time=7.219
After sweep 4 energy=-5.918224795280339  maxlinkdim=125 maxerr=9.99E-11 time=8.065
After sweep 5 energy=-5.948348387204406  maxlinkdim=130 maxerr=9.99E-11 time=8.405
After sweep 6 energy=-5.970548951713388  maxlinkdim=141 maxerr=1.00E-10 time=8.491
After sweep 7 energy=-5.989890111938672  maxlinkdim=149 maxerr=9.99E-11 time=8.967
After sweep 8 energy=-6.006936455291204  maxlinkdim=229 maxerr=1.00E-10 time=9.962
After sweep 9 energy=-6.014914251125676  maxlinkdim=199 maxerr=9.99E-11 time=9.831
After sweep 10 energy=-6.021432688866787  maxlinkdim=222 maxerr=9.99E-11 time=9.658
After sweep 11 energy=-6.026589647657871  maxlinkdim=258 maxerr=9.97E-11 time=9.868
After sweep 12 energy=-6.031512049240226  maxlinkdim=189 maxerr=1.00E-10 time=10.318
After sweep 13 energy=-6.035051313381664  maxlinkdim=195 maxerr=1.00E-10 time=11.128
After sweep 14 energy=-6.037850112551992  maxlinkdim=183 maxerr=1.00E-10 time=11.546
After sweep 15 energy=-6.040052209425683  maxlinkdim=196 maxerr=9.99E-11 time=13.173
After sweep 16 energy=-6.041181727117139  maxlinkdim=205 maxerr=1.00E-10 time=13.295
After sweep 17 energy=-6.041965564109036  maxlinkdim=276 maxerr=1.00E-10 time=13.821
After sweep 18 energy=-6.042757223910751  maxlinkdim=250 maxerr=1.00E-10 time=15.866
After sweep 19 energy=-6.043044942002656  maxlinkdim=224 maxerr=1.00E-10 time=17.621
After sweep 20 energy=-6.04320313091205  maxlinkdim=222 maxerr=1.00E-10 time=17.629
After sweep 21 energy=-6.043285604210438  maxlinkdim=229 maxerr=1.00E-10 time=18.727
After sweep 22 energy=-6.0433202020790215  maxlinkdim=221 maxerr=1.00E-10 time=19.634
After sweep 23 energy=-6.043340852085568  maxlinkdim=287 maxerr=1.00E-10 time=22.109
After sweep 24 energy=-6.04334516846257  maxlinkdim=261 maxerr=1.00E-10 time=25.411
After sweep 25 energy=-6.043345884402413  maxlinkdim=251 maxerr=1.00E-10 time=27.720
After sweep 26 energy=-6.043345979328252  maxlinkdim=223 maxerr=1.00E-10 time=28.697
After sweep 27 energy=-6.0433459846902595  maxlinkdim=215 maxerr=1.00E-10 time=28.108
After sweep 28 energy=-6.043345985258454  maxlinkdim=214 maxerr=1.00E-10 time=27.849
After sweep 29 energy=-6.043345985838716  maxlinkdim=214 maxerr=1.00E-10 time=28.238
After sweep 30 energy=-6.043345986217508  maxlinkdim=214 maxerr=9.99E-11 time=27.696
Same mu: -2.650825861751099 and continuing
Target density achieved with mu=-2.650825861751099, n=0.5000021493394641
Checking {alpha,beta} vs measured
NOT CONVERGED; updating alpha, beta and continuing...
After sweep 1 energy=-4.699009132368717  maxlinkdim=16 maxerr=9.67E-11 time=1.220
After sweep 2 energy=-5.773844069407633  maxlinkdim=96 maxerr=1.00E-10 time=4.840
After sweep 3 energy=-5.868433307147376  maxlinkdim=119 maxerr=9.99E-11 time=7.195
After sweep 4 energy=-5.917981590190368  maxlinkdim=125 maxerr=9.99E-11 time=8.042
After sweep 5 energy=-5.948783972217555  maxlinkdim=148 maxerr=9.98E-11 time=8.383
After sweep 6 energy=-5.97085555725618  maxlinkdim=177 maxerr=9.97E-11 time=8.616
After sweep 7 energy=-5.988537433685039  maxlinkdim=128 maxerr=1.00E-10 time=8.760
After sweep 8 energy=-6.006220685446921  maxlinkdim=229 maxerr=1.00E-10 time=9.558
After sweep 9 energy=-6.015412523123213  maxlinkdim=268 maxerr=1.00E-10 time=9.910
After sweep 10 energy=-6.022063234335071  maxlinkdim=281 maxerr=9.97E-11 time=9.988
After sweep 11 energy=-6.02733489635551  maxlinkdim=178 maxerr=9.99E-11 time=10.178
After sweep 12 energy=-6.032982786143071  maxlinkdim=228 maxerr=1.00E-10 time=11.071
After sweep 13 energy=-6.037035402106751  maxlinkdim=233 maxerr=1.00E-10 time=12.792
After sweep 14 energy=-6.039530876706021  maxlinkdim=212 maxerr=1.12E-10 time=13.361
After sweep 15 energy=-6.040696393680024  maxlinkdim=265 maxerr=9.99E-11 time=12.890
After sweep 16 energy=-6.0414699861829  maxlinkdim=236 maxerr=9.99E-11 time=12.760
After sweep 17 energy=-6.042204753556672  maxlinkdim=295 maxerr=9.98E-11 time=13.097
After sweep 18 energy=-6.042697693545307  maxlinkdim=259 maxerr=1.00E-10 time=14.907
After sweep 19 energy=-6.042943556278745  maxlinkdim=275 maxerr=1.00E-10 time=15.476
After sweep 20 energy=-6.043245039419116  maxlinkdim=276 maxerr=9.99E-11 time=17.493
After sweep 21 energy=-6.043304548435355  maxlinkdim=266 maxerr=1.00E-10 time=19.331
After sweep 22 energy=-6.0433354828180885  maxlinkdim=264 maxerr=1.00E-10 time=20.497
After sweep 23 energy=-6.0433431786037906  maxlinkdim=250 maxerr=1.00E-10 time=22.988
After sweep 24 energy=-6.0433455813322015  maxlinkdim=246 maxerr=1.00E-10 time=26.021
After sweep 25 energy=-6.04334594895595  maxlinkdim=238 maxerr=9.99E-11 time=28.369
After sweep 26 energy=-6.04334598274145  maxlinkdim=220 maxerr=1.00E-10 time=28.517
After sweep 27 energy=-6.04334598426878  maxlinkdim=214 maxerr=1.00E-10 time=27.875
After sweep 28 energy=-6.043345984721647  maxlinkdim=214 maxerr=1.00E-10 time=27.615
After sweep 29 energy=-6.043345985382774  maxlinkdim=214 maxerr=1.00E-10 time=27.702
After sweep 30 energy=-6.043345985596812  maxlinkdim=214 maxerr=1.00E-10 time=27.874
Same mu: -2.650825861751099 and continuing
Target density achieved with mu=-2.650825861751099, n=0.5000021504752344
Checking {alpha,beta} vs measured
NOT CONVERGED; updating alpha, beta and continuing...
After sweep 1 energy=-4.699006600742912  maxlinkdim=16 maxerr=9.67E-11 time=1.185
After sweep 2 energy=-5.773844147617817  maxlinkdim=96 maxerr=1.00E-10 time=4.923
After sweep 3 energy=-5.868421970999525  maxlinkdim=119 maxerr=9.99E-11 time=7.873
After sweep 4 energy=-5.917725858036325  maxlinkdim=125 maxerr=1.00E-10 time=8.119
After sweep 5 energy=-5.946870744073631  maxlinkdim=118 maxerr=9.98E-11 time=8.329
After sweep 6 energy=-5.969443837680267  maxlinkdim=145 maxerr=9.98E-11 time=8.272
After sweep 7 energy=-5.991803839601094  maxlinkdim=168 maxerr=1.00E-10 time=9.235
After sweep 8 energy=-6.005514266997285  maxlinkdim=159 maxerr=1.00E-10 time=9.983
After sweep 9 energy=-6.014418945017743  maxlinkdim=211 maxerr=1.00E-10 time=9.669
After sweep 10 energy=-6.021081859553414  maxlinkdim=208 maxerr=9.98E-11 time=9.893
After sweep 11 energy=-6.026151887087799  maxlinkdim=150 maxerr=9.99E-11 time=9.959
After sweep 12 energy=-6.030285031868062  maxlinkdim=139 maxerr=1.00E-10 time=9.717
After sweep 13 energy=-6.03594249785242  maxlinkdim=222 maxerr=1.00E-10 time=11.008
After sweep 14 energy=-6.038576510430602  maxlinkdim=300 maxerr=2.51E-10 time=13.242
After sweep 15 energy=-6.0401537399523715  maxlinkdim=228 maxerr=1.00E-10 time=13.158
After sweep 16 energy=-6.041615470905236  maxlinkdim=236 maxerr=1.00E-10 time=13.790
After sweep 17 energy=-6.042407579607119  maxlinkdim=275 maxerr=1.00E-10 time=15.264
After sweep 18 energy=-6.042751727100807  maxlinkdim=232 maxerr=9.98E-11 time=15.225
After sweep 19 energy=-6.042971514862983  maxlinkdim=205 maxerr=1.00E-10 time=15.327
After sweep 20 energy=-6.0431141393463745  maxlinkdim=206 maxerr=9.99E-11 time=15.567
After sweep 21 energy=-6.043248060683245  maxlinkdim=246 maxerr=1.00E-10 time=16.857
After sweep 22 energy=-6.043319175876748  maxlinkdim=284 maxerr=9.99E-11 time=18.967
After sweep 23 energy=-6.043338239804253  maxlinkdim=284 maxerr=9.99E-11 time=22.035
After sweep 24 energy=-6.0433434051705905  maxlinkdim=262 maxerr=1.00E-10 time=24.636
After sweep 25 energy=-6.0433454589780995  maxlinkdim=265 maxerr=1.00E-10 time=26.534
After sweep 26 energy=-6.043345927101033  maxlinkdim=242 maxerr=1.00E-10 time=28.246
After sweep 27 energy=-6.043345978942602  maxlinkdim=224 maxerr=9.99E-11 time=28.582
After sweep 28 energy=-6.043345981249591  maxlinkdim=214 maxerr=1.00E-10 time=28.128
After sweep 29 energy=-6.043345982131772  maxlinkdim=214 maxerr=1.00E-10 time=27.713
After sweep 30 energy=-6.043345982593692  maxlinkdim=214 maxerr=1.00E-10 time=27.837
Same mu: -2.650825861751099 and continuing
Target density achieved with mu=-2.650825861751099, n=0.5000021469493409
Checking {alpha,beta} vs measured
NOT CONVERGED; updating alpha, beta and continuing...
After sweep 1 energy=-4.699012328318446  maxlinkdim=16 maxerr=9.67E-11 time=1.198
After sweep 2 energy=-5.7738439266085315  maxlinkdim=96 maxerr=1.00E-10 time=4.912
After sweep 3 energy=-5.8684294032050275  maxlinkdim=119 maxerr=9.99E-11 time=7.298
After sweep 4 energy=-5.917994871700515  maxlinkdim=125 maxerr=9.99E-11 time=8.063
After sweep 5 energy=-5.947382674626863  maxlinkdim=118 maxerr=9.99E-11 time=8.399
After sweep 6 energy=-5.968875742199716  maxlinkdim=121 maxerr=9.99E-11 time=8.294
After sweep 7 energy=-5.9894115864214355  maxlinkdim=157 maxerr=1.00E-10 time=8.829
After sweep 8 energy=-6.004192650769942  maxlinkdim=171 maxerr=1.00E-10 time=9.715
After sweep 9 energy=-6.013397991588972  maxlinkdim=167 maxerr=1.00E-10 time=9.796
After sweep 10 energy=-6.0227371705211326  maxlinkdim=177 maxerr=1.00E-10 time=10.179
After sweep 11 energy=-6.031020325286714  maxlinkdim=225 maxerr=9.99E-11 time=11.741
After sweep 12 energy=-6.034430894345184  maxlinkdim=233 maxerr=1.00E-10 time=11.681
After sweep 13 energy=-6.037174645693109  maxlinkdim=224 maxerr=1.00E-10 time=11.973
After sweep 14 energy=-6.040114986771523  maxlinkdim=247 maxerr=9.99E-11 time=12.977
After sweep 15 energy=-6.041775626205065  maxlinkdim=244 maxerr=1.00E-10 time=14.467
After sweep 16 energy=-6.042389864631151  maxlinkdim=275 maxerr=9.99E-11 time=14.424
After sweep 17 energy=-6.04289681585602  maxlinkdim=260 maxerr=9.99E-11 time=15.609
After sweep 18 energy=-6.043105745484457  maxlinkdim=249 maxerr=1.00E-10 time=16.767
After sweep 19 energy=-6.043255182563718  maxlinkdim=279 maxerr=1.00E-10 time=17.377
After sweep 20 energy=-6.0433223414157915  maxlinkdim=300 maxerr=1.27E-10 time=19.689
After sweep 21 energy=-6.043338608092993  maxlinkdim=248 maxerr=1.00E-10 time=22.203
After sweep 22 energy=-6.043343967077018  maxlinkdim=255 maxerr=9.99E-11 time=24.476
After sweep 23 energy=-6.043345596266804  maxlinkdim=245 maxerr=1.00E-10 time=26.797
After sweep 24 energy=-6.043345956823898  maxlinkdim=241 maxerr=1.00E-10 time=28.712
After sweep 25 energy=-6.043345989085039  maxlinkdim=220 maxerr=9.99E-11 time=28.755
After sweep 26 energy=-6.043345990476819  maxlinkdim=214 maxerr=1.00E-10 time=28.841
After sweep 27 energy=-6.043345990682424  maxlinkdim=214 maxerr=1.00E-10 time=27.731
After sweep 28 energy=-6.043345991372349  maxlinkdim=214 maxerr=1.00E-10 time=27.643
After sweep 29 energy=-6.043345991499184  maxlinkdim=214 maxerr=9.98E-11 time=27.890
After sweep 30 energy=-6.043345991597674  maxlinkdim=214 maxerr=1.00E-10 time=27.750
Same mu: -2.650825861751099 and continuing
Target density achieved with mu=-2.650825861751099, n=0.5000021516883564
Checking {alpha,beta} vs measured
NOT CONVERGED; updating alpha, beta and continuing...
After sweep 1 energy=-4.699022290670925  maxlinkdim=16 maxerr=9.68E-11 time=1.246
After sweep 2 energy=-5.7738433662875455  maxlinkdim=96 maxerr=1.00E-10 time=4.929
After sweep 3 energy=-5.868420010671887  maxlinkdim=119 maxerr=9.99E-11 time=7.296
After sweep 4 energy=-5.917787894261673  maxlinkdim=125 maxerr=9.99E-11 time=8.075
After sweep 5 energy=-5.947733511972725  maxlinkdim=120 maxerr=1.00E-10 time=8.403
After sweep 6 energy=-5.969023469307182  maxlinkdim=121 maxerr=1.00E-10 time=8.294
After sweep 7 energy=-5.989690640750001  maxlinkdim=156 maxerr=1.00E-10 time=8.730
After sweep 8 energy=-6.004140225905314  maxlinkdim=141 maxerr=1.00E-10 time=9.670
After sweep 9 energy=-6.014045509768014  maxlinkdim=216 maxerr=9.98E-11 time=9.727
After sweep 10 energy=-6.022181030069908  maxlinkdim=253 maxerr=1.00E-10 time=10.735
After sweep 11 energy=-6.030081458085815  maxlinkdim=242 maxerr=1.00E-10 time=12.084
After sweep 12 energy=-6.0363087963295285  maxlinkdim=205 maxerr=1.00E-10 time=12.934
After sweep 13 energy=-6.038968719927042  maxlinkdim=163 maxerr=1.00E-10 time=12.925
After sweep 14 energy=-6.040182810612362  maxlinkdim=268 maxerr=9.99E-11 time=12.247
After sweep 15 energy=-6.041268110619105  maxlinkdim=257 maxerr=1.00E-10 time=12.493
After sweep 16 energy=-6.041975404575931  maxlinkdim=298 maxerr=1.00E-10 time=13.119
After sweep 17 energy=-6.042426024783431  maxlinkdim=298 maxerr=9.99E-11 time=13.412
After sweep 18 energy=-6.043023511454434  maxlinkdim=243 maxerr=9.99E-11 time=15.895
After sweep 19 energy=-6.043149475397917  maxlinkdim=260 maxerr=9.99E-11 time=15.747
After sweep 20 energy=-6.043255929152676  maxlinkdim=244 maxerr=1.00E-10 time=16.099
After sweep 21 energy=-6.0433034280978575  maxlinkdim=282 maxerr=1.00E-10 time=17.872
After sweep 22 energy=-6.043331967715969  maxlinkdim=276 maxerr=1.55E-10 time=19.737
After sweep 23 energy=-6.043342245849187  maxlinkdim=255 maxerr=1.00E-10 time=22.687
After sweep 24 energy=-6.04334528592894  maxlinkdim=250 maxerr=1.00E-10 time=25.851
After sweep 25 energy=-6.043345876139837  maxlinkdim=244 maxerr=1.00E-10 time=28.060
After sweep 26 energy=-6.043345970678493  maxlinkdim=232 maxerr=1.00E-10 time=28.476
After sweep 27 energy=-6.043345979998409  maxlinkdim=217 maxerr=1.00E-10 time=28.319
After sweep 28 energy=-6.043345980660642  maxlinkdim=214 maxerr=9.99E-11 time=27.909
After sweep 29 energy=-6.043345981027683  maxlinkdim=214 maxerr=1.00E-10 time=28.049
After sweep 30 energy=-6.043345981449908  maxlinkdim=214 maxerr=1.00E-10 time=28.287
Same mu: -2.650825861751099 and continuing
Target density achieved with mu=-2.650825861751099, n=0.5000021495094796
Checking {alpha,beta} vs measured
NOT CONVERGED; updating alpha, beta and continuing...
After sweep 1 energy=-4.698985795807828  maxlinkdim=16 maxerr=9.66E-11 time=1.304
After sweep 2 energy=-5.7738436262800015  maxlinkdim=96 maxerr=1.00E-10 time=4.889
After sweep 3 energy=-5.86860844032401  maxlinkdim=119 maxerr=9.99E-11 time=7.275
After sweep 4 energy=-5.918188916786904  maxlinkdim=125 maxerr=9.99E-11 time=8.103
After sweep 5 energy=-5.947437464023292  maxlinkdim=119 maxerr=1.00E-10 time=8.376
After sweep 6 energy=-5.969311706788342  maxlinkdim=140 maxerr=1.00E-10 time=8.288
After sweep 7 energy=-5.990270215798936  maxlinkdim=208 maxerr=9.99E-11 time=8.836
After sweep 8 energy=-6.003849702728906  maxlinkdim=202 maxerr=1.00E-10 time=9.488
After sweep 9 energy=-6.012842315855607  maxlinkdim=206 maxerr=9.99E-11 time=9.513
After sweep 10 energy=-6.02511455499187  maxlinkdim=200 maxerr=9.98E-11 time=10.767
After sweep 11 energy=-6.031340932199686  maxlinkdim=222 maxerr=9.98E-11 time=11.752
After sweep 12 energy=-6.035018455843499  maxlinkdim=210 maxerr=9.99E-11 time=11.642
After sweep 13 energy=-6.038120122579387  maxlinkdim=224 maxerr=9.99E-11 time=11.686
After sweep 14 energy=-6.039994303136269  maxlinkdim=278 maxerr=1.00E-10 time=12.662
After sweep 15 energy=-6.0411716595442675  maxlinkdim=218 maxerr=1.00E-10 time=13.210
After sweep 16 energy=-6.041857797460663  maxlinkdim=219 maxerr=9.99E-11 time=13.250
After sweep 17 energy=-6.0423664401959645  maxlinkdim=227 maxerr=9.99E-11 time=13.544
After sweep 18 energy=-6.042804453235988  maxlinkdim=259 maxerr=1.00E-10 time=14.413
After sweep 19 energy=-6.043104420476366  maxlinkdim=276 maxerr=1.00E-10 time=15.111
After sweep 20 energy=-6.043198846699408  maxlinkdim=223 maxerr=9.99E-11 time=15.881
After sweep 21 energy=-6.043271755160574  maxlinkdim=226 maxerr=1.00E-10 time=17.103
After sweep 22 energy=-6.0433155402716725  maxlinkdim=285 maxerr=1.00E-10 time=18.702
After sweep 23 energy=-6.043332394716968  maxlinkdim=243 maxerr=9.99E-11 time=20.419
After sweep 24 energy=-6.04334126918077  maxlinkdim=257 maxerr=1.00E-10 time=22.904
After sweep 25 energy=-6.043344871617035  maxlinkdim=242 maxerr=9.99E-11 time=26.033
After sweep 26 energy=-6.043345781771436  maxlinkdim=238 maxerr=9.99E-11 time=27.292
After sweep 27 energy=-6.043345962923987  maxlinkdim=240 maxerr=1.00E-10 time=28.316
After sweep 28 energy=-6.043345981437857  maxlinkdim=219 maxerr=1.00E-10 time=28.198
After sweep 29 energy=-6.043345982435053  maxlinkdim=214 maxerr=1.00E-10 time=27.862
After sweep 30 energy=-6.0433459828812195  maxlinkdim=214 maxerr=9.99E-11 time=27.665
Same mu: -2.650825861751099 and continuing
Target density achieved with mu=-2.650825861751099, n=0.5000021500083367
Checking {alpha,beta} vs measured
NOT CONVERGED; updating alpha, beta and continuing...
After sweep 1 energy=-4.69899160716052  maxlinkdim=16 maxerr=9.66E-11 time=1.244
After sweep 2 energy=-5.773843739344699  maxlinkdim=96 maxerr=1.00E-10 time=4.950
After sweep 3 energy=-5.868629656719537  maxlinkdim=119 maxerr=1.00E-10 time=7.336
After sweep 4 energy=-5.917835722577741  maxlinkdim=125 maxerr=9.99E-11 time=8.103
After sweep 5 energy=-5.947630465958475  maxlinkdim=119 maxerr=9.97E-11 time=8.382
After sweep 6 energy=-5.970388036709814  maxlinkdim=154 maxerr=1.00E-10 time=8.395
After sweep 7 energy=-5.99202801256617  maxlinkdim=162 maxerr=1.00E-10 time=9.224
After sweep 8 energy=-6.006862986997444  maxlinkdim=163 maxerr=9.99E-11 time=10.151
After sweep 9 energy=-6.016576085391666  maxlinkdim=226 maxerr=9.99E-11 time=10.258
After sweep 10 energy=-6.0240260801692935  maxlinkdim=281 maxerr=1.00E-10 time=10.550
After sweep 11 energy=-6.029208994334854  maxlinkdim=194 maxerr=1.00E-10 time=10.739
After sweep 12 energy=-6.033050403843633  maxlinkdim=174 maxerr=9.98E-11 time=10.815
After sweep 13 energy=-6.036276496577655  maxlinkdim=221 maxerr=1.00E-10 time=11.426
After sweep 14 energy=-6.03870789448336  maxlinkdim=259 maxerr=1.00E-10 time=12.482
After sweep 15 energy=-6.040924433946034  maxlinkdim=266 maxerr=9.99E-11 time=14.227
After sweep 16 energy=-6.041834448931263  maxlinkdim=228 maxerr=1.00E-10 time=15.350
After sweep 17 energy=-6.042515065621264  maxlinkdim=245 maxerr=1.00E-10 time=15.715
After sweep 18 energy=-6.042954095329712  maxlinkdim=300 maxerr=1.18E-10 time=17.130
After sweep 19 energy=-6.043179320132199  maxlinkdim=268 maxerr=1.00E-10 time=17.803
After sweep 20 energy=-6.04325069255836  maxlinkdim=242 maxerr=1.00E-10 time=18.317
After sweep 21 energy=-6.043305552758105  maxlinkdim=273 maxerr=1.47E-10 time=18.889
After sweep 22 energy=-6.043334246356307  maxlinkdim=268 maxerr=1.00E-10 time=21.236
After sweep 23 energy=-6.043343167981017  maxlinkdim=259 maxerr=1.00E-10 time=23.848
After sweep 24 energy=-6.043345299059371  maxlinkdim=239 maxerr=1.00E-10 time=25.909
After sweep 25 energy=-6.043345902240441  maxlinkdim=233 maxerr=1.00E-10 time=27.813
After sweep 26 energy=-6.043345993426756  maxlinkdim=224 maxerr=1.00E-10 time=28.741
After sweep 27 energy=-6.043346000317778  maxlinkdim=216 maxerr=1.00E-10 time=28.306
After sweep 28 energy=-6.043346001017343  maxlinkdim=214 maxerr=1.00E-10 time=27.971
After sweep 29 energy=-6.043346001529329  maxlinkdim=214 maxerr=9.99E-11 time=28.283
After sweep 30 energy=-6.04334600173893  maxlinkdim=214 maxerr=9.99E-11 time=27.805
Same mu: -2.650825861751099 and continuing
Target density achieved with mu=-2.650825861751099, n=0.5000021515126905
Checking {alpha,beta} vs measured
NOT CONVERGED; updating alpha, beta and continuing...
After sweep 1 energy=-4.699017055117518  maxlinkdim=16 maxerr=9.68E-11 time=1.199
After sweep 2 energy=-5.773843685591129  maxlinkdim=96 maxerr=1.00E-10 time=4.952
After sweep 3 energy=-5.868413771568313  maxlinkdim=119 maxerr=9.99E-11 time=7.280
After sweep 4 energy=-5.917936499081894  maxlinkdim=125 maxerr=1.00E-10 time=8.041
After sweep 5 energy=-5.947299817118874  maxlinkdim=118 maxerr=1.00E-10 time=8.382
After sweep 6 energy=-5.968668140425235  maxlinkdim=119 maxerr=1.00E-10 time=8.326
After sweep 7 energy=-5.9891804753930975  maxlinkdim=160 maxerr=1.00E-10 time=8.781
After sweep 8 energy=-6.004902149096128  maxlinkdim=185 maxerr=1.00E-10 time=9.979
After sweep 9 energy=-6.014800932128849  maxlinkdim=285 maxerr=1.04E-10 time=10.255
After sweep 10 energy=-6.02387793025684  maxlinkdim=252 maxerr=1.00E-10 time=10.624
After sweep 11 energy=-6.032591975707354  maxlinkdim=287 maxerr=1.00E-10 time=12.194
After sweep 12 energy=-6.036540462929883  maxlinkdim=230 maxerr=1.00E-10 time=13.006
After sweep 13 energy=-6.039019302363368  maxlinkdim=228 maxerr=1.16E-10 time=12.965
After sweep 14 energy=-6.040738971988008  maxlinkdim=254 maxerr=9.98E-11 time=13.229
After sweep 15 energy=-6.0420913967379075  maxlinkdim=285 maxerr=1.00E-10 time=14.286
After sweep 16 energy=-6.042694661090245  maxlinkdim=195 maxerr=9.99E-11 time=15.639
After sweep 17 energy=-6.043029626578751  maxlinkdim=258 maxerr=1.00E-10 time=15.930
After sweep 18 energy=-6.043193309167188  maxlinkdim=266 maxerr=1.00E-10 time=16.364
After sweep 19 energy=-6.043275636557814  maxlinkdim=255 maxerr=1.00E-10 time=17.653
After sweep 20 energy=-6.04331591710563  maxlinkdim=211 maxerr=1.00E-10 time=19.197
After sweep 21 energy=-6.0433352266078435  maxlinkdim=300 maxerr=1.62E-10 time=21.369
After sweep 22 energy=-6.043342208200646  maxlinkdim=259 maxerr=1.00E-10 time=23.774
After sweep 23 energy=-6.043345071663802  maxlinkdim=247 maxerr=1.00E-10 time=25.915
After sweep 24 energy=-6.043345869536795  maxlinkdim=245 maxerr=1.00E-10 time=27.700
After sweep 25 energy=-6.043345978999262  maxlinkdim=230 maxerr=1.00E-10 time=28.545
After sweep 26 energy=-6.043345987882192  maxlinkdim=216 maxerr=9.99E-11 time=28.158
After sweep 27 energy=-6.0433459883303735  maxlinkdim=214 maxerr=1.00E-10 time=27.867
After sweep 28 energy=-6.043345988742138  maxlinkdim=214 maxerr=1.00E-10 time=27.736
After sweep 29 energy=-6.043345989321692  maxlinkdim=214 maxerr=1.00E-10 time=27.816
After sweep 30 energy=-6.043345989387273  maxlinkdim=214 maxerr=9.99E-11 time=27.873
Same mu: -2.650825861751099 and continuing
Target density achieved with mu=-2.650825861751099, n=0.5000021508907803
Checking {alpha,beta} vs measured
NOT CONVERGED; updating alpha, beta and continuing...
After sweep 1 energy=-4.6990074160954025  maxlinkdim=16 maxerr=9.67E-11 time=1.262
After sweep 2 energy=-5.7738441198050685  maxlinkdim=96 maxerr=1.00E-10 time=4.937
After sweep 3 energy=-5.868439054305815  maxlinkdim=119 maxerr=9.99E-11 time=7.375
After sweep 4 energy=-5.917974361926252  maxlinkdim=125 maxerr=9.99E-11 time=8.139
After sweep 5 energy=-5.948704136875834  maxlinkdim=146 maxerr=9.99E-11 time=8.467
After sweep 6 energy=-5.971014525661365  maxlinkdim=165 maxerr=1.00E-10 time=8.748
After sweep 7 energy=-5.990714836408585  maxlinkdim=213 maxerr=1.00E-10 time=9.211
After sweep 8 energy=-6.007084673484975  maxlinkdim=221 maxerr=1.00E-10 time=10.141
After sweep 9 energy=-6.0162257251211315  maxlinkdim=250 maxerr=1.00E-10 time=10.269
After sweep 10 energy=-6.023105123303208  maxlinkdim=278 maxerr=9.99E-11 time=10.288
After sweep 11 energy=-6.028426358629175  maxlinkdim=235 maxerr=1.00E-10 time=10.605
After sweep 12 energy=-6.032532257442531  maxlinkdim=256 maxerr=9.98E-11 time=10.794
After sweep 13 energy=-6.035920734019559  maxlinkdim=222 maxerr=1.00E-10 time=11.855
After sweep 14 energy=-6.038374125609364  maxlinkdim=221 maxerr=9.99E-11 time=12.616
After sweep 15 energy=-6.040137361591295  maxlinkdim=250 maxerr=1.00E-10 time=12.557
After sweep 16 energy=-6.041643796867975  maxlinkdim=246 maxerr=1.00E-10 time=13.668
After sweep 17 energy=-6.042559306636353  maxlinkdim=241 maxerr=1.00E-10 time=15.322
After sweep 18 energy=-6.0430588125282725  maxlinkdim=300 maxerr=1.02E-10 time=16.622
After sweep 19 energy=-6.043258443282349  maxlinkdim=261 maxerr=1.00E-10 time=18.392
After sweep 20 energy=-6.043312294570339  maxlinkdim=266 maxerr=9.99E-11 time=19.974
After sweep 21 energy=-6.043333380346418  maxlinkdim=257 maxerr=1.00E-10 time=21.540
After sweep 22 energy=-6.043342056453819  maxlinkdim=244 maxerr=9.99E-11 time=23.425
After sweep 23 energy=-6.043345533614635  maxlinkdim=246 maxerr=1.00E-10 time=26.929
After sweep 24 energy=-6.043345928551396  maxlinkdim=238 maxerr=1.00E-10 time=28.433
After sweep 25 energy=-6.0433459780502945  maxlinkdim=222 maxerr=1.00E-10 time=28.607
After sweep 26 energy=-6.043345980262074  maxlinkdim=215 maxerr=1.00E-10 time=28.195
After sweep 27 energy=-6.043345980681991  maxlinkdim=214 maxerr=1.00E-10 time=28.020
After sweep 28 energy=-6.043345981206634  maxlinkdim=214 maxerr=1.00E-10 time=28.599
After sweep 29 energy=-6.043345981364706  maxlinkdim=214 maxerr=9.99E-11 time=27.702
After sweep 30 energy=-6.043345981506821  maxlinkdim=214 maxerr=1.00E-10 time=27.711
Same mu: -2.650825861751099 and continuing
Target density achieved with mu=-2.650825861751099, n=0.500002152200522
Checking {alpha,beta} vs measured
NOT CONVERGED; updating alpha, beta and continuing...
After sweep 1 energy=-4.698965787687984  maxlinkdim=16 maxerr=9.64E-11 time=1.274
After sweep 2 energy=-5.773842828579746  maxlinkdim=96 maxerr=1.00E-10 time=4.924
After sweep 3 energy=-5.868621835969611  maxlinkdim=119 maxerr=1.00E-10 time=7.368
After sweep 4 energy=-5.918111177298108  maxlinkdim=125 maxerr=9.99E-11 time=8.087
After sweep 5 energy=-5.948303774007469  maxlinkdim=128 maxerr=9.99E-11 time=8.455
After sweep 6 energy=-5.97022351835774  maxlinkdim=137 maxerr=1.00E-10 time=8.539
After sweep 7 energy=-5.989401109138537  maxlinkdim=148 maxerr=9.99E-11 time=8.896
After sweep 8 energy=-6.004307440573112  maxlinkdim=179 maxerr=1.00E-10 time=9.416
After sweep 9 energy=-6.0134386018775805  maxlinkdim=248 maxerr=9.98E-11 time=9.467
After sweep 10 energy=-6.0200588826416555  maxlinkdim=197 maxerr=9.99E-11 time=9.346
After sweep 11 energy=-6.026082552398237  maxlinkdim=190 maxerr=1.00E-10 time=9.795
After sweep 12 energy=-6.03065502015564  maxlinkdim=205 maxerr=1.00E-10 time=10.092
After sweep 13 energy=-6.0339274502908395  maxlinkdim=235 maxerr=9.99E-11 time=10.334
After sweep 14 energy=-6.037476000987033  maxlinkdim=254 maxerr=1.00E-10 time=11.254
After sweep 15 energy=-6.0395757034523365  maxlinkdim=202 maxerr=9.99E-11 time=12.110
After sweep 16 energy=-6.041360558366139  maxlinkdim=255 maxerr=1.00E-10 time=13.486
After sweep 17 energy=-6.042221490388363  maxlinkdim=274 maxerr=1.00E-10 time=14.348
After sweep 18 energy=-6.042605051058444  maxlinkdim=300 maxerr=2.42E-10 time=14.603
After sweep 19 energy=-6.04286801983409  maxlinkdim=273 maxerr=1.00E-10 time=14.598
After sweep 20 energy=-6.04307206630359  maxlinkdim=244 maxerr=1.00E-10 time=15.297
After sweep 21 energy=-6.043229263238943  maxlinkdim=263 maxerr=1.00E-10 time=17.444
After sweep 22 energy=-6.043288048562634  maxlinkdim=243 maxerr=1.00E-10 time=19.175
After sweep 23 energy=-6.043319842644539  maxlinkdim=275 maxerr=1.00E-10 time=20.130
After sweep 24 energy=-6.043336809203779  maxlinkdim=268 maxerr=1.00E-10 time=21.899
After sweep 25 energy=-6.043343836896995  maxlinkdim=264 maxerr=1.00E-10 time=24.542
After sweep 26 energy=-6.043345629656905  maxlinkdim=254 maxerr=1.00E-10 time=26.818
After sweep 27 energy=-6.0433459429289  maxlinkdim=242 maxerr=9.99E-11 time=28.442
After sweep 28 energy=-6.04334597627764  maxlinkdim=221 maxerr=1.00E-10 time=28.278
After sweep 29 energy=-6.043345977765967  maxlinkdim=214 maxerr=1.00E-10 time=27.967
After sweep 30 energy=-6.043345978316977  maxlinkdim=214 maxerr=1.00E-10 time=27.690
Same mu: -2.650825861751099 and continuing
Target density achieved with mu=-2.650825861751099, n=0.5000021400941628
Checking {alpha,beta} vs measured
NOT CONVERGED; updating alpha, beta and continuing...
After sweep 1 energy=-4.699014028500888  maxlinkdim=16 maxerr=9.68E-11 time=1.243
After sweep 2 energy=-5.773843878036901  maxlinkdim=96 maxerr=1.00E-10 time=4.990
After sweep 3 energy=-5.868424918350731  maxlinkdim=119 maxerr=9.99E-11 time=7.408
After sweep 4 energy=-5.917961305418379  maxlinkdim=125 maxerr=1.00E-10 time=8.152
After sweep 5 energy=-5.948895648919769  maxlinkdim=153 maxerr=9.98E-11 time=8.494
After sweep 6 energy=-5.971664863970147  maxlinkdim=167 maxerr=1.00E-10 time=8.773
After sweep 7 energy=-5.991696481041418  maxlinkdim=196 maxerr=9.98E-11 time=9.458
After sweep 8 energy=-6.004165019819236  maxlinkdim=158 maxerr=1.00E-10 time=9.671
After sweep 9 energy=-6.01406811768183  maxlinkdim=167 maxerr=9.98E-11 time=9.509
After sweep 10 energy=-6.022972965619114  maxlinkdim=211 maxerr=9.99E-11 time=10.288
After sweep 11 energy=-6.029487466958819  maxlinkdim=233 maxerr=1.00E-10 time=11.265
After sweep 12 energy=-6.033944231938614  maxlinkdim=188 maxerr=1.00E-10 time=11.709
After sweep 13 energy=-6.036983887592254  maxlinkdim=202 maxerr=1.00E-10 time=11.789
After sweep 14 energy=-6.038897612943453  maxlinkdim=191 maxerr=1.00E-10 time=11.826
After sweep 15 energy=-6.040506662756045  maxlinkdim=256 maxerr=1.00E-10 time=12.673
After sweep 16 energy=-6.041509261279272  maxlinkdim=211 maxerr=1.00E-10 time=13.899
After sweep 17 energy=-6.042334264792791  maxlinkdim=233 maxerr=1.00E-10 time=14.660
After sweep 18 energy=-6.0428364753153225  maxlinkdim=257 maxerr=1.00E-10 time=16.338
After sweep 19 energy=-6.043064693126356  maxlinkdim=261 maxerr=1.00E-10 time=17.443
After sweep 20 energy=-6.043187266648461  maxlinkdim=249 maxerr=1.18E-10 time=17.673
After sweep 21 energy=-6.043275521356428  maxlinkdim=275 maxerr=1.00E-10 time=18.165
After sweep 22 energy=-6.04332340339802  maxlinkdim=292 maxerr=1.00E-10 time=19.657
After sweep 23 energy=-6.043341190444727  maxlinkdim=285 maxerr=1.00E-10 time=23.130
After sweep 24 energy=-6.043344974029762  maxlinkdim=270 maxerr=9.99E-11 time=25.875
After sweep 25 energy=-6.043345793560911  maxlinkdim=237 maxerr=9.99E-11 time=27.110
After sweep 26 energy=-6.043345982176287  maxlinkdim=234 maxerr=1.00E-10 time=28.045
After sweep 27 energy=-6.043346006157178  maxlinkdim=219 maxerr=1.00E-10 time=28.560
After sweep 28 energy=-6.043346007301945  maxlinkdim=214 maxerr=9.99E-11 time=27.889
After sweep 29 energy=-6.043346007743233  maxlinkdim=214 maxerr=1.00E-10 time=27.865
After sweep 30 energy=-6.043346008082072  maxlinkdim=214 maxerr=1.00E-10 time=27.787
Same mu: -2.650825861751099 and continuing
Target density achieved with mu=-2.650825861751099, n=0.5000021514528886
Checking {alpha,beta} vs measured
NOT CONVERGED; updating alpha, beta and continuing...
After sweep 1 energy=-4.699021438164898  maxlinkdim=16 maxerr=9.68E-11 time=1.320
After sweep 2 energy=-5.773843421319252  maxlinkdim=96 maxerr=1.00E-10 time=4.962
After sweep 3 energy=-5.868423829580766  maxlinkdim=119 maxerr=1.00E-10 time=7.448
After sweep 4 energy=-5.917786837042499  maxlinkdim=125 maxerr=9.99E-11 time=8.193
After sweep 5 energy=-5.9477652097158  maxlinkdim=120 maxerr=1.00E-10 time=8.476
After sweep 6 energy=-5.968912762206864  maxlinkdim=122 maxerr=1.00E-10 time=8.414
After sweep 7 energy=-5.989135912947827  maxlinkdim=155 maxerr=1.00E-10 time=8.794
After sweep 8 energy=-6.004776155457197  maxlinkdim=170 maxerr=9.99E-11 time=10.404
After sweep 9 energy=-6.014352213374797  maxlinkdim=187 maxerr=1.00E-10 time=10.116
After sweep 10 energy=-6.022196861443675  maxlinkdim=246 maxerr=9.96E-11 time=10.094
After sweep 11 energy=-6.028308599821695  maxlinkdim=272 maxerr=1.00E-10 time=10.922
After sweep 12 energy=-6.034100000665733  maxlinkdim=261 maxerr=1.00E-10 time=11.828
After sweep 13 energy=-6.037520298367986  maxlinkdim=300 maxerr=1.25E-10 time=12.814
After sweep 14 energy=-6.039293651155035  maxlinkdim=242 maxerr=9.99E-11 time=12.830
After sweep 15 energy=-6.040733239999348  maxlinkdim=267 maxerr=1.00E-10 time=12.485
After sweep 16 energy=-6.042211528657259  maxlinkdim=300 maxerr=1.44E-10 time=14.194
After sweep 17 energy=-6.042688183717673  maxlinkdim=237 maxerr=1.00E-10 time=15.503
After sweep 18 energy=-6.042926468378533  maxlinkdim=233 maxerr=1.00E-10 time=15.278
After sweep 19 energy=-6.043121433051965  maxlinkdim=251 maxerr=9.99E-11 time=15.565
After sweep 20 energy=-6.043274322900694  maxlinkdim=262 maxerr=1.00E-10 time=17.250
After sweep 21 energy=-6.043330146329928  maxlinkdim=210 maxerr=1.00E-10 time=19.738
After sweep 22 energy=-6.043343194780311  maxlinkdim=265 maxerr=1.00E-10 time=22.084
After sweep 23 energy=-6.043345497695314  maxlinkdim=279 maxerr=9.99E-11 time=25.504
After sweep 24 energy=-6.043345925150995  maxlinkdim=230 maxerr=1.00E-10 time=28.081
After sweep 25 energy=-6.0433459876679425  maxlinkdim=222 maxerr=1.00E-10 time=28.738
After sweep 26 energy=-6.043345990399554  maxlinkdim=214 maxerr=1.00E-10 time=28.466
After sweep 27 energy=-6.043345991232329  maxlinkdim=214 maxerr=1.00E-10 time=28.447
After sweep 28 energy=-6.043345991807673  maxlinkdim=214 maxerr=1.00E-10 time=27.759
After sweep 29 energy=-6.043345992136585  maxlinkdim=214 maxerr=9.99E-11 time=27.649
After sweep 30 energy=-6.043345992698437  maxlinkdim=214 maxerr=1.00E-10 time=27.575
Same mu: -2.650825861751099 and continuing
Target density achieved with mu=-2.650825861751099, n=0.5000021510175413
Checking {alpha,beta} vs measured
NOT CONVERGED; updating alpha, beta and continuing...
After sweep 1 energy=-4.699006400376314  maxlinkdim=16 maxerr=9.67E-11 time=1.249
After sweep 2 energy=-5.773844148101907  maxlinkdim=96 maxerr=1.00E-10 time=5.004
After sweep 3 energy=-5.868422571659475  maxlinkdim=119 maxerr=9.99E-11 time=7.401
After sweep 4 energy=-5.917725329415489  maxlinkdim=125 maxerr=1.00E-10 time=8.117
After sweep 5 energy=-5.946858594215677  maxlinkdim=118 maxerr=1.00E-10 time=8.347
After sweep 6 energy=-5.969529027107913  maxlinkdim=143 maxerr=1.00E-10 time=8.315
After sweep 7 energy=-5.990756467888268  maxlinkdim=170 maxerr=1.00E-10 time=9.078
After sweep 8 energy=-6.005800900939665  maxlinkdim=168 maxerr=9.99E-11 time=10.025
After sweep 9 energy=-6.014536126730596  maxlinkdim=191 maxerr=9.99E-11 time=9.905
After sweep 10 energy=-6.022071899284561  maxlinkdim=227 maxerr=9.99E-11 time=9.906
After sweep 11 energy=-6.02827824545656  maxlinkdim=237 maxerr=9.99E-11 time=11.152
After sweep 12 energy=-6.035785101618794  maxlinkdim=193 maxerr=1.00E-10 time=12.323
After sweep 13 energy=-6.039778644408487  maxlinkdim=300 maxerr=2.35E-10 time=13.580
After sweep 14 energy=-6.041313021256551  maxlinkdim=260 maxerr=9.99E-11 time=13.970
After sweep 15 energy=-6.042127750685642  maxlinkdim=264 maxerr=1.00E-10 time=13.861
After sweep 16 energy=-6.0425439471230495  maxlinkdim=240 maxerr=1.00E-10 time=13.654
After sweep 17 energy=-6.04289517763366  maxlinkdim=259 maxerr=1.00E-10 time=14.078
After sweep 18 energy=-6.043105143617108  maxlinkdim=281 maxerr=1.00E-10 time=15.416
After sweep 19 energy=-6.043272442991754  maxlinkdim=276 maxerr=1.04E-10 time=17.545
After sweep 20 energy=-6.04332412030342  maxlinkdim=249 maxerr=9.99E-11 time=19.463
After sweep 21 energy=-6.0433380669087295  maxlinkdim=228 maxerr=1.00E-10 time=20.896
After sweep 22 energy=-6.043344414641914  maxlinkdim=245 maxerr=1.00E-10 time=23.294
After sweep 23 energy=-6.043345705779921  maxlinkdim=240 maxerr=9.99E-11 time=26.993
After sweep 24 energy=-6.04334594813201  maxlinkdim=244 maxerr=1.00E-10 time=27.724
After sweep 25 energy=-6.04334598010011  maxlinkdim=221 maxerr=1.00E-10 time=27.951
After sweep 26 energy=-6.0433459817581605  maxlinkdim=214 maxerr=9.99E-11 time=27.492
After sweep 27 energy=-6.043345982264399  maxlinkdim=214 maxerr=9.99E-11 time=27.242
After sweep 28 energy=-6.0433459827755724  maxlinkdim=214 maxerr=1.00E-10 time=27.431
After sweep 29 energy=-6.043345983088168  maxlinkdim=214 maxerr=1.00E-10 time=27.341
After sweep 30 energy=-6.043345983182329  maxlinkdim=214 maxerr=1.00E-10 time=27.381
Same mu: -2.650825861751099 and continuing
Target density achieved with mu=-2.650825861751099, n=0.5000021519173427
Checking {alpha,beta} vs measured
NOT CONVERGED; updating alpha, beta and continuing...
After sweep 1 energy=-4.699003026906887  maxlinkdim=16 maxerr=9.67E-11 time=1.260
After sweep 2 energy=-5.773844216446779  maxlinkdim=96 maxerr=1.00E-10 time=5.042
After sweep 3 energy=-5.868559945682353  maxlinkdim=119 maxerr=9.99E-11 time=7.333
After sweep 4 energy=-5.917896877908994  maxlinkdim=125 maxerr=1.00E-10 time=8.107
After sweep 5 energy=-5.947963049015732  maxlinkdim=131 maxerr=9.99E-11 time=8.360
After sweep 6 energy=-5.969643141551208  maxlinkdim=121 maxerr=9.98E-11 time=8.430
After sweep 7 energy=-5.990854104120275  maxlinkdim=181 maxerr=9.99E-11 time=8.945
After sweep 8 energy=-6.005678958124582  maxlinkdim=225 maxerr=9.99E-11 time=9.863
After sweep 9 energy=-6.0152666301990685  maxlinkdim=192 maxerr=1.00E-10 time=9.788
After sweep 10 energy=-6.023163472444193  maxlinkdim=192 maxerr=1.00E-10 time=10.362
After sweep 11 energy=-6.029177945675349  maxlinkdim=217 maxerr=9.99E-11 time=10.959
After sweep 12 energy=-6.033191550777638  maxlinkdim=205 maxerr=1.00E-10 time=11.103
After sweep 13 energy=-6.037016581535448  maxlinkdim=221 maxerr=1.00E-10 time=12.223
After sweep 14 energy=-6.038837065607105  maxlinkdim=172 maxerr=9.99E-11 time=12.544
After sweep 15 energy=-6.040243819916263  maxlinkdim=188 maxerr=9.99E-11 time=12.313
After sweep 16 energy=-6.041184765944564  maxlinkdim=192 maxerr=1.00E-10 time=12.426
After sweep 17 energy=-6.042024884134144  maxlinkdim=211 maxerr=1.00E-10 time=13.201
After sweep 18 energy=-6.042549145644335  maxlinkdim=293 maxerr=1.00E-10 time=14.492
After sweep 19 energy=-6.042894221799193  maxlinkdim=300 maxerr=1.39E-10 time=15.206
After sweep 20 energy=-6.043065171540874  maxlinkdim=254 maxerr=9.99E-11 time=15.948
After sweep 21 energy=-6.043168336791338  maxlinkdim=246 maxerr=1.00E-10 time=16.146
After sweep 22 energy=-6.043236394124747  maxlinkdim=217 maxerr=1.00E-10 time=16.237
After sweep 23 energy=-6.043303727695236  maxlinkdim=299 maxerr=1.00E-10 time=17.614
After sweep 24 energy=-6.043340622715389  maxlinkdim=283 maxerr=1.00E-10 time=22.411
After sweep 25 energy=-6.043344887808362  maxlinkdim=242 maxerr=1.00E-10 time=24.723
After sweep 26 energy=-6.043345771562185  maxlinkdim=235 maxerr=1.00E-10 time=26.879
After sweep 27 energy=-6.043345953351522  maxlinkdim=229 maxerr=1.00E-10 time=28.094
After sweep 28 energy=-6.043345976203581  maxlinkdim=219 maxerr=1.00E-10 time=28.065
After sweep 29 energy=-6.043345976786404  maxlinkdim=214 maxerr=1.00E-10 time=27.696
After sweep 30 energy=-6.043345977280127  maxlinkdim=214 maxerr=1.00E-10 time=27.423
Same mu: -2.650825861751099 and continuing
Target density achieved with mu=-2.650825861751099, n=0.500002137427758
Checking {alpha,beta} vs measured
NOT CONVERGED; updating alpha, beta and continuing...
After sweep 1 energy=-4.6989849166617175  maxlinkdim=16 maxerr=9.66E-11 time=1.240
After sweep 2 energy=-5.773843606285438  maxlinkdim=96 maxerr=1.00E-10 time=5.022
After sweep 3 energy=-5.86860943459705  maxlinkdim=119 maxerr=9.99E-11 time=7.399
After sweep 4 energy=-5.918203530821111  maxlinkdim=125 maxerr=1.00E-10 time=8.138
After sweep 5 energy=-5.9474833441142785  maxlinkdim=119 maxerr=9.99E-11 time=8.395
After sweep 6 energy=-5.969277682530137  maxlinkdim=142 maxerr=9.99E-11 time=8.364
After sweep 7 energy=-5.990912232683593  maxlinkdim=177 maxerr=9.98E-11 time=9.028
After sweep 8 energy=-6.005553888755311  maxlinkdim=156 maxerr=9.99E-11 time=9.781
After sweep 9 energy=-6.014729392094762  maxlinkdim=181 maxerr=1.00E-10 time=9.724
After sweep 10 energy=-6.021933019763086  maxlinkdim=178 maxerr=9.99E-11 time=9.985
After sweep 11 energy=-6.027603149435196  maxlinkdim=155 maxerr=9.98E-11 time=10.304
After sweep 12 energy=-6.0317288219671665  maxlinkdim=240 maxerr=9.97E-11 time=10.598
After sweep 13 energy=-6.03705947288572  maxlinkdim=277 maxerr=9.99E-11 time=12.481
After sweep 14 energy=-6.040615427400852  maxlinkdim=172 maxerr=1.00E-10 time=14.057
After sweep 15 energy=-6.041857284910452  maxlinkdim=240 maxerr=1.00E-10 time=13.995
After sweep 16 energy=-6.042516659580559  maxlinkdim=267 maxerr=9.98E-11 time=14.502
After sweep 17 energy=-6.042881305617324  maxlinkdim=261 maxerr=1.00E-10 time=14.870
After sweep 18 energy=-6.043079163232938  maxlinkdim=276 maxerr=9.99E-11 time=15.125
After sweep 19 energy=-6.043235575854443  maxlinkdim=254 maxerr=1.00E-10 time=16.298
After sweep 20 energy=-6.04331544459383  maxlinkdim=235 maxerr=1.00E-10 time=18.752
After sweep 21 energy=-6.043335971901122  maxlinkdim=230 maxerr=9.99E-11 time=20.635
After sweep 22 energy=-6.043343733226502  maxlinkdim=237 maxerr=1.00E-10 time=22.936
After sweep 23 energy=-6.043345576847749  maxlinkdim=264 maxerr=9.99E-11 time=25.645
After sweep 24 energy=-6.043345946432995  maxlinkdim=231 maxerr=1.00E-10 time=28.094
After sweep 25 energy=-6.043346001621167  maxlinkdim=222 maxerr=1.00E-10 time=28.738
After sweep 26 energy=-6.0433460038662705  maxlinkdim=214 maxerr=1.00E-10 time=28.262
After sweep 27 energy=-6.043346004573438  maxlinkdim=214 maxerr=1.00E-10 time=27.868
After sweep 28 energy=-6.0433460053043575  maxlinkdim=214 maxerr=1.00E-10 time=28.063
After sweep 29 energy=-6.043346005473461  maxlinkdim=214 maxerr=9.99E-11 time=28.484
After sweep 30 energy=-6.04334600570102  maxlinkdim=214 maxerr=1.00E-10 time=28.248
Same mu: -2.650825861751099 and continuing
Target density achieved with mu=-2.650825861751099, n=0.500002151716865
Checking {alpha,beta} vs measured
NOT CONVERGED; updating alpha, beta and continuing...
After sweep 1 energy=-4.6990064259776  maxlinkdim=16 maxerr=9.67E-11 time=1.262
After sweep 2 energy=-5.7738441469535005  maxlinkdim=96 maxerr=1.00E-10 time=4.949
After sweep 3 energy=-5.868422570035536  maxlinkdim=119 maxerr=9.99E-11 time=7.418
After sweep 4 energy=-5.9177313218789  maxlinkdim=125 maxerr=1.00E-10 time=8.133
After sweep 5 energy=-5.946787188701302  maxlinkdim=118 maxerr=9.98E-11 time=8.366
After sweep 6 energy=-5.969915553453229  maxlinkdim=157 maxerr=9.99E-11 time=8.337
After sweep 7 energy=-5.990754115661507  maxlinkdim=163 maxerr=9.98E-11 time=9.289
After sweep 8 energy=-6.004862947357853  maxlinkdim=185 maxerr=1.00E-10 time=9.609
After sweep 9 energy=-6.015194425127008  maxlinkdim=213 maxerr=9.98E-11 time=9.833
After sweep 10 energy=-6.024931038972029  maxlinkdim=194 maxerr=9.98E-11 time=10.858
After sweep 11 energy=-6.031137730556846  maxlinkdim=177 maxerr=1.00E-10 time=11.718
After sweep 12 energy=-6.034203303027155  maxlinkdim=177 maxerr=9.98E-11 time=11.156
After sweep 13 energy=-6.036785953530764  maxlinkdim=194 maxerr=9.99E-11 time=10.947
After sweep 14 energy=-6.038922957033815  maxlinkdim=289 maxerr=1.00E-10 time=11.425
After sweep 15 energy=-6.040307298969453  maxlinkdim=232 maxerr=9.99E-11 time=12.693
After sweep 16 energy=-6.041246730869105  maxlinkdim=299 maxerr=9.99E-11 time=13.045
After sweep 17 energy=-6.042085868106401  maxlinkdim=266 maxerr=1.00E-10 time=14.125
After sweep 18 energy=-6.042912637682908  maxlinkdim=227 maxerr=9.99E-11 time=16.258
After sweep 19 energy=-6.043137593553333  maxlinkdim=266 maxerr=9.99E-11 time=17.127
After sweep 20 energy=-6.04325170679266  maxlinkdim=222 maxerr=1.00E-10 time=17.702
After sweep 21 energy=-6.043304756814687  maxlinkdim=254 maxerr=1.00E-10 time=18.609
After sweep 22 energy=-6.043332961854139  maxlinkdim=280 maxerr=9.98E-11 time=20.153
After sweep 23 energy=-6.043342916320621  maxlinkdim=246 maxerr=1.00E-10 time=22.763
After sweep 24 energy=-6.043345566174677  maxlinkdim=273 maxerr=1.00E-10 time=26.399
After sweep 25 energy=-6.04334595018661  maxlinkdim=236 maxerr=9.99E-11 time=29.266
After sweep 26 energy=-6.043345981520428  maxlinkdim=219 maxerr=1.00E-10 time=29.749
After sweep 27 energy=-6.043345983350435  maxlinkdim=214 maxerr=1.00E-10 time=28.795
After sweep 28 energy=-6.043345983643273  maxlinkdim=214 maxerr=1.00E-10 time=27.466
After sweep 29 energy=-6.0433459843107675  maxlinkdim=214 maxerr=1.00E-10 time=27.613
After sweep 30 energy=-6.043345984569954  maxlinkdim=214 maxerr=9.99E-11 time=27.592
Same mu: -2.650825861751099 and continuing
Target density achieved with mu=-2.650825861751099, n=0.5000021493632839
Checking {alpha,beta} vs measured
NOT CONVERGED; updating alpha, beta and continuing...
After sweep 1 energy=-4.698885378004977  maxlinkdim=16 maxerr=9.59E-11 time=1.253
After sweep 2 energy=-5.773697982526024  maxlinkdim=96 maxerr=1.00E-10 time=5.002
After sweep 3 energy=-5.8691020343073435  maxlinkdim=118 maxerr=9.99E-11 time=7.454
After sweep 4 energy=-5.918496934406116  maxlinkdim=124 maxerr=1.00E-10 time=8.211
After sweep 5 energy=-5.949824401287154  maxlinkdim=154 maxerr=9.97E-11 time=8.514
After sweep 6 energy=-5.971456611655366  maxlinkdim=133 maxerr=1.00E-10 time=8.753
After sweep 7 energy=-5.993144288806731  maxlinkdim=212 maxerr=1.00E-10 time=9.372
After sweep 8 energy=-6.007403160236364  maxlinkdim=180 maxerr=1.00E-10 time=10.540
After sweep 9 energy=-6.015316595144366  maxlinkdim=205 maxerr=1.00E-10 time=9.871
After sweep 10 energy=-6.024164608045159  maxlinkdim=255 maxerr=9.99E-11 time=10.265
After sweep 11 energy=-6.032100509406315  maxlinkdim=243 maxerr=1.00E-10 time=11.867
After sweep 12 energy=-6.035506839920031  maxlinkdim=239 maxerr=9.99E-11 time=11.663
After sweep 13 energy=-6.038116958736576  maxlinkdim=233 maxerr=1.00E-10 time=11.536
After sweep 14 energy=-6.040280453745462  maxlinkdim=235 maxerr=1.00E-10 time=12.911
After sweep 15 energy=-6.041452692543941  maxlinkdim=231 maxerr=1.20E-10 time=13.814
After sweep 16 energy=-6.042453229746016  maxlinkdim=269 maxerr=1.00E-10 time=14.895
After sweep 17 energy=-6.042996236109702  maxlinkdim=270 maxerr=9.99E-11 time=16.520
After sweep 18 energy=-6.043150119473152  maxlinkdim=299 maxerr=1.00E-10 time=16.633
After sweep 19 energy=-6.043242488806136  maxlinkdim=246 maxerr=1.00E-10 time=16.863
After sweep 20 energy=-6.043310924247774  maxlinkdim=300 maxerr=1.96E-10 time=19.342
After sweep 21 energy=-6.043333601651352  maxlinkdim=296 maxerr=1.00E-10 time=22.041
After sweep 22 energy=-6.043343063284  maxlinkdim=274 maxerr=1.00E-10 time=24.514
After sweep 23 energy=-6.043345374737963  maxlinkdim=251 maxerr=1.00E-10 time=27.006
After sweep 24 energy=-6.043345894888625  maxlinkdim=241 maxerr=1.00E-10 time=28.628
After sweep 25 energy=-6.043345972999324  maxlinkdim=230 maxerr=1.00E-10 time=28.089
After sweep 26 energy=-6.043345981342546  maxlinkdim=216 maxerr=1.00E-10 time=28.056
After sweep 27 energy=-6.0433459820078985  maxlinkdim=214 maxerr=1.00E-10 time=27.625
After sweep 28 energy=-6.043345982531807  maxlinkdim=214 maxerr=1.00E-10 time=27.654
After sweep 29 energy=-6.043345983193184  maxlinkdim=214 maxerr=9.99E-11 time=27.747
After sweep 30 energy=-6.0433459832012915  maxlinkdim=214 maxerr=1.00E-10 time=27.673
Same mu: -2.650825861751099 and continuing
Target density achieved with mu=-2.650825861751099, n=0.5000021513873631
Checking {alpha,beta} vs measured
NOT CONVERGED; updating alpha, beta and continuing...
After sweep 1 energy=-4.6989867307330355  maxlinkdim=16 maxerr=9.66E-11 time=1.324
After sweep 2 energy=-5.773843645445809  maxlinkdim=96 maxerr=1.00E-10 time=4.987
After sweep 3 energy=-5.86860702826994  maxlinkdim=119 maxerr=1.00E-10 time=7.491
After sweep 4 energy=-5.918176144220383  maxlinkdim=125 maxerr=9.99E-11 time=8.229
After sweep 5 energy=-5.94918773972778  maxlinkdim=139 maxerr=1.00E-10 time=8.604
After sweep 6 energy=-5.9713508263388055  maxlinkdim=145 maxerr=1.00E-10 time=8.792
After sweep 7 energy=-5.992039577517297  maxlinkdim=171 maxerr=1.00E-10 time=9.239
After sweep 8 energy=-6.0079565857673725  maxlinkdim=198 maxerr=1.00E-10 time=10.262
After sweep 9 energy=-6.016847458424784  maxlinkdim=214 maxerr=9.99E-11 time=10.185
After sweep 10 energy=-6.023980651948285  maxlinkdim=300 maxerr=1.59E-10 time=10.455
After sweep 11 energy=-6.029718496368332  maxlinkdim=194 maxerr=1.00E-10 time=11.237
After sweep 12 energy=-6.034387528292982  maxlinkdim=178 maxerr=1.00E-10 time=11.868
After sweep 13 energy=-6.038548345723156  maxlinkdim=300 maxerr=1.98E-10 time=12.879
After sweep 14 energy=-6.040600818496562  maxlinkdim=213 maxerr=1.00E-10 time=14.014
After sweep 15 energy=-6.041583084876315  maxlinkdim=253 maxerr=9.99E-11 time=14.294
After sweep 16 energy=-6.042360081241922  maxlinkdim=288 maxerr=1.00E-10 time=15.085
After sweep 17 energy=-6.042819708098209  maxlinkdim=204 maxerr=9.98E-11 time=15.878
