Starting fresh run
Running with t0=1.0 t_p=0.15 U=8.0 L=64 chi_max=1000 E_p=0.134 mu_init=1.67
After sweep 1 energy=-249.8232  maxlinkdim=10 maxerr=3.26E-03 time=29.989
After sweep 2 energy=-259.78998  maxlinkdim=20 maxerr=2.23E-03 time=1.583
After sweep 3 energy=-264.22293  maxlinkdim=100 maxerr=1.05E-05 time=2.738
After sweep 4 energy=-264.66528  maxlinkdim=619 maxerr=1.00E-10 time=11.577
After sweep 5 energy=-265.09998  maxlinkdim=739 maxerr=5.44E-08 time=15.911
After sweep 6 energy=-265.43933  maxlinkdim=758 maxerr=6.03E-08 time=20.622
After sweep 7 energy=-265.77045  maxlinkdim=1000 maxerr=2.64E-08 time=32.031
After sweep 8 energy=-266.11118  maxlinkdim=1000 maxerr=2.73E-08 time=45.112
After sweep 9 energy=-266.38885  maxlinkdim=1000 maxerr=1.08E-07 time=49.285
After sweep 10 energy=-266.60907  maxlinkdim=1000 maxerr=7.51E-08 time=50.043
After sweep 11 energy=-266.86963  maxlinkdim=1000 maxerr=9.35E-07 time=57.726
After sweep 12 energy=-267.14282  maxlinkdim=1000 maxerr=4.87E-06 time=62.890
After sweep 13 energy=-267.39557  maxlinkdim=1000 maxerr=8.95E-07 time=67.639
After sweep 14 energy=-267.61032  maxlinkdim=1000 maxerr=8.00E-07 time=70.185
After sweep 15 energy=-267.77286  maxlinkdim=1000 maxerr=5.91E-07 time=70.130
After sweep 16 energy=-267.9095  maxlinkdim=1000 maxerr=3.56E-07 time=73.832
After sweep 17 energy=-268.0351  maxlinkdim=1000 maxerr=1.79E-06 time=74.162
After sweep 18 energy=-268.15616  maxlinkdim=1000 maxerr=6.94E-07 time=76.754
After sweep 19 energy=-268.25015  maxlinkdim=1000 maxerr=1.03E-06 time=80.673
After sweep 20 energy=-268.37192  maxlinkdim=1000 maxerr=1.02E-06 time=82.862
After sweep 21 energy=-268.4433  maxlinkdim=1000 maxerr=2.95E-06 time=84.447
After sweep 22 energy=-268.48987  maxlinkdim=1000 maxerr=1.62E-06 time=84.108
After sweep 23 energy=-268.52457  maxlinkdim=1000 maxerr=1.55E-06 time=87.068
After sweep 24 energy=-268.5686  maxlinkdim=1000 maxerr=1.48E-06 time=85.757
After sweep 25 energy=-268.5989  maxlinkdim=1000 maxerr=2.15E-06 time=88.714
After sweep 26 energy=-268.64163  maxlinkdim=1000 maxerr=2.52E-06 time=88.136
After sweep 27 energy=-268.6672  maxlinkdim=1000 maxerr=2.44E-06 time=87.929
After sweep 28 energy=-268.68866  maxlinkdim=1000 maxerr=2.04E-06 time=88.542
After sweep 29 energy=-268.70703  maxlinkdim=1000 maxerr=2.25E-06 time=88.211
After sweep 30 energy=-268.72784  maxlinkdim=1000 maxerr=1.99E-06 time=91.147
Not same mu, searching again
After sweep 1 energy=-251.27382  maxlinkdim=10 maxerr=2.66E-03 time=1.422
After sweep 2 energy=-261.13712  maxlinkdim=20 maxerr=2.14E-03 time=1.543
After sweep 3 energy=-265.44217  maxlinkdim=100 maxerr=1.12E-05 time=2.402
After sweep 4 energy=-265.87436  maxlinkdim=639 maxerr=9.99E-11 time=11.083
After sweep 5 energy=-266.26938  maxlinkdim=708 maxerr=8.57E-08 time=14.065
After sweep 6 energy=-266.61337  maxlinkdim=867 maxerr=1.26E-08 time=20.330
After sweep 7 energy=-266.96454  maxlinkdim=1000 maxerr=1.19E-08 time=33.648
After sweep 8 energy=-267.28302  maxlinkdim=1000 maxerr=5.39E-08 time=43.533
After sweep 9 energy=-267.52686  maxlinkdim=1000 maxerr=3.04E-08 time=45.938
After sweep 10 energy=-267.74466  maxlinkdim=1000 maxerr=5.42E-07 time=49.215
After sweep 11 energy=-268.00076  maxlinkdim=1000 maxerr=3.69E-07 time=54.047
After sweep 12 energy=-268.20782  maxlinkdim=1000 maxerr=2.74E-07 time=57.740
After sweep 13 energy=-268.4262  maxlinkdim=1000 maxerr=1.34E-06 time=61.386
After sweep 14 energy=-268.65512  maxlinkdim=1000 maxerr=7.52E-07 time=64.221
After sweep 15 energy=-268.83044  maxlinkdim=1000 maxerr=1.47E-06 time=66.134
After sweep 16 energy=-269.0006  maxlinkdim=1000 maxerr=5.21E-06 time=67.255
After sweep 17 energy=-269.1487  maxlinkdim=1000 maxerr=1.24E-05 time=68.938
After sweep 18 energy=-269.27167  maxlinkdim=1000 maxerr=1.90E-06 time=70.985
After sweep 19 energy=-269.37155  maxlinkdim=1000 maxerr=6.61E-07 time=72.067
After sweep 20 energy=-269.4627  maxlinkdim=1000 maxerr=1.24E-06 time=74.269
After sweep 21 energy=-269.53482  maxlinkdim=1000 maxerr=3.24E-06 time=76.600
After sweep 22 energy=-269.58893  maxlinkdim=1000 maxerr=2.24E-06 time=77.441
After sweep 23 energy=-269.63943  maxlinkdim=1000 maxerr=3.88E-06 time=79.263
After sweep 24 energy=-269.67816  maxlinkdim=1000 maxerr=1.67E-06 time=78.791
After sweep 25 energy=-269.73245  maxlinkdim=1000 maxerr=2.88E-06 time=83.752
After sweep 26 energy=-269.76306  maxlinkdim=1000 maxerr=1.97E-06 time=85.376
After sweep 27 energy=-269.78998  maxlinkdim=1000 maxerr=1.97E-06 time=83.666
After sweep 28 energy=-269.81375  maxlinkdim=1000 maxerr=3.49E-06 time=86.881
After sweep 29 energy=-269.8346  maxlinkdim=1000 maxerr=1.73E-06 time=85.104
After sweep 30 energy=-269.85904  maxlinkdim=1000 maxerr=2.14E-06 time=88.492
n0: 0.92597646; n1: 0.9366549; mu0: 1.67; mu1: 1.68
n_target > n1 and n_target > n0 triggered
After sweep 1 energy=-252.01987  maxlinkdim=10 maxerr=2.46E-03 time=1.456
After sweep 2 energy=-262.0573  maxlinkdim=20 maxerr=2.07E-03 time=1.701
After sweep 3 energy=-266.39932  maxlinkdim=100 maxerr=1.28E-05 time=2.387
After sweep 4 energy=-266.87012  maxlinkdim=690 maxerr=1.00E-10 time=11.070
After sweep 5 energy=-267.3608  maxlinkdim=902 maxerr=4.23E-08 time=15.474
After sweep 6 energy=-267.82047  maxlinkdim=1000 maxerr=8.13E-08 time=24.945
After sweep 7 energy=-268.18375  maxlinkdim=1000 maxerr=7.22E-08 time=35.792
After sweep 8 energy=-268.49353  maxlinkdim=1000 maxerr=5.28E-08 time=38.182
After sweep 9 energy=-268.73273  maxlinkdim=1000 maxerr=3.64E-08 time=40.970
After sweep 10 energy=-268.9493  maxlinkdim=1000 maxerr=1.57E-07 time=43.818
After sweep 11 energy=-269.22104  maxlinkdim=1000 maxerr=1.17E-06 time=54.078
After sweep 12 energy=-269.45972  maxlinkdim=1000 maxerr=2.90E-06 time=62.600
After sweep 13 energy=-269.66617  maxlinkdim=1000 maxerr=2.10E-06 time=67.612
After sweep 14 energy=-269.83664  maxlinkdim=1000 maxerr=1.90E-07 time=67.995
After sweep 15 energy=-269.97415  maxlinkdim=1000 maxerr=4.22E-07 time=67.957
After sweep 16 energy=-270.1107  maxlinkdim=1000 maxerr=6.85E-07 time=71.046
After sweep 17 energy=-270.2785  maxlinkdim=1000 maxerr=6.15E-07 time=75.851
After sweep 18 energy=-270.40793  maxlinkdim=1000 maxerr=2.12E-07 time=80.767
After sweep 19 energy=-270.51465  maxlinkdim=1000 maxerr=2.56E-06 time=77.439
After sweep 20 energy=-270.61618  maxlinkdim=1000 maxerr=1.74E-06 time=80.291
After sweep 21 energy=-270.72495  maxlinkdim=1000 maxerr=2.94E-06 time=83.536
After sweep 22 energy=-270.7994  maxlinkdim=1000 maxerr=7.96E-07 time=84.977
After sweep 23 energy=-270.8591  maxlinkdim=1000 maxerr=2.98E-06 time=86.940
After sweep 24 energy=-270.90268  maxlinkdim=1000 maxerr=1.64E-06 time=87.944
After sweep 25 energy=-270.93192  maxlinkdim=1000 maxerr=1.32E-06 time=87.658
After sweep 26 energy=-270.95486  maxlinkdim=1000 maxerr=1.72E-06 time=87.588
After sweep 27 energy=-270.968  maxlinkdim=1000 maxerr=1.53E-06 time=88.679
After sweep 28 energy=-270.98056  maxlinkdim=1000 maxerr=1.66E-06 time=88.069
After sweep 29 energy=-270.99817  maxlinkdim=1000 maxerr=2.16E-06 time=88.807
After sweep 30 energy=-271.01987  maxlinkdim=1000 maxerr=1.33E-06 time=88.138
n0: 0.9366549; n1: 0.94370127; mu0: 1.68; mu1: 1.69

Range found between mu0: 1.68 (n0: 0.9366549) and mu1: 1.69 (n1: 0.94370127); refining...
n0: 0.9366549; n1: 0.94370127; mu0: 1.68; mu1: 1.69
Trying secant step...
After sweep 1 energy=-251.17699  maxlinkdim=10 maxerr=2.68E-03 time=1.383
After sweep 2 energy=-261.37393  maxlinkdim=20 maxerr=1.69E-03 time=1.489
After sweep 3 energy=-265.5713  maxlinkdim=100 maxerr=7.70E-06 time=2.489
After sweep 4 energy=-266.00906  maxlinkdim=630 maxerr=1.00E-10 time=10.902
After sweep 5 energy=-266.43997  maxlinkdim=908 maxerr=1.39E-09 time=14.698
After sweep 6 energy=-266.85663  maxlinkdim=1000 maxerr=2.79E-08 time=25.138
After sweep 7 energy=-267.17685  maxlinkdim=1000 maxerr=3.46E-08 time=37.229
After sweep 8 energy=-267.40414  maxlinkdim=1000 maxerr=5.71E-08 time=37.493
After sweep 9 energy=-267.6582  maxlinkdim=1000 maxerr=4.16E-07 time=46.635
After sweep 10 energy=-267.92154  maxlinkdim=1000 maxerr=7.31E-07 time=55.939
After sweep 11 energy=-268.13498  maxlinkdim=1000 maxerr=2.86E-07 time=57.292
After sweep 12 energy=-268.37228  maxlinkdim=1000 maxerr=9.82E-07 time=62.172
After sweep 13 energy=-268.56247  maxlinkdim=1000 maxerr=4.15E-07 time=64.098
After sweep 14 energy=-268.73016  maxlinkdim=1000 maxerr=1.44E-05 time=66.169
After sweep 15 energy=-268.87323  maxlinkdim=1000 maxerr=3.22E-06 time=66.950
After sweep 16 energy=-269.0001  maxlinkdim=1000 maxerr=2.23E-05 time=68.487
After sweep 17 energy=-269.1481  maxlinkdim=1000 maxerr=3.29E-06 time=73.599
After sweep 18 energy=-269.2878  maxlinkdim=1000 maxerr=2.18E-06 time=76.748
After sweep 19 energy=-269.40305  maxlinkdim=1000 maxerr=8.37E-07 time=78.493
After sweep 20 energy=-269.54095  maxlinkdim=1000 maxerr=1.12E-06 time=82.446
After sweep 21 energy=-269.66177  maxlinkdim=1000 maxerr=3.91E-06 time=82.705
After sweep 22 energy=-269.73065  maxlinkdim=1000 maxerr=1.39E-06 time=82.278
After sweep 23 energy=-269.78134  maxlinkdim=1000 maxerr=2.11E-06 time=82.134
After sweep 24 energy=-269.83575  maxlinkdim=1000 maxerr=2.25E-06 time=83.924
After sweep 25 energy=-269.8837  maxlinkdim=1000 maxerr=1.34E-06 time=85.335
After sweep 26 energy=-269.9324  maxlinkdim=1000 maxerr=2.31E-06 time=86.511
After sweep 27 energy=-269.96625  maxlinkdim=1000 maxerr=1.99E-06 time=87.288
After sweep 28 energy=-269.9995  maxlinkdim=1000 maxerr=1.99E-06 time=88.056
After sweep 29 energy=-270.0167  maxlinkdim=1000 maxerr=3.23E-06 time=88.532
After sweep 30 energy=-270.03137  maxlinkdim=1000 maxerr=1.78E-06 time=88.209
n0: 0.9366549; n1: 0.9351235; mu0: 1.68; mu1: 1.6811993097497842
Trying secant step...
After sweep 1 energy=-250.92018  maxlinkdim=10 maxerr=2.72E-03 time=1.366
After sweep 2 energy=-260.98126  maxlinkdim=20 maxerr=2.31E-03 time=1.529
After sweep 3 energy=-265.24268  maxlinkdim=100 maxerr=1.05E-05 time=2.167
After sweep 4 energy=-265.66684  maxlinkdim=635 maxerr=1.00E-10 time=10.666
After sweep 5 energy=-266.0698  maxlinkdim=654 maxerr=1.13E-07 time=13.699
After sweep 6 energy=-266.407  maxlinkdim=909 maxerr=1.14E-08 time=18.144
After sweep 7 energy=-266.71884  maxlinkdim=886 maxerr=1.13E-09 time=25.635
After sweep 8 energy=-267.0182  maxlinkdim=1000 maxerr=2.99E-09 time=35.614
After sweep 9 energy=-267.3135  maxlinkdim=1000 maxerr=1.19E-08 time=46.903
After sweep 10 energy=-267.60568  maxlinkdim=1000 maxerr=4.75E-07 time=54.450
After sweep 11 energy=-267.89633  maxlinkdim=1000 maxerr=1.15E-07 time=62.928
After sweep 12 energy=-268.12482  maxlinkdim=1000 maxerr=1.27E-06 time=62.588
After sweep 13 energy=-268.31525  maxlinkdim=1000 maxerr=1.14E-06 time=63.733
After sweep 14 energy=-268.5227  maxlinkdim=1000 maxerr=4.53E-06 time=68.484
After sweep 15 energy=-268.69363  maxlinkdim=1000 maxerr=4.76E-07 time=69.820
After sweep 16 energy=-268.8377  maxlinkdim=1000 maxerr=2.23E-06 time=68.976
After sweep 17 energy=-268.94742  maxlinkdim=1000 maxerr=2.21E-06 time=73.280
After sweep 18 energy=-269.09198  maxlinkdim=1000 maxerr=6.20E-07 time=74.211
After sweep 19 energy=-269.19525  maxlinkdim=1000 maxerr=2.04E-06 time=77.242
After sweep 20 energy=-269.2845  maxlinkdim=1000 maxerr=1.17E-06 time=76.395
After sweep 21 energy=-269.35446  maxlinkdim=1000 maxerr=2.36E-06 time=77.250
After sweep 22 energy=-269.42606  maxlinkdim=1000 maxerr=1.08E-06 time=78.862
After sweep 23 energy=-269.49762  maxlinkdim=1000 maxerr=2.39E-06 time=80.851
After sweep 24 energy=-269.55545  maxlinkdim=1000 maxerr=1.20E-06 time=84.763
After sweep 25 energy=-269.59784  maxlinkdim=1000 maxerr=3.29E-06 time=84.715
After sweep 26 energy=-269.63147  maxlinkdim=1000 maxerr=1.91E-06 time=87.261
After sweep 27 energy=-269.65567  maxlinkdim=1000 maxerr=1.94E-06 time=86.640
After sweep 28 energy=-269.6925  maxlinkdim=1000 maxerr=2.19E-06 time=87.679
After sweep 29 energy=-269.7242  maxlinkdim=1000 maxerr=1.89E-06 time=88.808
After sweep 30 energy=-269.748  maxlinkdim=1000 maxerr=1.79E-06 time=87.659
n0: 0.93920946; n1: 0.9366549; mu0: 1.679338192751627; mu1: 1.68
Trying secant step...
After sweep 1 energy=-251.27785  maxlinkdim=10 maxerr=4.89E-03 time=1.364
After sweep 2 energy=-261.07602  maxlinkdim=20 maxerr=2.03E-03 time=1.529
After sweep 3 energy=-265.38885  maxlinkdim=100 maxerr=1.00E-05 time=2.152
After sweep 4 energy=-265.81848  maxlinkdim=636 maxerr=1.00E-10 time=11.103
After sweep 5 energy=-266.24387  maxlinkdim=831 maxerr=1.01E-10 time=16.680
After sweep 6 energy=-266.53433  maxlinkdim=884 maxerr=7.21E-09 time=20.037
After sweep 7 energy=-266.80087  maxlinkdim=1000 maxerr=1.13E-08 time=26.532
After sweep 8 energy=-267.0722  maxlinkdim=1000 maxerr=2.96E-08 time=37.505
After sweep 9 energy=-267.34613  maxlinkdim=1000 maxerr=2.46E-08 time=49.533
After sweep 10 energy=-267.59967  maxlinkdim=1000 maxerr=1.42E-07 time=53.317
After sweep 11 energy=-267.77847  maxlinkdim=1000 maxerr=1.06E-08 time=52.443
After sweep 12 energy=-267.95575  maxlinkdim=1000 maxerr=1.16E-07 time=55.304
After sweep 13 energy=-268.12952  maxlinkdim=1000 maxerr=5.61E-08 time=57.271
After sweep 14 energy=-268.31403  maxlinkdim=1000 maxerr=1.03E-06 time=61.348
After sweep 15 energy=-268.5227  maxlinkdim=1000 maxerr=2.79E-07 time=64.313
After sweep 16 energy=-268.70593  maxlinkdim=1000 maxerr=4.32E-07 time=65.322
After sweep 17 energy=-268.8671  maxlinkdim=1000 maxerr=1.13E-05 time=66.895
After sweep 18 energy=-269.0123  maxlinkdim=1000 maxerr=1.44E-06 time=69.726
After sweep 19 energy=-269.1332  maxlinkdim=1000 maxerr=1.89E-06 time=71.004
After sweep 20 energy=-269.27103  maxlinkdim=1000 maxerr=2.84E-06 time=79.082
After sweep 21 energy=-269.385  maxlinkdim=1000 maxerr=3.57E-06 time=77.602
After sweep 22 energy=-269.47864  maxlinkdim=1000 maxerr=1.12E-06 time=76.976
After sweep 23 energy=-269.54514  maxlinkdim=1000 maxerr=2.41E-06 time=80.039
After sweep 24 energy=-269.59933  maxlinkdim=1000 maxerr=1.14E-06 time=81.346
After sweep 25 energy=-269.6586  maxlinkdim=1000 maxerr=5.52E-06 time=83.392
After sweep 26 energy=-269.71912  maxlinkdim=1000 maxerr=3.55E-06 time=85.550
After sweep 27 energy=-269.7628  maxlinkdim=1000 maxerr=1.63E-06 time=86.240
After sweep 28 energy=-269.7885  maxlinkdim=1000 maxerr=1.57E-06 time=85.694
After sweep 29 energy=-269.81244  maxlinkdim=1000 maxerr=2.00E-06 time=87.531
After sweep 30 energy=-269.82828  maxlinkdim=1000 maxerr=1.87E-06 time=87.057
n0: 0.9364296; n1: 0.9366549; mu0: 1.679781065304787; mu1: 1.68
Trying secant step...
After sweep 1 energy=-251.47778  maxlinkdim=10 maxerr=2.71E-03 time=1.334
After sweep 2 energy=-261.17856  maxlinkdim=20 maxerr=2.43E-03 time=1.474
After sweep 3 energy=-265.5486  maxlinkdim=100 maxerr=1.30E-05 time=2.484
After sweep 4 energy=-266.02435  maxlinkdim=761 maxerr=1.00E-10 time=11.578
After sweep 5 energy=-266.4725  maxlinkdim=1000 maxerr=5.96E-09 time=16.069
After sweep 6 energy=-266.83557  maxlinkdim=1000 maxerr=3.75E-08 time=23.556
After sweep 7 energy=-267.19083  maxlinkdim=1000 maxerr=6.25E-08 time=34.852
After sweep 8 energy=-267.51752  maxlinkdim=1000 maxerr=7.12E-08 time=41.492
After sweep 9 energy=-267.81833  maxlinkdim=1000 maxerr=1.20E-07 time=45.523
After sweep 10 energy=-268.06323  maxlinkdim=1000 maxerr=1.59E-07 time=47.417
After sweep 11 energy=-268.27606  maxlinkdim=1000 maxerr=6.05E-08 time=51.486
After sweep 12 energy=-268.4401  maxlinkdim=1000 maxerr=9.00E-08 time=53.677
After sweep 13 energy=-268.59464  maxlinkdim=1000 maxerr=4.73E-08 time=56.430
After sweep 14 energy=-268.73734  maxlinkdim=1000 maxerr=2.60E-07 time=59.233
After sweep 15 energy=-268.86145  maxlinkdim=1000 maxerr=1.24E-06 time=65.207
After sweep 16 energy=-269.0039  maxlinkdim=1000 maxerr=2.08E-06 time=66.414
After sweep 17 energy=-269.149  maxlinkdim=1000 maxerr=7.04E-07 time=69.082
After sweep 18 energy=-269.27222  maxlinkdim=1000 maxerr=1.02E-06 time=73.590
After sweep 19 energy=-269.3842  maxlinkdim=1000 maxerr=2.42E-06 time=74.441
After sweep 20 energy=-269.49783  maxlinkdim=1000 maxerr=1.52E-06 time=76.682
After sweep 21 energy=-269.594  maxlinkdim=1000 maxerr=3.84E-06 time=79.300
After sweep 22 energy=-269.68185  maxlinkdim=1000 maxerr=1.44E-06 time=80.491
After sweep 23 energy=-269.74054  maxlinkdim=1000 maxerr=1.39E-06 time=81.386
After sweep 24 energy=-269.78003  maxlinkdim=1000 maxerr=1.44E-06 time=81.569
After sweep 25 energy=-269.82156  maxlinkdim=1000 maxerr=2.73E-06 time=86.142
After sweep 26 energy=-269.86215  maxlinkdim=1000 maxerr=4.08E-06 time=85.344
After sweep 27 energy=-269.89206  maxlinkdim=1000 maxerr=2.22E-06 time=87.132
After sweep 28 energy=-269.9206  maxlinkdim=1000 maxerr=1.84E-06 time=88.296
After sweep 29 energy=-269.94815  maxlinkdim=1000 maxerr=4.18E-06 time=88.033
After sweep 30 energy=-269.96323  maxlinkdim=1000 maxerr=2.15E-06 time=88.190
n0: 0.9366549; n1: 0.93633926; mu0: 1.68; mu1: 1.6808211788647427
Trying secant step...
After sweep 1 energy=-250.50406  maxlinkdim=10 maxerr=2.77E-03 time=1.409
After sweep 2 energy=-260.68362  maxlinkdim=20 maxerr=1.92E-03 time=1.492
After sweep 3 energy=-265.01678  maxlinkdim=100 maxerr=1.37E-05 time=2.537
After sweep 4 energy=-265.50208  maxlinkdim=675 maxerr=1.00E-10 time=11.408
After sweep 5 energy=-265.94394  maxlinkdim=695 maxerr=1.72E-08 time=14.341
After sweep 6 energy=-266.30927  maxlinkdim=1000 maxerr=4.72E-10 time=19.594
After sweep 7 energy=-266.67712  maxlinkdim=1000 maxerr=3.41E-08 time=29.126
After sweep 8 energy=-266.90033  maxlinkdim=1000 maxerr=6.83E-08 time=32.902
After sweep 9 energy=-267.0982  maxlinkdim=1000 maxerr=2.99E-08 time=35.692
After sweep 10 energy=-267.28513  maxlinkdim=1000 maxerr=2.80E-08 time=41.811
After sweep 11 energy=-267.47345  maxlinkdim=1000 maxerr=1.04E-07 time=45.414
After sweep 12 energy=-267.64746  maxlinkdim=1000 maxerr=2.21E-07 time=46.238
After sweep 13 energy=-267.8854  maxlinkdim=1000 maxerr=1.60E-06 time=50.773
After sweep 14 energy=-268.3039  maxlinkdim=1000 maxerr=2.16E-06 time=70.166
After sweep 15 energy=-268.56848  maxlinkdim=1000 maxerr=9.44E-07 time=69.450
After sweep 16 energy=-268.77136  maxlinkdim=1000 maxerr=8.43E-07 time=70.114
After sweep 17 energy=-268.9296  maxlinkdim=1000 maxerr=3.51E-06 time=69.023
After sweep 18 energy=-269.0685  maxlinkdim=1000 maxerr=1.74E-06 time=73.024
After sweep 19 energy=-269.19046  maxlinkdim=1000 maxerr=1.56E-06 time=76.450
After sweep 20 energy=-269.2743  maxlinkdim=1000 maxerr=1.06E-06 time=75.618
After sweep 21 energy=-269.33975  maxlinkdim=1000 maxerr=6.51E-07 time=78.297
After sweep 22 energy=-269.3994  maxlinkdim=1000 maxerr=8.67E-07 time=83.302
After sweep 23 energy=-269.4461  maxlinkdim=1000 maxerr=1.11E-06 time=82.703
After sweep 24 energy=-269.47693  maxlinkdim=1000 maxerr=1.21E-06 time=83.817
After sweep 25 energy=-269.5195  maxlinkdim=1000 maxerr=1.22E-06 time=86.175
After sweep 26 energy=-269.54584  maxlinkdim=1000 maxerr=1.53E-06 time=87.379
After sweep 27 energy=-269.56815  maxlinkdim=1000 maxerr=1.67E-06 time=87.227
After sweep 28 energy=-269.58875  maxlinkdim=1000 maxerr=2.68E-06 time=88.486
After sweep 29 energy=-269.60794  maxlinkdim=1000 maxerr=1.80E-06 time=88.030
After sweep 30 energy=-269.6219  maxlinkdim=1000 maxerr=1.65E-06 time=88.939
n0: 0.93606484; n1: 0.9366549; mu0: 1.6778016099047728; mu1: 1.68
Trying secant step...
After sweep 1 energy=-251.34158  maxlinkdim=10 maxerr=3.32E-03 time=1.400
After sweep 2 energy=-261.5184  maxlinkdim=20 maxerr=1.88E-03 time=1.493
After sweep 3 energy=-265.76196  maxlinkdim=100 maxerr=1.03E-05 time=2.462
After sweep 4 energy=-266.18985  maxlinkdim=570 maxerr=1.00E-10 time=10.715
After sweep 5 energy=-266.5983  maxlinkdim=724 maxerr=3.78E-09 time=13.805
After sweep 6 energy=-266.9126  maxlinkdim=918 maxerr=2.02E-08 time=17.180
After sweep 7 energy=-267.1761  maxlinkdim=1000 maxerr=1.56E-08 time=22.473
After sweep 8 energy=-267.43378  maxlinkdim=1000 maxerr=1.34E-07 time=30.763
After sweep 9 energy=-267.6485  maxlinkdim=1000 maxerr=1.72E-08 time=33.251
After sweep 10 energy=-267.89398  maxlinkdim=1000 maxerr=3.58E-08 time=43.624
After sweep 11 energy=-268.26666  maxlinkdim=1000 maxerr=4.10E-08 time=54.401
After sweep 12 energy=-268.51025  maxlinkdim=1000 maxerr=2.61E-08 time=55.860
After sweep 13 energy=-268.7405  maxlinkdim=1000 maxerr=1.20E-07 time=59.951
After sweep 14 energy=-268.99454  maxlinkdim=1000 maxerr=2.06E-07 time=67.608
After sweep 15 energy=-269.19986  maxlinkdim=1000 maxerr=7.99E-07 time=69.945
After sweep 16 energy=-269.38525  maxlinkdim=1000 maxerr=9.24E-07 time=68.965
After sweep 17 energy=-269.54684  maxlinkdim=1000 maxerr=1.66E-06 time=76.203
After sweep 18 energy=-269.71313  maxlinkdim=1000 maxerr=4.01E-06 time=81.033
After sweep 19 energy=-269.84323  maxlinkdim=1000 maxerr=3.89E-06 time=82.818
After sweep 20 energy=-269.94748  maxlinkdim=1000 maxerr=4.43E-06 time=84.820
After sweep 21 energy=-270.02286  maxlinkdim=1000 maxerr=2.41E-06 time=85.321
After sweep 22 energy=-270.082  maxlinkdim=1000 maxerr=2.60E-06 time=85.723
After sweep 23 energy=-270.1345  maxlinkdim=1000 maxerr=2.42E-06 time=87.005
After sweep 24 energy=-270.17975  maxlinkdim=1000 maxerr=1.25E-06 time=87.853
After sweep 25 energy=-270.21207  maxlinkdim=1000 maxerr=2.43E-06 time=88.279
After sweep 26 energy=-270.23514  maxlinkdim=1000 maxerr=2.21E-06 time=88.783
After sweep 27 energy=-270.2499  maxlinkdim=1000 maxerr=1.57E-06 time=88.267
After sweep 28 energy=-270.26212  maxlinkdim=1000 maxerr=1.80E-06 time=89.037
After sweep 29 energy=-270.27307  maxlinkdim=1000 maxerr=2.69E-06 time=88.347
After sweep 30 energy=-270.28152  maxlinkdim=1000 maxerr=2.11E-06 time=89.041
n0: 0.9366549; n1: 0.93362683; mu0: 1.68; mu1: 1.683148361087892
Trying secant step...
After sweep 1 energy=-251.00847  maxlinkdim=10 maxerr=2.76E-03 time=1.337
After sweep 2 energy=-260.97925  maxlinkdim=20 maxerr=2.08E-03 time=1.498
After sweep 3 energy=-265.3382  maxlinkdim=100 maxerr=9.61E-06 time=2.536
After sweep 4 energy=-265.78705  maxlinkdim=672 maxerr=1.00E-10 time=11.124
After sweep 5 energy=-266.21722  maxlinkdim=997 maxerr=4.15E-08 time=15.717
After sweep 6 energy=-266.59164  maxlinkdim=1000 maxerr=8.24E-09 time=22.168
After sweep 7 energy=-267.0016  maxlinkdim=1000 maxerr=7.45E-08 time=34.972
After sweep 8 energy=-267.28214  maxlinkdim=1000 maxerr=1.74E-09 time=41.509
After sweep 9 energy=-267.50293  maxlinkdim=1000 maxerr=6.27E-08 time=43.050
After sweep 10 energy=-267.73105  maxlinkdim=1000 maxerr=1.13E-07 time=48.299
After sweep 11 energy=-267.9649  maxlinkdim=1000 maxerr=4.84E-07 time=51.742
After sweep 12 energy=-268.1335  maxlinkdim=1000 maxerr=1.88E-07 time=55.996
After sweep 13 energy=-268.33005  maxlinkdim=1000 maxerr=3.18E-07 time=62.644
After sweep 14 energy=-268.53436  maxlinkdim=1000 maxerr=7.83E-07 time=66.820
After sweep 15 energy=-268.74893  maxlinkdim=1000 maxerr=2.89E-06 time=71.065
After sweep 16 energy=-268.90433  maxlinkdim=1000 maxerr=1.35E-06 time=73.628
After sweep 17 energy=-269.02234  maxlinkdim=1000 maxerr=4.33E-07 time=72.501
After sweep 18 energy=-269.15213  maxlinkdim=1000 maxerr=7.07E-07 time=77.136
After sweep 19 energy=-269.256  maxlinkdim=1000 maxerr=2.18E-06 time=78.461
After sweep 20 energy=-269.34653  maxlinkdim=1000 maxerr=1.73E-06 time=79.368
After sweep 21 energy=-269.42365  maxlinkdim=1000 maxerr=8.32E-07 time=81.916
After sweep 22 energy=-269.48645  maxlinkdim=1000 maxerr=8.17E-07 time=81.029
After sweep 23 energy=-269.56854  maxlinkdim=1000 maxerr=4.17E-06 time=85.898
After sweep 24 energy=-269.61  maxlinkdim=1000 maxerr=2.29E-06 time=84.510
After sweep 25 energy=-269.65344  maxlinkdim=1000 maxerr=2.28E-06 time=86.808
After sweep 26 energy=-269.6907  maxlinkdim=1000 maxerr=3.40E-06 time=87.057
After sweep 27 energy=-269.7229  maxlinkdim=1000 maxerr=2.07E-06 time=87.613
After sweep 28 energy=-269.74496  maxlinkdim=1000 maxerr=1.62E-06 time=88.250
After sweep 29 energy=-269.76318  maxlinkdim=1000 maxerr=1.87E-06 time=88.535
After sweep 30 energy=-269.77362  maxlinkdim=1000 maxerr=2.65E-06 time=88.289
n0: 0.9357341; n1: 0.9366549; mu0: 1.6791213616616314; mu1: 1.68
Trying secant step...
After sweep 1 energy=-250.91904  maxlinkdim=10 maxerr=2.82E-03 time=1.405
After sweep 2 energy=-261.29947  maxlinkdim=20 maxerr=2.17E-03 time=1.492
After sweep 3 energy=-265.58386  maxlinkdim=100 maxerr=1.15E-05 time=2.554
After sweep 4 energy=-265.98044  maxlinkdim=567 maxerr=1.00E-10 time=10.676
After sweep 5 energy=-266.35046  maxlinkdim=880 maxerr=2.09E-09 time=13.983
After sweep 6 energy=-266.69754  maxlinkdim=1000 maxerr=2.48E-09 time=20.878
After sweep 7 energy=-267.0845  maxlinkdim=1000 maxerr=3.93E-08 time=36.231
After sweep 8 energy=-267.3504  maxlinkdim=1000 maxerr=6.37E-07 time=42.532
After sweep 9 energy=-267.56345  maxlinkdim=1000 maxerr=6.57E-08 time=44.006
After sweep 10 energy=-267.78958  maxlinkdim=1000 maxerr=3.83E-07 time=48.398
After sweep 11 energy=-267.991  maxlinkdim=1000 maxerr=1.78E-06 time=51.720
After sweep 12 energy=-268.18134  maxlinkdim=1000 maxerr=4.01E-06 time=55.380
After sweep 13 energy=-268.35037  maxlinkdim=1000 maxerr=5.36E-07 time=57.377
After sweep 14 energy=-268.5165  maxlinkdim=1000 maxerr=1.91E-06 time=62.123
After sweep 15 energy=-268.67773  maxlinkdim=1000 maxerr=1.61E-06 time=63.282
After sweep 16 energy=-268.85397  maxlinkdim=1000 maxerr=1.59E-06 time=67.835
After sweep 17 energy=-269.01935  maxlinkdim=1000 maxerr=1.61E-06 time=69.423
After sweep 18 energy=-269.15186  maxlinkdim=1000 maxerr=1.35E-06 time=71.863
After sweep 19 energy=-269.2628  maxlinkdim=1000 maxerr=3.08E-06 time=71.446
After sweep 20 energy=-269.37064  maxlinkdim=1000 maxerr=6.72E-06 time=73.206
After sweep 21 energy=-269.46802  maxlinkdim=1000 maxerr=2.71E-06 time=76.010
After sweep 22 energy=-269.54358  maxlinkdim=1000 maxerr=3.20E-06 time=74.385
After sweep 23 energy=-269.64328  maxlinkdim=1000 maxerr=1.13E-06 time=81.800
After sweep 24 energy=-269.70538  maxlinkdim=1000 maxerr=2.26E-06 time=82.680
After sweep 25 energy=-269.76096  maxlinkdim=1000 maxerr=2.56E-06 time=85.459
After sweep 26 energy=-269.7974  maxlinkdim=1000 maxerr=2.54E-06 time=86.051
After sweep 27 energy=-269.83057  maxlinkdim=1000 maxerr=1.35E-06 time=86.799
After sweep 28 energy=-269.8549  maxlinkdim=1000 maxerr=1.77E-06 time=86.357
After sweep 29 energy=-269.88037  maxlinkdim=1000 maxerr=1.53E-06 time=87.334
After sweep 30 energy=-269.91055  maxlinkdim=1000 maxerr=1.57E-06 time=87.920
n0: 0.9366549; n1: 0.94097424; mu0: 1.68; mu1: 1.6808063521497436
Trying secant step...
After sweep 1 energy=-251.37096  maxlinkdim=10 maxerr=2.62E-03 time=1.420
After sweep 2 energy=-261.23093  maxlinkdim=20 maxerr=2.21E-03 time=1.511
After sweep 3 energy=-265.43442  maxlinkdim=100 maxerr=1.02E-05 time=2.574
After sweep 4 energy=-265.8702  maxlinkdim=606 maxerr=1.00E-10 time=10.756
After sweep 5 energy=-266.28433  maxlinkdim=743 maxerr=9.47E-08 time=14.619
After sweep 6 energy=-266.69107  maxlinkdim=1000 maxerr=1.64E-09 time=24.336
After sweep 7 energy=-266.98508  maxlinkdim=1000 maxerr=2.26E-08 time=32.763
After sweep 8 energy=-267.23737  maxlinkdim=1000 maxerr=2.37E-08 time=41.337
After sweep 9 energy=-267.53195  maxlinkdim=1000 maxerr=1.46E-07 time=49.639
After sweep 10 energy=-267.8114  maxlinkdim=1000 maxerr=7.34E-07 time=54.580
After sweep 11 energy=-268.0194  maxlinkdim=1000 maxerr=1.48E-06 time=55.628
After sweep 12 energy=-268.21835  maxlinkdim=1000 maxerr=4.76E-07 time=60.397
After sweep 13 energy=-268.45404  maxlinkdim=1000 maxerr=1.89E-06 time=63.369
After sweep 14 energy=-268.64453  maxlinkdim=1000 maxerr=9.89E-07 time=64.596
After sweep 15 energy=-268.80713  maxlinkdim=1000 maxerr=1.87E-06 time=69.620
After sweep 16 energy=-268.95792  maxlinkdim=1000 maxerr=7.96E-07 time=69.334
After sweep 17 energy=-269.096  maxlinkdim=1000 maxerr=3.46E-06 time=72.555
After sweep 18 energy=-269.22754  maxlinkdim=1000 maxerr=1.11E-06 time=75.215
After sweep 19 energy=-269.3432  maxlinkdim=1000 maxerr=1.62E-06 time=76.961
After sweep 20 energy=-269.44284  maxlinkdim=1000 maxerr=1.92E-06 time=78.150
After sweep 21 energy=-269.5309  maxlinkdim=1000 maxerr=1.31E-06 time=80.453
After sweep 22 energy=-269.59875  maxlinkdim=1000 maxerr=1.28E-06 time=81.343
After sweep 23 energy=-269.66107  maxlinkdim=1000 maxerr=2.19E-06 time=85.417
After sweep 24 energy=-269.70615  maxlinkdim=1000 maxerr=1.56E-06 time=83.562
After sweep 25 energy=-269.74106  maxlinkdim=1000 maxerr=2.19E-06 time=84.943
After sweep 26 energy=-269.77402  maxlinkdim=1000 maxerr=1.58E-06 time=86.157
After sweep 27 energy=-269.79688  maxlinkdim=1000 maxerr=1.48E-06 time=87.148
After sweep 28 energy=-269.81732  maxlinkdim=1000 maxerr=1.44E-06 time=87.548
After sweep 29 energy=-269.83368  maxlinkdim=1000 maxerr=1.94E-06 time=86.728
After sweep 30 energy=-269.86224  maxlinkdim=1000 maxerr=1.54E-06 time=88.007
n0: 0.9366549; n1: 0.9387972; mu0: 1.68; mu1: 1.6801577630996476
Trying secant step...
After sweep 1 energy=-250.89029  maxlinkdim=10 maxerr=2.25E-03 time=1.350
After sweep 2 energy=-261.11514  maxlinkdim=20 maxerr=2.07E-03 time=1.482
After sweep 3 energy=-265.41376  maxlinkdim=100 maxerr=1.36E-05 time=2.525
After sweep 4 energy=-265.84744  maxlinkdim=638 maxerr=9.99E-11 time=11.138
After sweep 5 energy=-266.27417  maxlinkdim=1000 maxerr=4.13E-08 time=14.556
After sweep 6 energy=-266.62656  maxlinkdim=1000 maxerr=1.37E-09 time=20.170
After sweep 7 energy=-266.97684  maxlinkdim=1000 maxerr=5.33E-08 time=28.303
After sweep 8 energy=-267.30548  maxlinkdim=1000 maxerr=2.26E-08 time=40.318
After sweep 9 energy=-267.5403  maxlinkdim=1000 maxerr=1.39E-07 time=42.232
After sweep 10 energy=-267.7379  maxlinkdim=1000 maxerr=9.41E-08 time=42.461
After sweep 11 energy=-267.92746  maxlinkdim=1000 maxerr=1.69E-07 time=47.832
After sweep 12 energy=-268.1178  maxlinkdim=1000 maxerr=4.37E-07 time=53.710
After sweep 13 energy=-268.2923  maxlinkdim=1000 maxerr=3.08E-07 time=54.619
After sweep 14 energy=-268.4995  maxlinkdim=1000 maxerr=8.36E-07 time=54.543
After sweep 15 energy=-268.7246  maxlinkdim=1000 maxerr=8.33E-07 time=60.757
After sweep 16 energy=-268.8836  maxlinkdim=1000 maxerr=3.34E-07 time=62.131
After sweep 17 energy=-269.0231  maxlinkdim=1000 maxerr=1.01E-07 time=63.805
After sweep 18 energy=-269.19583  maxlinkdim=1000 maxerr=9.11E-06 time=71.445
After sweep 19 energy=-269.35263  maxlinkdim=1000 maxerr=1.13E-06 time=77.374
After sweep 20 energy=-269.46228  maxlinkdim=1000 maxerr=5.52E-07 time=73.989
After sweep 21 energy=-269.55444  maxlinkdim=1000 maxerr=5.09E-07 time=77.423
After sweep 22 energy=-269.64697  maxlinkdim=1000 maxerr=1.99E-06 time=83.185
After sweep 23 energy=-269.70358  maxlinkdim=1000 maxerr=1.48E-06 time=83.394
After sweep 24 energy=-269.75766  maxlinkdim=1000 maxerr=4.38E-07 time=86.034
After sweep 25 energy=-269.79742  maxlinkdim=1000 maxerr=1.13E-06 time=86.178
After sweep 26 energy=-269.8229  maxlinkdim=1000 maxerr=2.22E-06 time=88.082
After sweep 27 energy=-269.84875  maxlinkdim=1000 maxerr=2.38E-06 time=86.854
After sweep 28 energy=-269.86853  maxlinkdim=1000 maxerr=1.32E-06 time=88.553
After sweep 29 energy=-269.88382  maxlinkdim=1000 maxerr=1.62E-06 time=88.282
After sweep 30 energy=-269.8967  maxlinkdim=1000 maxerr=1.57E-06 time=89.037
n0: 0.9366549; n1: 0.9356993; mu0: 1.68; mu1: 1.6800622343626166
Trying secant step...
After sweep 1 energy=-251.08266  maxlinkdim=10 maxerr=2.45E-03 time=1.394
After sweep 2 energy=-261.32138  maxlinkdim=20 maxerr=2.09E-03 time=1.501
After sweep 3 energy=-265.40656  maxlinkdim=100 maxerr=9.26E-06 time=2.463
After sweep 4 energy=-265.82327  maxlinkdim=704 maxerr=9.99E-11 time=11.578
After sweep 5 energy=-266.2297  maxlinkdim=1000 maxerr=6.50E-08 time=16.429
After sweep 6 energy=-266.56342  maxlinkdim=928 maxerr=6.10E-08 time=22.624
After sweep 7 energy=-266.8442  maxlinkdim=1000 maxerr=1.59E-08 time=29.314
After sweep 8 energy=-267.08585  maxlinkdim=1000 maxerr=1.16E-07 time=34.819
After sweep 9 energy=-267.28506  maxlinkdim=1000 maxerr=1.83E-08 time=39.840
After sweep 10 energy=-267.47418  maxlinkdim=1000 maxerr=1.82E-08 time=45.665
After sweep 11 energy=-267.63687  maxlinkdim=1000 maxerr=9.58E-08 time=48.307
After sweep 12 energy=-267.80862  maxlinkdim=1000 maxerr=3.67E-08 time=54.274
After sweep 13 energy=-268.0173  maxlinkdim=1000 maxerr=2.17E-06 time=62.371
After sweep 14 energy=-268.2288  maxlinkdim=1000 maxerr=5.11E-07 time=62.993
After sweep 15 energy=-268.4207  maxlinkdim=1000 maxerr=6.43E-07 time=66.997
After sweep 16 energy=-268.62738  maxlinkdim=1000 maxerr=7.84E-07 time=71.975
After sweep 17 energy=-268.79898  maxlinkdim=1000 maxerr=7.30E-07 time=71.418
After sweep 18 energy=-268.9504  maxlinkdim=1000 maxerr=8.74E-07 time=75.348
After sweep 19 energy=-269.08307  maxlinkdim=1000 maxerr=2.50E-06 time=76.708
After sweep 20 energy=-269.18228  maxlinkdim=1000 maxerr=1.49E-06 time=74.809
After sweep 21 energy=-269.26447  maxlinkdim=1000 maxerr=1.46E-06 time=76.117
After sweep 22 energy=-269.32498  maxlinkdim=1000 maxerr=4.24E-06 time=77.750
After sweep 23 energy=-269.38596  maxlinkdim=1000 maxerr=4.29E-06 time=78.109
After sweep 24 energy=-269.46652  maxlinkdim=1000 maxerr=2.41E-06 time=85.002
After sweep 25 energy=-269.52905  maxlinkdim=1000 maxerr=6.53E-06 time=84.327
After sweep 26 energy=-269.60138  maxlinkdim=1000 maxerr=2.13E-06 time=87.172
After sweep 27 energy=-269.6584  maxlinkdim=1000 maxerr=2.50E-06 time=86.798
After sweep 28 energy=-269.70898  maxlinkdim=1000 maxerr=4.66E-06 time=86.180
After sweep 29 energy=-269.75684  maxlinkdim=1000 maxerr=2.30E-06 time=88.073
After sweep 30 energy=-269.7909  maxlinkdim=1000 maxerr=1.82E-06 time=87.581
n0: 0.9337877; n1: 0.9366549; mu0: 1.6799449660828802; mu1: 1.68
Trying secant step...
After sweep 1 energy=-251.41408  maxlinkdim=10 maxerr=4.49E-03 time=1.420
After sweep 2 energy=-261.17877  maxlinkdim=20 maxerr=2.17E-03 time=1.518
After sweep 3 energy=-265.46606  maxlinkdim=100 maxerr=1.32E-05 time=2.502
After sweep 4 energy=-265.91644  maxlinkdim=677 maxerr=1.00E-10 time=11.411
After sweep 5 energy=-266.30417  maxlinkdim=761 maxerr=2.31E-08 time=14.731
After sweep 6 energy=-266.65225  maxlinkdim=1000 maxerr=1.43E-08 time=20.064
After sweep 7 energy=-267.00436  maxlinkdim=1000 maxerr=9.73E-08 time=31.774
After sweep 8 energy=-267.2602  maxlinkdim=1000 maxerr=3.64E-08 time=39.182
After sweep 9 energy=-267.51855  maxlinkdim=1000 maxerr=3.77E-08 time=49.748
After sweep 10 energy=-267.74002  maxlinkdim=1000 maxerr=1.47E-07 time=50.245
After sweep 11 energy=-267.93408  maxlinkdim=1000 maxerr=6.54E-08 time=52.292
After sweep 12 energy=-268.15918  maxlinkdim=1000 maxerr=1.55E-06 time=55.971
After sweep 13 energy=-268.3488  maxlinkdim=1000 maxerr=6.50E-07 time=61.504
After sweep 14 energy=-268.5543  maxlinkdim=1000 maxerr=1.04E-06 time=69.480
After sweep 15 energy=-268.73163  maxlinkdim=1000 maxerr=1.80E-06 time=68.033
After sweep 16 energy=-268.87582  maxlinkdim=1000 maxerr=1.73E-06 time=69.461
After sweep 17 energy=-269.00357  maxlinkdim=1000 maxerr=4.98E-06 time=70.080
After sweep 18 energy=-269.1215  maxlinkdim=1000 maxerr=3.94E-06 time=73.714
After sweep 19 energy=-269.25595  maxlinkdim=1000 maxerr=2.54E-06 time=76.570
After sweep 20 energy=-269.3723  maxlinkdim=1000 maxerr=3.00E-06 time=81.775
After sweep 21 energy=-269.4955  maxlinkdim=1000 maxerr=1.91E-06 time=82.085
After sweep 22 energy=-269.5776  maxlinkdim=1000 maxerr=7.28E-06 time=83.861
After sweep 23 energy=-269.63376  maxlinkdim=1000 maxerr=2.68E-06 time=84.199
After sweep 24 energy=-269.67508  maxlinkdim=1000 maxerr=2.47E-06 time=84.703
After sweep 25 energy=-269.7119  maxlinkdim=1000 maxerr=3.68E-06 time=86.242
After sweep 26 energy=-269.75082  maxlinkdim=1000 maxerr=2.83E-06 time=86.545
After sweep 27 energy=-269.78818  maxlinkdim=1000 maxerr=2.38E-06 time=87.482
After sweep 28 energy=-269.81934  maxlinkdim=1000 maxerr=1.93E-06 time=88.663
After sweep 29 energy=-269.8423  maxlinkdim=1000 maxerr=2.48E-06 time=88.176
After sweep 30 energy=-269.8635  maxlinkdim=1000 maxerr=2.05E-06 time=88.951
n0: 0.9366549; n1: 0.9351463; mu0: 1.68; mu1: 1.680016220498855
Trying secant step...
After sweep 1 energy=-250.99536  maxlinkdim=10 maxerr=2.52E-03 time=1.398
After sweep 2 energy=-261.05023  maxlinkdim=20 maxerr=2.02E-03 time=1.514
After sweep 3 energy=-265.4098  maxlinkdim=100 maxerr=1.23E-05 time=2.581
After sweep 4 energy=-265.84622  maxlinkdim=592 maxerr=9.99E-11 time=10.917
After sweep 5 energy=-266.26385  maxlinkdim=703 maxerr=1.24E-07 time=14.260
After sweep 6 energy=-266.65387  maxlinkdim=1000 maxerr=6.37E-09 time=22.715
After sweep 7 energy=-266.98126  maxlinkdim=1000 maxerr=2.29E-08 time=32.348
After sweep 8 energy=-267.27454  maxlinkdim=1000 maxerr=7.34E-08 time=42.758
After sweep 9 energy=-267.54688  maxlinkdim=1000 maxerr=4.40E-08 time=48.503
After sweep 10 energy=-267.82675  maxlinkdim=1000 maxerr=9.96E-07 time=53.791
After sweep 11 energy=-268.09586  maxlinkdim=1000 maxerr=1.44E-06 time=56.905
After sweep 12 energy=-268.34555  maxlinkdim=1000 maxerr=8.11E-07 time=64.307
After sweep 13 energy=-268.55896  maxlinkdim=1000 maxerr=2.45E-07 time=63.249
After sweep 14 energy=-268.74768  maxlinkdim=1000 maxerr=1.68E-06 time=63.280
After sweep 15 energy=-268.92468  maxlinkdim=1000 maxerr=6.08E-06 time=67.199
After sweep 16 energy=-269.0835  maxlinkdim=1000 maxerr=1.06E-06 time=69.946
After sweep 17 energy=-269.2169  maxlinkdim=1000 maxerr=3.28E-07 time=72.019
After sweep 18 energy=-269.32507  maxlinkdim=1000 maxerr=3.74E-07 time=74.073
After sweep 19 energy=-269.4327  maxlinkdim=1000 maxerr=7.89E-07 time=76.834
After sweep 20 energy=-269.513  maxlinkdim=1000 maxerr=6.22E-06 time=77.910
After sweep 21 energy=-269.57584  maxlinkdim=1000 maxerr=2.23E-06 time=80.324
After sweep 22 energy=-269.6266  maxlinkdim=1000 maxerr=1.20E-06 time=80.160
After sweep 23 energy=-269.6822  maxlinkdim=1000 maxerr=3.24E-06 time=84.449
After sweep 24 energy=-269.72125  maxlinkdim=1000 maxerr=1.85E-06 time=82.558
After sweep 25 energy=-269.74338  maxlinkdim=1000 maxerr=1.74E-06 time=84.908
After sweep 26 energy=-269.76324  maxlinkdim=1000 maxerr=2.10E-06 time=84.298
After sweep 27 energy=-269.77863  maxlinkdim=1000 maxerr=2.28E-06 time=87.957
After sweep 28 energy=-269.79517  maxlinkdim=1000 maxerr=1.62E-06 time=88.138
After sweep 29 energy=-269.80945  maxlinkdim=1000 maxerr=1.90E-06 time=88.022
After sweep 30 energy=-269.83542  maxlinkdim=1000 maxerr=2.01E-06 time=87.982
n0: 0.942557; n1: 0.9366549; mu0: 1.6799909140597855; mu1: 1.68
Trying secant step...
After sweep 1 energy=-251.53667  maxlinkdim=10 maxerr=3.29E-03 time=1.426
After sweep 2 energy=-261.0446  maxlinkdim=20 maxerr=2.51E-03 time=1.509
After sweep 3 energy=-265.3728  maxlinkdim=100 maxerr=1.48E-05 time=2.563
After sweep 4 energy=-265.79666  maxlinkdim=581 maxerr=1.00E-10 time=10.649
After sweep 5 energy=-266.2909  maxlinkdim=964 maxerr=2.09E-08 time=17.246
After sweep 6 energy=-266.6183  maxlinkdim=1000 maxerr=5.71E-08 time=21.585
After sweep 7 energy=-266.8934  maxlinkdim=1000 maxerr=1.00E-07 time=27.074
After sweep 8 energy=-267.13635  maxlinkdim=1000 maxerr=6.15E-08 time=36.253
After sweep 9 energy=-267.36737  maxlinkdim=1000 maxerr=2.58E-07 time=44.228
After sweep 10 energy=-267.63495  maxlinkdim=1000 maxerr=1.32E-06 time=53.303
After sweep 11 energy=-267.90097  maxlinkdim=1000 maxerr=6.03E-07 time=56.260
After sweep 12 energy=-268.15085  maxlinkdim=1000 maxerr=2.48E-06 time=62.042
After sweep 13 energy=-268.3524  maxlinkdim=1000 maxerr=4.71E-07 time=64.341
After sweep 14 energy=-268.57635  maxlinkdim=1000 maxerr=3.58E-06 time=71.448
After sweep 15 energy=-268.82642  maxlinkdim=1000 maxerr=1.04E-06 time=74.907
After sweep 16 energy=-269.00443  maxlinkdim=1000 maxerr=1.41E-06 time=75.433
After sweep 17 energy=-269.15408  maxlinkdim=1000 maxerr=4.22E-07 time=80.272
After sweep 18 energy=-269.2815  maxlinkdim=1000 maxerr=1.63E-06 time=81.595
After sweep 19 energy=-269.37552  maxlinkdim=1000 maxerr=1.08E-06 time=79.224
After sweep 20 energy=-269.4515  maxlinkdim=1000 maxerr=1.22E-06 time=82.689
After sweep 21 energy=-269.5225  maxlinkdim=1000 maxerr=2.45E-06 time=83.460
After sweep 22 energy=-269.62085  maxlinkdim=1000 maxerr=1.57E-06 time=86.022
After sweep 23 energy=-269.69012  maxlinkdim=1000 maxerr=1.09E-06 time=86.402
After sweep 24 energy=-269.7335  maxlinkdim=1000 maxerr=2.18E-06 time=87.586
After sweep 25 energy=-269.77435  maxlinkdim=1000 maxerr=1.11E-06 time=87.218
After sweep 26 energy=-269.80646  maxlinkdim=1000 maxerr=1.46E-06 time=88.476
After sweep 27 energy=-269.83405  maxlinkdim=1000 maxerr=1.43E-06 time=88.171
After sweep 28 energy=-269.85748  maxlinkdim=1000 maxerr=1.53E-06 time=88.535
After sweep 29 energy=-269.87463  maxlinkdim=1000 maxerr=2.07E-06 time=88.685
After sweep 30 energy=-269.88522  maxlinkdim=1000 maxerr=2.16E-06 time=88.372
n0: 0.9361353; n1: 0.9366549; mu0: 1.6799986990460476; mu1: 1.68
Trying secant step...
After sweep 1 energy=-250.90169  maxlinkdim=10 maxerr=2.53E-03 time=1.361
After sweep 2 energy=-261.02222  maxlinkdim=20 maxerr=1.76E-03 time=1.529
After sweep 3 energy=-265.39322  maxlinkdim=100 maxerr=1.31E-05 time=2.164
After sweep 4 energy=-265.82693  maxlinkdim=649 maxerr=1.00E-10 time=11.270
After sweep 5 energy=-266.2341  maxlinkdim=1000 maxerr=1.17E-09 time=15.825
After sweep 6 energy=-266.6038  maxlinkdim=1000 maxerr=2.03E-08 time=19.871
After sweep 7 energy=-266.8956  maxlinkdim=1000 maxerr=2.24E-08 time=25.802
After sweep 8 energy=-267.16  maxlinkdim=1000 maxerr=1.74E-07 time=32.426
After sweep 9 energy=-267.39517  maxlinkdim=1000 maxerr=1.63E-08 time=39.566
After sweep 10 energy=-267.6101  maxlinkdim=1000 maxerr=2.93E-08 time=44.812
After sweep 11 energy=-267.8319  maxlinkdim=1000 maxerr=3.58E-06 time=51.160
After sweep 12 energy=-268.0642  maxlinkdim=1000 maxerr=3.32E-06 time=59.273
After sweep 13 energy=-268.25156  maxlinkdim=1000 maxerr=5.25E-07 time=57.974
After sweep 14 energy=-268.43387  maxlinkdim=1000 maxerr=6.52E-07 time=60.994
After sweep 15 energy=-268.59976  maxlinkdim=1000 maxerr=1.17E-07 time=66.088
After sweep 16 energy=-268.80893  maxlinkdim=1000 maxerr=4.36E-07 time=73.573
After sweep 17 energy=-268.97824  maxlinkdim=1000 maxerr=1.71E-07 time=75.362
After sweep 18 energy=-269.1517  maxlinkdim=1000 maxerr=1.14E-06 time=80.757
After sweep 19 energy=-269.29068  maxlinkdim=1000 maxerr=8.29E-07 time=81.947
After sweep 20 energy=-269.3915  maxlinkdim=1000 maxerr=4.38E-07 time=81.018
After sweep 21 energy=-269.49573  maxlinkdim=1000 maxerr=8.62E-07 time=84.196
After sweep 22 energy=-269.59216  maxlinkdim=1000 maxerr=7.66E-07 time=85.360
After sweep 23 energy=-269.6349  maxlinkdim=1000 maxerr=1.18E-06 time=85.247
After sweep 24 energy=-269.6761  maxlinkdim=1000 maxerr=1.38E-06 time=85.812
After sweep 25 energy=-269.70773  maxlinkdim=1000 maxerr=9.41E-07 time=86.775
After sweep 26 energy=-269.7378  maxlinkdim=1000 maxerr=1.21E-06 time=87.105
After sweep 27 energy=-269.77554  maxlinkdim=1000 maxerr=1.83E-06 time=88.656
After sweep 28 energy=-269.81754  maxlinkdim=1000 maxerr=1.69E-06 time=87.339
After sweep 29 energy=-269.8484  maxlinkdim=1000 maxerr=2.01E-06 time=88.946
After sweep 30 energy=-269.87372  maxlinkdim=1000 maxerr=1.63E-06 time=88.030
n0: 0.9366549; n1: 0.93480504; mu0: 1.68; mu1: 1.680002115728967
Trying secant step...
After sweep 1 energy=-251.25746  maxlinkdim=10 maxerr=2.73E-03 time=1.343
After sweep 2 energy=-261.0241  maxlinkdim=20 maxerr=2.15E-03 time=1.507
After sweep 3 energy=-265.46497  maxlinkdim=100 maxerr=1.14E-05 time=2.159
After sweep 4 energy=-265.89807  maxlinkdim=591 maxerr=1.00E-10 time=10.985
After sweep 5 energy=-266.35043  maxlinkdim=988 maxerr=1.63E-07 time=17.152
After sweep 6 energy=-266.6698  maxlinkdim=1000 maxerr=2.51E-09 time=22.868
After sweep 7 energy=-266.93427  maxlinkdim=1000 maxerr=9.64E-09 time=27.880
After sweep 8 energy=-267.15903  maxlinkdim=1000 maxerr=5.53E-08 time=36.498
After sweep 9 energy=-267.37103  maxlinkdim=1000 maxerr=4.96E-08 time=41.492
After sweep 10 energy=-267.60608  maxlinkdim=1000 maxerr=1.67E-07 time=47.233
After sweep 11 energy=-267.8365  maxlinkdim=1000 maxerr=2.44E-06 time=50.206
After sweep 12 energy=-268.0403  maxlinkdim=1000 maxerr=6.05E-07 time=53.107
After sweep 13 energy=-268.23288  maxlinkdim=1000 maxerr=1.07E-06 time=55.149
After sweep 14 energy=-268.40308  maxlinkdim=1000 maxerr=3.04E-06 time=58.662
After sweep 15 energy=-268.6126  maxlinkdim=1000 maxerr=2.76E-06 time=64.957
After sweep 16 energy=-268.8367  maxlinkdim=1000 maxerr=4.60E-07 time=71.466
After sweep 17 energy=-268.978  maxlinkdim=1000 maxerr=1.53E-06 time=67.140
After sweep 18 energy=-269.11313  maxlinkdim=1000 maxerr=2.17E-06 time=71.059
After sweep 19 energy=-269.22766  maxlinkdim=1000 maxerr=7.19E-07 time=69.751
After sweep 20 energy=-269.3493  maxlinkdim=1000 maxerr=6.48E-07 time=76.120
After sweep 21 energy=-269.4672  maxlinkdim=1000 maxerr=2.88E-07 time=80.242
After sweep 22 energy=-269.5573  maxlinkdim=1000 maxerr=1.42E-06 time=80.093
After sweep 23 energy=-269.6332  maxlinkdim=1000 maxerr=4.52E-06 time=83.054
After sweep 24 energy=-269.6732  maxlinkdim=1000 maxerr=6.77E-07 time=82.426
After sweep 25 energy=-269.69952  maxlinkdim=1000 maxerr=1.44E-06 time=84.352
After sweep 26 energy=-269.72833  maxlinkdim=1000 maxerr=1.25E-06 time=85.809
After sweep 27 energy=-269.7501  maxlinkdim=1000 maxerr=1.34E-06 time=87.394
After sweep 28 energy=-269.7668  maxlinkdim=1000 maxerr=1.45E-06 time=86.934
After sweep 29 energy=-269.78033  maxlinkdim=1000 maxerr=1.75E-06 time=88.503
After sweep 30 energy=-269.79132  maxlinkdim=1000 maxerr=1.81E-06 time=88.178
n0: 0.94744515; n1: 0.9366549; mu0: 1.6799990334835257; mu1: 1.68
Trying secant step...
After sweep 1 energy=-251.05894  maxlinkdim=10 maxerr=2.77E-03 time=1.344
After sweep 2 energy=-261.165  maxlinkdim=20 maxerr=1.94E-03 time=1.473
After sweep 3 energy=-265.50143  maxlinkdim=100 maxerr=1.04E-05 time=2.501
After sweep 4 energy=-265.91855  maxlinkdim=597 maxerr=1.00E-10 time=10.889
After sweep 5 energy=-266.32224  maxlinkdim=724 maxerr=6.33E-08 time=14.570
After sweep 6 energy=-266.64923  maxlinkdim=1000 maxerr=4.00E-08 time=18.615
After sweep 7 energy=-266.94226  maxlinkdim=1000 maxerr=2.28E-07 time=27.267
After sweep 8 energy=-267.24588  maxlinkdim=1000 maxerr=8.14E-08 time=35.483
After sweep 9 energy=-267.47305  maxlinkdim=1000 maxerr=1.16E-07 time=38.763
After sweep 10 energy=-267.69247  maxlinkdim=1000 maxerr=4.31E-08 time=44.521
After sweep 11 energy=-267.94406  maxlinkdim=1000 maxerr=5.38E-08 time=50.065
After sweep 12 energy=-268.25873  maxlinkdim=1000 maxerr=8.35E-08 time=60.207
After sweep 13 energy=-268.53656  maxlinkdim=1000 maxerr=6.23E-07 time=62.164
After sweep 14 energy=-268.72897  maxlinkdim=1000 maxerr=4.06E-07 time=60.562
After sweep 15 energy=-268.93768  maxlinkdim=1000 maxerr=2.67E-07 time=65.691
After sweep 16 energy=-269.124  maxlinkdim=1000 maxerr=1.93E-06 time=71.654
After sweep 17 energy=-269.25522  maxlinkdim=1000 maxerr=6.03E-07 time=68.151
After sweep 18 energy=-269.35544  maxlinkdim=1000 maxerr=2.47E-06 time=73.332
After sweep 19 energy=-269.44006  maxlinkdim=1000 maxerr=7.83E-07 time=74.962
After sweep 20 energy=-269.49792  maxlinkdim=1000 maxerr=6.88E-07 time=77.490
After sweep 21 energy=-269.55972  maxlinkdim=1000 maxerr=8.19E-07 time=79.891
After sweep 22 energy=-269.61948  maxlinkdim=1000 maxerr=1.81E-06 time=81.425
After sweep 23 energy=-269.6586  maxlinkdim=1000 maxerr=1.32E-06 time=82.868
After sweep 24 energy=-269.69257  maxlinkdim=1000 maxerr=2.80E-06 time=85.941
After sweep 25 energy=-269.7265  maxlinkdim=1000 maxerr=2.25E-06 time=86.635
After sweep 26 energy=-269.7583  maxlinkdim=1000 maxerr=3.29E-06 time=87.169
After sweep 27 energy=-269.80038  maxlinkdim=1000 maxerr=2.16E-06 time=87.831
After sweep 28 energy=-269.8329  maxlinkdim=1000 maxerr=1.91E-06 time=88.011
After sweep 29 energy=-269.85846  maxlinkdim=1000 maxerr=2.01E-06 time=87.615
After sweep 30 energy=-269.87787  maxlinkdim=1000 maxerr=1.84E-06 time=89.173
n0: 0.9355107; n1: 0.9366549; mu0: 1.679999924303869; mu1: 1.68
Trying secant step...
After sweep 1 energy=-251.38582  maxlinkdim=10 maxerr=3.00E-03 time=1.375
After sweep 2 energy=-261.1053  maxlinkdim=20 maxerr=2.02E-03 time=1.502
After sweep 3 energy=-265.39935  maxlinkdim=100 maxerr=1.04E-05 time=2.469
After sweep 4 energy=-265.85352  maxlinkdim=699 maxerr=9.99E-11 time=11.457
After sweep 5 energy=-266.25967  maxlinkdim=1000 maxerr=1.72E-07 time=16.080
After sweep 6 energy=-266.60785  maxlinkdim=1000 maxerr=7.26E-08 time=22.195
After sweep 7 energy=-266.9165  maxlinkdim=1000 maxerr=4.02E-08 time=31.911
After sweep 8 energy=-267.23306  maxlinkdim=1000 maxerr=1.62E-07 time=43.859
After sweep 9 energy=-267.52994  maxlinkdim=1000 maxerr=8.57E-07 time=51.687
After sweep 10 energy=-267.76093  maxlinkdim=1000 maxerr=5.61E-08 time=50.331
After sweep 11 energy=-267.92743  maxlinkdim=1000 maxerr=1.17E-07 time=51.038
After sweep 12 energy=-268.13852  maxlinkdim=1000 maxerr=2.83E-06 time=54.795
After sweep 13 energy=-268.35745  maxlinkdim=1000 maxerr=3.23E-07 time=59.944
After sweep 14 energy=-268.58954  maxlinkdim=1000 maxerr=2.95E-06 time=63.243
After sweep 15 energy=-268.76  maxlinkdim=1000 maxerr=1.93E-06 time=63.053
After sweep 16 energy=-268.91522  maxlinkdim=1000 maxerr=4.08E-06 time=65.412
After sweep 17 energy=-269.05954  maxlinkdim=1000 maxerr=1.03E-05 time=66.430
After sweep 18 energy=-269.18134  maxlinkdim=1000 maxerr=2.02E-06 time=69.247
After sweep 19 energy=-269.2822  maxlinkdim=1000 maxerr=2.09E-06 time=72.114
After sweep 20 energy=-269.37775  maxlinkdim=1000 maxerr=3.67E-06 time=73.572
After sweep 21 energy=-269.45023  maxlinkdim=1000 maxerr=1.41E-06 time=75.699
After sweep 22 energy=-269.5293  maxlinkdim=1000 maxerr=3.42E-06 time=79.187
After sweep 23 energy=-269.6072  maxlinkdim=1000 maxerr=3.07E-06 time=82.659
After sweep 24 energy=-269.65964  maxlinkdim=1000 maxerr=1.92E-06 time=83.519
After sweep 25 energy=-269.69275  maxlinkdim=1000 maxerr=1.68E-06 time=83.776
After sweep 26 energy=-269.7158  maxlinkdim=1000 maxerr=1.79E-06 time=84.807
After sweep 27 energy=-269.7334  maxlinkdim=1000 maxerr=2.44E-06 time=85.508
After sweep 28 energy=-269.75238  maxlinkdim=1000 maxerr=1.84E-06 time=87.257
After sweep 29 energy=-269.76877  maxlinkdim=1000 maxerr=1.90E-06 time=86.889
After sweep 30 energy=-269.7848  maxlinkdim=1000 maxerr=1.89E-06 time=87.903
n0: 0.9366549; n1: 0.9439975; mu0: 1.68; mu1: 1.6800000559055968
Trying secant step...
After sweep 1 energy=-251.27382  maxlinkdim=10 maxerr=2.66E-03 time=1.339
After sweep 2 energy=-261.13712  maxlinkdim=20 maxerr=2.14E-03 time=1.508
After sweep 3 energy=-265.44217  maxlinkdim=100 maxerr=1.12E-05 time=2.156
After sweep 4 energy=-265.87436  maxlinkdim=639 maxerr=9.99E-11 time=11.836
After sweep 5 energy=-266.26938  maxlinkdim=708 maxerr=8.57E-08 time=14.072
After sweep 6 energy=-266.61337  maxlinkdim=867 maxerr=1.26E-08 time=20.396
After sweep 7 energy=-266.96454  maxlinkdim=1000 maxerr=1.19E-08 time=33.658
After sweep 8 energy=-267.28302  maxlinkdim=1000 maxerr=5.39E-08 time=42.617
After sweep 9 energy=-267.52686  maxlinkdim=1000 maxerr=3.04E-08 time=45.945
After sweep 10 energy=-267.74466  maxlinkdim=1000 maxerr=5.42E-07 time=49.203
After sweep 11 energy=-268.00076  maxlinkdim=1000 maxerr=3.69E-07 time=54.824
After sweep 12 energy=-268.20782  maxlinkdim=1000 maxerr=2.74E-07 time=56.889
After sweep 13 energy=-268.4262  maxlinkdim=1000 maxerr=1.34E-06 time=61.360
After sweep 14 energy=-268.65512  maxlinkdim=1000 maxerr=7.52E-07 time=65.138
After sweep 15 energy=-268.83044  maxlinkdim=1000 maxerr=1.47E-06 time=65.293
After sweep 16 energy=-269.0006  maxlinkdim=1000 maxerr=5.21E-06 time=67.257
After sweep 17 energy=-269.1487  maxlinkdim=1000 maxerr=1.24E-05 time=69.830
After sweep 18 energy=-269.27167  maxlinkdim=1000 maxerr=1.90E-06 time=70.095
After sweep 19 energy=-269.37155  maxlinkdim=1000 maxerr=6.61E-07 time=72.029
After sweep 20 energy=-269.4627  maxlinkdim=1000 maxerr=1.24E-06 time=75.122
After sweep 21 energy=-269.53482  maxlinkdim=1000 maxerr=3.24E-06 time=75.658
After sweep 22 energy=-269.58893  maxlinkdim=1000 maxerr=2.24E-06 time=77.614
After sweep 23 energy=-269.63943  maxlinkdim=1000 maxerr=3.88E-06 time=79.187
After sweep 24 energy=-269.67816  maxlinkdim=1000 maxerr=1.67E-06 time=78.785
After sweep 25 energy=-269.73245  maxlinkdim=1000 maxerr=2.88E-06 time=84.638
After sweep 26 energy=-269.76306  maxlinkdim=1000 maxerr=1.97E-06 time=84.628
After sweep 27 energy=-269.78998  maxlinkdim=1000 maxerr=1.97E-06 time=84.398
After sweep 28 energy=-269.81375  maxlinkdim=1000 maxerr=3.49E-06 time=86.165
After sweep 29 energy=-269.8346  maxlinkdim=1000 maxerr=1.73E-06 time=85.918
After sweep 30 energy=-269.85904  maxlinkdim=1000 maxerr=2.14E-06 time=87.725
n0: 0.9366549; n1: 0.9366549; mu0: 1.68; mu1: 1.6800000064343081
Secant unstable (n0 ≈ n1), falling back to bisection...
Densities identical and mu interval small, returning closest to target...
Target density achieved with mu=1.6800000064343081, n=0.9366549
Checking {alpha,beta} vs measured
Alpha not converged.
NOT CONVERGED; updating alpha, beta and continuing...
After sweep 1 energy=-118.75662  maxlinkdim=10 maxerr=1.84E-03 time=1.240
After sweep 2 energy=-124.48122  maxlinkdim=20 maxerr=3.93E-04 time=1.606
After sweep 3 energy=-128.27097  maxlinkdim=100 maxerr=1.29E-06 time=2.797
After sweep 4 energy=-129.37831  maxlinkdim=1000 maxerr=1.44E-10 time=60.352
After sweep 5 energy=-130.93896  maxlinkdim=1000 maxerr=1.01E-08 time=163.387
After sweep 6 energy=-132.02946  maxlinkdim=1000 maxerr=7.62E-08 time=145.030
After sweep 7 energy=-132.94629  maxlinkdim=1000 maxerr=2.16E-08 time=135.474
After sweep 8 energy=-133.6364  maxlinkdim=1000 maxerr=1.43E-09 time=138.416
After sweep 9 energy=-134.29831  maxlinkdim=1000 maxerr=1.19E-09 time=165.397
After sweep 10 energy=-135.01126  maxlinkdim=1000 maxerr=2.48E-08 time=184.636
After sweep 11 energy=-135.58951  maxlinkdim=1000 maxerr=5.51E-08 time=183.911
After sweep 12 energy=-136.1041  maxlinkdim=1000 maxerr=3.95E-09 time=187.671
After sweep 13 energy=-136.7587  maxlinkdim=1000 maxerr=1.57E-07 time=216.173
After sweep 14 energy=-137.34418  maxlinkdim=1000 maxerr=7.80E-08 time=222.979
After sweep 15 energy=-137.6488  maxlinkdim=1000 maxerr=6.32E-09 time=216.331
After sweep 16 energy=-137.86856  maxlinkdim=1000 maxerr=8.45E-09 time=209.065
After sweep 17 energy=-138.09026  maxlinkdim=1000 maxerr=2.27E-08 time=215.117
After sweep 18 energy=-138.26118  maxlinkdim=1000 maxerr=4.36E-08 time=216.751
After sweep 19 energy=-138.44482  maxlinkdim=1000 maxerr=2.78E-07 time=225.820
After sweep 20 energy=-138.59781  maxlinkdim=1000 maxerr=1.46E-07 time=230.140
After sweep 21 energy=-138.68079  maxlinkdim=1000 maxerr=2.04E-08 time=220.052
After sweep 22 energy=-138.73955  maxlinkdim=1000 maxerr=4.31E-07 time=230.594
After sweep 23 energy=-138.80902  maxlinkdim=1000 maxerr=1.11E-06 time=234.912
After sweep 24 energy=-138.87813  maxlinkdim=1000 maxerr=1.89E-06 time=238.795
After sweep 25 energy=-138.94211  maxlinkdim=1000 maxerr=1.67E-07 time=238.075
After sweep 26 energy=-138.99709  maxlinkdim=1000 maxerr=3.28E-06 time=236.357
After sweep 27 energy=-139.06194  maxlinkdim=1000 maxerr=9.06E-07 time=241.527
After sweep 28 energy=-139.11136  maxlinkdim=1000 maxerr=8.20E-07 time=242.508
After sweep 29 energy=-139.15506  maxlinkdim=1000 maxerr=1.72E-06 time=248.023
After sweep 30 energy=-139.19925  maxlinkdim=1000 maxerr=1.85E-06 time=247.560
Not same mu, searching again
After sweep 1 energy=-119.92549  maxlinkdim=10 maxerr=1.54E-03 time=1.338
After sweep 2 energy=-125.40121  maxlinkdim=20 maxerr=5.20E-04 time=1.494
After sweep 3 energy=-129.35208  maxlinkdim=100 maxerr=3.55E-06 time=2.604
After sweep 4 energy=-130.61891  maxlinkdim=1000 maxerr=1.52E-10 time=57.182
After sweep 5 energy=-132.21799  maxlinkdim=1000 maxerr=2.51E-09 time=163.769
After sweep 6 energy=-133.23683  maxlinkdim=1000 maxerr=4.99E-08 time=138.381
After sweep 7 energy=-134.12042  maxlinkdim=1000 maxerr=5.96E-08 time=136.888
After sweep 8 energy=-134.87267  maxlinkdim=1000 maxerr=6.33E-09 time=142.931
After sweep 9 energy=-135.42299  maxlinkdim=1000 maxerr=2.53E-09 time=130.004
After sweep 10 energy=-135.88274  maxlinkdim=1000 maxerr=1.15E-09 time=134.179
After sweep 11 energy=-136.30046  maxlinkdim=1000 maxerr=4.20E-10 time=137.699
After sweep 12 energy=-136.67877  maxlinkdim=1000 maxerr=3.96E-08 time=154.875
After sweep 13 energy=-137.05399  maxlinkdim=1000 maxerr=9.47E-09 time=173.813
After sweep 14 energy=-137.53629  maxlinkdim=1000 maxerr=5.52E-08 time=195.541
After sweep 15 energy=-138.01729  maxlinkdim=1000 maxerr=2.01E-07 time=218.019
After sweep 16 energy=-138.28548  maxlinkdim=1000 maxerr=8.01E-08 time=205.056
After sweep 17 energy=-138.48022  maxlinkdim=1000 maxerr=3.69E-08 time=203.912
After sweep 18 energy=-138.66325  maxlinkdim=1000 maxerr=8.05E-07 time=205.405
After sweep 19 energy=-138.83963  maxlinkdim=1000 maxerr=2.66E-07 time=215.741
After sweep 20 energy=-138.98087  maxlinkdim=1000 maxerr=3.06E-07 time=210.919
After sweep 21 energy=-139.12364  maxlinkdim=1000 maxerr=2.18E-07 time=219.465
After sweep 22 energy=-139.22615  maxlinkdim=1000 maxerr=2.58E-07 time=208.128
After sweep 23 energy=-139.35645  maxlinkdim=1000 maxerr=1.17E-06 time=214.372
After sweep 24 energy=-139.4868  maxlinkdim=1000 maxerr=2.30E-06 time=227.515
After sweep 25 energy=-139.58864  maxlinkdim=1000 maxerr=4.61E-07 time=224.813
After sweep 26 energy=-139.69067  maxlinkdim=1000 maxerr=1.10E-06 time=232.551
After sweep 27 energy=-139.76247  maxlinkdim=1000 maxerr=3.61E-07 time=224.648
After sweep 28 energy=-139.83173  maxlinkdim=1000 maxerr=1.16E-06 time=235.960
After sweep 29 energy=-139.9043  maxlinkdim=1000 maxerr=4.23E-07 time=242.062
After sweep 30 energy=-139.9805  maxlinkdim=1000 maxerr=1.64E-06 time=239.886
n0: 0.7042677; n1: 0.7099148; mu0: 1.6800000064343081; mu1: 1.6900000064343081
n_target > n1 and n_target > n0 triggered
After sweep 1 energy=-121.18056  maxlinkdim=10 maxerr=1.53E-03 time=1.323
After sweep 2 energy=-127.33382  maxlinkdim=20 maxerr=5.17E-04 time=1.481
After sweep 3 energy=-131.07635  maxlinkdim=100 maxerr=1.88E-06 time=2.576
After sweep 4 energy=-132.15659  maxlinkdim=1000 maxerr=1.54E-10 time=55.448
After sweep 5 energy=-133.48221  maxlinkdim=1000 maxerr=1.20E-07 time=162.523
After sweep 6 energy=-134.3567  maxlinkdim=1000 maxerr=3.21E-08 time=159.531
After sweep 7 energy=-135.0385  maxlinkdim=1000 maxerr=1.38E-08 time=124.249
After sweep 8 energy=-135.68903  maxlinkdim=1000 maxerr=1.25E-08 time=133.721
After sweep 9 energy=-136.33531  maxlinkdim=1000 maxerr=8.21E-08 time=147.706
After sweep 10 energy=-136.84584  maxlinkdim=1000 maxerr=7.16E-09 time=144.276
After sweep 11 energy=-137.39429  maxlinkdim=1000 maxerr=4.27E-08 time=172.285
After sweep 12 energy=-137.92076  maxlinkdim=1000 maxerr=1.19E-08 time=175.191
After sweep 13 energy=-138.41647  maxlinkdim=1000 maxerr=4.60E-07 time=185.765
After sweep 14 energy=-138.76892  maxlinkdim=1000 maxerr=1.65E-07 time=193.325
After sweep 15 energy=-139.05145  maxlinkdim=1000 maxerr=2.74E-07 time=197.881
After sweep 16 energy=-139.28252  maxlinkdim=1000 maxerr=7.48E-07 time=195.763
After sweep 17 energy=-139.46062  maxlinkdim=1000 maxerr=3.47E-07 time=196.211
After sweep 18 energy=-139.60135  maxlinkdim=1000 maxerr=1.89E-07 time=196.589
After sweep 19 energy=-139.80869  maxlinkdim=1000 maxerr=9.73E-08 time=205.535
After sweep 20 energy=-139.99045  maxlinkdim=1000 maxerr=1.01E-06 time=226.404
After sweep 21 energy=-140.07018  maxlinkdim=1000 maxerr=6.37E-08 time=200.107
After sweep 22 energy=-140.15128  maxlinkdim=1000 maxerr=5.97E-07 time=223.754
After sweep 23 energy=-140.23108  maxlinkdim=1000 maxerr=8.07E-07 time=216.035
After sweep 24 energy=-140.33572  maxlinkdim=1000 maxerr=2.35E-06 time=232.419
After sweep 25 energy=-140.44908  maxlinkdim=1000 maxerr=7.86E-07 time=232.270
After sweep 26 energy=-140.54437  maxlinkdim=1000 maxerr=1.58E-07 time=240.511
After sweep 27 energy=-140.63228  maxlinkdim=1000 maxerr=1.24E-06 time=242.736
After sweep 28 energy=-140.71829  maxlinkdim=1000 maxerr=1.17E-06 time=243.948
After sweep 29 energy=-140.76982  maxlinkdim=1000 maxerr=1.60E-06 time=240.011
After sweep 30 energy=-140.83131  maxlinkdim=1000 maxerr=7.41E-07 time=242.278
n0: 0.7099148; n1: 0.70986384; mu0: 1.6900000064343081; mu1: 1.7000000064343082
n_target > n1 and n_target > n0 triggered
After sweep 1 energy=-124.78259  maxlinkdim=10 maxerr=1.74E-03 time=1.234
After sweep 2 energy=-130.06354  maxlinkdim=20 maxerr=4.53E-04 time=1.605
After sweep 3 energy=-133.23636  maxlinkdim=100 maxerr=1.72E-06 time=2.779
After sweep 4 energy=-134.07947  maxlinkdim=1000 maxerr=1.28E-10 time=54.411
After sweep 5 energy=-135.19336  maxlinkdim=1000 maxerr=1.45E-08 time=149.753
After sweep 6 energy=-136.04668  maxlinkdim=1000 maxerr=4.00E-09 time=136.412
After sweep 7 energy=-136.72711  maxlinkdim=1000 maxerr=3.38E-10 time=103.497
After sweep 8 energy=-137.44382  maxlinkdim=1000 maxerr=1.56E-09 time=119.340
Inheriting alpha/beta/mu from results_L_64_U_8.0_t0_1.0_t_p_0.1_chi_1000_gpu.h5
Running with t0=1.0 t_p=0.15 U=8.0 L=64 chi_max=1000 E_p=0.134 mu_init=1.6014193942089805
After sweep 1 energy=-238.62502  maxlinkdim=10 maxerr=4.84E-03 time=31.520
After sweep 2 energy=-246.22916  maxlinkdim=20 maxerr=1.90E-03 time=1.648
After sweep 3 energy=-250.26566  maxlinkdim=100 maxerr=2.62E-05 time=2.790
After sweep 4 energy=-250.66734  maxlinkdim=1000 maxerr=1.33E-10 time=42.734
After sweep 5 energy=-250.96964  maxlinkdim=943 maxerr=1.56E-08 time=68.492
After sweep 6 energy=-251.18419  maxlinkdim=1000 maxerr=4.58E-08 time=52.256
After sweep 7 energy=-251.38895  maxlinkdim=1000 maxerr=3.86E-08 time=69.005
After sweep 8 energy=-251.54845  maxlinkdim=1000 maxerr=1.01E-07 time=75.627
After sweep 9 energy=-251.71017  maxlinkdim=1000 maxerr=4.91E-08 time=86.092
After sweep 10 energy=-251.92604  maxlinkdim=1000 maxerr=2.58E-08 time=106.319
After sweep 11 energy=-252.09053  maxlinkdim=1000 maxerr=2.56E-07 time=112.693
After sweep 12 energy=-252.24886  maxlinkdim=1000 maxerr=7.65E-08 time=115.052
After sweep 13 energy=-252.4669  maxlinkdim=1000 maxerr=1.37E-07 time=123.176
After sweep 14 energy=-252.68633  maxlinkdim=1000 maxerr=3.00E-06 time=135.463
After sweep 15 energy=-252.83748  maxlinkdim=1000 maxerr=1.79E-07 time=126.361
After sweep 16 energy=-252.94386  maxlinkdim=1000 maxerr=9.85E-08 time=123.602
After sweep 17 energy=-253.10468  maxlinkdim=1000 maxerr=5.16E-06 time=140.383
After sweep 18 energy=-253.27943  maxlinkdim=1000 maxerr=2.81E-06 time=151.072
After sweep 19 energy=-253.42946  maxlinkdim=1000 maxerr=8.77E-07 time=168.202
After sweep 20 energy=-253.5345  maxlinkdim=1000 maxerr=5.62E-07 time=173.254
After sweep 21 energy=-253.63521  maxlinkdim=1000 maxerr=3.32E-07 time=182.184
After sweep 22 energy=-253.71596  maxlinkdim=1000 maxerr=2.18E-06 time=179.424
After sweep 23 energy=-253.76915  maxlinkdim=1000 maxerr=7.93E-07 time=185.906
After sweep 24 energy=-253.82825  maxlinkdim=1000 maxerr=5.14E-07 time=184.736
After sweep 25 energy=-253.86963  maxlinkdim=1000 maxerr=3.83E-07 time=184.042
After sweep 26 energy=-253.90723  maxlinkdim=1000 maxerr=2.09E-07 time=187.314
After sweep 27 energy=-253.92863  maxlinkdim=1000 maxerr=5.49E-07 time=190.602
After sweep 28 energy=-253.96225  maxlinkdim=1000 maxerr=3.82E-07 time=192.277
After sweep 29 energy=-253.97392  maxlinkdim=1000 maxerr=4.84E-07 time=194.286
After sweep 30 energy=-253.98035  maxlinkdim=1000 maxerr=2.50E-07 time=193.937
Not same mu, searching again
After sweep 1 energy=-252.7381  maxlinkdim=1000 maxerr=3.01E-05 time=289.302
After sweep 2 energy=-252.7711  maxlinkdim=1000 maxerr=8.18E-06 time=286.704
After sweep 3 energy=-252.79384  maxlinkdim=1000 maxerr=2.05E-06 time=286.995
After sweep 4 energy=-252.80254  maxlinkdim=1000 maxerr=7.55E-07 time=286.060
After sweep 5 energy=-252.80434  maxlinkdim=1000 maxerr=3.48E-07 time=194.505
After sweep 6 energy=-252.80505  maxlinkdim=1000 maxerr=3.51E-07 time=194.411
After sweep 7 energy=-252.80609  maxlinkdim=1000 maxerr=3.56E-07 time=194.495
After sweep 8 energy=-252.80853  maxlinkdim=1000 maxerr=3.72E-07 time=194.866
After sweep 9 energy=-252.80775  maxlinkdim=1000 maxerr=3.64E-07 time=194.200
After sweep 10 energy=-252.80661  maxlinkdim=1000 maxerr=3.66E-07 time=194.402
After sweep 11 energy=-252.80806  maxlinkdim=1000 maxerr=3.61E-07 time=194.481
After sweep 12 energy=-252.80905  maxlinkdim=1000 maxerr=3.62E-07 time=194.328
After sweep 13 energy=-252.80902  maxlinkdim=1000 maxerr=3.71E-07 time=194.283
Energy converged after sweep 13, stopping DMRG early
n0: 0.9288955; n1: 0.9396845; mu0: 1.5914193942089805; mu1: 1.6014193942089805

Range found between mu0: 1.5914193942089805 (n0: 0.9288955) and mu1: 1.6014193942089805 (n1: 0.9396845); refining...
n0: 0.9288955; n1: 0.9396845; mu0: 1.5914193942089805; mu1: 1.6014193942089805
Trying secant step...
After sweep 1 energy=-253.71869  maxlinkdim=1000 maxerr=3.20E-05 time=287.692
After sweep 2 energy=-253.74234  maxlinkdim=1000 maxerr=7.43E-06 time=286.789
After sweep 3 energy=-253.75784  maxlinkdim=1000 maxerr=1.81E-06 time=286.785
After sweep 4 energy=-253.7623  maxlinkdim=1000 maxerr=6.53E-07 time=285.953
After sweep 5 energy=-253.76445  maxlinkdim=1000 maxerr=2.62E-07 time=194.481
After sweep 6 energy=-253.76259  maxlinkdim=1000 maxerr=2.85E-07 time=195.020
After sweep 7 energy=-253.76257  maxlinkdim=1000 maxerr=2.86E-07 time=194.424
Energy converged after sweep 7, stopping DMRG early
n0: 0.9349846; n1: 0.9396845; mu0: 1.5993946441951692; mu1: 1.6014193942089805
Trying secant step...
After sweep 1 energy=-253.85126  maxlinkdim=1000 maxerr=2.92E-05 time=288.789
After sweep 2 energy=-253.87314  maxlinkdim=1000 maxerr=7.04E-06 time=286.915
After sweep 3 energy=-253.8886  maxlinkdim=1000 maxerr=1.75E-06 time=286.153
After sweep 4 energy=-253.89227  maxlinkdim=1000 maxerr=6.23E-07 time=286.198
After sweep 5 energy=-253.89256  maxlinkdim=1000 maxerr=2.58E-07 time=194.319
After sweep 6 energy=-253.89436  maxlinkdim=1000 maxerr=2.73E-07 time=194.393
After sweep 7 energy=-253.89299  maxlinkdim=1000 maxerr=2.74E-07 time=194.336
After sweep 8 energy=-253.89333  maxlinkdim=1000 maxerr=2.79E-07 time=194.333
After sweep 9 energy=-253.89433  maxlinkdim=1000 maxerr=2.81E-07 time=194.800
After sweep 10 energy=-253.8945  maxlinkdim=1000 maxerr=2.82E-07 time=194.346
Energy converged after sweep 10, stopping DMRG early
FOUND MU (secant); mu: 1.6004782889851257  n: 0.935884
Target density achieved with mu=1.6004782889851257, n=0.935884
Checking {alpha,beta} vs measured
Alpha not converged.
NOT CONVERGED; updating alpha, beta and continuing...
After sweep 1 energy=-250.38806  maxlinkdim=1000 maxerr=2.40E-05 time=378.536
After sweep 2 energy=-250.42653  maxlinkdim=1000 maxerr=3.51E-06 time=375.328
After sweep 3 energy=-250.45499  maxlinkdim=1000 maxerr=4.17E-07 time=375.178
After sweep 4 energy=-250.46268  maxlinkdim=1000 maxerr=9.22E-08 time=375.181
After sweep 5 energy=-250.46371  maxlinkdim=1000 maxerr=8.76E-08 time=257.592
After sweep 6 energy=-250.46379  maxlinkdim=1000 maxerr=6.28E-08 time=256.768
Energy converged after sweep 6, stopping DMRG early
Not same mu, searching again
After sweep 1 energy=-249.1808  maxlinkdim=1000 maxerr=1.03E-05 time=375.913
After sweep 2 energy=-249.19223  maxlinkdim=1000 maxerr=2.08E-06 time=375.828
After sweep 3 energy=-249.20493  maxlinkdim=1000 maxerr=4.41E-07 time=374.574
After sweep 4 energy=-249.20831  maxlinkdim=1000 maxerr=1.09E-07 time=374.688
After sweep 5 energy=-249.20776  maxlinkdim=1000 maxerr=3.55E-08 time=257.442
After sweep 6 energy=-249.2091  maxlinkdim=1000 maxerr=3.64E-08 time=257.236
After sweep 7 energy=-249.20888  maxlinkdim=1000 maxerr=1.59E-08 time=257.335
Energy converged after sweep 7, stopping DMRG early
n0: 0.9785507; n1: 0.9827115; mu0: 1.5904782889851257; mu1: 1.6004782889851257
n_target < n1 and n_target < n0 triggered
After sweep 1 energy=-247.92819  maxlinkdim=1000 maxerr=1.34E-05 time=376.765
After sweep 2 energy=-247.94078  maxlinkdim=1000 maxerr=2.75E-06 time=375.433
After sweep 3 energy=-247.95364  maxlinkdim=1000 maxerr=5.71E-07 time=374.552
After sweep 4 energy=-247.95787  maxlinkdim=1000 maxerr=1.50E-07 time=374.600
After sweep 5 energy=-247.95882  maxlinkdim=1000 maxerr=3.88E-08 time=257.454
After sweep 6 energy=-247.95915  maxlinkdim=1000 maxerr=3.96E-08 time=257.441
After sweep 7 energy=-247.95872  maxlinkdim=1000 maxerr=6.48E-08 time=257.765
After sweep 8 energy=-247.95827  maxlinkdim=1000 maxerr=1.10E-07 time=257.214
After sweep 9 energy=-247.95886  maxlinkdim=1000 maxerr=7.91E-08 time=257.208
After sweep 10 energy=-247.95862  maxlinkdim=1000 maxerr=4.80E-08 time=257.281
Energy converged after sweep 10, stopping DMRG early
n0: 0.9729191; n1: 0.9785507; mu0: 1.5804782889851257; mu1: 1.5904782889851257
n_target < n1 and n_target < n0 triggered
After sweep 1 energy=-244.22038  maxlinkdim=1000 maxerr=2.30E-05 time=375.970
After sweep 2 energy=-244.2385  maxlinkdim=1000 maxerr=5.15E-06 time=375.876
After sweep 3 energy=-244.25409  maxlinkdim=1000 maxerr=1.12E-06 time=375.466
After sweep 4 energy=-244.2586  maxlinkdim=1000 maxerr=3.10E-07 time=374.656
After sweep 5 energy=-244.2594  maxlinkdim=1000 maxerr=6.07E-08 time=258.106
After sweep 6 energy=-244.25754  maxlinkdim=1000 maxerr=6.08E-08 time=258.219
After sweep 7 energy=-244.25749  maxlinkdim=1000 maxerr=6.48E-08 time=257.327
Energy converged after sweep 7, stopping DMRG early
n0: 0.9504042; n1: 0.9729191; mu0: 1.5504782889851256; mu1: 1.5804782889851257
n_target < n1 and n_target < n0 triggered
After sweep 1 energy=-233.57259  maxlinkdim=1000 maxerr=6.73E-05 time=376.193
After sweep 2 energy=-233.63062  maxlinkdim=1000 maxerr=1.23E-05 time=376.342
After sweep 3 energy=-233.6641  maxlinkdim=1000 maxerr=3.36E-06 time=375.817
After sweep 4 energy=-233.67549  maxlinkdim=1000 maxerr=9.82E-07 time=374.992
After sweep 5 energy=-233.67671  maxlinkdim=1000 maxerr=3.23E-07 time=257.973
After sweep 6 energy=-233.67676  maxlinkdim=1000 maxerr=3.41E-07 time=258.435
Energy converged after sweep 6, stopping DMRG early
n0: 0.89135414; n1: 0.9504042; mu0: 1.4604782889851256; mu1: 1.5504782889851256

Range found between mu0: 1.4604782889851256 (n0: 0.89135414) and mu1: 1.5504782889851256 (n1: 0.9504042); refining...
n0: 0.89135414; n1: 0.9504042; mu0: 1.4604782889851256; mu1: 1.5504782889851256
Trying secant step...
After sweep 1 energy=-241.7823  maxlinkdim=1000 maxerr=8.42E-05 time=376.345
After sweep 2 energy=-241.83966  maxlinkdim=1000 maxerr=1.13E-05 time=376.197
After sweep 3 energy=-241.87079  maxlinkdim=1000 maxerr=1.79E-06 time=375.868
After sweep 4 energy=-241.87822  maxlinkdim=1000 maxerr=4.97E-07 time=375.172
After sweep 5 energy=-241.88234  maxlinkdim=1000 maxerr=1.07E-07 time=258.346
After sweep 6 energy=-241.8824  maxlinkdim=1000 maxerr=1.11E-07 time=257.593
Energy converged after sweep 6, stopping DMRG early
n0: 0.93383044; n1: 0.9504042; mu0: 1.5308105705326438; mu1: 1.5504782889851256
Trying secant step...
After sweep 1 energy=-242.36197  maxlinkdim=1000 maxerr=4.96E-05 time=376.315
After sweep 2 energy=-242.38252  maxlinkdim=1000 maxerr=8.27E-06 time=375.924
After sweep 3 energy=-242.39996  maxlinkdim=1000 maxerr=1.56E-06 time=375.443
After sweep 4 energy=-242.40387  maxlinkdim=1000 maxerr=4.28E-07 time=374.489
After sweep 5 energy=-242.40324  maxlinkdim=1000 maxerr=8.79E-08 time=257.647
After sweep 6 energy=-242.4041  maxlinkdim=1000 maxerr=9.48E-08 time=257.727
After sweep 7 energy=-242.40373  maxlinkdim=1000 maxerr=9.57E-08 time=257.993
After sweep 8 energy=-242.40334  maxlinkdim=1000 maxerr=1.01E-07 time=257.464
After sweep 9 energy=-242.40381  maxlinkdim=1000 maxerr=9.86E-08 time=257.615
After sweep 10 energy=-242.40509  maxlinkdim=1000 maxerr=1.01E-07 time=257.457
After sweep 11 energy=-242.40332  maxlinkdim=1000 maxerr=1.18E-07 time=257.583
After sweep 12 energy=-242.40385  maxlinkdim=1000 maxerr=1.01E-07 time=258.224
After sweep 13 energy=-242.40314  maxlinkdim=1000 maxerr=1.05E-07 time=257.605
After sweep 14 energy=-242.40428  maxlinkdim=1000 maxerr=1.04E-07 time=257.369
After sweep 15 energy=-242.40335  maxlinkdim=1000 maxerr=1.03E-07 time=257.474
After sweep 16 energy=-242.40479  maxlinkdim=1000 maxerr=1.01E-07 time=257.539
After sweep 17 energy=-242.4041  maxlinkdim=1000 maxerr=1.05E-07 time=258.072
After sweep 18 energy=-242.40404  maxlinkdim=1000 maxerr=1.01E-07 time=257.519
Energy converged after sweep 18, stopping DMRG early
FOUND MU (secant); mu: 1.535165150038391  n: 0.9377813
Target density achieved with mu=1.535165150038391, n=0.9377813
Checking {alpha,beta} vs measured
Alpha not converged.
NOT CONVERGED; updating alpha, beta and continuing...
After sweep 1 energy=-240.96  maxlinkdim=1000 maxerr=2.90E-05 time=377.863
After sweep 2 energy=-240.98254  maxlinkdim=1000 maxerr=4.17E-06 time=375.860
After sweep 3 energy=-240.99774  maxlinkdim=1000 maxerr=7.36E-07 time=374.912
After sweep 4 energy=-241.00261  maxlinkdim=1000 maxerr=2.02E-07 time=374.591
After sweep 5 energy=-241.00226  maxlinkdim=1000 maxerr=9.79E-08 time=257.764
After sweep 6 energy=-241.0029  maxlinkdim=1000 maxerr=3.52E-08 time=257.538
After sweep 7 energy=-241.00171  maxlinkdim=1000 maxerr=3.58E-08 time=257.396
After sweep 8 energy=-241.00204  maxlinkdim=1000 maxerr=3.56E-08 time=256.796
After sweep 9 energy=-241.00134  maxlinkdim=1000 maxerr=3.66E-08 time=257.402
After sweep 10 energy=-241.00148  maxlinkdim=1000 maxerr=6.83E-08 time=257.340
Energy converged after sweep 10, stopping DMRG early
Not same mu, searching again
After sweep 1 energy=-239.75014  maxlinkdim=1000 maxerr=2.41E-05 time=375.924
After sweep 2 energy=-239.76556  maxlinkdim=1000 maxerr=4.48E-06 time=375.336
After sweep 3 energy=-239.77823  maxlinkdim=1000 maxerr=8.59E-07 time=375.289
After sweep 4 energy=-239.7815  maxlinkdim=1000 maxerr=2.38E-07 time=374.646
After sweep 5 energy=-239.7825  maxlinkdim=1000 maxerr=4.11E-08 time=258.035
After sweep 6 energy=-239.78242  maxlinkdim=1000 maxerr=7.03E-08 time=257.395
Energy converged after sweep 6, stopping DMRG early
n0: 0.94794023; n1: 0.95493543; mu0: 1.525165150038391; mu1: 1.535165150038391
n_target < n1 and n_target < n0 triggered
After sweep 1 energy=-238.53911  maxlinkdim=1000 maxerr=2.95E-05 time=376.059
After sweep 2 energy=-238.55725  maxlinkdim=1000 maxerr=5.29E-06 time=375.521
After sweep 3 energy=-238.56813  maxlinkdim=1000 maxerr=1.02E-06 time=375.390
After sweep 4 energy=-238.57176  maxlinkdim=1000 maxerr=2.85E-07 time=374.949
After sweep 5 energy=-238.57347  maxlinkdim=1000 maxerr=5.25E-08 time=257.526
After sweep 6 energy=-238.5732  maxlinkdim=1000 maxerr=5.67E-08 time=257.445
After sweep 7 energy=-238.5725  maxlinkdim=1000 maxerr=5.92E-08 time=257.595
After sweep 8 energy=-238.57127  maxlinkdim=1000 maxerr=5.85E-08 time=257.642
After sweep 9 energy=-238.57193  maxlinkdim=1000 maxerr=5.91E-08 time=257.688
After sweep 10 energy=-238.57079  maxlinkdim=1000 maxerr=5.95E-08 time=257.504
After sweep 11 energy=-238.57172  maxlinkdim=1000 maxerr=5.75E-08 time=257.564
After sweep 12 energy=-238.572  maxlinkdim=1000 maxerr=5.77E-08 time=258.127
After sweep 13 energy=-238.57367  maxlinkdim=1000 maxerr=5.77E-08 time=257.524
After sweep 14 energy=-238.5733  maxlinkdim=1000 maxerr=5.92E-08 time=257.588
After sweep 15 energy=-238.57164  maxlinkdim=1000 maxerr=5.80E-08 time=257.722
After sweep 16 energy=-238.57224  maxlinkdim=1000 maxerr=5.77E-08 time=257.510
After sweep 17 energy=-238.57211  maxlinkdim=1000 maxerr=7.11E-08 time=257.545
Energy converged after sweep 17, stopping DMRG early
n0: 0.94072676; n1: 0.94794023; mu0: 1.515165150038391; mu1: 1.525165150038391
n_target < n1 and n_target < n0 triggered
After sweep 1 energy=-234.95439  maxlinkdim=1000 maxerr=4.13E-05 time=376.316
After sweep 2 energy=-234.97731  maxlinkdim=1000 maxerr=7.78E-06 time=376.202
After sweep 3 energy=-234.99138  maxlinkdim=1000 maxerr=1.54E-06 time=375.296
After sweep 4 energy=-234.99455  maxlinkdim=1000 maxerr=4.60E-07 time=375.242
After sweep 5 energy=-234.99548  maxlinkdim=1000 maxerr=1.03E-07 time=257.747
After sweep 6 energy=-234.99509  maxlinkdim=1000 maxerr=1.09E-07 time=257.672
After sweep 7 energy=-234.99733  maxlinkdim=1000 maxerr=1.13E-07 time=257.690
After sweep 8 energy=-234.99553  maxlinkdim=1000 maxerr=1.15E-07 time=257.623
After sweep 9 energy=-234.99481  maxlinkdim=1000 maxerr=1.17E-07 time=258.296
After sweep 10 energy=-234.99483  maxlinkdim=1000 maxerr=1.19E-07 time=257.545
Energy converged after sweep 10, stopping DMRG early
n0: 0.9198286; n1: 0.94072676; mu0: 1.485165150038391; mu1: 1.515165150038391

Range found between mu0: 1.485165150038391 (n0: 0.9198286) and mu1: 1.515165150038391 (n1: 0.94072676); refining...
n0: 0.9198286; n1: 0.94072676; mu0: 1.485165150038391; mu1: 1.515165150038391
Trying secant step...
After sweep 1 energy=-237.97421  maxlinkdim=1000 maxerr=3.96E-05 time=377.775
After sweep 2 energy=-237.99649  maxlinkdim=1000 maxerr=6.25E-06 time=375.605
After sweep 3 energy=-238.01015  maxlinkdim=1000 maxerr=1.17E-06 time=375.669
After sweep 4 energy=-238.01312  maxlinkdim=1000 maxerr=3.12E-07 time=375.225
After sweep 5 energy=-238.01468  maxlinkdim=1000 maxerr=5.88E-08 time=257.619
After sweep 6 energy=-238.01413  maxlinkdim=1000 maxerr=6.50E-08 time=257.464
After sweep 7 energy=-238.01308  maxlinkdim=1000 maxerr=1.06E-07 time=257.518
After sweep 8 energy=-238.01389  maxlinkdim=1000 maxerr=6.57E-08 time=257.626
After sweep 9 energy=-238.01303  maxlinkdim=1000 maxerr=6.44E-08 time=257.528
After sweep 10 energy=-238.01408  maxlinkdim=1000 maxerr=6.95E-08 time=257.726
After sweep 11 energy=-238.01373  maxlinkdim=1000 maxerr=6.39E-08 time=258.059
After sweep 12 energy=-238.01433  maxlinkdim=1000 maxerr=6.46E-08 time=257.320
After sweep 13 energy=-238.01358  maxlinkdim=1000 maxerr=6.50E-08 time=257.642
After sweep 14 energy=-238.01433  maxlinkdim=1000 maxerr=6.37E-08 time=257.591
After sweep 15 energy=-238.01385  maxlinkdim=1000 maxerr=6.42E-08 time=257.567
After sweep 16 energy=-238.0136  maxlinkdim=1000 maxerr=6.47E-08 time=257.926
After sweep 17 energy=-238.01488  maxlinkdim=1000 maxerr=6.76E-08 time=257.601
After sweep 18 energy=-238.01443  maxlinkdim=1000 maxerr=6.41E-08 time=257.509
After sweep 19 energy=-238.0139  maxlinkdim=1000 maxerr=6.71E-08 time=257.553
After sweep 20 energy=-238.01447  maxlinkdim=1000 maxerr=6.57E-08 time=257.502
After sweep 21 energy=-238.01357  maxlinkdim=1000 maxerr=6.41E-08 time=257.470
After sweep 22 energy=-238.01292  maxlinkdim=1000 maxerr=6.46E-08 time=257.865
After sweep 23 energy=-238.01337  maxlinkdim=1000 maxerr=6.52E-08 time=258.405
After sweep 24 energy=-238.01582  maxlinkdim=1000 maxerr=6.48E-08 time=257.483
After sweep 25 energy=-238.01387  maxlinkdim=1000 maxerr=6.50E-08 time=257.501
After sweep 26 energy=-238.01358  maxlinkdim=1000 maxerr=6.43E-08 time=257.609
After sweep 27 energy=-238.01451  maxlinkdim=1000 maxerr=6.49E-08 time=257.575
After sweep 28 energy=-238.01501  maxlinkdim=1000 maxerr=1.42E-07 time=257.586
After sweep 29 energy=-238.01352  maxlinkdim=1000 maxerr=6.49E-08 time=257.666
After sweep 30 energy=-238.01416  maxlinkdim=1000 maxerr=6.49E-08 time=257.917
FOUND MU (secant); mu: 1.5105330342868357  n: 0.9373729
Target density achieved with mu=1.5105330342868357, n=0.9373729
Checking {alpha,beta} vs measured
Alpha not converged.
NOT CONVERGED; updating alpha, beta and continuing...
After sweep 1 energy=-237.41452  maxlinkdim=1000 maxerr=2.77E-05 time=377.707
After sweep 2 energy=-237.43312  maxlinkdim=1000 maxerr=4.36E-06 time=374.666
After sweep 3 energy=-237.44753  maxlinkdim=1000 maxerr=8.20E-07 time=374.213
After sweep 4 energy=-237.44986  maxlinkdim=1000 maxerr=2.20E-07 time=374.239
After sweep 5 energy=-237.45064  maxlinkdim=1000 maxerr=3.71E-08 time=257.249
After sweep 6 energy=-237.45058  maxlinkdim=1000 maxerr=4.28E-08 time=256.705
Energy converged after sweep 6, stopping DMRG early
Not same mu, searching again
After sweep 1 energy=-236.21341  maxlinkdim=1000 maxerr=2.79E-05 time=377.632
After sweep 2 energy=-236.23015  maxlinkdim=1000 maxerr=4.77E-06 time=375.347
After sweep 3 energy=-236.24185  maxlinkdim=1000 maxerr=9.30E-07 time=374.703
After sweep 4 energy=-236.24706  maxlinkdim=1000 maxerr=2.57E-07 time=373.829
After sweep 5 energy=-236.24722  maxlinkdim=1000 maxerr=4.78E-08 time=257.218
Energy converged after sweep 5, stopping DMRG early
n0: 0.93628836; n1: 0.942828; mu0: 1.5005330342868357; mu1: 1.5105330342868357
FOUND MU; mu: 1.5005330342868357  n: 0.93628836
Target density achieved with mu=1.5005330342868357, n=0.93628836
Checking {alpha,beta} vs measured
Alpha not converged.
NOT CONVERGED; updating alpha, beta and continuing...
After sweep 1 energy=-235.99463  maxlinkdim=1000 maxerr=2.62E-05 time=376.873
After sweep 2 energy=-236.01036  maxlinkdim=1000 maxerr=4.20E-06 time=374.708
After sweep 3 energy=-236.02324  maxlinkdim=1000 maxerr=7.96E-07 time=373.925
After sweep 4 energy=-236.0275  maxlinkdim=1000 maxerr=2.11E-07 time=373.883
After sweep 5 energy=-236.02951  maxlinkdim=1000 maxerr=3.73E-08 time=257.170
After sweep 6 energy=-236.02898  maxlinkdim=1000 maxerr=8.23E-08 time=257.164
After sweep 7 energy=-236.0288  maxlinkdim=1000 maxerr=4.04E-08 time=257.144
Energy converged after sweep 7, stopping DMRG early
Same mu: 1.5005330342868357 and continuing
Target density achieved with mu=1.5005330342868357, n=0.9378828
Checking {alpha,beta} vs measured
Alpha not converged.
NOT CONVERGED; updating alpha, beta and continuing...
After sweep 1 energy=-235.9482  maxlinkdim=1000 maxerr=2.40E-05 time=377.132
After sweep 2 energy=-235.96397  maxlinkdim=1000 maxerr=3.97E-06 time=374.998
After sweep 3 energy=-235.97833  maxlinkdim=1000 maxerr=7.47E-07 time=374.221
After sweep 4 energy=-235.98022  maxlinkdim=1000 maxerr=1.99E-07 time=373.846
After sweep 5 energy=-235.98018  maxlinkdim=1000 maxerr=3.40E-08 time=257.102
Energy converged after sweep 5, stopping DMRG early
Same mu: 1.5005330342868357 and continuing
Target density achieved with mu=1.5005330342868357, n=0.93750894
Checking {alpha,beta} vs measured
Alpha not converged.
NOT CONVERGED; updating alpha, beta and continuing...
After sweep 1 energy=-235.94366  maxlinkdim=1000 maxerr=2.25E-05 time=377.312
After sweep 2 energy=-235.9575  maxlinkdim=1000 maxerr=3.70E-06 time=374.522
After sweep 3 energy=-235.97078  maxlinkdim=1000 maxerr=7.21E-07 time=374.203
After sweep 4 energy=-235.97383  maxlinkdim=1000 maxerr=1.89E-07 time=374.339
After sweep 5 energy=-235.97383  maxlinkdim=1000 maxerr=3.06E-08 time=257.142
Energy converged after sweep 5, stopping DMRG early
Same mu: 1.5005330342868357 and continuing
Target density achieved with mu=1.5005330342868357, n=0.93707156
Checking {alpha,beta} vs measured
Alpha not converged.
NOT CONVERGED; updating alpha, beta and continuing...
After sweep 1 energy=-235.94896  maxlinkdim=1000 maxerr=2.17E-05 time=376.932
After sweep 2 energy=-235.96436  maxlinkdim=1000 maxerr=3.62E-06 time=374.989
After sweep 3 energy=-235.97751  maxlinkdim=1000 maxerr=6.88E-07 time=374.158
After sweep 4 energy=-235.98138  maxlinkdim=1000 maxerr=1.87E-07 time=373.833
After sweep 5 energy=-235.98114  maxlinkdim=1000 maxerr=1.64E-07 time=257.170
After sweep 6 energy=-235.98116  maxlinkdim=1000 maxerr=3.06E-08 time=257.098
Energy converged after sweep 6, stopping DMRG early
Same mu: 1.5005330342868357 and continuing
Target density achieved with mu=1.5005330342868357, n=0.93670404
Checking {alpha,beta} vs measured
Alpha not converged.
NOT CONVERGED; updating alpha, beta and continuing...
After sweep 1 energy=-235.95737  maxlinkdim=1000 maxerr=2.15E-05 time=377.003
After sweep 2 energy=-235.97203  maxlinkdim=1000 maxerr=3.55E-06 time=375.141
After sweep 3 energy=-235.98412  maxlinkdim=1000 maxerr=6.87E-07 time=374.162
After sweep 4 energy=-235.98816  maxlinkdim=1000 maxerr=1.79E-07 time=374.009
After sweep 5 energy=-235.98851  maxlinkdim=1000 maxerr=1.25E-07 time=257.288
After sweep 6 energy=-235.98819  maxlinkdim=1000 maxerr=5.58E-08 time=257.273
After sweep 7 energy=-235.98875  maxlinkdim=1000 maxerr=4.06E-08 time=256.603
After sweep 8 energy=-235.9873  maxlinkdim=1000 maxerr=3.08E-08 time=257.121
After sweep 9 energy=-235.98862  maxlinkdim=1000 maxerr=3.53E-08 time=257.289
After sweep 10 energy=-235.98831  maxlinkdim=1000 maxerr=3.08E-08 time=257.164
After sweep 11 energy=-235.99081  maxlinkdim=1000 maxerr=4.47E-08 time=256.619
After sweep 12 energy=-235.98717  maxlinkdim=1000 maxerr=3.11E-08 time=257.058
After sweep 13 energy=-235.98824  maxlinkdim=1000 maxerr=3.06E-08 time=257.116
After sweep 14 energy=-235.9886  maxlinkdim=1000 maxerr=3.09E-08 time=257.204
After sweep 15 energy=-235.98914  maxlinkdim=1000 maxerr=3.08E-08 time=256.785
After sweep 16 energy=-235.98787  maxlinkdim=1000 maxerr=3.13E-08 time=257.167
After sweep 17 energy=-235.98912  maxlinkdim=1000 maxerr=3.08E-08 time=257.052
After sweep 18 energy=-235.98955  maxlinkdim=1000 maxerr=3.22E-08 time=257.253
After sweep 19 energy=-235.98788  maxlinkdim=1000 maxerr=3.04E-08 time=257.441
After sweep 20 energy=-235.98936  maxlinkdim=1000 maxerr=3.63E-08 time=256.800
After sweep 21 energy=-235.98842  maxlinkdim=1000 maxerr=4.57E-08 time=257.139
After sweep 22 energy=-235.98897  maxlinkdim=1000 maxerr=3.09E-08 time=257.167
After sweep 23 energy=-235.98848  maxlinkdim=1000 maxerr=3.19E-08 time=257.159
After sweep 24 energy=-235.98802  maxlinkdim=1000 maxerr=8.81E-08 time=257.220
After sweep 25 energy=-235.98816  maxlinkdim=1000 maxerr=3.11E-08 time=256.777
Energy converged after sweep 25, stopping DMRG early
Same mu: 1.5005330342868357 and continuing
Target density achieved with mu=1.5005330342868357, n=0.9364884
Checking {alpha,beta} vs measured
Alpha not converged.
NOT CONVERGED; updating alpha, beta and continuing...
After sweep 1 energy=-235.96672  maxlinkdim=1000 maxerr=2.14E-05 time=377.447
After sweep 2 energy=-235.97888  maxlinkdim=1000 maxerr=3.51E-06 time=374.619
After sweep 3 energy=-235.99435  maxlinkdim=1000 maxerr=6.71E-07 time=374.242
After sweep 4 energy=-235.99515  maxlinkdim=1000 maxerr=1.80E-07 time=373.864
After sweep 5 energy=-235.99626  maxlinkdim=1000 maxerr=3.53E-08 time=257.271
After sweep 6 energy=-235.99597  maxlinkdim=1000 maxerr=2.94E-08 time=257.272
After sweep 7 energy=-235.99709  maxlinkdim=1000 maxerr=2.94E-08 time=257.269
After sweep 8 energy=-235.99806  maxlinkdim=1000 maxerr=5.01E-08 time=257.289
After sweep 9 energy=-235.99585  maxlinkdim=1000 maxerr=3.01E-08 time=256.723
After sweep 10 energy=-235.99777  maxlinkdim=1000 maxerr=4.18E-08 time=257.203
After sweep 11 energy=-235.99593  maxlinkdim=1000 maxerr=2.99E-08 time=257.340
After sweep 12 energy=-235.99524  maxlinkdim=1000 maxerr=5.66E-08 time=257.189
After sweep 13 energy=-235.99695  maxlinkdim=1000 maxerr=3.02E-08 time=256.887
After sweep 14 energy=-235.99866  maxlinkdim=1000 maxerr=3.07E-08 time=257.294
After sweep 15 energy=-235.99654  maxlinkdim=1000 maxerr=3.06E-08 time=257.051
After sweep 16 energy=-235.99487  maxlinkdim=1000 maxerr=2.99E-08 time=257.156
After sweep 17 energy=-235.99646  maxlinkdim=1000 maxerr=3.05E-08 time=257.204
After sweep 18 energy=-235.99683  maxlinkdim=1000 maxerr=8.78E-08 time=256.722
After sweep 19 energy=-235.99681  maxlinkdim=1000 maxerr=9.82E-08 time=257.329
Energy converged after sweep 19, stopping DMRG early
Same mu: 1.5005330342868357 and continuing
Target density achieved with mu=1.5005330342868357, n=0.9363164
Checking {alpha,beta} vs measured
Alpha not converged.
NOT CONVERGED; updating alpha, beta and continuing...
After sweep 1 energy=-235.97281  maxlinkdim=1000 maxerr=2.10E-05 time=377.018
After sweep 2 energy=-235.98653  maxlinkdim=1000 maxerr=3.49E-06 time=375.314
After sweep 3 energy=-235.99957  maxlinkdim=1000 maxerr=6.70E-07 time=374.230
After sweep 4 energy=-236.00232  maxlinkdim=1000 maxerr=1.72E-07 time=373.872
After sweep 5 energy=-236.00375  maxlinkdim=1000 maxerr=2.78E-08 time=257.460
After sweep 6 energy=-236.00255  maxlinkdim=1000 maxerr=5.25E-08 time=257.239
After sweep 7 energy=-236.00331  maxlinkdim=1000 maxerr=2.86E-08 time=256.851
After sweep 8 energy=-236.00352  maxlinkdim=1000 maxerr=2.90E-08 time=257.330
Energy converged after sweep 8, stopping DMRG early
Same mu: 1.5005330342868357 and continuing
Target density achieved with mu=1.5005330342868357, n=0.93615663
Checking {alpha,beta} vs measured
Alpha not converged.
NOT CONVERGED; updating alpha, beta and continuing...
After sweep 1 energy=-235.97742  maxlinkdim=1000 maxerr=2.08E-05 time=377.198
After sweep 2 energy=-235.99203  maxlinkdim=1000 maxerr=3.48E-06 time=375.193
After sweep 3 energy=-236.00551  maxlinkdim=1000 maxerr=6.64E-07 time=374.224
After sweep 4 energy=-236.00763  maxlinkdim=1000 maxerr=1.73E-07 time=373.875
After sweep 5 energy=-236.00702  maxlinkdim=1000 maxerr=1.07E-07 time=257.449
After sweep 6 energy=-236.00763  maxlinkdim=1000 maxerr=5.03E-08 time=257.427
After sweep 7 energy=-236.00896  maxlinkdim=1000 maxerr=2.96E-08 time=256.931
After sweep 8 energy=-236.007  maxlinkdim=1000 maxerr=5.53E-08 time=257.399
After sweep 9 energy=-236.00723  maxlinkdim=1000 maxerr=2.93E-08 time=257.352
Energy converged after sweep 9, stopping DMRG early
Same mu: 1.5005330342868357 and continuing
Target density achieved with mu=1.5005330342868357, n=0.9360844
Checking {alpha,beta} vs measured
Alpha not converged.
NOT CONVERGED; updating alpha, beta and continuing...
After sweep 1 energy=-235.98137  maxlinkdim=1000 maxerr=2.06E-05 time=377.117
After sweep 2 energy=-235.996  maxlinkdim=1000 maxerr=3.42E-06 time=375.331
After sweep 3 energy=-236.00883  maxlinkdim=1000 maxerr=6.63E-07 time=374.198
After sweep 4 energy=-236.01077  maxlinkdim=1000 maxerr=1.74E-07 time=374.009
After sweep 5 energy=-236.01091  maxlinkdim=1000 maxerr=2.74E-08 time=257.359
Energy converged after sweep 5, stopping DMRG early
Same mu: 1.5005330342868357 and continuing
Target density achieved with mu=1.5005330342868357, n=0.9360345
Checking {alpha,beta} vs measured
Alpha not converged.
NOT CONVERGED; updating alpha, beta and continuing...
After sweep 1 energy=-235.98538  maxlinkdim=1000 maxerr=2.05E-05 time=377.449
After sweep 2 energy=-235.99911  maxlinkdim=1000 maxerr=3.39E-06 time=374.588
After sweep 3 energy=-236.01163  maxlinkdim=1000 maxerr=6.57E-07 time=374.274
After sweep 4 energy=-236.0145  maxlinkdim=1000 maxerr=1.74E-07 time=374.751
After sweep 5 energy=-236.0148  maxlinkdim=1000 maxerr=7.65E-08 time=256.815
After sweep 6 energy=-236.01514  maxlinkdim=1000 maxerr=2.84E-08 time=257.299
After sweep 7 energy=-236.01509  maxlinkdim=1000 maxerr=2.89E-08 time=257.285
Energy converged after sweep 7, stopping DMRG early
Same mu: 1.5005330342868357 and continuing
Target density achieved with mu=1.5005330342868357, n=0.9359505
Checking {alpha,beta} vs measured
Alpha not converged.
NOT CONVERGED; updating alpha, beta and continuing...
After sweep 1 energy=-235.98694  maxlinkdim=1000 maxerr=2.05E-05 time=377.005
After sweep 2 energy=-236.00053  maxlinkdim=1000 maxerr=3.39E-06 time=375.062
After sweep 3 energy=-236.01215  maxlinkdim=1000 maxerr=6.60E-07 time=374.454
After sweep 4 energy=-236.01518  maxlinkdim=1000 maxerr=1.70E-07 time=374.032
After sweep 5 energy=-236.01784  maxlinkdim=1000 maxerr=2.59E-08 time=257.385
After sweep 6 energy=-236.01585  maxlinkdim=1000 maxerr=5.44E-08 time=256.907
After sweep 7 energy=-236.01778  maxlinkdim=1000 maxerr=2.82E-08 time=257.182
After sweep 8 energy=-236.01747  maxlinkdim=1000 maxerr=5.29E-08 time=257.461
After sweep 9 energy=-236.01564  maxlinkdim=1000 maxerr=4.81E-08 time=257.445
After sweep 10 energy=-236.01776  maxlinkdim=1000 maxerr=2.83E-08 time=257.556
After sweep 11 energy=-236.01588  maxlinkdim=1000 maxerr=2.81E-08 time=256.753
After sweep 12 energy=-236.01659  maxlinkdim=1000 maxerr=4.11E-08 time=257.358
After sweep 13 energy=-236.01744  maxlinkdim=1000 maxerr=2.88E-08 time=257.347
After sweep 14 energy=-236.01555  maxlinkdim=1000 maxerr=2.99E-08 time=256.999
After sweep 15 energy=-236.01717  maxlinkdim=1000 maxerr=5.88E-08 time=257.297
After sweep 16 energy=-236.01762  maxlinkdim=1000 maxerr=2.91E-08 time=257.367
After sweep 17 energy=-236.01715  maxlinkdim=1000 maxerr=2.96E-08 time=257.419
After sweep 18 energy=-236.01733  maxlinkdim=1000 maxerr=2.84E-08 time=256.821
Energy converged after sweep 18, stopping DMRG early
Same mu: 1.5005330342868357 and continuing
Target density achieved with mu=1.5005330342868357, n=0.9359482
Checking {alpha,beta} vs measured
Alpha not converged.
NOT CONVERGED; updating alpha, beta and continuing...
After sweep 1 energy=-235.98787  maxlinkdim=1000 maxerr=2.05E-05 time=377.509
After sweep 2 energy=-236.00218  maxlinkdim=1000 maxerr=3.38E-06 time=374.612
After sweep 3 energy=-236.01414  maxlinkdim=1000 maxerr=6.53E-07 time=374.296
After sweep 4 energy=-236.01784  maxlinkdim=1000 maxerr=1.74E-07 time=373.974
After sweep 5 energy=-236.01784  maxlinkdim=1000 maxerr=2.99E-08 time=257.508
Energy converged after sweep 5, stopping DMRG early
Same mu: 1.5005330342868357 and continuing
Target density achieved with mu=1.5005330342868357, n=0.9359327
Checking {alpha,beta} vs measured
Alpha not converged.
NOT CONVERGED; updating alpha, beta and continuing...
After sweep 1 energy=-235.9901  maxlinkdim=1000 maxerr=2.08E-05 time=376.844
After sweep 2 energy=-236.0031  maxlinkdim=1000 maxerr=3.38E-06 time=375.055
After sweep 3 energy=-236.01602  maxlinkdim=1000 maxerr=6.54E-07 time=374.099
After sweep 4 energy=-236.01807  maxlinkdim=1000 maxerr=1.76E-07 time=373.856
After sweep 5 energy=-236.01958  maxlinkdim=1000 maxerr=2.63E-08 time=257.365
After sweep 6 energy=-236.02026  maxlinkdim=1000 maxerr=4.47E-08 time=257.459
After sweep 7 energy=-236.01923  maxlinkdim=1000 maxerr=2.77E-08 time=256.841
After sweep 8 energy=-236.02037  maxlinkdim=1000 maxerr=2.92E-08 time=257.214
After sweep 9 energy=-236.01973  maxlinkdim=1000 maxerr=2.88E-08 time=257.243
After sweep 10 energy=-236.01852  maxlinkdim=1000 maxerr=2.93E-08 time=257.505
After sweep 11 energy=-236.01884  maxlinkdim=1000 maxerr=2.85E-08 time=256.749
After sweep 12 energy=-236.01883  maxlinkdim=1000 maxerr=3.49E-08 time=257.356
Energy converged after sweep 12, stopping DMRG early
Same mu: 1.5005330342868357 and continuing
Target density achieved with mu=1.5005330342868357, n=0.93587965
Checking {alpha,beta} vs measured
Alpha not converged.
NOT CONVERGED; updating alpha, beta and continuing...
After sweep 1 energy=-235.99016  maxlinkdim=1000 maxerr=2.07E-05 time=377.041
After sweep 2 energy=-236.00418  maxlinkdim=1000 maxerr=3.37E-06 time=375.194
After sweep 3 energy=-236.01598  maxlinkdim=1000 maxerr=6.56E-07 time=374.192
After sweep 4 energy=-236.01857  maxlinkdim=1000 maxerr=1.74E-07 time=373.914
After sweep 5 energy=-236.01933  maxlinkdim=1000 maxerr=3.62E-08 time=257.327
After sweep 6 energy=-236.0202  maxlinkdim=1000 maxerr=2.90E-08 time=257.308
After sweep 7 energy=-236.02068  maxlinkdim=1000 maxerr=2.90E-08 time=256.904
After sweep 8 energy=-236.01833  maxlinkdim=1000 maxerr=4.43E-08 time=257.222
After sweep 9 energy=-236.02017  maxlinkdim=1000 maxerr=2.84E-08 time=257.253
After sweep 10 energy=-236.01845  maxlinkdim=1000 maxerr=2.84E-08 time=257.338
After sweep 11 energy=-236.01964  maxlinkdim=1000 maxerr=2.92E-08 time=257.280
After sweep 12 energy=-236.01892  maxlinkdim=1000 maxerr=5.19E-08 time=256.930
After sweep 13 energy=-236.01894  maxlinkdim=1000 maxerr=2.92E-08 time=257.149
Energy converged after sweep 13, stopping DMRG early
Same mu: 1.5005330342868357 and continuing
Target density achieved with mu=1.5005330342868357, n=0.9358813
Checking {alpha,beta} vs measured
Alpha not converged.
NOT CONVERGED; updating alpha, beta and continuing...
After sweep 1 energy=-235.98792  maxlinkdim=1000 maxerr=2.04E-05 time=376.927
After sweep 2 energy=-236.00473  maxlinkdim=1000 maxerr=3.37E-06 time=375.082
After sweep 3 energy=-236.01688  maxlinkdim=1000 maxerr=6.51E-07 time=374.147
After sweep 4 energy=-236.02022  maxlinkdim=1000 maxerr=1.72E-07 time=374.183
After sweep 5 energy=-236.02058  maxlinkdim=1000 maxerr=2.68E-08 time=257.304
After sweep 6 energy=-236.01918  maxlinkdim=1000 maxerr=4.32E-08 time=257.367
After sweep 7 energy=-236.02017  maxlinkdim=1000 maxerr=2.80E-08 time=257.336
After sweep 8 energy=-236.02083  maxlinkdim=1000 maxerr=2.81E-08 time=256.822
After sweep 9 energy=-236.02002  maxlinkdim=1000 maxerr=2.91E-08 time=257.210
After sweep 10 energy=-236.02174  maxlinkdim=1000 maxerr=4.90E-08 time=257.285
After sweep 11 energy=-236.02016  maxlinkdim=1000 maxerr=2.94E-08 time=257.397
After sweep 12 energy=-236.0202  maxlinkdim=1000 maxerr=2.85E-08 time=257.495
Energy converged after sweep 12, stopping DMRG early
Same mu: 1.5005330342868357 and continuing
Target density achieved with mu=1.5005330342868357, n=0.9358804
Checking {alpha,beta} vs measured
Alpha not converged.
NOT CONVERGED; updating alpha, beta and continuing...
After sweep 1 energy=-235.99065  maxlinkdim=1000 maxerr=2.05E-05 time=377.242
After sweep 2 energy=-236.0039  maxlinkdim=1000 maxerr=3.39E-06 time=374.540
After sweep 3 energy=-236.01648  maxlinkdim=1000 maxerr=6.51E-07 time=374.244
After sweep 4 energy=-236.01976  maxlinkdim=1000 maxerr=1.71E-07 time=374.416
After sweep 5 energy=-236.02249  maxlinkdim=1000 maxerr=1.29E-07 time=256.831
After sweep 6 energy=-236.0205  maxlinkdim=1000 maxerr=3.23E-08 time=257.178
After sweep 7 energy=-236.0202  maxlinkdim=1000 maxerr=2.73E-08 time=257.374
After sweep 8 energy=-236.02065  maxlinkdim=1000 maxerr=3.94E-08 time=257.252
After sweep 9 energy=-236.02179  maxlinkdim=1000 maxerr=2.89E-08 time=256.729
After sweep 10 energy=-236.01982  maxlinkdim=1000 maxerr=1.24E-07 time=257.206
After sweep 11 energy=-236.02037  maxlinkdim=1000 maxerr=2.96E-08 time=257.006
After sweep 12 energy=-236.02132  maxlinkdim=1000 maxerr=6.53E-08 time=257.385
After sweep 13 energy=-236.02168  maxlinkdim=1000 maxerr=6.40E-08 time=256.862
After sweep 14 energy=-236.02106  maxlinkdim=1000 maxerr=2.98E-08 time=257.393
After sweep 15 energy=-236.02145  maxlinkdim=1000 maxerr=2.96E-08 time=257.272
After sweep 16 energy=-236.01985  maxlinkdim=1000 maxerr=7.79E-08 time=257.409
After sweep 17 energy=-236.02052  maxlinkdim=1000 maxerr=2.88E-08 time=257.488
After sweep 18 energy=-236.01976  maxlinkdim=1000 maxerr=2.88E-08 time=256.797
After sweep 19 energy=-236.02061  maxlinkdim=1000 maxerr=3.51E-08 time=257.198
After sweep 20 energy=-236.02151  maxlinkdim=1000 maxerr=1.06E-07 time=257.365
After sweep 21 energy=-236.02  maxlinkdim=1000 maxerr=1.80E-07 time=257.257
After sweep 22 energy=-236.0212  maxlinkdim=1000 maxerr=2.81E-08 time=256.953
After sweep 23 energy=-236.01997  maxlinkdim=1000 maxerr=2.85E-08 time=257.218
After sweep 24 energy=-236.02101  maxlinkdim=1000 maxerr=2.90E-08 time=257.297
After sweep 25 energy=-236.01996  maxlinkdim=1000 maxerr=2.82E-08 time=257.578
Resuming from checkpoint results_L_64_U_8.0_t0_1.0_t_p_0.15_chi_1000_gpu.h5
Resuming with mu_init=1.5005330342868357, psi_resume=loaded
Running with t0=1.0 t_p=0.15 U=8.0 L=64 chi_max=1000 E_p=0.134 mu_init=1.5005330342868357
After sweep 1 energy=-235.98935  maxlinkdim=1000 maxerr=2.04E-05 time=475.602
After sweep 2 energy=-236.00449  maxlinkdim=1000 maxerr=3.37E-06 time=375.808
After sweep 3 energy=-236.01668  maxlinkdim=1000 maxerr=6.52E-07 time=375.868
After sweep 4 energy=-236.02112  maxlinkdim=1000 maxerr=1.74E-07 time=375.958
After sweep 5 energy=-236.0205  maxlinkdim=1000 maxerr=4.69E-08 time=258.990
After sweep 6 energy=-236.02223  maxlinkdim=1000 maxerr=2.75E-08 time=258.595
After sweep 7 energy=-236.02095  maxlinkdim=1000 maxerr=2.77E-08 time=258.597
After sweep 8 energy=-236.0206  maxlinkdim=1000 maxerr=3.03E-08 time=258.597
After sweep 9 energy=-236.01987  maxlinkdim=1000 maxerr=1.13E-07 time=258.393
After sweep 10 energy=-236.01941  maxlinkdim=1000 maxerr=8.97E-08 time=258.635
After sweep 11 energy=-236.02158  maxlinkdim=1000 maxerr=6.37E-08 time=258.681
After sweep 12 energy=-236.01923  maxlinkdim=1000 maxerr=3.69E-08 time=258.630
After sweep 13 energy=-236.02133  maxlinkdim=1000 maxerr=2.93E-08 time=258.622
After sweep 14 energy=-236.02133  maxlinkdim=1000 maxerr=3.81E-08 time=258.692
Energy converged after sweep 14, stopping DMRG early
Same mu: 1.5005330342868357 and continuing
Target density achieved with mu=1.5005330342868357, n=0.93585825
Checking {alpha,beta} vs measured
Alpha not converged.
r = 1, j = 1, j_p = 1, rms_err = 0.0012615231829219721
NOT CONVERGED; updating alpha, beta and continuing...
After sweep 1 energy=-235.99031  maxlinkdim=1000 maxerr=2.00E-05 time=382.882
After sweep 2 energy=-236.00523  maxlinkdim=1000 maxerr=3.31E-06 time=379.804
After sweep 3 energy=-236.01752  maxlinkdim=1000 maxerr=6.43E-07 time=380.016
After sweep 4 energy=-236.02199  maxlinkdim=1000 maxerr=1.70E-07 time=379.156
After sweep 5 energy=-236.02307  maxlinkdim=1000 maxerr=5.86E-08 time=261.234
After sweep 6 energy=-236.02109  maxlinkdim=1000 maxerr=2.73E-08 time=261.298
After sweep 7 energy=-236.02051  maxlinkdim=1000 maxerr=2.83E-08 time=261.373
After sweep 8 energy=-236.02217  maxlinkdim=1000 maxerr=2.83E-08 time=261.374
After sweep 9 energy=-236.02173  maxlinkdim=1000 maxerr=2.89E-08 time=261.181
After sweep 10 energy=-236.02164  maxlinkdim=1000 maxerr=5.01E-08 time=261.232
Energy converged after sweep 10, stopping DMRG early
Same mu: 1.5005330342868357 and continuing
Target density achieved with mu=1.5005330342868357, n=0.93607545
Checking {alpha,beta} vs measured
Alpha not converged.
r = 1, j = 1, j_p = 1, rms_err = 0.001223353935792793
NOT CONVERGED; updating alpha, beta and continuing...
After sweep 1 energy=-235.99551  maxlinkdim=1000 maxerr=2.00E-05 time=382.598
After sweep 2 energy=-236.0104  maxlinkdim=1000 maxerr=3.37E-06 time=379.788
After sweep 3 energy=-236.02208  maxlinkdim=1000 maxerr=6.48E-07 time=379.953
After sweep 4 energy=-236.0265  maxlinkdim=1000 maxerr=1.70E-07 time=379.089
After sweep 5 energy=-236.02649  maxlinkdim=1000 maxerr=5.69E-08 time=261.245
Energy converged after sweep 5, stopping DMRG early
Same mu: 1.5005330342868357 and continuing
Target density achieved with mu=1.5005330342868357, n=0.9361193
Checking {alpha,beta} vs measured
Alpha not converged.
r = 1, j = 1, j_p = 1, rms_err = 0.0018982660234564842
NOT CONVERGED; updating alpha, beta and continuing...
After sweep 1 energy=-235.99716  maxlinkdim=1000 maxerr=1.97E-05 time=382.644
After sweep 2 energy=-236.01247  maxlinkdim=1000 maxerr=3.33E-06 time=379.554
After sweep 3 energy=-236.02725  maxlinkdim=1000 maxerr=6.54E-07 time=379.860
After sweep 4 energy=-236.02911  maxlinkdim=1000 maxerr=1.74E-07 time=378.919
After sweep 5 energy=-236.02911  maxlinkdim=1000 maxerr=3.89E-08 time=261.070
Energy converged after sweep 5, stopping DMRG early
Same mu: 1.5005330342868357 and continuing
Target density achieved with mu=1.5005330342868357, n=0.93611133
Checking {alpha,beta} vs measured
Alpha not converged.
r = 1, j = 1, j_p = 1, rms_err = 0.002023791775234582
NOT CONVERGED; updating alpha, beta and continuing...
After sweep 1 energy=-235.99898  maxlinkdim=1000 maxerr=1.98E-05 time=382.418
After sweep 2 energy=-236.01366  maxlinkdim=1000 maxerr=3.32E-06 time=379.536
After sweep 3 energy=-236.02614  maxlinkdim=1000 maxerr=6.53E-07 time=379.543
After sweep 4 energy=-236.02953  maxlinkdim=1000 maxerr=1.78E-07 time=379.590
After sweep 5 energy=-236.03072  maxlinkdim=1000 maxerr=2.90E-08 time=261.279
After sweep 6 energy=-236.03062  maxlinkdim=1000 maxerr=5.34E-08 time=261.338
Energy converged after sweep 6, stopping DMRG early
Same mu: 1.5005330342868357 and continuing
Target density achieved with mu=1.5005330342868357, n=0.9361009
Checking {alpha,beta} vs measured
Alpha not converged.
r = 1, j = 1, j_p = 1, rms_err = 0.001953865365542039
NOT CONVERGED; updating alpha, beta and continuing...
After sweep 1 energy=-235.99982  maxlinkdim=1000 maxerr=2.01E-05 time=382.569
After sweep 2 energy=-236.01395  maxlinkdim=1000 maxerr=3.33E-06 time=379.720
After sweep 3 energy=-236.02614  maxlinkdim=1000 maxerr=6.52E-07 time=379.870
After sweep 4 energy=-236.02968  maxlinkdim=1000 maxerr=1.73E-07 time=379.888
After sweep 5 energy=-236.03035  maxlinkdim=1000 maxerr=2.87E-08 time=261.512
After sweep 6 energy=-236.0312  maxlinkdim=1000 maxerr=3.84E-08 time=261.398
After sweep 7 energy=-236.03073  maxlinkdim=1000 maxerr=1.41E-07 time=261.333
After sweep 8 energy=-236.03032  maxlinkdim=1000 maxerr=3.88E-08 time=261.592
After sweep 9 energy=-236.03142  maxlinkdim=1000 maxerr=5.87E-08 time=261.375
After sweep 10 energy=-236.03026  maxlinkdim=1000 maxerr=3.08E-08 time=261.344
After sweep 11 energy=-236.02853  maxlinkdim=1000 maxerr=5.67E-08 time=261.306
After sweep 12 energy=-236.03041  maxlinkdim=1000 maxerr=2.99E-08 time=261.199
After sweep 13 energy=-236.02931  maxlinkdim=1000 maxerr=3.06E-08 time=261.270
After sweep 14 energy=-236.02977  maxlinkdim=1000 maxerr=3.14E-08 time=261.360
After sweep 15 energy=-236.03064  maxlinkdim=1000 maxerr=3.12E-08 time=261.074
After sweep 16 energy=-236.0312  maxlinkdim=1000 maxerr=7.29E-08 time=261.106
After sweep 17 energy=-236.02939  maxlinkdim=1000 maxerr=3.42E-08 time=261.046
After sweep 18 energy=-236.03073  maxlinkdim=1000 maxerr=8.42E-08 time=261.254
After sweep 19 energy=-236.03008  maxlinkdim=1000 maxerr=3.09E-08 time=261.110
After sweep 20 energy=-236.0298  maxlinkdim=1000 maxerr=2.99E-08 time=261.226
After sweep 21 energy=-236.03091  maxlinkdim=1000 maxerr=3.09E-08 time=261.227
After sweep 22 energy=-236.02946  maxlinkdim=1000 maxerr=7.85E-08 time=261.077
After sweep 23 energy=-236.0313  maxlinkdim=1000 maxerr=3.04E-08 time=260.997
After sweep 24 energy=-236.02869  maxlinkdim=1000 maxerr=3.03E-08 time=261.301
After sweep 25 energy=-236.03052  maxlinkdim=1000 maxerr=3.04E-08 time=261.306
After sweep 26 energy=-236.03122  maxlinkdim=1000 maxerr=3.09E-08 time=261.282
After sweep 27 energy=-236.03094  maxlinkdim=1000 maxerr=3.07E-08 time=261.447
After sweep 28 energy=-236.02937  maxlinkdim=1000 maxerr=3.11E-08 time=261.280
After sweep 29 energy=-236.0305  maxlinkdim=1000 maxerr=3.52E-08 time=261.344
After sweep 30 energy=-236.03232  maxlinkdim=1000 maxerr=6.28E-08 time=261.301
Same mu: 1.5005330342868357 and continuing
Target density achieved with mu=1.5005330342868357, n=0.93613416
Checking {alpha,beta} vs measured
Alpha not converged.
r = 1, j = 1, j_p = 1, rms_err = 0.0016711152219620457
NOT CONVERGED; updating alpha, beta and continuing...
After sweep 1 energy=-235.99796  maxlinkdim=1000 maxerr=2.01E-05 time=382.486
After sweep 2 energy=-236.01324  maxlinkdim=1000 maxerr=3.34E-06 time=379.725
After sweep 3 energy=-236.02644  maxlinkdim=1000 maxerr=6.46E-07 time=379.934
After sweep 4 energy=-236.02942  maxlinkdim=1000 maxerr=1.72E-07 time=378.831
After sweep 5 energy=-236.03098  maxlinkdim=1000 maxerr=2.86E-08 time=261.275
After sweep 6 energy=-236.03085  maxlinkdim=1000 maxerr=3.08E-08 time=261.228
Energy converged after sweep 6, stopping DMRG early
Same mu: 1.5005330342868357 and continuing
Target density achieved with mu=1.5005330342868357, n=0.93613833
Checking {alpha,beta} vs measured
Alpha not converged.
r = 1, j = 1, j_p = 1, rms_err = 0.001397779269924027
NOT CONVERGED; updating alpha, beta and continuing...
After sweep 1 energy=-236.0  maxlinkdim=1000 maxerr=2.00E-05 time=381.805
After sweep 2 energy=-236.0144  maxlinkdim=1000 maxerr=3.32E-06 time=380.208
After sweep 3 energy=-236.02625  maxlinkdim=1000 maxerr=6.53E-07 time=379.178
After sweep 4 energy=-236.02762  maxlinkdim=1000 maxerr=1.73E-07 time=379.654
After sweep 5 energy=-236.02866  maxlinkdim=1000 maxerr=9.58E-08 time=261.227
After sweep 6 energy=-236.02924  maxlinkdim=1000 maxerr=1.62E-07 time=261.152
After sweep 7 energy=-236.02922  maxlinkdim=1000 maxerr=3.08E-08 time=261.291
Energy converged after sweep 7, stopping DMRG early
Same mu: 1.5005330342868357 and continuing
Target density achieved with mu=1.5005330342868357, n=0.93612367
Checking {alpha,beta} vs measured
Alpha not converged.
r = 1, j = 1, j_p = 1, rms_err = 0.0011590210753655728
NOT CONVERGED; updating alpha, beta and continuing...
After sweep 1 energy=-235.99745  maxlinkdim=1000 maxerr=2.01E-05 time=382.536
After sweep 2 energy=-236.0119  maxlinkdim=1000 maxerr=3.32E-06 time=379.553
After sweep 3 energy=-236.02612  maxlinkdim=1000 maxerr=6.57E-07 time=380.022
After sweep 4 energy=-236.02943  maxlinkdim=1000 maxerr=1.74E-07 time=379.052
After sweep 5 energy=-236.02995  maxlinkdim=1000 maxerr=2.99E-08 time=261.122
After sweep 6 energy=-236.02908  maxlinkdim=1000 maxerr=7.69E-08 time=261.332
After sweep 7 energy=-236.02881  maxlinkdim=1000 maxerr=3.15E-08 time=261.757
After sweep 8 energy=-236.0292  maxlinkdim=1000 maxerr=3.16E-08 time=260.739
After sweep 9 energy=-236.02878  maxlinkdim=1000 maxerr=3.10E-08 time=261.063
After sweep 10 energy=-236.02858  maxlinkdim=1000 maxerr=3.14E-08 time=261.168
Energy converged after sweep 10, stopping DMRG early
Same mu: 1.5005330342868357 and continuing
Target density achieved with mu=1.5005330342868357, n=0.93614525
Checking {alpha,beta} vs measured
Alpha not converged.
r = 2, j = 1, j_p = 1, rms_err = 0.011395981280531958
NOT CONVERGED; updating alpha, beta and continuing...
After sweep 1 energy=-235.99835  maxlinkdim=1000 maxerr=2.01E-05 time=382.250
After sweep 2 energy=-236.01277  maxlinkdim=1000 maxerr=3.33E-06 time=379.455
Resuming from checkpoint results_L_64_U_8.0_t0_1.0_t_p_0.15_chi_1000_gpu.h5
Resuming with mu_init=1.5005330342868357, psi_resume=loaded
Running with t0=1.0 t_p=0.15 U=8.0 L=64 chi_max=1000 E_p=0.134 mu_init=1.5005330342868357
After sweep 1 energy=-235.99696  maxlinkdim=1000 maxerr=2.03E-05 time=413.141
After sweep 2 energy=-236.01326  maxlinkdim=1000 maxerr=3.38E-06 time=379.755
After sweep 3 energy=-236.02478  maxlinkdim=1000 maxerr=6.56E-07 time=378.670
After sweep 4 energy=-236.02818  maxlinkdim=1000 maxerr=1.75E-07 time=378.949
After sweep 5 energy=-236.02945  maxlinkdim=1000 maxerr=5.03E-08 time=260.721
After sweep 6 energy=-236.02846  maxlinkdim=1000 maxerr=7.18E-08 time=260.515
After sweep 7 energy=-236.02937  maxlinkdim=1000 maxerr=1.27E-07 time=260.408
After sweep 8 energy=-236.03046  maxlinkdim=1000 maxerr=7.33E-08 time=260.345
After sweep 9 energy=-236.02953  maxlinkdim=1000 maxerr=3.11E-08 time=260.538
After sweep 10 energy=-236.02939  maxlinkdim=1000 maxerr=3.15E-08 time=260.630
Energy converged after sweep 10, stopping DMRG early
Same mu: 1.5005330342868357 and continuing
Target density achieved with mu=1.5005330342868357, n=0.9361508
Checking {alpha,beta} vs measured
Converged {alpha,beta}. mu=1.5005330342868357, n=0.9361508
Exiting loop
After sweep 1 energy=-220.967501413644  maxlinkdim=10 maxerr=2.19E-03 time=30.058
After sweep 2 energy=-228.3167867756176  maxlinkdim=20 maxerr=1.65E-03 time=2.433
After sweep 3 energy=-231.77275896746949  maxlinkdim=100 maxerr=1.42E-05 time=3.712
After sweep 4 energy=-232.36639034429626  maxlinkdim=1000 maxerr=7.93E-10 time=88.769
After sweep 5 energy=-232.76565737242373  maxlinkdim=1000 maxerr=1.32E-09 time=232.274
After sweep 6 energy=-232.9726603472045  maxlinkdim=1000 maxerr=8.95E-10 time=243.727
After sweep 7 energy=-233.11829811898502  maxlinkdim=1000 maxerr=1.35E-09 time=253.131
After sweep 8 energy=-233.24016795647813  maxlinkdim=1000 maxerr=2.22E-09 time=271.562
After sweep 9 energy=-233.44790008270164  maxlinkdim=1000 maxerr=9.57E-07 time=293.523
After sweep 10 energy=-233.64084676057067  maxlinkdim=1000 maxerr=1.07E-07 time=314.056
After sweep 11 energy=-233.7388279470121  maxlinkdim=1000 maxerr=2.67E-08 time=315.724
After sweep 12 energy=-233.8242890970498  maxlinkdim=1000 maxerr=7.89E-08 time=318.872
After sweep 13 energy=-233.9094226985652  maxlinkdim=1000 maxerr=3.72E-08 time=322.592
After sweep 14 energy=-234.01683431993126  maxlinkdim=1000 maxerr=5.51E-07 time=323.743
After sweep 15 energy=-234.12374156981727  maxlinkdim=1000 maxerr=2.35E-07 time=323.260
After sweep 16 energy=-234.2367751913583  maxlinkdim=1000 maxerr=7.32E-08 time=323.120
After sweep 17 energy=-234.41568998102534  maxlinkdim=1000 maxerr=2.71E-07 time=320.696
After sweep 18 energy=-234.6010398453419  maxlinkdim=1000 maxerr=3.26E-06 time=325.653
After sweep 19 energy=-234.78454892466502  maxlinkdim=1000 maxerr=1.29E-05 time=322.994
After sweep 20 energy=-234.89128453156167  maxlinkdim=1000 maxerr=2.79E-07 time=324.846
After sweep 21 energy=-235.0089548297474  maxlinkdim=1000 maxerr=1.51E-06 time=319.960
After sweep 22 energy=-235.1223835007298  maxlinkdim=1000 maxerr=8.48E-07 time=323.023
After sweep 23 energy=-235.19722469993067  maxlinkdim=1000 maxerr=3.19E-07 time=322.073
After sweep 24 energy=-235.24770006896375  maxlinkdim=1000 maxerr=9.36E-07 time=321.009
After sweep 25 energy=-235.2899433737032  maxlinkdim=1000 maxerr=4.56E-07 time=323.853
After sweep 26 energy=-235.3186250546218  maxlinkdim=1000 maxerr=4.56E-07 time=323.579
After sweep 27 energy=-235.33564427471052  maxlinkdim=1000 maxerr=2.02E-07 time=322.173
After sweep 28 energy=-235.34794684348043  maxlinkdim=1000 maxerr=1.18E-06 time=326.186
After sweep 29 energy=-235.35974072739396  maxlinkdim=1000 maxerr=9.87E-07 time=324.665
After sweep 30 energy=-235.3684487142534  maxlinkdim=1000 maxerr=1.12E-06 time=322.506
Calculation finished. Saving results to results_L_64_U_8.0_t0_1.0_t_p_0.15_chi_1000_gpu.h5
