geometry,t0,V,family,iteration,energy_per_site,physical_spin_rms,physical_leg_pair_rms,source_job_id,source_iteration
Square,1.4,-0.4,stripe,1,-1.166870551258377,0.15459968351618,0.0013715608148955239,58093799,1
Square,1.4,-0.4,stripe,2,-1.1672431952527067,0.10565596317575032,0.003615861281888406,58093799,2
Square,1.4,-0.4,stripe,3,-1.1672390723925161,0.07151907144534816,0.020116511500085685,58093799,3
Square,1.4,-0.4,stripe,4,-1.1673247065928924,0.044755611961859815,0.03184174580684976,58093799,4
Square,1.4,-0.4,stripe,5,-1.1673847290326784,0.02761878427109942,0.034509129381113945,58093799,5
Square,1.4,-0.4,stripe,6,-1.1674003129737383,0.01697233441516758,0.035048879864761226,58093799,6
Square,1.4,-0.4,stripe,7,-1.1674036248576456,0.010425028265507343,0.03517313085251313,58093799,7
Square,1.4,-0.4,stripe,8,-1.167404460679441,0.006403937650519375,0.03520745944459228,58093799,8
Square,1.4,-0.4,stripe,9,-1.167404689371445,0.003934796533894485,0.03521827012030047,58093799,9
Square,1.4,-0.4,stripe,10,-1.1674047572017565,0.0024182026948721645,0.035222401815275306,58093799,10
Square,1.4,-0.4,stripe,11,-1.1674048144942972,0.0014863845822742738,0.035223965094320894,58093799,11
Square,1.4,-0.4,stripe,12,-1.1674047957792135,0.0009137722538922256,0.03522478750601797,58093799,12
Square,1.4,-0.4,stripe,13,-1.1674048068609582,0.0005618575919994569,0.03522480930789389,58093799,13
Square,1.4,-0.4,stripe,14,-1.1674048001194897,0.00034546109539417664,0.0352248769992093,58093799,14
Square,1.4,-0.4,stripe,15,-1.1674048009900009,0.000212413080192671,0.035224901459074684,58093799,15
Square,1.4,-0.4,stripe,16,-1.167404800477289,0.00013061947723785262,0.0352249206469316,58093799,16
Square,1.4,-0.4,stripe,17,-1.1674048007526907,8.034541283839199e-05,0.03522492281827369,58093799,17
Square,1.4,-0.4,stripe,18,-1.167404800671502,4.944072680837699e-05,0.03522492049200409,58093799,18
Square,1.4,-0.4,stripe,19,-1.1674047993416914,3.0435290983619083e-05,0.0352250064116622,58093799,19
Square,1.4,-0.4,stripe,20,-1.1674048024798196,1.877243512753919e-05,0.03522493070898728,58093799,20
Square,1.4,-0.4,stripe,21,-1.1674048003864737,1.1592443760008798e-05,0.03522492332347972,58093799,21
Square,1.4,-0.4,stripe,22,-1.1674048005268916,7.152016606712517e-06,0.035224927020051706,58093799,22
Square,1.4,-0.4,stripe,23,-1.1674047967139396,4.346160263271263e-06,0.03522508753253803,58093799,23
Square,1.4,-0.4,stripe,24,-1.1674048039583238,2.7821711340656467e-06,0.0352249457613021,58093799,24
Square,1.4,-0.4,stripe,25,-1.1674048004626825,1.7698807045732493e-06,0.03522492305951381,58093799,25
Square,1.4,-0.4,stripe,26,-1.167404800758957,1.2163703078993117e-06,0.03522491686900256,58093799,26
Square,1.4,-0.4,stripe,27,-1.1674048005928188,9.300901292171203e-07,0.03522492100124228,58093799,27
Square,1.4,-0.4,stripe,28,-1.1674048004006077,8.058302140517654e-07,0.035224922019100595,58093799,28
Square,1.4,-0.4,stripe,29,-1.1674048007427498,7.153608712269679e-07,0.03522492031139513,58093799,29
Square,1.4,-0.4,stripe,30,-1.1674048003968311,7.144251414287945e-07,0.035224925219336976,58093799,30
Square,1.4,-0.4,stripe,31,-1.1674047968918935,7.645563373012264e-07,0.035225081813495436,58093799,31
Square,1.4,-0.4,stripe,32,-1.167404803917181,5.098691290293598e-07,0.03522494134916806,58093799,32
Square,1.4,-0.4,stripe,33,-1.167404800323005,6.064347656738542e-07,0.03522492939018605,58093799,33
Square,1.4,-0.4,stripe,34,-1.167404799499411,6.581181311877237e-07,0.03522500824520894,58093799,34
Square,1.4,-0.4,stripe,35,-1.1674047981649105,5.844904659202786e-07,0.03522510360078545,58093799,35
Square,1.4,-0.4,stripe,36,-1.167404804011807,4.7587225099869043e-07,0.03522494683706513,58093799,36
Square,1.4,-0.4,stripe,37,-1.1674048005271451,4.27345049709714e-07,0.03522492389905854,58093799,37
Square,1.4,-0.4,stripe,38,-1.1674048004395856,3.150238657793112e-07,0.03522492819857478,58093799,38
Square,1.4,-0.4,stripe,39,-1.1674048007666753,2.9598132247213014e-07,0.03522492388926801,58093799,39
Square,1.4,-0.4,stripe,40,-1.16740480053033,3.8042939323376997e-07,0.03522492640090316,58093799,40
Square,1.4,-0.4,stripe,41,-1.1674047968502554,5.3409279011654e-07,0.03522508275327773,58093799,41
Square,1.4,-0.4,stripe,42,-1.167404803932107,4.6764836241898577e-07,0.03522494360116196,58093799,42
Square,1.4,-0.4,stripe,43,-1.1674048003508266,3.9360772069338014e-07,0.03522492586771662,58093799,43
Square,1.4,-0.4,stripe,44,-1.1674048007289068,4.5930242428444096e-07,0.03522492403770734,58093799,44
Square,1.4,-0.4,stripe,45,-1.1674048006056623,2.509451150380165e-07,0.035224927287522495,58093799,45
Square,1.4,-0.4,stripe,46,-1.1674048006709552,2.642236478738658e-07,0.03522492408804685,58093799,46
Square,1.4,-0.4,stripe,47,-1.167404800621361,3.6299259027477677e-07,0.03522492451116816,58093799,47
Square,1.4,-0.4,stripe,48,-1.1674048007757738,3.559300869947478e-07,0.035224920549827905,58093799,48
Square,1.4,-0.4,stripe,49,-1.1674048005845816,5.147180330064661e-07,0.035224919589534234,58093799,49
Square,1.4,-0.4,stripe,50,-1.167404800540097,6.452725916570551e-07,0.03522492476661765,58093799,50
Square,1.4,-0.4,stripe,51,-1.167404800580885,6.213209547833067e-07,0.03522492505371312,58093799,51
Square,1.4,-0.4,stripe,52,-1.1674047967178423,4.947472920958885e-07,0.035225081837819465,58093799,52
Square,1.4,-0.4,stripe,53,-1.1674048038424554,6.552059944855242e-07,0.03522494550595803,58093799,53
Square,1.4,-0.4,stripe,54,-1.167404800407868,4.5102924024113687e-07,0.035224931537128114,58093799,54
Square,1.4,-0.4,stripe,55,-1.167404800986572,3.99413036024397e-07,0.03522491827751792,58093799,55
Square,1.4,-0.4,stripe,56,-1.167404800424807,4.558414462905358e-07,0.03522492068612229,58093799,56
Square,1.4,-0.4,stripe,57,-1.16740479657932,5.89835174227733e-07,0.03522508489071637,58093799,57
Square,1.4,-0.4,stripe,58,-1.1674048002254482,6.973966493263388e-07,0.03522509782073692,58093799,58
Square,1.4,-0.4,stripe,59,-1.1674048034158262,6.679419523076438e-07,0.03522494638172094,58093799,59
Square,1.4,-0.4,stripe,60,-1.1674048006067794,4.3731770078727485e-07,0.035224922475474804,58093799,60
Square,1.4,-0.4,stripe,61,-1.1674048005329711,4.0861349904244074e-07,0.03522492271490631,58093799,61
Square,1.4,-0.4,stripe,62,-1.167404800756254,3.1676303994938163e-07,0.035224921431705726,58093799,62
Square,1.4,-0.4,stripe,63,-1.1674048006017612,4.758552029850458e-07,0.03522492174229438,58093799,63
Square,1.4,-0.4,stripe,64,-1.1674048005734468,6.231487022875012e-07,0.035224922232757416,58093799,64
Square,1.4,-0.4,stripe,65,-1.1674048006177609,3.7153083025314806e-07,0.03522492453046088,58093799,65
Square,1.4,-0.4,stripe,66,-1.1674048007048734,4.0709806673626413e-07,0.03522491915418778,58093799,66
Square,1.4,-0.4,stripe,67,-1.1674048005690034,3.790319985327535e-07,0.03522492124779538,58093799,67
Square,1.4,-0.4,stripe,68,-1.1674048005053521,3.7438636243198605e-07,0.03522492400882503,58093799,68
Square,1.4,-0.4,stripe,69,-1.1674048005983195,4.705150901285594e-07,0.035224927337093245,58093799,69
Square,1.4,-0.4,stripe,70,-1.167404800697063,5.500292584854993e-07,0.03522492491215882,58093799,70
Square,1.4,-0.4,stripe,71,-1.1674048007112867,6.092399778467966e-07,0.035224920266579564,58093799,71
Square,1.4,-0.4,stripe,72,-1.1674048004460247,6.400736755586419e-07,0.03522492592039363,58093799,72
Square,1.4,-0.4,stripe,73,-1.1674047968628798,3.588163622200246e-07,0.0352250815668595,58093799,73
Square,1.4,-0.4,stripe,74,-1.1674048038261857,3.7707841022269353e-07,0.03522494578777194,58093799,74
Square,1.4,-0.4,stripe,75,-1.1674048003823962,4.074134330899114e-07,0.03522492585354135,58093799,75
Square,1.4,-0.4,stripe,76,-1.1674048005300313,2.763621517782259e-07,0.03522492913256662,58093799,76
Square,1.4,-0.4,stripe,77,-1.1674048009175693,4.2562983524789813e-07,0.035224919939405734,58093799,77
Square,1.4,-0.4,stripe,78,-1.1674048004025805,3.8332604154239666e-07,0.03522492423760053,58093799,78
Square,1.4,-0.4,stripe,79,-1.1674048005902713,2.9039593570146793e-07,0.035224922028011044,58093799,79
Square,1.4,-0.4,stripe,80,-1.1674048007866273,4.840511703524134e-07,0.035224918659457524,58093799,80
Square,1.4,-0.4,pairing,1,-1.1673602388256485,0.00804392400266124,0.034990312836389446,58093800,1
Square,1.4,-0.4,pairing,2,-1.167404428089337,0.004918985768591813,0.03518820768683524,58093800,2
Square,1.4,-0.4,pairing,3,-1.167404511179609,0.003012669856264099,0.03521769973533228,58093800,3
Square,1.4,-0.4,pairing,4,-1.1674047559531295,0.001847072748276439,0.03522294743321147,58093800,4
Square,1.4,-0.4,pairing,5,-1.1674048082160997,0.0011331533308355818,0.035224253557796875,58093800,5
Square,1.4,-0.4,pairing,6,-1.1674047953184112,0.0006954752952802295,0.03522487889390716,58093800,6
Square,1.4,-0.4,pairing,7,-1.1674048065701332,0.00042703483083129435,0.03522482341296849,58093800,7
Square,1.4,-0.4,pairing,8,-1.1674047964965968,0.00026220153977652517,0.03522501210179078,58093800,8
Square,1.4,-0.4,pairing,9,-1.1674048042845055,0.0001610594671613922,0.03522488274034811,58093800,9
Square,1.4,-0.4,pairing,10,-1.167404800703919,9.895179930437178e-05,0.03522486750464933,58093800,10
Square,1.4,-0.4,pairing,11,-1.1674048006759894,6.0805551846014e-05,0.03522487692770328,58093800,11
Square,1.4,-0.4,pairing,12,-1.167404800963194,3.738744882499659e-05,0.035224873111426816,58093800,12
Square,1.4,-0.4,pairing,13,-1.1674048007016673,2.3012191386581797e-05,0.03522487414807468,58093800,13
Square,1.4,-0.4,pairing,14,-1.1674047969340895,1.4087695248864904e-05,0.035225034105273875,58093800,14
Square,1.4,-0.4,pairing,15,-1.1674048042164318,8.640439799126171e-06,0.03522488712595693,58093800,15
Square,1.4,-0.4,pairing,16,-1.1674048001949369,5.319811747198128e-06,0.03522488148932522,58093800,16
Square,1.4,-0.4,pairing,17,-1.1674047970308676,3.216785516126609e-06,0.035225038319145044,58093800,17
Square,1.4,-0.4,pairing,18,-1.1674048002777793,1.892666705876716e-06,0.03522505127416158,58093800,18
Square,1.4,-0.4,pairing,19,-1.167404803802572,1.26640812607318e-06,0.0352248983313082,58093800,19
Square,1.4,-0.4,pairing,20,-1.1674047965931893,8.44331717552483e-07,0.03522504040269727,58093800,20
Square,1.4,-0.4,pairing,21,-1.167404804195821,8.229591290648656e-07,0.0352248968950907,58093800,21
Square,1.4,-0.4,pairing,22,-1.167404796772796,5.555660657131913e-07,0.0352250368942384,58093800,22
Square,1.4,-0.4,pairing,23,-1.167404804142733,5.03804811629151e-07,0.035224890877126755,58093800,23
Square,1.4,-0.4,pairing,24,-1.167404800462589,6.062303909698038e-07,0.035224878390915454,58093800,24
Square,1.4,-0.4,pairing,25,-1.1674048009804885,6.066190441102046e-07,0.03522487249912821,58093800,25
Square,1.4,-0.4,pairing,26,-1.1674048008881255,6.972946826836981e-07,0.03522486846460855,58093800,26
Square,1.4,-0.4,pairing,27,-1.1674048004392097,7.040940534611954e-07,0.035224882457648675,58093800,27
Square,1.4,-0.4,pairing,28,-1.1674048009158013,5.275755526416288e-07,0.035224876938514255,58093800,28
Square,1.4,-0.4,pairing,29,-1.1674048009329359,5.380958058112804e-07,0.03522487169619269,58093800,29
Square,1.4,-0.4,pairing,30,-1.1674048008088371,4.421153092165041e-07,0.03522487120335792,58093800,30
Square,1.4,-0.4,pairing,31,-1.1674047997057362,4.808963985994181e-07,0.03522494765930289,58093800,31
Square,1.4,-0.4,pairing,32,-1.1674048024400816,4.359988818933465e-07,0.035224876680619834,58093800,32
Square,1.4,-0.4,pairing,33,-1.1674048004210156,3.873529478311898e-07,0.03522487327705764,58093800,33
Square,1.4,-0.4,pairing,34,-1.1674047999393362,4.625200016181717e-07,0.03522494483986725,58093800,34
Square,1.4,-0.4,pairing,35,-1.1674048020302377,4.3443156279103005e-07,0.03522488693893669,58093800,35
Square,1.4,-0.4,pairing,36,-1.1674048007287254,3.825217619619874e-07,0.03522487774264859,58093800,36
Square,1.4,-0.4,pairing,37,-1.1674048008437086,3.2394558094623146e-07,0.03522487730298485,58093800,37
Square,1.4,-0.4,pairing,38,-1.1674048008058122,3.8066763808464876e-07,0.03522487505569801,58093800,38
Square,1.4,-0.4,pairing,39,-1.1674047998009625,5.169562917011498e-07,0.03522495467728196,58093800,39
Square,1.4,-0.4,pairing,40,-1.1674048023949337,5.936506557501441e-07,0.035224880750894964,58093800,40
Square,1.4,-0.4,pairing,41,-1.1674048005668052,3.1127572746907904e-07,0.03522487760963622,58093800,41
Square,1.4,-0.4,pairing,42,-1.167404800864832,4.31587590585955e-07,0.035224876527497145,58093800,42
Square,1.4,-0.4,pairing,43,-1.1674048008463702,3.7572692539218145e-07,0.03522487104220904,58093800,43
Square,1.4,-0.4,pairing,44,-1.167404800521366,2.8307332772794187e-07,0.035224876615025234,58093800,44
Square,1.4,-0.4,pairing,45,-1.1674048009737454,3.222013292404649e-07,0.0352248725038709,58093800,45
Square,1.4,-0.4,pairing,46,-1.167404799765705,2.3183816436846804e-07,0.035224950763438394,58093800,46
Square,1.4,-0.4,pairing,47,-1.1674048022446293,3.145422265732386e-07,0.03522488555425329,58093800,47
Square,1.4,-0.4,pairing,48,-1.1674048006687452,4.609345821729574e-07,0.03522487782996594,58093800,48
Square,1.4,-0.4,pairing,49,-1.1674047967870578,3.258038418858389e-07,0.03522504043901651,58093800,49
Square,1.4,-0.4,pairing,50,-1.1674048002772384,3.2259414445200524e-07,0.0352250585634849,58093800,50
Square,1.4,-0.4,pairing,51,-1.167404802877693,4.868992688677731e-07,0.03522497668637547,58093800,51
Square,1.4,-0.4,pairing,52,-1.1674048020766403,3.871163841494449e-07,0.035224893388965325,58093800,52
Square,1.4,-0.4,pairing,53,-1.1674048008787186,5.183978585942399e-07,0.03522487733087877,58093800,53
Square,1.4,-0.4,pairing,54,-1.167404800901535,6.803946735810411e-07,0.03522487284863475,58093800,54
Square,1.4,-0.4,pairing,55,-1.1674048006889033,7.283744238438413e-07,0.035224874569572975,58093800,55
Square,1.4,-0.4,pairing,56,-1.1674048008011608,7.340415496825081e-07,0.03522487694415894,58093800,56
Square,1.4,-0.4,pairing,57,-1.1674048007897548,4.3541165301221556e-07,0.03522487734646768,58093800,57
Square,1.4,-0.4,pairing,58,-1.1674048007937594,4.2188203935044135e-07,0.03522487541242168,58093800,58
Square,1.4,-0.4,pairing,59,-1.1674048009607978,5.795634018230451e-07,0.03522486917416868,58093800,59
Square,1.4,-0.4,pairing,60,-1.1674047967277768,5.434970195687318e-07,0.03522503303731286,58093800,60
Square,1.4,-0.4,pairing,61,-1.1674048039652465,3.405402169487198e-07,0.03522490012814056,58093800,61
Square,1.4,-0.4,pairing,62,-1.1674048007032098,2.693135940231103e-07,0.03522487678950658,58093800,62
Square,1.4,-0.4,pairing,63,-1.1674047997296966,3.648029869381779e-07,0.0352249539219469,58093800,63
Square,1.4,-0.4,pairing,64,-1.167404798517743,4.0361388307815743e-07,0.035225042806023454,58093800,64
Square,1.4,-0.4,pairing,65,-1.1674048039673939,5.131732830141289e-07,0.03522489488882317,58093800,65
Square,1.4,-0.4,pairing,66,-1.1674048004974105,2.5286749912935193e-07,0.03522488230533279,58093800,66
Square,1.4,-0.4,pairing,67,-1.1674048009931592,3.5355704964352744e-07,0.035224872128774426,58093800,67
Square,1.4,-0.4,pairing,68,-1.167404800685398,2.6268452096317017e-07,0.035224875149609654,58093800,68
Square,1.4,-0.4,pairing,69,-1.1674048007585256,4.2976544758395284e-07,0.03522487514235978,58093800,69
Square,1.4,-0.4,pairing,70,-1.1674048006861795,2.438630109285457e-07,0.0352248767805168,58093800,70
Square,1.4,-0.4,pairing,71,-1.1674047998525936,2.7192154320644877e-07,0.035224950545738064,58093800,71
Square,1.4,-0.4,pairing,72,-1.1674048021584045,2.818874753050909e-07,0.03522488676954829,58093800,72
Square,1.4,-0.4,pairing,73,-1.1674048008015023,4.2045818220221987e-07,0.03522487603159861,58093800,73
Square,1.4,-0.4,pairing,74,-1.1674048006568905,5.33065626213726e-07,0.03522487769810603,58093800,74
Square,1.4,-0.4,pairing,75,-1.1674048009279925,4.295159058090453e-07,0.03522487537174971,58093800,75
Square,1.4,-0.4,pairing,76,-1.1674048009760603,5.403785855632469e-07,0.03522486927569459,58093800,76
Square,1.4,-0.4,pairing,77,-1.1674048007086186,4.0035617628695694e-07,0.035224871884785805,58093800,77
Square,1.4,-0.4,pairing,78,-1.1674047969260073,3.628215858539469e-07,0.03522503537809694,58093800,78
Square,1.4,-0.4,pairing,79,-1.1674048001325257,4.414203331897614e-07,0.03522505593386326,58093800,79
Square,1.4,-0.4,pairing,80,-1.1674048082719386,3.111948076846579e-07,0.03522467397739939,58093800,80
Square,1.4,0.0,stripe,1,-0.6612314503796254,0.20998481898937904,0.0007971235506703448,58093802,1
Square,1.4,0.0,stripe,2,-0.6615704322936242,0.19477272830758174,0.0003582054085865624,58093802,2
Square,1.4,0.0,stripe,3,-0.661323189144609,0.18694106457468462,0.00017433412178976428,58093802,3
Square,1.4,0.0,stripe,4,-0.6612385390325373,0.1825464963407323,8.962310873937546e-05,58093802,4
Square,1.4,0.0,stripe,5,-0.6611905383854619,0.17997023061283443,4.7726541029146665e-05,58093802,5
Square,1.4,0.0,stripe,6,-0.6611636015365624,0.17842269889515525,2.5956620980348347e-05,58093802,6
Square,1.4,0.0,stripe,7,-0.6611475678389903,0.17748094781004156,1.429239337527258e-05,58093802,7
Square,1.4,0.0,stripe,8,-0.6611377916454797,0.1769060157944832,7.947661637002333e-06,58093802,8
Square,1.4,0.0,stripe,9,-0.6611317425468118,0.17655637863888446,4.437725110628187e-06,58093802,9
Square,1.4,0.0,stripe,10,-0.6611279343184162,0.17634689142707208,2.4867353824748163e-06,58093802,10
Square,1.4,0.0,stripe,11,-0.6611255368261193,0.17622484099478486,1.395330415695489e-06,58093802,11
Square,1.4,0.0,stripe,12,-0.6611240154393369,0.17615783957606174,7.83972753574162e-07,58093802,12
Square,1.4,0.0,stripe,13,-0.6611230411860959,0.17612549870087052,4.5037885929638205e-07,58093802,13
Square,1.4,0.0,stripe,14,-0.661122438260238,0.17611442441146533,2.643381405736522e-07,58093802,14
Square,1.4,0.0,stripe,15,-0.6611220646351949,0.17611679252786647,1.4890246284598967e-07,58093802,15
Square,1.4,0.0,stripe,16,-0.6611218269608017,0.1761273844334778,8.475181342801458e-08,58093802,16
Square,1.4,0.0,stripe,17,-0.6611216795345312,0.17614354743263116,6.046101422248668e-08,58093802,17
Square,1.4,0.0,stripe,18,-0.6611215988518004,0.17616230983022696,5.1360834229603824e-08,58093802,18
Square,1.4,0.0,stripe,19,-0.6611215479310102,0.17618299575920526,4.887213528026558e-08,58093802,19
Square,1.4,0.0,stripe,20,-0.6611215301456614,0.1762044865694259,2.574297082899218e-08,58093802,20
Square,1.4,0.0,stripe,21,-0.6611215224899888,0.17622589306155728,1.3858441698316612e-08,58093802,21
Square,1.4,0.0,stripe,22,-0.6611215396341632,0.17624691673034426,3.3954250728853224e-08,58093802,22
Square,1.4,0.0,stripe,23,-0.661121548322844,0.17626787777004227,4.115777246354097e-08,58093802,23
Square,1.4,0.0,stripe,24,-0.6611215403890801,0.1762893222569125,5.058912124924303e-08,58093802,24
Square,1.4,0.0,stripe,25,-0.6611215712701365,0.17631013774951532,4.5123982554690856e-08,58093802,25
Square,1.4,0.0,stripe,26,-0.6611215888928005,0.1763303536466847,2.3646717558290446e-08,58093802,26
Square,1.4,0.0,stripe,27,-0.6611216041869106,0.1763493947011413,1.2417733795299723e-08,58093802,27
Square,1.4,0.0,stripe,28,-0.6611216040204111,0.17636851546625504,1.9435224208310396e-08,58093802,28
Square,1.4,0.0,stripe,29,-0.6611216243011311,0.17638686346029056,1.61098821385353e-08,58093802,29
Square,1.4,0.0,stripe,30,-0.6611216345050467,0.17640514414928413,1.0898168308188882e-07,58093802,30
Square,1.4,0.0,stripe,31,-0.6611216567686918,0.17642244777456664,4.459577547237324e-08,58093802,31
Square,1.4,0.0,stripe,32,-0.6611216637526656,0.1764393651682829,3.955977175362934e-08,58093802,32
Square,1.4,0.0,stripe,33,-0.6611216702445151,0.1764559423604372,1.5946147960305098e-08,58093802,33
Square,1.4,0.0,stripe,34,-0.6611216968412174,0.17647178040162553,1.6072356042211537e-08,58093802,34
Square,1.4,0.0,stripe,35,-0.6611217125473947,0.1764871338819319,4.235322210780179e-08,58093802,35
Square,1.4,0.0,stripe,36,-0.661121730848775,0.1765018741342351,4.216666218494016e-08,58093802,36
Square,1.4,0.0,stripe,37,-0.6611217376712276,0.1765162256251258,1.8981539693468196e-08,58093802,37
Square,1.4,0.0,stripe,38,-0.6611217550459765,0.17653008711186216,1.4266953550154888e-08,58093802,38
Square,1.4,0.0,stripe,39,-0.6611217536234137,0.17654392807111052,7.479803652804512e-09,58093802,39
Square,1.4,0.0,stripe,40,-0.66112176936304,0.17655718274416046,4.275526794677139e-09,58093802,40
Square,1.4,0.0,stripe,41,-0.6611217868772529,0.17656972270049318,1.759048865873331e-08,58093802,41
Square,1.4,0.0,stripe,42,-0.6611217953993028,0.1765817392697361,4.406834454710429e-09,58093802,42
Square,1.4,0.0,stripe,43,-0.6611218077153522,0.17659350152595088,4.119718605304995e-09,58093802,43
Square,1.4,0.0,stripe,44,-0.6611218024077933,0.17660536926134177,4.90243666487432e-09,58093802,44
Square,1.4,0.0,stripe,45,-0.6611218113615291,0.17661621641530745,1.8956667795514304e-09,58093802,45
Square,1.4,0.0,stripe,46,-0.6611218178773295,0.17662715396462494,8.7354516578545e-10,58093802,46
Square,1.4,0.0,stripe,47,-0.6611218295341156,0.17663766798531957,1.0315618804778075e-08,58093802,47
Square,1.4,0.0,stripe,48,-0.661121827468504,0.17664832546384437,3.7021528971106045e-09,58093802,48
Square,1.4,0.0,stripe,49,-0.6611218382853561,0.1766583332885894,2.483499727413045e-09,58093802,49
Square,1.4,0.0,stripe,50,-0.6611218633016713,0.17666715211411096,1.3192707664301063e-09,58093802,50
Square,1.4,0.0,stripe,51,-0.6611218682445617,0.17667592734810597,1.5279131391721393e-09,58093802,51
Square,1.4,0.0,stripe,52,-0.6611218906001816,0.17668401248117968,1.8662915152535515e-09,58093802,52
Square,1.4,0.0,stripe,53,-0.6611218729666238,0.1766928474788321,1.0421192410849396e-09,58093802,53
Square,1.4,0.0,stripe,54,-0.6611218855009053,0.1767012712509924,5.275356042401409e-10,58093802,54
Square,1.4,0.0,stripe,55,-0.6611219022886897,0.1767089171708864,3.898939378826083e-10,58093802,55
Square,1.4,0.0,stripe,56,-0.6611219032355913,0.1767166145172572,4.160609994370268e-10,58093802,56
Square,1.4,0.0,stripe,57,-0.6611219113977744,0.17672382747282678,3.567300424868242e-08,58093802,57
Square,1.4,0.0,stripe,58,-0.6611219148588195,0.1767309858073511,1.7861195643095342e-08,58093802,58
Square,1.4,0.0,stripe,59,-0.6611219235738927,0.17673801957165494,9.012609156416918e-09,58093802,59
Square,1.4,0.0,stripe,60,-0.6611219082823777,0.1767456149242166,4.353670145332937e-08,58093802,60
Square,1.4,0.0,stripe,61,-0.661121916571924,0.17675288034082892,2.2107562726363632e-08,58093802,61
Square,1.4,0.0,stripe,62,-0.6611219512095767,0.1767592007175987,1.0256651410847908e-08,58093802,62
Square,1.4,0.0,stripe,63,-0.6611219576411984,0.17676536087674344,5.537728781163809e-09,58093802,63
Square,1.4,0.0,stripe,64,-0.6611219638732669,0.17677134524717833,3.03818752472242e-09,58093802,64
Square,1.4,0.0,stripe,65,-0.6611219716555073,0.17677708475862175,5.29481410597209e-09,58093802,65
Square,1.4,0.0,stripe,66,-0.6611219677334239,0.17678303131918488,2.689438793156305e-09,58093802,66
Square,1.4,0.0,stripe,67,-0.6611219828260635,0.17678851002175527,1.4237209987879825e-09,58093802,67
Square,1.4,0.0,stripe,68,-0.6611219885685229,0.17679378225902073,5.527275328257179e-09,58093802,68
Square,1.4,0.0,stripe,69,-0.6611219920706753,0.17679916183691713,3.1173601540520143e-09,58093802,69
Square,1.4,0.0,stripe,70,-0.6611219897900027,0.17680459702652998,4.636247042062527e-09,58093802,70
Square,1.4,0.0,stripe,71,-0.6611220016904193,0.17680951554578586,3.469596891474423e-08,58093802,71
Square,1.4,0.0,stripe,72,-0.6611219985925035,0.17681430504692158,3.641698640085655e-08,58093802,72
Square,1.4,0.0,stripe,73,-0.6611220110191153,0.17681877139905094,2.107140934418689e-08,58093802,73
Square,1.4,0.0,stripe,74,-0.6611220141683145,0.17682304863173845,2.4827151204153313e-08,58093802,74
Square,1.4,0.0,stripe,75,-0.6611220106405031,0.17682735670265592,1.2893581621906304e-08,58093802,75
Square,1.4,0.0,stripe,76,-0.661122019844805,0.17683128512634802,1.3999197121409702e-08,58093802,76
Square,1.4,0.0,stripe,77,-0.6611220203399696,0.17683529150328353,7.464449719183927e-09,58093802,77
Square,1.4,0.0,stripe,78,-0.6611220258468103,0.17683901883842615,4.078194094784814e-09,58093802,78
Square,1.4,0.0,stripe,79,-0.6611220301450526,0.1768426779848283,2.1921285822828624e-09,58093802,79
Square,1.4,0.0,stripe,80,-0.6611220330815781,0.17684622468114894,1.2711033363049084e-09,58093802,80
Square,1.4,0.0,stripe,81,-0.6611220399706582,0.17684962741344615,6.274107806512223e-10,58383124,1
Square,1.4,0.0,stripe,82,-0.6611220432589868,0.1768528513179669,1.973734659943782e-08,58383124,2
Square,1.4,0.0,stripe,83,-0.6611220286369265,0.17685622993176683,4.956039746233167e-09,58383124,3
Square,1.4,0.0,stripe,84,-0.6611220443585978,0.17685928255661618,2.370573974237781e-09,58383124,4
Square,1.4,0.0,stripe,85,-0.6611220364053494,0.17686261906559783,1.2088860194889658e-09,58383124,5
Square,1.4,0.0,stripe,86,-0.6611220433730821,0.17686567105906753,1.6203457133598284e-09,58383124,6
Square,1.4,0.0,stripe,87,-0.6611220598241915,0.17686816836899094,5.763809749888742e-10,58383124,7
Square,1.4,0.0,stripe,88,-0.6611220516855053,0.17687100394305302,1.1215375565710044e-09,58383124,8
Square,1.4,0.0,stripe,89,-0.6611220531538767,0.17687380628382748,3.3189011647920576e-10,58383124,9
Square,1.4,0.0,stripe,90,-0.6611220564718252,0.176876465062274,4.319142520812705e-09,58383124,10
Square,1.4,0.0,stripe,91,-0.6611220449423377,0.17687921879219934,4.62501273176369e-10,58383124,11
Square,1.4,0.0,stripe,92,-0.661122047614963,0.17688197670314984,5.089857347603472e-10,58383124,12
Square,1.4,0.0,stripe,93,-0.6611220560610565,0.17688420493633092,1.5782383613590864e-10,58383124,13
Square,1.4,0.0,stripe,94,-0.6611220674265986,0.1768867324961247,1.357528088318186e-08,58383124,14
Square,1.4,0.0,stripe,95,-0.661122079523033,0.17688880573734939,1.830553018449974e-08,58383124,15
Square,1.4,0.0,stripe,96,-0.6611220677917105,0.1768909394734835,2.394691492914394e-08,58383124,16
Square,1.4,0.0,stripe,97,-0.6611220709752613,0.17689280223413636,1.2908068331398318e-08,58383124,17
Square,1.4,0.0,stripe,98,-0.6611220770698709,0.17689431250911294,6.80055580630947e-09,58383124,18
Square,1.4,0.0,stripe,99,-0.6611220748761318,0.176895963992643,2.3900730770709814e-09,58383124,19
Square,1.4,0.0,stripe,100,-0.6611220745702532,0.17689778488661467,1.0405644587228863e-09,58383124,20
Square,1.4,0.0,pairing,1,-0.6608512759838939,0.013306437332897814,0.03298805940418817,58093803,1
Square,1.4,0.0,pairing,2,-0.6608661819487178,0.013581410685631016,0.03288645865588754,58093803,2
Square,1.4,0.0,pairing,3,-0.6608642320767171,0.013919919653768214,0.032871283877985415,58093803,3
Square,1.4,0.0,pairing,4,-0.6608640535514151,0.014334363112876936,0.03286189529717958,58093803,4
Square,1.4,0.0,pairing,5,-0.6608641686977983,0.014821275795052418,0.0328554235995803,58093803,5
Square,1.4,0.0,pairing,6,-0.6608641966842163,0.015389536440450949,0.03284706794752435,58093803,6
Square,1.4,0.0,pairing,7,-0.6608642939901098,0.016046544284931852,0.03283740589265967,58093803,7
Square,1.4,0.0,pairing,8,-0.660864417713049,0.016801640922028953,0.03282564884646165,58093803,8
Square,1.4,0.0,pairing,9,-0.6608645518948695,0.017664030916206417,0.032811959364430925,58093803,9
Square,1.4,0.0,pairing,10,-0.6608647417921235,0.018643273290426296,0.03279549141491497,58093803,10
Square,1.4,0.0,pairing,11,-0.6608649793468634,0.019748751677353803,0.032775790599372315,58093803,11
Square,1.4,0.0,pairing,12,-0.6608652209877214,0.02099125476634945,0.03275240513950138,58093803,12
Square,1.4,0.0,pairing,13,-0.6608656947086041,0.022377134251742297,0.03272469855554999,58093803,13
Square,1.4,0.0,pairing,14,-0.6608660638157104,0.023915974806468936,0.0326921408828668,58093803,14
Square,1.4,0.0,pairing,15,-0.6608667042767097,0.025613875376740265,0.032653419692266955,58093803,15
Square,1.4,0.0,pairing,16,-0.6608674829497906,0.02747569491464408,0.032607093583419074,58093803,16
Square,1.4,0.0,pairing,17,-0.6608684591259375,0.029502189046441238,0.03255307540208945,58093803,17
Square,1.4,0.0,pairing,18,-0.6608696438245308,0.0316911407504843,0.032490982906936874,58093803,18
Square,1.4,0.0,pairing,19,-0.6608711132554798,0.03403652663612413,0.03241937337216399,58093803,19
Square,1.4,0.0,pairing,20,-0.6608728766894956,0.03652803569980306,0.03233759417522635,58093803,20
Square,1.4,0.0,pairing,21,-0.6608750051157695,0.03915123492170063,0.03224413137560033,58093803,21
Square,1.4,0.0,pairing,22,-0.6608774038283326,0.04188718244800742,0.03214057211957738,58093803,22
Square,1.4,0.0,pairing,23,-0.6608801357791602,0.04471328899673631,0.03202629104209649,58093803,23
Square,1.4,0.0,pairing,24,-0.6608831949724764,0.04760523383406154,0.03190082957409334,58093803,24
Square,1.4,0.0,pairing,25,-0.6608864652455873,0.0505393601964126,0.03176404559950193,58093803,25
Square,1.4,0.0,pairing,26,-0.660889945516107,0.05349248094955748,0.03161714738291444,58093803,26
Square,1.4,0.0,pairing,27,-0.6608934862780549,0.05644642404361235,0.03146023500318833,58093803,27
Square,1.4,0.0,pairing,28,-0.6608971028228456,0.05938521984340068,0.031293148782285396,58093803,28
Square,1.4,0.0,pairing,29,-0.6609006384216773,0.06229719308070565,0.031117957589436113,58093803,29
Square,1.4,0.0,pairing,30,-0.6609041414634463,0.06517541733500358,0.03093354044959864,58093803,30
Square,1.4,0.0,pairing,31,-0.6609074615521036,0.06801683808255547,0.03074015491584321,58093803,31
Square,1.4,0.0,pairing,32,-0.660910715649066,0.07081996975943387,0.030537028561065726,58093803,32
Square,1.4,0.0,pairing,33,-0.6609137552072033,0.07358911244988582,0.03032490128048726,58093803,33
Square,1.4,0.0,pairing,34,-0.6609166195365189,0.07632970789972861,0.030102622195381575,58093803,34
Square,1.4,0.0,pairing,35,-0.6609193578543184,0.07904746461826279,0.029868680052511653,58093803,35
Square,1.4,0.0,pairing,36,-0.6609219400325638,0.08175057866215614,0.029621942122900376,58093803,36
Square,1.4,0.0,pairing,37,-0.6609243939585692,0.08444957349445363,0.02935972814803137,58093803,37
Square,1.4,0.0,pairing,38,-0.6609267283559915,0.08715095748518556,0.02908188973229199,58093803,38
Square,1.4,0.0,pairing,39,-0.660928957620577,0.08986144042593161,0.028786731036567332,58093803,39
Square,1.4,0.0,pairing,40,-0.6609311771454932,0.09258797075577493,0.028471751164812546,58093803,40
Square,1.4,0.0,pairing,41,-0.6609333793482403,0.0953339679966397,0.02813609189513336,58093803,41
Square,1.4,0.0,pairing,42,-0.6609356199341199,0.09810245133886478,0.0277767218814948,58093803,42
Square,1.4,0.0,pairing,43,-0.6609379302095763,0.10089501775202277,0.027390754804810305,58093803,43
Square,1.4,0.0,pairing,44,-0.660940246131784,0.10371068008680057,0.02698142441373602,58093803,44
Square,1.4,0.0,pairing,45,-0.660942671034715,0.10654649289063937,0.026544863322167045,58093803,45
Square,1.4,0.0,pairing,46,-0.6609452319073678,0.10940042146487355,0.02607876971049052,58093803,46
Square,1.4,0.0,pairing,47,-0.6609479705383942,0.11226667069930012,0.02558165439205986,58093803,47
Square,1.4,0.0,pairing,48,-0.6609510528913287,0.11513934234761201,0.02504965900152247,58093803,48
Square,1.4,0.0,pairing,49,-0.660953835624943,0.11802233565559543,0.02448261542530142,58093803,49
Square,1.4,0.0,pairing,50,-0.6609571461793959,0.1209136097601319,0.02387341203323181,58093803,50
Square,1.4,0.0,pairing,51,-0.660960488837465,0.12382010566367799,0.023216655887613312,58093803,51
Square,1.4,0.0,pairing,52,-0.660963929577727,0.12675505119221556,0.02250161300966972,58093803,52
Square,1.4,0.0,pairing,53,-0.6609674568333739,0.12974359737457025,0.021708194669644028,58093803,53
Square,1.4,0.0,pairing,54,-0.660971025770985,0.13282001125342213,0.020815120272893353,58093803,54
Square,1.4,0.0,pairing,55,-0.660974666519514,0.1360347781540365,0.019784647986558997,58093803,55
Square,1.4,0.0,pairing,56,-0.6609783148897908,0.1394615616149525,0.018554308169637497,58093803,56
Square,1.4,0.0,pairing,57,-0.6609820788641527,0.1431774948242905,0.017063153676412646,58093803,57
Square,1.4,0.0,pairing,58,-0.6609863479745907,0.14725490486730747,0.015230262683315177,58093803,58
Square,1.4,0.0,pairing,59,-0.6609921211935966,0.15169794557631064,0.0130008940386844,58093803,59
Square,1.4,0.0,pairing,60,-0.6610007726198543,0.15636706645457227,0.010416347742814325,58093803,60
Square,1.4,0.0,pairing,61,-0.6610142644191419,0.1609148804130489,0.007705826611804779,58093803,61
Square,1.4,0.0,pairing,62,-0.6610320864082713,0.16492632848857358,0.005244071181916501,58093803,62
Square,1.4,0.0,pairing,63,-0.6610535064229783,0.1680719234636971,0.0033071701019252936,58383125,1
Square,1.4,0.0,pairing,64,-0.661072225946055,0.17034526873876074,0.0019764244981467314,58383125,2
Square,1.4,0.0,pairing,65,-0.6610874628447159,0.1718881134300696,0.0011402947510198384,58383125,3
Square,1.4,0.0,pairing,66,-0.6610983103418089,0.17290002145480973,0.0006439509192065527,58383125,4
Square,1.4,0.0,pairing,67,-0.6611056759216264,0.17355282006509143,0.0003589452057462667,58383125,5
Square,1.4,0.0,pairing,68,-0.6611104276822599,0.17397426086719417,0.0001986866125760241,58383125,6
Square,1.4,0.0,pairing,69,-0.6611135514814366,0.17424801617579386,0.00010953039817011391,58383125,7
Square,1.4,0.0,pairing,70,-0.6611155613658691,0.17443001188417648,6.0203264816203606e-05,58383125,8
Square,1.4,0.0,pairing,71,-0.6611168554312858,0.17455600666644874,3.305660083492856e-05,58383125,9
Square,1.4,0.0,pairing,72,-0.6611177075993714,0.17464807454304496,1.8132974684251554e-05,58383125,10
Square,1.4,0.0,pairing,73,-0.661118310640997,0.17471818375984635,9.939531944391734e-06,58383125,11
Square,1.4,0.0,pairing,74,-0.661118728494633,0.17477570669549156,5.466160836657642e-06,58383125,12
Square,1.4,0.0,pairing,75,-0.6611190168392327,0.17482534129854205,3.0014940385062624e-06,58383125,13
Square,1.4,0.0,pairing,76,-0.6611192892538076,0.174869630914294,1.6400279387939662e-06,58383125,14
Square,1.4,0.0,pairing,77,-0.661119489787623,0.1749103565217489,8.983327100965481e-07,58383125,15
Square,1.4,0.0,pairing,78,-0.6611196399090713,0.17495060878118562,4.913721884026056e-07,58383125,16
Square,1.4,0.0,pairing,79,-0.6611197767011333,0.17498985772943282,2.682226794254894e-07,58383125,17
Square,1.4,0.0,pairing,80,-0.6611198965194082,0.17502896856717462,1.468805330855723e-07,58383125,18
Square,1.4,0.0,pairing,81,-0.6611200082416602,0.17506775230715454,8.047311808398123e-08,58383125,19
Square,1.4,0.0,pairing,82,-0.6611201413002853,0.17510563242072907,4.4214764201916826e-08,58383125,20
Square,1.0,-0.4,stripe,1,-1.035143916476134,0.24521604407480976,0.00016578303039135956,58172797,1
Square,1.0,-0.4,stripe,2,-1.0350827389737813,0.24425685603378602,1.6607044493719512e-05,58172797,2
Square,1.0,-0.4,stripe,3,-1.035056000107325,0.24401313498753577,1.7914826774807537e-06,58172797,3
Square,1.0,-0.4,stripe,4,-1.0350482581631026,0.2439813912656821,1.9302356247901976e-07,58172797,4
Square,1.0,-0.4,stripe,5,-1.0350460941972395,0.24401232647684074,8.418934606887106e-08,58172797,5
Square,1.0,-0.4,stripe,6,-1.0350455314925036,0.24406271913185057,7.60271349311005e-09,58172797,6
Square,1.0,-0.4,stripe,7,-1.0350455608965532,0.24412015376760407,3.3076233938516683e-09,58172797,7
Square,1.0,-0.4,stripe,8,-1.0350457483036697,0.24417977576516497,1.4533233872872385e-08,58172797,8
Square,1.0,-0.4,stripe,9,-1.0350458746368885,0.2442426525387208,1.4399739269156636e-09,58172797,9
Square,1.0,-0.4,stripe,10,-1.035046080560404,0.24430718611489285,2.8795872292139727e-09,58172797,10
Square,1.0,-0.4,stripe,11,-1.0350462464727237,0.2443733421113587,3.6845049934311826e-10,58172797,11
Square,1.0,-0.4,stripe,12,-1.035046526954648,0.24443950691628202,2.2133782102637877e-10,58172797,12
Square,1.0,-0.4,stripe,13,-1.0350467493737188,0.2445067189921622,1.2473029745401142e-10,58172797,13
Square,1.0,-0.4,stripe,14,-1.0350470133692191,0.24457526131492488,1.8677068295470905e-10,58172797,14
Square,1.0,-0.4,stripe,15,-1.0350472066791199,0.24464525942359086,4.512240118473669e-09,58172797,15
Square,1.0,-0.4,stripe,16,-1.0350473483272193,0.24471829584244353,6.290713601555945e-10,58172797,16
Square,1.0,-0.4,stripe,17,-1.0350475906053793,0.24479209310916297,2.539559346838819e-08,58172797,17
Square,1.0,-0.4,stripe,18,-1.0350477852216193,0.24486857430976064,9.73918682586038e-10,58172797,18
Square,1.0,-0.4,stripe,19,-1.0350481000627174,0.24494541158698277,3.220085648441159e-08,58172797,19
Square,1.0,-0.4,stripe,20,-1.035048294826106,0.24502434603915152,2.179775989320546e-09,58172797,20
Square,1.0,-0.4,stripe,21,-1.0350485406212944,0.2451048389154634,5.095459587315153e-10,58172797,21
Square,1.0,-0.4,stripe,22,-1.0350487612271124,0.24518621423527578,3.351601323164522e-11,58172797,22
Square,1.0,-0.4,stripe,23,-1.0350490146670077,0.245268939094621,1.675478346634515e-11,58172797,23
Square,1.0,-0.4,stripe,24,-1.0350491930798307,0.24535260957462304,2.4580530631678182e-09,58172797,24
Square,1.0,-0.4,stripe,25,-1.035049387717721,0.24543859345699987,3.2931389950338873e-09,58172797,25
Square,1.0,-0.4,stripe,26,-1.0350495984676682,0.2455255847761092,2.4896841164607963e-09,58172797,26
Square,1.0,-0.4,stripe,27,-1.0350498064996045,0.24561434999476767,1.1681814349707892e-09,58172797,27
Square,1.0,-0.4,stripe,28,-1.0350500472938535,0.24570378045865768,1.807359120766141e-07,58172797,28
Square,1.0,-0.4,stripe,29,-1.035050228040064,0.24579700413498662,1.7613145045011807e-08,58172797,29
Square,1.0,-0.4,stripe,30,-1.035050508563204,0.24588998144717508,1.9159338932296603e-09,58172797,30
Square,1.0,-0.4,stripe,31,-1.0350507610456172,0.2459846435329959,1.116467111622123e-09,58172797,31
Square,1.0,-0.4,stripe,32,-1.0350510090984333,0.24608006141118216,8.094680036120768e-11,58172797,32
Square,1.0,-0.4,stripe,33,-1.0350512084502004,0.24617817369152206,4.25177498656231e-11,58172797,33
Square,1.0,-0.4,stripe,34,-1.0350514525633367,0.24627699050788887,4.9534824981998833e-11,58172797,34
Square,1.0,-0.4,stripe,35,-1.035051660500942,0.24637696033882503,2.5678394337849716e-11,58172797,35
Square,1.0,-0.4,stripe,36,-1.0350518642960436,0.24647917199486166,8.685678690525332e-11,58172797,36
Square,1.0,-0.4,stripe,37,-1.0350521274978117,0.24658332167724867,3.796049295432834e-08,58172797,37
Square,1.0,-0.4,stripe,38,-1.0350522941635578,0.24668923747215948,3.5484308403206495e-09,58172797,38
Square,1.0,-0.4,stripe,39,-1.0350526229448826,0.24679501187491998,2.030541764499372e-09,58172797,39
Square,1.0,-0.4,stripe,40,-1.0350529496150604,0.2469030398052393,1.828621576063877e-10,58172797,40
Square,1.0,-0.4,pairing,1,-1.0331158460072454,0.034370874841302225,0.01797641799279971,58172798,1
Square,1.0,-0.4,pairing,2,-1.0317846537049993,0.0977574507457291,0.013192087887697617,58172798,2
Square,1.0,-0.4,pairing,3,-1.0323796582620635,0.18342335650645997,0.002845236756586552,58172798,3
Square,1.0,-0.4,pairing,4,-1.0337135240872515,0.2255877197633267,0.0003589352138635541,58172798,4
Square,1.0,-0.4,pairing,5,-1.0345712600424644,0.23967288672195883,4.0947339198403245e-05,58172798,5
Square,1.0,-0.4,pairing,6,-1.0348994318375808,0.24394015272042302,4.560648870054948e-06,58172798,6
Square,1.0,-0.4,pairing,7,-1.0350046699065574,0.24525420624159253,5.030373258068634e-07,58172798,7
Square,1.0,-0.4,pairing,8,-1.0350368962666479,0.24570618324614732,6.700399173082326e-08,58172798,8
Square,1.0,-0.4,pairing,9,-1.035046784625494,0.24590758254089404,4.4206875728565685e-08,58172798,9
Square,1.0,-0.4,pairing,10,-1.0350498756799076,0.2460369997073059,3.95348245604827e-09,58172798,10
Square,1.0,-0.4,pairing,11,-1.0350511080746196,0.2461460313956456,9.865482526461441e-09,58172798,11
Square,1.0,-0.4,pairing,12,-1.035051609855908,0.24625120503429798,1.1260851925413505e-08,58172798,12
Square,1.0,-0.4,pairing,13,-1.0350519477926257,0.24635643760289766,1.104859252811481e-08,58172798,13
Square,1.0,-0.4,pairing,14,-1.0350521699949904,0.24646282343297074,7.457754956786527e-09,58172798,14
Square,1.0,-0.4,pairing,15,-1.0350525385635967,0.24656994301186091,7.47421611684544e-09,58172798,15
Square,1.0,-0.4,pairing,16,-1.0350527165166266,0.24668090472191895,2.886671561951742e-10,58172798,16
Square,1.0,-0.4,pairing,17,-1.0350529655945646,0.24679299405479996,2.0582905398382896e-11,58172798,17
Square,1.0,-0.4,pairing,18,-1.035053262245458,0.24690537895204415,2.2443552747260116e-11,58172798,18
Square,1.0,-0.4,pairing,19,-1.0350535175908082,0.24701915827660634,2.738356782815958e-11,58172798,19
Square,1.0,-0.4,pairing,20,-1.035053712232172,0.24713523890749514,3.378509913030109e-11,58172798,20
Square,1.0,-0.4,pairing,21,-1.0350539397992844,0.24725431514209925,7.318502254813015e-12,58172798,21
Square,1.0,-0.4,pairing,22,-1.0350542700393686,0.24737314415840292,9.488619788251277e-11,58172798,22
Square,1.0,-0.4,pairing,23,-1.0350544456584483,0.24749511708990773,1.6937653799731029e-10,58172798,23
Square,1.0,-0.4,pairing,24,-1.0350547527243474,0.24761809146563113,1.862892080939564e-11,58172798,24
Square,1.0,-0.4,pairing,25,-1.0350549833844318,0.24774472758772542,1.1212098831307008e-09,58172798,25
Square,1.0,-0.4,pairing,26,-1.0350552753381375,0.247872959815494,1.1170388338211648e-08,58172798,26
Square,1.0,-0.4,pairing,27,-1.0350555716367809,0.2480013205154185,1.0360426729648626e-09,58172798,27
Square,1.0,-0.4,pairing,28,-1.035055828283323,0.2481307169110315,2.3670509100660425e-10,58172798,28
Square,1.0,-0.4,pairing,29,-1.0350560460183875,0.2482614595298059,1.6571037972207203e-09,58172798,29
Square,1.0,-0.4,pairing,30,-1.0350562864057944,0.24839427653872467,1.0810061485966285e-09,58172798,30
Square,1.0,-0.4,pairing,31,-1.035056546142553,0.2485279973161214,1.0064393233773893e-08,58172798,31
Square,1.0,-0.4,pairing,32,-1.0350567447523997,0.24866468895286678,1.3211019717711993e-08,58172798,32
Square,1.0,-0.4,pairing,33,-1.0350570096852423,0.24880127227258497,5.174620893454478e-09,58172798,33
Square,1.0,-0.4,pairing,34,-1.0350572816381933,0.2489386205437408,1.1786354797368111e-08,58172798,34
Square,1.0,-0.4,pairing,35,-1.0350575130707624,0.24907826841344827,1.1920777896787113e-08,58172798,35
Square,1.0,-0.4,pairing,36,-1.0350577972680743,0.24921762869941907,2.839616094811397e-08,58172798,36
Square,1.0,-0.4,pairing,37,-1.0350580922074246,0.24935796016692272,1.0778851034598211e-08,58172798,37
Square,1.0,-0.4,pairing,38,-1.0350583076728783,0.24949788808059406,1.899085688126527e-07,58172798,38
Square,1.0,-0.4,pairing,39,-1.0350584702259982,0.24963976921048017,3.039853640825271e-08,58172798,39
Square,1.0,-0.4,pairing,40,-1.035058828569642,0.24977958476396872,2.6156453687664858e-08,58172798,40
Square,1.0,-0.2,stripe,1,-0.7818511049202752,0.25150153341763265,0.0002922999766768672,58172799,1
Square,1.0,-0.2,stripe,2,-0.7818864169932815,0.2522507002713569,5.117997922986717e-05,58172799,2
Square,1.0,-0.2,stripe,3,-0.7819059915784699,0.2524415144760398,9.753810135063781e-06,58172799,3
Square,1.0,-0.2,stripe,4,-0.781910446913552,0.25249778413719404,1.8415366737347778e-06,58172799,4
Square,1.0,-0.2,stripe,5,-0.7819116246344183,0.25251934672806353,3.667053043078668e-07,58172799,5
Square,1.0,-0.2,stripe,6,-0.7819119653495576,0.25253169376826723,6.2551869914364e-08,58172799,6
Square,1.0,-0.2,stripe,7,-0.7819120879901174,0.2525415828497024,1.0987775203225334e-08,58172799,7
Square,1.0,-0.2,stripe,8,-0.7819120969113638,0.252551022627274,2.3039250036651267e-08,58172799,8
Square,1.0,-0.2,stripe,9,-0.7819121095874312,0.25256064495125985,2.472218384019825e-09,58172799,9
Square,1.0,-0.2,stripe,10,-0.781912118494532,0.25256924582294443,3.048741839601814e-10,58172799,10
Square,1.0,-0.2,stripe,11,-0.7819121480987968,0.2525783227444472,1.9356439899304733e-09,58172799,11
Square,1.0,-0.2,stripe,12,-0.7819121833965854,0.25258677275648933,5.68824742748137e-10,58172799,12
Square,1.0,-0.2,stripe,13,-0.7819122039479811,0.25259528212875676,4.189522290613161e-09,58172799,13
Square,1.0,-0.2,stripe,14,-0.7819121987819112,0.2526032587428972,7.090379822073101e-09,58172799,14
Square,1.0,-0.2,stripe,15,-0.7819122140846624,0.25261124651842926,7.556975080132846e-10,58172799,15
Square,1.0,-0.2,stripe,16,-0.7819122116602787,0.2526196546020036,2.1311972116197826e-08,58172799,16
Square,1.0,-0.2,stripe,17,-0.7819122828883741,0.2526270387507968,1.5185155395467748e-08,58172799,17
Square,1.0,-0.2,stripe,18,-0.7819122738190942,0.2526350861730624,2.6705778666012937e-08,58172799,18
Square,1.0,-0.2,stripe,19,-0.7819122846389271,0.2526433538001061,2.7206290946268795e-08,58172799,19
Square,1.0,-0.2,stripe,20,-0.7819123126828875,0.2526507975872743,1.4106417815483655e-08,58172799,20
Square,1.0,-0.2,stripe,21,-0.7819122884394459,0.2526589570849568,3.1690703593666564e-09,58172799,21
Square,1.0,-0.2,stripe,22,-0.781912241975665,0.252666599603534,3.122077456841823e-08,58172799,22
Square,1.0,-0.2,stripe,23,-0.7819122908539842,0.25267458903082,8.476021599136987e-09,58172799,23
Square,1.0,-0.2,stripe,24,-0.7819123509082241,0.25268134028140415,2.3232183866240962e-08,58172799,24
Square,1.0,-0.2,stripe,25,-0.7819123671900715,0.25268884122386137,1.7727204078980822e-08,58172799,25
Square,1.0,-0.2,stripe,26,-0.7819123895281425,0.2526960451235099,4.926634038218184e-09,58172799,26
Square,1.0,-0.2,stripe,27,-0.7819123804224726,0.2527040658606487,1.2783767215159487e-07,58172799,27
Square,1.0,-0.2,stripe,28,-0.7819124013336877,0.2527108046615929,3.859772091525393e-08,58172799,28
Square,1.0,-0.2,stripe,29,-0.7819124344879002,0.25271777992848465,5.942568316846195e-08,58172799,29
Square,1.0,-0.2,stripe,30,-0.7819124047539068,0.25272517286041385,3.3326652842231375e-08,58172799,30
Square,1.0,-0.2,stripe,31,-0.7819124688744046,0.25273097320203647,1.567747236899848e-07,58172799,31
Square,1.0,-0.2,stripe,32,-0.7819123669391616,0.2527385840568914,3.297215964313951e-08,58172799,32
Square,1.0,-0.2,stripe,33,-0.7819124088583301,0.2527448720386778,1.437759031065648e-09,58172799,33
Square,1.0,-0.2,stripe,34,-0.7819124079517298,0.25275163386737787,2.141502506765139e-08,58172799,34
Square,1.0,-0.2,stripe,35,-0.7819123835304524,0.2527585900021014,3.052278799845215e-08,58172799,35
Square,1.0,-0.2,stripe,36,-0.781912470263431,0.25276502278953433,4.286348013292463e-09,58172799,36
Square,1.0,-0.2,stripe,37,-0.7819124273546539,0.25277135403630596,1.6748139706491848e-08,58172799,37
Square,1.0,-0.2,stripe,38,-0.7819124290002751,0.25277785908999645,1.9363412352908087e-08,58172799,38
Square,1.0,-0.2,stripe,39,-0.7819124091321372,0.25278466886837575,1.7948943109626732e-08,58172799,39
Square,1.0,-0.2,stripe,40,-0.7819124463642868,0.25279138657074196,2.6102671617893378e-09,58172799,40
Square,1.0,-0.2,pairing,1,-0.7790696733419215,0.04551697823262697,0.015953349338602384,58172800,1
Square,1.0,-0.2,pairing,2,-0.7775724986738,0.1417759768193951,0.006174498214833682,58172800,2
Square,1.0,-0.2,pairing,3,-0.7791557370085814,0.2149096943854441,0.0007908869143836198,58172800,3
Square,1.0,-0.2,pairing,4,-0.780839285428393,0.24182458842356358,8.128967048033212e-05,58172800,4
Square,1.0,-0.2,pairing,5,-0.7815861248716154,0.24969871198985544,8.187269993232595e-06,58172800,5
Square,1.0,-0.2,pairing,6,-0.7818205469180163,0.2518915025325105,8.142732890260427e-07,58172800,6
Square,1.0,-0.2,pairing,7,-0.7818869770335379,0.2525037948028977,7.757248549505506e-08,58172800,7
Square,1.0,-0.2,pairing,8,-0.7819054851211773,0.2526786458628572,1.1250916734892153e-08,58172800,8
Square,1.0,-0.2,pairing,9,-0.7819106144879454,0.2527324029312845,7.021086051006915e-09,58172800,9
Square,1.0,-0.2,pairing,10,-0.7819120548928329,0.2527520597367239,7.691634173765346e-09,58172800,10
Square,1.0,-0.2,pairing,11,-0.7819124687615623,0.25276240962404045,1.2313138111762626e-08,58172800,11
Square,1.0,-0.2,pairing,12,-0.7819125509831008,0.2527701468487363,2.403785038107618e-08,58172800,12
Square,1.0,-0.2,pairing,13,-0.7819126457942686,0.2527768134973113,2.5263589712974964e-08,58172800,13
Square,1.0,-0.2,pairing,14,-0.781912642420503,0.25278304340919217,2.798096645077593e-08,58172800,14
Square,1.0,-0.2,pairing,15,-0.7819126044229845,0.2527896259258728,4.0427024966542834e-08,58172800,15
Square,1.0,-0.2,pairing,16,-0.7819126659611049,0.25279535710025675,4.3610999398923146e-08,58172800,16
Square,1.0,-0.2,pairing,17,-0.7819126485992155,0.2528014466792531,5.501461095212236e-08,58172800,17
Square,1.0,-0.2,pairing,18,-0.7819126681229145,0.2528070310085477,2.107695580279901e-08,58172800,18
Square,1.0,-0.2,pairing,19,-0.7819127079247904,0.25281281340881,2.065156803627432e-08,58172800,19
Square,1.0,-0.2,pairing,20,-0.7819126515196118,0.25281830351485063,5.999146442528855e-09,58172800,20
Square,1.0,-0.2,pairing,21,-0.7819126280673265,0.25282418217181846,1.0343943929865138e-09,58172800,21
Square,1.0,-0.2,pairing,22,-0.7819126664425515,0.2528298601398631,2.8810670812038502e-09,58172800,22
Square,1.0,-0.2,pairing,23,-0.7819125759836497,0.25283641938814727,2.8553486893637625e-10,58172800,23
Square,1.0,-0.2,pairing,24,-0.7819126543722785,0.25284185788776503,2.697168735914806e-09,58172800,24
Square,1.0,-0.2,pairing,25,-0.7819126926075075,0.2528474322007962,4.233185308866594e-10,58172800,25
Square,1.0,-0.2,pairing,26,-0.7819126413829297,0.2528527509696142,9.457025431964078e-10,58172800,26
Square,1.0,-0.2,pairing,27,-0.781912723675548,0.2528575605442341,7.42104698039287e-10,58172800,27
Square,1.0,-0.2,pairing,28,-0.7819126680308048,0.2528630871201351,4.326165521331587e-09,58172800,28
Square,1.0,-0.2,pairing,29,-0.7819126813772925,0.25286805891104486,4.19842131899962e-09,58172800,29
Square,1.0,-0.2,pairing,30,-0.7819127135861017,0.25287322161214043,3.3939309671803788e-09,58172800,30
Square,1.0,-0.2,pairing,31,-0.7819126895667196,0.2528790904015987,6.418666024674726e-09,58172800,31
Square,1.0,-0.2,pairing,32,-0.7819127096552052,0.25288413729550757,4.2254539336775284e-09,58172800,32
Square,1.0,-0.2,pairing,33,-0.7819126996894444,0.25288933845688566,3.34192413772054e-10,58172800,33
Square,1.0,-0.2,pairing,34,-0.781912766025948,0.25289381169654523,9.769455200131557e-09,58172800,34
Square,1.0,-0.2,pairing,35,-0.7819127392779065,0.2528990148177358,8.817246358690611e-09,58172800,35
Square,1.0,-0.2,pairing,36,-0.7819127181714767,0.25290429787666446,1.965869334594069e-08,58172800,36
Square,1.0,-0.2,pairing,37,-0.7819127293928543,0.2529093818068438,1.3365056018584193e-08,58172800,37
Square,1.0,-0.2,pairing,38,-0.7819127317493852,0.2529141767803027,1.6607544094188577e-08,58172800,38
Square,1.0,-0.2,pairing,39,-0.7819127074231643,0.2529194407116541,1.3458300971167206e-08,58172800,39
Square,1.0,-0.2,pairing,40,-0.7819127677387422,0.2529237538868335,6.6484726918590525e-09,58172800,40
Square,1.0,0.0,stripe,1,-0.5290759003190805,0.2580201400563887,0.000162368219463159,58172801,1
Square,1.0,0.0,stripe,2,-0.529271188566769,0.26048753014836856,1.5904166868306518e-05,58172801,2
Square,1.0,0.0,stripe,3,-0.5293587292684931,0.2611041394555681,1.7715453958141625e-06,58172801,3
Square,1.0,0.0,stripe,4,-0.5293796353814785,0.2612598564254378,1.9234216686087692e-07,58172801,4
Square,1.0,0.0,stripe,5,-0.5293850280420072,0.2612974141386664,2.0127265380987827e-08,58172801,5
Square,1.0,0.0,stripe,6,-0.529386458600941,0.26130339234355143,4.559100457430582e-08,58172801,6
Square,1.0,0.0,stripe,7,-0.5293868430365153,0.2613013281121271,2.801645684981158e-08,58172801,7
Square,1.0,0.0,stripe,8,-0.5293869665688851,0.2612973817061513,6.813392326506611e-09,58172801,8
Square,1.0,0.0,stripe,9,-0.5293869966271454,0.261292281165901,1.4014403449809615e-08,58172801,9
Square,1.0,0.0,stripe,10,-0.5293869577871845,0.2612880103595469,4.3738536034934936e-09,58172801,10
Square,1.0,0.0,stripe,11,-0.5293870065662306,0.26128286215181157,3.5764125202802274e-09,58172801,11
Square,1.0,0.0,stripe,12,-0.5293869946615101,0.2612786206031804,3.078468828524102e-10,58172801,12
Square,1.0,0.0,stripe,13,-0.5293869988617296,0.2612740290582346,1.1408763396451175e-09,58172801,13
Square,1.0,0.0,stripe,14,-0.5293870192516644,0.26126953126408514,2.895175274341424e-08,58172801,14
Square,1.0,0.0,stripe,15,-0.5293870134122524,0.2612650333855051,4.032322801237626e-08,58172801,15
Square,1.0,0.0,stripe,16,-0.5293870403529317,0.26126065551714117,9.667353058929673e-09,58172801,16
Square,1.0,0.0,stripe,17,-0.5293870559947917,0.2612562844914541,7.070630421173978e-09,58172801,17
Square,1.0,0.0,stripe,18,-0.5293870915516055,0.26125195451452865,8.95202602520131e-09,58172801,18
Square,1.0,0.0,stripe,19,-0.5293870589273929,0.26124800201380965,9.599656311360599e-09,58172801,19
Square,1.0,0.0,stripe,20,-0.5293870728142921,0.26124404475095414,3.6769004410385665e-09,58172801,20
Square,1.0,0.0,stripe,21,-0.5293870748401616,0.2612402658961313,1.036775491421166e-08,58172801,21
Square,1.0,0.0,stripe,22,-0.5293870866858346,0.26123642585089013,3.4507174329511143e-09,58172801,22
Square,1.0,0.0,stripe,23,-0.5293869994332139,0.26123327550466197,6.57584260027751e-09,58172801,23
Square,1.0,0.0,stripe,24,-0.529387048102525,0.2612296351854364,2.51521929377218e-09,58172801,24
Square,1.0,0.0,stripe,25,-0.529387065479823,0.2612257634294638,9.752990158471629e-09,58172801,25
Square,1.0,0.0,stripe,26,-0.5293870750386608,0.26122199248546607,9.410538805805116e-09,58172801,26
Square,1.0,0.0,stripe,27,-0.529387067233761,0.2612182572657978,7.074474813523778e-09,58172801,27
Square,1.0,0.0,stripe,28,-0.5293870824859372,0.26121439838113203,7.096207727150246e-08,58172801,28
Square,1.0,0.0,stripe,29,-0.5293871048343937,0.2612105591889005,9.179362430742892e-08,58172801,29
Square,1.0,0.0,stripe,30,-0.529387139032473,0.26120657725530155,9.850651502313543e-08,58172801,30
Square,1.0,0.0,stripe,31,-0.5293871541374393,0.26120279987784056,1.1585833091192943e-07,58172801,31
Square,1.0,0.0,stripe,32,-0.529387168539245,0.2611994554817892,7.857663181172302e-08,58172801,32
Square,1.0,0.0,stripe,33,-0.5293871864851871,0.2611958284199845,5.2486386562420846e-08,58172801,33
Square,1.0,0.0,stripe,34,-0.5293871583634334,0.26119282193791027,1.2949858158678894e-08,58172801,34
Square,1.0,0.0,stripe,35,-0.5293871704299892,0.2611897046616598,1.584747230989906e-07,58172801,35
Square,1.0,0.0,stripe,36,-0.5293871792968934,0.2611864264514535,1.8256946667937068e-07,58172801,36
Square,1.0,0.0,stripe,37,-0.5293871772195652,0.2611830746881008,1.0356350220383961e-08,58172801,37
Square,1.0,0.0,stripe,38,-0.5293871608136135,0.2611795994342578,8.645719919762815e-10,58172801,38
Square,1.0,0.0,stripe,39,-0.5293871474767086,0.2611764028480769,6.599471944726824e-09,58172801,39
Square,1.0,0.0,stripe,40,-0.5293872150258797,0.26117301278286364,4.268749465190689e-10,58172801,40
Square,1.0,0.0,pairing,1,-0.5254020446024016,0.062230360779609604,0.013691464881930378,58172802,1
Square,1.0,0.0,pairing,2,-0.5239297285112751,0.17250067250189516,0.002925642283427609,58172802,2
Square,1.0,0.0,pairing,3,-0.5265104476070775,0.23412543813674744,0.0003215472329532433,58172802,3
Square,1.0,0.0,pairing,4,-0.5284229563978081,0.25380285946883807,3.3503190476504606e-05,58172802,4
Square,1.0,0.0,pairing,5,-0.5291204233840339,0.2591967425417911,3.524513153597978e-06,58172802,5
Square,1.0,0.0,pairing,6,-0.5293167810791677,0.2606369580307011,3.7234891974861753e-07,58172802,6
Square,1.0,0.0,pairing,7,-0.5293687996824722,0.26102186259083254,3.963403582956085e-08,58172802,7
Square,1.0,0.0,pairing,8,-0.5293825611498439,0.2611242295827475,8.025785430608726e-09,58172802,8
Square,1.0,0.0,pairing,9,-0.5293862338931653,0.2611497539145823,3.0041538464720563e-09,58172802,9
Square,1.0,0.0,pairing,10,-0.5293872352788497,0.2611543369912444,8.939167973266089e-10,58172802,10
Square,1.0,0.0,pairing,11,-0.5293875172607253,0.26115313238210586,4.339991041505273e-09,58172802,11
Square,1.0,0.0,pairing,12,-0.5293875896526832,0.2611505637671026,1.3851495778369442e-08,58172802,12
Square,1.0,0.0,pairing,13,-0.529387610226581,0.2611477803533574,1.1418097443318877e-09,58172802,13
Square,1.0,0.0,pairing,14,-0.5293876340952833,0.26114465173589163,6.967470839378856e-09,58172802,14
Square,1.0,0.0,pairing,15,-0.5293875777160072,0.26114192316264545,9.378909483441861e-09,58172802,15
Square,1.0,0.0,pairing,16,-0.529387626073163,0.2611388573896173,1.0910935977687462e-09,58172802,16
Square,1.0,0.0,pairing,17,-0.5293875749448372,0.26113632026707817,6.266805088341278e-09,58172802,17
Square,1.0,0.0,pairing,18,-0.5293875851771115,0.2611337621534517,5.22188719012938e-10,58172802,18
Square,1.0,0.0,pairing,19,-0.5293876067655605,0.26113095661677643,1.9715170809519162e-10,58172802,19
Square,1.0,0.0,pairing,20,-0.5293875947318911,0.2611278493780578,1.7385637381784313e-08,58172802,20
Square,1.0,0.0,pairing,21,-0.5293875999992669,0.26112493146829563,2.1585874358393624e-08,58172802,21
Square,1.0,0.0,pairing,22,-0.5293875953271437,0.2611222796932292,2.561896365883647e-08,58172802,22
Square,1.0,0.0,pairing,23,-0.5293876118803741,0.26111955532830666,1.8328125582092126e-08,58172802,23
Square,1.0,0.0,pairing,24,-0.5293875986860148,0.2611170533329019,4.860276800731589e-08,58172802,24
Square,1.0,0.0,pairing,25,-0.529387637638176,0.2611142164273651,1.7677441716778168e-08,58172802,25
Square,1.0,0.0,pairing,26,-0.5293876290803544,0.26111173861509435,1.9152934867610245e-08,58172802,26
Square,1.0,0.0,pairing,27,-0.5293876118098344,0.2611095631097445,1.9115078432055182e-08,58172802,27
Square,1.0,0.0,pairing,28,-0.5293876367195387,0.26110707524378524,1.8711444433893303e-08,58172802,28
Square,1.0,0.0,pairing,29,-0.5293876112615267,0.26110493458718875,1.967303113029534e-08,58172802,29
Square,1.0,0.0,pairing,30,-0.5293876206074054,0.2611028691020358,1.8502435137561634e-08,58172802,30
Square,1.0,0.0,pairing,31,-0.5293876559602896,0.2611004114140749,1.88316149574599e-08,58172802,31
Square,1.0,0.0,pairing,32,-0.529387644861655,0.26109818136064294,1.84181738431794e-08,58172802,32
Square,1.0,0.0,pairing,33,-0.5293876301406405,0.2610963068819097,6.800092476341221e-10,58172802,33
Square,1.0,0.0,pairing,34,-0.529387659060594,0.2610935601590127,1.1298027792967475e-10,58172802,34
Square,1.0,0.0,pairing,35,-0.5293876615383507,0.261091270703642,1.677457318181633e-10,58172802,35
Square,1.0,0.0,pairing,36,-0.5293876503538035,0.2610891237968429,5.949682621367063e-10,58172802,36
Square,1.0,0.0,pairing,37,-0.5293876330632719,0.2610874494088531,3.305175638735294e-08,58172802,37
Square,1.0,0.0,pairing,38,-0.5293876389432881,0.26108607853013993,1.0659131145373385e-09,58172802,38
Square,1.0,0.0,pairing,39,-0.5293876585715175,0.26108386214507817,1.0361648380346784e-10,58172802,39
Square,1.0,0.0,pairing,40,-0.52938765263242,0.26108177900782703,2.3321061476106116e-09,58172802,40
Square,1.2,-0.4,stripe,1,-1.091741865962948,0.204600490350131,0.0003362106415414046,58172803,1
Square,1.2,-0.4,stripe,2,-1.0916410416901505,0.1873012639932999,8.383353097474388e-05,58172803,2
Square,1.2,-0.4,stripe,3,-1.0915003363360627,0.1792505313024407,2.6637313168540853e-05,58172803,3
Square,1.2,-0.4,stripe,4,-1.0914423736273282,0.17526389258743283,9.65383809123052e-06,58172803,4
Square,1.2,-0.4,stripe,5,-1.0914141049704822,0.17328445599193862,3.809962248433365e-06,58172803,5
Square,1.2,-0.4,stripe,6,-1.0913994596725531,0.17235778979261873,1.593420844264099e-06,58172803,6
Square,1.2,-0.4,stripe,7,-1.0913918960862126,0.17199967698304378,7.598109998947193e-07,58172803,7
Square,1.2,-0.4,stripe,8,-1.0913877863549295,0.1719653521305979,3.408134287503256e-07,58172803,8
Square,1.2,-0.4,stripe,9,-1.0913859180624992,0.17209949555427,2.0613000029875896e-07,58172803,9
Square,1.2,-0.4,stripe,10,-1.0913851417661669,0.1723278277459688,9.284381098371327e-08,58172803,10
Square,1.2,-0.4,stripe,11,-1.0913848554322458,0.17260270607895317,2.62890519881075e-07,58172803,11
Square,1.2,-0.4,stripe,12,-1.0913848748059003,0.17290336782562105,9.736342656226982e-08,58172803,12
Square,1.2,-0.4,stripe,13,-1.0913852566710096,0.17319717990308825,5.361681103465763e-08,58172803,13
Square,1.2,-0.4,stripe,14,-1.0913855249808018,0.17348450730188866,2.2971595584396689e-07,58172803,14
Square,1.2,-0.4,stripe,15,-1.091385812836742,0.17376125998653874,1.7166419579996392e-07,58172803,15
Square,1.2,-0.4,stripe,16,-1.0913862017829965,0.17402131868013582,3.2143913158153113e-07,58172803,16
Square,1.2,-0.4,stripe,17,-1.0913864284582877,0.17426721519663385,2.0263249334221079e-07,58172803,17
Square,1.2,-0.4,stripe,18,-1.0913867609992958,0.17449216690521765,5.210944335736318e-07,58172803,18
Square,1.2,-0.4,stripe,19,-1.091387055643813,0.1746960967462108,1.939982286570958e-07,58172803,19
Square,1.2,-0.4,stripe,20,-1.0913873028457375,0.17488239305291106,2.2996484833701462e-07,58172803,20
Square,1.2,-0.4,stripe,21,-1.0913875079147581,0.1750524341456881,8.295116131180381e-08,58172803,21
Square,1.2,-0.4,stripe,22,-1.0913877771037632,0.17520127358738147,3.473266149610328e-08,58172803,22
Square,1.2,-0.4,stripe,23,-1.0913880251404569,0.17533163883253955,1.7948001152799886e-07,58172803,23
Square,1.2,-0.4,stripe,24,-1.0913882013349443,0.17544488434196076,2.601368469051734e-07,58172803,24
Square,1.2,-0.4,stripe,25,-1.0913883937100566,0.17554392222611997,1.841381140535156e-07,58172803,25
Square,1.2,-0.4,stripe,26,-1.0913884562891336,0.17563327021206507,1.4136025667351776e-07,58172803,26
Square,1.2,-0.4,stripe,27,-1.0913885508494907,0.17571466816857162,1.3604884197754834e-07,58172803,27
Square,1.2,-0.4,stripe,28,-1.0913886632002894,0.17578416508421651,4.312218247108567e-08,58172803,28
Square,1.2,-0.4,stripe,29,-1.091388771782873,0.17584433986890735,1.0151897175401629e-07,58172803,29
Square,1.2,-0.4,stripe,30,-1.0913888255191342,0.17589833903813418,6.550767235946312e-08,58172803,30
Square,1.2,-0.4,stripe,31,-1.0913889100759235,0.17594458205100028,4.579543432437225e-08,58172803,31
Square,1.2,-0.4,stripe,32,-1.091388994775055,0.17598387273121688,4.25551075396411e-08,58172803,32
Square,1.2,-0.4,stripe,33,-1.091389047835308,0.17602004812474695,2.3244605508910716e-08,58172803,33
Square,1.2,-0.4,stripe,34,-1.0913891007801126,0.17604915950065989,1.360091095660495e-07,58172803,34
Square,1.2,-0.4,stripe,35,-1.0913891076878306,0.17607706817210306,1.8079609209329294e-07,58172803,35
Square,1.2,-0.4,stripe,36,-1.0913892095691569,0.17610125421948689,7.176633305496312e-08,58172803,36
Square,1.2,-0.4,stripe,37,-1.0913892248506818,0.17612331463694636,6.148405529609378e-08,58172803,37
Square,1.2,-0.4,stripe,38,-1.0913892552603255,0.17614086336424306,8.771770847708254e-08,58172803,38
Square,1.2,-0.4,stripe,39,-1.0913893017450271,0.17615661062122553,1.0867056897348621e-07,58172803,39
Square,1.2,-0.4,stripe,40,-1.091389341347923,0.17617171716794353,1.4020532527984755e-07,58172803,40
Square,1.2,-0.4,pairing,1,-1.0916283804414681,0.013836348795186632,0.026093886684388036,58172804,1
Square,1.2,-0.4,pairing,2,-1.0911504537061474,0.014642153731416292,0.025751778669754328,58172804,2
Square,1.2,-0.4,pairing,3,-1.0911573034353605,0.01552912283639572,0.025698388600471574,58172804,3
Square,1.2,-0.4,pairing,4,-1.0911569270489447,0.01648714653003107,0.025678029928725057,58172804,4
Square,1.2,-0.4,pairing,5,-1.0911569208553096,0.017514832359408778,0.025660742879174855,58172804,5
Square,1.2,-0.4,pairing,6,-1.0911568977066246,0.018616898598799978,0.025641605229616903,58172804,6
Square,1.2,-0.4,pairing,7,-1.0911569059112045,0.019800325375416896,0.025618892980599522,58172804,7
Square,1.2,-0.4,pairing,8,-1.0911569224650821,0.021070843756633418,0.025593600440843068,58172804,8
Square,1.2,-0.4,pairing,9,-1.0911569646158192,0.022438916293837863,0.025562632896957455,58172804,9
Square,1.2,-0.4,pairing,10,-1.0911569422953304,0.023912301324242772,0.02552818750732288,58172804,10
Square,1.2,-0.4,pairing,11,-1.09115695716148,0.02550392027182115,0.02548757272315431,58172804,11
Square,1.2,-0.4,pairing,12,-1.0911569646839965,0.027225648210391685,0.025441620648427928,58172804,12
Square,1.2,-0.4,pairing,13,-1.0911569503988843,0.029095218953318364,0.025386752994696057,58172804,13
Square,1.2,-0.4,pairing,14,-1.091156963226032,0.03113365910927298,0.025320198313860908,58172804,14
Square,1.2,-0.4,pairing,15,-1.0911569141913133,0.03336038504279844,0.02524385481073303,58172804,15
Square,1.2,-0.4,pairing,16,-1.091156993567781,0.03580083569123224,0.025154234171789327,58172804,16
Square,1.2,-0.4,pairing,17,-1.0911568204433133,0.038492850836708385,0.025045799132889887,58172804,17
Square,1.2,-0.4,pairing,18,-1.0911567196050196,0.04147544913938084,0.024915978635066997,58172804,18
Square,1.2,-0.4,pairing,19,-1.091156617822057,0.04479958705862799,0.024757195891129083,58172804,19
Square,1.2,-0.4,pairing,20,-1.0911564380394583,0.04853550417191335,0.024560509828676084,58172804,20
Square,1.2,-0.4,pairing,21,-1.0911560702233736,0.05277850243437644,0.024308850599404592,58172804,21
Square,1.2,-0.4,pairing,22,-1.0911555681943113,0.05763103209715281,0.02398801158247269,58172804,22
Square,1.2,-0.4,pairing,23,-1.091155140512021,0.0632312985758432,0.02356413441473886,58172804,23
Square,1.2,-0.4,pairing,24,-1.091154203447819,0.06978972106392466,0.02298747556070016,58172804,24
Square,1.2,-0.4,pairing,25,-1.0911529880718833,0.07758358596018361,0.0221745793135195,58172804,25
Square,1.2,-0.4,pairing,26,-1.0911513186851522,0.08697960275372811,0.02098416002315611,58172804,26
Square,1.2,-0.4,pairing,27,-1.0911502686917094,0.09831539163838247,0.019218172663587437,58172804,27
Square,1.2,-0.4,pairing,28,-1.0911514342460333,0.11183575730124198,0.01653716179011722,58172804,28
Square,1.2,-0.4,pairing,29,-1.0911598983403454,0.12709235546722844,0.01267005349495471,58172804,29
Square,1.2,-0.4,pairing,30,-1.0911851982398473,0.1421152486312319,0.008059218334950897,58172804,30
Square,1.2,-0.4,pairing,31,-1.0912309035856111,0.15422021680913944,0.004143770654532971,58172804,31
Square,1.2,-0.4,pairing,32,-1.091281290987284,0.16245081064516237,0.0018199239648470245,58172804,32
Square,1.2,-0.4,pairing,33,-1.0913214876900172,0.167532441736812,0.00073085015440665,58172804,33
Square,1.2,-0.4,pairing,34,-1.0913479691903052,0.17056696233735438,0.00027986285658828736,58172804,34
Square,1.2,-0.4,pairing,35,-1.0913641620909413,0.17238161984586664,0.00010437319261494816,58172804,35
Square,1.2,-0.4,pairing,36,-1.0913739261259963,0.17348755074825753,3.8383127913216716e-05,58172804,36
Square,1.2,-0.4,pairing,37,-1.0913796571911856,0.1741901519383858,1.3949805322531358e-05,58172804,37
Square,1.2,-0.4,pairing,38,-1.0913831778921066,0.17465249777942293,5.350669725682501e-06,58172804,38
Square,1.2,-0.4,pairing,39,-1.0913853581422468,0.1749680483856626,2.1551573706851614e-06,58172804,39
Square,1.2,-0.4,pairing,40,-1.091386727865563,0.17519455488187138,9.851847963933475e-07,58172804,40
Square,1.2,-0.2,stripe,1,-0.8385032045205524,0.21677511806128255,0.0003638526849125098,58172805,1
Square,1.2,-0.2,stripe,2,-0.8383921389847934,0.20555108844745196,7.632566872168988e-05,58172805,2
Square,1.2,-0.2,stripe,3,-0.8382431305960031,0.20102972362532567,1.7176994330989612e-05,58172805,3
Square,1.2,-0.2,stripe,4,-0.8381870023312482,0.19911688765451463,3.956570283961322e-06,58172805,4
Square,1.2,-0.2,stripe,5,-0.8381625865971047,0.19829423380708566,9.407657974271903e-07,58172805,5
Square,1.2,-0.2,stripe,6,-0.8381516464578741,0.19794553094996478,2.233452550337643e-07,58172805,6
Square,1.2,-0.2,stripe,7,-0.8381466269815804,0.19780613925896862,5.463209374231569e-08,58172805,7
Square,1.2,-0.2,stripe,8,-0.8381442398352866,0.19776231023886348,1.3681728982966522e-08,58172805,8
Square,1.2,-0.2,stripe,9,-0.8381431448434004,0.19776050032292114,2.688237844766307e-09,58172805,9
Square,1.2,-0.2,stripe,10,-0.8381426498350715,0.19777706655734723,3.7099605399038237e-07,58172805,10
Square,1.2,-0.2,stripe,11,-0.8381424990824369,0.19780000381148527,1.1822670751265309e-07,58172805,11
Square,1.2,-0.2,stripe,12,-0.8381424258976913,0.19782560317792225,2.542159776183873e-08,58172805,12
Square,1.2,-0.2,stripe,13,-0.838142399022214,0.1978512293533065,5.341764389965635e-09,58172805,13
Square,1.2,-0.2,stripe,14,-0.8381424645751541,0.19787800283509946,1.534165362148225e-08,58172805,14
Square,1.2,-0.2,stripe,15,-0.8381424927486616,0.19790424034438744,3.186637798903363e-09,58172805,15
Square,1.2,-0.2,stripe,16,-0.8381424472349737,0.1979301793765798,6.976981054515556e-09,58172805,16
Square,1.2,-0.2,stripe,17,-0.838142477532413,0.1979555076392852,1.704065451385053e-08,58172805,17
Square,1.2,-0.2,stripe,18,-0.8381424667435898,0.19798089788173123,1.659088901162499e-08,58172805,18
Square,1.2,-0.2,stripe,19,-0.8381425207566141,0.198002813070306,1.3846246314554098e-08,58172805,19
Square,1.2,-0.2,stripe,20,-0.8381425522312621,0.19802395730577335,3.2025067408639015e-09,58172805,20
Square,1.2,-0.2,stripe,21,-0.8381425939903122,0.19804414614193272,2.5132060539190058e-09,58172805,21
Square,1.2,-0.2,stripe,22,-0.8381426510640628,0.1980637428635064,3.944723123838222e-09,58172805,22
Square,1.2,-0.2,stripe,23,-0.8381426359388776,0.19808334785521203,1.0821198674026762e-08,58172805,23
Square,1.2,-0.2,stripe,24,-0.8381427092224284,0.1981014331448574,3.390831160979156e-08,58172805,24
Square,1.2,-0.2,stripe,25,-0.8381427183396586,0.19811835644245235,6.9518694385294754e-09,58172805,25
Square,1.2,-0.2,stripe,26,-0.8381427286337909,0.19813480410544024,1.0898307712788439e-08,58172805,26
Square,1.2,-0.2,stripe,27,-0.8381427733094888,0.1981505798254195,2.0978607805431367e-08,58172805,27
Square,1.2,-0.2,stripe,28,-0.8381427940721758,0.19816557515000624,3.5255710368962644e-09,58172805,28
Square,1.2,-0.2,stripe,29,-0.8381428618604057,0.19817880544716504,2.052691453880861e-08,58172805,29
Square,1.2,-0.2,stripe,30,-0.8381428544477225,0.19819134786576748,4.3860441918149655e-09,58172805,30
Square,1.2,-0.2,stripe,31,-0.8381429115210942,0.19820278916422732,8.725142209926431e-10,58172805,31
Square,1.2,-0.2,stripe,32,-0.8381429425225393,0.19821412904229668,1.9689015619060306e-08,58172805,32
Square,1.2,-0.2,stripe,33,-0.8381429753619374,0.19822505623831102,7.799400349374953e-09,58172805,33
Square,1.2,-0.2,stripe,34,-0.8381429865876981,0.19823547937846656,1.2758278134476455e-08,58172805,34
Square,1.2,-0.2,stripe,35,-0.8381430227985754,0.19824593339371827,6.432690153239183e-08,58172805,35
Square,1.2,-0.2,stripe,36,-0.8381430307011148,0.1982573398575305,1.3255225301129051e-08,58172805,36
Square,1.2,-0.2,stripe,37,-0.8381429787078024,0.19826966822250852,1.9557112645659133e-08,58172805,37
Square,1.2,-0.2,stripe,38,-0.838143029026783,0.19828007027025185,4.342639066966919e-09,58172805,38
Square,1.2,-0.2,stripe,39,-0.8381430607717303,0.1982893036136512,1.6081775273670997e-09,58172805,39
Square,1.2,-0.2,stripe,40,-0.838143076308648,0.19829792154299955,1.2535260780367003e-09,58172805,40
Square,1.2,-0.2,pairing,1,-0.8379676662042035,0.016841774621593447,0.02412945720741671,58172806,1
Square,1.2,-0.2,pairing,2,-0.8373346142365404,0.021895266332578888,0.023515007886216754,58172806,2
Square,1.2,-0.2,pairing,3,-0.8373457371558005,0.02872048452762064,0.02325730890976319,58172806,3
Square,1.2,-0.2,pairing,4,-0.8373460063943192,0.038037205861307176,0.022893629917280518,58172806,4
Square,1.2,-0.2,pairing,5,-0.8373477467285189,0.050950148137802916,0.02220665727178149,58172806,5
Square,1.2,-0.2,pairing,6,-0.8373511659235686,0.06922667530709074,0.020789650470290428,58172806,6
Square,1.2,-0.2,pairing,7,-0.8373625937211414,0.09509528105405159,0.017675021652835972,58172806,7
Square,1.2,-0.2,pairing,8,-0.8374102612494265,0.12813220227068783,0.011536830969386763,58172806,8
Square,1.2,-0.2,pairing,9,-0.8375579879350161,0.15882878265796832,0.004661733965460767,58172806,9
Square,1.2,-0.2,pairing,10,-0.8377755835849432,0.1786316241683961,0.0012945145414813152,58172806,10
Square,1.2,-0.2,pairing,11,-0.8379478303977157,0.18895952267247312,0.0002870398792852836,58172806,11
Square,1.2,-0.2,pairing,12,-0.8380476715608348,0.1938495499285382,5.803349988888826e-05,58172806,12
Square,1.2,-0.2,pairing,13,-0.8380979380871978,0.19608590430135112,1.1308185289888988e-05,58172806,13
Square,1.2,-0.2,pairing,14,-0.83812196207843,0.19710329391961576,2.1693091239342035e-06,58172806,14
Square,1.2,-0.2,pairing,15,-0.8381332566546469,0.1975751475559813,4.197528703442336e-07,58172806,15
Square,1.2,-0.2,pairing,16,-0.8381385367286989,0.19780086607887004,8.913700859702699e-08,58172806,16
Square,1.2,-0.2,pairing,17,-0.8381409660518033,0.19791732937125406,2.0345757925819433e-08,58172806,17
Square,1.2,-0.2,pairing,18,-0.8381421297696658,0.19798323156278136,1.1667626779025569e-08,58172806,18
Square,1.2,-0.2,pairing,19,-0.8381426952977183,0.19802530712991784,8.149476529839234e-09,58172806,19
Square,1.2,-0.2,pairing,20,-0.8381429323256285,0.1980567078050496,1.896180765320767e-09,58172806,20
Square,1.2,-0.2,pairing,21,-0.8381431362525246,0.1980812098612395,6.91435449462197e-10,58172806,21
Square,1.2,-0.2,pairing,22,-0.8381431868577066,0.19810245437829804,1.151812050762935e-08,58172806,22
Square,1.2,-0.2,pairing,23,-0.838143252325628,0.19812194703250902,2.56871649221071e-08,58172806,23
Square,1.2,-0.2,pairing,24,-0.8381432591889809,0.19813998424286305,3.101382047116725e-08,58172806,24
Square,1.2,-0.2,pairing,25,-0.8381432669152523,0.19815727722073054,5.011584677054743e-08,58172806,25
Square,1.2,-0.2,pairing,26,-0.8381432872253655,0.19817241977570288,6.172970561664926e-08,58172806,26
Square,1.2,-0.2,pairing,27,-0.8381432789097409,0.19818782511598337,1.0584971053730343e-08,58172806,27
Square,1.2,-0.2,pairing,28,-0.838143250990769,0.1982034820102601,2.206203060956711e-08,58172806,28
Square,1.2,-0.2,pairing,29,-0.8381433062716228,0.19821752071145035,1.1385495084796673e-08,58172806,29
Square,1.2,-0.2,pairing,30,-0.8381433192075187,0.1982306956893201,8.782962202899957e-09,58172806,30
Square,1.2,-0.2,pairing,31,-0.8381433234071508,0.19824256136096624,4.600997250446171e-09,58172806,31
Square,1.2,-0.2,pairing,32,-0.8381433417689019,0.19825288002341676,1.1761847241851398e-07,58172806,32
Square,1.2,-0.2,pairing,33,-0.8381433420268745,0.1982633474994579,5.633154196503537e-08,58172806,33
Square,1.2,-0.2,pairing,34,-0.8381433852171336,0.19827361653803532,2.2820708583355984e-08,58172806,34
Square,1.2,-0.2,pairing,35,-0.8381433832526056,0.19828213276901555,4.549591185791462e-08,58172806,35
Square,1.2,-0.2,pairing,36,-0.8381433792552171,0.19829094110260792,5.9068668419410016e-08,58172806,36
Square,1.2,-0.2,pairing,37,-0.8381433573815209,0.19830006158505933,4.689074222024518e-08,58172806,37
Square,1.2,-0.2,pairing,38,-0.8381433463902717,0.19830906832457512,1.4207443185509672e-08,58172806,38
Square,1.2,-0.2,pairing,39,-0.8381433870562399,0.19831611132612542,5.399523874577838e-09,58172806,39
Square,1.2,-0.2,pairing,40,-0.8381433749590234,0.19832294762215813,8.988563183885223e-09,58172806,40
Square,1.2,0.0,stripe,1,-0.5858550376599837,0.22865558348351256,0.00027349209965430316,58172807,1
Square,1.2,0.0,stripe,2,-0.5858053057544998,0.22236667422679607,4.131912904370179e-05,58172807,2
Square,1.2,0.0,stripe,3,-0.5856749114820501,0.22017152008464821,6.5744612126436584e-06,58172807,3
Square,1.2,0.0,stripe,4,-0.5856323168303893,0.21937101729801,1.0603444431036427e-06,58172807,4
Square,1.2,0.0,stripe,5,-0.5856162298301092,0.21907126393714457,1.7544203370240573e-07,58172807,5
Square,1.2,0.0,stripe,6,-0.5856100417875222,0.21895588941570282,2.830815894437978e-08,58172807,6
Square,1.2,0.0,stripe,7,-0.5856075486447653,0.2189103516554718,4.663552027399432e-09,58172807,7
Square,1.2,0.0,stripe,8,-0.5856065695943321,0.21889065998267218,8.113261352577628e-10,58172807,8
Square,1.2,0.0,stripe,9,-0.5856062261193455,0.21888066724812208,2.3923554210570336e-10,58172807,9
Square,1.2,0.0,stripe,10,-0.5856061229699482,0.21887437354671901,1.1165536349619094e-10,58172807,10
Square,1.2,0.0,stripe,11,-0.5856060833592117,0.21886926541364105,1.6118015490127754e-10,58172807,11
Square,1.2,0.0,stripe,12,-0.5856060745657443,0.21886576502654506,9.985691118672036e-11,58172807,12
Square,1.2,0.0,stripe,13,-0.585606097158051,0.2188614721503025,2.4997652903024886e-10,58172807,13
Square,1.2,0.0,stripe,14,-0.5856060751562046,0.2188582755542318,2.3057991316151215e-10,58172807,14
Square,1.2,0.0,stripe,15,-0.5856061198766009,0.21885493695915173,9.284518887560431e-10,58172807,15
Square,1.2,0.0,stripe,16,-0.5856061772127096,0.21885094917072734,5.180498830458445e-10,58172807,16
Square,1.2,0.0,stripe,17,-0.585606203317671,0.21884744404220896,2.3088888728572517e-10,58172807,17
Square,1.2,0.0,stripe,18,-0.5856062311953508,0.21884432101964119,4.741407331256931e-09,58172807,18
Square,1.2,0.0,stripe,19,-0.5856061922378977,0.21884184859055023,4.082787010201824e-08,58172807,19
Square,1.2,0.0,stripe,20,-0.585606242786253,0.21883922428355007,6.52448445409221e-09,58172807,20
Square,1.2,0.0,stripe,21,-0.5856062652418823,0.21883664401540262,2.281653130490131e-09,58172807,21
Square,1.2,0.0,stripe,22,-0.5856062793834128,0.21883375497043217,6.480870087924105e-09,58172807,22
Square,1.2,0.0,stripe,23,-0.5856064076232853,0.21883042135245306,4.638017863575737e-09,58172807,23
Square,1.2,0.0,stripe,24,-0.5856063891375851,0.21882709231244693,8.600027642977821e-10,58172807,24
Square,1.2,0.0,stripe,25,-0.5856064684728958,0.21882381110231872,1.1455526788910423e-08,58172807,25
Square,1.2,0.0,stripe,26,-0.5856064455392281,0.21882055267761905,1.5455879894018028e-08,58172807,26
Square,1.2,0.0,stripe,27,-0.5856064718893087,0.21881723838048328,1.7090497484118086e-09,58172807,27
Square,1.2,0.0,stripe,28,-0.5856064158351528,0.21881468264413706,2.4924548349166365e-09,58172807,28
Square,1.2,0.0,stripe,29,-0.5856064363025913,0.21881177168671506,4.1374981847807376e-08,58172807,29
Square,1.2,0.0,stripe,30,-0.5856064450462705,0.21880915622938515,3.297597108159573e-09,58172807,30
Square,1.2,0.0,stripe,31,-0.5856064510701102,0.21880690997104218,4.974916678767384e-10,58172807,31
Square,1.2,0.0,stripe,32,-0.5856064960432931,0.2188046941192166,2.92267571256503e-10,58172807,32
Square,1.2,0.0,stripe,33,-0.5856064999763911,0.21880240821751834,2.586360370229543e-08,58172807,33
Square,1.2,0.0,stripe,34,-0.5856064853037343,0.21880045904064596,2.1966072885560455e-09,58172807,34
Square,1.2,0.0,stripe,35,-0.5856065235422887,0.2187985426022367,6.759392743685504e-10,58172807,35
Square,1.2,0.0,stripe,36,-0.5856065382495228,0.21879650960075875,1.975551843676843e-08,58172807,36
Square,1.2,0.0,stripe,37,-0.5856065534970574,0.21879450613432241,3.0666344528128294e-08,58172807,37
Square,1.2,0.0,stripe,38,-0.5856064853004361,0.21879254320761932,2.988504378356526e-08,58172807,38
Square,1.2,0.0,stripe,39,-0.585606517316653,0.21879107532988756,3.3888183017673145e-08,58172807,39
Square,1.2,0.0,stripe,40,-0.5856065229225206,0.21878955654634136,2.2623391702383284e-08,58172807,40
Square,1.2,0.0,pairing,1,-0.584717830634838,0.021022144931850676,0.02237111718201603,58172808,1
Square,1.2,0.0,pairing,2,-0.5838856974516139,0.0345245664944722,0.02129174478276311,58172808,2
Square,1.2,0.0,pairing,3,-0.5839094394159051,0.05818856459636546,0.01986865218245274,58172808,3
Square,1.2,0.0,pairing,4,-0.5839393848447564,0.09964087235781903,0.015336601128752991,58172808,4
Square,1.2,0.0,pairing,5,-0.5841381386885864,0.1525680467589331,0.006306463140341067,58172808,5
Square,1.2,0.0,pairing,6,-0.584655526907888,0.18963211969582802,0.0013494214962391973,58172808,6
Square,1.2,0.0,pairing,7,-0.5851435132678788,0.20731466101194415,0.00021752791621690776,58172808,7
Square,1.2,0.0,pairing,8,-0.5854123644733266,0.2144404605313311,3.210397757531285e-05,58172808,8
Square,1.2,0.0,pairing,9,-0.5855296606411144,0.21714564316124613,4.626323822013581e-06,58172808,9
Square,1.2,0.0,pairing,10,-0.585576641655009,0.2181554206137907,6.617887564198077e-07,58172808,10
Square,1.2,0.0,pairing,11,-0.585595064714018,0.21853096707696815,1.2315995974290643e-07,58172808,11
Square,1.2,0.0,pairing,12,-0.5856020950952017,0.21867283856593828,1.982260673667922e-08,58172808,12
Square,1.2,0.0,pairing,13,-0.5856048511412845,0.21872702271744227,1.9324233686086344e-08,58172808,13
Square,1.2,0.0,pairing,14,-0.5856059532556541,0.21874805388456026,1.1704506600374668e-08,58172808,14
Square,1.2,0.0,pairing,15,-0.5856063663403002,0.21875712232472092,9.852821983911665e-09,58172808,15
Square,1.2,0.0,pairing,16,-0.5856066114428439,0.21876091218002505,1.3097123250796312e-09,58172808,16
Square,1.2,0.0,pairing,17,-0.5856066787650288,0.21876312095524914,2.319386920348842e-09,58172808,17
Square,1.2,0.0,pairing,18,-0.5856067179486619,0.21876410317836553,1.1093158744551077e-08,58172808,18
Square,1.2,0.0,pairing,19,-0.5856067523626495,0.21876464085341926,6.483230405818685e-09,58172808,19
Square,1.2,0.0,pairing,20,-0.5856067429225874,0.21876541266287497,9.600908045972029e-10,58172808,20
Square,1.2,0.0,pairing,21,-0.5856067519801847,0.21876627721631728,5.407396680739601e-10,58172808,21
Square,1.2,0.0,pairing,22,-0.585606751033864,0.2187666616840494,4.220184370179991e-10,58172808,22
Square,1.2,0.0,pairing,23,-0.5856067477175663,0.21876684939546548,2.80676016173103e-10,58172808,23
Square,1.2,0.0,pairing,24,-0.5856067977841574,0.21876648690778888,2.2241671232986878e-10,58172808,24
Square,1.2,0.0,pairing,25,-0.5856067768653475,0.21876589306180028,8.197435821995378e-11,58172808,25
Square,1.2,0.0,pairing,26,-0.5856067541213935,0.21876656860480614,1.8516958639277056e-10,58172808,26
Square,1.2,0.0,pairing,27,-0.5856067639941155,0.21876662953082632,3.4407907919702243e-10,58172808,27
Square,1.2,0.0,pairing,28,-0.5856067909274151,0.2187665907884047,6.355308076007633e-09,58172808,28
Square,1.2,0.0,pairing,29,-0.5856067644951186,0.21876661145172113,6.910323532424915e-09,58172808,29
Square,1.2,0.0,pairing,30,-0.585606795512386,0.21876630864785784,2.6827276055297913e-09,58172808,30
Square,1.2,0.0,pairing,31,-0.5856067762748282,0.2187664365513749,9.750244605254428e-09,58172808,31
Square,1.2,0.0,pairing,32,-0.5856067904756397,0.21876680181955038,3.9951480626450236e-09,58172808,32
Square,1.2,0.0,pairing,33,-0.5856067836464773,0.2187666602534936,7.466093812702558e-09,58172808,33
Square,1.2,0.0,pairing,34,-0.5856068015934217,0.21876624892466404,9.187505347650936e-10,58172808,34
Square,1.2,0.0,pairing,35,-0.5856068185182202,0.21876541205873432,4.806792905234117e-10,58172808,35
Square,1.2,0.0,pairing,36,-0.585606801389118,0.21876512150943273,1.2379754069278873e-08,58172808,36
Square,1.2,0.0,pairing,37,-0.5856068065607238,0.21876472191268792,1.097434148583405e-08,58172808,37
Square,1.2,0.0,pairing,38,-0.5856067958519098,0.21876409809684275,1.542659671387042e-09,58172808,38
Square,1.2,0.0,pairing,39,-0.5856068090210661,0.218763405443718,2.66150213432945e-08,58172808,39
Square,1.2,0.0,pairing,40,-0.5856067865442594,0.21876320468215993,2.0416581127936236e-08,58172808,40
Square,1.4,-0.2,stripe,1,-0.9137735604563519,0.17555661380816864,0.0009243678143000165,58172809,1
Square,1.4,-0.2,stripe,2,-0.9140645423059243,0.13867074308619884,0.0010670165290011797,58172809,2
Square,1.4,-0.2,stripe,3,-0.9139635628641262,0.114571753113679,0.0018851672707919022,58172809,3
Square,1.4,-0.2,stripe,4,-0.9139435366690346,0.09653526533454866,0.0056242994396134985,58172809,4
Square,1.4,-0.2,stripe,5,-0.9139610166456147,0.07906822262597857,0.01850821033620753,58172809,5
Square,1.4,-0.2,stripe,6,-0.9140330235588189,0.06028008201888957,0.0287090471356475,58172809,6
Square,1.4,-0.2,stripe,7,-0.9140888848675567,0.04486359313226858,0.031954097546372906,58172809,7
Square,1.4,-0.2,stripe,8,-0.9141081441155355,0.03312573359919855,0.03292560234330567,58172809,8
Square,1.4,-0.2,stripe,9,-0.9141138973657139,0.02441442065504266,0.033268284056735466,58172809,9
Square,1.4,-0.2,stripe,10,-0.9141160070273485,0.017996780089801802,0.033415975571598575,58172809,10
Square,1.4,-0.2,stripe,11,-0.9141168913767369,0.013281079476580944,0.03348721504195392,58172809,11
Square,1.4,-0.2,stripe,12,-0.9141173192426325,0.009816834419734197,0.03352402853120507,58172809,12
Square,1.4,-0.2,stripe,13,-0.9141175484496303,0.007269501457424391,0.033543687313676025,58172809,13
Square,1.4,-0.2,stripe,14,-0.9141176798193434,0.005393991018589424,0.03355430067451348,58172809,14
Square,1.4,-0.2,stripe,15,-0.9141177507533654,0.0040106855798275835,0.033560226996738864,58172809,15
Square,1.4,-0.2,stripe,16,-0.9141177922846981,0.002988817363117663,0.03356344911226288,58172809,16
Square,1.4,-0.2,stripe,17,-0.9141178632985921,0.002231872982141399,0.03356513115360895,58172809,17
Square,1.4,-0.2,stripe,18,-0.914117850344773,0.0016701552818826674,0.03356613299533912,58172809,18
Square,1.4,-0.2,stripe,19,-0.9141177907030693,0.0012527248010970606,0.033566439371116794,58172809,19
Square,1.4,-0.2,stripe,20,-0.9141178488091791,0.0009414428871534121,0.03356726718929785,58172809,20
Square,1.4,-0.2,stripe,21,-0.9141178499306559,0.0007089602576094076,0.033567431514820736,58172809,21
Square,1.4,-0.2,stripe,22,-0.9141178472710914,0.000534980390054957,0.033567485964124254,58172809,22
Square,1.4,-0.2,stripe,23,-0.9141178466884958,0.000404435648525921,0.03356753757113286,58172809,23
Square,1.4,-0.2,stripe,24,-0.9141178434086691,0.0003063139635648806,0.03356764659708798,58172809,24
Square,1.4,-0.2,stripe,25,-0.91411784838827,0.00023239593616617904,0.03356760075065197,58172809,25
Square,1.4,-0.2,stripe,26,-0.9141178490230384,0.00017664823099492908,0.03356753859052354,58172809,26
Square,1.4,-0.2,stripe,27,-0.9141178478628069,0.0001344997458962377,0.03356753957726602,58172809,27
Square,1.4,-0.2,stripe,28,-0.9141178481404968,0.00010255889269816068,0.033567540315300015,58172809,28
Square,1.4,-0.2,stripe,29,-0.9141178480924843,7.831971345767362e-05,0.03356754139665716,58172809,29
Square,1.4,-0.2,stripe,30,-0.9141178479666884,5.9895875936061574e-05,0.03356755274983129,58172809,30
Square,1.4,-0.2,stripe,31,-0.9141178460218734,4.586391060739228e-05,0.03356761450467173,58172809,31
Square,1.4,-0.2,stripe,32,-0.9141178471352928,3.517105839313275e-05,0.03356761694452157,58172809,32
Square,1.4,-0.2,stripe,33,-0.9141178466821489,2.701260859398061e-05,0.033567625360527785,58172809,33
Square,1.4,-0.2,stripe,34,-0.9141178473018721,2.0776265012088557e-05,0.033567617011655566,58172809,34
Square,1.4,-0.2,stripe,35,-0.9141178467332072,1.601247640556508e-05,0.033567620841590394,58172809,35
Square,1.4,-0.2,stripe,36,-0.9141178471077457,1.2363544002321068e-05,0.03356761502264446,58172809,36
Square,1.4,-0.2,stripe,37,-0.9141178467247256,9.57150413682615e-06,0.03356762086093996,58172809,37
Square,1.4,-0.2,stripe,38,-0.914117847241779,7.4309174311139095e-06,0.03356761106568472,58172809,38
Square,1.4,-0.2,stripe,39,-0.9141178466977486,5.808707576161816e-06,0.03356762081120338,58172809,39
Square,1.4,-0.2,stripe,40,-0.9141178469611447,4.5709685143181e-06,0.033567622234926084,58172809,40
Square,1.4,-0.2,pairing,1,-0.9140998969745775,0.009606632193424136,0.033575370410315664,58172810,1
Square,1.4,-0.2,pairing,2,-0.914118648329109,0.007050348328163921,0.03355156334918134,58172810,2
Square,1.4,-0.2,pairing,3,-0.9141177872037123,0.005190239140590896,0.033558408606482425,58172810,3
Square,1.4,-0.2,pairing,4,-0.9141177698878751,0.003832277746585334,0.033561472078510374,58172810,4
Square,1.4,-0.2,pairing,5,-0.9141178562774179,0.0028365214512968235,0.03356413291566083,58172810,5
Square,1.4,-0.2,pairing,6,-0.9141177814902703,0.0021046673129794936,0.03356560184885422,58172810,6
Square,1.4,-0.2,pairing,7,-0.9141178662730799,0.0015652702787985059,0.033566427076207946,58172810,7
Square,1.4,-0.2,pairing,8,-0.9141178388155283,0.0011668126685732707,0.033567053497655555,58172810,8
Square,1.4,-0.2,pairing,9,-0.9141178528042511,0.0008717729051298733,0.03356723978914035,58172810,9
Square,1.4,-0.2,pairing,10,-0.914117848364653,0.0006528029330713632,0.033567425879897396,58172810,10
Square,1.4,-0.2,pairing,11,-0.9141178477556428,0.0004899623599457568,0.033567574663832714,58172810,11
Square,1.4,-0.2,pairing,12,-0.9141178504388933,0.00036851091731507856,0.033567574088761015,58172810,12
Square,1.4,-0.2,pairing,13,-0.9141178486238305,0.00027779100481775877,0.0335675935287516,58172810,13
Square,1.4,-0.2,pairing,14,-0.9141178466145915,0.00020982893618422607,0.03356766950894343,58172810,14
Square,1.4,-0.2,pairing,15,-0.9141178483969596,0.00015877390294193692,0.03356759552402026,58172810,15
Square,1.4,-0.2,pairing,16,-0.914117845859913,0.0001203671775680929,0.033567575507521596,58172810,16
Square,1.4,-0.2,pairing,17,-0.9141178431732098,9.142519197966976e-05,0.033567650556480096,58172810,17
Square,1.4,-0.2,pairing,18,-0.9141178448443985,6.957422157657874e-05,0.03356765758579971,58172810,18
Square,1.4,-0.2,pairing,19,-0.9141178446618792,5.304211962965067e-05,0.033567659565458104,58172810,19
Square,1.4,-0.2,pairing,20,-0.9141178447324051,4.049582862142058e-05,0.033567659351333996,58172810,20
Square,1.4,-0.2,pairing,21,-0.914117844860139,3.0963252659823925e-05,0.03356765452185672,58172810,21
Square,1.4,-0.2,pairing,22,-0.9141178445989976,2.37064125699224e-05,0.03356765644579924,58172810,22
Square,1.4,-0.2,pairing,23,-0.914117844749597,1.8177039817775286e-05,0.03356765892301487,58172810,23
Square,1.4,-0.2,pairing,24,-0.914117844702116,1.3961085441582666e-05,0.033567659891410084,58172810,24
Square,1.4,-0.2,pairing,25,-0.9141178446314654,1.0744869712919676e-05,0.033567662833388384,58172810,25
Square,1.4,-0.2,pairing,26,-0.9141178447306858,8.291562824021078e-06,0.03356766106807572,58172810,26
Square,1.4,-0.2,pairing,27,-0.914117844662281,6.421108964678326e-06,0.03356766369842589,58172810,27
Square,1.4,-0.2,pairing,28,-0.9141178448554779,4.997884367989316e-06,0.03356765806136026,58172810,28
Square,1.4,-0.2,pairing,29,-0.9141178444672011,3.919017618958586e-06,0.03356766363583837,58172810,29
Square,1.4,-0.2,pairing,30,-0.9141178447218563,3.1127780459245576e-06,0.03356766355055996,58172810,30
Square,1.4,-0.2,pairing,31,-0.9141178448337764,2.5143139439053784e-06,0.03356766169611807,58172810,31
Square,1.4,-0.2,pairing,32,-0.9141178446647186,2.0791773942182036e-06,0.033567661236651454,58172810,32
Square,1.4,-0.2,pairing,33,-0.9141178445816723,1.766257546058385e-06,0.03356766426486002,58172810,33
Square,1.4,-0.2,pairing,34,-0.9141178448428788,1.549011819633668e-06,0.033567660212701654,58172810,34
Square,1.4,-0.2,pairing,35,-0.9141178446718646,1.4008560609472815e-06,0.03356766005890983,58172810,35
Square,1.4,-0.2,pairing,36,-0.9141178446370373,1.3034674518132557e-06,0.033567662130020166,58172810,36
Square,1.4,-0.2,pairing,37,-0.9141178446390279,1.238070990402099e-06,0.033567663774464525,58172810,37
Square,1.4,-0.2,pairing,38,-0.9141178446910366,1.1958137156418908e-06,0.03356766354854527,58172810,38
Square,1.4,-0.2,pairing,39,-0.9141178445392508,1.1659615135953648e-06,0.033567668447058226,58172810,39
Square,1.4,-0.2,pairing,40,-0.9141178448375991,1.162002618948034e-06,0.03356766992058882,58172810,40
Cubic unfrustrated,1.0,-0.4,stripe,1,-1.0351282286675532,0.32163697625016285,0.00042164330247370133,58383141,1
Cubic unfrustrated,1.0,-0.4,stripe,2,-1.0432486974268709,0.3374670125807995,7.299553403210341e-05,58383141,2
Cubic unfrustrated,1.0,-0.4,stripe,3,-1.0448598084847338,0.3406798237140858,1.4035835495713865e-05,58383141,3
Cubic unfrustrated,1.0,-0.4,stripe,4,-1.0451722737081584,0.341349350249133,2.7551166155693484e-06,58383141,4
Cubic unfrustrated,1.0,-0.4,stripe,5,-1.045234442593346,0.34149422325978135,5.502389472467993e-07,58383141,5
Cubic unfrustrated,1.0,-0.4,stripe,6,-1.0452474923081796,0.341526428570832,1.1038417311156232e-07,58383141,6
Cubic unfrustrated,1.0,-0.4,stripe,7,-1.0452503434933555,0.34153371466216975,2.218925785547292e-08,58383141,7
Cubic unfrustrated,1.0,-0.4,stripe,8,-1.045250978085164,0.3415354080470026,4.4621889825823006e-09,58383141,8
Cubic unfrustrated,1.0,-0.4,stripe,9,-1.0452511231344166,0.34153582394782284,8.974344965515973e-10,58383141,9
Cubic unfrustrated,1.0,-0.4,stripe,10,-1.0452511536049838,0.34153596375114764,1.8063347675383088e-10,58383141,10
Cubic unfrustrated,1.0,-0.4,stripe,11,-1.045251160580069,0.3415360344151353,3.627050728194551e-11,58383141,11
Cubic unfrustrated,1.0,-0.4,stripe,12,-1.0452511645080687,0.34153608262108187,7.478712768007505e-12,58383141,12
Cubic unfrustrated,1.0,-0.4,stripe,13,-1.0452511622570928,0.34153613937603605,1.9623083408825154e-12,58383141,13
Cubic unfrustrated,1.0,-0.4,stripe,14,-1.0452511636423705,0.3415361919382017,1.203080930975517e-12,58383141,14
Cubic unfrustrated,1.0,-0.4,stripe,15,-1.04525116627001,0.34153622975558084,8.108019983662489e-13,58383141,15
Cubic unfrustrated,1.0,-0.4,stripe,16,-1.0452511633821517,0.3415362794700978,2.4869014151468562e-12,58383141,16
Cubic unfrustrated,1.0,-0.4,stripe,17,-1.0452511640707527,0.34153633169504327,1.0602591724271875e-12,58383141,17
Cubic unfrustrated,1.0,-0.4,stripe,18,-1.045251163609589,0.3415363868158635,1.0299339210731324e-12,58383141,18
Cubic unfrustrated,1.0,-0.4,stripe,19,-1.0452511660546562,0.3415364094248133,1.2898381150220806e-12,58383141,19
Cubic unfrustrated,1.0,-0.4,stripe,20,-1.0452511638595474,0.3415364597647799,3.9304288524491017e-13,58383141,20
Cubic unfrustrated,1.0,-0.4,stripe,21,-1.0452511633294566,0.34153650613164194,2.0701032610705515e-11,58383141,21
Cubic unfrustrated,1.0,-0.4,stripe,22,-1.0452511604779788,0.341536569003616,1.6610229589695518e-12,58383141,22
Cubic unfrustrated,1.0,-0.4,stripe,23,-1.0452511633705943,0.3415366181164663,2.13714265910194e-12,58383141,23
Cubic unfrustrated,1.0,-0.4,stripe,24,-1.0452511648920084,0.3415366589275239,3.733823404914464e-13,58383141,24
Cubic unfrustrated,1.0,-0.4,stripe,25,-1.045251162822649,0.3415367104046103,1.0927988323234511e-12,58383141,25
Cubic unfrustrated,1.0,-0.4,stripe,26,-1.0452511620181262,0.3415367691190844,2.5637699746637703e-13,58383141,26
Cubic unfrustrated,1.0,-0.4,stripe,27,-1.045251164638276,0.3415368118229966,9.833285229185859e-12,58383141,27
Cubic unfrustrated,1.0,-0.4,stripe,28,-1.0452511613554127,0.3415368692349459,1.9597725424496784e-11,58383141,28
Cubic unfrustrated,1.0,-0.4,stripe,29,-1.0452511642279905,0.3415369146494791,2.4192974122980368e-12,58383141,29
Cubic unfrustrated,1.0,-0.4,stripe,30,-1.0452511620300484,0.34153697235612707,4.67500072656764e-12,58383141,30
Cubic unfrustrated,1.0,-0.4,stripe,31,-1.0452511618696827,0.34153702764688076,4.538581863050648e-13,58383141,31
Cubic unfrustrated,1.0,-0.4,stripe,32,-1.0452511624652534,0.34153708568354085,2.1235073888234973e-12,58383141,32
Cubic unfrustrated,1.0,-0.4,stripe,33,-1.0452511640131246,0.3415371301208463,1.933801242396429e-12,58383141,33
Cubic unfrustrated,1.0,-0.4,stripe,34,-1.0452511649196463,0.3415371727715592,1.9050416618462265e-13,58383141,34
Cubic unfrustrated,1.0,-0.4,stripe,35,-1.0452511607685446,0.34153723502363126,8.456335095061054e-13,58383141,35
Cubic unfrustrated,1.0,-0.4,stripe,36,-1.0452511632232977,0.34153728550051693,5.5776849560370676e-12,58383141,36
Cubic unfrustrated,1.0,-0.4,stripe,37,-1.045251164423794,0.34153733242475515,3.180397618403443e-12,58383141,37
Cubic unfrustrated,1.0,-0.4,stripe,38,-1.0452511632408124,0.34153738283454094,7.786798576739214e-13,58383141,38
Cubic unfrustrated,1.0,-0.4,stripe,39,-1.045251163501573,0.341537432465808,2.061568881206752e-12,58383141,39
Cubic unfrustrated,1.0,-0.4,stripe,40,-1.0452511624370766,0.3415374920338489,7.187495006612598e-13,58383141,40
Cubic unfrustrated,1.0,-0.4,stripe,41,-1.0452511620661624,0.34153754772488276,3.978734237207777e-12,58383141,41
Cubic unfrustrated,1.0,-0.4,stripe,42,-1.0452511658917165,0.3415375852604881,1.1467835810920864e-12,58383141,42
Cubic unfrustrated,1.0,-0.4,stripe,43,-1.045251160244225,0.3415376559940468,2.3817192429564578e-12,58383141,43
Cubic unfrustrated,1.0,-0.4,stripe,44,-1.0452511649332554,0.3415376977538477,8.232841183231424e-13,58383141,44
Cubic unfrustrated,1.0,-0.4,stripe,45,-1.0452511627361893,0.3415377529080884,5.003797745697441e-12,58383141,45
Cubic unfrustrated,1.0,-0.4,stripe,46,-1.0452511632537744,0.3415378079006533,4.195778143812441e-12,58383141,46
Cubic unfrustrated,1.0,-0.4,stripe,47,-1.0452511660275075,0.34153784525069925,6.392664216549708e-12,58383141,47
Cubic unfrustrated,1.0,-0.4,stripe,48,-1.045251162607497,0.34153790352715374,1.5074334297586943e-12,58383141,48
Cubic unfrustrated,1.0,-0.4,stripe,49,-1.045251163792989,0.3415379538332686,6.339095237061862e-13,58383141,49
Cubic unfrustrated,1.0,-0.4,stripe,50,-1.0452511635707566,0.3415380066318673,3.403418553650622e-13,58383141,50
Cubic unfrustrated,1.0,-0.4,stripe,51,-1.0452511631602541,0.34153806247793744,1.3461151336601098e-12,58383141,51
Cubic unfrustrated,1.0,-0.4,stripe,52,-1.0452511635114408,0.34153811045077215,1.6914609831048438e-12,58383141,52
Cubic unfrustrated,1.0,-0.4,stripe,53,-1.0452511643944742,0.3415381631410508,1.992106426226186e-12,58383141,53
Cubic unfrustrated,1.0,-0.4,stripe,54,-1.0452511644551026,0.34153820829760173,7.270980534816902e-13,58383141,54
Cubic unfrustrated,1.0,-0.4,stripe,55,-1.0452511619247116,0.34153826831854855,2.0064800570693018e-12,58383141,55
Cubic unfrustrated,1.0,-0.4,stripe,56,-1.0452511638320297,0.34153832000994866,2.255839194656157e-12,58383141,56
Cubic unfrustrated,1.0,-0.4,stripe,57,-1.045251165089998,0.3415383679881982,1.924253947246949e-12,58383141,57
Cubic unfrustrated,1.0,-0.4,stripe,58,-1.0452511589387625,0.34153843382938603,6.20390554920744e-12,58383141,58
Cubic unfrustrated,1.0,-0.4,stripe,59,-1.045251164495452,0.34153848566455014,2.5911481079241633e-12,58383141,59
Cubic unfrustrated,1.0,-0.4,stripe,60,-1.0452511661583181,0.34153852489945297,8.379691680400884e-12,58383141,60
Cubic unfrustrated,1.0,-0.4,pairing,1,-1.0202943443409047,0.07998963901039283,0.021930746755293475,58383142,1
Cubic unfrustrated,1.0,-0.4,pairing,2,-1.0215641617594995,0.24503438554612683,0.010624145816612215,58383142,2
Cubic unfrustrated,1.0,-0.4,pairing,3,-1.0352741939504801,0.31989841783930817,0.002504361976462992,58383142,3
Cubic unfrustrated,1.0,-0.4,pairing,4,-1.0429919010501885,0.33712564763156017,0.0005600492228516595,58383142,4
Cubic unfrustrated,1.0,-0.4,pairing,5,-1.0448131362452082,0.34066222593464834,0.000126556620438734,58383142,5
Cubic unfrustrated,1.0,-0.4,pairing,6,-1.0451625038154198,0.3414050794508283,2.9178367053778574e-05,58383142,6
Cubic unfrustrated,1.0,-0.4,pairing,7,-1.0452324359702085,0.34156625986942735,6.716760071463377e-06,58383142,7
Cubic unfrustrated,1.0,-0.4,pairing,8,-1.0452471004192048,0.34160212983065397,1.5503097245310352e-06,58383142,8
Cubic unfrustrated,1.0,-0.4,pairing,9,-1.0452502913264483,0.34161027717424325,3.5751909058914304e-07,58383142,9
Cubic unfrustrated,1.0,-0.4,pairing,10,-1.045251003289506,0.3416121924437608,8.248150425025943e-08,58383142,10
Cubic unfrustrated,1.0,-0.4,pairing,11,-1.0452511626098175,0.34161270009490013,1.902499814431976e-08,58383142,11
Cubic unfrustrated,1.0,-0.4,pairing,12,-1.0452512012909878,0.34161287490110004,4.388214414478484e-09,58383142,12
Cubic unfrustrated,1.0,-0.4,pairing,13,-1.045251209071962,0.34161297890304115,1.0119507076366898e-09,58383142,13
Cubic unfrustrated,1.0,-0.4,pairing,14,-1.0452512126674691,0.34161305943283704,2.333508123010494e-10,58383142,14
Cubic unfrustrated,1.0,-0.4,pairing,15,-1.045251210269082,0.3416131472135962,5.389604731533931e-11,58383142,15
Cubic unfrustrated,1.0,-0.4,pairing,16,-1.0452512119755974,0.3416132295477191,1.2285049017590326e-11,58383142,16
Cubic unfrustrated,1.0,-0.4,pairing,17,-1.0452512123275461,0.341613308609226,3.4097971062819474e-12,58383142,17
Cubic unfrustrated,1.0,-0.4,pairing,18,-1.0452512120182749,0.34161338944279884,8.283605257250202e-13,58383142,18
Cubic unfrustrated,1.0,-0.4,pairing,19,-1.0452512122889046,0.3416134687900298,2.1140932173172412e-13,58383142,19
Cubic unfrustrated,1.0,-0.4,pairing,20,-1.0452512121395232,0.34161355107318525,1.1328896117660917e-12,58383142,20
Cubic unfrustrated,1.0,-0.4,pairing,21,-1.0452512124472066,0.34161363028892033,4.3982328021360203e-13,58383142,21
Cubic unfrustrated,1.0,-0.4,pairing,22,-1.045251213355643,0.3416137076771853,2.1298589594644864e-12,58383142,22
Cubic unfrustrated,1.0,-0.4,pairing,23,-1.0452512108247984,0.34161379504796563,1.0642428766495463e-12,58383142,23
Cubic unfrustrated,1.0,-0.4,pairing,24,-1.0452512143393873,0.34161386626703283,1.506625772354153e-12,58383142,24
Cubic unfrustrated,1.0,-0.4,pairing,25,-1.045251211235551,0.3416139503538454,6.301161330937412e-12,58383142,25
Cubic unfrustrated,1.0,-0.4,pairing,26,-1.0452512121731505,0.3416140354136053,2.788546003576379e-12,58383142,26
Cubic unfrustrated,1.0,-0.4,pairing,27,-1.0452512137477974,0.3416141112610588,5.458024446635515e-13,58383142,27
Cubic unfrustrated,1.0,-0.4,pairing,28,-1.0452512109951664,0.341614200018943,2.0830084562726232e-12,58383142,28
Cubic unfrustrated,1.0,-0.4,pairing,29,-1.0452512128830462,0.34161428041369296,7.588850581818638e-12,58383142,29
Cubic unfrustrated,1.0,-0.4,pairing,30,-1.045251214501229,0.3416143520928285,1.3060459700013158e-12,58383142,30
Cubic unfrustrated,1.0,-0.4,pairing,31,-1.0452512152214377,0.34161442814981463,2.1788841612525394e-12,58383142,31
Cubic unfrustrated,1.0,-0.4,pairing,32,-1.0452512178082694,0.3416144886774932,1.9331074658537426e-12,58383142,32
Cubic unfrustrated,1.0,-0.4,pairing,33,-1.0452512134382552,0.3416145710604739,1.095162651230422e-12,58383142,33
Cubic unfrustrated,1.0,-0.4,pairing,34,-1.0452512057433574,0.34161468121237115,7.719488698540496e-13,58383142,34
Cubic unfrustrated,1.0,-0.4,pairing,35,-1.0452512225820556,0.3416147269040359,1.8585367334193942e-11,58383142,35
Cubic unfrustrated,1.0,-0.4,pairing,36,-1.045251204531179,0.34161484330417025,1.2429482895473099e-11,58383142,36
Cubic unfrustrated,1.0,-0.4,pairing,37,-1.045251213448142,0.34161492514706654,7.65083235923402e-12,58383142,37
Cubic unfrustrated,1.0,-0.4,pairing,38,-1.0452512129430922,0.34161500802181155,1.2198257175929201e-12,58383142,38
Cubic unfrustrated,1.0,-0.4,pairing,39,-1.0452512151028395,0.3416150791472363,1.7671983077499146e-11,58383142,39
Cubic unfrustrated,1.0,-0.4,pairing,40,-1.045251211078783,0.34161517223666193,1.9869008969764166e-12,58383142,40
Cubic unfrustrated,1.0,-0.4,pairing,41,-1.0452512136789038,0.34161525173975654,3.2007240767989797e-12,58383142,41
Cubic unfrustrated,1.0,-0.4,pairing,42,-1.0452512135146521,0.3416153330633628,1.106755660885271e-11,58383142,42
Cubic unfrustrated,1.0,-0.4,pairing,43,-1.0452512137425707,0.3416154110737562,9.45473676084338e-13,58383142,43
Cubic unfrustrated,1.0,-0.4,pairing,44,-1.045251215071198,0.3416155057478337,3.638340883131884e-13,58383142,44
Cubic unfrustrated,1.0,-0.4,pairing,45,-1.0452512132336829,0.3416156045304484,9.791135436075364e-13,58383142,45
Cubic unfrustrated,1.0,-0.4,pairing,46,-1.0452512129426437,0.3416156908161906,6.203692470132554e-12,58383142,46
Cubic unfrustrated,1.0,-0.4,pairing,47,-1.0452512230547633,0.3416157384643378,1.0414643825515977e-11,58383142,47
Cubic unfrustrated,1.0,-0.4,pairing,48,-1.0452512056565955,0.34161585712040343,6.997057728167662e-12,58383142,48
Cubic unfrustrated,1.0,-0.4,pairing,49,-1.0452512146323203,0.34161594013614066,1.4969744499927702e-12,58383142,49
Cubic unfrustrated,1.0,-0.4,pairing,50,-1.0452512138900314,0.3416160260627331,6.769434926382669e-13,58383142,50
Cubic unfrustrated,1.0,-0.4,pairing,51,-1.0452512139048955,0.34161611105774325,5.868224125182353e-13,58383142,51
Cubic unfrustrated,1.0,-0.4,pairing,52,-1.045251223544413,0.3416161597824712,1.642965839230014e-11,58383142,52
Cubic unfrustrated,1.0,-0.4,pairing,53,-1.0452512156835254,0.34161624023889453,1.5355312034824456e-11,58383142,53
Cubic unfrustrated,1.0,-0.4,pairing,54,-1.0452512063350614,0.3416163588841545,2.5512521761663312e-12,58383142,54
Cubic unfrustrated,1.0,-0.4,pairing,55,-1.045251215763267,0.3416164394066718,1.7405517854576558e-12,58383142,55
Cubic unfrustrated,1.0,-0.4,pairing,56,-1.04525121318504,0.3416165267456277,2.0112626741832213e-12,58383142,56
Cubic unfrustrated,1.0,-0.4,pairing,57,-1.0452512229920432,0.34161657899054404,5.075711805127581e-12,58383142,57
Cubic unfrustrated,1.0,-0.4,pairing,58,-1.0452512060135175,0.34161669647705534,1.6706084904409084e-12,58383142,58
Cubic unfrustrated,1.0,-0.4,pairing,59,-1.0452512152078655,0.3416167806642089,7.399288232726924e-12,58383142,59
Cubic unfrustrated,1.0,-0.4,pairing,60,-1.0452512145672135,0.3416168653827049,2.7890890742982116e-12,58383142,60
Cubic unfrustrated,1.0,-0.2,stripe,1,-0.7821294534840473,0.32779662253849773,0.00040604892465057843,58383146,1
Cubic unfrustrated,1.0,-0.2,stripe,2,-0.792444418698548,0.3445473531909911,6.742114790334451e-05,58383146,2
Cubic unfrustrated,1.0,-0.2,stripe,3,-0.7944969578457896,0.34781611203139345,1.274298515535269e-05,58383146,3
Cubic unfrustrated,1.0,-0.2,stripe,4,-0.7948743623431569,0.348479868544354,2.4665640219081486e-06,58383146,4
Cubic unfrustrated,1.0,-0.2,stripe,5,-0.794947505258514,0.3486206216362828,4.900554875751778e-07,58383146,5
Cubic unfrustrated,1.0,-0.2,stripe,6,-0.7949625322865764,0.3486513897162786,9.792913282420142e-08,58383146,6
Cubic unfrustrated,1.0,-0.2,stripe,7,-0.7949657686525351,0.34865822061766455,1.9647636644055955e-08,58383146,7
Cubic unfrustrated,1.0,-0.2,stripe,8,-0.7949664786948574,0.3486597622753175,3.9445196314924706e-09,58383146,8
Cubic unfrustrated,1.0,-0.2,stripe,9,-0.7949666391327654,0.3486601076216534,7.923674124577912e-10,58383146,9
Cubic unfrustrated,1.0,-0.2,stripe,10,-0.7949666763904312,0.3486601783465387,1.5899217314095775e-10,58383146,10
Cubic unfrustrated,1.0,-0.2,stripe,11,-0.7949666824885967,0.3486602024002579,3.210870944846198e-11,58383146,11
Cubic unfrustrated,1.0,-0.2,stripe,12,-0.7949666848841943,0.34866021048812984,6.354015271573834e-12,58383146,12
Cubic unfrustrated,1.0,-0.2,stripe,13,-0.7949666842136058,0.34866022374220856,1.3142074497168195e-12,58383146,13
Cubic unfrustrated,1.0,-0.2,stripe,14,-0.7949666836734602,0.3486602312826954,5.734577423978551e-12,58383146,14
Cubic unfrustrated,1.0,-0.2,stripe,15,-0.7949666868114788,0.3486602246708246,5.292884547295001e-12,58383146,15
Cubic unfrustrated,1.0,-0.2,stripe,16,-0.7949666840966738,0.34866023759931525,3.7526402852195634e-12,58383146,16
Cubic unfrustrated,1.0,-0.2,stripe,17,-0.7949666859465115,0.3486602356890176,7.212890384924904e-12,58383146,17
Cubic unfrustrated,1.0,-0.2,stripe,18,-0.7949666857752566,0.3486602357652245,7.253598454334115e-12,58383146,18
Cubic unfrustrated,1.0,-0.2,stripe,19,-0.7949666832704865,0.3486602505021811,6.5618328530051845e-12,58383146,19
Cubic unfrustrated,1.0,-0.2,stripe,20,-0.7949666847910236,0.3486602531082094,2.179084953136922e-12,58383146,20
Cubic unfrustrated,1.0,-0.2,stripe,21,-0.7949666842179972,0.34866025987372856,5.5276708008688705e-12,58383146,21
Cubic unfrustrated,1.0,-0.2,stripe,22,-0.7949666845698212,0.3486602651378033,3.886902214258343e-12,58383146,22
Cubic unfrustrated,1.0,-0.2,stripe,23,-0.7949666870541039,0.34866025566004133,7.166411147820654e-12,58383146,23
Cubic unfrustrated,1.0,-0.2,stripe,24,-0.7949666842306738,0.34866026458425,7.234203332288883e-12,58383146,24
Cubic unfrustrated,1.0,-0.2,stripe,25,-0.794966685750945,0.3486602655197407,1.2840013464085433e-12,58383146,25
Cubic unfrustrated,1.0,-0.2,stripe,26,-0.7949666839937355,0.3486602753209896,4.952071285216507e-12,58383146,26
Cubic unfrustrated,1.0,-0.2,stripe,27,-0.7949666835667065,0.3486602854633928,2.276232767195101e-12,58383146,27
Cubic unfrustrated,1.0,-0.2,stripe,28,-0.794966685242028,0.34866028553744216,1.8797217522843793e-11,58383146,28
Cubic unfrustrated,1.0,-0.2,stripe,29,-0.7949666848654218,0.34866028732294524,3.6161486200608837e-12,58383146,29
Cubic unfrustrated,1.0,-0.2,stripe,30,-0.7949666858094192,0.348660285937143,3.3342275044428127e-12,58383146,30
Cubic unfrustrated,1.0,-0.2,stripe,31,-0.7949666831444858,0.3486602999956065,4.739996514147616e-12,58383146,31
Cubic unfrustrated,1.0,-0.2,stripe,32,-0.7949666845132437,0.34866030475599197,5.644056125386362e-12,58383146,32
Cubic unfrustrated,1.0,-0.2,stripe,33,-0.7949666849269604,0.3486603073911628,6.5694333736323665e-12,58383146,33
Cubic unfrustrated,1.0,-0.2,stripe,34,-0.7949666852208034,0.34866030914613294,8.980633421992918e-12,58383146,34
Cubic unfrustrated,1.0,-0.2,stripe,35,-0.7949666831981101,0.3486603183852451,2.3555853152356747e-12,58383146,35
Cubic unfrustrated,1.0,-0.2,stripe,36,-0.7949666820982813,0.34866033054341905,3.001147051532462e-12,58383146,36
Cubic unfrustrated,1.0,-0.2,stripe,37,-0.7949666850547655,0.34866033195558316,4.3237196395790085e-12,58383146,37
Cubic unfrustrated,1.0,-0.2,stripe,38,-0.7949666855168949,0.3486603296670715,3.527372772425061e-12,58383146,38
Cubic unfrustrated,1.0,-0.2,stripe,39,-0.7949666840634627,0.3486603370803951,3.812549620044399e-12,58383146,39
Cubic unfrustrated,1.0,-0.2,stripe,40,-0.7949666847545783,0.34866034127749373,2.1011195686498362e-12,58383146,40
Cubic unfrustrated,1.0,-0.2,stripe,41,-0.794966684519871,0.348660344578343,2.7210347912399284e-12,58383146,41
Cubic unfrustrated,1.0,-0.2,stripe,42,-0.7949666807357829,0.3486603635696055,6.19066154176403e-12,58383146,42
Cubic unfrustrated,1.0,-0.2,stripe,43,-0.7949666891658782,0.3486603415230312,1.2244136982219237e-11,58383146,43
Cubic unfrustrated,1.0,-0.2,stripe,44,-0.7949666835354029,0.3486603532959055,2.070096555245632e-12,58383146,44
Cubic unfrustrated,1.0,-0.2,stripe,45,-0.7949666846428317,0.34866035551685753,7.980542089071503e-13,58383146,45
Cubic unfrustrated,1.0,-0.2,stripe,46,-0.7949666859798364,0.3486603541279008,3.4208237226565893e-12,58383146,46
Cubic unfrustrated,1.0,-0.2,stripe,47,-0.794966685361714,0.3486603589277934,2.4597671050867056e-12,58383146,47
Cubic unfrustrated,1.0,-0.2,stripe,48,-0.7949666827221897,0.3486603736216901,4.279616893702929e-12,58383146,48
Cubic unfrustrated,1.0,-0.2,stripe,49,-0.7949666841202647,0.34866037936690314,7.045419949000838e-12,58383146,49
Cubic unfrustrated,1.0,-0.2,stripe,50,-0.7949666860991155,0.34866037434164937,2.665405825051392e-12,58383146,50
Cubic unfrustrated,1.0,-0.2,stripe,51,-0.7949666831504592,0.34866038871026156,1.1508071240174593e-11,58383146,51
Cubic unfrustrated,1.0,-0.2,stripe,52,-0.7949666851956004,0.3486603880823036,7.116689883975123e-12,58383146,52
Cubic unfrustrated,1.0,-0.2,stripe,53,-0.7949666845311234,0.3486603930756637,9.210884372551418e-12,58383146,53
Cubic unfrustrated,1.0,-0.2,stripe,54,-0.7949666868690566,0.3486603845105128,2.590999871902914e-12,58383146,54
Cubic unfrustrated,1.0,-0.2,stripe,55,-0.7949666829858506,0.34866039943106925,1.2734542539556314e-12,58383146,55
Cubic unfrustrated,1.0,-0.2,stripe,56,-0.7949666866155419,0.3486603946537294,2.91137129606738e-12,58383146,56
Cubic unfrustrated,1.0,-0.2,stripe,57,-0.7949666836157808,0.34866040677530447,6.335058571794698e-12,58383146,57
Cubic unfrustrated,1.0,-0.2,stripe,58,-0.794966684340511,0.3486604126215048,6.636974316283474e-12,58383146,58
Cubic unfrustrated,1.0,-0.2,stripe,59,-0.7949666836253592,0.3486604219725362,8.785721578127225e-12,58383146,59
Cubic unfrustrated,1.0,-0.2,stripe,60,-0.7949666857672084,0.34866042270545267,8.580853237389163e-13,58383146,60
Cubic unfrustrated,1.0,-0.2,pairing,1,-0.7640129046574254,0.09473931398474213,0.020045683095492775,58383148,1
Cubic unfrustrated,1.0,-0.2,pairing,2,-0.7668914074926244,0.2656317021324531,0.0078011678861507365,58383148,2
Cubic unfrustrated,1.0,-0.2,pairing,3,-0.784790075327966,0.3312001201373116,0.0016316712262214237,58383148,3
Cubic unfrustrated,1.0,-0.2,pairing,4,-0.7928551872928613,0.345185654069744,0.0003260243719195829,58383148,4
Cubic unfrustrated,1.0,-0.2,pairing,5,-0.7945725502751603,0.34794646640266597,6.54220650745956e-05,58383148,5
Cubic unfrustrated,1.0,-0.2,pairing,6,-0.7948879260639563,0.3485143746001532,1.3479713384480882e-05,58383148,6
Cubic unfrustrated,1.0,-0.2,pairing,7,-0.7949501820766358,0.3486357146702595,2.7725318973908715e-06,58383148,7
Cubic unfrustrated,1.0,-0.2,pairing,8,-0.7949630978134696,0.34866233777133804,5.737251965383864e-07,58383148,8
Cubic unfrustrated,1.0,-0.2,pairing,9,-0.7949658890876241,0.34866827508523207,1.1859109929337658e-07,58383148,9
Cubic unfrustrated,1.0,-0.2,pairing,10,-0.7949665110365892,0.34866960484351606,2.4526698426870927e-08,58383148,10
Cubic unfrustrated,1.0,-0.2,pairing,11,-0.79496664733344,0.34866990948964716,5.072575623517403e-09,58383148,11
Cubic unfrustrated,1.0,-0.2,pairing,12,-0.7949666769021337,0.3486699892809194,1.0511558268556668e-09,58383148,12
Cubic unfrustrated,1.0,-0.2,pairing,13,-0.7949666836307202,0.3486700057774838,2.1746938603774267e-10,58383148,13
Cubic unfrustrated,1.0,-0.2,pairing,14,-0.7949666890356023,0.34867001062424596,4.5084244345987396e-11,58383148,14
Cubic unfrustrated,1.0,-0.2,pairing,15,-0.7949666847166019,0.3486700214250471,1.1219497036218198e-11,58383148,15
Cubic unfrustrated,1.0,-0.2,pairing,16,-0.7949666865544743,0.34867002614663234,2.0637980933656414e-12,58383148,16
Cubic unfrustrated,1.0,-0.2,pairing,17,-0.7949666829032307,0.34867004364891113,9.711960748514042e-12,58383148,17
Cubic unfrustrated,1.0,-0.2,pairing,18,-0.7949666908817231,0.3486700298776083,1.9320847783029042e-12,58383148,18
Cubic unfrustrated,1.0,-0.2,pairing,19,-0.7949666892276323,0.3486700265510143,5.018200772363389e-12,58383148,19
Cubic unfrustrated,1.0,-0.2,pairing,20,-0.7949666852244762,0.3486700432916238,2.91262698202411e-12,58383148,20
Cubic unfrustrated,1.0,-0.2,pairing,21,-0.7949666870408398,0.3486700500705312,2.8694143325788114e-12,58383148,21
Cubic unfrustrated,1.0,-0.2,pairing,22,-0.7949666870570441,0.34867004949330505,9.746606209567381e-13,58383148,22
Cubic unfrustrated,1.0,-0.2,pairing,23,-0.7949666880643264,0.3486700527986026,6.948985590604792e-12,58383148,23
Cubic unfrustrated,1.0,-0.2,pairing,24,-0.7949666867920526,0.3486700608847943,4.307437047476106e-12,58383148,24
Cubic unfrustrated,1.0,-0.2,pairing,25,-0.7949666868552645,0.34867006908038706,5.888917274688326e-12,58383148,25
Cubic unfrustrated,1.0,-0.2,pairing,26,-0.7949666844613036,0.34867008332886473,1.6723304029968316e-12,58383148,26
Cubic unfrustrated,1.0,-0.2,pairing,27,-0.7949666874884477,0.34867008196353044,5.220564294837697e-12,58383148,27
Cubic unfrustrated,1.0,-0.2,pairing,28,-0.7949666869376594,0.34867008562998303,3.891611050849873e-12,58383148,28
Cubic unfrustrated,1.0,-0.2,pairing,29,-0.7949666872257287,0.3486700876619983,1.322357934217506e-12,58383148,29
Cubic unfrustrated,1.0,-0.2,pairing,30,-0.7949666850711755,0.34867009474898314,1.1970232875099661e-12,58383148,30
Cubic unfrustrated,1.0,-0.2,pairing,31,-0.7949666888645015,0.34867009543246824,1.979120674390527e-12,58383148,31
Cubic unfrustrated,1.0,-0.2,pairing,32,-0.7949666876092406,0.3486700991510974,3.0325996465332812e-12,58383148,32
Cubic unfrustrated,1.0,-0.2,pairing,33,-0.7949666888845663,0.3486701060568593,7.505890238115661e-12,58383148,33
Cubic unfrustrated,1.0,-0.2,pairing,34,-0.7949666861313035,0.3486701105928388,2.2818436199330922e-12,58383148,34
Cubic unfrustrated,1.0,-0.2,pairing,35,-0.7949666874949355,0.3486701169423078,7.259784154974e-12,58383148,35
Cubic unfrustrated,1.0,-0.2,pairing,36,-0.7949666843517316,0.3486701265468708,1.0535088339311542e-11,58383148,36
Cubic unfrustrated,1.0,-0.2,pairing,37,-0.7949666901221096,0.3486701252310259,1.7394695678503946e-12,58383148,37
Cubic unfrustrated,1.0,-0.2,pairing,38,-0.7949666869370619,0.34867012973906275,2.0146866928572686e-12,58383148,38
Cubic unfrustrated,1.0,-0.2,pairing,39,-0.7949666871477614,0.3486701351729292,2.8218157798451117e-12,58383148,39
Cubic unfrustrated,1.0,-0.2,pairing,40,-0.7949666861789326,0.3486701388118234,1.0008470649331937e-11,58383148,40
Cubic unfrustrated,1.0,-0.2,pairing,41,-0.7949666883894045,0.3486701451274868,4.87691091658349e-12,58383148,41
Cubic unfrustrated,1.0,-0.2,pairing,42,-0.7949666869260811,0.34867015001612056,6.748881028409435e-12,58383148,42
Cubic unfrustrated,1.0,-0.2,pairing,43,-0.7949666870314809,0.34867015778017146,4.0717666814802725e-12,58383148,43
Cubic unfrustrated,1.0,-0.2,pairing,44,-0.7949666849999798,0.34867016274233237,6.390120225951619e-12,58383148,44
Cubic unfrustrated,1.0,-0.2,pairing,45,-0.7949666892956445,0.34867016572401177,1.3762254374686532e-12,58383148,45
Cubic unfrustrated,1.0,-0.2,pairing,46,-0.7949666868121054,0.34867016801896533,3.556961567079776e-12,58383148,46
Cubic unfrustrated,1.0,-0.2,pairing,47,-0.7949666840036261,0.34867018703857106,3.287445466455486e-12,58383148,47
Cubic unfrustrated,1.0,-0.2,pairing,48,-0.7949666870455815,0.34867018606435995,2.4853870902816033e-12,58383148,48
Cubic unfrustrated,1.0,-0.2,pairing,49,-0.794966689170977,0.3486701873135093,3.976694943288973e-12,58383148,49
Cubic unfrustrated,1.0,-0.2,pairing,50,-0.7949666872376416,0.3486701909575643,2.9812355973230462e-12,58383148,50
Cubic unfrustrated,1.0,-0.2,pairing,51,-0.7949666878351556,0.34867019270296096,1.5002384766377696e-11,58383148,51
Cubic unfrustrated,1.0,-0.2,pairing,52,-0.7949666887922822,0.3486702005311078,3.032099887263175e-12,58383148,52
Cubic unfrustrated,1.0,-0.2,pairing,53,-0.7949666864357591,0.348670206241953,1.0026818432827107e-11,58383148,53
Cubic unfrustrated,1.0,-0.2,pairing,54,-0.794966687421363,0.348670210730382,2.3325681816858373e-12,58383148,54
Cubic unfrustrated,1.0,-0.2,pairing,55,-0.7949666868125439,0.3486702182638163,2.9888368966767937e-12,58383148,55
Cubic unfrustrated,1.0,-0.2,pairing,56,-0.7949666868884275,0.34867022150316107,2.70552787442615e-12,58383148,56
Cubic unfrustrated,1.0,-0.2,pairing,57,-0.7949666876083423,0.34867022678000864,8.555747993954712e-12,58383148,57
Cubic unfrustrated,1.0,-0.2,pairing,58,-0.7949666845966746,0.3486702350553283,7.842231842240541e-12,58383148,58
Cubic unfrustrated,1.0,-0.2,pairing,59,-0.7949666858148892,0.34867024655792334,3.334447144605769e-12,58383148,59
Cubic unfrustrated,1.0,-0.2,pairing,60,-0.7949666917430435,0.3486702353200758,3.748118375451765e-12,58383148,60
Cubic unfrustrated,1.0,0.0,stripe,1,-0.5297622031399344,0.33451072936940035,0.0005307350587381984,58383153,1
Cubic unfrustrated,1.0,0.0,stripe,2,-0.5430515002990887,0.3521126464638682,8.304600762535764e-05,58383153,2
Cubic unfrustrated,1.0,0.0,stripe,3,-0.5456690329666797,0.35539512400385104,1.464189076025403e-05,58383153,3
Cubic unfrustrated,1.0,0.0,stripe,4,-0.5461215811794953,0.35604638449102965,2.450360397779299e-06,58383153,4
Cubic unfrustrated,1.0,0.0,stripe,5,-0.5462074204741416,0.35618245576838986,4.230731199482086e-07,58383153,5
Cubic unfrustrated,1.0,0.0,stripe,6,-0.5462247273980245,0.35621197606807986,7.304584805016702e-08,58383153,6
Cubic unfrustrated,1.0,0.0,stripe,7,-0.5462284423444552,0.3562184805540587,1.2724969891618343e-08,58383153,7
Cubic unfrustrated,1.0,0.0,stripe,8,-0.5462292521786392,0.35621992703948535,2.219289961168828e-09,58383153,8
Cubic unfrustrated,1.0,0.0,stripe,9,-0.5462294327763448,0.3562202453191718,3.8944282411487965e-10,58383153,9
Cubic unfrustrated,1.0,0.0,stripe,10,-0.5462294728153723,0.35622031241688035,6.869580847244151e-11,58383153,10
Cubic unfrustrated,1.0,0.0,stripe,11,-0.5462294820546797,0.3562203224248472,1.2262068083305112e-11,58383153,11
Cubic unfrustrated,1.0,0.0,stripe,12,-0.5462294843034511,0.3562203181438329,6.003765421856858e-12,58383153,12
Cubic unfrustrated,1.0,0.0,stripe,13,-0.5462294845135227,0.3562203123415083,8.246787112394477e-13,58383153,13
Cubic unfrustrated,1.0,0.0,stripe,14,-0.5462294848044218,0.3562203048352566,1.9696633940774743e-12,58383153,14
Cubic unfrustrated,1.0,0.0,stripe,15,-0.5462294844986825,0.3562202989941211,8.80795105229476e-12,58383153,15
Cubic unfrustrated,1.0,0.0,stripe,16,-0.5462294847899682,0.3562202914879716,1.491736062216341e-12,58383153,16
Cubic unfrustrated,1.0,0.0,stripe,17,-0.5462294844528582,0.3562202852648293,7.419469926744736e-12,58383153,17
Cubic unfrustrated,1.0,0.0,stripe,18,-0.546229484623544,0.3562202781258223,3.214602096809612e-12,58383153,18
Cubic unfrustrated,1.0,0.0,stripe,19,-0.5462294842517151,0.35622027222628755,7.208173414206777e-12,58383153,19
Cubic unfrustrated,1.0,0.0,stripe,20,-0.5462294845806166,0.35622026493785763,5.728865952163589e-12,58383153,20
Cubic unfrustrated,1.0,0.0,stripe,21,-0.5462294847484577,0.35622025807609853,1.3611323579578123e-12,58383153,21
Cubic unfrustrated,1.0,0.0,stripe,22,-0.5462294846391552,0.3562202507049486,2.220042227870645e-12,58383153,22
Cubic unfrustrated,1.0,0.0,stripe,23,-0.5462294842183534,0.3562202453081727,6.4567048834581986e-12,58383153,23
Cubic unfrustrated,1.0,0.0,stripe,24,-0.5462294850854348,0.35622023646575807,4.618962108965114e-12,58383153,24
Cubic unfrustrated,1.0,0.0,stripe,25,-0.546229484749159,0.3562202293035982,2.1443463783059757e-12,58383153,25
Cubic unfrustrated,1.0,0.0,stripe,26,-0.5462294848020651,0.35622022217522264,7.711968062766115e-13,58383153,26
Cubic unfrustrated,1.0,0.0,stripe,27,-0.546229484659505,0.35622021566175494,1.8358680452161177e-12,58383153,27
Cubic unfrustrated,1.0,0.0,stripe,28,-0.5462294845493901,0.3562202086010856,3.945488369625623e-12,58383153,28
Cubic unfrustrated,1.0,0.0,stripe,29,-0.5462294850940882,0.35622019951372225,9.725592061677353e-13,58383153,29
Cubic unfrustrated,1.0,0.0,stripe,30,-0.5462294843956067,0.35622019442068287,6.691545460950965e-12,58383153,30
Cubic unfrustrated,1.0,0.0,stripe,31,-0.5462294845502699,0.35622018844505493,1.351876305179713e-12,58383153,31
Cubic unfrustrated,1.0,0.0,stripe,32,-0.5462294829084353,0.3562201884004066,3.3070919664614945e-12,58383153,32
Cubic unfrustrated,1.0,0.0,stripe,33,-0.5462294859475196,0.3562201748490668,5.026081160652049e-12,58383153,33
Cubic unfrustrated,1.0,0.0,stripe,34,-0.5462294847989007,0.3562201670759362,4.438502909703523e-12,58383153,34
Cubic unfrustrated,1.0,0.0,stripe,35,-0.5462294848312057,0.3562201599591341,1.1696264929392064e-12,58383153,35
Cubic unfrustrated,1.0,0.0,stripe,36,-0.5462294845620131,0.3562201535844212,9.083967316371768e-13,58383153,36
Cubic unfrustrated,1.0,0.0,stripe,37,-0.5462294848574017,0.35622014625529724,1.2744858254927968e-11,58383153,37
Cubic unfrustrated,1.0,0.0,stripe,38,-0.5462294846928564,0.3562201393446969,1.756314793491825e-12,58383153,38
Cubic unfrustrated,1.0,0.0,stripe,39,-0.5462294847465966,0.3562201322093316,1.9414511569351124e-12,58383153,39
Cubic unfrustrated,1.0,0.0,stripe,40,-0.5462294847218228,0.356220125215693,2.969537983979779e-12,58383153,40
Cubic unfrustrated,1.0,0.0,stripe,41,-0.5462294843662161,0.3562201193241169,1.6585503816309216e-12,58383153,41
Cubic unfrustrated,1.0,0.0,stripe,42,-0.5462294842568891,0.35622011272814774,1.9277781570972644e-12,58383153,42
Cubic unfrustrated,1.0,0.0,stripe,43,-0.5462294848915261,0.35622010566952195,1.8185797651516318e-12,58383153,43
Cubic unfrustrated,1.0,0.0,stripe,44,-0.5462294851472479,0.3562200972011827,3.4484502004364564e-13,58383153,44
Cubic unfrustrated,1.0,0.0,stripe,45,-0.5462294845546674,0.35622009064334526,1.5707291113853677e-12,58383153,45
Cubic unfrustrated,1.0,0.0,stripe,46,-0.5462294847273477,0.3562200839675082,1.3724370827997367e-12,58383153,46
Cubic unfrustrated,1.0,0.0,stripe,47,-0.5462294844697173,0.3562200785397002,2.328544132627093e-12,58383153,47
Cubic unfrustrated,1.0,0.0,stripe,48,-0.5462294850630868,0.3562200699979164,1.7275042728879134e-12,58383153,48
Cubic unfrustrated,1.0,0.0,stripe,49,-0.5462294850493602,0.35622006142622553,1.7837147830404072e-12,58383153,49
Cubic unfrustrated,1.0,0.0,stripe,50,-0.5462294842598571,0.3562200570650246,6.947358584816895e-13,58383153,50
Cubic unfrustrated,1.0,0.0,stripe,51,-0.5462294847341634,0.3562200503989685,4.875679380372839e-12,58383153,51
Cubic unfrustrated,1.0,0.0,stripe,52,-0.5462294847977639,0.3562200434741595,5.0902348427016225e-12,58383153,52
Cubic unfrustrated,1.0,0.0,stripe,53,-0.5462294841756883,0.35622003873979596,1.0750322319657336e-12,58383153,53
Cubic unfrustrated,1.0,0.0,stripe,54,-0.5462294835613761,0.35622003503496236,8.278579831118046e-13,58383153,54
Cubic unfrustrated,1.0,0.0,stripe,55,-0.546229483835151,0.35622003002028935,4.05807179800548e-12,58383153,55
Cubic unfrustrated,1.0,0.0,stripe,56,-0.5462294860626123,0.35622001599985886,1.3396087332711424e-12,58383153,56
Cubic unfrustrated,1.0,0.0,stripe,57,-0.5462294842202399,0.35622001016311783,6.36744758260571e-13,58383153,57
Cubic unfrustrated,1.0,0.0,stripe,58,-0.5462294850342293,0.3562200017000635,1.6343074939447686e-12,58383153,58
Cubic unfrustrated,1.0,0.0,stripe,59,-0.5462294848803497,0.3562199946174203,9.205686311491866e-13,58383153,59
Cubic unfrustrated,1.0,0.0,stripe,60,-0.5462294846160906,0.3562199882224281,2.7038034286842287e-12,58383153,60
Cubic unfrustrated,1.0,0.0,pairing,1,-0.5076173742020714,0.11167844428974466,0.018189751204100588,58383156,1
Cubic unfrustrated,1.0,0.0,pairing,2,-0.5129509861896597,0.28470549876067575,0.006032138841478333,58383156,2
Cubic unfrustrated,1.0,0.0,pairing,3,-0.5356209392331722,0.3420779689044684,0.0011838176937468696,58383156,3
Cubic unfrustrated,1.0,0.0,pairing,4,-0.5442019472943861,0.35347634428142083,0.00023253943598271868,58383156,4
Cubic unfrustrated,1.0,0.0,pairing,5,-0.5458641596165164,0.35564853226198134,4.582718231961519e-05,58383156,5
Cubic unfrustrated,1.0,0.0,pairing,6,-0.5461571418798805,0.35608917791964956,9.36535406647604e-06,58383156,6
Cubic unfrustrated,1.0,0.0,pairing,7,-0.5462144003447428,0.3561826175094913,1.9082338634479207e-06,58383156,7
Cubic unfrustrated,1.0,0.0,pairing,8,-0.5462262113329571,0.3562030243581626,3.9448390948933815e-07,58383156,8
Cubic unfrustrated,1.0,0.0,pairing,9,-0.546228765717918,0.35620754190358567,8.077460201090569e-08,58383156,9
Cubic unfrustrated,1.0,0.0,pairing,10,-0.5462293271346526,0.35620854815980896,1.6656130065509355e-08,58383156,10
Cubic unfrustrated,1.0,0.0,pairing,11,-0.546229453089889,0.3562087681634029,3.422678118352197e-09,58383156,11
Cubic unfrustrated,1.0,0.0,pairing,12,-0.5462294806267651,0.35620881277861066,7.049664051505494e-10,58383156,12
Cubic unfrustrated,1.0,0.0,pairing,13,-0.5462294871542889,0.35620881803069426,1.450262801746443e-10,58383156,13
Cubic unfrustrated,1.0,0.0,pairing,14,-0.5462294884809981,0.3562088144453011,3.074904502638324e-11,58383156,14
Cubic unfrustrated,1.0,0.0,pairing,15,-0.5462294890804508,0.3562088085662479,6.328775853289934e-12,58383156,15
Cubic unfrustrated,1.0,0.0,pairing,16,-0.5462294887302344,0.3562088035607595,3.201618547149559e-12,58383156,16
Cubic unfrustrated,1.0,0.0,pairing,17,-0.5462294891734781,0.3562087956500578,2.4435865680471145e-12,58383156,17
Cubic unfrustrated,1.0,0.0,pairing,18,-0.5462294887402639,0.3562087915781924,3.1226849752654246e-12,58383156,18
Cubic unfrustrated,1.0,0.0,pairing,19,-0.5462294888756027,0.3562087860113084,2.6688262469393084e-12,58383156,19
Cubic unfrustrated,1.0,0.0,pairing,20,-0.5462294892544894,0.35620877894893926,4.026419014793922e-12,58383156,20
Cubic unfrustrated,1.0,0.0,pairing,21,-0.5462294889782744,0.3562087730228047,2.4741837300258407e-12,58383156,21
Cubic unfrustrated,1.0,0.0,pairing,22,-0.546229488884708,0.3562087663560636,1.5776648217520056e-12,58383156,22
Cubic unfrustrated,1.0,0.0,pairing,23,-0.5462294893052306,0.35620875925228696,1.2278314556316268e-12,58383156,23
Cubic unfrustrated,1.0,0.0,pairing,24,-0.5462294886162542,0.35620875489832354,4.2348319972501895e-12,58383156,24
Cubic unfrustrated,1.0,0.0,pairing,25,-0.5462294891001308,0.3562087489728781,2.1298575805363927e-12,58383156,25
Cubic unfrustrated,1.0,0.0,pairing,26,-0.546229489208705,0.3562087418610878,1.3918789148923062e-12,58383156,26
Cubic unfrustrated,1.0,0.0,pairing,27,-0.54622949211878,0.35620872883940363,5.4168157774948506e-12,58383156,27
Cubic unfrustrated,1.0,0.0,pairing,28,-0.5462294856991002,0.35620873054101354,8.599371126997998e-13,58383156,28
Cubic unfrustrated,1.0,0.0,pairing,29,-0.5462294894575537,0.3562087239383961,1.6566665273018175e-12,58383156,29
Cubic unfrustrated,1.0,0.0,pairing,30,-0.5462294889503402,0.3562087179641722,1.8223222094043157e-12,58383156,30
Cubic unfrustrated,1.0,0.0,pairing,31,-0.5462294892392652,0.3562087120368009,1.6498833530914637e-12,58383156,31
Cubic unfrustrated,1.0,0.0,pairing,32,-0.5462294885279636,0.3562087076630224,3.1166217154851117e-12,58383156,32
Cubic unfrustrated,1.0,0.0,pairing,33,-0.5462294894761954,0.35620869962137686,6.258741551035408e-12,58383156,33
Cubic unfrustrated,1.0,0.0,pairing,34,-0.5462294894229451,0.3562086920852675,5.886208224940759e-12,58383156,34
Cubic unfrustrated,1.0,0.0,pairing,35,-0.5462294889075368,0.3562086869357832,2.6510158862245875e-12,58383156,35
Cubic unfrustrated,1.0,0.0,pairing,36,-0.5462294893130266,0.3562086800783913,5.6369723148459425e-12,58383156,36
Cubic unfrustrated,1.0,0.0,pairing,37,-0.5462294891404738,0.35620867453688665,3.6052655789331084e-12,58383156,37
Cubic unfrustrated,1.0,0.0,pairing,38,-0.5462294922395935,0.3562086601870964,1.583988924805944e-12,58383156,38
Cubic unfrustrated,1.0,0.0,pairing,39,-0.5462294853543487,0.3562086637415023,5.098837090913818e-12,58383156,39
Cubic unfrustrated,1.0,0.0,pairing,40,-0.5462294892456017,0.35620865791047884,2.6790066910701786e-12,58383156,40
Cubic unfrustrated,1.0,0.0,pairing,41,-0.5462294898311673,0.3562086485905713,4.64924397913618e-12,58383156,41
Cubic unfrustrated,1.0,0.0,pairing,42,-0.5462294889874096,0.3562086436364748,6.7569138059717496e-12,58383156,42
Cubic unfrustrated,1.0,0.0,pairing,43,-0.5462294886013577,0.3562086399015387,1.1367367372666292e-12,58383156,43
Cubic unfrustrated,1.0,0.0,pairing,44,-0.5462294894699995,0.3562086325679018,4.9950107936068335e-12,58383156,44
Cubic unfrustrated,1.0,0.0,pairing,45,-0.5462294886327982,0.3562086276829709,3.511724518342742e-12,58383156,45
Cubic unfrustrated,1.0,0.0,pairing,46,-0.546229489732366,0.3562086193970443,4.5424090608294325e-12,58383156,46
Cubic unfrustrated,1.0,0.0,pairing,47,-0.5462294891389948,0.3562086129694015,3.688460394432718e-12,58383156,47
Cubic unfrustrated,1.0,0.0,pairing,48,-0.5462294882782925,0.356208609931107,2.037149187926925e-12,58383156,48
Cubic unfrustrated,1.0,0.0,pairing,49,-0.5462294896106606,0.3562086017362706,1.555119596227634e-12,58383156,49
Cubic unfrustrated,1.0,0.0,pairing,50,-0.5462294888700097,0.35620859636617436,6.25689995991369e-12,58383156,50
Cubic unfrustrated,1.0,0.0,pairing,51,-0.5462294890627475,0.35620859053253234,3.5197148659107316e-12,58383156,51
Cubic unfrustrated,1.0,0.0,pairing,52,-0.5462294884469483,0.35620858682850887,4.703356919324705e-12,58383156,52
Cubic unfrustrated,1.0,0.0,pairing,53,-0.5462294892923689,0.3562085791659708,3.022668423734239e-12,58383156,53
Cubic unfrustrated,1.0,0.0,pairing,54,-0.5462294889273576,0.3562085729866014,1.6595841344800642e-12,58383156,54
Cubic unfrustrated,1.0,0.0,pairing,55,-0.5462294887454631,0.3562085679107928,3.708804688120954e-12,58383156,55
Cubic unfrustrated,1.0,0.0,pairing,56,-0.5462294890000632,0.35620856267295553,2.2020708885921355e-12,58383156,56
Cubic unfrustrated,1.0,0.0,pairing,57,-0.5462294888706933,0.35620855656729816,1.7151987782090437e-12,58383156,57
Cubic unfrustrated,1.0,0.0,pairing,58,-0.5462294898204839,0.3562085468393773,6.281634489538407e-12,58383156,58
Cubic unfrustrated,1.0,0.0,pairing,59,-0.5462294883038873,0.3562085441340922,3.698130056412881e-12,58383156,59
Cubic unfrustrated,1.0,0.0,pairing,60,-0.5462294896395004,0.3562085351648925,3.5672390510240964e-12,58383156,60
Cubic unfrustrated,1.2,-0.4,stripe,1,-1.0897097399961042,0.2926443500073161,0.0006123981096302828,58383157,1
Cubic unfrustrated,1.2,-0.4,stripe,2,-1.0926664615098687,0.30385660003507964,0.00017290179367248986,58383157,2
Cubic unfrustrated,1.2,-0.4,stripe,3,-1.0933079221781237,0.30650997011120945,5.245625048560411e-05,58383157,3
Cubic unfrustrated,1.2,-0.4,stripe,4,-1.0934708456998312,0.30711105692961893,1.5981164587384884e-05,58383157,4
Cubic unfrustrated,1.2,-0.4,stripe,5,-1.093505831825384,0.3072514822476416,4.878859393825748e-06,58383157,5
Cubic unfrustrated,1.2,-0.4,stripe,6,-1.0935140718770473,0.30728456600356163,1.489071652602835e-06,58383157,6
Cubic unfrustrated,1.2,-0.4,stripe,7,-1.0935159642481755,0.30729267103872127,4.544359789177544e-07,58383157,7
Cubic unfrustrated,1.2,-0.4,stripe,8,-1.0935164149242278,0.307294861087528,1.386763152356474e-07,58383157,8
Cubic unfrustrated,1.2,-0.4,stripe,9,-1.0935165174818537,0.30729567193388924,4.2321575099446135e-08,58383157,9
Cubic unfrustrated,1.2,-0.4,stripe,10,-1.093516543876958,0.30729614106039216,1.2914570403440243e-08,58383157,10
Cubic unfrustrated,1.2,-0.4,stripe,11,-1.0935165506830649,0.3072965255899171,3.944923568550335e-09,58383157,11
Cubic unfrustrated,1.2,-0.4,stripe,12,-1.0935165529116544,0.3072968891468835,1.2018514671767921e-09,58383157,12
Cubic unfrustrated,1.2,-0.4,stripe,13,-1.0935165566085887,0.3072972333956925,3.7054989498550027e-10,58383157,13
Cubic unfrustrated,1.2,-0.4,stripe,14,-1.0935165552473274,0.3072975996333366,1.099597056444194e-10,58383157,14
Cubic unfrustrated,1.2,-0.4,stripe,15,-1.093516555031199,0.3072979751402109,3.140955875087745e-11,58383157,15
Cubic unfrustrated,1.2,-0.4,stripe,16,-1.0935165534844427,0.30729835348957374,1.0128617747615752e-11,58383157,16
Cubic unfrustrated,1.2,-0.4,stripe,17,-1.0935165563938112,0.30729871004912795,1.0863986954956648e-11,58383157,17
Cubic unfrustrated,1.2,-0.4,stripe,18,-1.0935165549663615,0.30729908182351523,6.1254511326926555e-12,58383157,18
Cubic unfrustrated,1.2,-0.4,stripe,19,-1.093516556925646,0.307299442791263,1.040439533996616e-11,58383157,19
Cubic unfrustrated,1.2,-0.4,stripe,20,-1.093516557015693,0.30729980899976733,7.819445146626424e-12,58383157,20
Cubic unfrustrated,1.2,-0.4,stripe,21,-1.0935165569626084,0.3073001789337154,4.832964589987147e-12,58383157,21
Cubic unfrustrated,1.2,-0.4,stripe,22,-1.0935165571413918,0.30730055678478607,2.1105124613701502e-11,58383157,22
Cubic unfrustrated,1.2,-0.4,stripe,23,-1.0935165582347828,0.3073009250568539,9.56679502227382e-12,58383157,23
Cubic unfrustrated,1.2,-0.4,stripe,24,-1.0935165580569102,0.3073013031160951,1.4196401696037885e-11,58383157,24
Cubic unfrustrated,1.2,-0.4,stripe,25,-1.093516561944143,0.3073016601451031,1.597927283369958e-11,58383157,25
Cubic unfrustrated,1.2,-0.4,stripe,26,-1.0935165581649011,0.3073020465915349,2.2775778980503758e-12,58383157,26
Cubic unfrustrated,1.2,-0.4,stripe,27,-1.0935165591115543,0.30730242990269613,1.67691211397054e-11,58383157,27
Cubic unfrustrated,1.2,-0.4,stripe,28,-1.093516559986814,0.3073028053258316,2.070454654295558e-11,58383157,28
Cubic unfrustrated,1.2,-0.4,stripe,29,-1.093516561714531,0.3073031683979782,1.8615772436088725e-12,58383157,29
Cubic unfrustrated,1.2,-0.4,stripe,30,-1.0935165604097061,0.3073035496137154,1.4084338003428636e-12,58383157,30
Cubic unfrustrated,1.2,-0.4,stripe,31,-1.093516561481312,0.3073039262943522,2.9337089784822077e-12,58383157,31
Cubic unfrustrated,1.2,-0.4,stripe,32,-1.0935165627281276,0.3073042911149114,1.014456467832696e-11,58383157,32
Cubic unfrustrated,1.2,-0.4,stripe,33,-1.0935165647755656,0.3073046566797816,1.9024676956023816e-11,58383157,33
Cubic unfrustrated,1.2,-0.4,stripe,34,-1.0935165617924498,0.30730504504386685,1.7131317728179615e-11,58383157,34
Cubic unfrustrated,1.2,-0.4,stripe,35,-1.0935165628123675,0.307305424976293,9.802763689538936e-12,58383157,35
Cubic unfrustrated,1.2,-0.4,stripe,36,-1.0935165636664503,0.30730580217131426,1.7340888718671803e-11,58383157,36
Cubic unfrustrated,1.2,-0.4,stripe,37,-1.0935165683754113,0.3073061510453078,1.2857319490902314e-11,58383157,37
Cubic unfrustrated,1.2,-0.4,stripe,38,-1.0935165622890923,0.3073065581288515,1.5225020523499474e-12,58383157,38
Cubic unfrustrated,1.2,-0.4,stripe,39,-1.0935165644925817,0.3073069421350044,3.697032128655836e-12,58383157,39
Cubic unfrustrated,1.2,-0.4,stripe,40,-1.0935165659795245,0.30730731474267053,1.3408243025733937e-11,58383157,40
Cubic unfrustrated,1.2,-0.4,stripe,41,-1.0935165657770456,0.30730769680180803,4.0981750181823586e-12,58383157,41
Cubic unfrustrated,1.2,-0.4,stripe,42,-1.0935165662960777,0.30730807969524576,9.557449428436552e-12,58383157,42
Cubic unfrustrated,1.2,-0.4,stripe,43,-1.0935165658744592,0.307308463368485,2.4642723781751083e-12,58383157,43
Cubic unfrustrated,1.2,-0.4,stripe,44,-1.0935165664254745,0.3073088488404086,1.7975696988832312e-11,58383157,44
Cubic unfrustrated,1.2,-0.4,stripe,45,-1.093516567580469,0.30730922611236017,8.651409657368404e-12,58383157,45
Cubic unfrustrated,1.2,-0.4,stripe,46,-1.093516566934744,0.3073096180432571,6.313889503332353e-12,58383157,46
Cubic unfrustrated,1.2,-0.4,stripe,47,-1.0935165680459755,0.30731000231817995,3.5317035347434804e-12,58383157,47
Cubic unfrustrated,1.2,-0.4,stripe,48,-1.0935165681029877,0.3073103942432419,1.2686969878038214e-12,58383157,48
Cubic unfrustrated,1.2,-0.4,stripe,49,-1.0935165693539068,0.307310776299782,1.7786898755200212e-11,58383157,49
Cubic unfrustrated,1.2,-0.4,stripe,50,-1.0935165689001272,0.30731116959523813,1.229575682512902e-11,58383157,50
Cubic unfrustrated,1.2,-0.4,stripe,51,-1.0935165701840186,0.3073115539757703,2.8422808413266974e-12,58383157,51
Cubic unfrustrated,1.2,-0.4,stripe,52,-1.093516577250604,0.3073119304446601,1.3132103795160987e-11,58383157,52
Cubic unfrustrated,1.2,-0.4,stripe,53,-1.0935165723814106,0.30731233845715117,3.992735893840434e-12,58383157,53
Cubic unfrustrated,1.2,-0.4,stripe,54,-1.0935165741275854,0.30731273262649245,5.864821196459666e-12,58383157,54
Cubic unfrustrated,1.2,-0.4,stripe,55,-1.093516575571191,0.3073131220954081,1.3970818664989093e-11,58383157,55
Cubic unfrustrated,1.2,-0.4,stripe,56,-1.0935165770244306,0.3073135078903225,7.072867623601385e-12,58383157,56
Cubic unfrustrated,1.2,-0.4,stripe,57,-1.0935165769689883,0.30731389926431174,6.812482336224571e-12,58383157,57
Cubic unfrustrated,1.2,-0.4,stripe,58,-1.0935165768274517,0.307314297815047,2.3899839861559415e-12,58383157,58
Cubic unfrustrated,1.2,-0.4,stripe,59,-1.0935165767059039,0.3073146947199462,5.9321777806855236e-12,58383157,59
Cubic unfrustrated,1.2,-0.4,stripe,60,-1.09351657934785,0.3073150852650431,2.1700339396416555e-12,58383157,60
Cubic unfrustrated,1.2,-0.4,pairing,1,-1.0817291908122166,0.038219053922895485,0.032079549372729006,58383158,1
Cubic unfrustrated,1.2,-0.4,pairing,2,-1.081776242004466,0.1038138627779702,0.03168015447960669,58383158,2
Cubic unfrustrated,1.2,-0.4,pairing,3,-1.0830425545943818,0.21621623725432085,0.020587037289557176,58383158,3
Cubic unfrustrated,1.2,-0.4,pairing,4,-1.087931754508429,0.28207863336227146,0.007159690842794466,58383158,4
Cubic unfrustrated,1.2,-0.4,pairing,5,-1.0918471467776985,0.30139652108661885,0.0019028659361620816,58383158,5
Cubic unfrustrated,1.2,-0.4,pairing,6,-1.0931214643868603,0.30600547674176476,0.00048123283386541785,58383158,6
Cubic unfrustrated,1.2,-0.4,pairing,7,-1.093426910558904,0.3070643426299755,0.00012052095302018136,58383158,7
Cubic unfrustrated,1.2,-0.4,pairing,8,-1.0934961346956789,0.3073091721108379,3.0149168387863463e-05,58383158,8
Cubic unfrustrated,1.2,-0.4,pairing,9,-1.0935119052861801,0.30736674955678844,7.535360520446993e-06,58383158,9
Cubic unfrustrated,1.2,-0.4,pairing,10,-1.0935155326280628,0.307380848989676,1.88247073172331e-06,58383158,10
Cubic unfrustrated,1.2,-0.4,pairing,11,-1.0935163920807314,0.3073845805852634,4.700677345003248e-07,58383158,11
Cubic unfrustrated,1.2,-0.4,pairing,12,-1.0935165925351407,0.30738588315206566,1.1734203596345558e-07,58383158,12
Cubic unfrustrated,1.2,-0.4,pairing,13,-1.0935166418586428,0.3073865932601417,2.9286539248090178e-08,58383158,13
Cubic unfrustrated,1.2,-0.4,pairing,14,-1.0935166532390412,0.30738717299939833,7.307055028540179e-09,58383158,14
Cubic unfrustrated,1.2,-0.4,pairing,15,-1.0935166566435157,0.30738771505309864,1.821800751978847e-09,58383158,15
Cubic unfrustrated,1.2,-0.4,pairing,16,-1.0935166575681348,0.3073882566233528,4.5789355665064545e-10,58383158,16
Cubic unfrustrated,1.2,-0.4,pairing,17,-1.093516658318423,0.3073887966491144,1.1454525349263757e-10,58383158,17
Cubic unfrustrated,1.2,-0.4,pairing,18,-1.093516659811715,0.30738932805991315,3.088890483862646e-11,58383158,18
Cubic unfrustrated,1.2,-0.4,pairing,19,-1.0935166598651975,0.30738986702209925,1.1558441975578722e-11,58383158,19
Cubic unfrustrated,1.2,-0.4,pairing,20,-1.0935166607469207,0.30739040624839187,3.311975845256445e-12,58383158,20
Cubic unfrustrated,1.2,-0.4,pairing,21,-1.0935166612223657,0.30739094963056923,1.5724551040253863e-12,58383158,21
Cubic unfrustrated,1.2,-0.4,pairing,22,-1.0935166620694052,0.30739148932826355,9.053107049200476e-12,58383158,22
Cubic unfrustrated,1.2,-0.4,pairing,23,-1.0935166629590947,0.30739202916416597,8.556708740260788e-13,58383158,23
Cubic unfrustrated,1.2,-0.4,pairing,24,-1.093516663493578,0.3073925711974867,3.780763049216974e-12,58383158,24
Cubic unfrustrated,1.2,-0.4,pairing,25,-1.0935166634799312,0.30739312111570033,1.6467571519091378e-12,58383158,25
Cubic unfrustrated,1.2,-0.4,pairing,26,-1.0935166648721648,0.3073936662629392,1.8939724709365985e-12,58383158,26
Cubic unfrustrated,1.2,-0.4,pairing,27,-1.0935166656943747,0.30739421202878026,1.3616580639352939e-11,58383158,27
Cubic unfrustrated,1.2,-0.4,pairing,28,-1.093516670634955,0.3073947303227065,3.232351408795525e-12,58383158,28
Cubic unfrustrated,1.2,-0.4,pairing,29,-1.0935166665583762,0.3073952840270738,1.5973001785451894e-12,58383158,29
Cubic unfrustrated,1.2,-0.4,pairing,30,-1.0935166676776313,0.3073958411482067,3.4796276462279805e-12,58383158,30
Cubic unfrustrated,1.2,-0.4,pairing,31,-1.093516664048536,0.30739642308943593,6.771789391363671e-12,58383158,31
Cubic unfrustrated,1.2,-0.4,pairing,32,-1.093516667632393,0.30739698836112417,3.394269997795352e-12,58383158,32
Cubic unfrustrated,1.2,-0.4,pairing,33,-1.0935166706290218,0.3073975371950075,5.708173716537491e-12,58383158,33
Cubic unfrustrated,1.2,-0.4,pairing,34,-1.093516670449828,0.3073980938330419,1.0227808347621794e-11,58383158,34
Cubic unfrustrated,1.2,-0.4,pairing,35,-1.0935166728958507,0.30739864758946145,1.4066283944434768e-12,58383158,35
Cubic unfrustrated,1.2,-0.4,pairing,36,-1.0935166731007284,0.3073992029307102,5.293790541203182e-12,58383158,36
Cubic unfrustrated,1.2,-0.4,pairing,37,-1.093516673469408,0.30739976425465054,2.698384339662097e-12,58383158,37
Cubic unfrustrated,1.2,-0.4,pairing,38,-1.0935166741292035,0.30740032542109114,8.214408132682888e-12,58383158,38
Cubic unfrustrated,1.2,-0.4,pairing,39,-1.0935166744985914,0.3074008923713605,3.774855252246516e-12,58383158,39
Cubic unfrustrated,1.2,-0.4,pairing,40,-1.0935166755825274,0.3074014567014698,6.2038322368619775e-12,58383158,40
Cubic unfrustrated,1.2,-0.4,pairing,41,-1.0935166745783536,0.3074020246522423,1.99899163173421e-12,58383158,41
Cubic unfrustrated,1.2,-0.4,pairing,42,-1.0935166777836063,0.3074025848474451,4.008548355636221e-12,58383158,42
Cubic unfrustrated,1.2,-0.4,pairing,43,-1.0935166774205969,0.30740315721620537,5.2780418534309625e-12,58383158,43
Cubic unfrustrated,1.2,-0.4,pairing,44,-1.093516678919179,0.30740371661212634,7.391835033455263e-12,58383158,44
Cubic unfrustrated,1.2,-0.4,pairing,45,-1.0935166785848387,0.307404290899449,1.5753366834626305e-12,58383158,45
Cubic unfrustrated,1.2,-0.4,pairing,46,-1.0935166798120104,0.30740486096306696,8.873234029502201e-12,58383158,46
Cubic unfrustrated,1.2,-0.4,pairing,47,-1.0935166802361738,0.30740543720266295,2.787346852525842e-12,58383158,47
Cubic unfrustrated,1.2,-0.4,pairing,48,-1.0935166793445754,0.30740601605044515,9.061305847359697e-13,58383158,48
Cubic unfrustrated,1.2,-0.4,pairing,49,-1.0935166827779663,0.30740658542873595,3.647523678019517e-12,58383158,49
Cubic unfrustrated,1.2,-0.4,pairing,50,-1.0935166829752152,0.3074071526952698,4.3844227441963215e-12,58383158,50
Cubic unfrustrated,1.2,-0.4,pairing,51,-1.0935166835654737,0.30740772337513667,5.834020793032153e-12,58383158,51
Cubic unfrustrated,1.2,-0.4,pairing,52,-1.093516683833591,0.30740830208571895,4.53070562537331e-12,58383158,52
Cubic unfrustrated,1.2,-0.4,pairing,53,-1.093516685059319,0.3074088725607671,8.42312909791978e-12,58383158,53
Cubic unfrustrated,1.2,-0.4,pairing,54,-1.0935166853728089,0.307409451648814,2.853734747617772e-12,58383158,54
Cubic unfrustrated,1.2,-0.4,pairing,55,-1.0935166861462775,0.30741003083480123,4.4179037945052324e-12,58383158,55
Cubic unfrustrated,1.2,-0.4,pairing,56,-1.093516684976824,0.3074106240805697,2.1083773251413724e-12,58383158,56
Cubic unfrustrated,1.2,-0.4,pairing,57,-1.0935166862435315,0.3074112113223139,2.172836410982314e-12,58383158,57
Cubic unfrustrated,1.2,-0.4,pairing,58,-1.093516689364997,0.30741178265552976,2.3147955238022554e-12,58383158,58
Cubic unfrustrated,1.2,-0.4,pairing,59,-1.0935166882265888,0.3074123756949878,3.649995077365935e-12,58383158,59
Cubic unfrustrated,1.2,-0.4,pairing,60,-1.093516690550483,0.30741294568896144,2.824102527490243e-12,58383158,60
Cubic unfrustrated,1.2,-0.2,stripe,1,-0.8366610375395763,0.3005107405607059,0.000572044347068788,58383161,1
Cubic unfrustrated,1.2,-0.2,stripe,2,-0.8408259909607007,0.31290012291862507,0.00015399978616880962,58383161,2
Cubic unfrustrated,1.2,-0.2,stripe,3,-0.8417190990042345,0.31561682698608456,4.630268126360649e-05,58383161,3
Cubic unfrustrated,1.2,-0.2,stripe,4,-0.841927753780422,0.31618571236030474,1.4002327559831619e-05,58383161,4
Cubic unfrustrated,1.2,-0.2,stripe,5,-0.8419685393059138,0.3163101678446109,4.257218216848877e-06,58383161,5
Cubic unfrustrated,1.2,-0.2,stripe,6,-0.8419776059326953,0.31633738759763796,1.294156624920256e-06,58383161,6
Cubic unfrustrated,1.2,-0.2,stripe,7,-0.8419795248110212,0.31634351015646534,3.9351668108063687e-07,58383161,7
Cubic unfrustrated,1.2,-0.2,stripe,8,-0.8419799540391442,0.3163449329055287,1.196546178488587e-07,58383161,8
Cubic unfrustrated,1.2,-0.2,stripe,9,-0.8419800490404679,0.31634530275867245,3.6378683667778884e-08,58383161,9
Cubic unfrustrated,1.2,-0.2,stripe,10,-0.8419800694185261,0.31634544577369317,1.1062523276215111e-08,58383161,10
Cubic unfrustrated,1.2,-0.2,stripe,11,-0.8419800743517133,0.3163455354492232,3.3652898208835895e-09,58383161,11
Cubic unfrustrated,1.2,-0.2,stripe,12,-0.8419800760299982,0.31634560452628996,1.0197763457315384e-09,58383161,12
Cubic unfrustrated,1.2,-0.2,stripe,13,-0.8419800755778938,0.31634567642568556,3.101634234285193e-10,58383161,13
Cubic unfrustrated,1.2,-0.2,stripe,14,-0.8419800758992892,0.31634574842567775,9.152683480893342e-11,58383161,14
Cubic unfrustrated,1.2,-0.2,stripe,15,-0.84198007569179,0.31634582194269006,2.445673904696119e-11,58383161,15
Cubic unfrustrated,1.2,-0.2,stripe,16,-0.8419800761075409,0.31634589066614316,5.843348588397588e-12,58383161,16
Cubic unfrustrated,1.2,-0.2,stripe,17,-0.8419800761916251,0.3163459626888751,7.909165828955383e-12,58383161,17
Cubic unfrustrated,1.2,-0.2,stripe,18,-0.8419800760946679,0.3163460336628928,4.335961969569237e-12,58383161,18
Cubic unfrustrated,1.2,-0.2,stripe,19,-0.8419800763896529,0.3163461029158512,6.9350973626858595e-12,58383161,19
Cubic unfrustrated,1.2,-0.2,stripe,20,-0.8419800767853372,0.31634616997561094,2.886802111611559e-12,58383161,20
Cubic unfrustrated,1.2,-0.2,stripe,21,-0.8419800760629849,0.3163462421654335,3.2917139878051693e-12,58383161,21
Cubic unfrustrated,1.2,-0.2,stripe,22,-0.841980076096702,0.31634631485458536,1.4548209777769345e-11,58383161,22
Cubic unfrustrated,1.2,-0.2,stripe,23,-0.8419800762640993,0.31634638588199515,1.004028513829014e-11,58383161,23
Cubic unfrustrated,1.2,-0.2,stripe,24,-0.8419800767619151,0.3163464541074912,6.596469939845281e-12,58383161,24
Cubic unfrustrated,1.2,-0.2,stripe,25,-0.8419800763583603,0.31634652444192507,3.5687629432319003e-12,58383161,25
Cubic unfrustrated,1.2,-0.2,stripe,26,-0.8419800764902727,0.3163465947167799,5.05958490367713e-12,58383161,26
Cubic unfrustrated,1.2,-0.2,stripe,27,-0.8419800768119517,0.31634666565949976,4.729225168772932e-12,58383161,27
Cubic unfrustrated,1.2,-0.2,stripe,28,-0.8419800761578641,0.31634673989578505,7.344360424192539e-12,58383161,28
Cubic unfrustrated,1.2,-0.2,stripe,29,-0.8419800768264123,0.3163468077884142,3.4716445005085534e-12,58383161,29
Cubic unfrustrated,1.2,-0.2,stripe,30,-0.8419800768344603,0.31634687536327927,2.7943833349722875e-12,58383161,30
Cubic unfrustrated,1.2,-0.2,stripe,31,-0.8419800763455991,0.31634694826235127,6.1244097855135924e-12,58383161,31
Cubic unfrustrated,1.2,-0.2,stripe,32,-0.8419800756264697,0.31634702753572147,8.508672641900854e-12,58383161,32
Cubic unfrustrated,1.2,-0.2,stripe,33,-0.8419800764507456,0.3163470979176328,9.583461089430724e-12,58383161,33
Cubic unfrustrated,1.2,-0.2,stripe,34,-0.8419800775403437,0.31634715904407,3.317589805734372e-12,58383161,34
Cubic unfrustrated,1.2,-0.2,stripe,35,-0.8419800763796584,0.31634723152789446,2.3539849131579126e-11,58383161,35
Cubic unfrustrated,1.2,-0.2,stripe,36,-0.8419800765022115,0.3163473029343901,3.3814609281636686e-11,58383161,36
Cubic unfrustrated,1.2,-0.2,stripe,37,-0.8419800766745003,0.3163473750846379,1.3599116332968074e-11,58383161,37
Cubic unfrustrated,1.2,-0.2,stripe,38,-0.8419800765070177,0.3163474451601515,8.643803058705821e-12,58383161,38
Cubic unfrustrated,1.2,-0.2,stripe,39,-0.841980076587864,0.3163475181989107,4.8346056423299084e-11,58383161,39
Cubic unfrustrated,1.2,-0.2,stripe,40,-0.8419800769328585,0.3163475904289695,2.5882361475330865e-11,58383161,40
Cubic unfrustrated,1.2,-0.2,stripe,41,-0.8419800771106967,0.3163476565481604,2.0375068083417802e-11,58383161,41
Cubic unfrustrated,1.2,-0.2,stripe,42,-0.8419800761943431,0.31634773046324,1.5555956956281247e-11,58383161,42
Cubic unfrustrated,1.2,-0.2,stripe,43,-0.8419800769757207,0.31634780271946555,2.279253292478072e-11,58383161,43
Cubic unfrustrated,1.2,-0.2,stripe,44,-0.8419800772182982,0.3163478696661754,3.694580550520252e-11,58383161,44
Cubic unfrustrated,1.2,-0.2,stripe,45,-0.8419800770760001,0.31634794416855994,1.3578893774816612e-11,58383161,45
Cubic unfrustrated,1.2,-0.2,stripe,46,-0.8419800774818701,0.3163480141332207,8.386032280750497e-12,58383161,46
Cubic unfrustrated,1.2,-0.2,stripe,47,-0.8419800770845973,0.3163480846865815,3.573552244747813e-11,58383161,47
Cubic unfrustrated,1.2,-0.2,stripe,48,-0.8419800763245566,0.3163481591763994,9.322097433222955e-12,58383161,48
Cubic unfrustrated,1.2,-0.2,stripe,49,-0.8419800776258437,0.31634822757878833,5.322853348513227e-12,58383161,49
Cubic unfrustrated,1.2,-0.2,stripe,50,-0.8419800772112277,0.31634829927670477,2.1992324925879607e-11,58383161,50
Cubic unfrustrated,1.2,-0.2,stripe,51,-0.8419800765755234,0.31634837028120133,2.783677417698132e-11,58383161,51
Cubic unfrustrated,1.2,-0.2,stripe,52,-0.8419800772267415,0.3163484414437196,6.772199820238242e-12,58383161,52
Cubic unfrustrated,1.2,-0.2,stripe,53,-0.8419800776262166,0.3163485107274451,3.6249461227705875e-11,58383161,53
Cubic unfrustrated,1.2,-0.2,stripe,54,-0.8419800770433805,0.31634858402111793,1.3716434576803536e-11,58383161,54
Cubic unfrustrated,1.2,-0.2,stripe,55,-0.8419800776516654,0.31634865285582764,2.8908382384512492e-12,58383161,55
Cubic unfrustrated,1.2,-0.2,stripe,56,-0.8419800773009509,0.31634872666904906,1.12651667600211e-11,58383161,56
Cubic unfrustrated,1.2,-0.2,stripe,57,-0.8419800792509837,0.31634878311751324,3.2545218508266903e-12,58383161,57
Cubic unfrustrated,1.2,-0.2,stripe,58,-0.8419800762847852,0.3163488652371652,4.3687160456328e-12,58383161,58
Cubic unfrustrated,1.2,-0.2,stripe,59,-0.8419800774215745,0.31634893564695016,9.359949352520536e-12,58383161,59
Cubic unfrustrated,1.2,-0.2,stripe,60,-0.8419800778519282,0.31634900825295303,6.441289926857297e-12,58383161,60
Cubic unfrustrated,1.2,-0.2,pairing,1,-0.8261765339504101,0.0447879320303224,0.030326754083365503,58383164,1
Cubic unfrustrated,1.2,-0.2,pairing,2,-0.8261079137372684,0.13734767508635903,0.027680895386122357,58383164,2
Cubic unfrustrated,1.2,-0.2,pairing,3,-0.8297813498521454,0.2564966443208645,0.012027414322394726,58383164,3
Cubic unfrustrated,1.2,-0.2,pairing,4,-0.8374136491430617,0.302586707254085,0.003036917276819158,58383164,4
Cubic unfrustrated,1.2,-0.2,pairing,5,-0.8409103450735111,0.31344002026338774,0.0006947669351516282,58383164,5
Cubic unfrustrated,1.2,-0.2,pairing,6,-0.8417566757394833,0.3157412171678158,0.00015916854563562236,58383164,6
Cubic unfrustrated,1.2,-0.2,pairing,7,-0.8419331773272569,0.31622982003874095,3.677840062682676e-05,58383164,7
Cubic unfrustrated,1.2,-0.2,pairing,8,-0.8419700505792702,0.3163354413710995,8.51421862447071e-06,58383164,8
Cubic unfrustrated,1.2,-0.2,pairing,9,-0.8419778994610236,0.3163586886508819,1.9732888076932363e-06,58383164,9
Cubic unfrustrated,1.2,-0.2,pairing,10,-0.8419796029261943,0.31636389786375585,4.574253416991016e-07,58383164,10
Cubic unfrustrated,1.2,-0.2,pairing,11,-0.8419799765018461,0.31636512120988897,1.0603195941031933e-07,58383164,11
Cubic unfrustrated,1.2,-0.2,pairing,12,-0.8419800601418312,0.3163654437818554,2.4577426532253944e-08,58383164,12
Cubic unfrustrated,1.2,-0.2,pairing,13,-0.8419800773513703,0.3163655810000303,5.697408864611523e-09,58383164,13
Cubic unfrustrated,1.2,-0.2,pairing,14,-0.8419800821724643,0.3163656672870567,1.320773556164222e-09,58383164,14
Cubic unfrustrated,1.2,-0.2,pairing,15,-0.8419800827623117,0.3163657467108561,3.15277745039781e-10,58383164,15
Cubic unfrustrated,1.2,-0.2,pairing,16,-0.8419800835761404,0.31636581823878174,1.193366372024757e-10,58383164,16
Cubic unfrustrated,1.2,-0.2,pairing,17,-0.8419800849475745,0.3163658762034517,5.546034593845815e-11,58383164,17
Cubic unfrustrated,1.2,-0.2,pairing,18,-0.8419800822659889,0.31636596173859916,1.1468978839454155e-11,58383164,18
Cubic unfrustrated,1.2,-0.2,pairing,19,-0.8419800839658009,0.316366028182116,8.222041135599583e-12,58383164,19
Cubic unfrustrated,1.2,-0.2,pairing,20,-0.8419800834735828,0.3163661012592939,4.296061842753713e-11,58383164,20
Cubic unfrustrated,1.2,-0.2,pairing,21,-0.8419800829253475,0.31636617746026185,4.87883802192034e-11,58383164,21
Cubic unfrustrated,1.2,-0.2,pairing,22,-0.8419800823267426,0.3163662576510254,8.747407217713454e-12,58383164,22
Cubic unfrustrated,1.2,-0.2,pairing,23,-0.8419800831603392,0.3163663321447146,6.627701098967637e-12,58383164,23
Cubic unfrustrated,1.2,-0.2,pairing,24,-0.841980082864968,0.3163664080276808,7.134033341405194e-11,58383164,24
Cubic unfrustrated,1.2,-0.2,pairing,25,-0.8419800840897337,0.31636647213133434,5.531421995163475e-11,58383164,25
Cubic unfrustrated,1.2,-0.2,pairing,26,-0.8419800822681329,0.3163665550868574,7.472552261029495e-12,58383164,26
Cubic unfrustrated,1.2,-0.2,pairing,27,-0.841980083603929,0.3163666190369036,2.9624082933781124e-11,58383164,27
Cubic unfrustrated,1.2,-0.2,pairing,28,-0.8419800819298648,0.31636669911435383,1.1138347553526273e-11,58383164,28
Cubic unfrustrated,1.2,-0.2,pairing,29,-0.8419800830959369,0.3163667700556541,6.861028133947882e-12,58383164,29
Cubic unfrustrated,1.2,-0.2,pairing,30,-0.8419800817383482,0.3163668539451383,1.0084289609991608e-10,58383164,30
Cubic unfrustrated,1.2,-0.2,pairing,31,-0.8419800833942471,0.31636692222313845,1.323593390996745e-11,58383164,31
Cubic unfrustrated,1.2,-0.2,pairing,32,-0.8419800831809657,0.3163669924596464,2.0149348202784875e-09,58383164,32
Cubic unfrustrated,1.2,-0.2,pairing,33,-0.8419800831772772,0.31636706310951673,6.994219503770514e-10,58383164,33
Cubic unfrustrated,1.2,-0.2,pairing,34,-0.841980082653651,0.31636714130358384,1.0360965513936691e-10,58383164,34
Cubic unfrustrated,1.2,-0.2,pairing,35,-0.8419800831642161,0.31636721548872043,2.2642204229825472e-11,58383164,35
Cubic unfrustrated,1.2,-0.2,pairing,36,-0.841980082923366,0.3163672866622221,1.0188915577952918e-11,58383164,36
Cubic unfrustrated,1.2,-0.2,pairing,37,-0.8419800828102167,0.31636736409397537,5.537215818646147e-12,58383164,37
Cubic unfrustrated,1.2,-0.2,pairing,38,-0.8419800833956227,0.316367432586794,6.678123584978733e-12,58383164,38
Cubic unfrustrated,1.2,-0.2,pairing,39,-0.8419800819796418,0.3163675197851943,4.011055066082999e-12,58383164,39
Cubic unfrustrated,1.2,-0.2,pairing,40,-0.8419800835947265,0.3163675888449058,9.043545607392287e-12,58383164,40
Cubic unfrustrated,1.2,-0.2,pairing,41,-0.8419800831855807,0.3163676621824487,7.308260446718188e-11,58383164,41
Cubic unfrustrated,1.2,-0.2,pairing,42,-0.8419800831571773,0.3163677364750728,2.515770555147005e-11,58383164,42
Cubic unfrustrated,1.2,-0.2,pairing,43,-0.8419800832646845,0.3163678096011373,1.1440257559914197e-11,58383164,43
Cubic unfrustrated,1.2,-0.2,pairing,44,-0.8419800829237826,0.3163678859455538,1.8787502716114826e-11,58383164,44
Cubic unfrustrated,1.2,-0.2,pairing,45,-0.8419800837769851,0.3163679560411011,8.140413812392906e-12,58383164,45
Cubic unfrustrated,1.2,-0.2,pairing,46,-0.8419800825198437,0.31636803812883557,1.1933900107132889e-11,58383164,46
Cubic unfrustrated,1.2,-0.2,pairing,47,-0.8419800838775023,0.3163681077617105,1.926685341398364e-11,58383164,47
Cubic unfrustrated,1.2,-0.2,pairing,48,-0.8419800835205008,0.3163681815575699,1.3565499732506312e-11,58383164,48
Cubic unfrustrated,1.2,-0.2,pairing,49,-0.8419800838864188,0.31636825150195974,1.6674963192821977e-11,58383164,49
Cubic unfrustrated,1.2,-0.2,pairing,50,-0.84198008329602,0.3163683281461567,8.2285876749801e-12,58383164,50
Cubic unfrustrated,1.2,-0.2,pairing,51,-0.8419800834914147,0.31636840032265845,5.392749498389235e-12,58383164,51
Cubic unfrustrated,1.2,-0.2,pairing,52,-0.8419800830541551,0.3163684777885469,1.893225878877718e-11,58383164,52
Cubic unfrustrated,1.2,-0.2,pairing,53,-0.8419800833852922,0.31636855416580417,2.3423543268909552e-11,58383164,53
Cubic unfrustrated,1.2,-0.2,pairing,54,-0.841980083644087,0.3163686289754644,4.075166844729671e-11,58383164,54
Cubic unfrustrated,1.2,-0.2,pairing,55,-0.8419800837403889,0.3163687033381089,1.2996012871102732e-11,58383164,55
Cubic unfrustrated,1.2,-0.2,pairing,56,-0.841980082963577,0.3163687799551639,8.046531267160464e-12,58383164,56
Cubic unfrustrated,1.2,-0.2,pairing,57,-0.8419800839049357,0.31636885228452,4.817514899651178e-12,58383164,57
Cubic unfrustrated,1.2,-0.2,pairing,58,-0.8419800843147183,0.31636892048176624,6.472578746983682e-12,58383164,58
Cubic unfrustrated,1.2,-0.2,pairing,59,-0.8419800836639723,0.3163689975833171,6.264478294102795e-12,58383164,59
Cubic unfrustrated,1.2,-0.2,pairing,60,-0.8419800833481718,0.3163690738876378,2.2140824944741568e-11,58383164,60
Cubic unfrustrated,1.2,0.0,stripe,1,-0.584274232600697,0.3091029548359008,0.0005661232386585516,58383165,1
Cubic unfrustrated,1.2,0.0,stripe,2,-0.5902534859614513,0.322663629635509,0.00015698145267009297,58383165,2
Cubic unfrustrated,1.2,0.0,stripe,3,-0.5914970517059305,0.3254324908571385,5.1305896328968795e-05,58383165,3
Cubic unfrustrated,1.2,0.0,stripe,4,-0.5917662428657131,0.32597274731090664,1.683691765543721e-05,58383165,4
Cubic unfrustrated,1.2,0.0,stripe,5,-0.591814010915368,0.3260854835431577,5.5853316615357484e-06,58383165,5
Cubic unfrustrated,1.2,0.0,stripe,6,-0.5918242973726218,0.32610870731979236,1.851541224166161e-06,58383165,6
Cubic unfrustrated,1.2,0.0,stripe,7,-0.5918262984095202,0.32611367028004506,6.143505858671435e-07,58383165,7
Cubic unfrustrated,1.2,0.0,stripe,8,-0.5918267363772307,0.32611470205984416,2.0381939185556233e-07,58383165,8
Cubic unfrustrated,1.2,0.0,stripe,9,-0.591826825339801,0.32611490927860165,6.762595586823693e-08,58383165,9
Cubic unfrustrated,1.2,0.0,stripe,10,-0.5918268455057503,0.3261149335949891,2.2436491058475847e-08,58383165,10
Cubic unfrustrated,1.2,0.0,stripe,11,-0.5918268503302924,0.326114912674508,7.444886700118966e-09,58383165,11
Cubic unfrustrated,1.2,0.0,stripe,12,-0.5918268500270416,0.3261148949602242,2.471084611614999e-09,58383165,12
Cubic unfrustrated,1.2,0.0,stripe,13,-0.5918268510016563,0.32611486737397516,8.178129705139607e-10,58383165,13
Cubic unfrustrated,1.2,0.0,stripe,14,-0.5918268510681228,0.32611483959710275,2.714641177263021e-10,58383165,14
Cubic unfrustrated,1.2,0.0,stripe,15,-0.5918268512598692,0.32611481119077373,9.172417221261123e-11,58383165,15
Cubic unfrustrated,1.2,0.0,stripe,16,-0.5918268507690115,0.32611478636695856,2.824163531749666e-11,58383165,16
Cubic unfrustrated,1.2,0.0,stripe,17,-0.5918268505533321,0.3261147633831185,1.569293926964934e-11,58383165,17
Cubic unfrustrated,1.2,0.0,stripe,18,-0.5918268514374982,0.3261147339550939,4.0511337138503e-12,58383165,18
Cubic unfrustrated,1.2,0.0,stripe,19,-0.5918268506323713,0.3261147109889298,4.92598847081485e-12,58383165,19
Cubic unfrustrated,1.2,0.0,stripe,20,-0.5918268514428172,0.3261146819290647,2.409378335530649e-12,58383165,20
Cubic unfrustrated,1.2,0.0,stripe,21,-0.591826852292962,0.3261146511497181,3.4890468744659226e-12,58383165,21
Cubic unfrustrated,1.2,0.0,stripe,22,-0.5918268505042233,0.32611462817254955,3.35429526470508e-12,58383165,22
Cubic unfrustrated,1.2,0.0,stripe,23,-0.591826852287113,0.3261145985213057,7.359074499241e-12,58383165,23
Cubic unfrustrated,1.2,0.0,stripe,24,-0.5918268513451732,0.32611456859584526,2.8399772737787363e-12,58383165,24
Cubic unfrustrated,1.2,0.0,stripe,25,-0.5918268506559525,0.32611454481285224,3.1548924615110728e-12,58383165,25
Cubic unfrustrated,1.2,0.0,stripe,26,-0.5918268506603019,0.3261145216683702,4.152884960037722e-12,58383165,26
Cubic unfrustrated,1.2,0.0,stripe,27,-0.591826852161083,0.3261144926093603,6.778021837249318e-12,58383165,27
Cubic unfrustrated,1.2,0.0,stripe,28,-0.5918268524753452,0.32611445909164255,4.288490727785566e-12,58383165,28
Cubic unfrustrated,1.2,0.0,stripe,29,-0.5918268510150254,0.32611443941234664,2.5046991201082363e-12,58383165,29
Cubic unfrustrated,1.2,0.0,stripe,30,-0.5918268521978034,0.32611441073820374,3.9272782084967495e-12,58383165,30
Cubic unfrustrated,1.2,0.0,stripe,31,-0.5918268501246532,0.3261143923480032,3.204218145775079e-12,58383165,31
Cubic unfrustrated,1.2,0.0,stripe,32,-0.59182685246036,0.3261143622075662,3.743862694795973e-12,58383165,32
Cubic unfrustrated,1.2,0.0,stripe,33,-0.5918268523553134,0.32611433089208774,6.088684112451816e-12,58383165,33
Cubic unfrustrated,1.2,0.0,stripe,34,-0.5918268496694647,0.326114314873842,2.7574520355083237e-12,58383165,34
Cubic unfrustrated,1.2,0.0,stripe,35,-0.5918268533734194,0.3261142780350354,2.532492552858873e-12,58383165,35
Cubic unfrustrated,1.2,0.0,stripe,36,-0.5918268509316504,0.32611425302776964,6.692142975501945e-12,58383165,36
Cubic unfrustrated,1.2,0.0,stripe,37,-0.5918268504190733,0.32611423190059335,4.570858054504618e-12,58383165,37
Cubic unfrustrated,1.2,0.0,stripe,38,-0.5918268524560593,0.3261142023084697,8.049756123364796e-12,58383165,38
Cubic unfrustrated,1.2,0.0,stripe,39,-0.5918268518365885,0.32611417652934327,1.0092901612942627e-11,58383165,39
Cubic unfrustrated,1.2,0.0,stripe,40,-0.5918268517276678,0.32611414947052497,4.3314707747700094e-12,58383165,40
Cubic unfrustrated,1.2,0.0,stripe,41,-0.5918268517721965,0.3261141242413675,6.043128589911043e-12,58383165,41
Cubic unfrustrated,1.2,0.0,stripe,42,-0.5918268525210484,0.3261140949089568,5.411035105316708e-12,58383165,42
Cubic unfrustrated,1.2,0.0,stripe,43,-0.5918268518206721,0.32611406997204573,4.140205030081028e-12,58383165,43
Cubic unfrustrated,1.2,0.0,stripe,44,-0.591826852073246,0.326114042324056,5.265951670078223e-12,58383165,44
Cubic unfrustrated,1.2,0.0,stripe,45,-0.5918268519283424,0.32611401645204413,1.4082014977936367e-12,58383165,45
Cubic unfrustrated,1.2,0.0,stripe,46,-0.591826851671949,0.3261139925042201,5.455304229118821e-12,58383165,46
Cubic unfrustrated,1.2,0.0,stripe,47,-0.5918268526934611,0.3261139599898541,5.056830994026602e-12,58383165,47
Cubic unfrustrated,1.2,0.0,stripe,48,-0.5918268510432525,0.3261139380373769,1.928299557506921e-12,58383165,48
Cubic unfrustrated,1.2,0.0,stripe,49,-0.5918268521856072,0.32611391197260337,2.533126595230102e-12,58383165,49
Cubic unfrustrated,1.2,0.0,stripe,50,-0.5918268524860539,0.3261138812903795,6.582584687050586e-12,58383165,50
Cubic unfrustrated,1.2,0.0,stripe,51,-0.59182685142153,0.3261138603714171,4.597650767471239e-12,58383165,51
Cubic unfrustrated,1.2,0.0,stripe,52,-0.5918268520084142,0.3261138339793439,5.6532949980977044e-12,58383165,52
Cubic unfrustrated,1.2,0.0,stripe,53,-0.5918268519392068,0.32611380855004196,7.816471143959087e-12,58383165,53
Cubic unfrustrated,1.2,0.0,stripe,54,-0.5918268524478658,0.32611377801712343,2.5369564811499785e-12,58383165,54
Cubic unfrustrated,1.2,0.0,stripe,55,-0.591826851368907,0.3261137570056836,2.1106339751950447e-12,58383165,55
Cubic unfrustrated,1.2,0.0,stripe,56,-0.5918268517293126,0.32611373258340737,1.1491328940588664e-11,58383165,56
Cubic unfrustrated,1.2,0.0,stripe,57,-0.5918268522065552,0.3261137033521463,4.952154630688925e-12,58383165,57
Cubic unfrustrated,1.2,0.0,stripe,58,-0.5918268519505164,0.32611367769889504,9.348164866330574e-12,58383165,58
Cubic unfrustrated,1.2,0.0,stripe,59,-0.5918268520966157,0.32611365067103,8.555352440338537e-12,58383165,59
Cubic unfrustrated,1.2,0.0,stripe,60,-0.5918268518095628,0.32611362609145766,9.17376045119683e-12,58383165,60
Cubic unfrustrated,1.2,0.0,pairing,1,-0.570444314732042,0.05362327560015191,0.028616997756691135,58383168,1
Cubic unfrustrated,1.2,0.0,pairing,2,-0.5705086530295598,0.178875527864323,0.022171509801962336,58383168,2
Cubic unfrustrated,1.2,0.0,pairing,3,-0.5785765824384177,0.2874008646255686,0.006852671615748824,58383168,3
Cubic unfrustrated,1.2,0.0,pairing,4,-0.5880537536397722,0.3182865465023671,0.0014463208915722647,58383168,4
Cubic unfrustrated,1.2,0.0,pairing,5,-0.5910763021293826,0.3245666709945492,0.0002908906004048642,58383168,5
Cubic unfrustrated,1.2,0.0,pairing,6,-0.5916813908014426,0.32580402305195233,5.8544402540391686e-05,58383168,6
Cubic unfrustrated,1.2,0.0,pairing,7,-0.5917982238117501,0.3260525218845076,1.1898983608064618e-05,58383168,7
Cubic unfrustrated,1.2,0.0,pairing,8,-0.5918210066543413,0.32610389899920306,2.424532164242278e-06,58383168,8
Cubic unfrustrated,1.2,0.0,pairing,9,-0.5918256455593585,0.3261146688830087,4.953967175358433e-07,58383168,9
Cubic unfrustrated,1.2,0.0,pairing,10,-0.5918266000133063,0.326116942742645,1.0128433842883313e-07,58383168,10
Cubic unfrustrated,1.2,0.0,pairing,11,-0.591826801124447,0.3261174074109259,2.0720310163990597e-08,58383168,11
Cubic unfrustrated,1.2,0.0,pairing,12,-0.591826843408888,0.3261174907551396,4.2324981601840585e-09,58383168,12
Cubic unfrustrated,1.2,0.0,pairing,13,-0.5918268523490411,0.32611748996938045,8.681843914533242e-10,58383168,13
Cubic unfrustrated,1.2,0.0,pairing,14,-0.591826854424113,0.3261174721558917,1.7782496112054669e-10,58383168,14
Cubic unfrustrated,1.2,0.0,pairing,15,-0.5918268558001387,0.3261174421497889,3.6348580368454166e-11,58383168,15
Cubic unfrustrated,1.2,0.0,pairing,16,-0.5918268550778402,0.3261174172949975,9.668180164718568e-12,58383168,16
Cubic unfrustrated,1.2,0.0,pairing,17,-0.591826855744489,0.3261173864063629,5.181965399866167e-12,58383168,17
Cubic unfrustrated,1.2,0.0,pairing,18,-0.5918268546269465,0.32611736682610465,6.518117101843333e-12,58383168,18
Cubic unfrustrated,1.2,0.0,pairing,19,-0.5918268558840131,0.3261173354273801,8.720379724781644e-12,58383168,19
Cubic unfrustrated,1.2,0.0,pairing,20,-0.5918268542510439,0.32611731516015907,4.295742513689809e-12,58383168,20
Cubic unfrustrated,1.2,0.0,pairing,21,-0.5918268560633863,0.32611728251821054,9.78835167582896e-12,58383168,21
Cubic unfrustrated,1.2,0.0,pairing,22,-0.591826855492077,0.32611725487141396,8.200917904758885e-12,58383168,22
Cubic unfrustrated,1.2,0.0,pairing,23,-0.5918268545097867,0.32611723517067454,3.0758084318670413e-12,58383168,23
Cubic unfrustrated,1.2,0.0,pairing,24,-0.591826855455641,0.32611720695967633,4.413982395498587e-12,58383168,24
Cubic unfrustrated,1.2,0.0,pairing,25,-0.591826855288755,0.3261171817018073,5.205382989968558e-12,58383168,25
Cubic unfrustrated,1.2,0.0,pairing,26,-0.5918268556355238,0.326117152983183,2.9261238429739334e-12,58383168,26
Cubic unfrustrated,1.2,0.0,pairing,27,-0.5918268545465557,0.32611713024551975,3.160415803775826e-12,58383168,27
Cubic unfrustrated,1.2,0.0,pairing,28,-0.5918268549933187,0.3261171087829936,3.026207774512667e-12,58383168,28
Cubic unfrustrated,1.2,0.0,pairing,29,-0.5918268526674273,0.3261170837395527,4.279493365481168e-12,58383168,29
Cubic unfrustrated,1.2,0.0,pairing,30,-0.5918268569479946,0.32611704949798714,2.5849926277086746e-12,58383168,30
Cubic unfrustrated,1.2,0.0,pairing,31,-0.5918268550807675,0.32611702550799754,4.301023143698755e-11,58383168,31
Cubic unfrustrated,1.2,0.0,pairing,32,-0.5918268551114819,0.3261170002334235,4.659825442958515e-12,58383168,32
Cubic unfrustrated,1.2,0.0,pairing,33,-0.5918268554383741,0.3261169739861691,3.4791387405800023e-12,58383168,33
Cubic unfrustrated,1.2,0.0,pairing,34,-0.5918268550425282,0.3261169496897077,6.220196980089275e-12,58383168,34
Cubic unfrustrated,1.2,0.0,pairing,35,-0.5918268552246108,0.3261169249217119,4.352394410585388e-12,58383168,35
Cubic unfrustrated,1.2,0.0,pairing,36,-0.5918268548751109,0.32611690370484125,1.7470370737638443e-12,58383168,36
Cubic unfrustrated,1.2,0.0,pairing,37,-0.5918268553260537,0.3261168784794101,1.484772894557405e-12,58383168,37
Cubic unfrustrated,1.2,0.0,pairing,38,-0.5918268559377375,0.3261168493286703,3.1155702071606937e-12,58383168,38
Cubic unfrustrated,1.2,0.0,pairing,39,-0.5918268551453937,0.3261168230636923,5.30225460008385e-12,58383168,39
Cubic unfrustrated,1.2,0.0,pairing,40,-0.5918268557350954,0.32611679446675634,9.545081222812208e-12,58383168,40
Cubic unfrustrated,1.2,0.0,pairing,41,-0.5918268551809831,0.32611677009283996,1.0606726207558115e-11,58383168,41
Cubic unfrustrated,1.2,0.0,pairing,42,-0.5918268553671313,0.32611674607106605,3.00553952578535e-12,58383168,42
Cubic unfrustrated,1.2,0.0,pairing,43,-0.5918268555773617,0.32611671877414417,2.1850072215665347e-11,58383168,43
Cubic unfrustrated,1.2,0.0,pairing,44,-0.5918268549305565,0.32611669507563323,5.567460531669768e-12,58383168,44
Cubic unfrustrated,1.2,0.0,pairing,45,-0.5918268548246676,0.3261166734733137,3.282696801789057e-12,58383168,45
Cubic unfrustrated,1.2,0.0,pairing,46,-0.5918268559063254,0.3261166446008981,6.369423553037457e-12,58383168,46
Cubic unfrustrated,1.2,0.0,pairing,47,-0.5918268552464283,0.32611662070698594,5.254309891303514e-12,58383168,47
Cubic unfrustrated,1.2,0.0,pairing,48,-0.5918268559943155,0.3261165901205169,6.890329127972646e-12,58383168,48
Cubic unfrustrated,1.2,0.0,pairing,49,-0.5918268551505155,0.32611656468448486,1.4720768638672649e-12,58383168,49
Cubic unfrustrated,1.2,0.0,pairing,50,-0.5918268557423749,0.3261165361217863,1.4167851495236652e-12,58383168,50
Cubic unfrustrated,1.2,0.0,pairing,51,-0.5918268547846465,0.32611651578585166,5.412871926045313e-12,58383168,51
Cubic unfrustrated,1.2,0.0,pairing,52,-0.5918268552284804,0.3261164895948139,5.3367642854987735e-12,58383168,52
Cubic unfrustrated,1.2,0.0,pairing,53,-0.5918268551458843,0.3261164628281811,2.3275169230849093e-12,58383168,53
Cubic unfrustrated,1.2,0.0,pairing,54,-0.5918268558066274,0.32611643662634193,9.979751448285238e-12,58383168,54
Cubic unfrustrated,1.2,0.0,pairing,55,-0.5918268555414905,0.32611640955077453,2.341347584528023e-12,58383168,55
Cubic unfrustrated,1.2,0.0,pairing,56,-0.5918268563348036,0.32611637733488347,4.628915445310671e-12,58383168,56
Cubic unfrustrated,1.2,0.0,pairing,57,-0.5918268544199151,0.32611636153250956,6.750439163149785e-12,58383168,57
Cubic unfrustrated,1.2,0.0,pairing,58,-0.5918268558056117,0.32611632971173404,5.531885458890406e-12,58383168,58
Cubic unfrustrated,1.2,0.0,pairing,59,-0.5918268552935303,0.32611630525979995,3.459080680253086e-12,58383168,59
Cubic unfrustrated,1.2,0.0,pairing,60,-0.5918268546709768,0.32611628587478303,3.535288558739755e-12,58383168,60
Cubic unfrustrated,1.4,-0.4,stripe,1,-1.1626967408868976,0.26609664108185116,0.001205837905308323,58383169,1
Cubic unfrustrated,1.4,-0.4,stripe,2,-1.1626711287654854,0.27585457539539765,0.0006367629032732789,58383169,2
Cubic unfrustrated,1.4,-0.4,stripe,3,-1.163152887216859,0.27888447059035176,0.0003398036885827619,58383169,3
Cubic unfrustrated,1.4,-0.4,stripe,4,-1.1632882184559643,0.2798022392097069,0.00018163634503545048,58383169,4
Cubic unfrustrated,1.4,-0.4,stripe,5,-1.1633305639888376,0.28007921214828596,9.705022034446364e-05,58383169,5
Cubic unfrustrated,1.4,-0.4,stripe,6,-1.1633428815904328,0.28016204365637326,5.183179901224574e-05,58383169,6
Cubic unfrustrated,1.4,-0.4,stripe,7,-1.1633466140918083,0.2801873310787562,2.7671937922259603e-05,58383169,7
Cubic unfrustrated,1.4,-0.4,stripe,8,-1.163347723044685,0.2801952246110993,1.4770146825827097e-05,58383169,8
Cubic unfrustrated,1.4,-0.4,stripe,9,-1.1633480587200224,0.2801979336980071,7.882620568030606e-06,58383169,9
Cubic unfrustrated,1.4,-0.4,stripe,10,-1.163348158360227,0.2801990928714696,4.2064069471706915e-06,58383169,10
Cubic unfrustrated,1.4,-0.4,stripe,11,-1.1633481918597173,0.28019974307088247,2.2445408797238752e-06,58383169,11
Cubic unfrustrated,1.4,-0.4,stripe,12,-1.1633482010988565,0.28020026577284385,1.1976379313556397e-06,58383169,12
Cubic unfrustrated,1.4,-0.4,stripe,13,-1.1633482041510617,0.2802007528455719,6.390161179924806e-07,58383169,13
Cubic unfrustrated,1.4,-0.4,stripe,14,-1.1633482055179034,0.2802012260722545,3.409564047678895e-07,58383169,14
Cubic unfrustrated,1.4,-0.4,stripe,15,-1.1633482072016783,0.2802016926380789,1.8192410197326984e-07,58383169,15
Cubic unfrustrated,1.4,-0.4,stripe,16,-1.1633482071065313,0.2802021665324338,9.706335026891824e-08,58383169,16
Cubic unfrustrated,1.4,-0.4,stripe,17,-1.1633482076844754,0.2802026395497851,5.17881278322954e-08,58383169,17
Cubic unfrustrated,1.4,-0.4,stripe,18,-1.1633482078968937,0.28020311289612126,2.7616092430604922e-08,58383169,18
Cubic unfrustrated,1.4,-0.4,stripe,19,-1.1633482089116505,0.2802035843956741,1.4687978932374746e-08,58383169,19
Cubic unfrustrated,1.4,-0.4,stripe,20,-1.1633482083834816,0.28020407809739545,7.775969075735383e-09,58383169,20
Cubic unfrustrated,1.4,-0.4,stripe,21,-1.163348209887735,0.28020452023905285,4.089593630865721e-09,58383169,21
Cubic unfrustrated,1.4,-0.4,stripe,22,-1.163348209512945,0.28020500990078095,2.151162411810731e-09,58383169,22
Cubic unfrustrated,1.4,-0.4,stripe,23,-1.163348209388843,0.28020548556245684,1.1399602908501848e-09,58383169,23
Cubic unfrustrated,1.4,-0.4,stripe,24,-1.1633482099235553,0.2802059947064253,6.265725724747317e-10,58383169,24
Cubic unfrustrated,1.4,-0.4,stripe,25,-1.1633482130199766,0.2802064590744883,3.5560826196140444e-10,58383169,25
Cubic unfrustrated,1.4,-0.4,stripe,26,-1.1633482104305601,0.2802069527998893,2.0711798986495945e-10,58383169,26
Cubic unfrustrated,1.4,-0.4,stripe,27,-1.1633482137258804,0.2802074081944064,1.309574638977879e-10,58383169,27
Cubic unfrustrated,1.4,-0.4,stripe,28,-1.1633482111097264,0.28020791516646587,7.028495520996636e-11,58383169,28
Cubic unfrustrated,1.4,-0.4,stripe,29,-1.1633482130524788,0.28020840051992785,2.5256679690307544e-10,58383169,29
Cubic unfrustrated,1.4,-0.4,stripe,30,-1.1633482134851967,0.28020889202502425,5.367597224428324e-11,58383169,30
Cubic unfrustrated,1.4,-0.4,stripe,31,-1.1633482137191902,0.28020938355740693,1.8973777606306667e-11,58383169,31
Cubic unfrustrated,1.4,-0.4,stripe,32,-1.163348214495438,0.2802098737326434,1.0010081217552748e-11,58383169,32
Cubic unfrustrated,1.4,-0.4,stripe,33,-1.1633482148175,0.28021036874270994,8.370586305131339e-12,58383169,33
Cubic unfrustrated,1.4,-0.4,stripe,34,-1.1633482157762578,0.2802108578690682,1.0835749421019346e-11,58383169,34
Cubic unfrustrated,1.4,-0.4,stripe,35,-1.1633482162717284,0.2802113544712411,1.711677175073787e-11,58383169,35
Cubic unfrustrated,1.4,-0.4,stripe,36,-1.1633482167760074,0.2802118520502852,9.762212591984135e-12,58383169,36
Cubic unfrustrated,1.4,-0.4,stripe,37,-1.1633482176459855,0.2802123463450372,9.737024592412217e-12,58383169,37
Cubic unfrustrated,1.4,-0.4,stripe,38,-1.1633482183133024,0.2802128385919099,7.655885864207198e-12,58383169,38
Cubic unfrustrated,1.4,-0.4,stripe,39,-1.1633482187026989,0.28021333924757247,1.4601468073804732e-11,58383169,39
Cubic unfrustrated,1.4,-0.4,stripe,40,-1.1633482194698779,0.2802138349193715,3.4670399876345103e-12,58383169,40
Cubic unfrustrated,1.4,-0.4,stripe,41,-1.1633482199472975,0.2802143351309199,1.2703508995014526e-11,58383169,41
Cubic unfrustrated,1.4,-0.4,stripe,42,-1.1633482206429444,0.280214838905584,4.43267584267047e-12,58383169,42
Cubic unfrustrated,1.4,-0.4,stripe,43,-1.163348221529534,0.2802153373282387,5.276372223486023e-12,58383169,43
Cubic unfrustrated,1.4,-0.4,stripe,44,-1.1633482219552804,0.2802158409828573,6.0376435152627765e-12,58383169,44
Cubic unfrustrated,1.4,-0.4,stripe,45,-1.1633482226881324,0.28021634103612725,1.8044923985227894e-11,58383169,45
Cubic unfrustrated,1.4,-0.4,stripe,46,-1.163348223378113,0.2802168477360957,9.930306990666782e-12,58383169,46
Cubic unfrustrated,1.4,-0.4,stripe,47,-1.163348223924089,0.28021735141642884,3.039627403320316e-12,58383169,47
Cubic unfrustrated,1.4,-0.4,stripe,48,-1.1633482241060566,0.28021785979917807,3.972132902881395e-12,58383169,48
Cubic unfrustrated,1.4,-0.4,stripe,49,-1.1633482249647307,0.28021836690120233,8.087342784786453e-12,58383169,49
Cubic unfrustrated,1.4,-0.4,stripe,50,-1.163348225411118,0.28021887695822123,3.1723254660849873e-12,58383169,50
Cubic unfrustrated,1.4,-0.4,stripe,51,-1.1633482257517749,0.28021939180042504,2.4131978343782654e-12,58383169,51
Cubic unfrustrated,1.4,-0.4,stripe,52,-1.1633482269333844,0.28021990415517034,2.7506916015888346e-12,58383169,52
Cubic unfrustrated,1.4,-0.4,stripe,53,-1.16334822754381,0.280220416879131,7.144732463899502e-12,58383169,53
Cubic unfrustrated,1.4,-0.4,stripe,54,-1.1633482280863965,0.2802209347673957,1.1151796945263483e-11,58383169,54
Cubic unfrustrated,1.4,-0.4,stripe,55,-1.1633482289598118,0.2802214461866175,4.354661702491894e-12,58383169,55
Cubic unfrustrated,1.4,-0.4,stripe,56,-1.1633482294389665,0.2802219632053076,4.3792555621432145e-12,58383169,56
Cubic unfrustrated,1.4,-0.4,stripe,57,-1.1633482307689234,0.2802224779555883,3.383713024682459e-12,58383169,57
Cubic unfrustrated,1.4,-0.4,stripe,58,-1.1633482309563703,0.28022299911233495,2.96194114192272e-11,58383169,58
Cubic unfrustrated,1.4,-0.4,stripe,59,-1.163348231575989,0.28022352203029977,7.304060287914674e-12,58383169,59
Cubic unfrustrated,1.4,-0.4,stripe,60,-1.1633482325034483,0.2802240406129747,3.6567898905955414e-12,58383169,60
Cubic unfrustrated,1.4,-0.4,pairing,1,-1.1567458577226926,0.024271529683292277,0.04205699125558216,58383170,1
Cubic unfrustrated,1.4,-0.4,pairing,2,-1.157203762094091,0.04385299428466065,0.04310438062386852,58383170,2
Cubic unfrustrated,1.4,-0.4,pairing,3,-1.1572614526784541,0.07731496172496785,0.04274233383335521,58383170,3
Cubic unfrustrated,1.4,-0.4,pairing,4,-1.1574031410535937,0.12877420968001788,0.04094189636477969,58383170,4
Cubic unfrustrated,1.4,-0.4,pairing,5,-1.1580048695836223,0.19029901719015518,0.03534426629605311,58383170,5
Cubic unfrustrated,1.4,-0.4,pairing,6,-1.159464808084759,0.23884622721572218,0.025581893363261148,58383170,6
Cubic unfrustrated,1.4,-0.4,pairing,7,-1.1611901152781068,0.26442884968849395,0.01574263703135902,58383170,7
Cubic unfrustrated,1.4,-0.4,pairing,8,-1.1623774848990454,0.2748345000451876,0.008633578327064007,58383170,8
Cubic unfrustrated,1.4,-0.4,pairing,9,-1.1629704900177291,0.2785157586034484,0.004422620195871799,58383170,9
Cubic unfrustrated,1.4,-0.4,pairing,10,-1.1632136372912871,0.2797407339182876,0.002225470264750744,58383170,10
Cubic unfrustrated,1.4,-0.4,pairing,11,-1.1633033864024842,0.28013505346931367,0.0011128490298358855,58383170,11
Cubic unfrustrated,1.4,-0.4,pairing,12,-1.1633337785275213,0.28026018514002776,0.0005544553145821767,58383170,12
Cubic unfrustrated,1.4,-0.4,pairing,13,-1.1633436875557586,0.2802999186771063,0.00027555712057614884,58383170,13
Cubic unfrustrated,1.4,-0.4,pairing,14,-1.1633468698026208,0.2803128296138993,0.00013669665045631493,58383170,14
Cubic unfrustrated,1.4,-0.4,pairing,15,-1.1633478832832467,0.28031740634375785,6.77158399438169e-05,58383170,15
Cubic unfrustrated,1.4,-0.4,pairing,16,-1.1633482103028479,0.2803193458412416,3.350745128313625e-05,58383170,16
Cubic unfrustrated,1.4,-0.4,pairing,17,-1.1633483142823768,0.28032049009017196,1.6565842686129977e-05,58383170,17
Cubic unfrustrated,1.4,-0.4,pairing,18,-1.1633483490834842,0.28032138602117074,8.18440806761341e-06,58383170,18
Cubic unfrustrated,1.4,-0.4,pairing,19,-1.1633483603495454,0.2803222132523081,4.041357545615246e-06,58383170,19
Cubic unfrustrated,1.4,-0.4,pairing,20,-1.1633483644524152,0.28032302316150476,1.994750930513148e-06,58383170,20
Cubic unfrustrated,1.4,-0.4,pairing,21,-1.1633483663792266,0.28032383292831287,9.84229862940875e-07,58383170,21
Cubic unfrustrated,1.4,-0.4,pairing,22,-1.163348368282641,0.2803246376851798,4.855013474751e-07,58383170,22
Cubic unfrustrated,1.4,-0.4,pairing,23,-1.1633483691682855,0.28032543681702843,2.394378690750021e-07,58383170,23
Cubic unfrustrated,1.4,-0.4,pairing,24,-1.1633483690395312,0.2803262666733934,1.1806715427674412e-07,58383170,24
Cubic unfrustrated,1.4,-0.4,pairing,25,-1.1633483709236967,0.2803270840738345,5.8210948038746014e-08,58383170,25
Cubic unfrustrated,1.4,-0.4,pairing,26,-1.1633483723080225,0.2803278969542353,2.8697470974269382e-08,58383170,26
Cubic unfrustrated,1.4,-0.4,pairing,27,-1.1633483739618222,0.2803287170773863,1.4146966385344007e-08,58383170,27
Cubic unfrustrated,1.4,-0.4,pairing,28,-1.1633483744167907,0.28032955505945717,6.9786026833438654e-09,58383170,28
Cubic unfrustrated,1.4,-0.4,pairing,29,-1.1633483763967236,0.28033038041166053,3.4423763607930646e-09,58383170,29
Cubic unfrustrated,1.4,-0.4,pairing,30,-1.1633483776854971,0.280331206551598,1.6949563250878352e-09,58383170,30
Cubic unfrustrated,1.4,-0.4,pairing,31,-1.1633483783432772,0.2803320397108566,8.343826713460711e-10,58383170,31
Cubic unfrustrated,1.4,-0.4,pairing,32,-1.1633483799095583,0.2803328708195136,4.1146135502524605e-10,58383170,32
Cubic unfrustrated,1.4,-0.4,pairing,33,-1.1633483812319907,0.28033370330850016,2.0257948356834125e-10,58383170,33
Cubic unfrustrated,1.4,-0.4,pairing,34,-1.163348382486962,0.28033454031732497,1.0011258194929142e-10,58383170,34
Cubic unfrustrated,1.4,-0.4,pairing,35,-1.1633483835214826,0.28033538017190973,4.93956213654887e-11,58383170,35
Cubic unfrustrated,1.4,-0.4,pairing,36,-1.1633483854710054,0.2803362140376618,2.293556892424379e-11,58383170,36
Cubic unfrustrated,1.4,-0.4,pairing,37,-1.1633483857588007,0.2803370635566955,1.12127961849912e-11,58383170,37
Cubic unfrustrated,1.4,-0.4,pairing,38,-1.1633483868118122,0.280337910576716,1.4093437201656746e-11,58383170,38
Cubic unfrustrated,1.4,-0.4,pairing,39,-1.1633483885573235,0.28033875768354655,1.1941245429260071e-11,58383170,39
Cubic unfrustrated,1.4,-0.4,pairing,40,-1.1633483893375491,0.280339612075242,2.3801239303195266e-12,58383170,40
Cubic unfrustrated,1.4,-0.4,pairing,41,-1.163348390362668,0.28034047525098643,3.741721366273625e-12,58383170,41
Cubic unfrustrated,1.4,-0.4,pairing,42,-1.1633483916990186,0.2803413371582297,1.9238561864511407e-12,58383170,42
Cubic unfrustrated,1.4,-0.4,pairing,43,-1.1633483931644677,0.2803421979529309,4.767307795045066e-12,58383170,43
Cubic unfrustrated,1.4,-0.4,pairing,44,-1.1633483938715166,0.28034306556421457,2.078070661197221e-12,58383170,44
Cubic unfrustrated,1.4,-0.4,pairing,45,-1.1633483950543946,0.28034393132218316,1.0940538399752909e-12,58383170,45
Cubic unfrustrated,1.4,-0.4,pairing,46,-1.1633483957238835,0.2803447976806767,1.4245831347333207e-12,58383170,46
Cubic unfrustrated,1.4,-0.4,pairing,47,-1.1633483977743428,0.28034565999303995,7.836283520246506e-12,58383170,47
Cubic unfrustrated,1.4,-0.4,pairing,48,-1.1633483981120392,0.28034654285852223,3.5224679814525666e-12,58383170,48
Cubic unfrustrated,1.4,-0.4,pairing,49,-1.163348399904782,0.2803474229124955,3.3490016381140844e-12,58383170,49
Cubic unfrustrated,1.4,-0.4,pairing,50,-1.1633484013800508,0.28034829911431774,2.057450814121346e-12,58383170,50
Cubic unfrustrated,1.4,-0.4,pairing,51,-1.1633484020500495,0.2803491803124285,3.2655069656179783e-12,58383170,51
Cubic unfrustrated,1.4,-0.4,pairing,52,-1.163348403001819,0.28035006861030015,5.9621515395962385e-12,58383170,52
Cubic unfrustrated,1.4,-0.4,pairing,53,-1.16334840433812,0.2803509624675429,3.0368354292025085e-12,58383170,53
Cubic unfrustrated,1.4,-0.4,pairing,54,-1.1633484045994136,0.28035186082707725,2.0799387935319778e-12,58383170,54
Cubic unfrustrated,1.4,-0.4,pairing,55,-1.1633484070429088,0.2803527460765421,1.4723159873310011e-12,58383170,55
Cubic unfrustrated,1.4,-0.4,pairing,56,-1.1633484072519096,0.28035365572103205,2.707613673470708e-12,58383170,56
Cubic unfrustrated,1.4,-0.4,pairing,57,-1.1633484096412388,0.28035454962330675,4.208914187963947e-12,58383170,57
Cubic unfrustrated,1.4,-0.4,pairing,58,-1.1633484104378335,0.2803554542121466,1.7635611665397939e-12,58383170,58
Cubic unfrustrated,1.4,-0.4,pairing,59,-1.1633484119067494,0.28035636019388654,3.5770472532459884e-12,58383170,59
Cubic unfrustrated,1.4,-0.4,pairing,60,-1.1633484124648856,0.2803572768091954,2.700268191558114e-12,58383170,60
Cubic unfrustrated,1.4,-0.2,stripe,1,-0.9099081133415443,0.2788178489483218,0.0009897120926749081,58383171,1
Cubic unfrustrated,1.4,-0.2,stripe,2,-0.9108873745488159,0.29163602096702634,0.0004158178991540878,58383171,2
Cubic unfrustrated,1.4,-0.2,stripe,3,-0.9117580812295153,0.2949134412265324,0.00018696174696196586,58383171,3
Cubic unfrustrated,1.4,-0.2,stripe,4,-0.9119698380083157,0.29577213875726327,8.50452126878901e-05,58383171,4
Cubic unfrustrated,1.4,-0.2,stripe,5,-0.9120255587019592,0.29598842056570307,3.887306517720381e-05,58383171,5
Cubic unfrustrated,1.4,-0.2,stripe,6,-0.9120392787155671,0.29604416176599596,1.7781158422836286e-05,58383171,6
Cubic unfrustrated,1.4,-0.2,stripe,7,-0.9120428777170482,0.29605848890557673,8.135629539498398e-06,58383171,7
Cubic unfrustrated,1.4,-0.2,stripe,8,-0.912043786510567,0.2960622494014596,3.722539607501271e-06,58383171,8
Cubic unfrustrated,1.4,-0.2,stripe,9,-0.9120440271557423,0.2960632704118629,1.7033158080309205e-06,58383171,9
Cubic unfrustrated,1.4,-0.2,stripe,10,-0.9120440895218559,0.2960635806187938,7.793686874430015e-07,58383171,10
Cubic unfrustrated,1.4,-0.2,stripe,11,-0.912044105899974,0.2960637075886522,3.5663397309960673e-07,58383171,11
Cubic unfrustrated,1.4,-0.2,stripe,12,-0.9120441103520824,0.2960637846108765,1.6321660411609584e-07,58383171,12
Cubic unfrustrated,1.4,-0.2,stripe,13,-0.9120441109242052,0.2960638568136715,7.467426892782491e-08,58383171,13
Cubic unfrustrated,1.4,-0.2,stripe,14,-0.9120441115964238,0.29606392164160117,3.417123453935578e-08,58383171,14
Cubic unfrustrated,1.4,-0.2,stripe,15,-0.9120441120661295,0.2960639815561908,1.5636265814123266e-08,58383171,15
Cubic unfrustrated,1.4,-0.2,stripe,16,-0.9120441119236138,0.2960640431828271,7.153671425902672e-09,58383171,16
Cubic unfrustrated,1.4,-0.2,stripe,17,-0.9120441115302472,0.29606410826724316,3.2728428872486938e-09,58383171,17
Cubic unfrustrated,1.4,-0.2,stripe,18,-0.9120441116844773,0.2960641735151375,1.497905085975793e-09,58383171,18
Cubic unfrustrated,1.4,-0.2,stripe,19,-0.912044111990925,0.2960642361561287,6.856064153966567e-10,58383171,19
Cubic unfrustrated,1.4,-0.2,stripe,20,-0.9120441118998607,0.29606430001504913,3.1415691898216926e-10,58383171,20
Cubic unfrustrated,1.4,-0.2,stripe,21,-0.9120441124260514,0.29606435799554853,1.4403950496497326e-10,58383171,21
Cubic unfrustrated,1.4,-0.2,stripe,22,-0.9120441120330199,0.2960644201800437,6.500458185228462e-11,58383171,22
Cubic unfrustrated,1.4,-0.2,stripe,23,-0.9120441117806048,0.2960644852433821,3.1859713864464566e-11,58383171,23
Cubic unfrustrated,1.4,-0.2,stripe,24,-0.9120441120229407,0.2960645477815174,1.2243711172643434e-11,58383171,24
Cubic unfrustrated,1.4,-0.2,stripe,25,-0.9120441115822425,0.29606461566966236,6.038795536237643e-12,58383171,25
Cubic unfrustrated,1.4,-0.2,stripe,26,-0.9120441126395846,0.2960646732903018,3.4920130023116603e-12,58383171,26
Cubic unfrustrated,1.4,-0.2,stripe,27,-0.9120441117298853,0.2960647400413306,2.7066730511381714e-12,58383171,27
Cubic unfrustrated,1.4,-0.2,stripe,28,-0.9120441120999012,0.2960648045161346,7.73367659109276e-13,58383171,28
Cubic unfrustrated,1.4,-0.2,stripe,29,-0.9120441123516376,0.2960648655665811,3.4773849319938657e-12,58383171,29
Cubic unfrustrated,1.4,-0.2,stripe,30,-0.9120441125303369,0.29606492568317183,2.1850301875327384e-12,58383171,30
Cubic unfrustrated,1.4,-0.2,stripe,31,-0.9120441119243117,0.2960649917840162,2.5186266292833648e-12,58383171,31
Cubic unfrustrated,1.4,-0.2,stripe,32,-0.9120441117817405,0.2960650604453229,4.603540452379547e-12,58383171,32
Cubic unfrustrated,1.4,-0.2,stripe,33,-0.9120441124334576,0.2960651224933849,2.5578790152388966e-12,58383171,33
Cubic unfrustrated,1.4,-0.2,stripe,34,-0.9120441126628237,0.296065182176567,8.202229484446598e-11,58383171,34
Cubic unfrustrated,1.4,-0.2,stripe,35,-0.9120441122779593,0.29606524509043436,4.7408247766969984e-11,58383171,35
Cubic unfrustrated,1.4,-0.2,stripe,36,-0.9120441124676727,0.2960653060289583,1.6718393952511605e-11,58383171,36
Cubic unfrustrated,1.4,-0.2,stripe,37,-0.9120441122710305,0.2960653704148688,2.6177603150394867e-11,58383171,37
Cubic unfrustrated,1.4,-0.2,stripe,38,-0.9120441119790903,0.2960654393343636,1.8486818786626468e-11,58383171,38
Cubic unfrustrated,1.4,-0.2,stripe,39,-0.9120441128354242,0.2960654992319821,5.662450328694759e-12,58383171,39
Cubic unfrustrated,1.4,-0.2,stripe,40,-0.9120441123463463,0.29606556321940175,3.627864026834913e-12,58383171,40
Cubic unfrustrated,1.4,-0.2,stripe,41,-0.9120441125672413,0.29606562596930946,1.5282683899516082e-12,58383171,41
Cubic unfrustrated,1.4,-0.2,stripe,42,-0.9120441130680657,0.29606568806891803,1.6120657427183523e-10,58383171,42
Cubic unfrustrated,1.4,-0.2,stripe,43,-0.9120441123395712,0.2960657537354273,1.0900776714813598e-10,58383171,43
Cubic unfrustrated,1.4,-0.2,stripe,44,-0.9120441123163299,0.2960658199252462,3.6106316170113265e-11,58383171,44
Cubic unfrustrated,1.4,-0.2,stripe,45,-0.9120441131422931,0.296065882408095,1.6394196303568903e-11,58383171,45
Cubic unfrustrated,1.4,-0.2,stripe,46,-0.9120441129729506,0.29606594456176055,1.5476131171016548e-11,58383171,46
Cubic unfrustrated,1.4,-0.2,stripe,47,-0.9120441134623752,0.2960660054666792,5.155332493850332e-12,58383171,47
Cubic unfrustrated,1.4,-0.2,stripe,48,-0.9120441126976353,0.2960660700335592,3.0797659234409447e-12,58383171,48
Cubic unfrustrated,1.4,-0.2,stripe,49,-0.9120441131188927,0.2960661295636897,2.9313485165668238e-12,58383171,49
Cubic unfrustrated,1.4,-0.2,stripe,50,-0.9120441124123763,0.29606619881967505,1.896093646023573e-12,58383171,50
Cubic unfrustrated,1.4,-0.2,stripe,51,-0.9120441130089396,0.29606626108096606,3.893734975348077e-12,58383171,51
Cubic unfrustrated,1.4,-0.2,stripe,52,-0.9120441128877432,0.2960663259681822,4.925783344331791e-12,58383171,52
Cubic unfrustrated,1.4,-0.2,stripe,53,-0.9120441135039675,0.2960663883363741,3.459507696964315e-12,58383171,53
Cubic unfrustrated,1.4,-0.2,stripe,54,-0.9120441130238884,0.29606645089198796,2.1555121492026746e-12,58383171,54
Cubic unfrustrated,1.4,-0.2,stripe,55,-0.9120441129203256,0.29606651544686785,5.0365634674181995e-12,58383171,55
Cubic unfrustrated,1.4,-0.2,stripe,56,-0.912044113657777,0.29606657602320263,1.9454068911095344e-12,58383171,56
Cubic unfrustrated,1.4,-0.2,stripe,57,-0.9120441135269495,0.29606663792506727,3.6121908690874526e-12,58383171,57
Cubic unfrustrated,1.4,-0.2,stripe,58,-0.9120441126704983,0.29606670538062246,6.020921737871882e-12,58383171,58
Cubic unfrustrated,1.4,-0.2,stripe,59,-0.9120441134155237,0.29606676510734753,2.745693828450151e-12,58383171,59
Cubic unfrustrated,1.4,-0.2,stripe,60,-0.9120441134196,0.29606683105590337,2.0140179181400385e-12,58383171,60
Cubic unfrustrated,1.4,-0.2,pairing,1,-0.9010635813985207,0.028584687705397138,0.04114231179340285,58383173,1
Cubic unfrustrated,1.4,-0.2,pairing,2,-0.9014068101324723,0.06057994034785334,0.04189478918409119,58383173,2
Cubic unfrustrated,1.4,-0.2,pairing,3,-0.9016087415106947,0.12028857967281173,0.04036998887073659,58383173,3
Cubic unfrustrated,1.4,-0.2,pairing,4,-0.9027778295078792,0.2024966953795069,0.03210251219796488,58383173,4
Cubic unfrustrated,1.4,-0.2,pairing,5,-0.9062924427645448,0.2627978672092695,0.0172211723812571,58383173,5
Cubic unfrustrated,1.4,-0.2,pairing,6,-0.9098292953300677,0.28671916474469394,0.006916269640252144,58383173,6
Cubic unfrustrated,1.4,-0.2,pairing,7,-0.9114018970838939,0.2936668766373916,0.0024835134674211475,58383173,7
Cubic unfrustrated,1.4,-0.2,pairing,8,-0.9118768168626828,0.29547054902871306,0.0008693589091261161,58383173,8
Cubic unfrustrated,1.4,-0.2,pairing,9,-0.9120014084772655,0.29592570468530494,0.00030315439600331454,58383173,9
Cubic unfrustrated,1.4,-0.2,pairing,10,-0.9120331548372014,0.29604062095398725,0.00010569153734706925,58383173,10
Cubic unfrustrated,1.4,-0.2,pairing,11,-0.9120412750259475,0.2960698617107705,3.6857279796407244e-05,58383173,11
Cubic unfrustrated,1.4,-0.2,pairing,12,-0.9120433744024146,0.29607739065942945,1.285564500501777e-05,58383173,12
Cubic unfrustrated,1.4,-0.2,pairing,13,-0.912043923426498,0.2960793755663549,4.484442250226245e-06,58383173,13
Cubic unfrustrated,1.4,-0.2,pairing,14,-0.9120440676057946,0.29607994453821457,1.5643859336802118e-06,58383173,14
Cubic unfrustrated,1.4,-0.2,pairing,15,-0.9120441063633499,0.29608014358152274,5.457415199035796e-07,58383173,15
Cubic unfrustrated,1.4,-0.2,pairing,16,-0.9120441174346063,0.296080240322827,1.9038349462776122e-07,58383173,16
Cubic unfrustrated,1.4,-0.2,pairing,17,-0.9120441198883013,0.29608031500808546,6.641674492966876e-08,58383173,17
Cubic unfrustrated,1.4,-0.2,pairing,18,-0.9120441203593677,0.29608038509001866,2.3170414806692144e-08,58383173,18
Cubic unfrustrated,1.4,-0.2,pairing,19,-0.9120441204447859,0.29608045764223834,8.08289592651117e-09,58383173,19
Cubic unfrustrated,1.4,-0.2,pairing,20,-0.9120441213209282,0.29608052081879627,2.8203414413334946e-09,58383173,20
Cubic unfrustrated,1.4,-0.2,pairing,21,-0.9120441210165474,0.2960805871981112,9.851292413771559e-10,58383173,21
Cubic unfrustrated,1.4,-0.2,pairing,22,-0.9120441208809725,0.29608065560977437,3.445730313011323e-10,58383173,22
Cubic unfrustrated,1.4,-0.2,pairing,23,-0.9120441210140632,0.29608072289281956,1.2010418608196145e-10,58383173,23
Cubic unfrustrated,1.4,-0.2,pairing,24,-0.9120441210116332,0.2960807903867882,4.057407094982412e-11,58383173,24
Cubic unfrustrated,1.4,-0.2,pairing,25,-0.9120441208841177,0.29608086047627974,1.3857900267180035e-11,58383173,25
Cubic unfrustrated,1.4,-0.2,pairing,26,-0.9120441206336561,0.2960809323494399,5.77915801381143e-12,58383173,26
Cubic unfrustrated,1.4,-0.2,pairing,27,-0.912044121088812,0.2960809997583503,4.078643989758481e-12,58383173,27
Cubic unfrustrated,1.4,-0.2,pairing,28,-0.9120441211624701,0.2960810669108441,4.556319170276046e-12,58383173,28
Cubic unfrustrated,1.4,-0.2,pairing,29,-0.9120441212791408,0.2960811330384449,2.83853843189421e-12,58383173,29
Cubic unfrustrated,1.4,-0.2,pairing,30,-0.9120441210581035,0.29608120121833886,1.1365646228831184e-12,58383173,30
Cubic unfrustrated,1.4,-0.2,pairing,31,-0.9120441205102614,0.29608127729186823,2.273850212253033e-12,58383173,31
Cubic unfrustrated,1.4,-0.2,pairing,32,-0.9120441211760119,0.2960813456679605,1.2340289465126218e-12,58383173,32
Cubic unfrustrated,1.4,-0.2,pairing,33,-0.9120441206665971,0.2960814205220334,2.3264478323587094e-12,58383173,33
Cubic unfrustrated,1.4,-0.2,pairing,34,-0.9120441224017731,0.2960814770703853,2.6320268259810582e-12,58383173,34
Cubic unfrustrated,1.4,-0.2,pairing,35,-0.9120441209034413,0.2960815484980207,3.922625335669401e-12,58383173,35
Cubic unfrustrated,1.4,-0.2,pairing,36,-0.9120441214886353,0.296081614728333,3.265160576780274e-12,58383173,36
Cubic unfrustrated,1.4,-0.2,pairing,37,-0.9120441207379238,0.29608168794913675,2.359769182734912e-12,58383173,37
Cubic unfrustrated,1.4,-0.2,pairing,38,-0.9120441215281276,0.2960817558868984,2.6429421237292285e-12,58383173,38
Cubic unfrustrated,1.4,-0.2,pairing,39,-0.9120441198223901,0.29608184000185017,2.78407365099062e-12,58383173,39
Cubic unfrustrated,1.4,-0.2,pairing,40,-0.912044122708041,0.29608189334653734,3.862245258035432e-12,58383173,40
Cubic unfrustrated,1.4,-0.2,pairing,41,-0.9120441212353041,0.2960819639801173,3.271216913046807e-12,58383173,41
Cubic unfrustrated,1.4,-0.2,pairing,42,-0.9120441205000674,0.2960820433180432,2.065839487572585e-12,58383173,42
Cubic unfrustrated,1.4,-0.2,pairing,43,-0.9120441225979712,0.29608209990058876,2.6801401213392306e-12,58383173,43
Cubic unfrustrated,1.4,-0.2,pairing,44,-0.912044120218854,0.2960821817075844,2.529383574150746e-12,58383173,44
Cubic unfrustrated,1.4,-0.2,pairing,45,-0.9120441228548805,0.2960822365516255,1.4302338298203553e-12,58383173,45
Cubic unfrustrated,1.4,-0.2,pairing,46,-0.912044120599827,0.29608231504825944,2.1805725591989986e-12,58383173,46
Cubic unfrustrated,1.4,-0.2,pairing,47,-0.9120441228092395,0.2960823701564936,3.4449215835687364e-12,58383173,47
Cubic unfrustrated,1.4,-0.2,pairing,48,-0.9120441215439397,0.2960824391802688,2.446904103511404e-12,58383173,48
Cubic unfrustrated,1.4,-0.2,pairing,49,-0.9120441217903148,0.29608250626921107,3.822383261868448e-12,58383173,49
Cubic unfrustrated,1.4,-0.2,pairing,50,-0.9120441218121339,0.29608257271721383,4.6177413122776165e-12,58383173,50
Cubic unfrustrated,1.4,-0.2,pairing,51,-0.9120441215806641,0.29608264244337174,1.9186432144546943e-12,58383173,51
Cubic unfrustrated,1.4,-0.2,pairing,52,-0.9120441220462777,0.2960827063944187,2.3058246986497386e-12,58383173,52
Cubic unfrustrated,1.4,-0.2,pairing,53,-0.9120441214495,0.2960827777502153,8.302741617900711e-12,58383173,53
Cubic unfrustrated,1.4,-0.2,pairing,54,-0.9120441204210716,0.2960828611131044,2.934202139286713e-12,58383173,54
Cubic unfrustrated,1.4,-0.2,pairing,55,-0.9120441230605769,0.29608291509763024,3.097459883876411e-12,58383173,55
Cubic unfrustrated,1.4,-0.2,pairing,56,-0.9120441215560757,0.29608298759771684,2.1124776936812547e-12,58383173,56
Cubic unfrustrated,1.4,-0.2,pairing,57,-0.9120441221629965,0.2960830535748773,4.912904668855716e-12,58383173,57
Cubic unfrustrated,1.4,-0.2,pairing,58,-0.9120441222356159,0.29608311854326474,2.4931354587717777e-12,58383173,58
Cubic unfrustrated,1.4,-0.2,pairing,59,-0.9120441202975798,0.29608320401581933,2.1752420571080138e-12,58383173,59
Cubic unfrustrated,1.4,-0.2,pairing,60,-0.9120441218792256,0.29608327414601315,2.2573888684458398e-12,58383173,60
Cubic unfrustrated,1.4,0.0,stripe,1,-0.6584812951063523,0.3004957001718169,0.0008512639964773049,58383174,1
Cubic unfrustrated,1.4,0.0,stripe,2,-0.662913116897239,0.3175158678877511,0.00028487129863522215,58383174,2
Cubic unfrustrated,1.4,0.0,stripe,3,-0.6648242063265579,0.3209769939875025,0.00011494727532362457,58383174,3
Cubic unfrustrated,1.4,0.0,stripe,4,-0.6652054924980383,0.32178962730730765,4.771496919265334e-05,58383174,4
Cubic unfrustrated,1.4,0.0,stripe,5,-0.665291357084915,0.3219552684675471,2.0167932472958998e-05,58383174,5
Cubic unfrustrated,1.4,0.0,stripe,6,-0.6653087232223516,0.32199549707557235,8.538638039591554e-06,58383174,6
Cubic unfrustrated,1.4,0.0,stripe,7,-0.6653129144278838,0.3220039358143053,3.620681849206683e-06,58383174,7
Cubic unfrustrated,1.4,0.0,stripe,8,-0.6653137816069262,0.32200604592146004,1.5355105671925605e-06,58383174,8
Cubic unfrustrated,1.4,0.0,stripe,9,-0.6653140012452564,0.32200648988081315,6.513030561540301e-07,58383174,9
Cubic unfrustrated,1.4,0.0,stripe,10,-0.6653140468348725,0.32200660061109104,2.762618268906785e-07,58383174,10
Cubic unfrustrated,1.4,0.0,stripe,11,-0.6653140589905546,0.3220066198770849,1.1718455105956557e-07,58383174,11
Cubic unfrustrated,1.4,0.0,stripe,12,-0.6653140610190192,0.3220066236550896,4.9707289697225965e-08,58383174,12
Cubic unfrustrated,1.4,0.0,stripe,13,-0.6653140620784957,0.3220066205517756,2.1084568261508728e-08,58383174,13
Cubic unfrustrated,1.4,0.0,stripe,14,-0.665314062018826,0.3220066172130542,8.943552215185668e-09,58383174,14
Cubic unfrustrated,1.4,0.0,stripe,15,-0.6653140623269427,0.3220066115889231,3.793474692778908e-09,58383174,15
Cubic unfrustrated,1.4,0.0,stripe,16,-0.6653140625914628,0.32200660437308076,1.609577127367019e-09,58383174,16
Cubic unfrustrated,1.4,0.0,stripe,17,-0.6653140617723745,0.3220066022344245,6.830993851563584e-10,58383174,17
Cubic unfrustrated,1.4,0.0,stripe,18,-0.6653140622353887,0.32200659755567446,2.898923470369253e-10,58383174,18
Cubic unfrustrated,1.4,0.0,stripe,19,-0.6653140621034928,0.3220065935744378,1.2298626768968947e-10,58383174,19
Cubic unfrustrated,1.4,0.0,stripe,20,-0.665314062044691,0.3220065903465821,5.1985851328761075e-11,58383174,20
Cubic unfrustrated,1.4,0.0,stripe,21,-0.6653140619556789,0.3220065878099545,2.230043863340401e-11,58383174,21
Cubic unfrustrated,1.4,0.0,stripe,22,-0.6653140621900315,0.32200658347347527,9.188084311419198e-12,58383174,22
Cubic unfrustrated,1.4,0.0,stripe,23,-0.6653140624166901,0.3220065771414035,3.811999132866514e-12,58383174,23
Cubic unfrustrated,1.4,0.0,stripe,24,-0.6653140620382063,0.3220065736817881,2.8738095161530634e-12,58383174,24
Cubic unfrustrated,1.4,0.0,stripe,25,-0.6653140622943731,0.3220065688856535,9.893134564725576e-13,58383174,25
Cubic unfrustrated,1.4,0.0,stripe,26,-0.6653140618871715,0.3220065665462972,8.957631519648306e-13,58383174,26
Cubic unfrustrated,1.4,0.0,stripe,27,-0.6653140623742991,0.3220065606226072,4.3351511907762614e-13,58383174,27
Cubic unfrustrated,1.4,0.0,stripe,28,-0.6653140621986741,0.3220065561610066,8.04593554612198e-13,58383174,28
Cubic unfrustrated,1.4,0.0,stripe,29,-0.6653140620068005,0.3220065530328855,5.538212245375895e-12,58383174,29
Cubic unfrustrated,1.4,0.0,stripe,30,-0.6653140619882849,0.3220065503610633,1.3195665936441498e-12,58383174,30
Cubic unfrustrated,1.4,0.0,stripe,31,-0.6653140624821753,0.322006544035542,7.371346676105418e-13,58383174,31
Cubic unfrustrated,1.4,0.0,stripe,32,-0.6653140619098586,0.32200654155749797,1.3505531101602896e-11,58383174,32
Cubic unfrustrated,1.4,0.0,stripe,33,-0.6653140620244841,0.32200653864249984,2.9097213296534215e-12,58383174,33
Cubic unfrustrated,1.4,0.0,stripe,34,-0.665314062334735,0.3220065331540764,1.603720325280019e-12,58383174,34
Cubic unfrustrated,1.4,0.0,stripe,35,-0.6653140621916773,0.3220065290375,1.624944071002889e-12,58383174,35
Cubic unfrustrated,1.4,0.0,stripe,36,-0.6653140621295327,0.32200652525867246,8.782641923192369e-13,58383174,36
Cubic unfrustrated,1.4,0.0,stripe,37,-0.6653140624822428,0.32200651876990427,6.552749992843532e-13,58383174,37
Cubic unfrustrated,1.4,0.0,stripe,38,-0.6653140620281152,0.32200651554686904,2.0634728063436666e-12,58383174,38
Cubic unfrustrated,1.4,0.0,stripe,39,-0.6653140619906583,0.32200651283369175,1.401057882091362e-12,58383174,39
Cubic unfrustrated,1.4,0.0,stripe,40,-0.665314062241033,0.3220065080894593,1.0102649217282185e-12,58383174,40
Cubic unfrustrated,1.4,0.0,stripe,41,-0.6653140622295403,0.3220065033257024,7.338697711140154e-12,58383174,41
Cubic unfrustrated,1.4,0.0,stripe,42,-0.6653140621908648,0.32200649910882595,1.6821400597644044e-12,58383174,42
Cubic unfrustrated,1.4,0.0,stripe,43,-0.6653140621755324,0.3220064949306544,1.1593041858217213e-12,58383174,43
Cubic unfrustrated,1.4,0.0,stripe,44,-0.6653140619818162,0.3220064921424039,8.122407104741678e-13,58383174,44
Cubic unfrustrated,1.4,0.0,stripe,45,-0.6653140624535991,0.3220064859233885,3.716930750873179e-12,58383174,45
Cubic unfrustrated,1.4,0.0,stripe,46,-0.6653140620294143,0.32200648270592847,1.7653486438671284e-12,58383174,46
Cubic unfrustrated,1.4,0.0,stripe,47,-0.6653140624196271,0.3220064767437159,1.6494664497007406e-12,58383174,47
Cubic unfrustrated,1.4,0.0,stripe,48,-0.665314062014168,0.32200647343999167,7.541308533740072e-13,58383174,48
Cubic unfrustrated,1.4,0.0,stripe,49,-0.6653140621532604,0.3220064693609095,1.0884658224996387e-12,58383174,49
Cubic unfrustrated,1.4,0.0,stripe,50,-0.6653140620339848,0.32200646608301203,2.1594060470229117e-12,58383174,50
Cubic unfrustrated,1.4,0.0,stripe,51,-0.6653140624184383,0.32200646008846834,9.316627681735907e-13,58383174,51
Cubic unfrustrated,1.4,0.0,stripe,52,-0.6653140617192121,0.3220064588079914,2.3366502281376248e-12,58383174,52
Cubic unfrustrated,1.4,0.0,stripe,53,-0.665314062475339,0.3220064527746692,2.085140523858905e-12,58383174,53
Cubic unfrustrated,1.4,0.0,stripe,54,-0.6653140621854445,0.3220064484051179,2.0581376636961696e-12,58383174,54
Cubic unfrustrated,1.4,0.0,stripe,55,-0.6653140622210187,0.32200644362557507,9.652723317559093e-13,58383174,55
Cubic unfrustrated,1.4,0.0,stripe,56,-0.6653140621227812,0.32200643964258746,1.4606569707941142e-12,58383174,56
Cubic unfrustrated,1.4,0.0,stripe,57,-0.6653140620679334,0.3220064364945763,1.3136835989978872e-12,58383174,57
Cubic unfrustrated,1.4,0.0,stripe,58,-0.6653140621628721,0.3220064324266091,5.180287546315842e-13,58383174,58
Cubic unfrustrated,1.4,0.0,stripe,59,-0.6653140621478767,0.32200642831077125,1.9051956172604183e-12,58383174,59
Cubic unfrustrated,1.4,0.0,stripe,60,-0.6653140622286573,0.32200642392636725,3.86369410005041e-12,58383174,60
Cubic unfrustrated,1.4,0.0,pairing,1,-0.642200798009884,0.039314389197754464,0.040864934666603805,58383176,1
Cubic unfrustrated,1.4,0.0,pairing,2,-0.642697657771874,0.10920957793072304,0.04072907382609687,58383176,2
Cubic unfrustrated,1.4,0.0,pairing,3,-0.6452990238959277,0.2272196405179377,0.029807586077404975,58383176,3
Cubic unfrustrated,1.4,0.0,pairing,4,-0.6551706023100495,0.29784113652432803,0.011873026689831919,58383176,4
Cubic unfrustrated,1.4,0.0,pairing,5,-0.6625873500093791,0.31686709124646134,0.0036188315446062515,58383176,5
Cubic unfrustrated,1.4,0.0,pairing,6,-0.6647333793175061,0.3209356384351109,0.0010453894855256833,58383176,6
Cubic unfrustrated,1.4,0.0,pairing,7,-0.6651936865574594,0.3217817154809469,0.0003029301739659951,58383176,7
Cubic unfrustrated,1.4,0.0,pairing,8,-0.6652883615223832,0.3219621098755367,8.824407796649488e-05,58383176,8
Cubic unfrustrated,1.4,0.0,pairing,9,-0.6653084132626887,0.3220016488205527,2.5801034773143348e-05,58383176,9
Cubic unfrustrated,1.4,0.0,pairing,10,-0.6653127915447988,0.3220105057796031,7.5618544743490566e-06,58383176,10
Cubic unfrustrated,1.4,0.0,pairing,11,-0.6653137711227557,0.32201251764457633,2.2192478921668006e-06,58383176,11
Cubic unfrustrated,1.4,0.0,pairing,12,-0.665313994554751,0.32201297306850435,6.518472465986867e-07,58383176,12
Cubic unfrustrated,1.4,0.0,pairing,13,-0.6653140453633622,0.3220130759410627,1.915553501497399e-07,58383176,13
Cubic unfrustrated,1.4,0.0,pairing,14,-0.6653140577259883,0.3220130955833379,5.630822425522411e-08,58383176,14
Cubic unfrustrated,1.4,0.0,pairing,15,-0.6653140605171551,0.3220130952481832,1.6555042012031245e-08,58383176,15
Cubic unfrustrated,1.4,0.0,pairing,16,-0.665314060419046,0.3220130950436941,4.8679824841353016e-09,58383176,16
Cubic unfrustrated,1.4,0.0,pairing,17,-0.6653140609078371,0.32201308910577237,1.4311742144145528e-09,58383176,17
Cubic unfrustrated,1.4,0.0,pairing,18,-0.6653140608605499,0.322013083709683,4.2069677896904575e-10,58383176,18
Cubic unfrustrated,1.4,0.0,pairing,19,-0.665314061005578,0.32201307882314645,1.2353598871626909e-10,58383176,19
Cubic unfrustrated,1.4,0.0,pairing,20,-0.665314061470818,0.32201307154313463,3.6764365400854e-11,58383176,20
Cubic unfrustrated,1.4,0.0,pairing,21,-0.665314060820687,0.32201306811579233,1.0977993137812554e-11,58383176,21
Cubic unfrustrated,1.4,0.0,pairing,22,-0.6653140606566932,0.3220130639086083,3.4454792374136597e-12,58383176,22
Cubic unfrustrated,1.4,0.0,pairing,23,-0.6653140608378904,0.3220130586947264,4.442888423314059e-12,58383176,23
Cubic unfrustrated,1.4,0.0,pairing,24,-0.6653140611434879,0.32201305229335103,2.7611427869101375e-12,58383176,24
Cubic unfrustrated,1.4,0.0,pairing,25,-0.6653140609488772,0.3220130477014876,7.376914841838242e-12,58383176,25
Cubic unfrustrated,1.4,0.0,pairing,26,-0.6653140609040749,0.3220130416837339,1.6404284973162303e-12,58383176,26
Cubic unfrustrated,1.4,0.0,pairing,27,-0.6653140608729252,0.3220130362826064,5.0198575163240145e-12,58383176,27
Cubic unfrustrated,1.4,0.0,pairing,28,-0.6653140601653819,0.32201303589339675,1.7628284551283409e-12,58383176,28
Cubic unfrustrated,1.4,0.0,pairing,29,-0.6653140611624782,0.32201302878211,3.639608605258863e-12,58383176,29
Cubic unfrustrated,1.4,0.0,pairing,30,-0.6653140611653966,0.3220130214195358,2.928868927740999e-12,58383176,30
Cubic unfrustrated,1.4,0.0,pairing,31,-0.665314060726806,0.322013017181805,2.8272695017791524e-12,58383176,31
Cubic unfrustrated,1.4,0.0,pairing,32,-0.6653140608121281,0.32201301215598166,2.136237072522488e-12,58383176,32
Cubic unfrustrated,1.4,0.0,pairing,33,-0.6653140607615657,0.3220130075369015,2.270449114905609e-12,58383176,33
Cubic unfrustrated,1.4,0.0,pairing,34,-0.6653140607218033,0.3220130034865956,3.4232380046481124e-12,58383176,34
Cubic unfrustrated,1.4,0.0,pairing,35,-0.6653140607347859,0.3220129990346758,3.385947164341442e-12,58383176,35
Cubic unfrustrated,1.4,0.0,pairing,36,-0.665314060813004,0.3220129943350555,1.4288278282877009e-12,58383176,36
Cubic unfrustrated,1.4,0.0,pairing,37,-0.6653140607538649,0.32201298976586323,3.3626673812390716e-13,58383176,37
Cubic unfrustrated,1.4,0.0,pairing,38,-0.6653140613546832,0.32201298131682377,1.8711325674665735e-12,58383176,38
Cubic unfrustrated,1.4,0.0,pairing,39,-0.6653140606964677,0.32201297730074424,1.0789668649083996e-12,58383176,39
Cubic unfrustrated,1.4,0.0,pairing,40,-0.6653140609139762,0.3220129715590237,1.3228651849361721e-12,58383176,40
Cubic unfrustrated,1.4,0.0,pairing,41,-0.6653140608934391,0.3220129663566732,3.834853666648748e-12,58383176,41
Cubic unfrustrated,1.4,0.0,pairing,42,-0.6653140606217631,0.3220129626353279,1.9878434497816854e-12,58383176,42
Cubic unfrustrated,1.4,0.0,pairing,43,-0.6653140609653974,0.3220129567949327,1.8470939601555636e-12,58383176,43
Cubic unfrustrated,1.4,0.0,pairing,44,-0.6653140600149222,0.3220129557811447,3.342467873049443e-12,58383176,44
Cubic unfrustrated,1.4,0.0,pairing,45,-0.6653140611071422,0.32201294523134544,5.962194061682635e-13,58383176,45
Cubic unfrustrated,1.4,0.0,pairing,46,-0.6653140605497624,0.3220129422992975,5.9048148332330895e-12,58383176,46
Cubic unfrustrated,1.4,0.0,pairing,47,-0.6653140607401523,0.32201293829269084,2.3066129069612532e-12,58383176,47
Cubic unfrustrated,1.4,0.0,pairing,48,-0.6653140609739531,0.32201293237985784,7.682671478047042e-13,58383176,48
Cubic unfrustrated,1.4,0.0,pairing,49,-0.6653140610579378,0.3220129255956377,1.2673063040278527e-12,58383176,49
Cubic unfrustrated,1.4,0.0,pairing,50,-0.6653140606229142,0.3220129220819447,1.0275521229436003e-12,58383176,50
Cubic unfrustrated,1.4,0.0,pairing,51,-0.665314060337672,0.3220129185214503,2.470448287244659e-12,58383176,51
Cubic unfrustrated,1.4,0.0,pairing,52,-0.6653140608467771,0.3220129104112658,1.83371242937215e-12,58383176,52
Cubic unfrustrated,1.4,0.0,pairing,53,-0.6653140606491638,0.32201290708668406,2.5921058901583444e-12,58383176,53
Cubic unfrustrated,1.4,0.0,pairing,54,-0.6653140609259954,0.32201290128914045,1.1343740529659177e-12,58383176,54
Cubic unfrustrated,1.4,0.0,pairing,55,-0.6653140606143847,0.3220128984338645,1.5275796390031397e-12,58383176,55
Cubic unfrustrated,1.4,0.0,pairing,56,-0.6653140606477784,0.3220128927427148,1.7689653106401821e-12,58383176,56
Cubic unfrustrated,1.4,0.0,pairing,57,-0.6653140605512428,0.3220128846821395,3.718940657415027e-12,58383176,57
Cubic unfrustrated,1.4,0.0,pairing,58,-0.665314060342346,0.3220128791358058,1.2696807300429053e-12,58383176,58
Cubic unfrustrated,1.4,0.0,pairing,59,-0.6653140610136442,0.32201287300309245,2.0619143665541246e-12,58383176,59
Cubic unfrustrated,1.4,0.0,pairing,60,-0.6653140605559607,0.3220128705759277,7.623965693274872e-13,58383176,60
