id,reference,direction,window_low,window_high,actual_low,actual_high,points,fit,exponent_or_inverse_length,r2,log_rmse,sign_changes,minimum_magnitude
backfill_1,16,1,4,12,4,12,9,power,1.549297938232326,0.9367600018793153,0.1408237232324575,0,0.0016115671521113248
backfill_1,16,1,4,12,4,12,9,exponential,0.21580085082228603,0.9900457177733772,0.055870797839103155,0,0.0016115671521113248
backfill_1,16,1,8,20,8,20,13,power,3.202724383748102,0.9898459265837679,0.0914799449999305,0,0.0002485984811235898
backfill_1,16,1,8,20,8,20,13,exponential,0.24249029953438186,0.9988615254196734,0.030631440047069983,0,0.0002485984811235898
backfill_1,16,1,12,28,12,28,17,power,4.119413235955251,0.9940754816241126,0.08146053964641975,0,4.8144222396967126e-05
backfill_1,16,1,12,28,12,28,17,exponential,0.2158596563929534,0.9984186613739495,0.04208556839333297,0,4.8144222396967126e-05
backfill_1,24,-1,4,12,4,12,9,power,1.6433248034176682,0.9350239433771013,0.1515471747213183,0,0.0015093088008918537
backfill_1,24,-1,4,12,4,12,9,exponential,0.22902645037393274,0.9893220465859007,0.061434903418323944,0,0.0015093088008918537
backfill_1,24,-1,8,20,8,15,8,power,2.846740182890901,0.9956166073224842,0.03871312259345497,0,0.0007620327900521445
backfill_1,24,-1,8,20,8,15,8,exponential,0.2549443289886288,0.9980308992506209,0.0259469898938485,0,0.0007620327900521445
backfill_1,24,1,4,12,4,12,9,power,1.5940836173968282,0.9394527503075923,0.14157284590625832,0,0.0015865086257651276
backfill_1,24,1,4,12,4,12,9,exponential,0.22184037171662727,0.9911158129613206,0.05423024902477092,0,0.0015865086257651276
backfill_1,24,1,8,20,8,20,13,power,3.1958129464741516,0.991320198407295,0.0843333305825631,0,0.00025047506663956887
backfill_1,24,1,8,20,8,20,13,exponential,0.2417274370603793,0.9983693137396733,0.036553549851438015,0,0.00025047506663956887
backfill_1,24,1,12,28,12,28,17,power,4.1143269909010955,0.9921669352509376,0.09364128540819568,0,4.631908600370889e-05
backfill_1,24,1,12,28,12,28,17,exponential,0.21584667652966566,0.998846971351251,0.035927049920233343,0,4.631908600370889e-05
backfill_1,32,-1,4,12,4,12,9,power,1.5752701550049963,0.9401630175700488,0.13902644888357849,0,0.001610749022357921
backfill_1,32,-1,4,12,4,12,9,exponential,0.21916958281985613,0.9913890715864475,0.05273969054644846,0,0.001610749022357921
backfill_1,32,-1,8,20,8,20,13,power,3.2255264500259484,0.9887717903110258,0.09693437404633726,0,0.0002423913995016104
backfill_1,32,-1,8,20,8,20,13,exponential,0.24440356856114226,0.9993048965802078,0.024118331798007413,0,0.0002423913995016104
backfill_1,32,-1,12,28,12,23,12,power,3.7834530242050803,0.9989092791421896,0.02536462502922514,0,0.000145089886503854
backfill_1,32,-1,12,28,12,23,12,exponential,0.22195165121408666,0.9952410423166838,0.052981903690628364,0,0.000145089886503854
backfill_1,32,1,4,12,4,12,9,power,1.5796527751598948,0.9400921583742575,0.13950101932110925,0,0.0016030570794316988
backfill_1,32,1,4,12,4,12,9,exponential,0.21978438751337132,0.9913598584913449,0.05297805040367557,0,0.0016030570794316988
backfill_1,32,1,8,20,8,20,13,power,3.212921280441739,0.9890831771192425,0.09519229308343491,0,0.00024248890832959287
backfill_1,32,1,8,20,8,20,13,exponential,0.24341202979395837,0.9993205041662324,0.02374909450503184,0,0.00024248890832959287
backfill_1,32,1,12,28,12,24,13,power,3.8415591613890636,0.998372972464941,0.03326577533581821,0,0.00011801653022395359
backfill_1,32,1,12,28,12,24,13,exponential,0.21998014818475375,0.996080914247948,0.051628865493298114,0,0.00011801653022395359
backfill_2,16,1,4,12,4,12,9,power,1.5492641376004062,0.9367659480712387,0.14081358345987585,0,0.0016115171744473748
backfill_2,16,1,4,12,4,12,9,exponential,0.21579572225231136,0.9900481437909238,0.05586259305436787,0,0.0016115171744473748
backfill_2,16,1,8,20,8,20,13,power,3.202664493213214,0.9898437551111758,0.0914881155830843,0,0.00024859217193933317
backfill_2,16,1,8,20,8,20,13,exponential,0.24248612588286042,0.9988623073298237,0.030620380305143288,0,0.00024859217193933317
backfill_2,16,1,12,28,12,28,17,power,4.119407150890004,0.9940758199095188,0.08145807975877412,0,4.8143916269794904e-05
backfill_2,16,1,12,28,12,28,17,exponential,0.21585930117325414,0.998418664795679,0.042085453532289215,0,4.8143916269794904e-05
backfill_2,24,-1,4,12,4,12,9,power,1.6432735918240284,0.9350310515896383,0.1515335866016531,0,0.0015092999826301842
backfill_2,24,-1,4,12,4,12,9,exponential,0.22901878339601583,0.9893249908397861,0.06142428531350579,0,0.0015092999826301842
backfill_2,24,-1,8,20,8,15,8,power,2.8463044908379103,0.9956225113543019,0.03868100655801582,0,0.0007621836324058981
backfill_2,24,-1,8,20,8,15,8,exponential,0.2549041514578329,0.998027746296715,0.025963703607685313,0,0.0007621836324058981
backfill_2,24,1,4,12,4,12,9,power,1.5940285539763575,0.9394505566753163,0.14157068541639276,0,0.0015865302991182571
backfill_2,24,1,4,12,4,12,9,exponential,0.22183287222114845,0.9911149587502303,0.05423104605455194,0,0.0015865302991182571
backfill_2,24,1,8,20,8,20,13,power,3.195791724166997,0.9913188093074737,0.08433957760697208,0,0.00025047686390064147
backfill_2,24,1,8,20,8,20,13,exponential,0.24172606645580266,0.9983698528448989,0.03654728995288313,0,0.00025047686390064147
backfill_2,24,1,12,28,12,28,17,power,4.114339281902803,0.9921675359801324,0.09363794597828681,0,4.6320042968700514e-05
backfill_2,24,1,12,28,12,28,17,exponential,0.21584725953206524,0.9988470040591588,0.03592663679562789,0,4.6320042968700514e-05
backfill_2,32,-1,4,12,4,12,9,power,1.5752026496259455,0.9401599853341374,0.13902423772998515,0,0.0016107748100147243
backfill_2,32,-1,4,12,4,12,9,exponential,0.21916041677736428,0.9913879194865288,0.05274104341899234,0,0.0016107748100147243
backfill_2,32,-1,8,20,8,20,13,power,3.2255132687726253,0.9887715316159932,0.09693510726091913,0,0.0002423996178199956
backfill_2,32,-1,8,20,8,20,13,exponential,0.24440254948962084,0.9993044690783451,0.024125651840201885,0,0.0002423996178199956
backfill_2,32,-1,12,28,12,23,12,power,3.7831857509270232,0.9989116166901223,0.025335611159448948,0,0.0001451207828118816
backfill_2,32,-1,12,28,12,23,12,exponential,0.22193474220395956,0.9952323420021102,0.053026504020500236,0,0.0001451207828118816
backfill_2,32,1,4,12,4,12,9,power,1.5795872092270173,0.9400911153136381,0.13949652087972417,0,0.0016030732271681992
backfill_2,32,1,4,12,4,12,9,exponential,0.21977534341702157,0.9913594657914631,0.05297708473681208,0,0.0016030732271681992
backfill_2,32,1,8,20,8,20,13,power,3.212907693339313,0.9890808211489707,0.09520227508366653,0,0.00024248743416919495
backfill_2,32,1,8,20,8,20,13,exponential,0.2434113454935157,0.9993209571101472,0.02374110562869963,0,0.00024248743416919495
backfill_2,32,1,12,28,12,24,13,power,3.841570061707045,0.998373308970397,0.03326242388242755,0,0.00011801812028747541
backfill_2,32,1,12,28,12,24,13,exponential,0.21998062926959927,0.9960799540319878,0.051635327716591975,0,0.00011801812028747541
backfill_3,16,1,4,12,4,12,9,power,0.8289112127707491,0.4252590207876845,0.33711373981410814,0,0.00011019454322323497
backfill_3,16,1,4,12,4,12,9,exponential,0.13006996695441259,0.5704033366408052,0.29145453784040976,0,0.00011019454322323497
backfill_3,16,1,8,20,8,20,13,power,9.572859435457099,0.8785698734073761,1.003660266558501,0,8.679771697474726e-08
backfill_3,16,1,8,20,8,20,13,exponential,0.7486132370115168,0.9457928461779008,0.6705818737799999,0,8.679771697474726e-08
backfill_3,16,1,12,28,12,28,17,power,10.584730515183516,0.928952113027917,0.7498144463034695,0,1.6613254484841222e-08
backfill_3,16,1,12,28,12,28,17,exponential,0.5387004692610424,0.8801354393854818,0.9739207510012354,0,1.6613254484841222e-08
backfill_3,24,-1,4,12,4,12,9,power,7.158913508817255,0.9132021549887572,0.7721065696204124,0,3.6221531503545967e-06
backfill_3,24,-1,4,12,4,12,9,exponential,1.0028474191289791,0.976186754443368,0.4044194847374175,0,3.6221531503545967e-06
backfill_3,24,-1,8,20,8,15,8,power,7.717057600173886,0.8310673508009061,0.7130856158916613,0,3.6221531503545967e-06
backfill_3,24,-1,8,20,8,15,8,exponential,0.6625646378985715,0.7656777910535094,0.8398304290975861,0,3.6221531503545967e-06
backfill_3,24,1,4,12,4,12,9,power,6.874386932776665,0.9222051895931838,0.698481053778391,0,6.25843406216704e-06
backfill_3,24,1,4,12,4,12,9,exponential,0.9595396698741978,0.9787594662535518,0.36497408626152644,0,6.25843406216704e-06
backfill_3,24,1,8,20,8,20,13,power,5.215296659031929,0.8390956981302602,0.6440611108010783,0,1.2031837510870144e-06
backfill_3,24,1,8,20,8,20,13,exponential,0.37764430600094223,0.7744750288059036,0.7625012624026806,0,1.2031837510870144e-06
backfill_3,24,1,12,28,12,28,17,power,11.324871624574671,0.7965008792082849,1.466278629598944,0,5.856044897661841e-10
backfill_3,24,1,12,28,12,28,17,exponential,0.6218638239143732,0.8784789412567773,1.13308113435329,0,5.856044897661841e-10
backfill_3,32,-1,4,12,4,12,9,power,0.9026867987809322,0.45511708986708477,0.3455303797347995,0,0.00011445719737328231
backfill_3,32,-1,4,12,4,12,9,exponential,0.14054355960313358,0.6009818421958238,0.2956861439483903,0,0.00011445719737328231
backfill_3,32,-1,8,20,8,20,13,power,9.90219759408708,0.8722844114965984,1.0685490588573443,0,5.488061409842547e-08
backfill_3,32,-1,8,20,8,20,13,exponential,0.7754937975572401,0.9417587622380346,0.7215855201626007,0,5.488061409842547e-08
backfill_3,32,-1,12,28,12,23,12,power,13.67159863279662,0.9439646871074521,0.6758007067026367,0,5.488061409842547e-08
backfill_3,32,-1,12,28,12,23,12,exponential,0.7971918978894983,0.9291911439132569,0.7596814644875926,0,5.488061409842547e-08
backfill_3,32,1,4,12,4,12,9,power,1.4503510442729557,0.6403849065770753,0.38021624516912966,0,0.00014354933345956202
backfill_3,32,1,4,12,4,12,9,exponential,0.21633101836190496,0.7761093298814667,0.3000058415418882,0,0.00014354933345956202
backfill_3,32,1,8,20,8,20,13,power,10.654540458163527,0.8916203416528058,1.0475833970509043,0,6.984814002534796e-08
backfill_3,32,1,8,20,8,20,13,exponential,0.8305758033367413,0.9537996299955835,0.6839706165697558,0,6.984814002534796e-08
backfill_3,32,1,12,28,12,24,13,power,12.762533295641115,0.9185815067069583,0.8150394879293602,0,6.984814002534796e-08
backfill_3,32,1,12,28,12,24,13,exponential,0.7170381573898716,0.8822229084325022,0.9802741098323808,0,6.984814002534796e-08
backfill_4,16,1,4,12,4,12,9,power,0.7689529150834566,0.39433069082496786,0.3333852384192387,0,0.00011008638993599555
backfill_4,16,1,4,12,4,12,9,exponential,0.12176336910644193,0.5386229921845177,0.2909755894720447,0,0.00011008638993599555
backfill_4,16,1,8,20,8,20,13,power,9.58111407627902,0.8691307307356086,1.0484851308970937,0,6.431025777896982e-08
backfill_4,16,1,8,20,8,20,13,exponential,0.7508389981585911,0.9395822514518235,0.7124029445573719,0,6.431025777896982e-08
backfill_4,16,1,12,28,12,28,17,power,10.897553286985387,0.9265108389244638,0.7861591480582928,0,1.5479340174121994e-08
backfill_4,16,1,12,28,12,28,17,exponential,0.554491346529886,0.8774111161886081,1.0153701059258453,0,1.5479340174121994e-08
backfill_4,24,-1,4,12,4,12,9,power,7.358263715694357,0.9028574200169184,0.8443639917201343,0,2.27185108447742e-06
backfill_4,24,-1,4,12,4,12,9,exponential,1.0342918851811032,0.9717290819071059,0.4555067780105313,0,2.27185108447742e-06
backfill_4,24,-1,8,20,8,15,8,power,8.720392653901369,0.8589587192523124,0.7242262533370702,0,2.27185108447742e-06
backfill_4,24,-1,8,20,8,15,8,exponential,0.752564118954834,0.7995470668155236,0.8633906681204732,0,2.27185108447742e-06
backfill_4,24,1,4,12,4,12,9,power,6.95444904685715,0.9116207161908653,0.7575128429384563,0,4.792312609939891e-06
backfill_4,24,1,4,12,4,12,9,exponential,0.9746642916791001,0.9754147730065978,0.39953227900851224,0,4.792312609939891e-06
backfill_4,24,1,8,20,8,20,13,power,5.478065815860028,0.8312429336449925,0.6960881254056558,0,1.1587047464268344e-06
backfill_4,24,1,8,20,8,20,13,exponential,0.3941835669138677,0.7576324760485056,0.8342005170316132,0,1.1587047464268344e-06
backfill_4,24,1,12,28,12,28,17,power,10.86593823676087,0.7664862605041933,1.5362657300031433,0,2.6802768630331806e-10
backfill_4,24,1,12,28,12,28,17,exponential,0.5996021715189034,0.8537238004673997,1.215897477473545,0,2.6802768630331806e-10
backfill_4,32,-1,4,12,4,12,9,power,0.950650144476525,0.4735880850480654,0.35062454485501193,0,0.00012081553343603975
backfill_4,32,-1,4,12,4,12,9,exponential,0.1473344606261045,0.6196671830922807,0.2980309447608281,0,0.00012081553343603975
backfill_4,32,-1,8,20,8,20,13,power,10.113948310186824,0.8651401845588108,1.1261305671079689,0,3.7460772620521594e-08
backfill_4,32,-1,8,20,8,20,13,exponential,0.7932031104179016,0.9367030190408863,0.7715053899361218,0,3.7460772620521594e-08
backfill_4,32,-1,12,28,12,23,12,power,14.538996670306693,0.9472884395062074,0.6958130506514388,0,3.7460772620521594e-08
backfill_4,32,-1,12,28,12,23,12,exponential,0.8504123649576845,0.9382847483548412,0.7528975527206216,0,3.7460772620521594e-08
backfill_4,32,1,4,12,4,12,9,power,1.1905680479671088,0.5660557363658629,0.3646705781664617,0,0.00013055786360371207
backfill_4,32,1,4,12,4,12,9,exponential,0.18047287387065483,0.7085412020679501,0.29886312580873636,0,0.00013055786360371207
backfill_4,32,1,8,20,8,20,13,power,10.444786350838722,0.8677229166090645,1.1500621527313386,0,3.018852597575746e-08
backfill_4,32,1,8,20,8,20,13,exponential,0.8186425470614375,0.9383365814167091,0.7852226262483993,0,3.018852597575746e-08
backfill_4,32,1,12,28,12,24,13,power,14.278876361604993,0.9365590386729374,0.7971690181719956,0,2.9068644606691692e-08
backfill_4,32,1,12,28,12,24,13,exponential,0.8095794379422228,0.9160430967529906,0.9170515295592544,0,2.9068644606691692e-08
backfill_5,16,1,4,12,4,12,9,power,0.9697925731308267,0.4857045480516007,0.3491067414746483,0,4.528601249392514e-05
backfill_5,16,1,4,12,4,12,9,exponential,0.1488822151946851,0.6235777316108014,0.2986685869756471,0,4.528601249392514e-05
backfill_5,16,1,8,20,8,20,13,power,10.547744804258318,0.8766871150873364,1.1156077180385762,0,1.7678587359260686e-08
backfill_5,16,1,8,20,8,20,13,exponential,0.8250992207264015,0.9443344372064021,0.7495499562975009,0,1.7678587359260686e-08
backfill_5,16,1,12,28,12,28,17,power,11.711452730310498,0.9298545868725231,0.823944517116609,0,2.6346312655417534e-09
backfill_5,16,1,12,28,12,28,17,exponential,0.5962362012843391,0.8815587601583008,1.0706556221538355,0,2.6346312655417534e-09
backfill_5,24,-1,4,12,4,12,9,power,7.481443290128187,0.94144777515556,0.6527067398379409,0,3.768183411632525e-06
backfill_5,24,-1,4,12,4,12,9,exponential,1.0321182491899272,0.9760562851464365,0.4173901176051925,0,3.768183411632525e-06
backfill_5,24,-1,8,20,8,15,8,power,5.797295045600355,0.7309207646930145,0.7209109043590459,0,3.768183411632525e-06
backfill_5,24,-1,8,20,8,15,8,exponential,0.4902142616802091,0.653203018214727,0.818425508265073,0,3.768183411632525e-06
backfill_5,24,1,4,12,4,12,9,power,7.607948415882189,0.923098986511256,0.768189874917782,0,2.5874379230008543e-06
backfill_5,24,1,4,12,4,12,9,exponential,1.0614022921627342,0.9787317779135541,0.4039876978475032,0,2.5874379230008543e-06
backfill_5,24,1,8,20,8,20,13,power,5.765164378757136,0.842660078895941,0.7025462627932434,0,3.8959018510538886e-07
backfill_5,24,1,8,20,8,20,13,exponential,0.4180494159248493,0.7799600347629995,0.8308186706338554,0,3.8959018510538886e-07
backfill_5,24,1,12,28,12,28,17,power,12.382581590508691,0.8125682297749842,1.5233439117079155,0,1.6360774362526946e-10
backfill_5,24,1,12,28,12,28,17,exponential,0.6778356010382062,0.8906504183382857,1.163549652110404,0,1.6360774362526946e-10
backfill_5,32,-1,4,12,4,12,9,power,1.183289742899246,0.5403468760816776,0.38179392186396033,0,5.7581437922821686e-05
backfill_5,32,-1,4,12,4,12,9,exponential,0.18000992761471696,0.6811987638223569,0.31796103392310865,0,5.7581437922821686e-05
backfill_5,32,-1,8,20,8,20,13,power,10.718843723824945,0.8982019943774604,1.0176549408864293,0,3.691462740877068e-08
backfill_5,32,-1,8,20,8,20,13,exponential,0.833411169999646,0.9558392233524208,0.670269198070975,0,3.691462740877068e-08
backfill_5,32,-1,12,28,12,23,12,power,13.13001510379772,0.9259614536091806,0.7532584780149305,0,3.691462740877068e-08
backfill_5,32,-1,12,28,12,23,12,exponential,0.7582043084762745,0.8939168304110622,0.9016507125506527,0,3.691462740877068e-08
backfill_5,32,1,4,12,4,12,9,power,1.7094308902363327,0.6731057487132324,0.41674717453564747,0,7.197184155838981e-05
backfill_5,32,1,4,12,4,12,9,exponential,0.2530523519643376,0.8035103075311718,0.32310145141807844,0,7.197184155838981e-05
backfill_5,32,1,8,20,8,20,13,power,11.522068767786726,0.9063035716640782,1.044780634878292,0,3.022041248343941e-08
backfill_5,32,1,8,20,8,20,13,exponential,0.894275544220734,0.9610446195977617,0.6736701758625232,0,3.022041248343941e-08
backfill_5,32,1,12,28,12,24,13,power,12.996899627324467,0.911403397288173,0.869224699402684,0,2.7308742722706835e-08
backfill_5,32,1,12,28,12,24,13,exponential,0.7272171992763975,0.8681789889199709,1.0602684616204976,0,2.7308742722706835e-08
backfill_6,16,1,4,12,4,12,9,power,0.8497223952481452,0.44957702394749754,0.32891404019581205,0,3.9629102562602396e-05
backfill_6,16,1,4,12,4,12,9,exponential,0.13100604423630705,0.5821342296944554,0.2865843918619657,0,3.9629102562602396e-05
backfill_6,16,1,8,20,8,20,13,power,10.28046722803231,0.8667022817791324,1.1369967406761208,0,1.2797865142384647e-08
backfill_6,16,1,8,20,8,20,13,exponential,0.806122338610196,0.9380677893270795,0.7750079425512728,0,1.2797865142384647e-08
backfill_6,16,1,12,28,12,28,17,power,11.946313931859166,0.9330430675827458,0.8197396286438525,0,2.3104295127531213e-09
backfill_6,16,1,12,28,12,28,17,exponential,0.6088438336967785,0.8864755315571017,1.067389422920215,0,2.3104295127531213e-09
backfill_6,24,-1,4,12,4,12,9,power,7.577786340069086,0.9444219996046324,0.6430872390853328,0,3.1963793431037486e-06
backfill_6,24,-1,4,12,4,12,9,exponential,1.0428371289434815,0.9743272415724163,0.4370737258921127,0,3.1963793431037486e-06
backfill_6,24,-1,8,20,8,15,8,power,5.546857504712317,0.7121570767653813,0.722750064057371,0,3.1963793431037486e-06
backfill_6,24,-1,8,20,8,15,8,exponential,0.46794017575035046,0.6334600780938038,0.8155883282653675,0,3.1963793431037486e-06
backfill_6,24,1,4,12,4,12,9,power,7.502646800455877,0.9129784437266871,0.8103204282783939,0,2.327944667652528e-06
backfill_6,24,1,4,12,4,12,9,exponential,1.0512800584247166,0.9764699084377179,0.4213618123317272,0,2.327944667652528e-06
backfill_6,24,1,8,20,8,20,13,power,6.104245288628797,0.8484721612209181,0.7274939257873018,0,4.2427917453006534e-07
backfill_6,24,1,8,20,8,20,13,exponential,0.4407988374471403,0.778829875557448,0.8789140119151541,0,4.2427917453006534e-07
backfill_6,24,1,12,28,12,28,17,power,11.976580110138114,0.7959645262578415,1.5532232616991573,0,1.5990239401940262e-10
backfill_6,24,1,12,28,12,28,17,exponential,0.6576199019788126,0.8778070133576366,1.2019992196472569,0,1.5990239401940262e-10
backfill_6,32,-1,4,12,4,12,9,power,1.3453165175707955,0.5856477159603433,0.3958678576384212,0,6.394186235793576e-05
backfill_6,32,-1,4,12,4,12,9,exponential,0.20275663414833944,0.7246497434400773,0.3227067985855851,0,6.394186235793576e-05
backfill_6,32,-1,8,20,8,20,13,power,10.958283901283634,0.9034038936940701,1.0105349958597722,0,3.884685092773894e-08
backfill_6,32,-1,8,20,8,20,13,exponential,0.8506898635364273,0.9583573016261168,0.6635000797746748,0,3.884685092773894e-08
backfill_6,32,-1,12,28,12,23,12,power,13.153006101368513,0.9218528423408446,0.7769572620636215,0,3.884685092773894e-08
backfill_6,32,-1,12,28,12,23,12,exponential,0.7584231387876389,0.8873539080594607,0.9328216166328314,0,3.884685092773894e-08
backfill_6,32,1,4,12,4,12,9,power,1.4792316106192724,0.6235959874651305,0.40204139374116254,0,6.56612941114153e-05
backfill_6,32,1,4,12,4,12,9,exponential,0.22115901114572503,0.7593302901859438,0.3214802999104931,0,6.56612941114153e-05
backfill_6,32,1,8,20,8,20,13,power,11.325267635383408,0.8966291161207807,1.0844540353014556,0,2.4734531312636534e-08
backfill_6,32,1,8,20,8,20,13,exponential,0.8815464196571645,0.9563004034834104,0.7051000537705489,0,2.4734531312636534e-08
backfill_6,32,1,12,28,12,24,13,power,13.307170065056196,0.9185657308164042,0.849910647217427,0,2.3160412507430872e-08
backfill_6,32,1,12,28,12,24,13,exponential,0.7466190075332366,0.8798057242388306,1.0325511167256465,0,2.3160412507430872e-08
backfill_7,16,1,4,12,4,12,9,power,1.2357822413991195,0.5820323899389094,0.3663522066724267,0,1.8834659207902088e-05
backfill_7,16,1,4,12,4,12,9,exponential,0.18428165072029848,0.705046779101218,0.3077542572516255,0,1.8834659207902088e-05
backfill_7,16,1,8,20,8,20,13,power,11.665541236738518,0.8793262135078549,1.2187267184310386,0,3.437384256907123e-09
backfill_7,16,1,8,20,8,20,13,exponential,0.9120180131765857,0.9460958628382752,0.814537177985995,0,3.437384256907123e-09
backfill_7,16,1,12,28,12,28,17,power,12.91289949953825,0.9313590047486198,0.8979498379203004,0,3.8748495396555474e-10
backfill_7,16,1,12,28,12,28,17,exponential,0.6575539401511686,0.8833919344114892,1.1703737859833339,0,3.8748495396555474e-10
backfill_7,24,-1,4,12,4,12,9,power,8.068167773509785,0.9478071600585419,0.6623377630545738,0,1.856156462842291e-06
backfill_7,24,-1,4,12,4,12,9,exponential,1.107601701024185,0.9730336591991939,0.47608561797917187,0,1.856156462842291e-06
backfill_7,24,-1,8,20,8,15,8,power,5.708605487954979,0.7152059440540826,0.7382971328455635,0,1.749201868682467e-06
backfill_7,24,-1,8,20,8,15,8,exponential,0.48212543074034314,0.6375994594186177,0.8328372470214546,0,1.749201868682467e-06
backfill_7,24,1,4,12,4,12,9,power,8.392503600853052,0.9266408518687363,0.8260799462564824,0,9.594811072989044e-07
backfill_7,24,1,4,12,4,12,9,exponential,1.1695429521171046,0.9802824191600252,0.42827404438949246,0,9.594811072989044e-07
backfill_7,24,1,8,20,8,20,13,power,6.3410304871181555,0.8485509544422796,0.7554820107716054,0,1.1068257022936985e-07
backfill_7,24,1,8,20,8,20,13,exponential,0.4606219179790492,0.7881983474622961,0.8934197099782575,0,1.1068257022936985e-07
backfill_7,24,1,12,28,12,28,17,power,13.799499339669792,0.8189347193159171,1.6620778342308358,0,2.3432980210853913e-11
backfill_7,24,1,12,28,12,28,17,exponential,0.7543368878232016,0.8951058589862606,1.2650549258634085,0,2.3432980210853913e-11
backfill_7,32,-1,4,12,4,12,9,power,1.4326712206609429,0.5953839837098777,0.4131698502585848,0,2.6952513665382868e-05
backfill_7,32,-1,4,12,4,12,9,exponential,0.2147494581792328,0.7287166940288633,0.338312950293652,0,2.6952513665382868e-05
backfill_7,32,-1,8,20,8,20,13,power,11.71320262820753,0.9056098677382317,1.0664447477094636,0,1.0526654854979653e-08
backfill_7,32,-1,8,20,8,20,13,exponential,0.9085426155212675,0.9591102155611231,0.7019116858548199,0,1.0526654854979653e-08
backfill_7,32,-1,12,28,12,23,12,power,13.96223532219608,0.9223495351507851,0.8219123983614325,0,1.0526654854979653e-08
backfill_7,32,-1,12,28,12,23,12,exponential,0.804562731770621,0.8866814265158589,0.9928966630946414,0,1.0526654854979653e-08
backfill_7,32,1,4,12,4,12,9,power,1.9964722585679389,0.700311507144464,0.4568901625775529,0,3.4902648083639914e-05
backfill_7,32,1,4,12,4,12,9,exponential,0.29366413748120374,0.8253858528670044,0.3487518234175592,0,3.4902648083639914e-05
backfill_7,32,1,8,20,8,20,13,power,12.770721246211792,0.9111724023342578,1.1244990276746383,0,7.393424312547711e-09
backfill_7,32,1,8,20,8,20,13,exponential,0.9893242198340605,0.9625760827399575,0.729893923336584,0,7.393424312547711e-09
backfill_7,32,1,12,28,12,24,13,power,14.060790829880903,0.906520946039948,0.9685388835754873,0,6.20074326219912e-09
backfill_7,32,1,12,28,12,24,13,exponential,0.7852692283199584,0.8602910037067285,1.1840555911265878,0,6.20074326219912e-09
backfill_8,16,1,4,12,4,12,9,power,1.1272761129789644,0.5799694334156622,0.33560415154971796,0,1.5055691109561727e-05
backfill_8,16,1,4,12,4,12,9,exponential,0.16595786661060122,0.6847478457413906,0.29074744568497113,0,1.5055691109561727e-05
backfill_8,16,1,8,20,8,20,13,power,11.357304918858954,0.8661220612842981,1.2592449648987099,0,2.1600825239641302e-09
backfill_8,16,1,8,20,8,20,13,exponential,0.8906782558487593,0.9376878888168401,0.8590964953769421,0,2.1600825239641302e-09
backfill_8,16,1,12,28,12,28,17,power,13.18563537654895,0.933329382062174,0.9027051322668174,0,3.1167470215964075e-10
backfill_8,16,1,12,28,12,28,17,exponential,0.6720171988391738,0.8867775196467996,1.1763728799959134,0,3.1167470215964075e-10
backfill_8,24,-1,4,12,4,12,9,power,8.126451619371405,0.9502601915624416,0.650415473978416,0,1.6382652110668918e-06
backfill_8,24,-1,4,12,4,12,9,exponential,1.1096624890467046,0.965190258924632,0.5441131315643322,0,1.6382652110668918e-06
backfill_8,24,-1,8,20,8,15,8,power,5.08777809032931,0.6723493965497516,0.7279262577792843,0,1.4996054261660725e-06
backfill_8,24,-1,8,20,8,15,8,exponential,0.4279265757733746,0.5944755831753472,0.8098235529873467,0,1.4996054261660725e-06
backfill_8,24,1,4,12,4,12,9,power,8.310481296467582,0.9149057231222436,0.8866399689267302,0,8.54442202569863e-07
backfill_8,24,1,4,12,4,12,9,exponential,1.1638674867439531,0.977510779329195,0.4558105069374957,0,8.54442202569863e-07
backfill_8,24,1,8,20,8,20,13,power,6.708420846708479,0.8503629214480956,0.7936110965106744,0,1.258787916855062e-07
backfill_8,24,1,8,20,8,20,13,exponential,0.4848493679055813,0.7819256514114381,0.9580549370812895,0,1.258787916855062e-07
backfill_8,24,1,12,28,12,28,17,power,13.214818766264981,0.8050685811466669,1.6656385847178228,0,2.8427124707472763e-11
backfill_8,24,1,12,28,12,28,17,exponential,0.7243484969859881,0.8847624176811326,1.2806690673601875,0,2.8427124707472763e-11
backfill_8,32,-1,4,12,4,12,9,power,1.6487370940667543,0.6356327635487962,0.436693829861169,0,3.0441733887367556e-05
backfill_8,32,-1,4,12,4,12,9,exponential,0.24544856669175039,0.7673879033063356,0.34891813649114256,0,3.0441733887367556e-05
backfill_8,32,-1,8,20,8,20,13,power,11.993376021948492,0.9129902668595057,1.0441485114907239,0,1.2357203090459077e-08
backfill_8,32,-1,8,20,8,20,13,exponential,0.9275626414695595,0.9612975208517455,0.6963823383785691,0,1.2357203090459077e-08
backfill_8,32,-1,12,28,12,23,12,power,13.785866216362843,0.9127128302822133,0.8649450202271332,0,1.2301203535904727e-08
backfill_8,32,-1,12,28,12,23,12,exponential,0.7921418369205878,0.8724370490909101,1.0456240780365165,0,1.2301203535904727e-08
backfill_8,32,1,4,12,4,12,9,power,1.740816094932254,0.6584757160066728,0.43858414856951816,0,3.07479686395981e-05
backfill_8,32,1,4,12,4,12,9,exponential,0.25802980522045815,0.7880689508913907,0.34549314150346505,0,3.07479686395981e-05
backfill_8,32,1,8,20,8,20,13,power,12.423864394190183,0.9056961044288487,1.1305772659994893,0,6.945490413532783e-09
backfill_8,32,1,8,20,8,20,13,exponential,0.9645076294290692,0.9608785686853556,0.7281867956269149,0,6.945490413532783e-09
backfill_8,32,1,12,28,12,24,13,power,14.126854829083797,0.9157503674866762,0.9191365145482997,0,5.649833574394555e-09
backfill_8,32,1,12,28,12,24,13,exponential,0.7907947270795784,0.8730991013331397,1.1280500286096486,0,5.649833574394555e-09
backfill_9,16,1,4,12,4,12,9,power,0.12268633811706683,0.04188080221851087,0.205285182880725,0,0.0020944037529761757
backfill_9,16,1,4,12,4,12,9,exponential,0.028408851443845154,0.12232646534330827,0.19647818347005044,0,0.0020944037529761757
backfill_9,16,1,8,20,8,20,13,power,5.215608860789671,0.8563399981536279,0.6024483407528228,0,2.7430865613346125e-05
backfill_9,16,1,8,20,8,20,13,exponential,0.4098840074244991,0.9309925923795702,0.41754158464737234,0,2.7430865613346125e-05
backfill_9,16,1,12,28,12,28,17,power,6.102360124415783,0.9099212064551949,0.4918155987732081,0,1.7295986850177964e-05
backfill_9,16,1,12,28,12,28,17,exponential,0.3094852316268583,0.8560695781508729,0.6216806037274316,0,1.7295986850177964e-05
backfill_9,24,-1,4,12,4,12,9,power,3.7762179821505852,0.9004600584733831,0.43922054300554203,0,0.0002620855289294497
backfill_9,24,-1,4,12,4,12,9,exponential,0.5314600322487368,0.9715877987436007,0.2346585566356798,0,0.0002620855289294497
backfill_9,24,-1,8,20,8,15,8,power,4.610959405168193,0.8665239661086745,0.3708974986902724,0,0.0002532297546076823
backfill_9,24,-1,8,20,8,15,8,exponential,0.39879668835985094,0.8101358938952018,0.44235780273002756,0,0.0002532297546076823
backfill_9,24,1,4,12,4,12,9,power,3.808988589428362,0.897384101592602,0.45059558972606245,0,0.00024168360635218577
backfill_9,24,1,4,12,4,12,9,exponential,0.5364926511021415,0.9697885987593011,0.2444922207017307,0,0.00024168360635218577
backfill_9,24,1,8,20,8,20,13,power,3.0583655762909774,0.7862990174060772,0.4496439651404435,0,0.00015221006716641935
backfill_9,24,1,8,20,8,20,13,exponential,0.216939067225879,0.6964221150958163,0.5359207527916426,0,0.00015221006716641935
backfill_9,24,1,12,28,12,28,17,power,5.027371096402107,0.7130113170034885,0.8169965008404009,0,1.858354491578398e-06
backfill_9,24,1,12,28,12,28,17,exponential,0.2797760661245506,0.8077123786463793,0.6687495062886634,0,1.858354491578398e-06
backfill_9,32,-1,4,12,4,12,9,power,0.10363652521849863,0.03062807813278734,0.20396578111162808,0,0.002083746037526929
backfill_9,32,-1,4,12,4,12,9,exponential,0.025767223137329955,0.10313825705279711,0.19618908617797642,0,0.002083746037526929
backfill_9,32,-1,8,20,8,20,13,power,5.174021258869343,0.8578429669311164,0.5939890866762109,0,2.931138849878913e-05
backfill_9,32,-1,8,20,8,20,13,exponential,0.4065266825177991,0.9322181768820939,0.4101577417414816,0,2.931138849878913e-05
backfill_9,32,-1,12,28,12,23,12,power,7.634271953557827,0.9495745977478147,0.3569226289464284,0,2.835106620906882e-05
backfill_9,32,-1,12,28,12,23,12,exponential,0.4467537231912557,0.9414393731406164,0.38463806038162623,0,2.835106620906882e-05
backfill_9,32,1,4,12,4,12,9,power,0.1238103753046658,0.04306856702000206,0.20416268279531946,0,0.0021010602528712605
backfill_9,32,1,4,12,4,12,9,exponential,0.028502824054613896,0.12434050228637017,0.19530060336094934,0,0.0021010602528712605
backfill_9,32,1,8,20,8,20,13,power,5.111270916446105,0.849474604396949,0.6067762429878257,0,2.563075773801727e-05
backfill_9,32,1,8,20,8,20,13,exponential,0.40201612537577086,0.9250551447595117,0.4281486633168694,0,2.563075773801727e-05
backfill_9,32,1,12,28,12,24,13,power,7.857193788161182,0.9405368113963372,0.4237822311340613,0,1.803376078799609e-05
backfill_9,32,1,12,28,12,24,13,exponential,0.44804936494083886,0.9305559178743428,0.4579691958546799,0,1.803376078799609e-05
backfill_10,16,1,4,12,4,12,9,power,-0.12772885617654695,0.05408232648427613,0.18687324838486627,0,0.0018219325477210383
backfill_10,16,1,4,12,4,12,9,exponential,-0.006325220217358302,0.007224688250961453,0.19144584681255036,0,0.0018219325477210383
backfill_10,16,1,8,20,8,20,13,power,4.821435065513247,0.8367797404691805,0.6005203856664271,0,2.7799763554474137e-05
backfill_10,16,1,8,20,8,20,13,exponential,0.380272680212373,0.9162982168830989,0.43003923219074724,0,2.7799763554474137e-05
backfill_10,16,1,12,28,12,28,17,power,6.229682052498918,0.9157865041917381,0.4838989599935929,0,1.587843827353257e-05
backfill_10,16,1,12,28,12,28,17,exponential,0.316927321636201,0.8669677067421865,0.6081943476307965,0,1.587843827353257e-05
backfill_10,24,-1,4,12,4,12,9,power,3.9438060435795954,0.9118948318388265,0.428847603962321,0,0.00021347436423359132
backfill_10,24,-1,4,12,4,12,9,exponential,0.553123329436916,0.9771204490262544,0.2185375370344528,0,0.00021347436423359132
backfill_10,24,-1,8,20,8,15,8,power,4.2673713949251075,0.8275673378927534,0.39922689020981167,0,0.00021347436423359132
backfill_10,24,-1,8,20,8,15,8,exponential,0.36631442558969457,0.762162028764652,0.46886802343982525,0,0.00021347436423359132
backfill_10,24,1,4,12,4,12,9,power,3.598551687381509,0.8853504764546885,0.4530179225767132,0,0.00030944604533646
backfill_10,24,1,4,12,4,12,9,exponential,0.5082632419575064,0.9621164305881347,0.2604082283636828,0,0.00030944604533646
backfill_10,24,1,8,20,8,20,13,power,3.308394543899193,0.803346031611196,0.4616228585956194,0,0.00017639209062502993
backfill_10,24,1,8,20,8,20,13,exponential,0.23488754067696443,0.7128138013885371,0.5578503773797923,0,0.00017639209062502993
backfill_10,24,1,12,28,12,28,17,power,4.8332827062204675,0.7099853473769555,0.7912660899604465,0,2.4310157450943903e-06
backfill_10,24,1,12,28,12,28,17,exponential,0.26892547432326097,0.8039887288942363,0.6505086957966406,0,2.4310157450943903e-06
backfill_10,32,-1,4,12,4,12,9,power,0.36039924567387904,0.24996745255438046,0.21839431084127467,0,0.002288929907339527
backfill_10,32,-1,4,12,4,12,9,exponential,0.06108613133661387,0.391193339926005,0.19676187991944433,0,0.002288929907339527
backfill_10,32,-1,8,20,8,20,13,power,5.512977791665687,0.874737883110797,0.588338308899049,0,3.0682922508736564e-05
backfill_10,32,-1,8,20,8,20,13,exponential,0.43167496674142103,0.9440766478503507,0.39310978344518355,0,3.0682922508736564e-05
backfill_10,32,-1,12,28,12,23,12,power,7.596248148733476,0.9438270311221975,0.3759784401861137,0,3.0682922508736564e-05
backfill_10,32,-1,12,28,12,23,12,exponential,0.44277300023764105,0.9283645456518401,0.4245836465471534,0,3.0682922508736564e-05
backfill_10,32,1,4,12,4,12,9,power,-0.009884092582575265,0.00031616140691037575,0.19443428045765257,0,0.001912780528236658
backfill_10,32,1,4,12,4,12,9,exponential,0.00995963926490291,0.017486905173303646,0.1927572293993405,0,0.001912780528236658
backfill_10,32,1,8,20,8,20,13,power,4.921849457659755,0.8427674041383503,0.5995366437643544,0,2.633040607458444e-05
backfill_10,32,1,8,20,8,20,13,exponential,0.3876609389666321,0.9203292862493514,0.42676991272302206,0,2.633040607458444e-05
backfill_10,32,1,12,28,12,24,13,power,7.708065838748569,0.9420008096194575,0.410270058884287,0,1.8233865900990243e-05
backfill_10,32,1,12,28,12,24,13,exponential,0.4397692235140735,0.9329534712668588,0.4411101051639961,0,1.8233865900990243e-05
backfill_11,16,1,4,12,4,12,9,power,0.05638737957553202,0.0065478941521681655,0.2429761685637466,0,0.0007319537667297048
backfill_11,16,1,4,12,4,12,9,exponential,0.021533487756188373,0.05201840985143691,0.23735050705401728,0,0.0007319537667297048
backfill_11,16,1,8,20,8,20,13,power,6.271705315871702,0.8558734828557124,0.7258097264507238,0,4.39835814227775e-06
backfill_11,16,1,8,20,8,20,13,exponential,0.4929523071373537,0.9307566913198412,0.5030831177863994,0,4.39835814227775e-06
backfill_11,16,1,12,28,12,28,17,power,7.301918024024487,0.9208228139758027,0.5484588231594433,0,2.0084858936792737e-06
backfill_11,16,1,12,28,12,28,17,exponential,0.3712283271736079,0.8705735461901973,0.7012219821718544,0,2.0084858936792737e-06
backfill_11,24,-1,4,12,4,12,9,power,4.696797589342211,0.9330492762992056,0.44013541697652603,0,0.00011266600203884531
backfill_11,24,-1,4,12,4,12,9,exponential,0.651445504958765,0.977794446791003,0.253477536493309,0,0.00011266600203884531
backfill_11,24,-1,8,20,8,15,8,power,3.769201879538278,0.7147933176535641,0.48796677659464055,0,0.00011266600203884531
backfill_11,24,-1,8,20,8,15,8,exponential,0.3179652739136805,0.6357668450274142,0.5514423844279573,0,0.00011266600203884531
backfill_11,24,1,4,12,4,12,9,power,4.593268028744692,0.9011115699184411,0.532309689039798,0,9.497884858905471e-05
backfill_11,24,1,4,12,4,12,9,exponential,0.6462173673158437,0.9715893195029041,0.28532015295941826,0,9.497884858905471e-05
backfill_11,24,1,8,20,8,20,13,power,3.680139960871039,0.8147950588887105,0.49480765078323274,0,4.3338149332532855e-05
backfill_11,24,1,8,20,8,20,13,exponential,0.2636880197742696,0.7363572889685768,0.5903614707097539,0,4.3338149332532855e-05
backfill_11,24,1,12,28,12,28,17,power,7.01148900278226,0.7610414451508956,1.006381102139914,0,2.643312772122097e-07
backfill_11,24,1,12,28,12,28,17,exponential,0.3873636372517059,0.8496627502860908,0.7982418293825044,0,2.643312772122097e-07
backfill_11,32,-1,4,12,4,12,9,power,0.4350145648586336,0.23447847176255965,0.27497305546211237,0,0.0009332157433749534
backfill_11,32,-1,4,12,4,12,9,exponential,0.07436302725398543,0.37325015170273734,0.24880468506137834,0,0.0009332157433749534
backfill_11,32,-1,8,20,8,20,13,power,6.71751507924079,0.8924510493664268,0.6576419606812485,0,8.331985704996276e-06
backfill_11,32,-1,8,20,8,20,13,exponential,0.5233821973201817,0.9536589179801455,0.4316875382087095,0,8.331985704996276e-06
backfill_11,32,-1,12,28,12,23,12,power,8.293129321381665,0.9222915941737723,0.4883875982300056,0,8.331985704996276e-06
backfill_11,32,-1,12,28,12,23,12,exponential,0.4790329759405379,0.8908905614205125,0.5787110674410634,0,8.331985704996276e-06
backfill_11,32,1,4,12,4,12,9,power,0.5255291743571907,0.30489722784816564,0.2775899429808681,0,0.0009667019357099922
backfill_11,32,1,4,12,4,12,9,exponential,0.08668126676514704,0.45185678204627755,0.24650528788580264,0,0.0009667019357099922
backfill_11,32,1,8,20,8,20,13,power,6.872862382899818,0.8832501978639474,0.7046830607564455,0,5.893081816328851e-06
backfill_11,32,1,8,20,8,20,13,exponential,0.53695724261364,0.9490212436393339,0.4656508217149279,0,5.893081816328851e-06
backfill_11,32,1,12,28,12,24,13,power,8.357852859132517,0.9161530580384663,0.5423671754742202,0,5.893081816328851e-06
backfill_11,32,1,12,28,12,24,13,exponential,0.46979192754121524,0.8807234661255813,0.6468853100854468,0,5.893081816328851e-06
backfill_12,16,1,4,12,4,12,9,power,-0.08459065036085041,0.016786886610677065,0.2264749859226243,0,0.0006756136301166858
backfill_12,16,1,4,12,4,12,9,exponential,0.0014848362125424394,0.000281755901863856,0.2283679845596662,0,0.0006756136301166858
backfill_12,16,1,8,20,8,20,13,power,6.017037851368581,0.8424785118577948,0.7337417130376838,0,3.929768037990304e-06
backfill_12,16,1,8,20,8,20,13,exponential,0.47411315449999725,0.9207578570439138,0.5204169248884856,0,3.929768037990304e-06
backfill_12,16,1,12,28,12,28,17,power,7.487783199318431,0.9235088044916504,0.5519929665965357,0,1.8394892333569722e-06
backfill_12,16,1,12,28,12,28,17,exponential,0.3812934090556868,0.875939676947651,0.7029821110401229,0,1.8394892333569722e-06
backfill_12,24,-1,4,12,4,12,9,power,4.74689927217833,0.9369751312665634,0.43068632630635884,0,9.853720332324723e-05
backfill_12,24,-1,4,12,4,12,9,exponential,0.6560551553910067,0.9749430068591038,0.27156236728093613,0,9.853720332324723e-05
backfill_12,24,-1,8,20,8,15,8,power,3.497515065721462,0.6775852551362194,0.49446586567039713,0,9.853720332324723e-05
backfill_12,24,-1,8,20,8,15,8,exponential,0.2935141276112091,0.5964301444307235,0.553207715640124,0,9.853720332324723e-05
backfill_12,24,1,4,12,4,12,9,power,4.464646850472774,0.8897324446301115,0.5498451471090219,0,9.845389248595649e-05
backfill_12,24,1,4,12,4,12,9,exponential,0.6300157659953126,0.9651138098899819,0.30927391696145934,0,9.845389248595649e-05
backfill_12,24,1,8,20,8,20,13,power,3.932650327867602,0.8220183962606351,0.5160622615843818,0,4.601748638182919e-05
backfill_12,24,1,8,20,8,20,13,exponential,0.2811201630689121,0.7394059499196803,0.6244487365506479,0,4.601748638182919e-05
backfill_12,24,1,12,28,12,28,17,power,6.750965537697065,0.7441330253034042,1.0140113049412915,0,2.6233331733627034e-07
backfill_12,24,1,12,28,12,28,17,exponential,0.37390672417631754,0.8349614659398447,0.8143823608405424,0,2.6233331733627034e-07
backfill_12,32,-1,4,12,4,12,9,power,0.5967861573601333,0.35195821431096064,0.28329167871231353,0,0.0009915747789123442
backfill_12,32,-1,4,12,4,12,9,exponential,0.0965718981136572,0.5020484726272048,0.2483280894961079,0,0.0009915747789123442
backfill_12,32,-1,8,20,8,20,13,power,6.879552978926175,0.8999492145302408,0.6468915060236093,0,8.635720934808568e-06
backfill_12,32,-1,8,20,8,20,13,exponential,0.5347557968884399,0.9571866725463508,0.4231659244051948,0,8.635720934808568e-06
backfill_12,32,-1,12,28,12,23,12,power,8.222174013823535,0.9142653713825435,0.5108283349259363,0,8.635720934808568e-06
backfill_12,32,-1,12,28,12,23,12,exponential,0.4738172128391118,0.8789876474043385,0.6068923952767872,0,8.635720934808568e-06
backfill_12,32,1,4,12,4,12,9,power,0.33242615168814565,0.15898061787652817,0.26747624570977047,0,0.0008971063133301632
backfill_12,32,1,4,12,4,12,9,exponential,0.06016070361537289,0.28364172756473116,0.24685808561617217,0,0.0008971063133301632
backfill_12,32,1,8,20,8,20,13,power,6.711047891622787,0.8703514783556233,0.7304605500207076,0,5.110110557436416e-06
backfill_12,32,1,8,20,8,20,13,exponential,0.525774438278009,0.9403748571381368,0.49536771413871084,0,5.110110557436416e-06
backfill_12,32,1,12,28,12,24,13,power,8.476521897523135,0.9187714031737901,0.540639172619567,0,5.110110557436416e-06
backfill_12,32,1,12,28,12,24,13,exponential,0.4774259902631332,0.886817148135314,0.6381802364219454,0,5.110110557436416e-06
backfill_13,16,1,4,12,4,12,9,power,0.18143399870628682,0.04487229907825052,0.29283255487280585,0,0.00026521215639004595
backfill_13,16,1,4,12,4,12,9,exponential,0.04099961157510456,0.12482194717772055,0.28030887298562146,0,0.00026521215639004595
backfill_13,16,1,8,20,8,20,13,power,7.697459651608854,0.8574173411205878,0.885226942245938,0,5.772546621884639e-07
backfill_13,16,1,8,20,8,20,13,exponential,0.6046254526614773,0.9312329818260003,0.6147681584620793,0,5.772546621884639e-07
backfill_13,16,1,12,28,12,28,17,power,8.81932324466869,0.921445495031429,0.6596006296619356,0,1.95784652521096e-07
backfill_13,16,1,12,28,12,28,17,exponential,0.4487404146141775,0.8725907090350011,0.840032449930724,0,1.95784652521096e-07
backfill_13,24,-1,4,12,4,12,9,power,5.640455827628645,0.9329662226684353,0.5289166188879738,0,3.3295311125691046e-05
backfill_13,24,-1,4,12,4,12,9,exponential,0.7778034795238411,0.9664241424056154,0.37432938775500363,0,3.3295311125691046e-05
backfill_13,24,-1,8,20,8,15,8,power,3.965861628673325,0.6474095395999561,0.5998387768552312,0,3.3295311125691046e-05
backfill_13,24,-1,8,20,8,15,8,exponential,0.3319616228596302,0.5669392756224354,0.6647734368844609,0,3.3295311125691046e-05
backfill_13,24,1,4,12,4,12,9,power,5.617732472542005,0.8989847499291688,0.658775573102002,0,2.6378596035195057e-05
backfill_13,24,1,4,12,4,12,9,exponential,0.790165260170787,0.9688500657164244,0.36582432777059304,0,2.6378596035195057e-05
backfill_13,24,1,8,20,8,20,13,power,4.439057717859062,0.8144234091751896,0.5975816360518748,0,8.943641124932187e-06
backfill_13,24,1,8,20,8,20,13,exponential,0.3193059974532285,0.7417727820671929,0.7049148424478234,0,8.943641124932187e-06
backfill_13,24,1,12,28,12,28,17,power,8.890572602563251,0.7814893176250526,1.2042027786045117,0,2.3718127093164123e-08
backfill_13,24,1,12,28,12,28,17,exponential,0.4891899209976243,0.8654453842508995,0.9449581793190677,0,2.3718127093164123e-08
backfill_13,32,-1,4,12,4,12,9,power,0.6566418739550633,0.3147749094121839,0.33892552196238757,0,0.0003698438772377668
backfill_13,32,-1,4,12,4,12,9,exponential,0.10780549800942388,0.46218438757714164,0.3002647480430435,0,0.0003698438772377668
backfill_13,32,-1,8,20,8,20,13,power,8.187147918239239,0.8979122785269265,0.7785247365101864,0,1.3612295139321543e-06
backfill_13,32,-1,8,20,8,20,13,exponential,0.6359840817253329,0.9537821829586955,0.5238300099936616,0,1.3612295139321543e-06
backfill_13,32,-1,12,28,12,23,12,power,9.695167332758366,0.9074172310207007,0.6282944102690696,0,1.3612295139321543e-06
backfill_13,32,-1,12,28,12,23,12,exponential,0.5580874042764443,0.8704884373314341,0.7431087668448009,0,1.3612295139321543e-06
backfill_13,32,1,4,12,4,12,9,power,0.8775819464235506,0.43782820084700746,0.3478800047377799,0,0.00039768516488577083
backfill_13,32,1,4,12,4,12,9,exponential,0.13801262646946563,0.5898702645231435,0.2971362023192777,0,0.00039768516488577083
backfill_13,32,1,8,20,8,20,13,power,8.547625590398834,0.8952713304441008,0.8244625330842853,0,1.054306532897017e-06
backfill_13,32,1,8,20,8,20,13,exponential,0.6649434987407935,0.953720816350019,0.5480636212125887,0,1.054306532897017e-06
backfill_13,32,1,12,28,12,24,13,power,9.639697148786846,0.8967417883194561,0.7016670227884645,0,1.054306532897017e-06
backfill_13,32,1,12,28,12,24,13,exponential,0.538895814254913,0.8527075805411178,0.8380288390834798,0,1.054306532897017e-06
backfill_14,16,1,4,12,4,12,9,power,0.05094549168144178,0.0042801801062845035,0.27183316181047285,0,0.00023883066989359444
backfill_14,16,1,4,12,4,12,9,exponential,0.0219058926954955,0.043108501994931325,0.26648036136987585,0,0.00023883066989359444
backfill_14,16,1,8,20,8,20,13,power,7.462073425532683,0.8458091889412622,0.8985092327520403,0,4.7603903360575954e-07
backfill_14,16,1,8,20,8,20,13,exponential,0.5875223803252082,0.9229757055872545,0.6350488910669686,0,4.7603903360575954e-07
backfill_14,16,1,12,28,12,28,17,power,8.993467720848088,0.9239787039581661,0.6607830778961711,0,1.7652348860290426e-07
backfill_14,16,1,12,28,12,28,17,exponential,0.4580643192923345,0.8767617884063795,0.8413253435181668,0,1.7652348860290426e-07
backfill_14,24,-1,4,12,4,12,9,power,5.617802604018098,0.9375724537047729,0.5071206704626243,0,3.1934592099239805e-05
backfill_14,24,-1,4,12,4,12,9,exponential,0.7716666772560293,0.9636556535089666,0.38693820473887786,0,3.1934592099239805e-05
backfill_14,24,-1,8,20,8,15,8,power,3.64594590834958,0.6223113132618288,0.5821362038520035,0,3.1934592099239805e-05
backfill_14,24,-1,8,20,8,15,8,exponential,0.30433272617083795,0.5419277290944885,0.6410982963942637,0,3.1934592099239805e-05
backfill_14,24,1,4,12,4,12,9,power,5.516343429120976,0.8899683623248091,0.6785501099383979,0,2.5897510784647214e-05
backfill_14,24,1,4,12,4,12,9,exponential,0.7782319543116339,0.9648961765885221,0.3832660469297748,0,2.5897510784647214e-05
backfill_14,24,1,8,20,8,20,13,power,4.671678150311311,0.8220101398604074,0.6130585272065235,0,9.595474567606641e-06
backfill_14,24,1,8,20,8,20,13,exponential,0.3350414670560456,0.744246062631191,0.73487838028983,0,9.595474567606641e-06
backfill_14,24,1,12,28,12,28,17,power,8.511821340597333,0.768781885328753,1.1957129556251107,0,2.7386064803290834e-08
backfill_14,24,1,12,28,12,28,17,exponential,0.4694924956218439,0.8555325496682437,0.9451505928726495,0,2.7386064803290834e-08
backfill_14,32,-1,4,12,4,12,9,power,0.8275494499578999,0.40884372005478253,0.3481172685226472,0,0.0003935825741712301
backfill_14,32,-1,4,12,4,12,9,exponential,0.13130209475041318,0.5606647131446028,0.3001044648575831,0,0.0003935825741712301
backfill_14,32,-1,8,20,8,20,13,power,8.283988225040561,0.9061315725907662,0.7519233848561045,0,1.5602716179502593e-06
backfill_14,32,-1,8,20,8,20,13,exponential,0.641877040454479,0.9576439682875302,0.5050931200343631,0,1.5602716179502593e-06
backfill_14,32,-1,12,28,12,23,12,power,9.531862887706113,0.9022677517543383,0.6364661757681177,0,1.5602716179502593e-06
backfill_14,32,-1,12,28,12,23,12,exponential,0.5476189633313034,0.8621820587642908,0.7558041336283757,0,1.5602716179502593e-06
backfill_14,32,1,4,12,4,12,9,power,0.6802316959866092,0.331672873816807,0.3377968198029039,0,0.00037202723049027984
backfill_14,32,1,4,12,4,12,9,exponential,0.11091786508927548,0.4803853119661281,0.2978528237015626,0,0.00037202723049027984
backfill_14,32,1,8,20,8,20,13,power,8.298479863048076,0.889513154716994,0.8247980446967945,0,1.0612894981275807e-06
backfill_14,32,1,8,20,8,20,13,exponential,0.6469471848511386,0.9516582534018013,0.5455737983413601,0,1.0612894981275807e-06
backfill_14,32,1,12,28,12,24,13,power,9.705033153155085,0.9081975815035387,0.6618704542534397,0,1.0612894981275807e-06
backfill_14,32,1,12,28,12,24,13,exponential,0.5439958949073115,0.8682152578910418,0.793009698747449,0,1.0612894981275807e-06
backfill_15,16,1,4,12,4,12,9,power,1.6805244533653974,0.9333681819512388,0.1570790610627043,0,0.0013723077926332487
backfill_15,16,1,4,12,4,12,9,exponential,0.23433681281262428,0.9886324210394541,0.06488009166885633,0,0.0013723077926332487
backfill_15,16,1,8,20,8,20,13,power,3.3861950751994985,0.9931058977932529,0.07956517661413305,0,0.00020037271933785739
backfill_15,16,1,8,20,8,20,13,exponential,0.2557333299465699,0.9970899948817414,0.051692918059923196,0,0.00020037271933785739
backfill_15,16,1,12,28,12,28,17,power,4.233845992397386,0.9931900585604421,0.0898019240131401,0,3.5780427625396044e-05
backfill_15,16,1,12,28,12,28,17,exponential,0.22194432220464644,0.99832377658434,0.044553302803947016,0,3.5780427625396044e-05
backfill_15,24,-1,4,12,4,12,9,power,1.825213998256095,0.9320937668622508,0.17234470056338164,0,0.001251240663697667
backfill_15,24,-1,4,12,4,12,9,exponential,0.2546102585619843,0.9880395048414236,0.07232987149804755,0,0.001251240663697667
backfill_15,24,-1,8,20,8,15,8,power,3.020886522961976,0.9976124087697615,0.030288985435009692,0,0.0006545665119759136
backfill_15,24,-1,8,20,8,15,8,exponential,0.26960541144719824,0.9931321372700759,0.05137070689640705,0,0.0006545665119759136
backfill_15,24,1,4,12,4,12,9,power,1.7463096721022737,0.9362514668262684,0.15941134523228995,0,0.0013485340247404356
backfill_15,24,1,4,12,4,12,9,exponential,0.24328138453134782,0.9898245959971004,0.06368834437908054,0,0.0013485340247404356
backfill_15,24,1,8,20,8,20,13,power,3.368200552201132,0.9949286064640894,0.06781653857693021,0,0.00020524625776607332
backfill_15,24,1,8,20,8,20,13,exponential,0.25397116449242846,0.9957559968478533,0.06203828901935165,0,0.00020524625776607332
backfill_15,24,1,12,28,12,28,17,power,4.236735033660628,0.9893563478737194,0.1125629187975009,0,3.384263531051521e-05
backfill_15,24,1,12,28,12,28,17,exponential,0.22255864971224942,0.9986198098293335,0.04053400112188572,0,3.384263531051521e-05
backfill_15,32,-1,4,12,4,12,9,power,1.7169273002013095,0.9372432650274465,0.15542291037743503,0,0.001380595545937625
backfill_15,32,-1,4,12,4,12,9,exponential,0.2391096783541471,0.9902237029909153,0.06134399565035792,0,0.001380595545937625
backfill_15,32,-1,8,20,8,20,13,power,3.4197974105104882,0.9923477411667131,0.08469021612616562,0,0.00019731377416585053
backfill_15,32,-1,8,20,8,20,13,exponential,0.258447660823398,0.9976918309669934,0.04651277176651537,0,0.00019731377416585053
backfill_15,32,-1,12,28,12,23,12,power,3.7850944587073543,0.9993063162038396,0.02023273044906356,0,0.00012454618387407364
backfill_15,32,-1,12,28,12,23,12,exponential,0.22137944974744633,0.989650748011156,0.07814985948338198,0,0.00012454618387407364
backfill_15,32,1,4,12,4,12,9,power,1.7238873898744254,0.9372074715626673,0.15610044169621484,0,0.0013707794016267812
backfill_15,32,1,4,12,4,12,9,exponential,0.2400812758674021,0.990204803639464,0.06165335572249725,0,0.0013707794016267812
backfill_15,32,1,8,20,8,20,13,power,3.40861284318507,0.9923764723736926,0.08425339594043792,0,0.00019465151324047844
backfill_15,32,1,8,20,8,20,13,exponential,0.2576423011853215,0.9980298338341934,0.042831260313606914,0,0.00019465151324047844
backfill_15,32,1,12,28,12,24,13,power,3.8621031896661755,0.9994515721286066,0.019406259526343044,0,9.974479815859708e-05
backfill_15,32,1,12,28,12,24,13,exponential,0.22061275549863435,0.992259170824101,0.072908106275568,0,9.974479815859708e-05
backfill_16,16,1,4,12,4,12,9,power,1.6806057460660626,0.9333679335313467,0.15708697324610207,0,0.0013722922726537405
backfill_16,16,1,4,12,4,12,9,exponential,0.23434816658158045,0.9886323106082,0.0648835539306321,0,0.0013722922726537405
backfill_16,16,1,8,20,8,20,13,power,3.3862194754783737,0.993108559526985,0.0795502821457358,0,0.0002003760376548848
backfill_16,16,1,8,20,8,20,13,exponential,0.2557346125539306,0.9970882992649907,0.05170827951774551,0,0.0002003760376548848
backfill_16,16,1,12,28,12,28,17,power,4.23384478310594,0.9931880328128029,0.08981534561391148,0,3.577934524434147e-05
backfill_16,16,1,12,28,12,28,17,exponential,0.22194454174888348,0.9983242857110002,0.044546568811301694,0,3.577934524434147e-05
backfill_16,24,-1,4,12,4,12,9,power,1.8253016426062427,0.9320924436678313,0.1723547778570599,0,0.001251212918912583
backfill_16,24,-1,4,12,4,12,9,exponential,0.25462259121123065,0.9880389295527953,0.07233513558779467,0,0.001251212918912583
backfill_16,24,-1,8,20,8,15,8,power,3.0210318114668637,0.9976122886680348,0.030291205829168322,0,0.0006545398108958288
backfill_16,24,-1,8,20,8,15,8,exponential,0.26961824872442025,0.9931310651404711,0.051377190375969835,0,0.0006545398108958288
backfill_16,24,1,4,12,4,12,9,power,1.7463965122859244,0.9362535579341731,0.15941647969192654,0,0.0013484980241432985
backfill_16,24,1,4,12,4,12,9,exponential,0.24329331442527405,0.9898254400838813,0.0636887985618159,0,0.0013484980241432985
backfill_16,24,1,8,20,8,20,13,power,3.368206532089731,0.9949307351624732,0.06780235205715753,0,0.00020524798554622664
backfill_16,24,1,8,20,8,20,13,exponential,0.25397109898341486,0.9957540779092126,0.062052356618115714,0,0.00020524798554622664
backfill_16,24,1,12,28,12,28,17,power,4.236728748114383,0.9893531531477363,0.11257982533301457,0,3.384091771121284e-05
backfill_16,24,1,12,28,12,28,17,exponential,0.222558671209603,0.9986197411747035,0.040535014556999344,0,3.384091771121284e-05
backfill_16,32,-1,4,12,4,12,9,power,1.7170194827754557,0.9372455962425508,0.15542817488452432,0,0.0013805567811986282
backfill_16,32,-1,4,12,4,12,9,exponential,0.23912233002995192,0.9902246236232495,0.06134432434480092,0,0.0013805567811986282
backfill_16,32,-1,8,20,8,20,13,power,3.4198084965748423,0.9923499983465708,0.08467790290569505,0,0.0001973116909468036
backfill_16,32,-1,8,20,8,20,13,exponential,0.2584481155837016,0.9976911428544546,0.04651980235335259,0,0.0001973116909468036
backfill_16,32,-1,12,28,12,23,12,power,3.785101715059416,0.9993069917548809,0.02022290805727384,0,0.00012454017994159051
backfill_16,32,-1,12,28,12,23,12,exponential,0.22138020341600617,0.9896543609149493,0.07813634069348947,0,0.00012454017994159051
backfill_16,32,1,4,12,4,12,9,power,1.7239793653381044,0.9372095983700729,0.15610594932400926,0,0.0013707418872153307
backfill_16,32,1,4,12,4,12,9,exponential,0.2400939141479595,0.9902056410383434,0.061653939597113065,0,0.0013707418872153307
backfill_16,32,1,8,20,8,20,13,power,3.4086193412114487,0.992378901149248,0.08424003125474337,0,0.00019465093393601814
backfill_16,32,1,8,20,8,20,13,exponential,0.2576423565855533,0.998028900456656,0.04284143413520929,0,0.00019465093393601814
backfill_16,32,1,12,28,12,24,13,power,3.862102229731511,0.999451486278214,0.019407774395570534,0,9.974092339439487e-05
backfill_16,32,1,12,28,12,24,13,exponential,0.2206130110518231,0.9922618776749738,0.07289534274246394,0,9.974092339439487e-05
backfill_17,16,1,4,12,4,12,9,power,-0.21362240308614372,0.08278194087438429,0.24875648827358876,0,0.001211525715699897
backfill_17,16,1,4,12,4,12,9,exponential,-0.014397444455182045,0.02048346041651672,0.2570656245139683,0,0.001211525715699897
backfill_17,16,1,8,20,8,20,13,power,5.580282098845347,0.8666718830327756,0.6172479447309192,0,1.3082277974534607e-05
backfill_17,16,1,8,20,8,20,13,exponential,0.4377868124647808,0.9389788849817443,0.41757919173051783,0,1.3082277974534607e-05
backfill_17,16,1,12,28,12,28,17,power,6.437964860256661,0.918336699046111,0.4917633692466318,0,6.753498487379209e-06
backfill_17,16,1,12,28,12,28,17,exponential,0.3270539653313233,0.8668913297277413,0.6278355204359422,0,6.753498487379209e-06
backfill_17,24,-1,4,12,4,12,9,power,4.087033715425739,0.9432176049304064,0.35080699906344665,0,0.0002475324190387631
backfill_17,24,-1,4,12,4,12,9,exponential,0.5663849513617576,0.9867550563536187,0.1694284951275956,0,0.0002475324190387631
backfill_17,24,-1,8,20,8,15,8,power,3.2541430760395533,0.7178650459678175,0.41811421790639747,0,0.0002475324190387631
backfill_17,24,-1,8,20,8,15,8,exponential,0.2746365429162475,0.639061969573788,0.47291469657105106,0,0.0002475324190387631
backfill_17,24,1,4,12,4,12,9,power,4.004062625884924,0.909688268426632,0.44135268584061826,0,0.00022621595665923595
backfill_17,24,1,4,12,4,12,9,exponential,0.5620435724296524,0.9763855278989664,0.2256850597456029,0,0.00022621595665923595
backfill_17,24,1,8,20,8,20,13,power,3.237026364726094,0.8053945789354088,0.44873436683544315,0,0.00011651604978589492
backfill_17,24,1,8,20,8,20,13,exponential,0.23170196889606678,0.7263797940627248,0.5320910419612983,0,0.00011651604978589492
backfill_17,24,1,12,28,12,28,17,power,6.080599766489419,0.7536746758155932,0.8904387822368842,0,1.1535036238886633e-06
backfill_17,24,1,12,28,12,28,17,exponential,0.3364785318168713,0.844164124367908,0.7082445778002261,0,1.1535036238886633e-06
backfill_17,32,-1,4,12,4,12,9,power,0.26037601557086426,0.09176152163378759,0.2865693554699056,0,0.0015605651707664711
backfill_17,32,-1,4,12,4,12,9,exponential,0.05163946939443029,0.19661320680510996,0.26952071019109547,0,0.0015605651707664711
backfill_17,32,-1,8,20,8,20,13,power,6.014615678599016,0.908006269739831,0.5398990362289497,0,2.2893751563602073e-05
backfill_17,32,-1,8,20,8,20,13,exponential,0.46739177498297985,0.965213287146987,0.3320015671018122,0,2.2893751563602073e-05
backfill_17,32,-1,12,28,12,23,12,power,7.18293383108244,0.9245945017052676,0.4161731278647938,0,2.2893751563602073e-05
backfill_17,32,-1,12,28,12,23,12,exponential,0.4145824035751703,0.8917260762139865,0.49869436999569233,0,2.2893751563602073e-05
backfill_17,32,1,4,12,4,12,9,power,0.24848758426128062,0.08523138234380334,0.2847866855722665,0,0.001560875518155375
backfill_17,32,1,4,12,4,12,9,exponential,0.04994787851335276,0.18759217949640428,0.26838058815691773,0,0.001560875518155375
backfill_17,32,1,8,20,8,20,13,power,6.074221080914998,0.8943982792200679,0.5886140086856234,0,1.54375898682902e-05
backfill_17,32,1,8,20,8,20,13,exponential,0.47376551181202414,0.9577777160870304,0.37219107711647614,0,1.54375898682902e-05
backfill_17,32,1,12,28,12,24,13,power,7.344187156337267,0.9209584317997102,0.46152005339559843,0,1.54375898682902e-05
backfill_17,32,1,12,28,12,24,13,exponential,0.4130373210695116,0.8863005563706018,0.5535310302402983,0,1.54375898682902e-05
backfill_18,16,1,4,12,4,12,9,power,-0.4985592357737166,0.5170563943481612,0.16856024121939225,0,0.0007372275805348472
backfill_18,16,1,4,12,4,12,9,exponential,-0.059603127956666745,0.4025621852759568,0.1874792846960431,0,0.0007372275805348472
backfill_18,16,1,8,20,8,20,13,power,4.884837586196087,0.8328950522773603,0.6170489548663985,0,1.4002256800527028e-05
backfill_18,16,1,8,20,8,20,13,exponential,0.38587121776078775,0.914877345775037,0.4404002381086124,0,1.4002256800527028e-05
backfill_18,16,1,12,28,12,28,17,power,6.3141592155411805,0.9324055208457558,0.4354755756767053,0,5.721308128270165e-06
backfill_18,16,1,12,28,12,28,17,exponential,0.32193803851265174,0.8866239348918958,0.5639867213921207,0,5.721308128270165e-06
backfill_18,24,-1,4,12,4,12,9,power,3.939318648865994,0.9565199774736214,0.2938177945188008,0,0.00021779388170440987
backfill_18,24,-1,4,12,4,12,9,exponential,0.5358078282978248,0.9639631259971944,0.2674895190804736,0,0.00021779388170440987
backfill_18,24,-1,8,20,8,15,8,power,2.0141799015541912,0.5430813876291991,0.3786487012683358,0,0.00021779388170440987
backfill_18,24,-1,8,20,8,15,8,exponential,0.1662434384398318,0.46239617750822537,0.4107222410163646,0,0.00021779388170440987
backfill_18,24,1,4,12,4,12,9,power,3.6916396342403273,0.9093321526202411,0.40779679059681395,0,0.00039211419698943935
backfill_18,24,1,4,12,4,12,9,exponential,0.5183431885137308,0.9765831588601455,0.20724368501462134,0,0.00039211419698943935
backfill_18,24,1,8,20,8,20,13,power,3.317066107812214,0.8441227000400977,0.4019876896362048,0,0.00015959763508577207
backfill_18,24,1,8,20,8,20,13,exponential,0.23879459669414124,0.770077428788264,0.48821612577688633,0,0.00015959763508577207
backfill_18,24,1,12,28,12,28,17,power,6.164172444394713,0.7808062301352156,0.8365893396152652,0,2.2729305502412946e-06
backfill_18,24,1,12,28,12,28,17,exponential,0.3394034229938261,0.8658591113790371,0.6544535271887949,0,2.2729305502412946e-06
backfill_18,32,-1,4,12,4,12,9,power,0.832791017112033,0.47242495227047965,0.3078724772942322,0,0.0016397882072965765
backfill_18,32,-1,4,12,4,12,9,exponential,0.12969057756681826,0.6241200060677958,0.25986832573747726,0,0.0016397882072965765
backfill_18,32,-1,8,20,8,20,13,power,6.215642794682467,0.9371669954696839,0.4538804200125432,0,3.262812572920607e-05
backfill_18,32,-1,8,20,8,20,13,exponential,0.4775309087426645,0.9737241486846708,0.29351204772477457,0,3.262812572920607e-05
backfill_18,32,-1,12,28,12,23,12,power,6.388604099782379,0.884991810277044,0.4672475670421834,0,3.262812572920607e-05
backfill_18,32,-1,12,28,12,23,12,exponential,0.3647605460208739,0.8352282514904794,0.5592732403912128,0,3.262812572920607e-05
backfill_18,32,1,4,12,4,12,9,power,0.29680508791675886,0.11623184115078133,0.28631037300414136,0,0.0014612905337646129
backfill_18,32,1,4,12,4,12,9,exponential,0.056496133374939014,0.22940896036626324,0.2673498131808824,0,0.0014612905337646129
backfill_18,32,1,8,20,8,20,13,power,6.029307521329516,0.9083066502383247,0.5402441674571664,0,2.0780927202378092e-05
backfill_18,32,1,8,20,8,20,13,exponential,0.46855330466327366,0.9656143500267316,0.3308337338593515,0,2.0780927202378092e-05
backfill_18,32,1,12,28,12,24,13,power,6.741862532032907,0.9087619266624114,0.45822836020013724,0,2.0780927202378092e-05
backfill_18,32,1,12,28,12,24,13,exponential,0.37712308008462647,0.8651799306796033,0.5570205076665851,0,2.0780927202378092e-05
backfill_19,16,1,4,12,4,12,9,power,3.319257822541562,0.6653188206895592,0.8235706346402956,0,7.316232185993366e-08
backfill_19,16,1,4,12,4,12,9,exponential,0.47630779842673615,0.7463004610620148,0.7170427460217947,0,7.316232185993366e-08
backfill_19,16,1,8,20,8,18,11,power,17.691486102069007,0.9185721308414446,1.3384727499160787,0,1.2333915065714816e-12
backfill_19,16,1,8,20,8,18,11,exponential,1.4597237832228411,0.9684905124413608,0.8326139228914836,0,1.2333915065714816e-12
backfill_19,16,1,12,28,12,18,7,power,26.8899702189199,0.9716861129953658,0.6195666572811908,0,1.2333915065714816e-12
backfill_19,16,1,12,28,12,18,7,exponential,1.8296969636736728,0.9877379617785175,0.40772714214043715,0,1.2333915065714816e-12
backfill_19,24,-1,4,12,4,12,9,power,13.603538846224229,0.9562774732478574,1.0175873260591188,0,1.7755342603505764e-09
backfill_19,24,-1,4,12,4,12,9,exponential,1.8775710507293764,0.9923465760838189,0.4257424428564087,0,1.7755342603505764e-09
backfill_19,24,-1,8,20,8,15,8,power,10.994158398108183,0.7977468179336064,1.1345623810598504,0,1.7755342603505764e-09
backfill_19,24,-1,8,20,8,15,8,exponential,0.9384478258283595,0.7264708163309479,1.319418388828061,0,1.7755342603505764e-09
backfill_19,24,1,4,12,4,12,9,power,14.085090815982687,0.942528562078185,1.2167393341736046,0,5.938383260548254e-10
backfill_19,24,1,4,12,4,12,9,exponential,1.9575837415653339,0.9917595863130815,0.4607295033870884,0,5.938383260548254e-10
backfill_19,24,1,8,20,8,20,13,power,11.695278217778784,0.8967088132601556,1.119402960683836,0,8.198614567484685e-12
backfill_19,24,1,8,20,8,20,13,exponential,0.8619543489060243,0.8574068143297382,1.3152375621472527,0,8.198614567484685e-12
backfill_19,24,1,12,28,12,21,10,power,10.716656600554703,0.7397453128082598,1.1306409012064613,0,1.9506438030076453e-12
backfill_19,24,1,12,28,12,21,10,exponential,0.6923301135402978,0.8050624458262703,0.9785278001645379,0,1.9506438030076453e-12
backfill_19,32,-1,4,12,4,12,9,power,3.320147705189136,0.657647755679422,0.8380239836347423,0,8.422722634188725e-08
backfill_19,32,-1,4,12,4,12,9,exponential,0.47952595220557886,0.7472970313331418,0.7199876223135899,0,8.422722634188725e-08
backfill_19,32,-1,8,20,8,18,11,power,18.009208981148216,0.9188957136378556,1.3595611441803521,0,1.162675238028886e-12
backfill_19,32,-1,8,20,8,18,11,exponential,1.48581888384532,0.9686749442696596,0.8449339614985806,0,1.162675238028886e-12
backfill_19,32,-1,12,28,12,18,7,power,27.382437725267685,0.9718128109817691,0.6294592931588079,0,1.162675238028886e-12
backfill_19,32,-1,12,28,12,18,7,exponential,1.8631658425373925,0.9878238032603257,0.4137115009226434,0,1.162675238028886e-12
backfill_19,32,1,4,12,4,12,9,power,4.293554995710737,0.7044078200732313,0.972994847909504,0,1.6658895468157817e-07
backfill_19,32,1,4,12,4,12,9,exponential,0.6304635132744949,0.8273714211702704,0.7435675321799821,0,1.6658895468157817e-07
backfill_19,32,1,8,20,8,17,10,power,18.361834619900918,0.9357844364945015,1.14868634893186,0,1.012235680482067e-11
backfill_19,32,1,8,20,8,17,10,exponential,1.5597858512990783,0.9768351525286061,0.6899157085414193,0,1.012235680482067e-11
backfill_19,32,1,12,28,12,17,6,power,27.855304423404576,0.9799040910722597,0.4742726412173143,0,1.012235680482067e-11
backfill_19,32,1,12,28,12,17,6,exponential,1.9507809242565086,0.9916429006540693,0.3058454530322413,0,1.012235680482067e-11
backfill_20,16,1,4,12,4,12,9,power,3.31282741332645,0.6666025510643836,0.8196068633321059,0,7.186626906408021e-08
backfill_20,16,1,4,12,4,12,9,exponential,0.47477964074823403,0.7458371562788476,0.7156167228274656,0,7.186626906408021e-08
backfill_20,16,1,8,20,8,18,11,power,17.64031061266858,0.9181817623637282,1.3380805955051667,0,1.2401255905786188e-12
backfill_20,16,1,8,20,8,18,11,exponential,1.455624131059041,0.9682423366800152,0.8336456388629208,0,1.2401255905786188e-12
backfill_20,16,1,12,28,12,18,7,power,26.82849040687147,0.9715297984315575,0.6199039613563856,0,1.2401255905786188e-12
backfill_20,16,1,12,28,12,18,7,exponential,1.8255602048362294,0.9876294465954719,0.40862384393192125,0,1.2401255905786188e-12
backfill_20,24,-1,4,12,4,12,9,power,13.860058901161404,0.9528469370703734,1.078617801869061,0,1.0828041366373103e-09
backfill_20,24,-1,4,12,4,12,9,exponential,1.917220509676876,0.9931791974159148,0.4102327887998955,0,1.0828041366373103e-09
backfill_20,24,-1,8,20,8,15,8,power,11.665418886097244,0.804391847333012,1.1789930154823403,0,1.0828041366373103e-09
backfill_20,24,-1,8,20,8,15,8,exponential,0.9968053218054649,0.7340818499725368,1.3746487669933398,0,1.0828041366373103e-09
backfill_20,24,1,4,12,4,12,9,power,14.10354522627257,0.9411646041178608,1.2335988830024465,0,5.634240418738543e-10
backfill_20,24,1,4,12,4,12,9,exponential,1.9611538379547069,0.9913404116211838,0.4732637623184478,0,5.634240418738543e-10
backfill_20,24,1,8,20,8,20,13,power,11.746070339058834,0.8960730309445858,1.128119233942933,0,8.27813678968675e-12
backfill_20,24,1,8,20,8,20,13,exponential,0.8649215739467367,0.8552631287781098,1.3313138899138284,0,8.27813678968675e-12
backfill_20,24,1,12,28,12,21,10,power,10.560367830588788,0.7346660111196313,1.1288538619272375,0,1.9838171263733358e-12
backfill_20,24,1,12,28,12,21,10,exponential,0.6826404209141417,0.8004890383482532,0.9788691940463804,0,1.9838171263733358e-12
backfill_20,32,-1,4,12,4,12,9,power,3.331900805570613,0.6575847862245094,0.8411081400741257,0,8.579970511354133e-08
backfill_20,32,-1,4,12,4,12,9,exponential,0.4817534896444545,0.7488724604162932,0.7203150363148408,0,8.579970511354133e-08
backfill_20,32,-1,8,20,8,18,11,power,18.04532687087337,0.9193622763190572,1.358019039412268,0,1.1679281074984738e-12
backfill_20,32,-1,8,20,8,18,11,exponential,1.4886475860978732,0.9689700131229676,0.8424177809598729,0,1.1679281074984738e-12
backfill_20,32,-1,12,28,12,18,7,power,27.412986808588542,0.9719818791899623,0.6282141898097218,0,1.1679281074984738e-12
backfill_20,32,-1,12,28,12,18,7,exponential,1.865186577609386,0.9879343234957652,0.41225324100035593,0,1.1679281074984738e-12
backfill_20,32,1,4,12,4,12,9,power,4.231566132127513,0.7005970692594485,0.9677298176636477,0,1.6276788376593157e-07
backfill_20,32,1,4,12,4,12,9,exponential,0.6216182944439661,0.8235768253661253,0.742854768469219,0,1.6276788376593157e-07
backfill_20,32,1,8,20,8,17,10,power,18.26828566960429,0.9353194713497022,1.147249125523602,0,1.0290722745578328e-11
backfill_20,32,1,8,20,8,17,10,exponential,1.5519864280317759,0.9765351426306959,0.6910029703834395,0,1.0290722745578328e-11
backfill_20,32,1,12,28,12,17,6,power,27.74380837435084,0.9794949629544121,0.4772581724763023,0,1.0290722745578328e-11
backfill_20,32,1,12,28,12,17,6,exponential,1.9431112276356388,0.9913703621415384,0.309613137426938,0,1.0290722745578328e-11
backfill_21,16,1,4,12,4,12,9,power,4.077196072630106,0.7224901143317823,0.88398316996267,0,1.9136113909257334e-08
backfill_21,16,1,4,12,4,12,9,exponential,0.5755375917842698,0.7842356789262855,0.7794613456245094,0,1.9136113909257334e-08
backfill_21,16,1,8,20,8,17,10,power,17.431385094274543,0.9303219361010342,1.139243219728651,0,1.7318580334283268e-12
backfill_21,16,1,8,20,8,17,10,exponential,1.4826807829860917,0.9736714495258558,0.7002963938397005,0,1.7318580334283268e-12
backfill_21,16,1,12,28,12,17,6,power,26.63820698287916,0.9801637679752631,0.4505503990976232,0,1.7318580334283268e-12
backfill_21,16,1,12,28,12,17,6,exponential,1.8653352565203294,0.9916833420808943,0.2917347801840073,0,1.7318580334283268e-12
backfill_21,24,-1,4,12,4,12,9,power,14.810965442319555,0.95734903499626,1.0936334176777627,0,2.5426005303898115e-10
backfill_21,24,-1,4,12,4,12,9,exponential,2.0462109538639073,0.9953936561194489,0.3594061627305327,0,2.5426005303898115e-10
backfill_21,24,-1,8,20,8,15,8,power,11.82521708104673,0.7862631877556581,1.2636187543159765,0,2.5426005303898115e-10
backfill_21,24,-1,8,20,8,15,8,exponential,1.009929518471686,0.7167845528338742,1.4545708084623235,0,2.5426005303898115e-10
backfill_21,24,1,4,12,4,12,9,power,15.458944493885161,0.9367074549771418,1.40576670759314,0,5.665809571144266e-11
backfill_21,24,1,4,12,4,12,9,exponential,2.1527776857308156,0.9895395546655227,0.5714945081286068,0,5.665809571144266e-11
backfill_21,24,1,8,20,8,20,13,power,12.718762077490958,0.8834986685299324,1.3024987559142918,0,1.0816493101409711e-12
backfill_21,24,1,8,20,8,20,13,exponential,0.9373920308307279,0.844786187445723,1.5034086895273042,0,1.0816493101409711e-12
backfill_21,24,1,12,28,12,20,9,power,8.890965319977408,0.5926050040032254,1.2116731217006869,0,1.0816493101409711e-12
backfill_21,24,1,12,28,12,20,9,exponential,0.5977383358188463,0.6609607998591396,1.1053570521547216,0,1.0816493101409711e-12
backfill_21,32,-1,4,12,4,12,9,power,4.042880339673886,0.7123670576577441,0.8987055217694817,0,2.2211102055681394e-08
backfill_21,32,-1,4,12,4,12,9,exponential,0.5744199163870405,0.7833782754743576,0.7799182853206972,0,2.2211102055681394e-08
backfill_21,32,-1,8,20,8,17,10,power,17.720215977749984,0.9308134449541087,1.153723366993496,0,1.7536440908127367e-12
backfill_21,32,-1,8,20,8,17,10,exponential,1.5070649909520095,0.9739490546226202,0.7079499893209046,0,1.7536440908127367e-12
backfill_21,32,-1,12,28,12,17,6,power,27.087481709090607,0.9802493340174164,0.45714012997668346,0,1.7536440908127367e-12
backfill_21,32,-1,12,28,12,17,6,exponential,1.896721989921237,0.9916929056539314,0.29647156553046417,0,1.7536440908127367e-12
backfill_21,32,1,4,12,4,12,9,power,4.891754935970207,0.7337605595751044,1.0308199863563483,0,4.8009503314206496e-08
backfill_21,32,1,4,12,4,12,9,exponential,0.7122931694681325,0.8474869732136128,0.7801895061712346,0,4.8009503314206496e-08
backfill_21,32,1,8,20,8,17,10,power,19.82091333028547,0.9398698125568223,1.1972621123188327,0,1.5251851809731537e-12
backfill_21,32,1,8,20,8,17,10,exponential,1.6823356100589322,0.9794748814056022,0.6994969063705824,0,1.5251851809731537e-12
backfill_21,32,1,12,28,12,17,6,power,29.760261278037564,0.9841761477760709,0.4486571088468905,0,1.5251851809731537e-12
backfill_21,32,1,12,28,12,17,6,exponential,2.082440926667966,0.9942950810360871,0.2693910630644118,0,1.5251851809731537e-12
backfill_22,16,1,4,12,4,12,9,power,4.062974316293693,0.722841401282176,0.8801280667362695,0,1.882905199696361e-08
backfill_22,16,1,4,12,4,12,9,exponential,0.5726835457570179,0.7823025882642561,0.7800246457821804,0,1.882905199696361e-08
backfill_22,16,1,8,20,8,17,10,power,17.31175539254274,0.9300132236206733,1.1341165516853913,0,1.7980894693642345e-12
backfill_22,16,1,8,20,8,17,10,exponential,1.4725992616605537,0.9734725685485582,0.6982280537394714,0,1.7980894693642345e-12
backfill_22,16,1,12,28,12,17,6,power,26.45502732349436,0.9797065844892906,0.4526847840583331,0,1.7980894693642345e-12
backfill_22,16,1,12,28,12,17,6,exponential,1.8526867537752811,0.9914119399687571,0.2944868176314522,0,1.7980894693642345e-12
backfill_22,24,-1,4,12,4,12,9,power,14.863306992815879,0.9572415884137007,1.0989415020525632,0,2.2668215389383504e-10
backfill_22,24,-1,4,12,4,12,9,exponential,2.0537013659980774,0.9955331779227398,0.3551919547887936,0,2.2668215389383504e-10
backfill_22,24,-1,8,20,8,15,8,power,11.908097156822393,0.7868925800216233,1.2700919935271329,0,2.2668215389383504e-10
backfill_22,24,-1,8,20,8,15,8,exponential,1.0171164184916468,0.7175114695152293,1.462299401990337,0,2.2668215389383504e-10
backfill_22,24,1,4,12,4,12,9,power,15.412561627505928,0.9349409950301337,1.422314238657452,0,5.904610580294925e-11
backfill_22,24,1,4,12,4,12,9,exponential,2.1475290269239564,0.9887878642957255,0.5904539361887302,0,5.904610580294925e-11
backfill_22,24,1,8,20,8,20,13,power,12.799401126366906,0.8847194560349673,1.302971295980986,0,1.1427643838750368e-12
backfill_22,24,1,8,20,8,20,13,exponential,0.9424851962359593,0.8444295656041625,1.5136322490079577,0,1.1427643838750368e-12
backfill_22,24,1,12,28,12,20,9,power,8.760115026465108,0.5927249456822825,1.1935441296988614,0,1.1427643838750368e-12
backfill_22,24,1,12,28,12,20,9,exponential,0.5890175927482917,0.6612658912708775,1.088488991061529,0,1.1427643838750368e-12
backfill_22,32,-1,4,12,4,12,9,power,4.0350266269536155,0.7103846774459104,0.9013002770280958,0,2.3782386853185108e-08
backfill_22,32,-1,4,12,4,12,9,exponential,0.5746530509993748,0.7848789842846504,0.7767837949512726,0,2.3782386853185108e-08
backfill_22,32,-1,8,20,8,17,10,power,17.786470365642668,0.9314336412269396,1.1524510956451601,0,1.8331124196932125e-12
backfill_22,32,-1,8,20,8,17,10,exponential,1.5124951022863429,0.974334272161998,0.7050886991546848,0,1.8331124196932125e-12
backfill_22,32,-1,12,28,12,17,6,power,27.15470797185178,0.9803410064260805,0.4571885177851912,0,1.8331124196932125e-12
backfill_22,32,-1,12,28,12,17,6,exponential,1.9014124014027223,0.9917680060387485,0.2958470177978092,0,1.8331124196932125e-12
backfill_22,32,1,4,12,4,12,9,power,4.810135358314223,0.7289188103680204,1.026187062347986,0,4.708486124769073e-08
backfill_22,32,1,4,12,4,12,9,exponential,0.7006669642697647,0.8425163482422908,0.7821581625316861,0,4.708486124769073e-08
backfill_22,32,1,8,20,8,17,10,power,19.7269711786449,0.9395462498494728,1.1949950330681594,0,1.5607723569999028e-12
backfill_22,32,1,8,20,8,17,10,exponential,1.6744896053097487,0.9792868140905816,0.6994842310721516,0,1.5607723569999028e-12
backfill_22,32,1,12,28,12,17,6,power,29.646387247064933,0.9841289893995023,0.44761659335126885,0,1.5607723569999028e-12
backfill_22,32,1,12,28,12,17,6,exponential,2.074492745810273,0.9942666346886516,0.2690349448602928,0,1.5607723569999028e-12
backfill_23,16,1,4,12,4,12,9,power,4.806436948415892,0.7519046343173406,0.9658514128306901,0,5.290123534007551e-09
backfill_23,16,1,4,12,4,12,9,exponential,0.6729012404591102,0.8028037857514864,0.8610934387174913,0,5.290123534007551e-09
backfill_23,16,1,8,20,8,16,9,power,17.14879497499184,0.940590375915766,0.9588198901995381,0,2.283951354956864e-12
backfill_23,16,1,8,20,8,16,9,exponential,1.5063558071169332,0.9775671699928283,0.5891836209470097,0,2.283951354956864e-12
backfill_23,24,-1,4,12,4,12,9,power,16.40790711497047,0.9424853235734002,1.4179612281249043,1,1.1536697051734376e-11
backfill_23,24,-1,4,12,4,12,9,exponential,2.2797302829086727,0.9911186454733381,0.5572045047156436,1,1.1536697051734376e-11
backfill_23,24,-1,8,20,8,15,8,power,13.10153951809434,0.7099770383003876,1.7161989011280872,2,1.1536697051734376e-11
backfill_23,24,-1,8,20,8,15,8,exponential,1.1160998724722173,0.6439654459869844,1.9015051352713257,2,1.1536697051734376e-11
backfill_23,24,1,4,12,4,12,9,power,16.0921798517023,0.9459295378630675,1.3459367445105268,1,2.4340468789562747e-11
backfill_23,24,1,4,12,4,12,9,exponential,2.2340655000941125,0.9931419505882827,0.47934137116623654,1,2.4340468789562747e-11
backfill_23,24,1,8,20,8,18,11,power,13.206783648779476,0.8724411244826347,1.2832156735780278,2,2.9314950048493234e-12
backfill_23,24,1,8,20,8,18,11,exponential,1.0246466980256435,0.8133166453603311,1.5523766894297766,2,2.9314950048493234e-12
backfill_23,24,1,12,28,12,18,7,power,5.642167922217958,0.435425748521601,0.867182399521582,1,2.9314950048493234e-12
backfill_23,24,1,12,28,12,18,7,exponential,0.4046590482026065,0.4917435368751909,0.8227944925490024,1,2.9314950048493234e-12
backfill_23,32,-1,4,12,4,12,9,power,4.772141616164503,0.7444314423367452,0.9781687966899775,0,6.0751810106852086e-09
backfill_23,32,-1,4,12,4,12,9,exponential,0.6719953845181568,0.8041204992531938,0.8563564794227204,0,6.0751810106852086e-09
backfill_23,32,-1,8,20,8,16,9,power,17.434292101122544,0.940828203860677,0.9727065042920913,0,2.283951354956864e-12
backfill_23,32,-1,8,20,8,16,9,exponential,1.5313469994206108,0.9777032914117375,0.5970969085578671,0,2.283951354956864e-12
backfill_23,32,1,4,12,4,12,9,power,5.515245531570608,0.7489377248413873,1.1170994878415452,0,1.3027779396797517e-08
backfill_23,32,1,4,12,4,12,9,exponential,0.7986466667554221,0.8554918224514516,0.8475148852496427,0,1.3027779396797517e-08
backfill_23,32,1,8,20,8,16,9,power,19.46957215126759,0.9514396293416182,0.9785478696702976,0,2.9932719507455144e-12
backfill_23,32,1,8,20,8,16,9,exponential,1.7062315612052135,0.9842434302016152,0.5574063579582792,0,2.9932719507455144e-12
backfill_24,16,1,4,12,4,12,9,power,4.803812211942664,0.7553219721243859,0.9564814969841545,0,5.148777539929306e-09
backfill_24,16,1,4,12,4,12,9,exponential,0.6711736467169646,0.803193819226117,0.8578245164401611,0,5.148777539929306e-09
backfill_24,16,1,8,20,8,16,9,power,17.060447167143757,0.9398664507607897,0.9600437951932382,0,2.292481914704383e-12
backfill_24,16,1,8,20,8,16,9,exponential,1.4988325999553824,0.9771241554688621,0.5921356301627382,0,2.292481914704383e-12
backfill_24,24,-1,4,12,4,12,9,power,16.98137798642452,0.9244673277530847,1.6980625935403364,1,2.896237877331678e-12
backfill_24,24,-1,4,12,4,12,9,exponential,2.369757298230139,0.9807175328157718,0.8579610472320756,1,2.896237877331678e-12
backfill_24,24,-1,8,20,8,15,8,power,13.1480728711868,0.6184971329005033,2.1163788293751,2,2.896237877331678e-12
backfill_24,24,-1,8,20,8,15,8,exponential,1.1135467574221756,0.5544816877022481,2.2870585625135877,2,2.896237877331678e-12
backfill_24,24,1,4,12,4,12,9,power,16.079149008263283,0.9452318572747326,1.353994861777716,1,2.5502494575724073e-11
backfill_24,24,1,4,12,4,12,9,exponential,2.2328236495309866,0.9929138505220401,0.48703274803776053,1,2.5502494575724073e-11
backfill_24,24,1,8,20,8,18,11,power,13.3278246659064,0.8745398514731862,1.2827371796590723,2,2.9425995660909237e-12
backfill_24,24,1,8,20,8,18,11,exponential,1.0335245623506641,0.8144642693344203,1.5599064849648143,2,2.9425995660909237e-12
backfill_24,24,1,12,28,12,18,7,power,5.56286822132269,0.4478487036529758,0.8337255800302419,1,2.9425995660909237e-12
backfill_24,24,1,12,28,12,18,7,exponential,0.39838622951002495,0.5042901332860203,0.78996501845684,1,2.9425995660909237e-12
backfill_24,32,-1,4,12,4,12,9,power,4.791065596909173,0.7439244566842025,0.9833562330960957,0,6.245418697273992e-09
backfill_24,32,-1,4,12,4,12,9,exponential,0.6758136576360091,0.8063229524306692,0.8551964739254868,0,6.245418697273992e-09
backfill_24,32,-1,8,20,8,16,9,power,17.52210416238543,0.9415918973258999,0.9708826509404147,0,2.292481914704383e-12
backfill_24,32,-1,8,20,8,16,9,exponential,1.5388120881538856,0.9781817077462315,0.5933904718983617,0,2.292481914704383e-12
backfill_24,32,1,4,12,4,12,9,power,5.411722009459752,0.7431094749932594,1.113120671581918,0,1.2803228607037511e-08
backfill_24,32,1,4,12,4,12,9,exponential,0.7837056622335195,0.8489425475951254,0.8535702754288297,0,1.2803228607037511e-08
backfill_24,32,1,8,20,8,16,9,power,19.345556600807456,0.9509662232998662,0.9772859290543021,0,3.025248734681095e-12
backfill_24,32,1,8,20,8,16,9,exponential,1.695534562735853,0.9839523978189495,0.5590865547608538,0,3.025248734681095e-12
backfill_25,16,1,4,12,4,12,9,power,1.3986228237403622,0.34223114024109647,0.6783231331750741,0,3.3907010949539462e-06
backfill_25,16,1,4,12,4,12,9,exponential,0.22363950295392868,0.4766568408534553,0.6050527644230512,0,3.3907010949539462e-06
backfill_25,16,1,8,20,8,20,13,power,15.58516322448044,0.9041682985123656,1.4309066291573198,0,4.5024844776256706e-11
backfill_25,16,1,8,20,8,20,13,exponential,1.2124083959166942,0.9631912170095577,0.8868137647877347,0,4.5024844776256706e-11
backfill_25,16,1,12,28,12,28,17,power,16.759995381532175,0.9387562066727894,1.0965377902815538,0,2.0804894086070075e-12
backfill_25,16,1,12,28,12,28,17,exponential,0.856024690992339,0.8957745100757174,1.430472571862758,0,2.0804894086070075e-12
backfill_25,24,-1,4,12,4,12,9,power,10.358213012950262,0.9389556561762795,0.9239407805988266,0,1.6320087816755835e-07
backfill_25,24,-1,4,12,4,12,9,exponential,1.4338024794725845,0.9800416940165411,0.5283032223814877,0,1.6320087816755835e-07
backfill_25,24,-1,8,20,8,15,8,power,8.237068160711175,0.7259650565522943,1.037215557542903,0,1.6320087816755835e-07
backfill_25,24,-1,8,20,8,15,8,exponential,0.6959604823520196,0.6477335091502286,1.1759848212636317,0,1.6320087816755835e-07
backfill_25,24,1,4,12,4,12,9,power,10.622475653544436,0.9274413391912056,1.0394085222893696,0,7.464773758658333e-08
backfill_25,24,1,4,12,4,12,9,exponential,1.481492728307469,0.9827080214258836,0.5074158026262039,0,7.464773758658333e-08
backfill_25,24,1,8,20,8,20,13,power,8.466584366782378,0.8580070375618336,0.9713286627933027,0,3.4271421991058993e-09
backfill_25,24,1,8,20,8,20,13,exponential,0.6199557560291022,0.8098113139601233,1.1241522483565904,0,3.4271421991058993e-09
backfill_25,24,1,12,28,12,25,14,power,13.916557450456096,0.7981441552164682,1.5789195055017822,0,1.982793138207723e-12
backfill_25,24,1,12,28,12,25,14,exponential,0.8139860917326553,0.8717835766440643,1.2583781082797265,0,1.982793138207723e-12
backfill_25,32,-1,4,12,4,12,9,power,1.4370797382446714,0.33885202958906047,0.7022379243652674,0,3.863458357698035e-06
backfill_25,32,-1,4,12,4,12,9,exponential,0.230984025871025,0.4768730103723222,0.6246525379649895,0,3.863458357698035e-06
backfill_25,32,-1,8,20,8,20,13,power,15.466154708593622,0.9148300506125656,1.3308383672053232,0,1.218179364333023e-10
backfill_25,32,-1,8,20,8,20,13,exponential,1.1989291958775723,0.9677225729142382,0.8192785275381577,0,1.218179364333023e-10
backfill_25,32,-1,12,28,12,23,12,power,18.248075354735345,0.9258748186371095,1.047538826437923,0,1.218179364333023e-10
backfill_25,32,-1,12,28,12,23,12,exponential,1.0539775011830117,0.8942171262007055,1.2513964683357075,0,1.218179364333023e-10
backfill_25,32,1,4,12,4,12,9,power,2.6817556652743733,0.5773567599209242,0.802681340865956,0,5.449041954394213e-06
backfill_25,32,1,4,12,4,12,9,exponential,0.40641407048226563,0.7223269249309088,0.6506135275226346,0,5.449041954394213e-06
backfill_25,32,1,8,20,8,20,13,power,17.091324345351314,0.9256873123791244,1.3656676553215623,0,7.798082399071001e-11
backfill_25,32,1,8,20,8,20,13,exponential,1.3208547499849423,0.9732201260344535,0.8198186687992395,0,7.798082399071001e-11
backfill_25,32,1,12,28,12,24,13,power,18.192310927711304,0.9044271988217936,1.2685491567370513,0,7.798082399071001e-11
backfill_25,32,1,12,28,12,24,13,exponential,1.015955616685625,0.8582172117766401,1.5450833045062211,0,7.798082399071001e-11
backfill_26,16,1,4,12,4,12,9,power,1.375395377002995,0.3359416665553081,0.6764845220005383,0,3.405880126384279e-06
backfill_26,16,1,4,12,4,12,9,exponential,0.2203277344577665,0.46961026452222054,0.604577950649449,0,3.405880126384279e-06
backfill_26,16,1,8,20,8,20,13,power,15.590135116962097,0.9030518180640393,1.4405666527338044,0,4.327133285254792e-11
backfill_26,16,1,8,20,8,20,13,exponential,1.213114796748845,0.9625089808367431,0.8958331841224049,0,4.327133285254792e-11
backfill_26,16,1,12,28,12,28,17,power,16.794050159375907,0.9382571530412752,1.103526858518511,0,2.072675365986865e-12
backfill_26,16,1,12,28,12,28,17,exponential,0.857678537453874,0.8951197958769757,1.4382564963963673,0,2.072675365986865e-12
backfill_26,24,-1,4,12,4,12,9,power,10.545816280105878,0.935930991596499,0.9652535619914931,0,1.1730548618217448e-07
backfill_26,24,-1,4,12,4,12,9,exponential,1.4630406792868373,0.9812659315795884,0.5219554813498802,0,1.1730548618217448e-07
backfill_26,24,-1,8,20,8,15,8,power,8.778924559024032,0.7408574686593561,1.064129742757739,0,1.1730548618217448e-07
backfill_26,24,-1,8,20,8,15,8,exponential,0.7430562534456276,0.6633644946863466,1.2128446964716233,0,1.1730548618217448e-07
backfill_26,24,1,4,12,4,12,9,power,10.642325587071769,0.9263973889959733,1.0494061751202122,0,7.234433325715931e-08
backfill_26,24,1,4,12,4,12,9,exponential,1.4848444135970795,0.9823734798668191,0.5135471172137147,0,7.234433325715931e-08
backfill_26,24,1,8,20,8,20,13,power,8.48857748793741,0.8567052824134331,0.9790486313116764,0,3.4421142385930296e-09
backfill_26,24,1,8,20,8,20,13,exponential,0.621163729790444,0.8075359498827689,1.1346554003956826,0,3.4421142385930296e-09
backfill_26,24,1,12,28,12,25,14,power,13.817610827029814,0.7972239639151003,1.5721691723462141,0,2.1277225584969644e-12
backfill_26,24,1,12,28,12,25,14,exponential,0.8083286621177276,0.8710586522687057,1.2536810585491418,0,2.1277225584969644e-12
backfill_26,32,-1,4,12,4,12,9,power,1.4555564111029633,0.342806026407959,0.7050350830704077,0,3.887595708818025e-06
backfill_26,32,-1,4,12,4,12,9,exponential,0.23373545487457398,0.4815374248625055,0.6262138208477261,0,3.887595708818025e-06
backfill_26,32,-1,8,20,8,20,13,power,15.650567402381178,0.911791053400858,1.372804584850723,0,8.82977432548685e-11
backfill_26,32,-1,8,20,8,20,13,exponential,1.2145076636993413,0.9665487170452272,0.8453932823770491,0,8.82977432548685e-11
backfill_26,32,-1,12,28,12,23,12,power,18.764738338707303,0.9287528397995463,1.0544415960809341,0,8.82977432548685e-11
backfill_26,32,-1,12,28,12,23,12,exponential,1.0851845633250343,0.8992584038756926,1.2538430129316982,0,8.82977432548685e-11
backfill_26,32,1,4,12,4,12,9,power,2.6467312955838853,0.571524528226604,0.8017048727299038,0,5.42166444498798e-06
backfill_26,32,1,4,12,4,12,9,exponential,0.4016437817107911,0.7169481612265723,0.6516051838291205,0,5.42166444498798e-06
backfill_26,32,1,8,20,8,20,13,power,17.162507568889964,0.9236415171656337,1.3916423714923698,0,6.573667089736799e-11
backfill_26,32,1,8,20,8,20,13,exponential,1.3274701335746162,0.9727014369985751,0.8320872953120432,0,6.573667089736799e-11
backfill_26,32,1,12,28,12,24,13,power,18.485325294320138,0.9068224697520509,1.2710441587262566,0,6.573667089736799e-11
backfill_26,32,1,12,28,12,24,13,exponential,1.033123613806013,0.8618318278872894,1.5477793485700961,0,6.573667089736799e-11
backfill_27,16,1,4,12,4,12,9,power,2.0203740117117515,0.49612148171699355,0.7122948493874577,0,8.67112647655203e-07
backfill_27,16,1,4,12,4,12,9,exponential,0.3058127668760408,0.6191932321397997,0.6192260401002704,0,8.67112647655203e-07
backfill_27,16,1,8,20,8,20,13,power,17.57057178106582,0.9071703474559938,1.5850932371608006,0,2.9461115009829817e-12
backfill_27,16,1,8,20,8,20,13,exponential,1.366062035798506,0.9652637095161468,0.9696235825040305,0,2.9461115009829817e-12
backfill_27,16,1,12,28,12,25,14,power,19.93751962080901,0.9266980445059911,1.2650507901646064,0,1.6901079981203137e-12
backfill_27,16,1,12,28,12,25,14,exponential,1.0906063483740183,0.885297105265662,1.5824768704251415,0,1.6901079981203137e-12
backfill_27,24,-1,4,12,4,12,9,power,11.53893889195328,0.9437996979855114,0.9850412233644449,0,3.65120954808139e-08
backfill_27,24,-1,4,12,4,12,9,exponential,1.5946336442336073,0.9818845450789612,0.5592547783322481,0,3.65120954808139e-08
backfill_27,24,-1,8,20,8,15,8,power,9.050384510793394,0.7411400604780265,1.0962271593525963,0,3.65120954808139e-08
backfill_27,24,-1,8,20,8,15,8,exponential,0.7660476447103018,0.6636431205183784,1.249592161584898,0,3.65120954808139e-08
backfill_27,24,1,4,12,4,12,9,power,11.960870307466156,0.932997367140425,1.1213149985019417,0,1.3641001110403733e-08
backfill_27,24,1,4,12,4,12,9,exponential,1.6654633946695834,0.9854067447725624,0.523308496421475,0,1.3641001110403733e-08
backfill_27,24,1,8,20,8,20,13,power,9.527189178582063,0.8703466568569475,1.0370041517743451,0,3.7903227261284716e-10
backfill_27,24,1,8,20,8,20,13,exponential,0.6988168649379833,0.824285233914369,1.2072376316557054,0,3.7903227261284716e-10
backfill_27,24,1,12,28,12,23,12,power,11.941481750726537,0.7921851591597326,1.2408790795008222,0,6.1914385881898045e-12
backfill_27,24,1,12,28,12,23,12,exponential,0.7311929181563762,0.8598770897684771,1.0189333041809978,0,6.1914385881898045e-12
backfill_27,32,-1,4,12,4,12,9,power,2.0323483532110624,0.48222007771012887,0.7367280973332289,0,9.775434104687384e-07
backfill_27,32,-1,4,12,4,12,9,exponential,0.3100530356741803,0.6113803214745639,0.6382591130771078,0,9.775434104687384e-07
backfill_27,32,-1,8,20,8,20,13,power,17.295460428335847,0.9185419754728927,1.4525113684163946,0,9.665265686327809e-12
backfill_27,32,-1,8,20,8,20,13,exponential,1.3396239217938282,0.9700377090819335,0.8809273864032727,0,9.665265686327809e-12
backfill_27,32,-1,12,28,12,23,12,power,20.35552404898387,0.9296377097133348,1.1361658206671308,0,9.665265686327809e-12
backfill_27,32,-1,12,28,12,23,12,exponential,1.1755151117139169,0.8975688070460167,1.3708434205343363,0,9.665265686327809e-12
backfill_27,32,1,4,12,4,12,9,power,3.174222529568281,0.6196070726159438,0.8700706683642545,0,1.5971696839777875e-06
backfill_27,32,1,4,12,4,12,9,exponential,0.47615242179396267,0.7594935911507121,0.6918335804389093,0,1.5971696839777875e-06
backfill_27,32,1,8,20,8,20,13,power,19.055182181853944,0.9299725189415705,1.4746273318589318,0,6.124089287542063e-12
backfill_27,32,1,8,20,8,20,13,exponential,1.4716418153695188,0.9764189981384319,0.8557150161856866,0,6.124089287542063e-12
backfill_27,32,1,12,28,12,24,13,power,20.376526127521053,0.9132097608701265,1.3474709045009392,0,5.509058259076535e-12
backfill_27,32,1,12,28,12,24,13,exponential,1.1386633291445671,0.8676624375299631,1.6638934780580699,0,5.509058259076535e-12
backfill_28,16,1,4,12,4,12,9,power,2.0071577193491095,0.4952184440838483,0.7089146609998553,0,8.567477584140679e-07
backfill_28,16,1,4,12,4,12,9,exponential,0.3035597197616207,0.6170389640939749,0.617475191784937,0,8.567477584140679e-07
backfill_28,16,1,8,20,8,20,13,power,17.471613786321086,0.9066910272727082,1.5806475596802405,0,2.906881745668499e-12
backfill_28,16,1,8,20,8,20,13,exponential,1.358596997889271,0.9650785314183711,0.966984673535713,0,2.906881745668499e-12
backfill_28,16,1,12,28,12,25,14,power,19.959535808597153,0.9283145938553516,1.2513142788695721,0,1.690865035601381e-12
backfill_28,16,1,12,28,12,25,14,exponential,1.0924025600080975,0.8878032554014783,1.5654570374471564,0,1.690865035601381e-12
backfill_28,24,-1,4,12,4,12,9,power,11.589524859258354,0.9436039725607169,0.9911836564480255,0,3.34456168555264e-08
backfill_28,24,-1,4,12,4,12,9,exponential,1.6020783415415691,0.9822374483784718,0.5562660467008103,0,3.34456168555264e-08
backfill_28,24,-1,8,20,8,15,8,power,9.135847161117278,0.7426182669534258,1.1023160231363696,0,3.34456168555264e-08
backfill_28,24,-1,8,20,8,15,8,exponential,0.7733703426230876,0.6651196993774293,1.257367006859276,0,3.34456168555264e-08
backfill_28,24,1,4,12,4,12,9,power,11.890763195985121,0.931604800237794,1.12710871363529,0,1.381519612829156e-08
backfill_28,24,1,4,12,4,12,9,exponential,1.6568259379382295,0.9852728564734302,0.5230127254269901,0,1.381519612829156e-08
backfill_28,24,1,8,20,8,20,13,power,9.615234812196789,0.8725588786973097,1.0363042866817544,0,3.924067187090247e-10
backfill_28,24,1,8,20,8,20,13,exponential,0.7049348301683801,0.8255834318863664,1.212345405903845,0,3.924067187090247e-10
backfill_28,24,1,12,28,12,23,12,power,11.862286389691512,0.7905318930997018,1.2388364524847608,0,6.517040279391485e-12
backfill_28,24,1,12,28,12,23,12,exponential,0.7265007005104918,0.8584535919452965,1.0183673069069517,0,6.517040279391485e-12
backfill_28,32,-1,4,12,4,12,9,power,2.0523480714012585,0.4851501851592892,0.739626259798293,0,1.0072612778647837e-06
backfill_28,32,-1,4,12,4,12,9,exponential,0.3130915863582477,0.6150457926314916,0.6395530536458527,0,1.0072612778647837e-06
backfill_28,32,-1,8,20,8,20,13,power,17.360146365165058,0.918366989142744,1.4596480003983037,0,9.25708254979412e-12
backfill_28,32,-1,8,20,8,20,13,exponential,1.3447726190181508,0.9700526196322972,0.8840862753857693,0,9.25708254979412e-12
backfill_28,32,-1,12,28,12,23,12,power,20.464894610503297,0.9299367302128985,1.1396574330711797,0,9.25708254979412e-12
backfill_28,32,-1,12,28,12,23,12,exponential,1.1819891506297195,0.898097564415895,1.3744261476035573,0,9.25708254979412e-12
backfill_28,32,1,4,12,4,12,9,power,3.1350173411039663,0.6152202111193994,0.8673410491143092,0,1.5862925323297779e-06
backfill_28,32,1,4,12,4,12,9,exponential,0.4706859747877148,0.7554464876557612,0.6914658359485468,0,1.5862925323297779e-06
backfill_28,32,1,8,20,8,20,13,power,19.06963894016352,0.9288588948593546,1.4883253568367592,0,5.524088447636246e-12
backfill_28,32,1,8,20,8,20,13,exponential,1.4733994215047455,0.9760990075494674,0.862671686852491,0,5.524088447636246e-12
backfill_28,32,1,12,28,12,24,13,power,20.50921095589865,0.9141204613494733,1.3484385785712416,0,5.295450153335824e-12
backfill_28,32,1,12,28,12,24,13,exponential,1.146477015578821,0.8691327302661405,1.664569139419986,0,5.295450153335824e-12
backfill_29,16,1,4,12,4,12,9,power,2.9100908078249703,0.6457737247553041,0.7539904876561414,0,1.661858757657103e-07
backfill_29,16,1,4,12,4,12,9,exponential,0.4218921559538703,0.7393680529013171,0.6467542702565521,0,1.661858757657103e-07
backfill_29,16,1,8,20,8,18,11,power,16.648066319493736,0.9149197400244751,1.2900365586286904,0,5.187730301961295e-12
backfill_29,16,1,8,20,8,18,11,exponential,1.3745455328757967,0.9659241706808077,0.8164147285745638,0,5.187730301961295e-12
backfill_29,16,1,12,28,12,18,7,power,25.452643136132494,0.9670943726862182,0.6337157701281755,0,5.187730301961295e-12
backfill_29,16,1,12,28,12,18,7,exponential,1.7332509057953231,0.9846094690691367,0.4333973270126432,0,5.187730301961295e-12
backfill_29,24,-1,4,12,4,12,9,power,12.819024051938747,0.9491453156302085,1.0380379094658112,0,6.477035725995208e-09
backfill_29,24,-1,4,12,4,12,9,exponential,1.7694155106005,0.9850832517396597,0.562192196403229,0,6.477035725995208e-09
backfill_29,24,-1,8,20,8,15,8,power,10.113670262358129,0.7685522548645188,1.137495834766203,0,6.477035725995208e-09
backfill_29,24,-1,8,20,8,15,8,exponential,0.8592987518058074,0.6934273855336155,1.3091518289917279,0,6.477035725995208e-09
backfill_29,24,1,4,12,4,12,9,power,13.147123879839498,0.9402453301430308,1.159458511184584,0,2.6587628754752514e-09
backfill_29,24,1,4,12,4,12,9,exponential,1.8266844983409918,0.9887744891916225,0.502541976458888,0,2.6587628754752514e-09
backfill_29,24,1,8,20,8,20,13,power,10.841560684294823,0.8928727613115028,1.0590511895879795,0,3.440299464095179e-11
backfill_29,24,1,8,20,8,20,13,exponential,0.7978172774686438,0.8511398330917079,1.2484071514614723,0,3.440299464095179e-11
backfill_29,24,1,12,28,12,22,11,power,11.887305035026841,0.790886198779544,1.1655898636232924,0,1.9386328251699067e-12
backfill_29,24,1,12,28,12,22,11,exponential,0.7450781529611427,0.8544660880336967,0.9723811144343085,0,1.9386328251699067e-12
backfill_29,32,-1,4,12,4,12,9,power,2.8932641235926573,0.6310994395634972,0.7738431931090409,0,1.9921511196861109e-07
backfill_29,32,-1,4,12,4,12,9,exponential,0.422815471159171,0.7341991249909684,0.6568655908414665,0,1.9921511196861109e-07
backfill_29,32,-1,8,20,8,18,11,power,17.01360044262127,0.914239855876449,1.3241104739404332,0,4.781196829345719e-12
backfill_29,32,-1,8,20,8,18,11,exponential,1.4049054202063826,0.9654532224083803,0.8403984482792229,0,4.781196829345719e-12
backfill_29,32,-1,12,28,12,18,7,power,26.097677165541015,0.9670701618230559,0.6500228568038418,0,4.781196829345719e-12
backfill_29,32,-1,12,28,12,18,7,exponential,1.7772152344265342,0.9846284644105097,0.4441119480362442,0,4.781196829345719e-12
backfill_29,32,1,4,12,4,12,9,power,3.8220523855384734,0.6706935498329253,0.9369012401682624,0,3.8866771736945595e-07
backfill_29,32,1,4,12,4,12,9,exponential,0.5664085896936005,0.8023816950636953,0.7257838164303861,0,3.8866771736945595e-07
backfill_29,32,1,8,20,8,18,11,power,19.006881844281953,0.9253436677365032,1.3718542935384956,0,3.515334393346245e-12
backfill_29,32,1,8,20,8,18,11,exponential,1.5657628178749872,0.9725291504335992,0.8321674168346371,0,3.515334393346245e-12
backfill_29,32,1,12,28,12,18,7,power,28.730063910760396,0.9754634413119785,0.6150336622726309,0,3.515334393346245e-12
backfill_29,32,1,12,28,12,18,7,exponential,1.953534178583027,0.9901885457218101,0.388918634874965,0,3.515334393346245e-12
backfill_30,16,1,4,12,4,12,9,power,2.9023903688342476,0.6460054443953047,0.7516145024017372,0,1.6432335836950495e-07
backfill_30,16,1,4,12,4,12,9,exponential,0.4203594974211001,0.7381706091647517,0.6464070100205249,0,1.6432335836950495e-07
backfill_30,16,1,8,20,8,18,11,power,16.613587597815897,0.9145866561271591,1.2901172232816138,0,5.206455789238414e-12
backfill_30,16,1,8,20,8,18,11,exponential,1.3717975958889193,0.9657116108287844,0.8174098229290376,0,5.206455789238414e-12
backfill_30,16,1,12,28,12,18,7,power,25.413137774433473,0.9669638299220273,0.6340288065128105,0,5.206455789238414e-12
backfill_30,16,1,12,28,12,18,7,exponential,1.7305992123575207,0.9845203736889007,0.4340046469611508,0,5.206455789238414e-12
backfill_30,24,-1,4,12,4,12,9,power,12.831958082604011,0.9493317382499707,1.0370771354329504,0,6.393000387876059e-09
backfill_30,24,-1,4,12,4,12,9,exponential,1.7708740474329292,0.984913236606449,0.5659018274286132,0,6.393000387876059e-09
backfill_30,24,-1,8,20,8,15,8,power,10.07260764732449,0.7665188765577582,1.139351230818909,0,6.393000387876059e-09
backfill_30,24,-1,8,20,8,15,8,exponential,0.8555502581431852,0.691173182885517,1.3103558182213626,0,6.393000387876059e-09
backfill_30,24,1,4,12,4,12,9,power,13.15599160868782,0.9395424119105837,1.1674812824420886,0,2.5918220694073894e-09
backfill_30,24,1,4,12,4,12,9,exponential,1.8285306569068789,0.9886992333444272,0.5047524917694654,0,2.5918220694073894e-09
backfill_30,24,1,8,20,8,20,13,power,10.882225342071886,0.8928362486564037,1.0632263734925842,0,3.446504603477734e-11
backfill_30,24,1,8,20,8,20,13,exponential,0.8003236759073957,0.8500721568989156,1.2576011719139069,0,3.446504603477734e-11
backfill_30,24,1,12,28,12,22,11,power,11.79122833712498,0.7887189085475769,1.1637407559598585,0,1.9738104375688376e-12
backfill_30,24,1,12,28,12,22,11,exponential,0.7392393044743557,0.8525468276982086,0.9721941166655271,0,1.9738104375688376e-12
backfill_30,32,-1,4,12,4,12,9,power,2.9007299105057687,0.6302038003790884,0.7773330458833576,0,2.0168506730674046e-07
backfill_30,32,-1,4,12,4,12,9,exponential,0.42428774452679346,0.7344764882362268,0.6586844344413285,0,2.0168506730674046e-07
backfill_30,32,-1,8,20,8,18,11,power,17.057984854485486,0.9141369883962129,1.3284354534610452,0,4.668578862368764e-12
backfill_30,32,-1,8,20,8,18,11,exponential,1.4085817321504623,0.9653600125827639,0.8437742388087522,0,4.668578862368764e-12
backfill_30,32,-1,12,28,12,18,7,power,26.172981605613764,0.9667615242746088,0.655050885213479,0,4.668578862368764e-12
backfill_30,32,-1,12,28,12,18,7,exponential,1.7824338634260462,0.9844141869151577,0.44855863343027275,0,4.668578862368764e-12
backfill_30,32,1,4,12,4,12,9,power,3.779766061724815,0.6671907603835155,0.9338921431682657,0,3.8224977697315076e-07
backfill_30,32,1,4,12,4,12,9,exponential,0.5604798366284782,0.7991543342205922,0.7254880551069678,0,3.8224977697315076e-07
backfill_30,32,1,8,20,8,18,11,power,18.939246394863098,0.9251351483600023,1.3690345334991532,0,3.5929587392718327e-12
backfill_30,32,1,8,20,8,18,11,exponential,1.5602550151553414,0.9723896693552199,0.8314023023674708,0,3.5929587392718327e-12
backfill_30,32,1,12,28,12,18,7,power,28.63487954895727,0.9751626503374267,0.6168370108321795,0,3.5929587392718327e-12
backfill_30,32,1,12,28,12,18,7,exponential,1.947170103115393,0.9899931290234132,0.39153171648622326,0,3.5929587392718327e-12
backfill_31,16,1,4,12,4,12,9,power,0.37513301626963996,0.03772900173162119,0.6627587268273544,0,2.4205862895292162e-05
backfill_31,16,1,4,12,4,12,9,exponential,0.08783512185179891,0.11267605784401735,0.6364259163577324,0,2.4205862895292162e-05
backfill_31,16,1,8,20,8,20,13,power,12.810352408022979,0.9003750076922031,1.201720558554565,0,1.874308293577565e-09
backfill_31,16,1,8,20,8,20,13,exponential,0.9973083102309039,0.9606124928389075,0.7556115505934661,0,1.874308293577565e-09
backfill_31,16,1,12,28,12,28,17,power,13.66728930358735,0.9313463891830971,0.9505031056944725,0,1.9117932987760733e-10
backfill_31,16,1,12,28,12,28,17,exponential,0.697968724625081,0.8884632538337109,1.2115206856453589,0,1.9117932987760733e-10
backfill_31,24,-1,4,12,4,12,9,power,8.449080814203516,0.9309073509097378,0.8052510153955134,0,1.4891072872470415e-06
backfill_31,24,-1,4,12,4,12,9,exponential,1.1741549678970693,0.9793295589947617,0.44044352540394405,0,1.4891072872470415e-06
backfill_31,24,-1,8,20,8,15,8,power,7.176209117396146,0.717055719217876,0.9238901608526652,0,1.4891072872470415e-06
backfill_31,24,-1,8,20,8,15,8,exponential,0.6064209763296138,0.6399823102209357,1.042153766472006,0,1.4891072872470415e-06
backfill_31,24,1,4,12,4,12,9,power,8.66751624383336,0.915750143771121,0.9197078120351311,0,7.491758935869715e-07
backfill_31,24,1,4,12,4,12,9,exponential,1.213096293570776,0.9771668159770512,0.47879381281666944,0,7.491758935869715e-07
backfill_31,24,1,8,20,8,20,13,power,7.006804201107065,0.8311856849119845,0.8905238779119613,0,7.635619509615702e-08
backfill_31,24,1,8,20,8,20,13,exponential,0.5114540959716981,0.7795778499823145,1.0175799715301783,0,7.635619509615702e-08
backfill_31,24,1,12,28,12,28,17,power,15.031493936578618,0.8138424757460931,1.8414814373043342,0,6.831447593302806e-12
backfill_31,24,1,12,28,12,28,17,exponential,0.8228941335872412,0.8921647869428335,1.4015459748875256,0,6.831447593302806e-12
backfill_31,32,-1,4,12,4,12,9,power,0.45948678729756515,0.05281277941629536,0.6807388792198528,0,2.5680189585791583e-05
backfill_31,32,-1,4,12,4,12,9,exponential,0.10049534326974154,0.1376180298834403,0.6495498313960537,0,2.5680189585791583e-05
backfill_31,32,-1,8,20,8,20,13,power,12.711908281570528,0.9128811734348684,1.1074639882996347,0,4.245280089732589e-09
backfill_31,32,-1,8,20,8,20,13,exponential,0.9862335406154656,0.9672536188309295,0.678977309290396,0,4.245280089732589e-09
backfill_31,32,-1,12,28,12,23,12,power,14.992722017386502,0.9231898639173081,0.8773857108709741,0,4.245280089732589e-09
backfill_31,32,-1,12,28,12,23,12,exponential,0.8669555832004775,0.8936879602790389,1.0322205839296688,0,4.245280089732589e-09
backfill_31,32,1,4,12,4,12,9,power,1.8485410374797355,0.4273194013492131,0.7486315924914068,0,2.9499996640517846e-05
backfill_31,32,1,4,12,4,12,9,exponential,0.2917490093530162,0.5798340167829436,0.641242590363756,0,2.9499996640517846e-05
backfill_31,32,1,8,20,8,20,13,power,14.063155942032726,0.9221622390506856,1.1522435127236565,0,2.638424013092498e-09
backfill_31,32,1,8,20,8,20,13,exponential,1.087626060968007,0.97093249821021,0.7041301785076676,0,2.638424013092498e-09
backfill_31,32,1,12,28,12,24,13,power,14.737529522597143,0.888960879889524,1.1172759482747723,0,2.638424013092498e-09
backfill_31,32,1,12,28,12,24,13,exponential,0.8229829138569708,0.8434605708784485,1.3265826614700733,0,2.638424013092498e-09
backfill_32,16,1,4,12,4,12,9,power,0.374439796874516,0.03751216054727424,0.6635180046919943,0,2.437935729339619e-05
backfill_32,16,1,4,12,4,12,9,exponential,0.08780170738544862,0.11235812688819158,0.6371973736128159,0,2.437935729339619e-05
backfill_32,16,1,8,20,8,20,13,power,12.814444319016632,0.900368415689837,1.202148585354964,0,1.8804557941034325e-09
backfill_32,16,1,8,20,8,20,13,exponential,0.9976283461113522,0.9606082973821533,0.7558959315015444,0,1.8804557941034325e-09
backfill_32,16,1,12,28,12,28,17,power,13.66966984434524,0.9312698344953596,0.9512376490887061,0,1.9238687090075405e-10
backfill_32,16,1,12,28,12,28,17,exponential,0.6980745395857961,0.8883501227709234,1.2123959054741578,0,1.9238687090075405e-10
backfill_32,24,-1,4,12,4,12,9,power,8.642899219737869,0.9250882178117945,0.8604032921656484,0,1.0209948629623277e-06
backfill_32,24,-1,4,12,4,12,9,exponential,1.2047496921130463,0.9791481129499271,0.4539412829248398,0,1.0209948629623277e-06
backfill_32,24,-1,8,20,8,15,8,power,7.781164633596875,0.7350201550702236,0.9575305728176929,0,1.0209948629623277e-06
backfill_32,24,-1,8,20,8,15,8,exponential,0.659213051070413,0.6593536886160081,1.085670591527936,0,1.0209948629623277e-06
backfill_32,24,1,4,12,4,12,9,power,8.670422140216795,0.9157178653653224,0.920208598536893,0,7.45395273654225e-07
backfill_32,24,1,4,12,4,12,9,exponential,1.2135181838433,0.9771568259171755,0.4790675432633811,0,7.45395273654225e-07
backfill_32,24,1,8,20,8,20,13,power,7.006779366196813,0.8310048295109187,0.8910945641499446,0,7.620081412137791e-08
backfill_32,24,1,8,20,8,20,13,exponential,0.5114205061465549,0.7793113760146657,1.0183020568598387,0,7.620081412137791e-08
backfill_32,24,1,12,28,12,28,17,power,15.061723370413457,0.8118199978374794,1.8574905258904433,0,6.332278663138286e-12
backfill_32,24,1,12,28,12,28,17,exponential,0.8249725210614206,0.8908620568519809,1.4145807867099405,0,6.332278663138286e-12
backfill_32,32,-1,4,12,4,12,9,power,0.45756662847695717,0.05243158272728632,0.6804908220241449,0,2.5662717105185047e-05
backfill_32,32,-1,4,12,4,12,9,exponential,0.10021970590802706,0.1370190719944243,0.6494079224332442,0,2.5662717105185047e-05
backfill_32,32,-1,8,20,8,20,13,power,12.886559181519262,0.9076535716518986,1.1591961838229836,0,2.9024414435154923e-09
backfill_32,32,-1,8,20,8,20,13,exponential,1.001308103093378,0.9646498801485153,0.7172033946650421,0,2.9024414435154923e-09
backfill_32,32,-1,12,28,12,23,12,power,15.553448878183904,0.9258831029949071,0.8927987142978026,0,2.9024414435154923e-09
backfill_32,32,-1,12,28,12,23,12,exponential,0.9009295826331061,0.8993869937391591,1.0402123475318683,0,2.9024414435154923e-09
backfill_32,32,1,4,12,4,12,9,power,1.8452292407125341,0.42649087862287316,0.7485567724476493,0,2.9500619566830557e-05
backfill_32,32,1,4,12,4,12,9,exponential,0.2913001055509304,0.5790030702002007,0.6413484411630185,0,2.9500619566830557e-05
backfill_32,32,1,8,20,8,20,13,power,14.10930214364443,0.9199719073563772,1.17357125383992,0,2.450655555279236e-09
backfill_32,32,1,8,20,8,20,13,exponential,1.092158206508397,0.9703372027321876,0.7144869185606776,0,2.450655555279236e-09
backfill_32,32,1,12,28,12,24,13,power,14.999471833162566,0.8922269895054991,1.118233185246358,0,2.450655555279236e-09
backfill_32,32,1,12,28,12,24,13,exponential,0.838537493623629,0.8484344010050315,1.3261043184115888,0,2.450655555279236e-09
backfill_33,16,1,4,12,4,12,9,power,1.0241962556270499,0.19410571252522113,0.7300661099146953,0,3.648906823383321e-06
backfill_33,16,1,4,12,4,12,9,exponential,0.17620376225153173,0.312962855055101,0.6740828206413544,0,3.648906823383321e-06
backfill_33,16,1,8,20,8,20,13,power,15.786268726217505,0.9009833668734396,1.475859996351694,0,3.5501659960029724e-11
backfill_33,16,1,8,20,8,20,13,exponential,1.2289712714840708,0.961234455999092,0.9234513599244442,0,3.5501659960029724e-11
backfill_33,16,1,12,28,12,28,17,power,16.85642260389705,0.932921678445261,1.1577878570241105,0,1.986366428011833e-12
backfill_33,16,1,12,28,12,28,17,exponential,0.8606555317847432,0.8895987768090524,1.485336452289767,0,1.986366428011833e-12
backfill_33,24,-1,4,12,4,12,9,power,10.407321632521834,0.9332479299213886,0.9737152070064775,0,1.4221951347877025e-07
backfill_33,24,-1,4,12,4,12,9,exponential,1.4441638418560356,0.978909421380528,0.547323166484351,0,1.4221951347877025e-07
backfill_33,24,-1,8,20,8,15,8,power,8.459555911091304,0.7119145402716223,1.1029239093000418,0,1.4221951347877025e-07
backfill_33,24,-1,8,20,8,15,8,exponential,0.7136466257993503,0.6332219676917799,1.2444760416654352,0,1.4221951347877025e-07
backfill_33,24,1,4,12,4,12,9,power,10.732899486302273,0.9198481351420436,1.1083449236236056,0,5.6300425473170214e-08
backfill_33,24,1,4,12,4,12,9,exponential,1.5008203942621898,0.9797831007464849,0.5566412597381141,0,5.6300425473170214e-08
backfill_33,24,1,8,20,8,20,13,power,8.5411551975157,0.8389575509778945,1.0553263499629908,0,3.1523277710345728e-09
backfill_33,24,1,8,20,8,20,13,exponential,0.6239222564627036,0.788053666720951,1.2106805143032033,0,3.1523277710345728e-09
backfill_33,24,1,12,28,12,25,14,power,13.567339348603324,0.7872133266817639,1.5913615437823994,0,2.317429195777173e-12
backfill_33,24,1,12,28,12,25,14,exponential,0.794883115969016,0.8627135456802479,1.278234369387026,0,2.317429195777173e-12
backfill_33,32,-1,4,12,4,12,9,power,1.0662969774253979,0.19582145223643033,0.7559331853025921,0,4.032985496767883e-06
backfill_33,32,-1,4,12,4,12,9,exponential,0.1841977827793612,0.3183194668067413,0.6959813712030626,0,4.032985496767883e-06
backfill_33,32,-1,8,20,8,20,13,power,15.607133191951455,0.9130762930340135,1.3580279294412754,0,1.0716823429576248e-10
backfill_33,32,-1,8,20,8,20,13,exponential,1.2105325724489773,0.966945130304437,0.8374469535265016,0,1.0716823429576248e-10
backfill_33,32,-1,12,28,12,23,12,power,18.34628048711504,0.9219711817319441,1.082837245659228,0,1.0716823429576248e-10
backfill_33,32,-1,12,28,12,23,12,exponential,1.0600107950596003,0.8910540044278553,1.279502994505956,0,1.0716823429576248e-10
backfill_33,32,1,4,12,4,12,9,power,2.4202690973774383,0.47828409076327083,0.8842943556704724,0,5.342570691247866e-06
backfill_33,32,1,4,12,4,12,9,exponential,0.3762856855394462,0.6297736856169014,0.7449265523238359,0,5.342570691247866e-06
backfill_33,32,1,8,20,8,20,13,power,17.203145451423758,0.9245589275432469,1.3858443926490234,0,6.835793346367061e-11
backfill_33,32,1,8,20,8,20,13,exponential,1.330133551136093,0.9729655150969609,0.8296016205712778,0,6.835793346367061e-11
backfill_33,32,1,12,28,12,24,13,power,18.210510724128753,0.898282201080461,1.314477892373937,0,6.835793346367061e-11
backfill_33,32,1,12,28,12,24,13,exponential,1.0171939448615184,0.8527582888321588,1.5815037911585341,0,6.835793346367061e-11
backfill_34,16,1,4,12,4,12,9,power,1.0188572063092156,0.19300048622070942,0.7288361095280625,0,3.64477773702029e-06
backfill_34,16,1,4,12,4,12,9,exponential,0.17536491931115333,0.3114638811446211,0.6732193780541595,0,3.64477773702029e-06
backfill_34,16,1,8,20,8,20,13,power,15.779864566483035,0.9007538367277445,1.4771583490563862,0,3.521455493407814e-11
backfill_34,16,1,8,20,8,20,13,exponential,1.228542651237315,0.9610990148583772,0.924805683490134,0,3.521455493407814e-11
backfill_34,16,1,12,28,12,28,17,power,16.862888809804424,0.9329382190300757,1.1580789130541995,0,1.98265497602775e-12
backfill_34,16,1,12,28,12,28,17,exponential,0.8609855743779755,0.8896143239000084,1.485788434261539,0,1.98265497602775e-12
backfill_34,24,-1,4,12,4,12,9,power,10.415919549639225,0.9337663336714328,0.9704586461028119,0,1.3172904160106495e-07
backfill_34,24,-1,4,12,4,12,9,exponential,1.445975756209843,0.9802920767401231,0.5293684657222029,0,1.3172904160106495e-07
backfill_34,24,-1,8,20,8,15,8,power,8.580752542800694,0.7213126864944153,1.0931340952353255,0,1.3172904160106495e-07
backfill_34,24,-1,8,20,8,15,8,exponential,0.7246884833429789,0.6430316376836047,1.2371709226417105,0,1.3172904160106495e-07
backfill_34,24,1,4,12,4,12,9,power,10.732144774234202,0.9196620988291662,1.1096646310494733,0,5.617389552664602e-08
backfill_34,24,1,4,12,4,12,9,exponential,1.5008310117280206,0.9797365835291197,0.5572984539030786,0,5.617389552664602e-08
backfill_34,24,1,8,20,8,20,13,power,8.547426779387516,0.8390358498800036,1.0557952162869448,0,3.1649712825148205e-09
backfill_34,24,1,8,20,8,20,13,exponential,0.6243158240689374,0.7879642289183761,1.211768549221126,0,3.1649712825148205e-09
backfill_34,24,1,12,28,12,25,14,power,13.548733104220785,0.7868771152047268,1.5907738776105596,0,2.3436277803019746e-12
backfill_34,24,1,12,28,12,25,14,exponential,0.7938331133120727,0.8624322165408611,1.2780615740339765,0,2.3436277803019746e-12
backfill_34,32,-1,4,12,4,12,9,power,1.0971305716953426,0.20631300191223845,0.7527985527006905,0,4.029779849782403e-06
backfill_34,32,-1,4,12,4,12,9,exponential,0.1880585552766519,0.3302072822070622,0.6915512222494483,0,4.029779849782403e-06
backfill_34,32,-1,8,20,8,20,13,power,15.6167307978127,0.9133788622440916,1.3562712838247695,0,9.969550383231779e-11
backfill_34,32,-1,8,20,8,20,13,exponential,1.2114160646351224,0.967487680095037,0.8309188367386219,0,9.969550383231779e-11
backfill_34,32,-1,12,28,12,23,12,power,18.430090305573636,0.9241583059380458,1.0711606379040823,0,9.969550383231779e-11
backfill_34,32,-1,12,28,12,23,12,exponential,1.065274645310369,0.8938749919000017,1.2670958275402213,0,9.969550383231779e-11
backfill_34,32,1,4,12,4,12,9,power,2.411188419715447,0.4765202347672495,0.8840962528139477,0,5.337377823726957e-06
backfill_34,32,1,4,12,4,12,9,exponential,0.375053274323232,0.6280517974702964,0.745230863047467,0,5.337377823726957e-06
backfill_34,32,1,8,20,8,20,13,power,17.22641212482003,0.9239877823574592,1.3933922780113173,0,6.5752672962429e-11
backfill_34,32,1,8,20,8,20,13,exponential,1.3322167555329976,0.9727795297868319,0.8338338264531628,0,6.5752672962429e-11
backfill_34,32,1,12,28,12,24,13,power,18.28189731001214,0.898562925877666,1.317602635100145,0,6.5752672962429e-11
backfill_34,32,1,12,28,12,24,13,exponential,1.0213291877066677,0.8532716706060742,1.584685500383962,0,6.5752672962429e-11
backfill_35,16,1,4,12,4,12,9,power,2.950165105355642,0.6072917795051755,0.8299305311987178,0,8.272289510361128e-08
backfill_35,16,1,4,12,4,12,9,exponential,0.42853033514417066,0.6980047712316325,0.7277911766987802,0,8.272289510361128e-08
backfill_35,16,1,8,20,8,18,11,power,17.76122344635032,0.9154046678683773,1.372002277050821,0,1.378658480217111e-12
backfill_35,16,1,8,20,8,18,11,exponential,1.4663419645814275,0.96628950539208,0.8660923339435856,0,1.378658480217111e-12
backfill_35,16,1,12,28,12,18,7,power,26.899539827754893,0.9653889782180052,0.6874828361135235,0,1.378658480217111e-12
backfill_35,16,1,12,28,12,18,7,exponential,1.832323168835114,0.9834557826848751,0.4753108877711485,0,1.378658480217111e-12
backfill_35,24,-1,4,12,4,12,9,power,13.72154226844484,0.9453870251774794,1.1537325634154332,0,1.4614690269136454e-09
backfill_35,24,-1,4,12,4,12,9,exponential,1.9014719985663826,0.9889495612972186,0.5189756644774192,0,1.4614690269136454e-09
backfill_35,24,-1,8,20,8,15,8,power,11.08656587046055,0.7643723949996742,1.261562808901578,0,1.4614690269136454e-09
backfill_35,24,-1,8,20,8,15,8,exponential,0.9416375255260219,0.6891840728872363,1.4489300700765622,0,1.4614690269136454e-09
backfill_35,24,1,4,12,4,12,9,power,14.226210313812727,0.9302668368707342,1.3625870677182306,0,4.5063185183232086e-10
backfill_35,24,1,4,12,4,12,9,exponential,1.9852642359203339,0.9868615282454894,0.5914485969517957,0,4.5063185183232086e-10
backfill_35,24,1,8,20,8,20,13,power,11.619153268296204,0.872214939378434,1.2542171667510569,0,8.553532679302635e-12
backfill_35,24,1,8,20,8,20,13,exponential,0.8529711878169385,0.8274301859233236,1.4575219863475257,0,8.553532679302635e-12
backfill_35,24,1,12,28,12,21,10,power,9.948090399054141,0.6822751581899833,1.2075155671591045,0,2.2522128893385283e-12
backfill_35,24,1,12,28,12,21,10,exponential,0.6468549745625295,0.7522002766188682,1.0663936758847439,0,2.2522128893385283e-12
backfill_35,32,-1,4,12,4,12,9,power,2.947177263562269,0.5951949659642275,0.8502736303272447,0,9.446824126039325e-08
backfill_35,32,-1,4,12,4,12,9,exponential,0.43160866025779954,0.6953725217792647,0.73759896013691,0,9.446824126039325e-08
backfill_35,32,-1,8,20,8,18,11,power,18.069777292913713,0.916364332691407,1.3871703271513545,0,1.3746979599717122e-12
backfill_35,32,-1,8,20,8,18,11,exponential,1.4915294171505167,0.9669312413363618,0.8722540074068321,0,1.3746979599717122e-12
backfill_35,32,-1,12,28,12,18,7,power,27.371788881714824,0.9665133312915749,0.6876955232600727,0,1.3746979599717122e-12
backfill_35,32,-1,12,28,12,18,7,exponential,1.8641548859185126,0.9842457076593382,0.4716932640906788,0,1.3746979599717122e-12
backfill_35,32,1,4,12,4,12,9,power,3.8078435563467723,0.6019385416320088,1.083271234749158,0,1.979903809383457e-07
backfill_35,32,1,4,12,4,12,9,exponential,0.5731905769250715,0.742989254704604,0.8704378882128937,0,1.979903809383457e-07
backfill_35,32,1,8,20,8,17,10,power,18.4803623336474,0.935975230452891,1.154264833578371,0,1.160598927616281e-11
backfill_35,32,1,8,20,8,17,10,exponential,1.5695389491055007,0.9766416437743388,0.6971923146779593,0,1.160598927616281e-11
backfill_35,32,1,12,28,12,17,6,power,28.01324856682533,0.9760121191810003,0.5221435685895123,0,1.160598927616281e-11
backfill_35,32,1,12,28,12,17,6,exponential,1.9631942450001387,0.9890661966603571,0.3525166391152068,0,1.160598927616281e-11
backfill_36,16,1,4,12,4,12,9,power,2.9480139571406605,0.6073895187913387,0.8291554469144574,0,8.25420268762383e-08
backfill_36,16,1,4,12,4,12,9,exponential,0.42807967236693106,0.6976665892098102,0.727609038224261,0,8.25420268762383e-08
backfill_36,16,1,8,20,8,18,11,power,17.751320232554498,0.9153211081330734,1.3719769608667014,0,1.3811582356095198e-12
backfill_36,16,1,8,20,8,18,11,exponential,1.4655514950310948,0.9662370688274762,0.8663219278416002,0,1.3811582356095198e-12
backfill_36,16,1,12,28,12,18,7,power,26.887770109345926,0.9653743882427592,0.6873320488843362,0,1.3811582356095198e-12
backfill_36,16,1,12,28,12,18,7,exponential,1.8315249626654295,0.9834446943362842,0.47526569622660864,0,1.3811582356095198e-12
backfill_36,24,-1,4,12,4,12,9,power,13.783768715215023,0.9445794287964618,1.168001388822073,0,1.2941622932360125e-09
backfill_36,24,-1,4,12,4,12,9,exponential,1.911104558717123,0.9891494574249481,0.5168131887537674,0,1.2941622932360125e-09
backfill_36,24,-1,8,20,8,15,8,power,11.25444856507209,0.7670042569514078,1.2713074005194291,0,1.2941622932360125e-09
backfill_36,24,-1,8,20,8,15,8,exponential,0.9562867367419386,0.6921216017997396,1.4613902016117164,0,1.2941622932360125e-09
backfill_36,24,1,4,12,4,12,9,power,14.222559776259878,0.9301881295430623,1.3630636398870764,0,4.535370267687947e-10
backfill_36,24,1,4,12,4,12,9,exponential,1.9848060289493745,0.9868289688930243,0.5920540873403272,0,4.535370267687947e-10
backfill_36,24,1,8,20,8,20,13,power,11.622509885887004,0.8722588578247576,1.2543323023780448,0,8.605458497328564e-12
backfill_36,24,1,8,20,8,20,13,exponential,0.8531829218645891,0.8274045877192402,1.458014466066435,0,8.605458497328564e-12
backfill_36,24,1,12,28,12,21,10,power,9.94230061001457,0.6821875496318377,1.2070566626118295,0,2.266805823757237e-12
backfill_36,24,1,12,28,12,21,10,exponential,0.6464846256875152,0.7521179308674442,1.0660185463404113,0,2.266805823757237e-12
backfill_36,32,-1,4,12,4,12,9,power,2.9492040908206096,0.5950048738564433,0.8511940696014444,0,9.478884287046811e-08
backfill_36,32,-1,4,12,4,12,9,exponential,0.43205023768336,0.6956164700138763,0.7379284687344781,0,9.478884287046811e-08
backfill_36,32,-1,8,20,8,18,11,power,18.07877624640548,0.9164502254239529,1.3870833074282465,0,1.3745099623651404e-12
backfill_36,32,-1,8,20,8,18,11,exponential,1.4922432965828194,0.9669843938913818,0.8719459029586051,0,1.3745099623651404e-12
backfill_36,32,-1,12,28,12,18,7,power,27.381704799250283,0.9665227914013257,0.6878441066032359,0,1.3745099623651404e-12
backfill_36,32,-1,12,28,12,18,7,exponential,1.864827707294832,0.9842527003338856,0.4717571025765146,0,1.3745099623651404e-12
backfill_36,32,1,4,12,4,12,9,power,3.804553952420862,0.6016708743370465,1.0829400343369762,0,1.9777869398421699e-07
backfill_36,32,1,4,12,4,12,9,exponential,0.5727224344773704,0.7427289920501936,0.8703196750576603,0,1.9777869398421699e-07
backfill_36,32,1,8,20,8,17,10,power,18.476780304720066,0.9359628397751502,1.1541604082773063,0,1.1618044718381788e-11
backfill_36,32,1,8,20,8,17,10,exponential,1.5692398996295969,0.9766351531737151,0.6971586323556805,0,1.1618044718381788e-11
backfill_36,32,1,12,28,12,17,6,power,28.007904738016705,0.9760079694377497,0.5220902270845179,0,1.1618044718381788e-11
backfill_36,32,1,12,28,12,17,6,exponential,1.9628209379270765,0.9890631940884884,0.35249853252488667,0,1.1618044718381788e-11
backfill_37,16,1,4,12,4,12,9,power,-0.1847900298874137,0.12699686731585613,0.16949194264072345,0,0.0024314431100220797
backfill_37,16,1,4,12,4,12,9,exponential,-0.015241177964998813,0.04706125414982254,0.17708168632597532,0,0.0024314431100220797
backfill_37,16,1,8,20,8,20,13,power,4.302420716309229,0.859088374077754,0.4914024837458758,0,7.458302961028948e-05
backfill_37,16,1,8,20,8,20,13,exponential,0.3381179491432106,0.9339779418846395,0.33636319068648934,0,7.458302961028948e-05
backfill_37,16,1,12,28,12,28,17,power,5.083322148096472,0.9152749362314692,0.39616205794968223,0,4.349098720448878e-05
backfill_37,16,1,12,28,12,28,17,exponential,0.25782921647880036,0.8612746121187768,0.5069263900840633,0,4.349098720448878e-05
backfill_37,24,-1,4,12,4,12,9,power,3.239113633530338,0.952327041730471,0.2535293842451949,0,0.000708302696689263
backfill_37,24,-1,4,12,4,12,9,exponential,0.4472293309414483,0.9889738236400374,0.12192835592249195,0,0.000708302696689263
backfill_37,24,-1,8,20,8,15,8,power,2.366226098122939,0.6962426960063315,0.3203247730788759,0,0.000708302696689263
backfill_37,24,-1,8,20,8,15,8,exponential,0.1989234887933784,0.6150028290044205,0.3606250838831862,0,0.000708302696689263
backfill_37,24,1,4,12,4,12,9,power,3.1490064540416767,0.9164934525925577,0.33252802746940585,0,0.0007359168421967858
backfill_37,24,1,4,12,4,12,9,exponential,0.44130211873092895,0.9804936419499832,0.1607148798461569,0,0.0007359168421967858
backfill_37,24,1,8,20,8,20,13,power,2.5212445402343606,0.8008731254808736,0.354542275861413,0,0.00042801207393612954
backfill_37,24,1,8,20,8,20,13,exponential,0.1796325885630445,0.715635890269479,0.4236824557527797,0,0.00042801207393612954
backfill_37,24,1,12,28,12,28,17,power,4.6590655006140995,0.7458571936558018,0.6966344763066222,0,1.1457119099179484e-05
backfill_37,24,1,12,28,12,28,17,exponential,0.2580636850836559,0.8370143901614553,0.5578798610685963,0,1.1457119099179484e-05
backfill_37,32,-1,4,12,4,12,9,power,0.22709227637898216,0.12176004988295064,0.21336131243608725,0,0.003206839865718228
backfill_37,32,-1,4,12,4,12,9,exponential,0.04288847594676872,0.23657661250789686,0.19892611910868369,0,0.003206839865718228
backfill_37,32,-1,8,20,8,20,13,power,4.750720543804074,0.910131574756046,0.42099887806817593,0,0.00011766460127963997
backfill_37,32,-1,8,20,8,20,13,exponential,0.3689264160914218,0.9661683269696082,0.2583087454125677,0,0.00011766460127963997
backfill_37,32,-1,12,28,12,23,12,power,5.579077165294477,0.9197134041318857,0.33442901318687435,0,0.00011766460127963997
backfill_37,32,-1,12,28,12,23,12,exponential,0.3212083239220696,0.8825991878873879,0.4044063588271821,0,0.00011766460127963997
backfill_37,32,1,4,12,4,12,9,power,0.10267424920916116,0.029976568458338515,0.20432467421487555,0,0.0030741613714943554
backfill_37,32,1,4,12,4,12,9,exponential,0.025659844895896587,0.10198995250445608,0.19659401873627216,0,0.0030741613714943554
backfill_37,32,1,8,20,8,20,13,power,4.694796318818754,0.8881535067550316,0.46984423570609685,0,8.220674916613785e-05
backfill_37,32,1,8,20,8,20,13,exponential,0.36674455496566655,0.9540473967841892,0.30116033851685026,0,8.220674916613785e-05
backfill_37,32,1,12,28,12,24,13,power,5.79471304359617,0.923674544087653,0.35731087226321745,0,8.220674916613785e-05
backfill_37,32,1,12,28,12,24,13,exponential,0.3258033267729169,0.8884152600730486,0.4320300250923668,0,8.220674916613785e-05
backfill_38,16,1,4,12,4,12,9,power,1.8110825018948773,0.9304690365104648,0.17319506783704322,0,0.00110807301883418
backfill_38,16,1,4,12,4,12,9,exponential,0.2527748556125601,0.9873785536347278,0.0737905860517937,0,0.00110807301883418
backfill_38,16,1,8,20,8,20,13,power,3.5956668812046377,0.9947274082169157,0.07382602085719775,0,0.00014835171978064797
backfill_38,16,1,8,20,8,20,13,exponential,0.27112862900867857,0.9955980059548215,0.0674562372260565,0,0.00014835171978064797
backfill_38,16,1,12,28,12,28,17,power,4.467060702142295,0.9914491769360309,0.10626387877740545,0,2.3085189514375493e-05
backfill_38,16,1,12,28,12,28,17,exponential,0.2343944983176008,0.9984875654063173,0.044690993095820516,0,2.3085189514375493e-05
backfill_38,24,-1,4,12,4,12,9,power,1.9581726205380514,0.9288804605793685,0.18955037704312355,0,0.0010057571158846711
backfill_38,24,-1,4,12,4,12,9,exponential,0.27343479237713564,0.9866336413087604,0.08217443763090007,0,0.0010057571158846711
backfill_38,24,-1,8,20,8,15,8,power,3.2645058727043463,0.997422918040903,0.03400894396113001,0,0.0005041724465994091
backfill_38,24,-1,8,20,8,15,8,exponential,0.2912681946553202,0.9924014015818996,0.05839770469482391,0,0.0005041724465994091
backfill_38,24,1,4,12,4,12,9,power,1.8760271381599884,0.9339774202674946,0.1744923122374979,0,0.0010849911183195664
backfill_38,24,1,4,12,4,12,9,exponential,0.2615453202440889,0.9888776079550269,0.0716191483459532,0,0.0010849911183195664
backfill_38,24,1,8,20,8,20,13,power,3.570369797760379,0.9960890019186973,0.06309252495299167,0,0.0001515535052909224
backfill_38,24,1,8,20,8,20,13,exponential,0.26885523475217504,0.994252784494177,0.07648263604509657,0,0.0001515535052909224
backfill_38,24,1,12,28,12,28,17,power,4.470863621749565,0.9873188230939737,0.1297889063781159,0,2.1719835915161648e-05
backfill_38,24,1,12,28,12,28,17,exponential,0.23507158179119206,0.9983801005601307,0.0463875910798191,0,2.1719835915161648e-05
backfill_38,32,-1,4,12,4,12,9,power,1.851791870397264,0.9350161828335757,0.17078288403960154,0,0.0011083164633836264
backfill_38,32,-1,4,12,4,12,9,exponential,0.25807892295251966,0.9893053277110659,0.06928280698427937,0,0.0011083164633836264
backfill_38,32,-1,8,20,8,20,13,power,3.623957900050865,0.9940452827646099,0.0791007516300375,0,0.00014503332058589564
backfill_38,32,-1,8,20,8,20,13,exponential,0.2734950490632985,0.996613799998919,0.0596494359473245,0,0.00014503332058589564
backfill_38,32,-1,12,28,12,23,12,power,3.959401018643373,0.999623597655643,0.015587760176669685,0,8.808643965703064e-05
backfill_38,32,-1,12,28,12,23,12,exponential,0.2316087655312694,0.9902609739905667,0.07928943412690377,0,8.808643965703064e-05
backfill_38,32,1,4,12,4,12,9,power,1.8591185140867006,0.9347840116375664,0.17178593496821806,0,0.0011003183273244291
backfill_38,32,1,4,12,4,12,9,exponential,0.2591190996634621,0.989205375125946,0.06988988728091941,0,0.0011003183273244291
backfill_38,32,1,8,20,8,20,13,power,3.612284642227675,0.9941655250169258,0.0780411185354525,0,0.0001432240689356514
backfill_38,32,1,8,20,8,20,13,exponential,0.27263447878028274,0.9968834895282369,0.05703702822657886,0,0.0001432240689356514
backfill_38,32,1,12,28,12,24,13,power,4.048243124063707,0.9995888844744393,0.017610711295889377,0,6.920689535666602e-05
backfill_38,32,1,12,28,12,24,13,exponential,0.2313444354717677,0.9932446501152012,0.07138695906195082,0,6.920689535666602e-05
backfill_39,16,1,4,12,4,12,9,power,1.762909944645137,0.9314599522962701,0.16729361271559995,0,0.0012002330439018945
backfill_39,16,1,4,12,4,12,9,exponential,0.24597437494757762,0.9878116750796866,0.07054710073794243,0,0.0012002330439018945
backfill_39,16,1,8,20,8,20,13,power,3.517970809363731,0.9942123298501299,0.0756962777397393,0,0.00016608800159267217
backfill_39,16,1,8,20,8,20,13,exponential,0.2654098062655449,0.9961315354017897,0.06188593426067773,0,0.00016608800159267217
backfill_39,16,1,12,28,12,28,17,power,4.374698061328284,0.9921590742873956,0.09961762360178535,0,2.7282164044364898e-05
backfill_39,16,1,12,28,12,28,17,exponential,0.22945797371006224,0.9984183043700788,0.04474185284350416,0,2.7282164044364898e-05
backfill_39,24,-1,4,12,4,12,9,power,1.9102760508085461,0.9299154475870112,0.18346138873553444,0,0.0010900753571183412
backfill_39,24,-1,4,12,4,12,9,exponential,0.26666002520849774,0.9870917529782598,0.078734877925597,0,0.0010900753571183412
backfill_39,24,-1,8,20,8,15,8,power,3.173899976459717,0.9974970432907826,0.03258482141084159,0,0.0005561726733122208
backfill_39,24,-1,8,20,8,15,8,exponential,0.2831917413365905,0.9925288043296553,0.05629680282426958,0,0.0005561726733122208
backfill_39,24,1,4,12,4,12,9,power,1.8279891033123135,0.9346685093330847,0.16906947562997443,0,0.00117762004151711
backfill_39,24,1,4,12,4,12,9,exponential,0.25479133724282954,0.9891683533733728,0.06884163295454193,0,0.00117762004151711
backfill_39,24,1,8,20,8,20,13,power,3.4956291685319907,0.9957310540589421,0.06454827422823692,0,0.00016997499400399178
backfill_39,24,1,8,20,8,20,13,exponential,0.26334136870017316,0.994758358525257,0.07152501603611966,0,0.00016997499400399178
backfill_39,24,1,12,28,12,28,17,power,4.379357578759952,0.9880828616332444,0.12319548547848458,0,2.570334102013766e-05
backfill_39,24,1,12,28,12,28,17,exponential,0.23018019272670406,0.9984573898114385,0.04432379117687898,0,2.570334102013766e-05
backfill_39,32,-1,4,12,4,12,9,power,1.8015870668120386,0.9356734014179338,0.16525230736066723,0,0.0012039792302835795
backfill_39,32,-1,4,12,4,12,9,exponential,0.25102864406719033,0.9895798075832951,0.06651048389917635,0,0.0012039792302835795
backfill_39,32,-1,8,20,8,20,13,power,3.5494387492845787,0.9935011594570566,0.08095867965889894,0,0.00016286262437532027
backfill_39,32,-1,8,20,8,20,13,exponential,0.2679937198884256,0.9969797041909156,0.055191248202848084,0,0.00016286262437532027
backfill_39,32,-1,12,28,12,23,12,power,3.8898432445443913,0.9994932129593833,0.017770565194948518,0,0.00010062859152586319
backfill_39,32,-1,12,28,12,23,12,exponential,0.22750131617332076,0.9897958705733647,0.07974004376336194,0,0.00010062859152586319
backfill_39,32,1,4,12,4,12,9,power,1.8088449978643066,0.9355283862482753,0.16611783548052309,0,0.0011952703917058986
backfill_39,32,1,4,12,4,12,9,exponential,0.25205137493783514,0.9895161718508221,0.06698721770018476,0,0.0011952703917058986
backfill_39,32,1,8,20,8,20,13,power,3.53807580787063,0.9935859848688069,0.08016769091508451,0,0.00016070476978059453
backfill_39,32,1,8,20,8,20,13,exponential,0.26716636888989204,0.9972931641426486,0.052079324808935186,0,0.00016070476978059453
backfill_39,32,1,12,28,12,24,13,power,3.974295955863387,0.9995832999712169,0.01740610322576002,0,7.963908301805711e-05
backfill_39,32,1,12,28,12,24,13,exponential,0.22705797414196335,0.9927090336515264,0.07280854234495901,0,7.963908301805711e-05
backfill_40,16,1,4,12,4,12,9,power,1.7628709256678625,0.9314605015251326,0.16728919036931114,0,0.0012002402719328061
backfill_40,16,1,4,12,4,12,9,exponential,0.2459688881002257,0.9878119151480267,0.07054482374474849,0,0.0012002402719328061
backfill_40,16,1,8,20,8,20,13,power,3.517958184211633,0.9942111032242618,0.07570407378072987,0,0.00016608639246916412
backfill_40,16,1,8,20,8,20,13,exponential,0.2654091612994938,0.9961326148173398,0.061877115767405635,0,0.00016608639246916412
backfill_40,16,1,12,28,12,28,17,power,4.37469377319397,0.9921603324299096,0.09960947024288581,0,2.7282674165660797e-05
backfill_40,16,1,12,28,12,28,17,exponential,0.22945757769667338,0.998418081501943,0.04474493266833703,0,2.7282674165660797e-05
backfill_40,24,-1,4,12,4,12,9,power,1.9101995031807975,0.9299162269369826,0.18345294026762188,0,0.001090108996561234
backfill_40,24,-1,4,12,4,12,9,exponential,0.26664927645395015,0.9870921116890339,0.07873059595317107,0,0.001090108996561234
backfill_40,24,-1,8,20,8,15,8,power,3.1738546246854016,0.9974970268812823,0.03258446288729246,0,0.0005561703601035476
backfill_40,24,-1,8,20,8,15,8,exponential,0.28318821899068514,0.9925324622985433,0.05628221564660975,0,0.0005561703601035476
backfill_40,24,1,4,12,4,12,9,power,1.8279298751667254,0.9346669976447508,0.16906609033120357,0,0.0011776415010682252
backfill_40,24,1,4,12,4,12,9,exponential,0.2547832075922495,0.98916773011378,0.06884143860941991,0,0.0011776415010682252
backfill_40,24,1,8,20,8,20,13,power,3.4956356504643633,0.9957296881948392,0.06455876361388403,0,0.00016997261334024925
backfill_40,24,1,8,20,8,20,13,exponential,0.26334224199213563,0.9947599024647639,0.07151466297607895,0,0.00016997261334024925
backfill_40,24,1,12,28,12,28,17,power,4.379356595691789,0.9880856987507398,0.123180615510742,0,2.570427004038381e-05
backfill_40,24,1,12,28,12,28,17,exponential,0.23017982481956634,0.9984575132171117,0.044321944654063666,0,2.570427004038381e-05
backfill_40,32,-1,4,12,4,12,9,power,1.8015330172078126,0.9356715276757961,0.1652499217625985,0,0.0012039948369181163
backfill_40,32,-1,4,12,4,12,9,exponential,0.2510212683616777,0.9895790513770243,0.06651096836516124,0,0.0012039948369181163
backfill_40,32,-1,8,20,8,20,13,power,3.549432055828886,0.993500077918473,0.08096530734709373,0,0.00016286275667343024
backfill_40,32,-1,8,20,8,20,13,exponential,0.2679934276021517,0.9969802043296327,0.055186604350358145,0,0.00016286275667343024
backfill_40,32,-1,12,28,12,23,12,power,3.8898802670212365,0.9994932952379529,0.017769290971389573,0,0.00010062745889820139
backfill_40,32,-1,12,28,12,23,12,exponential,0.22750352382391043,0.9897963205961966,0.07973904104041751,0,0.00010062745889820139
backfill_40,32,1,4,12,4,12,9,power,1.8087890489295129,0.935526674156525,0.16611505494164436,0,0.0011952882472800498
backfill_40,32,1,4,12,4,12,9,exponential,0.25204372160068483,0.9895154822229167,0.06698741014201119,0,0.0011952882472800498
backfill_40,32,1,8,20,8,20,13,power,3.5380722442731103,0.9935848606726733,0.08017468077990073,0,0.00016070505295955571
backfill_40,32,1,8,20,8,20,13,exponential,0.26716632139811436,0.9972936901668764,0.052074241239039455,0,0.00016070505295955571
backfill_40,32,1,12,28,12,24,13,power,3.9743228577879015,0.9995833891342776,0.017404357930212375,0,7.963871506405651e-05
backfill_40,32,1,12,28,12,24,13,exponential,0.2270594746762634,0.9927088037758752,0.07281017971994842,0,7.963871506405651e-05
backfill_41,16,1,4,12,4,12,9,power,1.7200044305991855,0.9324109580738272,0.16200303510949463,0,0.0012877696553572071
backfill_41,16,1,4,12,4,12,9,exponential,0.23991538752302727,0.9882229507027348,0.06762437314575916,0,0.0012877696553572071
backfill_41,16,1,8,20,8,20,13,power,3.4491926598697895,0.9936796753741804,0.07757716801396862,0,0.0001833470615660443
backfill_41,16,1,8,20,8,20,13,exponential,0.2603546343288638,0.996621387832633,0.05671963138404281,0,0.0001833470615660443
backfill_41,16,1,12,28,12,28,17,power,4.298658256749332,0.9927225653604705,0.0942764473300726,0,3.149883720656582e-05
backfill_41,16,1,12,28,12,28,17,exponential,0.22539962999854748,0.9983654338133421,0.044680220418973036,0,3.149883720656582e-05
backfill_41,24,-1,4,12,4,12,9,power,1.8679144121987428,0.9309985540206048,0.17789784630149588,0,0.0011706762193299507
backfill_41,24,-1,4,12,4,12,9,exponential,0.26065731199666653,0.9875642878303257,0.07552259866752666,0,0.0011706762193299507
backfill_41,24,-1,8,20,8,15,8,power,3.092814792299887,0.9975715859969311,0.0312747964079097,0,0.0006065831193560172
backfill_41,24,-1,8,20,8,15,8,exponential,0.2759646057477855,0.9926583922043417,0.05437868697029511,0,0.0006065831193560172
backfill_41,24,1,4,12,4,12,9,power,1.7860166989383472,0.9354478388238121,0.1641308600784938,0,0.0012648042532417223
backfill_41,24,1,4,12,4,12,9,exponential,0.24887819351749604,0.9894930057881998,0.06621770098439331,0,0.0012648042532417223
backfill_41,24,1,8,20,8,20,13,power,3.428930829018654,0.9953660468780695,0.06598012139146023,0,0.00018786103462034923
backfill_41,24,1,8,20,8,20,13,exponential,0.25842644374316587,0.9952389255350717,0.06687900130646954,0,0.00018786103462034923
backfill_41,24,1,12,28,12,28,17,power,4.30299792613902,0.98870532986209,0.1178065813895006,0,2.9717963358004765e-05
backfill_41,24,1,12,28,12,28,17,exponential,0.2261045258196339,0.9985370819899272,0.04239774620527187,0,2.9717963358004765e-05
backfill_41,32,-1,4,12,4,12,9,power,1.7578053771995716,0.9364539946388162,0.16018830928657116,0,0.001294298144829325
backfill_41,32,-1,4,12,4,12,9,exponential,0.24486590669160008,0.9899015483250652,0.06385781963390988,0,0.001294298144829325
backfill_41,32,-1,8,20,8,20,13,power,3.4825210191917013,0.9929406349741876,0.08281040390333885,0,0.00018023379271093175
backfill_41,32,-1,8,20,8,20,13,exponential,0.26306248065981147,0.997336448984553,0.05086658633807341,0,0.00018023379271093175
backfill_41,32,-1,12,28,12,23,12,power,3.831644499441414,0.9993682695531264,0.01954495385968975,0,0.00011289198666150635
backfill_41,32,-1,12,28,12,23,12,exponential,0.22407968209815238,0.9895147228477558,0.07962669724092991,0,0.00011289198666150635
backfill_41,32,1,4,12,4,12,9,power,1.7649453677804674,0.9363658722338823,0.16095803111614287,0,0.00128499040818051
backfill_41,32,1,4,12,4,12,9,exponential,0.24586709750393945,0.9898613410623303,0.06424774069120026,0,0.00128499040818051
backfill_41,32,1,8,20,8,20,13,power,3.4712785714043792,0.9929929365249367,0.08223456371638246,0,0.0001777555001747401
backfill_41,32,1,8,20,8,20,13,exponential,0.2622510887327625,0.9976768652987783,0.047350390266960515,0,0.0001777555001747401
backfill_41,32,1,12,28,12,24,13,power,3.9122220431788874,0.9995286649663555,0.01822341688297017,0,8.991975117022925e-05
backfill_41,32,1,12,28,12,24,13,exponential,0.2234740786433616,0.9923216057528567,0.07355295973107943,0,8.991975117022925e-05
backfill_42,16,1,4,12,4,12,9,power,1.7200897404527542,0.9324122492220731,0.16200941061675458,0,0.0012877438322575017
backfill_42,16,1,4,12,4,12,9,exponential,0.23992718765663584,0.9882235008069686,0.06762610094029466,0,0.0012877438322575017
backfill_42,16,1,8,20,8,20,13,power,3.449204049476665,0.9936821879728611,0.07756190442074233,0,0.00018334974255559272
backfill_42,16,1,8,20,8,20,13,exponential,0.2603549317123017,0.9966196027053191,0.056734729244035505,0,0.00018334974255559272
backfill_42,16,1,12,28,12,28,17,power,4.298659681438485,0.992720127455795,0.09429238411154016,0,3.1497594848571564e-05
backfill_42,16,1,12,28,12,28,17,exponential,0.22540004729500196,0.9983660169483517,0.0446723194837825,0,3.1497594848571564e-05
backfill_42,24,-1,4,12,4,12,9,power,1.868011902033344,0.9309991133316544,0.17790635663206814,0,0.0011706415431038796
backfill_42,24,-1,4,12,4,12,9,exponential,0.2606708658857054,0.987564500087367,0.07552587308271065,0,0.0011706415431038796
backfill_42,24,-1,8,20,8,15,8,power,3.092890141239727,0.9975717104830745,0.031274754752020545,0,0.0006065786480670982
backfill_42,24,-1,8,20,8,15,8,exponential,0.27597083870360367,0.9926549892353704,0.05439260998447133,0,0.0006065786480670982
backfill_42,24,1,4,12,4,12,9,power,1.7861096586574359,0.9354498176816654,0.16413671337587288,0,0.0012647706976891514
backfill_42,24,1,4,12,4,12,9,exponential,0.24889098530248063,0.9894938110060076,0.06621853996264994,0,0.0012647706976891514
backfill_42,24,1,8,20,8,20,13,power,3.4289336427445707,0.9953682331758277,0.06596453653870285,0,0.00018786367768794908
backfill_42,24,1,8,20,8,20,13,exponential,0.258426085277011,0.9952367171843947,0.06689449132950274,0,0.00018786367768794908
backfill_42,24,1,12,28,12,28,17,power,4.3029868596292795,0.9887018504474231,0.11782462992720903,0,2.971656249720761e-05
backfill_42,24,1,12,28,12,28,17,exponential,0.22610432590464277,0.998536938323996,0.042399793551961155,0,2.971656249720761e-05
backfill_42,32,-1,4,12,4,12,9,power,1.757900708901092,0.9364560048081642,0.16019429110397496,0,0.0012942627404407322
backfill_42,32,-1,4,12,4,12,9,exponential,0.2448790229394671,0.9899023501059568,0.0638586790907955,0,0.0012942627404407322
backfill_42,32,-1,8,20,8,20,13,power,3.4825289758308746,0.9929432549797965,0.08279511532426574,0,0.00018023510784542437
backfill_42,32,-1,8,20,8,20,13,exponential,0.2630625643797717,0.9973351580988392,0.050878960169027904,0,0.00018023510784542437
backfill_42,32,-1,12,28,12,23,12,power,3.8315841501578314,0.9993685913709826,0.01953966399832318,0,0.00011289177672117907
backfill_42,32,-1,12,28,12,23,12,exponential,0.22407622392120824,0.9895156697065852,0.07962183496678171,0,0.00011289177672117907
backfill_42,32,1,4,12,4,12,9,power,1.7650437639670817,0.9363680853084259,0.16096401526526566,0,0.001284950292934484
backfill_42,32,1,4,12,4,12,9,exponential,0.24588062346214914,0.9898622216299857,0.06424845634174892,0,0.001284950292934484
backfill_42,32,1,8,20,8,20,13,power,3.4712756509340355,0.9929955534557504,0.08221902868173546,0,0.00017775590663077732
backfill_42,32,1,8,20,8,20,13,exponential,0.2622503682946021,0.9976756918046226,0.047362245645191696,0,0.00017775590663077732
backfill_42,32,1,12,28,12,24,13,power,3.9122134109638624,0.9995284802572857,0.01822694874068275,0,8.991650420807525e-05
backfill_42,32,1,12,28,12,24,13,exponential,0.22347394659246778,0.9923246287215215,0.0735383240122486,0,8.991650420807525e-05
backfill_43,16,1,4,12,4,12,9,power,-0.08094512834471627,0.03385132514007927,0.15128086006497563,0,0.0036771635609946286
backfill_43,16,1,4,12,4,12,9,exponential,-0.002104122069738479,0.0012460245435743644,0.15381237005020593,0,0.0036771635609946286
backfill_43,16,1,8,20,8,20,13,power,3.9272732399808277,0.8471235052943665,0.47049833338885694,0,0.00013080263494733292
backfill_43,16,1,8,20,8,20,13,exponential,0.30925934242846564,0.9246944039417371,0.33021846666449467,0,0.00013080263494733292
backfill_43,16,1,12,28,12,28,17,power,5.063164611347513,0.9160116228071559,0.39271385952079924,0,7.799939536182915e-05
backfill_43,16,1,12,28,12,28,17,exponential,0.2572993122954553,0.8652771309059434,0.49737882848215753,0,7.799939536182915e-05
backfill_43,24,-1,4,12,4,12,9,power,3.0538599828746023,0.9208413582257324,0.3132311928572002,0,0.0007289530341740676
backfill_43,24,-1,4,12,4,12,9,exponential,0.4273725572545548,0.9824044681371775,0.14767841988315691,0,0.0007289530341740676
backfill_43,24,-1,8,20,8,15,8,power,3.30109273995039,0.8454578191347162,0.28925875968667514,0,0.0007260840760616528
backfill_43,24,-1,8,20,8,15,8,exponential,0.2840232815732799,0.7822420940573152,0.34336021094972713,0,0.0007260840760616528
backfill_43,24,1,4,12,4,12,9,power,2.9082929661218726,0.8993440270900018,0.3403722345305198,0,0.0008506103203015087
backfill_43,24,1,4,12,4,12,9,exponential,0.40946496728444504,0.9711214381579611,0.18231488634940957,0,0.0008506103203015087
backfill_43,24,1,8,20,8,20,13,power,2.6581745171920628,0.804622026500025,0.36939865612149697,0,0.0005060869993065375
backfill_43,24,1,8,20,8,20,13,exponential,0.1883602593689741,0.7111997145959984,0.4491137171844759,0,0.0005060869993065375
backfill_43,24,1,12,28,12,28,17,power,3.725885967534353,0.7184596174120529,0.5974393232083888,0,2.0572655870619997e-05
backfill_43,24,1,12,28,12,28,17,exponential,0.20695163027253904,0.8107781448338404,0.4897890866991941,0,2.0572655870619997e-05
backfill_43,32,-1,4,12,4,12,9,power,0.14804507547250195,0.08444511027920432,0.1705328420948815,0,0.004151200735037394
backfill_43,32,-1,4,12,4,12,9,exponential,0.029818421068440442,0.18661491596522217,0.16073628955927677,0,0.004151200735037394
backfill_43,32,-1,8,20,8,20,13,power,4.25881805673436,0.875635283281689,0.45263281039712594,0,0.00014553296784657798
backfill_43,32,-1,8,20,8,20,13,exponential,0.3335222705412493,0.9453286807252512,0.300107753836392,0,0.00014553296784657798
backfill_43,32,-1,12,28,12,23,12,power,5.93171219592076,0.9501426661509553,0.2756744400433238,0,0.00014512475753949823
backfill_43,32,-1,12,28,12,23,12,exponential,0.34568983248675417,0.9342520342563503,0.316572463542806,0,0.00014512475753949823
backfill_43,32,1,4,12,4,12,9,power,-0.11246969956469166,0.06492971703621775,0.14931210981580048,0,0.0034495807546394
backfill_43,32,1,4,12,4,12,9,exponential,-0.006438435607784703,0.011591073101831162,0.15351161271659738,0,0.0034495807546394
backfill_43,32,1,8,20,8,20,13,power,3.7827095961889943,0.8491575470695398,0.44961483924762774,0,0.0001450393218733341
backfill_43,32,1,8,20,8,20,13,exponential,0.2977776843693171,0.9263063594661234,0.31426343209847407,0,0.0001450393218733341
backfill_43,32,1,12,28,12,24,13,power,6.010429722813126,0.9522504458277521,0.28870457915217257,0,9.719455878979474e-05
backfill_43,32,1,12,28,12,24,13,exponential,0.34294518920561606,0.9432774278652483,0.31466393531648423,0,9.719455878979474e-05
backfill_44,16,1,4,12,4,12,9,power,1.4613590514101737,0.9269325999742207,0.1435336759262092,0,0.001545927940333744
backfill_44,16,1,4,12,4,12,9,exponential,0.20418554516170503,0.9857681185055855,0.06334657517346494,0,0.001545927940333744
backfill_44,16,1,8,20,8,20,13,power,3.1542450066865326,0.9892739133074379,0.09262490513060914,0,0.0002455332285443007
backfill_44,16,1,8,20,8,20,13,exponential,0.23886600540867375,0.9986710944080395,0.03260274665487001,0,0.0002455332285443007
backfill_44,16,1,12,28,12,28,17,power,3.9325771932938753,0.9964612919087348,0.06002946706063186,0,5.380920499439487e-05
backfill_44,16,1,12,28,12,28,17,exponential,0.20563864391089917,0.9966357643850858,0.05853091592181961,0,5.380920499439487e-05
backfill_44,24,-1,4,12,4,12,9,power,1.6519460502012773,0.9286786474373948,0.16015187952259408,0,0.0013834239887896456
backfill_44,24,-1,4,12,4,12,9,exponential,0.2306805252052205,0.9864750260521941,0.06974136979397189,0,0.0013834239887896456
backfill_44,24,-1,8,20,8,15,8,power,2.749103020672337,0.9977802513836463,0.0265752102091286,0,0.0007622184075212063
backfill_44,24,-1,8,20,8,15,8,exponential,0.2453983296822643,0.9936944978866712,0.044790369922037,0,0.0007622184075212063
backfill_44,24,1,4,12,4,12,9,power,1.5533183958316616,0.9309968195548657,0.14793810993321674,0,0.0015266126794683341
backfill_44,24,1,4,12,4,12,9,exponential,0.2167565712210089,0.9875572067469545,0.06282094341657747,0,0.0015266126794683341
backfill_44,24,1,8,20,8,20,13,power,3.146739581320967,0.9928217273262887,0.07545797066861244,0,0.0002553274016088309
backfill_44,24,1,8,20,8,20,13,exponential,0.23769049216577426,0.9971519991262066,0.04752971440289128,0,0.0002553274016088309
backfill_44,24,1,12,28,12,28,17,power,3.937569492549513,0.9924399104761034,0.08803080406685529,0,5.065631586539769e-05
backfill_44,24,1,12,28,12,28,17,exponential,0.20647550094084333,0.9981731867519285,0.04327312664885776,0,5.065631586539769e-05
backfill_44,32,-1,4,12,4,12,9,power,1.5011621098045758,0.9316847207156489,0.14220378504623551,0,0.0015830759128824413
backfill_44,32,-1,4,12,4,12,9,exponential,0.20943189752540786,0.9878475610086811,0.059976891995471716,0,0.0015830759128824413
backfill_44,32,-1,8,20,8,20,13,power,3.218227483430015,0.9881028295424376,0.099588109691758,0,0.00024288768179378702
backfill_44,32,-1,8,20,8,20,13,exponential,0.24386623647062117,0.9987575920808848,0.032182349906398955,0,0.00024288768179378702
backfill_44,32,-1,12,28,12,23,12,power,3.604122988378056,0.9976545443401648,0.03545434272417578,0,0.00016562492095818955
backfill_44,32,-1,12,28,12,23,12,exponential,0.21046641940256758,0.9849377127779786,0.08984652559671313,0,0.00016562492095818955
backfill_44,32,1,4,12,4,12,9,power,1.5081743842802178,0.932225253477394,0.14226045852011895,0,0.0015704446523781054
backfill_44,32,1,4,12,4,12,9,exponential,0.21037295134304224,0.9880707298871966,0.059683899351788514,0,0.0015704446523781054
backfill_44,32,1,8,20,8,20,13,power,3.201403354564224,0.9878732097130237,0.10003056099475618,0,0.00023912578125122493
backfill_44,32,1,8,20,8,20,13,exponential,0.24268443780972399,0.9992918606066123,0.024172365262041355,0,0.00023912578125122493
backfill_44,32,1,12,28,12,24,13,power,3.657488491035365,0.9984222371996146,0.031187874816495872,0,0.000136590676985111
backfill_44,32,1,12,28,12,24,13,exponential,0.2085192964256883,0.987394457361158,0.08815474613311552,0,0.000136590676985111
backfill_45,16,1,4,12,4,12,9,power,1.480973898421391,0.9297446619281333,0.14241782411025491,0,0.0016282588923587464
backfill_45,16,1,4,12,4,12,9,exponential,0.20674668079180758,0.9870438985689599,0.0611592078866164,0,0.0016282588923587464
backfill_45,16,1,8,20,8,20,13,power,3.1576503564832334,0.9893518949449326,0.09238357985369844,0,0.00025761036158934714
backfill_45,16,1,8,20,8,20,13,exponential,0.2391282201885226,0.9987860124832685,0.031193616887532964,0,0.00025761036158934714
backfill_45,16,1,12,28,12,28,17,power,3.97878102188247,0.9958175997598345,0.06604926860431072,0,5.468473182937243e-05
backfill_45,16,1,12,28,12,28,17,exponential,0.208187599722205,0.9972648753495071,0.05341260741689618,0,5.468473182937243e-05
backfill_45,24,-1,4,12,4,12,9,power,1.638684888009553,0.9299180596156367,0.15737483625239912,0,0.0014783946408001812
backfill_45,24,-1,4,12,4,12,9,exponential,0.2287452321585806,0.9870709657982973,0.06759510927916519,0,0.0014783946408001812
backfill_45,24,-1,8,20,8,15,8,power,2.7708203318143347,0.9973612634343209,0.029209988331034872,0,0.0007927256915992286
backfill_45,24,-1,8,20,8,15,8,exponential,0.2476171048045981,0.995528859901028,0.03802266078045029,0,0.0007927256915992286
backfill_45,24,1,4,12,4,12,9,power,1.5541891971920356,0.9330493714099874,0.14564246736278813,0,0.0016096852175361085
backfill_45,24,1,4,12,4,12,9,exponential,0.21673848638344126,0.9884607215206599,0.060464438691540945,0,0.0016096852175361085
backfill_45,24,1,8,20,8,20,13,power,3.1514230980707514,0.992180990360906,0.07889638713058608,0,0.00026520327310197017
backfill_45,24,1,8,20,8,20,13,exponential,0.23818591939357334,0.9976948261963311,0.042838384021138404,0,0.00026520327310197017
backfill_45,24,1,12,28,12,28,17,power,3.9840619345102892,0.9924852247804086,0.08880085183648949,0,5.1796903115476287e-05
backfill_45,24,1,12,28,12,28,17,exponential,0.20893328380124176,0.9984084152147964,0.040867119144386815,0,5.1796903115476287e-05
backfill_45,32,-1,4,12,4,12,9,power,1.5141899185273866,0.9338314860269922,0.1410038299713519,0,0.0016566583002052236
backfill_45,32,-1,4,12,4,12,9,exponential,0.21110670385152133,0.9887861021194209,0.05804749957176099,0,0.0016566583002052236
backfill_45,32,-1,8,20,8,20,13,power,3.2127418362175626,0.9880568177091186,0.09961273828702058,0,0.0002528258831012934
backfill_45,32,-1,8,20,8,20,13,exponential,0.24349198209857092,0.9990510239600391,0.02807905398764008,0,0.0002528258831012934
backfill_45,32,-1,12,28,12,23,12,power,3.661171585224121,0.9986766215807154,0.02703933338037862,0,0.00016557089164192552
backfill_45,32,-1,12,28,12,23,12,exponential,0.2141334571749013,0.9890447367822699,0.0777974504457367,0,0.00016557089164192552
backfill_45,32,1,4,12,4,12,9,power,1.5205367835277543,0.9342283803761616,0.14113957179265194,0,0.0016446346613553757
backfill_45,32,1,4,12,4,12,9,exponential,0.2119636750617372,0.9889459767887192,0.057861503362278625,0,0.0016446346613553757
backfill_45,32,1,8,20,8,20,13,power,3.1963106375442676,0.9879890747410153,0.09938735215225371,0,0.0002502578508385995
backfill_45,32,1,8,20,8,20,13,exponential,0.24229583840211896,0.999388089053801,0.02243298155524688,0,0.0002502578508385995
backfill_45,32,1,12,28,12,24,13,power,3.7147434471041496,0.998908214293302,0.026343520681666743,0,0.00013605844377745022
backfill_45,32,1,12,28,12,24,13,exponential,0.21210171675658962,0.990846035026054,0.07627983356880048,0,0.00013605844377745022
backfill_46,16,1,4,12,4,12,9,power,1.4810057191919976,0.9297260655787315,0.1424411565992588,0,0.0016280814781920935
backfill_46,16,1,4,12,4,12,9,exponential,0.20675234009255913,0.9870357766261433,0.06118030103308631,0,0.0016280814781920935
backfill_46,16,1,8,20,8,20,13,power,3.1577275978354646,0.9893565534365998,0.09236541087417993,0,0.00025758661846375305
backfill_46,16,1,8,20,8,20,13,exponential,0.23913335744369896,0.9987847659775358,0.031210317328052708,0,0.00025758661846375305
backfill_46,16,1,12,28,12,28,17,power,3.978728931879712,0.9958175949582259,0.0660484419632716,0,5.468043026993913e-05
backfill_46,16,1,12,28,12,28,17,exponential,0.2081848654733837,0.9972647875047236,0.05341276598638209,0,5.468043026993913e-05
backfill_46,24,-1,4,12,4,12,9,power,1.6387780878925307,0.9299312945342875,0.15736780545955437,0,0.0014783273474907096
backfill_46,24,-1,4,12,4,12,9,exponential,0.22875727988475078,0.9870767111658767,0.06758345141914845,0,0.0014783273474907096
backfill_46,24,-1,8,20,8,15,8,power,2.770697110786673,0.9973638521568771,0.029194320394016943,0,0.00079275913513587
backfill_46,24,-1,8,20,8,15,8,exponential,0.24760521670150235,0.9955243970589734,0.0380398909793053,0,0.00079275913513587
backfill_46,24,1,4,12,4,12,9,power,1.5541880743363308,0.9330514859127949,0.14563989718316392,0,0.0016097468980888555
backfill_46,24,1,4,12,4,12,9,exponential,0.21673818068007725,0.9884616014713826,0.06046202103690039,0,0.0016097468980888555
backfill_46,24,1,8,20,8,20,13,power,3.1513999224834017,0.9921807905551074,0.07889682290950766,0,0.0002652156210602337
backfill_46,24,1,8,20,8,20,13,exponential,0.23818421389289737,0.9976950116526809,0.04283635005703166,0,0.0002652156210602337
backfill_46,24,1,12,28,12,28,17,power,3.984053441541269,0.9924851426061213,0.0888011517303078,0,5.179952482536193e-05
backfill_46,24,1,12,28,12,28,17,exponential,0.2089328616331334,0.9984085544929268,0.04086524556078194,0,5.179952482536193e-05
backfill_46,32,-1,4,12,4,12,9,power,1.5141292911132378,0.9338220386334667,0.1410089628745357,0,0.0016566776285762263
backfill_46,32,-1,4,12,4,12,9,exponential,0.21109891422453467,0.9887823095239816,0.05805528379862753,0,0.0016566776285762263
backfill_46,32,-1,8,20,8,20,13,power,3.2129359295071036,0.9880582127585299,0.09961286766576248,0,0.00025280891968975337
backfill_46,32,-1,8,20,8,20,13,exponential,0.24350628879142203,0.9990491233227523,0.028108836913393696,0,0.00025280891968975337
backfill_46,32,-1,12,28,12,23,12,power,3.6611278340083695,0.9986756801333262,0.027048639033064623,0,0.00016557517817066165
backfill_46,32,-1,12,28,12,23,12,exponential,0.21412966161769129,0.9890323805866265,0.07784041756314558,0,0.00016557517817066165
backfill_46,32,1,4,12,4,12,9,power,1.5205046809144858,0.9342274991318053,0.14113760403367537,0,0.0016446513337118104
backfill_46,32,1,4,12,4,12,9,exponential,0.21195926107282081,0.9889456143931017,0.05786125747980275,0,0.0016446513337118104
backfill_46,32,1,8,20,8,20,13,power,3.196303737455502,0.9879878064868525,0.09939244848234327,0,0.00025025792275356305
backfill_46,32,1,8,20,8,20,13,exponential,0.24229549556432992,0.9993882928812075,0.022429211009739953,0,0.00025025792275356305
backfill_46,32,1,12,28,12,24,13,power,3.7147706410779247,0.9989081367870042,0.02634464961155331,0,0.00013605756371601156
backfill_46,32,1,12,28,12,24,13,exponential,0.21210330645753134,0.990846303831039,0.07627927494851407,0,0.00013605756371601156
backfill_47,16,1,4,12,4,12,9,power,1.5072600317093325,0.9328370042865766,0.14148469224417617,0,0.001662077101234125
backfill_47,16,1,4,12,4,12,9,exponential,0.2102116313708506,0.9884014554873131,0.05879578210314438,0,0.001662077101234125
backfill_47,16,1,8,20,8,20,13,power,3.171818551167785,0.9895087338665556,0.09210483948431888,0,0.0002606265107811274
backfill_47,16,1,8,20,8,20,13,exponential,0.2401904608008281,0.9988552354556857,0.030424719504964275,0,0.0002606265107811274
backfill_47,16,1,12,28,12,28,17,power,4.039314184050837,0.9950311155906228,0.0731162365253953,0,5.314220096113917e-05
backfill_47,16,1,12,28,12,28,17,exponential,0.211502104094562,0.9978651651563659,0.04792548575061353,0,5.314220096113917e-05
backfill_47,24,-1,4,12,4,12,9,power,1.6299263987470234,0.932287051149804,0.15366966909924637,0,0.0015375098013135705
backfill_47,24,-1,4,12,4,12,9,exponential,0.22735617168539693,0.9881381158028468,0.06431749661411074,0,0.0015375098013135705
backfill_47,24,-1,8,20,8,15,8,power,2.7860755699273034,0.9967447721099215,0.032631937175660035,0,0.0008055925964245373
backfill_47,24,-1,8,20,8,15,8,exponential,0.2492217610529665,0.9968433358623509,0.03213411513873715,0,0.0008055925964245373
backfill_47,24,1,4,12,4,12,9,power,1.56656342532086,0.9359768252259082,0.1433320005993632,0,0.0016366888020702304
backfill_47,24,1,4,12,4,12,9,exponential,0.218259599151437,0.9897062848292898,0.05747257202296389,0,0.0016366888020702304
backfill_47,24,1,8,20,8,20,13,power,3.166366055102777,0.991657288459053,0.08190377324675589,0,0.00026474002250247153
backfill_47,24,1,8,20,8,20,13,exponential,0.2394261360616648,0.9980919599393737,0.0391691403770955,0,0.00026474002250247153
backfill_47,24,1,12,28,12,28,17,power,4.035799449697644,0.9925550536304926,0.089531969801626,0,5.0826317424423895e-05
backfill_47,24,1,12,28,12,28,17,exponential,0.21165805773439716,0.9985875549393453,0.03899717387636223,0,5.0826317424423895e-05
backfill_47,32,-1,4,12,4,12,9,power,1.5376226518602627,0.9367895349563444,0.13972765499446319,0,0.0016728570184407487
backfill_47,32,-1,4,12,4,12,9,exponential,0.214169928914601,0.9900336831319362,0.0554823979773871,0,0.0016728570184407487
backfill_47,32,-1,8,20,8,20,13,power,3.205662649679483,0.9884774487885704,0.09760649929057011,0,0.0002557655692996298
backfill_47,32,-1,8,20,8,20,13,exponential,0.24292004756308952,0.9991850420322906,0.025958047237735128,0,0.0002557655692996298
backfill_47,32,-1,12,28,12,23,12,power,3.70217807111921,0.9991118878317482,0.022393937719569726,0,0.0001608867631316211
backfill_47,32,-1,12,28,12,23,12,exponential,0.21684480459147049,0.9923382287709113,0.06577504380338543,0,0.0001608867631316211
backfill_47,32,1,4,12,4,12,9,power,1.5430889164804817,0.9369131872228081,0.14007792316345516,0,0.0016627602685016334
backfill_47,32,1,4,12,4,12,9,exponential,0.21492213815116865,0.9900799015834435,0.05554671640456995,0,0.0016627602685016334
backfill_47,32,1,8,20,8,20,13,power,3.1925553333943575,0.988584403648092,0.09674996955264842,0,0.00025421963380762615
backfill_47,32,1,8,20,8,20,13,exponential,0.2419342483162353,0.999354722078231,0.023002494629988168,0,0.00025421963380762615
backfill_47,32,1,12,28,12,24,13,power,3.758330370311054,0.998946165388347,0.02618479758821291,0,0.0001316136640125299
backfill_47,32,1,12,28,12,24,13,exponential,0.21488510871952798,0.9936071147263539,0.06449283189424454,0,0.0001316136640125299
backfill_48,16,1,4,12,4,12,9,power,1.5073170280907133,0.9328342525482131,0.14149314958681414,0,0.001661899857851281
backfill_48,16,1,4,12,4,12,9,exponential,0.21021976546874918,0.9884002798320797,0.05880107204278892,0,0.001661899857851281
backfill_48,16,1,8,20,8,20,13,power,3.1718806032546207,0.9895111260531346,0.09209602852356935,0,0.00026059696629562347
backfill_48,16,1,8,20,8,20,13,exponential,0.2401947750941331,0.9988544507623567,0.030435703853098687,0,0.00026059696629562347
backfill_48,16,1,12,28,12,28,17,power,4.0392932336015726,0.9950316529141523,0.0731118841619793,0,5.3137009152779205e-05
backfill_48,16,1,12,28,12,28,17,exponential,0.21150091083027675,0.997864795508636,0.04792937319741236,0,5.3137009152779205e-05
backfill_48,24,-1,4,12,4,12,9,power,1.629880889716575,0.932289968097147,0.15366182826866914,0,0.001537478565515532
backfill_48,24,-1,4,12,4,12,9,exponential,0.22734961105439258,0.9881393590882886,0.06431222953600367,0,0.001537478565515532
backfill_48,24,-1,8,20,8,15,8,power,2.785975947143524,0.996744761968185,0.03263082133975837,0,0.0008055882173492873
backfill_48,24,-1,8,20,8,15,8,exponential,0.24921290901848886,0.9968438015926747,0.03213059575370816,0,0.0008055882173492873
backfill_48,24,1,4,12,4,12,9,power,1.5665168392874362,0.9359775553057347,0.1433268651210027,0,0.0016366593062600594
backfill_48,24,1,4,12,4,12,9,exponential,0.21825305831590935,0.9897066007084595,0.05746995870595825,0,0.0016366593062600594
backfill_48,24,1,8,20,8,20,13,power,3.166339655088819,0.9916558529653741,0.08191019569731843,0,0.00026473442146294525
backfill_48,24,1,8,20,8,20,13,exponential,0.23942437973447725,0.9980925154578232,0.03916313980564071,0,0.00026473442146294525
backfill_48,24,1,12,28,12,28,17,power,4.035745107710379,0.9925562978072718,0.08952322677874137,0,5.0827801229497496e-05
backfill_48,24,1,12,28,12,28,17,exponential,0.21165502312461132,0.9985870644468071,0.03900339482955289,0,5.0827801229497496e-05
backfill_48,32,-1,4,12,4,12,9,power,1.5376740659073889,0.9367849335743956,0.13973775609406,0,0.0016726942846697814
backfill_48,32,-1,4,12,4,12,9,exponential,0.21417741505910645,0.9900318236033514,0.05548956536247664,0,0.0016726942846697814
backfill_48,32,-1,8,20,8,20,13,power,3.2057375799988126,0.9884804134675133,0.09759607655718999,0,0.00025573938667358166
backfill_48,32,-1,8,20,8,20,13,exponential,0.24292526287695498,0.999184231809824,0.025971515745169385,0,0.00025573938667358166
backfill_48,32,-1,12,28,12,23,12,power,3.7021522530438182,0.9991123392958028,0.02238808392653389,0,0.0001608718721724245
backfill_48,32,-1,12,28,12,23,12,exponential,0.2168430610029386,0.9923365595736842,0.06578173469368317,0,0.0001608718721724245
backfill_48,32,1,4,12,4,12,9,power,1.5430460602843898,0.9369133719337795,0.14007381391223084,0,0.0016627859883536367
backfill_48,32,1,4,12,4,12,9,exponential,0.2149161557341415,0.9900799734404359,0.05554496705753609,0,0.0016627859883536367
backfill_48,32,1,8,20,8,20,13,power,3.1924774350943097,0.9885828127860377,0.09675442777817334,0,0.00025423066843311207
backfill_48,32,1,8,20,8,20,13,exponential,0.24192860356849802,0.9993552490377616,0.022992557806080612,0,0.00025423066843311207
backfill_48,32,1,12,28,12,24,13,power,3.7583017437393393,0.9989455166269838,0.026192665285712482,0,0.00013162056054092514
backfill_48,32,1,12,28,12,24,13,exponential,0.21488361628017708,0.9936078039407643,0.06448888506372738,0,0.00013162056054092514
backfill_49,16,1,4,12,4,12,9,power,0.3349654769970095,0.11991060513699758,0.3174634783044489,0,9.345530209861405e-05
backfill_49,16,1,4,12,4,12,9,exponential,0.0622811289798774,0.22581923979777063,0.297749858314092,0,9.345530209861405e-05
backfill_49,16,1,8,20,8,20,13,power,8.96946151560224,0.8559012946874572,1.0378976955049242,0,7.380945923133738e-08
backfill_49,16,1,8,20,8,20,13,exponential,0.7047171496634914,0.9300551458461135,0.7231067119683922,0,7.380945923133738e-08
backfill_49,16,1,12,28,12,28,17,power,10.371803292898855,0.9239050099647919,0.7624541299037323,0,1.9666173614636492e-08
backfill_49,16,1,12,28,12,28,17,exponential,0.5281357886205205,0.8762561114413238,0.9722939167347947,0,1.9666173614636492e-08
backfill_49,24,-1,4,12,4,12,9,power,6.464584233559425,0.9379556320768975,0.581647355545563,0,1.1158310665077645e-05
backfill_49,24,-1,4,12,4,12,9,exponential,0.8871260102854378,0.9621930492724957,0.45404029930583945,0,1.1158310665077645e-05
backfill_49,24,-1,8,20,8,15,8,power,4.149547627330147,0.6292663888018581,0.6527783094166432,0,1.1158310665077645e-05
backfill_49,24,-1,8,20,8,15,8,exponential,0.3469033026545243,0.5496759093431023,0.7194445463025131,0,1.1158310665077645e-05
backfill_49,24,1,4,12,4,12,9,power,6.5616083721671545,0.897185748172883,0.7770606328715567,0,7.494405308071941e-06
backfill_49,24,1,4,12,4,12,9,exponential,0.9233900433249855,0.9678824613861174,0.4343095460323303,0,7.494405308071941e-06
backfill_49,24,1,8,20,8,20,13,power,5.265096740068345,0.8211416266525536,0.6929819749082594,0,1.996496642901332e-06
backfill_49,24,1,8,20,8,20,13,exponential,0.37913548211268855,0.7495183965156276,0.8200781058679182,0,1.996496642901332e-06
backfill_49,24,1,12,28,12,28,17,power,10.414822010036472,0.789077766611371,1.379266563163799,0,2.2260552831634763e-09
backfill_49,24,1,12,28,12,28,17,exponential,0.5722250696122395,0.8713064889209954,1.0773711757712061,0,2.2260552831634763e-09
backfill_49,32,-1,4,12,4,12,9,power,0.9393644176182459,0.4063592061775583,0.39719159254041075,0,0.00015654160920277658
backfill_49,32,-1,4,12,4,12,9,exponential,0.14910069501843706,0.557688539292178,0.34284851661400345,0,0.00015654160920277658
backfill_49,32,-1,8,20,8,20,13,power,9.530185449815425,0.9060834407716086,0.8652832975939244,0,2.7936012910764235e-07
backfill_49,32,-1,8,20,8,20,13,exponential,0.7382537925980652,0.9571168034859214,0.5846969241577887,0,2.7936012910764235e-07
backfill_49,32,-1,12,28,12,23,12,power,10.983926862440601,0.903577652586314,0.7279642584001799,0,2.7936012910764235e-07
backfill_49,32,-1,12,28,12,23,12,exponential,0.6310363143716062,0.8634179690608123,0.8663990947811139,0,2.7936012910764235e-07
backfill_49,32,1,4,12,4,12,9,power,1.1069493954792888,0.4793515295808526,0.40358231931236493,0,0.00016388097545412268
backfill_49,32,1,4,12,4,12,9,exponential,0.1719996823305796,0.6304408759201277,0.34001791344031207,0,0.00016388097545412268
backfill_49,32,1,8,20,8,20,13,power,9.944873861638916,0.899788014093586,0.9359636676623102,0,1.826777905820115e-07
backfill_49,32,1,8,20,8,20,13,exponential,0.7725048358765066,0.9557232180478075,0.6221386473312378,0,1.826777905820115e-07
backfill_49,32,1,12,28,12,24,13,power,11.081236706054503,0.8970884739017588,0.8050849041219185,0,1.826777905820115e-07
backfill_49,32,1,12,28,12,24,13,exponential,0.6190299785727447,0.8517890459251233,0.9661617182106684,0,1.826777905820115e-07
backfill_50,16,1,4,12,4,12,9,power,0.22186457364916873,0.06399792334550891,0.2968264181891385,0,8.411237319811566e-05
backfill_50,16,1,4,12,4,12,9,exponential,0.04527199417278257,0.1451575736863432,0.2836659312782126,0,8.411237319811566e-05
backfill_50,16,1,8,20,8,20,13,power,8.733370559454169,0.8452533929695364,1.053826155187945,0,6.161614023037317e-08
backfill_50,16,1,8,20,8,20,13,exponential,0.6875918603715745,0.9223009978542257,0.7467343443855873,0,6.161614023037317e-08
backfill_50,16,1,12,28,12,28,17,power,10.514232681476024,0.925178810400823,0.7659001029942466,0,1.7994440311423386e-08
backfill_50,16,1,12,28,12,28,17,exponential,0.5358292013325154,0.8789098880235168,0.9743481477571352,0,1.7994440311423386e-08
backfill_50,24,-1,4,12,4,12,9,power,6.4063989738729035,0.9413581339781881,0.5593704982632641,0,1.1009959220615986e-05
backfill_50,24,-1,4,12,4,12,9,exponential,0.8761031191232871,0.9590204328017412,0.46760521983373204,0,1.1009959220615986e-05
backfill_50,24,-1,8,20,8,15,8,power,3.8534509596913566,0.6136950458431532,0.6265993138695382,0,1.1009959220615986e-05
backfill_50,24,-1,8,20,8,15,8,exponential,0.32181909281980786,0.534974847647805,0.6874846376132554,0,1.1009959220615986e-05
backfill_50,24,1,4,12,4,12,9,power,6.458042957219753,0.8878704879313939,0.8028699624180081,0,7.4146370787073786e-06
backfill_50,24,1,4,12,4,12,9,exponential,0.9113794985925866,0.9632449992363574,0.45966714348544635,0,7.4146370787073786e-06
backfill_50,24,1,8,20,8,20,13,power,5.479597558927291,0.8248652331992727,0.7120546505940317,0,2.164558663010542e-06
backfill_50,24,1,8,20,8,20,13,exponential,0.39357331971387466,0.7490745629297615,0.8523137361011054,0,2.164558663010542e-06
backfill_50,24,1,12,28,12,28,17,power,10.114042429671652,0.7773085389580777,1.3866757242542276,0,2.41596084382351e-09
backfill_50,24,1,12,28,12,28,17,exponential,0.5568776429935065,0.8619549065447443,1.091776187861767,0,2.41596084382351e-09
backfill_50,32,-1,4,12,4,12,9,power,1.1064887275405275,0.4748583166614433,0.4070636666854624,0,0.00016547384431883993
backfill_50,32,-1,4,12,4,12,9,exponential,0.17213865405142603,0.6260620200885192,0.34349773923461757,0,0.00016547384431883993
backfill_50,32,-1,8,20,8,20,13,power,9.58855619025759,0.9130452149669068,0.834495112069632,0,3.27916660819131e-07
backfill_50,32,-1,8,20,8,20,13,exponential,0.7410816380715006,0.9600769269579439,0.5654432655589389,0,3.27916660819131e-07
backfill_50,32,-1,12,28,12,23,12,power,10.79296516289023,0.900052966073843,0.7296893567216421,0,3.27916660819131e-07
backfill_50,32,-1,12,28,12,23,12,exponential,0.6191566804800972,0.8575309523750756,0.8711908733450929,0,3.27916660819131e-07
backfill_50,32,1,4,12,4,12,9,power,0.9294918211007255,0.406229654789768,0.3931227139645874,0,0.00015401037007210458
backfill_50,32,1,4,12,4,12,9,exponential,0.14753231184412954,0.5575005058768341,0.33937142712532553,0,0.00015401037007210458
backfill_50,32,1,8,20,8,20,13,power,9.775238795238705,0.8935363113988289,0.9515727701804215,0,1.7183488215010647e-07
backfill_50,32,1,8,20,8,20,13,exponential,0.7607591771146975,0.9526643918118638,0.634505268072699,0,1.7183488215010647e-07
backfill_50,32,1,12,28,12,24,13,power,11.164963753345356,0.9021574443477647,0.7887132258036987,0,1.7183488215010647e-07
backfill_50,32,1,12,28,12,24,13,exponential,0.6247117148602728,0.8593634466123313,0.9455931920351532,0,1.7183488215010647e-07
backfill_51,16,1,4,12,4,12,9,power,-0.40261099742445233,0.5817125628993018,0.11943399166100292,0,0.00032409912725152036
backfill_51,16,1,4,12,4,12,9,exponential,-0.04740278449534897,0.43927387404113116,0.13828208927888577,0,0.00032409912725152036
backfill_51,16,1,8,20,8,20,13,power,6.00558744111645,0.7819413823558471,0.8943860199744503,0,1.579482044329339e-06
backfill_51,16,1,8,20,8,20,13,exponential,0.47870410357916077,0.8745518980091951,0.6783759180870107,0,1.579482044329339e-06
backfill_51,16,1,12,28,12,28,17,power,7.899472777493506,0.8949523570499274,0.6932444210489891,0,1.0966991320799485e-06
backfill_51,16,1,12,28,12,28,17,exponential,0.3996316386079125,0.8378080230382012,0.8614060365368894,0,1.0966991320799485e-06
backfill_51,24,-1,4,12,4,12,9,power,5.959670364206565,0.9341041916070192,0.5537485454600481,0,2.3555941953970353e-05
backfill_51,24,-1,4,12,4,12,9,exponential,0.820317496549909,0.9640627076990441,0.4089369743535968,0,2.3555941953970353e-05
backfill_51,24,-1,8,20,8,15,8,power,4.194222835687422,0.6667626216295803,0.6077066387055687,0,2.3555941953970353e-05
backfill_51,24,-1,8,20,8,15,8,exponential,0.3525497458399942,0.5887973721169769,0.6750641840589635,0,2.3555941953970353e-05
backfill_51,24,1,4,12,4,12,9,power,4.920627773499889,0.889516241723112,0.6066691578953353,0,7.026634578706301e-05
backfill_51,24,1,4,12,4,12,9,exponential,0.6945134418664766,0.9653052272380662,0.33996540147584126,0,7.026634578706301e-05
backfill_51,24,1,8,20,8,20,13,power,3.920815059567625,0.7480942334861904,0.6416338061145419,0,4.8763701605118364e-05
backfill_51,24,1,8,20,8,20,13,exponential,0.27506213560016957,0.6481168170724688,0.7583460674546714,0,4.8763701605118364e-05
backfill_51,24,1,12,28,12,28,17,power,7.139566355478708,0.6662853251164391,1.2942686780284527,0,8.410056512976141e-08
backfill_51,24,1,12,28,12,28,17,exponential,0.4000643778607111,0.7652395901920825,1.0855484665287416,0,8.410056512976141e-08
backfill_51,32,-1,4,12,4,12,9,power,0.4987619228516227,0.29414538064817075,0.27028940962703846,0,0.0010229771748673743
backfill_51,32,-1,4,12,4,12,9,exponential,0.08193739860327039,0.43244440845912113,0.2423681804261363,0,0.0010229771748673743
backfill_51,32,-1,8,20,8,20,13,power,8.432790544108682,0.8828330477971219,0.8663723189418319,0,2.825978735176679e-06
backfill_51,32,-1,8,20,8,20,13,exponential,0.6569406717093663,0.9431403669748506,0.6035371776073665,0,2.825978735176679e-06
backfill_51,32,-1,12,28,12,23,12,power,10.30640567747545,0.9119944354807653,0.6495499000483651,0,2.825978735176679e-06
backfill_51,32,-1,12,28,12,23,12,exponential,0.5934539206151584,0.8754148120337641,0.7728419001453366,0,2.825978735176679e-06
backfill_51,32,1,4,12,4,12,9,power,-0.054402295203512835,0.010645581060236164,0.18347107719211017,0,0.0007464059771386856
backfill_51,32,1,4,12,4,12,9,exponential,0.0028835959797936933,0.0016292744235900658,0.18430519671949427,0,0.0007464059771386856
backfill_51,32,1,8,20,8,20,13,power,7.515719431234232,0.8163279103231997,1.005378975681639,0,1.2879021182747703e-06
backfill_51,32,1,8,20,8,20,13,exponential,0.5951337825783576,0.9010332376232233,0.7379941122081027,0,1.2879021182747703e-06
backfill_51,32,1,12,28,12,24,13,power,10.720262037860227,0.9308845066755478,0.6265911934398329,0,1.2879021182747703e-06
backfill_51,32,1,12,28,12,24,13,exponential,0.6064025495717525,0.9062685554611073,0.7296914132984921,0,1.2879021182747703e-06
backfill_52,16,1,4,12,4,12,9,power,0.13719207070897385,0.028599549206923758,0.2797098062178905,0,7.791635713545789e-05
backfill_52,16,1,4,12,4,12,9,exponential,0.03225921216965094,0.08613887008794197,0.27129928223519867,0,7.791635713545789e-05
backfill_52,16,1,8,20,8,20,13,power,8.406263170468252,0.8342570695501216,1.0566727798062692,0,5.0240876178907434e-08
backfill_52,16,1,8,20,8,20,13,exponential,0.6630481783422937,0.9136338490108835,0.7627720939872924,0,5.0240876178907434e-08
backfill_52,16,1,12,28,12,28,17,power,11.004713881266134,0.9247756170861872,0.8039609702009013,0,1.5558566727849715e-08
backfill_52,16,1,12,28,12,28,17,exponential,0.5615912025275527,0.8809282471345026,1.0114863403482646,0,1.5558566727849715e-08
backfill_52,24,-1,4,12,4,12,9,power,6.539450149977782,0.94036320268347,0.5761156876398819,0,9.080280813528734e-06
backfill_52,24,-1,4,12,4,12,9,exponential,0.8932763731985335,0.9558183091009509,0.4958767104245593,0,9.080280813528734e-06
backfill_52,24,-1,8,20,8,15,8,power,3.7427043846520975,0.5869224910240813,0.6435201838914661,0,9.080280813528734e-06
backfill_52,24,-1,8,20,8,15,8,exponential,0.31135377080007026,0.5076621285819851,0.7025512651140737,0,9.080280813528734e-06
backfill_52,24,1,4,12,4,12,9,power,6.2568761194764955,0.8740433759759272,0.8309228349453096,0,6.842825758247673e-06
backfill_52,24,1,4,12,4,12,9,exponential,0.8859561478806993,0.9546250290293171,0.4987218182935822,0,6.842825758247673e-06
backfill_52,24,1,8,20,8,20,13,power,6.02648065049925,0.8269334027436936,0.7775084283246968,0,2.1165130635713915e-06
backfill_52,24,1,8,20,8,20,13,exponential,0.4305413462392773,0.7429520893665026,0.9475573772268299,0,2.1165130635713915e-06
backfill_52,24,1,12,28,12,28,17,power,9.23021530549861,0.7467266399789382,1.376958474587777,0,2.1516358377927028e-09
backfill_52,24,1,12,28,12,28,17,exponential,0.5108061262937983,0.8365102399096516,1.1062960597684526,0,2.1516358377927028e-09
backfill_52,32,-1,4,12,4,12,9,power,1.2418634509463522,0.5264799816252337,0.4120132766939001,0,0.0001786160097719193
backfill_52,32,-1,4,12,4,12,9,exponential,0.19059810400275562,0.6755567148909026,0.34104480156253725,0,0.0001786160097719193
backfill_52,32,-1,8,20,8,20,13,power,9.808119309157776,0.9135034724339047,0.8511379488028398,0,3.224545067982474e-07
backfill_52,32,-1,8,20,8,20,13,exponential,0.7576238304554097,0.9594758610337448,0.5825826087335341,0,3.224545067982474e-07
backfill_52,32,-1,12,28,12,23,12,power,10.924592536545443,0.8937351604901146,0.7642614184919099,0,3.224545067982474e-07
backfill_52,32,-1,12,28,12,23,12,exponential,0.6260403540909745,0.8496991167052521,0.9089247034302932,0,3.224545067982474e-07
backfill_52,32,1,4,12,4,12,9,power,0.43351821506579685,0.1567126991721498,0.3518051229510044,0,0.00012654797686812157
backfill_52,32,1,4,12,4,12,9,exponential,0.07821827948745087,0.2779050894035793,0.3255453686058136,0,0.00012654797686812157
backfill_52,32,1,8,20,8,20,13,power,9.16141648406643,0.8706233230766849,0.995968156837969,0,1.285788223420008e-07
backfill_52,32,1,8,20,8,20,13,exponential,0.717482494623218,0.9399737810916391,0.678403299072935,0,1.285788223420008e-07
backfill_52,32,1,12,28,12,24,13,power,11.502629718842119,0.9200505476224581,0.7273410896358491,0,1.285788223420008e-07
backfill_52,32,1,12,28,12,24,13,exponential,0.6476916813862454,0.8875726716143367,0.8625143343928627,0,1.285788223420008e-07
backfill_53A,16,1,4,12,4,12,9,power,2.0498753012157986,0.9220841446181781,0.2084559096210668,0,0.00037147631081513744
backfill_53A,16,1,4,12,4,12,9,exponential,0.2867912691883468,0.9831912668747792,0.0968208255116216,0,0.00037147631081513744
backfill_53A,16,1,8,20,8,20,13,power,4.311062887343579,0.9945797789571791,0.08975177030968055,0,3.6292260947428e-05
backfill_53A,16,1,8,20,8,20,13,exponential,0.3241281271727916,0.9896746043379119,0.12387620037396972,0,3.6292260947428e-05
backfill_53A,16,1,12,28,12,28,17,power,4.9800132324242155,0.9895339624971857,0.13119019155827893,0,4.280145142624217e-06
backfill_53A,16,1,12,28,12,28,17,exponential,0.26101752574648435,0.9943290619720028,0.0965689865221997,0,4.280145142624217e-06
backfill_53A,24,-1,4,12,4,12,9,power,2.425937838111671,0.9221999612974215,0.24649956078301816,0,0.00029346641076160706
backfill_53A,24,-1,4,12,4,12,9,exponential,0.3394176511845245,0.9833884472479546,0.11390200215199582,0,0.00029346641076160706
backfill_53A,24,-1,8,20,8,15,8,power,4.04003930882519,0.9948494899115005,0.059577636373472256,0,0.00013778839719877367
backfill_53A,24,-1,8,20,8,15,8,exponential,0.35948425780409055,0.9844706216639459,0.10345111685561381,0,0.00013778839719877367
backfill_53A,24,1,4,12,4,12,9,power,2.230641745470591,0.9303968664762625,0.2134367634874749,0,0.0003479088090103692
backfill_53A,24,1,4,12,4,12,9,exponential,0.31131278263976186,0.987172358127453,0.09162800778905138,0,0.0003479088090103692
backfill_53A,24,1,8,20,8,20,13,power,4.202416154026618,0.9965214512226122,0.07002042769856937,0,3.951635517380862e-05
backfill_53A,24,1,8,20,8,20,13,exponential,0.3146887347885543,0.983646401568848,0.15182118436373312,0,3.951635517380862e-05
backfill_53A,24,1,12,28,12,28,17,power,4.980858889836232,0.9752259648376439,0.2033504152524649,0,3.6395539077761427e-06
backfill_53A,24,1,12,28,12,28,17,exponential,0.26260983553726325,0.991607583834871,0.11835597694447497,0,3.6395539077761427e-06
backfill_53A,32,-1,4,12,4,12,9,power,2.1540280002092356,0.9327275956582952,0.20237251596996125,0,0.00037073039628057053
backfill_53A,32,-1,4,12,4,12,9,exponential,0.3004031067705857,0.9882150606514928,0.08470259815130886,0,0.00037073039628057053
backfill_53A,32,-1,8,20,8,20,13,power,4.351611184949008,0.9944888283780839,0.09135705197759579,0,3.561194310362087e-05
backfill_53A,32,-1,8,20,8,20,13,exponential,0.32749015451358915,0.9914808122118319,0.11358453509207496,0,3.561194310362087e-05
backfill_53A,32,-1,12,28,12,23,12,power,4.323877770263908,0.9917752729808471,0.07988658047291425,0,2.3016019888335605e-05
backfill_53A,32,-1,12,28,12,23,12,exponential,0.25107515122805124,0.9681353688418144,0.15724162860469157,0,2.3016019888335605e-05
backfill_53A,32,1,4,12,4,12,9,power,2.176917984382104,0.9324165479755032,0.20502951820581006,0,0.0003626141350049914
backfill_53A,32,1,4,12,4,12,9,exponential,0.30362666319316195,0.9880891787620082,0.08607302355512585,0,0.0003626141350049914
backfill_53A,32,1,8,20,8,20,13,power,4.3325867945917915,0.9953648274322631,0.08337945640939279,0,3.4022155871457106e-05
backfill_53A,32,1,8,20,8,20,13,exponential,0.32620914932185335,0.9932717868589468,0.10045602193571461,0,3.4022155871457106e-05
backfill_53A,32,1,12,28,12,24,13,power,4.4396539561224335,0.9978157067616099,0.04455726283513538,0,1.705078386323583e-05
backfill_53A,32,1,12,28,12,24,13,exponential,0.25225202360708554,0.9801020251513849,0.13448302589332597,0,1.705078386323583e-05
backfill_54A,16,1,4,12,4,12,9,power,2.0498175745724976,0.9220791258836307,0.20845731984030796,0,0.00037148961321880995
backfill_54A,16,1,4,12,4,12,9,exponential,0.2867836171308185,0.9831888247285167,0.09682539554814809,0,0.00037148961321880995
backfill_54A,16,1,8,20,8,20,13,power,4.311099028821642,0.9945788324575963,0.08976040156874367,0,3.629229798011568e-05
backfill_54A,16,1,8,20,8,20,13,exponential,0.32413112138037825,0.9896753534533507,0.12387280404700142,0,3.629229798011568e-05
backfill_54A,16,1,12,28,12,28,17,power,4.980045257232321,0.9895354629309031,0.13118153149129205,0,4.280240497573848e-06
backfill_54A,16,1,12,28,12,28,17,exponential,0.26101895346611115,0.9943286588957897,0.09657296621142922,0,4.280240497573848e-06
backfill_54A,24,-1,4,12,4,12,9,power,2.425996742631017,0.9221967217922449,0.24651111109623872,0,0.00029345523224817965
backfill_54A,24,-1,4,12,4,12,9,exponential,0.33942621826078107,0.983386879638216,0.11391034228659012,0,0.00029345523224817965
backfill_54A,24,-1,8,20,8,15,8,power,4.040063970534645,0.9948475024350976,0.059589553434266515,0,0.00013779212869367147
backfill_54A,24,-1,8,20,8,15,8,exponential,0.3594857967382346,0.9844650648379761,0.10347035895222957,0,0.00013779212869367147
backfill_54A,24,1,4,12,4,12,9,power,2.2306698685841733,0.9303980724489004,0.21343746701399868,0,0.00034790530599543897
backfill_54A,24,1,4,12,4,12,9,exponential,0.3113165979955924,0.9871729428604378,0.09162701519065039,0,0.00034790530599543897
backfill_54A,24,1,8,20,8,20,13,power,4.202379422035808,0.9965215177180631,0.07001914408835808,0,3.951760654646256e-05
backfill_54A,24,1,8,20,8,20,13,exponential,0.31468567148639515,0.983644512282345,0.15182862169038108,0,3.951760654646256e-05
backfill_54A,24,1,12,28,12,28,17,power,4.980849124794214,0.9752202602672786,0.20337402215323758,0,3.639378480031763e-06
backfill_54A,24,1,12,28,12,28,17,exponential,0.26260977835237614,0.991605239693354,0.11837261932659567,0,3.639378480031763e-06
backfill_54A,32,-1,4,12,4,12,9,power,2.15400293928674,0.9327262350474979,0.20237235558028116,0,0.0003707344515454323
backfill_54A,32,-1,4,12,4,12,9,exponential,0.30039974750855025,0.988214512319457,0.08470364494793482,0,0.0003707344515454323
backfill_54A,32,-1,8,20,8,20,13,power,4.351639408938662,0.9944882006946424,0.09136287568648743,0,3.561072217416351e-05
backfill_54A,32,-1,8,20,8,20,13,exponential,0.3274927036800967,0.9914827604478215,0.11357231909124685,0,3.561072217416351e-05
backfill_54A,32,-1,12,28,12,23,12,power,4.323927046363096,0.9917738907857115,0.07989425896392888,0,2.301632907762436e-05
backfill_54A,32,-1,12,28,12,23,12,exponential,0.2510778818045577,0.9681330113118886,0.1572493469312087,0,2.301632907762436e-05
backfill_54A,32,1,4,12,4,12,9,power,2.1769111115552926,0.9324181373893141,0.20502628522631,0,0.0003626139064408125
backfill_54A,32,1,4,12,4,12,9,exponential,0.3036255533898921,0.9880898788931688,0.08607014868989454,0,0.0003626139064408125
backfill_54A,32,1,8,20,8,20,13,power,4.332602054492776,0.9953640304950817,0.08338695100359508,0,3.4020079258558975e-05
backfill_54A,32,1,8,20,8,20,13,exponential,0.3262109409248125,0.9932749052116474,0.10043313379651088,0,3.4020079258558975e-05
backfill_54A,32,1,12,28,12,24,13,power,4.439780627263123,0.9978158774202893,0.04455678961034232,0,1.7050098852137638e-05
backfill_54A,32,1,12,28,12,24,13,exponential,0.2522593443650881,0.9801031529452534,0.13448304009745532,0,1.7050098852137638e-05
backfill_55A,16,1,4,12,4,12,9,power,5.478322147731304,0.9332424953763718,0.512577437732848,0,6.157196739148987e-06
backfill_55A,16,1,4,12,4,12,9,exponential,0.7118771326014981,0.8584202396114077,0.7464659892734686,0,6.157196739148987e-06
backfill_55A,16,1,8,20,8,20,13,power,5.177826291703311,0.77399622319804,0.7890524691023951,0,4.5262070223552794e-08
backfill_55A,16,1,8,20,8,20,13,exponential,0.4123631462436072,0.8641550161543491,0.611744168362726,0,4.5262070223552794e-08
backfill_55A,16,1,12,28,12,28,17,power,12.577181991436296,0.9438758330527143,0.7855899958152147,0,9.81861965146919e-10
backfill_55A,16,1,12,28,12,28,17,exponential,0.6568479853834794,0.9416705870289473,0.8008751036100068,0,9.81861965146919e-10
backfill_55A,24,-1,4,12,4,12,9,power,3.082148274519088,0.798061787795896,0.542379976067994,0,6.108463759046315e-06
backfill_55A,24,-1,4,12,4,12,9,exponential,0.38518362754353835,0.6789778248380376,0.6838516680795941,0,6.108463759046315e-06
backfill_55A,24,-1,8,20,8,15,8,power,3.100871298961709,0.8322122572067002,0.2853632559157329,0,1.3725256812427144e-06
backfill_55A,24,-1,8,20,8,15,8,exponential,0.287251547398948,0.8925821257601291,0.22832644378604836,0,1.3725256812427144e-06
backfill_55A,24,1,4,12,4,12,9,power,4.314707385102006,0.8691863788123014,0.5855722680059984,0,4.335953817585575e-05
backfill_55A,24,1,4,12,4,12,9,exponential,0.6120723915035344,0.9528099592743907,0.3517055267674869,0,4.335953817585575e-05
backfill_55A,24,1,8,20,8,20,13,power,8.88232178150378,0.9349542164770585,0.6607100059761433,0,9.404449532481625e-07
backfill_55A,24,1,8,20,8,20,13,exponential,0.6504969540415678,0.882705742405426,0.8872370815396221,0,9.404449532481625e-07
backfill_55A,24,1,12,28,12,28,17,power,9.639456713639703,0.8444938881290982,1.0595540403670238,0,8.727437737685367e-10
backfill_55A,24,1,12,28,12,28,17,exponential,0.5178976097131144,0.8916620723018505,0.884381486484584,0,8.727437737685367e-10
backfill_55A,32,-1,4,12,4,12,9,power,3.921651500266992,0.8542507059243594,0.5666810354075625,0,5.331029996670672e-05
backfill_55A,32,-1,4,12,4,12,9,exponential,0.558277643333417,0.9430578109090406,0.35420323908040013,0,5.331029996670672e-05
backfill_55A,32,-1,8,20,8,20,13,power,9.14374290849728,0.9402235720273804,0.6501946595035532,0,8.629576491920792e-07
backfill_55A,32,-1,8,20,8,20,13,exponential,0.6723594001332509,0.8948992854685036,0.8621468634167234,0,8.629576491920792e-07
backfill_55A,32,-1,12,28,12,23,12,power,6.689177177329561,0.8558548964865215,0.5569534411998704,0,1.9441126667347546e-07
backfill_55A,32,-1,12,28,12,23,12,exponential,0.38430817105273113,0.8178546727717861,0.6260773057045533,0,1.9441126667347546e-07
backfill_55A,32,1,4,12,4,12,9,power,2.3571412952418016,0.7833435837194164,0.4336650007218773,0,7.65554262138233e-06
backfill_55A,32,1,4,12,4,12,9,exponential,0.2949757094119087,0.6682578324925555,0.536622569953039,0,7.65554262138233e-06
backfill_55A,32,1,8,20,8,20,13,power,7.579374029923044,0.8009832949950841,1.0654580496616968,0,7.09206621120599e-09
backfill_55A,32,1,8,20,8,20,13,exponential,0.60165075418854,0.8884516298543657,0.7976698987720402,0,7.09206621120599e-09
backfill_55A,32,1,12,28,12,24,13,power,13.69868311667809,0.9534456246924295,0.6493071522803839,0,2.9031834928081313e-09
backfill_55A,32,1,12,28,12,24,13,exponential,0.7864355349041642,0.9561244477763089,0.6303492389854849,0,2.9031834928081313e-09
backfill_55B,16,1,4,12,4,12,9,power,1.8832689756017371,0.7576628578546829,0.37260053045928043,0,8.689427344015944e-05
backfill_55B,16,1,4,12,4,12,9,exponential,0.273646684705338,0.8714092528939182,0.27141780729240084,0,8.689427344015944e-05
backfill_55B,16,1,8,20,8,20,13,power,10.375739274920765,0.9344972265201319,0.7746934166251356,0,1.8759771323734742e-07
backfill_55B,16,1,8,20,8,20,13,exponential,0.7942507676339268,0.9639250807928781,0.5749137615860195,0,1.8759771323734742e-07
backfill_55B,16,1,12,28,12,28,17,power,10.274496659614565,0.9382493430538968,0.6751764571091707,0,4.485837719198669e-09
backfill_55B,16,1,12,28,12,28,17,exponential,0.5271641590370042,0.9034622162339271,0.8441996377010658,0,4.485837719198669e-09
backfill_55B,24,-1,4,12,4,12,9,power,6.753939832204833,0.9008922575101636,0.7836708211159069,0,4.5626729252440695e-06
backfill_55B,24,-1,4,12,4,12,9,exponential,0.9502619459447771,0.9714839882734722,0.4203628009647682,0,4.5626729252440695e-06
backfill_55B,24,-1,8,20,8,15,8,power,8.71062752992394,0.9069899767947418,0.571694908563794,0,3.972376129064735e-06
backfill_55B,24,-1,8,20,8,15,8,exponential,0.7576089987393012,0.8575326335807215,0.7075500177770457,0,3.972376129064735e-06
backfill_55B,24,1,4,12,4,12,9,power,6.547867919170192,0.9587378557807065,0.4752093680831827,0,5.43497187398213e-06
backfill_55B,24,1,4,12,4,12,9,exponential,0.8760094943109871,0.9347773328574112,0.5974593670091404,0,5.43497187398213e-06
backfill_55B,24,1,8,20,8,20,13,power,4.738773533512513,0.8415278413938003,0.5799334720745171,0,1.3721553788271134e-07
backfill_55B,24,1,8,20,8,20,13,exponential,0.3660034712684027,0.8836800830466564,0.496853931429876,0,1.3721553788271134e-07
backfill_55B,24,1,12,28,12,28,17,power,12.453964765806276,0.9247138270599768,0.9102415287753746,0,1.2248873842518386e-09
backfill_55B,24,1,12,28,12,28,17,exponential,0.6588425173668369,0.9466215932275864,0.7664464884473826,0,1.2248873842518386e-09
backfill_55B,32,-1,4,12,4,12,9,power,1.1352638311864285,0.7553340325189728,0.22603369371320367,0,1.970998057067338e-05
backfill_55B,32,-1,4,12,4,12,9,exponential,0.15114431721731658,0.7293224580064316,0.2377456130955588,0,1.970998057067338e-05
backfill_55B,32,-1,8,20,8,20,13,power,8.71407136813691,0.8278261649706391,1.1207405707579614,0,1.155540592826605e-08
backfill_55B,32,-1,8,20,8,20,13,exponential,0.6885933680019821,0.9099356338141,0.8105839787688629,0,1.155540592826605e-08
backfill_55B,32,-1,12,28,12,23,12,power,13.89788035473166,0.9570118027929355,0.5976003632723711,0,1.0143778673737049e-08
backfill_55B,32,-1,12,28,12,23,12,exponential,0.8156433261370608,0.9542955360542796,0.6161912774705348,0,1.0143778673737049e-08
backfill_55B,32,1,4,12,4,12,9,power,3.294574425871538,0.8382242896670327,0.5063315442447348,0,7.365870092246585e-05
backfill_55B,32,1,4,12,4,12,9,exponential,0.4707172086887964,0.9321208845492996,0.3279792844426846,0,7.365870092246585e-05
backfill_55B,32,1,8,20,8,20,13,power,9.71751335893655,0.9502137824284627,0.6272909603002848,0,6.576004581606516e-07
backfill_55B,32,1,8,20,8,20,13,exponential,0.7225676786413953,0.9248177838268083,0.7708538120946066,0,6.576004581606516e-07
backfill_55B,32,1,12,28,12,24,13,power,7.838178637071872,0.8794231730129779,0.6225685970212352,0,1.0559825391262042e-07
backfill_55B,32,1,12,28,12,24,13,exponential,0.4375248652069486,0.8337252311761859,0.7310859899518996,0,1.0559825391262042e-07
backfill_56A,16,1,4,12,4,12,9,power,5.2906653050947074,0.9248881921776051,0.5274470929192125,0,6.0609795076633305e-06
backfill_56A,16,1,4,12,4,12,9,exponential,0.6839089059392526,0.8418906149544048,0.7652504970002935,0,6.0609795076633305e-06
backfill_56A,16,1,8,20,8,20,13,power,5.3890855687805255,0.7700026620703376,0.8306161096438481,0,3.5233436578043714e-08
backfill_56A,16,1,8,20,8,20,13,exponential,0.4297934490453654,0.8621239866208753,0.6431070995439089,0,3.5233436578043714e-08
backfill_56A,16,1,12,28,12,28,17,power,12.546576561647322,0.9454734028931888,0.7717912649716626,0,9.347711949256465e-10
backfill_56A,16,1,12,28,12,28,17,exponential,0.6537443774573296,0.9389357006603751,0.8167503901039358,0,9.347711949256465e-10
backfill_56A,24,-1,4,12,4,12,9,power,3.4088555890841086,0.8040525705291376,0.5887017015298641,0,5.615073344110819e-06
backfill_56A,24,-1,4,12,4,12,9,exponential,0.4262739741307876,0.6849129302655801,0.7465188810729014,0,5.615073344110819e-06
backfill_56A,24,-1,8,20,8,15,8,power,2.9914888433446,0.8250788511079185,0.2823007740123481,0,1.299741675605678e-06
backfill_56A,24,-1,8,20,8,15,8,exponential,0.2773722588219039,0.8865506107116509,0.2273484457363843,0,1.299741675605678e-06
backfill_56A,24,1,4,12,4,12,9,power,4.511178740010908,0.8711031361391925,0.6070654917231527,0,3.661743126825969e-05
backfill_56A,24,1,4,12,4,12,9,exponential,0.6396151560433135,0.9539321615545492,0.3629219941397385,0,3.661743126825969e-05
backfill_56A,24,1,8,20,8,20,13,power,8.684387281467961,0.9303574981859024,0.6700719106582985,0,9.712436805858626e-07
backfill_56A,24,1,8,20,8,20,13,exponential,0.6342249996050647,0.873466570234157,0.9032061179487502,0,9.712436805858626e-07
backfill_56A,24,1,12,28,12,28,17,power,9.6452465796221,0.8341478601333603,1.1016596242687302,0,7.710627867774995e-10
backfill_56A,24,1,12,28,12,28,17,exponential,0.5202259336762601,0.8876084987388702,0.9068879458429734,0,7.710627867774995e-10
backfill_56A,32,-1,4,12,4,12,9,power,3.7698662597314034,0.8501294333847752,0.5537333953929723,0,5.742768840031536e-05
backfill_56A,32,-1,4,12,4,12,9,exponential,0.537182329330872,0.9403014234341834,0.34948177258479785,0,5.742768840031536e-05
backfill_56A,32,-1,8,20,8,20,13,power,9.270769513456317,0.94195534866061,0.6490104777650656,0,8.117988097948711e-07
backfill_56A,32,-1,8,20,8,20,13,exponential,0.6830575656578216,0.9001221278020619,0.851344325313082,0,8.117988097948711e-07
backfill_56A,32,-1,12,28,12,23,12,power,6.9133345807971205,0.8546587307752711,0.5784049461515435,0,1.8850123220174612e-07
backfill_56A,32,-1,12,28,12,23,12,exponential,0.3963225772519098,0.8131625526181082,0.6557970919300986,0,1.8850123220174612e-07
backfill_56A,32,1,4,12,4,12,9,power,1.92190244620638,0.7748343770718679,0.36244078855016293,0,9.61999323240201e-06
backfill_56A,32,1,4,12,4,12,9,exponential,0.24243978196545699,0.6716522326666794,0.4376763274809429,0,9.61999323240201e-06
backfill_56A,32,1,8,20,8,20,13,power,7.851779026766483,0.8084907242901779,1.0776939228521016,0,7.626352224801513e-09
backfill_56A,32,1,8,20,8,20,13,exponential,0.6224870058802028,0.8945148650397797,0.7998271800315533,0,7.626352224801513e-09
backfill_56A,32,1,12,28,12,24,13,power,13.644705993553137,0.9542483626980838,0.6408787496767459,0,3.7526312837313266e-09
backfill_56A,32,1,12,28,12,24,13,exponential,0.7818710474339278,0.9533518125366433,0.6471276224666677,0,3.7526312837313266e-09
backfill_56B,16,1,4,12,4,12,9,power,1.8778838374335862,0.7570290570481634,0.3721763254313577,0,8.671169164742522e-05
backfill_56B,16,1,4,12,4,12,9,exponential,0.27289921703547315,0.8709037729427047,0.27128660399930177,0,8.671169164742522e-05
backfill_56B,16,1,8,20,8,20,13,power,10.375702491378641,0.9343023368444056,0.7759231922726552,0,1.862791801307809e-07
backfill_56B,16,1,8,20,8,20,13,exponential,0.7943119948361022,0.9638794769543406,0.5753349901027037,0,1.862791801307809e-07
backfill_56B,16,1,12,28,12,28,17,power,10.279338756127517,0.9382548529761139,0.6754625290605721,0,4.469679178793083e-09
backfill_56B,16,1,12,28,12,28,17,exponential,0.5273992731298272,0.903421872799642,0.8447714675151298,0,4.469679178793083e-09
backfill_56B,24,-1,4,12,4,12,9,power,6.756250056559496,0.9012753879449525,0.7822558178788269,0,4.560684719063489e-06
backfill_56B,24,-1,4,12,4,12,9,exponential,0.9504883000531519,0.9716953485579336,0.41885623965769325,0,4.560684719063489e-06
backfill_56B,24,-1,8,20,8,15,8,power,8.69469411177855,0.9066869986776036,0.5716733423287478,0,3.982692418064906e-06
backfill_56B,24,-1,8,20,8,15,8,exponential,0.7561612810399542,0.8571058334017354,0.7074310406898803,0,3.982692418064906e-06
backfill_56B,24,1,4,12,4,12,9,power,6.552404836587746,0.9587077666111354,0.47571945293961126,0,5.437118914845031e-06
backfill_56B,24,1,4,12,4,12,9,exponential,0.8767127009841574,0.9349532362632065,0.5970759401212202,0,5.437118914845031e-06
backfill_56B,24,1,8,20,8,20,13,power,4.740488908714615,0.8416732273493932,0.5798271365752704,0,1.377473151982138e-07
backfill_56B,24,1,8,20,8,20,13,exponential,0.36608586686323236,0.8835909244390511,0.49718129085638,0,1.377473151982138e-07
backfill_56B,24,1,12,28,12,28,17,power,12.450399285996175,0.9246873936953401,0.9101536773826897,0,1.2296604163566825e-09
backfill_56B,24,1,12,28,12,28,17,exponential,0.6586660149628215,0.9466293691932197,0.7661821987148928,0,1.2296604163566825e-09
backfill_56B,32,-1,4,12,4,12,9,power,1.1328912109746485,0.7561785599160885,0.22504589654255228,0,1.9798745103117378e-05
backfill_56B,32,-1,4,12,4,12,9,exponential,0.1509635492219356,0.731446610055933,0.23618399911354232,0,1.9798745103117378e-05
backfill_56B,32,-1,8,20,8,20,13,power,8.722253812860307,0.8283508094803529,1.1197277173044955,0,1.1618065235297676e-08
backfill_56B,32,-1,8,20,8,20,13,exponential,0.6891758865608729,0.9103430588257134,0.8092514902556196,0,1.1618065235297676e-08
backfill_56B,32,-1,12,28,12,23,12,power,13.89105768004017,0.957079960391585,0.5968120389255155,0,1.0229729811594418e-08
backfill_56B,32,-1,12,28,12,23,12,exponential,0.8151816016531428,0.9542199532606511,0.6163758777441626,0,1.0229729811594418e-08
backfill_56B,32,1,4,12,4,12,9,power,3.29266659287975,0.838100638741378,0.506269033309709,0,7.35823632115792e-05
backfill_56B,32,1,4,12,4,12,9,exponential,0.4704578503096359,0.9320357867739509,0.3280189568397857,0,7.35823632115792e-05
backfill_56B,32,1,8,20,8,20,13,power,9.715962034697716,0.9502624957634194,0.6268678374774577,0,6.569338335973273e-07
backfill_56B,32,1,8,20,8,20,13,exponential,0.7224645134642201,0.9248963985743333,0.7703079413808689,0,6.569338335973273e-07
backfill_56B,32,1,12,28,12,24,13,power,7.838974585038298,0.8795857095075148,0.6221545335674814,0,1.0550286381587615e-07
backfill_56B,32,1,12,28,12,24,13,exponential,0.43757558573270783,0.8339032992627398,0.7307010939866426,0,1.0550286381587615e-07
square_AB_stripe_-0.4_A,16,1,4,12,4,12,9,power,1.549349991162874,0.9367637917368522,0.14082394986801106,0,0.001611274502774259
square_AB_stripe_-0.4_A,16,1,4,12,4,12,9,exponential,0.21580783023725716,0.9900472366290989,0.055868299182167076,0,0.001611274502774259
square_AB_stripe_-0.4_A,16,1,8,20,8,20,13,power,3.202641716326602,0.989847640104128,0.09146978574618378,0,0.00024856931745539414
square_AB_stripe_-0.4_A,16,1,8,20,8,20,13,exponential,0.24248381668411895,0.9988614108411912,0.030632164214939327,0,0.00024856931745539414
square_AB_stripe_-0.4_A,16,1,12,28,12,28,17,power,4.119376870989945,0.9940722904021724,0.08148188740107747,0,4.813538597185814e-05
square_AB_stripe_-0.4_A,16,1,12,28,12,28,17,exponential,0.2158582392879314,0.9984199746198933,0.04206778563295967,0,4.813538597185814e-05
square_AB_stripe_-0.4_A,24,-1,4,12,4,12,9,power,1.6429816648545563,0.9350668997508327,0.15146195882188906,0,0.001509675930951743
square_AB_stripe_-0.4_A,24,-1,4,12,4,12,9,exponential,0.2289754273112304,0.9893398393080914,0.061369470386430855,0,0.001509675930951743
square_AB_stripe_-0.4_A,24,-1,8,20,8,15,8,power,2.845687977818021,0.9956178778913549,0.0386931798356824,0,0.0007623260963363025
square_AB_stripe_-0.4_A,24,-1,8,20,8,15,8,exponential,0.2548506348503575,0.9980363847652644,0.02590122954525071,0,0.0007623260963363025
square_AB_stripe_-0.4_A,24,1,4,12,4,12,9,power,1.5939059271293086,0.9394485609395474,0.14156227782249398,0,0.0015865705648352556
square_AB_stripe_-0.4_A,24,1,4,12,4,12,9,exponential,0.22181595571705012,0.9911141834602082,0.054229297531736324,0,0.0015865705648352556
square_AB_stripe_-0.4_A,24,1,8,20,8,20,13,power,3.195824371098936,0.9913115010719984,0.08437624361767566,0,0.00025045031022814454
square_AB_stripe_-0.4_A,24,1,8,20,8,20,13,exponential,0.24172986416847084,0.998373464970411,0.03650728375464518,0,0.00025045031022814454
square_AB_stripe_-0.4_A,24,1,12,28,12,28,17,power,4.114524030011721,0.992180678754323,0.09356293280750946,0,4.633406141321683e-05
square_AB_stripe_-0.4_A,24,1,12,28,12,28,17,exponential,0.21585556878889786,0.9988474356024081,0.03592128787006033,0,4.633406141321683e-05
square_AB_stripe_-0.4_A,32,-1,4,12,4,12,9,power,1.5751893707039955,0.9401532374871633,0.13903140293030414,0,0.001610669133296036
square_AB_stripe_-0.4_A,32,-1,4,12,4,12,9,exponential,0.21915907052616893,0.991385338996334,0.05274868901296189,0,0.001610669133296036
square_AB_stripe_-0.4_A,32,-1,8,20,8,20,13,power,3.2254836002381095,0.9887789504008082,0.09690182402048142,0,0.00024241560414283748
square_AB_stripe_-0.4_A,32,-1,8,20,8,20,13,exponential,0.2443990400212183,0.9993016513350712,0.02417415846325079,0,0.00024241560414283748
square_AB_stripe_-0.4_A,32,-1,12,28,12,23,12,power,3.782973598929095,0.9989145241641305,0.02530029245789187,0,0.0001451186492622946
square_AB_stripe_-0.4_A,32,-1,12,28,12,23,12,exponential,0.22192189673743964,0.9952316519996364,0.05302729004349135,0,0.0001451186492622946
square_AB_stripe_-0.4_A,32,1,4,12,4,12,9,power,1.5795997908188881,0.9400780127824735,0.13951385799220445,0,0.0016029246311295466
square_AB_stripe_-0.4_A,32,1,4,12,4,12,9,exponential,0.2197780705589473,0.9913544590570811,0.0529932226177417,0,0.0016029246311295466
square_AB_stripe_-0.4_A,32,1,8,20,8,20,13,power,3.2131204209936226,0.9890932084062406,0.09515396261588341,0,0.0002425301906180937
square_AB_stripe_-0.4_A,32,1,8,20,8,20,13,exponential,0.24342520397311065,0.9993149344544603,0.023847586591376188,0,0.0002425301906180937
square_AB_stripe_-0.4_A,32,1,12,28,12,24,13,power,3.8405686865118223,0.9983914838763089,0.03306715968182629,0,0.0001180671214425777
square_AB_stripe_-0.4_A,32,1,12,28,12,24,13,exponential,0.21991891465609914,0.9960584774549768,0.05176261290591692,0,0.0001180671214425777
square_AB_stripe_-0.4_B,16,1,4,12,4,12,9,power,1.5495525255585794,0.9367672651307835,0.14083822947814822,0,0.001611054534084404
square_AB_stripe_-0.4_B,16,1,4,12,4,12,9,exponential,0.21583579210750128,0.9900486232590564,0.055871606364649704,0,0.001611054534084404
square_AB_stripe_-0.4_B,16,1,8,20,8,20,13,power,3.202680111994195,0.9898546992095282,0.09143875016109941,0,0.0002485506383956178
square_AB_stripe_-0.4_B,16,1,8,20,8,20,13,exponential,0.2424856352995464,0.9988595669070459,0.03065721665023694,0,0.0002485506383956178
square_AB_stripe_-0.4_B,16,1,12,28,12,28,17,power,4.119286658672869,0.9940702794548493,0.08149400511373223,0,4.813058784122054e-05
square_AB_stripe_-0.4_B,16,1,12,28,12,28,17,exponential,0.21585380555878295,0.9984206696400267,0.04205765372451462,0,4.813058784122054e-05
square_AB_stripe_-0.4_B,24,-1,4,12,4,12,9,power,1.642919478285048,0.9350970825457334,0.15141857750879076,0,0.0015098949764406466
square_AB_stripe_-0.4_B,24,-1,4,12,4,12,9,exponential,0.22896451746059068,0.9893523884547036,0.061330026386909466,0,0.0015098949764406466
square_AB_stripe_-0.4_B,24,-1,8,20,8,15,8,power,2.8452774128705625,0.995617411114016,0.03868966682029034,0,0.000762468292911175
square_AB_stripe_-0.4_B,24,-1,8,20,8,15,8,exponential,0.25481427156414377,0.9980390939941783,0.025879626938833465,0,0.000762468292911175
square_AB_stripe_-0.4_B,24,1,4,12,4,12,9,power,1.5939603576898398,0.9394486458726596,0.1415670063717487,0,0.0015865719853019149
square_AB_stripe_-0.4_B,24,1,4,12,4,12,9,exponential,0.22182352362736543,0.991114211227475,0.05423106223219705,0,0.0015865719853019149
square_AB_stripe_-0.4_B,24,1,8,20,8,20,13,power,3.1958533926504855,0.9913132229500695,0.08436857528248543,0,0.00025045157100584553
square_AB_stripe_-0.4_B,24,1,8,20,8,20,13,exponential,0.2417317707293689,0.9983728151584483,0.03651487536161712,0,0.00025045157100584553
square_AB_stripe_-0.4_B,24,1,12,28,12,28,17,power,4.114545893050554,0.9921799192037863,0.09356800993652799,0,4.633334382308195e-05
square_AB_stripe_-0.4_B,24,1,12,28,12,28,17,exponential,0.21585682748038573,0.9988477048476585,0.03591729651981748,0,4.633334382308195e-05
square_AB_stripe_-0.4_B,32,-1,4,12,4,12,9,power,1.575299638502546,0.9401515309323536,0.13904324411749533,0,0.0016105996522602292
square_AB_stripe_-0.4_B,32,-1,4,12,4,12,9,exponential,0.21917453898154932,0.9913846855361089,0.05275443016599018,0,0.0016105996522602292
square_AB_stripe_-0.4_B,32,-1,8,20,8,20,13,power,3.2255310486496116,0.988788350926581,0.09686218980101419,0,0.00024242812526170839
square_AB_stripe_-0.4_B,32,-1,8,20,8,20,13,exponential,0.24440110976344367,0.9992986771649726,0.024225822175234325,0,0.00024242812526170839
square_AB_stripe_-0.4_B,32,-1,12,28,12,23,12,power,3.782677034371114,0.9989180768230883,0.02525683073248308,0,0.0001451317739348864
square_AB_stripe_-0.4_B,32,-1,12,28,12,23,12,exponential,0.22190356840247635,0.9952268417724576,0.05304977632548693,0,0.0001451317739348864
square_AB_stripe_-0.4_B,32,1,4,12,4,12,9,power,1.5796810230069436,0.9400788350030675,0.13952001436679612,0,0.0016029077808384917
square_AB_stripe_-0.4_B,32,1,4,12,4,12,9,exponential,0.21978931205514038,0.9913547779435244,0.05299494728780064,0,0.0016029077808384917
square_AB_stripe_-0.4_B,32,1,8,20,8,20,13,power,3.2131802333019217,0.9890965717445457,0.09514089938337461,0,0.0002425305837567126
square_AB_stripe_-0.4_B,32,1,8,20,8,20,13,exponential,0.2434292062368132,0.9993139884584188,0.02386444994146532,0,0.0002425305837567126
square_AB_stripe_-0.4_B,32,1,12,28,12,24,13,power,3.840446469526771,0.9983932892251307,0.03304751612020893,0,0.00011807484914720494
square_AB_stripe_-0.4_B,32,1,12,28,12,24,13,exponential,0.21991140167955645,0.9960556171638861,0.05177969645689891,0,0.00011807484914720494
square_AB_pairing_-0.4_A,16,1,4,12,4,12,9,power,1.5493249765445358,0.9367627741419717,0.14082288576368643,0,0.0016113193270279429
square_AB_pairing_-0.4_A,16,1,4,12,4,12,9,exponential,0.2158044184578737,0.9900468262651015,0.05586857924705311,0,0.0016113193270279429
square_AB_pairing_-0.4_A,16,1,8,20,8,20,13,power,3.202642182049347,0.9898468929076488,0.09147319952145493,0,0.0002485740504531552
square_AB_pairing_-0.4_A,16,1,8,20,8,20,13,exponential,0.24248396463196462,0.9988615852149474,0.030629834497692424,0,0.0002485740504531552
square_AB_pairing_-0.4_A,16,1,12,28,12,28,17,power,4.119391286520598,0.9940724681451906,0.08148094362283513,0,4.813625894721854e-05
square_AB_pairing_-0.4_A,16,1,12,28,12,28,17,exponential,0.21585896772024063,0.9984199038198145,0.042068871595870784,0,4.813625894721854e-05
square_AB_pairing_-0.4_A,24,-1,4,12,4,12,9,power,1.6430014020397221,0.9350605164558166,0.15147174005015654,0,0.001509637022576905
square_AB_pairing_-0.4_A,24,-1,4,12,4,12,9,exponential,0.22897865407257487,0.989337199403635,0.0613780155732735,0,0.001509637022576905
square_AB_pairing_-0.4_A,24,-1,8,20,8,15,8,power,2.845780549404199,0.9956179388524078,0.03869416821258062,0,0.0007623072136318503
square_AB_pairing_-0.4_A,24,-1,8,20,8,15,8,exponential,0.2548587788351633,0.9980352990419163,0.025909231236667458,0,0.0007623072136318503
square_AB_pairing_-0.4_A,24,1,4,12,4,12,9,power,1.5939109294194134,0.9394488693334527,0.14156233836770116,0,0.0015865689115638158
square_AB_pairing_-0.4_A,24,1,4,12,4,12,9,exponential,0.22181662892155057,0.991114303820904,0.05422909154584929,0,0.0015865689115638158
square_AB_pairing_-0.4_A,24,1,8,20,8,20,13,power,3.195824978071844,0.9913116186217918,0.08437568386020415,0,0.00025045031670380656
square_AB_pairing_-0.4_A,24,1,8,20,8,20,13,exponential,0.24172989090715485,0.9983734249897146,0.03650773720088171,0,0.00025045031670380656
square_AB_pairing_-0.4_A,24,1,12,28,12,28,17,power,4.1145230793004615,0.9921806107225158,0.0935633214163576,0,4.633401227133703e-05
square_AB_pairing_-0.4_A,24,1,12,28,12,28,17,exponential,0.2158555273396672,0.9988474451020656,0.03592113276617167,0,4.633401227133703e-05
square_AB_pairing_-0.4_A,32,-1,4,12,4,12,9,power,1.5751859748312993,0.9401538114515642,0.13903039406513762,0,0.0016106781613337666
square_AB_pairing_-0.4_A,32,-1,4,12,4,12,9,exponential,0.21915855543136742,0.9913855586406699,0.052747886735118404,0,0.0016106781613337666
square_AB_pairing_-0.4_A,32,-1,8,20,8,20,13,power,3.2254718184282156,0.9887780662646555,0.0969053308757825,0,0.00024241490557111445
square_AB_pairing_-0.4_A,32,-1,8,20,8,20,13,exponential,0.24439830666379211,0.9993020610245658,0.02416698901068383,0,0.00024241490557111445
square_AB_pairing_-0.4_A,32,-1,12,28,12,23,12,power,3.7830018359314233,0.9989138909515638,0.02530786777130608,0,0.0001451181018188516
square_AB_pairing_-0.4_A,32,-1,12,28,12,23,12,exponential,0.22192372120820553,0.9952325278799331,0.05302283220332389,0,0.0001451181018188516
square_AB_pairing_-0.4_A,32,1,4,12,4,12,9,power,1.5796016431977733,0.9400780170328613,0.13951401633513513,0,0.001602923880016132
square_AB_pairing_-0.4_A,32,1,4,12,4,12,9,exponential,0.21977832795917362,0.9913544605528449,0.05299328005831675,0,0.001602923880016132
square_AB_pairing_-0.4_A,32,1,8,20,8,20,13,power,3.2131211974170304,0.989093268654683,0.09515371989826521,0,0.00024253015720903694
square_AB_pairing_-0.4_A,32,1,8,20,8,20,13,exponential,0.2434252542220666,0.9993149249399436,0.023847757230416322,0,0.00024253015720903694
square_AB_pairing_-0.4_A,32,1,12,28,12,24,13,power,3.840566461816646,0.998391496251954,0.033067013115660605,0,0.00011806721263593091
square_AB_pairing_-0.4_A,32,1,12,28,12,24,13,exponential,0.2199187836895184,0.9960584574094332,0.05176271422624359,0,0.00011806721263593091
square_AB_pairing_-0.4_B,16,1,4,12,4,12,9,power,1.5495680709392579,0.9367668753365743,0.14084010579185324,0,0.001611056159891799
square_AB_pairing_-0.4_B,16,1,4,12,4,12,9,exponential,0.21583798491778347,0.9900484636528518,0.05587262655681322,0,0.001611056159891799
square_AB_pairing_-0.4_B,16,1,8,20,8,20,13,power,3.202694087997778,0.989855294160197,0.09143644053548738,0,0.00024855074221497714
square_AB_pairing_-0.4_B,16,1,8,20,8,20,13,exponential,0.2424865973563316,0.9988593754437639,0.03065991458868061,0,0.00024855074221497714
square_AB_pairing_-0.4_B,16,1,12,28,12,28,17,power,4.119288629678896,0.9940701709157803,0.08149479439638203,0,4.813037062228673e-05
square_AB_pairing_-0.4_B,16,1,12,28,12,28,17,exponential,0.2158539230369526,0.998420691950969,0.042057379072412145,0,4.813037062228673e-05
square_AB_pairing_-0.4_B,24,-1,4,12,4,12,9,power,1.6429422925359234,0.9350968106544425,0.15142101934820107,0,0.0015098891222022955
square_AB_pairing_-0.4_B,24,-1,4,12,4,12,9,exponential,0.2289677172392227,0.9893522760777871,0.061331210605136646,0,0.0015098891222022955
square_AB_pairing_-0.4_B,24,-1,8,20,8,15,8,power,2.845316321690789,0.9956174768848048,0.03868990430020083,0,0.000762460667841006
square_AB_pairing_-0.4_B,24,-1,8,20,8,15,8,exponential,0.2548177280876528,0.9980389403524208,0.025880993844590184,0,0.000762460667841006
square_AB_pairing_-0.4_B,24,1,4,12,4,12,9,power,1.5939808091696022,0.9394493049484267,0.14156800264317426,0,0.0015865642582145734
square_AB_pairing_-0.4_B,24,1,4,12,4,12,9,exponential,0.2218263206739417,0.9911144679373436,0.054230955644985035,0,0.0015865642582145734
square_AB_pairing_-0.4_B,24,1,8,20,8,20,13,power,3.195860762629852,0.991313838530579,0.08436575424012377,0,0.00025045140669574875
square_AB_pairing_-0.4_B,24,1,8,20,8,20,13,exponential,0.24173222192604316,0.9983725573771436,0.036517840495991806,0,0.00025045140669574875
square_AB_pairing_-0.4_B,24,1,12,28,12,28,17,power,4.114540837416053,0.9921795600827612,0.09357006033262999,0,4.633294101895856e-05
square_AB_pairing_-0.4_B,24,1,12,28,12,28,17,exponential,0.21585660194870665,0.9988477106930747,0.03591716778610405,0,4.633294101895856e-05
square_AB_pairing_-0.4_B,32,-1,4,12,4,12,9,power,1.5753162619621734,0.9401520660121011,0.13904405024190522,0,0.0016105952919259411
square_AB_pairing_-0.4_B,32,-1,4,12,4,12,9,exponential,0.2191768120887457,0.9913848902017939,0.05275434522015305,0,0.0016105952919259411
square_AB_pairing_-0.4_B,32,-1,8,20,8,20,13,power,3.2255393386395395,0.9887887138860766,0.09686085307330597,0,0.00024242703354487513
square_AB_pairing_-0.4_B,32,-1,8,20,8,20,13,exponential,0.24440168789406044,0.9992986350361869,0.024226607611015426,0,0.00024242703354487513
square_AB_pairing_-0.4_B,32,-1,12,28,12,23,12,power,3.7826841962358646,0.9989180253477842,0.025257480026469527,0,0.00014513053221066122
square_AB_pairing_-0.4_B,32,-1,12,28,12,23,12,exponential,0.22190402047035168,0.9952270769019034,0.05304857147820873,0,0.00014513053221066122
square_AB_pairing_-0.4_B,32,1,4,12,4,12,9,power,1.5796987549630817,0.9400793349182324,0.13952096137776446,0,0.0016029026288692603
square_AB_pairing_-0.4_B,32,1,4,12,4,12,9,exponential,0.21979174183953412,0.991354968145437,0.05299494509077942,0,0.0016029026288692603
square_AB_pairing_-0.4_B,32,1,8,20,8,20,13,power,3.2131846484728266,0.9890970591343542,0.09513888021983609,0,0.0002425302275313075
square_AB_pairing_-0.4_B,32,1,8,20,8,20,13,exponential,0.24342947143224963,0.9993139119415823,0.023865807722669056,0,0.0002425302275313075
square_AB_pairing_-0.4_B,32,1,12,28,12,24,13,power,3.8404525420221525,0.9983931210086241,0.033049301091048235,0,0.00011807373920495572
square_AB_pairing_-0.4_B,32,1,12,28,12,24,13,exponential,0.21991180767840976,0.9960559772452229,0.05177741915970415,0,0.00011807373920495572
square_AB_stripe_-0.2_A,16,1,4,12,4,12,9,power,1.6805933207906252,0.933374319540351,0.15707774677316952,0,0.0013721912898897494
square_AB_stripe_-0.2_A,16,1,4,12,4,12,9,exponential,0.23434595359215707,0.9886350216051294,0.06487511508515191,0,0.0013721912898897494
square_AB_stripe_-0.2_A,16,1,8,20,8,20,13,power,3.3861582993594883,0.9931071698635059,0.07955692077071608,0,0.00020036300374430029
square_AB_stripe_-0.2_A,16,1,8,20,8,20,13,exponential,0.2557303399856848,0.9970896144862812,0.0516957020378105,0,0.00020036300374430029
square_AB_stripe_-0.2_A,16,1,12,28,12,28,17,power,4.233800137324558,0.9931888663834079,0.08980886542837165,0,3.5778252369418964e-05
square_AB_stripe_-0.2_A,16,1,12,28,12,28,17,exponential,0.22194209139507887,0.9983241344133487,0.04454809132838374,0,3.5778252369418964e-05
square_AB_stripe_-0.2_A,24,-1,4,12,4,12,9,power,1.8252499565506162,0.932098471791992,0.17234169020783627,0,0.0012511737138315993
square_AB_stripe_-0.2_A,24,-1,4,12,4,12,9,exponential,0.25461487603732624,0.9880413988614862,0.07232538663497681,0,0.0012511737138315993
square_AB_stripe_-0.2_A,24,-1,8,20,8,15,8,power,3.0206331691607096,0.9976153924289057,0.030267470235195545,0,0.0006546058625403004
square_AB_stripe_-0.2_A,24,-1,8,20,8,15,8,exponential,0.26958176207811,0.9931274576109194,0.05138381889971398,0,0.0006546058625403004
square_AB_stripe_-0.2_A,24,1,4,12,4,12,9,power,1.7463027900098342,0.9362499846364083,0.15941269637102193,0,0.001348542643074175
square_AB_stripe_-0.2_A,24,1,4,12,4,12,9,exponential,0.24328054336967964,0.9898239858962188,0.06369005309097622,0,0.001348542643074175
square_AB_stripe_-0.2_A,24,1,8,20,8,20,13,power,3.3681972102613784,0.9949284032913989,0.0678178366486174,0,0.00020524479794548078
square_AB_stripe_-0.2_A,24,1,8,20,8,20,13,exponential,0.25397101929774346,0.9957566309493735,0.06203359902312081,0,0.00020524479794548078
square_AB_stripe_-0.2_A,24,1,12,28,12,28,17,power,4.236967633609003,0.9893510131999335,0.1125976088344618,0,3.3834748732990486e-05
square_AB_stripe_-0.2_A,24,1,12,28,12,28,17,exponential,0.22257157571430614,0.9986207727160025,0.04052219324627611,0,3.3834748732990486e-05
square_AB_stripe_-0.2_A,32,-1,4,12,4,12,9,power,1.7169308134807855,0.9372400256795014,0.15542750824175466,0,0.001380579611603764
square_AB_stripe_-0.2_A,32,-1,4,12,4,12,9,exponential,0.23911042627142776,0.990222422700662,0.06134824383254902,0,0.001380579611603764
square_AB_stripe_-0.2_A,32,-1,8,20,8,20,13,power,3.419864019738815,0.9923486945793176,0.08468654885907956,0,0.00019730960319176184
square_AB_stripe_-0.2_A,32,-1,8,20,8,20,13,exponential,0.25845241462740187,0.9976906268493531,0.04652578633593699,0,0.00019730960319176184
square_AB_stripe_-0.2_A,32,-1,12,28,12,23,12,power,3.7850173802714346,0.9993059431005384,0.020237762538905774,0,0.0001245488752164934
square_AB_stripe_-0.2_A,32,-1,12,28,12,23,12,exponential,0.22137435328389918,0.9896451179887357,0.07816953620734823,0,0.0001245488752164934
square_AB_stripe_-0.2_A,32,1,4,12,4,12,9,power,1.7238707599085474,0.9372041522275698,0.15610333805945112,0,0.0013707909007396601
square_AB_stripe_-0.2_A,32,1,4,12,4,12,9,exponential,0.24007922813340218,0.9902035096166698,0.06165694242602226,0,0.0013707909007396601
square_AB_stripe_-0.2_A,32,1,8,20,8,20,13,power,3.4088480057386907,0.9923730998300531,0.08427798734385837,0,0.00019460960937392295
square_AB_stripe_-0.2_A,32,1,8,20,8,20,13,exponential,0.2576606900318869,0.9980311980760158,0.04281945518460455,0,0.00019460960937392295
square_AB_stripe_-0.2_A,32,1,12,28,12,24,13,power,3.8621479458874663,0.9994519890228808,0.019399102928427017,0,9.974447932985936e-05
square_AB_stripe_-0.2_A,32,1,12,28,12,24,13,exponential,0.22061394717980062,0.9922473069279972,0.07296478611493878,0,9.974447932985936e-05
square_AB_stripe_-0.2_B,16,1,4,12,4,12,9,power,1.6806463447414042,0.9333682792263972,0.1570903314281528,0,0.0013722566844445293
square_AB_stripe_-0.2_B,16,1,4,12,4,12,9,exponential,0.2343538013112725,0.9886324535402553,0.06488470139875155,0,0.0013722566844445293
square_AB_stripe_-0.2_B,16,1,8,20,8,20,13,power,3.386221107899041,0.9931097885076607,0.07954317768316277,0,0.00020037425410443684
square_AB_stripe_-0.2_B,16,1,8,20,8,20,13,exponential,0.2557344911961786,0.9970876254943064,0.05171425477932959,0,0.00020037425410443684
square_AB_stripe_-0.2_B,16,1,12,28,12,28,17,power,4.233839560049287,0.9931870315004758,0.08982188096042974,0,3.577827758886008e-05
square_AB_stripe_-0.2_B,16,1,12,28,12,28,17,exponential,0.22194441301432058,0.9983245842576891,0.04454256791092987,0,3.577827758886008e-05
square_AB_stripe_-0.2_B,24,-1,4,12,4,12,9,power,1.8253382068894837,0.9320942590605894,0.17235575874126186,0,0.0012511949041958941
square_AB_stripe_-0.2_B,24,-1,4,12,4,12,9,exponential,0.2546275393767318,0.9880396710906597,0.0723342718357076,0,0.0012511949041958941
square_AB_stripe_-0.2_B,24,-1,8,20,8,15,8,power,3.0209853869953576,0.997613047782555,0.030285913335262947,0,0.0006545543349608975
square_AB_stripe_-0.2_B,24,-1,8,20,8,15,8,exponential,0.2696137064746767,0.9931288813786543,0.05138454741441104,0,0.0006545543349608975
square_AB_stripe_-0.2_B,24,1,4,12,4,12,9,power,1.746418667384702,0.9362539555671517,0.1594179710195863,0,0.0013484890250714514
square_AB_stripe_-0.2_B,24,1,4,12,4,12,9,exponential,0.24329636893054532,0.9898256004396302,0.06368909111399182,0,0.0013484890250714514
square_AB_stripe_-0.2_B,24,1,8,20,8,20,13,power,3.368213389600542,0.9949311887281921,0.06779944130888622,0,0.0002052471947832403
square_AB_stripe_-0.2_B,24,1,8,20,8,20,13,exponential,0.2539715130996312,0.9957537245165166,0.06205505110304925,0,0.0002052471947832403
square_AB_stripe_-0.2_B,24,1,12,28,12,28,17,power,4.23675974564455,0.989352205307266,0.11258571410166116,0,3.3839914127635484e-05
square_AB_stripe_-0.2_B,24,1,12,28,12,28,17,exponential,0.22256042572822607,0.9986199169125294,0.04053274993460395,0,3.3839914127635484e-05
square_AB_stripe_-0.2_B,32,-1,4,12,4,12,9,power,1.7170473036433824,0.9372458777519913,0.15543032132197093,0,0.001380541528216525
square_AB_stripe_-0.2_B,32,-1,4,12,4,12,9,exponential,0.239126182324964,0.9902247371489645,0.061344952878181876,0,0.001380541528216525
square_AB_stripe_-0.2_B,32,-1,8,20,8,20,13,power,3.4198269405606885,0.992350876484791,0.08467346190961107,0,0.00019731060399223732
square_AB_stripe_-0.2_B,32,-1,8,20,8,20,13,exponential,0.2584493202128346,0.9976905645660874,0.04652585812462412,0,0.00019731060399223732
square_AB_stripe_-0.2_B,32,-1,12,28,12,23,12,power,3.7850634447095,0.9993068727247603,0.020224441429273876,0,0.00012454149175769244
square_AB_stripe_-0.2_B,32,-1,12,28,12,23,12,exponential,0.22137779709795524,0.9896527410572364,0.07814167208456814,0,0.00012454149175769244
square_AB_stripe_-0.2_B,32,1,4,12,4,12,9,power,1.7240088120398747,0.937209810313266,0.15610833459962112,0,0.0013707239988307394
square_AB_stripe_-0.2_B,32,1,4,12,4,12,9,exponential,0.24009799845167842,0.9902057275628309,0.06165471338134915,0,0.0013707239988307394
square_AB_stripe_-0.2_B,32,1,8,20,8,20,13,power,3.408649894711564,0.9923796974578312,0.08423635138793788,0,0.0001946480527200093
square_AB_stripe_-0.2_B,32,1,8,20,8,20,13,exponential,0.2576444956891638,0.9980283819329501,0.042847435639612345,0,0.0001946480527200093
square_AB_stripe_-0.2_B,32,1,12,28,12,24,13,power,3.8620690957477386,0.9994517565365586,0.019402823514929116,0,9.974103191275063e-05
square_AB_stripe_-0.2_B,32,1,12,28,12,24,13,exponential,0.2206109250351489,0.9922604069647503,0.07290163436630165,0,9.974103191275063e-05
square_AB_pairing_-0.2_A,16,1,4,12,4,12,9,power,1.6806176505731483,0.9333689376128965,0.1570868178836383,0,0.0013722578729571978
square_AB_pairing_-0.2_A,16,1,4,12,4,12,9,exponential,0.23434975081591405,0.9886327349184895,0.06488276769023256,0,0.0013722578729571978
square_AB_pairing_-0.2_A,16,1,8,20,8,20,13,power,3.3862083927744404,0.9931087601315622,0.07954885592391768,0,0.00020037257709778697
square_AB_pairing_-0.2_A,16,1,8,20,8,20,13,exponential,0.2557337511899345,0.9970883106064441,0.0517080043551094,0,0.00020037257709778697
square_AB_pairing_-0.2_A,16,1,12,28,12,28,17,power,4.23383741863613,0.9931878036411205,0.08981671054041263,0,3.5778657139837536e-05
square_AB_pairing_-0.2_A,16,1,12,28,12,28,17,exponential,0.22194419393022363,0.9983243993496616,0.044544985977918,0,3.5778657139837536e-05
square_AB_pairing_-0.2_A,24,-1,4,12,4,12,9,power,1.8252958457302666,0.9320954169097019,0.17235018240742841,0,0.001251211619523955
square_AB_pairing_-0.2_A,24,-1,4,12,4,12,9,exponential,0.25462153550228334,0.9880401638048097,0.07233105831683846,0,0.001251211619523955
square_AB_pairing_-0.2_A,24,-1,8,20,8,15,8,power,3.0209189956046267,0.9976132170245879,0.03028417150477002,0,0.0006545638213230117
square_AB_pairing_-0.2_A,24,-1,8,20,8,15,8,exponential,0.26960790362344184,0.9931299514401484,0.05137941258311085,0,0.0006545638213230117
square_AB_pairing_-0.2_A,24,1,4,12,4,12,9,power,1.7463812537573928,0.9362529356439117,0.15941591792491358,0,0.001348504876552926
square_AB_pairing_-0.2_A,24,1,4,12,4,12,9,exponential,0.24329123858831783,0.989825187840331,0.06368905273060756,0,0.001348504876552926
square_AB_pairing_-0.2_A,24,1,8,20,8,20,13,power,3.3682112856773827,0.9949302751540333,0.0678055397058123,0,0.00020524639300117248
square_AB_pairing_-0.2_A,24,1,8,20,8,20,13,exponential,0.25397157787051633,0.9957545620622424,0.062048920585739874,0,0.00020524639300117248
square_AB_pairing_-0.2_A,24,1,12,28,12,28,17,power,4.236764775799757,0.9893536302863001,0.11257823284363368,0,3.384066570176654e-05
square_AB_pairing_-0.2_A,24,1,12,28,12,28,17,exponential,0.22256053669441955,0.99861997978973,0.040531845511709484,0,3.384066570176654e-05
square_AB_pairing_-0.2_A,32,-1,4,12,4,12,9,power,1.7170094292768243,0.9372446229016691,0.15542855088678373,0,0.001380555915999471
square_AB_pairing_-0.2_A,32,-1,4,12,4,12,9,exponential,0.23912100785703208,0.9902242407529119,0.061345198327206585,0,0.001380555915999471
square_AB_pairing_-0.2_A,32,-1,8,20,8,20,13,power,3.4198227990898524,0.9923500968053016,0.08467770792550665,0,0.00019731174601512677
square_AB_pairing_-0.2_A,32,-1,8,20,8,20,13,exponential,0.25844913039154327,0.9976907316014063,0.04652413748361387,0,0.00019731174601512677
square_AB_pairing_-0.2_A,32,-1,12,28,12,23,12,power,3.785061403476866,0.9993067213476982,0.020226640413514223,0,0.00012454317268088821
square_AB_pairing_-0.2_A,32,-1,12,28,12,23,12,exponential,0.22137756715747206,0.9896516026915068,0.07814593416563655,0,0.00012454317268088821
square_AB_pairing_-0.2_A,32,1,4,12,4,12,9,power,1.723969339802868,0.9372087864639198,0.1561061183799931,0,0.0013707401189551917
square_AB_pairing_-0.2_A,32,1,4,12,4,12,9,exponential,0.2400925835596696,0.9902053246609167,0.061654603522997106,0,0.0013707401189551917
square_AB_pairing_-0.2_A,32,1,8,20,8,20,13,power,3.408649191517072,0.992378722273215,0.0842417651708291,0,0.0001946484354904566
square_AB_pairing_-0.2_A,32,1,8,20,8,20,13,exponential,0.25764461225683155,0.9980287160657162,0.042843816991677365,0,0.0001946484354904566
square_AB_pairing_-0.2_A,32,1,12,28,12,24,13,power,3.8620641096660173,0.9994518446058541,0.019401239124424357,0,9.974291366807685e-05
square_AB_pairing_-0.2_A,32,1,12,28,12,24,13,exponential,0.22061048182645446,0.9922590695781973,0.07290783538499579,0,9.974291366807685e-05
square_AB_pairing_-0.2_B,16,1,4,12,4,12,9,power,1.680595345835486,0.9333738981408632,0.1570784682529975,0,0.0013721934572005663
square_AB_pairing_-0.2_B,16,1,4,12,4,12,9,exponential,0.23434626763353453,0.9886348424202376,0.06487571932437726,0,0.0013721934572005663
square_AB_pairing_-0.2_B,16,1,8,20,8,20,13,power,3.3861615110917347,0.9931072956951041,0.07955626501243623,0,0.00020036338603238169
square_AB_pairing_-0.2_B,16,1,8,20,8,20,13,exponential,0.25573055400630296,0.9970895182943731,0.0516966020932769,0,0.00020036338603238169
square_AB_pairing_-0.2_B,16,1,12,28,12,28,17,power,4.233801106173765,0.9931888021260231,0.08980931252028602,0,3.577825243196962e-05
square_AB_pairing_-0.2_B,16,1,12,28,12,28,17,exponential,0.22194215066481132,0.9983241461229265,0.044547947330590205,0,3.577825243196962e-05
square_AB_pairing_-0.2_B,24,-1,4,12,4,12,9,power,1.8252575728419416,0.9320980037149604,0.17234304663537292,0,0.0012511702908888766
square_AB_pairing_-0.2_B,24,-1,4,12,4,12,9,exponential,0.25461597676237935,0.9880411998120726,0.07232630851367144,0,0.0012511702908888766
square_AB_pairing_-0.2_B,24,-1,8,20,8,15,8,power,3.020648484867167,0.9976153334448529,0.030267998934553845,0,0.0006546036570828848
square_AB_pairing_-0.2_B,24,-1,8,20,8,15,8,exponential,0.26958310819123493,0.9931272459038302,0.05138487238467662,0,0.0006546036570828848
square_AB_pairing_-0.2_B,24,1,4,12,4,12,9,power,1.7463077895142485,0.9362501826301114,0.15941288834747452,0,0.0013485400936701364
square_AB_pairing_-0.2_B,24,1,4,12,4,12,9,exponential,0.24328122404341643,0.9898240665193891,0.0636899763902995,0,0.0013485400936701364
square_AB_pairing_-0.2_B,24,1,8,20,8,20,13,power,3.3681972062886993,0.9949285297444955,0.06781698678271071,0,0.0002052449483688542
square_AB_pairing_-0.2_B,24,1,8,20,8,20,13,exponential,0.2539709863157367,0.9957565012283007,0.06203454319340721,0,0.0002052449483688542
square_AB_pairing_-0.2_B,24,1,12,28,12,28,17,power,4.2369660783092,0.9893507378903614,0.11259903865893749,0,3.383459857463425e-05
square_AB_pairing_-0.2_B,24,1,12,28,12,28,17,exponential,0.2225715210729905,0.998620737648667,0.0405226991516295,0,3.383459857463425e-05
square_AB_pairing_-0.2_B,32,-1,4,12,4,12,9,power,1.7169355423889847,0.9372403256981476,0.15542753995041475,0,0.0013805781325928242
square_AB_pairing_-0.2_B,32,-1,4,12,4,12,9,exponential,0.2391110609430579,0.9902225416818901,0.06134802971483962,0,0.0013805781325928242
square_AB_pairing_-0.2_B,32,-1,8,20,8,20,13,power,3.419864854768413,0.9923486961869382,0.08468656057165756,0,0.00019730908544292672
square_AB_pairing_-0.2_B,32,-1,8,20,8,20,13,exponential,0.25845248523051456,0.9976906863437196,0.04652519835283559,0,0.00019730908544292672
square_AB_pairing_-0.2_B,32,-1,12,28,12,23,12,power,3.785022836743511,0.9993059422108947,0.02023780469304474,0,0.0001245484588740485
square_AB_pairing_-0.2_B,32,-1,12,28,12,23,12,exponential,0.22137469739388269,0.9896453404268816,0.0781688093269474,0,0.0001245484588740485
square_AB_pairing_-0.2_B,32,1,4,12,4,12,9,power,1.723876137138991,0.9372043974570758,0.156103499758347,0,0.0013707887639992661
square_AB_pairing_-0.2_B,32,1,4,12,4,12,9,exponential,0.24007995730294915,0.9902036061761446,0.0616568228208432,0,0.0013707887639992661
square_AB_pairing_-0.2_B,32,1,8,20,8,20,13,power,3.4088474674090694,0.9923731513180134,0.08427768737433787,0,0.00019460927904840428
square_AB_pairing_-0.2_B,32,1,8,20,8,20,13,exponential,0.257660645488684,0.9980312200081038,0.042819208810674775,0,0.00019460927904840428
square_AB_pairing_-0.2_B,32,1,12,28,12,24,13,power,3.862153975514101,0.9994519343220315,0.019400101903552083,0,9.974402837596881e-05
square_AB_pairing_-0.2_B,32,1,12,28,12,24,13,exponential,0.2206143289936798,0.9922475889474875,0.07296357489192948,0,9.974402837596881e-05
bare,16,1,4,12,4,12,9,power,0.4059842189280133,0.9812251084199635,0.019645933496817425,0,0.007511681274449638
bare,16,1,4,12,4,12,9,exponential,0.055500038087378446,0.9989123943894499,0.004728459464817045,0,0.007511681274449638
bare,16,1,8,20,8,20,13,power,1.0813403977663416,0.9443065330751278,0.07405903295456555,0,0.0036665352032867254
bare,16,1,8,20,8,20,13,exponential,0.08325355608556499,0.9853302173614567,0.03800911428734671,0,0.0036665352032867254
bare,16,1,12,28,12,28,17,power,0.8150738524912684,0.7754353516269819,0.11235436154223756,0,0.0036035542962940814
bare,16,1,12,28,12,28,17,exponential,0.03997051416471922,0.6821065635031407,0.13367802547689472,0,0.0036035542962940814
bare,24,-1,4,12,4,12,9,power,1.1374944617738578,0.9794549524439925,0.057632805059362406,0,0.005901437819658446
bare,24,-1,4,12,4,12,9,exponential,0.1541733019604934,0.9801549196294158,0.056642526088071174,0,0.005901437819658446
bare,24,-1,8,20,8,15,8,power,0.529920177893888,0.5573665639409963,0.0967861818129596,0,0.005901437819658446
bare,24,-1,8,20,8,15,8,exponential,0.043455096046223,0.4684445966593983,0.10606339331487598,0,0.005901437819658446
bare,24,1,4,12,4,12,9,power,1.0704216716451067,0.9442126638811766,0.09102211434468285,0,0.007047547870499512
bare,24,1,4,12,4,12,9,exponential,0.1486032409725404,0.9913045251367247,0.035935671075017,0,0.007047547870499512
bare,24,1,8,20,8,20,13,power,0.6471241468932335,0.6723529364478172,0.1273978420244474,0,0.006367075249528781
bare,24,1,8,20,8,20,13,exponential,0.04432471933183439,0.5552673802045831,0.14842546697545525,0,0.006367075249528781
bare,24,1,12,28,12,28,17,power,0.8575178017489694,0.6474469594910587,0.1620870646695219,0,0.0032929139693954113
bare,24,1,12,28,12,28,17,exponential,0.04799227167877576,0.7417910792158304,0.13871446347506158,0,0.0032929139693954113
bare,32,-1,4,12,4,12,9,power,0.44814872159530433,0.8228931215489873,0.07273229387389915,0,0.009023111570814122
bare,32,-1,4,12,4,12,9,exponential,0.0642950194549158,0.9226654619687302,0.04806138903479263,0,0.009023111570814122
bare,32,-1,8,20,8,20,13,power,1.3557951727740956,0.9649773797685248,0.07284165645316958,0,0.004537369515008905
bare,32,-1,8,20,8,20,13,exponential,0.10141179015016674,0.9503726773779679,0.08670934762706901,0,0.004537369515008905
bare,32,-1,12,28,12,23,12,power,0.7712375056548293,0.551567448041342,0.1410859308794706,0,0.004537369515008905
bare,32,-1,12,28,12,23,12,exponential,0.04156702594588257,0.46385518048085084,0.15426812447747332,0,0.004537369515008905
bare,32,1,4,12,4,12,9,power,0.3880830759260321,0.877622305922027,0.0506968685892571,0,0.00873390401512013
bare,32,1,4,12,4,12,9,exponential,0.054942249553792524,0.9582120126493481,0.029624820623305577,0,0.00873390401512013
bare,32,1,8,20,8,20,13,power,1.3319332027418755,0.9647702012409278,0.07177869612932598,0,0.004083807185588401
bare,32,1,8,20,8,20,13,exponential,0.10124396665448551,0.9812628842965769,0.052347006723922444,0,0.004083807185588401
bare,32,1,12,28,12,24,13,power,0.9106788960238899,0.660401529447358,0.14008227317935737,0,0.004083807185588401
bare,32,1,12,28,12,24,13,exponential,0.04860510664367996,0.5723888968463968,0.15718996038272715,0,0.004083807185588401
