family,iteration,channel,absolute,applied_rms,contraction,cosine,factor,measured_rms,passes,relative
stripe,1,charge_modulation,0.0013812663424169463,0.0035574928084874963,nan,nan,1.0,0.0041271950549995684,0,0.15379343461126682
stripe,2,charge_modulation,0.0008979407669629045,0.0041271950549995684,-0.6223907142877545,-0.9912581005556645,1.0,0.0037911589750357507,0,0.09656375626773325
stripe,3,charge_modulation,0.00025094028659296795,0.0037911589750357507,0.29192171205964174,0.9900535893329588,1.4122732147440602,0.0036880039244104,0,0.030995942344996145
stripe,4,charge_modulation,0.0001854628405206938,0.0036880039244104,0.7183820426754146,0.997200204888735,3.5509099259868098,0.0036153643431164804,0,0.02295401043403308
stripe,5,charge_modulation,0.00011560837731603834,0.0036153643431164804,0.5958316565593047,0.9911444592193606,2.474216539293936,0.0035727045852783313,0,0.014076169729602236
stripe,6,charge_modulation,7.869815734890245e-05,0.0035727045852783313,0.6565598842353897,0.9838631876661635,2.9117157667317697,0.003546125433290302,0,0.009505590271233745
stripe,7,charge_modulation,5.542094332131389e-05,0.003546125433290302,0.7070029440507436,0.9737190990180323,3.4130035769819753,0.0035294328631041935,0,0.006953598936712399
stripe,8,charge_modulation,4.5266754110526164e-05,0.0035294328631041935,0.7864826877457969,0.9722629098523812,4.6834609776721505,0.003518878725724025,0,0.0056515068095688275
stripe,9,charge_modulation,4.1219709167719665e-05,0.003518878725724025,0.8751978782968834,0.9794969622590104,8.012684290567057,0.0035121504616233835,0,0.005064866975631061
stripe,10,charge_modulation,3.894475945703888e-05,0.0035121504616233835,0.927849165308164,0.9893840359004169,13.859853517580323,0.0035078291769391006,0,0.004758956257667809
stripe,11,charge_modulation,3.7481212477311586e-05,0.0035078291769391006,0.9534804444554973,0.9952079580488683,21.496336074048575,0.003505041653695018,0,0.004565037400008588
stripe,12,charge_modulation,3.7237711684805566e-05,0.003505041653695018,0.971163148345089,0.9977732613227644,34.67784943956241,0.0035032457037161785,0,0.0044468238422394855
stripe,13,charge_modulation,3.674725889742363e-05,0.0035032457037161785,0.9733437713541834,0.9990240996226627,37.51468421460055,0.00350208146003618,0,0.004334737471754487
stripe,14,charge_modulation,3.626574366170747e-05,0.00350208146003618,0.9748621567336695,0.9995849267971424,39.780660154699696,0.0035012994900946322,0,0.00422893166642578
stripe,15,charge_modulation,3.612772052274428e-05,0.0035012994900946322,0.983408176062694,0.9996569256807802,60.27064919315745,0.0035007571617704483,0,0.004161122357568652
stripe,16,charge_modulation,3.5465360423752625e-05,0.0035007571617704483,0.973812276727499,0.9997670809033105,38.18583194859377,0.0035004158008680657,0,0.004053723975496769
stripe,17,charge_modulation,3.488075575319976e-05,0.0035004158008680657,0.9830707538364335,0.9998078102200817,59.069375584608366,0.0035001904955673925,0,0.003986252228484034
stripe,18,charge_modulation,3.411411028662794e-05,0.0035001904955673925,0.9704929505280214,0.9998012409842615,33.89020650640288,0.0035000252337537142,0,0.0038696478356903823
stripe,19,charge_modulation,3.330641202724336e-05,0.0035000252337537142,0.9756130011572789,0.9998502006437358,41.00545567124895,0.0034999319440477826,0,0.0037760226427074415
stripe,20,charge_modulation,3.2826630496989376e-05,0.0034999319440477826,0.9828587289738335,0.999760651374224,58.33873103537545,0.00349986542849567,0,0.0037122842689034908
stripe,21,charge_modulation,3.184337874300846e-05,0.00349986542849567,0.9688362220114883,0.9998215907420813,32.08853561877651,0.0034998028447247426,0,0.0035973056126653268
stripe,22,charge_modulation,3.132326857376369e-05,0.0034998028447247426,0.9849046402006845,0.9997779460374104,66.24552268342374,0.003499741530835233,0,0.003543853273075758
stripe,23,charge_modulation,3.0398561223239813e-05,0.003499741530835233,0.970368457757167,0.9998824692045554,33.74782155464315,0.003499711040538311,0,0.0034393079066886646
stripe,24,charge_modulation,2.9753061942446382e-05,0.003499711040538311,0.9812317450489201,0.9998230407288717,53.28145864421243,0.0034997238506450324,0,0.003375372451367477
stripe,25,charge_modulation,2.9432963703412453e-05,0.0034997238506450324,0.9891782953886268,0.9998049339273065,92.40688374999965,0.0034997131676462426,0,0.003339496590230042
stripe,26,charge_modulation,2.8430840483567588e-05,0.0034997131676462426,0.967557490718039,0.9998637104655487,30.82375630407939,0.0034997161753448744,0,0.0032316024610123126
stripe,27,charge_modulation,2.775774122439588e-05,0.0034997161753448744,0.9819148522916682,0.9997805767649308,55.29399129758289,0.0034996875152951868,0,0.00317385487067366
stripe,28,charge_modulation,2.7030564175430268e-05,0.0034996875152951868,0.9806112287267784,0.9999077719524528,51.57624410068369,0.0034996888123492555,0,0.0031126291304988648
stripe,29,charge_modulation,2.650305977355133e-05,0.0034996888123492555,0.983079232245014,0.9996257865579667,59.0989731955475,0.003499682913118856,0,0.0030611065630976966
stripe,30,charge_modulation,2.572257163907521e-05,0.003499682913118856,0.9724391597746694,0.9998970474251843,36.283364071060575,0.003499702583109778,0,0.0029770346745971264
stripe,31,charge_modulation,2.5279978754238694e-05,0.003499702583109778,0.9902676647325986,0.9996946533941301,102.75026214412473,0.003499709686859572,0,0.002948955644630731
stripe,32,charge_modulation,2.4612196384521737e-05,0.003499709686859572,0.974375012532097,0.999904204933264,39.02440932908034,0.0034996871164619326,0,0.0028736639760260268
stripe,33,charge_modulation,2.4011509224076966e-05,0.0034996871164619326,0.980261596322876,0.9998731582307309,50.662658255336005,0.003499692835155379,0,0.0028173133535729093
stripe,34,charge_modulation,2.391219586445146e-05,0.003499692835155379,0.9979139009390322,0.9998130263464309,479.36362117725827,0.0034996872480568876,0,0.0028119619216257527
stripe,35,charge_modulation,2.308642408538255e-05,0.0034996872480568876,0.9750732346096883,0.9997097468310544,40.11751963568731,0.003499683918211269,0,0.0027426692522350363
stripe,36,charge_modulation,2.25537891528323e-05,0.003499683918211269,0.9756180785823302,0.9998906533888907,41.0139948722536,0.0034996713150246524,0,0.002676092873681418
stripe,37,charge_modulation,2.2094575602820028e-05,0.0034996713150246524,0.9833996564078018,0.9998975986853319,60.23971699416983,0.0034996722597042144,0,0.0026319470942513155
stripe,38,charge_modulation,2.147869146922228e-05,0.0034996722597042144,0.9772425965498265,0.9997973611798472,43.94174415325819,0.0034996515471935035,0,0.002572572115346138
stripe,39,charge_modulation,2.1106513600625473e-05,0.0034996515471935035,0.9799796328765719,0.9999339450493415,49.94913399114368,0.003499663335678267,0,0.0025212412462523952
stripe,40,charge_modulation,2.0459469376683803e-05,0.003499663335678267,0.9769264625711138,0.9998574934720552,43.339691760834285,0.0034996639331341473,0,0.002463417924634954
stripe,41,charge_modulation,2.0007427982368133e-05,0.0034996639331341473,0.9831876500470382,0.9998829731603827,59.48008474709591,0.003499648880516141,0,0.00242228555282849
stripe,42,charge_modulation,1.940341369765803e-05,0.003499648880516141,0.9839163165063407,0.9997396353937152,62.174812156321785,0.0034996491358932754,0,0.0023839570539020576
stripe,43,charge_modulation,1.8931773145257694e-05,0.0034996491358932754,0.9725588067328138,0.9999370522157177,36.441563975127366,0.0034996440254030964,0,0.0023186843836896626
stripe,44,charge_modulation,1.840369132471032e-05,0.0034996440254030964,0.9845949433850499,0.9997632045846209,64.91375039995214,0.0034996768965075,0,0.002283487529619219
stripe,45,charge_modulation,1.805941676340326e-05,0.0034996768965075,0.9892912424891414,0.9998026931620604,93.38151498771012,0.003499656088141186,0,0.0022594800262448235
stripe,46,charge_modulation,1.764751121152014e-05,0.003499656088141186,0.9839790223409866,0.9998266431913272,62.41816331585714,0.0034996698968222557,0,0.0022236708824924485
stripe,47,charge_modulation,1.7166531053859624e-05,0.0034996698968222557,0.9772514021373742,0.9999513320942034,43.95875324003689,0.0034996752620961484,0,0.0021731879208040346
stripe,48,charge_modulation,1.665165336309834e-05,0.0034996752620961484,0.9894982880094314,0.9997207760218009,95.22256951038864,0.0034997000565825448,0,0.0021509510894832445
stripe,49,charge_modulation,1.6292482561795427e-05,0.0034997000565825448,0.9813396273563061,0.9998754861487212,53.58949786771488,0.0034996957783229848,0,0.0021110763988678944
stripe,50,charge_modulation,1.5882525009201093e-05,0.0034996957783229848,0.9907608591032377,0.9997835940151296,108.2351715569613,0.003499655276164741,0,0.0020920271506466048
stripe,51,charge_modulation,1.5381279051172002e-05,0.003499655276164741,0.9762078497166812,0.9999034196610297,42.030669279233706,0.003499654953867827,0,0.002042474224510314
stripe,52,charge_modulation,1.5230350490637139e-05,0.003499654953867827,0.9865307500843544,0.9997829848807965,74.24318401267635,0.0034996311596698954,0,0.0020154011868288037
stripe,53,charge_modulation,1.522090607436119e-05,0.0034996311596698954,0.9963910024368557,0.9997216280707906,277.0852522074781,0.0034996758674497603,0,0.002008674767232328
stripe,54,charge_modulation,1.4908541732365672e-05,0.0034996758674497603,0.9721598884492643,0.999901304897527,35.91939630621102,0.0034996775383629836,0,0.0019529448513980886
stripe,55,charge_modulation,1.490209018591409e-05,0.0034996775383629836,0.987273992688848,0.9998920970846518,78.57924135590287,0.0034996578647491033,0,0.0019282997301034626
stripe,56,charge_modulation,1.4854885315800613e-05,0.0034996578647491033,0.990726245660338,0.9997324726906398,107.83119364324699,0.0034996581785493625,0,0.0019109389487349717
stripe,57,charge_modulation,1.4702151900396025e-05,0.0034996581785493625,0.975495966640574,0.9998085365410253,40.80960817070264,0.0034996411304004864,0,0.0018644702149038437
stripe,58,charge_modulation,1.4604137543426828e-05,0.0034996411304004864,0.9903580023931213,0.9997636549336419,103.71294837146533,0.0034996485935341647,0,0.0018469345686955838
stripe,59,charge_modulation,1.4847134812491156e-05,0.0034996485935341647,0.9924705724640817,0.9997062812216116,132.81222180964025,0.0034996684522275784,0,0.0018335563572035565
stripe,60,charge_modulation,1.5076475589104708e-05,0.0034996684522275784,1.0038301878680713,0.9997729413128236,inf,0.003499720214875305,0,0.001840970007645544
stripe,61,charge_modulation,1.479213672878326e-05,0.003499720214875305,0.9887780390729309,0.9995784139323716,89.11098572691063,0.0034997366679277854,0,0.0018210698941556144
stripe,62,charge_modulation,1.5011121908509867e-05,0.0034997366679277854,0.9935376288481035,0.9995320720115509,154.74196335915016,0.0034997246069382575,0,0.0018101484837448288
stripe,63,charge_modulation,1.465888336954664e-05,0.0034997246069382575,0.9812065456379174,0.9999104853828846,53.2100156114773,0.003499726261710282,0,0.0017762938262990042
stripe,64,charge_modulation,1.4504787307250029e-05,0.003499726261710282,0.9805404248695879,0.9998437286131846,51.388583424782304,0.0034997229415027723,0,0.0017420001279082724
stripe,65,charge_modulation,1.42671081062749e-05,0.0034997229415027723,0.9813346364467802,0.9999676062527019,53.57516863514287,0.003499715049413338,0,0.001709542062483098
stripe,66,charge_modulation,1.424913237740768e-05,0.003499715049413338,0.9941190624580775,0.9993955364017532,170.04091488329087,0.003499746894838094,0,0.0017005046137092835
stripe,67,charge_modulation,1.399385116870877e-05,0.003499746894838094,0.9843820505089828,0.9998440799798891,64.02889192176961,0.0034997258613723064,0,0.0016742072609729304
stripe,68,charge_modulation,1.3834946625604187e-05,0.0034997258613723064,0.9802724374346404,0.999923864980552,50.69049948197558,0.0034997287742951563,0,0.0016413126913908153
stripe,69,charge_modulation,1.3693896913424992e-05,0.0034997287742951563,0.9947192917514341,0.9999575448809108,189.36853787966444,0.00349973135501242,0,0.0016327135110495799
stripe,70,charge_modulation,1.3517526177759566e-05,0.00349973135501242,0.9815435540625522,0.9998436738069516,54.181612396513415,0.0034997520784476456,0,0.0016028204957124997
stripe,71,charge_modulation,1.3408116640020902e-05,0.0034997520784476456,0.98475016471435,0.9998171086741137,65.57447875787817,0.0034997553157926353,0,0.0015786650112658788
stripe,72,charge_modulation,1.3471296500257648e-05,0.0034997553157926353,1.0081499355561516,0.9993141141604399,inf,0.0034997606971683875,0,0.0015926209383183656
stripe,73,charge_modulation,1.3211618946453937e-05,0.0034997606971683875,0.9737626155740406,0.9999191737592029,38.113555214390836,0.0034997535054378873,0,0.001550960088788477
stripe,74,charge_modulation,1.3238703094731359e-05,0.0034997535054378873,0.9948098375145353,0.9998870700132096,192.67219529264347,0.003499748968913795,0,0.0015430877853672635
stripe,75,charge_modulation,1.3140608766135618e-05,0.003499748968913795,0.9875537191301367,0.9999583425365347,80.34528631129801,0.0034997555687662166,0,0.0015239446666276647
stripe,76,charge_modulation,1.2984822203999935e-05,0.0034997555687662166,0.9833899591283476,0.9999098239712111,60.2045478230372,0.0034997404295654595,0,0.001498767036288255
stripe,77,charge_modulation,1.2796886451178768e-05,0.0034997404295654595,0.987319942850561,0.9999492196412453,78.86399786804147,0.0034997468905903772,0,0.0014798414007969845
stripe,78,charge_modulation,1.263760592666325e-05,0.0034997468905903772,0.982380594629442,0.9999197700086445,56.75560434468471,0.0034997367216228364,0,0.0014538841203826178
stripe,79,charge_modulation,1.2536060596929875e-05,0.0034997367216228364,0.9907718059369856,0.9999441019573029,108.36356422194089,0.0034997348356088556,0,0.00144055210509428
stripe,80,charge_modulation,1.2446598283036986e-05,0.0034997348356088556,0.9928733769853337,0.9998723710977492,140.31891373263963,0.003499742313029156,0,0.0014304661170147703
stripe,1,charge_uniform,2.3418536138040957e-06,0.004266826000992936,nan,nan,1.0,0.004264484147379132,0,0.0005488514444364783
stripe,2,charge_uniform,5.186538935327695e-07,0.004264484147379132,-0.22147152600638884,-1.0,1.0,0.004265002801272665,0,0.00012160692916262671
stripe,3,charge_uniform,8.907943358470172e-08,0.004265002801272665,0.171751209612916,1.0,1.2073666893405877,0.00426509188070625,1,2.0885700959377972e-05
stripe,4,charge_uniform,1.6560196854434328e-08,0.00426509188070625,0.18590370625435068,1.0,1.22835591769987,0.004265108440903104,1,3.8827141405407816e-06
stripe,5,charge_uniform,3.53806943031304e-09,0.004265108440903104,0.21364899592758468,1.0,1.2716967293500265,0.004265111978972534,1,8.295372894676874e-07
stripe,6,charge_uniform,8.371926806319263e-10,0.004265111978972534,0.2366241525559473,1.0,1.3099707088562156,0.004265112816165215,1,1.9628851960465857e-07
stripe,7,charge_uniform,2.2447609916709244e-10,0.004265112816165215,0.2681295529216217,1.0,1.3663620439819546,0.004265113040641314,1,5.2630750235248065e-08
stripe,8,charge_uniform,6.528655047133292e-11,0.004265113040641314,0.29083965158685254,1.0,1.4101183212480082,0.004265113105927865,1,1.530710882686662e-08
stripe,9,charge_uniform,4.749019580363445e-11,0.004265113105927865,0.7274116255305482,1.0,3.668535028121924,0.0042651131534180604,1,1.1134568789945424e-08
stripe,10,charge_uniform,2.8553466015213136e-11,0.0042651131534180604,-0.6012497007440833,-1.0,1.0,0.004265113124864594,1,6.694656152869097e-09
stripe,11,charge_uniform,2.081793938624177e-12,0.004265113124864594,-0.07290862473631075,-1.0,1.0,0.004265113126946388,1,4.880981762175765e-10
stripe,12,charge_uniform,3.08681899485741e-13,0.004265113126946388,-0.14827687493880579,-1.0,1.0,0.0042651131266377065,1,7.237367223287278e-11
stripe,13,charge_uniform,6.2585405607995526e-12,0.0042651131266377065,-20.275048751566512,-1.0,1.0,0.004265113132896247,1,1.4673797308043874e-09
stripe,14,charge_uniform,1.909679012146448e-12,0.004265113132896247,0.30513168263344753,1.0,1.4391215932679897,0.004265113134805926,1,4.4774404612208335e-10
stripe,15,charge_uniform,3.496980482964318e-12,0.004265113134805926,-1.8311875769288417,-1.0,1.0,0.0042651131313089456,1,8.199033349026133e-10
stripe,16,charge_uniform,1.303178398526228e-11,0.0042651131313089456,-3.726581846466442,-1.0,1.0,0.0042651131443407295,1,3.055436876874843e-09
stripe,17,charge_uniform,2.135034336825381e-12,0.0042651131443407295,-0.16383285199017295,-1.0,1.0,0.004265113142205695,1,5.005809376143524e-10
stripe,18,charge_uniform,6.4077597394796015e-12,0.004265113142205695,3.0012443495440024,1.0,inf,0.0042651131357979355,0,1.5023657112565696e-09
stripe,19,charge_uniform,9.432541553389129e-13,0.0042651131357979355,-0.1472049817235373,-1.0,1.0,0.00426511313674119,1,2.2115571735093935e-10
stripe,20,charge_uniform,8.103990568886221e-12,0.00426511313674119,-8.591523846480637,-1.0,1.0,0.004265113128637199,1,1.900064619406127e-09
stripe,21,charge_uniform,3.163101291309145e-11,0.004265113128637199,-3.903140390430968,-1.0,1.0,0.004265113160268212,1,7.416218919523891e-09
stripe,22,charge_uniform,3.172685551777743e-11,0.004265113160268212,-1.003030020092917,-1.0,1.0,0.0042651131285413564,1,7.43869021186352e-09
stripe,23,charge_uniform,2.240869816094726e-12,0.0042651131285413564,-0.0706300633808196,-1.0,1.0,0.004265113130782226,1,5.253951647664146e-10
stripe,24,charge_uniform,6.322517162593577e-12,0.004265113130782226,2.8214567027423927,1.0,inf,0.004265113137104743,0,1.4823797070211946e-09
stripe,25,charge_uniform,7.867008260109554e-12,0.004265113137104743,-1.244284207981874,-1.0,1.0,0.004265113129237735,1,1.8445016596792691e-09
stripe,26,charge_uniform,2.0737404848869545e-13,0.004265113129237735,0.02635996323280937,1.0,1.0270736229380348,0.004265113129030361,1,4.862099602168291e-11
stripe,27,charge_uniform,2.3573157315048832e-14,0.004265113129030361,0.11367457734873644,1.0,1.128253770504181,0.004265113129006788,1,5.526971173308127e-12
stripe,28,charge_uniform,3.062817274107621e-11,0.004265113129006788,-1299.281735227022,-1.0,1.0,0.004265113159634961,1,7.1810926450771095e-09
stripe,29,charge_uniform,8.677556936897979e-12,0.004265113159634961,-0.28331944612746324,-1.0,1.0,0.004265113150957404,1,2.0345431907932466e-09
stripe,30,charge_uniform,2.7233238233947965e-11,0.004265113150957404,-3.1383531599947303,-1.0,1.0,0.004265113178190642,1,6.385115024192845e-09
stripe,31,charge_uniform,4.8460428378471754e-11,0.004265113178190642,-1.779458908344684,-1.0,1.0,0.004265113129730214,1,1.136204981060544e-08
stripe,32,charge_uniform,1.821229625442733e-11,0.004265113129730214,-0.37581789645338814,-1.0,1.0,0.00426511314794251,1,4.27006168950358e-09
stripe,33,charge_uniform,2.6310557899034137e-11,0.00426511314794251,1.4446590112237032,1.0,inf,0.004265113174253068,0,6.1687830601685735e-09
stripe,34,charge_uniform,2.6591894485006318e-11,0.004265113174253068,1.010692916016901,1.0,inf,0.004265113200844962,0,6.234745300485388e-09
stripe,35,charge_uniform,2.6222695889699388e-12,0.004265113200844962,-0.09861161228841706,-1.0,1.0,0.004265113198222693,1,6.148182862884954e-10
stripe,36,charge_uniform,2.6725941772165474e-11,0.004265113198222693,10.191912336009574,1.0,inf,0.004265113171496751,0,6.26617408028054e-09
stripe,37,charge_uniform,1.4589658474395417e-11,0.004265113171496751,0.5458987600425834,1.0,2.202152101795131,0.004265113156907092,1,3.4206966820708033e-09
stripe,38,charge_uniform,2.3583740862975766e-11,0.004265113156907092,1.616469700395304,1.0,inf,0.0042651131333233516,0,5.529452559724782e-09
stripe,39,charge_uniform,2.6354404769612927e-12,0.0042651131333233516,-0.1117481951770715,-1.0,1.0,0.004265113135958792,1,6.179063469013581e-10
stripe,40,charge_uniform,4.171069739600242e-12,0.004265113135958792,-1.5826841000824103,-1.0,1.0,0.004265113131787722,1,9.779505505807855e-10
stripe,41,charge_uniform,1.052445457172535e-12,0.004265113131787722,-0.25232027342544555,-1.0,1.0,0.004265113132840168,1,2.4675675049953585e-10
stripe,42,charge_uniform,7.034364410407612e-13,0.004265113132840168,-0.6683827995519979,-1.0,1.0,0.004265113132136731,1,1.6492796770723362e-10
stripe,43,charge_uniform,4.670311012922035e-12,0.004265113132136731,6.639279315714908,1.0,inf,0.00426511312746642,0,1.095002844762129e-09
stripe,44,charge_uniform,2.15681196860662e-11,0.00426511312746642,-4.618133487553724,-1.0,1.0,0.00426511314903454,1,5.0568692863279385e-09
stripe,45,charge_uniform,3.7483375778246675e-12,0.00426511314903454,-0.17379065177602068,-1.0,1.0,0.004265113145286202,1,8.78836609217073e-10
stripe,46,charge_uniform,1.3379202259966583e-11,0.004265113145286202,3.5693696157780828,1.0,inf,0.004265113131907,0,3.136892692929673e-09
stripe,47,charge_uniform,4.695453227621105e-12,0.004265113131907,-0.3509516588796104,-1.0,1.0,0.004265113136602453,1,1.1008976965524192e-09
stripe,48,charge_uniform,4.7791649110395795e-12,0.004265113136602453,-1.0178282434858554,-1.0,1.0,0.0042651131318232885,1,1.1205247687395731e-09
stripe,49,charge_uniform,6.804564724183226e-12,0.0042651131318232885,-1.4237978498011434,-1.0,1.0,0.004265113138627853,1,1.5954007556227103e-09
stripe,50,charge_uniform,6.92007649100157e-12,0.004265113138627853,-1.0169756290814338,-1.0,1.0,0.004265113131707777,1,1.6224836870864007e-09
stripe,51,charge_uniform,6.03449581970672e-14,0.004265113131707777,0.008720273291131387,1.0,1.0087969854080274,0.004265113131647432,1,1.4148501184751627e-11
stripe,52,charge_uniform,2.8086919075243078e-11,0.004265113131647432,-465.439365845946,-1.0,1.0,0.004265113159734351,1,6.585269375828811e-09
stripe,53,charge_uniform,2.82593124248387e-11,0.004265113159734351,-1.006137851899448,-1.0,1.0,0.004265113131475038,1,6.625688783975619e-09
stripe,54,charge_uniform,2.5014712523585558e-14,0.004265113131475038,-0.0008851847542333945,-1.0,1.0,0.004265113131500053,1,5.864958736695411e-12
stripe,55,charge_uniform,7.830067323688628e-12,0.004265113131500053,313.01848127600556,1.0,inf,0.00426511313933012,0,1.8358404731365274e-09
stripe,56,charge_uniform,7.80832603436421e-12,0.00426511313933012,-0.9972233585707951,-1.0,1.0,0.004265113131521794,1,1.8307430024214053e-09
stripe,57,charge_uniform,2.9067464581145064e-11,0.004265113131521794,-3.7226243439656614,-1.0,1.0,0.004265113160589259,1,6.81516843438901e-09
stripe,58,charge_uniform,2.8928502822378466e-11,0.004265113160589259,-0.9952193367818968,-1.0,1.0,0.004265113131660756,1,6.782587409329549e-09
stripe,59,charge_uniform,2.2952134116904777e-11,0.004265113131660756,-0.7934089869023399,-1.0,1.0,0.00426511315461289,1,5.381365812553209e-09
stripe,60,charge_uniform,2.746637552814013e-11,0.00426511315461289,1.1966806828612295,1.0,inf,0.004265113182079266,0,6.439776473821528e-09
stripe,61,charge_uniform,3.644711615846674e-11,0.004265113182079266,-1.3269721780773576,-1.0,1.0,0.00426511314563215,1,8.545404213798279e-09
stripe,62,charge_uniform,9.635585732081786e-12,0.00426511314563215,0.2643716910327738,1.0,1.3593821605423726,0.004265113135996564,1,2.2591629818659022e-09
stripe,63,charge_uniform,5.4877855731882974e-12,0.004265113135996564,0.5695331582092261,1.0,2.323059299619748,0.004265113130508778,1,1.2866682308782533e-09
stripe,64,charge_uniform,2.879151951573622e-11,0.004265113130508778,-5.246473123221705,-1.0,1.0,0.004265113159300298,1,6.750470254922741e-09
stripe,65,charge_uniform,1.996051761377071e-12,0.004265113159300298,-0.0693277671672075,-1.0,1.0,0.004265113157304246,1,4.679950301024436e-10
stripe,66,charge_uniform,2.480810262078803e-11,0.004265113157304246,12.428586823656808,1.0,inf,0.0042651131324961435,0,5.8165168673902026e-09
stripe,67,charge_uniform,6.266766619522635e-13,0.0042651131324961435,0.02526096701273469,1.0,1.025915620651117,0.004265113131869467,1,1.4693084157078455e-10
stripe,68,charge_uniform,5.308730885444923e-13,0.004265113131869467,0.8471243956822683,1.0,6.541266047404347,0.004265113131338594,1,1.2446870039102625e-10
stripe,69,charge_uniform,5.572699419975624e-12,0.004265113131338594,-10.497234725637401,-1.0,1.0,0.004265113136911293,1,1.3065771624551225e-09
stripe,70,charge_uniform,1.753378085084245e-11,0.004265113136911293,3.146371180184548,1.0,inf,0.004265113154445074,0,4.110976711735973e-09
stripe,71,charge_uniform,1.421596174111528e-11,0.004265113154445074,-0.8107756029374714,-1.0,1.0,0.004265113140229112,1,3.333079622119637e-09
stripe,72,charge_uniform,4.4232152662804225e-12,0.004265113140229112,0.3111442860378302,1.0,1.4516828121351948,0.004265113135805897,1,1.0370686827882876e-09
stripe,73,charge_uniform,1.6329586120800155e-11,0.004265113135805897,-3.6917909569732648,-1.0,1.0,0.004265113152135483,1,3.828640774190049e-09
stripe,74,charge_uniform,8.005884150064091e-12,0.004265113152135483,-0.4902686504630039,-1.0,1.0,0.004265113144129599,1,1.8770625454697854e-09
stripe,75,charge_uniform,3.9810949675755936e-12,0.004265113144129599,-0.49727111871131974,-1.0,1.0,0.004265113148110694,1,9.334089927576924e-10
stripe,76,charge_uniform,8.893761595241134e-12,0.004265113148110694,-2.2339988540030373,-1.0,1.0,0.004265113139216932,1,2.085234620136814e-09
stripe,77,charge_uniform,2.0520305073212786e-11,0.004265113139216932,-2.307269522964588,-1.0,1.0,0.004265113159737237,1,4.811198274157159e-09
stripe,78,charge_uniform,1.0322105149784822e-11,0.004265113159737237,-0.5030190883106949,-1.0,1.0,0.004265113149415132,1,2.4201245695485228e-09
stripe,79,charge_uniform,1.3591267868096057e-11,0.004265113149415132,-1.316714727361539,-1.0,1.0,0.0042651131630064,1,3.18661366033154e-09
stripe,80,charge_uniform,3.088812625812176e-11,0.0042651131630064,-2.2726449480572812,-1.0,1.0,0.004265113132118274,1,7.242041436562796e-09
stripe,1,exchange_charge,0.006941907656081528,0.0024884164884513044,nan,nan,1.0,0.0018804082889003323,0,0.34605359427650817
stripe,2,exchange_charge,0.0008407896716796496,0.0018804082889003323,-0.05757936098906789,-0.7300813199738218,1.0,0.0018972647991452648,0,0.03579596623861344
stripe,3,exchange_charge,0.0002134395000022299,0.0018972647991452648,-0.10335054851017567,-0.41780338164016034,1.0,0.0018875171035487416,0,0.008854721880635012
stripe,4,exchange_charge,8.790290235972248e-05,0.0018875171035487416,0.36375548963621956,0.8024790445445347,1.0,0.0018839215050609742,0,0.004034482484153248
stripe,5,exchange_charge,6.029223187688573e-05,0.0018839215050609742,0.619907451085533,0.9814377298081846,2.6309381829661493,0.0018815643668960696,0,0.0025531717651150468
stripe,6,exchange_charge,3.805662172075633e-05,0.0018815643668960696,0.6406904318136456,0.9856774487713835,2.7831154206318107,0.0018801495076205107,0,0.0016616409042986907
stripe,7,exchange_charge,2.7753554393245006e-05,0.0018801495076205107,0.6924523715165719,0.9767335198305641,3.2515288930406565,0.0018792637221691098,0,0.0011789019440222224
stripe,8,exchange_charge,2.1828153648662148e-05,0.0018792637221691098,0.7626498280896289,0.9723105243179051,4.2131842246047455,0.001878705260969905,0,0.0009251294988429645
stripe,9,exchange_charge,1.9839528181342207e-05,0.001878705260969905,0.8507665821666375,0.9770642072614619,6.700911997583699,0.0018783482471902886,0,0.0008057845318735774
stripe,10,exchange_charge,1.898415744303137e-05,0.0018783482471902886,0.9111726219448691,0.9865370335652758,11.257790355799406,0.001878119847951396,0,0.0007443697795409649
stripe,11,exchange_charge,1.8257795276279548e-05,0.001878119847951396,0.9455081785010282,0.9938363494131094,18.351377738746883,0.0018779713605122312,0,0.0007082587643962647
stripe,12,exchange_charge,1.8777780763477945e-05,0.0018779713605122312,0.9695752813864696,0.9968911384733846,32.868011458133395,0.0018778740915107285,0,0.0006889062015706819
stripe,13,exchange_charge,1.7303168539076555e-05,0.0018778740915107285,0.9700234408688525,0.9985379157794015,33.359399109984516,0.001877809937420763,0,0.0006692683045931601
stripe,14,exchange_charge,1.691663058317385e-05,0.001877809937420763,0.9740661952663933,0.9993656693172499,38.55971039622019,0.0018777670005882046,0,0.0006523477073482721
stripe,15,exchange_charge,1.6959210313179183e-05,0.0018777670005882046,0.9846698046415759,0.9994651652742416,65.23074081052023,0.0018777374424108055,0,0.0006427055186271506
stripe,16,exchange_charge,1.691999118636281e-05,0.0018777374424108055,0.9738793851738881,0.99949500248307,38.28393805647836,0.0018777171204490267,0,0.0006262437596793591
stripe,17,exchange_charge,1.6290245957661757e-05,0.0018777171204490267,0.9811823913584539,0.9994313001298692,53.14171524388955,0.0018777040816282673,0,0.0006148156453799993
stripe,18,exchange_charge,1.59365417090971e-05,0.0018777040816282673,0.9704911805444166,0.9996452711431487,33.88817372057864,0.001877693244073622,0,0.000596889038580629
stripe,19,exchange_charge,1.5570094505372185e-05,0.001877693244073622,0.9748559946649861,0.9997599556479853,39.77091106513027,0.0018776858525022958,0,0.0005820239274308906
stripe,20,exchange_charge,1.543499557366901e-05,0.0018776858525022958,0.9848687486362598,0.9995115142327283,66.08838726956544,0.0018776802083159908,0,0.000573499579955597
stripe,21,exchange_charge,1.4873549985684915e-05,0.0018776802083159908,0.9667684452639886,0.9994614741403669,30.091881284036056,0.0018776741794026169,0,0.0005547417066426545
stripe,22,exchange_charge,1.4740891441908637e-05,0.0018776741794026169,0.9849849474148934,0.9994845126567453,66.59983335602152,0.001877669184034055,0,0.000546695799954583
stripe,23,exchange_charge,1.4277442378371821e-05,0.001877669184034055,0.9701023492904935,0.9997263791438675,33.44744407232082,0.0018776653641182273,0,0.0005304974459989507
stripe,24,exchange_charge,1.3965317840934025e-05,0.0018776653641182273,0.9821565467490733,0.999690072912578,56.042963541715956,0.0018776630894950714,0,0.0005211941317855138
stripe,25,exchange_charge,1.38399837171445e-05,0.0018776630894950714,0.9890401244543349,0.9995561185007747,91.2419119937472,0.0018776598509708685,0,0.0005157114481976559
stripe,26,exchange_charge,1.3402109823676227e-05,0.0018776598509708685,0.9663839953198837,0.9996886481119931,29.74773503025765,0.0018776573617613412,0,0.0004985313680049563
stripe,27,exchange_charge,1.317444160118652e-05,0.0018776573617613412,0.982748214999654,0.9995343618956221,57.96501637250558,0.001877654615648995,0,0.0004901596985621465
stripe,28,exchange_charge,1.276672439165993e-05,0.001877654615648995,0.9792826001529785,0.9993818591606288,48.26860549026711,0.0018776528352143734,0,0.00048030246068230816
stripe,29,exchange_charge,1.2515761301173413e-05,0.0018776528352143734,0.9832928822812204,0.9992265680665476,59.85472879477887,0.0018776510328072412,0,0.0004726439967163935
stripe,30,exchange_charge,1.219284915471991e-05,0.0018776510328072412,0.9709922705315273,0.9994046197661379,34.473570262948606,0.001877649170348125,0,0.0004592075111427474
stripe,31,exchange_charge,1.2008235004719661e-05,0.001877649170348125,0.9927220320692843,0.9985643546349934,137.40099015545766,0.0018776452827922979,0,0.0004565212684236394
stripe,32,exchange_charge,1.18268203620534e-05,0.0018776452827922979,0.969515477486402,0.9978791079449729,32.80353167919679,0.0018776441163500723,0,0.00044354606525112575
stripe,33,exchange_charge,1.1490501204773716e-05,0.0018776441163500723,0.9806319410085215,0.9992744950688355,51.63139994771677,0.0018776421319464758,0,0.00043527150071990324
stripe,34,exchange_charge,1.1373880089419596e-05,0.0018776421319464758,0.997364542702959,0.9993493353366523,379.440790455145,0.0018776387181484652,0,0.0004344074736681264
stripe,35,exchange_charge,1.098263768245641e-05,0.0018776387181484652,0.9731191773748025,0.9989566576702508,37.201242459842746,0.0018776368440878524,0,0.0004231725258104105
stripe,36,exchange_charge,1.0715463002669741e-05,0.0018776368440878524,0.9756151542570957,0.9993150051641347,41.00907631498906,0.001877635729486231,0,0.000413136937781964
stripe,37,exchange_charge,1.0511321651312296e-05,0.001877635729486231,0.9843717158021731,0.9991516893230773,63.986550752580264,0.001877631923501281,0,0.0004070258420867742
stripe,38,exchange_charge,1.0576475787085066e-05,0.001877631923501281,0.9771715833699762,0.9989238908108463,43.80505298316691,0.001877631378222485,0,0.00039816336004726017
stripe,39,exchange_charge,1.0021119650757866e-05,0.001877631378222485,0.9773877090514603,0.9994996930434652,44.22373665170716,0.0018776300061142594,0,0.0003893548842770796
stripe,40,exchange_charge,9.694365538528028e-06,0.0018776300061142594,0.9767964354112392,0.9995323799133802,43.0968266179401,0.0018776285295201026,0,0.0003804986698180208
stripe,41,exchange_charge,9.460615595767267e-06,0.0018776285295201026,0.9832221313979798,0.9998088298024705,59.60232635744858,0.0018776271383889062,0,0.00037418654065666704
stripe,42,exchange_charge,9.1854876216259e-06,0.0018776271383889062,0.9831503764882491,0.9993408250759535,59.34850706323507,0.001877624075983165,0,0.0003681245693714598
stripe,43,exchange_charge,8.96349725148203e-06,0.001877624075983165,0.9722769461509823,0.9989970190036579,36.07106220858966,0.001877623421417033,0,0.00035827896286888284
stripe,44,exchange_charge,8.701470650128527e-06,0.001877623421417033,0.985470335834302,0.999048192316138,68.82471532692578,0.0018776224316686158,0,0.0003534097911018384
stripe,45,exchange_charge,8.546476682364922e-06,0.0018776224316686158,0.9874445372851142,0.9991242461874593,79.64660663715674,0.0018776193514152917,0,0.00034927863369508985
stripe,46,exchange_charge,8.331151101104162e-06,0.0018776193514152917,0.9839496643707668,0.9991705611586683,62.30399308153129,0.0018776184376082326,0,0.0003439584506933012
stripe,47,exchange_charge,8.101369242505003e-06,0.0018776184376082326,0.9754107775705204,0.9996879828469336,40.668223766243116,0.0018776174659467953,0,0.0003356056578475176
stripe,48,exchange_charge,7.853445601606335e-06,0.0018776174659467953,0.9900905066274721,0.9993095669887132,100.9133325395123,0.0018776174802210166,0,0.00033250972092099346
stripe,49,exchange_charge,7.6726634789079e-06,0.0018776174802210166,0.9799683426699762,0.9994702075614325,49.920981750281044,0.001877616508264354,0,0.00032602172397677394
stripe,50,exchange_charge,7.671870554649962e-06,0.001877616508264354,0.9920605658549744,0.9996002525086053,125.9535606358723,0.0018776150143074324,0,0.00032356280681645203
stripe,51,exchange_charge,7.22988768778101e-06,0.0018776150143074324,0.9747208861198259,0.9997558293574492,39.55834863279282,0.001877613846468725,0,0.0003154607029583787
stripe,52,exchange_charge,7.0317564745186675e-06,0.001877613846468725,0.9858425011240813,0.9995588897991988,70.63394521619634,0.0018776126595995378,0,0.000311132005344678
stripe,53,exchange_charge,7.028071055302336e-06,0.0018776126595995378,0.9970445530550237,0.9989802981802538,338.35829863222995,0.0018776112335773046,0,0.00031052931460748425
stripe,54,exchange_charge,6.884285939420982e-06,0.0018776112335773046,0.9710384808773281,0.9994936941098443,34.52857551305632,0.001877610566081826,0,0.00030168888979898204
stripe,55,exchange_charge,6.8310228547151935e-06,0.001877610566081826,0.9872857810282597,0.9997471441592398,78.6520982706594,0.0018776090514867057,0,0.0002979285900644398
stripe,56,exchange_charge,6.845316063741266e-06,0.0018776090514867057,0.9917164899218597,0.9994882311792059,120.72177018760912,0.001877608124870269,0,0.0002956122190396223
stripe,57,exchange_charge,6.760137721724402e-06,0.001877608124870269,0.9733089034897163,0.9990622416002942,37.4656769763923,0.001877607586262681,0,0.00028799221388262287
stripe,58,exchange_charge,6.759118311864924e-06,0.001877607586262681,0.9907228325216738,0.9978550996871797,107.79152174801773,0.001877605896404386,0,0.00028593384331854297
stripe,59,exchange_charge,6.873736837471368e-06,0.001877605896404386,0.9902798622182488,0.9985016398874129,102.87920011560163,0.0018776052252836766,0,0.0002835796862967411
stripe,60,exchange_charge,6.9286578617622566e-06,0.0018776052252836766,1.0054397039208116,0.9981284500245987,inf,0.0018776052622722337,0,0.00028565699346288175
stripe,61,exchange_charge,6.7866595393783515e-06,0.0018776052622722337,0.983803730978015,0.9982359298670878,61.742614835712345,0.001877605033685113,0,0.00028152704940821347
stripe,62,exchange_charge,6.8712985967574365e-06,0.001877605033685113,0.9920612047713713,0.9986351660805148,125.96369741265272,0.001877604206582343,0,0.0002796738061107422
stripe,63,exchange_charge,6.629130192296797e-06,0.001877604206582343,0.9793685747066498,0.9988693391206062,48.46974873434053,0.0018776030822381478,0,0.0002742139004605372
stripe,64,exchange_charge,6.613258795791152e-06,0.0018776030822381478,0.9813162704282842,0.9990519702134059,53.52250449577476,0.0018776031268930916,0,0.0002693460649287218
stripe,65,exchange_charge,6.5364748950890936e-06,0.0018776031268930916,0.9804103041762486,0.9993961317274508,51.047244888180366,0.001877602176896102,0,0.00026422921708632276
stripe,66,exchange_charge,6.5270314992742044e-06,0.001877602176896102,0.9964672607180427,0.9971158521062649,283.06645925083797,0.0018776015239753124,0,0.00026405747818910615
stripe,67,exchange_charge,6.402667072582906e-06,0.0018776015239753124,0.9787351182356756,0.9980735101939128,47.025890436770595,0.0018776008146063354,0,0.0002589412647145123
stripe,68,exchange_charge,6.300540445944389e-06,0.0018776008146063354,0.9799006492253399,0.9996127837164999,49.75285078664001,0.0018776004678758812,0,0.00025383509835165635
stripe,69,exchange_charge,6.241550322162118e-06,0.0018776004678758812,0.9934951397457371,0.999595170266474,153.73120419376585,0.0018776004464175406,0,0.00025228611600036296
stripe,70,exchange_charge,6.137169438537662e-06,0.0018776004464175406,0.9809247439680674,0.9994903796701664,52.423935926520045,0.0018775999910687427,0,0.0002475998785043817
stripe,71,exchange_charge,6.07597342417018e-06,0.0018775999910687427,0.9869390907833652,0.9993468477954179,76.56434811799818,0.001877599488368132,0,0.00024452577077821035
stripe,72,exchange_charge,6.150465716061974e-06,0.001877599488368132,1.0077581468199974,0.9978284071430199,inf,0.0018775981142482867,0,0.0002469591984166447
stripe,73,exchange_charge,6.018574019855949e-06,0.0018775981142482867,0.9694824909173896,0.9986537645632719,32.76807413386904,0.0018775980356336229,0,0.00023974554800986018
stripe,74,exchange_charge,6.008130813438695e-06,0.0018775980356336229,0.9980975390418596,0.9979327492863332,525.634965448896,0.0018775978028287787,0,0.0002397851475011842
stripe,75,exchange_charge,5.952840881731907e-06,0.0018775978028287787,0.9802299768426281,0.9984065650913302,50.581630180191226,0.0018775969505316233,0,0.00023541974476515645
stripe,76,exchange_charge,5.882507227498307e-06,0.0018775969505316233,0.9842674754856608,0.9997204324674707,63.56258965867597,0.0018775963416423434,0,0.0002317809014569769
stripe,77,exchange_charge,5.818298983979384e-06,0.0018775963416423434,0.9872299694554378,0.9998331138591873,78.3083483246505,0.001877596063011826,0,0.00022885931991922865
stripe,78,exchange_charge,5.756216036566231e-06,0.001877596063011826,0.9818038222754519,0.999797292440844,54.956596662106776,0.001877595411911375,0,0.00022474054501154614
stripe,79,exchange_charge,5.7104820488859676e-06,0.001877595411911375,0.9906545558799198,0.9998027515842842,107.00401041950886,0.0018775947569598256,0,0.00022268424612712883
stripe,80,exchange_charge,5.666968393533856e-06,0.0018775947569598256,0.9934332551588615,0.9988978371975515,152.28245107611423,0.00187759420668552,0,0.00022146610437260295
stripe,1,exchange_spin,0.005164628314099555,0.0004778695531534908,nan,nan,1.0,0.0004372580845312137,0,0.7739943096614109
stripe,2,exchange_spin,0.0004132227478909935,0.0004372580845312137,-0.017875728655610816,-0.22213552597998962,1.0,0.0004152850537247178,0,0.06806988452767987
stripe,3,exchange_spin,0.00028125342271095866,0.0004152850537247178,0.5420873902697312,0.8326126727968151,1.0,0.00039712040510011664,0,0.046663020704429806
stripe,4,exchange_spin,0.0001678934903493294,0.00039712040510011664,0.6083154122804686,0.9950515798629406,2.553074671184298,0.00038611487291579033,0,0.02983184910416247
stripe,5,exchange_spin,0.00010680686071210931,0.00038611487291579033,0.6192846880294296,0.9982111950183008,2.6266345706560412,0.00037930912651461994,0,0.019035038152889774
stripe,6,exchange_spin,6.8774963107315e-05,0.00037930912651461994,0.6300895316252247,0.9966643181837755,2.703356853872134,0.0003750580913266583,0,0.012249837962296213
stripe,7,exchange_spin,4.460130072677076e-05,0.0003750580913266583,0.6447211076353946,0.9921135012029121,2.8146901532606354,0.0003723711222619602,0,0.008050736756432577
stripe,8,exchange_spin,3.1106507807931484e-05,0.0003723711222619602,0.6716899739714,0.984358489413283,3.045901497729122,0.00037065795388106597,0,0.005533166596662703
stripe,9,exchange_spin,2.347799644560663e-05,0.00037065795388106597,0.7245969029011328,0.9750944848698933,3.631041228418027,0.0003695535766235833,0,0.0041307241094901085
stripe,10,exchange_spin,1.9231282173469248e-05,0.0003695535766235833,0.7952040688271054,0.9735119815887757,4.882909510325042,0.0003688400013967704,0,0.0033842262999183746
stripe,11,exchange_spin,1.728123233866747e-05,0.0003688400013967704,0.8706647205825835,0.9811797663609455,7.731842421529869,0.00036837310513438993,0,0.003008854274993473
stripe,12,exchange_spin,1.6026138748405708e-05,0.00036837310513438993,0.9279986872149195,0.988875078990722,13.888635655643375,0.000368066680041035,0,0.002827204244667583
stripe,13,exchange_spin,1.5036415367426607e-05,0.000368066680041035,0.9584196977608163,0.994684614320265,24.04984923504565,0.00036786135355463813,0,0.002726395936300153
stripe,14,exchange_spin,1.4453713539074823e-05,0.00036786135355463813,0.9719332438972441,0.9977158839355758,35.62934014671577,0.0003677207519969799,0,0.0026574237721439142
stripe,15,exchange_spin,1.4227613380177716e-05,0.0003677207519969799,0.9846580150458574,0.9987407998547649,65.18061404629267,0.0003676222731717153,0,0.0026209544254240987
stripe,16,exchange_spin,1.3855419265288403e-05,0.0003676222731717153,0.9714069532638389,0.9992584275599568,34.9735377704719,0.0003675496400464977,0,0.002548585340933941
stripe,17,exchange_spin,1.35415641112583e-05,0.0003675496400464977,0.9847534292506033,0.9993530666419695,65.5885193094695,0.0003674979478833904,0,0.00251184911178798
stripe,18,exchange_spin,1.3228268635708841e-05,0.0003674979478833904,0.9734657364453146,0.9996214834996595,37.687120953595205,0.00036745718661369137,0,0.0024464690153801543
stripe,19,exchange_spin,1.2899539708436606e-05,0.00036745718661369137,0.9764161295043322,0.9997516059856074,42.401861059392,0.00036742573181763817,0,0.0023896303583692442
stripe,20,exchange_spin,1.2700410655455425e-05,0.00036742573181763817,0.9825024425454262,0.9996292636726031,57.15083391474176,0.0003673997494724587,0,0.002348889475878267
stripe,21,exchange_spin,1.2313633758786677e-05,0.0003673997494724587,0.9724494548957274,0.9996941521271244,36.29692248248543,0.00036737588955545157,0,0.0022850366999630466
stripe,22,exchange_spin,1.2163718478762093e-05,0.00036737588955545157,0.9829737468347376,0.9995932977097574,58.73282807988766,0.0003673545957282857,0,0.002247190903505843
stripe,23,exchange_spin,1.179787655528541e-05,0.0003673545957282857,0.9727857397113375,0.999780444566746,36.74544115448923,0.00036733613384094083,0,0.0021866420687227804
stripe,24,exchange_spin,1.152233536380002e-05,0.00036733613384094083,0.98175224018111,0.9997252509982055,54.80124738187326,0.00036732176862400563,0,0.0021474386487641633
stripe,25,exchange_spin,1.1396229361316287e-05,0.00036732176862400563,0.9834138594475408,0.999307113647238,60.29130145359407,0.0003673070833605254,0,0.0021133678423211465
stripe,26,exchange_spin,1.1054494714758667e-05,0.0003673070833605254,0.9733328426674265,0.9996262030237227,37.499310013764216,0.0003672929204528066,0,0.002057861793184523
stripe,27,exchange_spin,1.0879912245922996e-05,0.0003672929204528066,0.9811718993387234,0.9996341070573492,53.11210185192397,0.0003672770127205733,0,0.0020199331010906894
stripe,28,exchange_spin,1.0523229776454937e-05,0.0003672770127205733,0.9798606312942539,0.9993618491517109,49.653989388191945,0.0003672629279501898,0,0.00198060257346275
stripe,29,exchange_spin,1.0360342820896727e-05,0.0003672629279501898,0.980746671784558,0.9992370135833092,51.93907197810903,0.0003672492843882649,0,0.001944027143310363
stripe,30,exchange_spin,1.003237611549735e-05,0.0003672492843882649,0.9761286662846711,0.9991307453249928,41.891249643829205,0.00036723893513480275,0,0.0018993421325520317
stripe,31,exchange_spin,1.0052864138201077e-05,0.00036723893513480275,0.9835364525956541,0.9986973125647163,60.74025089732675,0.0003672263597300288,0,0.0018705616250581337
stripe,32,exchange_spin,9.67362672773869e-06,0.0003672263597300288,0.9794989622533976,0.9981764372313906,48.77801857448551,0.00036721458545704464,0,0.001835623287693347
stripe,33,exchange_spin,9.305855605338566e-06,0.00036721458545704464,0.9787994167680899,0.9994245784229548,47.16851367064507,0.00036720439336930506,0,0.0017977991049425216
stripe,34,exchange_spin,9.281772010609826e-06,0.00036720439336930506,0.9944275118710643,0.9993372753812414,179.45305164624642,0.00036719167772009353,0,0.0017890161372738499
stripe,35,exchange_spin,8.987423478014605e-06,0.00036719167772009353,0.976962151907456,0.9991385329178692,43.40683192210295,0.00036718147877435833,0,0.001749368604140488
stripe,36,exchange_spin,8.788017167964558e-06,0.00036718147877435833,0.977478888200309,0.9992446634455777,44.40278121676578,0.00036717127617256936,0,0.0017113109906522622
stripe,37,exchange_spin,8.59383257086066e-06,0.00036717127617256936,0.9800378771398915,0.9991671148241918,50.0948725247234,0.0003671589664899878,0,0.0016785942697059492
stripe,38,exchange_spin,8.57001990790503e-06,0.0003671589664899878,0.9763308700568494,0.9990112460464291,42.24912374902822,0.00036715002388984015,0,0.0016405404405840558
stripe,39,exchange_spin,8.1980350070056e-06,0.00036715002388984015,0.982336321891127,0.99912748907802,56.613350505842135,0.0003671423105499861,0,0.0016130090828655828
stripe,40,exchange_spin,7.93155766956469e-06,0.0003671423105499861,0.9779635701020496,0.9995057402296493,45.37940150155672,0.00036713341833197817,0,0.0015782773414284694
stripe,41,exchange_spin,7.748367244838836e-06,0.00036713341833197817,0.9821828333736023,0.9998063554771818,56.12564674107132,0.0003671241447462094,0,0.0015504947017018918
stripe,42,exchange_spin,7.520044081788142e-06,0.0003671241447462094,0.9831082957981752,0.9993631231156083,59.20065779342549,0.00036711303578996194,0,0.0015253141452029825
stripe,43,exchange_spin,7.336466098321545e-06,0.00036711303578996194,0.9761714821578008,0.9992548887192043,41.966521234025166,0.00036710522575325263,0,0.0014901235343807294
stripe,44,exchange_spin,7.330052282099927e-06,0.00036710522575325263,0.9811213360323922,0.9991879216482533,52.969850076033325,0.00036709778522942183,0,0.0014632113385309809
stripe,45,exchange_spin,7.000151875668353e-06,0.00036709778522942183,0.9870681288981614,0.9988678418525905,77.32833030309325,0.00036708846047774915,0,0.0014459556021086302
stripe,46,exchange_spin,6.771171099275407e-06,0.00036708846047774915,0.9823696494694238,0.9990932842257945,56.72036969802212,0.0003670827104634042,0,0.0014217881382090662
stripe,47,exchange_spin,6.627140456682244e-06,0.0003670827104634042,0.9808619804202555,0.9994022887266245,52.252010498431694,0.0003670760547623259,0,0.001395433840304943
stripe,48,exchange_spin,6.432024360364212e-06,0.0003670760547623259,0.986493533494277,0.9993633080266541,74.03860954871358,0.0003670729209341136,0,0.0013774884555312987
stripe,49,exchange_spin,6.253297648392379e-06,0.0003670729209341136,0.9851453596176502,0.9993334483364811,67.31903124280215,0.00036706668823508506,0,0.001357943084517871
stripe,50,exchange_spin,6.108324144363589e-06,0.00036706668823508506,0.9876964536945914,0.9996854271782368,81.27737931627077,0.00036705796384951724,0,0.0013416803989253013
stripe,51,exchange_spin,5.927324092583688e-06,0.00036705796384951724,0.9794369856910105,0.9997930985308136,48.63100248696658,0.00036705158874762814,0,0.0013143945897240955
stripe,52,exchange_spin,6.001694489111455e-06,0.00036705158874762814,0.9899585459831857,0.9995510860612206,99.58717117316955,0.00036704198959404264,0,0.001301803154179122
stripe,53,exchange_spin,5.920999472703789e-06,0.00036704198959404264,0.9915929992515018,0.9986532577624032,118.94848471122548,0.0003670409970481855,0,0.0012926334977131939
stripe,54,exchange_spin,5.82166826033903e-06,0.0003670409970481855,0.9736314592062151,0.9992749006786996,37.92397948071895,0.00036703616572087436,0,0.0012594652793618565
stripe,55,exchange_spin,5.812964378809453e-06,0.00036703616572087436,0.9874374696568803,0.9997624788358963,79.60179778174093,0.000367029170563238,0,0.0012439550444020978
stripe,56,exchange_spin,5.791437663005446e-06,0.000367029170563238,0.9905096399131259,0.9994421786706857,105.37007983322758,0.0003670238803465317,0,0.0012328606624367315
stripe,57,exchange_spin,5.741634450341301e-06,0.0003670238803465317,0.9740792375399857,0.998757383793093,38.57911207444662,0.0003670153696821314,0,0.0012024154245689669
stripe,58,exchange_spin,5.672309919337558e-06,0.0003670153696821314,0.9879308542155395,0.996837797220292,82.85590528598465,0.00036701287387762505,0,0.0011916992382717253
stripe,59,exchange_spin,5.7288596321336885e-06,0.00036701287387762505,0.9894369061582765,0.9982635903755143,94.66923374760422,0.0003670111077999741,0,0.0011811702210587365
stripe,60,exchange_spin,5.8854495166797e-06,0.0003670111077999741,1.0080262816494354,0.9977686659261579,inf,0.0003670065260486347,0,0.0011933190488599109
stripe,61,exchange_spin,5.747664539534902e-06,0.0003670065260486347,0.9847052531483044,0.9980117179216899,65.38192555237595,0.00036700269115005,0,0.0011774232553286206
stripe,62,exchange_spin,5.851584419287563e-06,0.00036700269115005,0.9899669663034042,0.9982240345401401,99.67075066630132,0.0003669993408992772,0,0.0011676960958045348
stripe,63,exchange_spin,5.773006297105348e-06,0.0003669993408992772,0.9828219089015952,0.9987315103585551,58.21368592537385,0.0003669950558664074,0,0.0011491054107173552
stripe,64,exchange_spin,5.6373511516044986e-06,0.0003669950558664074,0.981012740934824,0.9990746435972844,52.6668960784379,0.0003669900710456888,0,0.001128344331441708
stripe,65,exchange_spin,5.546297028715362e-06,0.0003669900710456888,0.9819807178401202,0.9994108355509523,55.49610640020471,0.00036698465138857757,0,0.0011086806218834784
stripe,66,exchange_spin,5.478630291625049e-06,0.00036698465138857757,0.985832747024931,0.9965477680133116,70.58531401675111,0.000366986097655146,0,0.001096771807481928
stripe,67,exchange_spin,5.424630696546605e-06,0.000366986097655146,0.9864699873367918,0.9980386292063143,73.90976083261724,0.00036698212141749847,0,0.0010840587121346693
stripe,68,exchange_spin,5.359418063784899e-06,0.00036698212141749847,0.9812369260928251,0.9997602027784179,53.29617124290092,0.0003669783585618264,0,0.0010639851044207639
stripe,69,exchange_spin,5.313342122992108e-06,0.0003669783585618264,0.9894367804975642,0.9994321215355579,94.66810755654657,0.0003669764922967175,0,0.0010533549682719742
stripe,70,exchange_spin,5.2358501215453435e-06,0.0003669764922967175,0.9848332579724722,0.9994589041880135,65.93373831934316,0.0003669744976007631,0,0.0010379459089975421
stripe,71,exchange_spin,5.190504220283117e-06,0.0003669744976007631,0.9860710517010556,0.9994154659814342,71.79292926773108,0.00036697152967128254,0,0.0010240925942417217
stripe,72,exchange_spin,5.202977992809291e-06,0.00036697152967128254,1.0035740429200046,0.998209778060123,inf,0.0003669683900997888,0,0.0010296042773769642
stripe,73,exchange_spin,5.105648117387056e-06,0.0003669683900997888,0.9767079385053582,0.9990310515068432,42.93308259683429,0.0003669653000411296,0,0.0010066066247373536
stripe,74,exchange_spin,5.103437279111583e-06,0.0003669653000411296,0.9887441437664131,0.9980935052212269,88.84264148790812,0.00036696073794445153,0,0.0009971859158266724
stripe,75,exchange_spin,5.076558813042406e-06,0.00036696073794445153,0.9896626409845095,0.9983960180426511,96.73650673266782,0.00036695829556580725,0,0.0009884754127094395
stripe,76,exchange_spin,5.018947044054152e-06,0.00036695829556580725,0.9849371060195735,0.9997482323374272,66.3883050162507,0.00036695486349007096,0,0.0009738377731604843
stripe,77,exchange_spin,4.941670499093373e-06,0.00036695486349007096,0.9862978291344828,0.9998380194805998,72.98113633341093,0.00036695261905300616,0,0.000960658672950308
stripe,78,exchange_spin,4.8752184852130995e-06,0.00036695261905300616,0.9842782388176364,0.9998492718493251,63.606105473843776,0.00036694952993667287,0,0.0009457037543103856
stripe,79,exchange_spin,4.844468358575389e-06,0.00036694952993667287,0.991033887863408,0.9998349520219121,111.53106104025298,0.0003669472430058317,0,0.0009373870721430498
stripe,80,exchange_spin,4.794195760743358e-06,0.0003669472430058317,0.9900863580061341,0.9989257762691537,100.87110273083825,0.0003669441666755423,0,0.000929097995590484
stripe,1,pairing,0.0002133496016991243,3.0317562998726098e-05,nan,nan,1.0,1.4207451740614033e-05,0,0.6524939776250546
stripe,2,pairing,0.00010010418374231531,1.4207451740614033e-05,0.22260318392436743,0.5512448277388062,1.0,6.25792162261114e-06,0,0.5622655187963042
stripe,3,pairing,3.9920950340634275e-05,6.25792162261114e-06,0.4022525196121992,0.9918232377547427,1.6729472441292932,3.02799739826593e-06,0,0.517716509918259
stripe,4,pairing,1.7954334318334946e-05,3.02799739826593e-06,0.4554591987214027,0.9977212700534209,1.8364096825287868,1.552113485472712e-06,0,0.48843512002193085
stripe,5,pairing,8.7772514705927e-06,1.552113485472712e-06,0.4913250592685546,0.9983965175241892,1.965892006714656,8.251025926680281e-07,0,0.46892648957277533
stripe,6,pairing,4.54247040158216e-06,8.251025926680281e-07,0.5176184088216425,0.9991438025315481,2.0730476002560727,4.4824917592293597e-07,0,0.4569850595128228
stripe,7,pairing,2.437086958956037e-06,4.4824917592293597e-07,0.5346584113551023,0.9996203291157497,2.1489590107603735,2.4664237628380287e-07,0,0.4499163518257317
stripe,8,pairing,1.3356821658222811e-06,2.4664237628380287e-07,0.5431175832422857,0.9996004642122005,2.1887469583455252,1.3709178053899625e-07,0,0.44427409960450864
stripe,9,pairing,7.404936914724564e-07,1.3709178053899625e-07,0.5526487347847384,0.9995687657479707,2.235379840758489,7.651782168206866e-08,0,0.44192012265384845
stripe,10,pairing,4.1371553711117475e-07,7.651782168206866e-08,0.5553795195691218,0.9998212399640637,2.249109170659228,4.286732156985515e-08,0,0.43980493518814406
stripe,11,pairing,2.320326975454468e-07,4.286732156985515e-08,0.5591591494102333,0.9999130804608403,2.2683923204080965,2.40493193911279e-08,0,0.4390050675516979
stripe,12,pairing,1.305486353627357e-07,2.40493193911279e-08,0.5599744068313482,0.9999351077081015,2.2725950842971145,1.3510832694823213e-08,0,0.4382172345478831
stripe,13,pairing,7.342818891843573e-08,1.3510832694823213e-08,0.5452341997744207,0.9959742353081209,2.1989340436417293,7.777920117083192e-09,0,0.4270169488219937
stripe,14,pairing,4.128229210889875e-08,7.777920117083192e-09,0.5576065090960198,0.9979971221350202,1.0,4.5861880588223586e-09,1,0.4144406026658285
stripe,15,pairing,2.6602967369182906e-08,4.5861880588223586e-09,0.6092801966317726,0.9634358827679004,1.0,2.5708017515739402e-09,1,0.4444963109218592
stripe,16,pairing,1.815016992293671e-07,2.5708017515739402e-09,0.554853054387659,0.43153540272913793,1.0,2.751486160360033e-09,0,0.9526080296939862
stripe,17,pairing,1.7921122389584554e-07,2.751486160360033e-09,-0.7265854845001742,-0.7791834887992579,1.0,1.1514847940347352e-09,0,0.8883031747253581
stripe,18,pairing,9.786347032214402e-09,1.1514847940347352e-09,0.03186532551527837,0.23684074105482264,1.0,1.0179559689692166e-09,1,0.28558295807984324
stripe,19,pairing,7.676443867544912e-08,1.0179559689692166e-09,0.4474706491675475,0.18739055713132438,1.0,1.249366705686208e-09,1,0.6285175635775004
stripe,20,pairing,7.653209279370558e-08,1.249366705686208e-09,-0.9465020050080326,-0.7504666753774758,1.0,4.583965596446835e-10,1,0.7926976022081774
stripe,21,pairing,4.1363086900860085e-09,4.583965596446835e-10,0.09092639504687525,0.41878302262370765,1.0,2.4591394643050343e-10,1,0.4690909227446867
stripe,22,pairing,3.6505377888134605e-08,2.4591394643050343e-10,-1.5852972931834401,-0.5306111889323133,1.0,7.963748911395804e-10,1,0.8067057162416055
stripe,23,pairing,1.7363382773242263e-08,7.963748911395804e-10,-0.0424945531838298,-0.06298910187708015,1.0,9.088855719274403e-10,1,0.4768604835639912
stripe,24,pairing,4.6496960522973563e-08,9.088855719274403e-10,-0.11707047395450673,-0.05479086345278219,1.0,1.2418358847613711e-09,1,0.7457196221453768
stripe,25,pairing,3.0344967487731045e-08,1.2418358847613711e-09,-0.5386994459389571,-0.8871384824425185,1.0,9.819693215054786e-10,1,0.4528252975448532
stripe,26,pairing,2.9736370972936134e-08,9.819693215054786e-10,0.6232550737912096,0.4469948379902505,1.0,6.707540362964332e-10,1,0.7984730849875789
stripe,27,pairing,3.147783839487458e-08,6.707540362964332e-10,-0.21138755729183092,-0.29533945571069264,1.0,2.2350411661539655e-10,1,0.836667417834228
stripe,28,pairing,1.902630469184946e-08,2.2350411661539655e-10,-0.10271329706398928,-0.18508549804029295,1.0,4.4736943891354284e-10,1,0.6961520666937352
stripe,29,pairing,1.8980662135025083e-08,4.4736943891354284e-10,-0.9449647710767468,-0.7150868839408184,1.0,3.7076005828576194e-10,1,0.9199430070826096
stripe,30,pairing,4.405421324936302e-07,3.7076005828576194e-10,-5.574325905976128,-0.34679557745350487,1.0,6.623665935280838e-09,0,0.9987289079589704
stripe,31,pairing,4.380629860334758e-07,6.623665935280838e-09,-0.9648095558414861,-0.9933489898787434,1.0,7.686849536481308e-10,0,0.9700349060722049
stripe,32,pairing,3.0964514200395514e-07,7.686849536481308e-10,0.024060291154989973,0.03525066695671965,1.0,4.379574941952353e-09,0,1.0013533631934117
stripe,33,pairing,2.9133914554914785e-07,4.379574941952353e-09,-0.9175284695110051,-0.9515492271776782,1.0,1.154037751661183e-09,0,0.965551957301933
stripe,34,pairing,6.690814889195584e-08,1.154037751661183e-09,-0.005147511754787523,-0.014855970206957178,1.0,9.245431612042826e-10,1,1.2696497225372116
stripe,35,pairing,3.101364785965967e-07,9.245431612042826e-10,-0.30003809751811955,-0.10877889111063059,1.0,4.0007318506790105e-09,0,1.010174194610279
stripe,36,pairing,6.319352426560947e-08,4.0007318506790105e-09,-0.12608469199967837,-0.4292638234141373,1.0,3.5885027327370767e-09,1,0.2967114749629877
stripe,37,pairing,2.2972741591708805e-07,3.5885027327370767e-09,0.5418868954878762,0.1918608554139914,1.0,3.924557027880519e-10,0,0.9342923159132228
stripe,38,pairing,3.7681861128242785e-08,3.924557027880519e-10,-0.15020032466077404,-0.9558145523661477,1.0,7.562840060572003e-10,1,0.6966399485593538
stripe,39,pairing,5.2304563849108126e-08,7.562840060572003e-10,-1.2357606197915585,-0.9372651130711764,1.0,1.3330571385136658e-10,1,0.9185023560541837
stripe,40,pairing,1.0657500985153972e-08,1.3330571385136658e-10,-0.2303337312102459,-0.8354884556793539,1.0,2.2294693341504836e-10,1,0.8589755001411249
stripe,41,pairing,1.0166737622782928e-07,2.2294693341504836e-10,7.738668667052393,0.9325585216968045,inf,1.8033426881405657e-09,0,0.8812399444233627
stripe,42,pairing,1.1132820393473186e-07,1.8033426881405657e-09,-1.1083979829787485,-0.9997159905854204,1.0,9.215886632330867e-11,0,0.9770420660643625
stripe,43,pairing,2.1357184534767974e-08,9.215886632330867e-11,-0.15928750538391245,-0.9632522081665523,1.0,3.350002567152745e-10,1,0.8697372751244449
stripe,44,pairing,1.781533001790257e-08,3.350002567152745e-10,0.7435467061096975,0.9515726592083186,1.0,5.544143367423049e-10,1,0.41064361052556747
stripe,45,pairing,4.0656389806916956e-08,5.544143367423049e-10,-2.2568543856040666,-0.9759614877437243,1.0,4.755030147235732e-11,1,0.9495895534540516
stripe,46,pairing,1.7376501081388312e-09,4.755030147235732e-11,0.04097191593645113,0.7075363916650999,1.0,2.0796970047281102e-11,1,0.6411425443532097
stripe,47,pairing,4.1240801563812835e-08,2.0796970047281102e-11,-6.583545986551838,-0.26968253877300147,1.0,7.555022068106279e-10,1,0.9850974149010876
stripe,48,pairing,4.1566418692778266e-08,7.555022068106279e-10,-0.9912573256830607,-0.9926092966872309,1.0,7.882252424280336e-11,1,0.9837556753609945
stripe,49,pairing,1.0885116153725804e-08,7.882252424280336e-11,0.00010026966285655821,0.0006096000960418673,1.0,8.431928690451693e-11,1,1.4498417144913682
stripe,50,pairing,6.468261575603411e-09,8.431928690451693e-11,-0.5614167384765049,-0.8979704278883085,1.0,2.264367758984747e-11,1,0.9064501250570922
stripe,51,pairing,3.971044032710734e-09,2.264367758984747e-11,0.08044296528390625,0.07786805545429422,1.0,6.851757053320559e-11,1,1.1523850735223362
stripe,52,pairing,3.1524426149809303e-09,6.851757053320559e-11,-0.45811247223525736,-0.6913864215759458,1.0,3.693373125158929e-11,1,0.7635700651959308
stripe,53,pairing,5.382253994530859e-09,3.693373125158929e-11,0.41104398950377274,0.36913302941130094,1.0,4.9987794141965596e-11,1,1.1654463127793198
stripe,54,pairing,4.779184824612278e-09,4.9987794141965596e-11,-0.7385196325060109,-0.864844496663805,1.0,9.983189590900125e-12,1,0.9952135741621703
stripe,55,pairing,1.625660346264242e-09,9.983189590900125e-12,-0.03514050154300768,-0.08270617925636971,1.0,2.0992634990706134e-11,1,1.006892964588902
stripe,56,pairing,1.631048502706338e-09,2.0992634990706134e-11,-0.9215718945107726,-0.594297290991875,1.0,2.565297826883929e-11,1,1.2777266069526647
stripe,57,pairing,7.793072890952042e-08,2.565297826883929e-11,27.630994874384236,0.6687387889405368,1.0,1.3753111103656859e-09,1,0.9847246018484238
stripe,58,pairing,7.997240753840304e-08,1.3753111103656859e-09,-0.9148516512505672,-0.9727172456442166,1.0,3.197567514924062e-10,1,0.9261447065549353
stripe,59,pairing,5.491664663453238e-09,3.197567514924062e-10,0.02692931537730073,0.1879608968069476,1.0,1.7797462749085572e-10,1,0.5707131522892175
stripe,60,pairing,5.09002848463633e-08,1.7797462749085572e-10,-2.931190339927997,-0.46588370412284835,1.0,1.1981351655157651e-09,1,0.9582929436205556
stripe,61,pairing,4.566153691557403e-08,1.1981351655157651e-09,-0.846626838522599,-0.9814301100809196,1.0,3.8959964492175487e-10,1,0.8266676525433813
stripe,62,pairing,1.4934748996801998e-08,3.8959964492175487e-10,0.12231821505973504,0.41673695311244663,1.0,2.5026203293519805e-10,1,0.7461864002285606
stripe,63,pairing,1.549215267439782e-08,2.5026203293519805e-10,-0.1918482800423849,-0.2887628874718387,1.0,9.764669815751074e-11,1,0.7717692093334823
stripe,64,pairing,8.437517383131464e-10,9.764669815751074e-11,0.09716175449488001,0.41169235136132426,1.0,5.3911916029109635e-11,1,0.46681779550017083
stripe,65,pairing,7.424017702785191e-09,5.3911916029109635e-11,0.9820270304194986,0.34597602341141404,1.0,1.3986053780203333e-10,1,0.9250968695570883
stripe,66,pairing,7.731173726258551e-09,1.3986053780203333e-10,-0.7979409537497543,-0.9185777869090547,1.0,4.784618594571379e-11,1,0.8036038851855876
stripe,67,pairing,4.4832758601738623e-10,4.784618594571379e-11,0.09430478891133122,0.4614444094750244,1.0,2.546749584691241e-11,1,0.4800696563024562
stripe,68,pairing,8.331079312979717e-09,2.546749584691241e-11,-3.3626874696808913,-0.581880529563771,1.0,1.4685214962277886e-10,1,0.9039074216828825
stripe,69,pairing,7.51247103225043e-09,1.4685214962277886e-10,-0.7957989590568213,-0.9762072849094504,1.0,5.6976247560661783e-11,1,0.7368604971286358
stripe,70,pairing,4.486933604189936e-09,5.6976247560661783e-11,-0.567397535682076,-0.9892748389056417,1.0,1.0563356482829326e-10,1,0.5875355214064477
stripe,71,pairing,3.1210837217765386e-08,1.0563356482829326e-10,8.44493313309462,0.7134890420301666,1.0,8.179194931074048e-10,1,0.8981200951794992
stripe,72,pairing,1.7348626146703193e-08,8.179194931074048e-10,-0.2258774582088388,-0.42882165702014957,1.0,7.693699026085952e-10,1,0.4730756503184106
stripe,73,pairing,4.5393097969419874e-08,7.693699026085952e-10,0.06536728409601694,0.02820173228522445,1.0,8.089888393769317e-10,1,1.1086214545713673
stripe,74,pairing,3.6013775124929967e-08,8.089888393769317e-10,-0.7088930266085225,-0.9687417361400469,1.0,5.59868391663998e-10,1,0.8112523585756047
stripe,75,pairing,2.4705220408196075e-08,5.59868391663998e-10,-0.07426523023650236,-0.1217350663184983,1.0,2.3133525929994053e-10,1,0.7151257042098461
stripe,76,pairing,9.1541296271561e-08,2.3133525929994053e-10,0.036832934645254625,0.01255234407765704,1.0,1.1974933033461524e-09,1,0.9810852161038927
stripe,77,pairing,9.312838438011344e-08,1.1974933033461524e-09,-1.0072858717297006,-0.9954469275913829,1.0,1.3337897414525772e-10,1,0.9927533550537889
stripe,78,pairing,1.608235864699897e-09,1.3337897414525772e-10,-0.004579582888378363,-0.08493919790455082,1.0,7.18675668774485e-11,1,0.4805569388194918
stripe,79,pairing,5.668117245123644e-10,7.18675668774485e-11,0.48472082842840836,0.9299185553611963,1.0,3.8584740611987696e-11,1,0.4648855546799871
stripe,80,pairing,2.807304648977496e-10,3.8584740611987696e-11,0.5024268784634501,0.983697307907426,1.0,2.238203558668832e-11,1,0.44225707621445365
stripe,1,spin,0.01542152600758541,0.035535385833582046,nan,nan,1.0,0.029627830324407505,0,0.17309473506193418
stripe,2,spin,0.005037676226121727,0.029627830324407505,0.3945724654007406,0.990014322750617,1.651725339287572,0.027270006431855034,0,0.08274282463417686
stripe,3,spin,0.0023490591609309636,0.027270006431855034,0.5172563392556454,0.994409532098032,2.0714927637953338,0.02605147973549768,0,0.04676118348198102
stripe,4,spin,0.0013469305411666875,0.02605147973549768,0.5713817160088621,0.9974033211877082,2.333078259490853,0.02536178861789667,0,0.028041023872322084
stripe,5,spin,0.0008141341040744342,0.02536178861789667,0.6031884929331859,0.9973821068409102,2.520088208610398,0.024952061371131453,0,0.017419587246950127
stripe,6,spin,0.0005128923169223157,0.024952061371131453,0.6264301744901468,0.9958356214721713,2.6768757316926934,0.024701393428340507,0,0.011137720646817457
stripe,7,spin,0.00033475782331229137,0.024701393428340507,0.6495890556646734,0.9922681146269745,2.8537921436695983,0.02454506257253647,0,0.00736530881991544
stripe,8,spin,0.00022918159309503333,0.02454506257253647,0.6803198533480539,0.9867465518464111,3.1281266931122773,0.0244463515424507,0,0.0051104106303981114
stripe,9,spin,0.00018502620598921313,0.0244463515424507,0.7281989253923081,0.9809379105817868,3.6791613184140823,0.024383403533835314,0,0.0038090300886137584
stripe,10,spin,0.0001595116793522422,0.024383403533835314,0.790197591888942,0.9797319771386322,4.766389523377893,0.024343019930336735,0,0.0030800839144335852
stripe,11,spin,0.0001462720212585672,0.024343019930336735,0.854533559668884,0.9843661151529562,6.874437827197556,0.02431693967505623,0,0.0026782732750654926
stripe,12,spin,0.00013931134177006844,0.02431693967505623,0.9073700493605186,0.9900747981691915,10.795644314785724,0.02430003495186108,0,0.00245717936198928
stripe,13,spin,0.0001350931598621285,0.02430003495186108,0.9396273733621341,0.9946636397152794,16.563798126563483,0.02428903166520505,0,0.0023228346504055373
stripe,14,spin,0.00013283606901884088,0.02428903166520505,0.9563017313073937,0.9974067384930465,22.8842018212314,0.02428178850579712,0,0.002228115178394879
stripe,15,spin,0.00013213880903549568,0.02428178850579712,0.9705118946238661,0.9986240192832724,33.91197865188542,0.02427698298969276,0,0.002166037748244999
stripe,16,spin,0.0001296852812580282,0.02427698298969276,0.9711151970479113,0.9993100019865239,34.620281178954265,0.02427375859411308,0,0.0021053412285195147
stripe,17,spin,0.0001276169119873759,0.02427375859411308,0.9774328771297318,0.9995661839056098,44.31225042504127,0.02427161789384603,0,0.00205899631110736
stripe,18,spin,0.00012505620292257817,0.02427161789384603,0.972034745460263,0.9997248666733454,35.75865896657794,0.024270122960501336,0,0.002002143331760151
stripe,19,spin,0.00012244306092515714,0.024270122960501336,0.9737009344201948,0.9997946801377089,38.02416465959497,0.024269116754351887,0,0.0019500092885958746
stripe,20,spin,0.00012037399569417469,0.024269116754351887,0.9794981694410902,0.9997737643684231,48.77613231299567,0.024268406459073254,0,0.001910541951777995
stripe,21,spin,0.00011746716795327673,0.024268406459073254,0.9726608600796908,0.9998582977334677,36.57759545160882,0.024267860157074047,0,0.0018586271392906381
stripe,22,spin,0.00011513447008945285,0.024267860157074047,0.9799423417694492,0.9998096600288647,49.856268787990885,0.024267404782615538,0,0.0018217351813419455
stripe,23,spin,0.00011221301089735236,0.024267404782615538,0.973529634100509,0.999873085018859,37.77809508931752,0.024267070038184558,0,0.0017737715824337774
stripe,24,spin,0.00010989154842766437,0.024267070038184558,0.9795845698829474,0.9998395776209638,48.98255849945184,0.02426690843706282,0,0.0017378620328231719
stripe,25,spin,0.00010833075811028051,0.02426690843706282,0.9850043904296755,0.9998431863890996,66.68618540048841,0.02426676497747685,0,0.0017120816094276273
stripe,26,spin,0.0001054015657656537,0.02426676497747685,0.9733969970430231,0.9998938670686863,37.58974133924753,0.02426664455484874,0,0.0016667218435601973
stripe,27,spin,0.00010286376818298068,0.02426664455484874,0.9789159220504312,0.9998495065189367,47.42915494772451,0.024266477244008103,0,0.0016318342273821643
stripe,28,spin,0.00010036466249676353,0.024266477244008103,0.9791366094890022,0.9999475526018418,47.93084803128544,0.024266382725244603,0,0.0015978834538001147
stripe,29,spin,9.827760302029507e-05,0.024266382725244603,0.9828550350019967,0.9998363960163468,58.3261616525002,0.02426626812281061,0,0.0015707508961455747
stripe,30,spin,9.579509739972986e-05,0.02426626812281061,0.9761103013581198,0.9999041585603927,41.85904623539017,0.024266220612798418,0,0.001533380332949
stripe,31,spin,9.378615475133176e-05,0.024266220612798418,0.9847885412987997,0.9997828380198597,65.73991486569861,0.024266126212289008,0,0.0015103863363150171
stripe,32,spin,9.18580830996064e-05,0.024266126212289008,0.9789199144327567,0.9999186996012887,47.43813761144869,0.024266044144896057,0,0.0014786732316996742
stripe,33,spin,8.955434740911226e-05,0.024266044144896057,0.979973822390462,0.9998883843483448,49.9346415225902,0.02426599146385642,0,0.0014492277161336255
stripe,34,spin,8.846746634568435e-05,0.02426599146385642,0.9907777658378569,0.9998488892454952,108.43359455184545,0.024265900664813274,0,0.0014360827235574479
stripe,35,spin,8.6041022164857e-05,0.024265900664813274,0.9796037405469213,0.9998232747089801,49.02859773383878,0.024265823047740658,0,0.001407045932319835
stripe,36,spin,8.394946517475445e-05,0.024265823047740658,0.9784075680965619,0.9998988218627091,46.31252303918459,0.024265737904402652,0,0.001376808095141716
stripe,37,spin,8.211169501931917e-05,0.024265737904402652,0.9813309124109836,0.9999395548517379,53.564481672276784,0.024265645328201774,0,0.0013511907578850958
stripe,38,spin,7.968915023143751e-05,0.024265645328201774,0.9778815774085045,0.9998840226273408,45.211180673638836,0.024265557495757383,0,0.0013214628504172865
stripe,39,spin,7.80217616135415e-05,0.024265557495757383,0.9800727057171967,0.9999433007366421,50.182427468990305,0.02426552219737283,0,0.001295207796536978
stripe,40,spin,7.587858783871231e-05,0.02426552219737283,0.9781304521606946,0.9999202525675177,45.72568245799459,0.024265478197626342,0,0.0012669850693735548
stripe,41,spin,7.403581931364825e-05,0.024265478197626342,0.9814077503350799,0.9999023113431902,53.78585260108684,0.024265407800826,0,0.0012435527023016341
stripe,42,spin,7.18707305020997e-05,0.024265407800826,0.9819014200516302,0.9998529192871535,55.252953704253,0.024265327999560517,0,0.0012212293259772828
stripe,43,spin,7.000023960758005e-05,0.024265327999560517,0.9774515043797288,0.9999352975700084,44.34885665281354,0.024265268603178788,0,0.0011937736076129033
stripe,44,spin,6.808075744877198e-05,0.024265268603178788,0.9818520391535872,0.9998605221623529,55.102609514262014,0.024265273073139363,0,0.001172275210498215
stripe,45,spin,6.657678742694878e-05,0.024265273073139363,0.9853771496367422,0.9998927620295649,68.38612002162412,0.024265192958808943,0,0.0011552570929365203
stripe,46,spin,6.486460437102846e-05,0.024265192958808943,0.9858500168939087,0.999882812659869,70.67146246764919,0.02426517060682823,0,0.0011390474667745233
stripe,47,spin,6.317298073454936e-05,0.02426517060682823,0.9798176485281603,0.9999487302219909,49.54824027295803,0.02426514377352155,0,0.001116117061593989
stripe,48,spin,6.138529662732921e-05,0.02426514377352155,0.9854493170098619,0.9998483606283469,68.72529630930482,0.024265174977185146,0,0.0011000434078451808
stripe,49,spin,5.982249016903054e-05,0.024265174977185146,0.9847548414154697,0.9999125862270125,65.59459479908104,0.024265173242187736,0,0.0010833677729072768
stripe,50,spin,5.830934068813253e-05,0.024265173242187736,0.9888142192003904,0.9998176873111421,89.3992129753605,0.024265074087356852,0,0.0010714448730659392
stripe,51,spin,5.6568820814211634e-05,0.024265074087356852,0.9793403241374188,0.9999339403604754,48.40346996010712,0.024265009052814444,0,0.0010493827789437638
stripe,52,spin,5.5093285135149415e-05,0.024265009052814444,0.9836948439060972,0.9998642769306577,61.330292960147865,0.02426490016311639,0,0.0010324153181804619
stripe,53,spin,5.4994796126469486e-05,0.02426490016311639,0.9927810609438361,0.9998380214535091,138.5245106268283,0.024264914102330462,0,0.0010251324351366496
stripe,54,spin,5.436540194498187e-05,0.024264914102330462,0.9788987091344918,0.9999475305891048,47.39046565319776,0.02426491248624591,0,0.0010035534733067106
stripe,55,spin,5.39565990053904e-05,0.02426491248624591,0.9847678107296816,0.9999333127298436,65.65044474260883,0.024264849588108577,0,0.0009883331319172674
stripe,56,spin,5.378594106307836e-05,0.024264849588108577,0.9886772611402135,0.9998655613146656,88.31785422090483,0.02426481561102769,0,0.0009772764106141616
stripe,57,spin,5.3400091320450656e-05,0.02426481561102769,0.9794307696753544,0.9999035938940797,48.61630621160482,0.024264760593242743,0,0.0009572682138286905
stripe,58,spin,5.292484099207219e-05,0.024264760593242743,0.9869577193450555,0.9999057652111307,76.6737065745389,0.024264725930895733,0,0.0009448744353611643
stripe,59,spin,5.293480340884003e-05,0.024264725930895733,0.9882533616043407,0.9998554290773385,85.13073837103306,0.024264709130101522,0,0.0009339116874192358
stripe,60,spin,5.4236386402890194e-05,0.024264709130101522,1.00504431730463,0.9997591885987127,inf,0.024264776721243407,0,0.0009388467546091728
stripe,61,spin,5.376771241001393e-05,0.024264776721243407,0.9910185556549527,0.9999334030292316,111.34066655453181,0.024264829065995572,0,0.0009304745144024628
stripe,62,spin,5.335142313355433e-05,0.024264829065995572,0.9888889478573779,0.9998280224116238,90.00047764729601,0.024264805093005434,0,0.0009202942335384366
stripe,63,spin,5.312091025549406e-05,0.024264805093005434,0.9875702321627329,0.9999280522668822,80.45202558021916,0.024264791391140114,0,0.0009089214826388932
stripe,64,spin,5.252071321513053e-05,0.024264791391140114,0.9829107254122518,0.9999236190771662,58.51623454613618,0.024264773009282887,0,0.000893457421425295
stripe,65,spin,5.176611060311691e-05,0.024264773009282887,0.9814022020065062,0.9999656970199006,53.76980653031269,0.02426474412385212,0,0.0008768718243563756
stripe,66,spin,5.14170796015144e-05,0.02426474412385212,0.9909713318337744,0.9997540029312919,110.75830693842472,0.0242647725658716,0,0.0008691686684537689
stripe,67,spin,5.077488957781068e-05,0.0242647725658716,0.9855448182308192,0.999975691049269,69.17934454010472,0.024264761617295384,0,0.0008566255010302924
stripe,68,spin,5.0126691098462475e-05,0.024264761617295384,0.982497083908455,0.9999621726459752,57.13333679769303,0.024264748664461735,0,0.0008416642744516978
stripe,69,spin,4.954363219388056e-05,0.024264748664461735,0.9872655618553327,0.9999657246079937,78.52721797692804,0.02426476349202659,0,0.0008309745705891522
stripe,70,spin,4.889870047086395e-05,0.02426476349202659,0.9863588105761579,0.9999491941371207,73.30739050160831,0.02426480234522844,0,0.0008196794211659942
stripe,71,spin,4.8359985393704556e-05,0.02426480234522844,0.9861800142708926,0.9999539674630692,72.35897486448347,0.02426479919148743,0,0.0008083886754445942
stripe,72,spin,4.859212973367614e-05,0.02426479919148743,1.0019328670140266,0.9997650545830857,inf,0.024264801621151296,0,0.0008101415464627267
stripe,73,spin,4.784993767792747e-05,0.024264801621151296,0.9817732313306596,0.9999421145954188,54.86436011458911,0.02426478510415669,0,0.0007954213271912661
stripe,74,spin,4.761136418837339e-05,0.02426478510415669,0.9920968661753489,0.9999352363938341,126.53208489027996,0.02426476082363603,0,0.0007891866537318732
stripe,75,spin,4.7306721216822806e-05,0.02426476082363603,0.9878316624657373,0.9999747147657198,82.18049484444961,0.024264757095405196,0,0.0007796040567128476
stripe,76,spin,4.6932175272220746e-05,0.024264757095405196,0.9851790502394475,0.9999550130383487,67.47205922400501,0.02426472378945454,0,0.0007680842559414151
stripe,77,spin,4.625446352504378e-05,0.02426472378945454,0.986241748669356,0.9999695633638769,72.68365550007661,0.024264716555206945,0,0.0007575408564739198
stripe,78,spin,4.570257456681763e-05,0.024264716555206945,0.9840218268774721,0.9999558608442659,62.585377710677186,0.024264690059736273,0,0.000745469864175655
stripe,79,spin,4.532407669952283e-05,0.024264690059736273,0.9882548625454807,0.9999430496908914,85.14161744571301,0.024264670856899314,0,0.0007367569811347561
stripe,80,spin,4.490707453838616e-05,0.024264670856899314,0.9902291808997989,0.9999399681142894,102.34556486461025,0.02426465186964309,0,0.0007296026387391877
pairing,1,charge_modulation,0.0014221865456478457,0.0008707696460374239,nan,nan,1.0,0.0012733342324838218,0,0.42762141113163477
pairing,2,charge_modulation,0.00023083936679831572,0.0012733342324838218,-0.10075210027505212,-0.6287980888026675,1.0,0.001258294288465368,0,0.06851763079644874
pairing,3,charge_modulation,7.116255051296816e-05,0.001258294288465368,-0.321788483522725,-0.9876456884162569,1.0,0.0012658097296443837,0,0.022456685029569812
pairing,4,charge_modulation,1.9611113589414024e-05,0.0012658097296443837,-0.20856088016256383,-0.7597821457987518,1.0,0.0012667859363286395,0,0.006159629797220099
pairing,5,charge_modulation,1.5142651785480295e-05,0.0012667859363286395,-0.225786518071678,-0.3080545671390701,1.0,0.001269606405209752,0,0.004504629680185577
pairing,6,charge_modulation,1.2367972523478522e-05,0.001269606405209752,0.7746082568806781,0.8561749365119176,1.0,0.0012725095330344408,0,0.004066181555112096
pairing,7,charge_modulation,1.684894729075178e-05,0.0012725095330344408,1.2376841121986588,0.9796986441806301,inf,0.001276158454044957,0,0.005122247011437082
pairing,8,charge_modulation,1.9951316895001816e-05,0.001276158454044957,1.1849804482313857,0.999497829553293,inf,0.0012805354122759679,0,0.006052054856195552
pairing,9,charge_modulation,2.4218282323187727e-05,0.0012805354122759679,1.2104300965290336,0.9995969511528927,inf,0.001285841994618467,0,0.0072982987063337215
pairing,10,charge_modulation,2.8990606772341578e-05,0.001285841994618467,1.194856410571952,0.9999042360999117,inf,0.0012922288303745067,0,0.00867814941342826
pairing,11,charge_modulation,3.462528356877473e-05,0.0012922288303745067,1.189288499183115,0.9998607384581247,inf,0.0012998411757298416,0,0.010261809850902559
pairing,12,charge_modulation,4.1542482791309416e-05,0.0012998411757298416,1.1950026502415942,0.9996389268734173,inf,0.0013089288171474736,0,0.012182149724846016
pairing,13,charge_modulation,4.763522460676404e-05,0.0013089288171474736,1.1576634259463208,0.9998377063101815,inf,0.0013197559241555407,0,0.013989401789803974
pairing,14,charge_modulation,5.680084934724539e-05,0.0013197559241555407,1.1811883579813975,0.9991569184446648,inf,0.001332412101283147,0,0.016380971450130174
pairing,15,charge_modulation,6.497753442317707e-05,0.001332412101283147,1.1537016705217065,0.9999145946787248,inf,0.0013472066702415319,0,0.0186928108529769
pairing,16,charge_modulation,7.39898528949309e-05,0.0013472066702415319,1.1453842189145336,0.9997656978281302,inf,0.0013642702964260032,0,0.02114761403719887
pairing,17,charge_modulation,8.353332326222623e-05,0.0013642702964260032,1.1332130785668115,0.9996954129521536,inf,0.0013837505525004295,0,0.023634578994223828
pairing,18,charge_modulation,9.264410014946274e-05,0.0013837505525004295,1.118241876353094,0.9996389312709142,inf,0.0014057040963998855,0,0.02602581616289081
pairing,19,charge_modulation,0.00010105629598702176,0.0014057040963998855,1.1050420689672962,0.99952581388032,inf,0.001430134451370626,0,0.028281744638356875
pairing,20,charge_modulation,0.00010869745048834763,0.001430134451370626,1.089857069976246,0.999397664240753,inf,0.0014569261936844607,0,0.03027448260222269
pairing,21,charge_modulation,0.00011469164978662912,0.0014569261936844607,1.0760243067124777,0.9992748847430357,inf,0.0014859406926216795,0,0.031963175157769225
pairing,22,charge_modulation,0.00011888181444122577,0.0014859406926216795,1.0582828560443824,0.9991445988550213,inf,0.0015167680978945095,0,0.033166956476928904
pairing,23,charge_modulation,0.00012272088080515602,0.0015167680978945095,1.046094043450609,0.9989634440656057,inf,0.0015491066117451111,0,0.03400671111365228
pairing,24,charge_modulation,0.00012617130962432402,0.0015491066117451111,1.032667023004934,0.9988592272506472,inf,0.0015826019128205011,0,0.034413613437056303
pairing,25,charge_modulation,0.00012759295003018315,0.0015826019128205011,1.022357254172211,0.9986808267210843,inf,0.0016168402809677135,0,0.03448345818692008
pairing,26,charge_modulation,0.00012654325120243191,0.0016168402809677135,1.010652583842228,0.9986478225552998,inf,0.001651472331063803,0,0.034166159380898814
pairing,27,charge_modulation,0.0001241383415655729,0.001651472331063803,1.0049311772022063,0.9984229022390037,inf,0.0016861782330432936,0,0.033681061571343214
pairing,28,charge_modulation,0.00012109043593024667,0.0016861782330432936,0.9994607145595809,0.9984109685845552,1854.3055774373865,0.00172080581855953,0,0.03303800151004125
pairing,29,charge_modulation,0.000121743889304202,0.00172080581855953,0.9944868733596348,0.9983089826788893,181.38527649235368,0.0017551512721440965,0,0.03226748802632662
pairing,30,charge_modulation,0.00012243911267743532,0.0017551512721440965,0.9927493213124644,0.9981816680320816,137.91812368117587,0.0017891561324346558,0,0.0314819394004545
pairing,31,charge_modulation,0.00012434345373741728,0.0017891561324346558,0.9926817477059992,0.9981468346906789,136.64464681270306,0.0018228001561166095,0,0.03073167740014777
pairing,32,charge_modulation,0.00012567827671927483,0.0018228001561166095,0.9923407504213201,0.9980572663889992,130.5610934501434,0.001856116449825899,0,0.03000719967222781
pairing,33,charge_modulation,0.00012687584572975037,0.001856116449825899,0.9968465074829456,0.9979569201281536,317.1087277334225,0.0018892464431237912,0,0.029448187671376833
pairing,34,charge_modulation,0.00012724351255479546,0.0018892464431237912,0.9996870634836641,0.9978684613447293,3195.536307838889,0.0019222829187143342,0,0.028994835835855985
pairing,35,charge_modulation,0.00012779424886538368,0.0019222829187143342,1.003437375704696,0.9978109316608845,inf,0.0019553938010397906,0,0.028664590563429862
pairing,36,charge_modulation,0.00012796783491833726,0.0019553938010397906,1.0094267737011997,0.9977756210803477,inf,0.0019887433984987967,0,0.028513015946433743
pairing,37,charge_modulation,0.00012859415458031393,0.0019887433984987967,1.017973586848034,0.9977299151354615,inf,0.0020226375893706914,0,0.02860403821614821
pairing,38,charge_modulation,0.0001289929412742032,0.0020226375893706914,1.0199669406988583,0.9977231046509625,inf,0.002057207171093488,0,0.028750371461594027
pairing,39,charge_modulation,0.00012839891738899642,0.002057207171093488,1.0222623110371436,0.9977662511771233,inf,0.0020924833910818444,0,0.02895963005127609
pairing,40,charge_modulation,0.00012971081090575043,0.0020924833910818444,1.0291118962543069,0.9978533860215888,inf,0.00212882140941469,0,0.029356999339906428
pairing,41,charge_modulation,0.0001349168487269365,0.00212882140941469,1.0292295431007592,0.9978812093832967,inf,0.0021662290679766365,0,0.029756367390405245
pairing,42,charge_modulation,0.00013922496890596443,0.0021662290679766365,1.0314697945676787,0.9980118481413354,inf,0.0022048642967375082,0,0.0302150448928583
pairing,43,charge_modulation,0.00014269725307200238,0.0022048642967375082,1.033859498835255,0.9979109076897545,inf,0.0022448260068458317,0,0.0307462515698071
pairing,44,charge_modulation,0.0001462225199964284,0.0022448260068458317,1.030986210095339,0.9980127377557738,inf,0.0022860850635338797,0,0.031188841797215053
pairing,45,charge_modulation,0.00015049305417231054,0.0022860850635338797,1.0304231038137104,0.9979658087158861,inf,0.002328642580797198,0,0.03161467521618574
pairing,46,charge_modulation,0.00015421150905200586,0.002328642580797198,1.03095448494281,0.9978518756790845,inf,0.002372487059434521,0,0.03205982305985137
pairing,47,charge_modulation,0.00015564022075889757,0.002372487059434521,1.0272048673919065,0.9978076789351694,inf,0.002417424473861393,0,0.032390845576884424
pairing,48,charge_modulation,0.0001561559532354661,0.002417424473861393,1.0271940620201077,0.9979594242207149,inf,0.002463831933139663,0,0.03271174686624797
pairing,49,charge_modulation,0.00015657135946599374,0.002463831933139663,1.0272556952745269,0.997036147157159,inf,0.0025106561302191428,0,0.03307464842912788
pairing,50,charge_modulation,0.00015877452069266908,0.0025106561302191428,1.026417173529177,0.9973669684409812,inf,0.002558457678582151,0,0.033402053105787845
pairing,51,charge_modulation,0.00016037406732124365,0.002558457678582151,1.0312292785163337,0.9970550644104724,inf,0.0026072171533910644,0,0.03390082646365354
pairing,52,charge_modulation,0.00016567130080150528,0.0026072171533910644,1.0380990924471862,0.9965895276967175,inf,0.0026571189876982808,0,0.03464966020174169
pairing,53,charge_modulation,0.00018626996203774566,0.0026571189876982808,1.05064764000887,0.9961470444715923,inf,0.0027086209898693463,0,0.035850513598664514
pairing,54,charge_modulation,0.0002104414907577526,0.0027086209898693463,1.06223074791055,0.9959391119484675,inf,0.0027623844128595414,0,0.037492602474359184
pairing,55,charge_modulation,0.000240087966164787,0.0027623844128595414,1.0812891370757745,0.9957231871350204,inf,0.002819626034626423,0,0.0398879217745336
pairing,56,charge_modulation,0.00027770726243664043,0.002819626034626423,1.1063320312185851,0.9958982192779586,inf,0.0028823612492279937,0,0.04334660034519462
pairing,57,charge_modulation,0.000325407060359194,0.0028823612492279937,1.1109381537974985,0.9966309611059213,inf,0.0029522331854155595,0,0.047174608203734564
pairing,58,charge_modulation,0.0003759394889616017,0.0029522331854155595,1.109226605987825,0.9974865195496063,inf,0.003031200703860423,0,0.05109254186296984
pairing,59,charge_modulation,0.00040684568919268065,0.003031200703860423,1.0705598449913165,0.9985459741066282,inf,0.003118735188618656,0,0.05323982101094229
pairing,60,charge_modulation,0.00040985506308629203,0.003118735188618656,1.0007731919146878,0.9989974903393217,inf,0.0032101549234679577,0,0.05181557967052122
pairing,61,charge_modulation,0.0003773874288336438,0.0032101549234679577,0.8953294299672429,0.9984170049948606,9.553783835198807,0.003295636537033982,0,0.045260352822107754
pairing,62,charge_modulation,0.00030457331641967067,0.003295636537033982,0.7929152547805023,0.9963027122287053,4.828940919525765,0.003365108237474638,0,0.0352771642446531
pairing,1,charge_uniform,2.8821405103225325e-05,0.004294320152224216,nan,nan,1.0,0.0042654987471209905,0,0.006711517558442274
pairing,2,charge_uniform,4.0360117558105313e-07,0.0042654987471209905,0.01400352183162254,1.0,1.0142024055274883,0.004265095145945409,1,9.461992594733847e-05
pairing,3,charge_uniform,5.34266254587773e-09,0.004265095145945409,0.01323748013911518,1.0,1.0134150617526307,0.0042650898032828635,1,1.2526479159454871e-06
pairing,4,charge_uniform,2.1339040306642132e-07,0.0042650898032828635,39.94083497395287,1.0,inf,0.004264876412879797,0,5.0031866363557815e-05
pairing,5,charge_uniform,2.4183672314281174e-07,0.004264876412879797,-1.133306463962843,-1.0,1.0,0.00426511824960294,1,5.670105938219309e-05
pairing,6,charge_uniform,1.0280644669770356e-08,0.00426511824960294,-0.04251068463121431,-1.0,1.0,0.00426510796895827,1,2.4104008536521652e-06
pairing,7,charge_uniform,4.459060299819018e-09,0.00426510796895827,-0.433733529661873,-1.0,1.0,0.00426511242801857,1,1.0454730971512863e-06
pairing,8,charge_uniform,4.666090806272616e-09,0.00426511242801857,-1.0464291784665933,-1.0,1.0,0.004265107761927764,1,1.0940135541609456e-06
pairing,9,charge_uniform,1.2647293340210808e-08,0.004265107761927764,2.7104687553892175,1.0,inf,0.0042650951146344235,0,2.9652928005960685e-06
pairing,10,charge_uniform,2.47635282392758e-08,0.0042650951146344235,-1.9580101111866073,-1.0,1.0,0.004265119878162663,1,5.80605679246312e-06
pairing,11,charge_uniform,1.495712178244124e-08,0.004265119878162663,-0.6039980102156337,-1.0,1.0,0.00426510492104088,1,3.506846749846689e-06
pairing,12,charge_uniform,2.445532438352313e-07,0.00426510492104088,16.350287668468546,1.0,inf,0.004264860367797045,0,5.733815424534718e-05
pairing,13,charge_uniform,4.574728764668648e-07,0.004264860367797045,-1.870647345717029,-1.0,1.0,0.004265317840673512,0,0.000107254111781416
pairing,14,charge_uniform,2.1463953578382267e-07,0.004265317840673512,-0.4691852715761373,-1.0,1.0,0.004265103201137728,1,5.0322049563821055e-05
pairing,15,charge_uniform,4.166989361377438e-08,0.004265103201137728,0.19413894770878937,1.0,1.2409087114420243,0.004265061531244114,1,9.769961393351236e-06
pairing,16,charge_uniform,1.1846461008338527e-08,0.004265061531244114,0.28429304663313487,1.0,1.3972199030563401,0.004265049684783106,1,2.777559226650342e-06
pairing,17,charge_uniform,1.0142671308735474e-08,0.004265049684783106,0.856177326004468,1.0,6.953006589427384,0.004265039542111797,1,2.378089836777896e-06
pairing,18,charge_uniform,2.2268322878368774e-08,0.004265039542111797,2.195508678191116,1.0,inf,0.004265017273788919,0,5.221129290478467e-06
pairing,19,charge_uniform,2.1574946229736824e-08,0.004265017273788919,0.9688626461714598,1.0,32.115766982209294,0.004264995698842689,0,5.058583551895034e-06
pairing,20,charge_uniform,3.344821145924437e-08,0.004264995698842689,1.5503265270317375,1.0,inf,0.00426496225063123,0,7.842495941630276e-06
pairing,21,charge_uniform,1.9028831395144497e-08,0.00426496225063123,-0.5689043020530574,-1.0,1.0,0.004264981279462625,1,4.461644764251362e-06
pairing,22,charge_uniform,4.382507135750752e-08,0.004264981279462625,-2.303087901062078,-1.0,1.0,0.0042649374543912676,1,1.027556007538428e-05
pairing,23,charge_uniform,6.822859453543134e-08,0.0042649374543912676,1.5568393255734734,1.0,inf,0.004264869225796732,0,1.5997560401543936e-05
pairing,24,charge_uniform,4.167901596682094e-08,0.004264869225796732,-0.6108731427140404,-1.0,1.0,0.004264910904812699,1,9.77254083310126e-06
pairing,25,charge_uniform,4.6372812081627024e-08,0.004264910904812699,-1.1126177287521046,-1.0,1.0,0.004264864532000617,1,1.0873102185862325e-05
pairing,26,charge_uniform,6.847588452860154e-08,0.004264864532000617,-1.476638604708033,-1.0,1.0,0.004264933007885146,1,1.6055559231997575e-05
pairing,27,charge_uniform,3.134504895658391e-08,0.004264933007885146,-0.45775310786224993,-1.0,1.0,0.004264901662836189,1,7.349482136913328e-06
pairing,28,charge_uniform,1.219985367850035e-08,0.004264901662836189,-0.38921150499392715,-1.0,1.0,0.004264913862689868,1,2.8605158442299557e-06
pairing,29,charge_uniform,1.167281461506714e-08,0.004264913862689868,-0.9567995586404446,-1.0,1.0,0.004264902189875253,1,2.736940297243221e-06
pairing,30,charge_uniform,9.37996985465872e-09,0.004264902189875253,-0.8035739591504486,-1.0,1.0,0.0042649115698451074,1,2.1993351329906663e-06
pairing,31,charge_uniform,1.7589948368527952e-08,0.0042649115698451074,-1.875267046811628,-1.0,1.0,0.004264893979896739,1,4.124340699792465e-06
pairing,32,charge_uniform,4.583909308988193e-08,0.004264893979896739,-2.6059822422161014,-1.0,1.0,0.004264939818989829,1,1.074788743460843e-05
pairing,33,charge_uniform,1.0818272563363485e-08,0.004264939818989829,0.23600537955999404,1.0,1.3089097399980014,0.004264950637262392,1,2.536552819356327e-06
pairing,34,charge_uniform,4.189041915170916e-08,0.004264950637262392,-3.8721911383128536,-1.0,1.0,0.0042649087468432404,1,9.822017348974052e-06
pairing,35,charge_uniform,4.1826181202547774e-08,0.0042649087468432404,-0.99846652407729,-1.0,1.0,0.004264950573024443,1,9.80695566956763e-06
pairing,36,charge_uniform,2.5530662332504117e-09,0.004264950573024443,-0.061039907537504184,-1.0,1.0,0.00426494801995821,1,5.986156672948106e-07
pairing,37,charge_uniform,2.0202559129940678e-08,0.00426494801995821,7.913057196412796,1.0,inf,0.00426492781739908,0,4.736882849544936e-06
pairing,38,charge_uniform,5.9365881381785723e-08,0.00426492781739908,-2.9385327373601924,-1.0,1.0,0.004264987183280462,1,1.3919357510501077e-05
pairing,39,charge_uniform,6.8778182421049e-08,0.004264987183280462,-1.1585473140494988,-1.0,1.0,0.0042649184050980405,1,1.612623425708574e-05
pairing,40,charge_uniform,1.3366170584401538e-08,0.0042649184050980405,-0.19433736272028806,-1.0,1.0,0.004264931771268625,1,3.1339705536310855e-06
pairing,41,charge_uniform,2.4967413210681688e-08,0.004264931771268625,-1.867955601271386,-1.0,1.0,0.004264906803855414,1,5.854117849874773e-06
pairing,42,charge_uniform,7.593549138443234e-09,0.004264906803855414,-0.30413840129799763,-1.0,1.0,0.004264914397404553,1,1.7804692968900732e-06
pairing,43,charge_uniform,4.9688609800487005e-08,0.004264914397404553,-6.543529105373478,-1.0,1.0,0.004264864708794752,1,1.1650552665424047e-05
pairing,44,charge_uniform,2.092597200381574e-08,0.004264864708794752,0.4211422313451531,1.0,1.727540086960923,0.004264843782822748,1,4.906596910486618e-06
pairing,45,charge_uniform,2.890022150238425e-08,0.004264843782822748,1.3810694909232624,1.0,inf,0.004264814882601246,0,6.7763845463188856e-06
pairing,46,charge_uniform,8.523299834580639e-08,0.004264814882601246,2.94921609298997,1.0,inf,0.0042647296496029,0,1.998515778340655e-05
pairing,47,charge_uniform,7.353269202564627e-08,0.0042647296496029,0.8627256280168655,1.0,7.284680931724529,0.0042646561169108746,0,1.7242052384842986e-05
pairing,48,charge_uniform,9.014900387571689e-07,0.0042646561169108746,-12.25971760210755,-1.0,1.0,0.004265557606949632,0,0.0002113416631130294
pairing,49,charge_uniform,4.058378600671139e-07,0.004265557606949632,-0.450185628924551,-1.0,1.0,0.004265151769089565,1,9.514297952649971e-05
pairing,50,charge_uniform,4.2546914513254264e-08,0.004265151769089565,0.10483722367897916,1.0,1.1171152626674712,0.004265109222175051,1,9.975474922510503e-06
pairing,51,charge_uniform,2.3260087085585912e-09,0.004265109222175051,0.05466926885694591,1.0,1.0578308385159998,0.004265106896166343,1,5.45357360713124e-07
pairing,52,charge_uniform,1.2885205053977944e-08,0.004265106896166343,-5.539620297450564,-1.0,1.0,0.004265119781371397,1,3.0210652254729562e-06
pairing,53,charge_uniform,1.094722564334849e-09,0.004265119781371397,0.08495965409544524,1.0,1.092847986950192,0.004265120876093961,1,2.5666859067717833e-07
pairing,54,charge_uniform,3.997562913506114e-09,0.004265120876093961,3.6516675948257484,1.0,inf,0.004265124873656875,0,9.372674967142625e-07
pairing,55,charge_uniform,2.5279900846275627e-09,0.004265124873656875,-0.6323828140606689,-1.0,1.0,0.00426512234566679,1,5.92711857099764e-07
pairing,56,charge_uniform,9.116961159974513e-09,0.00426512234566679,-3.606407009036063,-1.0,1.0,0.00426513146262795,1,2.1375568935821546e-06
pairing,57,charge_uniform,1.5802849090071347e-09,0.00426513146262795,-0.17333461021474314,-1.0,1.0,0.004265129882343041,1,3.705125909609e-07
pairing,58,charge_uniform,2.990498156225929e-08,0.004265129882343041,18.923791141591085,1.0,inf,0.004265099977361479,0,7.011505484524904e-06
pairing,59,charge_uniform,4.858213665560884e-09,0.004265099977361479,0.16245499618338005,1.0,1.1939656919247166,0.004265095119147813,1,1.1390620832682858e-06
pairing,60,charge_uniform,1.9564963932121315e-07,0.004265095119147813,40.27192972349957,1.0,inf,0.004264899469508492,0,4.5872280419458715e-05
pairing,61,charge_uniform,7.166244586978565e-08,0.004264899469508492,-0.3662794683313056,-1.0,1.0,0.004264971131954362,1,1.6802562937148735e-05
pairing,62,charge_uniform,1.524351823444653e-06,0.004264971131954362,-21.271278211944907,-1.0,1.0,0.004263446780130917,0,0.00035741199090980497
pairing,1,exchange_charge,0.000789839870049918,0.0018110679554021228,nan,nan,1.0,0.00179671432364813,0,0.042015758659881164
pairing,2,exchange_charge,0.00011259288800683637,0.00179671432364813,-0.061212370019211065,-0.5593293543583665,1.0,0.0017976701861406443,0,0.004632426345505204
pairing,3,exchange_charge,3.249919050352188e-05,0.0017976701861406443,-0.29158569250724653,-0.9638776137013307,1.0,0.001797678621532239,0,0.001401363499383508
pairing,4,exchange_charge,9.453475235036632e-06,0.001797678621532239,-0.22578768187519124,-0.7921520465506099,1.0,0.001797729192304482,0,0.0003994204352851481
pairing,5,exchange_charge,7.19146413755904e-06,0.001797729192304482,-0.20847466164010767,-0.31293352795656315,1.0,0.0017978250485234878,0,0.00026607759453995257
pairing,6,exchange_charge,6.015701748859599e-06,0.0017978250485234878,0.7589602306169053,0.8254175612017906,1.0,0.001797919129623636,0,0.0002446419301147163
pairing,7,exchange_charge,7.933372585675969e-06,0.001797919129623636,1.2110322234505313,0.9756395243935778,inf,0.001798034109774432,0,0.00030364730766886666
pairing,8,exchange_charge,9.40981672268421e-06,0.001798034109774432,1.1895845058481898,0.9988987910987795,inf,0.0017981727262446018,0,0.0003615844674191543
pairing,9,exchange_charge,1.1417292626592556e-05,0.0017981727262446018,1.2031234148002226,0.999210651108399,inf,0.0017983377681230516,0,0.00043533444513364674
pairing,10,exchange_charge,1.3664695669612231e-05,0.0017983377681230516,1.1942882299981896,0.9998331419532644,inf,0.0017985380026648969,0,0.0005199436776515614
pairing,11,exchange_charge,1.6418846403053146e-05,0.0017985380026648969,1.18977363567301,0.9996787412137758,inf,0.0017987735169810142,0,0.0006187330575278202
pairing,12,exchange_charge,1.9879072034450444e-05,0.0017987735169810142,1.188324255131653,0.9991412399094187,inf,0.0017990365071920806,0,0.0007357798755726143
pairing,13,exchange_charge,2.2364015809605555e-05,0.0017990365071920806,1.1594336677729888,0.9986936361358314,inf,0.0017993960527186474,0,0.0008540331784984542
pairing,14,exchange_charge,2.7190453888049394e-05,0.0017993960527186474,1.1747001782249873,0.9983552404629159,inf,0.0017997655891461434,0,0.0010046793944536263
pairing,15,exchange_charge,3.106704393628025e-05,0.0017997655891461434,1.1540650981801124,0.9997391464412716,inf,0.0018002104908872974,0,0.0011594813300141898
pairing,16,exchange_charge,3.549778829169234e-05,0.0018002104908872974,1.144686125955114,0.9996251637337414,inf,0.0018007220731769459,0,0.0013273626680326126
pairing,17,exchange_charge,4.0220854033698244e-05,0.0018007220731769459,1.131997685818162,0.9995164115608997,inf,0.0018013028914293362,0,0.0015028137175214962
pairing,18,exchange_charge,4.484865181462951e-05,0.0018013028914293362,1.116532074480707,0.9995399264619108,inf,0.0018019538096674267,0,0.0016781056488521376
pairing,19,exchange_charge,4.919489062079653e-05,0.0018019538096674267,1.104942480500827,0.9993822773286821,inf,0.0018026767300201268,0,0.0018546122676047405
pairing,20,exchange_charge,5.319127585584941e-05,0.0018026767300201268,1.0895363874135457,0.9992499315989907,inf,0.0018034669926773087,0,0.0020212982240810614
pairing,21,exchange_charge,5.6622540684376924e-05,0.0018034669926773087,1.0766517257004107,0.9990533959970281,inf,0.0018043254165781436,0,0.00217725986118234
pairing,22,exchange_charge,5.8827565852664866e-05,0.0018043254165781436,1.0582679375318467,0.9990008175807807,inf,0.0018052329344194985,0,0.002305269369328038
pairing,23,exchange_charge,6.005663560543239e-05,0.0018052329344194985,1.0469637100857219,0.9987375472653695,inf,0.001806184830993042,0,0.0024153106053849344
pairing,24,exchange_charge,6.0285018131061305e-05,0.001806184830993042,1.0353627015054625,0.9986238454116781,inf,0.0018071827670646087,0,0.002502785821097136
pairing,25,exchange_charge,5.963356683444062e-05,0.0018071827670646087,1.0248488294416622,0.9984808046046171,inf,0.0018082018946631781,0,0.0025674318932220872
pairing,26,exchange_charge,5.918191507530042e-05,0.0018082018946631781,1.013636430921732,0.9984796799956234,inf,0.0018092466411025042,0,0.0026049000064108123
pairing,27,exchange_charge,5.87315121551653e-05,0.0018092466411025042,1.0085574217282094,0.9982749805985982,inf,0.0018102955805836534,0,0.0026302061176175723
pairing,28,exchange_charge,5.781260728819626e-05,0.0018102955805836534,1.0041950368926225,0.9983123843779869,inf,0.0018113529786989444,0,0.0026441604015581418
pairing,29,exchange_charge,5.870018427232837e-05,0.0018113529786989444,0.9992647232607307,0.9982937980478273,1360.0321438071728,0.0018124127924846753,0,0.002645184386874677
pairing,30,exchange_charge,5.99815141069486e-05,0.0018124127924846753,0.9982629498095349,0.9981352725711072,575.6886044451277,0.0018134781619047588,0,0.0026439685745305295
pairing,31,exchange_charge,6.024788591288757e-05,0.0018134781619047588,0.9964454589385169,0.9982881877263433,281.33027096970824,0.0018145387011830058,0,0.002637545641294758
pairing,32,exchange_charge,6.090313013538268e-05,0.0018145387011830058,0.9976439830696109,0.998231286392832,424.445167223328,0.0018156060991233753,0,0.0026344441520022403
pairing,33,exchange_charge,6.141237767103361e-05,0.0018156060991233753,1.0005326603830431,0.998224679258702,inf,0.001816676883710315,0,0.002638978830301377
pairing,34,exchange_charge,6.165874069456387e-05,0.001816676883710315,1.0028915155413463,0.9982057575463534,inf,0.001817752414405675,0,0.0026497979083163767
pairing,35,exchange_charge,6.215795717089134e-05,0.001817752414405675,1.0061121907444068,0.9981935262216576,inf,0.0018188470331409314,0,0.002669211390141762
pairing,36,exchange_charge,6.263950788486586e-05,0.0018188470331409314,1.010659468585792,0.9981781354556857,inf,0.0018199549406261685,0,0.0027009422985999707
pairing,37,exchange_charge,6.366053327745008e-05,0.0018199549406261685,1.0187267542538025,0.9980748602240502,inf,0.0018210889043112498,0,0.002755112828584158
pairing,38,exchange_charge,6.429751315202223e-05,0.0018210889043112498,1.01824192822185,0.998101015597764,inf,0.0018222534368911472,0,0.002808912674678382
pairing,39,exchange_charge,6.45691474017232e-05,0.0018222534368911472,1.020288225060511,0.9981133459682648,inf,0.0018234415401302282,0,0.0028694468404430085
pairing,40,exchange_charge,6.543059517763461e-05,0.0018234415401302282,1.0265284811300428,0.9981023666437765,inf,0.0018246736373517495,0,0.002949176388926629
pairing,41,exchange_charge,6.596629252315564e-05,0.0018246736373517495,1.0260614115747446,0.9980868017513953,inf,0.0018259442455455903,0,0.0030297268482427447
pairing,42,exchange_charge,6.639566681871864e-05,0.0018259442455455903,1.027670109730019,0.9981486789254079,inf,0.0018272604209321104,0,0.003117087756274087
pairing,43,exchange_charge,6.67231701126543e-05,0.0018272604209321104,1.0300645459217872,0.9979336299591376,inf,0.0018286194924600782,0,0.003215058744691643
pairing,44,exchange_charge,6.697533264456482e-05,0.0018286194924600782,1.0261004785948817,0.9980074814039821,inf,0.0018300263776966873,0,0.003303018462043239
pairing,45,exchange_charge,6.758162884399656e-05,0.0018300263776966873,1.0266701609397846,0.9978810516759596,inf,0.001831478119491261,0,0.0033956176323101214
pairing,46,exchange_charge,6.900623511284709e-05,0.001831478119491261,1.027020470511991,0.9976812116700802,inf,0.001832975627555989,0,0.0034926183435738723
pairing,47,exchange_charge,7.027945856081922e-05,0.001832975627555989,1.0247525112208113,0.9975910015513547,inf,0.0018345214361324914,0,0.00358468912533603
pairing,48,exchange_charge,7.052473037357757e-05,0.0018345214361324914,1.0260542734427056,0.9976649859518932,inf,0.0018361776714287117,0,0.003683368674323264
pairing,49,exchange_charge,7.174982183279005e-05,0.0018361776714287117,1.024130759320496,0.9965474759819423,inf,0.0018377865066949762,0,0.0037820063204258092
pairing,50,exchange_charge,7.146660650021903e-05,0.0018377865066949762,1.0266118752257685,0.9969907787719408,inf,0.001839472131851733,0,0.003890802966406575
pairing,51,exchange_charge,7.214762224754543e-05,0.001839472131851733,1.0325382575843642,0.9966987653020383,inf,0.0018412149286850417,0,0.00402689397618017
pairing,52,exchange_charge,7.760143296288088e-05,0.0018412149286850417,1.0406636119944968,0.9962997905484129,inf,0.0018430251722193018,0,0.004202074482435925
pairing,53,exchange_charge,8.689867266363505e-05,0.0018430251722193018,1.0552414161869963,0.9957647087190492,inf,0.0018449221879838508,0,0.0044484842462761435
pairing,54,exchange_charge,9.847542596829947e-05,0.0018449221879838508,1.067543009877584,0.9957792967940354,inf,0.0018469350649521286,0,0.004763879555514538
pairing,55,exchange_charge,0.00011406404093321568,0.0018469350649521286,1.0879287761529848,0.9956461563832201,inf,0.0018491136605772213,0,0.005199292314782993
pairing,56,exchange_charge,0.00013453026435736662,0.0018491136605772213,1.1133328554962005,0.9959668115118523,inf,0.001851529735974819,0,0.005804399683116319
pairing,57,exchange_charge,0.0001561152409743742,0.001851529735974819,1.1169534128341814,0.9967220928829092,inf,0.0018542473513388645,0,0.006495032198870375
pairing,58,exchange_charge,0.00018016873303343395,0.0018542473513388645,1.114045445235956,0.9974838085366728,inf,0.0018573396754900406,0,0.00724193616401164
pairing,59,exchange_charge,0.00019891417786474866,0.0018573396754900406,1.073812097885146,0.9981930087539782,inf,0.0018608035601763993,0,0.007776054016296711
pairing,60,exchange_charge,0.00020493813146890347,0.0018608035601763993,1.0034896635429431,0.9982264346139956,inf,0.0018644794218336694,0,0.0078016423932568794
pairing,61,exchange_charge,0.0001888173215182365,0.0018644794218336694,0.8982074725659968,0.9969137300319943,9.823903828779041,0.0018680542708869696,0,0.007015735884647366
pairing,62,exchange_charge,0.00015381520524583234,0.0018680542708869696,0.794504715493637,0.9942448442295757,4.866291712737747,0.0018710184633892663,0,0.005597418499203639
pairing,1,exchange_spin,0.0002209326825718627,2.5151000693039485e-05,nan,nan,1.0,2.0720993532810837e-05,0,0.7728770804730355
pairing,2,exchange_spin,3.400370466874643e-05,2.0720993532810837e-05,0.048502245065148275,0.4329883015337982,1.0,2.2092050384900172e-05,0,0.09856332630364768
pairing,3,exchange_spin,2.588722061657757e-05,2.2092050384900172e-05,0.7242112880683493,0.9632992772029997,3.6259642136761285,2.3262857238645888e-05,0,0.07037078188640407
pairing,4,exchange_spin,2.84102534071776e-05,2.3262857238645888e-05,1.1129262226968064,0.9930991187393828,inf,2.464753046167856e-05,0,0.07443133332314478
pairing,5,exchange_spin,2.951628181127597e-05,2.464753046167856e-05,1.0580290828657952,0.9976731765533697,inf,2.6208966816026408e-05,0,0.07423156548439142
pairing,6,exchange_spin,3.1932147526484225e-05,2.6208966816026408e-05,1.0972738636168404,0.9991822490294329,inf,2.7993032446528416e-05,0,0.07632360894747384
pairing,7,exchange_spin,3.436665433760675e-05,2.7993032446528416e-05,1.0888700473464241,0.999545069890067,inf,3.0001272842737162e-05,0,0.07757876017083351
pairing,8,exchange_spin,3.723506700675002e-05,3.0001272842737162e-05,1.0938114194162751,0.9997202300657669,inf,3.2256717541026966e-05,0,0.07894530675345737
pairing,9,exchange_spin,4.0279038195902873e-05,3.2256717541026966e-05,1.087799109356389,0.9997918996961267,inf,3.476594635583314e-05,0,0.07969508116704405
pairing,10,exchange_spin,4.346645645599348e-05,3.476594635583314e-05,1.0863502248941204,0.9997939496462904,inf,3.754235294867747e-05,0,0.08019059557984445
pairing,11,exchange_spin,4.694379544857054e-05,3.754235294867747e-05,1.0822187965370116,0.9997676907390931,inf,4.059293491067975e-05,0,0.0802805704929822
pairing,12,exchange_spin,5.093856104290955e-05,4.059293491067975e-05,1.0777911617369775,0.9996341833269851,inf,4.3922014187237096e-05,0,0.07999671873079728
pairing,13,exchange_spin,5.50301443572156e-05,4.3922014187237096e-05,1.077270559936625,0.9996011070654073,inf,4.754456936815063e-05,0,0.07964372541619467
pairing,14,exchange_spin,5.891851465671897e-05,4.754456936815063e-05,1.0657138911369615,0.9994112189857053,inf,5.143511761947138e-05,0,0.0785035241876789
pairing,15,exchange_spin,6.294450543776423e-05,5.143511761947138e-05,1.0643981347872857,0.9992443584116911,inf,5.559952687096371e-05,0,0.0773588838091729
pairing,16,exchange_spin,6.677056573406795e-05,5.559952687096371e-05,1.0580499764111704,0.9989655937749155,inf,6.002107249751088e-05,0,0.07589849959020574
pairing,17,exchange_spin,7.014670154392375e-05,6.002107249751088e-05,1.0516867354879607,0.9986800665651381,inf,6.467640952399603e-05,0,0.07417388977028197
pairing,18,exchange_spin,7.413382972104327e-05,6.467640952399603e-05,1.0453533445811993,0.9984425552939811,inf,6.953656842491064e-05,0,0.072231017390917
pairing,19,exchange_spin,7.829176200783994e-05,6.953656842491064e-05,1.03963029535686,0.9980038570403895,inf,7.456826487903369e-05,0,0.07016647449585199
pairing,20,exchange_spin,8.204819290751585e-05,7.456826487903369e-05,1.034695863712907,0.9977020458982877,inf,7.973811225593773e-05,0,0.06805022947023655
pairing,21,exchange_spin,8.511822208742432e-05,7.973811225593773e-05,1.0305532927501053,0.9973417616672927,inf,8.501333422086505e-05,0,0.06595305921003279
pairing,22,exchange_spin,8.710332674056239e-05,8.501333422086505e-05,1.0255747920632017,0.9971344730413839,inf,9.035481325387217e-05,0,0.06382404254924823
pairing,23,exchange_spin,9.04728533193816e-05,9.035481325387217e-05,1.0209977626020397,0.9970427647182598,inf,9.572754055481106e-05,0,0.061689280380641025
pairing,24,exchange_spin,9.332001678539169e-05,9.572754055481106e-05,1.0190138048426751,0.9970352327583493,inf,0.00010111357449859302,0,0.05969070437261181
pairing,25,exchange_spin,9.520388888389648e-05,0.00010111357449859302,1.01518476296059,0.9971074327521683,inf,0.00010648740623176482,0,0.057706011184917756
pairing,26,exchange_spin,9.619580729058365e-05,0.00010648740623176482,1.0134014141307806,0.9973584840773403,inf,0.00011184319272433831,0,0.05582644433427419
pairing,27,exchange_spin,9.62251159844097e-05,0.00011184319272433831,1.0107380787198654,0.9974955087028377,inf,0.0001171690854984646,0,0.05399632000992679
pairing,28,exchange_spin,9.765443242130967e-05,0.0001171690854984646,1.008399861273646,0.9978123163818506,inf,0.0001224661536851807,0,0.05220895993950106
pairing,29,exchange_spin,9.880081829300238e-05,0.0001224661536851807,1.0070297098587002,0.9981012005710926,inf,0.00012774265482333604,0,0.050500175524102506
pairing,30,exchange_spin,9.924757947287442e-05,0.00012774265482333604,1.0054891239564339,0.9983206733306081,inf,0.0001330046897953385,0,0.04885051914006325
pairing,31,exchange_spin,9.917579248223778e-05,0.0001330046897953385,1.0039642242667137,0.9985597350237319,inf,0.00013826109183348692,0,0.04724766421069407
pairing,32,exchange_spin,9.855263383349439e-05,0.00013826109183348692,1.002086303852067,0.998776040679185,inf,0.00014352052501866522,0,0.045667088234079674
pairing,33,exchange_spin,9.775364420511277e-05,0.00014352052501866522,1.0025625637476434,0.9989270019518983,inf,0.00014880016187444528,0,0.04420706309378594
pairing,34,exchange_spin,9.667872802387404e-05,0.00014880016187444528,1.0018570758223204,0.99904762561671,inf,0.0001541122092048532,0,0.04280333407751552
pairing,35,exchange_spin,9.55900587257209e-05,0.0001541122092048532,1.0025230579650057,0.999127170131735,inf,0.00015947270027540187,0,0.04150514140451958
pairing,36,exchange_spin,9.476056297940717e-05,0.00015947270027540187,1.002828705931977,0.9991528044237904,inf,0.0001648899491349106,0,0.0402892244225631
pairing,37,exchange_spin,9.460546478191022e-05,0.0001648899491349106,1.0056843146381247,0.9991428515359135,inf,0.00017038885264511174,0,0.03924424730394625
pairing,38,exchange_spin,9.387106444747051e-05,0.00017038885264511174,1.004700733402877,0.9991190477215135,inf,0.00017597368746936974,0,0.038211046173003416
pairing,39,exchange_spin,9.315485720782189e-05,0.00017597368746936974,1.004216595428562,0.9990158343915218,inf,0.00018163448568388757,0,0.03721288807587971
pairing,40,exchange_spin,9.247610487117617e-05,0.00018163448568388757,1.0070682809942149,0.9989126639025402,inf,0.00018739139436714245,0,0.03636415003321279
pairing,41,exchange_spin,9.154176146667324e-05,0.00018739139436714245,1.0059596531632728,0.9987682714267488,inf,0.0001932323647685091,0,0.03551886177071026
pairing,42,exchange_spin,9.0358535044327e-05,0.0001932323647685091,1.0064751223008972,0.9986069875793658,inf,0.0001991476341087567,0,0.03473539176728763
pairing,43,exchange_spin,8.918334872028144e-05,0.0001991476341087567,1.0078028744340746,0.9983397919758714,inf,0.00020513297243300696,0,0.034041531528273106
pairing,44,exchange_spin,8.747567518738349e-05,0.00020513297243300696,1.008291933399994,0.9980852822369417,inf,0.00021117803839560363,0,0.03340522902597441
pairing,45,exchange_spin,8.590510618824033e-05,0.00021117803839560363,1.0083961316618486,0.9977534838112644,inf,0.0002172552318588392,0,0.032817151309187345
pairing,46,exchange_spin,8.457352097460819e-05,0.0002172552318588392,1.0107160145411938,0.9974731258808639,inf,0.00022335331618242502,0,0.032344963221255706
pairing,47,exchange_spin,8.321767567748186e-05,0.00022335331618242502,1.0126655147486519,0.9971014259786654,inf,0.00022944955445721303,0,0.031977059962242295
pairing,48,exchange_spin,8.793801747206901e-05,0.00022944955445721303,1.0211412872450654,0.9970116674077106,inf,0.00023557834642704678,0,0.031898919784617216
pairing,49,exchange_spin,9.25138501067695e-05,0.00023557834642704678,1.0173749288917653,0.9961023068930094,inf,0.00024163487636017194,0,0.03176353374679923
pairing,50,exchange_spin,0.00010052692394584527,0.00024163487636017194,1.0306838830979266,0.9961885075019129,inf,0.0002476755749969267,0,0.03206189656258586
pairing,51,exchange_spin,0.0001092464004157339,0.0002476755749969267,1.040596977715789,0.9961367326915738,inf,0.00025372035684744095,0,0.032694950198782484
pairing,52,exchange_spin,0.00011934966522339583,0.00025372035684744095,1.053286885178517,0.9961213754530988,inf,0.0002598051101391313,0,0.03376157680695468
pairing,53,exchange_spin,0.00013139577324063414,0.0002598051101391313,1.0698068471269104,0.9962429946300261,inf,0.0002659997423390323,0,0.0354102740185283
pairing,54,exchange_spin,0.00014842457345632526,0.0002659997423390323,1.085420883018318,0.9967049644304805,inf,0.00027241062836709366,0,0.037654597268812824
pairing,55,exchange_spin,0.00017011973496373206,0.00027241062836709366,1.103487073301921,0.9972003274660776,inf,0.00027919596299153145,0,0.04065535505376776
pairing,56,exchange_spin,0.0001971894846102924,0.00027919596299153145,1.1222042557723648,0.9977937029854567,inf,0.0002865871611599462,0,0.0445452411760348
pairing,57,exchange_spin,0.00022845955110868937,0.0002865871611599462,1.1293019105213324,0.9984067167503698,inf,0.0002948375566612962,0,0.04897537955615066
pairing,58,exchange_spin,0.00026340162688380866,0.0002948375566612962,1.1254318995076396,0.9988591641511649,inf,0.00030420457580784317,0,0.05348227020946251
pairing,59,exchange_spin,0.0002950487814374998,0.00030420457580784317,1.0945591480454313,0.9991294683544367,inf,0.00031473472455661186,0,0.056630237360052134
pairing,60,exchange_spin,0.00031269139181075347,0.00031473472455661186,1.0329235673195434,0.9990956822860544,inf,0.0003260414750423266,0,0.05651728594225748
pairing,61,exchange_spin,0.0003016428062822974,0.0003260414750423266,0.9395536892786576,0.9986363320505109,16.54360684823266,0.00033712759802943207,0,0.05142497401265494
pairing,62,exchange_spin,0.00025790611271317,0.00033712759802943207,0.8334187037259585,0.9977596680957862,6.003074909171725,0.0003467124556897457,0,0.041767284566683306
pairing,1,pairing,0.0020881388213752107,0.0005762877451382174,nan,nan,1.0,0.0005596949423681753,0,0.13344029050719164
pairing,2,pairing,0.00011890783673259393,0.0005596949423681753,0.04701723726118868,0.717166798148975,1.0,0.0005580221123689636,0,0.00900765847714788
pairing,3,pairing,3.9998013900908926e-05,0.0005580221123689636,0.13191723683485282,0.38794986755290745,1.0,0.0005574710923627801,0,0.0030721175077030156
pairing,4,pairing,2.5657521098270113e-05,0.0005574710923627801,0.6204073036552739,0.8194023743243543,1.0,0.0005572543092694483,0,0.002328340882898721
pairing,5,pairing,3.0084041110133627e-05,0.0005572543092694483,1.0768858460482238,0.9843185034389685,inf,0.0005570389386185726,0,0.0025482938145095215
pairing,6,pairing,3.341073549508779e-05,0.0005570389386185726,1.0954743741287278,0.9983192747856532,inf,0.0005567835462562583,0,0.002797371510501228
pairing,7,pairing,3.801775410012089e-05,0.0005567835462562583,1.1072849177167203,0.9986506351649003,inf,0.0005564795923121607,0,0.00310309528425614
pairing,8,pairing,4.305235210647377e-05,0.0005564795923121607,1.1086673519406525,0.998849501294538,inf,0.0005561125246090554,0,0.003446144337928969
pairing,9,pairing,4.877629284755734e-05,0.0005561125246090554,1.1085424938254647,0.9988325865164073,inf,0.0005556782831631596,0,0.0038271869080538324
pairing,10,pairing,5.501406005506068e-05,0.0005556782831631596,1.108820006011386,0.9987622936656994,inf,0.0005551585561870145,0,0.004252240695645074
pairing,11,pairing,6.186978891846613e-05,0.0005551585561870145,1.1085447354279265,0.9986227444801787,inf,0.0005545398405211679,0,0.004724719135264768
pairing,12,pairing,6.954331262375157e-05,0.0005545398405211679,1.1095967006344507,0.9982936963044821,inf,0.0005538061905414048,0,0.00525735264512237
pairing,13,pairing,7.69389344192112e-05,0.0005538061905414048,1.1017623862255275,0.9986071819635414,inf,0.0005529483633277967,0,0.005808116415078258
pairing,14,pairing,8.552163722406764e-05,0.0005529483633277967,1.1066636476180047,0.9980881076586353,inf,0.0005519453259877775,0,0.006449934509099895
pairing,15,pairing,9.390718446100925e-05,0.0005519453259877775,1.101301789192997,0.9981740837267867,inf,0.0005507748702020401,0,0.0071292505350469895
pairing,16,pairing,0.0001023586941204151,0.0005507748702020401,1.0974177537572725,0.9979402490318847,inf,0.0005494119510832958,0,0.007856575039914472
pairing,17,pairing,0.00011012001237660062,0.0005494119510832958,1.0895218866250793,0.9980916031440749,inf,0.0005478587906706712,0,0.008597552461114063
pairing,18,pairing,0.00011698598976064671,0.0005478587906706712,1.0817060078418181,0.9981759252986749,inf,0.0005461139745401166,0,0.009343432510328407
pairing,19,pairing,0.0001227712728099936,0.0005461139745401166,1.0743153228165945,0.9980839755971392,inf,0.0005441632696364315,0,0.010089194272519782
pairing,20,pairing,0.00012753462324255165,0.0005441632696364315,1.0645232899340802,0.9980497694588999,inf,0.0005420089732431045,0,0.01079974544995606
pairing,21,pairing,0.0001319846636535435,0.0005420089732431045,1.0558860122191425,0.9979703518681835,inf,0.0005396416662144051,0,0.01147190822920832
pairing,22,pairing,0.00013433046040972575,0.0005396416662144051,1.041870864436683,0.9981566516666517,inf,0.000537107128685519,0,0.012026848886562075
pairing,23,pairing,0.0001348757872137148,0.000537107128685519,1.0317614376929884,0.9980491637023514,inf,0.0005344129006171148,0,0.012491763954837644
pairing,24,pairing,0.0001335545255865345,0.0005344129006171148,1.0218152435912173,0.9979540811447125,inf,0.0005315685570436374,0,0.01285492570682972
pairing,25,pairing,0.0001305201718225916,0.0005315685570436374,1.0134773066092582,0.9979125647562458,inf,0.0005285869117712752,0,0.013125285477307673
pairing,26,pairing,0.00012585389851584852,0.0005285869117712752,1.003134365205175,0.9979872899632182,inf,0.0005255002994744255,0,0.013267397315037727
pairing,27,pairing,0.00012575207700854345,0.0005255002994744255,0.9982077968765231,0.9978795679515996,557.9724680202328,0.000522316428963609,0,0.013349715181463086
pairing,28,pairing,0.00012572299695447382,0.000522316428963609,0.9939284426100672,0.9978704239953349,164.70238783513594,0.000519036310214487,0,0.013378032588247213
pairing,29,pairing,0.00012416361649416046,0.000519036310214487,0.9898305103500441,0.9979133423361519,98.33335146806867,0.0005156938772423784,0,0.013353533555465053
pairing,30,pairing,0.00012135919400294579,0.0005156938772423784,0.9902193864224919,0.997775385417731,102.24307422794377,0.0005122691488312118,0,0.013338303849691245
pairing,31,pairing,0.00011744309383337559,0.0005122691488312118,0.9893675737652936,0.9978370313557394,94.05191044126856,0.0005087631259182168,0,0.013313505905995478
pairing,32,pairing,0.0001131434470844142,0.0005087631259182168,0.9925270839219531,0.9977709364392838,133.81657033961466,0.0005051575076263596,0,0.013334800628342846
pairing,33,pairing,0.00011013910571007609,0.0005051575076263596,0.9954715132977041,0.9979000978570175,220.8243207367734,0.0005014592741803993,0,0.013397294786954431
pairing,34,pairing,0.00010836363361432528,0.0005014592741803993,1.0004923324075827,0.99789754794336,inf,0.0004976433461644123,0,0.013531192319279598
pairing,35,pairing,0.00010640044986683864,0.0004976433461644123,1.0064341475492453,0.9978541779246266,inf,0.0004936800099988814,0,0.013752188496757455
pairing,36,pairing,0.00010476803845061453,0.0004936800099988814,1.013224682987134,0.9979242308373363,inf,0.0004895452962920304,0,0.01407513823784539
pairing,37,pairing,0.00010370494240233502,0.0004895452962920304,1.0240774639153136,0.9979573319131014,inf,0.00048518810626098266,0,0.014565525734807239
pairing,38,pairing,0.00010404510279275227,0.00048518810626098266,1.0264939900271313,0.998082779096549,inf,0.00048060287299195624,0,0.015114672777057768
pairing,39,pairing,0.00010520263075650517,0.00048060287299195624,1.0321685133488483,0.9981751059417145,inf,0.00047575783294953616,0,0.01577852510046583
pairing,40,pairing,0.00010713295210545634,0.00047575783294953616,1.0403942278303366,0.9982493590718763,inf,0.0004706056487075784,0,0.016612145044712746
pairing,41,pairing,0.00010911746060353203,0.0004706056487075784,1.0435975716169283,0.9983811741760332,inf,0.00046512836596463683,0,0.01755461069336912
pairing,42,pairing,0.00011302595078849101,0.00046512836596463683,1.0501461833070587,0.9984610381997238,inf,0.00045927084408369423,0,0.01868074310832214
pairing,43,pairing,0.0001188637712537825,0.00045927084408369423,1.0549368180538734,0.9985208835224654,inf,0.0004529811428585488,0,0.019987910474117455
pairing,44,pairing,0.00012380981958059556,0.0004529811428585488,1.0502260660698592,0.9987634782492073,inf,0.0004463070212641188,0,0.02130964860499765
pairing,45,pairing,0.00013019407905326625,0.0004463070212641188,1.0540475443639734,0.9987648364030093,inf,0.00043918034135256834,0,0.0228254658210697
pairing,46,pairing,0.00013812381103120875,0.00043918034135256834,1.0542464255374955,0.9987863421154329,inf,0.0004315609250999401,0,0.02448386740328383
pairing,47,pairing,0.00014636126508683726,0.0004315609250999401,1.0555235952497608,0.998835308944605,inf,0.0004234198108074371,0,0.026330242264735623
pairing,48,pairing,0.0001560675707960443,0.0004234198108074371,1.0585590541725274,0.9987555547555871,inf,0.0004146854016932899,0,0.028443411217932757
pairing,49,pairing,0.00016269856740914416,0.0004146854016932899,1.0483822454174099,0.9987536349275573,inf,0.00040537006953287344,0,0.03048564523573354
pairing,50,pairing,0.00017055333295729882,0.00040537006953287344,1.0537956853326966,0.9985258207109103,inf,0.0003953485643151407,0,0.032912401725692104
pairing,51,pairing,0.00018040795235465396,0.0003953485643151407,1.0555133420676013,0.9984090676897046,inf,0.00038453563185323713,0,0.03567683332114629
pairing,52,pairing,0.00018961589974559158,0.00038453563185323713,1.0582508289324146,0.9979079062565465,inf,0.00037275999820971434,0,0.03889806795118903
pairing,53,pairing,0.00019774454427082125,0.00037275999820971434,1.0666686372489467,0.9968803833523515,inf,0.0003597004136151506,0,0.04293602095110052
pairing,54,pairing,0.00020493381763053058,0.0003597004136151506,1.076995715719843,0.9959819864713424,inf,0.00034501516798815486,0,0.04811413139618085
pairing,55,pairing,0.00021077571924726446,0.00034501516798815486,1.098664321502162,0.9945203601955621,inf,0.00032808871679265066,0,0.055414923916461
pairing,56,pairing,0.0002491479634988002,0.00032808871679265066,1.1338507389729455,0.9924027306996659,inf,0.00030789461921627343,0,0.06657965979242579
pairing,57,pairing,0.00030600558808162575,0.00030789461921627343,1.1628036645583042,0.9923021504182451,inf,0.0002834241024242549,0,0.08313678516440359
pairing,58,pairing,0.0003859318449547129,0.0002834241024242549,1.1939775543950095,0.9928725926148685,inf,0.00025331280306891286,0,0.10860784236308917
pairing,59,pairing,0.0005100310318466371,0.00025331280306891286,1.1972450647519188,0.9946054889827426,inf,0.000216604218094633,0,0.1462759842461964
pairing,60,pairing,0.0006377243356842956,0.000216604218094633,1.1532475305272178,0.9967197432455005,inf,0.00017390525873099778,0,0.1979305048405454
pairing,61,pairing,0.0006934876626744984,0.00017390525873099778,1.0495558922430694,0.998362917444255,inf,0.0001289474698466164,0,0.25916959906016235
pairing,62,pairing,0.0006537938322037401,0.0001289474698466164,0.9102583497394116,0.9991767131971093,11.143097960603994,8.801953418492279e-05,0,0.31842438175373816
pairing,1,spin,0.0004969395435288184,0.0018702768676258346,nan,nan,1.0,0.0019550467734027305,0,0.08982419509519741
pairing,2,spin,0.0004319385004081383,0.0019550467734027305,0.771401145881564,0.901705159368254,4.374475120867863,0.0020549236757773856,0,0.07310894476774606
pairing,3,spin,0.0004345183847466712,0.0020549236757773856,1.0625867396823354,0.9847165571189279,inf,0.0021727867194634046,0,0.07461089762963963
pairing,4,spin,0.000454397186190514,0.0021727867194634046,1.0857948198886813,0.9975246545248665,inf,0.002309539962540916,0,0.07640433651095849
pairing,5,spin,0.000492757677211058,0.002309539962540916,1.095595431467766,0.9992392005753525,inf,0.0024660477020266138,0,0.07845538650911167
pairing,6,spin,0.0005358186232011291,0.0024660477020266138,1.0954980716649796,0.9997378620052004,inf,0.002643889830133346,0,0.080187442546185
pairing,7,spin,0.0005827590357635228,0.002643889830133346,1.0948163100709465,0.9998730248318111,inf,0.002844519810197549,0,0.08160883177273338
pairing,8,spin,0.000633029002862542,0.002844519810197549,1.0931629436070462,0.9999259005978887,inf,0.0030694216811148873,0,0.08268117708067121
pairing,9,spin,0.0006862134592061321,0.0030694216811148873,1.0906477434254724,0.9999438215159493,inf,0.0033199270808008585,0,0.08337648193518729
pairing,10,spin,0.0007416295472015902,0.0033199270808008585,1.0875974412212084,0.9999467497647913,inf,0.0035972037401715185,0,0.08369478129446874
pairing,11,spin,0.0008000531025582503,0.0035972037401715185,1.0840085786196874,0.9999429729027408,inf,0.0039022042342566044,0,0.08363939942394424
pairing,12,spin,0.0008601780925795669,0.0039022042342566044,1.08011427671131,0.999924084933172,inf,0.004235673965511811,0,0.08323405540172954
pairing,13,spin,0.000919034036279593,0.004235673965511811,1.07413603614365,0.9999136722813329,inf,0.004597462658308427,0,0.08237627480620686
pairing,14,spin,0.0009762629798994865,0.004597462658308427,1.069042239531674,0.9998699923293103,inf,0.004987426075098109,0,0.08118863092106074
pairing,15,spin,0.0010288386959518905,0.004987426075098109,1.0622639896896977,0.9998291931853543,inf,0.005404447771048198,0,0.07960255572961569
pairing,16,spin,0.0010746993438304053,0.005404447771048198,1.0548144715064,0.9997667052087109,inf,0.00584668287279968,0,0.07763297110254808
pairing,17,spin,0.0011113646188777807,0.00584668287279968,1.0464264645873353,0.9996885700015302,inf,0.00631133639222562,0,0.0752797910551212
pairing,18,spin,0.0011364508557175149,0.00631133639222562,1.037425899956354,0.9995894315719392,inf,0.006794771687279247,0,0.0725705301086409
pairing,19,spin,0.001147557892212825,0.006794771687279247,1.0278629258126297,0.9994546355314966,inf,0.007292517363494586,0,0.06953921874818259
pairing,20,spin,0.001143868812308612,0.007292517363494586,1.018183554236899,0.9992994715948678,inf,0.007799523433125413,0,0.06624752108932562
pairing,21,spin,0.0011252574990110314,0.007799523433125413,1.0086462694710652,0.9991073563291464,inf,0.008310396531796547,0,0.06276863473878103
pairing,22,spin,0.0011071503443530993,0.008310396531796547,0.9991699157656796,0.9988935920948884,1204.6970158621382,0.008819527293923607,0,0.05916150900608796
pairing,23,spin,0.0010739869499943808,0.008819527293923607,0.9905340362178363,0.9986647842370966,105.64164653622035,0.009321611861259415,0,0.05551920047701469
pairing,24,spin,0.0010281830737122952,0.009321611861259415,0.9829571031342231,0.9984323518104636,58.67547095283187,0.009811977734262371,0,0.05192704217250445
pairing,25,spin,0.0009935136962406638,0.009811977734262371,0.9770473509688404,0.9982022268648227,43.567955866115554,0.010286938845563472,0,0.04847982668379537
pairing,26,spin,0.0009476922000449355,0.010286938845563472,0.9722909289889923,0.9979858233838389,36.08926476108633,0.010743644023645721,0,0.04522384337748123
pairing,27,spin,0.000898252124872434,0.010743644023645721,0.9699736165351737,0.9977845966617118,33.30404413077004,0.011180609263225944,0,0.04224513815043797
pairing,28,spin,0.0008604248028307449,0.011180609263225944,0.9690163715068847,0.997658402451123,32.27510942503729,0.011597280173788575,0,0.03955808920641279
pairing,29,spin,0.0008159189997261167,0.011597280173788575,0.9695423900792193,0.9975746641503324,32.83251714763463,0.011993950267237154,0,0.0371749679106099
pairing,30,spin,0.000767829388863047,0.011993950267237154,0.9715211308542564,0.9975281012790489,35.11375381102371,0.01237161406486462,0,0.035100523559124956
pairing,31,spin,0.0007229549774368325,0.01237161406486462,0.9745566843579854,0.9975408916791223,39.30305366131986,0.012731809330139116,0,0.03332162933806423
pairing,32,spin,0.0007401993229649052,0.012731809330139116,0.9778292731014285,0.9975980968848913,45.10452023404037,0.013076230427260692,0,0.03180103191311594
pairing,33,spin,0.0007602895055470842,0.013076230427260692,0.9825442327378415,0.9976796233114158,57.287656565395004,0.013407044851630487,0,0.030545815482732806
pairing,34,spin,0.0007774703759811825,0.013407044851630487,0.9872568494788334,0.9977811996240443,78.47352962981823,0.01372640920027986,0,0.0295204302962602
pairing,35,spin,0.0007984771991716537,0.01372640920027986,0.9916259250102527,0.9978759476402917,119.41617446993716,0.014036292730229718,0,0.02868788464396678
pairing,36,spin,0.0008226931753082603,0.014036292730229718,0.9966098089071724,0.9979888212895319,294.9686234842759,0.014338774617664304,0,0.028043898402128592
pairing,37,spin,0.0008454127125987337,0.014338774617664304,1.0020238491471263,0.9981087834133014,inf,0.01463603368232668,0,0.027582092085083817
pairing,38,spin,0.0008659881369120111,0.01463603368232668,1.0054743337315746,0.998177421482951,inf,0.01492963526259036,0,0.02723733758057584
pairing,39,spin,0.0008829223820684129,0.01492963526259036,1.0089608772396372,0.9982741758140498,inf,0.015221058234983082,0,0.027001848356186305
pairing,40,spin,0.000896928969004427,0.015221058234983082,1.0120854312144176,0.9983475369026171,inf,0.01551168704547424,0,0.02686053941151043
pairing,41,spin,0.0009137408211693648,0.01551168704547424,1.0139242764331615,0.9983972436595018,inf,0.015802461887861007,0,0.02677633670800263
pairing,42,spin,0.0009324311440733549,0.015802461887861007,1.0155384293780887,0.9984566695640333,inf,0.01609419093772248,0,0.02674076963919507
pairing,43,spin,0.0009456869141068851,0.01609419093772248,1.0166207982965603,0.998462992777509,inf,0.016387482958758547,0,0.026739779192742816
pairing,44,spin,0.0009536807113747874,0.016387482958758547,1.0169372197133582,0.9984149429380145,inf,0.01668257090535322,0,0.02675408858857977
pairing,45,spin,0.0009550173315072269,0.01668257090535322,1.0168029079098602,0.9983632642081766,inf,0.016979481674011157,0,0.02677175850819037
pairing,46,spin,0.0009644677759787293,0.016979481674011157,1.0172647684822471,0.9982831668199377,inf,0.01727826597676033,0,0.02680905019406712
pairing,47,spin,0.0009729014762066487,0.01727826597676033,1.0169541400788342,0.9981495931102515,inf,0.017578487296153328,0,0.026847621602629525
pairing,48,spin,0.000974682365391881,0.017578487296153328,1.0161658778222165,0.9980466392593965,inf,0.017879678180669968,0,0.026874561754809158
pairing,49,spin,0.0009737636393843813,0.017879678180669968,1.0204102884886392,0.9978095670531545,inf,0.01818237733235795,0,0.027025739567163202
pairing,50,spin,0.000983415197262319,0.01818237733235795,1.0220392166704149,0.9976040946320941,inf,0.018486473402252863,0,0.02723224971345892
pairing,51,spin,0.0009907439434669804,0.018486473402252863,1.0268184455467448,0.9974028367148626,inf,0.0187927687232186,0,0.027578451959001635
pairing,52,spin,0.0009925586182141198,0.0187927687232186,1.0336979808505034,0.9971837836654854,inf,0.019102755084116612,0,0.028124389674961083
pairing,53,spin,0.0011145824899282085,0.019102755084116612,1.0444346963912226,0.997005108083107,inf,0.019419153420110132,0,0.02898229207132844
pairing,54,spin,0.001293638812634267,0.019419153420110132,1.0560879469533535,0.9969073843602204,inf,0.019745775664787604,0,0.03019493480013489
pairing,55,spin,0.001504665524124255,0.019745775664787604,1.0703979527821994,0.9969469271285101,inf,0.020088235209565215,0,0.03186689436220058
pairing,56,spin,0.001754801123750177,0.020088235209565215,1.0871159501516032,0.9971732380896072,inf,0.020454758204120425,0,0.034118696346476976
pairing,57,spin,0.0020350564999202358,0.020454758204120425,1.0970970837546812,0.9975854258164781,inf,0.02085411446072161,0,0.03680357363404822
pairing,58,spin,0.002321479361873033,0.02085411446072161,1.0975293425938852,0.9981435854034836,inf,0.02129480703703224,0,0.0396306462642067
pairing,59,spin,0.0025487265849353964,0.02129480703703224,1.075323127600917,0.9987987946836706,inf,0.02177809570600023,0,0.04172015742386915
pairing,60,spin,0.002620734839752302,0.02177809570600023,1.0247627755846127,0.9992518017206541,inf,0.022289325065492565,0,0.04180395040789941
pairing,61,spin,0.002436813244517666,0.022289325065492565,0.942973499267505,0.9992942154462839,17.535706858305904,0.022790253450212787,0,0.038580797545428855
pairing,62,spin,0.0020140189390789043,0.022790253450212787,0.8527435604641301,0.998833337329496,6.790874498608343,0.023234097044125386,0,0.03230873666804129
