family,iteration,rung,spin_odd_mf,pair_leg_even_mf
stripe,1,1,0.026904435979369715,2.1340102842413024e-05
stripe,1,2,-0.03451474614870348,2.802412295481481e-05
stripe,1,3,0.03631880400729914,3.9971543416302835e-05
stripe,1,4,-0.03648881335756567,5.1835119204819925e-05
stripe,1,5,0.03495179527420418,6.655283255773792e-05
stripe,1,6,-0.031334208073169556,8.558990486492775e-05
stripe,1,7,0.025142615857508883,0.00011000024430089561
stripe,1,8,-0.016540361354775344,0.00013591743828442106
stripe,1,9,0.006486146276414621,0.00015416141404744834
stripe,1,10,0.004028148073781444,0.00015610160854716444
stripe,1,11,-0.014277524697568862,0.0001407829937827707
stripe,1,12,0.023343713614308054,0.00011586567194076326
stripe,1,13,-0.03021568672725456,9.1466542683646e-05
stripe,1,14,0.03456175853891576,7.364620524146946e-05
stripe,1,15,-0.03690214535327374,6.321339616149359e-05
stripe,1,16,0.03797020360336384,5.847404805588968e-05
stripe,1,17,-0.03820742347049057,5.7817827049727754e-05
stripe,1,18,0.03771346378658676,6.0830036222065304e-05
stripe,1,19,-0.03627941047322167,6.846913468553246e-05
stripe,1,20,0.03334223936279464,8.261162451529295e-05
stripe,1,21,-0.028161028083818023,0.00010448841988593136
stripe,1,22,0.020459568218281717,0.00013156873000224578
stripe,1,23,-0.01087495637630663,0.00015556977294495548
stripe,1,24,0.0004607489200043405,0.0001658470542648489
stripe,1,25,0.009982405294052555,0.0001571175919273775
stripe,1,26,-0.019677943716586134,0.00013390311940451692
stripe,1,27,0.027580512053036146,0.00010668757941459484
stripe,1,28,-0.03298889653493293,8.417876432367264e-05
stripe,1,29,0.036112417640279885,6.939276260079309e-05
stripe,1,30,-0.03769281230362388,6.126200550333054e-05
stripe,1,31,0.03834833210409962,5.777329883828375e-05
stripe,1,32,-0.038359841096204064,5.768983558448605e-05
stripe,1,33,0.03773191230519479,6.098817622299399e-05
stripe,1,34,-0.03619644143781933,6.883534832056093e-05
stripe,1,35,0.03314723055909945,8.320604779697423e-05
stripe,1,36,-0.027837514892678338,0.00010524129295138291
stripe,1,37,0.020026036278703113,0.00013218125940721661
stripe,1,38,-0.010384474155120352,0.00015557447759010994
stripe,1,39,-3.879323687525299e-05,0.00016492811813942153
stripe,1,40,0.010459514444189348,0.00015541986231407183
stripe,1,41,-0.02008883512239069,0.00013195956886329083
stripe,1,42,0.027881560667787963,0.00010502005836102869
stripe,1,43,-0.03317578348642927,8.297418887162847e-05
stripe,1,44,0.03622556486065536,6.851385460678389e-05
stripe,1,45,-0.037787173157994985,6.038552754083437e-05
stripe,1,46,0.03848506282501635,5.647255683357843e-05
stripe,1,47,-0.03862427752041872,5.5398928942660235e-05
stripe,1,48,0.03826510773795103,5.681993950957155e-05
stripe,1,49,-0.03725172996843619,6.141787234283669e-05
stripe,1,50,0.035143781904713046,7.090383234685005e-05
stripe,1,51,-0.031207807122670118,8.724195496471451e-05
stripe,1,52,0.024812381355259157,0.00011042045943241948
stripe,1,53,-0.016101214384649717,0.0001355854599225192
stripe,1,54,0.006011282846134483,0.00015316773578205793
stripe,1,55,0.0044929220678987455,0.00015459028753227736
stripe,1,56,-0.01468888868891916,0.00013908858794293505
stripe,1,57,0.02365115851658442,0.00011428587328706629
stripe,1,58,-0.030378843910018695,8.984140992407972e-05
stripe,1,59,0.03456286723950126,7.103570881211842e-05
stripe,1,60,-0.036698928916130025,5.760960093259596e-05
stripe,1,61,0.03738822926166033,4.680020637861831e-05
stripe,1,62,-0.03678418550871802,3.7240945800537365e-05
stripe,1,63,0.03477176017442219,2.6609893391155263e-05
stripe,1,64,-0.02705325434610621,2.0418453143461624e-05
stripe,2,1,0.021866772656922526,6.699678308027381e-06
stripe,2,2,-0.030189790489867818,9.518538936886444e-06
stripe,2,3,0.03270020197931694,1.5292618463321634e-05
stripe,2,4,-0.03330726409807111,2.2071390077692084e-05
stripe,2,5,0.03203336479128581,3.035803693472041e-05
stripe,2,6,-0.028713721941865597,3.99482631931688e-05
stripe,2,7,0.023106539807753165,5.0348373280394116e-05
stripe,2,8,-0.015346973802091702,5.9788078613385107e-05
stripe,2,9,0.0061058069174233925,6.572105334677351e-05
stripe,2,10,0.003709749776822212,6.628256689990724e-05
stripe,2,11,-0.013198457826679139,6.138043613203005e-05
stripe,2,12,0.021458697473088387,5.27964817921657e-05
stripe,2,13,-0.027769412702743478,4.328528789467163e-05
stripe,2,14,0.031937754882155375,3.5196496281713675e-05
stripe,2,15,-0.03432437120446898,2.966905852764639e-05
stripe,2,16,0.03546709157853363,2.6823338587751522e-05
stripe,2,17,-0.035728365330816705,2.643697388365788e-05
stripe,2,18,0.03519768821724836,2.8453860059920696e-05
stripe,2,19,-0.03369464868837218,3.3063836692768256e-05
stripe,2,20,0.030776229202526734,4.047231623803549e-05
stripe,2,21,-0.025916363357354845,5.0261926216933986e-05
stripe,2,22,0.01891147247914789,6.0708621326955586e-05
stripe,2,23,-0.010158554677413322,6.897403464491112e-05
stripe,2,24,0.00047530346358545415,7.230792587511464e-05
stripe,2,25,0.00924840391954305,6.951393435212242e-05
stripe,2,26,-0.018125461677025355,6.16131626330086e-05
stripe,2,27,0.02532253473233339,5.126250812346044e-05
stripe,2,28,-0.03039502526987522,4.135709650516702e-05
stripe,2,29,0.03350262679724445,3.371606216245455e-05
stripe,2,30,-0.03517231565129631,2.881935686083392e-05
stripe,2,31,0.03589129153376889,2.645418994557681e-05
stripe,2,32,-0.03590652204383972,2.635321886061319e-05
stripe,2,33,0.03522312930237852,2.8501636959354195e-05
stripe,2,34,-0.03360538973483147,3.314687246648023e-05
stripe,2,35,0.03057530133464407,4.05093332212945e-05
stripe,2,36,-0.025600826996535677,5.0158146375884534e-05
stripe,2,37,0.01849922988319922,6.0346872766688965e-05
stripe,2,38,-0.009690986881952784,6.826077414630343e-05
stripe,2,39,-6.118092361496325e-07,7.125695867522517e-05
stripe,2,40,0.009690572760474702,6.825115175459939e-05
stripe,2,41,-0.01849416067206039,6.0317694104667364e-05
stripe,2,42,0.025591978781469925,5.007594083596152e-05
stripe,2,43,-0.030570206950684242,4.0306669629389824e-05
stripe,2,44,0.03361865527206273,3.2704586540124864e-05
stripe,2,45,-0.03527976616204932,2.7655046303410052e-05
stripe,2,46,0.03605245171849837,2.4873132221054127e-05
stripe,2,47,-0.03620985150009039,2.402721875982975e-05
stripe,2,48,0.03580858389041596,2.500827358898814e-05
stripe,2,49,-0.034703656078257726,2.7983565370047738e-05
stripe,2,50,0.032519131765896256,3.3250036447826685e-05
stripe,2,51,-0.02869820024174516,4.0936899987935816e-05
stripe,2,52,0.022798994924783475,5.02119483048335e-05
stripe,2,53,-0.01488601049876603,5.8956106428247125e-05
stripe,2,54,0.005595039966366597,6.454907664008331e-05
stripe,2,55,0.004195105034399023,6.502905935086347e-05
stripe,2,56,-0.01359830438749261,6.015817994884213e-05
stripe,2,57,0.021718471462770454,5.152113628966973e-05
stripe,2,58,-0.027841385931921876,4.159602461991619e-05
stripe,2,59,0.03176909122914409,3.241820297050577e-05
stripe,2,60,-0.033798338081246035,2.4714622195937805e-05
stripe,2,61,0.03427782629654835,1.821630417587751e-05
stripe,2,62,-0.03323717663707329,1.2816236057361345e-05
stripe,2,63,0.030509153557570504,8.070818502746782e-06
stripe,2,64,-0.022053521044036004,5.71195672938747e-06
stripe,3,1,0.019630501189631836,3.4073229681132405e-06
stripe,3,2,-0.027840800291715158,4.89540012056147e-06
stripe,3,3,0.030649095210834903,7.946822676306904e-06
stripe,3,4,-0.031496183498523136,1.143397040341083e-05
stripe,3,5,0.03037991120288116,1.5443571995941925e-05
stripe,3,6,-0.027216931982378394,1.9751236278787423e-05
stripe,3,7,0.021875043319399025,2.413926275012813e-05
stripe,3,8,-0.014530100840543202,2.7961753415821378e-05
stripe,3,9,0.0058019928226061826,3.0302412965062268e-05
stripe,3,10,0.0034781909615447327,3.0497380554839394e-05
stripe,3,11,-0.012470095804650154,2.854190830345868e-05
stripe,3,12,0.02034883456356789,2.5131514140750502e-05
stripe,3,13,-0.02646233804161923,2.131483866299629e-05
stripe,3,14,0.030610129136850052,1.8012233246985267e-05
stripe,3,15,-0.03306809138760093,1.5710773159197672e-05
stripe,3,16,0.034282753182079496,1.4542332210203663e-05
stripe,3,17,-0.03456761449237572,1.4489935750196343e-05
stripe,3,18,0.034003389307307945,1.5538798615155996e-05
stripe,3,19,-0.032432417088516435,1.7731673935226896e-05
stripe,3,20,0.02947775809321843,2.107407002453529e-05
stripe,3,21,-0.024709603886678325,2.531229980072906e-05
stripe,3,22,0.017984806820712847,2.9710968365815705e-05
stripe,3,23,-0.009672773670896999,3.314138835303896e-05
stripe,3,24,0.0005057588368389552,3.452293755836357e-05
stripe,3,25,0.008702569267567515,3.338541257252363e-05
stripe,3,26,-0.01714032953525259,3.0129945028076805e-05
stripe,3,27,0.024060368966782045,2.580243976795315e-05
stripe,3,28,-0.02904972001931394,2.1556360237571332e-05
stripe,3,29,0.032210494838733256,1.8161877100476085e-05
stripe,3,30,-0.03397229570167609,1.5895751309354793e-05
stripe,3,31,0.03475267540637329,1.4753918936793697e-05
stripe,3,32,-0.03477259001591803,1.4673980027158083e-05
stripe,3,33,0.03403755776973035,1.565310176596337e-05
stripe,3,34,-0.032338660596469865,1.7745598164073564e-05
stripe,3,35,0.029266939438556034,2.0959602143377593e-05
stripe,3,36,-0.024387067141707387,2.5035846106282263e-05
stripe,3,37,0.017573528559982503,2.9240129782475654e-05
stripe,3,38,-0.009214139958890893,3.2473579104199374e-05
stripe,3,39,4.492333739984644e-05,3.370320107918672e-05
stripe,3,40,0.009125919497416318,3.249729233512647e-05
stripe,3,41,-0.017491008346205424,2.9265209328253944e-05
stripe,3,42,0.02431796489687182,2.501412022968807e-05
stripe,3,43,-0.029222032887172615,2.0831448915441957e-05
stripe,3,44,0.03233260616394539,1.7426617543730134e-05
stripe,3,45,-0.03409468919759626,1.5035965140799978e-05
stripe,3,46,0.03494005454759473,1.3626376704165953e-05
stripe,3,47,-0.035115465356299586,1.3108578304954085e-05
stripe,3,48,0.03467398593847178,1.3450017956262225e-05
stripe,3,49,-0.033482614587781276,1.4692427925159708e-05
stripe,3,50,0.031208374638314593,1.6907300873192062e-05
stripe,3,51,-0.027380883635815315,2.003992324179076e-05
stripe,3,52,0.021648552923067325,2.370569919384586e-05
stripe,3,53,-0.014098146247814629,2.711847784998263e-05
stripe,3,54,0.005301548248012603,2.929806990524373e-05
stripe,3,55,0.003946814160913598,2.951048954296352e-05
stripe,3,56,-0.012829505923687048,2.7643068237146673e-05
stripe,3,57,0.020530839983992858,2.4242415136919408e-05
stripe,3,58,-0.02640265429796222,2.0183164955020614e-05
stripe,3,59,0.030228765780912624,1.620656806258088e-05
stripe,3,60,-0.03220243150094347,1.2610541761299806e-05
stripe,3,61,0.03255879824207984,9.351551074925603e-06
stripe,3,62,-0.03127723143504254,6.517518612014273e-06
stripe,3,63,0.028238930600185654,4.024325688809778e-06
stripe,3,64,-0.019869254835354684,2.804339957978668e-06
stripe,4,1,0.01846751400867199,1.8805685088492608e-06
stripe,4,2,-0.026493882616052053,2.6985861366977154e-06
stripe,4,3,0.02941107078336211,4.348996325779752e-06
stripe,4,4,-0.030372568541106894,6.162501128023582e-06
stripe,4,5,0.02933921137864858,8.150238211792666e-06
stripe,4,6,-0.02626439360982972,1.017994885174418e-05
stripe,4,7,0.021081460106211966,1.2168828811865782e-05
stripe,4,8,-0.01399366541014543,1.3858406969905882e-05
stripe,4,9,0.005588891218996058,1.4873369253479659e-05
stripe,4,10,0.0033538636937044267,1.4943906613046795e-05
stripe,4,11,-0.012039566032984735,1.4079660461779202e-05
stripe,4,12,0.019695046753763976,1.2585721804203229e-05
stripe,4,13,-0.025708567753131212,1.0917851247388661e-05
stripe,4,14,0.029867544360324762,9.478767848782192e-06
stripe,4,15,-0.03238801338132576,8.493798610889761e-06
stripe,4,16,0.033657707289829815,8.028877625439852e-06
stripe,4,17,-0.03396105154385847,8.078763034780181e-06
stripe,4,18,0.03337367469152804,8.641050489903627e-06
stripe,4,19,-0.03175161769284358,9.728759354272132e-06
stripe,4,20,0.0287582259509196,1.1334036931854993e-05
stripe,4,21,-0.024026123181896054,1.3328373367667052e-05
stripe,4,22,0.017456118898796183,1.5369269887605826e-05
stripe,4,23,-0.009404482358937542,1.6949216382985114e-05
stripe,4,24,0.0005496648512853522,1.758600912994067e-05
stripe,4,25,0.008348562227616133,1.70707063458339e-05
stripe,4,26,-0.016531743066398305,1.558326557948221e-05
stripe,4,27,0.02330703310436648,1.359109365430835e-05
stripe,4,28,-0.028275708549963155,1.161604599052692e-05
stripe,4,29,0.03149601981011263,1.0015614352318077e-05
stripe,4,30,-0.03333289022351964,8.932160533102313e-06
stripe,4,31,0.03416094842412247,8.37643442784947e-06
stripe,4,32,-0.03418608479092168,8.322098802264773e-06
stripe,4,33,0.03341480373399306,8.768328348616798e-06
stripe,4,34,-0.03165455124206158,9.737187482371287e-06
stripe,4,35,0.028538905012919065,1.1221139101275577e-05
stripe,4,36,-0.02369540781165525,1.3088821683785448e-05
stripe,4,37,0.0170409188562567,1.5002919271940582e-05
stripe,4,38,-0.008947499068507055,1.6471246742201675e-05
stripe,4,39,9.547416139401958e-05,1.7033473379109204e-05
stripe,4,40,0.008761908533968528,1.649511600529355e-05
stripe,4,41,-0.01687270747600394,1.5032705536786112e-05
stripe,4,42,0.023559275655748772,1.308743222616474e-05
stripe,4,43,-0.028448736255596324,1.11440694655066e-05
stripe,4,44,0.03162488373768203,9.528490169602725e-06
stripe,4,45,-0.03346846085570133,8.359972558776969e-06
stripe,4,46,0.034369395952605096,7.636877463482781e-06
stripe,4,47,-0.034559386941302186,7.324238579761296e-06
stripe,4,48,0.03408990637975561,7.408472215217646e-06
stripe,4,49,-0.03283560931752298,7.905854945434807e-06
stripe,4,50,0.030489719551233137,8.840694266094667e-06
stripe,4,51,-0.026636418261760646,1.0179948695673074e-05
stripe,4,52,0.02098615870426336,1.1751070589744804e-05
stripe,4,53,-0.013646403178688569,1.3215639488861655e-05
stripe,4,54,0.005152963407504562,1.4156018443856991e-05
stripe,4,55,0.0037564187226306186,1.4259976581435114e-05
stripe,4,56,-0.012314540040305402,1.3471334618245473e-05
stripe,4,57,0.01976150827521288,1.2005774307167769e-05
stripe,4,58,-0.025490938155855434,1.0216992954132829e-05
stripe,4,59,0.02926970070036141,8.40822104219545e-06
stripe,4,60,-0.031222977273806338,6.697170899626705e-06
stripe,4,61,0.03152008272917439,5.061683973166178e-06
stripe,4,62,-0.030124236275521826,3.573193358822921e-06
stripe,4,63,0.026967832460500524,2.217596530775487e-06
stripe,4,64,-0.018758387486188757,1.5455129254561163e-06
stripe,5,1,0.017799626300410737,1.0461775333921504e-06
stripe,5,2,-0.02567974876023263,1.498983929452954e-06
stripe,5,3,0.028632915963578528,2.401691085782002e-06
stripe,5,4,-0.02964605053329802,3.366115682294677e-06
stripe,5,5,0.02865455327025892,4.3894171609668935e-06
stripe,5,6,-0.025630275739438255,5.398780166647045e-06
stripe,5,7,0.020544055142163144,6.362682875447842e-06
stripe,5,8,-0.013617697516023217,7.1681443721989e-06
stripe,5,9,0.00542134813224629,7.644851326662997e-06
stripe,5,10,0.0033019904776386815,7.671563033623737e-06
stripe,5,11,-0.011793053405508633,7.256806930533201e-06
stripe,5,12,0.019312334468174937,6.546111899995473e-06
stripe,5,13,-0.02526910809194197,5.758552460371546e-06
stripe,5,14,0.029439251019167577,5.085749221517781e-06
stripe,5,15,-0.03200143883656156,4.633651363901645e-06
stripe,5,16,0.03330732204490966,4.440062229119086e-06
stripe,5,17,-0.033623174110542886,4.505725620204334e-06
stripe,5,18,0.033021804113385164,4.821427166699694e-06
stripe,5,19,-0.03136806776189417,5.389851463589216e-06
stripe,5,20,0.02834942717380969,6.210762775535113e-06
stripe,5,21,-0.02363594853253608,7.218559869135161e-06
stripe,5,22,0.017156133524197297,8.241131077866038e-06
stripe,5,23,-0.009261893642066104,9.029195641059808e-06
stripe,5,24,0.000600232268956499,9.34722810726901e-06
stripe,5,25,0.00810787607711757,9.094277298908217e-06
stripe,5,26,-0.01614271602568757,8.35928390418247e-06
stripe,5,27,0.022842810068225965,7.3707321787183534e-06
stripe,5,28,-0.027812520218962397,6.389095271647975e-06
stripe,5,29,0.031079946967892597,5.58678915928364e-06
stripe,5,30,-0.032970131835418436,5.03847945266077e-06
stripe,5,31,0.03383202037931414,4.755356668848306e-06
stripe,5,32,-0.03386274602201582,4.718705607718968e-06
stripe,5,33,0.033069815308221936,4.93086976974316e-06
stripe,5,34,-0.03127112957876905,5.404413602862797e-06
stripe,5,35,0.028126197823414686,6.134725427953177e-06
stripe,5,36,-0.023300475680934303,7.05553802126383e-06
stripe,5,37,0.01673777152512712,7.999702326323944e-06
stripe,5,38,-0.008804551895191874,8.724578236737607e-06
stripe,5,39,0.0001487813369260749,9.004498163388916e-06
stripe,5,40,0.008516310995381809,8.743823364460644e-06
stripe,5,41,-0.016479071346729414,8.025815146688793e-06
stripe,5,42,0.023093098059834314,7.0625671733076985e-06
stripe,5,43,-0.027987291076067386,6.093716714745706e-06
stripe,5,44,0.03121442712606465,5.275749453709151e-06
stripe,5,45,-0.03311550134742809,4.670096288485047e-06
stripe,5,46,0.034055284438413005,4.281844050977198e-06
stripe,5,47,-0.034256738260154226,4.090496559897465e-06
stripe,5,48,0.03377083291622619,4.090688234173165e-06
stripe,5,49,-0.03247721902227303,4.292012583523105e-06
stripe,5,50,0.030085585125649697,4.707227151218527e-06
stripe,5,51,-0.0262140459631909,5.320235649663838e-06
stripe,5,52,0.020611364838569953,6.048082107662341e-06
stripe,5,53,-0.013400347148838433,6.7313183280425675e-06
stripe,5,54,0.005098534296910574,7.174311946313084e-06
stripe,5,55,0.0035924599010371456,7.2294727637226745e-06
stripe,5,56,-0.011944443444960293,6.867313864428703e-06
stripe,5,57,0.019236356068860157,6.1830500752959995e-06
stripe,5,58,-0.02488462841569315,5.3369313473607556e-06
stripe,5,59,0.028642040322022472,4.464298518599892e-06
stripe,5,60,-0.03059141822295053,3.613096805891919e-06
stripe,5,61,0.030864293644210082,2.7692429624200363e-06
stripe,5,62,-0.029418078283317203,1.9757082192154283e-06
stripe,5,63,0.026219466628708082,1.2329295517210917e-06
stripe,5,64,-0.018136878312718277,8.604264446242246e-07
stripe,6,1,0.017391126550433143,5.833546283429731e-07
stripe,6,2,-0.025166873854645642,8.350728619230733e-07
stripe,6,3,0.028128821228210428,1.3331917258978947e-06
stripe,6,4,-0.02916369755726922,1.8559205839889863e-06
stripe,6,5,0.02819136674192597,2.39869210141326e-06
stripe,6,6,-0.02519437836478944,2.9215074368401667e-06
stripe,6,7,0.020166967436982826,3.411730874207888e-06
stripe,6,8,-0.013342986558624427,3.816385419063821e-06
stripe,6,9,0.0052811803128513845,4.0530048803878605e-06
stripe,6,10,0.003299389097413106,4.063145415349763e-06
stripe,6,11,-0.011664243223496488,3.852556122752085e-06
stripe,6,12,0.01909584790927122,3.494749230916262e-06
stripe,6,13,-0.025015214264766227,3.100653426185733e-06
stripe,6,14,0.02919060028265324,2.766810535700822e-06
stripe,6,15,-0.03177756748993251,2.5464951225695775e-06
stripe,6,16,0.033105540820925816,2.4618643914691946e-06
stripe,6,17,-0.03342954299868857,2.5150514891514855e-06
stripe,6,18,0.03282051919966572,2.695165912186651e-06
stripe,6,19,-0.031148653162310212,3.0033885117817507e-06
stripe,6,20,0.028116480510379703,3.4426648496187084e-06
stripe,6,21,-0.02341629543408357,3.976183877693595e-06
stripe,6,22,0.016993094853118486,4.51407712820324e-06
stripe,6,23,-0.00919641112946935,4.927488598238756e-06
stripe,6,24,0.0006537872544619553,5.095215012370929e-06
stripe,6,25,0.00793880622139628,4.96505233038069e-06
stripe,6,26,-0.01588678215071726,4.582421614761833e-06
stripe,6,27,0.022547410331118938,4.065309106888836e-06
stripe,6,28,-0.027525055555653835,3.548041847876716e-06
stripe,6,29,0.03082756474150293,3.1246446638986592e-06
stripe,6,30,-0.03275512401657328,2.8347761774516386e-06
stripe,6,31,0.03364106340536653,2.6828266769717964e-06
stripe,6,32,-0.033677548858060236,2.6612849109669727e-06
stripe,6,33,0.03287312831096595,2.7703323188722026e-06
stripe,6,34,-0.031052626517682574,3.015728637788336e-06
stripe,6,35,0.027891526904320594,3.3948301791132275e-06
stripe,6,36,-0.023078336009984844,3.873190065729777e-06
stripe,6,37,0.016573066795623807,4.363708515105e-06
stripe,6,38,-0.008739064255064002,4.740910582378713e-06
stripe,6,39,0.0002040789743316153,4.888348346843147e-06
stripe,6,40,0.008344426416852718,4.755713400805777e-06
stripe,6,41,-0.016220725283390417,4.3837931469346e-06
stripe,6,42,0.022797056700992076,3.880594735512835e-06
stripe,6,43,-0.02770155332126236,3.3688852305517505e-06
stripe,6,44,0.030966248748662197,2.933332752634094e-06
stripe,6,45,-0.03290738561439354,2.6064928022770267e-06
stripe,6,46,0.03387445319885514,2.389900807188293e-06
stripe,6,47,-0.03408545885408108,2.2749584752358797e-06
stripe,6,48,0.033591615828007675,2.258241506206339e-06
stripe,6,49,-0.032276099199966435,2.3445995727295996e-06
stripe,6,50,0.02985974441690306,2.5408267422418653e-06
stripe,6,51,-0.025981523303846284,2.838948086341918e-06
stripe,6,52,0.020413168730148784,3.1969407972784446e-06
stripe,6,53,-0.013286962514771909,3.5354996207962205e-06
stripe,6,54,0.005109147529065638,3.756837316691663e-06
stripe,6,55,0.00344152711316285,3.7875676615009085e-06
stripe,6,56,-0.011662879649420619,3.6117204044803214e-06
stripe,6,57,0.01886011981861463,3.274047018187098e-06
stripe,6,58,-0.02446342908351761,2.851677198505442e-06
stripe,6,59,0.02821507463453838,2.409643649297573e-06
stripe,6,60,-0.03017045565563236,1.969943262072206e-06
stripe,6,61,0.030437736389934824,1.5232279117541592e-06
stripe,6,62,-0.028971853442108585,1.0939503228704007e-06
stripe,6,63,0.025760505929266236,6.850280219139226e-07
stripe,6,64,-0.017767056487141806,4.78491037944607e-07
stripe,7,1,0.01713045285389743,3.257603157510198e-07
stripe,7,2,-0.024833364856664576,4.6607068493240787e-07
stripe,7,3,0.027794115936989335,7.424699245488741e-07
stripe,7,4,-0.028836631091034372,1.0291856754095852e-06
stripe,7,5,0.027870982524220437,1.3225817261205428e-06
stripe,7,6,-0.0248862513624176,1.6005987338141119e-06
stripe,7,7,0.01989255103041651,1.857869522010459e-06
stripe,7,8,-0.013132026646975409,2.0681493188441587e-06
stripe,7,9,0.005156631809729071,2.1897488459007463e-06
stripe,7,10,0.003330879476815704,2.1933136785716893e-06
stripe,7,11,-0.011612436175424599,2.082340898548203e-06
stripe,7,12,0.018984398735733085,1.895448693543042e-06
stripe,7,13,-0.02487542169908125,1.6900857957300109e-06
stripe,7,14,0.029049566213621834,1.5171970936453402e-06
stripe,7,15,-0.03164868909576873,1.4055086825844183e-06
stripe,7,16,0.03298868341049489,1.3675384974030062e-06
stripe,7,17,-0.0333172494801835,1.4065667174296758e-06
stripe,7,18,0.03270399670206151,1.5110743449344636e-06
stripe,7,19,-0.03102256607935641,1.6808882143614922e-06
stripe,7,20,0.02798475437007638,1.9217722915321615e-06
stripe,7,21,-0.02329577560442407,2.2120019968792966e-06
stripe,7,22,0.016910231385408057,2.503180210443216e-06
stripe,7,23,-0.009175547508693187,2.7266211983393675e-06
stripe,7,24,0.0007073340988522268,2.817811712719909e-06
stripe,7,25,0.007814809128426102,2.748816305502435e-06
stripe,7,26,-0.015712221129815802,2.54362035644484e-06
stripe,7,27,0.02235314025892122,2.2652248917599136e-06
stripe,7,28,-0.027340751147977706,1.9856333291824053e-06
stripe,7,29,0.03066937503426936,1.7559018382393585e-06
stripe,7,30,-0.0326234255779895,1.5979704749200053e-06
stripe,7,31,0.033526830084863984,1.5144339711719942e-06
stripe,7,32,-0.033569177173238055,1.5013960249152573e-06
stripe,7,33,0.03276004358030835,1.5587458155553524e-06
stripe,7,34,-0.030928973281087523,1.689410082005917e-06
stripe,7,35,0.027761429804441077,1.8920610819614589e-06
stripe,7,36,-0.022959427749154708,2.1482234282884095e-06
stripe,7,37,0.01649233690047991,2.4109307723609863e-06
stripe,7,38,-0.008721147201251967,2.6133355850204608e-06
stripe,7,39,0.0002610395164474302,2.693438585126074e-06
stripe,7,40,0.008216940723415117,2.6239414753991314e-06
stripe,7,41,-0.016043462783759822,2.4254621474448718e-06
stripe,7,42,0.022601569686911988,2.1545649149246124e-06
stripe,7,43,-0.027517872295337722,1.8764356667087586e-06
stripe,7,44,0.030810596825429047,1.6368923420279651e-06
stripe,7,45,-0.032780155438706264,1.4544849892766552e-06
stripe,7,46,0.03376703081756663,1.3302632021885901e-06
stripe,7,47,-0.03398667668425659,1.259806257688515e-06
stripe,7,48,0.033490828406360015,1.2424495018495127e-06
stripe,7,49,-0.03216589649174326,1.2818161019414373e-06
stripe,7,50,0.029740005602314372,1.3794030072132036e-06
stripe,7,51,-0.025864892894421964,1.5334095783015114e-06
stripe,7,52,0.020325656373233792,1.7198503832457378e-06
stripe,7,53,-0.013259104844854538,1.8942937375181852e-06
stripe,7,54,0.005163676574013738,2.0091472934217897e-06
stripe,7,55,0.0032962520454495855,2.0262226947079236e-06
stripe,7,56,-0.011435768986791722,1.9371142559553123e-06
stripe,7,57,0.018577196061260817,1.7639347432925466e-06
stripe,7,58,-0.02415901866251466,1.5453895112400587e-06
stripe,7,59,0.027915327152596876,1.3143458873323346e-06
stripe,7,60,-0.02988242364633277,1.0813469572521987e-06
stripe,7,61,0.03015341152695905,8.407274935647284e-07
stripe,7,62,-0.028682160499823712,6.0624463524658e-07
stripe,7,63,0.025469528208148955,3.804103740912904e-07
stripe,7,64,-0.017537277747682066,2.6585783467969513e-07
stripe,8,1,0.016958966242266393,1.822922443617635e-07
stripe,8,2,-0.024611052898095787,2.607234443271519e-07
stripe,8,3,0.02756727530781262,4.1480012761810077e-07
stripe,8,4,-0.02861053131596833,5.734866373171423e-07
stripe,8,5,0.02764458670200766,7.343608927789965e-07
stripe,8,6,-0.02466286002192016,8.851266944392778e-07
stripe,8,7,0.019686311872020378,1.0233041378943102e-06
stripe,8,8,-0.012963631339299998,1.1353655266072704e-06
stripe,8,9,0.005042909127499992,1.1995161864674239e-06
stripe,8,10,0.003383721291110745,1.2005120691732867e-06
stripe,8,11,-0.011609015509902038,1.1405365505893297e-06
stripe,8,12,0.018938284370492067,1.0404360958640718e-06
stripe,8,13,-0.02480576117594749,9.310024486487584e-07
stripe,8,14,0.028973894436074912,8.395770558949397e-07
stripe,8,15,-0.03157687221535456,7.820228804974072e-07
stripe,8,16,0.03292217342500087,7.645913900931995e-07
stripe,8,17,-0.03325290039008773,7.880626743555083e-07
stripe,8,18,0.032637602647522426,8.476617803159979e-07
stripe,8,19,-0.030952034872076886,9.434183283748141e-07
stripe,8,20,0.027913555388230822,1.0771908801359e-06
stripe,8,21,-0.02323504095172508,1.2374155612163752e-06
stripe,8,22,0.016876026668273425,1.3977264416100163e-06
stripe,8,23,-0.009181878179955373,1.5206558524101406e-06
stripe,8,24,0.0007603321751950237,1.5710768668208103e-06
stripe,8,25,0.007719108384010869,1.533761412198311e-06
stripe,8,26,-0.015587693428758513,1.4216920108509667e-06
stripe,8,27,0.022220229371705237,1.2691624017210333e-06
stripe,8,28,-0.027218300095735656,1.1155041483589005e-06
stripe,8,29,0.030567038681288038,9.888810358233176e-07
stripe,8,30,-0.03254049021376296,9.015825975706519e-07
stripe,8,31,0.03345710959174851,8.551034815145554e-07
stripe,8,32,-0.03350525666395782,8.473273161677153e-07
stripe,8,33,0.03269573216527811,8.781886073393158e-07
stripe,8,34,-0.030861258387047365,9.49286735194327e-07
stripe,8,35,0.027693561524118324,1.0598817581446532e-06
stripe,8,36,-0.022902650684145577,1.199873068247427e-06
stripe,8,37,0.016462711734731794,1.3436451499413432e-06
stripe,8,38,-0.008732466397378864,1.4547362068271218e-06
stripe,8,39,0.00031910762960414,1.4991842369490436e-06
stripe,8,40,0.008116516506511165,1.4617091626899142e-06
stripe,8,41,-0.01591524145021584,1.353376233426361e-06
stripe,8,42,0.02246652965687862,1.2049563151422888e-06
stripe,8,43,-0.027395021213528915,1.0519429576719596e-06
stripe,8,44,0.030709397937296122,9.19331568183301e-07
stripe,8,45,-0.03270006657317748,8.176663853739354e-07
stripe,8,46,0.03370199045564253,7.477470565014743e-07
stripe,8,47,-0.033929715382352704,7.070270040213887e-07
stripe,8,48,0.033436008350662426,6.949558515430847e-07
stripe,8,49,-0.03210979382114416,7.127267934051096e-07
stripe,8,50,0.029684434641074946,7.623136856871907e-07
stripe,8,51,-0.025819641122372283,8.429302707265745e-07
stripe,8,52,0.020307540169583124,9.436272447773714e-07
stripe,8,53,-0.013285920129191133,1.036190328241913e-06
stripe,8,54,0.0052472211239506785,1.0939669068038561e-06
stripe,8,55,0.003153594930819184,1.1030456748737542e-06
stripe,8,56,-0.01124283770902447,1.0578920899349002e-06
stripe,8,57,0.018353973024107923,9.667174982772925e-07
stripe,8,58,-0.023929904199705324,8.53054067613227e-07
stripe,8,59,0.02769765594233832,7.320666240566711e-07
stripe,8,60,-0.029679597102278066,6.046875083080624e-07
stripe,8,61,0.029958897248861305,4.7144277814428847e-07
stripe,8,62,-0.028489135517859455,3.4064394940542167e-07
stripe,8,63,0.02527968335739988,2.1395028123691082e-07
stripe,8,64,-0.017389651636879496,1.4954060742702134e-07
stripe,9,1,0.01684333748666524,1.0222051579704055e-07
stripe,9,2,-0.024459529972241337,1.4617054074531217e-07
stripe,9,3,0.027410215368435454,2.3235804080196104e-07
stripe,9,4,-0.02845061935865214,3.2071139858277943e-07
stripe,9,5,0.02748021672223379,4.097220958554913e-07
stripe,9,6,-0.024495251654420215,4.924979751332799e-07
stripe,9,7,0.01952475734326581,5.678295420577682e-07
stripe,9,8,-0.012823219078836885,6.285523475437433e-07
stripe,9,9,0.00493677122237469,6.629882449633111e-07
stripe,9,10,0.0034497512465183258,6.630590936359756e-07
stripe,9,11,-0.011636295206937129,6.301047456281989e-07
stripe,9,12,0.018933786363268194,5.755215885578081e-07
stripe,9,13,-0.024780286357802668,5.161472505129114e-07
stripe,9,14,0.028938884749095905,4.6692156851729115e-07
stripe,9,15,-0.031539980610977056,4.3645155569485384e-07
stripe,9,16,0.03288623600324138,4.281109568509885e-07
stripe,9,17,-0.03321743865169636,4.4232381347135236e-07
stripe,9,18,0.03260131570470464,4.764273755753424e-07
stripe,9,19,-0.03091485725242489,5.304064707128384e-07
stripe,9,20,0.027878764015784176,6.052476241957169e-07
stripe,9,21,-0.02321022556949003,6.94529715165074e-07
stripe,9,22,0.016870938267031982,7.836970875481169e-07
stripe,9,23,-0.009204146791823624,8.520812949735751e-07
stripe,9,24,0.000812349569619454,8.802932513612901e-07
stripe,9,25,0.007641266298114364,8.598921938593503e-07
stripe,9,26,-0.015494181792154718,7.979798984061002e-07
stripe,9,27,0.02212500246281307,7.134646418616568e-07
stripe,9,28,-0.027133559790413958,6.281131109382983e-07
stripe,9,29,0.030498419143810462,5.576140051415005e-07
stripe,9,30,-0.03248683469440052,5.088546747907439e-07
stripe,9,31,0.03341400254787337,4.827557494793822e-07
stripe,9,32,-0.03346793066755008,4.781745426258414e-07
stripe,9,33,0.03266065825742934,4.95011291609395e-07
stripe,9,34,-0.030827225873211808,5.341657126019294e-07
stripe,9,35,0.02766340648137376,5.952331844289947e-07
stripe,9,36,-0.022883726465781278,6.726397762944909e-07
stripe,9,37,0.0164643966405515,7.522569218732675e-07
stripe,9,38,-0.00876187365746069,8.139472152801529e-07
stripe,9,39,0.0003781357961514498,8.388931762819478e-07
stripe,9,40,0.00803229752773731,8.185012144339659e-07
stripe,9,41,-0.015816583118047116,7.58711109276217e-07
stripe,9,42,0.02236780801596443,6.764198794227947e-07
stripe,9,43,-0.02730852215235299,5.911978557266538e-07
stripe,9,44,0.030640549538027993,5.169693312022108e-07
stripe,9,45,-0.032647790497176046,4.5969580636377333e-07
stripe,9,46,0.033661836773408074,4.1989118860997876e-07
stripe,9,47,-0.033897349818624994,3.961267813627149e-07
stripe,9,48,0.03340847156336618,3.88069944725999e-07
stripe,9,49,-0.03208640345004772,3.9651670101270285e-07
stripe,9,50,0.02966836915588833,4.224840491642686e-07
stripe,9,51,-0.025818921675233936,4.6484095013800727e-07
stripe,9,52,0.020333372201977458,5.172651077793771e-07
stripe,9,53,-0.013347818649510217,5.676796048274055e-07
stripe,9,54,0.005349567744817754,6.013349576895234e-07
stripe,9,55,0.0030123161656908128,6.073516591091896e-07
stripe,9,56,-0.01107164052598118,5.829260075791485e-07
stripe,9,57,0.01816901699340338,5.33811159673655e-07
stripe,9,58,-0.02374936618803528,4.711589266072499e-07
stripe,9,59,0.027533096331659575,4.039775503784047e-07
stripe,9,60,-0.029531906784970537,3.347990164447322e-07
stripe,9,61,0.029822005717182038,2.618410135470726e-07
stripe,9,62,-0.028357057452201344,1.8952846537834756e-07
stripe,9,63,0.025152410702334458,1.1917090017872626e-07
stripe,9,64,-0.01729199446695943,8.332291128615164e-08
stripe,10,1,0.01676369125242337,5.754054469933464e-08
stripe,10,2,-0.02435417763769682,8.227453361415422e-08
stripe,10,3,0.027299364278848322,1.307316953171616e-07
stripe,10,4,-0.028335319585395487,1.8027033019256295e-07
stripe,10,5,0.02735838617944804,2.2998228171964556e-07
stripe,10,6,-0.024366680964523872,2.759761539515246e-07
stripe,10,7,0.019395276623583726,3.176164519467561e-07
stripe,10,8,-0.01270359272467959,3.510114903121778e-07
stripe,10,9,0.004837420721679364,3.6979371647761897e-07
stripe,10,10,0.0035228203560246836,3.695814473642829e-07
stripe,10,11,-0.011681791506959995,3.5123888886620956e-07
stripe,10,12,0.01895425336011537,3.2106288818229667e-07
stripe,10,13,-0.024781700004686123,2.8853741702893874e-07
stripe,10,14,0.028928823339937855,2.6180533463694215e-07
stripe,10,15,-0.0315246843811172,2.453023352017184e-07
stripe,10,16,0.03286906925628169,2.410450766254287e-07
stripe,10,17,-0.03319957619345512,2.4895825018472696e-07
stripe,10,18,0.03258324308575167,2.6810738007554137e-07
stripe,10,19,-0.03089775185409148,2.986717780627682e-07
stripe,10,20,0.027865811481584752,3.406120772194447e-07
stripe,10,21,-0.023206842675665362,3.905595325155147e-07
stripe,10,22,0.016883036523007953,4.404361920707595e-07
stripe,10,23,-0.009235485531710733,4.787211911340546e-07
stripe,10,24,0.0008630594001778815,4.946097965390042e-07
stripe,10,25,0.0075750318108742535,4.833786741104694e-07
stripe,10,26,-0.01542018887298702,4.489404019705349e-07
stripe,10,27,0.022053161141581602,4.017996928250882e-07
stripe,10,28,-0.027071982791626453,3.540953690758954e-07
stripe,10,29,0.030450306934885808,3.146131703001571e-07
stripe,10,30,-0.03245084236020859,2.872335295352878e-07
stripe,10,31,0.03338684025069323,2.725027595139808e-07
stripe,10,32,-0.033446537244516746,2.697981528441562e-07
stripe,10,33,0.032643133239620786,2.790264162867486e-07
stripe,10,34,-0.03081345897556407,3.0071953342207774e-07
stripe,10,35,0.027655952674103194,3.3467611696093677e-07
stripe,10,36,-0.02288780546663023,3.777761444350418e-07
stripe,10,37,0.01648533214910778,4.221895561576166e-07
stripe,10,38,-0.008802644493036409,4.566931330301255e-07
stripe,10,39,0.0004381509899577568,4.7077816620925854e-07
stripe,10,40,0.007957579996898289,4.596079583651545e-07
stripe,10,41,-0.01573558799482722,4.263982175219819e-07
stripe,10,42,0.02229090452233811,3.8048270864127414e-07
stripe,10,43,-0.02724388211881308,3.3274532778407887e-07
stripe,10,44,0.030591227697288642,2.9098696922603043e-07
stripe,10,45,-0.03261206706549029,2.585667459593434e-07
stripe,10,46,0.033636543165166705,2.3582548432701612e-07
stripe,10,47,-0.033879860752778004,2.2198300672231384e-07
stripe,10,48,0.033397614313364056,2.168026614613412e-07
stripe,10,49,-0.032083187073355716,2.2075385764881864e-07
stripe,10,50,0.02967684259335676,2.3442721185642004e-07
stripe,10,51,-0.025846269037802762,2.571736897957987e-07
stripe,10,52,0.0203870595080166,2.855556530169196e-07
stripe,10,53,-0.013432242243449567,3.1311770127123653e-07
stripe,10,54,0.005464282138854592,3.318263335991924e-07
stripe,10,55,0.0028719979997427984,3.354655825122908e-07
stripe,10,56,-0.010914856435360325,3.223721676505292e-07
stripe,10,57,0.018009540671503153,2.957238749531979e-07
stripe,10,58,-0.023601126951064148,2.6138006790322486e-07
stripe,10,59,0.02740380537256156,2.2435663904738836e-07
stripe,10,60,-0.029420604506588316,1.861914885424516e-07
stripe,10,61,0.029722493818237813,1.4580533745350105e-07
stripe,10,62,-0.028263973360996866,1.0564923229161708e-07
stripe,10,63,0.025064650259780018,6.645237724993639e-08
stripe,10,64,-0.017225531732679586,4.646763822102564e-08
stripe,11,1,0.016707686936508107,3.237746695782079e-08
stripe,11,2,-0.02427940915267205,4.628974032604036e-08
stripe,11,3,0.027219417948731395,7.352112528142605e-08
stripe,11,4,-0.028250132580992376,1.0129493224351977e-07
stripe,11,5,0.027265529017823066,1.290772573906523e-07
stripe,11,6,-0.0242649153515862,1.5467570667749893e-07
stripe,11,7,0.01928810157974384,1.7775340566358703e-07
stripe,11,8,-0.012598983172624029,1.961773914442025e-07
stripe,11,9,0.004743984323291931,2.064517370866324e-07
stripe,11,10,0.003599104770672966,2.0620104231711696e-07
stripe,11,11,-0.011737940387825567,1.9592551365697743e-07
stripe,11,12,0.018989971453616993,1.7916434124127188e-07
stripe,11,13,-0.024799692542389135,1.6108949759262983e-07
stripe,11,14,0.028934169332217683,1.4627431917159362e-07
stripe,11,15,-0.03152265825620653,1.3732365355779563e-07
stripe,11,16,0.032863404168336635,1.35204684856466e-07
stripe,11,17,-0.0331924409849306,1.399940073370781e-07
stripe,11,18,0.0325761690954879,1.5098868870413559e-07
stripe,11,19,-0.03089265694726122,1.6819375262807697e-07
stripe,11,20,0.027865776855105523,1.9181026022959888e-07
stripe,11,21,-0.023215958732916722,2.1987416247675655e-07
stripe,11,22,0.016904862605160893,2.478773383369705e-07
stripe,11,23,-0.009271444772941274,2.6939618716349404e-07
stripe,11,24,0.000911960444185725,2.783848274564657e-07
stripe,11,25,0.0075169377391503395,2.721796876065204e-07
stripe,11,26,-0.015359108936824021,2.5294320672211546e-07
stripe,11,27,0.021996452103525774,2.2653880640802374e-07
stripe,11,28,-0.02702518153499764,1.9976719308597012e-07
stripe,11,29,0.03041511469798911,1.7756676686163335e-07
stripe,11,30,-0.032425777379623585,1.6213768030461766e-07
stripe,11,31,0.033369375921888045,1.5379729017072037e-07
stripe,11,32,-0.03343463431196829,1.5219821829809392e-07
stripe,11,33,0.032635907183822435,1.5728551871761385e-07
stripe,11,34,-0.030811609900155114,1.6935734998855097e-07
stripe,11,35,0.02766214922349966,1.8830490211270219e-07
stripe,11,36,-0.02290570069047057,2.1239077121206023e-07
stripe,11,37,0.016517828343518733,2.3725740246620095e-07
stripe,11,38,-0.008850210363211347,2.566340089813955e-07
stripe,11,39,0.0004985708769186755,2.64623103933642e-07
stripe,11,40,0.007888903996264922,2.5847858274476543e-07
stripe,11,41,-0.015665631843588233,2.399514424339144e-07
stripe,11,42,0.022227502791309323,2.1423783220235105e-07
stripe,11,43,-0.02719269284635564,1.87403790116989e-07
stripe,11,44,0.030553690286194,1.6384746119095966e-07
stripe,11,45,-0.032586442792602276,1.454816323947284e-07
stripe,11,46,0.033620307477871016,1.3248850176442098e-07
stripe,11,47,-0.03387139690815849,1.2446298999156544e-07
stripe,11,48,0.033396885709354146,1.2124771083278115e-07
stripe,11,49,-0.03209223873740913,1.2310902360680535e-07
stripe,11,50,0.029700212329662218,1.3040760252229523e-07
stripe,11,51,-0.025890442979938477,1.4276608783982247e-07
stripe,11,52,0.020457370304247068,1.583111338471592e-07
stripe,11,53,-0.01352985257873476,1.735143767484355e-07
stripe,11,54,0.005585658336153456,1.839365478187528e-07
stripe,11,55,0.0027334775741104725,1.8610377708984917e-07
stripe,11,56,-0.010768641852345884,1.7904532245293613e-07
stripe,11,57,0.017867694745076573,1.6447099565003317e-07
stripe,11,58,-0.023474672515517367,1.4556079974775388e-07
stripe,11,59,0.027297971831779268,1.2509680052245616e-07
stripe,11,60,-0.029333175436235398,1.0392817010574421e-07
stripe,11,61,0.02964739174415946,8.144598303718025e-08
stripe,11,62,-0.028196043562813244,5.904988839228214e-08
stripe,11,63,0.02500205474819636,3.7151377040517395e-08
stripe,11,64,-0.017178796819696168,2.5979065686967816e-08
stripe,12,1,0.016667445473417062,1.8234487944579974e-08
stripe,12,2,-0.024225161518702083,2.6068193739783512e-08
stripe,12,3,0.027160387734292437,4.139376310018065e-08
stripe,12,4,-0.02818555050941305,5.7002624736774136e-08
stripe,12,5,0.02719271426353323,7.258529800656615e-08
stripe,12,6,-0.024181948730174544,8.690468849091579e-08
stripe,12,7,0.01919694250756936,9.977415298173752e-08
stripe,12,8,-0.012505739358201233,1.1000964483567153e-07
stripe,12,9,0.004655986253459799,1.1567455083328922e-07
stripe,12,10,0.003675961975996398,1.1546446007396008e-07
stripe,12,11,-0.011799656332654248,1.0968432379499013e-07
stripe,12,12,0.019034422509942413,1.0031928726164217e-07
stripe,12,13,-0.024827506556570983,9.02731213912579e-08
stripe,12,14,0.028948798068228504,8.208411981493838e-08
stripe,12,15,-0.031528694807446814,7.719015112300145e-08
stripe,12,16,0.032864745182706656,7.610535154537011e-08
stripe,12,17,-0.033191824891566676,7.87702254460316e-08
stripe,12,18,0.03257576639447062,8.495513502232937e-08
stripe,12,19,-0.030894795627279554,9.471461319868905e-08
stripe,12,20,0.027873454130492133,1.0801426268029801e-07
stripe,12,21,-0.023232566480687188,1.2379615209344547e-07
stripe,12,22,0.01693245276965301,1.3955022818562064e-07
stripe,12,23,-0.00931003350558339,1.5166913733233123e-07
stripe,12,24,0.0009592183266450447,1.5675872001278633e-07
stripe,12,25,0.007464506160892812,1.533174907981663e-07
stripe,12,26,-0.01530655353925843,1.425463903471438e-07
stripe,12,27,0.021949474155593098,1.2772757684272723e-07
stripe,12,28,-0.026987734311491034,1.1267924427420485e-07
stripe,12,29,0.03038801488114707,1.0017741455270083e-07
stripe,12,30,-0.032407514217993344,9.146248464613429e-08
stripe,12,31,0.033357909384533216,8.673420574719319e-08
stripe,12,32,-0.03342860037557607,8.580799579780054e-08
stripe,12,33,0.03263508578638389,8.863828016504201e-08
stripe,12,34,-0.03081719750183005,9.538256865299061e-08
stripe,12,35,0.02767670454446736,1.0598915116922837e-07
stripe,12,36,-0.022932059598334005,1.194912097467209e-07
stripe,12,37,0.016557353675354818,1.3344985565536437e-07
stripe,12,38,-0.00890182589260022,1.443568840655572e-07
stripe,12,39,0.0005591806880001294,1.4889739815644204e-07
stripe,12,40,0.007823905754417108,1.455096606117454e-07
stripe,12,41,-0.01560235303685904,1.3515209800705528e-07
stripe,12,42,0.02217230769811393,1.207218353842937e-07
stripe,12,43,-0.027149687411468382,1.0561946800569724e-07
stripe,12,44,0.030523416767582974,9.23207091809227e-08
stripe,12,45,-0.0325670265700727,8.190676474707685e-08
stripe,12,46,0.033609598471283045,7.449231240132032e-08
stripe,12,47,-0.03386840270679738,6.985233654965373e-08
stripe,12,48,0.03340227131002414,6.78970726195923e-08
stripe,12,49,-0.0321087658085054,6.878434295736804e-08
stripe,12,50,0.029732812605247207,7.270577905296344e-08
stripe,12,51,-0.025945041496389785,7.946481947194877e-08
stripe,12,52,0.02053800973754287,8.803529223398841e-08
stripe,12,53,-0.013635501205345839,9.647050037389289e-08
stripe,12,54,0.005710887043450005,1.02299847376277e-07
stripe,12,55,0.0025964732131405913,1.035941084780737e-07
stripe,12,56,-0.010629376636340985,9.977812934311249e-08
stripe,12,57,0.017737375722400625,9.175888672542288e-08
stripe,12,58,-0.02336268063960676,8.13017375648272e-08
stripe,12,59,0.02720768252397414,6.993406911799739e-08
stripe,12,60,-0.029261564249825393,5.813971109241099e-08
stripe,12,61,0.02958839247292964,4.559314553120812e-08
stripe,12,62,-0.028144628058199415,3.307529256971744e-08
stripe,12,63,0.024955960295218675,2.0813435571516974e-08
stripe,12,64,-0.01714487194423618,1.4554417071545744e-08
stripe,13,1,0.016637834169443123,1.0271825927276496e-08
stripe,13,2,-0.024184818989879592,1.4684023906863224e-08
stripe,13,3,0.02711561687878452,2.3312167275399995e-08
stripe,13,4,-0.028135125292995007,3.209021114678515e-08
stripe,13,5,0.027133866134489194,4.083950658924454e-08
stripe,13,6,-0.024112361844494876,4.8860419957419565e-08
stripe,13,7,0.01911756199920306,5.6049484881310183e-08
stripe,13,8,-0.01242135876050466,6.174782030959967e-08
stripe,13,9,0.004573078510094461,6.487878633424729e-08
stripe,13,10,0.0037516621218234344,6.472461586726258e-08
stripe,13,11,-0.01186361004657819,6.146511870390363e-08
stripe,13,12,0.019083413486833217,5.622020831584272e-08
stripe,13,13,-0.024860819418038856,5.060569632889248e-08
stripe,13,14,0.02896881170704925,4.604379105662524e-08
stripe,13,15,-0.0315395016208095,4.335041197863023e-08
stripe,13,16,0.03287028463564714,4.279024898411065e-08
stripe,13,17,-0.03319513075355333,4.4334058907073737e-08
stripe,13,18,0.03257933104795176,4.785598622335783e-08
stripe,13,19,-0.030901180857862056,5.3367925900115276e-08
stripe,13,20,0.027885597250018233,6.086354677343906e-08
stripe,13,21,-0.023253163020741367,6.975721571599215e-08
stripe,13,22,0.016962751471627034,7.863487503048205e-08
stripe,13,23,-0.009349205475991364,8.54720365818741e-08
stripe,13,24,0.0010047882968887774,8.835970338643292e-08
stripe,13,25,0.007416036019872799,8.64481506331845e-08
stripe,13,26,-0.015259664442729817,8.040735025863051e-08
stripe,13,27,0.02190880538615265,7.208185114805007e-08
stripe,13,28,-0.02695627514876406,6.362303470682229e-08
stripe,13,29,0.030366034210917436,5.660162713609664e-08
stripe,13,30,-0.0323935004818867,5.1726182356937376e-08
stripe,13,31,0.03335014095371414,4.910566400765763e-08
stripe,13,32,-0.033426157105004184,4.863577172658929e-08
stripe,13,33,0.032638179558677455,5.029702401200508e-08
stripe,13,34,-0.03082732445039295,5.4181039138723625e-08
stripe,13,35,0.027696403207395408,6.026346506275342e-08
stripe,13,36,-0.022963662247426152,6.799017755305774e-08
stripe,13,37,0.016601290533159355,7.596444247673277e-08
stripe,13,38,-0.008956068485501461,8.218299677416575e-08
stripe,13,39,0.0006200778007900139,8.476019499106604e-08
stripe,13,40,0.007760972583888075,8.282660313152841e-08
stripe,13,41,-0.015542945524020177,7.696153726009409e-08
stripe,13,42,0.02212186776935891,6.88580413433482e-08
stripe,13,43,-0.027111503280552795,6.053516301019951e-08
stripe,13,44,0.030497431627316454,5.341632067531817e-08
stripe,13,45,-0.03255127533883491,4.809942125444859e-08
stripe,13,46,0.03360223769933887,4.444972673886669e-08
stripe,13,47,-0.033868774491321404,4.201828118682258e-08
stripe,13,48,0.03341142426655608,4.091406405161436e-08
stripe,13,49,-0.03212988826560104,4.2121032809742e-08
stripe,13,50,0.029771193579045854,4.52114789636917e-08
stripe,13,51,-0.02600615471245562,4.92451808421326e-08
stripe,13,52,0.02062482681886584,5.425765686174459e-08
stripe,13,53,-0.013745644793007734,5.9371046699261244e-08
stripe,13,54,0.0058376839165765835,6.319482353892942e-08
stripe,13,55,0.0024614964713051656,6.433812504590922e-08
stripe,13,56,-0.010495787315992423,6.213450726594645e-08
stripe,13,57,0.017615560887461724,5.715187587566003e-08
stripe,13,58,-0.023260792712381892,5.051122907730409e-08
stripe,13,59,0.02712804979092625,4.323925664362308e-08
stripe,13,60,-0.029200584898846426,3.573155600846154e-08
stripe,13,61,0.02954006451365602,2.785276355516862e-08
stripe,13,62,-0.028104025627851283,2.010252330824858e-08
stripe,13,63,0.024920554992097898,1.2608582862988308e-08
stripe,13,64,-0.017119244314364613,8.80494847153695e-09
stripe,14,1,0.016615482694377973,5.783821715313502e-09
stripe,14,2,-0.024154025434642568,8.26777273204557e-09
stripe,14,3,0.02708072763972571,1.3124314130496008e-08
stripe,14,4,-0.028094638464073625,1.8061858691764368e-08
stripe,14,5,0.02708491699618317,2.29789355764372e-08
stripe,14,6,-0.024052452073096586,2.7482798845927977e-08
stripe,14,7,0.01904697086925561,3.1512556127659555e-08
stripe,14,8,-0.012344062663231119,3.4695532644110314e-08
stripe,14,9,0.0044948429879001035,3.643157627521431e-08
stripe,14,10,0.0038252839411584334,3.632513296229491e-08
stripe,14,11,-0.01192777119321101,3.448386497548556e-08
stripe,14,12,0.019134244398916,3.154057473227745e-08
stripe,14,13,-0.024896829751559314,2.8402324051754705e-08
stripe,14,14,0.02899168319382705,2.586124294100346e-08
stripe,14,15,-0.03155296824569866,2.4376911301325776e-08
stripe,14,16,0.032878220634727603,2.408907499244011e-08
stripe,14,17,-0.033200689911105224,2.497324270658134e-08
stripe,14,18,0.03258515952024428,2.6978444989701685e-08
stripe,14,19,-0.030909977174024127,3.0111326685712844e-08
stripe,14,20,0.02790010164886849,3.4355162194280093e-08
stripe,14,21,-0.023275771206403725,3.9381410681039125e-08
stripe,14,22,0.01699422330432701,4.439833226713458e-08
stripe,14,23,-0.00938819806855741,4.8265615544952335e-08
stripe,14,24,0.0010486821242350246,4.99048708834021e-08
stripe,14,25,0.007370625902395434,4.883710241796857e-08
stripe,14,26,-0.015216778162015466,4.5440522824036396e-08
stripe,14,27,0.021872408207938038,4.0760307816935336e-08
stripe,14,28,-0.02692873732184022,3.601550278445318e-08
stripe,14,29,0.030347338525171776,3.210370790130901e-08
stripe,14,30,-0.03238216236730562,2.9433778707228726e-08
stripe,14,31,0.03334467229378799,2.8056375180127903e-08
stripe,14,32,-0.03342586016206792,2.7870917664635965e-08
stripe,14,33,0.03264360193164769,2.8873453842920115e-08
stripe,14,34,-0.030840077742051962,3.1158270029361094e-08
stripe,14,35,0.027719072098179875,3.471807791423815e-08
stripe,14,36,-0.022998341666882076,3.922672067379354e-08
stripe,14,37,0.01664779162535197,4.386351614636214e-08
stripe,14,38,-0.009011824050107295,4.746288554372805e-08
stripe,14,39,0.0006810620562877237,4.893583932879121e-08
stripe,14,40,0.007699426609408903,4.780180241892819e-08
stripe,14,41,-0.015486070237290948,4.4425252346989135e-08
stripe,14,42,0.02207455211856782,3.981571063794662e-08
stripe,14,43,-0.027076384755467954,3.5251965911032185e-08
stripe,14,44,0.03047415490352793,3.152414100872986e-08
stripe,14,45,-0.032537818818031666,2.888782403429846e-08
stripe,14,46,0.03359687052356893,2.7185533024275457e-08
stripe,14,47,-0.03387106948362725,2.6056400228560876e-08
stripe,14,48,0.03342268433888265,2.5770675537228978e-08
stripe,14,49,-0.03215342772800534,2.737818579606243e-08
stripe,14,50,0.029812217856814788,2.9948221711200506e-08
stripe,14,51,-0.026070246120495126,3.261713260718085e-08
stripe,14,52,0.020714397603394857,3.5903872735667643e-08
stripe,14,53,-0.013857596981503215,3.917767378772202e-08
stripe,14,54,0.005964555730414335,4.1749827018530375e-08
stripe,14,55,0.002328683253011765,4.26659767961719e-08
stripe,14,56,-0.010366633287979207,4.1296785873530894e-08
stripe,14,57,0.01749990887174232,3.8005183377642497e-08
stripe,14,58,-0.02316597159341644,3.354146607979002e-08
stripe,14,59,0.027055691527898273,2.8614938955981543e-08
stripe,14,60,-0.02914681646163584,2.3533681697173898e-08
stripe,14,61,0.029498954605483418,1.8253202040478596e-08
stripe,14,62,-0.02807066108390243,1.3117820293941785e-08
stripe,14,63,0.02489224333658616,8.204278207009568e-09
stripe,14,64,-0.017099087590897247,5.722896823068357e-09
stripe,15,1,0.016598121554660828,3.2608761787815137e-09
stripe,15,2,-0.02412981950116254,4.661299259822248e-09
stripe,15,3,0.027052711409909537,7.398774152180576e-09
stripe,15,4,-0.028061181087210257,1.018081214070382e-08
stripe,15,5,0.02704320831319845,1.2949281316400154e-08
stripe,15,6,-0.02399988101343782,1.5480811665326898e-08
stripe,15,7,0.01898342400165691,1.7741102409255548e-08
stripe,15,8,-0.012272830817129085,1.9522124083329332e-08
stripe,15,9,0.004421170704370131,2.04872835802945e-08
stripe,15,10,0.0038960486567336606,2.0416495279806883e-08
stripe,15,11,-0.011990679370712253,1.937393798806445e-08
stripe,15,12,0.019185117323803062,1.7718451375907725e-08
stripe,15,13,-0.024933728482623305,1.5960321559076326e-08
stripe,15,14,0.029015791708263534,1.4547068016716772e-08
stripe,15,15,-0.03156773940732667,1.3728241650480616e-08
stripe,15,16,0.03288744225663261,1.3578428977763971e-08
stripe,15,17,-0.033207537725648585,1.4086807966150539e-08
stripe,15,18,0.03259230607219453,1.5226123026136177e-08
stripe,15,19,-0.03092007747201418,1.700139458031603e-08
stripe,15,20,0.027915871387103882,1.9401054834470036e-08
stripe,15,21,-0.023299308011106058,2.224277550238007e-08
stripe,15,22,0.01702595133584337,2.507948800214812e-08
stripe,15,23,-0.009426588060477116,2.7268353574939574e-08
stripe,15,24,0.0010910217295660757,2.8200703313449896e-08
stripe,15,25,0.007327593627309745,2.7604626355093802e-08
stripe,15,26,-0.015176799264388318,2.5693097544588033e-08
stripe,15,27,0.021839058908464347,2.3055452120794755e-08
stripe,15,28,-0.02690397831946851,2.0381512713517043e-08
stripe,15,29,0.030330905860864933,1.817840843034399e-08
stripe,15,30,-0.03237264226456716,1.667832871668601e-08
stripe,15,31,0.03334073811988004,1.591123781548677e-08
stripe,15,32,-0.03342704030308556,1.5835464641458582e-08
stripe,15,33,0.03265057302818112,1.6450076075584852e-08
stripe,15,34,-0.030854606572119,1.7788748150020898e-08
stripe,15,35,0.02774367132247762,1.9838824130757627e-08
stripe,15,36,-0.023034880936095663,2.241898911031844e-08
stripe,15,37,0.016695827639734553,2.5071529427206642e-08
stripe,15,38,-0.009068409498278555,2.7134070826958673e-08
stripe,15,39,0.0007419538722650727,2.7985932535929473e-08
stripe,15,40,0.007638871754486742,2.734901866718169e-08
stripe,15,41,-0.01543085185382322,2.5410757134493453e-08
stripe,15,42,0.02202916749679864,2.2727372806713476e-08
stripe,15,43,-0.02704316274790963,2.0105560441482943e-08
stripe,15,44,0.030452545839743467,1.792819665298044e-08
stripe,15,45,-0.032525775423462126,1.624355275444107e-08
stripe,15,46,0.03359272561350421,1.51398290618419e-08
stripe,15,47,-0.03387451922525221,1.4590369476594177e-08
stripe,15,48,0.03343513079122824,1.4592156083013108e-08
stripe,15,49,-0.032178340664337765,1.513797849294545e-08
stripe,15,50,0.029854887714304217,1.6217061829606133e-08
stripe,15,51,-0.026136115391387535,1.7862632199502723e-08
stripe,15,52,0.02080565518359998,1.9869440094831594e-08
stripe,15,53,-0.013970770541327983,2.180007744327098e-08
stripe,15,54,0.006091773238000905,2.3177187868710654e-08
stripe,15,55,0.002196712692935111,2.353398985625477e-08
stripe,15,56,-0.010239593793993397,2.2722856571078247e-08
stripe,15,57,0.017387553427541412,2.0947542125397464e-08
stripe,15,58,-0.023075356688883174,1.8587689672607374e-08
stripe,15,59,0.026987998532840732,1.5989225946039476e-08
stripe,15,60,-0.029097665532179767,1.3275097958204022e-08
stripe,15,61,0.02946240204080642,1.0390356541205713e-08
stripe,15,62,-0.02804195648551143,7.524301789207715e-09
stripe,15,63,0.024868544325072472,4.7291618724823886e-09
stripe,15,64,-0.01708249746735606,3.3054456182635294e-09
stripe,16,1,0.016584244529706388,1.830715728328064e-09
stripe,16,2,-0.0241102414484636,2.6166397593159993e-09
stripe,16,3,0.027029577541393665,4.152578561595935e-09
stripe,16,4,-0.02803280223368351,5.712392061937801e-09
stripe,16,5,0.027006883297348162,7.264159980065824e-09
stripe,16,6,-0.023952959969679742,8.684564807847666e-09
stripe,16,7,0.018925532273244446,9.952161944732755e-09
stripe,16,8,-0.012206810558008346,1.094699596625345e-08
stripe,16,9,0.00435181965830617,1.1482577828544043e-08
stripe,16,10,0.003963642047970257,1.1438434931059839e-08
stripe,16,11,-0.01205160710567166,1.0851329694458942e-08
stripe,16,12,0.0192350756834054,9.921285716530212e-09
stripe,16,13,-0.024970473119673937,8.93381927742358e-09
stripe,16,14,0.029040255076207274,8.137890238573283e-09
stripe,16,15,-0.03158307989410771,7.677966728759406e-09
stripe,16,16,0.03289727864660758,7.583352758364417e-09
stripe,16,17,-0.03321499775305779,7.876332396333397e-09
stripe,16,18,0.0326000593501561,8.54112572083342e-09
stripe,16,19,-0.030930744177902324,9.563795542529488e-09
stripe,16,20,0.02793206428804461,1.0937196698236607e-08
stripe,16,21,-0.023322950815842333,1.254316872247578e-08
stripe,16,22,0.01705727332017962,1.4145845684515783e-08
stripe,16,23,-0.00946394062563511,1.538302098975903e-08
stripe,16,24,0.0011316931449350345,1.5912809064766618e-08
stripe,16,25,0.0072867553209793965,1.558114040022365e-08
stripe,16,26,-0.015139263955727983,1.4506060911270565e-08
stripe,16,27,0.02180802729012375,1.3018657074125692e-08
stripe,16,28,-0.026881163950347703,1.1507542355604925e-08
stripe,16,29,0.030316030998941833,1.0259707294279343e-08
stripe,16,30,-0.032364311886979566,9.404069728103425e-09
stripe,16,31,0.03333776062799718,8.960000411071625e-09
stripe,16,32,-0.033429076269773234,8.908600292567068e-09
stripe,16,33,0.032658380322867865,9.235104092505411e-09
stripe,16,34,-0.030870050663650048,9.99433897154897e-09
stripe,16,35,0.027769280517645684,1.1187338200610567e-08
stripe,16,36,-0.023072414050173625,1.2662887762149138e-08
stripe,16,37,0.016744663038550482,1.4165175302495865e-08
stripe,16,38,-0.009125419357065585,1.5337350552820903e-08
stripe,16,39,0.0008027910590399155,1.583410011877146e-08
stripe,16,40,0.007578837226859991,1.5492288450406663e-08
stripe,16,41,-0.015376508596027644,1.4415850454833646e-08
stripe,16,42,0.021984842669273447,1.2916539779855523e-08
stripe,16,43,-0.027010935904901813,1.1371599464116633e-08
stripe,16,44,0.03043176864931161,1.0029788771026328e-08
stripe,16,45,-0.032514449643546925,8.998608593994392e-09
stripe,16,46,0.033589185497366086,8.30158960483656e-09
stripe,16,47,-0.03387853247558139,7.902179579584102e-09
stripe,16,48,0.03344823986286023,7.7866797094786e-09
stripe,16,49,-0.03220401549663851,7.99696313465275e-09
stripe,16,50,0.029898316846381574,8.986653368918237e-09
stripe,16,51,-0.02620263557713572,1.1692173337060852e-08
stripe,16,52,0.020897233704040785,1.5008443917998936e-08
stripe,16,53,-0.014083589871118324,1.5526640037479923e-08
stripe,16,54,0.006217699294016976,1.6734828603803412e-08
stripe,16,55,0.002067097635093449,8.713583829893608e-09
stripe,16,56,-0.010115689857512381,-1.6827102268124126e-09
stripe,16,57,0.01727864996835677,1.7759003580267962e-09
stripe,16,58,-0.022988125782736877,7.340717021023896e-09
stripe,16,59,0.026923487328445496,8.549113626844396e-09
stripe,16,60,-0.029051757043990496,7.023024210395426e-09
stripe,16,61,0.02942912507419628,5.3503374756698264e-09
stripe,16,62,-0.02801651849308015,3.901864752258605e-09
stripe,16,63,0.02484800506232768,2.4750461697892895e-09
stripe,16,64,-0.017068319177012885,1.7327930827643537e-09
stripe,17,1,0.016572751234635565,1.8366939204715447e-09
stripe,17,2,-0.024093807937248503,2.647055842696593e-09
stripe,17,3,0.027009745363824778,4.283846026700731e-09
stripe,17,4,-0.02800796174727463,6.06050863536097e-09
stripe,17,5,0.026974468077996767,7.945173964510906e-09
stripe,17,6,-0.023910202503024544,9.761641308084137e-09
stripe,17,7,0.018872172131494475,1.1408232242106233e-08
stripe,17,8,-0.012145245696405363,1.2705079057510401e-08
stripe,17,9,0.0042864145303425,1.3418746833976207e-08
stripe,17,10,0.004028060131782592,1.3300353885629481e-08
stripe,17,11,-0.012110206889767466,1.2693841847394448e-08
stripe,17,12,0.019283537126750953,1.1514512680866824e-08
stripe,17,13,-0.02500645709896579,1.128453327721096e-08
stripe,17,14,0.029064467865520527,1.1512613893749608e-08
stripe,17,15,-0.03159848361178605,9.747480063219067e-09
stripe,17,16,0.03290735479230737,8.645647814035318e-09
stripe,17,17,-0.033222762050166034,8.295401718221758e-09
stripe,17,18,0.032608154519971726,7.4350116694415895e-09
stripe,17,19,-0.0309417814330823,7.125021714667018e-09
stripe,17,20,0.02794861218593485,7.304358128862315e-09
stripe,17,21,-0.02334682781439905,7.956043970172474e-09
stripe,17,22,0.017088591263820244,8.838768066929999e-09
stripe,17,23,-0.009500974832970998,9.610877340257606e-09
stripe,17,24,0.0011717090929928976,9.973737676353027e-09
stripe,17,25,0.00724687109874551,9.78767083252597e-09
stripe,17,26,-0.015102917582175798,9.10636914001231e-09
stripe,17,27,0.021778313318424024,8.139310705762214e-09
stripe,17,28,-0.026859616289022566,7.144551408176359e-09
stripe,17,29,0.030302215665031405,6.314962112754293e-09
stripe,17,30,-0.0323566736983411,5.743828452785215e-09
stripe,17,31,0.033335315843606744,5.440506081911213e-09
stripe,17,32,-0.033431790492081344,5.395074490584685e-09
stripe,17,33,0.0326670516591101,5.611045353494782e-09
stripe,17,34,-0.03088653553337862,6.089655969642412e-09
stripe,17,35,0.02779605554160997,6.820943853908776e-09
stripe,17,36,-0.02311113092568172,7.73361473910859e-09
stripe,17,37,0.016794570913030812,8.660841923611043e-09
stripe,17,38,-0.009183238598155449,9.371076663084279e-09
stripe,17,39,0.0008641087305670731,9.65452096503171e-09
stripe,17,40,0.007518657015271837,9.426029499715968e-09
stripe,17,41,-0.015322276463452408,8.776949988602653e-09
stripe,17,42,0.02194076646166372,7.930455278197968e-09
stripe,17,43,-0.026979008036626822,7.1224107744048624e-09
stripe,17,44,0.03041129254989123,6.51997589339641e-09
stripe,17,45,-0.03250338093985909,6.220509823618863e-09
stripe,17,46,0.03358588538915899,5.825742244067103e-09
stripe,17,47,-0.033882844209902,4.439761577680079e-09
stripe,17,48,0.03346174376063571,4.9183046288070405e-09
stripe,17,49,-0.032230048621673564,4.949865938915501e-09
stripe,17,50,0.02994208716869297,3.930081023234714e-09
stripe,17,51,-0.026269322670523218,4.580241334234581e-09
stripe,17,52,0.02098859073937096,4.857714875182602e-09
stripe,17,53,-0.01419576285432518,5.145284828572634e-09
stripe,17,54,0.0063423464999532424,5.675381535146299e-09
stripe,17,55,0.0019396007022332413,5.456283076271182e-09
stripe,17,56,-0.009994595491737075,5.046794526291797e-09
stripe,17,57,0.017172575335114446,5.0146344641444384e-09
stripe,17,58,-0.022903743333422547,4.625471956825514e-09
stripe,17,59,0.02686165462726229,4.150483540897379e-09
stripe,17,60,-0.029008276104140678,3.5078333747410686e-09
stripe,17,61,0.029398126286908105,2.745200554918162e-09
stripe,17,62,-0.027993293383035484,1.98700109282216e-09
stripe,17,63,0.024829602101693167,1.255356275571692e-09
stripe,17,64,-0.017055767580590048,8.801690283249079e-10
stripe,18,1,0.01656304712000542,1.9751314036202577e-09
stripe,18,2,-0.02407982464937114,2.8489945495060416e-09
stripe,18,3,0.026992638906539388,4.6184037568340645e-09
stripe,18,4,-0.027986091147024866,6.545986729734705e-09
stripe,18,5,0.02694532692216539,8.590817948740346e-09
stripe,18,6,-0.023871290022488258,1.0557124393708975e-08
stripe,18,7,0.01882292869187699,1.2331592404955993e-08
stripe,18,8,-0.012087888785490013,1.3721705817394967e-08
stripe,18,9,0.004225049620621527,1.4483663051146666e-08
stripe,18,10,0.00408885954167232,1.4350232901507413e-08
stripe,18,11,-0.01216580375711799,1.3687926228576052e-08
stripe,18,12,0.019329731149253536,1.2415852855394538e-08
stripe,18,13,-0.025040905958255918,1.2114776222664826e-08
stripe,18,14,0.029087754950420944,1.2334672491909711e-08
stripe,18,15,-0.03161339989176207,1.0410855883922976e-08
stripe,18,16,0.03291720864467115,8.95074499691815e-09
stripe,18,17,-0.03323049092315973,8.136050438004251e-09
stripe,18,18,0.03261629322751696,6.741869896130907e-09
stripe,18,19,-0.030952785613864234,5.891503936412466e-09
stripe,18,20,0.02796489711472113,5.547928256936287e-09
stripe,18,21,-0.023370117353736536,5.729999509230613e-09
stripe,18,22,0.01711894845628645,6.232067612577233e-09
stripe,18,23,-0.009536672556904498,6.755496994574344e-09
stripe,18,24,0.0012100687401662004,7.035557367373891e-09
stripe,18,25,0.007208832853286615,6.930310506017183e-09
stripe,18,26,-0.01506838488604208,6.44876309644588e-09
stripe,18,27,0.02175010189779821,5.730700014135847e-09
stripe,18,28,-0.02683922923939871,4.9640646962704144e-09
stripe,18,29,0.030289213750114577,4.292366303160656e-09
stripe,18,30,-0.03234971522130791,3.7878423988873965e-09
stripe,18,31,0.03333340166188443,3.4752717994548626e-09
stripe,18,32,-0.03343479939618271,3.3490762013757372e-09
stripe,18,33,0.03267588292636701,3.389278480324812e-09
stripe,18,34,-0.030903136206812377,3.5887877156809457e-09
stripe,18,35,0.02782295345149084,3.954384198036742e-09
stripe,18,36,-0.02315000048227538,4.445910916779397e-09
stripe,18,37,0.016844612897749404,4.962011413565999e-09
stripe,18,38,-0.00924110549744081,5.372968338808752e-09
stripe,18,39,0.0009253285537849285,5.552747046275624e-09
stripe,18,40,0.007458718769860158,5.4396898345120545e-09
stripe,18,41,-0.015268381151034863,5.066079507564804e-09
stripe,18,42,0.021897072216049397,4.542913514483299e-09
stripe,18,43,-0.02694744454952244,3.999203233127905e-09
stripe,18,44,0.03039108057983268,3.530222632256037e-09
stripe,18,45,-0.03249250471031616,3.172072931731303e-09
stripe,18,46,0.033582685792295966,2.892585490999207e-09
stripe,18,47,-0.03388714611129659,2.6405879944378685e-09
stripe,18,48,0.03347502891618487,2.5154243790945065e-09
stripe,18,49,-0.03225569535408904,2.4444181708666872e-09
stripe,18,50,0.02998521103711548,2.4184423206636683e-09
stripe,18,51,-0.026335033336659378,2.5636112949426765e-09
stripe,18,52,0.021078617690415618,2.78891016462393e-09
stripe,18,53,-0.014306130457494105,3.0334083794800864e-09
stripe,18,54,0.006464777489451597,3.229678339623569e-09
stripe,18,55,0.0018145518072226327,3.2803675565012967e-09
stripe,18,56,-0.009876131156122143,3.1731578191938914e-09
stripe,18,57,0.01706941411724626,2.9431682697237562e-09
stripe,18,58,-0.022822007774146412,2.6258071665639034e-09
stripe,18,59,0.026802046014909875,2.277630540812696e-09
stripe,18,60,-0.02896668592598979,1.9047538992774255e-09
stripe,18,61,0.029368799861225446,1.4985479231622513e-09
stripe,18,62,-0.027971622042494686,1.0895477865075952e-09
stripe,18,63,0.024812665754912352,6.867931047734123e-10
stripe,18,64,-0.017044322294950072,4.806523276575298e-10
stripe,19,1,0.01655467970199997,2.076685958759043e-09
stripe,19,2,-0.024067676715936608,2.9948141427259366e-09
stripe,19,3,0.026977581572070548,4.852722235616051e-09
stripe,19,4,-0.027966533700884776,6.874275671530643e-09
stripe,19,5,0.026918836797598426,9.016906440807765e-09
stripe,19,6,-0.023835498910419174,1.107586349189109e-08
stripe,19,7,0.018777195961092508,1.2931659377606907e-08
stripe,19,8,-0.012034266305963033,1.4380458596004194e-08
stripe,19,9,0.004167362360984279,1.5166160316969698e-08
stripe,19,10,0.0041462549611437655,1.5015856670138435e-08
stripe,19,11,-0.01221849281277057,1.431131777735649e-08
stripe,19,12,0.019373658774766045,1.2978946680764818e-08
stripe,19,13,-0.025073789207963517,1.2599484469845726e-08
stripe,19,14,0.02911013125453474,1.2822424571453478e-08
stripe,19,15,-0.03162784163856798,1.0814147062158905e-08
stripe,19,16,0.03292682730377358,9.120394089225168e-09
stripe,19,17,-0.03323806172211799,8.07534373137523e-09
stripe,19,18,0.03262431639895248,6.421305646411561e-09
stripe,19,19,-0.030963657866566748,5.2982846263476136e-09
stripe,19,20,0.02798093319691826,4.6890331876461e-09
stripe,19,21,-0.023392924423464904,4.6326201144822704e-09
stripe,19,22,0.01714852480616176,4.94014687765899e-09
stripe,19,23,-0.009571306733212244,5.338232602965671e-09
stripe,19,24,0.0012471438966482982,5.578685302731091e-09
stripe,19,25,0.007172175394808685,5.515901776529446e-09
stripe,19,26,-0.015035187508350117,5.134635635086959e-09
stripe,19,27,0.021723061865493797,4.538939518804862e-09
stripe,19,28,-0.026819709719238,3.880087074584689e-09
stripe,19,29,0.030276824041910615,3.2853061775732395e-09
stripe,19,30,-0.03234320924994349,2.8254775638773954e-09
stripe,19,31,0.033331814527007106,2.484361880159384e-09
stripe,19,32,-0.03343801374133664,2.244190244994492e-09
stripe,19,33,0.0326848368785074,2.132825406155255e-09
stripe,19,34,-0.03091982677192484,2.151473996507695e-09
stripe,19,35,0.027849951806705412,2.287653818915483e-09
stripe,19,36,-0.023188977062510722,2.513499020871395e-09
stripe,19,37,0.01689476750688043,2.7699865494454366e-09
stripe,19,38,-0.009299072516194253,2.9800121966338636e-09
stripe,19,39,0.0009866051754508802,3.064057078620741e-09
stripe,19,40,0.007398808481271222,2.9794563474955982e-09
stripe,19,41,-0.015214600953556555,2.7647363453724867e-09
stripe,19,42,0.02185357032102403,2.5181180109111866e-09
stripe,19,43,-0.026916180625903743,2.3673811631641837e-09
stripe,19,44,0.03037128216739718,2.8009357235545754e-09
stripe,19,45,-0.03248198083702505,2.9021079438697237e-09
stripe,19,46,0.03357978409030056,3.278603865127173e-09
stripe,19,47,-0.03389162063675546,2.2471523761456505e-09
stripe,19,48,0.03348839337808036,9.702020930742095e-10
stripe,19,49,-0.03228113997041658,1.630239760855931e-09
stripe,19,50,0.03002768286303637,1.5995722170021846e-09
stripe,19,51,-0.026399551422787923,1.3609892220635841e-09
stripe,19,52,0.02116685917616514,1.3552231202852855e-09
stripe,19,53,-0.014414302147457321,1.432135060905822e-09
stripe,19,54,0.006584736074685493,1.5051464085877957e-09
stripe,19,55,0.001692117957322904,1.5498022761487397e-09
stripe,19,56,-0.00976035090479092,1.5369202445422625e-09
stripe,19,57,0.016968835994047207,1.4639048899510693e-09
stripe,19,58,-0.02274251326263366,1.344601576958766e-09
stripe,19,59,0.026744312035777772,1.1966464635788393e-09
stripe,19,60,-0.02892662469688896,1.0220250316119335e-09
stripe,19,61,0.029340776587635824,8.14999810721165e-10
stripe,19,62,-0.027951118001171022,5.980060808050802e-10
stripe,19,63,0.024796794277159535,3.788237846715313e-10
stripe,19,64,-0.017033668926039313,2.65563315740746e-10
stripe,20,1,0.016547328129989432,1.2551305569722263e-09
stripe,20,2,-0.024056927248833793,1.7967899989440613e-09
stripe,20,3,0.026964095508832147,2.8612264476568274e-09
stripe,20,4,-0.0279487710791266,3.9528824140962855e-09
stripe,20,5,0.026894558140993403,5.044915319728467e-09
stripe,20,6,-0.023802401520630782,6.041982959656056e-09
stripe,20,7,0.018734645249182787,6.924058432592452e-09
stripe,20,8,-0.011984128029857578,7.612140851267537e-09
stripe,20,9,0.00411324361497709,7.984195130352223e-09
stripe,20,10,0.004200253348717417,7.951389515151285e-09
stripe,20,11,-0.01226818642852718,7.540737171124634e-09
stripe,20,12,0.01941520713726882,6.86913956814476e-09
stripe,20,13,-0.025105008813900608,6.120435485128228e-09
stripe,20,14,0.029131513115919307,5.482540836849261e-09
stripe,20,15,-0.03164181323852176,4.900087315669035e-09
stripe,20,16,0.0329362162846991,4.298110155419165e-09
stripe,20,17,-0.033245543752266286,3.7486597402121175e-09
stripe,20,18,0.032632267354348335,3.305447598020724e-09
stripe,20,19,-0.03097440526473808,3.0228200527720085e-09
stripe,20,20,0.027996769141668463,2.9446623590501855e-09
stripe,20,21,-0.023415435711567345,3.0654895205963586e-09
stripe,20,22,0.017177709560257548,3.3142218818725945e-09
stripe,20,23,-0.00960548878132228,3.5746467399319435e-09
stripe,20,24,0.001283793392139541,3.7215649439883144e-09
stripe,20,25,0.007135891879667101,3.67363245658646e-09
stripe,20,26,-0.015002236004025395,3.4255422200678864e-09
stripe,20,27,0.02169603101431529,3.040438728446718e-09
stripe,20,28,-0.02680000636985417,2.610255178596309e-09
stripe,20,29,0.03026423953616497,2.204882470165158e-09
stripe,20,30,-0.032336605673590584,1.8679228931202644e-09
stripe,20,31,0.03333022592043749,1.6155621618849962e-09
stripe,20,32,-0.0334413337011385,1.4473634704226194e-09
stripe,20,33,0.03269399958170252,1.3585476349166979e-09
stripe,20,34,-0.03093684519649777,1.3449264062179869e-09
stripe,20,35,0.027877452771189352,1.4056418581639892e-09
stripe,20,36,-0.02322854253606082,1.5284981648760582e-09
stripe,20,37,0.016945525391062442,1.683232147330618e-09
stripe,20,38,-0.009357593293598851,1.8187245321984068e-09
stripe,20,39,0.0010483346855263212,1.884634407413946e-09
stripe,20,40,0.007338568097522523,1.8538663268920545e-09
stripe,20,41,-0.015160619849247357,1.7343049965457064e-09
stripe,20,42,0.02180997769082975,1.5601386798281554e-09
stripe,20,43,-0.026884880539092073,1.3806108128423755e-09
stripe,20,44,0.03035139923750304,1.188725551887562e-09
stripe,20,45,-0.03247136196894998,9.555270530137484e-10
stripe,20,46,0.03357678452887273,9.155824823704354e-10
stripe,20,47,-0.03389609360939244,9.607982419037238e-10
stripe,20,48,0.03350171282015721,8.845461998985393e-10
stripe,20,49,-0.03230631676932422,8.271462975737695e-10
stripe,20,50,0.030069479247183964,7.988638923187122e-10
stripe,20,51,-0.02646302795362642,8.06944157482464e-10
stripe,20,52,0.02125374618147175,8.546245600181683e-10
stripe,20,53,-0.014520684915593995,9.225161331165356e-10
stripe,20,54,0.006702615732148891,9.800464163924138e-10
stripe,20,55,0.0015718838520653975,1.0013846014057562e-09
stripe,20,56,-0.009646780078768189,9.738202185997793e-10
stripe,20,57,0.016870320378095327,9.0234370124622e-10
stripe,20,58,-0.022664755409312013,8.033137007196515e-10
stripe,20,59,0.026687951486380222,6.926247746659856e-10
stripe,20,60,-0.02888766506134074,5.764175940161159e-10
stripe,20,61,0.029313680400048288,4.525632787607038e-10
stripe,20,62,-0.02793142533486768,3.288335796357781e-10
stripe,20,63,0.024781662268658425,2.0719461130639105e-10
stripe,20,64,-0.017023569548447397,1.4496401697049472e-10
stripe,21,1,0.016540766735839638,6.746230232913389e-10
stripe,21,2,-0.02404728012528072,9.633644065146837e-10
stripe,21,3,0.026951895850583538,1.5257395572597416e-09
stripe,21,4,-0.027932543084221318,2.0927775174897815e-09
stripe,21,5,0.026872158890989026,2.652527932387188e-09
stripe,21,6,-0.02377167514320197,3.159151133018573e-09
stripe,21,7,0.01869495217492065,3.6077083024412e-09
stripe,21,8,-0.011937198340378513,3.960123185090791e-09
stripe,21,9,0.004062431551233215,4.151905941107895e-09
stripe,21,10,0.00425109549998241,4.137944979668118e-09
stripe,21,11,-0.01231508233560657,3.922578304183469e-09
stripe,21,12,0.019454483722411788,3.561070157285236e-09
stripe,21,13,-0.025134580825298368,3.1376623092126534e-09
stripe,21,14,0.02915178177110086,2.730753271892648e-09
stripe,21,15,-0.03165505337437047,2.3847962483722847e-09
stripe,21,16,0.032945218786062574,2.1043985784022897e-09
stripe,21,17,-0.03325280877949474,1.8853160194491626e-09
stripe,21,18,0.03264001897456993,1.7442208349310019e-09
stripe,21,19,-0.03098493470713677,1.689325700146178e-09
stripe,21,20,0.028012315377621808,1.7274267327958235e-09
stripe,21,21,-0.02343750023009165,1.8557691171523413e-09
stripe,21,22,0.01720623840299494,2.0337076731540655e-09
stripe,21,23,-0.009638804019120616,2.199696832946128e-09
stripe,21,24,0.001319379304741191,2.287061300325649e-09
stripe,21,25,0.007100742291700195,2.253928090071894e-09
stripe,21,26,-0.01497040202641955,2.101258712153936e-09
stripe,21,27,0.021670080747795816,1.8677941151997323e-09
stripe,21,28,-0.026781209375492648,1.607670761314583e-09
stripe,21,29,0.030252302193258283,1.3620730864601e-09
stripe,21,30,-0.03233040628568533,1.1463109980985999e-09
stripe,21,31,0.033328863186136676,9.849603882844997e-10
stripe,21,32,-0.0334447188328863,8.860186622662396e-10
stripe,21,33,0.03270309561957482,8.286907977655231e-10
stripe,21,34,-0.03095366216840261,8.103467501993826e-10
stripe,21,35,0.027904650239488526,8.422063359650734e-10
stripe,21,36,-0.023267784026671835,9.175283106617844e-10
stripe,21,37,0.016995959591128977,1.0096151939548187e-09
stripe,21,38,-0.00941580207625001,1.0909332041994804e-09
stripe,21,39,0.001109753377091383,1.1312894586830722e-09
stripe,21,40,0.007278622835279344,1.1123824769403002e-09
stripe,21,41,-0.015106906628586683,1.0373615145050164e-09
stripe,21,42,0.02176658568801803,9.250618521526822e-10
stripe,21,43,-0.02685367333140312,8.016745450775084e-10
stripe,21,44,0.030331549340096534,6.844613656976504e-10
stripe,21,45,-0.03246071060439889,5.798669166184097e-10
stripe,21,46,0.03357361837896631,5.079099245303291e-10
stripe,21,47,-0.0339000386869408,4.624017246253739e-10
stripe,21,48,0.033514099179987114,4.3355080250613765e-10
stripe,21,49,-0.032330330550643244,4.265815065701684e-10
stripe,21,50,0.030109943980628356,4.296240079464017e-10
stripe,21,51,-0.026524637597844986,4.5079224174241264e-10
stripe,21,52,0.021338229166121485,4.927302358459774e-10
stripe,21,53,-0.014624399999272748,5.386021339601575e-10
stripe,21,54,0.006817672484348459,5.733836569386298e-10
stripe,21,55,0.0014545666832542297,5.843464238009061e-10
stripe,21,56,-0.009535960665706654,5.665606612024722e-10
stripe,21,57,0.016774147758657355,5.250713011281596e-10
stripe,21,58,-0.02258886179998128,4.689660163087787e-10
stripe,21,59,0.02663300406305912,4.0765845438465637e-10
stripe,21,60,-0.02884977225335837,3.4143704472559667e-10
stripe,21,61,0.02928742018889291,2.6718088455446503e-10
stripe,21,62,-0.027912434564718404,1.933088871694683e-10
stripe,21,63,0.024767139833499686,1.2143333198564133e-10
stripe,21,64,-0.017013906747543134,8.484424042881599e-11
stripe,22,1,0.016534829742811608,1.3065744648664437e-09
stripe,22,2,-0.024038511606362004,1.893121324886789e-09
stripe,22,3,0.026940724004075614,3.094040132511011e-09
stripe,22,4,-0.02791755795277555,4.428658918632174e-09
stripe,22,5,0.02685133916357994,5.867595252745064e-09
stripe,22,6,-0.02374297234082326,7.267506202436729e-09
stripe,22,7,0.018657740439300144,8.535245838533766e-09
stripe,22,8,-0.011893092033147486,9.52168086194574e-09
stripe,22,9,0.004014599974014482,1.0039099370106965e-08
stripe,22,10,0.004299041615855665,9.877265237309497e-09
stripe,22,11,-0.012359430222908547,9.413075954376983e-09
stripe,22,12,0.019491702220863556,8.526840270963072e-09
stripe,22,13,-0.025162667508353227,8.656657540444416e-09
stripe,22,14,0.029171034747542526,9.413438441850596e-09
stripe,22,15,-0.031667558555134215,7.854382870310986e-09
stripe,22,16,0.03295364773776785,6.429906142366939e-09
stripe,22,17,-0.03325964218645565,5.6823946977510226e-09
stripe,22,18,0.03264749256745087,4.312447610467191e-09
stripe,22,19,-0.030995173004049633,3.360305416932349e-09
stripe,22,20,0.02802742301301403,2.8248840773889554e-09
stripe,22,21,-0.023458954066581585,2.7193984936450793e-09
stripe,22,22,0.017234004746527455,2.8899927752130366e-09
stripe,22,23,-0.00967125089572628,3.136421749075103e-09
stripe,22,24,0.0013540743493183531,3.2922994640916497e-09
stripe,22,25,0.0070664508357606865,3.2784970984091593e-09
stripe,22,26,-0.014939302981429035,3.1101315616355303e-09
stripe,22,27,0.021644658991046627,2.890255476210438e-09
stripe,22,28,-0.02676276319100141,2.7578723932093555e-09
stripe,22,29,0.030240531927984947,2.79090841191837e-09
stripe,22,30,-0.032324227341977964,3.227965160526205e-09
stripe,22,31,0.033327418265148546,4.546363119445957e-09
stripe,22,32,-0.033448000215328365,5.26551998852651e-09
stripe,22,33,0.0327122517466725,3.931573647540758e-09
stripe,22,34,-0.030970730016898415,3.4385331385609634e-09
stripe,22,35,0.027932113424803222,2.991503158996313e-09
stripe,22,36,-0.0233075238391394,1.5693495263669404e-09
stripe,22,37,0.017047164699734028,1.7737852659648487e-09
stripe,22,38,-0.009474845055752424,2.615449982100112e-09
stripe,22,39,0.001171762576066431,2.951125740461e-09
stripe,22,40,0.007218240459357102,2.9097948141285576e-09
stripe,22,41,-0.015052778626544985,2.6081865474158017e-09
stripe,22,42,0.02172283166517344,2.1574396959783246e-09
stripe,22,43,-0.026822139820169025,1.68318005649235e-09
stripe,22,44,0.03031134062361184,1.2680742464050816e-09
stripe,22,45,-0.03244976629717626,9.421183111319425e-10
stripe,22,46,0.03357020088577743,7.025841435475848e-10
stripe,22,47,-0.03390381082344769,5.335556694262441e-10
stripe,22,48,0.03352623400629749,4.172677693287271e-10
stripe,22,49,-0.0323537074176522,3.426235628275482e-10
stripe,22,50,0.030149183660589027,3.0742376043620337e-10
stripe,22,51,-0.026584715441805053,3.022179226254796e-10
stripe,22,52,0.021420761650194756,3.1685518196375646e-10
stripe,22,53,-0.01472591195582738,3.427233831681615e-10
stripe,22,54,0.006930419643717528,3.6553210737643174e-10
stripe,22,55,0.0013394972517979096,3.7485416954508455e-10
stripe,22,56,-0.009427218202941741,3.653589883318564e-10
stripe,22,57,0.016679757698028604,3.377761794992122e-10
stripe,22,58,-0.022514357065534767,2.9828408521785645e-10
stripe,22,59,0.0265790944705424,2.5313817239554616e-10
stripe,22,60,-0.02881265263561506,2.0690706361922645e-10
stripe,22,61,0.029261747958201613,1.608011119205668e-10
stripe,22,62,-0.027893910769657946,1.1615224349181847e-10
stripe,22,63,0.02475304743388955,7.291678105058039e-11
stripe,22,64,-0.01700456231548947,5.094231401584225e-11
stripe,23,1,0.016529408973597365,1.7317098691091782e-09
stripe,23,2,-0.024030479113923763,2.502738528598473e-09
stripe,23,3,0.026930437673262923,4.074302670427452e-09
stripe,23,4,-0.02790369549904563,5.808742729812708e-09
stripe,23,5,0.026831994320801807,7.667484874224285e-09
stripe,23,6,-0.023716221334159647,9.463976292230271e-09
stripe,23,7,0.018622996195104283,1.1076877920934705e-08
stripe,23,8,-0.011851839175760633,1.2316881500499836e-08
stripe,23,9,0.003969787720549329,1.2960258423046623e-08
stripe,23,10,0.004343988340650782,1.277243980561044e-08
stripe,23,11,-0.012400975145870453,1.2152642702671128e-08
stripe,23,12,0.019526541560586117,1.103764946161622e-08
stripe,23,13,-0.025188914945258406,1.0910569455264512e-08
stripe,23,14,0.02918901238276178,1.1511984459413688e-08
stripe,23,15,-0.031679303651477655,9.814184666566113e-09
stripe,23,16,0.03296167781409306,8.100093583106682e-09
stripe,23,17,-0.03326625563135893,7.016515907328485e-09
stripe,23,18,0.03265476784965513,5.332558419803916e-09
stripe,23,19,-0.031005184189343424,4.0914408961823646e-09
stripe,23,20,0.028042219488550645,3.332134717905679e-09
stripe,23,21,-0.023479953071277898,3.094090628310797e-09
stripe,23,22,0.017261160388276717,3.2123579157559593e-09
stripe,23,23,-0.009702959405807014,3.462859068562266e-09
stripe,23,24,0.0013879470961489244,3.6397273531227695e-09
stripe,23,25,0.00703299300738967,3.617521362400049e-09
stripe,23,26,-0.014908971927675827,3.3713907433533148e-09
stripe,23,27,0.021619894249040397,2.973462026552734e-09
stripe,23,28,-0.02674483374109867,2.53294230404048e-09
stripe,23,29,0.03022913072775802,2.139929717923455e-09
stripe,23,30,-0.03231829199473592,1.8427777516595282e-09
stripe,23,31,0.03332615170858886,1.617853563157611e-09
stripe,23,32,-0.033451424883643596,1.3560861233992205e-09
stripe,23,33,0.032721415124642314,1.040308010227663e-09
stripe,23,34,-0.03098771997863055,7.948321364780616e-10
stripe,23,35,0.027959462482629552,5.808693920992848e-10
stripe,23,36,-0.02334695578656775,3.9618757413481505e-10
stripe,23,37,0.01709786282478385,3.5490067619353895e-10
stripe,23,38,-0.009533325642840632,4.1909387840188857e-10
stripe,23,39,0.0012333765377737379,5.129992728375506e-10
stripe,23,40,0.007158183065318454,5.787597546849171e-10
stripe,23,41,-0.01499899992560571,5.735343191881167e-10
stripe,23,42,0.021679414682255545,4.4341379321414686e-10
stripe,23,43,-0.026790909249273014,1.558811089189671e-10
stripe,23,44,0.03029143921818506,1.106447243440665e-10
stripe,23,45,-0.03243902038368142,-1.1404887582648729e-10
stripe,23,46,0.033566847862764315,-3.838387524548133e-09
stripe,23,47,-0.03390740302516796,-5.178148328377295e-09
stripe,23,48,0.033537985765697845,-2.610921838243111e-09
stripe,23,49,-0.03237646381541294,-1.4024059853255836e-09
stripe,23,50,0.030187401683643866,-6.000978193078523e-10
stripe,23,51,-0.026643095613670724,-3.6169202500134747e-10
stripe,23,52,0.02150106125476791,-2.8554029634357323e-10
stripe,23,53,-0.014824746525634825,-3.5711011026037443e-10
stripe,23,54,0.0070402901761898295,-4.347120249244203e-10
stripe,23,55,0.001227287484627625,-4.769070177565635e-10
stripe,23,56,-0.00932110246025522,-4.71745969457812e-10
stripe,23,57,0.016587613367089086,-4.1839273826243055e-10
stripe,23,58,-0.022441614830927388,-3.3503684248951007e-10
stripe,23,59,0.026526439187936218,-2.466295702154872e-10
stripe,23,60,-0.02877639756734912,-1.6910933399689248e-10
stripe,23,61,0.02923672055579793,-1.0784386057181662e-10
stripe,23,62,-0.027875914321241042,-6.411542703863746e-11
stripe,23,63,0.024739369999717466,-3.4836966649156545e-11
stripe,23,64,-0.01699550024817051,-2.2840711022787035e-11
stripe,24,1,0.016524423919854203,1.8513771420063369e-09
stripe,24,2,-0.024023076471957994,2.6700481425888428e-09
stripe,24,3,0.026920927073474987,4.327757821490689e-09
stripe,24,4,-0.027890841933987866,6.132336062243071e-09
stripe,24,5,0.026813957714465778,8.049785301337096e-09
stripe,24,6,-0.023691204375753075,9.897044008828641e-09
stripe,24,7,0.01859044781050933,1.1555805181636918e-08
stripe,24,8,-0.011813159445756293,1.2833998476151353e-08
stripe,24,9,0.003927752526560517,1.3500791660463952e-08
stripe,24,10,0.004386180111631944,1.331931334129198e-08
stripe,24,11,-0.012439973494650643,1.2638997237928146e-08
stripe,24,12,0.01955926816237781,1.1438430135641257e-08
stripe,24,13,-0.025213585496611964,1.1153441686842302e-08
stripe,24,14,0.029205941664300086,1.1530811304948246e-08
stripe,24,15,-0.031690427109820576,9.85713476672987e-09
stripe,24,16,0.03296937611127532,8.235191596070368e-09
stripe,24,17,-0.03327268044601277,7.115328089438603e-09
stripe,24,18,0.03266186836650295,5.371198460241722e-09
stripe,24,19,-0.031015023304949894,4.073162451012715e-09
stripe,24,20,0.02805684670790821,3.2720911654340293e-09
stripe,24,21,-0.023500750039892895,2.9751175224209315e-09
stripe,24,22,0.01728805883020924,3.050779725296052e-09
stripe,24,23,-0.009734377868091157,3.2800919586138372e-09
stripe,24,24,0.0014215275802989063,3.4589680914579245e-09
stripe,24,25,0.006999815932895803,3.4521711932329823e-09
stripe,24,26,-0.014878874289370464,3.2136227625890834e-09
stripe,24,27,0.021595303609233132,2.7871241682805367e-09
stripe,24,28,-0.026727026793252916,2.2562571365787767e-09
stripe,24,29,0.030217915043270878,1.69782948999179e-09
stripe,24,30,-0.032312647111836124,1.1621593827625895e-09
stripe,24,31,0.03332529256327607,6.165142053763093e-10
stripe,24,32,-0.03345523435679272,3.638521263764876e-11
stripe,24,33,0.0327310328900596,-5.296395609190193e-10
stripe,24,34,-0.03100512591229311,-1.1025101658956329e-09
stripe,24,35,0.027987194326418056,-1.675184950226403e-09
stripe,24,36,-0.02338666765465959,-2.164694633964408e-09
stripe,24,37,0.017148723838384256,-2.4860871168968965e-09
stripe,24,38,-0.00959191235073937,-2.563783239415306e-09
stripe,24,39,0.0012950956657187302,-2.4017647955044513e-09
stripe,24,40,0.007098025136227577,-2.050325560574464e-09
stripe,24,41,-0.014945125332669954,-1.671681143286671e-09
stripe,24,42,0.02163589711748077,-1.6934566082255353e-09
stripe,24,43,-0.026759654365378867,-2.2229364797234175e-09
stripe,24,44,0.030271646886506798,-4.508695481695575e-09
stripe,24,45,-0.03242836600517782,-8.445669752033213e-09
stripe,24,46,0.03356350575870032,-1.0079597196475647e-08
stripe,24,47,-0.03391092836992972,-1.2132171605642139e-08
stripe,24,48,0.03354942268124868,-1.1839366549214236e-08
stripe,24,49,-0.03239875667532328,-7.737570678860056e-09
stripe,24,50,0.030225032720125212,-5.679286475484166e-09
stripe,24,51,-0.02670021447401083,-4.334856269909457e-09
stripe,24,52,0.02157969203118268,-3.3114348189207146e-09
stripe,24,53,-0.014921460448427497,-2.9707547168380705e-09
stripe,24,54,0.007147749716238631,-3.127952314244885e-09
stripe,24,55,0.001117425288028716,-3.4403667464416195e-09
stripe,24,56,-0.009217051685347342,-3.648725705211211e-09
stripe,24,57,0.01649744688694446,-3.593591918587585e-09
stripe,24,58,-0.022370534921447614,-3.2736112914792963e-09
stripe,24,59,0.026475160854094165,-2.7935660519687948e-09
stripe,24,60,-0.02874105928527968,-2.247379727036196e-09
stripe,24,61,0.029212339017410483,-1.6861159430574304e-09
stripe,24,62,-0.0278584125639773,-1.1705419715113256e-09
stripe,24,63,0.02472608040648676,-7.138594871960468e-10
stripe,24,64,-0.01698669861230041,-4.926983534088225e-10
stripe,25,1,0.016519811380962583,1.97219063540506e-09
stripe,25,2,-0.024016212013072753,2.8444803707256337e-09
stripe,25,3,0.026912076025703772,4.611046590784286e-09
stripe,25,4,-0.027878824676360554,6.539402590021353e-09
stripe,25,5,0.026797088399502556,8.587165596607914e-09
stripe,25,6,-0.02366778177439508,1.05534860866348e-08
stripe,25,7,0.01855995303934448,1.2320800076495202e-08
stripe,25,8,-0.01177690697908557,1.3688045467838549e-08
stripe,25,9,0.0038883466703357236,1.4402319469055267e-08
stripe,25,10,0.004425749987308339,1.4206370162135475e-08
stripe,25,11,-0.012476570543952136,1.3483022398223366e-08
stripe,25,12,0.019589976705767766,1.2161635625968715e-08
stripe,25,13,-0.025236712283900915,1.1660632362978107e-08
stripe,25,14,0.02922181869788433,1.1831669142689159e-08
stripe,25,15,-0.03170090989423445,9.881197926123629e-09
stripe,25,16,0.03297668608797233,7.509626601879474e-09
stripe,25,17,-0.033278849368618524,5.523090328940515e-09
stripe,25,18,0.032668807545074084,4.020491661502811e-09
stripe,25,19,-0.03102471150334455,3.372967760132734e-09
stripe,25,20,0.02807126286147381,2.7322147500026907e-09
stripe,25,21,-0.023521261337510795,2.5075063209391845e-09
stripe,25,22,0.01731460688712414,2.5832406627547107e-09
stripe,25,23,-0.009765395376233652,2.768300481256259e-09
stripe,25,24,0.001454682311968468,2.911963630393183e-09
stripe,25,25,0.006967030032296018,2.9052037057002147e-09
stripe,25,26,-0.014849096735487555,2.7051028268853226e-09
stripe,25,27,0.021570933995370054,2.3429443815262647e-09
stripe,25,28,-0.02670926776043845,1.886002213775144e-09
stripe,25,29,0.030206530791616733,1.3911386051667703e-09
stripe,25,30,-0.032306752100733804,8.812173455535123e-10
stripe,25,31,0.03332410824180545,3.8691363587221033e-10
stripe,25,32,-0.03345884844995835,-8.398167668827605e-11
stripe,25,33,0.032740416486154104,-5.588834927527027e-10
stripe,25,34,-0.031022274449189098,-1.0275346016918324e-09
stripe,25,35,0.028014755307804957,-1.47486708473028e-09
stripe,25,36,-0.023426406222762607,-1.8743255293372544e-09
stripe,25,37,0.017199698155493517,-2.167704866039441e-09
stripe,25,38,-0.009650701634372627,-2.3086215616782198e-09
stripe,25,39,0.0013570788367929226,-2.2862679663043147e-09
stripe,25,40,0.007037573422287161,-2.111793480491759e-09
stripe,25,41,-0.014890973859795924,-1.8465379733657085e-09
stripe,25,42,0.021592140704439638,-1.6874045747053684e-09
stripe,25,43,-0.026728085112026845,-1.6979337720248507e-09
stripe,25,44,0.030251486419189528,-2.560460082253044e-09
stripe,25,45,-0.03241745568760469,-4.097285852529695e-09
stripe,25,46,0.03355999420708748,-4.890764109732327e-09
stripe,25,47,-0.033914379031790766,-5.880523379753319e-09
stripe,25,48,0.03356090236318902,-5.586993822159623e-09
stripe,25,49,-0.03242090369956378,-3.849946721435707e-09
stripe,25,50,0.03026200841716327,-3.0699044951554783e-09
stripe,25,51,-0.02675668337296046,-2.6466613507479583e-09
stripe,25,52,0.02165721546576532,-2.459469056557001e-09
stripe,25,53,-0.015016687404374578,-2.5501293207718977e-09
stripe,25,54,0.007253659186733154,-2.394367976785711e-09
stripe,25,55,0.0010091175189286756,-1.994385268724102e-09
stripe,25,56,-0.009114560625833133,-2.5919572151446085e-09
stripe,25,57,0.016408489532940808,-3.179306660090381e-09
stripe,25,58,-0.02230030622889596,-2.8086419834022584e-09
stripe,25,59,0.026424358969265104,-2.333049049131304e-09
stripe,25,60,-0.028706172382239502,-1.83888191729052e-09
stripe,25,61,0.029188352719507864,-1.40574753663835e-09
stripe,25,62,-0.0278412493773916,-1.017056838902117e-09
stripe,25,63,0.0247130854297042,-6.43795288377737e-10
stripe,25,64,-0.016978107792514026,-4.5094168539685236e-10
stripe,26,1,0.01651552955360441,1.2459840830791435e-09
stripe,26,2,-0.02400983137378495,1.7848972117309318e-09
stripe,26,3,0.026903834231462993,2.846217047848064e-09
stripe,26,4,-0.027867612336278803,3.940408040064055e-09
stripe,26,5,0.026781332154755838,5.040272867271277e-09
stripe,26,6,-0.02364587116325089,6.044057877344437e-09
stripe,26,7,0.018531399263188003,6.92724152812559e-09
stripe,26,8,-0.01174296021535399,7.612902086871579e-09
stripe,26,9,0.0038514000319232996,7.978590544175526e-09
stripe,26,10,0.004462887136024765,7.925029641707452e-09
stripe,26,11,-0.012510922123193085,7.500057058243672e-09
stripe,26,12,0.01961871866507022,6.7934050985955235e-09
stripe,26,13,-0.02525841364225092,6.099395312964993e-09
stripe,26,14,0.029236781353646452,5.524821324300291e-09
stripe,26,15,-0.03171079672452199,4.771867339126302e-09
stripe,26,16,0.0329835953017258,4.001081775257843e-09
stripe,26,17,-0.03328475067456355,3.30052431036935e-09
stripe,26,18,0.03267553278002406,2.6454091254095363e-09
stripe,26,19,-0.031034151483491708,2.1834856635764696e-09
stripe,26,20,0.028085318366786873,1.916141881636284e-09
stripe,26,21,-0.023541249973752346,1.8469912543018225e-09
stripe,26,22,0.017340470217237666,1.9256903638901714e-09
stripe,26,23,-0.009795594171594424,2.063501507743631e-09
stripe,26,24,0.001486934023476761,2.163901361488006e-09
stripe,26,25,0.00693518110634471,2.154785562896354e-09
stripe,26,26,-0.014820240580793767,2.01118096481615e-09
stripe,26,27,0.021547387073815892,1.7559416046198012e-09
stripe,26,28,-0.026692265284482427,1.4358823275630892e-09
stripe,26,29,0.030195842944956454,1.0934906449880725e-09
stripe,26,30,-0.03230129015504152,7.502035848782396e-10
stripe,26,31,0.03332314189117408,4.2873753076274905e-10
stripe,26,32,-0.03346247117421955,1.3922321355543862e-10
stripe,26,33,0.032749637676759556,-1.3184125136811544e-10
stripe,26,34,-0.031039154232626938,-3.8323650329071254e-10
stripe,26,35,0.028041926231852032,-6.044942221924627e-10
stripe,26,36,-0.02346560268076596,-7.93059961951719e-10
stripe,26,37,0.0172501325023397,-9.428575700717636e-10
stripe,26,38,-0.009708972976883922,-1.0384280823148755e-09
stripe,26,39,0.001418575605964826,-1.0700525115690885e-09
stripe,26,40,0.006977553513834778,-1.0394218452237627e-09
stripe,26,41,-0.014837157996354692,-9.616398802825857e-10
stripe,26,42,0.021548603538156547,-8.668683536479063e-10
stripe,26,43,-0.026696702515526027,-7.882442825589616e-10
stripe,26,44,0.030231446525653183,-7.594669229700072e-10
stripe,26,45,-0.03240655047762983,-7.591253978027899e-10
stripe,26,46,0.03355637961844278,-6.820700963310268e-10
stripe,26,47,-0.03391750571988363,-4.977284602006734e-10
stripe,26,48,0.033571736297070345,-1.554649028047229e-10
stripe,26,49,-0.03244206109998528,2.899647189050434e-10
stripe,26,50,0.030297630294074753,5.949968223903371e-10
stripe,26,51,-0.026811162222255942,4.249516221813606e-10
stripe,26,52,0.021732265671443436,-4.1732639249080584e-10
stripe,26,53,-0.015109209773784812,-1.2996362728668455e-09
stripe,26,54,0.007356692402889178,-1.870387392077205e-10
stripe,26,55,0.0009037211454607308,2.260117166291649e-09
stripe,26,56,-0.009014759478707765,1.1453866439600517e-10
stripe,26,57,0.016321680798875027,-3.207561527593302e-09
stripe,26,58,-0.022231670758248397,-3.16306715704662e-09
stripe,26,59,0.026374662626193812,-2.2665346188722074e-09
stripe,26,60,-0.02867199756233123,-1.1979479512555317e-09
stripe,26,61,0.029164825315031614,-7.59818525410181e-10
stripe,26,62,-0.0278244248002446,-6.201853055187003e-10
stripe,26,63,0.024700362093132845,-4.375451047187155e-10
stripe,26,64,-0.01696970252006029,-3.1628690283530935e-10
stripe,27,1,0.016511541437112018,6.860911680241316e-10
stripe,27,2,-0.02400388466923121,9.802765217912014e-10
stripe,27,3,0.026896144099638575,1.5537810727517023e-09
stripe,27,4,-0.027857145405273488,2.1330773615398543e-09
stripe,27,5,0.026766575239226494,2.7058445007619086e-09
stripe,27,6,-0.023625352015446355,3.2242497158563825e-09
stripe,27,7,0.018504676657499743,3.681190098652852e-09
stripe,27,8,-0.011711216750139825,4.0373234440051455e-09
stripe,27,9,0.0038168251207441645,4.2277641606484035e-09
stripe,27,10,0.004497901571541537,4.204405624514781e-09
stripe,27,11,-0.012543195490798537,3.97698888447139e-09
stripe,27,12,0.01964573155028783,3.5999599707101942e-09
stripe,27,13,-0.025278659521479428,3.1810352179078772e-09
stripe,27,14,0.02925071720841904,2.7883239233025585e-09
stripe,27,15,-0.031720011392131826,2.391790768649344e-09
stripe,27,16,0.03299010156099134,2.025872497565375e-09
stripe,27,17,-0.033290425370976755,1.7056769536237595e-09
stripe,27,18,0.032682141168761385,1.4441691716756481e-09
stripe,27,19,-0.031043535457774423,1.2713509331350192e-09
stripe,27,20,0.028099368662543103,1.1877345945979353e-09
stripe,27,21,-0.023561281367121815,1.201383955439796e-09
stripe,27,22,0.01736641439549097,1.2788354415453604e-09
stripe,27,23,-0.009825909869466649,1.37463119435409e-09
stripe,27,24,0.0015193289111487805,1.436879389894623e-09
stripe,27,25,0.006903185772048032,1.426543560713059e-09
stripe,27,26,-0.014791204794472239,1.3329369321706964e-09
stripe,27,27,0.02152351638284996,1.1717205987590038e-09
stripe,27,28,-0.02667492139063673,9.74459521522247e-10
stripe,27,29,0.030184625479187526,7.643699287392606e-10
stripe,27,30,-0.032295465766109546,5.556080336195178e-10
stripe,27,31,0.033321961051384026,3.6440507444194164e-10
stripe,27,32,-0.033465959052424964,1.9706782282069063e-10
stripe,27,33,0.03275877686389753,2.8233145461666155e-11
stripe,27,34,-0.031055965402952676,-1.1607215016347522e-10
stripe,27,35,0.028068979151360956,-2.2150838415120915e-10
stripe,27,36,-0.023504580063377647,-3.1356019866850325e-10
stripe,27,37,0.01730034283279324,-3.778463982981253e-10
stripe,27,38,-0.009767000633360372,-4.1431950697433303e-10
stripe,27,39,0.0014798979511627258,-4.267141118004182e-10
stripe,27,40,0.006917626654711601,-4.173643682095959e-10
stripe,27,41,-0.014783348754709973,-3.893229849354397e-10
stripe,27,42,0.021505006848243163,-3.507168347008434e-10
stripe,27,43,-0.02666525436035109,-3.0811802319691497e-10
stripe,27,44,0.030211356223517734,-2.6953421682876653e-10
stripe,27,45,-0.03239550291509166,-2.3737221221602994e-10
stripe,27,46,0.03355251482295413,-2.0280249557129525e-10
stripe,27,47,-0.03392025833273328,-1.6072166205665622e-10
stripe,27,48,0.033582037484883795,-1.1422115423194912e-10
stripe,27,49,-0.03246236247520814,-7.811066290085266e-11
stripe,27,50,0.030331981800367863,-6.746841226041648e-11
stripe,27,51,-0.02686395511797502,-9.372788257124395e-11
stripe,27,52,0.021805169710403617,-1.3424075985759834e-10
stripe,27,53,-0.015199306782093726,-1.752635702005779e-10
stripe,27,54,0.007457152191943454,-1.8846931050539174e-10
stripe,27,55,0.0008008591715814423,-1.3834099866385448e-10
stripe,27,56,-0.008917250150908586,-1.2843776793940323e-10
stripe,27,57,0.016236759386877204,-2.4443150097459786e-10
stripe,27,58,-0.0221644368455361,-3.1597664405965593e-10
stripe,27,59,0.026325936346404816,-2.6157031314144967e-10
stripe,27,60,-0.028638532379729728,-2.054451512372337e-10
stripe,27,61,0.029141843986717417,-1.7288718072988035e-10
stripe,27,62,-0.02780798829306813,-1.3927547883711277e-10
stripe,27,63,0.024687855212205262,-9.471933967568819e-11
stripe,27,64,-0.01696144172201523,-6.835022015287328e-11
stripe,28,1,0.016507795781060423,8.292220517867658e-10
stripe,28,2,-0.023998278820403673,1.1967088347321694e-09
stripe,28,3,0.026888845245992846,1.9442467664149852e-09
stripe,28,4,-0.027847102553929106,2.764005337589025e-09
stripe,28,5,0.026752343241808314,3.6465043055836688e-09
stripe,28,6,-0.023605496420643517,4.5095776260418275e-09
stripe,28,7,0.01847886454705809,5.286114382340483e-09
stripe,28,8,-0.011680620698616851,5.879797039768523e-09
stripe,28,9,0.0037838475985467047,6.181179900810806e-09
stripe,28,10,0.00453126782953898,6.068402344065987e-09
stripe,28,11,-0.012574566064031869,5.739522483006091e-09
stripe,28,12,0.01967235728444479,5.137719459773591e-09
stripe,28,13,-0.02529882646940506,5.140765574890959e-09
stripe,28,14,0.029264583111427378,5.505774572870774e-09
stripe,28,15,-0.031729153883526665,4.616583773658103e-09
stripe,28,16,0.03299649875265614,3.948072708924422e-09
stripe,28,17,-0.033295978773069036,3.559839672634693e-09
stripe,28,18,0.0326886272219021,2.5958138017036996e-09
stripe,28,19,-0.031052800410443122,1.866362791971126e-09
stripe,28,20,0.02811311622936452,1.4386688942603927e-09
stripe,28,21,-0.02358079008129104,1.278059137290501e-09
stripe,28,22,0.017391721793155675,1.3091114764191835e-09
stripe,28,23,-0.009855428331533666,1.4172132977695494e-09
stripe,28,24,0.0015508510011725115,1.4982156796815748e-09
stripe,28,25,0.006872059758170518,1.4929000788680857e-09
stripe,28,26,-0.014762992948119192,1.385509220804491e-09
stripe,28,27,0.021500456943167323,1.1987268353999037e-09
stripe,28,28,-0.026658218780114394,9.722341199755922e-10
stripe,28,29,0.030174043192850247,7.395907328104029e-10
stripe,28,30,-0.03229004125204238,5.226962666541981e-10
stripe,28,31,0.03332100050429413,3.139164503186391e-10
stripe,28,32,-0.03346948026160908,8.804978069650245e-11
stripe,28,33,0.032767792312080976,-1.2568085094760385e-10
stripe,28,34,-0.031072531424296487,-3.1488046468183817e-10
stripe,28,35,0.028095671926528117,-5.132394444566732e-10
stripe,28,36,-0.02354315937922643,-7.04391119078317e-10
stripe,28,37,0.017350124150092232,-8.527689368014533e-10
stripe,28,38,-0.009824663912484207,-9.401503103884525e-10
stripe,28,39,0.0015409092797536075,-9.332131804483708e-10
stripe,28,40,0.006857937873290969,-8.072915296904651e-10
stripe,28,41,-0.01472970021281541,-8.297260272576903e-10
stripe,28,42,0.02146149309580419,-1.19295439915612e-09
stripe,28,43,-0.026633806145475683,-1.4494530801101621e-09
stripe,28,44,0.03019116123650059,-2.1675386276341084e-09
stripe,28,45,-0.0323843170291257,-2.57970264089864e-09
stripe,28,46,0.03354846357105392,-1.980328970382369e-09
stripe,28,47,-0.03392283449806022,-1.4669577628826734e-09
stripe,28,48,0.03359200936039802,-1.0695496127748727e-09
stripe,28,49,-0.0324821056537891,-7.643873140769488e-10
stripe,28,50,0.03036541516279607,-5.865621722539715e-10
stripe,28,51,-0.026915285936087982,-5.175070409471545e-10
stripe,28,52,0.021876136038065666,-4.926482779808519e-10
stripe,28,53,-0.015287088950878339,-4.186442024939719e-10
stripe,28,54,0.007555128236246712,-4.247181662142188e-10
stripe,28,55,0.0007004956439191508,-4.458473741256051e-10
stripe,28,56,-0.008822047803681277,-4.1467404947099796e-10
stripe,28,57,0.01615376008184728,-4.3115225607912604e-10
stripe,28,58,-0.02209863404812313,-4.0300673903210014e-10
stripe,28,59,0.026278191590192332,-3.2987869952518096e-10
stripe,28,60,-0.02860568957238359,-2.5879341447044435e-10
stripe,28,61,0.029119252396614018,-2.012651244020142e-10
stripe,28,62,-0.027791842971270478,-1.4500941797591125e-10
stripe,28,63,0.024675633924579218,-9.011360664702997e-11
stripe,28,64,-0.01695336479886899,-6.252045043166199e-11
stripe,29,1,0.01650426257018843,5.406281480621673e-10
stripe,29,2,-0.023992986766302557,7.745828844851261e-10
stripe,29,3,0.026881953921039682,1.2341889076328065e-09
stripe,29,4,-0.02783765133685168,1.6947470503512083e-09
stripe,29,5,0.02673898346921539,2.141308976235819e-09
stripe,29,6,-0.02358687992358236,2.5331688499832793e-09
stripe,29,7,0.018454599592244547,2.8491903079325114e-09
stripe,29,8,-0.011651771043080246,3.05910915441419e-09
stripe,29,9,0.0037525143698056715,3.1370294483772082e-09
stripe,29,10,0.004562814511970206,3.0831089352393973e-09
stripe,29,11,-0.01260387993667934,2.938988332288499e-09
stripe,29,12,0.019697054317921132,2.803553051495092e-09
stripe,29,13,-0.025317447406559904,2.814827318546107e-09
stripe,29,14,0.02927756739180361,3.0152968369467553e-09
stripe,29,15,-0.03173784806152147,3.4232618990364113e-09
stripe,29,16,0.033002702143706306,5.146706680432355e-09
stripe,29,17,-0.03330138338474079,6.899274141435087e-09
stripe,29,18,0.03269489666050144,5.598845095859905e-09
stripe,29,19,-0.031061748118112527,3.467528335717375e-09
stripe,29,20,0.028126537907732597,2.7128410227946933e-09
stripe,29,21,-0.02359995776758296,2.4161567603433644e-09
stripe,29,22,0.01741655403849436,2.4170310168465003e-09
stripe,29,23,-0.009884416461024984,2.601134024482206e-09
stripe,29,24,0.0015817828843632808,2.7561525405950936e-09
stripe,29,25,0.00684154614948467,2.7570556412054123e-09
stripe,29,26,-0.014735358113062532,2.5664905497646668e-09
stripe,29,27,0.021477907326256304,2.2434414549410136e-09
stripe,29,28,-0.026641925368718393,1.8479090347154528e-09
stripe,29,29,0.030163765470089535,1.48216403404915e-09
stripe,29,30,-0.032284838470570405,1.180118561875526e-09
stripe,29,31,0.033320168526799726,8.173875073353851e-10
stripe,29,32,-0.03347309168874016,-4.965578758117413e-10
stripe,29,33,0.03277688389293445,-1.1026208759972923e-09
stripe,29,34,-0.031089148569411664,-4.911653951201285e-10
stripe,29,35,0.028122439975421836,-4.123535452207842e-10
stripe,29,36,-0.023581884310857396,-4.85115078286088e-10
stripe,29,37,0.01740013612205301,-5.400028795452097e-10
stripe,29,38,-0.009882636668807622,-5.764689093341257e-10
stripe,29,39,0.0016022859398936258,-5.919658879384626e-10
stripe,29,40,0.006797845019203913,-5.628342721133528e-10
stripe,29,41,-0.014675569314739505,-5.183704784573319e-10
stripe,29,42,0.021417296609134225,-4.745916144490152e-10
stripe,29,43,-0.026601683770847023,-4.431001719199998e-10
stripe,29,44,0.030170215962087004,-4.562807815048734e-10
stripe,29,45,-0.032372621696832825,-4.625233284511329e-10
stripe,29,46,0.03354412173396067,-4.3023428624167274e-10
stripe,29,47,-0.033925140825865265,-3.9012770739215597e-10
stripe,29,48,0.03360163080531246,-3.413386326082392e-10
stripe,29,49,-0.03250134673412426,-2.926969947781635e-10
stripe,29,50,0.030398088417374486,-2.606234075368673e-10
stripe,29,51,-0.026965411475945247,-2.671006029056112e-10
stripe,29,52,0.0219454273319849,-3.0629545908897585e-10
stripe,29,53,-0.015372793292404444,-2.457565569568067e-10
stripe,29,54,0.007650979168892123,-2.882047141664056e-10
stripe,29,55,0.0006022366226120903,-3.6239590089286945e-10
stripe,29,56,-0.008728822834499394,-3.0333188107980796e-10
stripe,29,57,0.016072375930054165,-2.833323655880821e-10
stripe,29,58,-0.022033987392357006,-2.531888823685433e-10
stripe,29,59,0.026231217066379098,-2.176655187225722e-10
stripe,29,60,-0.02857336670846805,-1.8090464565672017e-10
stripe,29,61,0.029097033496426356,-1.406667499948413e-10
stripe,29,62,-0.027775968286276057,-1.010202489996673e-10
stripe,29,63,0.024663634254873272,-6.300905090739912e-11
stripe,29,64,-0.01694544258863489,-4.3885267024583735e-11
stripe,30,1,0.016500941177362588,1.0223726116630329e-09
stripe,30,2,-0.023988013787390475,1.4808059545412591e-09
stripe,30,3,0.026875489969738795,2.4248392860036857e-09
stripe,30,4,-0.027828805215075535,3.491856933042003e-09
stripe,30,5,0.02672650899699794,4.66836216978303e-09
stripe,30,6,-0.023569502213864106,5.83701981223807e-09
stripe,30,7,0.01843194615667713,6.9046459497966774e-09
stripe,30,8,-0.011624832400196083,7.731683079554707e-09
stripe,30,9,0.003723220941725734,8.14887868357767e-09
stripe,30,10,0.004592262689591455,7.980642802233562e-09
stripe,30,11,-0.012631149040645927,7.558806057644461e-09
stripe,30,12,0.01971997938039692,6.771488876921887e-09
stripe,30,13,-0.025334746824809143,6.714588361367476e-09
stripe,30,14,0.029289531881712055,7.188768789500993e-09
stripe,30,15,-0.031745850169158124,5.772159606229347e-09
stripe,30,16,0.0330084679571637,3.616058986398893e-09
stripe,30,17,-0.03330654386386507,1.7863986103126327e-09
stripe,30,18,0.032701042518832504,1.0892995108351803e-09
stripe,30,19,-0.031070594312559215,1.1564027682337547e-09
stripe,30,20,0.02813983978305768,7.475502683778577e-10
stripe,30,21,-0.023618930707717208,5.209818552894515e-10
stripe,30,22,0.0174411240227626,4.5568430494945835e-10
stripe,30,23,-0.009913105589117047,4.722855750370547e-10
stripe,30,24,0.0016124048720490528,5.354340496224997e-10
stripe,30,25,0.006811339259512524,5.818596948935626e-10
stripe,30,26,-0.014708005978641168,5.265042361674154e-10
stripe,30,27,0.02145560937302308,2.940829693449817e-10
stripe,30,28,-0.026625781732679633,-1.7628175027898476e-10
stripe,30,29,0.03015356650760307,-9.369581039102822e-10
stripe,30,30,-0.032279682171073944,-2.041700428166525e-09
stripe,30,31,0.03331938086800213,-3.5430214719848296e-09
stripe,30,32,-0.03347677172900769,-5.519718678689761e-09
stripe,30,33,0.032786021687605416,-7.937296661418485e-09
stripe,30,34,-0.03110573304380098,-1.082446586260942e-08
stripe,30,35,0.028149017099971245,-1.4200339436632514e-08
stripe,30,36,-0.02362024295532066,-1.7630190661034555e-08
stripe,30,37,0.017449611086006366,-2.0555377318135e-08
stripe,30,38,-0.00993995248109827,-2.2487947137532166e-08
stripe,30,39,0.0016629718895058879,-2.0779038204575522e-08
stripe,30,40,0.006738411644213902,-1.2775133527666741e-08
stripe,30,41,-0.01462208585296293,-1.4779812325119664e-08
stripe,30,42,0.02137384495197152,-3.09321508043049e-08
stripe,30,43,-0.02657020568130869,-3.761928433639803e-08
stripe,30,44,0.030150054772108723,-5.838990899241066e-08
stripe,30,45,-0.0323614262313415,-6.158834666213287e-08
stripe,30,46,0.03354001709028308,-3.797239401243695e-08
stripe,30,47,-0.033927407066151,-3.153496465521476e-08
stripe,30,48,0.03361098431026631,-2.481201172301907e-08
stripe,30,49,-0.03252002497912888,-1.6857248700310303e-08
stripe,30,50,0.030429806323575555,-1.1423309378440174e-08
stripe,30,51,-0.027014091150944938,-8.36436305829816e-09
stripe,30,52,0.02201287479206202,-6.907782796254356e-09
stripe,30,53,-0.015456342615104089,-6.596630865069568e-09
stripe,30,54,0.0077443824395137025,-6.916711536866767e-09
stripe,30,55,0.00050645198604611,-7.294205778080302e-09
stripe,30,56,-0.008637841793705848,-7.310293344277843e-09
stripe,30,57,0.0159929131301906,-6.8253268434627005e-09
stripe,30,58,-0.02197085167633331,-5.947984700961491e-09
stripe,30,59,0.02618532167829791,-4.890034718476875e-09
stripe,30,60,-0.028541746215729788,-3.815995802542869e-09
stripe,30,61,0.029075269534020797,-2.794099748431263e-09
stripe,30,62,-0.027760406560876458,-1.9029698371568245e-09
stripe,30,63,0.024651868057291165,-1.1472517685797007e-09
stripe,30,64,-0.016937673735219115,-7.879387852385149e-10
stripe,31,1,0.01649782424201151,6.416524302144946e-10
stripe,31,2,-0.023983355095053158,9.192042659229377e-10
stripe,31,3,0.026869445911725166,1.466003245757103e-09
stripe,31,4,-0.027820552849067093,2.0294668866013544e-09
stripe,31,5,0.026714859330226763,2.593963558376206e-09
stripe,31,6,-0.02355328383634219,3.107062260568889e-09
stripe,31,7,0.018410808620814036,3.5551059636357387e-09
stripe,31,8,-0.011599693551640502,3.899598536427548e-09
stripe,31,9,0.0036958660571059137,4.08209387344939e-09
stripe,31,10,0.004619730053701575,4.055888766961959e-09
stripe,31,11,-0.01265652595181628,3.838011253559779e-09
stripe,31,12,0.019741233001175293,3.4782219131880877e-09
stripe,31,13,-0.025350759217670656,3.064793994067531e-09
stripe,31,14,0.02930057910636357,2.6954113061072336e-09
stripe,31,15,-0.03175324629414367,2.2861220990066907e-09
stripe,31,16,0.0330138528235039,1.7816899888279467e-09
stripe,31,17,-0.03331146328835788,1.2603441656249236e-09
stripe,31,18,0.03270701417638068,8.04683584309255e-10
stripe,31,19,-0.031079290188419522,4.327245123264815e-10
stripe,31,20,0.028152960793633375,1.2282150987306311e-10
stripe,31,21,-0.023637662689749494,-1.0268286338599011e-10
stripe,31,22,0.01746537340106306,-2.3818352991498714e-10
stripe,31,23,-0.009941401947175889,-2.8500170075871216e-10
stripe,31,24,0.0016426223955435726,-2.6199179179305636e-10
stripe,31,25,0.006781523037537814,-2.141040661020754e-10
stripe,31,26,-0.01468100674734534,-2.070083377329212e-10
stripe,31,27,0.021433585987134643,-3.090488368317179e-10
stripe,31,28,-0.026609856727702705,-5.740588522509122e-10
stripe,31,29,0.030143541122960582,-1.0355011866618983e-09
stripe,31,30,-0.032274648748159426,-1.7056517802777105e-09
stripe,31,31,0.033318640222963866,-2.5831611666969624e-09
stripe,31,32,-0.03348042952228603,-3.6667928819229496e-09
stripe,31,33,0.032795137121109805,-4.932244327918359e-09
stripe,31,34,-0.03112238052442392,-6.345920052642017e-09
stripe,31,35,0.028175828283147616,-7.888694870795567e-09
stripe,31,36,-0.023659050907635735,-9.450707040048392e-09
stripe,31,37,0.017499681764489343,-1.0830653549274318e-08
stripe,31,38,-0.009997779466804559,-1.1787066499261759e-08
stripe,31,39,0.0017243426175435695,-1.2129927114204064e-08
stripe,31,40,0.006678130920742795,-1.1589559502115101e-08
stripe,31,41,-0.014567795856328326,-1.1033530927897254e-08
stripe,31,42,0.021329628417680886,-1.025323207216465e-08
stripe,31,43,-0.026538054899600226,-9.551000451033031e-09
stripe,31,44,0.03012919422316754,-1.0626840845086864e-08
stripe,31,45,-0.03234981566794528,-1.0613989487983598e-08
stripe,31,46,0.033535625089049066,-9.264085550314358e-09
stripe,31,47,-0.03392939675861639,-8.556027942800849e-09
stripe,31,48,0.03361998189362337,-7.57404168970488e-09
stripe,31,49,-0.03253814433484557,-6.421700119627136e-09
stripe,31,50,0.030460593910941282,-5.519303189360389e-09
stripe,31,51,-0.02706148482724027,-5.034329709476925e-09
stripe,31,52,0.022078592698953382,-4.964549519461314e-09
stripe,31,53,-0.015537836043907892,-5.194914984888945e-09
stripe,31,54,0.007835315222844284,-5.518030406744877e-09
stripe,31,55,0.00041269475723890994,-5.71103329588779e-09
stripe,31,56,-0.008548358062016597,-5.626823929959847e-09
stripe,31,57,0.01591485920132095,-5.243895516120175e-09
stripe,31,58,-0.02190877345152046,-4.641006064750522e-09
stripe,31,59,0.02614011587765932,-3.933615689151928e-09
stripe,31,60,-0.028510588978584155,-3.1927638560323503e-09
stripe,31,61,0.029053838840448556,-2.435064521703723e-09
stripe,31,62,-0.027745097241737817,-1.721179911586449e-09
stripe,31,63,0.024640306150564784,-1.06368027824947e-09
stripe,31,64,-0.016930042874401894,-7.381308844027303e-10
stripe,32,1,0.016494903410276884,3.791247604570042e-10
stripe,32,2,-0.023978991778492095,5.422212082598234e-10
stripe,32,3,0.026863787692738138,8.607852585371581e-10
stripe,32,4,-0.02781283298778038,1.1787651204637533e-09
stripe,32,5,0.02670395643150384,1.487096420980531e-09
stripe,32,6,-0.023538081960705528,1.7593099418084504e-09
stripe,32,7,0.018390982802739632,1.986446715419404e-09
stripe,32,8,-0.011576130649645144,2.148239851812325e-09
stripe,32,9,0.003670261187203815,2.2210128814247735e-09
stripe,32,10,0.004645417928868416,2.192410399144214e-09
stripe,32,11,-0.012680252026650903,2.086124877122736e-09
stripe,32,12,0.019761105928064022,1.9432224864232317e-09
stripe,32,13,-0.025365764420775625,1.880606940710695e-09
stripe,32,14,0.029310943813582,1.9048888431737223e-09
stripe,32,15,-0.03176020009692643,1.919799485907168e-09
stripe,32,16,0.033018925677506944,2.5626613474839456e-09
stripe,32,17,-0.033316138974425875,3.241842897615565e-09
stripe,32,18,0.03271280785603929,2.4132182559685076e-09
stripe,32,19,-0.031087764144895745,1.2459900936868837e-09
stripe,32,20,0.02816567853243958,7.781230842671004e-10
stripe,32,21,-0.023655806094556815,5.146538093351201e-10
stripe,32,22,0.017488888526540198,4.13668071476941e-10
stripe,32,23,-0.009968885709339194,4.323464913827957e-10
stripe,32,24,0.0016719687205256802,4.825752697236296e-10
stripe,32,25,0.006752542139191523,5.044488507271398e-10
stripe,32,26,-0.014654732053662125,4.6493842732167007e-10
stripe,32,27,0.021412150830128894,3.526623236349221e-10
stripe,32,28,-0.026594362575549122,1.745322211383811e-10
stripe,32,29,0.03013377138799932,-4.106336618836997e-11
stripe,32,30,-0.03226974232288832,-2.9738698386801094e-10
stripe,32,31,0.03331796151468856,-6.765321143684912e-10
stripe,32,32,-0.033484107451159116,-8.625966878717765e-10
stripe,32,33,0.0328041552711355,-1.0842427677599462e-09
stripe,32,34,-0.03113887729153425,-2.1637891828769454e-09
stripe,32,35,0.028202271196529894,-3.487279408464848e-09
stripe,32,36,-0.023697263890265288,-1.0607942809656881e-09
stripe,32,37,0.017549121462180288,4.102553493183481e-09
stripe,32,38,-0.010055230441773078,1.4291715420567702e-08
stripe,32,39,0.0017851171629055195,7.774635870740152e-09
stripe,32,40,0.0066186903963295005,2.531918230195105e-09
stripe,32,41,-0.014514151485857281,-9.944183383119386e-10
stripe,32,42,0.021285882406811917,-1.1674516520022618e-08
stripe,32,43,-0.026506324983553074,-6.2769779328964065e-09
stripe,32,44,0.030108771878508772,-2.0905454256199328e-09
stripe,32,45,-0.032338218336069285,-1.3250810753652727e-09
stripe,32,46,0.033531018860766024,-1.6319265809102393e-09
stripe,32,47,-0.03393109895223041,-1.9473039646117924e-09
stripe,32,48,0.033628634007132466,-2.132781365654055e-09
stripe,32,49,-0.032555741757682305,-2.2482964791569717e-09
stripe,32,50,0.03049061214265327,-2.3619299855311825e-09
stripe,32,51,-0.02710770631441254,-2.52190316601442e-09
stripe,32,52,0.02214271193116875,-2.7393662584046967e-09
stripe,32,53,-0.015617576071588226,-2.9844965602318196e-09
stripe,32,54,0.007924973478235222,-3.188687060423951e-09
stripe,32,55,0.00032090491012611803,-3.2760385804968933e-09
stripe,32,56,-0.008461320422461402,-3.2063401193245318e-09
stripe,32,57,0.015838413926059308,-2.9904007650646437e-09
stripe,32,58,-0.021847722770648365,-2.674947209024795e-09
stripe,32,59,0.026095609257079294,-2.310586842915689e-09
stripe,32,60,-0.02847984966325564,-1.9210356482522183e-09
stripe,32,61,0.02903264780149307,-1.5015724577730135e-09
stripe,32,62,-0.02772997617465963,-1.0830037274590566e-09
stripe,32,63,0.024628901026624787,-6.782313791699737e-10
stripe,32,64,-0.016922524184378118,-4.732351023445359e-10
stripe,33,1,0.016492169324898824,3.9947328509365284e-10
stripe,33,2,-0.023974908554950762,5.76028575433486e-10
stripe,33,3,0.026858492937743936,9.327921416481744e-10
stripe,33,4,-0.027805602048144612,1.3171616704673085e-09
stripe,33,5,0.02669375771046574,1.7252945792429952e-09
stripe,33,6,-0.02352389472272289,2.1239418687146315e-09
stripe,33,7,0.018372505963672618,2.4810728007256103e-09
stripe,33,8,-0.011554176456861753,2.7529773161029807e-09
stripe,33,9,0.003646400058004524,2.944335129790275e-09
stripe,33,10,0.004669356589696259,3.0351485627894623e-09
stripe,33,11,-0.012702343167894318,2.984052059926525e-09
stripe,33,12,0.019779614364268908,3.4268778155270348e-09
stripe,33,13,-0.02537969837129263,4.42016574433871e-09
stripe,33,14,0.029320592244187052,6.450450180154992e-09
stripe,33,15,-0.031766769945489784,5.220922048906175e-09
stripe,33,16,0.03302383737219193,2.161798954371074e-09
stripe,33,17,-0.03332074851539921,3.948738048780767e-09
stripe,33,18,0.032718464038305396,4.722958839074911e-09
stripe,33,19,-0.031095997532745313,2.9393105270901613e-09
stripe,33,20,0.028178196977058513,2.269609519377907e-09
stripe,33,21,-0.023673751645498974,2.075636282932758e-09
stripe,33,22,0.017512173488276477,2.1935119145357475e-09
stripe,33,23,-0.009996088745533187,2.4421546865119546e-09
stripe,33,24,0.0017010218938004872,2.612963169425043e-09
stripe,33,25,0.006723856757761552,2.589657742952154e-09
stripe,33,26,-0.01462873006658797,2.353786564859333e-09
stripe,33,27,0.021390897095552443,1.96804133409523e-09
stripe,33,28,-0.02657897799887405,1.529019627409602e-09
stripe,33,29,0.030124066523268794,1.1134859161855874e-09
stripe,33,30,-0.032264862543909055,7.441410749784141e-10
stripe,33,31,0.03331729827059544,4.3738724037901735e-10
stripe,33,32,-0.03348775766736385,2.340889105670201e-10
stripe,33,33,0.03281310129050398,5.880651042951222e-11
stripe,33,34,-0.031155160536438818,-1.8521125644856942e-10
stripe,33,35,0.028228484163201013,-3.877461627947788e-10
stripe,33,36,-0.023735214604094758,-1.6240934430036453e-10
stripe,33,37,0.017598281797782746,3.122416631576131e-10
stripe,33,38,-0.010112403174452295,1.970109298759802e-09
stripe,33,39,0.0018457230608977262,1.4953413039270165e-09
stripe,33,40,0.006559326137031489,4.212567882305038e-10
stripe,33,41,-0.01446061464841717,3.013890716191283e-10
stripe,33,42,0.02124220377188474,-6.063509014983617e-10
stripe,33,43,-0.026474621570091377,-1.414089810537401e-10
stripe,33,44,0.030088231211857035,3.094563093616063e-10
stripe,33,45,-0.032326663426354776,2.5335201539208257e-10
stripe,33,46,0.03352654373287246,-2.338307407707257e-11
stripe,33,47,-0.03393287176420988,-3.0032831954288567e-10
stripe,33,48,0.03363712118061728,-5.393570621049137e-10
stripe,33,49,-0.03257294040802447,-7.529339128515415e-10
stripe,33,50,0.03051988942073041,-9.501735076990275e-10
stripe,33,51,-0.027152776113978302,-1.1413603537375912e-09
stripe,33,52,0.02220527441388861,-1.3251223194707633e-09
stripe,33,53,-0.01569533825918118,-1.4851030319353696e-09
stripe,33,54,0.008012093929230734,-1.5961818888905654e-09
stripe,33,55,0.0002313623349577982,-1.6349074223033514e-09
stripe,33,56,-0.0083760823466894,-1.5936319951467566e-09
stripe,33,57,0.015763719856664568,-1.4843882944604793e-09
stripe,33,58,-0.021788161114740412,-1.3312932300354753e-09
stripe,33,59,0.026052176196521292,-1.1572208328132661e-09
stripe,33,60,-0.028449842042068792,-9.697170970027852e-10
stripe,33,61,0.029011960729857362,-7.646861326362728e-10
stripe,33,62,-0.02771517272240176,-5.573975159454523e-10
stripe,33,63,0.024617709576176025,-3.5217324619133557e-10
stripe,33,64,-0.01691513785398191,-2.468019345261784e-10
stripe,34,1,0.01648961227012173,2.327006311819715e-10
stripe,34,2,-0.02397108978921498,3.325612451871359e-10
stripe,34,3,0.026853539706183146,5.294769708868459e-10
stripe,34,4,-0.027798841658319334,7.354125105932989e-10
stripe,34,5,0.026684238929460025,9.535970073818884e-10
stripe,34,6,-0.023510685328635678,1.1641335958382237e-09
stripe,34,7,0.01835532184267967,1.3509849717508101e-09
stripe,34,8,-0.011533766132768266,1.4922019735690128e-09
stripe,34,9,0.0036242561277406125,1.5635150155833694e-09
stripe,34,10,0.0046915488522936664,1.550655017562534e-09
stripe,34,11,-0.012722818207681615,1.4626452943462537e-09
stripe,34,12,0.019796720118479605,1.3522080876809965e-09
stripe,34,13,-0.025392562594773863,1.1845463945466638e-09
stripe,34,14,0.029329507538419303,1.0795741281386706e-09
stripe,34,15,-0.031772809246919026,1.2817274732184783e-09
stripe,34,16,0.033028370508416324,1.3586361513986691e-09
stripe,34,17,-0.03332510053784991,1.2560892395860868e-09
stripe,34,18,0.032723975338917875,1.3099436445814207e-09
stripe,34,19,-0.03110415546191185,1.4254714942935832e-09
stripe,34,20,0.02819058599598709,1.5968026490569648e-09
stripe,34,21,-0.023691485629509918,1.819481252779438e-09
stripe,34,22,0.017535178062512324,2.066802906679304e-09
stripe,34,23,-0.01002296000853197,2.2823040852069562e-09
stripe,34,24,0.0017297423543816475,2.4383953638723213e-09
stripe,34,25,0.006695481738746532,2.4942410842424933e-09
stripe,34,26,-0.014602983618979083,2.3440648274156604e-09
stripe,34,27,0.02136986522074283,2.035438539299238e-09
stripe,34,28,-0.02656375084736734,1.3383455158812495e-09
stripe,34,29,0.03011445779921368,-1.42864839563068e-09
stripe,34,30,-0.032260016886034935,-2.1533971853610703e-09
stripe,34,31,0.03331659999666222,-3.5555453989834728e-09
stripe,34,32,-0.033491340464836705,-6.15461326564149e-09
stripe,34,33,0.03282207897885789,-4.052651597411486e-09
stripe,34,34,-0.031171477780000102,-3.062457720787324e-09
stripe,34,35,0.028254815232402697,-3.918416639628979e-09
stripe,34,36,-0.02377344135284692,-3.891777916267468e-09
stripe,34,37,0.01764775339367314,-3.874270163443475e-09
stripe,34,38,-0.010169732835330028,-3.97970610714469e-09
stripe,34,39,0.0019067091965002166,-4.1593932865899885e-09
stripe,34,40,0.006499290073005221,-4.1585066154229125e-09
stripe,34,41,-0.014406394556359947,-3.8006789052511284e-09
stripe,34,42,0.021197930047499217,-3.2628194632951304e-09
stripe,34,43,-0.026442287726663953,-2.6002744206025295e-09
stripe,34,44,0.030067219390989518,-1.9815685833136203e-09
stripe,34,45,-0.032314791943805335,-1.4981485507917502e-09
stripe,34,46,0.03352177140856209,-1.1551301284401145e-09
stripe,34,47,-0.03393434332405466,-9.255106799361736e-10
stripe,34,48,0.03364529841822506,-7.817399277306483e-10
stripe,34,49,-0.032589730436384634,-7.091803748852239e-10
stripe,34,50,0.030548714926764288,-6.95321215008694e-10
stripe,34,51,-0.02719729531270609,-7.257328968974954e-10
stripe,34,52,0.022267062363085656,-7.889297922375205e-10
stripe,34,53,-0.015771961191558367,-8.647875030331703e-10
stripe,34,54,0.008097690347690614,-9.270523569081135e-10
stripe,34,55,0.0001429691102815163,-9.541825817618509e-10
stripe,34,56,-0.008291616455937982,-9.34584083959003e-10
stripe,34,57,0.015689847819265385,-8.714653067833617e-10
stripe,34,58,-0.02172922235948079,-7.79143846100249e-10
stripe,34,59,0.02600908353829893,-6.730669636555128e-10
stripe,34,60,-0.028420036652526744,-5.597006474200003e-10
stripe,34,61,0.02899145262250572,-4.386635407328437e-10
stripe,34,62,-0.027700522206220796,-3.1831212282871507e-10
stripe,34,63,0.024606653147988024,-2.0031784977223946e-10
stripe,34,64,-0.016907849146716003,-1.4008511333393273e-10
stripe,35,1,0.01648722501053692,1.4919490637268882e-10
stripe,35,2,-0.023967527079914105,2.1343398374644048e-10
stripe,35,3,0.026848924748037503,3.40847971177526e-10
stripe,35,4,-0.027792570195422785,4.752352896328881e-10
stripe,35,5,0.02667541476706744,6.207404544779234e-10
stripe,35,6,-0.023498440436627334,7.666489719322103e-10
stripe,35,7,0.018339413385550812,8.999562992204755e-10
stripe,35,8,-0.011514916091063594,9.991512039443592e-10
stripe,35,9,0.0036038461351053834,1.0409832946026398e-09
stripe,35,10,0.0047119242332564456,1.0214950139223938e-09
stripe,35,11,-0.01274153188720344,9.602612778342179e-10
stripe,35,12,0.019812310526747062,8.912063991439062e-10
stripe,35,13,-0.0254042563159393,8.553055900284299e-10
stripe,35,14,0.029337545058687235,8.881140209847423e-10
stripe,35,15,-0.031778200578360616,1.024838891609299e-09
stripe,35,16,0.03303245827271906,1.279162893908956e-09
stripe,35,17,-0.03332921051295343,1.6885790477094753e-09
stripe,35,18,0.0327293870516152,2.189706691568086e-09
stripe,35,19,-0.031112361059885317,2.421118573603011e-09
stripe,35,20,0.028203151286185002,3.221901578482248e-09
stripe,35,21,-0.02370951562114077,8.110478677477126e-09
stripe,35,22,0.017558485949455464,1.3413885467534531e-08
stripe,35,23,-0.0100499977939469,2.019243465633939e-08
stripe,35,24,0.0017587041445348314,1.6401057956967247e-08
stripe,35,25,0.006666735779515969,1.83888968959634e-08
stripe,35,26,-0.014576906919980627,1.7236920741290458e-08
stripe,35,27,0.021348567559878007,4.347215825461673e-09
stripe,35,28,-0.026548277136193437,3.6350361676178997e-09
stripe,35,29,0.030104672306298562,2.479977694992772e-09
stripe,35,30,-0.03225507824990054,1.6325304687309405e-09
stripe,35,31,0.033315885241520155,-1.78088920957801e-10
stripe,35,32,-0.03349494502548085,-3.251973480099562e-09
stripe,35,33,0.03283107353634934,-3.785383625918827e-09
stripe,35,34,-0.031187911335744153,-3.091888791272638e-09
stripe,35,35,0.028281261387040648,-3.406535762913414e-09
stripe,35,36,-0.02381170801512151,-3.861042040940159e-09
stripe,35,37,0.017697291536541718,-4.219840746292055e-09
stripe,35,38,-0.010227144895543099,-4.607447536646495e-09
stripe,35,39,0.001967442865244865,-4.888698114444352e-09
stripe,35,40,0.00643972498416958,-4.868296909999201e-09
stripe,35,41,-0.014352724794730026,-4.507491194197101e-09
stripe,35,42,0.02115394872651415,-3.903476344414368e-09
stripe,35,43,-0.026410151989406605,-3.20103259245779e-09
stripe,35,44,0.03004637345793485,-2.5292532135077936e-09
stripe,35,45,-0.032302994627482054,-1.956924914688588e-09
stripe,35,46,0.03351696184355192,-1.5024298288673331e-09
stripe,35,47,-0.03393559333533516,-1.1546646837659835e-09
stripe,35,48,0.03365308761614899,-8.973719979819314e-10
stripe,35,49,-0.03260592866232205,-7.212742764562478e-10
stripe,35,50,0.030576509416167484,-6.160338879681069e-10
stripe,35,51,-0.027240249698143135,-5.727849032051274e-10
stripe,35,52,0.0223268476343444,-5.794586614548955e-10
stripe,35,53,-0.015846392668535693,-6.164096505816416e-10
stripe,35,54,0.008181216187168935,-6.584164238147913e-10
stripe,35,55,5.6933274182417986e-05,-6.818163206275443e-10
stripe,35,56,-0.008209544919778855,-6.718379022677155e-10
stripe,35,57,0.015617867789793155,-6.267911025102917e-10
stripe,35,58,-0.02167175022709149,-5.560953326028908e-10
stripe,35,59,0.025967104836233955,-4.731325529718868e-10
stripe,35,60,-0.028391020488869573,-3.851177942772421e-10
stripe,35,61,0.028971444055809654,-2.9582628718663235e-10
stripe,35,62,-0.02768620739126479,-2.123283802768743e-10
stripe,35,63,0.02459582725507501,-1.3286488773314946e-10
stripe,35,64,-0.01690070145830748,-9.269251248007461e-11
stripe,36,1,0.016484998469758313,1.706555317975524e-10
stripe,36,2,-0.023964207639620774,2.4627259942632566e-10
stripe,36,3,0.026844639668465235,3.9972872345031655e-10
stripe,36,4,-0.027786739460494776,5.680156831854312e-10
stripe,36,5,0.026667224466380257,7.47514758953348e-10
stripe,36,6,-0.02348709545230231,9.197149510074663e-10
stripe,36,7,0.018324698995661803,1.0711482711466416e-09
stripe,36,8,-0.011497485798645513,1.1781080232551348e-09
stripe,36,9,0.003584967092635901,1.2166270612257637e-09
stripe,36,10,0.004730778648750328,1.1853299222764934e-09
stripe,36,11,-0.012758854891558901,1.1163236013445383e-09
stripe,36,12,0.019826739785336545,1.0677332650190088e-09
stripe,36,13,-0.025415060112141917,1.1021638802676522e-09
stripe,36,14,0.02934498699011967,1.2666080113220663e-09
stripe,36,15,-0.031783265247538856,1.5871663679141123e-09
stripe,36,16,0.033036375097963526,2.077562186995547e-09
stripe,36,17,-0.03333316316863694,2.7738789132031414e-09
stripe,36,18,0.03273462090846645,3.571921907708416e-09
stripe,36,19,-0.031120301518057003,3.902200239903011e-09
stripe,36,20,0.02821530141597646,4.009068961611643e-09
stripe,36,21,-0.02372691907869169,7.319010696098238e-09
stripe,36,22,0.017581095420659595,1.2958767761403605e-08
stripe,36,23,-0.010076535981474583,2.2983037029837215e-08
stripe,36,24,0.001786984932037057,1.769260159155186e-08
stripe,36,25,0.0066388736643722916,1.222619125556085e-08
stripe,36,26,-0.014551596329628208,8.86047791306028e-09
stripe,36,27,0.021327854993440643,-6.733481724171564e-10
stripe,36,28,-0.02653330105353769,2.8271210757481683e-09
stripe,36,29,0.03009523342896924,5.302315441082577e-09
stripe,36,30,-0.03225033852930918,4.703789986513162e-09
stripe,36,31,0.033315264114626125,3.1829569819100772e-09
stripe,36,32,-0.03349858667060118,1.764535132874254e-09
stripe,36,33,0.032840038781407746,6.576683250290866e-10
stripe,36,34,-0.03120419291301335,-1.4563091530971825e-10
stripe,36,35,0.028307354746553152,-7.639003318130286e-10
stripe,36,36,-0.023849550169039023,-1.2144963810331725e-09
stripe,36,37,0.01774627781662902,-1.5112803351096952e-09
stripe,36,38,-0.010284052402706266,-1.679928895950828e-09
stripe,36,39,0.0020278666053695255,-1.7334326636934563e-09
stripe,36,40,0.006380370744805025,-1.6893871676186935e-09
stripe,36,41,-0.014299130168771587,-1.5746550962327508e-09
stripe,36,42,0.0211101702069853,-1.4166154408512172e-09
stripe,36,43,-0.026378192081018825,-1.2402031705770658e-09
stripe,36,44,0.030025572072349904,-1.0646391987619566e-09
stripe,36,45,-0.032291141508733,-9.016610110666731e-10
stripe,36,46,0.033511983077469956,-7.550157907776633e-10
stripe,36,47,-0.03393657439358766,-6.277871920004656e-10
stripe,36,48,0.03366043802169248,-5.24937459377808e-10
stripe,36,49,-0.03262143770081406,-4.480182967067774e-10
stripe,36,50,0.030603316761337835,-3.9989846384476826e-10
stripe,36,51,-0.027281816524771615,-3.834533011897329e-10
stripe,36,52,0.02238490718902252,-3.9518845033835397e-10
stripe,36,53,-0.015918840470907115,-4.2232885885521183e-10
stripe,36,54,0.008262664071772795,-4.50935219326274e-10
stripe,36,55,-2.700945991940696e-05,-4.670739531441978e-10
stripe,36,56,-0.008129461797140579,-4.5959795945340164e-10
stripe,36,57,0.015547581898655035,-4.2883480731278485e-10
stripe,36,58,-0.021615617644305245,-3.815149183197578e-10
stripe,36,59,0.02592608917126566,-3.2609039368132817e-10
stripe,36,60,-0.028362663528703914,-2.673280349249736e-10
stripe,36,61,0.02895188432582485,-2.0651385450550207e-10
stripe,36,62,-0.027672208496431254,-1.480207355020541e-10
stripe,36,63,0.024585234303617993,-9.236273884097481e-11
stripe,36,64,-0.016893703716776794,-6.435761177935047e-11
stripe,37,1,0.016482877315357,1.6104524611483065e-10
stripe,37,2,-0.02396102257133345,2.3211355728401106e-10
stripe,37,3,0.026840475444075702,3.7475475745150966e-10
stripe,37,4,-0.027781061059772856,5.268912179153459e-10
stripe,37,5,0.02665935999364777,6.827313963368579e-10
stripe,37,6,-0.02347636874112059,8.265963957531968e-10
stripe,37,7,0.018310696947104407,9.519398857216923e-10
stripe,37,8,-0.011481015970097687,1.0432234925688535e-09
stripe,37,9,0.0035672809085395014,1.0811504016567922e-09
stripe,37,10,0.004748447012014414,1.0601998683010237e-09
stripe,37,11,-0.012775114709221736,1.0006254966222534e-09
stripe,37,12,0.019840292005116403,9.441855793285142e-10
stripe,37,13,-0.025425224733065178,9.3832985534199e-10
stripe,37,14,0.029352035043591445,1.0202622040511491e-09
stripe,37,15,-0.031788125684540515,1.2080133510670478e-09
stripe,37,16,0.03304019130890189,1.5077558668244013e-09
stripe,37,17,-0.03333708553123339,1.9188840278606374e-09
stripe,37,18,0.032739864433917604,2.401485643717872e-09
stripe,37,19,-0.031128263648488606,2.9091512078211755e-09
stripe,37,20,0.02822749535770412,3.5760967145828913e-09
stripe,37,21,-0.023744432361964572,4.669133213021144e-09
stripe,37,22,0.01760377798860721,5.695984230288038e-09
stripe,37,23,-0.01010290597524115,7.285723351990283e-09
stripe,37,24,0.0018152590339436548,7.139677179795403e-09
stripe,37,25,0.006610858426080314,6.529443279376873e-09
stripe,37,26,-0.0145262521398232,6.322444846815462e-09
stripe,37,27,0.02130718012078081,4.918035984253806e-09
stripe,37,28,-0.026518350470764993,4.2406600065365124e-09
stripe,37,29,0.030085817319477983,3.631809196346716e-09
stripe,37,30,-0.032245605654578235,2.897570028234609e-09
stripe,37,31,0.033314631601284006,2.1596279627073947e-09
stripe,37,32,-0.03350213186842724,1.4759742406710305e-09
stripe,37,33,0.032848801328748525,9.060230518221479e-10
stripe,37,34,-0.03122014244217352,4.718140778083008e-10
stripe,37,35,0.028333054347775444,1.0826035830357412e-10
stripe,37,36,-0.023886821559611193,-1.4630658266277884e-10
stripe,37,37,0.017794617201869437,-2.7863625838001756e-10
stripe,37,38,-0.010340331766029533,-3.3337042882449695e-10
stripe,37,39,0.0020876828186365826,-3.3426170982743447e-10
stripe,37,40,0.0063215834216751214,-3.0881436398535854e-10
stripe,37,41,-0.01424598431803658,-2.8213312422646794e-10
stripe,37,42,0.021066748336720682,-2.6362449733942764e-10
stripe,37,43,-0.026346573108885094,-2.522830899441543e-10
stripe,37,44,0.03000507567052948,-2.44666781454718e-10
stripe,37,45,-0.03227951864516501,-2.36223459538922e-10
stripe,37,46,0.03350713601218587,-2.278950205033836e-10
stripe,37,47,-0.033937540866938086,-2.232916994876102e-10
stripe,37,48,0.03366757946239441,-2.1014501881539443e-10
stripe,37,49,-0.03263647409565736,-1.968938584894761e-10
stripe,37,50,0.030629271380156906,-2.0155261714625463e-10
stripe,37,51,-0.027322117379500827,-2.114137901172903e-10
stripe,37,52,0.022441271080773106,-2.2523237535933045e-10
stripe,37,53,-0.01598936541469842,-2.461838824174987e-10
stripe,37,54,0.008342141745316858,-2.6397953998155105e-10
stripe,37,55,-0.00010908130048544427,-2.720891145224366e-10
stripe,37,56,-0.008050990985258848,-2.6734141370911416e-10
stripe,37,57,0.015478564798088998,-2.49817231728348e-10
stripe,37,58,-0.021560534278542987,-2.2314292287023905e-10
stripe,37,59,0.02588583292733162,-1.9207318044324234e-10
stripe,37,60,-0.02833478311633853,-1.5937699322022343e-10
stripe,37,61,0.02893263015471028,-1.2481104656866713e-10
stripe,37,62,-0.027658414039493852,-9.03699128231121e-11
stripe,37,63,0.024574818372363416,-5.675299423412634e-11
stripe,37,64,-0.016886831526567204,-3.9643441895231825e-11
stripe,38,1,0.01648089261614126,1.2706093795769983e-10
stripe,38,2,-0.023958057838483912,1.8259598609282284e-10
stripe,38,3,0.026836652222911858,2.936288546928508e-10
stripe,38,4,-0.02777587883189295,4.1165289232130715e-10
stripe,38,5,0.02665215395042553,5.343686389629978e-10
stripe,38,6,-0.023466460396525196,6.502596142798787e-10
stripe,38,7,0.018297879179471628,7.525040301301958e-10
stripe,38,8,-0.011465859388845583,8.271688521888535e-10
stripe,38,9,0.0035508669777265475,8.58508388246144e-10
stripe,38,10,0.004764866627229844,8.426599403437867e-10
stripe,38,11,-0.01279024472299687,7.944225558100629e-10
stripe,38,12,0.019852924212581315,7.443754847869031e-10
stripe,38,13,-0.025434725893361834,7.290216946077936e-10
stripe,38,14,0.02935861810081407,7.778774482076033e-10
stripe,38,15,-0.031792650289670724,9.068860079752713e-10
stripe,38,16,0.03304374552130243,1.1238688786367974e-09
stripe,38,17,-0.03334076763274266,1.4317787594588996e-09
stripe,38,18,0.03274489026163457,1.8026146848002015e-09
stripe,38,19,-0.031135986489016908,2.1555512623095146e-09
stripe,38,20,0.02823930740699692,2.609888231849537e-09
stripe,38,21,-0.023761416904580657,3.755177271156044e-09
stripe,38,22,0.017625864378898883,5.0066005146433664e-09
stripe,38,23,-0.01012873019046195,6.864849356800454e-09
stripe,38,24,0.001842853523563124,5.6956415371663665e-09
stripe,38,25,0.006583601678136341,4.676646040427591e-09
stripe,38,26,-0.014501544961208094,4.210758839225442e-09
stripe,38,27,0.021287004851263388,2.145753006507787e-09
stripe,38,28,-0.026503735190990377,2.3666865422589435e-09
stripe,38,29,0.030076596638567696,2.4501620544951885e-09
stripe,38,30,-0.032240967936967804,2.066477704975836e-09
stripe,38,31,0.033313997593072936,1.5741015158737259e-09
stripe,38,32,-0.03350563641424765,1.1364396797789758e-09
stripe,38,33,0.032857479259823394,7.698248768431832e-10
stripe,38,34,-0.03123595469162493,4.906292538177084e-10
stripe,38,35,0.02835855635282887,2.9991224946153845e-10
stripe,38,36,-0.023923928152795898,1.8093760632076847e-10
stripe,38,37,0.017842845307183226,1.316838046589115e-10
stripe,38,38,-0.010396514108228658,1.280660498784385e-10
stripe,38,39,0.002147273194282626,1.4107503060914654e-10
stripe,38,40,0.006263062322542842,1.492797138488855e-10
stripe,38,41,-0.014193085395649126,1.415682118486621e-10
stripe,38,42,0.02102350603308329,1.1734414242271308e-10
stripe,38,43,-0.026315024175447434,8.33545567606155e-11
stripe,38,44,0.02998454939804734,4.898567204534989e-11
stripe,38,45,-0.032267820392233595,2.046692188659963e-11
stripe,38,46,0.03350216081768686,1.071916186966046e-12
stripe,38,47,-0.03393827001218959,-1.547992045621539e-11
stripe,38,48,0.033674318955843344,-3.375398352913246e-11
stripe,38,49,-0.03265086663127311,-6.639743816650567e-11
stripe,38,50,0.03065434433631948,-9.12437123071625e-11
stripe,38,51,-0.027361175968231725,-1.0920284691991425e-10
stripe,38,52,0.022495986681635438,-1.26308409939542e-10
stripe,38,53,-0.016057911409923114,-1.3223228156146806e-10
stripe,38,54,0.008419386951487865,-1.4111547331747222e-10
stripe,38,55,-0.00018870079734491663,-1.4436788239136675e-10
stripe,38,56,-0.007975061554512384,-1.417614232819171e-10
stripe,38,57,0.015411572266729555,-1.3303269018157945e-10
stripe,38,58,-0.021506835109580083,-1.1986430653218782e-10
stripe,38,59,0.025846485332738554,-1.044458559809464e-10
stripe,38,60,-0.028307510308963606,-8.76131066803996e-11
stripe,38,61,0.028913787269113728,-6.919612586394881e-11
stripe,38,62,-0.027644916482988943,-5.052270668475352e-11
stripe,38,63,0.024564607178862587,-3.187327344738379e-11
stripe,38,64,-0.016880090495440807,-2.230164054437014e-11
stripe,39,1,0.016479052360523355,1.0404564857605147e-10
stripe,39,2,-0.02395531854337707,1.4962015783504635e-10
stripe,39,3,0.026833124455391995,2.407778515495771e-10
stripe,39,4,-0.027771117900786037,3.371625202828706e-10
stripe,39,5,0.02664550998846644,4.3667092320418307e-10
stripe,39,6,-0.02345726269629929,5.300306020517067e-10
stripe,39,7,0.01828596661180769,6.11966333271439e-10
stripe,39,8,-0.01145178062030984,6.723010575805113e-10
stripe,39,9,0.003535631325958249,6.986199900383267e-10
stripe,39,10,0.004780094192761628,6.859298026687158e-10
stripe,39,11,-0.01280425178217524,6.472921104648251e-10
stripe,39,12,0.019864604981863612,6.014672691761155e-10
stripe,39,13,-0.025443540415409638,5.85613476845874e-10
stripe,39,14,0.029364747498179074,6.160107631667688e-10
stripe,39,15,-0.03179690631425274,6.758162608746423e-10
stripe,39,16,0.03304714018949244,7.769606219774175e-10
stripe,39,17,-0.033344334976827775,9.178922766768755e-10
stripe,39,18,0.03274974830052386,1.0895237018766153e-09
stripe,39,19,-0.03114342780106738,1.285727095669902e-09
stripe,39,20,0.028250725239931627,1.5165560061910971e-09
stripe,39,21,-0.023777797909242806,1.8258799678141088e-09
stripe,39,22,0.01764719543750838,2.141437439225547e-09
stripe,39,23,-0.01015388256994456,2.5710088951020054e-09
stripe,39,24,0.0018696197556111907,2.5983765799596534e-09
stripe,39,25,0.006557306853586261,2.4218918683797865e-09
stripe,39,26,-0.0144776670998562,2.2758499310724914e-09
stripe,39,27,0.02126750709013058,1.9060434637350433e-09
stripe,39,28,-0.02648973989004691,1.6784825611181075e-09
stripe,39,29,0.03006785381502006,1.463810457628291e-09
stripe,39,30,-0.032236672532226326,1.2130816139673175e-09
stripe,39,31,0.03331348175030492,9.538236576667891e-10
stripe,39,32,-0.03350911988385448,7.186190652140215e-10
stripe,39,33,0.03286601217308674,5.319287505712327e-10
stripe,39,34,-0.031251497340448645,3.8074017416998136e-10
stripe,39,35,0.02838365972920375,2.8463616657222554e-10
stripe,39,36,-0.023960461274429815,2.4654442477584545e-10
stripe,39,37,0.01789034151334322,2.361558620571202e-10
stripe,39,38,-0.010451906970045454,2.46298566955398e-10
stripe,39,39,0.002206165058203987,2.6071073791057027e-10
stripe,39,40,0.006205158315760995,2.636973007962671e-10
stripe,39,41,-0.014140713559505403,2.494006654610856e-10
stripe,39,42,0.02098069340268489,2.1825572391008698e-10
stripe,39,43,-0.026283768829384067,1.782724269674377e-10
stripe,39,44,0.029964229339769714,1.35670469482561e-10
stripe,39,45,-0.03225624631062861,9.539176580838045e-11
stripe,39,46,0.033497252491300714,6.562614041927935e-11
stripe,39,47,-0.03393899538833586,4.235997068985682e-11
stripe,39,48,0.03368097703869091,1.8246824786151986e-11
stripe,39,49,-0.032665106716883906,-3.186811816685148e-12
stripe,39,50,0.030678984395968556,-1.8386600027329762e-11
stripe,39,51,-0.027399487660324084,-3.396135789961097e-11
stripe,39,52,0.02254961604344905,-4.8083372181509675e-11
stripe,39,53,-0.016124990411310887,-5.627046851102696e-11
stripe,39,54,0.008495042442810253,-6.072150591675156e-11
stripe,39,55,-0.00026669646895717764,-6.181552114743638e-11
stripe,39,56,-0.007900605769713754,-6.019503242885069e-11
stripe,39,57,0.015345983945548335,-5.6574081509067e-11
stripe,39,58,-0.02145428272260853,-5.1655776523531964e-11
stripe,39,59,0.02580792134798673,-4.6228063489551095e-11
stripe,39,60,-0.02828078857171202,-3.9946323371370186e-11
stripe,39,61,0.02889531904643653,-3.311149902386966e-11
stripe,39,62,-0.027631687346647157,-2.588743182255197e-11
stripe,39,63,0.02455460154147702,-1.6853984426349875e-11
stripe,39,64,-0.016873482269583386,-1.1802529927342175e-11
stripe,40,1,0.016477351049278006,7.48554114284698e-11
stripe,40,2,-0.023952790625928595,1.0743038389701648e-10
stripe,40,3,0.026829881896977135,1.721741361466111e-10
stripe,40,4,-0.027766735895791962,2.401551735798018e-10
stripe,40,5,0.026639352870327974,3.1046861373918763e-10
stripe,40,6,-0.023448751335953772,3.7662535606502395e-10
stripe,40,7,0.018274947536219284,4.347075893143156e-10
stripe,40,8,-0.011438751751711555,4.772597140315653e-10
stripe,40,9,0.003521549231373714,4.955326990869163e-10
stripe,40,10,0.004794168655197618,4.869257095020042e-10
stripe,40,11,-0.012817185503332182,4.5947446646793447e-10
stripe,40,12,0.019875385283668764,4.273465908924787e-10
stripe,40,13,-0.025451638482972272,4.093579001952543e-10
stripe,40,14,0.02937039054659956,4.155771558805667e-10
stripe,40,15,-0.03180085286127356,4.421907372386362e-10
stripe,40,16,0.03305034813611192,4.948593721383024e-10
stripe,40,17,-0.03334778826604081,5.757407488010084e-10
stripe,40,18,0.03275451387700663,6.591755322986714e-10
stripe,40,19,-0.03115077133546909,7.017730659192505e-10
stripe,40,20,0.02826202732269495,6.842920228690665e-10
stripe,40,21,-0.023794048257216878,8.096214177756505e-10
stripe,40,22,0.017668325448720205,1.1729405258169625e-09
stripe,40,23,-0.010178638070534839,1.905593355487337e-09
stripe,40,24,0.0018960577787166294,1.6934030457928228e-09
stripe,40,25,0.00653124651641894,1.1902513353331167e-09
stripe,40,26,-0.014454059613748247,7.46273383247898e-10
stripe,40,27,0.021248248329770777,2.0195963732007998e-10
stripe,40,28,-0.026475842186443745,5.644020352317641e-10
stripe,40,29,0.030059123123846333,8.333733412466677e-10
stripe,40,30,-0.03223232051988246,7.930886458061483e-10
stripe,40,31,0.03331293530376623,6.44071182583827e-10
stripe,40,32,-0.03351253502804673,5.035475712806014e-10
stripe,40,33,0.03287440424531847,3.9141351919631686e-10
stripe,40,34,-0.03126680781273673,3.124767189157004e-10
stripe,40,35,0.0284084203528067,2.5884370504578173e-10
stripe,40,36,-0.023996519285631582,2.3176674942597684e-10
stripe,40,37,0.017937274222494234,2.3290504850170273e-10
stripe,40,38,-0.010506697182264477,2.4713341395569075e-10
stripe,40,39,0.0022645058973468656,2.6016101194124924e-10
stripe,40,40,0.006147760813841354,2.614680157331103e-10
stripe,40,41,-0.014088769341901678,2.468647779551165e-10
stripe,40,42,0.020938192827213598,2.1935867882157714e-10
stripe,40,43,-0.02625273230390204,1.8544719876888885e-10
stripe,40,44,0.02994402980901239,1.4972251128942893e-10
stripe,40,45,-0.032244711908057035,1.1746894744309687e-10
stripe,40,46,0.033492303171316115,9.190573424519544e-11
stripe,40,47,-0.03393958042112628,7.016645961836462e-11
stripe,40,48,0.03368732866611432,4.5729031879173486e-11
stripe,40,49,-0.03267880102599787,2.4876118653549476e-11
stripe,40,50,0.030702792163433766,1.1866810722528593e-11
stripe,40,51,-0.027436566001441922,5.824451235481246e-13
stripe,40,52,0.022601582947653524,-7.244196471608634e-12
stripe,40,53,-0.016190096440470102,-1.1367753626548566e-11
stripe,40,54,0.008568497004736261,-1.270738428943078e-11
stripe,40,55,-0.0003425731429191714,-1.2206738764441797e-11
stripe,40,56,-0.007828056573659372,-1.1380037068244626e-11
stripe,40,57,0.015282093720881375,-1.06812085873835e-11
stripe,40,58,-0.02140305330929506,-1.0332112441417904e-11
stripe,40,59,0.025770354695759726,-1.0133374257620543e-11
stripe,40,60,-0.028254750427792918,-9.700141501934374e-12
stripe,40,61,0.028877323680615213,-8.573430471035538e-12
stripe,40,62,-0.027618787662222453,-6.592715062276083e-12
stripe,40,63,0.024544833186606906,-4.209957956958325e-12
stripe,40,64,-0.01686702621602593,-2.9971910610177766e-12
stripe,41,1,0.01647577571605265,7.614342173964478e-11
stripe,41,2,-0.02395045184256338,1.0983955806603097e-10
stripe,41,3,0.026826879625552878,1.7790668501305837e-10
stripe,41,4,-0.027762708037505586,2.5183164158225063e-10
stripe,41,5,0.02663367950102238,3.279540370226163e-10
stripe,41,6,-0.023440898225205745,3.9749150265115254e-10
stripe,41,7,0.018264779873062555,4.566150175967184e-10
stripe,41,8,-0.011426731371670718,4.975889490659854e-10
stripe,41,9,0.0035085515906616484,5.13068109617529e-10
stripe,41,10,0.004807133032961836,5.018410078764053e-10
stripe,41,11,-0.012829093018819512,4.753639514447265e-10
stripe,41,12,0.01988529923544759,4.5264729849527787e-10
stripe,41,13,-0.02545907865369992,4.563275511445618e-10
stripe,41,14,0.029375572763311604,4.949250315646341e-10
stripe,41,15,-0.031804500916191296,5.636187123747086e-10
stripe,41,16,0.033053358545000217,6.668340610532166e-10
stripe,41,17,-0.03335109556755951,8.13857123196447e-10
stripe,41,18,0.03275915749483799,9.523388869395691e-10
stripe,41,19,-0.031157982824019145,7.119636770636319e-10
stripe,41,20,0.028273170766452936,1.7329022615144777e-11
stripe,41,21,-0.023810096089779208,5.972188248684905e-10
stripe,41,22,0.01768918207994643,2.8118586046829613e-09
stripe,41,23,-0.010203043493613145,7.834978842932899e-09
stripe,41,24,0.0019221383277249243,5.19896744733676e-09
stripe,41,25,0.006505520980917806,1.353443617009704e-09
stripe,41,26,-0.014430765908653324,-1.016565771696047e-09
stripe,41,27,0.021229238052894762,-4.577648031790772e-09
stripe,41,28,-0.02646211413100716,-1.1368892533395655e-09
stripe,41,29,0.030050511318214353,1.479315087155205e-09
stripe,41,30,-0.032228040627732046,1.876489437875024e-09
stripe,41,31,0.03331242046006052,1.4923513073748453e-09
stripe,41,32,-0.03351591734619615,1.1059669260621426e-09
stripe,41,33,0.032882705791419005,8.049780423764947e-10
stripe,41,34,-0.031281951415221596,5.814769789175516e-10
stripe,41,35,0.028432924809078247,4.379567476658448e-10
stripe,41,36,-0.02403224571472967,3.706182151101056e-10
stripe,41,37,0.017983828466990644,3.6055644537488237e-10
stripe,41,38,-0.010561106289455465,3.8025353060349594e-10
stripe,41,39,0.0023224932506129285,4.0275198067139687e-10
stripe,41,40,0.006090627374747276,4.0780922864801004e-10
stripe,41,41,-0.01403697085324705,3.8628258266809816e-10
stripe,41,42,0.02089567544249281,3.418011401814689e-10
stripe,41,43,-0.02622154283251519,2.854106044103439e-10
stripe,41,44,0.029923537246639383,2.2810612038860515e-10
stripe,41,45,-0.03223276286333225,1.7638134490604217e-10
stripe,41,46,0.03348693136751513,1.2957534364517085e-10
stripe,41,47,-0.03393978270253159,9.148651596899973e-11
stripe,41,48,0.03369331188285989,6.500624370712711e-11
stripe,41,49,-0.0326920833740878,4.174257747514122e-11
stripe,41,50,0.030726021274675015,2.1026650697989773e-11
stripe,41,51,-0.027472663465019975,8.997097742733152e-12
stripe,41,52,0.022652228263285397,2.4360160624627503e-12
stripe,41,53,-0.016253521197441452,-2.0315984858323783e-12
stripe,41,54,0.008640034160055094,-3.4532425705094346e-12
stripe,41,55,-0.0004165290789111837,-2.961232876983711e-12
stripe,41,56,-0.007757294453315187,-1.594734717112262e-12
stripe,41,57,0.015219776670795951,-3.788571407061149e-13
stripe,41,58,-0.021353086873044172,-1.621643980976646e-12
stripe,41,59,0.025733739061300873,-6.8758953998859036e-12
stripe,41,60,-0.028229363767687164,-1.0099615379406063e-11
stripe,41,61,0.028859778586717774,-9.558978477503942e-12
stripe,41,62,-0.027606212409331435,-7.069929888828931e-12
stripe,41,63,0.024535300025755193,-3.425820524092384e-12
stripe,41,64,-0.016860718991201718,-2.0937460138641208e-12
stripe,42,1,0.016474330754981968,5.616558437214284e-11
stripe,42,2,-0.023948301038301912,8.066602558550832e-11
stripe,42,3,0.026824099201843806,1.2946955867883092e-10
stripe,42,4,-0.027758910135858884,1.809573318586488e-10
stripe,42,5,0.02662841387326753,2.332790534163805e-10
stripe,42,6,-0.023433653702991768,2.8109492282926877e-10
stripe,42,7,0.0182554048173176,3.226206113109056e-10
stripe,42,8,-0.011415660327364557,3.5291501361913827e-10
stripe,42,9,0.0034965885420255695,3.662450239026832e-10
stripe,42,10,0.0048190675701537435,3.606015855418579e-10
stripe,42,11,-0.012840043175646633,3.4090599469815586e-10
stripe,42,12,0.019894417779535233,3.1715647775280133e-10
stripe,42,13,-0.025465943266561673,3.0258266588386454e-10
stripe,42,14,0.02938037804545731,3.087091734712343e-10
stripe,42,15,-0.031807918673938826,3.3772811574272393e-10
stripe,42,16,0.03305624133858808,3.8514282553361623e-10
stripe,42,17,-0.03335434178151428,4.543311360436905e-10
stripe,42,18,0.032763780050820826,5.067718680932479e-10
stripe,42,19,-0.031165217091906956,5.444975805255892e-10
stripe,42,20,0.028284402518565274,6.33031724819301e-10
stripe,42,21,-0.023826337757112414,8.572223393036427e-10
stripe,42,22,0.017710269525482287,1.0878834797122966e-09
stripe,42,23,-0.010227519896780573,1.6243402285425652e-09
stripe,42,24,0.0019484057403953647,1.6094739145429234e-09
stripe,42,25,0.006479434877306342,1.3441252777568972e-09
stripe,42,26,-0.014407135078245932,1.3289938478627162e-09
stripe,42,27,0.02120994368061293,1.0181452939012391e-09
stripe,42,28,-0.026448112450258198,9.38327441779503e-10
stripe,42,29,0.03004168754188491,9.082225013178044e-10
stripe,42,30,-0.032223648078487266,8.283231184930315e-10
stripe,42,31,0.03331189116366709,7.001196352619856e-10
stripe,42,32,-0.0335193190443339,5.579749038053613e-10
stripe,42,33,0.03289098917292279,4.430568455728866e-10
stripe,42,34,-0.031297070640457676,3.6044887957199525e-10
stripe,42,35,0.02845740900669289,3.110023768769333e-10
stripe,42,36,-0.024067950891538768,2.938979654939212e-10
stripe,42,37,0.018030265627560507,3.0187951057685765e-10
stripe,42,38,-0.010615045473733374,3.220697033118268e-10
stripe,42,39,0.0023802184645728025,3.3835720019860523e-10
stripe,42,40,0.006033547380778142,3.38715201122251e-10
stripe,42,41,-0.013985280598672455,3.191213392261751e-10
stripe,42,42,0.02085321647468698,2.8345930361742057e-10
stripe,42,43,-0.026190322253404376,2.4011645727548786e-10
stripe,42,44,0.029903018998862135,1.9632895427385648e-10
stripe,42,45,-0.032220811694389694,1.570573078381177e-10
stripe,42,46,0.03348155520035881,1.2870960602863545e-10
stripe,42,47,-0.033939907424876035,1.0347143820380993e-10
stripe,42,48,0.03369904626975907,7.737234991871587e-11
stripe,42,49,-0.032704815867661455,6.025089710005915e-11
stripe,42,50,0.030748310276326456,5.010912534065078e-11
stripe,42,51,-0.02750747887154528,4.264900878511769e-11
stripe,42,52,0.022701157324076782,3.8224855790610346e-11
stripe,42,53,-0.016314972971631862,3.728483173895697e-11
stripe,42,54,0.008709489568033416,3.8347715781550107e-11
stripe,42,55,-0.0004883986866327629,3.991402065448905e-11
stripe,42,56,-0.007688472112104314,4.041890667961225e-11
stripe,42,57,0.015159109383222649,3.845640254272953e-11
stripe,42,58,-0.021304389721015376,3.528022050808401e-11
stripe,42,59,0.0256980123362485,3.122611629933844e-11
stripe,42,60,-0.02820459687973323,2.86890146499896e-11
stripe,42,61,0.028842670160062815,2.464575513524938e-11
stripe,42,62,-0.02759394402091605,1.6867402831699353e-11
stripe,42,63,0.024526004158532934,9.928510949234961e-12
stripe,42,64,-0.01685457156579435,6.7459344516085665e-12
stripe,43,1,0.016472985555057405,4.792417852408103e-11
stripe,43,2,-0.023946302159331745,6.898346231099481e-11
stripe,43,3,0.026821540167016433,1.1096383057886087e-10
stripe,43,4,-0.027755456615100343,1.551869797816216e-10
stripe,43,5,0.026623604426503546,2.0016464874646824e-10
stripe,43,6,-0.023427006503300277,2.413089956838218e-10
stripe,43,7,0.018246817302096464,2.771170499046187e-10
stripe,43,8,-0.011405532146069462,3.039077021434686e-10
stripe,43,9,0.0034856701383022,3.160368270155363e-10
stripe,43,10,0.004829936427017631,3.103631464644143e-10
stripe,43,11,-0.012849997093180143,2.929031796362164e-10
stripe,43,12,0.01990268910176428,2.706751730368731e-10
stripe,43,13,-0.025472145428573473,2.6244569792666056e-10
stripe,43,14,0.029384706899300624,2.739343329927214e-10
stripe,43,15,-0.03181102349906863,2.879167661983857e-10
stripe,43,16,0.0330589241279991,3.233871132052195e-10
stripe,43,17,-0.033357475020071845,3.84143928341461e-10
stripe,43,18,0.03276826098352881,4.3992127519462656e-10
stripe,43,19,-0.031172328135879057,4.692952552967621e-10
stripe,43,20,0.02829547727430666,5.308822154513482e-10
stripe,43,21,-0.023842321924790015,9.137251664851507e-10
stripe,43,22,0.017731059463971043,1.3751496856290385e-09
stripe,43,23,-0.010251813849777244,2.094877374022276e-09
stripe,43,24,0.0019743598903242776,1.5967212709868268e-09
stripe,43,25,0.006453770392983522,1.169047789725536e-09
stripe,43,26,-0.014383845223975154,8.847905355749712e-10
stripe,43,27,0.02119088771294338,9.523661296197727e-11
stripe,43,28,-0.02643431519185748,4.3341993150694584e-10
stripe,43,29,0.030033011464432574,6.261428861037917e-10
stripe,43,30,-0.0322193140789214,5.724917743888381e-10
stripe,43,31,0.03331131938914222,4.601012792916223e-10
stripe,43,32,-0.03352261060109943,3.631135070268988e-10
stripe,43,33,0.032899108301613536,2.885901806380301e-10
stripe,43,34,-0.03131188425152029,2.4309507261504194e-10
stripe,43,35,0.028481378718921924,2.180197783277393e-10
stripe,43,36,-0.02410290662471952,2.086865353737843e-10
stripe,43,37,0.018075945284900752,2.1954382909458676e-10
stripe,43,38,-0.010668777638194408,2.3679629160831794e-10
stripe,43,39,0.00243723604860606,2.4857481521999917e-10
stripe,43,40,0.005977551728531918,2.479770929245265e-10
stripe,43,41,-0.013934352605383562,2.3304910502554166e-10
stripe,43,42,0.020811466428630753,2.0726244091670263e-10
stripe,43,43,-0.026159759682913602,1.76757763853816e-10
stripe,43,44,0.029883011788310144,1.466747767080695e-10
stripe,43,45,-0.03220921674986931,1.2026934253703237e-10
stripe,43,46,0.03347636342833267,9.956741134217663e-11
stripe,43,47,-0.033940016886376156,8.172518518905225e-11
stripe,43,48,0.03370459376878787,6.586121465539553e-11
stripe,43,49,-0.03271713271157365,5.3473284400317165e-11
stripe,43,50,0.03076986617646627,4.203927054397714e-11
stripe,43,51,-0.02754122491589515,3.569491243134754e-11
stripe,43,52,0.022748661042394445,3.4947702087177144e-11
stripe,43,53,-0.016374727846387743,3.5628037924132845e-11
stripe,43,54,0.008777080606734062,3.7675268461603787e-11
stripe,43,55,-0.0005583726887103319,3.933433860774051e-11
stripe,43,56,-0.007621441526325676,3.922434916286428e-11
stripe,43,57,0.015099977203173989,3.6942562077466805e-11
stripe,43,58,-0.021256907287403183,3.2987574040561476e-11
stripe,43,59,0.025663125106109803,2.812331848947654e-11
stripe,43,60,-0.028180401512226963,2.2891014854093866e-11
stripe,43,61,0.028825948735799634,1.730343280370858e-11
stripe,43,62,-0.027581961154483664,1.1702128051202635e-11
stripe,43,63,0.024516923647783902,6.8870731178009836e-12
stripe,43,64,-0.01684855128493299,4.744193022056991e-12
stripe,44,1,0.01647175107452927,4.6479373863300356e-11
stripe,44,2,-0.02394446995306199,6.711172603813167e-11
stripe,44,3,0.026819190733118798,1.0802862694527802e-10
stripe,44,4,-0.027752305916715257,1.5015204773380616e-10
stripe,44,5,0.02661921682014915,1.9023284526856324e-10
stripe,44,6,-0.023420959194662187,2.238226949119134e-10
stripe,44,7,0.018239016163148707,2.5214257650112675e-10
stripe,44,8,-0.011396360478159015,2.7433176441096575e-10
stripe,44,9,0.00347580089163476,2.8579301355246344e-10
stripe,44,10,0.004839733825880465,2.8193867514899834e-10
stripe,44,11,-0.012858948074233434,2.6688268085003133e-10
stripe,44,12,0.019910107432073075,2.4562778623888936e-10
stripe,44,13,-0.02547769148745482,2.3355485834618463e-10
stripe,44,14,0.0293885987446488,2.33274917059481e-10
stripe,44,15,-0.031813908083289225,2.2006222623072274e-10
stripe,44,16,0.03306157586515042,2.276405820425948e-10
stripe,44,17,-0.03336079497019793,2.692204678063033e-10
stripe,44,18,0.032773230917077234,3.0204880218226865e-10
stripe,44,19,-0.031179962630918934,2.645115345903351e-10
stripe,44,20,0.028307065675719584,2.665294849899691e-10
stripe,44,21,-0.023858751567048864,8.781988015103763e-10
stripe,44,22,0.017752190341342802,1.6248458275066012e-09
stripe,44,23,-0.010276356411964028,2.5679526714986343e-09
stripe,44,24,0.002000466692914902,1.840402504144357e-09
stripe,44,25,0.0064280398141697125,1.4112830290692936e-09
stripe,44,26,-0.014360528604985635,9.20716167100321e-10
stripe,44,27,0.021171863808731702,-2.901425080585478e-10
stripe,44,28,-0.02642057723820091,2.9866658753062896e-10
stripe,44,29,0.030024376309063194,5.48487014941803e-10
stripe,44,30,-0.03221499822149204,4.68116880380408e-10
stripe,44,31,0.03331074151063016,3.483239180556865e-10
stripe,44,32,-0.03352588999375474,2.738482054711009e-10
stripe,44,33,0.0329071838340978,2.1612743049491378e-10
stripe,44,34,-0.031326611937452176,1.7449715081668458e-10
stripe,44,35,0.028505226690966785,1.5353557073010304e-10
stripe,44,36,-0.024137721284444698,1.5025086307545936e-10
stripe,44,37,0.018121385524537632,1.594613460472803e-10
stripe,44,38,-0.010721952785154826,1.7243308940188732e-10
stripe,44,39,0.0024938734355324232,1.812400595534296e-10
stripe,44,40,0.00592174817037577,1.8079662789133396e-10
stripe,44,41,-0.013883700918267116,1.6969345870690375e-10
stripe,44,42,0.02076996646359161,1.5084959499433922e-10
stripe,44,43,-0.02612933093377734,1.2849148745394545e-10
stripe,44,44,0.029863092708862504,1.0643258278755974e-10
stripe,44,45,-0.03219773257539668,8.592579728513455e-11
stripe,44,46,0.033471151035204115,6.687168846916556e-11
stripe,44,47,-0.03394001782199702,4.946674437569427e-11
stripe,44,48,0.033709888439095996,4.1615268170830196e-11
stripe,44,49,-0.03272896567820401,3.8420177612646875e-11
stripe,44,50,0.030790635982584885,2.9095132450186967e-11
stripe,44,51,-0.02757386929592022,2.5290872037246602e-11
stripe,44,52,0.022794702570917737,2.677306373474467e-11
stripe,44,53,-0.01643270791482902,2.7010780468681766e-11
stripe,44,54,0.008842856427890925,2.8303759941414194e-11
stripe,44,55,-0.0006264487227136098,2.976139392484891e-11
stripe,44,56,-0.007556221572335542,3.012912800011064e-11
stripe,44,57,0.015042417278591343,2.8386442985318934e-11
stripe,44,58,-0.021210644448214314,2.4392362188303717e-11
stripe,44,59,0.025629136653131834,1.8588254524659208e-11
stripe,44,60,-0.028156823651612126,1.1833458081620928e-11
stripe,44,61,0.02880967300492955,5.097101067482584e-12
stripe,44,62,-0.027570304449770107,1.247701106021667e-13
stripe,44,63,0.0245080868637748,-1.3136929288385372e-12
stripe,44,64,-0.01684270137350627,-1.0370492506460164e-12
stripe,45,1,0.016470619644138033,2.9125267230778856e-11
stripe,45,2,-0.023942793074576252,4.168258708417567e-11
stripe,45,3,0.02681704629616918,6.643516524489575e-11
stripe,45,4,-0.027749404320255404,9.194631449094101e-11
stripe,45,5,0.026615196513226413,1.191106584202291e-10
stripe,45,6,-0.023415441764790594,1.462986766448099e-10
stripe,45,7,0.01823191142091855,1.7066681159260888e-10
stripe,45,8,-0.011387991011926425,1.885185813812519e-10
stripe,45,9,0.0034667980319034336,1.9575188298318117e-10
stripe,45,10,0.004848671964177757,1.91230834853417e-10
stripe,45,11,-0.012867109188439241,1.7881295402373487e-10
stripe,45,12,0.01991687210255189,1.6598820020037957e-10
stripe,45,13,-0.025482762339386043,1.587348017568805e-10
stripe,45,14,0.02939220681022086,1.6250457069661883e-10
stripe,45,15,-0.03181660567659996,1.682555916687335e-10
stripe,45,16,0.03306408041501177,1.736876172402055e-10
stripe,45,17,-0.03336390705981525,1.901088093546054e-10
stripe,45,18,0.03277789297406943,2.1489605392113268e-10
stripe,45,19,-0.031187301979786912,2.404689054879977e-10
stripe,45,20,0.028318386468683746,2.8698756818190084e-10
stripe,45,21,-0.02387497515030569,4.134019675593885e-10
stripe,45,22,0.01777320235088433,5.442965505744869e-10
stripe,45,23,-0.010300883159098185,6.7656772080951e-10
stripe,45,24,0.0020266424222348685,6.602087735222846e-10
stripe,45,25,0.006402187445946463,5.996359259779245e-10
stripe,45,26,-0.014337031846337313,5.530313827660132e-10
stripe,45,27,0.02115259357280743,4.610053285739716e-10
stripe,45,28,-0.02640650722164446,4.4466608359594183e-10
stripe,45,29,0.030015388995312954,3.900994484395772e-10
stripe,45,30,-0.0322103496352555,3.192508604433325e-10
stripe,45,31,0.033309856185330694,2.5129249465457027e-10
stripe,45,32,-0.03352891689090366,1.9621787125451436e-10
stripe,45,33,0.032915052877080575,1.5626204510318512e-10
stripe,45,34,-0.031341253821876906,1.2917011516010089e-10
stripe,45,35,0.028529054385620117,1.144647722281226e-10
stripe,45,36,-0.024172512399940844,1.1162876561058372e-10
stripe,45,37,0.01816667188952532,1.169721602952501e-10
stripe,45,38,-0.010774606885032876,1.2528317231093944e-10
stripe,45,39,0.002550192660367009,1.3174859365214244e-10
stripe,45,40,0.0058662292204164634,1.317679868766374e-10
stripe,45,41,-0.013833193317862705,1.2412675245589046e-10
stripe,45,42,0.020728341279123715,1.1048131683758074e-10
stripe,45,43,-0.026098738274338763,9.44969068553658e-11
stripe,45,44,0.029843011851064624,7.92721375549644e-11
stripe,45,45,-0.03218596883567353,6.683648053684664e-11
stripe,45,46,0.03346573404390317,5.957317409556393e-11
stripe,45,47,-0.03393983991096145,5.740358251609625e-11
stripe,45,48,0.03371495223291958,5.394150961955159e-11
stripe,45,49,-0.03274043875938851,5.1369170794772205e-11
stripe,45,50,0.030810829810360898,5.29768408237812e-11
stripe,45,51,-0.027605577855663477,5.3848918892939955e-11
stripe,45,52,0.02283947067021675,5.299388542617983e-11
stripe,45,53,-0.016489205527320906,5.2256639858538513e-11
stripe,45,54,0.00890699772156757,5.2956070804693575e-11
stripe,45,55,-0.0006930077459950082,5.4792910271773136e-11
stripe,45,56,-0.007492378102738471,5.5997114764252836e-11
stripe,45,57,0.014986057547534331,5.4257230029789914e-11
stripe,45,58,-0.021165434573150257,5.071501034460742e-11
stripe,45,59,0.025595899934551115,4.560082104367879e-11
stripe,45,60,-0.028133639289120466,4.0856693558038775e-11
stripe,45,61,0.02879352980139056,3.376189090470351e-11
stripe,45,62,-0.027558727133693603,2.3163437967899474e-11
stripe,45,63,0.02449935220114623,1.3706661402567293e-11
stripe,45,64,-0.016836942331442145,9.25375679615933e-12
stripe,46,1,0.01646958353501537,1.9726296751746924e-11
stripe,46,2,-0.023941256521900198,2.8276794299292676e-11
stripe,46,3,0.026815080478052644,4.517039323321164e-11
stripe,46,4,-0.02774676530918064,6.267971593927724e-11
stripe,46,5,0.02661154512252004,8.049958139139826e-11
stripe,46,6,-0.023410427524686018,9.701538524325204e-11
stripe,46,7,0.0182254521506015,1.1145262798258692e-10
stripe,46,8,-0.011380423630539701,1.2209677206083828e-10
stripe,46,9,0.0034586856019543193,1.2683777722120728e-10
stripe,46,10,0.004856687056570317,1.2487906141507787e-10
stripe,46,11,-0.012874392266042652,1.175518231213947e-10
stripe,46,12,0.019922887120508534,1.0880984986038175e-10
stripe,46,13,-0.025487253818290714,1.0220677856841236e-10
stripe,46,14,0.029395395740611854,9.938092561440844e-11
stripe,46,15,-0.031819022432800104,9.924738060923993e-11
stripe,46,16,0.03306641658970079,1.0371779724190108e-10
stripe,46,17,-0.03336693698746845,1.123303827125833e-10
stripe,46,18,0.03278245175230253,1.233461730243677e-10
stripe,46,19,-0.03119461684172494,1.3636720199689372e-10
stripe,46,20,0.02832973895714258,1.546305401379689e-10
stripe,46,21,-0.023891341286491806,1.9408876683705433e-10
stripe,46,22,0.017794473356916408,2.4183671168254553e-10
stripe,46,23,-0.010325734362537347,2.5146153222845003e-10
stripe,46,24,0.0020530592326249535,2.611372193077566e-10
stripe,46,25,0.006376118685699128,2.5654583251963603e-10
stripe,46,26,-0.014313367296899568,2.0582134650458553e-10
stripe,46,27,0.021133192446182295,1.9368438284155787e-10
stripe,46,28,-0.02639239727985069,1.9867937106852787e-10
stripe,46,29,0.030006420047734204,1.7307408678446288e-10
stripe,46,30,-0.03220577042783583,1.3922600077787195e-10
stripe,46,31,0.033309076431131984,1.0851279145136219e-10
stripe,46,32,-0.0335320873694612,8.016065708935155e-11
stripe,46,33,0.03292310782033325,7.510292329676171e-11
stripe,46,34,-0.03135598142951689,7.109264871951727e-11
stripe,46,35,0.02855279378799443,6.157667671599661e-11
stripe,46,36,-0.024206982640392005,6.743223241610063e-11
stripe,46,37,0.018211705481594086,7.239536602229591e-11
stripe,46,38,-0.01082718342707182,7.835082891675245e-11
stripe,46,39,0.002606242943847436,8.189606500529555e-11
stripe,46,40,0.005810824054567036,8.099655686145619e-11
stripe,46,41,-0.013782732182998263,7.592367321821234e-11
stripe,46,42,0.020686782310211087,6.74643586037663e-11
stripe,46,43,-0.026068165084930067,5.6841453722275434e-11
stripe,46,44,0.029822941377241317,4.730695808557542e-11
stripe,46,45,-0.03217432944386435,3.673419650864272e-11
stripe,46,46,0.033460478538626215,2.1554144742649433e-11
stripe,46,47,-0.03393977203511921,1.3626486785908974e-11
stripe,46,48,0.033720104060563486,2.2619332835066937e-11
stripe,46,49,-0.03275182321673069,3.588310552081214e-11
stripe,46,50,0.03083070582204005,3.860697628353591e-11
stripe,46,51,-0.02763668379980585,3.684668625999519e-11
stripe,46,52,0.022883247385176365,3.81326528344252e-11
stripe,46,53,-0.016544364470786,4.02759898142995e-11
stripe,46,54,0.008969532226416449,4.2506028179847934e-11
stripe,46,55,-0.0007578677656155191,4.383798661489381e-11
stripe,46,56,-0.007430139921602076,4.344103137249317e-11
stripe,46,57,0.014931071736497988,4.1165937929546913e-11
stripe,46,58,-0.021121223524922652,3.781485320458635e-11
stripe,46,59,0.025563388061771483,3.3951644193368915e-11
stripe,46,60,-0.028111023235995798,2.996078913228875e-11
stripe,46,61,0.02877785599181194,2.463951646125123e-11
stripe,46,62,-0.027547471456285513,1.786411348996415e-11
stripe,46,63,0.024490827750475966,1.1084100579332963e-11
stripe,46,64,-0.01683131015752186,7.676939157567299e-12
stripe,47,1,0.016468636468396806,-1.396878436104316e-11
stripe,47,2,-0.023939855319470286,-2.0663698492542287e-11
stripe,47,3,0.026813295062675796,-3.476063700351989e-11
stripe,47,4,-0.02774437827442542,-5.162953075808563e-11
stripe,47,5,0.02660822043348887,-7.150170622494236e-11
stripe,47,6,-0.023405870340192012,-9.048293863448244e-11
stripe,47,7,0.018219605704323516,-1.0748848666910376e-10
stripe,47,8,-0.011373560801948608,-1.2042394860856196e-10
stripe,47,9,0.003451333440759612,-1.2280486128694633e-10
stripe,47,10,0.004863952342994056,-1.1517595605985875e-10
stripe,47,11,-0.012881002336469903,-1.0689343276198279e-10
stripe,47,12,0.01992833948591824,-1.1178236233911504e-10
stripe,47,13,-0.025491355553423595,-1.4539964156712346e-10
stripe,47,14,0.02939831953625767,-2.227506198308896e-10
stripe,47,15,-0.03182127007931425,-3.58968726817068e-10
stripe,47,16,0.03306861292399558,-5.616617319577998e-10
stripe,47,17,-0.033369813151126665,-8.24564377591913e-10
stripe,47,18,0.03278689072840571,-1.112748803978321e-09
stripe,47,19,-0.03120176682476354,-1.5436033675547311e-09
stripe,47,20,0.0283408979835338,-2.082728816651642e-09
stripe,47,21,-0.02390745096035824,-2.0137267078415283e-09
stripe,47,22,0.017815414191370466,-1.468664408423841e-09
stripe,47,23,-0.010350212950205183,-2.824842688991955e-09
stripe,47,24,0.002079178517163024,-3.143758873339869e-09
stripe,47,25,0.0063503409713476225,-2.976915311334858e-09
stripe,47,26,-0.014289965370414208,-4.064710099885676e-09
stripe,47,27,0.02111402472952946,-2.621966772547907e-09
stripe,47,28,-0.026378471298689095,-8.685828037674583e-10
stripe,47,29,0.029997589293461083,-5.780315921019743e-10
stripe,47,30,-0.032201264082879974,-5.791883704337517e-10
stripe,47,31,0.033308313956257364,-4.915844052592677e-10
stripe,47,32,-0.0335351370244058,-3.743039491325091e-10
stripe,47,33,0.03293089295011052,-2.5855825184009403e-10
stripe,47,34,-0.03137030868870638,-1.6646647250596774e-10
stripe,47,35,0.028576037049879856,-1.0798752471321062e-10
stripe,47,36,-0.02424093789413487,-7.633266482363248e-11
stripe,47,37,0.01825609961620308,-6.990172542184722e-11
stripe,47,38,-0.010879231987659704,-5.790822386507192e-11
stripe,47,39,0.0026617946877877264,-8.881067970766572e-11
stripe,47,40,0.005756020597786876,-1.0600254037282625e-10
stripe,47,41,-0.013732888169066705,-5.5067108420128395e-11
stripe,47,42,0.02064575940102779,-3.554991653681601e-11
stripe,47,43,-0.02603799221787575,-4.697291047177307e-11
stripe,47,44,0.02980315661330924,-4.790904691808845e-11
stripe,47,45,-0.032162898554254325,-4.145641092895127e-11
stripe,47,46,0.03345525533718785,-3.5367872847207704e-11
stripe,47,47,-0.033939589372747686,-2.219673919060588e-11
stripe,47,48,0.033724941071479636,2.2050416822738347e-12
stripe,47,49,-0.03276275109918046,1.7735411810234812e-11
stripe,47,50,0.030849970517845927,1.480337422712024e-11
stripe,47,51,-0.027666892589087035,1.3942942326773122e-11
stripe,47,52,0.02292579693317292,1.7250389752741108e-11
stripe,47,53,-0.016598040921917835,1.807005232275947e-11
stripe,47,54,0.009030421106552004,1.8960907937930986e-11
stripe,47,55,-0.0008210387645892639,1.9503835286588547e-11
stripe,47,56,-0.007369501926370949,1.9561680098578925e-11
stripe,47,57,0.014877463755090487,1.9090467413188917e-11
stripe,47,58,-0.02107804374956234,1.8287818649417395e-11
stripe,47,59,0.025531611625208905,1.6915014446931936e-11
stripe,47,60,-0.028088935926121134,1.4256740018071279e-11
stripe,47,61,0.028762573759431295,1.0349483569769548e-11
stripe,47,62,-0.027536509203053554,5.603667274686403e-12
stripe,47,63,0.02448252249360707,2.2846056289473877e-12
stripe,47,64,-0.016825818771637024,1.534769797537385e-12
stripe,48,1,0.016467775756592244,-2.1844081246510023e-11
stripe,48,2,-0.023938581035367404,-3.161259490417009e-11
stripe,48,3,0.02681166701903296,-5.15740518422434e-11
stripe,48,4,-0.027742196745278218,-7.364088381220755e-11
stripe,48,5,0.026605205268548777,-9.749325784624483e-11
stripe,48,6,-0.023401739300415503,-1.2082398595292307e-10
stripe,48,7,0.018214299040486916,-1.4150668723796853e-10
stripe,48,8,-0.011367334587121865,-1.5609961972340127e-10
stripe,48,9,0.00344464314977052,-1.6107682301154047e-10
stripe,48,10,0.004870597451947706,-1.5651477298521435e-10
stripe,48,11,-0.012887089591792437,-1.4761514542714365e-10
stripe,48,12,0.019933429771450892,-1.4247860004058867e-10
stripe,48,13,-0.02549524717162712,-1.5216148602132643e-10
stripe,48,14,0.02940114922620033,-1.8982151441823648e-10
stripe,48,15,-0.03182348929353175,-2.638199932482249e-10
stripe,48,16,0.03307082797373234,-3.348455363264625e-10
stripe,48,17,-0.03337274554597512,-4.803478616438503e-10
stripe,48,18,0.03279151447375675,-6.298260967478833e-10
stripe,48,19,-0.031209148279526137,-7.34489997237333e-10
stripe,48,20,0.02835235804055143,-8.956562872947687e-10
stripe,48,21,-0.023923902399719525,-1.0210435214094322e-09
stripe,48,22,0.017836742975364944,-1.1082933969477171e-09
stripe,48,23,-0.010374968628890474,-1.236082519935315e-09
stripe,48,24,0.0021053584286551894,-1.2340629831100116e-09
stripe,48,25,0.006324609974614173,-1.246160582145548e-09
stripe,48,26,-0.014266773592956835,-1.2386547149485623e-09
stripe,48,27,0.021094890940425895,-1.012078324331062e-09
stripe,48,28,-0.026364477128500343,-8.070361210928045e-10
stripe,48,29,0.02998873550646773,-6.512466793758663e-10
stripe,48,30,-0.03219675174898397,-5.080701099177677e-10
stripe,48,31,0.03330761542502323,-3.706461748352228e-10
stripe,48,32,-0.033538286832238855,-2.700300025917246e-10
stripe,48,33,0.03293877548494619,-2.0806247342972444e-10
stripe,48,34,-0.031384738715885055,-1.839358436821382e-10
stripe,48,35,0.02859940717639841,-1.524550730082086e-10
stripe,48,36,-0.02427505377546894,-1.0426319214180868e-10
stripe,48,37,0.018300604590618757,-9.229204359905151e-11
stripe,48,38,-0.010931259656685167,-9.155141231507707e-11
stripe,48,39,0.0027173785255518897,-9.696198194630758e-11
stripe,48,40,0.0057011183461345705,-1.0055725457036302e-10
stripe,48,41,-0.013683036058968926,-9.632947792363666e-11
stripe,48,42,0.020604804797965923,-8.791793420205525e-11
stripe,48,43,-0.026007817267575315,-7.626032647465121e-11
stripe,48,44,0.029783319143998354,-6.351199229223154e-11
stripe,48,45,-0.032151273947363626,-5.1926061226781727e-11
stripe,48,46,0.03344978613041968,-4.0534643411779756e-11
stripe,48,47,-0.03393915069522392,-3.121855503192413e-11
stripe,48,48,0.03372942394354655,-2.8673844439999817e-11
stripe,48,49,-0.0327732313366173,-2.5014297559208143e-11
stripe,48,50,0.030868553059873922,-1.3131612976465007e-11
stripe,48,51,-0.027696105999270845,-6.29026216669511e-12
stripe,48,52,0.02296705898749367,-5.788625382847182e-12
stripe,48,53,-0.016650135256620763,-3.7846062914236156e-12
stripe,48,54,0.00908955142012944,-2.8192835671252714e-12
stripe,48,55,-0.0008824119336955007,-3.0695522149247176e-12
stripe,48,56,-0.0073105845434595276,-3.895589629006861e-12
stripe,48,57,0.014825378420449078,-4.202903677410529e-12
stripe,48,58,-0.021036113692436992,-3.846562100423882e-12
stripe,48,59,0.025500719876101613,-2.758333709398713e-12
stripe,48,60,-0.028067454247181055,-1.7634629923422583e-12
stripe,48,61,0.028747662467910017,-1.3430877780287457e-12
stripe,48,62,-0.027525789952714097,-1.3427750112877965e-12
stripe,48,63,0.02447440164282008,-1.2223480680920045e-12
stripe,48,64,-0.01682045129193694,-9.10561495297002e-13
stripe,49,1,0.016466989812936268,-4.1456524150547474e-11
stripe,49,2,-0.023937416241545155,-6.02856611533393e-11
stripe,49,3,0.0268101802146521,-9.796331393799064e-11
stripe,49,4,-0.02774020314120409,-1.371907587247564e-10
stripe,49,5,0.026602455125454266,-1.736584696652262e-10
stripe,49,6,-0.023397980609943237,-2.0292212663020757e-10
stripe,49,7,0.018209473804177444,-2.2727690662696824e-10
stripe,49,8,-0.011361684489774735,-2.466701602805376e-10
stripe,49,9,0.0034385977986349583,-2.555877573155702e-10
stripe,49,10,0.0048765691678894635,-2.4897070303737183e-10
stripe,49,11,-0.01289253476121452,-2.3127940619903887e-10
stripe,49,12,0.019937937625473225,-2.1230264902165104e-10
stripe,49,13,-0.025498670535178007,-2.0409972786478094e-10
stripe,49,14,0.029403639799629476,-2.1387694585288828e-10
stripe,49,15,-0.031825487179849475,-2.1873730118013184e-10
stripe,49,16,0.033072896567137654,-1.9982162050550498e-10
stripe,49,17,-0.03337556009945199,-8.711173744069033e-11
stripe,49,18,0.032795947416509194,-2.1938947626348878e-10
stripe,49,19,-0.031216315162456116,-5.065759153076997e-10
stripe,49,20,0.02836354255098962,-5.816037466987119e-10
stripe,49,21,-0.0239400307863457,-6.283099054882841e-10
stripe,49,22,0.017857689757661496,-6.852816126071267e-10
stripe,49,23,-0.010399406416384295,-7.4075503903741e-10
stripe,49,24,0.0021313935377246544,-7.767063595843825e-10
stripe,49,25,0.006298929182450477,-7.815163711125302e-10
stripe,49,26,-0.014243482523052388,-7.443695482949575e-10
stripe,49,27,0.02107580766180582,-6.639413484151874e-10
stripe,49,28,-0.02635066213700543,-5.652123004925108e-10
stripe,49,29,0.029979997009563046,-4.659439434666837e-10
stripe,49,30,-0.03219228845948022,-3.78365015603638e-10
stripe,49,31,0.033306824795537586,-3.02187980784412e-10
stripe,49,32,-0.03354131914701528,-2.378636866179259e-10
stripe,49,33,0.032946528276464444,-1.832396031566394e-10
stripe,49,34,-0.03139897150899158,-1.4763053788023963e-10
stripe,49,35,0.02862248895302267,-1.269665790514889e-10
stripe,49,36,-0.024308802282931828,-1.1179931427900101e-10
stripe,49,37,0.018344738837605824,-1.1029400416869749e-10
stripe,49,38,-0.010983009611886623,-1.1586916105257565e-10
stripe,49,39,0.0027727024081069807,-1.2265402819591143e-10
stripe,49,40,0.005646424664920071,-1.24372921577008e-10
stripe,49,41,-0.013633239785849346,-1.1820501285584934e-10
stripe,49,42,0.020563721258329764,-1.050411728129815e-10
stripe,49,43,-0.02597747666205328,-8.802750642435703e-11
stripe,49,44,0.02976327201093836,-7.041075386858202e-11
stripe,49,45,-0.03213956544861213,-5.4279609335693654e-11
stripe,49,46,0.033444225810242326,-4.0185061482488995e-11
stripe,49,47,-0.03393861107310181,-2.758114860389522e-11
stripe,49,48,0.03373387450595298,-1.9411945428601733e-11
stripe,49,49,-0.0327835320218598,-1.1604776053238785e-11
stripe,49,50,0.030886719547370028,-1.2545626905579252e-12
stripe,49,51,-0.027724632585610642,2.6925341981440107e-12
stripe,49,52,0.023007325563591908,1.8105613276050754e-12
stripe,49,53,-0.016700913067441814,1.050678564468626e-12
stripe,49,54,0.009147164929971714,-2.256165064430846e-13
stripe,49,55,-0.0009422213706538974,-5.417331786883145e-13
stripe,49,56,-0.0072531362650998035,2.9516485388304086e-13
stripe,49,57,0.014774550607305781,1.2189965812230843e-12
stripe,49,58,-0.020995158210138348,1.875013715818871e-12
stripe,49,59,0.025470571764750084,2.137173322383883e-12
stripe,49,60,-0.02804650752996219,2.0393721790627594e-12
stripe,49,61,0.028733162769033434,1.682763007791796e-12
stripe,49,62,-0.027515381590984263,1.2709596819290855e-12
stripe,49,63,0.024466507683584764,9.312336693348827e-13
stripe,49,64,-0.01681522816959527,7.766791803769424e-13
stripe,50,1,0.016466278239303356,-2.8667953280847487e-11
stripe,50,2,-0.02393636724958298,-4.116838578018682e-11
stripe,50,3,0.026808847710660846,-6.601317238134105e-11
stripe,50,4,-0.027738446840994524,-9.186245619944785e-11
stripe,50,5,0.026600010761462702,-1.1633261311456668e-10
stripe,50,6,-0.023394638470926085,-1.367036059792548e-10
stripe,50,7,0.01820519821503129,-1.5371878050584442e-10
stripe,50,8,-0.011356683094676454,-1.6615776710517377e-10
stripe,50,9,0.003433248436204373,-1.7253324589688506e-10
stripe,50,10,0.004881844039325176,-1.711288330402639e-10
stripe,50,11,-0.012897306780438832,-1.6211787648820982e-10
stripe,50,12,0.019941885717624015,-1.4930950037362975e-10
stripe,50,13,-0.025501613103142987,-1.3783673112848903e-10
stripe,50,14,0.029405795550212062,-1.3232351851635487e-10
stripe,50,15,-0.03182724506719209,-1.3360542674172554e-10
stripe,50,16,0.03307479026224397,-1.3931755233771329e-10
stripe,50,17,-0.03337823760403459,-1.5107506929273526e-10
stripe,50,18,0.03280017321939211,-1.8295013184289798e-10
stripe,50,19,-0.03122327984923788,-2.2982172146531457e-10
stripe,50,20,0.028374500179466324,-2.7160631979758777e-10
stripe,50,21,-0.023955901194150322,-3.120710786420413e-10
stripe,50,22,0.017878378959445433,-3.5331248649269193e-10
stripe,50,23,-0.010423634855421152,-3.8610948521155367e-10
stripe,50,24,0.0021572832995546817,-4.025291606903609e-10
stripe,50,25,0.006273361177944836,-3.9775842422141025e-10
stripe,50,26,-0.014220276969834453,-3.7264668633816086e-10
stripe,50,27,0.02105681542203775,-3.3258027561762566e-10
stripe,50,28,-0.02633686748205662,-2.86180641215396e-10
stripe,50,29,0.029971239707134577,-2.4216411939263113e-10
stripe,50,30,-0.03218782703875059,-2.0325729613688458e-10
stripe,50,31,0.03330604669043655,-1.7296231215232084e-10
stripe,50,32,-0.033544318341877925,-1.50508567103825e-10
stripe,50,33,0.032954207043467035,-1.1736055775550335e-10
stripe,50,34,-0.03141310467802284,-9.458609396866732e-11
stripe,50,35,0.028645446355497504,-8.760884140833227e-11
stripe,50,36,-0.024342437907343632,-8.119106886442754e-11
stripe,50,37,0.018388827030856623,-8.484727894568388e-11
stripe,50,38,-0.011034831546579669,-9.16354564051612e-11
stripe,50,39,0.0028282129517960978,-9.653259259248786e-11
stripe,50,40,0.005591424161413953,-9.66077249130702e-11
stripe,50,41,-0.013582926671550668,-9.093357757671584e-11
stripe,50,42,0.02052197701108356,-8.056575924025254e-11
stripe,50,43,-0.02594638409656922,-6.78009511775683e-11
stripe,50,44,0.029742451860737297,-5.508783957945198e-11
stripe,50,45,-0.032127106794138174,-4.275264391696345e-11
stripe,50,46,0.033438158834709006,-3.107035595439067e-11
stripe,50,47,-0.03393770520960036,-2.1245558120442976e-11
stripe,50,48,0.03373794820636305,-1.5801892955790337e-11
stripe,50,49,-0.0327934045773216,-1.3148263085415853e-11
stripe,50,50,0.03090432418058614,-1.1428467427431204e-11
stripe,50,51,-0.027752324207883823,-1.0476548760196244e-11
stripe,50,52,0.023046466564646782,-9.965415501705955e-12
stripe,50,53,-0.0167503642105609,-1.0724902443489401e-11
stripe,50,54,0.009203315382800174,-1.1363503022992793e-11
stripe,50,55,-0.0010005055892057632,-1.1625517946203098e-11
stripe,50,56,-0.007197144372633743,-1.1321639121700304e-11
stripe,50,57,0.01472499686656602,-1.0441976484119538e-11
stripe,50,58,-0.020955225654597148,-1.0004552853983124e-11
stripe,50,59,0.02544114597075444,-9.96174997843667e-12
stripe,50,60,-0.028026028921791842,-1.1188261755671295e-11
stripe,50,61,0.028718987864534744,-1.0951601542647459e-11
stripe,50,62,-0.027505218575346366,-7.597327166549307e-12
stripe,50,63,0.02445880871007726,-4.432458577478335e-12
stripe,50,64,-0.016810137741106616,-3.0021230474532784e-12
stripe,51,1,0.01646563464655869,1.6622939358885663e-11
stripe,51,2,-0.023935420918758315,2.463535074742724e-11
stripe,51,3,0.02680765676514879,4.263069704916071e-11
stripe,51,4,-0.027736855842397698,6.677049584881454e-11
stripe,51,5,0.02659779726142951,9.853718753609232e-11
stripe,51,6,-0.02339162774129152,1.339549404543041e-10
stripe,51,7,0.018201349779530442,1.6761579761643457e-10
stripe,51,8,-0.011352202154685196,1.900372380854409e-10
stripe,51,9,0.0034284682068504166,1.9047305093105995e-10
stripe,51,10,0.004886552515489183,1.6962337252288665e-10
stripe,51,11,-0.012901575986799106,1.4079665514723376e-10
stripe,51,12,0.019945394668646924,1.1891849998424663e-10
stripe,51,13,-0.025504273823323813,1.2131194819801373e-10
stripe,51,14,0.029407745765766054,1.7543725335548366e-10
stripe,51,15,-0.031828872264772386,1.8226651742975363e-10
stripe,51,16,0.03307659796037042,-8.747145807674813e-11
stripe,51,17,-0.033380849955513006,-4.0078670177551703e-10
stripe,51,18,0.03280437121213221,-6.547626761825794e-11
stripe,51,19,-0.03123015814595614,4.357685613561156e-10
stripe,51,20,0.028385334411349515,4.662893332081849e-10
stripe,51,21,-0.0239716214198629,3.8351526786652383e-10
stripe,51,22,0.01789888182648272,3.456065222139043e-10
stripe,51,23,-0.010447662359712602,3.5104355858920526e-10
stripe,51,24,0.0021829778860847087,3.939295438968578e-10
stripe,51,25,0.006247972214644611,4.3535441048438637e-10
stripe,51,26,-0.014197214084332449,4.374728384701496e-10
stripe,51,27,0.02103791667276067,3.9512074739778824e-10
stripe,51,28,-0.02632313754492162,3.253237832215321e-10
stripe,51,29,0.02996254848800658,2.474958823110963e-10
stripe,51,30,-0.032183419424895734,1.752314663684492e-10
stripe,51,31,0.03330530051419504,1.1248800048960765e-10
stripe,51,32,-0.033547296526197756,5.454924517383552e-11
stripe,51,33,0.032961797286563746,3.129404190551454e-11
stripe,51,34,-0.031427052508650355,1.5705859295852608e-11
stripe,51,35,0.02866813993223147,-7.460822405681345e-12
stripe,51,36,-0.024375702599123576,-1.4454117997010889e-11
stripe,51,37,0.018432445718912498,-2.334862311955722e-11
stripe,51,38,-0.011086115759059274,-2.8531819185416196e-11
stripe,51,39,0.002883155954445796,-2.9520537528409313e-11
stripe,51,40,0.005537006501277895,-2.7966070662947166e-11
stripe,51,41,-0.013533236033292432,-2.5257512036517908e-11
stripe,51,42,0.02048084035525808,-2.27715739063825e-11
stripe,51,43,-0.025915894244049855,-2.1040526412730794e-11
stripe,51,44,0.02972221680595821,-2.0872403580597438e-11
stripe,51,45,-0.03211511410038746,-2.12190764750261e-11
stripe,51,46,0.03343233801868329,-1.772925398113264e-11
stripe,51,47,-0.03393682125660219,-1.2347706842598582e-11
stripe,51,48,0.03374180363212002,-1.6740955725395444e-11
stripe,51,49,-0.03280286461392412,-2.0788890321326554e-11
stripe,51,50,0.03092125691627047,-1.5172019810607513e-11
stripe,51,51,-0.027779051978843956,-1.0696647043173152e-11
stripe,51,52,0.023084322216789847,-9.408379295418755e-12
stripe,51,53,-0.016798255410740818,-9.474005780156203e-12
stripe,51,54,0.009257758374199666,-9.874853190861699e-12
stripe,51,55,-0.001057069122870648,-1.0240989005632338e-11
stripe,51,56,-0.00714277596796864,-1.019719434693089e-11
stripe,51,57,0.014676847004936312,-9.648903665740739e-12
stripe,51,58,-0.020916375498140946,-8.713090354854182e-12
stripe,51,59,0.025412518867628797,-7.656128360508412e-12
stripe,51,60,-0.02800611183696312,-6.603081378517546e-12
stripe,51,61,0.028705202463606683,-5.340024806569616e-12
stripe,51,62,-0.027495330760640584,-3.902608129284207e-12
stripe,51,63,0.024451315373587253,-2.4513417352836464e-12
stripe,51,64,-0.016805180448575187,-1.7104778680127718e-12
stripe,52,1,0.016465050262552162,5.637470477814242e-11
stripe,52,2,-0.023934555663454964,8.201956734251998e-11
stripe,52,3,0.026806549673059173,1.3419983589541616e-10
stripe,52,4,-0.027735367763658623,1.9222601502058304e-10
stripe,52,5,0.02659575377753489,2.5195107250007405e-10
stripe,52,6,-0.02338884256397886,3.0285931178673613e-10
stripe,52,7,0.018197794389419385,3.447572974643828e-10
stripe,52,8,-0.011348054358566236,3.757863390177813e-10
stripe,52,9,0.00342405421278343,3.8691588834483355e-10
stripe,52,10,0.004890921261708522,3.732065342382018e-10
stripe,52,11,-0.012905544689308227,3.476701385646024e-10
stripe,52,12,0.019948687939874293,3.17607073334839e-10
stripe,52,13,-0.025506797373844824,3.181408130188136e-10
stripe,52,14,0.02940962121830317,3.546071885293288e-10
stripe,52,15,-0.031830415480521415,3.496797453220747e-10
stripe,52,16,0.033078269569962036,2.856344132101807e-10
stripe,52,17,-0.03338313231975715,2.1082373411953168e-10
stripe,52,18,0.032808035090439384,2.7511248168973155e-10
stripe,52,19,-0.031236367867822856,3.9616745954921505e-10
stripe,52,20,0.02839545991752103,4.1333543657729475e-10
stripe,52,21,-0.023986636936981227,4.080957954272432e-10
stripe,52,22,0.017918712865199055,4.165837730042957e-10
stripe,52,23,-0.010471069173464758,4.3968072560010346e-10
stripe,52,24,0.0022081114764746176,4.665540340188001e-10
stripe,52,25,0.0062230785831236726,4.778274100290582e-10
stripe,52,26,-0.014174578024950157,4.604110975142081e-10
stripe,52,27,0.0210193810501515,4.154986831167919e-10
stripe,52,28,-0.026309685719524887,3.5401191975252284e-10
stripe,52,29,0.029954037491726884,2.8646174938470646e-10
stripe,52,30,-0.03217909846493962,2.215435779784308e-10
stripe,52,31,0.03330458900869031,1.6383210513887492e-10
stripe,52,32,-0.033550261835438994,1.1613816478138701e-10
stripe,52,33,0.03296933087306815,7.988389344481648e-11
stripe,52,34,-0.03144090934788581,5.065282743793004e-11
stripe,52,35,0.02869069601594975,2.934267236019085e-11
stripe,52,36,-0.024408839317713142,1.6445398052776583e-11
stripe,52,37,0.018476032446498314,8.546286071566394e-12
stripe,52,38,-0.011137378607382318,5.5944248492098546e-12
stripe,52,39,0.002938214906418707,6.150752114180463e-12
stripe,52,40,0.0054823234541065856,7.894712213929328e-12
stripe,52,41,-0.013483398776349565,9.066715711589322e-12
stripe,52,42,0.020439660614728794,8.406727803617007e-12
stripe,52,43,-0.025885462864442065,5.61625330521047e-12
stripe,52,44,0.029702090953030766,1.6292850171925962e-12
stripe,52,45,-0.03210321673076101,-4.283632453681976e-12
stripe,52,46,0.0334265370476477,-6.2725845261601754e-12
stripe,52,47,-0.033935838355572845,-1.3375849270402704e-11
stripe,52,48,0.033745426500278626,-3.1375987713253236e-12
stripe,52,49,-0.032811889405125305,2.1941735296315787e-11
stripe,52,50,0.030937478756503142,1.9741767988177664e-11
stripe,52,51,-0.02780481042372717,1.3530444767566331e-11
stripe,52,52,0.023120873939957563,1.7529089034593272e-11
stripe,52,53,-0.016844639513096105,2.1939958928345166e-11
stripe,52,54,0.009310605801287113,2.5919132577799693e-11
stripe,52,55,-0.0011119950817190627,2.7578016127972145e-11
stripe,52,56,-0.007089939689427651,2.6084669428573038e-11
stripe,52,57,0.014630010659500476,2.218724530561585e-11
stripe,52,58,-0.020878570391409938,1.7254249209669285e-11
stripe,52,59,0.025384675173135546,1.2546629902062947e-11
stripe,52,60,-0.0279867450197066,8.786311823731556e-12
stripe,52,61,0.028691807083072125,5.782320772558448e-12
stripe,52,62,-0.027485713635976298,3.4065057633779187e-12
stripe,52,63,0.024444022656598466,1.8085038341664684e-12
stripe,52,64,-0.0168003551819459,1.1598127658637288e-12
stripe,53,1,0.016464529729465487,3.663345935634037e-11
stripe,53,2,-0.02393379065930283,5.251237244256076e-11
stripe,53,3,0.02680558515823455,8.386890452642378e-11
stripe,53,4,-0.027734120120210568,1.1624181417202463e-10
stripe,53,5,0.02659403805071507,1.4851682365548222e-10
stripe,53,6,-0.02338650869263975,1.7796259842274925e-10
stripe,53,7,0.018194819708279346,2.036916997790164e-10
stripe,53,8,-0.01134459009419335,2.2309420626535425e-10
stripe,53,9,0.0034203551430860243,2.3276317761391442e-10
stripe,53,10,0.004894525355926289,2.3000010941808175e-10
stripe,53,11,-0.012908785574009932,2.16255321528975e-10
stripe,53,12,0.019951331406559955,1.9762154249668487e-10
stripe,53,13,-0.02550877612619925,1.804576329925123e-10
stripe,53,14,0.029411105199633473,1.6558952930606132e-10
stripe,53,15,-0.031831756917522144,1.5084049137915974e-10
stripe,53,16,0.033079915689363824,1.7207066745748326e-10
stripe,53,17,-0.033385751905502276,1.5420349419184036e-10
stripe,53,18,0.03281240575077878,1.267583368309411e-10
stripe,53,19,-0.031243457176764404,1.7227990188551154e-10
stripe,53,20,0.028406419534850243,2.0008817480796626e-10
stripe,53,21,-0.02400234156456832,2.102305015798008e-10
stripe,53,22,0.01793907507464156,2.2888154141111718e-10
stripe,53,23,-0.010494879945719187,2.466435304700184e-10
stripe,53,24,0.0022335598926738133,2.58097194324382e-10
stripe,53,25,0.006197917685195444,2.584119665088525e-10
stripe,53,26,-0.014151702567955806,2.448052164471903e-10
stripe,53,27,0.021000605955460286,2.1900095709806246e-10
stripe,53,28,-0.026296012079830712,1.856609096235784e-10
stripe,53,29,0.029945343712621995,1.47089186012607e-10
stripe,53,30,-0.03217458790484899,1.1354430817304949e-10
stripe,53,31,0.03330372189822704,8.170247142542059e-11
stripe,53,32,-0.03355315648849319,4.7243193506050524e-11
stripe,53,33,0.032976866181994795,4.1327517315256615e-11
stripe,53,34,-0.03145485565377763,3.5648694158242246e-11
stripe,53,35,0.02871342797546903,2.1397841247877675e-11
stripe,53,36,-0.024442186848896787,2.0786021633395702e-11
stripe,53,37,0.018519758926918255,1.836186064150158e-11
stripe,53,38,-0.011188771912159407,1.7932133835267534e-11
stripe,53,39,0.00299320031183011,1.887981539978043e-11
stripe,53,40,0.0054277588931768124,1.9433566555043275e-11
stripe,53,41,-0.013433592106841074,1.881338736238128e-11
stripe,53,42,0.02039845877268035,1.692255440559303e-11
stripe,53,43,-0.02585500415343156,1.4230237998707673e-11
stripe,53,44,0.029681919777363768,1.1826870843410312e-11
stripe,53,45,-0.03209131410018204,9.126526881782247e-12
stripe,53,46,0.03342083202518386,7.033249117240981e-12
stripe,53,47,-0.033934983919022645,2.442713057616403e-12
stripe,53,48,0.03374914659447904,6.139911267245906e-12
stripe,53,49,-0.03282099662792537,1.377398885297377e-11
stripe,53,50,0.03095367903880094,7.686884943093051e-12
stripe,53,51,-0.027830309743000457,4.944219109724084e-12
stripe,53,52,0.023156902914180544,8.481892183245411e-12
stripe,53,53,-0.01689017610077833,9.549989971961737e-12
stripe,53,54,0.009362365802155787,1.0580186164543005e-11
stripe,53,55,-0.0011657750433033283,1.1096713185935367e-11
stripe,53,56,-0.007038246665017827,1.0808062513537797e-11
stripe,53,57,0.014584228605347752,9.866237091185843e-12
stripe,53,58,-0.020841623848726346,8.38470206793497e-12
stripe,53,59,0.025357440180648602,6.63553509171531e-12
stripe,53,60,-0.0279678121801199,4.728571757097018e-12
stripe,53,61,0.02867871603266417,3.131473347138805e-12
stripe,53,62,-0.027476332799410197,2.1646526501190627e-12
stripe,53,63,0.02443691615559685,1.3484822641867984e-12
stripe,53,64,-0.016795655414760267,9.393198904174321e-13
stripe,54,1,0.016464065264064742,1.9858011834967686e-11
stripe,54,2,-0.02393310987067181,2.8340158720619745e-11
stripe,54,3,0.02680473245486916,4.4959992699170413e-11
stripe,54,4,-0.027732974480822972,6.200721630532743e-11
stripe,54,5,0.02659250669905605,7.934529352972806e-11
stripe,54,6,-0.02338445108901907,9.556742317661837e-11
stripe,54,7,0.0181922126105779,1.0991901905305227e-10
stripe,54,8,-0.011341565891768905,1.2062440001150758e-10
stripe,54,9,0.003417145608793265,1.257391764590794e-10
stripe,54,10,0.004897673657538989,1.2437696992487384e-10
stripe,54,11,-0.012911623521414346,1.172144741803744e-10
stripe,54,12,0.01995366720075117,1.064167817729421e-10
stripe,54,13,-0.025510560267562755,9.509235403345158e-11
stripe,54,14,0.029412485941422317,8.366377907178753e-11
stripe,54,15,-0.03183303562398758,7.070704555854854e-11
stripe,54,16,0.03308152187236704,6.661113433354906e-11
stripe,54,17,-0.03338825174638142,7.458851576188944e-11
stripe,54,18,0.03281656478476396,7.839069365899128e-11
stripe,54,19,-0.03125029622527415,8.256492439973688e-11
stripe,54,20,0.028417129993882552,9.260060801818198e-11
stripe,54,21,-0.024017817397761057,1.0326456633970273e-10
stripe,54,22,0.017959219559850234,1.1570836881519631e-10
stripe,54,23,-0.010518470483191104,1.265867278046125e-10
stripe,54,24,0.002258771584503895,1.3251150247562005e-10
stripe,54,25,0.006173009168140491,1.313277898377594e-10
stripe,54,26,-0.01412906860041269,1.229444687990985e-10
stripe,54,27,0.020982043915662874,1.088854109234869e-10
stripe,54,28,-0.026282509436712342,9.137746388052478e-11
stripe,54,29,0.0299367591214379,7.298576300835053e-11
stripe,54,30,-0.03217018096461975,5.589841013525107e-11
stripe,54,31,0.03330291879752853,3.881531309152284e-11
stripe,54,32,-0.033556031534143355,1.2928833880676804e-11
stripe,54,33,0.03298427915036673,2.317550041446603e-11
stripe,54,34,-0.03146854194614196,3.2861186880366985e-11
stripe,54,35,0.028735741266660994,2.19713740069059e-11
stripe,54,36,-0.024474971437091333,2.8016093159775926e-11
stripe,54,37,0.018562826529655227,2.608177985454696e-11
stripe,54,38,-0.011239473222438054,2.4588071259193717e-11
stripe,54,39,0.0030475583541707332,2.5460089006625237e-11
stripe,54,40,0.005373923186862958,2.6778610202267582e-11
stripe,54,41,-0.013384478644779072,2.676758536254883e-11
stripe,54,42,0.020357878599254375,2.512960867551538e-11
stripe,54,43,-0.02582499677777188,2.2283884782027672e-11
stripe,54,44,0.029662075852685682,1.9069594333724735e-11
stripe,54,45,-0.032079586835164944,1.5949508561303752e-11
stripe,54,46,0.03341511657788701,1.3841458728594716e-11
stripe,54,47,-0.033933998373085035,1.1689400250611285e-11
stripe,54,48,0.03375260313847845,1.1253803262748871e-11
stripe,54,49,-0.032829638042628013,1.1306933965940465e-11
stripe,54,50,0.03096919290823088,9.328897237981922e-12
stripe,54,51,-0.02785482692671682,1.0151220610087066e-11
stripe,54,52,0.023191677255229352,1.216154872675976e-11
stripe,54,53,-0.016934239089896372,1.2095213733506058e-11
stripe,54,54,0.009412523167275394,1.2387745294622191e-11
stripe,54,55,-0.0012179463550150648,1.3303166022693735e-11
stripe,54,56,-0.006988036676563272,1.344165621671076e-11
stripe,54,57,0.014539691786571263,1.2809505424424102e-11
stripe,54,58,-0.02080562780655671,1.109324081771459e-11
stripe,54,59,0.02533086931772965,8.683922119426406e-12
stripe,54,60,-0.027949333098427672,5.838223253126237e-12
stripe,54,61,0.028665941948522372,3.5417892855292983e-12
stripe,54,62,-0.027467182990724343,2.418144542140339e-12
stripe,54,63,0.02442998916329677,1.4991818656665784e-12
stripe,54,64,-0.016791074414554984,1.0386645844980095e-12
stripe,55,1,0.01646365006101376,1.1708371537170538e-11
stripe,55,2,-0.023932498634037284,1.6756596504631163e-11
stripe,55,3,0.026803954906531202,2.6594396845015964e-11
stripe,55,4,-0.027731956179276075,3.6483778156006725e-11
stripe,55,5,0.0265911217490218,4.610339667673989e-11
stripe,55,6,-0.023382577421191306,5.4471215711471626e-11
stripe,55,7,0.01818983230504426,6.173267579359716e-11
stripe,55,8,-0.011338798201300015,6.73539250301339e-11
stripe,55,9,0.003414218189237947,7.011864142139638e-11
stripe,55,10,0.0049005327007120335,6.94430845394321e-11
stripe,55,11,-0.012914218806570793,6.558069313819677e-11
stripe,55,12,0.019955853171998036,5.975225688325618e-11
stripe,55,13,-0.025512280540583715,5.3453855097493345e-11
stripe,55,14,0.0294138386330372,4.798880616857391e-11
stripe,55,15,-0.03183426391337258,4.4713084314198756e-11
stripe,55,16,0.03308300046555425,4.382089817106765e-11
stripe,55,17,-0.033390427749181176,4.322586196127134e-11
stripe,55,18,0.03282013782153579,4.309631413255824e-11
stripe,55,19,-0.03125638631193251,4.562637120771619e-11
stripe,55,20,0.02842708059414223,5.069685254393107e-11
stripe,55,21,-0.024032568987794177,5.725638858352221e-11
stripe,55,22,0.01797869850760892,6.451332434633561e-11
stripe,55,23,-0.010541452721464412,7.094258746569606e-11
stripe,55,24,0.002283442647771863,7.423777723692407e-11
stripe,55,25,0.006148566557545754,7.324651404914888e-11
stripe,55,26,-0.014106831547011381,6.832858259634048e-11
stripe,55,27,0.02096381716502696,6.070338373173007e-11
stripe,55,28,-0.02626927189458993,5.210848121921041e-11
stripe,55,29,0.02992837596054501,4.429464021001958e-11
stripe,55,30,-0.03216590450810297,3.723998726885863e-11
stripe,55,31,0.033302179701229145,3.3093996874734404e-11
stripe,55,32,-0.03355888678550466,3.161514768900028e-11
stripe,55,33,0.032991601072288976,2.8660415847614037e-11
stripe,55,34,-0.03148205612408038,2.924394124818876e-11
stripe,55,35,0.028757780838794454,3.350227170164573e-11
stripe,55,36,-0.02450738653952985,3.85433518302272e-11
stripe,55,37,0.018605474471120553,4.541173729612835e-11
stripe,55,38,-0.011289751330751885,5.083187689301614e-11
stripe,55,39,0.0031015120816889775,5.2703708365244047e-11
stripe,55,40,0.005320409790358496,5.0502387977492767e-11
stripe,55,41,-0.013335546424427117,4.566898278960206e-11
stripe,55,42,0.020317295587287596,4.1325733104460394e-11
stripe,55,43,-0.025794877519028165,4.0958340209617705e-11
stripe,55,44,0.02964206871766517,4.0597492095312164e-11
stripe,55,45,-0.03206770799466985,4.103884208254955e-11
stripe,55,46,0.033409279410485895,2.7647545356928445e-11
stripe,55,47,-0.03393287914004536,7.23400269855351e-11
stripe,55,48,0.03375589316617338,6.81152541106037e-11
stripe,55,49,-0.03283799437003617,-2.26435043120688e-11
stripe,55,50,0.030984280942346457,-3.95063656704162e-11
stripe,55,51,-0.02787875042142494,-3.163559896367843e-11
stripe,55,52,0.023225617370515227,-4.062604342701625e-11
stripe,55,53,-0.01697729694693343,-5.552943737776951e-11
stripe,55,54,0.009461607008232616,-6.655390890709363e-11
stripe,55,55,-0.0012690026188890225,-7.030721734379782e-11
stripe,55,56,-0.0069389403993547925,-6.713257888661189e-11
stripe,55,57,0.014496160349492502,-5.751792794154228e-11
stripe,55,58,-0.020770466199506468,-4.4751558126807765e-11
stripe,55,59,0.025304906310455157,-3.2543845930247615e-11
stripe,55,60,-0.02793126728645946,-2.2691382706506378e-11
stripe,55,61,0.028653445302956507,-1.5047465098637313e-11
stripe,55,62,-0.027458229267111053,-9.44020786874277e-12
stripe,55,63,0.024423216984460958,-5.3722188733403466e-12
stripe,55,64,-0.016786600094557284,-3.5695652897000155e-12
stripe,56,1,0.016463284463277238,4.879693085851262e-12
stripe,56,2,-0.023931965900890417,6.905369612936068e-12
stripe,56,3,0.026803297155776253,1.0921380501176903e-11
stripe,56,4,-0.02773110379148399,1.5202010219708373e-11
stripe,56,5,0.026589961537887882,1.98402270379032e-11
stripe,56,6,-0.023381031577234104,2.448578353849162e-11
stripe,56,7,0.01818789212297727,2.8890195897594113e-11
stripe,56,8,-0.011336582568429832,3.200641311388027e-11
stripe,56,9,0.0034118935644295778,3.344314093390429e-11
stripe,56,10,0.004902781844066667,3.343523354828523e-11
stripe,56,11,-0.012916209419487271,3.167628212722614e-11
stripe,56,12,0.01995743939805,2.8428620732064804e-11
stripe,56,13,-0.025513453567165438,2.462378808838121e-11
stripe,56,14,0.02941476676261097,1.9879957127120297e-11
stripe,56,15,-0.03183525303266818,1.8709084610232225e-11
stripe,56,16,0.03308442729510186,1.953197957947842e-11
stripe,56,17,-0.033392872754597944,1.938747819896539e-11
stripe,56,18,0.03282435030217083,2.1250745150432483e-11
stripe,56,19,-0.031263273782296326,2.3869984581829325e-11
stripe,56,20,0.028437727979004478,2.761600897881488e-11
stripe,56,21,-0.024047822443073123,3.244501727149276e-11
stripe,56,22,0.017998487653120194,3.740849859872616e-11
stripe,56,23,-0.010564600271135538,4.1424236609263473e-11
stripe,56,24,0.002308188766202907,4.320507939805966e-11
stripe,56,25,0.006124092082257256,4.2274215855367325e-11
stripe,56,26,-0.014084588301964997,3.9270593023340624e-11
stripe,56,27,0.020945584761794336,3.529515765101778e-11
stripe,56,28,-0.02625603314958365,3.1441929134124854e-11
stripe,56,29,0.029920002755239872,2.8733345214371985e-11
stripe,56,30,-0.0321616453221846,2.728372888677919e-11
stripe,56,31,0.03330144244817562,2.732055353113028e-11
stripe,56,32,-0.03356173104331377,2.96737073222442e-11
stripe,56,33,0.03299886756341883,3.353443157849011e-11
stripe,56,34,-0.03149545417121165,3.695744008031101e-11
stripe,56,35,0.028779629870502976,4.087764948731915e-11
stripe,56,36,-0.024539557485463354,4.482728405778594e-11
stripe,56,37,0.01864785101537654,4.773649933024507e-11
stripe,56,38,-0.011339773572652413,5.051300959145573e-11
stripe,56,39,0.0031552779437969266,5.271366497120895e-11
stripe,56,40,0.005267010437320798,5.300827000466445e-11
stripe,56,41,-0.013286675415273203,5.068477052668662e-11
stripe,56,42,0.020276738723650056,4.706197172444516e-11
stripe,56,43,-0.025764849496251116,4.3671366726303484e-11
stripe,56,44,0.029622083046192252,4.149940575649047e-11
stripe,56,45,-0.032055830801410834,4.062831598421888e-11
stripe,56,46,0.03340336434707006,4.260901592538003e-11
stripe,56,47,-0.033931636240346834,4.7038882708184323e-11
stripe,56,48,0.033758997211854325,1.5376217268069252e-11
stripe,56,49,-0.03284606005573794,-3.942770844401646e-11
stripe,56,50,0.030998920473071373,1.8765116959407645e-11
stripe,56,51,-0.027901953601326968,2.849805277781169e-10
stripe,56,52,0.02325856957329146,3.1262245697527373e-10
stripe,56,53,-0.017019186119909015,1.4544208638529716e-10
stripe,56,54,0.009509398142196064,8.774631848548054e-11
stripe,56,55,-0.0013187886144835756,1.1178218603840463e-11
stripe,56,56,-0.006890942239175527,-1.4218308754015078e-11
stripe,56,57,0.014453525896660624,-1.1107963556365914e-11
stripe,56,58,-0.0207360104284917,-8.3997423523463e-12
stripe,56,59,0.025279418745573483,-7.437479285279615e-12
stripe,56,60,-0.02791343270018943,-7.545855035615574e-12
stripe,56,61,0.02864112123471428,-6.8339591386969194e-12
stripe,56,62,-0.02744940424155396,-4.76880088067343e-12
stripe,56,63,0.024416544067268307,-2.9104254252838764e-12
stripe,56,64,-0.016782199872795944,-2.033289775100726e-12
stripe,57,1,0.016462946274699963,1.2284876511829485e-12
stripe,57,2,-0.023931464110233523,1.7159543823797834e-12
stripe,57,3,0.026802657088538025,2.7115239276040562e-12
stripe,57,4,-0.027730241018753838,4.05618191907888e-12
stripe,57,5,0.02658875245516177,6.232778674853058e-12
stripe,57,6,-0.023379402483929772,9.52372135824451e-12
stripe,57,7,0.01818590232659767,1.2854382989995134e-11
stripe,57,8,-0.011334368420342224,1.4746634547633163e-11
stripe,57,9,0.003409702273445458,1.5245193930623545e-11
stripe,57,10,0.004904940980918563,1.485708444409934e-11
stripe,57,11,-0.012918122547761845,1.3883054155108165e-11
stripe,57,12,0.01995898344894722,1.28444986347324e-11
stripe,57,13,-0.02551462463160092,1.2462505789564566e-11
stripe,57,14,0.02941573526049045,1.3083883121404517e-11
stripe,57,15,-0.03183627241924157,1.5297908015134564e-11
stripe,57,16,0.03308585898976691,1.9243806564928637e-11
stripe,57,17,-0.033395227532200186,2.4790951117954914e-11
stripe,57,18,0.03282834360779752,3.232955087412274e-11
stripe,57,19,-0.03126988166381741,4.210023546064206e-11
stripe,57,20,0.02844810228457019,5.402404597040249e-11
stripe,57,21,-0.024062841252234828,6.733825983973014e-11
stripe,57,22,0.018018062061403328,7.961427868083676e-11
stripe,57,23,-0.01058754833587013,8.775567541448334e-11
stripe,57,24,0.00233274403474498,8.976796803290559e-11
stripe,57,25,0.006099802072312397,8.621465403795047e-11
stripe,57,26,-0.014062488996117381,8.114071838301379e-11
stripe,57,27,0.020927448809193987,8.053211698081452e-11
stripe,57,28,-0.026242825085452275,9.039817180398168e-11
stripe,57,29,0.029911588124782895,1.1592151328572112e-10
stripe,57,30,-0.032157303009244784,1.6064979736142945e-10
stripe,57,31,0.0333006088144909,2.281281008108154e-10
stripe,57,32,-0.03356446960418292,3.196105827889498e-10
stripe,57,33,0.03300592620293499,4.5847751648933605e-10
stripe,57,34,-0.031508617373110615,6.309570651389766e-10
stripe,57,35,0.028801216386955347,8.28921394025245e-10
stripe,57,36,-0.024571412476716792,1.05196392940782e-09
stripe,57,37,0.018689871352210462,1.2514153187546982e-09
stripe,57,38,-0.011389430723027578,1.3847154093676103e-09
stripe,57,39,0.003208579823435324,1.4164251728806654e-09
stripe,57,40,0.005214196388335247,1.3558160193641711e-09
stripe,57,41,-0.01323832661263667,1.2718752924470636e-09
stripe,57,42,0.020236685355443658,1.2752229685899075e-09
stripe,57,43,-0.0257351013420893,1.4807531627073471e-09
stripe,57,44,0.029602318485458988,1.9802809975463156e-09
stripe,57,45,-0.032044027120913976,2.8609678560318883e-09
stripe,57,46,0.03339742481577064,4.21023536037698e-09
stripe,57,47,-0.033930253478787795,5.766241188409025e-09
stripe,57,48,0.0337617593221508,6.685299129220528e-09
stripe,57,49,-0.032853671638713444,7.978631125448062e-09
stripe,57,50,0.031012871343876706,1.1965510430309379e-08
stripe,57,51,-0.02792420046194382,1.8461155171350572e-08
stripe,57,52,0.023290348501815335,1.4837169255706245e-08
stripe,57,53,-0.017059641666247384,9.13379500350034e-09
stripe,57,54,0.009555517786485238,7.932583335075815e-09
stripe,57,55,-0.0013668302806455488,6.090994890099547e-09
stripe,57,56,-0.00684466002338111,8.35600105366734e-09
stripe,57,57,0.014412431659789532,9.596556451602558e-09
stripe,57,58,-0.020702708241096896,8.849350477388379e-09
stripe,57,59,0.025254822399577756,7.458690321471137e-09
stripe,57,60,-0.02789636871147046,5.934330530766384e-09
stripe,57,61,0.028629287965251035,4.406593181678651e-09
stripe,57,62,-0.027440912410207186,3.0275220712653856e-09
stripe,57,63,0.02441010563951659,1.8294675686019012e-09
stripe,57,64,-0.01677793474500085,1.2569576033904924e-09
stripe,58,1,0.016462660073720457,1.5923294454096687e-12
stripe,58,2,-0.023931052132536695,2.276102865618003e-12
stripe,58,3,0.026802156987926967,3.924209426470361e-12
stripe,58,4,-0.02772962920678108,6.33800943669097e-12
stripe,58,5,0.02658797179431493,9.254539919453395e-12
stripe,58,6,-0.02337838991455622,1.245102923564139e-11
stripe,58,7,0.01818462374289663,1.4950492343730597e-11
stripe,58,8,-0.011332893122968677,1.603486309798955e-11
stripe,58,9,0.0034080984843192375,1.651821364583629e-11
stripe,58,10,0.004906380848810952,1.6358548576865957e-11
stripe,58,11,-0.012919342618184095,1.554277989386717e-11
stripe,58,12,0.019959949596959806,1.4891897874548486e-11
stripe,58,13,-0.02551537855038663,1.5184132881466835e-11
stripe,58,14,0.02941639004469753,1.747743412379998e-11
stripe,58,15,-0.031837074448995875,2.110644243685073e-11
stripe,58,16,0.03308715117806172,2.3718508704163024e-11
stripe,58,17,-0.03339747919826666,2.850344956893401e-11
stripe,58,18,0.03283223349541619,4.323804592052408e-11
stripe,58,19,-0.03127638688458663,6.077838362232985e-11
stripe,58,20,0.02845838280700285,7.747956737786969e-11
stripe,58,21,-0.024077759935732884,9.70512514454933e-11
stripe,58,22,0.018037540882865282,1.1420722730099875e-10
stripe,58,23,-0.010610396275955305,1.2563649505381905e-10
stripe,58,24,0.002357190071318309,1.2867845167292519e-10
stripe,58,25,0.006075644161128687,1.2408115378252202e-10
stripe,58,26,-0.014040541932132899,1.1647126958845043e-10
stripe,58,27,0.02090944398031215,1.1351152586181416e-10
stripe,58,28,-0.02622971306454977,1.2290692612343162e-10
stripe,58,29,0.02990330557839853,1.5024526224409641e-10
stripe,58,30,-0.03215316699803427,2.008681091705338e-10
stripe,58,31,0.03329992533034827,2.716624204896419e-10
stripe,58,32,-0.033567304932617587,3.7053072353090075e-10
stripe,58,33,0.03301311111782698,4.904210043585091e-10
stripe,58,34,-0.03152184095877262,6.361967811806585e-10
stripe,58,35,0.028822766871682462,8.122228422643559e-10
stripe,58,36,-0.024603117001020594,9.94891091120157e-10
stripe,58,37,0.018731617566417134,1.165897233116779e-09
stripe,58,38,-0.01143868649860401,1.2900188709865624e-09
stripe,58,39,0.0032614762824127504,1.3374165806208522e-09
stripe,58,40,0.0051616804540380885,1.3058067145184006e-09
stripe,58,41,-0.013190210541619982,1.2294523775692446e-09
stripe,58,42,0.020196808421054056,1.1709426672591364e-09
stripe,58,43,-0.02570550656754781,1.1937945162339448e-09
stripe,58,44,0.029582612310574193,1.3431545034296416e-09
stripe,58,45,-0.03203221077411286,1.6331666064366135e-09
stripe,58,46,0.03339148111797132,2.050359501611083e-09
stripe,58,47,-0.033928821041175776,2.5578638242711717e-09
stripe,58,48,0.033764463892872895,3.095685589547592e-09
stripe,58,49,-0.032861080192767116,3.651804288693958e-09
stripe,58,50,0.031026497396568188,4.267625649991875e-09
stripe,58,51,-0.02794591243212422,4.719248151994279e-09
stripe,58,52,0.02332125675518873,4.9414587881517015e-09
stripe,58,53,-0.017099050676959014,5.398152910734373e-09
stripe,58,54,0.009600519411727345,5.794537450522884e-09
stripe,58,55,-0.0014137700155165615,5.9125527364484194e-09
stripe,58,56,-0.006799402981803981,5.942045720695974e-09
stripe,58,57,0.014372210738712938,5.650198571019681e-09
stripe,58,58,-0.020670178284617844,5.088120719532285e-09
stripe,58,59,0.025230700927721013,4.405729554599838e-09
stripe,58,60,-0.02787946928444298,3.6476582447769418e-09
stripe,58,61,0.02861759375615696,2.8299907739904996e-09
stripe,58,62,-0.02743253421390935,2.029340584258955e-09
stripe,58,63,0.024403770057780286,1.2660346780410812e-09
stripe,58,64,-0.01677375318809041,8.818479510956667e-10
stripe,59,1,0.016462422037633557,-7.682576677911365e-12
stripe,59,2,-0.023930711242581698,-1.1368820644320495e-11
stripe,59,3,0.026801749445040973,-1.8122654872761985e-11
stripe,59,4,-0.0277291148286255,-2.381908081015511e-11
stripe,59,5,0.02658732726205768,-2.5720323378619458e-11
stripe,59,6,-0.023377556325332116,-2.1714474908498005e-11
stripe,59,7,0.018183591786906123,-1.646431264521697e-11
stripe,59,8,-0.011331726022608183,-1.489131102668477e-11
stripe,59,9,0.0034068885169773757,-1.6123005741421067e-11
stripe,59,10,0.004907525895011473,-1.7306115523930037e-11
stripe,59,11,-0.012920343809644866,-1.680994425084663e-11
stripe,59,12,0.01996076948794765,-1.4459002121815212e-11
stripe,59,13,-0.025516028301772242,-9.834147321837952e-12
stripe,59,14,0.029416992512362013,-3.4704810748193743e-12
stripe,59,15,-0.03183784324270019,6.488715614298675e-12
stripe,59,16,0.03308840101432741,2.306598217767783e-11
stripe,59,17,-0.03339967806052171,4.185395197885215e-11
stripe,59,18,0.032836066662439024,5.7788023427665053e-11
stripe,59,19,-0.0312828111556809,7.680528158836248e-11
stripe,59,20,0.02846858030826551,1.0075511885536914e-10
stripe,59,21,-0.024092618436772736,1.2497445436415492e-10
stripe,59,22,0.018056967831003815,1.469196949870525e-10
stripe,59,23,-0.010633213617297067,1.6109762177913464e-10
stripe,59,24,0.002381628629707604,1.6349510906425233e-10
stripe,59,25,0.006051461841348054,1.5448573293089605e-10
stripe,59,26,-0.014018539260232665,1.405268773917345e-10
stripe,59,27,0.020891387386677576,1.3378464469182646e-10
stripe,59,28,-0.02621656515383016,1.51443836743555e-10
stripe,59,29,0.029894968937552696,1.718131766714779e-10
stripe,59,30,-0.03214895037713134,2.1072277538399306e-10
stripe,59,31,0.03329925355462219,2.734775869899668e-10
stripe,59,32,-0.03357025628793049,3.1763841406450704e-10
stripe,59,33,0.03302051332550851,4.229422351591781e-10
stripe,59,34,-0.0315353639850694,5.582930635166388e-10
stripe,59,35,0.028844529641115058,6.745565449514644e-10
stripe,59,36,-0.02463482004979054,8.112312720719915e-10
stripe,59,37,0.018773401083738088,9.376949714420795e-10
stripe,59,38,-0.011487945043777412,1.033206400212337e-09
stripe,59,39,0.0033142377186337344,1.072269261948515e-09
stripe,59,40,0.005109075386303083,1.04382245769063e-09
stripe,59,41,-0.013141966911132088,9.746623271159838e-10
stripe,59,42,0.02015674435821055,9.122617303930861e-10
stripe,59,43,-0.02567580632882716,8.857293604851952e-10
stripe,59,44,0.02956290003520317,1.1211215562888387e-09
stripe,59,45,-0.03202044913255008,1.2612147718368199e-09
stripe,59,46,0.0333855085478216,1.1895972356706783e-09
stripe,59,47,-0.03392731004908533,1.1320618841718846e-09
stripe,59,48,0.03376699811824348,1.0857843252928034e-09
stripe,59,49,-0.03286819028283407,1.2716638595683831e-09
stripe,59,50,0.031039601784077706,1.6133830197643132e-09
stripe,59,51,-0.027966849215211576,1.9837281549793175e-09
stripe,59,52,0.023351158942739918,2.3293213145112324e-09
stripe,59,53,-0.01713715425871973,2.64352870735012e-09
stripe,59,54,0.009644074785649864,2.8735913379202537e-09
stripe,59,55,-0.0014592240094222645,2.9734109172258384e-09
stripe,59,56,-0.006755541313811914,2.9306676121555256e-09
stripe,59,57,0.014333190442855255,2.755623746635611e-09
stripe,59,58,-0.02063853417776943,2.4894610514285026e-09
stripe,59,59,0.025207272523838142,2.175398115638536e-09
stripe,59,60,-0.027863111213581516,1.8292484751929062e-09
stripe,59,61,0.02860625796796403,1.4464585144004823e-09
stripe,59,62,-0.027424399468355315,1.0559910910535174e-09
stripe,59,63,0.02439760481586939,6.670528183121184e-10
stripe,59,64,-0.016769679933048537,4.67106384264e-10
stripe,60,1,0.016462203654347293,3.609946472636285e-12
stripe,60,2,-0.02393038919060818,5.3284329898606295e-12
stripe,60,3,0.026801342128812466,9.292873859255801e-12
stripe,60,4,-0.02772856756578522,1.434490283097496e-11
stripe,60,5,0.026586533601918164,2.0189982093885083e-11
stripe,60,6,-0.02337650036127884,2.6093684181626362e-11
stripe,60,7,0.01818234216241703,3.11162939661136e-11
stripe,60,8,-0.011330402256586311,3.421479439087111e-11
stripe,60,9,0.0034056350127786624,3.474902312656712e-11
stripe,60,10,0.004908765242975066,3.2908757290529024e-11
stripe,60,11,-0.01292141998209965,3.0159361830480884e-11
stripe,60,12,0.01996159559996212,3.058804754907219e-11
stripe,60,13,-0.025516724523518445,3.594768663134809e-11
stripe,60,14,0.029417660437322198,4.8037572933472847e-11
stripe,60,15,-0.031838670894743556,6.028273232701427e-11
stripe,60,16,0.0330896907285704,7.208384650594389e-11
stripe,60,17,-0.03340189576275102,9.498555792804695e-11
stripe,60,18,0.032839907860431186,1.1621097506927841e-10
stripe,60,19,-0.03128925876806722,1.4472150335423817e-10
stripe,60,20,0.02847881686494075,1.878855616360737e-10
stripe,60,21,-0.024107540450185514,2.3196072443039704e-10
stripe,60,22,0.018076515562087836,2.743017713346468e-10
stripe,60,23,-0.010656217173103572,3.03091478127393e-10
stripe,60,24,0.0024063207167089036,3.104767449345416e-10
stripe,60,25,0.006026964234079454,2.9845177920651904e-10
stripe,60,26,-0.013996153305803784,2.796688501531543e-10
stripe,60,27,0.020872886245925537,2.74108724454368e-10
stripe,60,28,-0.026203001984289348,3.0259400818095897e-10
stripe,60,29,0.029886285923428835,3.798865109944347e-10
stripe,60,30,-0.03214452503535249,5.159288542388328e-10
stripe,60,31,0.03329851683410722,7.222836120433992e-10
stripe,60,32,-0.03357337478306349,1.0116513073782322e-09
stripe,60,33,0.03302834711412898,1.3790716491661147e-09
stripe,60,34,-0.03154942982790897,1.8508526035114471e-09
stripe,60,35,0.028867013844503034,2.4319973004193457e-09
stripe,60,36,-0.024667604625161245,3.072726837694272e-09
stripe,60,37,0.018816594639409417,3.693645109518754e-09
stripe,60,38,-0.011538696946227585,4.1489419198171e-09
stripe,60,39,0.003368441326595963,4.2780298018087536e-09
stripe,60,40,0.005055531223964618,4.06715196287383e-09
stripe,60,41,-0.013093129710854504,3.814726685552792e-09
stripe,60,42,0.02011632927595819,3.731679735583881e-09
stripe,60,43,-0.025645869515952057,4.313717245758408e-09
stripe,60,44,0.02954301034860499,6.462636343058397e-09
stripe,60,45,-0.0320085699632873,6.922353633463497e-09
stripe,60,46,0.033379496104138776,7.48186557053243e-09
stripe,60,47,-0.03392576208945528,1.296828529689965e-08
stripe,60,48,0.033769510291031576,1.6101211182296857e-08
stripe,60,49,-0.03287525362313714,1.575404803311839e-08
stripe,60,50,0.031052559954258863,1.705771733269707e-08
stripe,60,51,-0.027987444980119083,1.746254672617498e-08
stripe,60,52,0.023380660387344564,1.2667841689783827e-08
stripe,60,53,-0.017174705963207297,7.165804870990723e-09
stripe,60,54,0.00968700031644023,5.38507274012045e-09
stripe,60,55,-0.0015037089523116626,5.519921586851992e-09
stripe,60,56,-0.006712764275268672,6.373696310953258e-09
stripe,60,57,0.014295159784094659,6.250809977965054e-09
stripe,60,58,-0.020607728347835617,5.416418248617944e-09
stripe,60,59,0.025184501865017056,4.384505650894718e-09
stripe,60,60,-0.027847228882333395,3.382520166187869e-09
stripe,60,61,0.02859524754459579,2.461547039325688e-09
stripe,60,62,-0.027416491699702415,1.6738127070440642e-09
stripe,60,63,0.024391609098752237,1.0089804165855492e-09
stripe,60,64,-0.016765715904207577,6.931207594668449e-10
stripe,61,1,0.016462012191954804,1.7837614969730563e-12
stripe,61,2,-0.023930109484768453,2.4733174848364513e-12
stripe,61,3,0.026800993046296257,4.14468561727859e-12
stripe,61,4,-0.027728125750109522,6.9219995746815374e-12
stripe,61,5,0.02658599986728682,1.1841485839417046e-11
stripe,61,6,-0.02337584083250918,1.853054543288593e-11
stripe,61,7,0.01818156893243247,2.4904598108332398e-11
stripe,61,8,-0.011329573512451804,2.866937460665864e-11
stripe,61,9,0.003404873788037878,2.9150971926146765e-11
stripe,61,10,0.004909419452912204,2.7434060093866547e-11
stripe,61,11,-0.012921926885327535,2.524226247336373e-11
stripe,61,12,0.019962001419549246,2.4798379907332985e-11
stripe,61,13,-0.02551700493438363,2.7636177619351452e-11
stripe,61,14,0.029418002724871828,3.750638681453823e-11
stripe,61,15,-0.03183927369172966,5.249643831118314e-11
stripe,61,16,0.03309084840634089,7.088938366350881e-11
stripe,61,17,-0.0334040474020177,8.82720806684315e-11
stripe,61,18,0.03284371171527136,1.3577204912563074e-10
stripe,61,19,-0.03129567389814368,1.8902271949000467e-10
stripe,61,20,0.028489049268553043,2.305583269269564e-10
stripe,61,21,-0.024122498623465043,2.8588472233250595e-10
stripe,61,22,0.01809613823106484,3.3279189474838583e-10
stripe,61,23,-0.010679316589812596,3.650203606370923e-10
stripe,61,24,0.0024311000146212997,3.7494859342499215e-10
stripe,61,25,0.006002377076038451,3.629998612105933e-10
stripe,61,26,-0.013973711073327294,3.415461075461907e-10
stripe,61,27,0.020854365886341732,3.307602719973906e-10
stripe,61,28,-0.02618943159729121,3.5158164741279964e-10
stripe,61,29,0.029877562625535384,4.1886654607736055e-10
stripe,61,30,-0.032139960230037054,5.420583986871391e-10
stripe,61,31,0.03329761434418434,7.254418950546115e-10
stripe,61,32,-0.03357620502339518,9.72053583165133e-10
stripe,61,33,0.03303572914697542,1.282763507359747e-09
stripe,61,34,-0.031562894488419556,1.6559318271044619e-09
stripe,61,35,0.02888890482889064,2.08855262780485e-09
stripe,61,36,-0.024699815561992425,2.5529394324263182e-09
stripe,61,37,0.018859042858345443,2.986058425172415e-09
stripe,61,38,-0.01158876918372942,3.303822724359736e-09
stripe,61,39,0.003422161859527713,3.4338006987968266e-09
stripe,61,40,0.005002295216708894,3.365653495348413e-09
stripe,61,41,-0.013044476616910768,3.1779484440994408e-09
stripe,61,42,0.020076000775025526,3.003661028864748e-09
stripe,61,43,-0.0256159498260737,3.0031782096553122e-09
stripe,61,44,0.02952319469658063,3.2140272250427188e-09
stripe,61,45,-0.03199683275594588,3.4769500289727604e-09
stripe,61,46,0.03337365219690308,4.101256348577512e-09
stripe,61,47,-0.03392438138755245,5.119133059243831e-09
stripe,61,48,0.03377220146625142,5.731014180594806e-09
stripe,61,49,-0.032882463447239316,5.84764177274048e-09
stripe,61,50,0.031065600796012276,5.871533702102863e-09
stripe,61,51,-0.028008024934250784,5.801934596345212e-09
stripe,61,52,0.023409944891200317,5.430205922825095e-09
stripe,61,53,-0.017211854867645,5.08077415849635e-09
stripe,61,54,0.009729431007888941,5.125826606526243e-09
stripe,61,55,-0.0015476623217036876,5.383930714535557e-09
stripe,61,56,-0.006670500265930997,5.489501162952835e-09
stripe,61,57,0.014257556755040614,5.208751833156447e-09
stripe,61,58,-0.020577363369970327,4.654347145749555e-09
stripe,61,59,0.02516206567053346,3.960596218497327e-09
stripe,61,60,-0.02783158782980366,3.2100485876451816e-09
stripe,61,61,0.028584426098637546,2.442264708579008e-09
stripe,61,62,-0.027408747384458386,1.7221947933257802e-09
stripe,61,63,0.024385752360590873,1.061387799063464e-09
stripe,61,64,-0.016761847334057063,7.354910571375496e-10
stripe,62,1,0.016461872630026016,-3.1638781696904955e-12
stripe,62,2,-0.023929921963790263,-4.724992791462085e-12
stripe,62,3,0.026800799471235894,-7.43967969454449e-12
stripe,62,4,-0.02772793618449497,-9.599597399511483e-12
stripe,62,5,0.026585827208833596,-9.368565195718918e-12
stripe,62,6,-0.023375676382666015,-4.716322383863124e-12
stripe,62,7,0.018181386931388547,8.727789994670805e-13
stripe,62,8,-0.011329367596488907,3.4563430871885374e-12
stripe,62,9,0.003404606799909951,3.4308326897023088e-12
stripe,62,10,0.004909528901700945,2.4734374201042695e-12
stripe,62,11,-0.012921948419264289,2.081629409314815e-12
stripe,62,12,0.01996195862270743,2.6707525681637347e-12
stripe,62,13,-0.025516995332876546,5.929696063393591e-12
stripe,62,14,0.02941812355050676,1.2604619454542855e-11
stripe,62,15,-0.031839720414915715,2.6228092163090238e-11
stripe,62,16,0.03309190760091442,5.0331637362647384e-11
stripe,62,17,-0.03340614029744164,8.456688229809632e-11
stripe,62,18,0.032847481448992216,1.1385501347130882e-10
stripe,62,19,-0.03130207166039159,1.477398348650932e-10
stripe,62,20,0.02849923387844753,1.9438203436327115e-10
stripe,62,21,-0.024137360651842434,2.39861911921502e-10
stripe,62,22,0.018115621020078555,2.8213936338169236e-10
stripe,62,23,-0.010702245782826803,3.113123693716381e-10
stripe,62,24,0.0024557043676068247,3.212016376250838e-10
stripe,62,25,0.005977991534751141,3.1241072456881115e-10
stripe,62,26,-0.013951490318393999,2.9319302022357866e-10
stripe,62,27,0.020836097050576992,2.778336783772549e-10
stripe,62,28,-0.026176083481121593,2.8083516563970463e-10
stripe,62,29,0.02986903634466819,3.125753713488694e-10
stripe,62,30,-0.03213554804191686,3.783196968898338e-10
stripe,62,31,0.03329676243407802,4.763519191543493e-10
stripe,62,32,-0.03357895108329609,6.074559402187053e-10
stripe,62,33,0.033042892633340946,7.483794496820118e-10
stripe,62,34,-0.031576142640673474,9.078667882413975e-10
stripe,62,35,0.02891055222331999,1.096812780452594e-09
stripe,62,36,-0.02473174816169268,1.2861645608126575e-09
stripe,62,37,0.01890112154303288,1.4595938787075063e-09
stripe,62,38,-0.011638431625926302,1.5901285476278428e-09
stripe,62,39,0.0034754247611625756,1.6515814024331812e-09
stripe,62,40,0.004949218493618659,1.6347126310484175e-09
stripe,62,41,-0.012995444669960408,1.5548237603563105e-09
stripe,62,42,0.020034914024923075,1.4436047792479893e-09
stripe,62,43,-0.025585347876573704,1.3405359705834188e-09
stripe,62,44,0.029502814096994665,1.2860799693803894e-09
stripe,62,45,-0.031984693421167755,1.2601706883630788e-09
stripe,62,46,0.033367479298816304,1.2741851195844442e-09
stripe,62,47,-0.033922711326368996,1.238609789639811e-09
stripe,62,48,0.03377454435419282,1.765378086237917e-09
stripe,62,49,-0.032889244114388934,1.762169042398214e-09
stripe,62,50,0.031078080232496707,1.6217363159257384e-09
stripe,62,51,-0.02802789238413447,2.293079463457055e-09
stripe,62,52,0.023438250070748276,2.62143557603431e-09
stripe,62,53,-0.017247851329235023,2.8560402876108644e-09
stripe,62,54,0.009770530495228948,3.06550082183512e-09
stripe,62,55,-0.001590443543832211,3.168238480369763e-09
stripe,62,56,-0.0066292659049367346,3.1220654794458807e-09
stripe,62,57,0.01422089797293687,2.931736932601087e-09
stripe,62,58,-0.020547662026155152,2.6355016083098092e-09
stripe,62,59,0.025140086759734653,2.2811484953616683e-09
stripe,62,60,-0.027816278257179982,1.8955123773216877e-09
stripe,62,61,0.02857384135320898,1.4803000861102408e-09
stripe,62,62,-0.027401171037061463,1.0677098250861002e-09
stripe,62,63,0.024380021448742326,6.687729777255523e-10
stripe,62,64,-0.016758069008595833,4.666775756742818e-10
stripe,63,1,0.016461783175950265,3.2842408026215686e-12
stripe,63,2,-0.023929808621670753,4.858786029468139e-12
stripe,63,3,0.026800694596130784,8.115419458671109e-12
stripe,63,4,-0.02772786238563401,1.1608922192886199e-11
stripe,63,5,0.026585780285065273,1.4688901636486548e-11
stripe,63,6,-0.02337567364350949,1.6846772775699582e-11
stripe,63,7,0.018181431620826104,1.8421171708868592e-11
stripe,63,8,-0.011329474895885793,1.964157093595359e-11
stripe,63,9,0.003404783723486007,2.020436332162021e-11
stripe,63,10,0.004909291919555741,1.982552436896393e-11
stripe,63,11,-0.01292166509382714,1.895897091082706e-11
stripe,63,12,0.01996167807728918,1.87234524854357e-11
stripe,63,13,-0.0255167687251242,2.0489052475750384e-11
stripe,63,14,0.029418072771411338,2.526601425316355e-11
stripe,63,15,-0.031840020349604564,3.445912960157327e-11
stripe,63,16,0.03309285764012857,4.775857940378889e-11
stripe,63,17,-0.03340819433443665,6.294157730773533e-11
stripe,63,18,0.0328512967262861,9.397250479875102e-11
stripe,63,19,-0.03130849108942087,1.2912867873297759e-10
stripe,63,20,0.028509509876806345,1.5551680003110544e-10
stripe,63,21,-0.024152420438343054,1.8704369722090123e-10
stripe,63,22,0.01813533619924549,2.1715568965984731e-10
stripe,63,23,-0.01072541314916656,2.376647341517158e-10
stripe,63,24,0.002480436297386172,2.4540662051406155e-10
stripe,63,25,0.005953536414939465,2.3958975863479544e-10
stripe,63,26,-0.013929170769539402,2.25025073965632e-10
stripe,63,27,0.020817758410273036,2.1177376983744358e-10
stripe,63,28,-0.02616269619716835,2.0874492656987803e-10
stripe,63,29,0.029860479584230937,2.2415792552592938e-10
stripe,63,30,-0.03213110922793694,2.562319961833631e-10
stripe,63,31,0.033295852247171354,3.018120328160616e-10
stripe,63,32,-0.03358160134702853,3.639555361544787e-10
stripe,63,33,0.0330498791937702,4.412346485217133e-10
stripe,63,34,-0.03158911194435082,5.335717327737718e-10
stripe,63,35,0.028931792018239477,6.390668864777317e-10
stripe,63,36,-0.024763149400328702,7.526151960231435e-10
stripe,63,37,0.0189426309018921,8.622544747633778e-10
stripe,63,38,-0.01168755898911584,9.482443377446605e-10
stripe,63,39,0.0035283814060743735,9.917393882357043e-10
stripe,63,40,0.0048961569138299766,9.829197058777296e-10
stripe,63,41,-0.012946751851410167,9.280264637652303e-10
stripe,63,42,0.019994390615642114,8.504610932047312e-10
stripe,63,43,-0.025555191090159593,7.755617121188344e-10
stripe,63,44,0.029482663782022488,7.25053979661936e-10
stripe,63,45,-0.03197254499367997,6.984464245077697e-10
stripe,63,46,0.03336122155862328,6.868390821114283e-10
stripe,63,47,-0.03392093853993601,6.881351184397261e-10
stripe,63,48,0.03377677969775097,7.686542231697252e-10
stripe,63,49,-0.03289590664673088,8.687694842273083e-10
stripe,63,50,0.031090358763390294,9.770099809653837e-10
stripe,63,51,-0.02804737480157533,1.1446636547639984e-09
stripe,63,52,0.02346591913547717,1.3057418384510388e-09
stripe,63,53,-0.0172829839053368,1.4576342704244965e-09
stripe,63,54,0.009810631117080457,1.5781145976630306e-09
stripe,63,55,-0.0016322317662540776,1.6369678032614773e-09
stripe,63,56,-0.0065889902490607445,1.6175154566698582e-09
stripe,63,57,0.014185122743512,1.5229241582337277e-09
stripe,63,58,-0.02051866320417408,1.3739047619708592e-09
stripe,63,59,0.025118715004643175,1.1941624764839173e-09
stripe,63,60,-0.027801477800733256,9.94891476318896e-10
stripe,63,61,0.02856357381056525,7.728996148146277e-10
stripe,63,62,-0.02739377432297788,5.476905284418346e-10
stripe,63,63,0.02437441522848115,3.386920705151767e-10
stripe,63,64,-0.016754364864779575,2.370063838539635e-10
stripe,64,1,0.016461718546187304,1.1807538700832877e-11
stripe,64,2,-0.02392972174301817,1.709662327519393e-11
stripe,64,3,0.026800603956204747,2.821804078518607e-11
stripe,64,4,-0.027727755295846007,4.128755792737409e-11
stripe,64,5,0.026585704384414058,5.7082221791334574e-11
stripe,64,6,-0.023375643151460266,7.42627862949769e-11
stripe,64,7,0.01818148151115205,9.01692465510443e-11
stripe,64,8,-0.011329618033547878,1.0164522778659062e-10
stripe,64,9,0.003405069308589418,1.0611383010667506e-10
stripe,64,10,0.0049089309437616215,1.0200069075038127e-10
stripe,64,11,-0.012921252558970848,9.594777915965978e-11
stripe,64,12,0.019961295395601562,8.585186294642554e-11
stripe,64,13,-0.025516534264796574,9.316609138491389e-11
stripe,64,14,0.029418108431459755,1.1013053884682284e-10
stripe,64,15,-0.03184048366310246,1.0298606721567244e-10
stripe,64,16,0.0330939747909662,1.1235567407572054e-10
stripe,64,17,-0.033410365569456146,1.2459348898023718e-10
stripe,64,18,0.03285519596084506,1.1220948495154978e-10
stripe,64,19,-0.031315170870232736,1.0889937260341482e-10
stripe,64,20,0.028519952539509473,1.1877235996395236e-10
stripe,64,21,-0.024167373062227222,1.3424490771270803e-10
stripe,64,22,0.018154994409213747,1.5260685827497772e-10
stripe,64,23,-0.010748455412109774,1.6780983694500163e-10
stripe,64,24,0.0025050011259091258,1.7488440190045508e-10
stripe,64,25,0.005929195012954696,1.721335093909352e-10
stripe,64,26,-0.013906967706898647,1.6184849588397988e-10
stripe,64,27,0.020799535495829434,1.4865480869563398e-10
stripe,64,28,-0.026149434343676094,1.39549684774335e-10
stripe,64,29,0.029852049982131052,1.3930711319059282e-10
stripe,64,30,-0.03212674950661094,1.5127988809220888e-10
stripe,64,31,0.03329496319634771,1.795283979144558e-10
stripe,64,32,-0.03358419488427159,2.287817857485442e-10
stripe,64,33,0.03305674004682122,2.5875542498404124e-10
stripe,64,34,-0.031601871138390955,2.9658347683943047e-10
stripe,64,35,0.02895272118392734,3.642026128833851e-10
stripe,64,36,-0.024794121221822313,4.2585393854905087e-10
stripe,64,37,0.018983637894138157,4.898312876167312e-10
stripe,64,38,-0.011736187074905311,5.415773271985845e-10
stripe,64,39,0.0035808656423002077,5.674985091055899e-10
stripe,64,40,0.004843746110078065,5.626825257084546e-10
stripe,64,41,-0.012898560947456422,5.309196696578808e-10
stripe,64,42,0.019954290901417968,4.841932777834029e-10
stripe,64,43,-0.02552527583808516,4.376068406013781e-10
stripe,64,44,0.029462619854674812,4.029152409702361e-10
stripe,64,45,-0.03196047340809438,3.8630472747558547e-10
stripe,64,46,0.03335497643722464,3.9262511658028665e-10
stripe,64,47,-0.03391907867241243,4.0583717799917083e-10
stripe,64,48,0.03377874616163794,4.2906345717258683e-10
stripe,64,49,-0.032902080785275206,4.714418803629913e-10
stripe,64,50,0.031101957944058324,5.25835142641192e-10
stripe,64,51,-0.028065990800908044,5.97728701891817e-10
stripe,64,52,0.023492549367426684,6.806391512881528e-10
stripe,64,53,-0.01731693406398306,7.621104143322487e-10
stripe,64,54,0.009849438856949104,8.263814907418119e-10
stripe,64,55,-0.0016727272736925631,8.574481443530398e-10
stripe,64,56,-0.006549932858504773,8.472798371906668e-10
stripe,64,57,0.014150389110943044,7.980467935035014e-10
stripe,64,58,-0.020490488912258676,7.209413994051809e-10
stripe,64,59,0.025097852185327688,6.287262898454047e-10
stripe,64,60,-0.02778694550105669,5.269018386083179e-10
stripe,64,61,0.02855351176406995,4.1500547435584675e-10
stripe,64,62,-0.02738656710539709,3.0173581825742454e-10
stripe,64,63,0.024368959418104748,1.900233490663716e-10
stripe,64,64,-0.01675075766047824,1.3294563876919499e-10
stripe,65,1,0.016461664238759503,1.951907629521209e-10
stripe,65,2,-0.023929646180581167,2.839450071410679e-10
stripe,65,3,0.0268005216932974,4.694051570733156e-10
stripe,65,4,-0.027727666803342866,6.820000276502541e-10
stripe,65,5,0.02658556990293125,9.212330610656067e-10
stripe,65,6,-0.02337548651104209,1.1636643992715155e-09
stripe,65,7,0.018181401643649335,1.3816566054020574e-09
stripe,65,8,-0.011329693427276525,1.542092010745801e-09
stripe,65,9,0.003405316096699494,1.6131334512656453e-09
stripe,65,10,0.004908617535216528,1.5577573232090735e-09
stripe,65,11,-0.012920852237452339,1.4623691147198944e-09
stripe,65,12,0.01996084316422296,1.293150974611344e-09
stripe,65,13,-0.02551622835420843,1.3788345436877356e-09
stripe,65,14,0.02941806955449799,1.6064623188825305e-09
stripe,65,15,-0.031840847766632915,1.3382858550991088e-09
stripe,65,16,0.033094985873704186,1.1645220763371187e-09
stripe,65,17,-0.03341246443055513,1.0732882089850926e-09
stripe,65,18,0.03285903993481027,7.492030434031073e-10
stripe,65,19,-0.03132159793770582,5.137762929355129e-10
stripe,65,20,0.028530158010887492,3.613171361350144e-10
stripe,65,21,-0.024182264284155944,2.991863075393057e-10
stripe,65,22,0.018174471562935113,2.9994462613535753e-10
stripe,65,23,-0.010771325947871373,3.2457093840229216e-10
stripe,65,24,0.0025294850884154873,3.4545113237091113e-10
stripe,65,25,0.005904975593144525,3.467027759551193e-10
stripe,65,26,-0.013884916660498011,3.2410947419730194e-10
stripe,65,27,0.020781430415851187,2.846830673078704e-10
stripe,65,28,-0.026136234417724016,2.407247135128442e-10
stripe,65,29,0.029843650160644365,2.042505135340934e-10
stripe,65,30,-0.03212239667012306,1.789405613526142e-10
stripe,65,31,0.03329405586405135,1.630976605980584e-10
stripe,65,32,-0.03358673030970438,1.573397449911074e-10
stripe,65,33,0.033063482087761206,1.733633270317928e-10
stripe,65,34,-0.03161442346292516,1.9792575810859765e-10
stripe,65,35,0.02897330702492734,2.1763056288252665e-10
stripe,65,36,-0.024824605994097318,2.4699671787698884e-10
stripe,65,37,0.019024033282483116,2.809916996293197e-10
stripe,65,38,-0.011784139229414329,3.0852196917002907e-10
stripe,65,39,0.00363262663078312,3.235578629493087e-10
stripe,65,40,0.00479215279985154,3.216729814770122e-10
stripe,65,41,-0.0128511781514958,3.040161958459778e-10
stripe,65,42,0.019914827062438002,2.7674314488747983e-10
stripe,65,43,-0.025495845868844597,2.48050666092202e-10
stripe,65,44,0.0294429487032917,2.2466744223657347e-10
stripe,65,45,-0.03194861730725467,2.1018214821333972e-10
stripe,65,46,0.03334880995390414,2.0081849252676688e-10
stripe,65,47,-0.03391720275633145,2.0341411489737248e-10
stripe,65,48,0.033780661675730184,2.2065355371126879e-10
stripe,65,49,-0.03290808289906516,2.449483495605042e-10
stripe,65,50,0.031113179333277986,2.763324504222185e-10
stripe,65,51,-0.02808399100846969,3.145114109255969e-10
stripe,65,52,0.02351833082712866,3.584273217308352e-10
stripe,65,53,-0.01734984219370219,4.020557135228245e-10
stripe,65,54,0.0098871138003989,4.3669238599743066e-10
stripe,65,55,-0.0017120741481992476,4.5331553781644773e-10
stripe,65,56,-0.006511939207899464,4.4751476668365243e-10
stripe,65,57,0.014116562409046334,4.2120465779459326e-10
stripe,65,58,-0.02046304296368992,3.8061333067612517e-10
stripe,65,59,0.02507752679227436,3.330776835436846e-10
stripe,65,60,-0.027772779387557095,2.813359221459164e-10
stripe,65,61,0.028543709393108452,2.2582713129352325e-10
stripe,65,62,-0.02737953673692877,1.6480050846825965e-10
stripe,65,63,0.024363636603524176,1.0143052557596342e-10
stripe,65,64,-0.01674723993805305,7.061041311125789e-11
stripe,66,1,0.016461655383413442,1.2210428930559201e-10
stripe,66,2,-0.02392965571516569,1.7468511274690937e-10
stripe,66,3,0.026800585946618202,2.794337734875303e-10
stripe,66,4,-0.027727842220159154,3.90594681834325e-10
stripe,66,5,0.02658594820394116,5.087230434240285e-10
stripe,66,6,-0.023376134076847434,6.239877841517793e-10
stripe,66,7,0.01818229433336637,7.262912913262052e-10
stripe,66,8,-0.011330807255860633,8.004237093058843e-10
stripe,66,9,0.0034065682826180405,8.345882151015807e-10
stripe,66,10,0.004907168619563436,8.232477302085417e-10
stripe,66,11,-0.012919403196911646,7.756330800038935e-10
stripe,66,12,0.01995961253668739,7.055518319682738e-10
stripe,66,13,-0.025515304984775507,6.402770063845274e-10
stripe,66,14,0.029417614274642994,6.001325986958129e-10
stripe,66,15,-0.03184104317774025,5.531373411895204e-10
stripe,66,16,0.03309600669643701,4.90115712212808e-10
stripe,66,17,-0.03341465529147569,4.2013993649214705e-10
stripe,66,18,0.032863060553940567,3.468027822997585e-10
stripe,66,19,-0.031328349503893335,2.9065121921163776e-10
stripe,66,20,0.028540739088754426,2.55411293546786e-10
stripe,66,21,-0.024197543690231568,2.43996951627676e-10
stripe,66,22,0.018194352579101864,2.5460272440366613e-10
stripe,66,23,-0.010794602823440604,2.7276233407401236e-10
stripe,66,24,0.0025543600779108873,2.86407131053878e-10
stripe,66,25,0.0058803719501954975,2.861844834095611e-10
stripe,66,26,-0.013862520015452118,2.6947776702552865e-10
stripe,66,27,0.020762988109203243,2.4048482950958854e-10
stripe,66,28,-0.02612276197857778,2.0710952457513985e-10
stripe,66,29,0.02983504417429099,1.7775670126294556e-10
stripe,66,30,-0.03211791543746355,1.5399560906592736e-10
stripe,66,31,0.033293161098665494,1.3730632096669652e-10
stripe,66,32,-0.033589405914107494,1.331052363046152e-10
stripe,66,33,0.033070433604337646,1.2937210537452296e-10
stripe,66,34,-0.03162713007040762,1.300311180685101e-10
stripe,66,35,0.02899403847253248,1.4445893036465536e-10
stripe,66,36,-0.02485510418422037,1.624133370729741e-10
stripe,66,37,0.01906427665359504,1.8205946292730661e-10
stripe,66,38,-0.011831814013986053,1.9958400508337846e-10
stripe,66,39,0.0036840425287633987,2.0902299315702469e-10
stripe,66,40,0.004740933368043835,2.075642039928606e-10
stripe,66,41,-0.012804124810990705,1.963229110618246e-10
stripe,66,42,0.01987562286395396,1.796416255538423e-10
stripe,66,43,-0.025466624107839758,1.6274151497564237e-10
stripe,66,44,0.02942341838434851,1.4907444888251736e-10
stripe,66,45,-0.03193682648420964,1.3682107450494448e-10
stripe,66,46,0.03334266450491265,1.23397806275628e-10
stripe,66,47,-0.03391530477218285,1.2013819077928589e-10
stripe,66,48,0.033782447950746516,1.2830943718575943e-10
stripe,66,49,-0.032913867687376225,1.3930603024813935e-10
stripe,66,50,0.03112407684049731,1.5387833141373267e-10
stripe,66,51,-0.028101505481515188,1.7285125482006494e-10
stripe,66,52,0.02354341667470648,1.9562231572433447e-10
stripe,66,53,-0.017381876317096336,2.1804707739498546e-10
stripe,66,54,0.009923773179102344,2.363792959646202e-10
stripe,66,55,-0.0017503853544346515,2.4567736454816626e-10
stripe,66,56,-0.006474941086512571,2.42944662247373e-10
stripe,66,57,0.014083629815256488,2.2913401002335898e-10
stripe,66,58,-0.02043629970248644,2.0724220123170262e-10
stripe,66,59,0.025057700307925604,1.813390754382286e-10
stripe,66,60,-0.027758937170292236,1.5231066204557005e-10
stripe,66,61,0.028534124794533332,1.2031960859989357e-10
stripe,66,62,-0.027372668065726642,8.824861223473745e-11
stripe,66,63,0.024358440474782084,5.5801163038746726e-11
stripe,66,64,-0.016743806365271945,3.9076294007925303e-11
stripe,67,1,0.016461686831561243,6.907437200646186e-11
stripe,67,2,-0.02392972229879922,9.870728055572725e-11
stripe,67,3,0.026800713526647063,1.5663216716840133e-10
stripe,67,4,-0.027728083551192252,2.1545925291016276e-10
stripe,67,5,0.026586371904102166,2.7408929599256027e-10
stripe,67,6,-0.02337681089930819,3.2736619949153224e-10
stripe,67,7,0.01818325335092274,3.7404183889392594e-10
stripe,67,8,-0.011332013228963263,4.0985546372455717e-10
stripe,67,9,0.0034079546227649303,4.281208230744665e-10
stripe,67,10,0.004905693935764587,4.2450212253701243e-10
stripe,67,11,-0.012917993899226377,4.0048394109338183e-10
stripe,67,12,0.019958419143359142,3.6171417201687773e-10
stripe,67,13,-0.02551446535508492,3.183111107018727e-10
stripe,67,14,0.02941720217488162,2.7754861725790216e-10
stripe,67,15,-0.03184118395998685,2.3732624148774833e-10
stripe,67,16,0.0330969203881761,1.9756597337409273e-10
stripe,67,17,-0.03341671288302105,1.7046975788474188e-10
stripe,67,18,0.03286686824700822,1.5309572453679313e-10
stripe,67,19,-0.031334836438107985,1.4355516075614502e-10
stripe,67,20,0.028551062838018483,1.49531154792726e-10
stripe,67,21,-0.024212584843939483,1.5957004431816116e-10
stripe,67,22,0.018214039834911547,1.7102347695535503e-10
stripe,67,23,-0.010817750665833133,1.846319716756696e-10
stripe,67,24,0.0025791693061826375,1.9340152018826416e-10
stripe,67,25,0.005855835124441638,1.9310819358016714e-10
stripe,67,26,-0.013840227921495992,1.8230695313778994e-10
stripe,67,27,0.02074475544243829,1.6356278735358703e-10
stripe,67,28,-0.02610952074706042,1.4144504526428482e-10
stripe,67,29,0.029826747669589072,1.2021266517643563e-10
stripe,67,30,-0.03211344332579434,1.024206501845111e-10
stripe,67,31,0.03329208737745462,8.74213928645262e-11
stripe,67,32,-0.03359183517920707,7.243151865013828e-11
stripe,67,33,0.03307708980353638,7.605473884039137e-11
stripe,67,34,-0.031639518850119425,8.550250213636731e-11
stripe,67,35,0.029014321837807285,8.484533924389671e-11
stripe,67,36,-0.024885077319939792,9.142027263339903e-11
stripe,67,37,0.01910394576016041,1.0109308661475614e-10
stripe,67,38,-0.011878870797629539,1.094609343670063e-10
stripe,67,39,0.0037348159857633415,1.1484336712624792e-10
stripe,67,40,0.004690349987698741,1.1481023244986722e-10
stripe,67,41,-0.012757660274388204,1.0932681197617832e-10
stripe,67,42,0.019836905266198947,9.925797439459826e-11
stripe,67,43,-0.025437719951753215,8.714840166495443e-11
stripe,67,44,0.029404089200302463,7.424336041365072e-11
stripe,67,45,-0.031925163589342234,6.633803471485891e-11
stripe,67,46,0.033336564723896525,7.12431790185536e-11
stripe,67,47,-0.03391334760636186,7.595400113994414e-11
stripe,67,48,0.033784116697275685,7.865861674256154e-11
stripe,67,49,-0.03291948960346205,8.878525467729401e-11
stripe,67,50,0.03113466980255844,1.0072068284556821e-10
stripe,67,51,-0.028118520052420506,1.1467308514141692e-10
stripe,67,52,0.023567816266048206,1.2889309407471488e-10
stripe,67,53,-0.01741311852535928,1.4039461232969495e-10
stripe,67,54,0.009959596364779406,1.495620783724384e-10
stripe,67,55,-0.0017879232422092902,1.547863655238461e-10
stripe,67,56,-0.006438580385470435,1.541565717743488e-10
stripe,67,57,0.014051152330121774,1.466069065707715e-10
stripe,67,58,-0.02040981543736127,1.3399335823463108e-10
stripe,67,59,0.025037960072262853,1.196459885769169e-10
stripe,67,60,-0.027745252056072617,1.0425028964015482e-10
stripe,67,61,0.02852468852038341,8.7680618300077e-11
stripe,67,62,-0.027365903607232685,6.738946764048083e-11
stripe,67,63,0.02435333825268663,4.244555333421113e-11
stripe,67,64,-0.01674044055890241,2.9518006968820214e-11
stripe,68,1,0.01646175344114358,2.2756364623119087e-10
stripe,68,2,-0.023929841714765854,3.301059164208948e-10
stripe,68,3,0.026800913461537866,5.424636697121457e-10
stripe,68,4,-0.027728429210376486,7.812763627359981e-10
stripe,68,5,0.026586894242101665,1.0452975785625848e-09
stripe,68,6,-0.023377601761937938,1.3099974816877849e-09
stripe,68,7,0.01818435023703186,1.5476799632234728e-09
stripe,68,8,-0.01133338417074782,1.7242024289606692e-09
stripe,68,9,0.0034095153063272653,1.8048346740983075e-09
stripe,68,10,0.004904063480422154,1.7478077410315795e-09
stripe,68,11,-0.012916423438454429,1.6404804984676964e-09
stripe,68,12,0.019957044165958126,1.4454970164745635e-09
stripe,68,13,-0.025513453832813143,1.5202689814800314e-09
stripe,68,14,0.029416681430270826,1.7280855262798951e-09
stripe,68,15,-0.031841253653983034,1.4137383576283957e-09
stripe,68,16,0.033097771524854686,1.2314315719993153e-09
stripe,68,17,-0.03341869846575462,1.1383871308910407e-09
stripe,68,18,0.032870590984276464,7.83920390153272e-10
stripe,68,19,-0.03134121630130658,5.272065102123886e-10
stripe,68,20,0.0285612456648379,3.6348669260279e-10
stripe,68,21,-0.024227448820075177,2.889610620307115e-10
stripe,68,22,0.018233515257634152,2.844232414620959e-10
stripe,68,23,-0.01084064580965944,3.0796486264680335e-10
stripe,68,24,0.002603699184914772,3.28956587906839e-10
stripe,68,25,0.005831571087661021,3.3161560211870137e-10
stripe,68,26,-0.01381815231707019,3.1008809304807343e-10
stripe,68,27,0.02072661749824474,2.6997620852198397e-10
stripe,68,28,-0.026096300405611006,2.2202659803767694e-10
stripe,68,29,0.029818331228543958,1.7705305804848064e-10
stripe,68,30,-0.03210902195605642,1.3988776895102147e-10
stripe,68,31,0.03329106382787578,1.1173174512334954e-10
stripe,68,32,-0.03359420062850996,9.585760203448231e-11
stripe,68,33,0.0330835517290755,7.690013917516402e-11
stripe,68,34,-0.031651611733936935,6.830545183620723e-11
stripe,68,35,0.0290341936625223,6.812660191786067e-11
stripe,68,36,-0.02491454449028651,6.592376264238578e-11
stripe,68,37,0.01914301146797194,7.304282451668288e-11
stripe,68,38,-0.011925272667541627,7.924702421152756e-11
stripe,68,39,0.0037849168220540413,8.332521415507119e-11
stripe,68,40,0.004640411832865683,8.349172155630754e-11
stripe,68,41,-0.012711750658194909,7.910568600418848e-11
stripe,68,42,0.019798622181069998,7.147576842609775e-11
stripe,68,43,-0.02540915529755077,6.272875317765983e-11
stripe,68,44,0.029384988643287,5.468210429670064e-11
stripe,68,45,-0.03191367638991484,4.90779426585229e-11
stripe,68,46,0.033330560786568486,5.188720734018542e-11
stripe,68,47,-0.0339114577773606,4.9659107564380674e-11
stripe,68,48,0.033785750025638744,4.0784888942610686e-11
stripe,68,49,-0.03292492309805033,4.193210590704672e-11
stripe,68,50,0.03114497552068146,4.963998887775926e-11
stripe,68,51,-0.028135100637005004,5.482936130639364e-11
stripe,68,52,0.023591590023729347,5.954058046053015e-11
stripe,68,53,-0.017443514364597935,6.772222742723871e-11
stripe,68,54,0.009994450762747499,7.448119388633927e-11
stripe,68,55,-0.0018243992832718183,7.735633774861291e-11
stripe,68,56,-0.006403273201698022,7.584342544635215e-11
stripe,68,57,0.014019633578742646,7.099628215460122e-11
stripe,68,58,-0.02038415791598365,6.406389995199832e-11
stripe,68,59,0.025018865129565852,5.641814402281664e-11
stripe,68,60,-0.02773192467770766,4.822940425014755e-11
stripe,68,61,0.028515465406700573,3.9022575009371095e-11
stripe,68,62,-0.027359292900635192,2.907049076359412e-11
stripe,68,63,0.024348341667691252,1.854765128786393e-11
stripe,68,64,-0.016737142843157367,1.3029494478939694e-11
stripe,69,1,0.01646185098595395,1.5904915287675526e-10
stripe,69,2,-0.023930004479834593,2.280979087376501e-10
stripe,69,3,0.02680115992000471,3.6545436460832866e-10
stripe,69,4,-0.02772881007851155,5.099428315587723e-10
stripe,69,5,0.026587512788727986,6.597436676152054e-10
stripe,69,6,-0.02337852347699362,8.008549758769716e-10
stripe,69,7,0.018185614425322353,9.250343966027783e-10
stripe,69,8,-0.011334956632251527,1.017602926002532e-09
stripe,69,9,0.003411295604409925,1.0619937667887e-09
stripe,69,10,0.004902178070444319,1.0469713948892838e-09
stripe,69,11,-0.012914595780637358,9.874468529436808e-10
stripe,69,12,0.01995546912165527,8.942047130779401e-10
stripe,69,13,-0.025512265050970005,8.20352546244783e-10
stripe,69,14,0.029416056316821045,7.836327336818384e-10
stripe,69,15,-0.03184130972681997,7.00745547590126e-10
stripe,69,16,0.03309858069774115,6.11459752061072e-10
stripe,69,17,-0.033420640325079964,5.214575805662014e-10
stripe,69,18,0.03287428973567873,4.0535263928397584e-10
stripe,69,19,-0.03134757962039218,3.139368844337088e-10
stripe,69,20,0.028571392415534073,2.566705989458899e-10
stripe,69,21,-0.024242235907289397,2.3429727003836996e-10
stripe,69,22,0.01825287106606294,2.377743293734241e-10
stripe,69,23,-0.01086339628061395,2.549248185589437e-10
stripe,69,24,0.00262808635380575,2.6967423457273733e-10
stripe,69,25,0.005807412026283914,2.711662647616349e-10
stripe,69,26,-0.013796176867644427,2.5527935215177747e-10
stripe,69,27,0.020708579300879812,2.2431621252019436e-10
stripe,69,28,-0.026083177465300138,1.846052824008815e-10
stripe,69,29,0.02980994040416743,1.4266918938549124e-10
stripe,69,30,-0.03210459602669255,1.0441333915331079e-10
stripe,69,31,0.03329000557978365,6.975790347911761e-11
stripe,69,32,-0.03359649101451721,3.203055219413124e-11
stripe,69,33,0.03308990435211644,3.459386330303531e-11
stripe,69,34,-0.03166351312072156,4.8621721288188395e-11
stripe,69,35,0.029053770845321687,4.29397374425106e-11
stripe,69,36,-0.02494356925268066,4.761423003777098e-11
stripe,69,37,0.019181563929764178,4.8003766329211155e-11
stripe,69,38,-0.01197110467511226,4.771257411647506e-11
stripe,69,39,0.00383444885757448,4.951498950699811e-11
stripe,69,40,0.00459099564579606,5.079256071997063e-11
stripe,69,41,-0.0126663008118305,4.953828634879839e-11
stripe,69,42,0.019760691726954535,4.5144840149225684e-11
stripe,69,43,-0.025380805207991033,3.836285884009819e-11
stripe,69,44,0.02936603410527256,3.024671841871402e-11
stripe,69,45,-0.031902281709539106,2.502568841724105e-11
stripe,69,46,0.03332461263228525,3.863556619281638e-11
stripe,69,47,-0.03390953632671904,3.1302737480718664e-11
stripe,69,48,0.03378735518162869,4.677079432675695e-12
stripe,69,49,-0.032930423479326246,-9.759720996258799e-12
stripe,69,50,0.031155389519259724,2.63842621871873e-12
stripe,69,51,-0.02815167187730113,2.1523498826595486e-11
stripe,69,52,0.02361528467167049,1.230721361785072e-11
stripe,69,53,-0.01747361919104936,1.7799953428490683e-11
stripe,69,54,0.010028427622773324,2.132872671726832e-11
stripe,69,55,-0.0018600517199890577,1.0646664564516758e-11
stripe,69,56,-0.006368685672512986,8.133623100978811e-12
stripe,69,57,0.013989088304874359,1.0207473714076157e-11
stripe,69,58,-0.02035912907387973,1.3746316605479714e-11
stripe,69,59,0.025000140421443082,1.6271693898363117e-11
stripe,69,60,-0.02771881683732034,1.6955479269076405e-11
stripe,69,61,0.028506395109549953,1.553154090814227e-11
stripe,69,62,-0.027352806405152127,1.2631720032151406e-11
stripe,69,63,0.024343444168921258,8.433403731256846e-12
stripe,69,64,-0.016733910998919865,6.007836879772556e-12
stripe,70,1,0.01646196862236709,2.0638970102490408e-10
stripe,70,2,-0.023930194321109523,2.9790839406577833e-10
stripe,70,3,0.02680143189890214,4.844381455968037e-10
stripe,70,4,-0.02772923376070862,6.887166935844209e-10
stripe,70,5,0.026588188477936238,9.095700870004343e-10
stripe,70,6,-0.023379543928484882,1.1270215814798428e-09
stripe,70,7,0.01818704331806159,1.3211560101462571e-09
stripe,70,8,-0.011336741779109056,1.4646484395472187e-09
stripe,70,9,0.0034133339845591653,1.5291617694521756e-09
stripe,70,10,0.004900029653095888,1.488608442319042e-09
stripe,70,11,-0.012912518850247853,1.4013989914520448e-09
stripe,70,12,0.019953673273502642,1.2552976807114512e-09
stripe,70,13,-0.025510951893154173,1.251103803747081e-09
stripe,70,14,0.029415350916712078,1.3554907321508917e-09
stripe,70,15,-0.031841295929468015,1.1487399995635347e-09
stripe,70,16,0.033099448494362006,1.0100847273817468e-09
stripe,70,17,-0.03342276418293792,9.155094925145489e-10
stripe,70,18,0.03287821070342953,6.326546942605578e-10
stripe,70,19,-0.031354166873349965,4.3885126091131917e-10
stripe,70,20,0.028581757839971515,3.307901826760531e-10
stripe,70,21,-0.024257207715611125,2.856081966419432e-10
stripe,70,22,0.018272369274194768,2.857864331433359e-10
stripe,70,23,-0.010886233847639534,3.095377875328357e-10
stripe,70,24,0.0026525031814534803,3.2914936285539453e-10
stripe,70,25,0.005783278569320484,3.310056710972508e-10
stripe,70,26,-0.013774237304529214,3.1031417621158884e-10
stripe,70,27,0.020690559126316208,2.7216871022644353e-10
stripe,70,28,-0.026070040919687384,2.2613100570754993e-10
stripe,70,29,0.029801545263169336,1.814334250671446e-10
stripe,70,30,-0.03210017926042188,1.408564636374755e-10
stripe,70,31,0.03328894033707082,1.0558884936881993e-10
stripe,70,32,-0.03359872875575328,7.972033901827597e-11
stripe,70,33,0.0330961186988313,6.345298936840732e-11
stripe,70,34,-0.031675203469500465,5.514038374807898e-11
stripe,70,35,0.02907302189427443,5.0307440522144334e-11
stripe,70,36,-0.024972176539254935,4.900514742981886e-11
stripe,70,37,0.019219568238812365,5.1194229678948656e-11
stripe,70,38,-0.0120163299536385,5.3469246623949795e-11
stripe,70,39,0.003883338596291681,5.578652387421382e-11
stripe,70,40,0.004542223575302108,5.6395047156890065e-11
stripe,70,41,-0.012621416439537021,5.4145705191971014e-11
stripe,70,42,0.019723203542561966,4.981336754217887e-11
stripe,70,43,-0.025352801810422817,4.503124841688977e-11
stripe,70,44,0.029347286932542398,4.0805812154961656e-11
stripe,70,45,-0.03189097618165923,3.6898021697391307e-11
stripe,70,46,0.03331868541897391,2.884491382298615e-11
stripe,70,47,-0.03390759474389531,2.9771215449458836e-11
stripe,70,48,0.03378890247647341,3.3214333723339985e-11
stripe,70,49,-0.032935721633298914,2.770709309529044e-11
stripe,70,50,0.0311654335153382,2.6263133801271507e-11
stripe,70,51,-0.028167809478002497,2.7740038107501945e-11
stripe,70,52,0.023638343121058704,2.91497691424268e-11
stripe,70,53,-0.01750297239347163,3.087261518575626e-11
stripe,70,54,0.010061896785860341,3.2259980752060595e-11
stripe,70,55,-0.0018949133989623426,3.2762064938296334e-11
stripe,70,56,-0.006335017154333222,3.287568138029284e-11
stripe,70,57,0.013959109417252206,3.157311137008777e-11
stripe,70,58,-0.02033469907693942,2.96856236271776e-11
stripe,70,59,0.02498193618472771,2.7499982709597752e-11
stripe,70,60,-0.027706045317615502,2.5427552903156885e-11
stripe,70,61,0.02849753310166807,2.192187465058495e-11
stripe,70,62,-0.027346462158413812,1.6204050021820176e-11
stripe,70,63,0.024338648151604865,1.0109834622270007e-11
stripe,70,64,-0.01673074351888896,7.015294257730079e-12
stripe,71,1,0.016462105035165542,1.1182350391224438e-09
stripe,71,2,-0.023930413673672477,1.625203191679233e-09
stripe,71,3,0.026801756584773063,2.681341087700743e-09
stripe,71,4,-0.027729723753137647,3.8931370952179386e-09
stripe,71,5,0.02658893437417848,5.2386650582100055e-09
stripe,71,6,-0.023380654921742502,6.5725336223462675e-09
stripe,71,7,0.018188562134664896,7.759779041070868e-09
stripe,71,8,-0.011338616092393498,8.617278915724326e-09
stripe,71,9,0.00341543486858772,8.958187815292267e-09
stripe,71,10,0.004897851840630551,8.659226949887381e-09
stripe,71,11,-0.012910450924680492,8.23225604856195e-09
stripe,71,12,0.019951920945984948,7.572111704604909e-09
stripe,71,13,-0.025509663644449426,7.712600443297412e-09
stripe,71,14,0.02941463411296364,8.861116420273134e-09
stripe,71,15,-0.03184123081661051,7.942220420648527e-09
stripe,71,16,0.03310014421749636,6.987932384149989e-09
stripe,71,17,-0.03342450903665346,6.1496567659851986e-09
stripe,71,18,0.0328816291425191,4.141207130313096e-09
stripe,71,19,-0.031360185623343945,2.799449532836929e-09
stripe,71,20,0.028591491568893696,1.8562868558935885e-09
stripe,71,21,-0.024271523633943602,1.3640701162541953e-09
stripe,71,22,0.018291199101635063,1.2245188128408971e-09
stripe,71,23,-0.010908431607102836,1.296244485994471e-09
stripe,71,24,0.0026763080953921994,1.4363081085202583e-09
stripe,71,25,0.00575969638519689,1.5129100042151307e-09
stripe,71,26,-0.01375271894471008,1.4249523307735284e-09
stripe,71,27,0.020672823263926606,1.1322812836208008e-09
stripe,71,28,-0.026057086555619866,6.095588188583646e-10
stripe,71,29,0.029793132909203726,-2.1478006584423585e-10
stripe,71,30,-0.03209596569601532,-1.1581113125518347e-09
stripe,71,31,0.03328805480349817,-2.5678810840075725e-09
stripe,71,32,-0.033601064279544894,-4.8193235433701356e-09
stripe,71,33,0.033102311173666986,-7.1670722261531725e-09
stripe,71,34,-0.031686742002715027,-7.3348863019849755e-09
stripe,71,35,0.02909200993734177,-5.9683946555268405e-09
stripe,71,36,-0.02500038875095375,-5.130994740427921e-09
stripe,71,37,0.01925709263846783,-4.65421902750669e-09
stripe,71,38,-0.012061014396994429,-4.692142885733455e-09
stripe,71,39,0.003931696169843214,-5.009253445222139e-09
stripe,71,40,0.004493936737382478,-5.213285181498829e-09
stripe,71,41,-0.012576925738897578,-5.0947772282175465e-09
stripe,71,42,0.019685977782734447,-4.6245208207816005e-09
stripe,71,43,-0.025324897973018536,-3.91831642131602e-09
stripe,71,44,0.02932852192925703,-3.144187452683901e-09
stripe,71,45,-0.03187957865815207,-2.4270455244551692e-09
stripe,71,46,0.03331269322071832,-1.824215115446381e-09
stripe,71,47,-0.033905692769788,-1.3284836312107856e-09
stripe,71,48,0.033790566973703855,-9.393479423229624e-10
stripe,71,49,-0.032941019939552424,-6.570271081938402e-10
stripe,71,50,0.031175218838919362,-4.5479200912679025e-10
stripe,71,51,-0.028183550214740415,-3.226908712420835e-10
stripe,71,52,0.023660902290821073,-2.5104371914189293e-10
stripe,71,53,-0.017531797662098208,-2.258589432163871e-10
stripe,71,54,0.01009489942100866,-2.306461693453689e-10
stripe,71,55,-0.0019293456588911255,-2.45460936727694e-10
stripe,71,56,-0.006301795272820368,-2.5230904320156337e-10
stripe,71,57,0.01392953262582667,-2.420074303290692e-10
stripe,71,58,-0.02031063593976739,-2.152968380924917e-10
stripe,71,59,0.02496404152835559,-1.792473756894614e-10
stripe,71,60,-0.027693532945688146,-1.4012007904528212e-10
stripe,71,61,0.02848886213944992,-1.0206947124334648e-10
stripe,71,62,-0.027340255423529747,-6.93225904695183e-11
stripe,71,63,0.02433395932650842,-4.163440153459274e-11
stripe,71,64,-0.016727647217561196,-2.8533640489871298e-11
stripe,72,1,0.016462264768803685,1.5649351906353372e-09
stripe,72,2,-0.023930668526833745,2.2618305727800325e-09
stripe,72,3,0.02680212279685503,3.6848503060049105e-09
stripe,72,4,-0.027730289381014364,5.255803807490743e-09
stripe,72,5,0.026589772387528687,6.948218659609168e-09
stripe,72,6,-0.023381889140386167,8.593371212800318e-09
stripe,72,7,0.018190244546920815,1.0054421362258361e-08
stripe,72,8,-0.011340703884738231,1.113233808497979e-08
stripe,72,9,0.0034178195869043575,1.1608968039134402e-08
stripe,72,10,0.00489535841187536,1.1320186439860426e-08
stripe,72,11,-0.012908061660918103,1.0715055236068358e-08
stripe,72,12,0.019949880485112266,9.751461600872627e-09
stripe,72,13,-0.02550818099692813,9.538667164170846e-09
stripe,72,14,0.029413803745143907,1.0258557802211e-08
stripe,72,15,-0.03184111208935275,9.132864165051538e-09
stripe,72,16,0.03310096069759404,8.1063245181554e-09
stripe,72,17,-0.033426576060222424,7.160661679604643e-09
stripe,72,18,0.0328855142383309,5.025654062211004e-09
stripe,72,19,-0.03136671748708662,3.517280246855013e-09
stripe,72,20,0.028601784354717066,2.496717708783618e-09
stripe,72,21,-0.02428644743694522,1.977099055985364e-09
stripe,72,22,0.018310713852706138,1.8584358209388922e-09
stripe,72,23,-0.010931387062010977,1.9626578289046884e-09
stripe,72,24,0.0027008578143251673,2.1087525779306283e-09
stripe,72,25,0.005735482052615492,2.158918312882376e-09
stripe,72,26,-0.013730379321053143,2.034869830945282e-09
stripe,72,27,0.020654268605027774,1.7366613815753626e-09
stripe,72,28,-0.026043384739915403,1.306733033004356e-09
stripe,72,29,0.02978439782468837,8.005389147524268e-10
stripe,72,30,-0.03209114991953235,2.5233813330196053e-10
stripe,72,31,0.033286698831271944,-3.2455635151082444e-10
stripe,72,32,-0.03360321493989409,-9.157755861688631e-10
stripe,72,33,0.03310852870183723,-1.4117066173296855e-09
stripe,72,34,-0.03169856731915681,-1.7609178254738637e-09
stripe,72,35,0.029111340918789218,-2.0247905767333435e-09
stripe,72,36,-0.025028974814537357,-2.2442931422226312e-09
stripe,72,37,0.019294955682113014,-2.4740335796540576e-09
stripe,72,38,-0.01210594907978814,-2.696713221981509e-09
stripe,72,39,0.003980213053583582,-2.840381286849329e-09
stripe,72,40,0.0044455268345987686,-2.849466802226841e-09
stripe,72,41,-0.012532331576130281,-2.707880920307455e-09
stripe,72,42,0.019648627438502653,-2.4441764054346025e-09
stripe,72,43,-0.02529684232475434,-2.1130370264603976e-09
stripe,72,44,0.029309599911603,-1.7682963623621115e-09
stripe,72,45,-0.03186801904720282,-1.4428746348390562e-09
stripe,72,46,0.033306510854451445,-1.150351197962412e-09
stripe,72,47,-0.033903554984179414,-8.955504864053375e-10
stripe,72,48,0.03379188584250702,-6.838675279137194e-10
stripe,72,49,-0.03294598536504846,-5.173489769609589e-10
stripe,72,50,0.031184749404806915,-3.9297830045764543e-10
stripe,72,51,-0.028198834467300184,-3.142233810894371e-10
stripe,72,52,0.02368291451893092,-2.78728876860062e-10
stripe,72,53,-0.017560019763251014,-2.750255894943556e-10
stripe,72,54,0.010127173098226631,-2.891064927256343e-10
stripe,72,55,-0.0019630340729907395,-3.042615579671158e-10
stripe,72,56,-0.0062692754775305875,-3.071194952847164e-10
stripe,72,57,0.013900575821043943,-2.9166973142547903e-10
stripe,72,58,-0.020287128080597343,-2.604683260793356e-10
stripe,72,59,0.024946611415787044,-2.2034514857711707e-10
stripe,72,60,-0.027681358664422694,-1.7703815578152375e-10
stripe,72,61,0.02848042536625251,-1.3334945547367243e-10
stripe,72,62,-0.027334207858455493,-9.313761522292222e-11
stripe,72,63,0.024329384906934863,-5.709750818770376e-11
stripe,72,64,-0.016724624728427208,-3.9485506395764985e-11
stripe,73,1,0.016462443746175195,9.776437470679925e-10
stripe,73,2,-0.023930950328597544,1.4002608833745855e-09
stripe,73,3,0.026802517341312858,2.2322571775706807e-09
stripe,73,4,-0.027730884870371585,3.0881228255756e-09
stripe,73,5,0.026590676221151875,3.945382438357976e-09
stripe,73,6,-0.02338321506505894,4.725199318669225e-09
stripe,73,7,0.0181920397518891,5.403771604491452e-09
stripe,73,8,-0.011342944044113549,5.917159707555065e-09
stripe,73,9,0.0034203491860366636,6.174007149448401e-09
stripe,73,10,0.0048927276281039355,6.113343187960698e-09
stripe,73,11,-0.012905558343983103,5.772482271651052e-09
stripe,73,12,0.019947756537019364,5.254245553735488e-09
stripe,73,13,-0.025506643243734594,4.696117494113225e-09
stripe,73,14,0.029412935891960913,4.25757838063152e-09
stripe,73,15,-0.031840987529282064,3.892450535988487e-09
stripe,73,16,0.03310160494131382,3.5137903185448668e-09
stripe,73,17,-0.033428387346915805,3.1337470932959044e-09
stripe,73,18,0.03288909549158277,2.8047159186086543e-09
stripe,73,19,-0.031372976016522516,2.6263722535159918e-09
stripe,73,20,0.02861187539158215,2.648930195786823e-09
stripe,73,21,-0.024301245849674715,2.8806068189600796e-09
stripe,73,22,0.018330136012968602,3.2478962593371775e-09
stripe,73,23,-0.010954227805248767,3.594908915808889e-09
stripe,73,24,0.0027253756880946615,3.76607489080502e-09
stripe,73,25,0.005711206438810753,3.6918207488319114e-09
stripe,73,26,-0.0137082333025044,3.354542854859071e-09
stripe,73,27,0.02063601715665838,2.8242375277746105e-09
stripe,73,28,-0.026029936497677278,2.2195566264175596e-09
stripe,73,29,0.029775714772021348,1.1668684262612195e-09
stripe,73,30,-0.032086491572902796,-2.1165246565094626e-09
stripe,73,31,0.03328544827722288,-3.7999650390841166e-09
stripe,73,32,-0.033605297182162694,-1.0246668499492886e-09
stripe,73,33,0.0331145885500371,1.1469030894822984e-09
stripe,73,34,-0.03171002725412973,7.833658362521962e-10
stripe,73,35,0.029130214290862058,-3.1877954233282606e-10
stripe,73,36,-0.02505698119087013,-9.564015998843426e-10
stripe,73,37,0.019332161241136018,-1.153228538706106e-09
stripe,73,38,-0.012150205371147471,-1.2211996073818865e-09
stripe,73,39,0.004028062395200363,-1.2443854104976001e-09
stripe,73,40,0.004397753950004605,-1.2215949923454977e-09
stripe,73,41,-0.012488315432005268,-1.158033777978521e-09
stripe,73,42,0.019611794145254338,-1.0584873471117464e-09
stripe,73,43,-0.02526921381727327,-9.373155526648158e-10
stripe,73,44,0.029291018256375548,-8.112462358895438e-10
stripe,73,45,-0.0318567136945811,-6.905806799385434e-10
stripe,73,46,0.03330048849665308,-5.790752322242071e-10
stripe,73,47,-0.03390144244254264,-4.77951297729131e-10
stripe,73,48,0.033793102263846186,-3.864488009901996e-10
stripe,73,49,-0.032950718425437675,-3.112372946506428e-10
stripe,73,50,0.031193875808240068,-2.601124581342996e-10
stripe,73,51,-0.0282136004967546,-2.299499934977743e-10
stripe,73,52,0.023704161887280407,-2.190662697640762e-10
stripe,73,53,-0.01758724519691012,-2.2494833547176182e-10
stripe,73,54,0.010158403801798707,-2.392118373706836e-10
stripe,73,55,-0.001995687634941607,-2.5115378875066283e-10
stripe,73,56,-0.006237704773228964,-2.5204794337764303e-10
stripe,73,57,0.013872421758842367,-2.3880946357488177e-10
stripe,73,58,-0.02026421211821762,-2.1392306544841714e-10
stripe,73,59,0.02492960697047352,-1.8232664009049734e-10
stripe,73,60,-0.0276694886200982,-1.483565779644581e-10
stripe,73,61,0.028472211080825097,-1.1380912999024494e-10
stripe,73,62,-0.02732832374739553,-8.085157023254174e-11
stripe,73,63,0.024324930556058645,-5.012679804857834e-11
stripe,73,64,-0.016721680148896,-3.4827154911572224e-11
stripe,74,1,0.016462636314647863,1.0911678013723776e-09
stripe,74,2,-0.023931251028331352,1.5733955823426685e-09
stripe,74,3,0.026802937564122994,2.550597659864384e-09
stripe,74,4,-0.027731482129562435,3.611685192805978e-09
stripe,74,5,0.026591614059970813,4.7466221490624865e-09
stripe,74,6,-0.023384596084973397,5.852858619276664e-09
stripe,74,7,0.018193912744063803,6.840585222864191e-09
stripe,74,8,-0.011345240814564901,7.575981343842915e-09
stripe,74,9,0.003422921725435481,7.91093246043034e-09
stripe,74,10,0.0048900668231093925,7.718482502239747e-09
stripe,74,11,-0.012903023511211375,7.280851387261132e-09
stripe,74,12,0.019945589202135384,6.5456103967933444e-09
stripe,74,13,-0.025505037998960783,6.429590603979521e-09
stripe,74,14,0.029412016582301224,6.854670138942493e-09
stripe,74,15,-0.031840794842847686,5.8943147031822895e-09
stripe,74,16,0.033102371419582374,5.282361219778114e-09
stripe,74,17,-0.033430358729438975,4.8795584379493685e-09
stripe,74,18,0.032892820672284856,3.6505347183831255e-09
stripe,74,19,-0.031379347945212535,2.8660722181623614e-09
stripe,74,20,0.028622034396214968,2.4242320812216744e-09
stripe,74,21,-0.02431603704106962,2.315532292482018e-09
stripe,74,22,0.018349524264545367,2.4510041288480467e-09
stripe,74,23,-0.01097704498880288,2.667379177435898e-09
stripe,74,24,0.002749822437811352,2.8194577173498877e-09
stripe,74,25,0.005686936189795608,2.8201219054823527e-09
stripe,74,26,-0.01368599159985322,2.628898667369594e-09
stripe,74,27,0.020617698495272833,2.267451465912632e-09
stripe,74,28,-0.026016599391259818,1.8001071997301547e-09
stripe,74,29,0.02976718373173121,1.1928782632840074e-09
stripe,74,30,-0.03208200673810511,1.6987135694958756e-11
stripe,74,31,0.0332843070337083,-5.889882643763263e-10
stripe,74,32,-0.03360744142390121,1.1709590973501615e-10
stripe,74,33,0.03312069970206479,5.39368212881563e-10
stripe,74,34,-0.03172147710622018,2.574263199850448e-10
stripe,74,35,0.029148985787907658,-1.180664198414803e-10
stripe,74,36,-0.025084796890084082,-3.5888003271081483e-10
stripe,74,37,0.019369120872001024,-4.696190721084703e-10
stripe,74,38,-0.012194198902091287,-5.193790878918766e-10
stripe,74,39,0.00407567175039125,-5.38650344024992e-10
stripe,74,40,0.004350169194537609,-5.301861662180411e-10
stripe,74,41,-0.012444396196340243,-4.993965205528605e-10
stripe,74,42,0.019574927737399286,-4.5408521752069355e-10
stripe,74,43,-0.02524144375041124,-4.028343922378634e-10
stripe,74,44,0.029272193987681903,-3.5223195985618325e-10
stripe,74,45,-0.03184513280195205,-3.047047552752289e-10
stripe,74,46,0.03329418056511714,-2.6088361506439674e-10
stripe,74,47,-0.033899040889207276,-2.1669189990500853e-10
stripe,74,48,0.03379403660773994,-1.8345798443923624e-10
stripe,74,49,-0.03295519470523339,-1.6768815928240563e-10
stripe,74,50,0.03120275393347982,-1.5712981254809062e-10
stripe,74,51,-0.028228028019350804,-1.5344742526016214e-10
stripe,74,52,0.023724906579937664,-1.5787340766019583e-10
stripe,74,53,-0.017613800364939827,-1.665832287943461e-10
stripe,74,54,0.010188874777119373,-1.7693757797126638e-10
stripe,74,55,-0.0020275837935925314,-1.8483678421197864e-10
stripe,74,56,-0.00620685424193318,-1.8552503839145712e-10
stripe,74,57,0.013844898109449045,-1.7647623311671558e-10
stripe,74,58,-0.020241820056689508,-1.593082361141848e-10
stripe,74,59,0.024912960647330583,-1.3730224596656812e-10
stripe,74,60,-0.027657871018284732,-1.1290531830044945e-10
stripe,74,61,0.02846416861688387,-8.700364397463098e-11
stripe,74,62,-0.02732256663228176,-6.194936492147504e-11
stripe,74,63,0.024320578004222597,-3.849756204659277e-11
stripe,74,64,-0.016718804515892007,-2.6805889571918683e-11
stripe,75,1,0.01646284500297173,6.72829214036172e-10
stripe,75,2,-0.023931577943853363,9.633969552868075e-10
stripe,75,3,0.026803395288432293,1.5348675253165986e-09
stripe,75,4,-0.027732179877274728,2.1220409637645316e-09
stripe,75,5,0.026592628121720953,2.7100522653409215e-09
stripe,75,6,-0.023386075117504176,3.2453574196591116e-09
stripe,75,7,0.01819592150305922,3.711696366704457e-09
stripe,75,8,-0.011347709910663771,4.0643538427589506e-09
stripe,75,9,0.003425698311798142,4.240100866107632e-09
stripe,75,10,0.004887195812250939,4.197112572137312e-09
stripe,75,11,-0.012900319821919462,3.9603683454976025e-09
stripe,75,12,0.019943324626940727,3.5998917398961818e-09
stripe,75,13,-0.02550342788854042,3.216186168954413e-09
stripe,75,14,0.029411119862876388,2.9032091795399325e-09
stripe,75,15,-0.03184065777560703,2.6006491842421236e-09
stripe,75,16,0.03310306656643695,2.277463548143351e-09
stripe,75,17,-0.033432254140815194,1.997772921452008e-09
stripe,75,18,0.0328964645202857,1.7599059401229528e-09
stripe,75,19,-0.03138560705200513,1.5626257398983375e-09
stripe,75,20,0.02863201572706473,1.443380626599547e-09
stripe,75,21,-0.024330602316174836,1.4402606940462343e-09
stripe,75,22,0.018368619390336266,1.5303026031488696e-09
stripe,75,23,-0.010999541100737227,1.6513687721366019e-09
stripe,75,24,0.002773955577363139,1.740444485633347e-09
stripe,75,25,0.005663008880595465,1.745671404656364e-09
stripe,75,26,-0.013664130744960836,1.6437753851967982e-09
stripe,75,27,0.020599697721445084,1.4451805135377747e-09
stripe,75,28,-0.02600344740900899,1.1843341116570538e-09
stripe,75,29,0.02975877087898272,8.818090245651359e-10
stripe,75,30,-0.03207755941540927,5.067876982437815e-10
stripe,75,31,0.03328318620360177,2.3044443240827935e-10
stripe,75,32,-0.033609535656996065,1.6229856766780463e-10
stripe,75,33,0.033126644753429926,1.2604117958402415e-10
stripe,75,34,-0.03173267645354881,-2.1161476240392315e-11
stripe,75,35,0.029167445665447808,-1.1813912957738528e-10
stripe,75,36,-0.025112238921227683,-1.2007551776299468e-10
stripe,75,37,0.0194056413151223,-1.5885041339482633e-10
stripe,75,38,-0.01223779048927298,-1.8506202963248745e-10
stripe,75,39,0.0041229556503028595,-1.9908971190351643e-10
stripe,75,40,0.004302902554506893,-2.0510722011108746e-10
stripe,75,41,-0.012400785131794455,-2.0012383283226035e-10
stripe,75,42,0.01953832689852038,-1.8510702500806695e-10
stripe,75,43,-0.02521379892106374,-1.6509811949566879e-10
stripe,75,44,0.029253472402973654,-1.4341797444733477e-10
stripe,75,45,-0.031833687282296394,-1.2509147658503008e-10
stripe,75,46,0.03328797126294705,-1.1059619250922545e-10
stripe,75,47,-0.033896738694078984,-1.0288778109260659e-10
stripe,75,48,0.03379506563180304,-9.762798655713335e-11
stripe,75,49,-0.03295972365715636,-9.23108400239544e-11
stripe,75,50,0.031211557585606953,-9.521555111738867e-11
stripe,75,51,-0.028242294960432082,-9.807229355350302e-11
stripe,75,52,0.023745333554967933,-1.0131837626785448e-10
stripe,75,53,-0.01763988488698787,-1.0927235934852681e-10
stripe,75,54,0.01021876913827649,-1.1717673759013913e-10
stripe,75,55,-0.002058831143987509,-1.2227450386109797e-10
stripe,75,56,-0.006176646374228863,-1.2203157532493322e-10
stripe,75,57,0.013817961142251901,-1.1559059199756502e-10
stripe,75,58,-0.020219908224986746,-1.0438995176449117e-10
stripe,75,59,0.024896691630288292,-9.073863956502617e-11
stripe,75,60,-0.027646513834167497,-7.589545611980031e-11
stripe,75,61,0.028456309430543374,-6.06904827433122e-11
stripe,75,62,-0.027316938541643812,-4.488447494746391e-11
stripe,75,63,0.02431632415059582,-2.804785677267923e-11
stripe,75,64,-0.016715994708301603,-1.9512230671808984e-11
stripe,76,1,0.016463063512092677,5.327964714524768e-10
stripe,76,2,-0.02393191816341031,7.65919789533433e-10
stripe,76,3,0.026803866952711274,1.2324768898589703e-09
stripe,76,4,-0.027732859228457113,1.7353503801383046e-09
stripe,76,5,0.026593649254202496,2.265546587491822e-09
stripe,76,6,-0.02338757820409377,2.7730123345935684e-09
stripe,76,7,0.018197954603936296,3.234133419123796e-09
stripe,76,8,-0.011350205465146172,3.5882530643654596e-09
stripe,76,9,0.003428496991053275,3.755633930258449e-09
stripe,76,10,0.004884311833961501,3.707616013996517e-09
stripe,76,11,-0.012897599779730134,3.507185568880774e-09
stripe,76,12,0.019941033154680467,3.279613806397626e-09
stripe,76,13,-0.025501734503113896,3.1791575610242348e-09
stripe,76,14,0.029410124727855626,3.2435169043659766e-09
stripe,76,15,-0.031840428062262324,3.378658252285105e-09
stripe,76,16,0.033103624822816244,1.780533940190628e-09
stripe,76,17,-0.03343392188721067,7.596613334978008e-10
stripe,76,18,0.03289985323051775,2.2887317610141844e-09
stripe,76,19,-0.03139160446441573,3.1989225573136948e-09
stripe,76,20,0.02864174222184108,2.854354161864952e-09
stripe,76,21,-0.024344914961869676,2.468943512932353e-09
stripe,76,22,0.018387465853341407,2.5608085242811746e-09
stripe,76,23,-0.011021777680707091,2.7449743901897984e-09
stripe,76,24,0.0027978470592938637,2.885336888736876e-09
stripe,76,25,0.005639295374427241,2.907195008966944e-09
stripe,76,26,-0.013642470419770769,2.7262855390757598e-09
stripe,76,27,0.020581833771205336,2.3703306897354805e-09
stripe,76,28,-0.025990391972941312,1.9349158822617132e-09
stripe,76,29,0.02975044802232692,1.5021258083148542e-09
stripe,76,30,-0.03207316395773316,1.1148637269499174e-09
stripe,76,31,0.033282075195001,7.958519828852706e-10
stripe,76,32,-0.03361157187687086,5.504636211373497e-10
stripe,76,33,0.03313249004033772,3.6057056852621606e-10
stripe,76,34,-0.03174371461440573,2.1213608710577833e-10
stripe,76,35,0.029185678158572856,1.1283507570131897e-10
stripe,76,36,-0.02513936662202941,5.6731320788854524e-11
stripe,76,37,0.01944177070625132,2.8266469986511758e-11
stripe,76,38,-0.012280970769261794,2.109287250205044e-11
stripe,76,39,0.004169833805957328,2.41271007549231e-11
stripe,76,40,0.00425607371230643,2.853750188974591e-11
stripe,76,41,-0.012357563601629784,2.862066650741421e-11
stripe,76,42,0.019502009698739955,2.2713867529986588e-11
stripe,76,43,-0.02518643071533211,1.2718718857080709e-11
stripe,76,44,0.029234953505036094,1.2975123534173698e-12
stripe,76,45,-0.03182231964389092,-9.129202623678751e-12
stripe,76,46,0.03328181556754194,-1.845327459605096e-11
stripe,76,47,-0.03389445538617611,-2.601072328990204e-11
stripe,76,48,0.03379601696887989,-3.361208239274377e-11
stripe,76,49,-0.03296406078827076,-4.057403352082466e-11
stripe,76,50,0.03122002228398798,-4.0458716646273825e-11
stripe,76,51,-0.02825603262346725,-4.3155628526933165e-11
stripe,76,52,0.02376507986928004,-5.139678596751528e-11
stripe,76,53,-0.017665164278409792,-5.732096767246272e-11
stripe,76,54,0.010247780079207638,-6.20858316072183e-11
stripe,76,55,-0.002089190791832753,-6.46658998932941e-11
stripe,76,56,-0.00614728144257597,-6.410033221476866e-11
stripe,76,57,0.01379175761171188,-6.048051260398399e-11
stripe,76,58,-0.020198602572555693,-5.4617652539291596e-11
stripe,76,59,0.024880869425096958,-4.7458716399624685e-11
stripe,76,60,-0.027635450174038435,-3.970246973947562e-11
stripe,76,61,0.028448644555960197,-3.123324168070906e-11
stripe,76,62,-0.02731144414362282,-2.2383792610367904e-11
stripe,76,63,0.024312169340958832,-1.387666131703797e-11
stripe,76,64,-0.01671325058648087,-9.691642937937097e-12
stripe,77,1,0.016463298073791724,3.2937507603222135e-10
stripe,77,2,-0.02393228058314789,4.715756293668257e-10
stripe,77,3,0.0268043713002485,7.51376446839916e-10
stripe,77,4,-0.027733596228950462,1.039203378547604e-09
stripe,77,5,0.026594735777947926,1.3276573552349158e-09
stripe,77,6,-0.023389139608955896,1.5905709941321126e-09
stripe,77,7,0.018200046884585423,1.8202542286902728e-09
stripe,77,8,-0.011352768093778196,1.993874740435501e-09
stripe,77,9,0.003431349406663734,2.078885905026465e-09
stripe,77,10,0.004881382040527894,2.057758741428886e-09
stripe,77,11,-0.01289484085088884,1.9430860475692455e-09
stripe,77,12,0.019938692762702735,1.7743922026674077e-09
stripe,77,13,-0.025500038830412013,1.5989120916972863e-09
stripe,77,14,0.029409139902578624,1.4449919896192537e-09
stripe,77,15,-0.031840173195749374,1.313331881843862e-09
stripe,77,16,0.03310421012531975,1.0972402015817347e-09
stripe,77,17,-0.03343567464376752,8.524286922078484e-10
stripe,77,18,0.03290332633129927,8.568103783044573e-10
stripe,77,19,-0.031397675388110294,1.0324963650501161e-09
stripe,77,20,0.028651526842405507,1.1606610025975853e-09
stripe,77,21,-0.024359271570049003,1.267705005937227e-09
stripe,77,22,0.018406332450621808,1.3970247562111547e-09
stripe,77,23,-0.011044003972727107,1.5234774229726432e-09
stripe,77,24,0.0028217155634821045,1.5943189451237986e-09
stripe,77,25,0.005615618398529624,1.587654040039483e-09
stripe,77,26,-0.013620883059304367,1.4983570287228493e-09
stripe,77,27,0.020564058862948882,1.332696858606999e-09
stripe,77,28,-0.025977356988889314,1.1313299973299527e-09
stripe,77,29,0.02974205342388579,9.233821055485218e-10
stripe,77,30,-0.03206868011572212,7.302133032035836e-10
stripe,77,31,0.03328086336234491,5.609288751158578e-10
stripe,77,32,-0.03361352545882398,4.15340525124476e-10
stripe,77,33,0.03313822084619229,3.025805990089901e-10
stripe,77,34,-0.03175457010611429,2.1732191263494978e-10
stripe,77,35,0.02920360650201715,1.5254711565730977e-10
stripe,77,36,-0.025166084398215674,1.1530909826289327e-10
stripe,77,37,0.019477418533537974,1.0192288967086098e-10
stripe,77,38,-0.01232356119694375,1.025058998451509e-10
stripe,77,39,0.004216046055047116,1.0898885200531959e-10
stripe,77,40,0.004209827836456326,1.1262285757228887e-10
stripe,77,41,-0.012314831294536515,1.0868765280844393e-10
stripe,77,42,0.019466119060520197,9.663520270972613e-11
stripe,77,43,-0.025159409713296232,7.896813108443913e-11
stripe,77,44,0.029216722629601507,5.90754304462283e-11
stripe,77,45,-0.031811190776402834,3.811959191523864e-11
stripe,77,46,0.033275844317268176,1.5880166375381376e-11
stripe,77,47,-0.033892299998997656,-4.2694603584162764e-12
stripe,77,48,0.03379702793156751,-1.4479353109977929e-11
stripe,77,49,-0.03296831034176846,-1.9795899842321595e-11
stripe,77,50,0.031228277276276015,-2.8366070016241737e-11
stripe,77,51,-0.028269410303279792,-3.300607734593739e-11
stripe,77,52,0.02378434933629738,-3.463407610109973e-11
stripe,77,53,-0.017689850091697584,-3.774133790984367e-11
stripe,77,54,0.010276125873734606,-3.986788321392475e-11
stripe,77,55,-0.0021188561244336844,-4.124853161648847e-11
stripe,77,56,-0.006118586224120625,-4.153350574724001e-11
stripe,77,57,0.013766155666847467,-3.984838444507014e-11
stripe,77,58,-0.020177759370134628,-3.6589639248018324e-11
stripe,77,59,0.024865402450825934,-3.2345175117346953e-11
stripe,77,60,-0.027624658366462763,-2.743427576760189e-11
stripe,77,61,0.028441178146338182,-2.1944151887063596e-11
stripe,77,62,-0.027306105917807303,-1.6223760107314056e-11
stripe,77,63,0.024308127897894174,-1.0283118754836168e-11
stripe,77,64,-0.016710577319681313,-7.1845273246691746e-12
stripe,78,1,0.01646353978502686,1.8319890120741373e-10
stripe,78,2,-0.023932654370441446,2.617766060027883e-10
stripe,78,3,0.026804875481634568,4.150646202633408e-10
stripe,78,4,-0.027734326427644722,5.699636000226442e-10
stripe,78,5,0.02659585754144516,7.227267052129429e-10
stripe,78,6,-0.023390754205471327,8.603042712591912e-10
stripe,78,7,0.018202223392337943,9.803636931409944e-10
stripe,78,8,-0.01135540392208734,1.0719892036541162e-09
stripe,78,9,0.0034342842729723653,1.118124757343215e-09
stripe,78,10,0.004878359199691051,1.1082222156998769e-09
stripe,78,11,-0.012891979987341843,1.0461573696242231e-09
stripe,78,12,0.019936255161580964,9.504445343119308e-10
stripe,78,13,-0.02549823869934007,8.457045689706551e-10
stripe,78,14,0.029408073826735312,7.520152098275196e-10
stripe,78,15,-0.031839892588584315,6.762195809478946e-10
stripe,78,16,0.03310479933498124,6.154765170740184e-10
stripe,78,17,-0.03343741632887437,5.792596801432369e-10
stripe,78,18,0.03290676430703481,5.617666565914342e-10
stripe,78,19,-0.03140367154448634,5.736876979663254e-10
stripe,78,20,0.02866117793961797,6.242204698264267e-10
stripe,78,21,-0.024373428205298454,6.903949437525427e-10
stripe,78,22,0.018424955441768337,7.670016019391953e-10
stripe,78,23,-0.011065983950947196,8.376675995024152e-10
stripe,78,24,0.002845333726030976,8.786224253299275e-10
stripe,78,25,0.005592162039318099,8.740342269237104e-10
stripe,78,26,-0.013599447948406188,8.214579285108594e-10
stripe,78,27,0.0205463538351804,7.341052664064846e-10
stripe,78,28,-0.025964385620911256,6.293504261690678e-10
stripe,78,29,0.02973365985481112,5.234951219910792e-10
stripe,78,30,-0.03206417802138988,4.2728202105823656e-10
stripe,78,31,0.03327961985124118,3.432939881783889e-10
stripe,78,32,-0.03361542225132468,2.72151098756226e-10
stripe,78,33,0.03314384650782368,2.1148797670664425e-10
stripe,78,34,-0.03176531309374202,1.6523054795834477e-10
stripe,78,35,0.02922133829102783,1.4086009635120543e-10
stripe,78,36,-0.025192498795010378,1.3144066320025217e-10
stripe,78,37,0.019512665117927645,1.3246733934116067e-10
stripe,78,38,-0.01236565987105159,1.4068262590173743e-10
stripe,78,39,0.004261705782941471,1.4827325476413634e-10
stripe,78,40,0.004164126892565482,1.495809394028872e-10
stripe,78,41,-0.01227261294333924,1.4183619568760578e-10
stripe,78,42,0.01943066679259725,1.2935974498416513e-10
stripe,78,43,-0.025132751250824023,1.1516677261713611e-10
stripe,78,44,0.029198736189485965,1.0388497056950229e-10
stripe,78,45,-0.031800204331376,8.739653246910117e-11
stripe,78,46,0.033269913375464394,5.620173293568663e-11
stripe,78,47,-0.03389006375194641,3.5587332431818835e-11
stripe,78,48,0.03379783636035873,2.8744800625480605e-11
stripe,78,49,-0.03297227068570412,1.724430525334783e-11
stripe,78,50,0.031236140772726267,4.266971018318702e-12
stripe,78,51,-0.028282253601164386,-2.758922923822329e-12
stripe,78,52,0.023802935298730475,-5.07864455173594e-12
stripe,78,53,-0.017713742086538472,-6.823968774432085e-12
stripe,78,54,0.010303596039965654,-7.669042140053055e-12
stripe,78,55,-0.0021476374947014946,-7.842043008896496e-12
stripe,78,56,-0.006090738266417957,-7.591458712470455e-12
stripe,78,57,0.013741298625173645,-7.206112194049047e-12
stripe,78,58,-0.020157512721077825,-6.369032492492251e-12
stripe,78,59,0.024850336294024385,-5.48730410739215e-12
stripe,78,60,-0.027614124912912624,-3.5873011172111576e-12
stripe,78,61,0.028433882813981452,-2.11891664861552e-12
stripe,78,62,-0.02730087920381867,-2.1708889811193506e-12
stripe,78,63,0.024304178387200545,-1.5995623390385534e-12
stripe,78,64,-0.016707968184869727,-1.1783360753707394e-12
stripe,79,1,0.016463788439826866,9.794944081439987e-11
stripe,79,2,-0.023933037455120196,1.3983830419121521e-10
stripe,79,3,0.026805400577274253,2.2127621929020888e-10
stripe,79,4,-0.02773507253641304,3.0300669516628474e-10
stripe,79,5,0.026596985018368186,3.832449845897377e-10
stripe,79,6,-0.023392395886969716,4.5538977536712467e-10
stripe,79,7,0.018204422000343976,5.185192138286224e-10
stripe,79,8,-0.01135809154633085,5.670582359099896e-10
stripe,79,9,0.003437291099935638,5.919008907224774e-10
stripe,79,10,0.004875267231321418,5.871632649779447e-10
stripe,79,11,-0.012889068961000862,5.540629606509234e-10
stripe,79,12,0.0199338319975366,5.021512796119918e-10
stripe,79,13,-0.025496480355488925,4.4432220465190893e-10
stripe,79,14,0.029407051349168524,3.9236288405026866e-10
stripe,79,15,-0.03183962407162362,3.513139808252218e-10
stripe,79,16,0.03310538883987321,3.2353532099301113e-10
stripe,79,17,-0.03343915200279071,3.0945865596182865e-10
stripe,79,18,0.03291018940343113,3.0417640911899e-10
stripe,79,19,-0.031409653741845456,3.1069313319158197e-10
stripe,79,20,0.02867080302558206,3.34102459493287e-10
stripe,79,21,-0.024387557451878827,3.708146336188536e-10
stripe,79,22,0.018443559527673934,4.140319461838221e-10
stripe,79,23,-0.011087956349069238,4.5421671789762806e-10
stripe,79,24,0.002868990088548481,4.753175600107811e-10
stripe,79,25,0.005568651665103068,4.717857285563204e-10
stripe,79,26,-0.013577939402156748,4.4471578408933146e-10
stripe,79,27,0.02052857048832083,3.9782161938265066e-10
stripe,79,28,-0.02595125090199206,3.4305472977146757e-10
stripe,79,29,0.02972512525432715,2.8860924108064615e-10
stripe,79,30,-0.032059544577794793,2.388660654266433e-10
stripe,79,31,0.03327825735959089,1.9620024606588484e-10
stripe,79,32,-0.03361725466513782,1.6282610050668436e-10
stripe,79,33,0.03314946011176034,1.3359353608111315e-10
stripe,79,34,-0.03177590076567423,1.1004140428451363e-10
stripe,79,35,0.029238894360708076,1.0007900201490948e-10
stripe,79,36,-0.025218694185545436,9.835838378618811e-11
stripe,79,37,0.01954761621263283,1.0175437033720714e-10
stripe,79,38,-0.012407410176602204,1.0924029719253959e-10
stripe,79,39,0.004306996446275514,1.1541016912086039e-10
stripe,79,40,0.0041188198457992944,1.1664822993580285e-10
stripe,79,41,-0.012230785052826012,1.1123855209376546e-10
stripe,79,42,0.019395578086022998,1.0056005130987451e-10
stripe,79,43,-0.025106362338242774,8.716997342443277e-11
stripe,79,44,0.02918095009101729,7.388786265423243e-11
stripe,79,45,-0.031789347382181206,6.03770615859432e-11
stripe,79,46,0.03326405953626728,4.554809105574253e-11
stripe,79,47,-0.03388785798871924,3.302748731897572e-11
stripe,79,48,0.0337986596954197,2.4322273324652713e-11
stripe,79,49,-0.03297618417441382,1.722568077446335e-11
stripe,79,50,0.031243823420084908,1.0650267595347868e-11
stripe,79,51,-0.02829475380835026,6.834971023236831e-12
stripe,79,52,0.023820951738710253,5.398232563445141e-12
stripe,79,53,-0.017736880032555472,4.474487300208326e-12
stripe,79,54,0.010330245800560946,4.303264600926363e-12
stripe,79,55,-0.002175593644735282,4.417081803509058e-12
stripe,79,56,-0.006063644012943353,4.594434359897954e-12
stripe,79,57,0.013717092269161183,4.5350943452630564e-12
stripe,79,58,-0.020137812197061178,4.17740010132724e-12
stripe,79,59,0.0248357025680305,3.785567168379575e-12
stripe,79,60,-0.02760389983651513,3.508623853741257e-12
stripe,79,61,0.028426794021052155,3.0480187758056556e-12
stripe,79,62,-0.027295794142194494,2.0412365330310484e-12
stripe,79,63,0.02430032815770059,1.0250632521324619e-12
stripe,79,64,-0.016705423188000463,6.687982435993935e-13
stripe,80,1,0.01646404905902698,5.404708077386027e-11
stripe,80,2,-0.023933439655719244,7.71911697471309e-11
stripe,80,3,0.026805947720485123,1.2236968461948157e-10
stripe,80,4,-0.027735856993989144,1.681520185029696e-10
stripe,80,5,0.026598138793297282,2.1371233981950013e-10
stripe,80,6,-0.023394105710756737,2.5520579038926236e-10
stripe,80,7,0.01820673283060108,2.9144944170043017e-10
stripe,80,8,-0.011360919724191784,3.187091174018587e-10
stripe,80,9,0.003440441979042289,3.3188562502067903e-10
stripe,80,10,0.004872031812782885,3.282718110828413e-10
stripe,80,11,-0.01288600933700194,3.09661137633798e-10
stripe,80,12,0.01993121841146102,2.8264090650533597e-10
stripe,80,13,-0.025494552525254614,2.5444375050758486e-10
stripe,80,14,0.02940590369243633,2.3158914953078535e-10
stripe,80,15,-0.03183928577312584,2.1445335459842956e-10
stripe,80,16,0.03310595971236394,2.0158918656292076e-10
stripe,80,17,-0.0334408920884587,1.799000757668705e-10
stripe,80,18,0.032913649667357256,1.8270996599756455e-10
stripe,80,19,-0.03141572879908126,1.932134684658021e-10
stripe,80,20,0.028680592472015945,1.8969874721382705e-10
stripe,80,21,-0.024401949605820705,2.0766019523319728e-10
stripe,80,22,0.018462371291119176,2.2976824663648245e-10
stripe,80,23,-0.011109766558325416,2.4808851461290674e-10
stripe,80,24,0.002892759573468748,2.5959802577321597e-10
stripe,80,25,0.005544806747206909,2.586503641271218e-10
stripe,80,26,-0.01355627520132246,2.443797552723251e-10
stripe,80,27,0.020510642939583247,2.1922616894340175e-10
stripe,80,28,-0.02593795290169006,1.8896015038980316e-10
stripe,80,29,0.029716473941852534,1.5893280749839629e-10
stripe,80,30,-0.032054861800872136,1.3308559018777807e-10
stripe,80,31,0.03327687759426648,1.1262969409183874e-10
stripe,80,32,-0.03361905769052202,9.846651063867635e-11
stripe,80,33,0.03315496362406176,8.934586430261561e-11
stripe,80,34,-0.03178637953564307,7.985152841815259e-11
stripe,80,35,0.029256237497729792,8.114507504564929e-11
stripe,80,36,-0.02524455576421953,9.29615392170518e-11
stripe,80,37,0.019582157473990024,1.0357284909861059e-10
stripe,80,38,-0.01244871246706172,1.1328533774061742e-10
stripe,80,39,0.004351812098795793,1.1909163587620155e-10
stripe,80,40,0.004073935043231669,1.1849784166465117e-10
stripe,80,41,-0.012189309113341342,1.1144934796230565e-10
stripe,80,42,0.019360765284128282,1.0255408896378541e-10
stripe,80,43,-0.025080165221468963,9.539204651395099e-11
stripe,80,44,0.029163278598102832,9.382963834615243e-11
stripe,80,45,-0.03177854890778109,9.2631751600835e-11
stripe,80,46,0.033258224041676776,8.741178803887727e-11
stripe,80,47,-0.033885700018680076,8.749478557688114e-11
stripe,80,48,0.03379950304510579,7.600238413936993e-11
stripe,80,49,-0.03298001663388951,4.984257687992886e-11
stripe,80,50,0.03125132100710468,2.922830276997968e-11
stripe,80,51,-0.028306995163440277,1.706312705141591e-11
stripe,80,52,0.02383854242731187,1.2386258358102304e-11
stripe,80,53,-0.017759476996951535,1.154638105373026e-11
stripe,80,54,0.010356273932795102,1.2133959059872538e-11
stripe,80,55,-0.002202897362240052,1.284084021590211e-11
stripe,80,56,-0.006037191161356043,1.2965380810252161e-11
stripe,80,57,0.013693465195310119,1.2233094280885973e-11
stripe,80,58,-0.020118542137232756,1.0820357313832719e-11
stripe,80,59,0.024821369402839955,9.019132663971594e-12
stripe,80,60,-0.027593884458400414,7.082148280286731e-12
stripe,80,61,0.02841986167741473,4.971808747879883e-12
stripe,80,62,-0.027290832018185517,2.7808707524723387e-12
stripe,80,63,0.024296577618233922,1.2990362262921964e-12
stripe,80,64,-0.016702944189165438,8.639008343823781e-13
pairing,1,1,0.0019101729998931439,0.0012839087278114902
pairing,1,2,-0.0025982861358947516,0.001792755367050984
pairing,1,3,0.0027913600226241726,0.002737990743599957
pairing,1,4,-0.0027751813700158607,0.0035739547466172956
pairing,1,5,0.002563901291559752,0.004220350923685268
pairing,1,6,-0.0021968559748883694,0.0045709823811888525
pairing,1,7,0.001702711160808191,0.004685095794630565
pairing,1,8,-0.0011034683722138416,0.0046526315614343165
pairing,1,9,0.00043228104635560194,0.004548035100388002
pairing,1,10,0.00026011410475470457,0.00443046859847635
pairing,1,11,-0.000911904500968675,0.00433912859079397
pairing,1,12,0.0014692282147902723,0.004291893481419028
pairing,1,13,-0.0019009855887921706,0.004289730776598074
pairing,1,14,0.0022024485602975714,0.004322703284201931
pairing,1,15,-0.0023870890530346264,0.004375737329906606
pairing,1,16,0.0024754474792743034,0.004433939292551755
pairing,1,17,-0.002485539424323957,0.004485724609568538
pairing,1,18,0.0024241185835593166,0.004524297647909742
pairing,1,19,-0.0022849570007276495,0.004547641519968098
pairing,1,20,0.0020514994024754254,0.00455739184206101
pairing,1,21,-0.001704888671318641,0.00455718611468804
pairing,1,22,0.0012369427338913773,0.0045513089603884446
pairing,1,23,-0.000662776956941529,0.004543431600505288
pairing,1,24,2.492424932038482e-05,0.004536340155015471
pairing,1,25,0.0006142867770722357,0.004531498755150055
pairing,1,26,-0.0011917510451010728,0.004529331056109625
pairing,1,27,0.0016626478745902745,0.004529504839379706
pairing,1,28,-0.0020104815403996705,0.00453128667066776
pairing,1,29,0.002241991726276802,0.004533890125110008
pairing,1,30,-0.0023776123712721826,0.004536499394730365
pairing,1,31,0.002438895090747544,0.0045385744589932515
pairing,1,32,-0.002439521766793449,0.004539650224390273
pairing,1,33,0.0023797010350381734,0.004539629695261082
pairing,1,34,-0.0022466727232082306,0.004538457602877926
pairing,1,35,0.0020188546083193273,0.004536400565178285
pairing,1,36,-0.001675977154591331,0.00453379235192693
pairing,1,37,0.0012104808246674822,0.004531227315964518
pairing,1,38,-0.0006384934561509223,0.004529414720010793
pairing,1,39,3.7366478466607095e-06,0.00452923924577101
pairing,1,40,0.0006306554070090906,0.004531469695473625
pairing,1,41,-0.0012015335318041206,0.0045363660342565395
pairing,1,42,0.001665496236900058,0.004543503686664273
pairing,1,43,-0.0020079443208475085,0.0045513776033737205
pairing,1,44,0.0022388233992141826,0.004557386606570871
pairing,1,45,-0.002380912092704519,0.004557686043271117
pairing,1,46,0.002458260964820559,0.004548005322164974
pairing,1,47,-0.0024863556393027422,0.004524661701817606
pairing,1,48,0.002467173698774036,0.0044860589886584305
pairing,1,49,-0.0023887107519787493,0.004434169422812521
pairing,1,50,0.002228736205754818,0.004375856947755165
pairing,1,51,-0.0019618182689475176,0.004322741236029464
pairing,1,52,0.0015696038360779921,0.004289696753262602
pairing,1,53,-0.0010517883445834934,0.004291730248349058
pairing,1,54,0.00043402533327092257,0.004338877944960784
pairing,1,55,0.00023329360387395462,0.004430121564272733
pairing,1,56,-0.0008890096742818709,0.004547569365408728
pairing,1,57,0.0014824822863920895,0.004652182934408794
pairing,1,58,-0.0019856389207109897,0.004684848004773371
pairing,1,59,0.0023896041114446942,0.00457102399527963
pairing,1,60,-0.0026869612463161266,0.00422059925030605
pairing,1,61,0.0028517396277120575,0.003574286576443782
pairing,1,62,-0.002839333888382113,0.0027383599048273802
pairing,1,63,0.0026296481113181496,0.0017930944723713938
pairing,1,64,-0.0019286131274251306,0.0012841649837546406
pairing,2,1,0.0019964535982240246,0.0011660277477837078
pairing,2,2,-0.0028950981852957046,0.0016770995517046683
pairing,2,3,0.0031928748165147027,0.0026556813604924037
pairing,2,4,-0.003193393313933416,0.00354997277080901
pairing,2,5,0.002917384744794205,0.004236600543672925
pairing,2,6,-0.0024387790399282485,0.004597594575631153
pairing,2,7,0.0018292108599585826,0.00469702021365085
pairing,2,8,-0.0011415908386949764,0.0046389358365500535
pairing,2,9,0.0004194258192391021,0.004510828834161558
pairing,2,10,0.0002943176183841968,0.004379197344979895
pairing,2,11,-0.0009547423495554319,0.0042850657055671796
pairing,2,12,0.001522143202992762,0.004244315971443494
pairing,2,13,-0.0019712172048466604,0.004253883574316698
pairing,2,14,0.002293728376799517,0.004299594617595362
pairing,2,15,-0.0024947956736775497,0.004363157938046384
pairing,2,16,0.0025872239281043014,0.00442790507094155
pairing,2,17,-0.0025845441874534554,0.004482052880112561
pairing,2,18,0.002494204323133189,0.004519866313314686
pairing,2,19,-0.0023154494726640713,0.004541087580310169
pairing,2,20,0.0020411772635029485,0.0045489643172509295
pairing,2,21,-0.0016642564953837156,0.004548122515684103
pairing,2,22,0.0011864094529554009,0.004543043356085725
pairing,2,23,-0.0006259459070556809,0.004536755648917968
pairing,2,24,1.8569278838636606e-05,0.004531030058751244
pairing,2,25,0.0005882201441760693,0.004526571329393272
pairing,2,26,-0.0011462193140670805,0.0045236235248057735
pairing,2,27,0.0016180218652487417,0.004522129730761499
pairing,2,28,-0.0019846470163648183,0.004521906884049568
pairing,2,29,0.0022439394313012676,0.0045226601813925064
pairing,2,30,-0.002405596037578351,0.004523882265318774
pairing,2,31,0.002482183882511475,0.004525199861142167
pairing,2,32,-0.0024825652734471746,0.0045262357914423665
pairing,2,33,0.0024070547370284587,0.00452693909586205
pairing,2,34,-0.0022472586145810955,0.004527384974126801
pairing,2,35,0.001990833242137273,0.004527647489217067
pairing,2,36,-0.0016286550003995013,0.004527742490878436
pairing,2,37,0.0011626141027198686,0.00452755702394106
pairing,2,38,-0.0006115481657869468,0.0045270021268343985
pairing,2,39,1.2667584372226884e-05,0.004526346462411861
pairing,2,40,0.0005856473708748,0.004526283590877122
pairing,2,41,-0.001135005801573084,0.004527858300403056
pairing,2,42,0.00159985850155199,0.004531855276918177
pairing,2,43,-0.0019634043185763083,0.0045380271492579125
pairing,2,44,0.0022275960805353528,0.004544451642428905
pairing,2,45,-0.0024054279450182606,0.004547320075721542
pairing,2,46,0.0025131189892243205,0.0045414951571538425
pairing,2,47,-0.0025612453979569757,0.004521833129233163
pairing,2,48,0.0025497091310425894,0.004484977744670644
pairing,2,49,-0.002467506331894801,0.004431315233637717
pairing,2,50,0.0022968318078166673,0.004366827461854743
pairing,2,51,-0.0020193511613873696,0.0043034040366132995
pairing,2,52,0.001624404539143925,0.004257637920242149
pairing,2,53,-0.0011156183034806608,0.004247602052451044
pairing,2,54,0.0005137292302023985,0.004287385239360147
pairing,2,55,0.00014534307234279238,0.004380021566804785
pairing,2,56,-0.0008201550764695734,0.004509995060620452
pairing,2,57,0.0014753375142172072,0.004636770358340953
pairing,2,58,-0.002084063848078972,0.00469406775591245
pairing,2,59,0.0026210506679487378,0.0045944670205814876
pairing,2,60,-0.0030446300615694184,0.004233690613139761
pairing,2,61,0.00328361980150243,0.0035475818331606565
pairing,2,62,-0.0032583840153707494,0.0026540009103383543
pairing,2,63,0.0029435443764522402,0.0016761420622559862
pairing,2,64,-0.0020264004685900715,0.0011653968907542047
pairing,3,1,0.002199490732181521,0.0011496879267866402
pairing,3,2,-0.0032364402940553865,0.0016566217221763175
pairing,3,3,0.003602967783970037,0.0026303894025983404
pairing,3,4,-0.0036162502926954843,0.0035244970871911624
pairing,3,5,0.00329217184727557,0.004213370353095694
pairing,3,6,-0.0027232582260949137,0.0045789200218041975
pairing,3,7,0.0020095623040364175,0.004684503090444216
pairing,3,8,-0.00122914641885595,0.004632956448435539
pairing,3,9,0.00043876961527299324,0.004510371132318388
pairing,3,10,0.000318285387706295,0.004382227387467442
pairing,3,11,-0.0010039806967316195,0.004289321634544934
pairing,3,12,0.0015892377467519182,0.004247742185074742
pairing,3,13,-0.002054091416354365,0.00425517699362388
pairing,3,14,0.0023898631929575092,0.004298396083355665
pairing,3,15,-0.0025984770868161516,0.004359763734274677
pairing,3,16,0.002688747712819778,0.004423169645841332
pairing,3,17,-0.002671639007762153,0.0044770072214019765
pairing,3,18,0.0025555299615971925,0.00451537597122821
pairing,3,19,-0.0023441828680516807,0.004537671858419824
pairing,3,20,0.0020380824612161418,0.004546691647159462
pairing,3,21,-0.0016382913087516662,0.004546696921969967
pairing,3,22,0.0011529161327591118,0.004541942416348685
pairing,3,23,-0.000600760032431126,0.004535653866626313
pairing,3,24,1.2633666003496451e-05,0.0045298122454266706
pairing,3,25,0.0005729252343243472,0.004525313203850011
pairing,3,26,-0.0011167064427512817,0.004522465135119769
pairing,3,27,0.0015870925931136973,0.004521206966592601
pairing,3,28,-0.0019641744015721557,0.004521246931209589
pairing,3,29,0.0022411010553568204,0.004522182282672751
pairing,3,30,-0.0024199242440685435,0.004523537632365607
pairing,3,31,0.002506915874638625,0.004524870961660139
pairing,3,32,-0.002506784134316333,0.004525892522280844
pairing,3,33,0.002419982398058877,0.004526463332768795
pairing,3,34,-0.002242168668843834,0.004526637324980449
pairing,3,35,0.001967861760572573,0.0045264925700475665
pairing,3,36,-0.001595160395000891,0.004526100472421686
pairing,3,37,0.0011315735347188311,0.0045255103472943495
pairing,3,38,-0.0005968731058920741,0.004524832069194436
pairing,3,39,2.342609695585242e-05,0.004524466664834097
pairing,3,40,0.0005495153963602402,0.004525072047848374
pairing,3,41,-0.001082974266258772,0.0045274517565518785
pairing,3,42,0.0015470983801376664,0.004532023235137839
pairing,3,43,-0.001925191418265915,0.004538213696314209
pairing,3,44,0.0022147215852254347,0.004543955912171249
pairing,3,45,-0.0024219656127330335,0.004545546892999942
pairing,3,46,0.0025566734716565825,0.00453817174034307
pairing,3,47,-0.002624812194363435,0.004517131383243403
pairing,3,48,0.0026243192681609465,0.004479509765598449
pairing,3,49,-0.002545121989753044,0.00442600409388833
pairing,3,50,0.002372698260529117,0.004362676001898461
pairing,3,51,-0.00209315248418659,0.004301226581432289
pairing,3,52,0.001699210893231715,0.004257800178096624
pairing,3,53,-0.0011942264010810998,0.004249848153594504
pairing,3,54,0.0005931386400635185,0.004290670179599064
pairing,3,55,7.895858377036263e-05,0.004382499226314163
pairing,3,56,-0.0007943634818392579,0.004509444025742614
pairing,3,57,0.001524647339476502,0.0046311723722841066
pairing,3,58,-0.0022394686015357193,0.004682258735915343
pairing,3,59,0.0028954763485683115,0.004576594764587163
pairing,3,60,-0.0034222307029327507,0.0042111371806484235
pairing,3,61,0.003718109381817142,0.0035225585332165576
pairing,3,62,-0.0036843594533658413,0.002628962357551705
pairing,3,63,0.003300909258430846,0.001655791223619075
pairing,3,64,-0.0022407372568150462,0.0011491377416888763
pairing,4,1,0.002453978900065267,0.0011456010525798064
pairing,4,2,-0.003623062078349828,0.001651042529722251
pairing,4,3,0.004043417340842273,0.0026226681137270797
pairing,4,4,-0.004060456220651628,0.00351634703905489
pairing,4,5,0.0036871588110459434,0.004206519087685595
pairing,4,6,-0.003031063770036929,0.004574441820673274
pairing,4,7,0.0022147116230248082,0.004682173845884121
pairing,4,8,-0.0013369256476854347,0.004631637595697487
pairing,4,9,0.00046768442646561294,0.00450881669039271
pairing,4,10,0.0003458936839273129,0.00437962589899556
pairing,4,11,-0.0010698675179654366,0.004285390599915808
pairing,4,12,0.0016793573625360535,0.004242893603390072
pairing,4,13,-0.002159292320612747,0.004250073857353766
pairing,4,14,0.002503301503016536,0.004293624659911916
pairing,4,15,-0.0027123573763939233,0.004355933480499665
pairing,4,16,0.002793862051593394,0.0044206105492567045
pairing,4,17,-0.0027584506328641313,0.004475760263686041
pairing,4,18,0.002616478231868302,0.004515250833327665
pairing,4,19,-0.0023757483231012897,0.0045382955539396315
pairing,4,20,0.0020423279648553207,0.004547613672347123
pairing,4,21,-0.0016229740101858664,0.004547503217727645
pairing,4,22,0.0011296168014699698,0.004542357979640839
pairing,4,23,-0.0005811973212766217,0.004535595217722688
pairing,4,24,4.963694375729414e-06,0.004529376801604752
pairing,4,25,0.000566587432985247,0.004524702397263566
pairing,4,26,-0.0011004367504400766,0.004521860274246009
pairing,4,27,0.0015687744988693905,0.004520688468642078
pairing,4,28,-0.0019518369828737143,0.0045208005221293816
pairing,4,29,0.002239757071892368,0.004521757856138364
pairing,4,30,-0.002429706259099188,0.004523112783163879
pairing,4,31,0.0025233539389895375,0.004524485174555969
pairing,4,32,-0.002522530753729157,0.004525625122859912
pairing,4,33,0.002427703407759412,0.004526373586253669
pairing,4,34,-0.0022376308255124813,0.004526712530716957
pairing,4,35,0.001951774629451215,0.004526625236435652
pairing,4,36,-0.001573314778282171,0.00452612569170623
pairing,4,37,0.0011131681134983577,0.004525293824673567
pairing,4,38,-0.0005912510140766566,0.004524358831131121
pairing,4,39,3.6370021176037465e-05,0.004523862608436901
pairing,4,40,0.000518365258344728,0.00452454130590361
pairing,4,41,-0.0010403483822992105,0.004527165321702634
pairing,4,42,0.0015039934687786018,0.004532059829847671
pairing,4,43,-0.0018934541105324544,0.004538534318636329
pairing,4,44,0.0022035969932657764,0.004544418278123522
pairing,4,45,-0.0024361476615293687,0.004545955617967131
pairing,4,46,0.0025959043277768625,0.004538301211535686
pairing,4,47,-0.0026852668972346737,0.0045167284438528445
pairing,4,48,0.002700328983155318,0.004478337921083861
pairing,4,49,-0.002631173360904142,0.00442389399165497
pairing,4,50,0.002464880223881613,0.004359574030321101
pairing,4,51,-0.0021894812060481977,0.004297285324685584
pairing,4,52,0.0017984181722891983,0.004253418161616351
pairing,4,53,-0.0012928984657594282,0.004245606958294403
pairing,4,54,0.000681831518808842,0.004287206793331198
pairing,4,55,1.8381256665728207e-05,0.004380212066162313
pairing,4,56,-0.0007880274230260178,0.004508152872836431
pairing,4,57,0.0016019757842435619,0.004630003650710226
pairing,4,58,-0.0024242163386709002,0.004679862662874566
pairing,4,59,0.003194854075424168,0.004571792286471277
pairing,4,60,-0.0038195410270176833,0.004203765179501917
pairing,4,61,0.0041722876790876075,0.0035138334880877842
pairing,4,62,-0.004138754713292264,0.0026207473481506733
pairing,4,63,0.0037018822299423543,0.0016498838554660676
pairing,4,64,-0.002505545161307889,0.0011448211924267346
pairing,5,1,0.0027431869757529653,0.0011411695250086213
pairing,5,2,-0.004052414846137715,0.0016447307546496048
pairing,5,3,0.004523993664146774,0.0026131830819488716
pairing,5,4,-0.0045407995961352626,0.0035051672271684355
pairing,5,5,0.004115427660216017,0.004195809205383465
pairing,5,6,-0.0033701303914897,0.0045662530997426926
pairing,5,7,0.002447837748041965,0.00467730698734833
pairing,5,8,-0.0014663201735959758,0.004629626381204318
pairing,5,9,0.0005086235415549497,0.004508516106086736
pairing,5,10,0.00037264169674568865,0.004379795193229111
pairing,5,11,-0.0011438535841635092,0.004285112048742755
pairing,5,12,0.001783256061270297,0.004241748752374808
pairing,5,13,-0.002279467775517149,0.004248073170671159
pairing,5,14,0.0026288976537197683,0.004291077548041267
pairing,5,15,-0.0028338293589691543,0.004353288970037821
pairing,5,16,0.002902418662218729,0.0044182933898322865
pairing,5,17,-0.0028465902047111495,0.004474049706332587
pairing,5,18,0.0026787528896005846,0.0045142500132798365
pairing,5,19,-0.0024104937361165415,0.004537938115282265
pairing,5,20,0.002052367264666367,0.004547690450501549
pairing,5,21,-0.0016151247985019862,0.004547733890819644
pairing,5,22,0.001113104466968218,0.004542506118601726
pairing,5,23,-0.0005651940398641892,0.00453555604863601
pairing,5,24,-4.005224377778794e-06,0.004529171871055035
pairing,5,25,0.0005662071515122886,0.0045244298309059065
pairing,5,26,-0.0010926459696120171,0.004521623696472623
pairing,5,27,0.0015583941541656358,0.004520546676927258
pairing,5,28,-0.0019441658130835567,0.0045207400661419865
pairing,5,29,0.002238291015275029,0.00452172541640343
pairing,5,30,-0.0024348066728175407,0.004523070235077621
pairing,5,31,0.0025322085620646125,0.004524430665769857
pairing,5,32,-0.0025304942858306667,0.004525594419065512
pairing,5,33,0.002430302591068077,0.004526398889627093
pairing,5,34,-0.00223246260700967,0.004526782094853398
pairing,5,35,0.0019398288245330558,0.004526680082570336
pairing,5,36,-0.0015590126653357314,0.004526088803438422
pairing,5,37,0.001103078889746578,0.004525120576151178
pairing,5,38,-0.0005917713240798403,0.004524072589978233
pairing,5,39,5.125182267395889e-05,0.0045235591257603725
pairing,5,40,0.0004897240353638932,0.004524356962919103
pairing,5,41,-0.0010031493031505468,0.004527221667261908
pairing,5,42,0.0014667088656307118,0.004532377133846851
pairing,5,43,-0.001865506645307581,0.004539009953379926
pairing,5,44,0.0021931388286947104,0.00454485526129767
pairing,5,45,-0.0024483251468071484,0.004546111719410715
pairing,5,46,0.0026324045165639276,0.0045379610929636586
pairing,5,47,-0.00274457016248742,0.004515768020324601
pairing,5,48,0.002779027625333924,0.004476738524191086
pairing,5,49,-0.0027252615704421103,0.004421756764145548
pairing,5,50,0.002570600520131112,0.004357136679308254
pairing,5,51,-0.0023032238333681185,0.004294896297755762
pairing,5,52,0.0019155819141516636,0.004251531638848282
pairing,5,53,-0.001405217355371351,0.004244542362373998
pairing,5,54,0.0007751699240243126,0.004287006099727873
pairing,5,55,-3.482163541547716e-05,0.004380516915343745
pairing,5,56,-0.0008005267650799113,0.004508062035323915
pairing,5,57,0.0017067358986318875,0.004628241226399127
pairing,5,58,-0.0026407582592729477,0.004675200581805314
pairing,5,59,0.003527048530158744,0.004563694287286097
pairing,5,60,-0.004249869468328956,0.004192993541147718
pairing,5,61,0.004661254510244347,0.003502478802998657
pairing,5,62,-0.004631509257437638,0.0026110592012365845
pairing,5,63,0.004143895786347189,0.001643420253952932
pairing,5,64,-0.002803936597724262,0.0011402803424352518
pairing,6,1,0.0030632544256572335,0.0011360642081472269
pairing,6,2,-0.004524462296723839,0.001637457793079923
pairing,6,3,0.005049184968767925,0.0026022769023259116
pairing,6,4,-0.005063910965893282,0.0034924017962899736
pairing,6,5,0.004582333061915796,0.004183739425055282
pairing,6,6,-0.00374238546863711,0.004557214946375451
pairing,6,7,0.0027074584040383968,0.004672083531576611
pairing,6,8,-0.0016139422631358722,0.004627462921384724
pairing,6,9,0.000558064609962924,0.0045079134950332805
pairing,6,10,0.00040068997191033723,0.004379293219706933
pairing,6,11,-0.001226496712582682,0.004283834417378545
pairing,6,12,0.0019008194656506454,0.004239278460532247
pairing,6,13,-0.0024150660381285485,0.004244576527851613
pairing,6,14,0.0027684601921711197,0.0042871949090066055
pairing,6,15,-0.0029662824727728124,0.0043495716984856304
pairing,6,16,0.0030187434552301634,0.004415262416393211
pairing,6,17,-0.0029400275861349223,0.0044720535217465975
pairing,6,18,0.002745425227283835,0.00451333238383367
pairing,6,19,-0.002449827276347118,0.004537885405534058
pairing,6,20,0.0020674915887055473,0.004548143272527381
pairing,6,21,-0.001612424096874815,0.004548318095605174
pairing,6,22,0.001100612540652327,0.004542928128050051
pairing,6,23,-0.0005506701860465404,0.004535669974955427
pairing,6,24,-1.4840148848379274e-05,0.004528984320516023
pairing,6,25,0.0005707543372275965,0.004524050082966645
pairing,6,26,-0.0010914768064003333,0.004521188956960853
pairing,6,27,0.0015542803456343145,0.00452016501413644
pairing,6,28,-0.0019404831075326577,0.004520463040410712
pairing,6,29,0.0022374428367397297,0.004521559556558265
pairing,6,30,-0.0024372448740494386,0.004523004391547408
pairing,6,31,0.0025363659726597076,0.004524453940394585
pairing,6,32,-0.0025336202245059194,0.004525696701346798
pairing,6,33,0.0024298078571285,0.004526554679609323
pairing,6,34,-0.002227254656149449,0.004526935890016511
pairing,6,35,0.0019311356776744956,0.004526752566912972
pairing,6,36,-0.0015503325762337406,0.004526004974328767
pairing,6,37,0.0010992022996499829,0.004524851632063938
pairing,6,38,-0.0005971414708318781,0.0045236667918714295
pairing,6,39,6.824756806719117e-05,0.0045231387604006005
pairing,6,40,0.0004619754950822186,0.004524079750472485
pairing,6,41,-0.0009689767495260712,0.004527217793364669
pairing,6,42,0.001433062000142561,0.004532688402339155
pairing,6,43,-0.0018404143869080577,0.004539561144093849
pairing,6,44,0.0021840300456614768,0.004545457367859095
pairing,6,45,-0.002460685425401916,0.0045464995114465985
pairing,6,46,0.0026691443639995493,0.004537850149620698
pairing,6,47,-0.002806040427815357,0.004514913750575463
pairing,6,48,0.0028635908045969924,0.004475002185379209
pairing,6,49,-0.002829956160946465,0.004419164615187738
pairing,6,50,0.002691402995704529,0.004353916656927609
pairing,6,51,-0.0024346692551013736,0.004291484947215455
pairing,6,52,0.0020496945849031714,0.004248499167879652
pairing,6,53,-0.001530219057798916,0.004242394625973804
pairing,6,54,0.0008737641021963739,0.004286031854882889
pairing,6,55,-8.387888476538781e-05,0.004380442500063045
pairing,6,56,-0.0008272541683562154,0.004507859476391908
pairing,6,57,0.0018347125033328594,0.004626404240914733
pairing,6,58,-0.0028872633564683836,0.004670184873315636
pairing,6,59,0.0038941208378962485,0.004554691090874173
pairing,6,60,-0.004718938650705369,0.004180771343592425
pairing,6,61,0.0051919897650661295,0.0034894432740658183
pairing,6,62,-0.00516732227963209,0.0025998739613337734
pairing,6,63,0.004626989506647954,0.0016359479717697489
pairing,6,64,-0.003132046508113871,0.0011350325880728103
pairing,7,1,0.0034141104740545007,0.0011298583762404243
pairing,7,2,-0.005040801245738309,0.0016286143973801665
pairing,7,3,0.005622663331831535,0.0025890029547129944
pairing,7,4,-0.005634917022674493,0.0034768434426702202
pairing,7,5,0.005093024141628052,0.004169008929218511
pairing,7,6,-0.004151649448088377,0.004546179964837626
pairing,7,7,0.0029954769644725066,0.004665750234886495
pairing,7,8,-0.0017801868285755524,0.004624986547252099
pairing,7,9,0.0006161705953409277,0.004507511146060216
pairing,7,10,0.00042907608024453,0.004379158763815512
pairing,7,11,-0.0013172081444488355,0.0042827313370787864
pairing,7,12,0.00203114327987094,0.0042367511474945135
pairing,7,13,-0.0025652986334803968,0.004240855937912392
pairing,7,14,0.0029223893082864737,0.004282926226544219
pairing,7,15,-0.0031111038388608814,0.004345482902362922
pairing,7,16,0.003144815119994291,0.004411927715416701
pairing,7,17,-0.0030407800329502665,0.004469809747745423
pairing,7,18,0.002817678735236526,0.0045122005970783165
pairing,7,19,-0.0024940465415876356,0.004537629630822132
pairing,7,20,0.002087349135953832,0.004548429025137579
pairing,7,21,-0.001613846066039978,0.004548764568945735
pairing,7,22,0.0010908398485885333,0.004543233918979874
pairing,7,23,-0.0005367131477392376,0.004535689252172492
pairing,7,24,-2.7588309799971966e-05,0.00452871696139745
pairing,7,25,0.0005793275201310553,0.004523597449199022
pairing,7,26,-0.001095393086807893,0.004520685522644081
pairing,7,27,0.0015548690407978425,0.00451972502516408
pairing,7,28,-0.001939786956895608,0.004520151242171289
pairing,7,29,0.0022371090025961153,0.004521393103699974
pairing,7,30,-0.0024378026219424804,0.00452297060624811
pairing,7,31,0.0025371310268066088,0.004524526894583075
pairing,7,32,-0.002533212259659019,0.004525842067025776
pairing,7,33,0.0024270238392539983,0.00452672507486375
pairing,7,34,-0.0022219497833827024,0.004527066960033152
pairing,7,35,0.001924733766294262,0.004526771648087492
pairing,7,36,-0.0015457147209362522,0.004525856459450729
pairing,7,37,0.0010999603826945435,0.004524527734162197
pairing,7,38,-0.0006063928607487373,0.0045232280806147595
pairing,7,39,8.740913298018274e-05,0.004522707720219803
pairing,7,40,0.00043404670328382115,0.004523804540109028
pairing,7,41,-0.0009361677622066368,0.004527218936637604
pairing,7,42,0.0014014576535769155,0.004533003110099985
pairing,7,43,-0.0018172340376944977,0.004540111827971885
pairing,7,44,0.0021763441793065668,0.004546051995598103
pairing,7,45,-0.002474313453408022,0.004546863086892956
pairing,7,46,0.0027079722875277107,0.0045376566193589705
pairing,7,47,-0.002871741014468454,0.004513869771904077
pairing,7,48,0.0029557736457264143,0.004472942886964822
pairing,7,49,-0.002946265580955289,0.00441611679590623
pairing,7,50,0.0028272786202333646,0.004350163364519615
pairing,7,51,-0.002583055600033404,0.004287564923148951
pairing,7,52,0.002200108423211164,0.004245096680004254
pairing,7,53,-0.0016675304090024178,0.004240148920462673
pairing,7,54,0.0009776803538529208,0.004285184776984184
pairing,7,55,-0.00012956302162046894,0.004380522270501185
pairing,7,56,-0.0008672417717737471,0.0045076509565112445
pairing,7,57,0.001985532061178824,0.0046240907737451
pairing,7,58,-0.0031652219642231178,0.004663915605325354
pairing,7,59,0.004299808825749179,0.004543568421602099
pairing,7,60,-0.00523203714934957,0.004165788251595772
pairing,7,61,0.005769848035481199,0.00347353798196939
pairing,7,62,-0.005750076989216851,0.002586263931982291
pairing,7,63,0.00515291505450157,0.0016268673776151299
pairing,7,64,-0.0034898881228012657,0.0011286584062583775
pairing,8,1,0.0037968738368561066,0.0011223650688698228
pairing,8,2,-0.005603605399864774,0.0016179375176948966
pairing,8,3,0.006247594933761693,0.0025729804391336985
pairing,8,4,-0.006257737459041425,0.0034580681711009684
pairing,8,5,0.005651484526879398,0.00415123837359113
pairing,8,6,-0.004601240893372217,0.004532865158532944
pairing,8,7,0.00331411297681375,0.004658089183299026
pairing,8,8,-0.0019662040010406255,0.0046219512907401655
pairing,8,9,0.0006832561601273393,0.004506930832098264
pairing,8,10,0.0004584507576890064,0.004378854173326591
pairing,8,11,-0.001417058889236461,0.0042811628771418
pairing,8,12,0.002175375070627512,0.004233420758532757
pairing,8,13,-0.0027313342641170748,0.004236160176210016
pairing,8,14,0.0030917910044690787,0.004277639252556138
pairing,8,15,-0.0032696594946415693,0.004340532303987538
pairing,8,16,0.0032822746353727145,0.00440802264512008
pairing,8,17,-0.003150612473351401,0.004467246541095546
pairing,8,18,0.0028971262776928868,0.004510948477599242
pairing,8,19,-0.0025439456153875353,0.004537394339022913
pairing,8,20,0.0021115841518481874,0.004548785406824722
pairing,8,21,-0.0016183898828438805,0.004549284272055599
pairing,8,22,0.0010826622280703754,0.004543595632035456
pairing,8,23,-0.0005225191879018915,0.0045357320627283
pairing,8,24,-4.244477119732626e-05,0.004528433664830649
pairing,8,25,0.000591477004333195,0.004523091219148746
pairing,8,26,-0.0011035284006251714,0.004520102028440944
pairing,8,27,0.0015592765840486507,0.00451919889776858
pairing,8,28,-0.0019415687825328084,0.004519770847895318
pairing,8,29,0.002237386825566118,0.004521194654725877
pairing,8,30,-0.002437179905094195,0.0045229480064579684
pairing,8,31,0.0025355697524782365,0.004524643873315987
pairing,8,32,-0.002530328405883906,0.004526042225535441
pairing,8,33,0.0024226366792848824,0.0045269363159420265
pairing,8,34,-0.002216627505169431,0.004527206732471872
pairing,8,35,0.0019200776801554863,0.004526762466681889
pairing,8,36,-0.0015442140873472596,0.004525648834016939
pairing,8,37,0.001104404601610631,0.004524125904522642
pairing,8,38,-0.0006189867250139215,0.0045227054746559015
pairing,8,39,0.00010887128491380996,0.004522197335951482
pairing,8,40,0.00040513100518762375,0.004523465890742984
pairing,8,41,-0.0009035174665541495,0.004527186188176147
pairing,8,42,0.0013707323968761417,0.004533326880902617
pairing,8,43,-0.001795260060790841,0.004540721731297899
pairing,8,44,0.0021701318323692712,0.004546739280797145
pairing,8,45,-0.0024900982040639906,0.004547300457608676
pairing,8,46,0.002750478239524361,0.004537454184867705
pairing,8,47,-0.002943668767795638,0.00451265916423353
pairing,8,48,0.0030575096408939646,0.004470492651369052
pairing,8,49,-0.0030756238225374257,0.004412446682640238
pairing,8,50,0.0029790980672026,0.004345617414051199
pairing,8,51,-0.0027486930498850336,0.004282808388680722
pairing,8,52,0.0023667184940960842,0.004240980548198469
pairing,8,53,-0.0018173504468426524,0.004237423710321675
pairing,8,54,0.00108765157041088,0.004284142383790505
pairing,8,55,-0.00017250075362082212,0.004380630268311347
pairing,8,56,-0.0009200127690335398,0.004507413930253654
pairing,8,57,0.0021595647212364266,0.004621293086334862
pairing,8,58,-0.0034763168833538017,0.004656339833949991
pairing,8,59,0.00474716907840435,0.004530148654690598
pairing,8,60,-0.005793121130228229,0.00414773317500326
pairing,8,61,0.006398852703118212,0.00345438525726524
pairing,8,62,-0.006383105991247697,0.002569879746973992
pairing,8,63,0.005724004218496343,0.001615936730066979
pairing,8,64,-0.003878684804064816,0.0011209854064286352
pairing,9,1,0.004212895732399381,0.0011133897966871301
pairing,9,2,-0.006215004191918436,0.0016051491187606796
pairing,9,3,0.006926694816688453,0.0025537863481338483
pairing,9,4,-0.006935571933009296,0.003435564900798924
pairing,9,5,0.006261061172339238,0.004129923785838699
pairing,9,6,-0.005094181305838394,0.004516902954291243
pairing,9,7,0.003665703149508697,0.004648958339416545
pairing,9,8,-0.0021735788231372066,0.004618446925554182
pairing,9,9,0.0007602703502491797,0.004506462515230456
pairing,9,10,0.000487750979597999,0.004378786166284437
pairing,9,11,-0.0015243749481704343,0.004279690453540996
pairing,9,12,0.002332570852976034,0.0042299085622337935
pairing,9,13,-0.002913302135587865,0.00423095489706248
pairing,9,14,0.0032778285073605667,0.004271676343985502
pairing,9,15,-0.0034438506639494944,0.00433489513491739
pairing,9,16,0.0034332743348275477,0.004403542081528482
pairing,9,17,-0.0032715024395623743,0.004464337534853691
pairing,9,18,0.002985240476186266,0.004509587061238526
pairing,9,19,-0.0026004265960899633,0.004537218484033253
pairing,9,20,0.0021404587444880502,0.004549280592748119
pairing,9,21,-0.0016257394064748255,0.004549949490703146
pairing,9,22,0.0010754977382253406,0.004544069533209683
pairing,9,23,-0.0005075984018115215,0.00453583239525443
pairing,9,24,-5.955685856718924e-05,0.00452814734246146
pairing,9,25,0.0006069445985318026,0.004522530520175593
pairing,9,26,-0.0011153438323891918,0.004519432095900888
pairing,9,27,0.0015669270056026838,0.004518579969035895
pairing,9,28,-0.0019454747582892465,0.0045193165979808235
pairing,9,29,0.002238310914168436,0.00452095860212041
pairing,9,30,-0.002435801653137282,0.004522927879852645
pairing,9,31,0.002532342541543664,0.004524793874658241
pairing,9,32,-0.0025256206841883172,0.004526286530072119
pairing,9,33,0.002417043086331249,0.004527181154669739
pairing,9,34,-0.002211275105726513,0.004527353507498933
pairing,9,35,0.0019167496211286307,0.004526727080981714
pairing,9,36,-0.0015451718105770821,0.004525385284894726
pairing,9,37,0.0011119061946114643,0.004523648189755044
pairing,9,38,-0.0006346019043914632,0.0045220992613695925
pairing,9,39,0.00013278870661275724,0.004521608792211836
pairing,9,40,0.00037461029426894433,0.004523067911557345
pairing,9,41,-0.0008701369551446428,0.004527126323058648
pairing,9,42,0.0013400351710075751,0.0045336661040434175
pairing,9,43,-0.0017740150165656105,0.004541388849106788
pairing,9,44,0.0021655181923974916,0.004547503156185839
pairing,9,45,-0.0025088274611747216,0.004547784091122247
pairing,9,46,0.0027980026646238143,0.004537194743291733
pairing,9,47,-0.003023450435343033,0.004511208275551182
pairing,9,48,0.003170424386166416,0.0044675591894405954
pairing,9,49,-0.00321942703078309,0.004408041640258182
pairing,9,50,0.003147853986786853,0.004340152777317951
pairing,9,51,-0.0029322027526346903,0.004277089904184437
pairing,9,52,0.002549914503832298,0.0042360338402635395
pairing,9,53,-0.001979867557302132,0.004234153641733947
pairing,9,54,0.0012038917583782672,0.004282883786060643
pairing,9,55,-0.00021290200756406315,0.004380732217353288
pairing,9,56,-0.0009858871792583128,0.004507066480275335
pairing,9,57,0.002358059949512483,0.004617794973526178
pairing,9,58,-0.0038228255217745005,0.004647060932711713
pairing,9,59,0.005239315836226945,0.004513869610469758
pairing,9,60,-0.006405733225746911,0.0041259238359206505
pairing,9,61,0.007082436528013563,0.0034313025946047515
pairing,9,62,-0.007069309973632627,0.002550169427863529
pairing,9,63,0.006342562301639298,0.0016027995454643278
pairing,9,64,-0.00429990983794379,0.0011117584035473097
pairing,10,1,0.004663328075565368,0.0011026735071437872
pairing,10,2,-0.006876681775980811,0.0015898769417243017
pairing,10,3,0.007662034278935018,0.00253085268020693
pairing,10,4,-0.007670962462931285,0.003408651226444996
pairing,10,5,0.00692466702663143,0.004104389923821378
pairing,10,6,-0.005633457270753525,0.004497737974045598
pairing,10,7,0.0040529378755581325,0.004637966764565519
pairing,10,8,-0.002404424913190071,0.004614218729776078
pairing,10,9,0.0008486892632707222,0.0045059055400198805
pairing,10,10,0.0005162224493359465,0.004378733628688075
pairing,10,11,-0.0016391441210712155,0.004277977568243368
pairing,10,12,0.002503084300247281,0.004225753853951563
pairing,10,13,-0.0031120158428811114,0.004224779055805308
pairing,10,14,0.003481762361135666,0.004264604707684198
pairing,10,15,-0.003635219314354916,0.004328195751951454
pairing,10,16,0.003599511340870057,0.004398211809708398
pairing,10,17,-0.003405065881996013,0.004460864998070699
pairing,10,18,0.003083256077850626,0.004507932307336501
pairing,10,19,-0.0026640732039692047,0.004536959874741735
pairing,10,20,0.002174037925299044,0.00454982347081094
pairing,10,21,-0.001635603049221483,0.004550710279494777
pairing,10,22,0.0010688972652544112,0.004544618196790202
pairing,10,23,-0.0004915616129889376,0.00453594984506498
pairing,10,24,-7.909364590590008e-05,0.00452781325240717
pairing,10,25,0.0006256320393720081,0.0045218706142625695
pairing,10,26,-0.001130549997167989,0.0045186364963336265
pairing,10,27,0.0015774966339622387,0.004517838148893147
pairing,10,28,-0.0019513141476726233,0.004518768152679737
pairing,10,29,0.0022399309979159116,0.004520673364475078
pairing,10,30,-0.0024339639455324387,0.0045229063217928685
pairing,10,31,0.0025278937496806416,0.004524979553931248
pairing,10,32,-0.002519519018178003,0.004526583514815177
pairing,10,33,0.0024104972627740123,0.004527472555786966
pairing,10,34,-0.002205875654141321,0.004527520965826284
pairing,10,35,0.0019144726494551073,0.004526674276110241
pairing,10,36,-0.0015481711544015864,0.004525063089336005
pairing,10,37,0.0011220974284720164,0.00452307543475842
pairing,10,38,-0.0006531060645074969,0.004521373768522824
pairing,10,39,0.00015937306226951548,0.00452089739080311
pairing,10,40,0.0003419471166538283,0.004522569758812673
pairing,10,41,-0.0008353147809268256,0.0045270117387328675
pairing,10,42,0.0013087107651730177,0.004534008529436586
pairing,10,43,-0.0017531726154715618,0.004542105281107264
pairing,10,44,0.002162661950455713,0.004548327054987223
pairing,10,45,-0.0025311937538986624,0.004548285699784948
pairing,10,46,0.002851708613267394,0.004536833153900731
pairing,10,47,-0.0031125573633035567,0.004509451257831439
pairing,10,48,0.0032960672825075657,0.004464064119728199
pairing,10,49,-0.003379116606833996,0.004402810398757078
pairing,10,50,0.003334775764024322,0.004333629075067649
pairing,10,51,-0.003134630246455718,0.0042702296442467865
pairing,10,52,0.00275064051204638,0.004230077618537927
pairing,10,53,-0.002155609892594305,0.00423019255885641
pairing,10,54,0.0013263944299234031,0.004281358898179777
pairing,10,55,-0.00025024668989165897,0.00438084035719415
pairing,10,56,-0.0010659774883818938,0.0045066009502455285
pairing,10,57,0.002582789749385187,0.0046135524687194295
pairing,10,58,-0.004207222432152215,0.004635885235777557
pairing,10,59,0.005779210958234599,0.004494309975760569
pairing,10,60,-0.00707283740457992,0.004099811644233349
pairing,10,61,0.007823232215277412,0.0034037447700092528
pairing,10,62,-0.007810936291679104,0.0025266671651061386
pairing,10,63,0.007010413705716142,0.0015871411054257276
pairing,10,64,-0.004754809157549447,0.0011007680366334734
pairing,11,1,0.0051489197755779465,0.00108994736117155
pairing,11,2,-0.0075896809030554764,0.0015717420929481185
pairing,11,3,0.008455013077181845,0.0025036077656487602
pairing,11,4,-0.008465947808970534,0.0033766154222564402
pairing,11,5,0.007644972847158019,0.0040738896678281095
pairing,11,6,-0.006221961215698197,0.004474721064949896
pairing,11,7,0.004478718508578013,0.004624650315234392
pairing,11,8,-0.002661119493625186,0.004609037700102672
pairing,11,9,0.0009502821054371692,0.004505178544398128
pairing,11,10,0.0005430273359685316,0.004378649304253654
pairing,11,11,-0.001761280617091261,0.004275958072276733
pairing,11,12,0.002687370769178459,0.004220849345993587
pairing,11,13,-0.0033282880160173415,0.004217496456823722
pairing,11,14,0.003704818803911879,0.004256265968002352
pairing,11,15,-0.003845392903533331,0.004320271408070444
pairing,11,16,0.003782662070268045,0.004391868519429005
pairing,11,17,-0.0035528566611214476,0.004456680849659853
pairing,11,18,0.003192399873974818,0.004505874948443013
pairing,11,19,-0.0027356301479594227,0.004536555466115392
pairing,11,20,0.0022125908784322392,0.004550388625494447
pairing,11,21,-0.0016478929691454611,0.004551564459714254
pairing,11,22,0.001062585098925504,0.004545247638762432
pairing,11,23,-0.00047411990249906165,0.00453608851420886
pairing,11,24,-0.00010122640725036543,0.004527429601208039
pairing,11,25,0.0006475426720878661,0.004521104882566508
pairing,11,26,-0.0011490224270243425,0.004517706604729345
pairing,11,27,0.0015908287334605148,0.004516964689073701
pairing,11,28,-0.0019590040830718596,0.004518117139901542
pairing,11,29,0.0022423091789332316,0.004520330344743039
pairing,11,30,-0.002431879587267402,0.004522872922475248
pairing,11,31,0.002522524526364244,0.004525187401530519
pairing,11,32,-0.00251230819162525,0.004526915802937414
pairing,11,33,0.002403164362590834,0.004527789438441789
pairing,11,34,-0.0022004171892237665,0.004527685450735574
pairing,11,35,0.0019130729465846221,0.004526579570341865
pairing,11,36,-0.0015529635745641346,0.0045246598612873855
pairing,11,37,0.001134782159475038,0.004522391861231638
pairing,11,38,-0.000674472904931249,0.004520523959378296
pairing,11,39,0.00018883085055260867,0.00452006713958404
pairing,11,40,0.00030672944770882807,0.004521978245123809
pairing,11,41,-0.0007985539511093029,0.004526849915911805
pairing,11,42,0.001276370749183553,0.004534364205577841
pairing,11,43,-0.0017326025360143024,0.004542902040095345
pairing,11,44,0.002161884277136373,0.004549271119732199
pairing,11,45,-0.00255799973235255,0.004548849543962924
pairing,11,46,0.002912770877916914,0.004536394083001445
pairing,11,47,-0.0032124500298012495,0.004507374989615421
pairing,11,48,0.0034361015397048403,0.004459894108788703
pairing,11,49,-0.0035563275745856575,0.004396576392103095
pairing,11,50,0.003541262626742995,0.00432591950714825
pairing,11,51,-0.003356878671225854,0.004262172473846395
pairing,11,52,0.002969147365874273,0.004223126954173361
pairing,11,53,-0.0023446906249064412,0.0042256396052258284
pairing,11,54,0.0014550216133223275,0.004279647148892816
pairing,11,55,-0.0002838860784458387,0.004380985912216657
pairing,11,56,-0.0011616658804724789,0.004505991982922822
pairing,11,57,0.0028358471797423988,0.004608368379644919
pairing,11,58,-0.004632062944553643,0.0046223987608902985
pairing,11,59,0.006369415245813605,0.004470858780680991
pairing,11,60,-0.007796873795222348,0.004068684499337857
pairing,11,61,0.008623222673226755,0.0033710448122117828
pairing,11,62,-0.008609388575980651,0.002498841771982057
pairing,11,63,0.007728667810261917,0.001568612716932579
pairing,11,64,-0.0052441899744318995,0.0010877634593306892
pairing,12,1,0.0056696905198408976,0.0010748729501396479
pairing,12,2,-0.008353909749613054,0.0015502611708990773
pairing,12,3,0.009305714657151458,0.0024712951610793895
pairing,12,4,-0.009321193760441217,0.0033385221002439733
pairing,12,5,0.00842381737484328,0.004037518243297658
pairing,12,6,-0.006862936058622373,0.0044471946477052954
pairing,12,7,0.0049468549048925885,0.0046086818730607755
pairing,12,8,-0.002947328747599811,0.004602816183870038
pairing,12,9,0.0010676609862043313,0.004504415212269257
pairing,12,10,0.0005662191914782952,0.0043788174166543995
pairing,12,11,-0.0018901448042413032,0.0042738545199951915
pairing,12,12,0.0028856747394813793,0.00421528521830524
pairing,12,13,-0.0035630918894814217,0.004209042922632017
pairing,12,14,0.003948385024331229,0.004246481671475261
pairing,12,15,-0.004075973151323712,0.004310940661053066
pairing,12,16,0.0039846331251057795,0.004384379788539217
pairing,12,17,-0.0037166654717957484,0.004451713759600752
pairing,12,18,0.0033142014368195134,0.0045034091271180295
pairing,12,19,-0.0028164034179130534,0.004536037823972648
pairing,12,20,0.002256943724715234,0.004551006619780742
pairing,12,21,-0.0016629717075075027,0.004552527791798082
pairing,12,22,0.0010566078919741935,0.004545961303568247
pairing,12,23,-0.00045513632780183394,0.004536227442947071
pairing,12,24,-0.0001261392562028679,0.0045269428508729025
pairing,12,25,0.0006727865500018391,0.004520155357264799
pairing,12,26,-0.00117080802649868,0.004516559029228813
pairing,12,27,0.0016069561781327085,0.004515884426797229
pairing,12,28,-0.001968605919499094,0.004517305222734931
pairing,12,29,0.0022455698952997915,0.004519894618653052
pairing,12,30,-0.002429738375345009,0.004522815633443291
pairing,12,31,0.0025164527827709797,0.004525422597189483
pairing,12,32,-0.0025041714286648652,0.004527298570617518
pairing,12,33,0.0023951315196180205,0.00452814813107922
pairing,12,34,-0.002194857336983105,0.004527854982129305
pairing,12,35,0.0019123917515545346,0.004526435651281956
pairing,12,36,-0.0015593357802802105,0.00452414775860414
pairing,12,37,0.0011497863481601308,0.004521550249793065
pairing,12,38,-0.0006986700479807931,0.004519505297088068
pairing,12,39,0.0002213868436802659,0.0045190933943878315
pairing,12,40,0.00026823887528513416,0.004521277262483666
pairing,12,41,-0.0007590607243234003,0.004526654306159696
pairing,12,42,0.0012424891007938406,0.004534713200805117
pairing,12,43,-0.0017120849177413603,0.004543721646875814
pairing,12,44,0.0021631867860871195,0.004550227537710875
pairing,12,45,-0.0025900963485182577,0.004549342160390193
pairing,12,46,0.002982760741824615,0.004535709253961095
pairing,12,47,-0.0033249291082135543,0.0045047851408323274
pairing,12,48,0.0035922568661090194,0.004454898149472397
pairing,12,49,-0.0037526391756676153,0.00438915926078251
pairing,12,50,0.0037686045924828957,0.0043168147817094285
pairing,12,51,-0.0035998218383325306,0.004252715486248998
pairing,12,52,0.0032059397472153804,0.004215022444622675
pairing,12,53,-0.0025474126513649977,0.004220423094070665
pairing,12,54,0.001589876161256407,0.004277792926431732
pairing,12,55,-0.0003130072755569786,0.004381285299698132
pairing,12,56,-0.0012752906324804243,0.0045052910900289156
pairing,12,57,0.003120571076831484,0.00460205071576409
pairing,12,58,-0.005101052138554476,0.004606106688372141
pairing,12,59,0.007013409248557048,0.004442750658455549
pairing,12,60,-0.008580042919394218,0.004031507226654861
pairing,12,61,0.009483356028256208,0.0033320705930393896
pairing,12,62,-0.009464944649167993,0.002465747874805319
pairing,12,63,0.008497329874586786,0.0015466017652743537
pairing,12,64,-0.005768136088921429,0.001072326821754754
pairing,13,1,0.006224753310716303,0.0010573871215887303
pairing,13,2,-0.009167885001745667,0.0015253274035509584
pairing,13,3,0.010212572387696062,0.0024337482826628856
pairing,13,4,-0.010235770896628846,0.0032941859253209933
pairing,13,5,0.009261144882199158,0.003995022239987929
pairing,13,6,-0.007557214933470207,0.004414828075868675
pairing,13,7,0.0054588103598650186,0.004589720300728611
pairing,13,8,-0.0032650841251673835,0.004595202634177313
pairing,13,9,0.0012030832840565385,0.004503155209032391
pairing,13,10,0.0005845167492411552,0.004378630497677679
pairing,13,11,-0.0020249889005853486,0.004271066912874478
pairing,13,12,0.00309821603253027,0.004208521890522085
pairing,13,13,-0.0038174898717986197,0.0041989241650824335
pairing,13,14,0.0042141064940843,0.004234875731724143
pairing,13,15,-0.004328728785639075,0.004299962159750019
pairing,13,16,0.004207060062249771,0.004375644334197437
pairing,13,17,-0.0038979525216081105,0.004446005287405791
pairing,13,18,0.0034497398502504285,0.004500644195387618
pairing,13,19,-0.0029069305842784887,0.004535523965639167
pairing,13,20,0.0023073214463814433,0.0045517830273475125
pairing,13,21,-0.0016807919590744866,0.004553645896923343
pairing,13,22,0.0010505912024540757,0.004546744238519063
pairing,13,23,-0.00043405255611092325,0.00453631921962276
pairing,13,24,-0.00015418532357096694,0.004526320795916932
pairing,13,25,0.0007014322571448418,0.0045190318175958345
pairing,13,26,-0.0011957952463301248,0.0045152164115900215
pairing,13,27,0.0016256782522796743,0.004514639724942157
pairing,13,28,-0.0019799162263200274,0.004516391353469634
pairing,13,29,0.0022495491790721707,0.004519421293394384
pairing,13,30,-0.002427421346943475,0.0045227769658347326
pairing,13,31,0.0025095816431571095,0.0045257166019768875
pairing,13,32,-0.002495000275480991,0.004527758999796299
pairing,13,33,0.002386253312987711,0.004528581949758213
pairing,13,34,-0.002189016864901645,0.004528078215690184
pairing,13,35,0.0019122560640806182,0.004526309120384533
pairing,13,36,-0.0015671910089059765,0.004523608544659692
pairing,13,37,0.0011671699049769053,0.004520634671317971
pairing,13,38,-0.0007259645726155016,0.004518359175306677
pairing,13,39,0.0002574291298445524,0.004517954919705268
pairing,13,40,0.00022647710263914013,0.004520431332972415
pairing,13,41,-0.0007167372904890667,0.0045263603540196115
pairing,13,42,0.001206690989938729,0.004535110088661856
pairing,13,43,-0.0016913609837815066,0.0045447277277855715
pairing,13,44,0.002166939297942685,0.0045514675083184394
pairing,13,45,-0.0026276775763069992,0.00455014347194411
pairing,13,46,0.003062044626285616,0.004535174887273502
pairing,13,47,-0.0034509619506802244,0.004502003064510485
pairing,13,48,0.003765989563789287,0.0044492405078361864
pairing,13,49,-0.003969720158066466,0.004380590807187957
pairing,13,50,0.00401847669286054,0.004306124177792826
pairing,13,51,-0.0038651416998370983,0.004241500766733455
pairing,13,52,0.0034623370520504735,0.004205351802426956
pairing,13,53,-0.0027637811135561496,0.004214092199994177
pairing,13,54,0.0017293813991930136,0.004275393713403761
pairing,13,55,-0.0003353728422160001,0.004381408984749295
pairing,13,56,-0.001408531489539034,0.0045042009252606085
pairing,13,57,0.003438543052440122,0.004594388408881534
pairing,13,58,-0.005615479210478383,0.0045868277568054585
pairing,13,59,0.007711693226183522,0.0044098177062894366
pairing,13,60,-0.009421939156978362,0.003988248007604299
pairing,13,61,0.010402375944361393,0.0032869401655484937
pairing,13,62,-0.010375848895093845,0.0024275515687272433
pairing,13,63,0.009314844095026024,0.0015212388770879579
pairing,13,64,-0.006325731788704089,0.0010545382813406065
pairing,14,1,0.006812082304050247,0.0010369994516115002
pairing,14,2,-0.01002849609112397,0.0014962496748480423
pairing,14,3,0.011172573261627908,0.002389881345651935
pairing,14,4,-0.011207757884923269,0.003242171646130697
pairing,14,5,0.010157084183834193,0.003944875007136482
pairing,14,6,-0.00830708570468816,0.004376316680821767
pairing,14,7,0.006018570505835971,0.004566883491466559
pairing,14,8,-0.0036188833950093627,0.004585883872196985
pairing,14,9,0.0013606566331266475,0.004501618368373293
pairing,14,10,0.000594587818287534,0.00437864502482912
pairing,14,11,-0.002163768989533502,0.004268182568143675
pairing,14,12,0.00332412893268829,0.004200939039648687
pairing,14,13,-0.004091711643082042,0.004187298160181924
pairing,14,14,0.004503054733012634,0.004221359465207287
pairing,14,15,-0.004605406383724789,0.004287011415916309
pairing,14,16,0.004451949953151854,0.004365216927897737
pairing,14,17,-0.004098753307415487,0.00443907019405235
pairing,14,18,0.003600884429016988,0.00449714996907251
pairing,14,19,-0.003008706033486417,0.004534699641367762
pairing,14,20,0.0023647442013058502,0.004552538961128226
pairing,14,21,-0.0017018821992470174,0.004554892614555979
pairing,14,22,0.0010446964939713301,0.004547676309062606
pairing,14,23,-0.0004109478801975707,0.004536514288457609
pairing,14,24,-0.00018579412242931948,0.004525724111071031
pairing,14,25,0.0007344319980868263,0.004517802959497483
pairing,14,26,-0.0012247059107381505,0.004513688220757546
pairing,14,27,0.001647235451868024,0.004513196351481134
pairing,14,28,-0.001993027841515037,0.004515284254966927
pairing,14,29,0.002254312628248844,0.004518812002219933
pairing,14,30,-0.0024250055674512098,0.004522672991628712
pairing,14,31,0.0025020088111210224,0.004526000593440618
pairing,14,32,-0.0024848974192591784,0.004528239986908772
pairing,14,33,0.0023766166636421913,0.004529038331828128
pairing,14,34,-0.002182959046986661,0.004528300259391868
pairing,14,35,0.001912717821184602,0.0045261405238706635
pairing,14,36,-0.001576597303780718,0.004522981238722642
pairing,14,37,0.001187043947324776,0.004519592766610285
pairing,14,38,-0.0007565150620567011,0.004517067288273332
pairing,14,39,0.0002971663825355605,0.00451668049872151
pairing,14,40,0.00018104079809644195,0.0045194948550122595
pairing,14,41,-0.0006712755843689602,0.004526050013361823
pairing,14,42,0.0011689584628788595,0.00453557553215142
pairing,14,43,-0.0016707197052798293,0.0045458611783166444
pairing,14,44,0.002173661854391433,0.004552825511415356
pairing,14,45,-0.0026718622860811845,0.004550935947519001
pairing,14,46,0.0031521609291834977,0.004534357488960618
pairing,14,47,-0.003592298083782331,0.0044985289238677955
pairing,14,48,0.003959133930324283,0.004442410026168455
pairing,14,49,-0.004209307151330341,0.004370418108744625
pairing,14,50,0.004292309253245673,0.004293585833785414
pairing,14,51,-0.004153626473518222,0.004228540939942556
pairing,14,52,0.003738126998784814,0.004194393882942176
pairing,14,53,-0.0029925791183969975,0.004207194251553589
pairing,14,54,0.0018713713170549423,0.004273150979577592
pairing,14,55,-0.00034783356832326093,0.004381991057749789
pairing,14,56,-0.0015657366870628136,0.00450306143378475
pairing,14,57,0.003794285399210926,0.004585166132354716
pairing,14,58,-0.00617929642674926,0.004563703082764059
pairing,14,59,0.008466705207257525,0.004370647711920072
pairing,14,60,-0.010322896239690625,0.003937206408299605
pairing,14,61,0.011378593967265024,0.0032340010583140643
pairing,14,62,-0.011339315942808133,0.002382906306311965
pairing,14,63,0.010178366841968843,0.0014916450442980967
pairing,14,64,-0.0069151044161966475,0.0010337879059679797
pairing,15,1,0.007428592540915384,0.0010135835258407722
pairing,15,2,-0.010931061849918728,0.001462833264223566
pairing,15,3,0.012180670527784923,0.002339380482287735
pairing,15,4,-0.012232883202679451,0.0031820599469695597
pairing,15,5,0.011109233079118755,0.0038865548652140688
pairing,15,6,-0.009112547385456974,0.004331112987432287
pairing,15,7,0.0066283104768520736,0.004539709209115278
pairing,15,8,-0.00401222334283218,0.004574497172957208
pairing,15,9,0.0015440025106564497,0.004499493910264859
pairing,15,10,0.0005933107460457737,0.004378550202888298
pairing,15,11,-0.0023045580257369707,0.004264823706257289
pairing,15,12,0.0035626995610288413,0.004192123590685977
pairing,15,13,-0.004386032159045134,0.0041737137288556945
pairing,15,14,0.0048164398909584915,0.004205494315074402
pairing,15,15,-0.00490808992548868,0.004271813672608775
pairing,15,16,0.004721549322735403,0.004352969905959556
pairing,15,17,-0.004321014764217236,0.004430935522921632
pairing,15,18,0.003768978316422161,0.004493135787566646
pairing,15,19,-0.0031226038008486017,0.004533799505883975
pairing,15,20,0.002429620133586973,0.004553413747983711
pairing,15,21,-0.0017263158218399828,0.004556304044595472
pairing,15,22,0.0010389464606707604,0.004548686809722225
pairing,15,23,-0.00038582819595086204,0.004536654109218322
pairing,15,24,-0.00022065861338978676,0.004524918032687314
pairing,15,25,0.0007711355415404959,0.004516308550804524
pairing,15,26,-0.0012573079710590674,0.0045119187187424295
pairing,15,27,0.0016720047918140505,0.004511554532061894
pairing,15,28,-0.0020083057774463917,0.00451406850287219
pairing,15,29,0.002260094723251485,0.004518169766947017
pairing,15,30,-0.0024226050208956736,0.004522595761594663
pairing,15,31,0.0024937481739813116,0.004526352128381109
pairing,15,32,-0.0024738059866970122,0.004528801108073807
pairing,15,33,0.0023661265185589194,0.004529556838308578
pairing,15,34,-0.002176583963299431,0.004528538229709914
pairing,15,35,0.0019137081971645617,0.004525920711068425
pairing,15,36,-0.00158755381577772,0.004522226093777337
pairing,15,37,0.0012095061335142487,0.004518352292476842
pairing,15,38,-0.0007905391804478893,0.004515530277563434
pairing,15,39,0.0003409400779523701,0.004515155833789045
pairing,15,40,0.0001314926861031788,0.004518355751533709
pairing,15,41,-0.0006222603859087773,0.004525635498055036
pairing,15,42,0.001129025644878957,0.004536068981066433
pairing,15,43,-0.001650176052543324,0.004547143621623754
pairing,15,44,0.0021837461073487057,0.004554380022587551
pairing,15,45,-0.0027235374745678085,0.004551833486765802
pairing,15,46,0.0032544980395238163,0.004533363966028332
pairing,15,47,-0.003750715454910548,0.0044944078454241705
pairing,15,48,0.00417370343020082,0.004434334567009708
pairing,15,49,-0.004473405751666888,0.004358409090208471
pairing,15,50,0.0045917756930491434,0.004278804658317359
pairing,15,51,-0.004466321600560268,0.0042132543570806424
pairing,15,52,0.004033623524709913,0.004181473870248583
pairing,15,53,-0.003233224203406928,0.004199024735735482
pairing,15,54,0.002014135374601974,0.0042703386389463735
pairing,15,55,-0.0003474745991711185,0.004382304911164628
pairing,15,56,-0.0017502815458110745,0.004501140052759887
pairing,15,57,0.004190994262201025,0.004573679039119687
pairing,15,58,-0.006794244629385858,0.0045360950974984195
pairing,15,59,0.009277940425584521,0.004324751747059841
pairing,15,60,-0.01128005250421063,0.0038780449163633946
pairing,15,61,0.012407385299146229,0.0031730550420367622
pairing,15,62,-0.012349921861167987,0.0023317236131371604
pairing,15,63,0.011082724140221153,0.0014577833512329648
pairing,15,64,-0.0075329038966001184,0.001010058615013453
pairing,16,1,0.008069393931940312,0.0009870944094517965
pairing,16,2,-0.01186812535468316,0.0014250206999424676
pairing,16,3,0.013228975291198874,0.002282094581714392
pairing,16,4,-0.01330461497933217,0.0031134748590864038
pairing,16,5,0.012113735469737829,0.0038194003154064377
pairing,16,6,-0.009972794018127798,0.004278344335407308
pairing,16,7,0.007289718477885282,0.004507275699134778
pairing,16,8,-0.004448238940169899,0.004560281870814411
pairing,16,9,0.0017569947626565128,0.004496284457453538
pairing,16,10,0.0005773794169545341,0.004378059495132645
pairing,16,11,-0.002444791104973204,0.004260835030658245
pairing,16,12,0.0038125040399780807,0.00418194577810364
pairing,16,13,-0.004700069543965063,0.004158010184419822
pairing,16,14,0.005154644266758303,0.00418706221927111
pairing,16,15,-0.0052375644787084116,0.004254012373393082
pairing,16,16,0.005017488338895902,0.004338484079060791
pairing,16,17,-0.0045669444864831705,0.0044211480676498785
pairing,16,18,0.00395666299796908,0.004488091921324383
pairing,16,19,-0.0032509280656330174,0.004532476887744426
pairing,16,20,0.00250345208214011,0.004554261761230569
pairing,16,21,-0.0017548539010404534,0.004557863875957505
pairing,16,22,0.0010336018378873566,0.004549841544713783
pairing,16,23,-0.00035843827325763656,0.004536800262087226
pairing,16,24,-0.0002592247681899749,0.004523981301020217
pairing,16,25,0.0008117492189864081,0.004514548665393302
pairing,16,26,-0.0012936761108119223,0.004509835121321945
pairing,16,27,0.0017000480781176508,0.0045095672863388935
pairing,16,28,-0.0020260132982687124,0.004512558131980685
pairing,16,29,0.0022670543230819467,0.004517333557115927
pairing,16,30,-0.00242039509625281,0.0045223971324214575
pairing,16,31,0.0024848491362762896,0.004526685002742215
pairing,16,32,-0.0024617628860816683,0.00452937063784222
pairing,16,33,0.002354733703859125,0.004530115755007079
pairing,16,34,-0.0021699090587133357,0.004528767429509152
pairing,16,35,0.0019152213084910963,0.004525636471637103
pairing,16,36,-0.0016002272410951886,0.004521307882751834
pairing,16,37,0.0012347445520011595,0.004516861262383976
pairing,16,38,-0.0008284333038580322,0.00451366758049659
pairing,16,39,0.00038905921160491195,0.0045132962900051275
pairing,16,40,7.770572510826311e-05,0.004516976525116203
pairing,16,41,-0.0005694436606048813,0.004525063281887769
pairing,16,42,0.001086494363935629,0.004536594041131477
pairing,16,43,-0.0016298377041259885,0.004548609217498566
pairing,16,44,0.0021979511770434082,0.004556167549143085
pairing,16,45,-0.0027836997200104963,0.004552813411813882
pairing,16,46,0.0033704555214511952,0.00453210447551241
pairing,16,47,-0.003928067452480276,0.004489461131378962
pairing,16,48,0.00441181382791609,0.0044247272891129105
pairing,16,49,-0.004764052562758301,0.004344234433200981
pairing,16,50,0.004918421034316415,0.004261453404949143
pairing,16,51,-0.004803867645262621,0.004195405287901183
pairing,16,52,0.004348555872867177,0.004166436448669835
pairing,16,53,-0.0034844680853955497,0.004189518650814452
pairing,16,54,0.002155166324864774,0.004266973817725563
pairing,16,55,-0.00033062076699978986,0.0043822807858880574
pairing,16,56,-0.0019663600897955624,0.00449812534745825
pairing,16,57,0.004632346317851126,0.004559308062147435
pairing,16,58,-0.007462120559244095,0.00450309896247519
pairing,16,59,0.010144387381128984,0.004271072415067618
pairing,16,60,-0.012289339291889837,0.003809810276487065
pairing,16,61,0.013482058650336751,0.0031034301061329556
pairing,16,62,-0.01339972357436323,0.0022736071238531434
pairing,16,63,0.012020601739982116,0.0014194397005322244
pairing,16,64,-0.008174295472942746,0.0009832013443341035
pairing,17,1,0.008728329876810915,0.000957561647438652
pairing,17,2,-0.012830506809934306,0.0013828407385253145
pairing,17,3,0.014307497154508539,0.0022180313682594426
pairing,17,4,-0.014413781352050186,0.0030363684120692487
pairing,17,5,0.01316391087772519,0.003743240907641857
pairing,17,6,-0.010884575722150343,0.004217720848729321
pairing,17,7,0.008002836469940903,0.004469279316305384
pairing,17,8,-0.004929678525125888,0.004543061926524497
pairing,17,9,0.0020035549519833527,0.004492052151745761
pairing,17,10,0.0005423986940215938,0.0043773855765471305
pairing,17,11,-0.002580695663509918,0.004256487308972323
pairing,17,12,0.004070951823471088,0.00417065295882469
pairing,17,13,-0.005032680478341556,0.004140309653201838
pairing,17,14,0.005517919596171675,0.004166043848372372
pairing,17,15,-0.005595372038512835,0.0042335524622831135
pairing,17,16,0.005341962083816204,0.004321737469992324
pairing,17,17,-0.004838690322475903,0.004409766731985844
pairing,17,18,0.004165469058663666,0.004482188306738504
pairing,17,19,-0.0033946772608042745,0.004530916162702524
pairing,17,20,0.0025869213203310077,0.004555246275343068
pairing,17,21,-0.0017882006682303727,0.004559642858724518
pairing,17,22,0.0010294738722893164,0.004551137086440123
pairing,17,23,-0.00032945665233443245,0.004536924419104662
pairing,17,24,-0.0003012801017529961,0.0045228334785601156
pairing,17,25,0.0008571945132476737,0.004512519025299706
pairing,17,26,-0.0013350342758500261,0.004507438293777166
pairing,17,27,0.0017320485856936957,0.004507312490570379
pairing,17,28,-0.0020460865571834256,0.004510858918309716
pairing,17,29,0.0022751591206969773,0.004516376789155885
pairing,17,30,-0.0024181538605099213,0.004522205563165207
pairing,17,31,0.002475183928355803,0.004527090042298712
pairing,17,32,-0.0024485538552911396,0.004530076265197227
pairing,17,33,0.0023423437191013117,0.004530780792806374
pairing,17,34,-0.0021627573653477793,0.004529064746273295
pairing,17,35,0.0019172683864214514,0.004525315278793251
pairing,17,36,-0.0016145359793944387,0.0045202451155366115
pairing,17,37,0.0012629321921361078,0.004515108527314001
pairing,17,38,-0.0008702669766970411,0.004511467107222873
pairing,17,39,0.00044199709931544754,0.004511066557057429
pairing,17,40,1.8710027723494848e-05,0.004515224661465735
pairing,17,41,-0.0005121664531530768,0.004524278886863593
pairing,17,42,0.0010412412346769875,0.004537048102181197
pairing,17,43,-0.0016092601442364404,0.00455007888985097
pairing,17,44,0.0022161181169506232,0.004557914537272495
pairing,17,45,-0.0028538192206357172,0.004553605831100777
pairing,17,46,0.003502420863031657,0.004530279640884806
pairing,17,47,-0.004126960938841099,0.0044833504243391095
pairing,17,48,0.0046757428980741585,0.00441329715252883
pairing,17,49,-0.005083053092252833,0.004327636639517445
pairing,17,50,0.005273436830600581,0.0042413751692080325
pairing,17,51,-0.00516629232960447,0.0041749661615389805
pairing,17,52,0.0046814141599063105,0.0041494489162899615
pairing,17,53,-0.00374330930084041,0.004178990433453441
pairing,17,54,0.0022904541901141977,0.004263340848813321
pairing,17,55,-0.00029292174886247097,0.004382126767279185
pairing,17,56,-0.0022181959732348044,0.004494060868282038
pairing,17,57,0.005120989344193642,0.0045418264669027965
pairing,17,58,-0.008183245479663809,0.004464361403501972
pairing,17,59,0.011063030536567858,0.004209363109300037
pairing,17,60,-0.013344148113299032,0.0037324534977256126
pairing,17,61,0.014593386811880747,0.0030252258488466664
pairing,17,62,-0.014478673782027569,0.002208702613009478
pairing,17,63,0.012982733252230053,0.001376727584817899
pairing,17,64,-0.008833068996906172,0.0009533007288818935
pairing,18,1,0.009397840288644412,0.0009251327244174029
pairing,18,2,-0.013806938810315212,0.0013364898608055683
pairing,18,3,0.015403871443269226,0.0021474331662040243
pairing,18,4,-0.01554876280290226,0.002950832281357044
pairing,18,5,0.014250813336375292,0.003657855330838104
pairing,18,6,-0.011842915584989462,0.004148708688978098
pairing,18,7,0.00876698421950758,0.004425046687223215
pairing,18,8,-0.005458903013571787,0.004522238410314511
pairing,18,9,0.00228782082829985,0.0044864000429564645
pairing,18,10,0.00048393941742401426,0.00437640913465619
pairing,18,11,-0.002708386955336672,0.004251780173232168
pairing,18,12,0.0043351287741781545,0.004158204147705885
pairing,18,13,-0.005382266589496936,0.004120510242397618
pairing,18,14,0.005905966891461347,0.004142266424279685
pairing,18,15,-0.005982055387921596,0.0042101642278662655
pairing,18,16,0.0056960006690248985,0.0043023985894002775
pairing,18,17,-0.0051379488390348674,0.004396498003017117
pairing,18,18,0.004397502857453429,0.004475173725466649
pairing,18,19,-0.003556177145353089,0.004528884254507813
pairing,18,20,0.002682336177557624,0.004556190562103157
pairing,18,21,-0.0018277269754703059,0.004561566753872796
pairing,18,22,0.0010265704968777187,0.0045525477820150175
pairing,18,23,-0.00029841020702972153,0.004537032919769803
pairing,18,24,-0.0003474342459910825,0.004521535096980792
pairing,18,25,0.0009074045709191265,0.004510184459787389
pairing,18,26,-0.0013808621665091063,0.0045046709033798715
pairing,18,27,0.001767820408300931,0.004504724803443114
pairing,18,28,-0.0020689247708755064,0.004508907846114395
pairing,18,29,0.0022847086286180134,0.0045152911815116836
pairing,18,30,-0.0024161073397108764,0.0045219782663779035
pairing,18,31,0.0024647997559178437,0.0045275194059303005
pairing,18,32,-0.002434162588495171,0.004530833346335512
pairing,18,33,0.0023288289823897097,0.00453148270731831
pairing,18,34,-0.0021550293491101238,0.004529349545414232
pairing,18,35,0.0019197149946788847,0.004524907567653879
pairing,18,36,-0.001630491423121595,0.004519017297598276
pairing,18,37,0.0012941433647063324,0.004513139133954745
pairing,18,38,-0.000916470097770697,0.004509050755117275
pairing,18,39,0.000500615257361881,0.004508635065246935
pairing,18,40,-4.634753573611039e-05,0.0045133700289748165
pairing,18,41,-0.00044997811446401484,0.00452351211445216
pairing,18,42,0.0009936991912691659,0.004537607272932303
pairing,18,43,-0.0015900553631812875,0.0045517908700186405
pairing,18,44,0.002240233795119696,0.004559936683704266
pairing,18,45,-0.0029352832922686515,0.004554476859293628
pairing,18,46,0.003651828922118524,0.004528112726775398
pairing,18,47,-0.00434904373440659,0.004476270441151379
pairing,18,48,0.004967340002401366,0.004400141690158947
pairing,18,49,-0.005431793311613704,0.004308648335621998
pairing,18,50,0.005657099213219729,0.004218587171951159
pairing,18,51,-0.0055530251798411,0.004151991094698649
pairing,18,52,0.005030545485135922,0.004130571085291239
pairing,18,53,-0.004006762565863332,0.004167480378428777
pairing,18,54,0.0024158873228156573,0.004259459295454576
pairing,18,55,-0.00022970142258016933,0.004381724422905129
pairing,18,56,-0.002509860463896213,0.004488607195940868
pairing,18,57,0.005659290594007096,0.004520730622659506
pairing,18,58,-0.008956519147659499,0.004419337552725405
pairing,18,59,0.012028837401148372,0.004139233257169304
pairing,18,60,-0.014435544519930267,0.0036459033824824526
pairing,18,61,0.015729771336950846,0.0029386554595622902
pairing,18,62,-0.015574434211159937,0.0021373220386274442
pairing,18,63,0.01395785483071143,0.001329890976004998
pairing,18,64,-0.009501671200063816,0.0009205370629753844
pairing,19,1,0.0100692122278959,0.0008901447547243729
pairing,19,2,-0.014784521331296872,0.0012864459478319173
pairing,19,3,0.016503817325934672,0.002070943708628826
pairing,19,4,-0.016695734565294107,0.00285744737671893
pairing,19,5,0.01536308062303986,0.00356348037735
pairing,19,6,-0.012840600546424484,0.004071041104405676
pairing,19,7,0.009579447859963864,0.004373995381481373
pairing,19,8,-0.006037246366382584,0.004497211351308839
pairing,19,9,0.002614055745404454,0.004478892042180419
pairing,19,10,0.0003963989638563906,0.004374950986952578
pairing,19,11,-0.0028226794455279117,0.004246766269842033
pairing,19,12,0.004601187537823446,0.004144707328341457
pairing,19,13,-0.005746555049941069,0.004098622700025248
pairing,19,14,0.0063179838933530436,0.0041155815107096075
pairing,19,15,-0.006398152267717179,0.004183565376724006
pairing,19,16,0.0060811700930043806,0.0042801524584535925
pairing,19,17,-0.005466850502920057,0.004381054666256112
pairing,19,18,0.004655077070244218,0.0044668609581911736
pairing,19,19,-0.0037374425240609905,0.0045263301412953065
pairing,19,20,0.0027911375174654533,0.004557143327155592
pairing,19,21,-0.0018745469518921505,0.00456372644767942
pairing,19,22,0.0010257472632784178,0.004554162358053489
pairing,19,23,-0.000265500760436509,0.00453716823445655
pairing,19,24,-0.0003977701340875132,0.00452004810716275
pairing,19,25,0.0009627368242983014,0.004507501625551808
pairing,19,26,-0.0014317116299702544,0.004501485151808591
pairing,19,27,0.0018078197598395732,0.004501745021463896
pairing,19,28,-0.0020947590745854583,0.00450666129084255
pairing,19,29,0.0022958582406831705,0.004514034386767366
pairing,19,30,-0.002414356488553641,0.004521701331405586
pairing,19,31,0.0024537301588933988,0.004527990732607774
pairing,19,32,-0.002418590363447887,0.004531679056469487
pairing,19,33,0.002314204714137327,0.004532267499078103
pairing,19,34,-0.002146826923446407,0.004529660631632852
pairing,19,35,0.0019228049357335885,0.00452442811344629
pairing,19,36,-0.0016485361009922735,0.004517598186506384
pairing,19,37,0.0013290107610836577,0.004510852628140512
pairing,19,38,-0.0009676834256397001,0.004506213141155514
pairing,19,39,0.0005648397249608163,0.004505751550449322
pairing,19,40,-0.00011691699009004262,0.004511086069462451
pairing,19,41,-0.0003831736307250966,0.0045224452533448685
pairing,19,42,0.0009438320815799703,0.004538075906744541
pairing,19,43,-0.0015724973702282282,0.0045535919657534955
pairing,19,44,0.0022712410666208644,0.004562113075503129
pairing,19,45,-0.003029762042933689,0.004555326221519468
pairing,19,46,0.0038207463576413496,0.0045254232265219945
pairing,19,47,-0.004596581831671556,0.00446784762667291
pairing,19,48,0.005288714849845083,0.004384729495063747
pairing,19,49,-0.0058119879291123324,0.0042866560129012354
pairing,19,50,0.0060701527347661625,0.004192427739120959
pairing,19,51,-0.005963271015549922,0.004125951576685786
pairing,19,52,0.005393503333932742,0.004109520264042751
pairing,19,53,-0.004270681456758168,0.004154838133862303
pairing,19,54,0.0025261961357439405,0.004255153106406294
pairing,19,55,-0.0001355104418720816,0.004380658120542861
pairing,19,56,-0.002845264569259936,0.0044810303354093925
pairing,19,57,0.00624818954175584,0.004495114990477382
pairing,19,58,-0.00977901709857022,0.004367240918761384
pairing,19,59,0.013034038989371227,0.004060266363890272
pairing,19,60,-0.015551800372125913,0.0035502198130777443
pairing,19,61,0.016877261156691695,0.002844172436312465
pairing,19,62,-0.016672677573755262,0.002060043354905868
pairing,19,63,0.014933068866605644,0.001279364948774776
pairing,19,64,-0.010171405787117605,0.0008852160427950996
pairing,20,1,0.010733018662588585,0.0008530511825089841
pairing,20,2,-0.01574939779050387,0.0012333486508879063
pairing,20,3,0.017591951952024162,0.0019894807047019514
pairing,20,4,-0.017839474779135604,0.0027571477897390746
pairing,20,5,0.016487639470065388,0.0034607108266480214
pairing,20,6,-0.01386814562784711,0.003984765677117279
pairing,20,7,0.010435682250581255,0.004315665504403677
pairing,20,8,-0.006664525778879958,0.004467287103189731
pairing,20,9,0.0029850587869507793,0.004468940936092682
pairing,20,10,0.0002755813338400962,0.004372635776444488
pairing,20,11,-0.002918783756030131,0.004241257526430391
pairing,20,12,0.0048647118225238675,0.004130149952664686
pairing,20,13,-0.006122201458908476,0.004074671172679378
pairing,20,14,0.006752113211713786,0.004085903259751991
pairing,20,15,-0.006843398039179225,0.0041535659220324865
pairing,20,16,0.00649858984762011,0.0042547380745925015
pairing,20,17,-0.005827353042828349,0.004363137048935646
pairing,20,18,0.00494052047509248,0.004456969185537451
pairing,20,19,-0.003940771633556989,0.004523050579078992
pairing,20,20,0.0029152324946434493,0.004557951696129414
pairing,20,21,-0.001929928728251083,0.00456600352357899
pairing,20,22,0.001027721433938104,0.0045559025848598824
pairing,20,23,-0.00023102689615355572,0.0045372623501533016
pairing,20,24,-0.00045241074631345796,0.004518317258010325
pairing,20,25,0.0010235334029316044,0.004504413625408699
pairing,20,26,-0.0014878064853677247,0.004497817709550105
pairing,20,27,0.0018523932292718668,0.004498354368061019
pairing,20,28,-0.002123951588981365,0.004504107245848291
pairing,20,29,0.002308865570415075,0.004512617894419286
pairing,20,30,-0.0024129363272251017,0.004521410710584916
pairing,20,31,0.002441995275421704,0.0045285191054365535
pairing,20,32,-0.0024017828882182445,0.004532656949932198
pairing,20,33,0.00229850380882867,0.004533167769773816
pairing,20,34,-0.0021381991649460754,0.004530060483690117
pairing,20,35,0.0019267798800868656,0.004523945339329113
pairing,20,36,-0.0016689421598053925,0.004516077350676067
pairing,20,37,0.0013679400915874887,0.0045083263016842305
pairing,20,38,-0.0010241150479161558,0.004503015755012502
pairing,20,39,0.0006347688895139722,0.004502529233670791
pairing,20,40,-0.00019300015821789064,0.0045085347544595675
pairing,20,41,-0.0003118291034632963,0.004521290084456096
pairing,20,42,0.0008921049815387135,0.004538658976497025
pairing,20,43,-0.0015574469182074039,0.00455565363064067
pairing,20,44,0.002310544780341682,0.004564525406194123
pairing,20,45,-0.0031393122343647776,0.004556088710775373
pairing,20,46,0.004011595524771141,0.004521992642179366
pairing,20,47,-0.004871918762152452,0.004457826622128892
pairing,20,48,0.005641571073271042,0.004366796018496006
pairing,20,49,-0.006224101343831627,0.004261433888328378
pairing,20,50,0.006511970683695284,0.004162895527933551
pairing,20,51,-0.006394996652974834,0.0040969948972853325
pairing,20,52,0.0057667572503696096,0.0040864577405963715
pairing,20,53,-0.004530663000735349,0.004141214499425686
pairing,20,54,0.002616405375442567,0.0042504138194767345
pairing,20,55,-5.879317863303254e-06,0.004378713315263875
pairing,20,56,-0.0032274234099292755,0.0044708865595122025
pairing,20,57,0.006887718935869732,0.004464396470648335
pairing,20,58,-0.01064614420310441,0.004307675846094584
pairing,20,59,0.01406935799833951,0.0039725627599115606
pairing,20,60,-0.01667989755258402,0.0034460926221987842
pairing,20,61,0.01802073037137855,0.0027427981678084306
pairing,20,62,-0.01775816056940255,0.001977842250667926
pairing,20,63,0.01589460182291457,0.001225823072821576
pairing,20,64,-0.010832864650610756,0.0008478121294851068
pairing,21,1,0.011379818933844925,0.0008143728896680593
pairing,21,2,-0.016687842414841853,0.0011779345959832268
pairing,21,3,0.018652919574809558,0.0019041273333025967
pairing,21,4,-0.018964224895911652,0.002651088321813891
pairing,21,5,0.017610028275346315,0.0033504364737419385
pairing,21,6,-0.014914519123764042,0.0038901915497946355
pairing,21,7,0.01132869554507803,0.004249687886993288
pairing,21,8,-0.007338780047824395,0.004431696563174252
pairing,21,9,0.0034032563959773255,0.004455726378780123
pairing,21,10,0.00011641793713753202,0.004368877327165676
pairing,21,11,-0.0029909173065160157,0.004235043599124541
pairing,21,12,0.005120459879540504,0.0041144936245027
pairing,21,13,-0.006505078510018931,0.004048529824403844
pairing,21,14,0.007205850279394896,0.004052964214326474
pairing,21,15,-0.007317165558014045,0.00411973635927367
pairing,21,16,0.006949303428914252,0.004225599691762681
pairing,21,17,-0.006221521573228684,0.004342214108643695
pairing,21,18,0.005256241243054868,0.004445040568746657
pairing,21,19,-0.004168692361827235,0.0045186547286081595
pairing,21,20,0.003056970139511687,0.0045583778307253355
pairing,21,21,-0.0019957420792004283,0.004568267394752882
pairing,21,22,0.001033601813967847,0.004557682633046427
pairing,21,23,-0.00019551588015867712,0.004537275510686248
pairing,21,24,-0.0005112554025946433,0.004516278287455151
pairing,21,25,0.001090112560626846,0.004500826305579082
pairing,21,26,-0.0015500492050541125,0.004493569190061617
pairing,21,27,0.0019021896146722613,0.004494360850063772
pairing,21,28,-0.0021569339138054738,0.004501057729399977
pairing,21,29,0.002324048307667116,0.004510856346705585
pairing,21,30,-0.0024122686697476492,0.004520928168983099
pairing,21,31,0.00242978870020221,0.004529018696888619
pairing,21,32,-0.002383928876217965,0.004533659367803248
pairing,21,33,0.0022817306810435263,0.004534114186137285
pairing,21,34,-0.002129227844908571,0.004530419259022457
pairing,21,35,0.0019315588200220538,0.004523300033698054
pairing,21,36,-0.0016918045880443312,0.004514230467199487
pairing,21,37,0.0014109658416960299,0.004505361952349275
pairing,21,38,-0.0010865403569821938,0.0044992835671731615
pairing,21,39,0.0007119004881447099,0.004498715405162348
pairing,21,40,-0.00027584571337373317,0.004505492009499
pairing,21,41,-0.00023591912846736653,0.0045197963536876586
pairing,21,42,0.0008390334878568284,0.004539134105071824
pairing,21,43,-0.001545870690559978,0.004557743718090434
pairing,21,44,0.0023596292045123786,0.004566921886723084
pairing,21,45,-0.0032658735771844962,0.0045565214128600135
pairing,21,46,0.004226544101215535,0.004517589628881396
pairing,21,47,-0.005177142378971114,0.004445931987855322
pairing,21,48,0.006027797061286812,0.004345998760793482
pairing,21,49,-0.0066690954551750364,0.004232626695245596
pairing,21,50,0.006981617779662636,0.00412969893003021
pairing,21,51,-0.006845562556731799,0.004064989621940098
pairing,21,52,0.006146291540116263,0.0040614274335377554
pairing,21,53,-0.004781536425478665,0.004126682517050244
pairing,21,54,0.002681104982936904,0.004245169884578327
pairing,21,55,0.00016366045417631325,0.00437551885120909
pairing,21,56,-0.0036583455858020747,0.004457585492251299
pairing,21,57,0.007575338779489632,0.004428060162360705
pairing,21,58,-0.011550680587190072,0.004240466703384771
pairing,21,59,0.0151233206591573,0.0038765342996434898
pairing,21,60,-0.017805141456615256,0.00333450465830805
pairing,21,61,0.019144228597733366,0.002635751889067179
pairing,21,62,-0.018815562665911452,0.0018918202208972833
pairing,21,63,0.016828927777685514,0.0011700197930369074
pairing,21,64,-0.0114767523512454,0.0008088688993582777
pairing,22,1,0.012000547132441834,0.0007748751567094966
pairing,22,2,-0.01758668750711926,0.001121294113567614
pairing,22,3,0.01967174769139866,0.0018165064874837219
pairing,22,4,-0.020054128742734708,0.002541181283145293
pairing,22,5,0.018714818576006872,0.0032343933338916343
pairing,22,6,-0.015966378108662423,0.0037884453140581637
pairing,22,7,0.012249369415223622,0.004176520461995233
pairing,22,8,-0.008055365819345857,0.0043904268392277795
pairing,22,9,0.003867851018146572,0.004439180740095554
pairing,22,10,-8.371415383350575e-05,0.004363845282064798
pairing,22,11,-0.0030344690739573777,0.0042284606942301645
pairing,22,12,0.005363341889225643,0.004098199791400307
pairing,22,13,-0.006891001370484647,0.00402085779089913
pairing,22,14,0.007676693382847707,0.004017471137482258
pairing,22,15,-0.007818241677988537,0.004082618893029674
pairing,22,16,0.00743306139956069,0.004193111038618049
pairing,22,17,-0.006650336007021286,0.004318563119967589
pairing,22,18,0.005604436042330741,0.004431366167275457
pairing,22,19,-0.004423606506259506,0.004513477348314316
pairing,22,20,0.0032184142272470477,0.00455869141297266
pairing,22,21,-0.0020736926491864245,0.004570744327806757
pairing,22,22,0.001044848711045373,0.004559673268409139
pairing,22,23,-0.00015996455787656446,0.004537282973003734
pairing,22,24,-0.0005738415733068836,0.0045139773670205465
pairing,22,25,0.0011624930240465266,0.004496775779417245
pairing,22,26,-0.0016189192071846214,0.004488793724739023
pairing,22,27,0.001958074261966429,0.004489859704642007
pairing,22,28,-0.0021944804847751865,0.004497603373995721
pairing,22,29,0.0023419481114036788,0.004508856247429317
pairing,22,30,-0.0024126700715773348,0.004520351574896482
pairing,22,31,0.0024173873055867165,0.004529542118839993
pairing,22,32,-0.002365229826865622,0.004534739170205871
pairing,22,33,0.0022641701826911415,0.0045351240658481964
pairing,22,34,-0.0021202471975323967,0.004530764247547281
pairing,22,35,0.0019376900674223806,0.004522519845625812
pairing,22,36,-0.0017177673020885855,0.004512097623616979
pairing,22,37,0.001458850435688754,0.004501960775104565
pairing,22,38,-0.0011550528774798342,0.004495051597354811
pairing,22,39,0.0007956495403990749,0.004494418872554346
pairing,22,40,-0.0003649856644800844,0.0045020855056788454
pairing,22,41,-0.00015555664786073278,0.004518155661746652
pairing,22,42,0.0007853778014954259,0.004539683261821994
pairing,22,43,-0.0015393312982407712,0.004560040673277319
pairing,22,44,0.0024206881187341894,0.004569445860456147
pairing,22,45,-0.0034120650326100524,0.0045566845877008984
pairing,22,46,0.004468548150259769,0.004512167332034085
pairing,22,47,-0.00551484777545597,0.004432115330462745
pairing,22,48,0.006448432081558389,0.004322499643976431
pairing,22,49,-0.007146524275571776,0.004200662160144206
pairing,22,50,0.007477670062843755,0.00409343190075933
pairing,22,51,-0.007312008488837412,0.004030622286858922
pairing,22,52,0.006527131255440291,0.004035091393178713
pairing,22,53,-0.00501714523047264,0.004111718996267929
pairing,22,54,0.002714475293782794,0.004239611398594217
pairing,22,55,0.00037676362664421895,0.004370974165652651
pairing,22,56,-0.0041379878514072625,0.00444086618521787
pairing,22,57,0.008306839040636017,0.004385958243395055
pairing,22,58,-0.012483639449385804,0.00416598094886431
pairing,22,59,0.016182646712914295,0.0037733464217872574
pairing,22,60,-0.018912184740932356,0.003217246394428444
pairing,22,61,0.02023208550756491,0.002524992811334772
pairing,22,62,-0.01982992141371477,0.0018036778311857657
pairing,22,63,0.017722825511922988,0.0011130886828197707
pairing,22,64,-0.012093999886065373,0.0007691783923750599
pairing,23,1,0.012587192842323975,0.0007352934923872388
pairing,23,2,-0.018434511317286805,0.0010644798719354716
pairing,23,3,0.020635417119288686,0.00172819120989819
pairing,23,4,-0.021095023529056355,0.00242924730682969
pairing,23,5,0.01978744142445205,0.0031142690367245048
pairing,23,6,-0.017010087439871105,0.0036806180533394935
pairing,23,7,0.01318705524261726,0.00409647202074721
pairing,23,8,-0.008808300071790667,0.0043431448977501
pairing,23,9,0.0043778754715771365,0.004418655307793732
pairing,23,10,-0.0003274424895638151,0.004356994842006518
pairing,23,11,-0.0030446481734292073,0.004221382539063297
pairing,23,12,0.00558800079916121,0.004081536374307573
pairing,23,13,-0.00727502116095129,0.003991940808374225
pairing,23,14,0.008160240562026112,0.00397955392328466
pairing,23,15,-0.008343608700159058,0.004042241596140193
pairing,23,16,0.00794891816844135,0.0041570875637228135
pairing,23,17,-0.00711467731176379,0.004291695983495605
pairing,23,18,0.005987094633338606,0.004415322318263226
pairing,23,19,-0.0047081142482900355,0.004506988420199556
pairing,23,20,0.00340220742431308,0.00455856388078911
pairing,23,21,-0.0021659620899542823,0.0045732857933128025
pairing,23,22,0.001062887764385121,0.004561866022995594
pairing,23,23,-0.00012503816435395954,0.004537354810380991
pairing,23,24,-0.0006401629916632974,0.0045114865439773374
pairing,23,25,0.001241050574198036,0.004492319194872902
pairing,23,26,-0.0016944514342316064,0.004483470124445372
pairing,23,27,0.002019769279878642,0.004484799088119845
pairing,23,28,-0.002236615007702528,0.004493707760718689
pairing,23,29,0.002362945611945523,0.004506538165689288
pairing,23,30,-0.0024146526935264374,0.004519620005993454
pairing,23,31,0.00240521880561757,0.004530062861699401
pairing,23,32,-0.0023461272274937156,0.0045358675831837485
pairing,23,33,0.002246203673599001,0.004536203426240039
pairing,23,34,-0.002111740817757943,0.00453109331885671
pairing,23,35,0.0019456336813000177,0.004521607138420889
pairing,23,36,-0.0017473887893796624,0.00450965014996241
pairing,23,37,0.0015119674069448373,0.0044980808068572084
pairing,23,38,-0.001229875528139719,0.0044902617745807795
pairing,23,39,0.0008861527915267516,0.0044895303550483295
pairing,23,40,-0.00046046163158666026,0.0044982107340027205
pairing,23,41,-7.113186079321784e-05,0.004516250325689833
pairing,23,42,0.0007319770014508457,0.004540212124808509
pairing,23,43,-0.001539249034559782,0.004562490677468398
pairing,23,44,0.0024958975945350782,0.004572036619110766
pairing,23,45,-0.003580489786281838,0.004556457103772985
pairing,23,46,0.0047397974011253435,0.004505564416586243
pairing,23,47,-0.005886506517741964,0.004416087625159001
pairing,23,48,0.006904056427783423,0.0042958587546930065
pairing,23,49,-0.007655742912014724,0.004165173279715317
pairing,23,50,0.007997670270156748,0.004053921334793943
pairing,23,51,-0.0077901892868718755,0.0039938483690346435
pairing,23,52,0.006904618112665996,0.004007496762153113
pairing,23,53,-0.005232965618700603,0.00409638121246097
pairing,23,54,0.002712783163623101,0.004233588993543732
pairing,23,55,0.0006352147946927819,0.004364557302057426
pairing,23,56,-0.004664281047235823,0.004419966361447893
pairing,23,57,0.00907523534897866,0.004337577409065915
pairing,23,58,-0.013433299612965435,0.004084472165275466
pairing,23,59,0.017233143306465915,0.0036640865467931307
pairing,23,60,-0.01998615917412544,0.0030959617475899287
pairing,23,61,0.02127018215069232,0.0024122997787853306
pairing,23,62,-0.020788645448522672,0.0017149380593231092
pairing,23,63,0.01856534198131559,0.0010560488389616133
pairing,23,64,-0.012676899288288072,0.000729446775930416
pairing,24,1,0.013133648418726513,0.0006962899399144055
pairing,24,2,-0.019222778298328514,0.001008441069357991
pairing,24,3,0.02153396879253423,0.0016406950164277307
pairing,24,4,-0.022074987027969818,0.002317203041788729
pairing,24,5,0.020814287446202524,0.002991968348253309
pairing,24,6,-0.018031836602883544,0.0035681461626076837
pairing,24,7,0.014129306173058617,0.004010114453310232
pairing,24,8,-0.0095883266390725,0.004289597906389937
pairing,24,9,0.004928388183974154,0.004393472882505148
pairing,24,10,-0.0006140771772947622,0.004347607661521457
pairing,24,11,-0.003018858386705673,0.0042133099343950545
pairing,24,12,0.00578970132912682,0.004064243756472238
pairing,24,13,-0.0076519354599142025,0.003961778943751612
pairing,24,14,0.008652106228209673,0.003939308778094884
pairing,24,15,-0.008890420769112901,0.003998574487683533
pairing,24,16,0.008495940100501694,0.0041173837721904406
pairing,24,17,-0.007615320004646126,0.004261426327775284
pairing,24,18,0.006406042085638418,0.004396686269436161
pairing,24,19,-0.005024690820529198,0.004498960681461012
pairing,24,20,0.0036109707964645833,0.004557831105612015
pairing,24,21,-0.0022748568835254434,0.004575792262004894
pairing,24,22,0.0010894701473187281,0.004564195072440686
pairing,24,23,-9.184647146598802e-05,0.0045374225678195285
pairing,24,24,-0.0007096582509496865,0.004508722609810436
pairing,24,25,0.0013256444298887376,0.004487326132483512
pairing,24,26,-0.0017771005606407782,0.004477467327263774
pairing,24,27,0.0020884248749203247,0.004479088716789938
pairing,24,28,-0.002284415273922649,0.004489289150234341
pairing,24,29,0.002387779810503642,0.004503919433842961
pairing,24,30,-0.0024184843751410183,0.004518793519441382
pairing,24,31,0.0023935354292496883,0.004530631810963248
pairing,24,32,-0.0023266809934410627,0.004537183664012083
pairing,24,33,0.0022280677130983827,0.004537440522763197
pairing,24,34,-0.0021037573320076006,0.0045315199625233765
pairing,24,35,0.0019557025022418975,0.0045206033480386446
pairing,24,36,-0.0017807767984639755,0.004506951815583256
pairing,24,37,0.0015709029419304502,0.004493782245368159
pairing,24,38,-0.0013121453441960183,0.004484892910152992
pairing,24,39,0.0009844824454136192,0.004484112639846915
pairing,24,40,-0.000562196522691382,0.0044939122147520045
pairing,24,41,1.6554774399477707e-05,0.004514175609744064
pairing,24,42,0.00068022020989538,0.004540808438485783
pairing,24,43,-0.0015476625252966482,0.004565097556861547
pairing,24,44,0.002587755038060531,0.004574585568484824
pairing,24,45,-0.003773873685778561,0.004555594501407479
pairing,24,46,0.005042994521232316,0.004497385914005365
pairing,24,47,-0.006294264944178597,0.00439743765875889
pairing,24,48,0.007395538887193252,0.004265817942880961
pairing,24,49,-0.00819526737187614,0.004126043966238431
pairing,24,50,0.008537982117343322,0.004011223879176783
pairing,24,51,-0.008275305131261712,0.003954920401153931
pairing,24,52,0.007273280937744517,0.003978867195083833
pairing,24,53,-0.005423827094825289,0.004080602604988941
pairing,24,54,0.002672923422105333,0.0042266268092742455
pairing,24,55,0.0009387264203281798,0.004355579029886293
pairing,24,56,-0.005232764493057369,0.004394366848420275
pairing,24,57,0.00987169540548006,0.004282883240636908
pairing,24,58,-0.01438768921779435,0.003996610449555094
pairing,24,59,0.018261270750683487,0.003550174887105158
pairing,24,60,-0.021013831451722476,0.0029725486833605272
pairing,24,61,0.022246880082520938,0.002299550591666962
pairing,24,62,-0.021681857571856582,0.0016270649104053597
pairing,24,63,0.019348003048661428,0.0009998145973285615
pairing,24,64,-0.01321939611167929,0.000690311924798719
pairing,25,1,0.013635674286052505,0.0006584087904457647
pairing,25,2,-0.019945701893250487,0.0009539693001451558
pairing,25,3,0.02236059515010874,0.0015552603011450093
pairing,25,4,-0.02298552269312045,0.0022066348115416263
pairing,25,5,0.021784726165564292,0.0028691880268357905
pairing,25,6,-0.01901944526572996,0.0034524326470675784
pairing,25,7,0.0150644158105043,0.003918254622624545
pairing,25,8,-0.010386311362541499,0.004229911977622619
pairing,25,9,0.005513947535894053,0.004363285430013008
pairing,25,10,-0.0009423095052738348,0.004335265844842159
pairing,25,11,-0.002955143243804436,0.004204039995145865
pairing,25,12,0.005964621414804245,0.004046420611307145
pairing,25,13,-0.00801694966604883,0.003930617480959037
pairing,25,14,0.009147858690288935,0.003896927820656459
pairing,25,15,-0.009455356749476819,0.003951596990287573
pairing,25,16,0.009071859789047575,0.004073654498971737
pairing,25,17,-0.008151439401728714,0.004227245110942658
pairing,25,18,0.006862447720144873,0.004374981783329597
pairing,25,19,-0.005375591990669459,0.004488959797573982
pairing,25,20,0.0038473348246538808,0.004556156091506594
pairing,25,21,-0.002402873623662104,0.004578048557292522
pairing,25,22,0.0011265337076329122,0.004566531994818634
pairing,25,23,-6.17122770393472e-05,0.004537424476466474
pairing,25,24,-0.0007816300536970489,0.004505640322291176
pairing,25,25,0.0014161234954077502,0.004481754226146672
pairing,25,26,-0.0018670982676004205,0.004470733532794337
pairing,25,27,0.0021643686559819726,0.004472645149736637
pairing,25,28,-0.0023383097816980633,0.004484253740662141
pairing,25,29,0.002417004104431612,0.00450088035797371
pairing,25,30,-0.002425109479715193,0.0045177818719831
pairing,25,31,0.002383224692585382,0.00453118922187728
pairing,25,32,-0.0023078110950334497,0.00453853048372186
pairing,25,33,0.0022103282075982868,0.00453871810472475
pairing,25,34,-0.002097080840785124,0.004531841795822243
pairing,25,35,0.0019684039512986775,0.004519333326125304
pairing,25,36,-0.0018188481274348054,0.004503745980385332
pairing,25,37,0.0016364343398076941,0.004488749704008631
pairing,25,38,-0.0014021051064225286,0.004478752770684052
pairing,25,39,0.0010902431838177376,0.004477942834986722
pairing,25,40,-0.0006699159909560556,0.004489057540128042
pairing,25,41,0.00010674091022304681,0.0045118056493356875
pairing,25,42,0.00063160630392278,0.004541362896277313
pairing,25,43,-0.0015667042759187192,0.004567755094448196
pairing,25,44,0.002698831988665516,0.004576937019912548
pairing,25,45,-0.003994841736167194,0.004553867062673212
pairing,25,46,0.005380228407821057,0.004487350211547048
pairing,25,47,-0.006738955438724027,0.004375851735286451
pairing,25,48,0.00792189870407759,0.004232059426048216
pairing,25,49,-0.008762764173201413,0.004083142456691119
pairing,25,50,0.009095167034713988,0.003965494415424375
pairing,25,51,-0.008762875223755993,0.003914158731253765
pairing,25,52,0.007628433949026389,0.0039495437673911565
pairing,25,53,-0.005586025391745847,0.004064528680858393
pairing,25,54,0.0025932195035951273,0.004218620782564547
pairing,25,55,0.0012855633130519864,0.004343739238454009
pairing,25,56,-0.005837479823264297,0.004363778261399476
pairing,25,57,0.01068646220304187,0.004222064301425571
pairing,25,58,-0.01533473857214596,0.003903332237312457
pairing,25,59,0.019254775556519207,0.0034331983588371385
pairing,25,60,-0.0219845854897222,0.002848913176644555
pairing,25,61,0.023153839034642597,0.00218854360168444
pairing,25,62,-0.022502998298947426,0.0015414548862423025
pairing,25,63,0.02006522009331692,0.0009452722397608622
pairing,25,64,-0.013717378148408196,0.0006523855195046276
pairing,26,1,0.01409100492265304,0.00062226966197017
pairing,26,2,-0.02060034160467198,0.0009019484330047552
pairing,26,3,0.02311150427379515,0.0014733026513822252
pairing,26,4,-0.023820940326710758,0.0020994509713540568
pairing,26,5,0.022690293730642467,0.0027481161101950476
pairing,26,6,-0.01996188571822609,0.003335503079054583
pairing,26,7,0.015980356175427264,0.0038223220886734344
pairing,26,8,-0.011191300063273225,0.004164771412521331
pairing,26,9,0.006126778451661631,0.00432821239655881
pairing,26,10,-0.0013082203939829042,0.0043198215554023384
pairing,26,11,-0.002853773187082886,0.004193463219635316
pairing,26,12,0.006110264640472664,0.004028245314770927
pairing,26,13,-0.008366369133103024,0.0038989101573444784
pairing,26,14,0.009643500734717137,0.0038530225094722407
pairing,26,15,-0.0100349192709259,0.003901993414477339
pairing,26,16,0.009674487764021272,0.004026580858690128
pairing,26,17,-0.00872219111496283,0.004189619433543863
pairing,26,18,0.00735650141550853,0.004350387740572827
pairing,26,19,-0.005762507098582266,0.0044770392875115835
pairing,26,20,0.004113922420897761,0.0045535646859200096
pairing,26,21,-0.0025527614964167616,0.004580098333221898
pairing,26,22,0.001176454996997217,0.004568934241930708
pairing,26,23,-3.632338754285241e-05,0.004537432032106884
pairing,26,24,-0.0008551193847464466,0.004502306470226977
pairing,26,25,0.0015122133012492483,0.004475624963390902
pairing,26,26,-0.0019647360317424888,0.004463200650934866
pairing,26,27,0.0022484030560531777,0.004465322059615597
pairing,26,28,-0.0023995390920332174,0.004478423297633946
pairing,26,29,0.0024517500798921597,0.004497253134185839
pairing,26,30,-0.0024351273067314836,0.004516441117763592
pairing,26,31,0.00237476698755555,0.004531650307793987
pairing,26,32,-0.0022899810473305544,0.004539943897252229
pairing,26,33,0.002193739111965122,0.004540065085838305
pairing,26,34,-0.0020923750714322577,0.004532177214119678
pairing,26,35,0.0019847214060328923,0.004517914698869526
pairing,26,36,-0.0018623083146990507,0.004500194141295419
pairing,26,37,0.0017088437537064252,0.004483212776473858
pairing,26,38,-0.001499836209760912,0.004471955100084487
pairing,26,39,0.0012036745839133383,0.004471112191313985
pairing,26,40,-0.0007833064912776734,0.004483695121747004
pairing,26,41,0.00019842453671008002,0.004509198437713492
pairing,26,42,0.0005877692647891224,0.004541927084993409
pairing,26,43,-0.0015986810074500111,0.00457046989214346
pairing,26,44,0.0028318257886143657,0.004579046424606008
pairing,26,45,-0.004245969504727678,0.004551194960747287
pairing,26,46,0.005753378633061241,0.004475376813160629
pairing,26,47,-0.007221049748010889,0.004351355029638128
pairing,26,48,0.008482265406643047,0.004194814596182228
pairing,26,49,-0.009356051992540217,0.004036823062300722
pairing,26,50,0.009665648792299548,0.00391706961753329
pairing,26,51,-0.009248680357612806,0.003871822322477454
pairing,26,52,0.007966048183168449,0.003919589402408217
pairing,26,53,-0.005716878987976243,0.00404797784799596
pairing,26,54,0.0024738569775201945,0.0042091562754246505
pairing,26,55,0.001671618900938059,0.004328563329836844
pairing,26,56,-0.0064703914924567636,0.004328043450139836
pairing,26,57,0.011508471773493234,0.004155585211421732
pairing,26,58,-0.016262212805894016,0.00380585863821884
pairing,26,59,0.020202439201401717,0.0033149655050957877
pairing,26,60,-0.02288993792026934,0.002726995797398191
pairing,26,61,0.0239854404250363,0.00208094037226021
pairing,26,62,-0.02324839573157829,0.0014593472146270962
pairing,26,63,0.020714223882691476,0.0008932116275685491
pairing,26,64,-0.014168706926793619,0.0006162272877461819
pairing,27,1,0.014499301711532912,0.0005881667855442671
pairing,27,2,-0.021186586937093424,0.0008528096416241479
pairing,27,3,0.02378623241420833,0.0013955191117573733
pairing,27,4,-0.02457920176723817,0.001996657330769974
pairing,27,5,0.02352623993714074,0.002630012436592351
pairing,27,6,-0.020851442844546333,0.003218611849241105
pairing,27,7,0.0168674116444377,0.0037232072333249237
pairing,27,8,-0.011993521803764264,0.004094407966448527
pairing,27,9,0.006758926116411022,0.0042878366407335874
pairing,27,10,-0.001707150891424011,0.00430061404890914
pairing,27,11,-0.0027158195547800907,0.004181067940717114
pairing,27,12,0.006225055775872957,0.00400947700438947
pairing,27,13,-0.008696908353253404,0.0038666929365102705
pairing,27,14,0.010135176502417263,0.0038077010594121663
pairing,27,15,-0.010625544381801993,0.0038496680573880614
pairing,27,16,0.010301232483649475,0.0039758094990806625
pairing,27,17,-0.009326528613200772,0.004148040133139084
pairing,27,18,0.007888785602614742,0.004322354629867128
pairing,27,19,-0.006187216643262859,0.0044627373327136965
pairing,27,20,0.0044132827889179094,0.004549710534855363
pairing,27,21,-0.002727230059883236,0.004581754144407008
pairing,27,22,0.0012416499389553306,0.004571379568501725
pairing,27,23,-1.7430227509444797e-05,0.004537469004577308
pairing,27,24,-0.0009291482516095438,0.004498744032842859
pairing,27,25,0.0016136595939400824,0.0044689467498513396
pairing,27,26,-0.002070176979140884,0.004454909856753951
pairing,27,27,0.002340895501160831,0.004457238999705097
pairing,27,28,-0.0024685386502808857,0.0044719547034016045
pairing,27,29,0.0024930447982539814,0.0044931802690855345
pairing,27,30,-0.0024499697195805655,0.0045148757586547265
pairing,27,31,0.00236926733735555,0.004532037162918917
pairing,27,32,-0.0022740255074158804,0.004541386967486599
pairing,27,33,0.0021791158719390085,0.004541478622373599
pairing,27,34,-0.0020905516265825137,0.004532468754174025
pairing,27,35,0.0020054595743996947,0.0045162758681240485
pairing,27,36,-0.0019118756124767394,0.004496227658921008
pairing,27,37,0.0017887754359072034,0.004477061937108258
pairing,27,38,-0.0016058441696815717,0.004464445963398468
pairing,27,39,0.001324745506522514,0.004463640505116658
pairing,27,40,-0.0009016996251200685,0.004477908364398615
pairing,27,41,0.0002903245273782487,0.004506472800270701
pairing,27,42,0.0005507614530023354,0.00454261614099747
pairing,27,43,-0.0016461396679738152,0.004573295161295683
pairing,27,44,0.0029895104311836902,0.004580873420415436
pairing,27,45,-0.00452983622603071,0.004547376996082028
pairing,27,46,0.0061641616041800875,0.004461116488994139
pairing,27,47,-0.007740901710234312,0.004323605742807849
pairing,27,48,0.009075358920416235,0.0041538750204829665
pairing,27,49,-0.009972357897737203,0.003987106889042354
pairing,27,50,0.01024567641557255,0.0038662324190254327
pairing,27,51,-0.00972867456674769,0.003828319105858384
pairing,27,52,0.008282649999776286,0.003889335442714935
pairing,27,53,-0.0058147537668823,0.004031015865317187
pairing,27,54,0.002316049667968655,0.004197965799917205
pairing,27,55,0.002092294602941198,0.004309638323878385
pairing,27,56,-0.007123628336306208,0.004287014146600094
pairing,27,57,0.012327876588893597,0.004083935628402354
pairing,27,58,-0.017160438133089435,0.003705333620979261
pairing,27,59,0.021096723986748327,0.003196953392658397
pairing,27,60,-0.02372538579812173,0.002608230232484789
pairing,27,61,0.02473990124154982,0.001977877500398236
pairing,27,62,-0.02391786205129859,0.0013815102539807495
pairing,27,63,0.021295123660796285,0.0008440817397090221
pairing,27,64,-0.014573186067566572,0.000582138889826409
pairing,28,1,0.01486192480833806,0.0005562743199881991
pairing,28,2,-0.021706768201732424,0.0008068131993045518
pairing,28,3,0.024387109209318934,0.0013223909355669584
pairing,28,4,-0.025261296943079752,0.0018990214863532267
pairing,28,5,0.024290770013919893,0.0025159646901502966
pairing,28,6,-0.02168273639848951,0.003103042204987207
pairing,28,7,0.017717091093834292,0.0036220586988255227
pairing,28,8,-0.012783201093859341,0.004019518570874343
pairing,28,9,0.007401561519639737,0.004242282860911607
pairing,28,10,-0.002132595521369467,0.00427732639230247
pairing,28,11,-0.0025446867268716384,0.0041663811880588986
pairing,28,12,0.006309185574692452,0.003989792073748782
pairing,28,13,-0.009006428085953293,0.0038339387007287357
pairing,28,14,0.010619436605005923,0.00376119582437453
pairing,28,15,-0.011223533122873636,0.003794925255383554
pairing,28,16,0.010949042842024883,0.003921511115409863
pairing,28,17,-0.009962622690552803,0.004102532999774453
pairing,28,18,0.008459035602930418,0.004290756566932191
pairing,28,19,-0.0066507669100227765,0.004445839801776409
pairing,28,20,0.0047473822063287575,0.004544447284173714
pairing,28,21,-0.002928804442091044,0.004582956482174017
pairing,28,22,0.0013246372593313095,0.004573868542516083
pairing,28,23,-7.02093327700575e-06,0.004537534682342548
pairing,28,24,-0.0010025714577207635,0.004494900989678979
pairing,28,25,0.0017197318431789008,0.004461632996824938
pairing,28,26,-0.0021832682840240217,0.00444573517708511
pairing,28,27,0.0024420856520204915,0.00444818315911163
pairing,28,28,-0.0025457909533134235,0.004464620589970645
pairing,28,29,0.0025411724937199074,0.004488457293168127
pairing,28,30,-0.0024701917403451737,0.0045128821634993965
pairing,28,31,0.0023679876519249873,0.004532214117915281
pairing,28,32,-0.002261331508372989,0.004542721176777089
pairing,28,33,0.002167395977595306,0.004542730126688691
pairing,28,34,-0.0020925162841278827,0.0045324512706585406
pairing,28,35,0.002031672169124119,0.004514038545391022
pairing,28,36,-0.0019686909461289646,0.004491381452982217
pairing,28,37,0.0018770443612152491,0.004469887039513343
pairing,28,38,-0.0017204332401444457,0.004455895808620277
pairing,28,39,0.0014534437539745677,0.0044552933387260515
pairing,28,40,-0.0010245580587244514,0.004471515324725676
pairing,28,41,0.00038108369306914846,0.004503437802790503
pairing,28,42,0.000522648984249913,0.004543204870983414
pairing,28,43,-0.001711662665133225,0.004575944056967084
pairing,28,44,0.0031745131890243165,0.004581990855438297
pairing,28,45,-0.004848566377495176,0.004541952785760291
pairing,28,46,0.006613589420251182,0.004444187025614917
pairing,28,47,-0.008298208596079867,0.004292265868553052
pairing,28,48,0.00969935624160248,0.004109087096751978
pairing,28,49,-0.010608447668394885,0.003934158381062468
pairing,28,50,0.01083144294952398,0.0038133514394122336
pairing,28,51,-0.010199241822177338,0.0037839991060337344
pairing,28,52,0.008576003849301347,0.003858887195359604
pairing,28,53,-0.005879730917641036,0.004013409326816526
pairing,28,54,0.002122993164494712,0.0041846853459614345
pairing,28,55,0.0025409058778768576,0.004286805457572275
pairing,28,56,-0.007787817988012146,0.0042409786513763125
pairing,28,57,0.01313469023466498,0.0040079362814403096
pairing,28,58,-0.01802086009236529,0.0036029899847347933
pairing,28,59,0.02193225848251516,0.003080504143197909
pairing,28,60,-0.024489245408926656,0.0024937362550130405
pairing,28,61,0.025418449996785553,0.0018801007374123371
pairing,28,62,-0.024513948496252186,0.0013083864725656983
pairing,28,63,0.021810449377910837,0.0007981276546115352
pairing,28,64,-0.014932320253461698,0.0005502785341151911
pairing,29,1,0.01518153579296705,0.0005267043627310993
pairing,29,2,-0.022165015454702484,0.0007641321914809965
pairing,29,3,0.024918495399166858,0.0012542440014178115
pairing,29,4,-0.025870509147537274,0.001807178188328028
pairing,29,5,0.0249845824310689,0.002407009787693614
pairing,29,6,-0.022452834316724714,0.0029901264682533906
pairing,29,7,0.018522942354259078,0.0035201838137924307
pairing,29,8,-0.013551726243010098,0.003941053366934266
pairing,29,9,0.008045845143743131,0.004192014431491517
pairing,29,10,-0.0025774822288171166,0.004249945735911369
pairing,29,11,-0.0023446951620626384,0.004149253833453381
pairing,29,12,0.0063639487049720386,0.003969177358134829
pairing,29,13,-0.00929391956358033,0.003800795739108147
pairing,29,14,0.01109373676438066,0.0037138326670754394
pairing,29,15,-0.011825628307098279,0.0037382839210906805
pairing,29,16,0.011614852382161046,0.003864199650654169
pairing,29,17,-0.010628412102550859,0.00405332666871769
pairing,29,18,0.009066591685991037,0.00425563061562986
pairing,29,19,-0.007154044255328475,0.004426248421116571
pairing,29,20,0.005118258889732932,0.004537651522888181
pairing,29,21,-0.0031599963839392974,0.0045836801337732404
pairing,29,22,0.0014278062942174943,0.004576452470240956
pairing,29,23,-7.306387293496645e-06,0.0045378292839997475
pairing,29,24,-0.0010734502678171557,0.004491059838414282
pairing,29,25,0.00182950787127527,0.0044539513256408375
pairing,29,26,-0.002303978969824055,0.004435912405829943
pairing,29,27,0.002552454745125831,0.004438386999787918
pairing,29,28,-0.0026321217719824596,0.004456684748239908
pairing,29,29,0.0025972509998898113,0.004483414310854706
pairing,29,30,-0.0024968027915267766,0.00451085772004451
pairing,29,31,0.002371705026009889,0.004532567688689431
pairing,29,32,-0.0022531406506001387,0.0045443128346512795
pairing,29,33,0.0021603510956532176,0.0045442401284051925
pairing,29,34,-0.0020998406229368084,0.004532606958516926
pairing,29,35,0.002064369686569842,0.00451185062974772
pairing,29,36,-0.0020333771357628093,0.004486385574224981
pairing,29,37,0.0019743456873352137,0.0044623163458160225
pairing,29,38,-0.001843995281900523,0.004446784120961984
pairing,29,39,0.0015892527897509857,0.004446347415063616
pairing,29,40,-0.0011508882356066515,0.004464694492487863
pairing,29,41,0.00046933468842746723,0.004500282854544605
pairing,29,42,0.0005055123493152825,0.004543919564166709
pairing,29,43,-0.001797782735825878,0.004578643148878887
pairing,29,44,0.0033893036876104492,0.004582613945687843
pairing,29,45,-0.005203966640195273,0.004535028265466777
pairing,29,46,0.00710230006417395,0.0044246169954396675
pairing,29,47,-0.0088920604415645,0.004257492351063116
pairing,29,48,0.010352021696723227,0.004060703439474135
pairing,29,49,-0.011261234478852317,0.0038781866083556597
pairing,29,50,0.011419721764765831,0.0037585658604161257
pairing,29,51,-0.010657892170659312,0.0037388853299924656
pairing,29,52,0.00884525837557323,0.003828086337220301
pairing,29,53,-0.005913301984703882,0.003994817784748566
pairing,29,54,0.0018994388360785764,0.004168841845785035
pairing,29,55,0.003009856139630545,0.0042597084937628215
pairing,29,56,-0.008453862342261337,0.004190043363218607
pairing,29,57,0.01391987463771201,0.0039282793625873245
pairing,29,58,-0.018836760144601117,0.003499914496004215
pairing,29,59,0.022706133671183404,0.002966712449281007
pairing,29,60,-0.025182217467442758,0.0023843691299378286
pairing,29,61,0.02602417669708773,0.0017882044322453108
pairing,29,62,-0.025040803759427445,0.0012403272302834907
pairing,29,63,0.022264187831462653,0.0007555276291277452
pairing,29,64,-0.015248713297226699,0.0005207692690859746
pairing,30,1,0.015461503091551252,0.0004994348550306075
pairing,30,2,-0.022566324243436135,0.0007247389617089283
pairing,30,3,0.025385675349727695,0.0011910937137254015
pairing,30,4,-0.026411297460332335,0.0017212706456481513
pairing,30,5,0.025609957840665366,0.0023035279004518655
pairing,30,6,-0.02316072539712733,0.0028804888668780898
pairing,30,7,0.01928046688939337,0.0034183242447978195
pairing,30,8,-0.01429186360635601,0.0038594975191072337
pairing,30,9,0.0086836349973472,0.004136947281076723
pairing,30,10,-0.0030346872314272284,0.004217937162720025
pairing,30,11,-0.0021209250437011044,0.004128916173193324
pairing,30,12,0.006392111486786919,0.003946938058040928
pairing,30,13,-0.00955944271851589,0.003766873424393841
pairing,30,14,0.011556175862804672,0.0036654341705257536
pairing,30,15,-0.012428930991358961,0.0036795940892696737
pairing,30,16,0.012295622051590677,0.003803675234365406
pairing,30,17,-0.011321575920042955,0.0040001353568210486
pairing,30,18,0.009710551072015655,0.004216516354728152
pairing,30,19,-0.007697655315615998,0.004403445323221551
pairing,30,20,0.00552779607850813,0.004528842354336109
pairing,30,21,-0.0034234581910934534,0.00458349326136313
pairing,30,22,0.001553782484887627,0.004578846607258944
pairing,30,23,-2.0289112457042967e-05,0.004538170548760233
pairing,30,24,-0.0011403637401366355,0.004487072147062426
pairing,30,25,0.0019424538706082164,0.004445820728533578
pairing,30,26,-0.002432440787394464,0.0044254260693026015
pairing,30,27,0.002672560565467339,0.0044277905010800195
pairing,30,28,-0.002728509869453011,0.004447982899582096
pairing,30,29,0.002662619609059884,0.004477790023285596
pairing,30,30,-0.002531339787518158,0.0045084876054726246
pairing,30,31,0.0023819612570600804,0.004532812562569031
pairing,30,32,-0.002250390685499541,0.004545977873556568
pairing,30,33,0.002158637482379689,0.004545880804786111
pairing,30,34,-0.0021133235152532995,0.004532802478394715
pairing,30,35,0.002104599559180363,0.004509485168522202
pairing,30,36,-0.0021069096989501197,0.004480938837310929
pairing,30,37,0.0020812772687303915,0.004454077601523017
pairing,30,38,-0.0019767452939463176,0.004436925253274336
pairing,30,39,0.0017319568963388282,0.004436773080999881
pairing,30,40,-0.0012795264029201367,0.004457558334214076
pairing,30,41,0.0005529766340572138,0.0044971593455091895
pairing,30,42,0.0005017772659534547,0.004544814585177229
pairing,30,43,-0.0019073053927019974,0.004581295062331125
pairing,30,44,0.0036365304543408443,0.004582451847423317
pairing,30,45,-0.005597783748921228,0.004526179665759101
pairing,30,46,0.007630706271232763,0.004401967752521128
pairing,30,47,-0.00952138919659176,0.004218910013450945
pairing,30,48,0.011030798034675384,0.0040085485481969494
pairing,30,49,-0.011927427512362684,0.0038192166392953452
pairing,30,50,0.012007497334024723,0.0037019207264489913
pairing,30,51,-0.0111029089716033,0.0036928790277596098
pairing,30,52,0.00909053426104281,0.00379663116936487
pairing,30,53,-0.005918401290335774,0.003974706115049941
pairing,30,54,0.0016507323802917085,0.004149815777398543
pairing,30,55,0.003492028802555145,0.004227950809786843
pairing,30,56,-0.009113869251403436,0.0041342961766603886
pairing,30,57,0.014676762571117701,0.003845553618484603
pairing,30,58,-0.019604434226107314,0.0033969134499652826
pairing,30,59,0.023417894715373012,0.0028563373201261214
pairing,30,60,-0.025806981839922506,0.0022805926410430968
pairing,30,61,0.026561922382789357,0.0017022938328368643
pairing,30,62,-0.02550399643547681,0.0011772837618085265
pairing,30,63,0.02266149527927341,0.0007162279079392839
pairing,30,64,-0.015525804033043284,0.0004935694094438127
pairing,31,1,0.01570569226356564,0.0004743584517901121
pairing,31,2,-0.022916412377436593,0.0006884865247668174
pairing,31,3,0.02579495376730887,0.0011327637076754102
pairing,31,4,-0.026889579174896247,0.0016412418149676486
pairing,31,5,0.02617121476566442,0.002205755913853592
pairing,31,6,-0.02380804333699016,0.002774723337022009
pairing,31,7,0.019987955988721186,0.0033172697999540777
pairing,31,8,-0.014998750814836998,0.0037756446268153144
pairing,31,9,0.009307958412306413,0.004077641708337686
pairing,31,10,-0.0034964035828617063,0.0041814831069601505
pairing,31,11,-0.001879838233980707,0.004105281548540823
pairing,31,12,0.006397576306552373,0.003922870608951077
pairing,31,13,-0.00980444945163908,0.0037320525164092145
pairing,31,14,0.012005981056238799,0.0036161545505476247
pairing,31,15,-0.013031305822021706,0.003619136019944408
pairing,31,16,0.012988743502328043,0.0037401375942961042
pairing,31,17,-0.012039696458719506,0.003943006610570703
pairing,31,18,0.010389330672281918,0.004173299065124689
pairing,31,19,-0.00828128749350135,0.004377263383939678
pairing,31,20,0.005976958239515548,0.004517876483131487
pairing,31,21,-0.0037210180333114608,0.004582359389682501
pairing,31,22,0.0017050693479552237,0.004581093222888393
pairing,31,23,-4.854757293704212e-05,0.004538602885524396
pairing,31,24,-0.0012015844192978518,0.004482997422269028
pairing,31,25,0.0020572361269221504,0.004437186864189627
pairing,31,26,-0.0025679638572340983,0.004414061972881043
pairing,31,27,0.002802620528473698,0.0044161740111593305
pairing,31,28,-0.0028356345688112954,0.004438324558796553
pairing,31,29,0.002738119954302059,0.004471440103675568
pairing,31,30,-0.002574788159655235,0.004505681183382186
pairing,31,31,0.0023999742899143877,0.0045328751748160544
pairing,31,32,-0.0022548764084629235,0.004547594364499691
pairing,31,33,0.0021644316535661895,0.004547466772606053
pairing,31,34,-0.002135005365350287,0.004532817470919892
pairing,31,35,0.0021540055961576238,0.004506697986193023
pairing,31,36,-0.002190726921615,0.004474768685949881
pairing,31,37,0.0021987936244073315,0.0044449102331261875
pairing,31,38,-0.002118748010295107,0.0044260783075323225
pairing,31,39,0.001880852957397059,0.004426323651866643
pairing,31,40,-0.0014093609096301383,0.00444987544062116
pairing,31,41,0.0006303114706407006,0.004493852454564073
pairing,31,42,0.0005136465113772797,0.0045457093991851955
pairing,31,43,-0.002042455851797693,0.004583687531313699
pairing,31,44,0.003918273962282434,0.004581213648296379
pairing,31,45,-0.006031476389197856,0.004515073018897473
pairing,31,46,0.008199343761224581,0.004375869406027048
pairing,31,47,-0.010185156164373738,0.004176243922463941
pairing,31,48,0.011733341016650299,0.0039526039038799915
pairing,31,49,-0.012604349460955611,0.0037574708562348727
pairing,31,50,0.012592305303653047,0.0036437701091482258
pairing,31,51,-0.011532937512297173,0.0036463032970901407
pairing,31,52,0.009312634662971163,0.0037645562534034042
pairing,31,53,-0.0058983915231087085,0.003952937957315999
pairing,31,54,0.0013827324446091915,0.004127595445084098
pairing,31,55,0.0039796976836545175,0.004191831675155871
pairing,31,56,-0.009760367074362846,0.004074461424082384
pairing,31,57,0.015399686678398304,0.0037608296056956068
pairing,31,58,-0.02032082443139875,0.0032951225144913234
pairing,31,59,0.02406824222109426,0.0027501635936872017
pairing,31,60,-0.02636743322931042,0.0021827451000361263
pairing,31,61,0.027037361593901514,0.0016224042648372607
pairing,31,62,-0.025909696142528617,0.0011191497926505236
pairing,31,63,0.023008055489817034,0.0006801195073229097
pairing,31,64,-0.015767456601873824,0.0004685957078626209
pairing,32,1,0.015918124793500327,0.00045130390454183457
pairing,32,2,-0.023221133761572938,0.0006551331265875853
pairing,32,3,0.026152697655981716,0.0010789065388244765
pairing,32,4,-0.027311418146090786,0.0015667456463038213
pairing,32,5,0.026673051021997296,0.0021135308713485447
pairing,32,6,-0.024396825600975572,0.0026730487117967256
pairing,32,7,0.02064386542222163,0.0032175764919705214
pairing,32,8,-0.01566776036051519,0.003689977691730782
pairing,32,9,0.009912199019075885,0.004014111338005668
pairing,32,10,-0.003955819100800643,0.004140038787896526
pairing,32,11,-0.0016271999107333411,0.004077453856603306
pairing,32,12,0.0063841912467372175,0.0038960587115269467
pairing,32,13,-0.010030379747403922,0.003695617835549816
pairing,32,14,0.012442681630702421,0.003565561343457707
pairing,32,15,-0.013630524406506372,0.0035567250650682335
pairing,32,16,0.013690968228059236,0.0036734701870489296
pairing,32,17,-0.012779830444476191,0.0038817425652596924
pairing,32,18,0.011101196186754331,0.004125576457911728
pairing,32,19,-0.008904594486587385,0.0043470563691651205
pairing,32,20,0.0064666633632239475,0.004504082123687455
pairing,32,21,-0.004054586835665666,0.0045797929442173806
pairing,32,22,0.0018840248411970655,0.004582946056021866
pairing,32,23,-9.43912727948493e-05,0.00453907102162696
pairing,32,24,-0.0012551343065245711,0.00447886102763675
pairing,32,25,0.0021724621140277018,0.004428108896852488
pairing,32,26,-0.0027097455054628378,0.004401845750080456
pairing,32,27,0.002942537254109222,0.004403515968200142
pairing,32,28,-0.002954095960487637,0.0044276862715421795
pairing,32,29,0.002824938889443996,0.004464333721136325
pairing,32,30,-0.0026287905384188696,0.004502411263565006
pairing,32,31,0.002427793513737682,0.004532734195012464
pairing,32,32,-0.00226868545280021,0.004549160266258281
pairing,32,33,0.0021793339727133963,0.004548960582965266
pairing,32,34,-0.002166147472155485,0.004532565041837859
pairing,32,35,0.0022134847465516963,0.004503405412091063
pairing,32,36,-0.0022850141571164172,0.004467861268401072
pairing,32,37,0.0023266085346384715,0.004434806000839558
pairing,32,38,-0.0022697936443354765,0.004414258214020058
pairing,32,39,0.002035542814172901,0.004415128033415822
pairing,32,40,-0.0015389637575114108,0.004441792534392962
pairing,32,41,0.0006988958133082438,0.004490479245616539
pairing,32,42,0.0005439768598197857,0.004546603806893361
pairing,32,43,-0.00220577119587902,0.004585690542430116
pairing,32,44,0.004236291316914366,0.004578695043597276
pairing,32,45,-0.006505512557662643,0.004501457511108757
pairing,32,46,0.008806654838612472,0.004346201286602261
pairing,32,47,-0.010880722185734104,0.004129558543192319
pairing,32,48,0.012456898912443,0.003892986448451426
pairing,32,49,-0.013289254995320417,0.003693083396056786
pairing,32,50,0.013172482352741047,0.003584197356894981
pairing,32,51,-0.01194801877390202,0.0035989254952072686
pairing,32,52,0.009513926778076689,0.0037313641677913494
pairing,32,53,-0.0058579307611555,0.003928904094721228
pairing,32,54,0.001102077189487592,0.0041016311053024244
pairing,32,55,0.004465581851245171,0.00415117848633988
pairing,32,56,-0.010386783056281566,0.004010831729864968
pairing,32,57,0.01608434644347804,0.003674679498215119
pairing,32,58,-0.020985216335549506,0.003195049250771207
pairing,32,59,0.024659797769534544,0.0026484092046424293
pairing,32,60,-0.026868472486300077,0.002090719483376311
pairing,32,61,0.02745665919481907,0.0015482334717640996
pairing,32,62,-0.026264284461302252,0.0010655908317496717
pairing,32,63,0.02330969028253624,0.000646962250249652
pairing,32,64,-0.015977670176075563,0.00044568081393604926
pairing,33,1,0.016102733855470598,0.0004300790073416376
pairing,33,2,-0.023486170912036718,0.0006244009995475361
pairing,33,3,0.02646519582268687,0.0010291305526842552
pairing,33,4,-0.02768313890153993,0.0014974056320885205
pairing,33,5,0.02712086856647757,0.0020266444235179683
pairing,33,6,-0.02493038849610852,0.002575519606185112
pairing,33,7,0.021248919264789296,0.0031195739444324242
pairing,33,8,-0.01629666494791816,0.0036030011929831045
pairing,33,9,0.010491601016667206,0.003946895448255763
pairing,33,10,-0.004406829271438337,0.004093993698826358
pairing,33,11,-0.0013691221967562575,0.004045551352747074
pairing,33,12,0.006356976884587404,0.0038664811355099264
pairing,33,13,-0.010240630581695751,0.0036575628254151
pairing,33,14,0.012867862874312522,0.003513679322026692
pairing,33,15,-0.014226728843125428,0.003492486978759311
pairing,33,16,0.014401351429788514,0.003603947701404494
pairing,33,17,-0.013540066258321699,0.003816628680086722
pairing,33,18,0.011844222122830901,0.004073562057488057
pairing,33,19,-0.009566659069447682,0.004312999926804048
pairing,33,20,0.006997548296289789,0.004487613805562213
pairing,33,21,-0.0044259900962668585,0.004575895029673517
pairing,33,22,0.002093070320767903,0.004584511040131773
pairing,33,23,-0.00016020419666694916,0.004539720147496199
pairing,33,24,-0.001299015079264018,0.004474815612114383
pairing,33,25,0.002286905577957696,0.00441870990361265
pairing,33,26,-0.002857498502902759,0.004388872471430101
pairing,33,27,0.003092872609658585,0.004389858487244851
pairing,33,28,-0.0030851837913494972,0.00441604621720612
pairing,33,29,0.0029249438084096233,0.004456459428863756
pairing,33,30,-0.0026954146801699145,0.004498743261033593
pairing,33,31,0.0024667732826156993,0.004532510203894994
pairing,33,32,-0.0022922138627871217,0.004550818260355807
pairing,33,33,0.0022034155160699674,0.004550581965488268
pairing,33,34,-0.0022071362820598166,0.004532267640936596
pairing,33,35,0.002284165877370951,0.00449978967312866
pairing,33,36,-0.0023913738516741197,0.004460319816600822
pairing,33,37,0.0024661639176282437,0.004423792636239163
pairing,33,38,-0.0024305060410060447,0.00440147653773172
pairing,33,39,0.0021955464466778115,0.004403172418832937
pairing,33,40,-0.0016668614552021305,0.004433347892450856
pairing,33,41,0.000756999579130376,0.0044871623484612246
pairing,33,42,0.0005949576880268626,0.004547645927887972
pairing,33,43,-0.002399567368342968,0.004587347473989339
pairing,33,44,0.004592114458897278,0.0045747433544831295
pairing,33,45,-0.007020195820060301,0.004485059477284918
pairing,33,46,0.009451788361831056,0.004312670399778697
pairing,33,47,-0.011606113964749124,0.004078649219906187
pairing,33,48,0.013198829522288959,0.0038296506759529737
pairing,33,49,-0.013980052586679257,0.0036260670827012948
pairing,33,50,0.013747261859218839,0.003523051823108486
pairing,33,51,-0.012349228743340893,0.0035504799008156283
pairing,33,52,0.009697359824889978,0.0036967424842457774
pairing,33,53,-0.005801781973861345,0.00390226788716359
pairing,33,54,0.0008147497496768621,0.004071755699030868
pairing,33,55,0.004943668843980221,0.004106090196123822
pairing,33,56,-0.010988462231278286,0.003943760519163954
pairing,33,57,0.016728614605966065,0.0035875518947719584
pairing,33,58,-0.021598592525760973,0.0030970040199534785
pairing,33,59,0.025196148138599356,0.0025511078399504668
pairing,33,60,-0.02731565039573131,0.0020042583733034993
pairing,33,61,0.027826151528913438,0.0014793515331355893
pairing,33,62,-0.02657403342396252,0.001016203973265943
pairing,33,63,0.023572032538855217,0.0006164900731219264
pairing,33,64,-0.016160328490418464,0.00042463461297172916
pairing,34,1,0.01626317808304685,0.0004105177786056836
pairing,34,2,-0.023716767060989297,0.0005960655774447381
pairing,34,3,0.02673825642534304,0.0009830952163561836
pairing,34,4,-0.02801060681506231,0.0014328342797234083
pairing,34,5,0.027520010976831173,0.0019448438453610742
pairing,34,6,-0.025412851933290265,0.0024821841599369327
pairing,34,7,0.02180470772977272,0.0030236410658716333
pairing,34,8,-0.01688413840028833,0.003515281775925933
pairing,34,9,0.011042498463558585,0.003876400924222605
pairing,34,10,-0.00484424512822603,0.0040433599223806726
pairing,34,11,-0.0011111804463297098,0.004009247642905364
pairing,34,12,0.006320634466769467,0.0038335962774220795
pairing,34,13,-0.01043837169940373,0.0036173187743089802
pairing,34,14,0.013282673393805672,0.003460127691026927
pairing,34,15,-0.014818942349215963,0.003426288980469869
pairing,34,16,0.015117318286223208,0.003531503070385154
pairing,34,17,-0.014317532097542135,0.0037474406603315224
pairing,34,18,0.012615792450398424,0.004016862912837297
pairing,34,19,-0.010266040880792153,0.00427456371346197
pairing,34,20,0.007569534296408484,0.004467839554551385
pairing,34,21,-0.0048365127578740815,0.004570146491803187
pairing,34,22,0.0023343259214297606,0.004585465303639269
pairing,34,23,-0.0002483914011196032,0.0045403850516368
pairing,34,24,-0.0013309921388679317,0.004470812542626809
pairing,34,25,0.0023988701221848386,0.0044090171212133565
pairing,34,26,-0.0030100990856431545,0.004375169726874356
pairing,34,27,0.003252974975141653,0.0043751899935010816
pairing,34,28,-0.0032287344233129624,0.004403391340259192
pairing,34,29,0.0030382635996723454,0.004447762934129703
pairing,34,30,-0.00277505361274842,0.004494542911407848
pairing,34,31,0.0025182560346052756,0.004532037969141161
pairing,34,32,-0.0023280736727320445,0.004552403046870468
pairing,34,33,0.0022403526497775886,0.004552142757921637
pairing,34,34,-0.002261427747700379,0.004531756578622056
pairing,34,35,0.0023679269369075657,0.004495650565008517
pairing,34,36,-0.0025103445067076267,0.004451935429238504
pairing,34,37,0.002617351644613301,0.004411770379244675
pairing,34,38,-0.0026003234500208295,0.004387756726464416
pairing,34,39,0.0023594202795297536,0.0043905692971039564
pairing,34,40,-0.0017911974308734454,0.004424664988928625
pairing,34,41,0.0008022402024671857,0.004483939138640157
pairing,34,42,0.0006692243329019113,0.004548753091277804
pairing,34,43,-0.002626239659793372,0.004588491629664121
pairing,34,44,0.004987368407486549,0.004569148791360217
pairing,34,45,-0.007576062595991117,0.004465654780019732
pairing,34,46,0.010134230667452587,0.0042750662784989775
pairing,34,47,-0.012359999232004235,0.004023356129160331
pairing,34,48,0.013957651891907778,0.0037624882219201273
pairing,34,49,-0.014675919076349655,0.0035562897704786165
pairing,34,50,0.014316920673342655,0.003460134797345268
pairing,34,51,-0.01273831846055755,0.003500605274489635
pairing,34,52,0.009866240597863521,0.0036601018596639345
pairing,34,53,-0.005734787107562771,0.0038723657250663316
pairing,34,54,0.0005263932428270258,0.0040374044916672135
pairing,34,55,0.005408715933143874,0.004056280541810729
pairing,34,56,-0.011561662028720998,0.0038732481816444128
pairing,34,57,0.017331334722562115,0.0034995015541867615
pairing,34,58,-0.022162542834389842,0.0030009077040396895
pairing,34,59,0.02568151139794302,0.0024578999665704456
pairing,34,60,-0.027714643643627235,0.0019227840718873377
pairing,34,61,0.028152007586704234,0.0014151935592096043
pairing,34,62,-0.026844908442261756,0.0009705209600516847
pairing,34,63,0.023800420652502305,0.0005883771985809357
pairing,34,64,-0.016319158662231784,0.00040523055050156796
pairing,35,1,0.016402788161291003,0.00039241106455444085
pairing,35,2,-0.0239176762794979,0.0005698187559939234
pairing,35,3,0.026977156064992933,0.0009403419044060282
pairing,35,4,-0.028299260096027287,0.0013725044896771709
pairing,35,5,0.027875514949349187,0.0018676100365999171
pairing,35,6,-0.025848063079502877,0.0023926551793943714
pairing,35,7,0.02231322610789639,0.002929577855020226
pairing,35,8,-0.017429588272368984,0.0034267190819711303
pairing,35,9,0.01156166928637618,0.003802467090080925
pairing,35,10,-0.00526321400624329,0.003987740416238644
pairing,35,11,-0.0008586378948840471,0.003967836040978372
pairing,35,12,0.006279888511009836,0.0037965563517583325
pairing,35,13,-0.010626806448938448,0.003574121793484648
pairing,35,14,0.013688642911040974,0.0034043244512955255
pairing,35,15,-0.015407188604390724,0.003357764716506302
pairing,35,16,0.015837660213352842,0.0034559171998948795
pairing,35,17,-0.015110217978223183,0.003673963805577523
pairing,35,18,0.013414133795751671,0.003955156261041476
pairing,35,19,-0.011001824875827196,0.004231317001593777
pairing,35,20,0.008182958152889601,0.004444311759306951
pairing,35,21,-0.0052877298986444745,0.004562147446432931
pairing,35,22,0.0026101602130956343,0.004585522949956138
pairing,35,23,-0.0003615866658897421,0.004540916823616526
pairing,35,24,-0.00134880957766064,0.004466798725726461
pairing,35,25,0.0025068486719956335,0.004398960276808123
pairing,35,26,-0.003166992320774143,0.004360599473381523
pairing,35,27,0.0034230611417214755,0.004359310311681238
pairing,35,28,-0.0033855236667975977,0.004389465128777063
pairing,35,29,0.0031664182972784343,0.004437999426078214
pairing,35,30,-0.0028698216383614633,0.0044896266759706215
pairing,35,31,0.0025846512186491785,0.004531221282847062
pairing,35,32,-0.0023785331024085607,0.004553892333953735
pairing,35,33,0.002291351302893673,0.004553623506601944
pairing,35,34,-0.002329560725493072,0.0045309711645203764
pairing,35,35,0.0024658107733437724,0.004490911294778835
pairing,35,36,-0.002643113061087413,0.004442619843062646
pairing,35,37,0.0027804124896262626,0.00439864330570273
pairing,35,38,-0.0027783160188843887,0.00437296202367536
pairing,35,39,0.0025259222030071054,0.004377200053799235
pairing,35,40,-0.001910292878849345,0.004415671739964715
pairing,35,41,0.0008324523782924185,0.004480683751459117
pairing,35,42,0.000768904479967297,0.004549692443027239
pairing,35,43,-0.0028875815365842785,0.004588701120652
pairing,35,44,0.005423055095246907,0.004561313011863209
pairing,35,45,-0.008172791987067681,0.0044426059415958955
pairing,35,46,0.010852154031314799,0.004232878269157118
pairing,35,47,-0.01313951603776445,0.00396341898457638
pairing,35,48,0.014730434208734227,0.003691441712761204
pairing,35,49,-0.015374730421584876,0.003483731586360505
pairing,35,50,0.014881163328818614,0.0033952098709322605
pairing,35,51,-0.013117081163372495,0.003448753036524625
pairing,35,52,0.010024564759539879,0.0036207620098082653
pairing,35,53,-0.005662265692802992,0.003838588680299768
pairing,35,54,0.00024267164920037452,0.003998299980582228
pairing,35,55,0.005855713560390951,0.0040019417776486635
pairing,35,56,-0.012103182656521744,0.0037998405197417953
pairing,35,57,0.01789185821361816,0.0034111527027927873
pairing,35,58,-0.022679171558110695,0.0029071165776802244
pairing,35,59,0.026119716625773094,0.002368814664318105
pairing,35,60,-0.028070185283688664,0.0018460826766038918
pairing,35,61,0.028439337959659097,0.0013553645353004315
pairing,35,62,-0.0270819816930456,0.0009281569412065671
pairing,35,63,0.023999478717408925,0.0005623811185184297
pairing,35,64,-0.016457421545145717,0.0003872987719868846
pairing,36,1,0.01652450179137576,0.0003755584694218173
pairing,36,2,-0.024093079252020158,0.0005453776982536876
pairing,36,3,0.02718657499513041,0.0009004297302013955
pairing,36,4,-0.02855408576093303,0.0013158633771667306
pairing,36,5,0.028192365832620307,0.001794408691207666
pairing,36,6,-0.026240327596602924,0.0023065767191998775
pairing,36,7,0.022777290231508318,0.0028373352773030753
pairing,36,8,-0.017933708955952882,0.0033375190853421966
pairing,36,9,0.012047608754793966,0.00372534144978772
pairing,36,10,-0.005660361794935312,0.003927215448417719
pairing,36,11,-0.0006157348738139554,0.003921107767910647
pairing,36,12,0.006238923625299061,0.003754931931326503
pairing,36,13,-0.01080931507971703,0.0035275158266720504
pairing,36,14,0.01408774620379312,0.0033459212703466027
pairing,36,15,-0.015991789929817243,0.0032866771977846055
pairing,36,16,0.016561150161412602,0.003377028214864075
pairing,36,17,-0.015915844640158286,0.0035961232023798387
pairing,36,18,0.014236806868126447,0.003888302142230226
pairing,36,19,-0.011772231953160657,0.00418288666092006
pairing,36,20,0.008837520976104005,0.004416542701476116
pairing,36,21,-0.005780570752340437,0.004551444546295821
pairing,36,22,0.0029222504785260113,0.004584358016346114
pairing,36,23,-0.0005018927131164898,0.004541185756375786
pairing,36,24,-0.0013504081619760346,0.0044627570842503995
pairing,36,25,0.002609079385939008,0.004388566630447017
pairing,36,26,-0.0033267722961330516,0.004345202730990481
pairing,36,27,0.0036025072609346034,0.004342209933656761
pairing,36,28,-0.003556018937770868,0.004374189426801623
pairing,36,29,0.0033105364313943,0.004427058904001253
pairing,36,30,-0.0029814688618209012,0.004483889991272564
pairing,36,31,0.0026679734623026347,0.004529941409930377
pairing,36,32,-0.0024455179202303398,0.0045551551178881974
pairing,36,33,0.002358359739587391,0.0045549187843456395
pairing,36,34,-0.002413390877464435,0.004529824034061679
pairing,36,35,0.002579261086322361,0.004485505723500894
pairing,36,36,-0.0027906879469498224,0.004432310610996061
pairing,36,37,0.002956063678404271,0.004384320329928748
pairing,36,38,-0.002964690339078789,0.004357056975820584
pairing,36,39,0.002694281513090288,0.0043630754828592536
pairing,36,40,-0.0020225455853507372,0.004406412773304386
pairing,36,41,0.0008453460943401926,0.004477482616678122
pairing,36,42,0.0008968100283574742,0.004550456950121313
pairing,36,43,-0.0031861162024974365,0.004587811776545961
pairing,36,44,0.005900716508754479,0.004550926807922315
pairing,36,45,-0.00881055990911987,0.004415504580235171
pairing,36,46,0.011604507792098474,0.004185742469443653
pairing,36,47,-0.01394298687501351,0.0038985843774558037
pairing,36,48,0.015515654978539352,0.003616304478329605
pairing,36,49,-0.016075901046755284,0.0034081401608238773
pairing,36,50,0.015440582198766838,0.003327974396572555
pairing,36,51,-0.013487403990066068,0.0033945492827048736
pairing,36,52,0.010175060371344195,0.0035782314856175994
pairing,36,53,-0.005588041237308333,0.003800428236231574
pairing,36,54,-3.245984422296875e-05,0.003954021255354167
pairing,36,55,0.006281550187764709,0.0039427892882624715
pairing,36,56,-0.012611620246098122,0.0037233660821053803
pairing,36,57,0.018410970289111685,0.003322327885288157
pairing,36,58,-0.023151251366227338,0.0028153265437319847
pairing,36,59,0.026515043254271627,0.0022833480904286556
pairing,36,60,-0.028387254519943884,0.0017735313121765386
pairing,36,61,0.028693110039508918,0.0012993087827042034
pairing,36,62,-0.027289895580004993,0.0008886896141588449
pairing,36,63,0.024173349408297726,0.0005382183938262379
pairing,36,64,-0.016578011425086126,0.000370638531029695
pairing,37,1,0.016630940862145366,0.0003597131920120468
pairing,37,2,-0.024246725792983613,0.0005223836250368019
pairing,37,3,0.027370790584933236,0.0008627983737416907
pairing,37,4,-0.028779776610595505,0.0012621763782935448
pairing,37,5,0.02847545997626629,0.0017244069535867562
pairing,37,6,-0.026594348373732885,0.002223209257091215
pairing,37,7,0.02320058363332067,0.0027462642502018722
pairing,37,8,-0.01839859903994799,0.0032470736187787804
pairing,37,9,0.012500137227071832,0.0036444731252896477
pairing,37,10,-0.006034028882760268,0.003861167263196397
pairing,37,11,-0.00038500504247645996,0.003868330596232032
pairing,37,12,0.006200700266099897,0.0037078376850772053
pairing,37,13,-0.010988535099516212,0.0034765607806481877
pairing,37,14,0.014481864123797733,0.003284110198337604
pairing,37,15,-0.016573371799806884,0.0032123344864701687
pairing,37,16,0.017287207472732512,0.003294328481678071
pairing,37,17,-0.01673301161418083,0.0035135353491761775
pairing,37,18,0.015082211505890133,0.003815866325116949
pairing,37,19,-0.012576346902518812,0.0041287858644584174
pairing,37,20,0.009533223378374221,0.004384000547341151
pairing,37,21,-0.006316407315847852,0.004537595044565945
pairing,37,22,0.0032734821931943003,0.004581735642860206
pairing,37,23,-0.0006724937029638268,0.004541073915007441
pairing,37,24,-0.0013331185374587124,0.004458615629450728
pairing,37,25,0.0027034626691980063,0.0043777649576338925
pairing,37,26,-0.003488205426510257,0.004328846613336346
pairing,37,27,0.0037908625491917015,0.004323706652302907
pairing,37,28,-0.003740431612167538,0.004357388227698223
pairing,37,29,0.0034714874686744444,0.00441479021256538
pairing,37,30,-0.0031112771816778333,0.004477207097897083
pairing,37,31,0.002769813181457057,0.004528092862351627
pairing,37,32,-0.0025311035239857804,0.004556050445262867
pairing,37,33,0.00244445440994659,0.004555825588020696
pairing,37,34,-0.002516489871957746,0.004528057248607723
pairing,37,35,0.002710821445182011,0.004479114601270496
pairing,37,36,-0.00295420591736375,0.004420686063687582
pairing,37,37,0.0031443605442706447,0.004368565301161486
pairing,37,38,-0.0031585679873826784,0.0043398733839716645
pairing,37,39,0.002862925981935761,0.004348084483928829
pairing,37,40,-0.002125739227168982,0.004396794137638082
pairing,37,41,0.0008382314513733153,0.004474176235077081
pairing,37,42,0.0010557777558050155,0.004550795764182061
pairing,37,43,-0.003523926487631544,0.0045854280579901464
pairing,37,44,0.006421478492910044,0.004537450997390852
pairing,37,45,-0.009489449109958217,0.004383813411087898
pairing,37,46,0.012390342843607672,0.004133228778604642
pairing,37,47,-0.014768972590486089,0.0038285066133457593
pairing,37,48,0.0163121498579629,0.003536730551026725
pairing,37,49,-0.016779106031935626,0.003329083392781344
pairing,37,50,0.01599593819653309,0.003257810353693473
pairing,37,51,-0.013851372459454487,0.0033371913468596315
pairing,37,52,0.010321422338196926,0.003531591660056424
pairing,37,53,-0.0055160170981727215,0.003756972974493499
pairing,37,54,-0.000295520708445569,0.0039038575095459746
pairing,37,55,0.006683594061193678,0.0038783730482702143
pairing,37,56,-0.01308625340483071,0.0036434783284214024
pairing,37,57,0.01889040132520344,0.003232588545774126
pairing,37,58,-0.023582243228933035,0.0027249581847768167
pairing,37,59,0.026871858741129427,0.002200794069289319
pairing,37,60,-0.028670503005916004,0.0017043654529258787
pairing,37,61,0.028917861854635678,0.0012463269808885998
pairing,37,62,-0.027472823715468504,0.0008515746849421523
pairing,37,63,0.024325696872394047,0.000515541177170715
pairing,37,64,-0.01668350608088125,0.00035501142344676086
pairing,38,1,0.016724306669299117,0.00034475390612193643
pairing,38,2,-0.024381699549663304,0.0005006690909626513
pairing,38,3,0.027533166158520375,0.0008271906311348278
pairing,38,4,-0.02897979950000696,0.0012111347553321779
pairing,38,5,0.028728078706851776,0.001657321616514698
pairing,38,6,-0.026912799556957634,0.002142285461501466
pairing,38,7,0.023584631690910022,0.002656269417358635
pairing,38,8,-0.018823900287783003,0.003155566622851271
pairing,38,9,0.01291737922481999,0.0035600423819457322
pairing,38,10,-0.0063801591329538665,0.0037895288411134683
pairing,38,11,-0.0001722629467634481,0.0038091100486972174
pairing,38,12,0.0061709901725596344,0.0036547094362834897
pairing,38,13,-0.01116932537379951,0.00342067929726851
pairing,38,14,0.014873758555119184,0.0032184919671369517
pairing,38,15,-0.017152845968371286,0.0031347685037527166
pairing,38,16,0.01801499975955068,0.003208113476614223
pairing,38,17,-0.017559881540223102,0.00342642550339571
pairing,38,18,0.015948182234126494,0.003737914672694487
pairing,38,19,-0.01341286225847647,0.0040688775890606824
pairing,38,20,0.010269861871140921,0.004346368213220358
pairing,38,21,-0.006896221760357356,0.004520240312707356
pairing,38,22,0.0036651485120019725,0.0045773487193186985
pairing,38,23,-0.0008749892569243341,0.004540465698926142
pairing,38,24,-0.0012947555748658158,0.004454409155047525
pairing,38,25,0.002788198766356609,0.004366592551930314
pairing,38,26,-0.003650142919151982,0.004311524365437586
pairing,38,27,0.0039878915686174165,0.00430372525881064
pairing,38,28,-0.0039393814459573115,0.004338915921389266
pairing,38,29,0.00365074930060019,0.0044010096180440005
pairing,38,30,-0.0032614829815732207,0.004469406774214573
pairing,38,31,0.002892979144876918,0.0045255665428153334
pairing,38,32,-0.0026382515320639175,0.004556574289869256
pairing,38,33,0.0025516978327428824,0.0045564078813918945
pairing,38,34,-0.0026399643728224455,0.004525756223280797
pairing,38,35,0.0028616882873705026,0.004471819309488182
pairing,38,36,-0.0031348308408334718,0.00440779542922157
pairing,38,37,0.0033458075663765274,0.004351375072385126
pairing,38,38,-0.003359568486627115,0.004321404858451977
pairing,38,39,0.0030305064752655887,0.004332246840868456
pairing,38,40,-0.002217743405984209,0.004386793266215043
pairing,38,41,0.0008088631870482213,0.004470629358918021
pairing,38,42,0.0012472855501600491,0.0045504383572323595
pairing,38,43,-0.0039023105711088087,0.004581173197085103
pairing,38,44,0.00698560463524697,0.0045204964181975935
pairing,38,45,-0.010208226519005508,0.0043472311071370544
pairing,38,46,0.013207314763881487,0.004075162977704685
pairing,38,47,-0.015614587036797063,0.003753173242811162
pairing,38,48,0.017117339735224675,0.0034529363877304348
pairing,38,49,-0.0174830059543165,0.0032468269164225814
pairing,38,50,0.01654785221223489,0.003184749451328962
pairing,38,51,-0.014211718661256213,0.00327640327816123
pairing,38,52,0.01046777529979648,0.003480512082163036
pairing,38,53,-0.005451105002201754,0.003708155946365289
pairing,38,54,-0.0005416057722706172,0.003848064474948193
pairing,38,55,0.00705873115703567,0.003809214134430639
pairing,38,56,-0.013525958466917152,0.0035608708015069184
pairing,38,57,0.01933039437157847,0.003142606947731624
pairing,38,58,-0.023974063980271527,0.0026363994843928546
pairing,38,59,0.027193337752048595,0.0021212331367975353
pairing,38,60,-0.02892358108768284,0.0016384890303686266
pairing,38,61,0.02911721981348856,0.0011962539393973078
pairing,38,62,-0.027634136581064853,0.0008166587684681751
pairing,38,63,0.024459566217896998,0.0004942492990365238
pairing,38,64,-0.016776069650608426,0.0003403435193050713
pairing,39,1,0.016806419750539283,0.00033057826241668164
pairing,39,2,-0.024500557115353407,0.00048008579950799236
pairing,39,3,0.027676578946116467,0.0007933773845800075
pairing,39,4,-0.029157268714812636,0.0011624660175263046
pairing,39,5,0.028953504309978992,0.001592911163087212
pairing,39,6,-0.027198820131362083,0.0020637506326994064
pairing,39,7,0.023931959986881537,0.0025675506137960674
pairing,39,8,-0.01921110560633034,0.0030633831075782803
pairing,39,9,0.013299305507200982,0.0034725459443295087
pairing,39,10,-0.006697326051314095,0.003712773434635157
pairing,39,11,2.0113761342877186e-05,0.0037437216294867025
pairing,39,12,0.006152536259080728,0.0035955056536062686
pairing,39,13,-0.011354005555832748,0.0033595805325789367
pairing,39,14,0.015265146523419707,0.0031487083102068533
pairing,39,15,-0.017730257980518874,0.0030536854765794872
pairing,39,16,0.018742945989080807,0.003118189080065956
pairing,39,17,-0.018393306760660304,0.003334721734969467
pairing,39,18,0.016831076374171618,0.0036542457589047892
pairing,39,19,-0.014277990692886957,0.004002636447137684
pairing,39,20,0.011045373523319222,0.0043028407692545225
pairing,39,21,-0.007519901866444474,0.004498378938739724
pairing,39,22,0.004099128156639082,0.004570284815895479
pairing,39,23,-0.0011125112206463025,0.004538679093229998
pairing,39,24,-0.00123215483162555,0.004449789194342477
pairing,39,25,0.002860604099966342,0.0043550460434331004
pairing,39,26,-0.003810756993998039,0.0042933405977702566
pairing,39,27,0.004192704824023266,0.004282316961427878
pairing,39,28,-0.004153152476253585,0.0043187051700914235
pairing,39,29,0.003849420201894967,0.004385497077999286
pairing,39,30,-0.0034338210454851826,0.004460187370521332
pairing,39,31,0.0030397538964564547,0.004522027698776032
pairing,39,32,-0.00276951865421588,0.0045563493927215076
pairing,39,33,0.0026828169072652137,0.004556273342541344
pairing,39,34,-0.0027864166288519713,0.004522532816880682
pairing,39,35,0.003033824103493418,0.0044632628323846325
pairing,39,36,-0.003333717591694414,0.004393352681108718
pairing,39,37,0.0035607211594805618,0.0043325769512837856
pairing,39,38,-0.003567148145488302,0.004301623957275928
pairing,39,39,0.003195608544735047,0.004315659706649936
pairing,39,40,-0.002296435013971655,0.004376598497880297
pairing,39,41,0.0007546209228519478,0.004467038089630178
pairing,39,42,0.001474272881323221,0.004549399225026796
pairing,39,43,-0.004323519954456944,0.004574743248732139
pairing,39,44,0.007594247355507344,0.004499488053392759
pairing,39,45,-0.010966732774479628,0.004305052634762661
pairing,39,46,0.014054115567673203,0.004010910063745005
pairing,39,47,-0.016477906972041843,0.003672207879259256
pairing,39,48,0.017929580333897868,0.0033646126942687834
pairing,39,49,-0.018186901031292328,0.0031609285301919766
pairing,39,50,0.0170968381576577,0.003108296982324796
pairing,39,51,-0.01457005113988892,0.003211651392454845
pairing,39,52,0.010616490761705188,0.0034243481459386143
pairing,39,53,-0.005396007320551316,0.0036532182990985825
pairing,39,54,-0.0007685398921795311,0.003785948431367995
pairing,39,55,0.007405703455703426,0.003734783629051175
pairing,39,56,-0.013930777684391386,0.003475077403080548
pairing,39,57,0.019732686621421032,0.0030518624397980693
pairing,39,58,-0.024329535284071946,0.0025490464337992176
pairing,39,59,0.02748276680729848,0.002044005930417158
pairing,39,60,-0.029149825439873357,0.0015752341750197639
pairing,39,61,0.02929441830661326,0.0011485082398394995
pairing,39,62,-0.02777679601329818,0.0007835207010070839
pairing,39,63,0.02457757783467328,0.0004740818106024711
pairing,39,64,-0.016857541596119456,0.0003264509212242987
pairing,40,1,0.016878825898911428,0.00031703171038674374
pairing,40,2,-0.024605487891780596,0.000460409078328272
pairing,40,3,0.02780350610988215,0.0007609905661163573
pairing,40,4,-0.02931494455556146,0.0011156530496443298
pairing,40,5,0.02915469048487327,0.001530532020262022
pairing,40,6,-0.02745534590515517,0.0019868825214017045
pairing,40,7,0.024245039687836208,0.0024793546590796797
pairing,40,8,-0.019561597948460727,0.0029697611932161614
pairing,40,9,0.013645729269300185,0.0033811833302236478
pairing,40,10,-0.006984094641134048,0.0036299652230770705
pairing,40,11,0.00018991659420954034,0.0036710770059839534
pairing,40,12,0.006147907829238018,0.0035291230070358818
pairing,40,13,-0.011544672461562704,0.00329232204718603
pairing,40,14,0.015656815259032578,0.0030739816889066075
pairing,40,15,-0.01830568096910419,0.002968356583685456
pairing,40,16,0.019470293398886052,0.0030239879352941005
pairing,40,17,-0.019231119710153455,0.0032380474377011175
pairing,40,18,0.017727998803666725,0.0035645699917550592
pairing,40,19,-0.015169117912345481,0.003929684770804186
pairing,40,20,0.011858186851898496,0.004252920448757845
pairing,40,21,-0.008187602753375968,0.004471572634057397
pairing,40,22,0.004577189447463459,0.004560231847781218
pairing,40,23,-0.0013879898832776173,0.004535569987101204
pairing,40,24,-0.001142278528349176,0.00444472041839452
pairing,40,25,0.0029183044541704227,0.004343075238366667
pairing,40,26,-0.003968604025390773,0.004274254782030929
pairing,40,27,0.004404898833584829,0.004259443496965926
pairing,40,28,-0.004382151373358983,0.004296686857832466
pairing,40,29,0.004069080082220088,0.00436821595048537
pairing,40,30,-0.003630851939613367,0.004449471464157598
pairing,40,31,0.0032131614489079685,0.004517343044111543
pairing,40,32,-0.002928085462324835,0.004555245926948689
pairing,40,33,0.0028409115020638876,0.004555281031822092
pairing,40,34,-0.002958581578570394,0.004518219126765005
pairing,40,35,0.003229318813753035,0.004453244070862678
pairing,40,36,-0.0035522404372116136,0.004377116360670947
pairing,40,37,0.003789682506455145,0.004311946222015512
pairing,40,38,-0.003780632415337797,0.0042803110064147856
pairing,40,39,0.0033564997005905072,0.004298074537467663
pairing,40,40,-0.0023593254249642606,0.004365853347058225
pairing,40,41,0.0006723845586515866,0.004462791973232706
pairing,40,42,0.0017396254039140518,0.00454685924332242
pairing,40,43,-0.004789209625008824,0.0045653060972171595
pairing,40,44,0.008247342274930847,0.004473723207447633
pairing,40,45,-0.011763047994314504,0.004256857550435537
pairing,40,46,0.01492747023767621,0.003940411368360822
pairing,40,47,-0.017355950687222572,0.0035857020206652083
pairing,40,48,0.01874702968656794,0.0032717657238739073
pairing,40,49,-0.018890913885581055,0.0030711703662865833
pairing,40,50,0.017644604311111586,0.0030279343403523404
pairing,40,51,-0.014929099126643145,0.003142187032592667
pairing,40,52,0.010771055885755765,0.0033622761017494582
pairing,40,53,-0.005354381306872625,0.0035914666398636297
pairing,40,54,-0.0009732793641164001,0.003717055754577198
pairing,40,55,0.007722680534349186,0.00365480747500062
pairing,40,56,-0.014300506337825548,0.0033858731042927847
pairing,40,57,0.020098678922138218,0.0029600583319817314
pairing,40,58,-0.024651249568557344,0.0024625071600865257
pairing,40,59,0.027743159418868922,0.0019686615466624298
pairing,40,60,-0.029352215543874627,0.001514169826192452
pairing,40,61,0.0294520453192906,0.0011027103921606649
pairing,40,62,-0.027903190316928946,0.0007518457990777529
pairing,40,63,0.024681851912026237,0.0004548389133589925
pairing,40,64,-0.016929445654915724,0.0003132038482901901
pairing,41,1,0.01694281499219176,0.000303988070301228
pairing,41,2,-0.024698307314737027,0.0004414572870042546
pairing,41,3,0.027915993758761564,0.0007297527370541403
pairing,41,4,-0.029455045198540804,0.0010703316060746307
pairing,41,5,0.029333967999523924,0.0014697827393736198
pairing,41,6,-0.02768465189099288,0.0019113376748197074
pairing,41,7,0.024525759226323565,0.0023914564055772967
pairing,41,8,-0.01987641864456237,0.0028746100479601425
pairing,41,9,0.01395647677404405,0.003285941198781927
pairing,41,10,-0.00723902795742333,0.00354108067073019
pairing,41,11,0.0003348719931186841,0.0035910493460272947
pairing,41,12,0.006159772814893107,0.003455242968104825
pairing,41,13,-0.01174385512422102,0.0032184737501549493
pairing,41,14,0.016050518148606578,0.002993987130684823
pairing,41,15,-0.01887880445876718,0.0028788336684945235
pairing,41,16,0.02019419027740232,0.0029258401651725565
pairing,41,17,-0.020069531453612087,0.003136696390284338
pairing,41,18,0.01863470437538914,0.003469001307065821
pairing,41,19,-0.016082849601286038,0.0038499124268794173
pairing,41,20,0.012706242506697413,0.004196237507233514
pairing,41,21,-0.008899017082393814,0.0044392071882880324
pairing,41,22,0.005100559950213924,0.004546591616629103
pairing,41,23,-0.0017034218174278278,0.004530781914956618
pairing,41,24,-0.0010226087012924242,0.004439074659488388
pairing,41,25,0.0029582521348246434,0.004330715489332281
pairing,41,26,-0.004121171526154347,0.00425432801228876
pairing,41,27,0.0046230524821832,0.0042350391887909945
pairing,41,28,-0.004626337387314145,0.004272660222005699
pairing,41,29,0.004311003278788033,0.004348870747512264
pairing,41,30,-0.003854701053390003,0.004436953748200327
pairing,41,31,0.0034160460375364443,0.004511233382426195
pairing,41,32,-0.003117246416646808,0.0045530181352712185
pairing,41,33,0.003029362785221991,0.004553221240343444
pairing,41,34,-0.0031595483108542077,0.004512628712662616
pairing,41,35,0.003450551958984551,0.004441618472789222
pairing,41,36,-0.003791580169266398,0.0043590572943173365
pairing,41,37,0.004032510021037553,0.004289529641783144
pairing,41,38,-0.003999079921550129,0.004257611968066883
pairing,41,39,0.003511201085153006,0.004279689272158039
pairing,41,40,-0.0024035517688023077,0.004354698226632667
pairing,41,41,0.0005593231726391992,0.004457969167518387
pairing,41,42,0.0020457520038443936,0.004542659063962188
pairing,41,43,-0.005300628882797424,0.004552378563039931
pairing,41,44,0.00894439276212898,0.00444259896627132
pairing,41,45,-0.012595057108220434,0.004202155955428539
pairing,41,46,0.01582444633006061,0.003863363363354919
pairing,41,47,-0.01824550217174333,0.003493497534574395
pairing,41,48,0.01956716526592582,0.003174321137624806
pairing,41,49,-0.01959327374824813,0.0029774088246771377
pairing,41,50,0.018191122859175506,0.0029433145343073213
pairing,41,51,-0.015290381855156455,0.0030674926906356747
pairing,41,52,0.010933918581883235,0.003293748601423915
pairing,41,53,-0.005328868310000125,0.0035224942562855346
pairing,41,54,-0.0011535542848229818,0.0036411323487214224
pairing,41,55,0.008008328257990294,0.0035691571289000554
pairing,41,56,-0.014635007893552196,0.0032932297720143777
pairing,41,57,0.02042936919285189,0.0028671482573254382
pairing,41,58,-0.024940932954649567,0.002376630074739501
pairing,41,59,0.02797670502495846,0.0018949256170120387
pairing,41,60,-0.02953305799585349,0.0014549685539002816
pairing,41,61,0.029592411066255625,0.001058583558191844
pairing,41,62,-0.02801539732619439,0.0007214303163136824
pairing,41,63,0.02477422301541688,0.00043638795463190445
pairing,41,64,-0.01699307433608395,0.000300506102664072
pairing,42,1,0.01699943106209504,0.0002913473681044491
pairing,42,2,-0.024780472573990575,0.00042308588642866394
pairing,42,3,0.028015659818415112,0.000699426690452732
pairing,42,4,-0.029579340709389643,0.0010261980317094162
pairing,42,5,0.029493298653389538,0.0014102908833071635
pairing,42,6,-0.027888819603033518,0.0018366838974534848
pairing,42,7,0.024775974593975875,0.0023034339693038574
pairing,42,8,-0.02015682393481908,0.002777529728173304
pairing,42,9,0.014232002345678844,0.0031864315749133513
pairing,42,10,-0.007461634840630496,0.003445667498247146
pairing,42,11,0.0004536523725554096,0.003503010886857918
pairing,42,12,0.006189803541387056,0.0033731467322869325
pairing,42,13,-0.011952908118224366,0.0031373720309126993
pairing,42,14,0.016446624968625798,0.002908138561453599
pairing,42,15,-0.019448992412422123,0.002784585246771815
pairing,42,16,0.020912850293033112,0.0028233661026447372
pairing,42,17,-0.02090551653575667,0.0030304497911512107
pairing,42,18,0.019547022995882114,0.0033673705047915603
pairing,42,19,-0.017015116653065147,0.0037630675964718014
pairing,42,20,0.013586437854439352,0.004132335382279626
pairing,42,21,-0.009652781478984952,0.004400697548166788
pairing,42,22,0.005669980336701842,0.0045287334386982965
pairing,42,23,-0.0020612094552751267,0.004523761918923078
pairing,42,24,-0.000869913294224519,0.004432504849702195
pairing,42,25,0.002977858277474904,0.004317740717413018
pairing,42,26,-0.004266776823562945,0.00423338068098495
pairing,42,27,0.004846643795968889,0.004208953274160059
pairing,42,28,-0.004886168098957587,0.0042463869361701705
pairing,42,29,0.0045764188279302735,0.004327023715760617
pairing,42,30,-0.004107625870753256,0.004422084845519196
pairing,42,31,0.0036512727101524105,0.004503168894747588
pairing,42,32,-0.0033403126164287906,0.004549098609257191
pairing,42,33,0.0032513258420707623,0.004549465660710596
pairing,42,34,-0.0033915719171942094,0.004505122652276001
pairing,42,35,0.0036989718912320184,0.004427730299174108
pairing,42,36,-0.0040526549265574655,0.004338531021865754
pairing,42,37,0.004289327458914187,0.004264840845199382
pairing,42,38,-0.004221543868320947,0.004233185180940734
pairing,42,39,0.003657990540392171,0.004260228155852577
pairing,42,40,-0.0024265730530296115,0.0043428613089993556
pairing,42,41,0.0004123798967858084,0.004452149242819652
pairing,42,42,0.0023952901173223,0.004536178481746314
pairing,42,43,-0.005858969520149741,0.004535220761077392
pairing,42,44,0.009684925551728105,0.004405333925998083
pairing,42,45,-0.013460909915573641,0.0041401819010308035
pairing,42,46,0.01674221485189863,0.003779126789456084
pairing,42,47,-0.01914329771123258,0.003395111514626805
pairing,42,48,0.020387036960092454,0.0030718565242956707
pairing,42,49,-0.020291899803858125,0.00287927287030801
pairing,42,50,0.018735148608306648,0.0028539957380345118
pairing,42,51,-0.01565427618627484,0.0029870053416029855
pairing,42,52,0.011106390094333837,0.003218117650011549
pairing,42,53,-0.005320902450543995,0.003445517926441924
pairing,42,54,-0.0013083854325645567,0.0035574755627794624
pairing,42,55,0.008262103577150025,0.0034772863112397636
pairing,42,56,-0.014934952335375146,0.003196611013114042
pairing,42,57,0.02072643520466392,0.002772569581533009
pairing,42,58,-0.025200829273350517,0.002290838717517652
pairing,42,59,0.028185766808108328,0.0018222299806202845
pairing,42,60,-0.029694563673535266,0.0013971038147869
pairing,42,61,0.0297175030511798,0.001015690875937136
pairing,42,62,-0.02811516155631621,0.0006919678348702282
pairing,42,63,0.024856203553935783,0.00041854066962492323
pairing,42,64,-0.017049496808909853,0.00028822491734491673
pairing,43,1,0.017049576250439465,0.0002789989468707084
pairing,43,2,-0.0248532755449346,0.00040513221625290723
pairing,43,3,0.028104036409168726,0.0006697532562212427
pairing,43,4,-0.029689663228654725,0.000982877775342782
pairing,43,5,0.029634762316700904,0.0013515732880029327
pairing,43,6,-0.02807001280763631,0.0017623460502860686
pairing,43,7,0.024997728204836027,0.002214632467960356
pairing,43,8,-0.0204045225511509,0.002677862100583823
pairing,43,9,0.014473126951964814,0.0030819883778858788
pairing,43,10,-0.007651789846757753,0.003343058569626749
pairing,43,11,0.0005458473885868727,0.003406358522119547
pairing,43,12,0.006238301581297916,0.003282188679727824
pairing,43,13,-0.012172150230658072,0.003048235662801055
pairing,43,14,0.016844798883085117,0.00281579995505989
pairing,43,15,-0.020014702317889464,0.0026852401007927073
pairing,43,16,0.021623687324281153,0.0027163974527338883
pairing,43,17,-0.021734704277151913,0.002919351689752792
pairing,43,18,0.020460121363382093,0.003259629380654161
pairing,43,19,-0.017960759797218496,0.0036686711411110583
pairing,43,20,0.014495375263993353,0.0040602436482377975
pairing,43,21,-0.01044794422593371,0.0043547794791003935
pairing,43,22,0.006286888281803544,0.004505420735786212
pairing,43,23,-0.0024646041993197833,0.0045135014551642
pairing,43,24,-0.0006804775072716089,0.004424292713814964
pairing,43,25,0.002973760070816043,0.004303707911406492
pairing,43,26,-0.004402845223320473,0.004211065195764819
pairing,43,27,0.005074022012437143,0.004180813848975962
pairing,43,28,-0.005161316331584058,0.0042174871754261005
pairing,43,29,0.004866189540968749,0.004302314107307035
pairing,43,30,-0.004391837676988715,0.00440444860278717
pairing,43,31,0.003922735218598114,0.004492555942635172
pairing,43,32,-0.003601968311783798,0.004542871161621397
pairing,43,33,0.003511552151077421,0.004543455430727903
pairing,43,34,-0.003659351625218703,0.004495158461269495
pairing,43,35,0.003978194639107596,0.004411227827709303
pairing,43,36,-0.0043371421870187525,0.004315423732373765
pairing,43,37,0.004559754264047186,0.004237811704277417
pairing,43,38,-0.004446130082927505,0.004206947239758528
pairing,43,39,0.003793693600680971,0.004239575375117594
pairing,43,40,-0.0024248656897046888,0.004330050271598917
pairing,43,41,0.0002282476549741821,0.004444774492877135
pairing,43,42,0.0027906293455390767,0.004526684861707869
pairing,43,43,-0.006465529613943951,0.004513018972870608
pairing,43,44,0.010468093861648046,0.004361205008741834
pairing,43,45,-0.014357383012124365,0.0040705979718944
pairing,43,46,0.01767598762891947,0.003687688643379733
pairing,43,47,-0.02004484022462126,0.003290689312471462
pairing,43,48,0.02120354767208725,0.002964556375285091
pairing,43,49,-0.02098595921409794,0.002776666188630353
pairing,43,50,0.019277555926131,0.0027595824422877386
pairing,43,51,-0.01602203333428988,0.0029000485225608007
pairing,43,52,0.011290110880331775,0.0031345442949027905
pairing,43,53,-0.00533233393302481,0.0033598244859327905
pairing,43,54,-0.0014360618252968107,0.003465471539632012
pairing,43,55,0.008483492478418628,0.003378686572545182
pairing,43,56,-0.015200542656053528,0.003095611678135779
pairing,43,57,0.02099082787499483,0.002675905431250237
pairing,43,58,-0.02543250039115442,0.0022046636239644295
pairing,43,59,0.02837213870675805,0.0017501292545167042
pairing,43,60,-0.029838443631597628,0.0013402024041128469
pairing,43,61,0.02982882300656697,0.0009737357694773992
pairing,43,62,-0.028203863318477133,0.0006632374031512965
pairing,43,63,0.024929043433198038,0.00040116135474490785
pairing,43,64,-0.017099602228379474,0.00027627199653539205
pairing,44,1,0.01709397207524233,0.0002669344529993798
pairing,44,2,-0.024917720932652467,0.00038758791680142655
pairing,44,3,0.028182223323954272,0.000640716746295138
pairing,44,4,-0.029787150945892047,0.0009403654492617858
pairing,44,5,0.029759529297536877,0.001293662578520884
pairing,44,6,-0.028229318693305354,0.001688460281628197
pairing,44,7,0.02519182102066608,0.0021253867339721105
pairing,44,8,-0.02061967374981065,0.0025761407838565354
pairing,44,9,0.014679284650426753,0.0029733064500838784
pairing,44,10,-0.007808255711740542,0.00323392454209692
pairing,44,11,0.0006091548636095083,0.003301535562090599
pairing,44,12,0.0063080807888746355,0.0031827252502659243
pairing,44,13,-0.012403160303686288,0.0029515287253920088
pairing,44,14,0.017245377164371696,0.0027175405601740183
pairing,44,15,-0.020574490028186614,0.0025816570371293627
pairing,44,16,0.02232330420371626,0.0026061019045430936
pairing,44,17,-0.02255261531074411,0.002804685178687541
pairing,44,18,0.021368309184245586,0.0031470133712213693
pairing,44,19,-0.018914377822051628,0.003567823354087535
pairing,44,20,0.015428438657413751,0.003980870670850277
pairing,44,21,-0.011281903956001458,0.004301946914978245
pairing,44,22,0.006950771358327662,0.004476816279118147
pairing,44,23,-0.002914921926992344,0.004500193585389445
pairing,44,24,-0.00045139173311366156,0.004414876484200512
pairing,44,25,0.0029427075554713817,0.004289271885740402
pairing,44,26,-0.00452653126301296,0.004188176296872867
pairing,44,27,0.005303551072297774,0.004151362506958585
pairing,44,28,-0.005451972303886266,0.004186554676463233
pairing,44,29,0.005183091833965777,0.004275236596604731
pairing,44,30,-0.004711937836490423,0.004384462100047688
pairing,44,31,0.004235411382180686,0.004479841226740931
pairing,44,32,-0.003907060502533528,0.0045347548329203735
pairing,44,33,0.003815055584926061,0.004535585857383433
pairing,44,34,-0.003967649335362714,0.004483168154628224
pairing,44,35,0.004292138138859008,0.004392395082503252
pairing,44,36,-0.004647567768723777,0.004289844767446138
pairing,44,37,0.004845093273661578,0.004208580094740618
pairing,44,38,-0.004672352184137354,0.00417909953703449
pairing,44,39,0.003916511424832482,0.004217933806844225
pairing,44,40,-0.0023956736399898962,0.004316424839325119
pairing,44,41,3.9439308708859745e-06,0.004435787331592004
pairing,44,42,0.003233757211399061,0.00451383398574785
pairing,44,43,-0.007120173969763062,0.004485309079558266
pairing,44,44,0.011291515425504876,0.004309891211620261
pairing,44,45,-0.015280265782091611,0.00399344635240723
pairing,44,46,0.01862081939222887,0.003589603897527104
pairing,44,47,-0.02094540774971472,0.0031811191111602126
pairing,44,48,0.02201294645426469,0.0028531907454527007
pairing,44,49,-0.021673206966197314,0.00267007085090511
pairing,44,50,0.019817966408241256,0.0026602070078435677
pairing,44,51,-0.016395097943624162,0.0028065093687755635
pairing,44,52,0.011487241818784504,0.003042844437014301
pairing,44,53,-0.005365733584177373,0.003265266956798519
pairing,44,54,-0.0015348380467386964,0.0033650817100083852
pairing,44,55,0.008671608094480285,0.003273365986801621
pairing,44,56,-0.015431636724960507,0.0029902341598368777
pairing,44,57,0.021223074142791773,0.0025770987315472758
pairing,44,58,-0.025636860914134474,0.0021179773854876054
pairing,44,59,0.028536938541697837,0.0016784184487419684
pairing,44,60,-0.029965884735016594,0.0012840403283298763
pairing,44,61,0.029927532752530857,0.0009325395214414156
pairing,44,62,-0.028282562280701713,0.0006351078287567268
pairing,44,63,0.024993695509836822,0.0003841648662919882
pairing,44,64,-0.01714408306217596,0.0002645847205643868
pairing,45,1,0.017133234904044007,0.00025504816688630254
pairing,45,2,-0.024974687425734964,0.0003702975736343929
pairing,45,3,0.028251245554741598,0.0006120647549920742
pairing,45,4,-0.029873001770395844,0.0008982939484066242
pairing,45,5,0.02986896262219677,0.0012360836471632256
pairing,45,6,-0.02836828468204253,0.0016144720143327685
pairing,45,7,0.025359742948492157,0.0020350515299455206
pairing,45,8,-0.020803368296065185,0.0024716562054921012
pairing,45,9,0.014851243630402643,0.0028596113529291687
pairing,45,10,-0.007931409164064436,0.003117458866566202
pairing,45,11,0.0006436410695551818,0.0031877754876365326
pairing,45,12,0.006399098582263159,0.0030740267907550796
pairing,45,13,-0.012645651137253603,0.0028465818422970485
pairing,45,14,0.01764716212871087,0.0026127744186175005
pairing,45,15,-0.021126264737029853,0.0024733453062667334
pairing,45,16,0.023008434291212524,0.002492086233856893
pairing,45,17,-0.023354335634554663,0.002686148331686271
pairing,45,18,0.02226545905517084,0.0030293547547136173
pairing,45,19,-0.01986934031366498,0.003460083006136254
pairing,45,20,0.016379696996852315,0.0038931491004031496
pairing,45,21,-0.01215073116324352,0.004240745042400247
pairing,45,22,0.007660936337544566,0.004441323524248201
pairing,45,23,-0.003414175001389206,0.004482229996764412
pairing,45,24,-0.00017942037298848972,0.004402798316345425
pairing,45,25,0.002880744325313973,0.004273287473088193
pairing,45,26,-0.00463490600581958,0.004163848171436596
pairing,45,27,0.005534060035999228,0.004119902651333754
pairing,45,28,-0.005758922752952606,0.004152829474981568
pairing,45,29,0.005529435765739766,0.004244873052031495
pairing,45,30,-0.005071615301167739,0.00436112227598406
pairing,45,31,0.004594115689941393,0.0044639544569126085
pairing,45,32,-0.004261230122629226,0.004523684354648729
pairing,45,33,0.004167385121632765,0.004524799644702185
pairing,45,34,-0.004321102538479102,0.004468134007225106
pairing,45,35,0.004644164906113005,0.004370402862174724
pairing,45,36,-0.004985850967212309,0.004261229495856611
pairing,45,37,0.005145411909211715,0.004176814250956628
pairing,45,38,-0.004898613185086094,0.00414949648458615
pairing,45,39,0.004023341043791175,0.004195166519612797
pairing,45,40,-0.00233506102770251,0.004301612288232937
pairing,45,41,-0.0002643713760613932,0.004424575076392573
pairing,45,42,0.0037268010886374026,0.004496747084793178
pairing,45,43,-0.007822753464423645,0.004451081122266979
pairing,45,44,0.01215267730573762,0.004250600355580634
pairing,45,45,-0.01622503880781341,0.003908274327966499
pairing,45,46,0.01957133627824489,0.0034847962400720075
pairing,45,47,-0.02183964094906503,0.0030664863694375415
pairing,45,48,0.02281088840380226,0.0027378603996710232
pairing,45,49,-0.02235014621733336,0.002559578623572841
pairing,45,50,0.02035395052262713,0.0025558697791039364
pairing,45,51,-0.016772365435538526,0.0027063284115312796
pairing,45,52,0.011698221760121922,0.0029428894108842934
pairing,45,53,-0.0054219223736103,0.0031616449757390945
pairing,45,54,-0.0016038520681720975,0.00325615303527986
pairing,45,55,0.008826014741530818,0.0031612610887816577
pairing,45,56,-0.015628500625385087,0.0028804006268229555
pairing,45,57,0.021424207839972363,0.0024760143272823387
pairing,45,58,-0.025815534478546214,0.0020305570397084107
pairing,45,59,0.028681862289885344,0.0016068358975646082
pairing,45,60,-0.03007836444295079,0.0012283814940618342
pairing,45,61,0.030014842753344102,0.0008919002474167514
pairing,45,62,-0.028352287284044448,0.0006074348732879543
pairing,45,63,0.025051025157085495,0.00036746606891654434
pairing,45,64,-0.01718354110475263,0.0002531063795038639
pairing,46,1,0.017167893031148157,0.00024329380529495477
pairing,46,2,-0.025024931454917573,0.0003531944291406583
pairing,46,3,0.028312001935821972,0.0005836851340807123
pairing,46,4,-0.029948297639254568,0.0008565145629493235
pairing,46,5,0.02996445734652404,0.0011786514738727897
pairing,46,6,-0.028488528355003057,0.0015401715539612648
pairing,46,7,0.025503071622521405,0.001943503428903306
pairing,46,8,-0.020957014293917574,0.0023644434808916385
pairing,46,9,0.014990047294159412,0.0027410868167703096
pairing,46,10,-0.008021869574450922,0.002993943153500566
pairing,46,11,0.0006494207247877059,0.0030653899974834135
pairing,46,12,0.006511384845793014,0.0029563671198906297
pairing,46,13,-0.012899467696315479,0.0027336515103209775
pairing,46,14,0.01804930377295359,0.0025018628300500327
pairing,46,15,-0.021668379445325913,0.002360794510082164
pairing,46,16,0.02367617170608309,0.0023751607118204713
pairing,46,17,-0.024135790918739873,0.002564799783891158
pairing,46,18,0.023146209509633073,0.0029075438769434123
pairing,46,19,-0.020819730015440276,0.0033461327462720293
pairing,46,20,0.017343964011988244,0.0037974030846845883
pairing,46,21,-0.013051153841107593,0.004170908506812442
pairing,46,22,0.008416476559609247,0.004398214135436207
pairing,46,23,-0.003964073111724338,0.004458771081819715
pairing,46,24,0.00013896289529611553,0.0043873941930213
pairing,46,25,0.0027838736140508085,0.004255328562524436
pairing,46,26,-0.004724619728148311,0.004137800661195715
pairing,46,27,0.005763334044932716,0.004086166927244122
pairing,46,28,-0.006081307115652882,0.004115956463722937
pairing,46,29,0.00590588712796926,0.004210559656856048
pairing,46,30,-0.005473782705978177,0.004333413752680752
pairing,46,31,0.0050044146343729765,0.004443612280737837
pairing,46,32,-0.00467172085761696,0.004508206567462486
pairing,46,33,0.004575930007521576,0.004509701285432632
pairing,46,34,-0.004726189837920875,0.004448860947764775
pairing,46,35,0.005038941266175035,0.004344316878680291
pairing,46,36,-0.005354442596576634,0.004228928939870199
pairing,46,37,0.00546065577020966,0.0041420352848420775
pairing,46,38,-0.005122824502834467,0.004117630201036782
pairing,46,39,0.004110643795518899,0.004170609978989885
pairing,46,40,-0.0022386977442956646,0.004284739932942925
pairing,46,41,-0.0005797370633274096,0.004409973545943165
pairing,46,42,0.004271804220593098,0.0044741159664707895
pairing,46,43,-0.008572606516190639,0.0044091556694535825
pairing,46,44,0.013048190869648438,0.004182448047070246
pairing,46,45,-0.01718669078743612,0.003814625219047491
pairing,46,46,0.020521819193258337,0.0033731640995989533
pairing,46,47,-0.02272221939798104,0.002946942378243731
pairing,46,48,0.023593160671316355,0.0026187168263338704
pairing,46,49,-0.023013829635553446,0.002445134465941787
pairing,46,50,0.02088373993067663,0.0024463450790942302
pairing,46,51,-0.017152798315916717,0.0025990823149928217
pairing,46,52,0.011922621465751557,0.0028341006768317443
pairing,46,53,-0.0055006252936902434,0.0030483155787673875
pairing,46,54,-0.0016433080602386281,0.003137998758118028
pairing,46,55,0.008946818668403139,0.0030416426838794732
pairing,46,56,-0.015791859699622737,0.002765405550892067
pairing,46,57,0.02159529460015057,0.002372023937401107
pairing,46,58,-0.025969653907998567,0.0019418999617652412
pairing,46,59,0.028807969302203834,0.001535017841944567
pairing,46,60,-0.030176879795146234,0.0011729391639788908
pairing,46,61,0.030091693035963398,0.0008516023622198827
pairing,46,62,-0.028413850321907484,0.0005800687781328966
pairing,46,63,0.025101730004609586,0.0003509684630655322
pairing,46,64,-0.017218466241571216,0.00024176740382145565
pairing,47,1,0.01719830869898728,0.00023164376868964456
pairing,47,2,-0.025068924620602433,0.0003362390689464307
pairing,47,3,0.02836493993167856,0.0005555219980270614
pairing,47,4,-0.030013416400165846,0.0008149555598762813
pairing,47,5,0.030046206226782918,0.0011213082012306546
pairing,47,6,-0.02859011002304157,0.001465535401134393
pairing,47,7,0.025622075716891398,0.001850633475689195
pairing,47,8,-0.021080953877211654,0.002254238686097694
pairing,47,9,0.01509570981674891,0.00261735953227753
pairing,47,10,-0.008079306021656692,0.002863000017234943
pairing,47,11,0.0006266395576351742,0.0029340279675083734
pairing,47,12,0.0066442010267192386,0.0028294076628658906
pairing,47,13,-0.013163416099893164,0.0026124875580420884
pairing,47,14,0.0184498334818783,0.002384689690681151
pairing,47,15,-0.022197444081362448,0.002244116938792691
pairing,47,16,0.02432220980591454,0.0022555872760488985
pairing,47,17,-0.024891347681145003,0.00244096866594271
pairing,47,18,0.024003943644624617,0.0027821370484068008
pairing,47,19,-0.021757674366167233,0.003226478794858239
pairing,47,20,0.01831365261357097,0.003693689618206529
pairing,47,21,-0.0139771980631931,0.004091996987373826
pairing,47,22,0.009214205811877783,0.004346703709090101
pairing,47,23,-0.004564490083395289,0.0044289968903579845
pairing,47,24,0.0005065440619379156,0.004368091622398991
pairing,47,25,0.0026482894932391777,0.004235143803225504
pairing,47,26,-0.004791471446068582,0.004110015964708777
pairing,47,27,0.00598875959680674,0.00405019284093912
pairing,47,28,-0.006418837194954594,0.004075892362264206
pairing,47,29,0.006315089962605006,0.004172204011238403
pairing,47,30,-0.0059233679730853455,0.004301164889509208
pairing,47,31,0.005472675169367365,0.004418587724774122
pairing,47,32,-0.00514568743388358,0.0044880332901065315
pairing,47,33,0.005047908660667917,0.004489839069774405
pairing,47,34,-0.005189005935487023,0.00442473558374338
pairing,47,35,0.005481293218207521,0.004313476223643023
pairing,47,36,-0.005755998516038009,0.004192295411098923
pairing,47,37,0.005791528377042181,0.0041037033433615686
pairing,47,38,-0.005343613103852229,0.004083087236736058
pairing,47,39,0.004175703517190179,0.004143812552363924
pairing,47,40,-0.002103728680703176,0.0042651568455565
pairing,47,41,-0.0009450509907725539,0.004391096184690724
pairing,47,42,0.004869637618740561,0.0044448849637289765
pairing,47,43,-0.009368253958625805,0.004358530471679317
pairing,47,44,0.013974089052719648,0.004104834734081693
pairing,47,45,-0.01815937716960285,0.0037124430019382466
pairing,47,46,0.021466025182707092,0.003254968017188117
pairing,47,47,-0.023587828808600095,0.0028228765010867816
pairing,47,48,0.02435547036955195,0.0024961402937560104
pairing,47,49,-0.023661521739178973,0.002326884142511642
pairing,47,50,0.021405843125881743,0.00233143799384966
pairing,47,51,-0.017536213527640235,0.002484273028765571
pairing,47,52,0.012160748208284231,0.0027158274774742117
pairing,47,53,-0.005602591790581635,0.00292459918318901
pairing,47,54,-0.001652427465288282,0.00300997928773183
pairing,47,55,0.009033629315530808,0.0029139271651782922
pairing,47,56,-0.015921844838527058,0.0026446571675358068
pairing,47,57,0.021737049308018792,0.0022644542407040174
pairing,47,58,-0.026100000675455943,0.001851305889687242
pairing,47,59,0.028916012684118156,0.0014623200702230821
pairing,47,60,-0.030262206567276358,0.0011171742965314833
pairing,47,61,0.030158800785605386,0.0008112218533558751
pairing,47,62,-0.02846790387602743,0.000552710573717769
pairing,47,63,0.025146402448187926,0.0003344989087089638
pairing,47,64,-0.017249279718304672,0.00023045115160455975
pairing,48,1,0.01722479922323069,0.0002200282006040684
pairing,48,2,-0.025107121003469998,0.00031932656530651057
pairing,48,3,0.028410594412305118,0.000527387207766127
pairing,48,4,-0.030068988667447984,0.0007733061897244394
pairing,48,5,0.030114953254643945,0.0010635446040090572
pairing,48,6,-0.028673869916563528,0.0013897962088194214
pairing,48,7,0.025717335538581836,0.001755448462607501
pairing,48,8,-0.021175426055424405,0.002139831183477311
pairing,48,9,0.015168181977703001,0.0024870402368662387
pairing,48,10,-0.00810344754741932,0.0027231014179181614
pairing,48,11,0.0005747034636609662,0.0027921321845597643
pairing,48,12,0.006798320565368159,0.0026917588408009114
pairing,48,13,-0.013437799532278572,0.0024820283176592624
pairing,48,14,0.018848193279376653,0.0022606754743223997
pairing,48,15,-0.022711941814686554,0.002123232256476093
pairing,48,16,0.024943826329460905,0.0021337673617044407
pairing,48,17,-0.025616949568021585,0.00231564161413508
pairing,48,18,0.024832573562548803,0.0026543817818181787
pairing,48,19,-0.022675972581225487,0.003102150554316924
pairing,48,20,0.0192806876208265,0.0035825060279098464
pairing,48,21,-0.014921576097264914,0.004003679688095934
pairing,48,22,0.010048991118429152,0.004285608563817668
pairing,48,23,-0.005212889960286085,0.004391158385627706
pairing,48,24,0.0009225902110018712,0.004343004608448515
pairing,48,25,0.002473047325922727,0.004211061862820625
pairing,48,26,-0.004834290649610831,0.004079197665936216
pairing,48,27,0.006209501370961585,0.004011009520728951
pairing,48,28,-0.006772557452324221,0.004031855584376454
pairing,48,29,0.006760540563313844,0.004129024584261213
pairing,48,30,-0.0064260438049201386,0.004263530877337473
pairing,48,31,0.006005705736345641,0.004388031532017465
pairing,48,32,-0.005690304525380002,0.004462389679878928
pairing,48,33,0.005590450978461391,0.004464570565607618
pairing,48,34,-0.0057162365735968345,0.004395260668355632
pairing,48,35,0.005975860439397967,0.0042774222555059995
pairing,48,36,-0.006193433031453637,0.00415081805363556
pairing,48,37,0.0061388567000574875,0.004061175129358387
pairing,48,38,-0.005560184240165765,0.004045003126807806
pairing,48,39,0.004216673547225101,0.0041136186589558095
pairing,48,40,-0.0019283832059039398,0.004241362492457572
pairing,48,41,-0.0013602895032088582,0.004366182525776044
pairing,48,42,0.0055175039207414865,0.004407437355707852
pairing,48,43,-0.010204025049577382,0.0042982576956091655
pairing,48,44,0.014922290123526392,0.004017675167363361
pairing,48,45,-0.019134019335121,0.0036024580184146364
pairing,48,46,0.02239566372704567,0.003131501105966281
pairing,48,47,-0.024429905191254625,0.0026954591643272036
pairing,48,48,0.02509335277614295,0.002370830520418128
pairing,48,49,-0.024290274329378792,0.002205129383986524
pairing,48,50,0.021918685209262052,0.0022110210671283017
pairing,48,51,-0.017922052520199468,0.00236137228902852
pairing,48,52,0.01241285965602951,0.002587199917019816
pairing,48,53,-0.005728486848879908,0.0027893717147207714
pairing,48,54,-0.0016306026133600527,0.0028708504851465196
pairing,48,55,0.00908637162741666,0.0027769287910376595
pairing,48,56,-0.016018444160671698,0.002517186381346627
pairing,48,57,0.02184945441634876,0.0021526843642971747
pairing,48,58,-0.02620709559924536,0.0017584366319502772
pairing,48,59,0.029006866785546995,0.001388536868273034
pairing,48,60,-0.030335020026977404,0.001060980926563257
pairing,48,61,0.030216701880121745,0.0007707443406776955
pairing,48,62,-0.028514930857239777,0.0005253800068446416
pairing,48,63,0.025185470673997616,0.0003180677630262455
pairing,48,64,-0.017276293933508574,0.0002191654050879118
pairing,49,1,0.017247659628191248,0.00020836343705791423
pairing,49,2,-0.025139964166307198,0.00030234223901033034
pairing,49,3,0.028449550628460746,0.0004991202129039881
pairing,49,4,-0.030115818727312414,0.0007314128627807148
pairing,49,5,0.030171846032608834,0.0010053308593469589
pairing,49,6,-0.028741350928380253,0.0013132129083490672
pairing,49,7,0.02579089678128392,0.0016586983526424627
pairing,49,8,-0.021242937208367618,0.0020226985857969225
pairing,49,9,0.015210391090147771,0.002352410819217925
pairing,49,10,-0.008097353710640525,0.002577217737725097
pairing,49,11,0.0004963790847858263,0.002643058034944007
pairing,49,12,0.0069712702334006164,0.0025467354936001903
pairing,49,13,-0.01372020918222767,0.002345123686365943
pairing,49,14,0.019242096593536807,0.0021319460653814234
pairing,49,15,-0.023209575181147017,0.0019994887869649717
pairing,49,16,0.025538163132608337,0.0020103949790436504
pairing,49,17,-0.0263093090734745,0.002188974873020766
pairing,49,18,0.025628351196071174,0.0025240489304504165
pairing,49,19,-0.023570091395890187,0.0029727075230594094
pairing,49,20,0.020240909454309328,0.0034631557213147396
pairing,49,21,-0.015881665315722396,0.003904857419089196
pairing,49,22,0.010920817260733783,0.004213515129448248
pairing,49,23,-0.00591218508700693,0.004343856967578682
pairing,49,24,0.0013919175789719068,0.004311080636793929
pairing,49,25,0.002252670446951633,0.004182506073170731
pairing,49,26,-0.004848858181934234,0.004045025131514508
pairing,49,27,0.006423659634208396,0.003968286035661322
pairing,49,28,-0.00714336622182056,0.003983181119626984
pairing,49,29,0.007245780532786846,0.004079760676174406
pairing,49,30,-0.006988742877019659,0.0042185454940694925
pairing,49,31,0.006614491733874713,0.004349256882665471
pairing,49,32,-0.006318926936117388,0.004428160733755526
pairing,49,33,0.006216421492997379,0.0044307072226978375
pairing,49,34,-0.0063182297715066145,0.004357542812090581
pairing,49,35,0.00653001074813905,0.004234020348293479
pairing,49,36,-0.006670393269856821,0.0041032982134299794
pairing,49,37,0.006502814793449231,0.00401406007851845
pairing,49,38,-0.005769624090329184,0.004003458410339377
pairing,49,39,0.0042282738575498535,0.004080167734875977
pairing,49,40,-0.0017060936270105115,0.004213182778157758
pairing,49,41,-0.0018316970750193186,0.004334552142904083
pairing,49,42,0.0062201248934381035,0.0043606053900145745
pairing,49,43,-0.01108170482376604,0.004226847062801858
pairing,49,44,0.015891752509320515,0.003919602410590686
pairing,49,45,-0.02010771140402161,0.003483640428023375
pairing,49,46,0.023306957480308498,0.003002091988075834
pairing,49,47,-0.0252445452140687,0.002564618214126466
pairing,49,48,0.02580323577988875,0.0022433305358103657
pairing,49,49,-0.024896791751763372,0.002080958963831415
pairing,49,50,0.02241904513212914,0.002086867823564102
pairing,49,51,-0.01830732418685923,0.0022328684246474655
pairing,49,52,0.012676398572738652,0.002451223287900501
pairing,49,53,-0.00587598706560813,0.002645928451204061
pairing,49,54,-0.0015803795405026663,0.0027238691301413533
pairing,49,55,0.00910761038214346,0.002633470411705815
pairing,49,56,-0.01608426506476239,0.0023851326045560817
pairing,49,57,0.02193494662311392,0.002038073304490466
pairing,49,58,-0.026292804559142652,0.001663980471163023
pairing,49,59,0.029081819273159473,0.001313902393066565
pairing,49,60,-0.030396331929889775,0.0010043245328892319
pairing,49,61,0.030266144553671055,0.0007300129852881305
pairing,49,62,-0.028555484481104804,0.0004979147622317707
pairing,49,63,0.025219366542081574,0.00030156924324683756
pairing,49,64,-0.017299801568281287,0.00020783482288204219
pairing,50,1,0.01726715861943785,0.00019666505372964422
pairing,50,2,-0.025167839861663117,0.0002853048872015784
pairing,50,3,0.02848226302129342,0.00047073940651549707
pairing,50,4,-0.030154444098300856,0.0006892679920228621
pairing,50,5,0.03021752341064565,0.0009465785314957666
pairing,50,6,-0.028793291484546013,0.001235542187723184
pairing,50,7,0.025843519472525986,0.0015598943525747969
pairing,50,8,-0.021284281705970794,0.001902047247137785
pairing,50,9,0.015223069017316883,0.002212398787302926
pairing,50,10,-0.008061771064923721,0.002424065453502007
pairing,50,11,0.0003924782741003851,0.0024854992144635844
pairing,50,12,0.0071618807727808955,0.002393227907042276
pairing,50,13,-0.014009216880704264,0.002201024365316364
pairing,50,14,0.019629759130195736,0.001998187588519073
pairing,50,15,-0.02368812329446833,0.0018730522464636369
pairing,50,16,0.026102735227182938,0.0018861295232560082
pairing,50,17,-0.026965083460139316,0.0020620220120199408
pairing,50,18,0.026386538022982808,0.0023924055395325083
pairing,50,19,-0.024433582936876794,0.0028393270728083305
pairing,50,20,0.021186250220877723,0.0033363067779013903
pairing,50,21,-0.016849086258537233,0.003795338921280655
pairing,50,22,0.011823007919721022,0.004129178727617583
pairing,50,23,-0.006658648077432848,0.004284859568909817
pairing,50,24,0.0019144467404298392,0.0042694887961316225
pairing,50,25,0.00198526071849004,0.0041466299644308735
pairing,50,26,-0.004832781724958625,0.004005105191628022
pairing,50,27,0.006630311243143367,0.003920117266362301
pairing,50,28,-0.007532699026261708,0.003928367090043464
pairing,50,29,0.007775650605000927,0.004023183092292633
pairing,50,30,-0.007619227541010541,0.004165099483582315
pairing,50,31,0.00730887368371819,0.004301191735849965
pairing,50,32,-0.007042887323247604,0.004384190468750113
pairing,50,33,0.006938028154194234,0.004387146165873148
pairing,50,34,-0.007006502320689092,0.004310593948431759
pairing,50,35,0.007152586070086932,0.004182064008697271
pairing,50,36,-0.007192239205275697,0.004048289192402205
pairing,50,37,0.0068851998517541965,0.003960719439386968
pairing,50,38,-0.005970617382104207,0.003956453407404527
pairing,50,39,0.004207523554006087,0.004041008210325569
pairing,50,40,-0.0014341562337524146,0.004177767601845056
pairing,50,41,-0.0023596592836700684,0.0042933422659002934
pairing,50,42,0.006974376470113678,0.004302031558931149
pairing,50,43,-0.011995518800707195,0.004142882610924844
pairing,50,44,0.016875102518679304,0.0038102199491927315
pairing,50,45,-0.02107298735865997,0.0033563519959510075
pairing,50,46,0.024193392982888542,0.0028675636171741296
pairing,50,47,-0.02602676828146675,0.002431331046379168
pairing,50,48,0.0264810767364125,0.0021144387386950675
pairing,50,49,-0.025477730769826977,0.0019547124861491764
pairing,50,50,0.022904424849358212,0.001958725482583116
pairing,50,51,-0.018690262465929815,0.0020979179339173184
pairing,50,52,0.012950066635856005,0.0023066107025968936
pairing,50,53,-0.006043938881601536,0.0024926698070514017
pairing,50,54,-0.0015025114472169809,0.002567291782466138
pairing,50,55,0.009097951920551739,0.0024818950992094822
pairing,50,56,-0.016119925441611616,0.0022470830867685645
pairing,50,57,0.021994234818376333,0.0019195435435626794
pairing,50,58,-0.026357867470641103,0.0015672033034821197
pairing,50,59,0.02914159576039295,0.0012379885240054304
pairing,50,60,-0.030446751920593318,0.0009469946288675569
pairing,50,61,0.03030765342287023,0.0006889359904501495
pairing,50,62,-0.02859001200647749,0.0004702754966564036
pairing,50,63,0.025248466367305867,0.0002849827223538445
pairing,50,64,-0.017320064333392435,0.00019644711200090533
pairing,51,1,0.017283533573460158,0.00018486076901873998
pairing,51,2,-0.025191093376065662,0.00026810902422166823
pairing,51,3,0.02850914831443092,0.00044206893098981464
pairing,51,4,-0.030185382305305167,0.0006466140983985807
pairing,51,5,0.030252634038939175,0.000886944868745621
pairing,51,6,-0.028830527404868557,0.0011563912424233762
pairing,51,7,0.025876390630066654,0.0014586684155480484
pairing,51,8,-0.021300949738539354,0.0017775457806888714
pairing,51,9,0.015207937307010741,0.0020667298105776404
pairing,51,10,-0.00799850957358461,0.002263539731748556
pairing,51,11,0.0002649002276605109,0.0023195650991664624
pairing,51,12,0.007368560203650319,0.002231536374083257
pairing,51,13,-0.014303348199618256,0.002050154883359288
pairing,51,14,0.020009630247663855,0.001859861501549049
pairing,51,15,-0.024146213690219014,0.001744315906567985
pairing,51,16,0.026636238595235756,0.0017612271006078979
pairing,51,17,-0.027582771468650482,0.0019349389449217964
pairing,51,18,0.027104799958924078,0.002259577579414216
pairing,51,19,-0.02526275782566193,0.0027020789081705207
pairing,51,20,0.022111796022634796,0.0032018723260809658
pairing,51,21,-0.017818730092623428,0.0036745991791374095
pairing,51,22,0.012751162178796002,0.004031322851537266
pairing,51,23,-0.007449247899077672,0.004212337516201203
pairing,51,24,0.0024892028933666396,0.004216310953309094
pairing,51,25,0.0016705802160507477,0.004101669243723684
pairing,51,26,-0.004785527986714421,0.003957973348010516
pairing,51,27,0.006830107082609911,0.003865325753047855
pairing,51,28,-0.007944004737436953,0.003866270995551634
pairing,51,29,0.008357044819983079,0.0039579754493103275
pairing,51,30,-0.00832775586696348,0.004101582747863274
pairing,51,31,0.008101296860867583,0.004241974593615333
pairing,51,32,-0.00787636130892927,0.00432850289819745
pairing,51,33,0.007770457832596899,0.004331822187217562
pairing,51,34,-0.007795092157429271,0.004252307235655825
pairing,51,35,0.007854685452408252,0.004119847806668328
pairing,51,36,-0.007765806953256475,0.003984534239061846
pairing,51,37,0.007288916442023457,0.003899958525652355
pairing,51,38,-0.0061631109697379265,0.0039026960503742185
pairing,51,39,0.004152683113647459,0.003994574776391976
pairing,51,40,-0.001110652434589333,0.004133245301560618
pairing,51,41,-0.002945265227259364,0.0042403816130565574
pairing,51,42,0.007779066780466056,0.004229611781777652
pairing,51,43,-0.012941037359385999,0.004044920533267072
pairing,51,44,0.01786571251416319,0.003688956632704791
pairing,51,45,-0.02202301959404291,0.003220914745707201
pairing,51,46,0.025049639865259425,0.002728669301518604
pairing,51,47,-0.02677280807204123,0.0022961718068796296
pairing,51,48,0.02712461841334485,0.001984519605587402
pairing,51,49,-0.026031564473664157,0.001826714891681416
pairing,51,50,0.0233734898930178,0.0018269211991684669
pairing,51,51,-0.01906961868788424,0.0019568656307910872
pairing,51,52,0.013232598881022725,0.002153713715571476
pairing,51,53,-0.006231032429734157,0.0023298650809663096
pairing,51,54,-0.0013985145024936465,0.0024012368574502334
pairing,51,55,0.009058922727450616,0.0023221278594237555
pairing,51,56,-0.01612690269620773,0.0021027793368046735
pairing,51,57,0.022028576170472675,0.0017967160598686806
pairing,51,58,-0.026403347697525618,0.0014676638386059686
pairing,51,59,0.029187005703809703,0.001160337281853659
pairing,51,60,-0.030486895041939133,0.0008885822462754556
pairing,51,61,0.030341712019351513,0.0006472052130398836
pairing,51,62,-0.028618912926460946,0.0004422484354558914
pairing,51,63,0.025273111392029597,0.00026817923043493655
pairing,51,64,-0.017337312193542998,0.00018491359846795015
pairing,52,1,0.017297041637484696,0.0001729171582125685
pairing,52,2,-0.025210121165280472,0.0002507069726703033
pairing,52,3,0.028530724614302512,0.000413032790558559
pairing,52,4,-0.030209337233210412,0.0006033547684196232
pairing,52,5,0.030278167408223436,0.0008263300553768683
pairing,52,6,-0.028854401908997327,0.001075669306774375
pairing,52,7,0.025891279675764593,0.0013549330914843542
pairing,52,8,-0.02129499495218961,0.0016491913825113045
pairing,52,9,0.015167445738181202,0.0019156208331681
pairing,52,10,-0.007910167825246419,0.0020961639427930483
pairing,52,11,0.00011605514858782596,0.0021460517103875625
pairing,52,12,0.007588776233005787,0.0020626120112382153
pairing,52,13,-0.014600201620733994,0.001893495127509019
pairing,52,14,0.02037985760680005,0.0017178230981233196
pairing,52,15,-0.024582646147596893,0.0016139312262567563
pairing,52,16,0.027138184261776915,0.0016361293838112478
pairing,52,17,-0.028161930810261734,0.00180806866543154
pairing,52,18,0.02778195646777485,0.0021259208979105843
pairing,52,19,-0.026055071645169313,0.0025612190568584025
pairing,52,20,0.02301366605836197,0.003059474402219787
pairing,52,21,-0.01878590825743849,0.0035411817801475048
pairing,52,22,0.01370117027676784,0.0039175285133368
pairing,52,23,-0.00828199243578379,0.004123087587899612
pairing,52,24,0.0031158974400036245,0.00414793336693188
pairing,52,25,0.0013069158707967262,0.004044219710141965
pairing,52,26,-0.004705634869564872,0.0039006506890885344
pairing,52,27,0.0070242222963487425,0.003801298502164625
pairing,52,28,-0.0083821866363951,0.0037944137705885643
pairing,52,29,0.008999103548731319,0.0038814767229175926
pairing,52,30,-0.00912810374320553,0.004024895365305371
pairing,52,31,0.009009805946756048,0.004167975477771471
pairing,52,32,-0.00883909511746014,0.0042572073759486115
pairing,52,33,0.008731547892907816,0.004260969375711361
pairing,52,34,-0.008699076447431267,0.004179529442019783
pairing,52,35,0.008648340787294751,0.004044810273545236
pairing,52,36,-0.008400032629399966,0.003909687527435082
pairing,52,37,0.007718654845011198,0.0038295081635962625
pairing,52,38,-0.006348049938430529,0.0038397182066490757
pairing,52,39,0.004062667159115928,0.003937859704340324
pairing,52,40,-0.0007347421699814059,0.004076104695448825
pairing,52,41,-0.0035876042684129666,0.004172089952949024
pairing,52,42,0.008631057214373914,0.004140186806607802
pairing,52,43,-0.013913565717611187,0.003930659713255871
pairing,52,44,0.018858269736650054,0.0035545922334607686
pairing,52,45,-0.02295279964877442,0.0030769111684862084
pairing,52,46,0.02587161786570824,0.002585413039730978
pairing,52,47,-0.027479844793355978,0.00215937321708931
pairing,52,48,0.027731583254298107,0.0018539052794620395
pairing,52,49,-0.02655630916980942,0.0016974095998853632
pairing,52,50,0.023824400557501898,0.0016920997234673007
pairing,52,51,-0.019443587763918073,0.0018105382625299069
pairing,52,52,0.013522262395410992,0.0019933749120587536
pairing,52,53,-0.00643562732370296,0.002158272316163429
pairing,52,54,-0.0012699516906564366,0.0022263002811509754
pairing,52,55,0.008992172179421007,0.0021545491857334013
pairing,52,56,-0.016107007740547147,0.0019523870088044687
pairing,52,57,0.02203974880192349,0.0016695947794054871
pairing,52,58,-0.026430735226861766,0.0013653115829373986
pairing,52,59,0.029219022500029508,0.0010809083175826518
pairing,52,60,-0.030517449321645206,0.0008290600651602517
pairing,52,61,0.030368821668968718,0.0006047855742168441
pairing,52,62,-0.028642565069191828,0.0004138016322335564
pairing,52,63,0.02529360421011983,0.0002511357909720877
pairing,52,64,-0.017351757351991202,0.00017321725668870952
pairing,53,1,0.017307809641870595,0.00016082593788578758
pairing,53,2,-0.025225064301387604,0.00023308944260044058
pairing,53,3,0.028547101850129868,0.00038362529548986106
pairing,53,4,-0.030226380113168118,0.0005594955689223033
pairing,53,5,0.030294294215278086,0.0007647645096499455
pairing,53,6,-0.028865483915549803,0.0009934271648582922
pairing,53,7,0.02588912451743742,0.0012488421129123366
pairing,53,8,-0.021268086041873448,0.0015173646850370481
pairing,53,9,0.015103586649404682,0.0017597222124712008
pairing,53,10,-0.0077989729584382345,0.0019228449474295091
pairing,53,11,-5.163164417876752e-05,0.0019660697097867983
pairing,53,12,0.007820608368531025,0.0018876306703114404
pairing,53,13,-0.014898557390282932,0.0017320806627852384
pairing,53,14,0.020739842719885423,0.0015727837721204608
pairing,53,15,-0.024997185669065773,0.0014823209198845558
pairing,53,16,0.02760856682564395,0.0015110497946910697
pairing,53,17,-0.02870265261029519,0.0016813957165849438
pairing,53,18,0.028417917872189603,0.001991142594030425
pairing,53,19,-0.026809646264287577,0.0024160400716683682
pairing,53,20,0.023889806164655858,0.0029078412014491694
pairing,53,21,-0.01974794510553688,0.003392868647273565
pairing,53,22,0.014670629052699674,0.003784219262158374
pairing,53,23,-0.009156043459547996,0.004012320735809436
pairing,53,24,0.0037956711150680528,0.0040589023762255165
pairing,53,25,0.0008933439992069923,0.003968700001336546
pairing,53,26,-0.004593234936134722,0.0038279820097370967
pairing,53,27,0.007215469626554525,0.0037234839616666223
pairing,53,28,-0.008854642245882345,0.0037085267563536075
pairing,53,29,0.009714560073512294,0.003789265363263845
pairing,53,30,-0.010037419910629402,0.003930243912061
pairing,53,31,0.010054718240759264,0.004073968846843357
pairing,53,32,-0.009953505559647656,0.004164679545622696
pairing,53,33,0.009844468503692368,0.00416882222175464
pairing,53,34,-0.009739466268073834,0.004086499557256432
pairing,53,35,0.009551032362963223,0.003951453479968152
pairing,53,36,-0.009107287811036681,0.0038187849952722296
pairing,53,37,0.008181493556027104,0.0037446675499253094
pairing,53,38,-0.006527888528629968,0.003762672151369435
pairing,53,39,0.003936297500775163,0.003865648529766551
pairing,53,40,-0.00030359455125447384,0.004000668372793613
pairing,53,41,-0.004289319794628918,0.004082806145014702
pairing,53,42,0.00953089648840465,0.004028799611928273
pairing,53,43,-0.014911599120847245,0.0037962335284143236
pairing,53,44,0.019850594387363255,0.0034044602607480735
pairing,53,45,-0.02386049647990102,0.0029226185230145875
pairing,53,46,0.02665852148433133,0.0024368229235490996
pairing,53,47,-0.028147834554998218,0.0020205269102099473
pairing,53,48,0.028302177172647318,0.0017225584097671329
pairing,53,49,-0.027051940679218726,0.0015671224794278076
pairing,53,50,0.024256323279851794,0.0015549230546413328
pairing,53,51,-0.01981049464550494,0.0016598620595515306
pairing,53,52,0.01381684522371288,0.0018266860047200933
pairing,53,53,-0.006655022020166671,0.001978999126033143
pairing,53,54,-0.0011198346441872692,0.002043433569729184
pairing,53,55,0.008900635174732201,0.001979835866248145
pairing,53,56,-0.01606228262330875,0.001796301601347143
pairing,53,57,0.022029121666507882,0.0015383181565821503
pairing,53,58,-0.026440852474824778,0.0012600919312890943
pairing,53,59,0.029238463275447043,0.000999554562492358
pairing,53,60,-0.030539054512504504,0.000768256302736092
pairing,53,61,0.030389455710996396,0.0005615271188741135
pairing,53,62,-0.028661331445206183,0.00038482355114852906
pairing,53,63,0.025310231272780502,0.0002337824341854066
pairing,53,64,-0.01736359210095435,0.00016130885185634987
pairing,54,1,0.017316071403577916,0.00014856551615377383
pairing,54,2,-0.02523631754981829,0.00021522402629801338
pairing,54,3,0.02855886091176342,0.0003537940208116811
pairing,54,4,-0.030237416445587258,0.0005149694487546818
pairing,54,5,0.030302259713161882,0.0007021870309577119
pairing,54,6,-0.028865250919561082,0.0009097095070666427
pairing,54,7,0.025871864794661324,0.0011405795726773839
pairing,54,8,-0.021222445295052725,0.0013824289875921146
pairing,54,9,0.015019128329231267,0.001599692159777719
pairing,54,10,-0.007667954832804717,0.0017445582189699513
pairing,54,11,-0.00023548607078923214,0.0017808762600931552
pairing,54,12,0.008061799320138646,0.0017080019172786166
pairing,54,13,-0.015196740256743573,0.0015673079822850701
pairing,54,14,0.021088614183167157,0.0014260384532330556
pairing,54,15,-0.025389890679938715,0.0013504139652409661
pairing,54,16,0.028048181782804528,0.0013864063358287775
pairing,54,17,-0.0292064247518629,0.0015548171400880406
pairing,54,18,0.02901415946684846,0.001854638472611201
pairing,54,19,-0.027527019559645517,0.002265526382173699
pairing,54,20,0.024739303541742898,0.00274545721099197
pairing,54,21,-0.020702690112136074,0.003227428687139631
pairing,54,22,0.01565750426527748,0.003628074806015763
pairing,54,23,-0.010069634968355171,0.003875430887732037
pairing,54,24,0.004527216509439436,0.003943712230317056
pairing,54,25,0.00043038487798730007,0.003869409579661746
pairing,54,26,-0.004450160428891048,0.0037345221918398753
pairing,54,27,0.007408386028296816,0.003626787038247133
pairing,54,28,-0.009370404048380375,0.0036038229766688643
pairing,54,29,0.010517667217910651,0.003676496106836877
pairing,54,30,-0.01107569886643453,0.0038122531048931903
pairing,54,31,0.01126079083999947,0.003954015150492569
pairing,54,32,-0.011246858841847757,0.004044638108079965
pairing,54,33,0.011136466953302396,0.004049053892100977
pairing,54,34,-0.010942136893783035,0.0039673087739902895
pairing,54,35,0.01058367313745942,0.0038345522565706464
pairing,54,36,-0.009902050446033192,0.003707160875580698
pairing,54,37,0.008685727492515321,0.0036409397204128025
pairing,54,38,-0.0067060736309580305,0.003666657503788845
pairing,54,39,0.0037744284615785426,0.0037725282082002798
pairing,54,40,0.00018284737571731195,0.003901308171864407
pairing,54,41,-0.005049046723777057,0.003967102007586742
pairing,54,42,0.010476210511683355,0.003890895473524144
pairing,54,43,-0.015931884026591354,0.003638430131116207
pairing,54,44,0.020839154333244785,0.0032366541111586832
pairing,54,45,-0.024743699615808662,0.0027571010311208833
pairing,54,46,0.02740939040992924,0.002282374497593486
pairing,54,47,-0.028776850556369346,0.0018792799681562904
pairing,54,48,0.028836673522672614,0.001590420869643249
pairing,54,49,-0.02751825305192786,0.0014360844203381976
pairing,54,50,0.02466876646225405,0.0014158720395574334
pairing,54,51,-0.020169379179443076,0.0015055563874784895
pairing,54,52,0.014114830994235376,0.001654554620812266
pairing,54,53,-0.006887500127811233,0.0017930210611804445
pairing,54,54,-0.0009499378502337988,0.0018534554665207883
pairing,54,55,0.008786133482454096,0.0017985253123052394
pairing,54,56,-0.015994715071701998,0.0016347794164380503
pairing,54,57,0.02199856575240539,0.0014028588472522043
pairing,54,58,-0.026435093337421004,0.0011518176094303546
pairing,54,59,0.029246195101616447,0.0009160647772889067
pairing,54,60,-0.03055229927509796,0.0007059794186777455
pairing,54,61,0.03040407046310245,0.0005172697084342778
pairing,54,62,-0.028675565766967837,0.0003551917543842951
pairing,54,63,0.025323276067866603,0.00021604140326995447
pairing,54,64,-0.01737300512935233,0.00014913451140075368
pairing,55,1,0.017322069466212262,0.0001360361892977126
pairing,55,2,-0.025244252632127796,0.00019696657434583757
pairing,55,3,0.028566515215244476,0.00032330960236222404
pairing,55,4,-0.030243148055096897,0.0004694534156148481
pairing,55,5,0.030302954683245238,0.0006381702960207543
pairing,55,6,-0.028854963984086546,0.0008239613451502323
pairing,55,7,0.025841199970626602,0.0010295259203110013
pairing,55,8,-0.021160409252499665,0.0012438662723543439
pairing,55,9,0.014916723883222547,0.0014351953502618983
pairing,55,10,-0.007519855218776782,0.0015612540060318933
pairing,55,11,-0.00043226833415185763,0.0015906610086375765
pairing,55,12,0.008309049763220867,0.0015239919676022157
pairing,55,13,-0.015492094399755407,0.00139933130184266
pairing,55,14,0.02142487236405828,0.0012773747050856031
pairing,55,15,-0.025761023092092446,0.0012175720227597037
pairing,55,16,0.02845886223375782,0.0012611568014477147
pairing,55,17,-0.029675999499694433,0.0014269355051598476
pairing,55,18,0.029573778655336135,0.0017146070762315874
pairing,55,19,-0.028209887634387774,0.0021073214703595244
pairing,55,20,0.02556388061721447,0.002569136073374687
pairing,55,21,-0.021650916417716472,0.003040369932225627
pairing,55,22,0.016661924599782222,0.0034429828240010573
pairing,55,23,-0.011023102191220668,0.0037047639839122644
pairing,55,24,0.005310792817753958,0.0037936456618393876
pairing,55,25,-8.13411186106059e-05,0.0037373597304185117
pairing,55,26,-0.004279206027218774,0.003611588049132653
pairing,55,27,0.007610070764625046,0.0035030481822511364
pairing,55,28,-0.009942324770808926,0.00347236946502149
pairing,55,29,0.011428497895616693,0.003534949217925833
pairing,55,30,-0.01226932234909079,0.0036620620920127314
pairing,55,31,0.01265860573145582,0.0037984266083188173
pairing,55,32,-0.012751447575641044,0.0038868792946422804
pairing,55,33,0.012639949116781762,0.0038915846055354057
pairing,55,34,-0.012336237953845008,0.0038125840462541966
pairing,55,35,0.011770650950264343,0.0036855239544892294
pairing,55,36,-0.010802727381589107,0.003566701553920566
pairing,55,37,0.009243079192993595,0.0035103191130162526
pairing,55,38,-0.006888158714975065,0.0035434620571342724
pairing,55,39,0.0035783292476068785,0.003649825050694055
pairing,55,40,0.000725439462023364,0.0037691490865051688
pairing,55,41,-0.005868130855795669,0.0038165187511371235
pairing,55,42,0.011467477106128351,0.0037191190649240964
pairing,55,43,-0.01697416889899518,0.0034515701884682186
pairing,55,44,0.02182389302581427,0.0030470733493928185
pairing,55,45,-0.025603257526343876,0.002577454601040575
pairing,55,46,0.028125877979201554,0.0021201102707480908
pairing,55,47,-0.02936857698621917,0.0017344485157580066
pairing,55,48,0.029336456642670605,0.0014569435642584816
pairing,55,49,-0.02795596341475109,0.0013043700506202745
pairing,55,50,0.025061099459119086,0.0012757046828050934
pairing,55,51,-0.02051829648333094,0.0013489626370396146
pairing,55,52,0.01441346432505897,0.0014786567898641292
pairing,55,53,-0.007129694555860766,0.0016019920437295278
pairing,55,54,-0.0007641164738991651,0.0016578555089777993
pairing,55,55,0.008652357648166655,0.0016118139669017032
pairing,55,56,-0.015907373995606978,0.0014686367884012706
pairing,55,57,0.02195019184104012,0.0012638606465040572
pairing,55,58,-0.02641516593157152,0.0010410020590931267
pairing,55,59,0.02924349648893617,0.0008307674186693718
pairing,55,60,-0.03055803462097508,0.0006424125437631917
pairing,55,61,0.030413161620219842,0.00047211931870126125
pairing,55,62,-0.028685596308726913,0.00032497200762271564
pairing,55,63,0.02533298122454754,0.0001979488463107356
pairing,55,64,-0.01738016227544385,0.00013671787695613446
pairing,56,1,0.017326030709964767,0.0001232699690763232
pairing,56,2,-0.02524920425940426,0.0001783660441901941
pairing,56,3,0.028570460219797908,0.00029225922149618354
pairing,56,4,-0.030244054352826094,0.00042311969094882096
pairing,56,5,0.030297185260035955,0.000573032301900476
pairing,56,6,-0.02883596885457427,0.0007367215645650597
pairing,56,7,0.025799035184738323,0.0009165183412557171
pairing,56,8,-0.021084461430039284,0.0011027509277508093
pairing,56,9,0.014799446213985611,0.0012676392252192472
pairing,56,10,-0.007358064493507763,0.0013746874856342827
pairing,56,11,-0.0006394032397275531,0.0013974586044404084
pairing,56,12,0.008560972841643432,0.0013377681782814426
pairing,56,13,-0.015784376501344642,0.0012301053807846213
pairing,56,14,0.021749359962512555,0.001128293265180898
pairing,56,15,-0.026112543048272274,0.001084551499746211
pairing,56,16,0.02884372710358945,0.0011350382929130637
pairing,56,17,-0.030115596121061634,0.0012962618252559946
pairing,56,18,0.030101827441894095,0.0015682182647916419
pairing,56,19,-0.02886388212282497,0.001937114839607358
pairing,56,20,0.026368955673210872,0.0023728927214812495
pairing,56,21,-0.022597426272227505,0.002823783193523843
pairing,56,22,0.017687806122282396,0.0032187864383676963
pairing,56,23,-0.012019390620310034,0.0034880207169711314
pairing,56,24,0.006149028082435172,0.0035948570577004476
pairing,56,25,-0.0006428706399484512,0.003558052132838427
pairing,56,26,-0.004083508069247494,0.003445169382961315
pairing,56,27,0.007830482968979719,0.0033390928808495275
pairing,56,28,-0.010589179379106766,0.003301488835906148
pairing,56,29,0.012473288261974441,0.0033518379252866085
pairing,56,30,-0.013649965574243823,0.0034661170014441247
pairing,56,31,0.014284101344685569,0.003592589368239014
pairing,56,32,-0.014506153855670053,0.0036758459846734743
pairing,56,33,0.014393516011803584,0.003680862843606046
pairing,56,34,-0.013957574213502447,0.003607573472546946
pairing,56,35,0.01314269809327695,0.003490616920750923
pairing,56,36,-0.011832895738072918,0.0033844935961645254
pairing,56,37,0.009868592955370573,0.0033400072152021927
pairing,56,38,-0.007080539715630083,0.0033796572856899937
pairing,56,39,0.003348012862826475,0.003483210764707279
pairing,56,40,0.0013276349616876278,0.003589300713846107
pairing,56,41,-0.0067510778380665964,0.003616713051953312
pairing,56,42,0.012509021222657084,0.0035008646483364585
pairing,56,43,-0.018042406025072677,0.003225302652866877
pairing,56,44,0.022808601661278193,0.0028277862934268107
pairing,56,45,-0.026442973172503655,0.002377904452440267
pairing,56,46,0.02881191773407515,0.0019459126156553658
pairing,56,47,-0.029926939046580406,0.0015831830390928153
pairing,56,48,0.02980455694118809,0.0013203380344182438
pairing,56,49,-0.028366484885890976,0.001171095466549915
pairing,56,50,0.025433341180250087,0.001134200887898826
pairing,56,51,-0.02085630977835514,0.001190430683559411
pairing,56,52,0.014710705773001268,0.0012997411901317455
pairing,56,53,-0.007378719643388926,0.0014068360101120326
pairing,56,54,-0.0005653930379628013,0.0014574452178237117
pairing,56,55,0.008502165939256404,0.0014202010882114805
pairing,56,56,-0.015802832010947284,0.001298074471926606
pairing,56,57,0.02188622472801962,0.001121239688758571
pairing,56,58,-0.026382723461467854,0.0009273733203107905
pairing,56,59,0.02923151109782022,0.0007433288652311084
pairing,56,60,-0.030557125778152297,0.0005772598798061794
pairing,56,61,0.030417402562645076,0.00042584672466959984
pairing,56,62,-0.028691899499565483,0.0002939964292517845
pairing,56,63,0.025339691086749123,0.00017940144748325188
pairing,56,64,-0.01738527688268517,0.00012398832624649803
pairing,57,1,0.01732814900943886,0.00011026528364910925
pairing,57,2,-0.02525145564112669,0.0001594220461051917
pairing,57,3,0.02857105570056346,0.0002606468099096105
pairing,57,4,-0.030240643722139065,0.0003759670545143972
pairing,57,5,0.030285691702771143,0.0005067855327173592
pairing,57,6,-0.028809239621331296,0.0006480736826778829
pairing,57,7,0.02574682338338838,0.0008017919326134415
pairing,57,8,-0.0209965503958632,0.0009596218903984502
pairing,57,9,0.014669738147505228,0.0010979267693306686
pairing,57,10,-0.007185333211152211,0.0011861058272163042
pairing,57,11,-0.0008540956295078777,0.0012027175587172659
pairing,57,12,0.008815188633384378,0.0011507002642026597
pairing,57,13,-0.016071908473366356,0.001060655889486939
pairing,57,14,0.022061389342524492,0.00097920200087717
pairing,57,15,-0.026444787052790304,0.0009510626686722882
pairing,57,16,0.029204296226237776,0.0010069639624752337
pairing,57,17,-0.03052768821630574,0.001160846898835743
pairing,57,18,0.03060140868922688,0.0014127346811715629
pairing,57,19,-0.029492261263026644,0.0017512809060145204
pairing,57,20,0.027157668376168006,0.0021518437388092226
pairing,57,21,-0.023544553442028847,0.00257109407980025
pairing,57,22,0.01873679695241286,0.00294697988416732
pairing,57,23,-0.013059193034646015,0.0032145966043137415
pairing,57,24,0.007040394101545489,0.003334979713256586
pairing,57,25,-0.0012493884879655533,0.003318205928006216
pairing,57,26,-0.003871967946726286,0.0032216278784699195
pairing,57,27,0.00808389546120647,0.0031213928873358187
pairing,57,28,-0.011330236422189909,0.0030778987766595964
pairing,57,29,0.013676812082308112,0.0031137197240579686
pairing,57,30,-0.015246816909730097,0.0032103916473663844
pairing,57,31,0.016167912635245883,0.0033216905336861703
pairing,57,32,-0.016541134347268893,0.003396380133013923
pairing,57,33,0.01642659487748733,0.003401472035880555
pairing,57,34,-0.01583548542312422,0.0033369277909578764
pairing,57,35,0.014727713245439382,0.003235353464224898
pairing,57,36,-0.013016687455996103,0.0031467481719080325
pairing,57,37,0.010580841365627707,0.003116335492643704
pairing,57,38,-0.007296143778409767,0.0031614110458896174
pairing,57,39,0.0030911234280900394,0.003258691692793003
pairing,57,40,0.0019852050980119678,0.0033481121956491777
pairing,57,41,-0.00769589407639155,0.0033552427987339
pairing,57,42,0.013600480507875105,0.0032255798959190934
pairing,57,43,-0.019137451944489205,0.002951332463108952
pairing,57,44,0.023795107806665876,0.0025725565275824015
pairing,57,45,-0.02726561346063186,0.0021536906970184362
pairing,57,46,0.02947081177162733,0.0017561905947019165
pairing,57,47,-0.030455034775870565,0.001423032030639743
pairing,57,48,0.030243492613072548,0.0011792112303668813
pairing,57,49,-0.028751596547883146,0.0010359238814734053
pairing,57,50,0.02578632821935014,0.000992087470085879
pairing,57,51,-0.021182773140379217,0.0010314865237924927
pairing,57,52,0.015004822699682216,0.001119937909008393
pairing,57,53,-0.007632251683177847,0.0012100204993864582
pairing,57,54,-0.00035665722491733023,0.0012546606057806382
pairing,57,55,0.008338873633219702,0.0012258586306879093
pairing,57,56,-0.015684349852562028,0.0011247950880253757
pairing,57,57,0.021809394660741985,0.0009761847024670238
pairing,57,58,-0.02633967152869953,0.00081174167288911
pairing,57,59,0.029211269542696282,0.0006543098671324612
pairing,57,60,-0.03055009016145188,0.0005108562690806846
pairing,57,61,0.03041706692325742,0.00037862409769529926
pairing,57,62,-0.028694708190997707,0.0002623524002580485
pairing,57,63,0.025343618679318516,0.0001604428734529993
pairing,57,64,-0.017388507036236164,0.00011097413393773244
pairing,58,1,0.017328659038588316,9.698160650989767e-05
pairing,58,2,-0.0252513814636385,0.0001400784886062109
pairing,58,3,0.02856885389836035,0.00022840210880615752
pairing,58,4,-0.030233752539775116,0.00032795359300598093
pairing,58,5,0.030269668850328064,0.0004394699188874877
pairing,58,6,-0.028776580822383276,0.0005582031048509632
pairing,58,7,0.025687249954202677,0.0006857635332474977
pairing,58,8,-0.020900326357476483,0.0008152839034420375
pairing,58,9,0.01453175804228533,0.0009273600066030562
pairing,58,10,-0.0070058099436986505,0.00099728947313451
pairing,58,11,-0.0010723826607519121,0.00100849314008864
pairing,58,12,0.00906812789715741,0.0009647668215648328
pairing,58,13,-0.016352176182867693,0.0008925074265398625
pairing,58,14,0.022359945666993997,0.0008308067629762903
pairing,58,15,-0.02675826745172548,0.0008166920308426936
pairing,58,16,0.02954244517275348,0.0008753050510451468
pairing,58,17,-0.030915423915189644,0.0010177153808111974
pairing,58,18,0.031076423233970533,0.0012436647422452557
pairing,58,19,-0.03009873111572043,0.0015437626926673785
pairing,58,20,0.027932548798325813,0.0018984206953685258
pairing,58,21,-0.02449310795189883,0.0022730121520322037
pairing,58,22,0.019807744067031084,0.0026158968089341683
pairing,58,23,-0.014140048405754363,0.0028699807800956914
pairing,58,24,0.007980706767139393,0.00299686823453061
pairing,58,25,-0.0018944001588979723,0.002999025142849928
pairing,58,26,-0.0036543073896109016,0.0029218990672796995
pairing,58,27,0.008383882804988526,0.002831516796408169
pairing,58,28,-0.012183491717207237,0.002783843381211597
pairing,58,29,0.01505805591291319,0.0028032547195017336
pairing,58,30,-0.017075185756633283,0.0028772762834878437
pairing,58,31,0.018319722761849455,0.002967470856384191
pairing,58,32,-0.0188624587252997,0.0030297490694714884
pairing,58,33,0.018747177270600116,0.0030351065068554145
pairing,58,34,-0.017983086062840298,0.0029831963251183823
pairing,58,35,0.016544858137681574,0.0029025349983242627
pairing,58,36,-0.014376021268686002,0.002836384092309658
pairing,58,37,0.011400034759767152,0.002822060777860615
pairing,58,38,-0.007551150041033869,0.0028708737685899386
pairing,58,39,0.0028197881654307157,0.0029579358614387893
pairing,58,40,0.00268847837602548,0.0030276304308873743
pairing,58,41,-0.008694875969579276,0.003015721579963275
pairing,58,42,0.014735615846494344,0.0028794861496886505
pairing,58,43,-0.02025482763566922,0.00261865419670835
pairing,58,44,0.02478176454945341,0.0022726243282492693
pairing,58,45,-0.028072239037795765,0.0018979857086657455
pairing,58,46,0.030105422359932445,0.0015457188372254866
pairing,58,47,-0.030956251556871248,0.001250079192608979
pairing,58,48,0.030656380614065913,0.001030913809154817
pairing,58,49,-0.029113582123602197,0.0008975014148180346
pairing,58,50,0.026121000768887206,0.0008492347511558476
pairing,58,51,-0.021497257836320026,0.0008730954524848056
pairing,58,52,0.015294071298143523,0.0009410485673220455
pairing,58,53,-0.007887448709452717,0.001013780715070257
pairing,58,54,-0.000141341496424305,0.001051762709965923
pairing,58,55,0.008166003718748073,0.0010306896946930993
pairing,58,56,-0.015555150534330466,0.0009501782947441209
pairing,58,57,0.02172230272240153,0.000829555873931143
pairing,58,58,-0.02628792293477935,0.0006944884700351786
pairing,58,59,0.029184292918744373,0.0005637899077388884
pairing,58,60,-0.03053781656334387,0.0004431890777371214
pairing,58,61,0.030412655860000703,0.0003303959381686484
pairing,58,62,-0.028694338335811396,0.00022997556972920895
pairing,58,63,0.025344986598489792,0.00014102527427549132
pairing,58,64,-0.017389998240411812,9.763983911690552e-05
pairing,59,1,0.017327789941578714,8.342874877766859e-05
pairing,59,2,-0.025249324502560323,0.00012035828358069876
pairing,59,3,0.028564276815990254,0.00019559483724564396
pairing,59,4,-0.030223943225918017,0.0002792652002601591
pairing,59,5,0.03024997940613064,0.0003714989268433945
pairing,59,6,-0.02873921136838678,0.0004678984527835253
pairing,59,7,0.02562195862292911,0.0005697801258813349
pairing,59,8,-0.020797921060973938,0.000671770066583276
pairing,59,9,0.01438820437187241,0.0007586682203250775
pairing,59,10,-0.006822577260223244,0.0008115167400721037
pairing,59,11,-0.0012913017001099847,0.0008182751141055755
pairing,59,12,0.009317354912826516,0.0007832009907258076
pairing,59,13,-0.01662349399819059,0.0007281933146624337
pairing,59,14,0.02264423866472223,0.0006846381428803753
pairing,59,15,-0.027053163279459624,0.0006818103663611252
pairing,59,16,0.029859035163199002,0.0007392060754365922
pairing,59,17,-0.03127974553878839,0.0008649202572580097
pairing,59,18,0.03152736498732681,0.0010580943288206277
pairing,59,19,-0.030682452298117446,0.00131100040564195
pairing,59,20,0.028689689715647237,0.001608707788009167
pairing,59,21,-0.025435119241818942,0.001925012672548397
pairing,59,22,0.020888066873246236,0.0022199244195608525
pairing,59,23,-0.015244823838547252,0.002446846931526743
pairing,59,24,0.008949772386721327,0.0025709286136587906
pairing,59,25,-0.002556807127993799,0.002588615268519164
pairing,59,26,-0.0034494931649932258,0.0025324729345051755
pairing,59,27,0.00874513741424503,0.0024553741936205343
pairing,59,28,-0.013154418194198585,0.0024057142911254434
pairing,59,29,0.016607446917014927,0.002407777445421995
pairing,59,30,-0.019106067278197067,0.002455254257964637
pairing,59,31,0.02069169459798089,0.0025195074744354894
pairing,59,32,-0.021410940486293238,0.0025659007869517953
pairing,59,33,0.02129579098433218,0.002571041539671819
pairing,59,34,-0.02035313525424711,0.0025345587856079503
pairing,59,35,0.018566106829785857,0.0024793374995777393
pairing,59,36,-0.015902117127946227,0.00243920049954725
pairing,59,37,0.01233240825842595,0.002441771198999957
pairing,59,38,-0.007860801720665332,0.0024920797911702616
pairing,59,39,0.002554555633868371,0.0025654438186849763
pairing,59,40,0.0034157907540380335,0.0026141375802847715
pairing,59,41,-0.009727271889154945,0.0025870759263947364
pairing,59,42,0.01589615123783615,0.002454242434488243
pairing,59,43,-0.02137998370398897,0.0022211523923423527
pairing,59,44,0.02575855694399753,0.0019233051920805894
pairing,59,45,-0.028857333930358237,0.001606740877038604
pairing,59,46,0.03071352466268226,0.0013109052260933639
pairing,59,47,-0.031430281199281956,0.0010614516624768984
pairing,59,48,0.031043505615329738,0.0008736383157045681
pairing,59,49,-0.029452542950560476,0.0007551906395342086
pairing,59,50,0.026436608939365433,0.0007062210665827064
pairing,59,51,-0.021798378640410333,0.0007171107624972886
pairing,59,52,0.015576323174985458,0.0007660026978312578
pairing,59,53,-0.008141555900997072,0.0008217470784324361
pairing,59,54,7.73756249674456e-05,0.0008525694843415435
pairing,59,55,0.007986865934029683,0.0008381934400686634
pairing,59,56,-0.015417971238362204,0.0007770554939326191
pairing,59,57,0.02162718719465661,0.0006833999413607113
pairing,59,58,-0.026229221352649504,0.0005770037774590769
pairing,59,59,0.029151917697197792,0.00047262209395799873
pairing,59,60,-0.030521534346590058,0.000374701562297746
pairing,59,61,0.030405200477714313,0.0002813975184654892
pairing,59,62,-0.02869145239888309,0.00019698665117373902
pairing,59,63,0.025344233313518608,0.00012120093348288564
pairing,59,64,-0.017390009906208256,8.401464051550756e-05
pairing,60,1,0.017325731760890972,6.965719171966208e-05
pairing,60,2,-0.025245558976752853,0.00010034474755826024
pairing,60,3,0.028557663435654693,0.0001624185427293756
pairing,60,4,-0.030211670920808113,0.00023032248431048135
pairing,60,5,0.03022713662983749,0.0003036870792738834
pairing,60,6,-0.028697933578773854,0.0003785848805555169
pairing,60,7,0.02555209300076319,0.0004561172098305689
pairing,60,8,-0.020690809620061246,0.0005323915082797316
pairing,60,9,0.014240752134323239,0.000596212349572781
pairing,60,10,-0.006637329088929434,0.0006339120838716587
pairing,60,11,-0.0015093753330824647,0.0006373783875147632
pairing,60,12,0.009561863587092004,0.0006108256461611983
pairing,60,13,-0.016885013730969917,0.0005714675572953493
pairing,60,14,0.02291361631495666,0.0005431084921220402
pairing,60,15,-0.027328710949394656,0.0005475930107875589
pairing,60,16,0.030152634820054383,0.0005991056622321397
pairing,60,17,-0.03161778842357006,0.0007028797841613155
pairing,60,18,0.031948357176115216,0.0008571954208736565
pairing,60,19,-0.031232555764634164,0.0010556141753396548
pairing,60,20,0.02941173118525512,0.0012874431893351325
pairing,60,21,-0.02634472464618924,0.00153453910765195
pairing,60,22,0.021943205627011776,0.0017687254455199294
pairing,60,23,-0.016332564730920908,0.0019554484480066147
pairing,60,24,0.009904260684479832,0.00206619163456827
pairing,60,25,-0.0031974040612809604,0.0020936567604026525
pairing,60,26,-0.00328547036695713,0.0020579063885494383
pairing,60,27,0.009174550081745888,0.001996800530252474
pairing,60,28,-0.0142194466836451,0.0019481735730185377
pairing,60,29,0.018263303955567283,0.001934059342554003
pairing,60,30,-0.021237827063867454,0.0019539768711626885
pairing,60,31,0.02314736004875815,0.001990140363313275
pairing,60,32,-0.024029942963036437,0.002018839333484795
pairing,60,33,0.023916482172738337,0.0020233740543028275
pairing,60,34,-0.022810719782343798,0.0020036306188866066
pairing,60,35,0.020691909523972478,0.001975658321587919
pairing,60,36,-0.01753631217633065,0.0019621190213599963
pairing,60,37,0.01335703411452612,0.0019800520122276186
pairing,60,38,-0.008234084647748753,0.0020288107120485076
pairing,60,39,0.0023248290982800335,0.0020860919710335153
pairing,60,40,0.004125347301691194,0.0021149100849183924
pairing,60,41,-0.01074680528030269,0.00207909991006978
pairing,60,42,0.01703848876665573,0.001960820890351193
pairing,60,43,-0.02247646471465426,0.001769007778599493
pairing,60,44,0.02669809846862625,0.0015324480327758671
pairing,60,45,-0.029602510971984703,0.001284999835962467
pairing,60,46,0.031283844787045066,0.0010544622788635997
pairing,60,47,-0.03187072071126994,0.0008585030654873368
pairing,60,48,0.03140117177612309,0.0007081692966713073
pairing,60,49,-0.029766317205416948,0.0006099827523162726
pairing,60,50,0.026731624147239376,0.0005649905632934644
pairing,60,51,-0.02208431686796774,0.0005667524115657366
pairing,60,52,0.015849591427241957,0.0005993329854783519
pairing,60,53,-0.008392354818971319,0.0006395092664435292
pairing,60,54,0.00029740694594445087,0.0006630980281415598
pairing,60,55,0.007803121351875959,0.0006540831241541959
pairing,60,56,-0.015274735080144895,0.0006102634101461409
pairing,60,57,0.021525624924849062,0.0005413977715059777
pairing,60,58,-0.026164729184305624,0.0004618206127247145
pairing,60,59,0.0291149083935628,0.0003824104787090287
pairing,60,60,-0.030501741214422597,0.00030633922186585195
pairing,60,61,0.03039504118819531,0.00023211470331566792
pairing,60,62,-0.028686396728787276,0.00016360020083662537
pairing,60,63,0.02534166747510138,0.00010106278998119361
pairing,60,64,-0.01738875865120877,7.015634368590955e-05
pairing,61,1,0.01732261003950627,5.5996463252467105e-05
pairing,61,2,-0.0252402410343986,8.053043138636182e-05
pairing,61,3,0.028549127653823312,0.00012974286961586127
pairing,61,4,-0.030196943675668844,0.00018253417984298578
pairing,61,5,0.030201164891091273,0.00023819599938094824
pairing,61,6,-0.028652601042084547,0.00029338769722624304
pairing,61,7,0.0254774914266766,0.0003490597435466214
pairing,61,8,-0.020578882262432215,0.00040269136498692854
pairing,61,9,0.014089304028259433,0.0004466500608055466
pairing,61,10,-0.006450055374078425,0.0004717873313794652
pairing,61,11,-0.0017261831187660361,0.0004731279982968901
pairing,61,12,0.009800488966746896,0.00045437696466448885
pairing,61,13,-0.017135366226221083,0.00042815259681607714
pairing,61,14,0.023166089213412303,0.0004113377110072031
pairing,61,15,-0.02758171404990211,0.00041905530434523076
pairing,61,16,0.030418080034728283,0.0004607209752518094
pairing,61,17,-0.03192096671313617,0.0005391908062495287
pairing,61,18,0.032325272034309675,0.0006522283272531672
pairing,61,19,-0.031726294922055524,0.0007945244962827694
pairing,61,20,0.03006343082779804,0.0009588635444384157
pairing,61,21,-0.02717158269020057,0.001134008987861934
pairing,61,22,0.02290874058119992,0.001302409956942571
pairing,61,23,-0.017329881805474862,0.0014412737476489823
pairing,61,24,0.010771939994277412,0.0015297697774944335
pairing,61,25,-0.0037571026956341744,0.001559451118112312
pairing,61,26,-0.0031930471256373656,0.0015401203472554259
pairing,61,27,0.009659195094442359,0.0014954067871240499
pairing,61,28,-0.015309635183458386,0.0014517047584271209
pairing,61,29,0.019895692105916962,0.0014270259890148355
pairing,61,30,-0.023281667276742204,0.0014251175429388823
pairing,61,31,0.025453696152168158,0.001437486343007235
pairing,61,32,-0.02646273974675179,0.001450498252380225
pairing,61,33,0.026353135465002817,0.0014542343686779228
pairing,61,34,-0.025125002756804054,0.0014485313685189815
pairing,61,35,0.022737551930498208,0.0014428106235240125
pairing,61,36,-0.01915372078846294,0.0014498784168297271
pairing,61,37,0.014410979324067784,0.0014774766553694552
pairing,61,38,-0.00866439878293238,0.0015209118358500444
pairing,61,39,0.0021673620638680566,0.001562144247799839
pairing,61,40,0.004752878191830678,0.0015755777566975662
pairing,61,41,-0.011676985538648845,0.0015391028764208843
pairing,61,42,0.01808627569736087,0.0014448107631546106
pairing,61,43,-0.02347808931737113,0.0013021932773645084
pairing,61,44,0.02754937951881385,0.0011320631495128994
pairing,61,45,-0.030272136217635984,0.0009566686255800424
pairing,61,46,0.031793064292473805,0.0007931623740327102
pairing,61,47,-0.03226297878114823,0.0006524374102644
pairing,61,48,0.03172069191131536,0.0005421712027288431
pairing,61,49,-0.030049425110165923,0.0004676994274249605
pairing,61,50,0.027002756070890116,0.0004307282949219924
pairing,61,51,-0.02235324602707373,0.0004275484753905561
pairing,61,52,0.01611263566485692,0.0004474971399119008
pairing,61,53,-0.008639140503597268,0.00047447317828737065
pairing,61,54,0.0005180746455649794,0.0004913087020049242
pairing,61,55,0.007615588927633886,0.0004861926852684318
pairing,61,56,-0.015125906072282588,0.0004568244257618359
pairing,61,57,0.021418006896037088,0.0004093449053996918
pairing,61,58,-0.026094670723021893,0.0003533903978962524
pairing,61,59,0.02907335660591716,0.00029638834651963744
pairing,61,60,-0.030478460465819993,0.00024033833172917951
pairing,61,61,0.030382249219216506,0.00018401322250049537
pairing,61,62,-0.028679265915363242,0.00013073095102209337
pairing,61,63,0.0253374247146185,8.113205956966297e-05
pairing,61,64,-0.017386363353789184,5.641438329527721e-05
pairing,62,1,0.017318433508977323,4.221190874697964e-05
pairing,62,2,-0.025233340756743845,6.0621047281255016e-05
pairing,62,3,0.02853857967239222,9.730298832928076e-05
pairing,62,4,-0.030179581490179637,0.0001360677185073669
pairing,62,5,0.030171685469598315,0.0001762369355113268
pairing,62,6,-0.02860278801707738,0.00021526379097840218
pairing,62,7,0.025397503146021655,0.00025398333248011386
pairing,62,8,-0.020461176017991387,0.0002908872883739109
pairing,62,9,0.013932837073161375,0.0003208892470823191
pairing,62,10,-0.006259932339978612,0.000337832648625473
pairing,62,11,-0.0019425404354121698,0.00033843518521793506
pairing,62,12,0.010034168958409747,0.00032535070179278385
pairing,62,13,-0.017375236997397236,0.00030727518114342673
pairing,62,14,0.023401396625980685,0.00029571372001353606
pairing,62,15,-0.027810276718387632,0.0003008245097443477
pairing,62,16,0.030650751536369644,0.0003286176815956661
pairing,62,17,-0.032180749745154655,0.00038045231374998463
pairing,62,18,0.03264392855034595,0.00045434273359133974
pairing,62,19,-0.03214117328251348,0.000546667327127293
pairing,62,20,0.03061062116356955,0.0006531559837062139
pairing,62,21,-0.027867409234976326,0.0007678860137268192
pairing,62,22,0.0237223014552438,0.0008813576883910005
pairing,62,23,-0.01816606011240124,0.0009796332304301712
pairing,62,24,0.011484734302695292,0.0010479649966503991
pairing,62,25,-0.004186330403937331,0.001077216556183039
pairing,62,26,-0.0031865276551357215,0.0010691042276442682
pairing,62,27,0.01016302258034655,0.001035986492833907
pairing,62,28,-0.016330596121770253,0.0009951748799612986
pairing,62,29,0.021352644799871867,0.0009612794349133024
pairing,62,30,-0.025041025939074153,0.0009413856114985087
pairing,62,31,0.027385406254775622,0.0009345202513949046
pairing,62,32,-0.02847083084113389,0.0009349396450955202
pairing,62,33,0.028367062052264136,0.000937778183601669
pairing,62,34,-0.02706971306287846,0.0009428994621072249
pairing,62,35,0.024505924122855332,0.0009547886982531708
pairing,62,36,-0.020604059364956774,0.0009785704245359418
pairing,62,37,0.015404122939350317,0.001014425323846003
pairing,62,38,-0.009122330351319785,0.0010545520890204393
pairing,62,39,0.002104444486133881,0.0010843836608907284
pairing,62,40,0.005241228027483695,0.0010874942445688526
pairing,62,41,-0.012443795315066727,0.0010529792891016015
pairing,62,42,0.018964699430825013,0.0009804277592618115
pairing,62,43,-0.02432023314418414,0.0008797211003070146
pairing,62,44,0.028263179406034,0.0007654060894253768
pairing,62,45,-0.030831895711806202,0.000650755375474412
pairing,62,46,0.03221918919995572,0.0005450206718704992
pairing,62,47,-0.03259327479907782,0.0004539207033579844
pairing,62,48,0.031993665517043635,0.0003820030911387867
pairing,62,49,-0.030297039948057852,0.00033298994897396756
pairing,62,50,0.027247424778080315,0.00030852532057657237
pairing,62,51,-0.022603805184419415,0.00030660928277825936
pairing,62,52,0.01636481106276655,0.0003203227955373623
pairing,62,53,-0.008881686822624567,0.00033889766439484546
pairing,62,54,0.0007396162682721725,0.00035066381489363735
pairing,62,55,0.007423807459244664,0.0003474821147561873
pairing,62,56,-0.014970984650057001,0.00032767985709664246
pairing,62,57,0.021303885302507868,0.0002953167641241577
pairing,62,58,-0.026018737988355453,0.00025686520586357337
pairing,62,59,0.02902707343997702,0.00021727364276684382
pairing,62,60,-0.030451621836195937,0.0001777013175172479
pairing,62,61,0.03036679946045104,0.00013710463350171228
pairing,62,62,-0.02867011202994932,9.800262596009322e-05
pairing,62,63,0.025331569617700053,6.104841846440209e-05
pairing,62,64,-0.0173828792253091,4.25092515072305e-05
