run_id,selection,geometry,V,t0,iteration,alpha_step_rel_l2,beta_step_rel_l2,cdw_value,cdw_abs_kx_over_pi,cdw_ky_over_pi,sdw_value,sdw_abs_kx_over_pi,sdw_ky_over_pi,swave_value,swave_abs_kx_over_pi,swave_ky_over_pi,extended_swave_value,extended_swave_abs_kx_over_pi,extended_swave_ky_over_pi,dwave_value,dwave_abs_kx_over_pi,dwave_ky_over_pi
no_explicit_geometry__V_-0.2__t0_1.0,no_explicit_geometry,cubic_frustrated,-0.2,1.0,1,,,0.0020759143366645494,0.14814814814814814,0.0,1.0592543481025293e-05,0.9629629629629629,1.0,5.0284491861113404e-05,0.0,0.0,0.001700450625178393,0.0,,0.011523427397058462,0.0,
no_explicit_geometry__V_-0.2__t0_1.0,no_explicit_geometry,cubic_frustrated,-0.2,1.0,2,0.5894953593546457,0.04154727262902232,0.0018065818178599003,0.14814814814814814,0.0,2.0645856309760103e-05,0.8888888888888888,1.0,5.152101828023891e-05,0.0,0.0,0.0023046562285748123,0.0,,0.01809221559038361,0.0,
no_explicit_geometry__V_-0.2__t0_1.0,no_explicit_geometry,cubic_frustrated,-0.2,1.0,3,0.08497215910329392,0.018206686066462537,0.0007385036374422013,0.14814814814814814,0.0,4.758807072861032e-05,0.8888888888888888,1.0,2.354799464647148e-05,0.0,0.0,0.0023957850952105162,0.0,,0.019518862858283036,0.0,
no_explicit_geometry__V_-0.2__t0_1.0,no_explicit_geometry,cubic_frustrated,-0.2,1.0,4,0.030332973695085908,0.009626623973732065,0.0005903901621754719,0.14814814814814814,0.0,9.817180423370385e-05,0.8888888888888888,1.0,1.9982588292258864e-05,0.0,0.0,0.0024150764929284263,0.0,,0.019896989261000666,0.0,
no_explicit_geometry__V_-0.2__t0_1.0,no_explicit_geometry,cubic_frustrated,-0.2,1.0,5,0.010820525343743531,0.005063305188414812,0.00032890244060785,0.07407407407407407,0.0,0.0001976594201673947,0.9629629629629629,1.0,1.777933239944828e-05,0.0,0.0,0.0024185983411837216,0.0,,0.019987339627000812,0.0,
no_explicit_geometry__V_-0.2__t0_1.0,no_explicit_geometry,cubic_frustrated,-0.2,1.0,6,0.009194240495399781,0.004571405105618441,0.00026626025858294226,0.14814814814814814,0.0,0.0004228330639947396,0.9629629629629629,1.0,1.762095642917862e-05,0.0,0.0,0.002416248120950989,0.0,,0.019978748671776788,0.0,
no_explicit_geometry__V_-0.2__t0_1.0,no_explicit_geometry,cubic_frustrated,-0.2,1.0,7,0.016971480277629986,0.00879952050890416,0.0002708904986833641,0.07407407407407407,0.0,0.0009118346494992927,0.9629629629629629,1.0,1.742874062059212e-05,0.0,0.0,0.002412213897448043,0.0,,0.01996780556053386,0.0,
no_explicit_geometry__V_-0.2__t0_1.0,no_explicit_geometry,cubic_frustrated,-0.2,1.0,8,0.03723724135494393,0.01938902596156695,0.0002531703290480054,0.037037037037037035,0.0,0.0019474248786831784,0.9629629629629629,1.0,1.7949172087004962e-05,0.0,0.0,0.0024243219497498587,0.0,,0.02000733850045556,0.0,
no_explicit_geometry__V_-0.2__t0_1.0,no_explicit_geometry,cubic_frustrated,-0.2,1.0,9,0.08349909391604181,0.04376248583476177,0.0004965279855245422,0.1111111111111111,0.0,0.004277903075861068,0.9629629629629629,1.0,1.673723975478995e-05,0.0,0.0,0.0023759375267701343,0.0,,0.01975373923465796,0.0,
no_explicit_geometry__V_-0.2__t0_1.0,no_explicit_geometry,cubic_frustrated,-0.2,1.0,10,0.18471237273473892,0.09623944515066264,0.0015220683184104496,0.1111111111111111,0.0,0.009174395356709794,0.9629629629629629,1.0,1.53611420343248e-05,0.0,0.0,0.002289963978159795,0.0,,0.01887896708999336,0.0,
no_explicit_geometry__V_-0.2__t0_1.0,no_explicit_geometry,cubic_frustrated,-0.2,1.0,11,0.3580245452927067,0.18361080449796818,0.0046042186452345864,0.1111111111111111,0.0,0.016947576315817708,0.9629629629629629,1.0,7.296384662032523e-06,0.14814814814814814,0.0,0.0017912954440894853,0.0,,0.015544597528282212,0.0,
no_explicit_geometry__V_-0.2__t0_1.0,no_explicit_geometry,cubic_frustrated,-0.2,1.0,12,0.5123586675840994,0.2743568403743995,0.008163390099417354,0.1111111111111111,0.0,0.02612030484568209,0.9259259259259259,1.0,1.1535910401203123e-05,0.0,0.0,0.0011501308381290138,0.0,,0.010284823991403425,0.0,
no_explicit_geometry__V_-0.2__t0_1.0,no_explicit_geometry,cubic_frustrated,-0.2,1.0,13,0.6082071942907088,0.33387076238434304,0.010075930923019661,0.1111111111111111,0.0,0.0319662661239583,0.9259259259259259,1.0,1.116511494621419e-05,0.037037037037037035,0.0,0.0005917153550028437,0.0,,0.005802186862553374,0.0,
no_explicit_geometry__V_-0.2__t0_1.0,no_explicit_geometry,cubic_frustrated,-0.2,1.0,14,0.6372223629081691,0.3609319390993167,0.010824299804773315,0.1111111111111111,0.0,0.03406215007198785,0.9259259259259259,1.0,7.676047331089102e-06,0.1111111111111111,0.0,0.0003775728002215389,0.0,,0.003447607565150007,0.0,
no_explicit_geometry__V_-0.2__t0_1.0,no_explicit_geometry,cubic_frustrated,-0.2,1.0,15,0.6798681213377044,0.36999889785054446,0.010998936293241453,0.1111111111111111,0.0,0.034760544819649054,0.9259259259259259,1.0,1.2784469760682903e-05,0.0,0.0,0.0003316859379533811,0.0,,0.002859234056118927,0.0,
no_explicit_geometry__V_-0.2__t0_1.0,no_explicit_geometry,cubic_frustrated,-0.2,1.0,16,0.6650892079057581,0.372548977294338,0.011155173132746861,0.1111111111111111,0.0,0.03504163428958771,0.9259259259259259,1.0,6.357153359677463e-06,0.0,0.0,0.00022852854658702627,0.0,,0.0019387104044438501,0.0,
no_explicit_geometry__V_-0.2__t0_1.0,no_explicit_geometry,cubic_frustrated,-0.2,1.0,17,0.8224890741920196,0.37328996426763233,0.01109352470838541,0.1111111111111111,0.0,0.03524882936568163,0.9259259259259259,1.0,1.485631944848293e-05,0.0,0.0,0.0002748292946559471,0.0,,0.0021965809639125297,0.0,
no_explicit_geometry__V_-0.2__t0_1.0,no_explicit_geometry,cubic_frustrated,-0.2,1.0,18,0.7700211021021844,0.3733650061828103,0.011101230408616906,0.1111111111111111,0.0,0.03541374683323649,0.9259259259259259,1.0,1.5253319141368803e-05,0.0,0.0,0.00031033666042931484,0.0,,0.002345437367836519,0.0,
no_explicit_geometry__V_-0.2__t0_1.0,no_explicit_geometry,cubic_frustrated,-0.2,1.0,19,0.6739498468261341,0.37342096266674435,0.011163776954070531,0.1111111111111111,0.0,0.03554088500204705,0.9259259259259259,1.0,8.028770697522926e-06,0.0,0.0,0.0002051750870813999,0.0,,0.0017568065798967648,0.0,
no_explicit_geometry__V_-0.2__t0_1.0,no_explicit_geometry,cubic_frustrated,-0.2,1.0,20,0.6587252064800905,0.3735073457033402,0.011182625018398003,0.1111111111111111,0.0,0.035676173765782505,0.9259259259259259,1.0,5.16833492432534e-06,0.0,0.0,0.00015502633379751556,0.0,,0.0012736468726823756,0.0,
no_explicit_geometry__V_-0.2__t0_1.0,no_explicit_geometry,cubic_frustrated,-0.2,1.0,21,1.022357134383566,0.3734777495035087,0.011098610639849956,0.1111111111111111,0.0,0.03582710449891005,0.9259259259259259,1.0,1.3583566766459443e-05,0.0,0.0,0.00023277143368673035,0.0,,0.0017811156338024764,0.0,
no_explicit_geometry__V_-0.2__t0_1.0,no_explicit_geometry,cubic_frustrated,-0.2,1.0,22,0.8178479623999704,0.3733779155223366,0.011074539170284349,0.1111111111111111,0.0,0.0359747712035045,0.9259259259259259,1.0,1.4280162915069783e-05,0.0,0.0,0.00027885250033710097,0.0,,0.0020715721333833008,0.0,
no_explicit_geometry__V_-0.2__t0_1.0,no_explicit_geometry,cubic_frustrated,-0.2,1.0,23,0.7171844617887951,0.37335939317809397,0.011086344938889625,0.1111111111111111,0.0,0.036100581260282844,0.9259259259259259,1.0,1.1703867062082697e-05,0.0,0.0,0.00024260233246352678,0.0,,0.0019552958005728143,0.0,
no_explicit_geometry__V_-0.2__t0_1.0,no_explicit_geometry,cubic_frustrated,-0.2,1.0,24,0.6695858590068312,0.3733895988383788,0.011119511059823646,0.1111111111111111,0.0,0.03621318894271108,0.9259259259259259,1.0,5.324657541151268e-06,0.0,0.0,0.00016689713818169953,0.0,,0.001373481842365911,0.0,
no_explicit_geometry__V_-0.2__t0_1.0,no_explicit_geometry,cubic_frustrated,-0.2,1.0,25,0.6551838862200248,0.37343436370789207,0.011118409636783576,0.1111111111111111,0.0,0.036322070570521295,0.9259259259259259,1.0,3.4494959029742966e-06,0.0,0.0,0.0001063980154479473,0.0,,0.0009370146677709484,0.0,
no_explicit_geometry__V_-0.2__t0_1.0,no_explicit_geometry,cubic_frustrated,-0.2,1.0,26,0.8151856083692366,0.3734229409056078,0.011079908625458278,0.1111111111111111,0.0,0.03644418711129436,0.9259259259259259,1.0,7.062785127979865e-06,0.0,0.0,0.00014294179027720693,0.0,,0.001073827296444839,0.0,
no_explicit_geometry__V_-0.2__t0_1.0,no_explicit_geometry,cubic_frustrated,-0.2,1.0,27,0.6811937496998909,0.3733970789535044,0.011078895103067478,0.1111111111111111,0.0,0.036559537204121244,0.9259259259259259,1.0,4.1325094845858714e-06,0.0,0.0,0.00010258511764908813,0.0,,0.0008553713736758563,0.0,
no_explicit_geometry__V_-0.2__t0_1.0,no_explicit_geometry,cubic_frustrated,-0.2,1.0,28,0.6626630920919997,0.37339555373539135,0.011067718884761529,0.1111111111111111,0.0,0.036670177812162565,0.9259259259259259,1.0,2.786687499079468e-06,0.0,0.0,8.011469204433636e-05,0.0,,0.0006480434775166011,0.0,
no_explicit_geometry__V_-0.2__t0_1.0,no_explicit_geometry,cubic_frustrated,-0.2,1.0,29,0.65905249533076,0.3733843072061233,0.011049616342493731,0.1111111111111111,0.0,0.036788185281442676,0.9259259259259259,1.0,1.6195460567864492e-06,0.0,0.0,5.1579037861031634e-05,0.0,,0.0004485867576753907,0.0,
no_explicit_geometry__V_-0.2__t0_1.0,no_explicit_geometry,cubic_frustrated,-0.2,1.0,30,1.7943199856685825,0.373353054391724,0.010990050557079183,0.1111111111111111,0.0,0.03690210789272162,0.9259259259259259,1.0,8.469888028468849e-06,0.0,0.0,0.00013732912127614052,0.0,,0.0009689281628721535,0.0,
no_explicit_geometry__V_-0.2__t0_1.0,no_explicit_geometry,cubic_frustrated,-0.2,1.0,31,0.692726961124729,0.3733204748443822,0.01100063980716645,0.1111111111111111,0.0,0.03700666909601692,0.9259259259259259,1.0,2.9300759517665595e-06,0.0,0.0,8.201511269613535e-05,0.0,,0.0006970288126579351,0.0,
no_explicit_geometry__V_-0.2__t0_1.0,no_explicit_geometry,cubic_frustrated,-0.2,1.0,32,0.7303393998473737,0.37333131192864877,0.010971331386166827,0.1111111111111111,0.0,0.03711962547033744,0.9259259259259259,1.0,4.1445712396928675e-06,0.0,0.0,9.136918426783355e-05,0.0,,0.0007061607685256643,0.0,
no_explicit_geometry__V_-0.2__t0_1.0,no_explicit_geometry,cubic_frustrated,-0.2,1.0,33,0.697186054806663,0.37331133709484227,0.010956023105583398,0.1111111111111111,0.0,0.03722145118091097,0.9259259259259259,1.0,3.3955148962092004e-06,0.0,0.0,7.711591475127985e-05,0.0,,0.000629157590551635,0.0,
no_explicit_geometry__V_-0.2__t0_1.0,no_explicit_geometry,cubic_frustrated,-0.2,1.0,34,1.4780814965678242,0.3732839183150636,0.010879571910603174,0.1111111111111111,0.0,0.03733325768596197,0.9259259259259259,1.0,1.0134317302151764e-05,0.0,0.0,0.0001676746046298931,0.0,,0.0011982157962187707,0.0,
no_explicit_geometry__V_-0.2__t0_1.0,no_explicit_geometry,cubic_frustrated,-0.2,1.0,35,0.956749517323979,0.3732187394028551,0.010816988342157356,0.1111111111111111,0.0,0.037445832479142196,0.9259259259259259,1.0,1.2643441752109135e-05,0.0,0.0,0.00021819938881610768,0.0,,0.0016556305951416234,0.0,
no_explicit_geometry__V_-0.2__t0_1.0,no_explicit_geometry,cubic_frustrated,-0.2,1.0,36,0.683610695737824,0.3732042715534898,0.01086601861618175,0.1111111111111111,0.0,0.0375292164618811,0.9259259259259259,1.0,4.269742490478071e-06,0.0,0.0,0.00013632290618616064,0.0,,0.001140639547126377,0.0,
no_explicit_geometry__V_-0.2__t0_1.0,no_explicit_geometry,cubic_frustrated,-0.2,1.0,37,1.0731817610079506,0.373226514139408,0.010767517521466157,0.1111111111111111,0.0,0.037631000292369,0.9259259259259259,1.0,1.2785137176726411e-05,0.0,0.0,0.00021901450271418664,0.0,,0.0016647509549374162,0.0,
no_explicit_geometry__V_-0.2__t0_1.0,no_explicit_geometry,cubic_frustrated,-0.2,1.0,38,0.7088819633486428,0.37317176765197096,0.01079118725202702,0.1111111111111111,0.0,0.03771216068358921,0.9259259259259259,1.0,8.473739400675705e-06,0.0,0.0,0.0001944179990886297,0.0,,0.0015163991515647905,0.0,
no_explicit_geometry__V_-0.2__t0_1.0,no_explicit_geometry,cubic_frustrated,-0.2,1.0,39,0.6685771492797706,0.3732106180872435,0.010801041997242083,0.1111111111111111,0.0,0.03778804168202564,0.9259259259259259,1.0,3.752060529687455e-06,0.0,0.0,0.00011731926959491256,0.0,,0.0010296038665670287,0.0,
no_explicit_geometry__V_-0.2__t0_1.0,no_explicit_geometry,cubic_frustrated,-0.2,1.0,40,0.7033100399400738,0.37321847542422404,0.010770877692888287,0.1111111111111111,0.0,0.03786682152732146,0.9259259259259259,1.0,5.4078359326405225e-06,0.0,0.0,0.00012454580229584973,0.0,,0.0009765065479765576,0.0,
no_explicit_geometry__V_-0.2__t0_1.0,no_explicit_geometry,cubic_frustrated,-0.2,1.0,41,0.7632408064847772,0.3731901193388224,0.010742251316539315,0.1111111111111111,0.0,0.037952053327718865,0.9259259259259259,1.0,6.4463962848936675e-06,0.0,0.0,0.00012903987118253825,0.0,,0.0010251468356565112,0.0,
no_explicit_geometry__V_-0.2__t0_1.0,no_explicit_geometry,cubic_frustrated,-0.2,1.0,42,0.6749317539670542,0.3731799908233794,0.010738855788225183,0.1111111111111111,0.0,0.03802743716630327,0.9259259259259259,1.0,2.6096257224236663e-06,0.0,0.0,8.462939050475152e-05,0.0,,0.0007077048401758937,0.0,
no_explicit_geometry__V_-0.2__t0_1.0,no_explicit_geometry,cubic_frustrated,-0.2,1.0,43,0.6535657985740716,0.37318990476653924,0.01071999345491054,0.1111111111111111,0.0,0.038105033108732145,0.9259259259259259,1.0,1.9408803854702704e-06,0.0,0.0,5.741101973122272e-05,0.0,,0.0005028100530328363,0.0,
no_explicit_geometry__V_-0.2__t0_1.0,no_explicit_geometry,cubic_frustrated,-0.2,1.0,44,1.2107581055315584,0.3731729937518809,0.010674671281174903,0.1111111111111111,0.0,0.03818968654641064,0.9259259259259259,1.0,6.340956284185383e-06,0.0,0.0,0.00011077194647749759,0.0,,0.00080510201522869,0.0,
no_explicit_geometry__V_-0.2__t0_1.0,no_explicit_geometry,cubic_frustrated,-0.2,1.0,45,0.9086419781919187,0.3731403890175507,0.010639302250736112,0.1111111111111111,0.0,0.038269087828131314,0.9259259259259259,1.0,7.626552701942075e-06,0.0,0.0,0.00013561618996698512,0.0,,0.0010400749690980017,0.0,
no_explicit_geometry__V_-0.2__t0_1.0,no_explicit_geometry,cubic_frustrated,-0.2,1.0,46,0.7519707853509248,0.3731252840455461,0.01061761950256692,0.1111111111111111,0.0,0.03834528573822339,0.9259259259259259,1.0,6.757636367079915e-06,0.0,0.0,0.00014105702769659064,0.0,,0.0010833321454015556,0.0,
no_explicit_geometry__V_-0.2__t0_1.0,no_explicit_geometry,cubic_frustrated,-0.2,1.0,47,0.675779114007391,0.3731283427286196,0.010611069358611403,0.1111111111111111,0.0,0.0384167592724661,0.9259259259259259,1.0,3.930669739155103e-06,0.0,0.0,0.00010070603991614051,0.0,,0.0008506294010952482,0.0,
no_explicit_geometry__V_-0.2__t0_1.0,no_explicit_geometry,cubic_frustrated,-0.2,1.0,48,0.6610026392926746,0.3731329033447529,0.010595811009770988,0.1111111111111111,0.0,0.03847984562094272,0.9259259259259259,1.0,2.440814984000271e-06,0.0,0.0,7.449907484508111e-05,0.0,,0.0006204898490060522,0.0,
no_explicit_geometry__V_-0.2__t0_1.0,no_explicit_geometry,cubic_frustrated,-0.2,1.0,49,0.6694072554212507,0.37313599571348405,0.010579865860021909,0.1111111111111111,0.0,0.038548370469381144,0.9259259259259259,1.0,2.422564652830988e-06,0.0,0.0,6.10968687122971e-05,0.0,,0.0005122962502587927,0.0,
no_explicit_geometry__V_-0.2__t0_1.0,no_explicit_geometry,cubic_frustrated,-0.2,1.0,50,0.6640560008342126,0.37313363620536055,0.010556631214565036,0.1111111111111111,0.0,0.03861286774032595,0.9259259259259259,1.0,1.3111073312751413e-06,0.0,0.0,4.287233182087236e-05,0.0,,0.0003607717708241967,0.0,
no_explicit_geometry__V_-0.2__t0_1.0,no_explicit_geometry,cubic_frustrated,-0.2,1.0,51,1.8732651986513593,0.3731158945754498,0.010513009232594468,0.1111111111111111,0.0,0.03868039668261318,0.9259259259259259,1.0,7.005722035831681e-06,0.0,0.0,0.00010921437753416386,0.0,,0.0007976018959124321,0.0,
no_explicit_geometry__V_-0.2__t0_1.0,no_explicit_geometry,cubic_frustrated,-0.2,1.0,52,0.6947249475669772,0.3730924240010187,0.010509525630418754,0.1111111111111111,0.0,0.038741665550685346,0.9259259259259259,1.0,2.0751154231152066e-06,0.0,0.0,6.635650882057877e-05,0.0,,0.0005535271363021405,0.0,
no_explicit_geometry__V_-0.2__t0_1.0,no_explicit_geometry,cubic_frustrated,-0.2,1.0,53,0.6537411021263744,0.3731003713971736,0.0104902030420387,0.1111111111111111,0.0,0.03880427576194399,0.9259259259259259,1.0,1.5961852100545665e-06,0.0,0.0,4.6990962114535145e-05,0.0,,0.00040675190831025845,0.0,
no_explicit_geometry__V_-0.2__t0_1.0,no_explicit_geometry,cubic_frustrated,-0.2,1.0,54,0.6665107935425822,0.3730932273553288,0.010471043876933159,0.1111111111111111,0.0,0.038869045529616716,0.9259259259259259,1.0,1.469968779296521e-06,0.0,0.0,4.0551478517635786e-05,0.0,,0.0003308558331949151,0.0,
no_explicit_geometry__V_-0.2__t0_1.0,no_explicit_geometry,cubic_frustrated,-0.2,1.0,55,1.3364594377714336,0.3730837185277623,0.010435288861718154,0.1111111111111111,0.0,0.03893488060293774,0.9259259259259259,1.0,4.702277509647181e-06,0.0,0.0,7.738196230141624e-05,0.0,,0.0005763551409501575,0.0,
no_explicit_geometry__V_-0.2__t0_1.0,no_explicit_geometry,cubic_frustrated,-0.2,1.0,56,1.5185131322536567,0.37305551433233164,0.010370691145337587,0.1111111111111111,0.0,0.039007277295423824,0.9259259259259259,1.0,9.959084158068088e-06,0.0,0.0,0.00016107992027176516,0.0,,0.0011499819979931734,0.0,
no_explicit_geometry__V_-0.2__t0_1.0,no_explicit_geometry,cubic_frustrated,-0.2,1.0,57,0.7360142653640084,0.37302746983724605,0.010365325075462891,0.1111111111111111,0.0,0.039069776220360036,0.9259259259259259,1.0,6.944203335836565e-06,0.0,0.0,0.00014267056537287126,0.0,,0.0011396738050738887,0.0,
no_explicit_geometry__V_-0.2__t0_1.0,no_explicit_geometry,cubic_frustrated,-0.2,1.0,58,0.6885303375892379,0.3730429070493417,0.010353982200601616,0.1111111111111111,0.0,0.03912637659212282,0.9259259259259259,1.0,5.235612430649753e-06,0.0,0.0,0.0001255052563177471,0.0,,0.0010040171417648898,0.0,
no_explicit_geometry__V_-0.2__t0_1.0,no_explicit_geometry,cubic_frustrated,-0.2,1.0,59,1.5377184577603256,0.3729999947242958,0.010186303411405064,0.1111111111111111,0.0,0.0392196027496548,0.9259259259259259,1.0,1.694730177350942e-05,0.0,0.0,0.00026596742589890624,0.0,,0.00196267074216412,0.0,
no_explicit_geometry__V_-0.2__t0_1.0,no_explicit_geometry,cubic_frustrated,-0.2,1.0,60,0.7250752381975415,0.3729124049208072,0.010239408766888048,0.1111111111111111,0.0,0.039272784132950316,0.9259259259259259,1.0,1.1142469311708728e-05,0.0,0.0,0.0002426392690032616,0.0,,0.001884171567329855,0.0,
no_explicit_geometry__V_-0.2__t0_1.0,no_explicit_geometry,cubic_frustrated,-0.2,1.0,61,0.6842290504690139,0.37297141467076245,0.010253198862879122,0.1111111111111111,0.0,0.03931272258108752,0.9259259259259259,1.0,8.377352397643862e-06,0.0,0.0,0.00019357997407607873,0.0,,0.0016066282535711698,0.0,
no_explicit_geometry__V_-0.2__t0_1.0,no_explicit_geometry,cubic_frustrated,-0.2,1.0,62,0.666427544358768,0.3730040127142678,0.010269095780254549,0.1111111111111111,0.0,0.03935113666266805,0.9259259259259259,1.0,3.965467716810245e-06,0.0,0.0,0.0001301576134738449,0.0,,0.0011011315597112712,0.0,
no_explicit_geometry__V_-0.2__t0_1.0,no_explicit_geometry,cubic_frustrated,-0.2,1.0,63,0.7299185736509456,0.37302140837681,0.010238007904516356,0.1111111111111111,0.0,0.03940150421299344,0.9259259259259259,1.0,6.484806738965267e-06,0.0,0.0,0.0001349572285741384,0.0,,0.0010938754971784852,0.0,
no_explicit_geometry__V_-0.2__t0_1.0,no_explicit_geometry,cubic_frustrated,-0.2,1.0,64,0.6748986178363935,0.3730029208624639,0.01023257304194511,0.1111111111111111,0.0,0.03945095223535407,0.9259259259259259,1.0,3.913430620165977e-06,0.0,0.0,0.00010575662337455496,0.0,,0.0008621090683875446,0.0,
no_explicit_geometry__V_-0.2__t0_1.0,no_explicit_geometry,cubic_frustrated,-0.2,1.0,65,0.7137308523306425,0.3730120338413012,0.01021230473047564,0.1111111111111111,0.0,0.039505673994330796,0.9259259259259259,1.0,4.657703161951131e-06,0.0,0.0,0.0001010190789470368,0.0,,0.0008217075718628449,0.0,
no_explicit_geometry__V_-0.2__t0_1.0,no_explicit_geometry,cubic_frustrated,-0.2,1.0,66,1.1987922477596364,0.37299121194774826,0.010147861193572093,0.1111111111111111,0.0,0.03956273895103768,0.9259259259259259,1.0,1.075516608966117e-05,0.0,0.0,0.00018461697646422718,0.0,,0.0013395925830204727,0.0,
no_explicit_geometry__V_-0.2__t0_1.0,no_explicit_geometry,cubic_frustrated,-0.2,1.0,67,0.7245399392828011,0.37295555374197426,0.010149040141977317,0.1111111111111111,0.0,0.03960973895572371,0.9259259259259259,1.0,7.5247419213468025e-06,0.0,0.0,0.00015839465828852912,0.0,,0.001277396583924841,0.0,
no_explicit_geometry__V_-0.2__t0_1.0,no_explicit_geometry,cubic_frustrated,-0.2,1.0,68,0.6695472884742328,0.3729798211143812,0.010161038679930456,0.1111111111111111,0.0,0.039645450679620844,0.9259259259259259,1.0,3.533457725042418e-06,0.0,0.0,0.00010903631707780564,0.0,,0.0009117418902374921,0.0,
no_explicit_geometry__V_-0.2__t0_1.0,no_explicit_geometry,cubic_frustrated,-0.2,1.0,69,0.6578880812833799,0.3730079310965252,0.01014878939104927,0.1111111111111111,0.0,0.03969019151558996,0.9259259259259259,1.0,2.9393484497792003e-06,0.0,0.0,8.083849937692036e-05,0.0,,0.0006950212806684589,0.0,
no_explicit_geometry__V_-0.2__t0_1.0,no_explicit_geometry,cubic_frustrated,-0.2,1.0,70,0.668699738649218,0.3730110910543475,0.010132014521404636,0.1111111111111111,0.0,0.039730785866355055,0.9259259259259259,1.0,2.585416517062696e-06,0.0,0.0,6.991241431083406e-05,0.0,,0.0005667519204094422,0.0,
no_explicit_geometry__V_-0.2__t0_1.0,no_explicit_geometry,cubic_frustrated,-0.2,1.0,71,0.6809369676363114,0.37300217897711563,0.010114284895485633,0.1111111111111111,0.0,0.03977826957810282,0.9259259259259259,1.0,2.3720029490861614e-06,0.0,0.0,5.767493945344689e-05,0.0,,0.00048214567842085325,0.0,
no_explicit_geometry__V_-0.2__t0_1.0,no_explicit_geometry,cubic_frustrated,-0.2,1.0,72,1.5853761325783082,0.3729832207540877,0.010062748261717627,0.1111111111111111,0.0,0.03982852747589068,0.9259259259259259,1.0,8.251693688159006e-06,0.0,0.0,0.00013492668402682558,0.0,,0.0009683656811887195,0.0,
no_explicit_geometry__V_-0.2__t0_1.0,no_explicit_geometry,cubic_frustrated,-0.2,1.0,73,0.6908621573218909,0.37296581773415566,0.01006632089575547,0.1111111111111111,0.0,0.03987648558626935,0.9259259259259259,1.0,3.2720848412579405e-06,0.0,0.0,8.635716692150337e-05,0.0,,0.0007320367309173395,0.0,
no_explicit_geometry__V_-0.2__t0_1.0,no_explicit_geometry,cubic_frustrated,-0.2,1.0,74,0.7267393606130358,0.3729727176333608,0.010048646422707336,0.1111111111111111,0.0,0.0399098393870139,0.9259259259259259,1.0,4.27151696276444e-06,0.0,0.0,9.318797088198038e-05,0.0,,0.0007304163098976274,0.0,
no_explicit_geometry__V_-0.2__t0_1.0,no_explicit_geometry,cubic_frustrated,-0.2,1.0,75,0.672131645055938,0.37296886084541964,0.010041391036325316,0.1111111111111111,0.0,0.039953755724251964,0.9259259259259259,1.0,1.894053490678901e-06,0.0,0.0,5.830591463669127e-05,0.0,,0.0005105891089369927,0.0,
no_explicit_geometry__V_-0.2__t0_1.0,no_explicit_geometry,cubic_frustrated,-0.2,1.0,76,0.6606306613287691,0.3729754225679671,0.010023948740325157,0.1111111111111111,0.0,0.03999700034952986,0.9259259259259259,1.0,1.7802708897872622e-06,0.0,0.0,4.941090608125291e-05,0.0,,0.0004075095992633746,0.0,
no_explicit_geometry__V_-0.2__t0_1.0,no_explicit_geometry,cubic_frustrated,-0.2,1.0,77,1.2235532072479633,0.37295435012920064,0.009996513016963058,0.1111111111111111,0.0,0.0400391419092613,0.9259259259259259,1.0,5.200602973503102e-06,0.0,0.0,8.782371754315025e-05,0.0,,0.0006593859255359345,0.0,
no_explicit_geometry__V_-0.2__t0_1.0,no_explicit_geometry,cubic_frustrated,-0.2,1.0,78,2.0092973050054965,0.372901186987935,0.009868800552203143,0.1111111111111111,0.0,0.04010984469061009,0.9259259259259259,1.0,1.5064547627142149e-05,0.0,0.0,0.00023282761537150298,0.0,,0.0016452505205089213,0.0,
no_explicit_geometry__V_-0.2__t0_1.0,no_explicit_geometry,cubic_frustrated,-0.2,1.0,79,0.6982607599062277,0.37286129747287655,0.009934466962014705,0.1111111111111111,0.0,0.04013362901092896,0.9259259259259259,1.0,6.617739846574522e-06,0.0,0.0,0.00016076333947524527,0.0,,0.0013381953167290051,0.0,
no_explicit_geometry__V_-0.2__t0_1.0,no_explicit_geometry,cubic_frustrated,-0.2,1.0,80,0.763291303767574,0.37290814215257334,0.00989932805311713,0.1111111111111111,0.0,0.04017051599377357,0.9259259259259259,1.0,9.197345850560632e-06,0.0,0.0,0.0001879872365122235,0.0,,0.0014500611820498215,0.0,
no_explicit_geometry__V_-0.2__t0_1.0,no_explicit_geometry,cubic_frustrated,-0.2,1.0,81,0.6742091976116878,0.3728988323035592,0.00992828012331406,0.1111111111111111,0.0,0.04019536958906141,0.9259259259259259,1.0,4.270712846269798e-06,0.0,0.0,0.00012084656287857379,0.0,,0.001048552798407701,0.0,
no_explicit_geometry__V_-0.2__t0_1.0,no_explicit_geometry,cubic_frustrated,-0.2,1.0,82,1.0649241932328652,0.37291116513461847,0.009852869770984282,0.1111111111111111,0.0,0.04024865046003051,0.9259259259259259,1.0,1.1523388464420797e-05,0.0,0.0,0.00020619592230615343,0.0,,0.0015307274188104067,0.0,
no_explicit_geometry__V_-0.2__t0_1.0,no_explicit_geometry,cubic_frustrated,-0.2,1.0,83,0.6854429177588898,0.3728806639335878,0.009889963977959458,0.1111111111111111,0.0,0.04027162095690422,0.9259259259259259,1.0,5.506636697820039e-06,0.0,0.0,0.00014008674801039618,0.0,,0.001187907250975925,0.0,
no_explicit_geometry__V_-0.2__t0_1.0,no_explicit_geometry,cubic_frustrated,-0.2,1.0,84,0.6616368515840317,0.37292476774349526,0.009890497260360356,0.1111111111111111,0.0,0.040298568023296524,0.9259259259259259,1.0,2.840554285107079e-06,0.0,0.0,9.508758602296474e-05,0.0,,0.0008143815484102102,0.0,
no_explicit_geometry__V_-0.2__t0_1.0,no_explicit_geometry,cubic_frustrated,-0.2,1.0,85,0.7026515906853097,0.3729295692459986,0.00987083031508612,0.1111111111111111,0.0,0.040338029605837704,0.9259259259259259,1.0,4.183578683615428e-06,0.0,0.0,9.266449700512089e-05,0.0,,0.0007620747308029408,0.0,
no_explicit_geometry__V_-0.2__t0_1.0,no_explicit_geometry,cubic_frustrated,-0.2,1.0,86,0.669541301468463,0.3729256434038797,0.009867951974199781,0.1111111111111111,0.0,0.04036881453828921,0.9259259259259259,1.0,2.0250556985426973e-06,0.0,0.0,6.395012413394743e-05,0.0,,0.0005407328142642372,0.0,
no_explicit_geometry__V_-0.2__t0_1.0,no_explicit_geometry,cubic_frustrated,-0.2,1.0,87,0.8666841709331229,0.37292062751520016,0.009843746425733548,0.1111111111111111,0.0,0.04040276926072564,0.9259259259259259,1.0,4.332871098566267e-06,0.0,0.0,8.223377635398252e-05,0.0,,0.0006462291965971511,0.0,
no_explicit_geometry__V_-0.2__t0_1.0,no_explicit_geometry,cubic_frustrated,-0.2,1.0,88,0.8089184954332824,0.3729045217019259,0.009829071524370847,0.1111111111111111,0.0,0.04043781348683349,0.9259259259259259,1.0,4.790633787215472e-06,0.0,0.0,9.667987248845692e-05,0.0,,0.0007361679714641846,0.0,
no_explicit_geometry__V_-0.2__t0_1.0,no_explicit_geometry,cubic_frustrated,-0.2,1.0,89,0.7278754459466331,0.37290302628214916,0.009809749894673763,0.1111111111111111,0.0,0.04047830663513463,0.9259259259259259,1.0,4.154432674169757e-06,0.0,0.0,8.890830605540301e-05,0.0,,0.0007179229885379872,0.0,
no_explicit_geometry__V_-0.2__t0_1.0,no_explicit_geometry,cubic_frustrated,-0.2,1.0,90,0.8295117572674127,0.3728988594135965,0.00978725285828162,0.1111111111111111,0.0,0.04051301789067586,0.9259259259259259,1.0,5.555474859793541e-06,0.0,0.0,0.00010996385466430842,0.0,,0.0008387365665855788,0.0,
no_explicit_geometry__V_-0.2__t0_1.0,no_explicit_geometry,cubic_frustrated,-0.2,1.0,91,0.7193614536980285,0.3728947052730586,0.00977734938559157,0.1111111111111111,0.0,0.040549081176359705,0.9259259259259259,1.0,4.580939161935033e-06,0.0,0.0,9.829105128548681e-05,0.0,,0.0007982793170867847,0.0,
no_explicit_geometry__V_-0.2__t0_1.0,no_explicit_geometry,cubic_frustrated,-0.2,1.0,92,0.6708926236902675,0.37289542314375146,0.009771580894731397,0.1111111111111111,0.0,0.04058058799698258,0.9259259259259259,1.0,2.6089977339017907e-06,0.0,0.0,7.433232176888226e-05,0.0,,0.0006149788303552301,0.0,
no_explicit_geometry__V_-0.2__t0_1.2,no_explicit_geometry,cubic_frustrated,-0.2,1.2,1,,,0.0012348354709159051,0.14814814814814814,0.0,4.249134750991839e-06,0.8518518518518519,1.0,0.0001729541930631399,0.0,0.0,0.0008316786429759609,0.0,,0.011586261540944345,0.0,
no_explicit_geometry__V_-0.2__t0_1.2,no_explicit_geometry,cubic_frustrated,-0.2,1.2,2,0.5587827851421142,0.02894067731135898,0.0008495202678224125,0.14814814814814814,0.0,5.784914606441066e-06,0.8518518518518519,1.0,0.0002479975535676104,0.0,0.0,0.0011067264679559567,0.0,,0.01765370457453141,0.0,
no_explicit_geometry__V_-0.2__t0_1.2,no_explicit_geometry,cubic_frustrated,-0.2,1.2,3,0.0701747389350663,0.009763824762433388,0.00022855650597483745,0.07407407407407407,0.0,5.135412773608213e-06,0.8518518518518519,1.0,0.00024839202177087086,0.0,0.0,0.001142503527023276,0.0,,0.018833123557393708,0.0,
no_explicit_geometry__V_-0.2__t0_1.2,no_explicit_geometry,cubic_frustrated,-0.2,1.2,4,0.018160533009846574,0.0041948205891477065,0.00021063695551183604,0.14814814814814814,0.0,9.046697399008549e-06,0.9259259259259259,1.0,0.0002487348498970769,0.0,0.0,0.001145288906351491,0.0,,0.019046724093794525,0.0,
no_explicit_geometry__V_-0.2__t0_1.2,no_explicit_geometry,cubic_frustrated,-0.2,1.2,5,0.0037527778889988274,0.0016238381429212068,0.0001531054519688392,0.07407407407407407,0.0,1.4005925561873935e-05,0.9259259259259259,1.0,0.00024881153471875646,0.0,0.0,0.001145996348915353,0.0,,0.01908816799306532,0.0,
no_explicit_geometry__V_-0.2__t0_1.2,no_explicit_geometry,cubic_frustrated,-0.2,1.2,6,0.001756486336578122,0.0007268682083328391,0.0001548456040100214,0.037037037037037035,0.0,1.9496833882499494e-05,0.9259259259259259,1.0,0.0002487769757488494,0.0,0.0,0.0011459178892323425,0.0,,0.01909470754283356,0.0,
no_explicit_geometry__V_-0.2__t0_1.2,no_explicit_geometry,cubic_frustrated,-0.2,1.2,7,0.00135201956859152,0.000616007377133339,0.0001424571248988059,0.037037037037037035,0.0,2.0262684823757964e-05,0.9259259259259259,1.0,0.0002491040918697141,0.0,0.0,0.0011473158776917475,0.0,,0.019112211388951007,0.0,
no_explicit_geometry__V_-0.2__t0_1.4,no_explicit_geometry,cubic_frustrated,-0.2,1.4,1,,,0.0010189188655972297,0.14814814814814814,0.0,2.8979967836213786e-06,0.9259259259259259,1.0,0.0003935893271172394,0.0,0.0,0.00011325861181309586,0.0,,0.01498481752258522,0.0,
no_explicit_geometry__V_-0.2__t0_1.4,no_explicit_geometry,cubic_frustrated,-0.2,1.4,2,0.6174878481379248,0.02810871864043955,0.0007966137591313545,0.14814814814814814,0.0,4.503226403284829e-06,0.9629629629629629,1.0,0.0006470693246741136,0.0,0.0,0.00017721397067031386,0.0,,0.023223466731729602,0.0,
no_explicit_geometry__V_-0.2__t0_1.4,no_explicit_geometry,cubic_frustrated,-0.2,1.4,3,0.06734622158103348,0.009952778531872859,0.00017033327828237463,0.14814814814814814,0.0,5.253796413679163e-06,1.0,1.0,0.0006788786424765846,0.0,0.0,0.0001803688052408473,0.0,,0.02465040282589005,0.0,
no_explicit_geometry__V_-0.2__t0_1.4,no_explicit_geometry,cubic_frustrated,-0.2,1.4,4,0.01576647006192772,0.003777441683571572,0.0001521779429044466,0.14814814814814814,0.0,3.3703549970410287e-06,0.9259259259259259,1.0,0.0006854489689717608,0.0,0.0,0.00018171636533829435,0.0,,0.0248627384594915,0.0,
no_explicit_geometry__V_-0.2__t0_1.4,no_explicit_geometry,cubic_frustrated,-0.2,1.4,5,0.0029979161056422256,0.0013331994407491219,8.347808798559609e-05,0.07407407407407407,0.0,4.816927004751131e-06,0.8518518518518519,1.0,0.0006870359368737502,0.0,0.0,0.00018249738320567384,0.0,,0.024899371588025392,0.0,
no_explicit_geometry__V_-0.2__t0_1.4,no_explicit_geometry,cubic_frustrated,-0.2,1.4,6,0.0014497832127553956,0.0007078281847136322,7.544213554510144e-05,0.037037037037037035,0.0,5.187283471407563e-06,0.9259259259259259,1.0,0.0006867916981415024,0.0,0.0,0.00018214034028585013,0.0,,0.024905232203371337,0.0,
no_explicit_geometry__V_-0.2__t0_1.4,no_explicit_geometry,cubic_frustrated,-0.2,1.4,7,0.0004683765253228311,0.00023851747282848122,7.540677381164166e-05,0.037037037037037035,0.0,6.117857605202764e-06,0.8518518518518519,1.0,0.0006868554005600799,0.0,0.0,0.0001821473921786995,0.0,,0.024899528025455246,0.0,
no_explicit_geometry__V_-0.2__t0_1.6,no_explicit_geometry,cubic_frustrated,-0.2,1.6,1,,,0.003961535399415701,0.14814814814814814,0.0,7.99420068234636e-06,0.9629629629629629,1.0,0.00141716616706475,0.0,0.0,0.0013793532132991295,0.0,,0.03277396356101908,0.0,
no_explicit_geometry__V_-0.2__t0_1.6,no_explicit_geometry,cubic_frustrated,-0.2,1.6,2,1.0909000643247184,0.09154787190741139,0.0050471877549247484,0.14814814814814814,0.0,1.963381053417525e-05,0.9259259259259259,1.0,0.0032640627774547714,0.0,0.0,0.0018436907332234807,0.0,,0.06703490350734363,0.0,
no_explicit_geometry__V_-0.2__t0_1.6,no_explicit_geometry,cubic_frustrated,-0.2,1.6,3,0.1804212739119835,0.06657151753812854,0.003012953409916628,0.14814814814814814,0.0,2.254703917330613e-05,0.9629629629629629,1.0,0.003871860997262143,0.0,0.0,0.001964311264408322,0.0,,0.07800940411367716,0.0,
no_explicit_geometry__V_-0.2__t0_1.6,no_explicit_geometry,cubic_frustrated,-0.2,1.6,4,0.09808698055199212,0.03645418607580393,0.0017083405550558737,0.14814814814814814,0.0,3.549193673582387e-05,0.9629629629629629,1.0,0.004047748921467706,0.0,0.0,0.0017547232048364676,0.0,,0.0797165843446154,0.0,
no_explicit_geometry__V_-0.2__t0_1.6,no_explicit_geometry,cubic_frustrated,-0.2,1.6,5,0.03701742724103381,0.02036372397126014,0.0009718172109533841,0.14814814814814814,0.0,4.8890269303594705e-05,0.9629629629629629,1.0,0.0040934199331712825,0.0,0.0,0.0017192147346757588,0.0,,0.08080865043361508,0.0,
no_explicit_geometry__V_-0.2__t0_1.6,no_explicit_geometry,cubic_frustrated,-0.2,1.6,6,0.022994520045332468,0.010759131283763573,0.0005110615264363638,0.14814814814814814,0.0,6.456692191036165e-05,0.9629629629629629,1.0,0.00411253818460409,0.0,0.0,0.0016801381775612386,0.0,,0.08083976146651338,0.0,
no_explicit_geometry__V_-0.2__t0_1.6,no_explicit_geometry,cubic_frustrated,-0.2,1.6,7,0.010313166473878971,0.005708161054141767,0.000294810353240056,0.14814814814814814,0.0,8.696116674814186e-05,0.9629629629629629,1.0,0.004118735359305956,0.0,0.0,0.0016876910635641603,0.0,,0.08105710471184137,0.0,
no_explicit_geometry__V_-0.2__t0_1.6,no_explicit_geometry,cubic_frustrated,-0.2,1.6,8,0.005970619943704959,0.0030818478748152293,0.0001402275873433792,0.14814814814814814,0.0,0.00010287692045487628,0.9629629629629629,1.0,0.004122244869127062,0.0,0.0,0.0016769941884170548,0.0,,0.08100347095393998,0.0,
no_explicit_geometry__V_-0.2__t0_1.6,no_explicit_geometry,cubic_frustrated,-0.2,1.6,9,0.0031219068846122513,0.0017477533254135961,9.335394507436283e-05,0.14814814814814814,0.0,0.00013656446809752267,0.9629629629629629,1.0,0.0041208104708675,0.0,0.0,0.0016858265433174631,0.0,,0.08106286848511467,0.0,
no_explicit_geometry__V_-0.2__t0_1.6,no_explicit_geometry,cubic_frustrated,-0.2,1.6,10,0.0021038714200243406,0.0012176453201177436,3.450187612529019e-05,0.14814814814814814,0.0,0.0001716790587505301,0.9629629629629629,1.0,0.004123000009366904,0.0,0.0,0.0016772924693950909,0.0,,0.08102018515176253,0.0,
no_explicit_geometry__V_-0.2__t0_1.6,no_explicit_geometry,cubic_frustrated,-0.2,1.6,11,0.0019170267547890586,0.0011925164156712633,3.5920439050091315e-05,0.14814814814814814,0.0,0.00022910708743203637,0.9629629629629629,1.0,0.004120564422906284,0.0,0.0,0.0016868751244233978,0.0,,0.08106526562562497,0.0,
no_explicit_geometry__V_-0.4__t0_1.0,no_explicit_geometry,cubic_frustrated,-0.4,1.0,1,,,0.0013919741540731562,0.07407407407407407,0.0,5.174044375231052e-06,0.9259259259259259,1.0,3.721361988955132e-05,0.0,0.0,0.0017023237268121525,0.0,,0.011661619860245269,0.0,
no_explicit_geometry__V_-0.4__t0_1.0,no_explicit_geometry,cubic_frustrated,-0.4,1.0,2,0.49905168278800033,0.03216909947570208,0.0009179866341792605,0.14814814814814814,0.0,1.0247022975202912e-05,0.9629629629629629,1.0,2.5845460169396136e-05,0.0,0.0,0.002189748186720664,0.0,,0.0171373740421281,0.0,
no_explicit_geometry__V_-0.4__t0_1.0,no_explicit_geometry,cubic_frustrated,-0.4,1.0,3,0.06664155613661203,0.011488888667770567,0.0003714925115069048,0.07407407407407407,0.0,1.937679533222801e-05,0.9259259259259259,1.0,3.7101004878718235e-06,0.0,0.0,0.0022545250536529903,0.0,,0.018216397005306865,0.0,
no_explicit_geometry__V_-0.4__t0_1.0,no_explicit_geometry,cubic_frustrated,-0.4,1.0,4,0.02118888355838248,0.0055881326523930675,0.0003189499120419798,0.14814814814814814,0.0,4.168541665219013e-05,0.9259259259259259,1.0,1.1663970344569605e-06,0.7777777777777778,0.0,0.0022550916563303792,0.0,,0.018388524478257652,0.0,
no_explicit_geometry__V_-0.4__t0_1.0,no_explicit_geometry,cubic_frustrated,-0.4,1.0,5,0.006506861112607796,0.00274506643133048,0.00019038405492083997,0.07407407407407407,0.0,7.918641832763128e-05,0.9259259259259259,1.0,1.1066956779242438e-06,0.3333333333333333,0.0,0.0022609975747122976,0.0,,0.01845866073014993,0.0,
no_explicit_geometry__V_-0.4__t0_1.0,no_explicit_geometry,cubic_frustrated,-0.4,1.0,6,0.004540356320771948,0.0020265261018059732,0.00017758515145730543,0.14814814814814814,0.0,0.00015575316380744318,0.9259259259259259,1.0,1.1748915969368987e-06,0.0,0.0,0.0022575406984588968,0.0,,0.018444297061765914,0.0,
no_explicit_geometry__V_-0.4__t0_1.0,no_explicit_geometry,cubic_frustrated,-0.4,1.0,7,0.005355048519323877,0.0026499695648047735,0.00016177257257568372,0.07407407407407407,0.0,0.00031002245012930874,0.9259259259259259,1.0,1.0946826057530949e-06,0.2962962962962963,0.0,0.00225744017630181,0.0,,0.018443918571204792,0.0,
no_explicit_geometry__V_-0.4__t0_1.0,no_explicit_geometry,cubic_frustrated,-0.4,1.0,8,0.00963441494609311,0.004793120129042799,0.00016727228052106823,0.037037037037037035,0.0,0.0006093330603282296,0.9259259259259259,1.0,1.1467802583605488e-06,0.8148148148148148,0.0,0.00225853000941187,0.0,,0.018450197299945296,0.0,
no_explicit_geometry__V_-0.4__t0_1.0,no_explicit_geometry,cubic_frustrated,-0.4,1.0,9,0.01816971891860875,0.009093013055382747,0.00016732342741436688,0.037037037037037035,0.0,0.0011887021653376475,0.9259259259259259,1.0,1.119774039103372e-06,0.25925925925925924,0.0,0.0022558949165758274,0.0,,0.018434754880525782,0.0,
no_explicit_geometry__V_-0.4__t0_1.0,no_explicit_geometry,cubic_frustrated,-0.4,1.0,10,0.03469788201121363,0.01745804099131053,0.0002005920672607054,0.037037037037037035,0.0,0.0023497091102586435,0.9259259259259259,1.0,1.1226834532995393e-06,0.25925925925925924,0.0,0.0022531971189445575,0.0,,0.018406589575560205,0.0,
no_explicit_geometry__V_-0.4__t0_1.0,no_explicit_geometry,cubic_frustrated,-0.4,1.0,11,0.06618193562530442,0.03358183428577981,0.00030175713774930967,0.14814814814814814,0.0,0.00459939353810298,0.9259259259259259,1.0,1.126879706508656e-06,0.8148148148148148,0.0,0.0022392332078138154,0.0,,0.018312038237859974,0.0,
no_explicit_geometry__V_-0.4__t0_1.0,no_explicit_geometry,cubic_frustrated,-0.4,1.0,12,0.12373677208976162,0.0639424487090006,0.0008077898871233991,0.14814814814814814,0.0,0.00885665691180976,0.9259259259259259,1.0,2.01100177785911e-06,0.14814814814814814,0.0,0.002191534753223935,0.0,,0.017929037502306667,0.0,
no_explicit_geometry__V_-0.4__t0_1.0,no_explicit_geometry,cubic_frustrated,-0.4,1.0,13,0.21768114034854114,0.11622669473496947,0.002292826247711138,0.14814814814814814,0.0,0.016071654585545585,0.9259259259259259,1.0,5.747928526457281e-06,0.0,0.0,0.0020043024066896346,0.0,,0.01662179168681157,0.0,
no_explicit_geometry__V_-0.4__t0_1.0,no_explicit_geometry,cubic_frustrated,-0.4,1.0,14,0.333186555318127,0.18532978234321654,0.00448870452423205,0.14814814814814814,0.0,0.02477218023996356,0.9259259259259259,1.0,9.025872928325946e-06,0.14814814814814814,0.0,0.0016363098596952168,0.0,,0.013763529470090663,0.0,
no_explicit_geometry__V_-0.4__t0_1.0,no_explicit_geometry,cubic_frustrated,-0.4,1.0,15,0.42085425573299834,0.24891847539151055,0.006155957700024418,0.14814814814814814,0.0,0.03135874982174168,0.9259259259259259,1.0,1.3346157065972222e-05,0.14814814814814814,0.0,0.0012423509941250066,0.0,,0.010724045752339347,0.0,
no_explicit_geometry__V_-0.4__t0_1.0,no_explicit_geometry,cubic_frustrated,-0.4,1.0,16,0.4883649958984326,0.29231631401385194,0.007562856542741185,0.14814814814814814,0.0,0.035084960854056275,0.9259259259259259,1.0,1.3101101107835678e-05,0.14814814814814814,0.0,0.0009653080665033681,0.0,,0.008109212687585788,0.0,
no_explicit_geometry__V_-0.4__t0_1.0,no_explicit_geometry,cubic_frustrated,-0.4,1.0,17,0.534527638072026,0.31666429843989463,0.008192025276565129,0.14814814814814814,0.0,0.03685569755915336,0.9259259259259259,1.0,1.3762020421871003e-05,0.14814814814814814,0.0,0.0007763512817030411,0.0,,0.0066836691007496635,0.0,
no_explicit_geometry__V_-0.4__t0_1.0,no_explicit_geometry,cubic_frustrated,-0.4,1.0,18,0.5787868941817075,0.32837672150219244,0.008426463532431051,0.14814814814814814,0.0,0.037724831156162396,0.9259259259259259,1.0,1.9080338458217104e-05,0.0,0.0,0.0008103537033896282,0.0,,0.006288893915533604,0.0,
no_explicit_geometry__V_-0.4__t0_1.0,no_explicit_geometry,cubic_frustrated,-0.4,1.0,19,0.5721653698827633,0.33556822491856,0.009071103649416481,0.14814814814814814,0.0,0.03814892930779246,0.9259259259259259,1.0,8.902443075229998e-06,0.14814814814814814,0.0,0.0005490795428471869,0.0,,0.004788896094295482,0.0,
no_explicit_geometry__V_-0.4__t0_1.0,no_explicit_geometry,cubic_frustrated,-0.4,1.0,20,0.581242264512881,0.3433393529009898,0.009272388907454606,0.14814814814814814,0.0,0.03845228998590617,0.9259259259259259,1.0,8.51212935760312e-06,0.0,0.0,0.000507282027280162,0.0,,0.003947320708819385,0.0,
no_explicit_geometry__V_-0.4__t0_1.0,no_explicit_geometry,cubic_frustrated,-0.4,1.0,21,0.6173133687410884,0.3511002578756669,0.009574903398847038,0.14814814814814814,0.0,0.03860799532710156,0.9259259259259259,1.0,3.859060560510815e-06,0.14814814814814814,0.0,0.0003056142651172357,0.0,,0.002635088120904057,0.0,
no_explicit_geometry__V_-0.4__t0_1.0,no_explicit_geometry,cubic_frustrated,-0.4,1.0,22,0.6290782253121802,0.3568152651166698,0.009683291368362055,0.14814814814814814,0.0,0.03867643629082815,0.9259259259259259,1.0,3.390821123964425e-06,0.14814814814814814,0.0,0.0002440006735980916,0.0,,0.001913058751698376,0.0,
no_explicit_geometry__V_-0.4__t0_1.0,no_explicit_geometry,cubic_frustrated,-0.4,1.0,23,0.62717866502795,0.359206806764106,0.009789127886698121,0.14814814814814814,0.0,0.03871277538977745,0.9259259259259259,1.0,1.9571500290385078e-06,0.14814814814814814,0.0,0.0001564241894113945,0.0,,0.0012780286818167743,0.0,
no_explicit_geometry__V_-0.4__t0_1.0,no_explicit_geometry,cubic_frustrated,-0.4,1.0,24,0.6377755963308277,0.35997853409657815,0.00983891617687869,0.14814814814814814,0.0,0.038738279050622895,0.9259259259259259,1.0,3.7670343690150083e-06,0.0,0.0,0.00016526982068960723,0.0,,0.0012041871852775552,0.0,
no_explicit_geometry__V_-0.4__t0_1.0,no_explicit_geometry,cubic_frustrated,-0.4,1.0,25,0.6212103933167514,0.36014970173996336,0.009911398897960904,0.14814814814814814,0.0,0.03875531569589042,0.9259259259259259,1.0,1.3873194139800718e-06,0.14814814814814814,0.0,0.00010844928272724373,0.0,,0.0008499350452550338,0.0,
no_explicit_geometry__V_-0.4__t0_1.0,no_explicit_geometry,cubic_frustrated,-0.4,1.0,26,0.6647533638770438,0.36019142076991445,0.00995570787940139,0.14814814814814814,0.0,0.038776668312773155,0.9259259259259259,1.0,3.248415644121138e-06,0.0,0.0,0.00012246482948217638,0.0,,0.000874899547321455,0.0,
no_explicit_geometry__V_-0.4__t0_1.0,no_explicit_geometry,cubic_frustrated,-0.4,1.0,27,0.6250454456740441,0.36016948849727254,0.01000923897906155,0.14814814814814814,0.0,0.03879335898352577,0.9259259259259259,1.0,1.936093280298832e-06,0.0,0.0,9.407732856909581e-05,0.0,,0.0007161468325374147,0.0,
no_explicit_geometry__V_-0.4__t0_1.0,no_explicit_geometry,cubic_frustrated,-0.4,1.0,28,0.6387555010410232,0.3601511591336644,0.010050331491498048,0.14814814814814814,0.0,0.038810964360681814,0.9259259259259259,1.0,2.2090494063848077e-06,0.0,0.0,9.329705800940988e-05,0.0,,0.0006744107995484627,0.0,
no_explicit_geometry__V_-0.4__t0_1.0,no_explicit_geometry,cubic_frustrated,-0.4,1.0,29,0.6218870247214463,0.36012208928338313,0.010096290495296792,0.14814814814814814,0.0,0.038825558721449174,0.9259259259259259,1.0,7.266859398529724e-07,0.0,0.0,5.8523429459155516e-05,0.0,,0.00046246934403665514,0.0,
no_explicit_geometry__V_-0.4__t0_1.0,no_explicit_geometry,cubic_frustrated,-0.4,1.0,30,0.9013617777374219,0.36009603717704236,0.010121709630464678,0.14814814814814814,0.0,0.03884218788853592,0.9259259259259259,1.0,3.3409912377323914e-06,0.0,0.0,9.576117747368232e-05,0.0,,0.0006635911561013631,0.0,
no_explicit_geometry__V_-0.4__t0_1.0,no_explicit_geometry,cubic_frustrated,-0.4,1.0,31,0.6359323234813806,0.3600600820945343,0.010160763955409552,0.14814814814814814,0.0,0.0388534391059321,0.9259259259259259,1.0,1.2572168970582238e-06,0.0,0.0,6.668294548518733e-05,0.0,,0.0005167519655701805,0.0,
no_explicit_geometry__V_-0.4__t0_1.0,no_explicit_geometry,cubic_frustrated,-0.4,1.0,32,0.6153698108963315,0.3600455552502492,0.010192789028190164,0.14814814814814814,0.0,0.0388654544021537,0.9259259259259259,1.0,5.290287059666399e-07,0.0,0.0,4.624433493671367e-05,0.0,,0.00035752689752671055,0.0,
no_explicit_geometry__V_-0.4__t0_1.0,no_explicit_geometry,cubic_frustrated,-0.4,1.0,33,0.7604014741071333,0.3600176518245658,0.010218545926414573,0.14814814814814814,0.0,0.03887692708208997,0.9259259259259259,1.0,1.8391452813918482e-06,0.0,0.0,5.8185073247803025e-05,0.0,,0.00042419759375820663,0.0,
no_explicit_geometry__V_-0.4__t0_1.0,no_explicit_geometry,cubic_frustrated,-0.4,1.0,34,1.2598883656005568,0.35994815300600147,0.010229200123653038,0.14814814814814814,0.0,0.038887385854223654,0.9259259259259259,1.0,4.7141394290562626e-06,0.0,0.0,0.00011550479496697686,0.0,,0.000790892280742338,0.0,
no_explicit_geometry__V_-0.4__t0_1.0,no_explicit_geometry,cubic_frustrated,-0.4,1.0,35,0.6454757968051656,0.35991654822062313,0.010269178772716905,0.14814814814814814,0.0,0.03890108925223533,0.9259259259259259,1.0,1.3893548895928874e-06,0.0,0.0,7.622892824566511e-05,0.0,,0.0006013230116527227,0.0,
no_explicit_geometry__V_-0.4__t0_1.0,no_explicit_geometry,cubic_frustrated,-0.4,1.0,36,0.6142944247087044,0.3599286598111231,0.01029130296768976,0.14814814814814814,0.0,0.03890757556529534,0.9259259259259259,1.0,7.403341052465092e-07,0.0,0.0,5.518058612826769e-05,0.0,,0.00043157342260963623,0.0,
no_explicit_geometry__V_-0.4__t0_1.0,no_explicit_geometry,cubic_frustrated,-0.4,1.0,37,0.6110456066217717,0.35991291914410817,0.010310704000756241,0.14814814814814814,0.0,0.03891384631392463,0.9259259259259259,1.0,7.8723746910756e-07,0.0,0.0,4.307632850261047e-05,0.0,,0.00033921535084697595,0.0,
no_explicit_geometry__V_-0.4__t0_1.0,no_explicit_geometry,cubic_frustrated,-0.4,1.0,38,0.6632599969138365,0.35989296136567495,0.010332082677578474,0.14814814814814814,0.0,0.038922307180583704,0.9259259259259259,1.0,1.1330960165290783e-06,0.0,0.0,4.6378321456690885e-05,0.0,,0.000338214456607627,0.0,
no_explicit_geometry__V_-0.4__t0_1.0,no_explicit_geometry,cubic_frustrated,-0.4,1.0,39,2.016837761055932,0.35983233726765024,0.010330295580758235,0.14814814814814814,0.0,0.038934459667345496,0.9259259259259259,1.0,6.005485233425556e-06,0.0,0.0,0.00012750879316667413,0.0,,0.0008849075927836541,0.0,
no_explicit_geometry__V_-0.4__t0_1.0,no_explicit_geometry,cubic_frustrated,-0.4,1.0,40,0.7647565925725415,0.35977985266221735,0.010346809424988617,0.14814814814814814,0.0,0.038943447664144155,0.9259259259259259,1.0,4.599476775346829e-06,0.0,0.0,0.00014337564362020366,0.0,,0.0010360358974132726,0.0,
no_explicit_geometry__V_-0.4__t0_1.0,no_explicit_geometry,cubic_frustrated,-0.4,1.0,41,0.9170801469662948,0.3597413829250172,0.010334395072612834,0.14814814814814814,0.0,0.03895520438865735,0.9259259259259259,1.0,7.239651622983432e-06,0.0,0.0,0.00019441449366819417,0.0,,0.0014327520689440272,0.0,
no_explicit_geometry__V_-0.4__t0_1.0,no_explicit_geometry,cubic_frustrated,-0.4,1.0,42,0.6425805815115806,0.3597014913135503,0.010376093523993013,0.14814814814814814,0.0,0.038952464743844895,0.9259259259259259,1.0,2.924658084849949e-06,0.0,0.0,0.0001509705238207994,0.0,,0.0011615931942918812,0.0,
no_explicit_geometry__V_-0.4__t0_1.0,no_explicit_geometry,cubic_frustrated,-0.4,1.0,43,0.6258646404679263,0.359742446814633,0.010404528001167118,0.14814814814814814,0.0,0.038952517711923235,0.9259259259259259,1.0,9.854884272300596e-07,0.14814814814814814,0.0,9.270811992646736e-05,0.0,,0.0007729577536923995,0.0,
no_explicit_geometry__V_-0.4__t0_1.0,no_explicit_geometry,cubic_frustrated,-0.4,1.0,44,0.6260400799406648,0.3597633070641117,0.010416895868420114,0.14814814814814814,0.0,0.03895572659534064,0.9259259259259259,1.0,2.0182853742916964e-06,0.0,0.0,9.003573195519352e-05,0.0,,0.0006834426050451582,0.0,
no_explicit_geometry__V_-0.4__t0_1.0,no_explicit_geometry,cubic_frustrated,-0.4,1.0,45,0.6258435717078459,0.35976229960995915,0.010433229680091293,0.14814814814814814,0.0,0.03895698823752835,0.9259259259259259,1.0,7.25277125386534e-07,0.0,0.0,5.6781733594371316e-05,0.0,,0.0004654756547644921,0.0,
no_explicit_geometry__V_-0.4__t0_1.0,no_explicit_geometry,cubic_frustrated,-0.4,1.0,46,0.6153446791225711,0.35976913652670806,0.010445371134710528,0.14814814814814814,0.0,0.038960402505877234,0.9259259259259259,1.0,1.019663001900622e-06,0.0,0.0,5.155484910810828e-05,0.0,,0.00039214472841717654,0.0,
no_explicit_geometry__V_-0.4__t0_1.0,no_explicit_geometry,cubic_frustrated,-0.4,1.0,47,0.6233915503461326,0.3597585134951149,0.010454641495262967,0.14814814814814814,0.0,0.03895821825697125,0.9259259259259259,1.0,3.454574638789555e-07,0.0,0.0,3.2016405238838166e-05,0.0,,0.0002630939075776785,0.0,
no_explicit_geometry__V_-0.4__t0_1.0,no_explicit_geometry,cubic_frustrated,-0.4,1.0,48,0.6585669577893901,0.3597448302293651,0.01046409646606556,0.14814814814814814,0.0,0.03896059292988856,0.9259259259259259,1.0,8.639374589115565e-07,0.0,0.0,3.5653549254427034e-05,0.0,,0.0002620332487751145,0.0,
no_explicit_geometry__V_-0.4__t0_1.0,no_explicit_geometry,cubic_frustrated,-0.4,1.0,49,0.6365453240007953,0.359738383600054,0.010470398332118502,0.14814814814814814,0.0,0.03896018770607103,0.9259259259259259,1.0,6.051811225174725e-07,0.0,0.0,2.927178014668256e-05,0.0,,0.0002270383969668041,0.0,
no_explicit_geometry__V_-0.4__t0_1.0,no_explicit_geometry,cubic_frustrated,-0.4,1.0,50,0.7903981035947033,0.3597214524230416,0.010477380970983424,0.14814814814814814,0.0,0.038959775727583405,0.9259259259259259,1.0,1.2216847926493287e-06,0.0,0.0,3.90001007542631e-05,0.0,,0.00027779237293354045,0.0,
no_explicit_geometry__V_-0.4__t0_1.0,no_explicit_geometry,cubic_frustrated,-0.4,1.0,51,0.6433726144323406,0.35971308912286737,0.010484298491649911,0.14814814814814814,0.0,0.038959450178730634,0.9259259259259259,1.0,6.596577910971346e-07,0.0,0.0,3.11411361458923e-05,0.0,,0.00024113593020543225,0.0,
no_explicit_geometry__V_-0.4__t0_1.0,no_explicit_geometry,cubic_frustrated,-0.4,1.0,52,1.5296197817021437,0.3596931728831168,0.01048496748333599,0.14814814814814814,0.0,0.03895957503920008,0.9259259259259259,1.0,3.1471503200421157e-06,0.0,0.0,7.368801336380438e-05,0.0,,0.0005069421593566749,0.0,
no_explicit_geometry__V_-0.4__t0_1.0,no_explicit_geometry,cubic_frustrated,-0.4,1.0,53,0.7193512458623281,0.3596671848945053,0.010490357831474739,0.14814814814814814,0.0,0.03895699661487111,0.9259259259259259,1.0,2.1391888569226357e-06,0.0,0.0,7.090737127315061e-05,0.0,,0.0005394785617381598,0.0,
no_explicit_geometry__V_-0.4__t0_1.0,no_explicit_geometry,cubic_frustrated,-0.4,1.0,54,0.6364397162684127,0.3596691733568201,0.010499379804063461,0.14814814814814814,0.0,0.03895583496734822,0.9259259259259259,1.0,6.231345781661865e-07,0.0,0.0,4.7114418209848015e-05,0.0,,0.0003776291744641836,0.0,
no_explicit_geometry__V_-0.4__t0_1.0,no_explicit_geometry,cubic_frustrated,-0.4,1.0,55,0.6530186152586737,0.3596737244060835,0.010501822596442093,0.14814814814814814,0.0,0.03895290287742431,0.9259259259259259,1.0,1.159394225988775e-06,0.0,0.0,4.601090483232604e-05,0.0,,0.00035886352445697634,0.0,
no_explicit_geometry__V_-0.4__t0_1.0,no_explicit_geometry,cubic_frustrated,-0.4,1.0,56,0.6346748357637584,0.3596737479347577,0.010508544434506443,0.14814814814814814,0.0,0.03895154684988976,0.9259259259259259,1.0,3.0769615667440987e-07,0.0,0.0,2.9937004063550638e-05,0.0,,0.00024126410820818822,0.0,
no_explicit_geometry__V_-0.4__t0_1.0,no_explicit_geometry,cubic_frustrated,-0.4,1.0,57,0.9897380577130377,0.3596572832492421,0.010506268668582784,0.14814814814814814,0.0,0.03894584338023529,0.9259259259259259,1.0,1.6929803148747215e-06,0.0,0.0,4.724602474762887e-05,0.0,,0.00034747949443843717,0.0,
no_explicit_geometry__V_-0.4__t0_1.0,no_explicit_geometry,cubic_frustrated,-0.4,1.0,58,0.6468394485852453,0.3596450088587072,0.010510454627185731,0.14814814814814814,0.0,0.03894327282362653,0.9259259259259259,1.0,3.393416773390554e-07,0.0,0.0,3.0473895899925767e-05,0.0,,0.0002439708875687654,0.0,
no_explicit_geometry__V_-0.4__t0_1.0,no_explicit_geometry,cubic_frustrated,-0.4,1.0,59,0.617642363605432,0.35965042969238403,0.01051026168941818,0.14814814814814814,0.0,0.03893802758538011,0.9259259259259259,1.0,6.036083307724975e-08,0.0,0.0,1.9325663660465452e-05,0.0,,0.00016200749872540744,0.0,
no_explicit_geometry__V_-0.4__t0_1.0,no_explicit_geometry,cubic_frustrated,-0.4,1.0,60,0.7741383881759027,0.35963790797656053,0.01051130645564576,0.14814814814814814,0.0,0.03893317586109481,0.9259259259259259,1.0,6.970484701733507e-07,0.0,0.0,2.6045947278306217e-05,0.0,,0.00019115053068515357,0.0,
no_explicit_geometry__V_-0.4__t0_1.0,no_explicit_geometry,cubic_frustrated,-0.4,1.0,61,2.5053429818552777,0.3595924182090464,0.010507586624743022,0.14814814814814814,0.0,0.03893071725257469,0.9259259259259259,1.0,4.037014653928378e-06,0.0,0.0,8.316769567989436e-05,0.0,,0.000581817257273667,0.0,
no_explicit_geometry__V_-0.4__t0_1.0,no_explicit_geometry,cubic_frustrated,-0.4,1.0,62,0.8276602340385292,0.3595697470609415,0.010503148689039173,0.14814814814814814,0.0,0.0389284290944245,0.9259259259259259,1.0,3.4474099925146793e-06,0.0,0.0,0.00010052699400189691,0.0,,0.0007367117764410142,0.0,
no_explicit_geometry__V_-0.4__t0_1.0,no_explicit_geometry,cubic_frustrated,-0.4,1.0,63,0.6485719129984759,0.3595885561846638,0.010515300614154297,0.14814814814814814,0.0,0.03892342284583533,0.9259259259259259,1.0,7.319568282827266e-07,0.0,0.0,5.838917636930647e-05,0.0,,0.0004944438247327834,0.0,
no_explicit_geometry__V_-0.4__t0_1.0,no_explicit_geometry,cubic_frustrated,-0.4,1.0,64,0.7103308473211972,0.359599863724805,0.010512874658428683,0.14814814814814814,0.0,0.03891866048967061,0.9259259259259259,1.0,1.973774707817382e-06,0.0,0.0,6.998817683367007e-05,0.0,,0.0005297935423834541,0.0,
no_explicit_geometry__V_-0.4__t0_1.0,no_explicit_geometry,cubic_frustrated,-0.4,1.0,65,0.6423488742274156,0.3595897078020774,0.01051471359309061,0.14814814814814814,0.0,0.03891117542326156,0.9259259259259259,1.0,4.926302905575997e-07,0.0,0.0,4.1699977362833754e-05,0.0,,0.0003534369172432623,0.0,
no_explicit_geometry__V_-0.4__t0_1.0,no_explicit_geometry,cubic_frustrated,-0.4,1.0,66,1.337967493505891,0.35956823117780695,0.010507243697433635,0.14814814814814814,0.0,0.038907529075637035,0.9259259259259259,1.0,3.6427864178595485e-06,0.0,0.0,8.944573913858405e-05,0.0,,0.0006371701121481629,0.0,
no_explicit_geometry__V_-0.4__t0_1.0,no_explicit_geometry,cubic_frustrated,-0.4,1.0,67,0.7041549426559279,0.3595526847111401,0.010508922164374709,0.14814814814814814,0.0,0.03890397389198162,0.9259259259259259,1.0,2.4948747810871838e-06,0.0,0.0,8.393758588801858e-05,0.0,,0.0006507835032718531,0.0,
no_explicit_geometry__V_-0.4__t0_1.0,no_explicit_geometry,cubic_frustrated,-0.4,1.0,68,0.8116850088137868,0.3595451884210936,0.010500013693716932,0.14814814814814814,0.0,0.03889861607911251,0.9259259259259259,1.0,3.6267976451268148e-06,0.0,0.0,0.00010882268666651111,0.0,,0.0008046554921052104,0.0,
no_explicit_geometry__V_-0.4__t0_1.0,no_explicit_geometry,cubic_frustrated,-0.4,1.0,69,0.764101175379024,0.35952955944401904,0.01049555689045803,0.14814814814814814,0.0,0.038896836723181914,0.9259259259259259,1.0,3.969058240798954e-06,0.0,0.0,0.00012088523578943261,0.0,,0.0009249638209138213,0.0,
no_explicit_geometry__V_-0.4__t0_1.0,no_explicit_geometry,cubic_frustrated,-0.4,1.0,70,0.63988140429127,0.35953931983657356,0.010504774742664306,0.14814814814814814,0.0,0.03888831199903699,0.9259259259259259,1.0,1.1089830057670243e-06,0.0,0.0,8.181860795970502e-05,0.0,,0.0006616443290513556,0.0,
no_explicit_geometry__V_-0.4__t0_1.0,no_explicit_geometry,cubic_frustrated,-0.4,1.0,71,0.6144338409238885,0.359552235926594,0.010504479652000059,0.14814814814814814,0.0,0.03887901734495892,0.9259259259259259,1.0,8.464506666220819e-07,0.0,0.0,5.688761569536534e-05,0.0,,0.0004755350401516282,0.0,
no_explicit_geometry__V_-0.4__t0_1.0,no_explicit_geometry,cubic_frustrated,-0.4,1.0,72,0.6144427658874025,0.3595520457899742,0.01050476251112975,0.14814814814814814,0.0,0.03887357423717895,0.9259259259259259,1.0,7.161416000256051e-07,0.0,0.0,4.5937739823663836e-05,0.0,,0.0003653092557438015,0.0,
no_explicit_geometry__V_-0.4__t0_1.0,no_explicit_geometry,cubic_frustrated,-0.4,1.0,73,0.6546104089572033,0.35955143193514544,0.01050009171330849,0.14814814814814814,0.0,0.038865685440759246,0.9259259259259259,1.0,1.0861956553579594e-06,0.0,0.0,4.388217191034532e-05,0.0,,0.0003441538376444463,0.0,
no_explicit_geometry__V_-0.4__t0_1.0,no_explicit_geometry,cubic_frustrated,-0.4,1.0,74,1.4017024971773637,0.3595235276222198,0.010487353929805434,0.14814814814814814,0.0,0.03885892182792713,0.9259259259259259,1.0,3.8671745751781766e-06,0.0,0.0,9.396328458617512e-05,0.0,,0.0006608955648784202,0.0,
no_explicit_geometry__V_-0.4__t0_1.0,no_explicit_geometry,cubic_frustrated,-0.4,1.0,75,0.6548949525455638,0.3595099617742239,0.010494234967168217,0.14814814814814814,0.0,0.038852574690936406,0.9259259259259259,1.0,8.240254563274587e-07,0.0,0.0,5.6166100632066384e-05,0.0,,0.0004654583756335043,0.0,
no_explicit_geometry__V_-0.4__t0_1.0,no_explicit_geometry,cubic_frustrated,-0.4,1.0,76,0.6130826346907297,0.35953076035373366,0.010488774302990101,0.14814814814814814,0.0,0.038843079928841354,0.9259259259259259,1.0,7.444222484161502e-07,0.0,0.0,4.4657517648264385e-05,0.0,,0.00035815690513828593,0.0,
no_explicit_geometry__V_-0.4__t0_1.0,no_explicit_geometry,cubic_frustrated,-0.4,1.0,77,0.6194752259940126,0.35953135629207544,0.010487969119249525,0.14814814814814814,0.0,0.03883715895361795,0.9259259259259259,1.0,3.701184919415614e-07,0.0,0.0,3.0207455463784673e-05,0.0,,0.0002522788492224359,0.0,
no_explicit_geometry__V_-0.4__t0_1.0,no_explicit_geometry,cubic_frustrated,-0.4,1.0,78,0.6229375841752067,0.3595367657661674,0.010485147245650946,0.14814814814814814,0.0,0.03883177949684228,0.9259259259259259,1.0,4.930835530819487e-07,0.0,0.0,2.775429282151548e-05,0.0,,0.0002147720839799918,0.0,
no_explicit_geometry__V_-0.4__t0_1.0,no_explicit_geometry,cubic_frustrated,-0.4,1.0,79,0.7795840729530527,0.3595362982947644,0.010480723611916022,0.14814814814814814,0.0,0.03882395301360039,0.9259259259259259,1.0,1.0492400337100608e-06,0.0,0.0,3.3514213551835345e-05,0.0,,0.00025252117580743764,0.0,
no_explicit_geometry__V_-0.4__t0_1.0,no_explicit_geometry,cubic_frustrated,-0.4,1.0,80,0.977158815254253,0.3595146839060326,0.010472261108782657,0.14814814814814814,0.0,0.03881356562055342,0.9259259259259259,1.0,1.8482466161519891e-06,0.0,0.0,5.145886889577535e-05,0.0,,0.0003702297014749665,0.0,
no_explicit_geometry__V_-0.4__t0_1.0,no_explicit_geometry,cubic_frustrated,-0.4,1.0,81,0.7411749940631235,0.359494494274355,0.010466112812084743,0.14814814814814814,0.0,0.038804950313008145,0.9259259259259259,1.0,1.6724563762901044e-06,0.0,0.0,5.379524928968402e-05,0.0,,0.00041086991959724645,0.0,
no_explicit_geometry__V_-0.4__t0_1.0,no_explicit_geometry,cubic_frustrated,-0.4,1.0,82,1.2579462741585536,0.35947645732589617,0.010452658266550383,0.14814814814814814,0.0,0.038800642698702904,0.9259259259259259,1.0,4.232301043252283e-06,0.0,0.0,0.0001032154533177724,0.0,,0.0007316776009688926,0.0,
no_explicit_geometry__V_-0.4__t0_1.0,no_explicit_geometry,cubic_frustrated,-0.4,1.0,83,0.6579088107468868,0.3594693230662685,0.010455868688253558,0.14814814814814814,0.0,0.03879421502044727,0.9259259259259259,1.0,1.882440413751322e-06,0.0,0.0,7.965596092492108e-05,0.0,,0.000634532662940155,0.0,
no_explicit_geometry__V_-0.4__t0_1.0,no_explicit_geometry,cubic_frustrated,-0.4,1.0,84,0.8061114548265431,0.35947565460487146,0.010442534055366087,0.14814814814814814,0.0,0.03878630023042624,0.9259259259259259,1.0,3.475467028103651e-06,0.0,0.0,0.00010533595258249865,0.0,,0.0007783864936372489,0.0,
no_explicit_geometry__V_-0.4__t0_1.0,no_explicit_geometry,cubic_frustrated,-0.4,1.0,85,0.6393063236580888,0.35947573823917833,0.010444975317113242,0.14814814814814814,0.0,0.038776810700262204,0.9259259259259259,1.0,1.4132444209515503e-06,0.0,0.0,7.443835277033497e-05,0.0,,0.0006073312886384162,0.0,
no_explicit_geometry__V_-0.4__t0_1.0,no_explicit_geometry,cubic_frustrated,-0.4,1.0,86,0.8169674985394574,0.3594856622730959,0.010433557292247245,0.14814814814814814,0.0,0.03877075492980992,0.9259259259259259,1.0,3.383318414689667e-06,0.0,0.0,0.00010196287819234373,0.0,,0.0007523482442821103,0.0,
no_explicit_geometry__V_-0.4__t0_1.0,no_explicit_geometry,cubic_frustrated,-0.4,1.0,87,0.6477035001533783,0.35948173655726945,0.010431278984422797,0.14814814814814814,0.0,0.03876046456819846,0.9259259259259259,1.0,1.8519212249745482e-06,0.0,0.0,8.078419274582397e-05,0.0,,0.0006464826843883498,0.0,
no_explicit_geometry__V_-0.4__t0_1.0,no_explicit_geometry,cubic_frustrated,-0.4,1.0,88,0.8061328553076869,0.35947273111442163,0.01041432540241676,0.14814814814814814,0.0,0.038748372414294845,0.9259259259259259,1.0,3.526009025736132e-06,0.0,0.0,0.00010724946358302601,0.0,,0.0007923553815159305,0.0,
no_explicit_geometry__V_-0.4__t0_1.0,no_explicit_geometry,cubic_frustrated,-0.4,1.0,89,0.6478534782094717,0.3594688336633663,0.010421528715042401,0.14814814814814814,0.0,0.03874022143929872,0.9259259259259259,1.0,7.318808641612838e-07,0.0,0.0,6.222415007259308e-05,0.0,,0.0005272189404284388,0.0,
no_explicit_geometry__V_-0.4__t0_1.0,no_explicit_geometry,cubic_frustrated,-0.4,1.0,90,0.6333372157512838,0.3594860749324689,0.010413622202951766,0.14814814814814814,0.0,0.03872909161542957,0.9259259259259259,1.0,1.3929477421484067e-06,0.0,0.0,6.117298936433398e-05,0.0,,0.00047499207772498843,0.0,
no_explicit_geometry__V_-0.4__t0_1.0,no_explicit_geometry,cubic_frustrated,-0.4,1.0,91,1.8118921418839344,0.35943976335235334,0.010384435523055844,0.14814814814814814,0.0,0.03873110488356211,0.9259259259259259,1.0,7.008832811929075e-06,0.0,0.0,0.00015181111130214032,0.0,,0.001087705124613951,0.0,
no_explicit_geometry__V_-0.4__t0_1.0,no_explicit_geometry,cubic_frustrated,-0.4,1.0,92,0.7152665592496388,0.3593910193035662,0.010380525363451593,0.14814814814814814,0.0,0.03871916763692403,0.9259259259259259,1.0,4.494254845767324e-06,0.0,0.0,0.00015281036341255357,0.0,,0.0011466318457538914,0.0,
no_explicit_geometry__V_-0.4__t0_1.0,no_explicit_geometry,cubic_frustrated,-0.4,1.0,93,0.6348641707618128,0.359415027004121,0.010392115559869528,0.14814814814814814,0.0,0.03870657803438525,0.9259259259259259,1.0,1.566524439757665e-06,0.0,0.0,9.935165603156798e-05,0.0,,0.0008283399460185621,0.0,
no_explicit_geometry__V_-0.4__t0_1.0,no_explicit_geometry,cubic_frustrated,-0.4,1.0,94,0.6219395856566303,0.3594507791003217,0.010392070984861149,0.14814814814814814,0.0,0.03869730838815157,0.9259259259259259,1.0,7.510083353964001e-07,0.0,0.0,6.720730834586957e-05,0.0,,0.0005580217392068792,0.0,
no_explicit_geometry__V_-0.4__t0_1.0,no_explicit_geometry,cubic_frustrated,-0.4,1.0,95,0.6125614560111349,0.3594668319718396,0.010388712671877555,0.14814814814814814,0.0,0.03868750103370522,0.9259259259259259,1.0,5.88578836892431e-07,0.0,0.0,4.58623038193017e-05,0.0,,0.00038782824549269236,0.0,
no_explicit_geometry__V_-0.4__t0_1.0,no_explicit_geometry,cubic_frustrated,-0.4,1.0,96,1.2251561807066549,0.35944538314721536,0.010372512002945172,0.14814814814814814,0.0,0.038678076345975386,0.9259259259259259,1.0,3.651361652452687e-06,0.0,0.0,9.226050920515297e-05,0.0,,0.0006581566437097986,0.0,
no_explicit_geometry__V_-0.4__t0_1.0,no_explicit_geometry,cubic_frustrated,-0.4,1.0,97,1.0307902199570287,0.3594023105096268,0.01034905258838082,0.14814814814814814,0.0,0.03867216613123056,0.9259259259259259,1.0,5.470295528974629e-06,0.0,0.0,0.00013561322140732659,0.0,,0.0010014437612163132,0.0,
no_explicit_geometry__V_-0.4__t0_1.0,no_explicit_geometry,cubic_frustrated,-0.4,1.0,98,0.6554461015751997,0.35941023839088887,0.010362900368013513,0.14814814814814814,0.0,0.038660868646146894,0.9259259259259259,1.0,9.714192204721529e-07,0.0,0.0,8.163949358610413e-05,0.0,,0.0006719533863223472,0.0,
no_explicit_geometry__V_-0.4__t0_1.0,no_explicit_geometry,cubic_frustrated,-0.4,1.0,99,0.7764861998658469,0.3594280905084376,0.0103485319632949,0.14814814814814814,0.0,0.038651439659213846,0.9259259259259259,1.0,3.3097628010270234e-06,0.0,0.0,0.00010197946229878905,0.0,,0.0007828947990900311,0.0,
no_explicit_geometry__V_-0.4__t0_1.0,no_explicit_geometry,cubic_frustrated,-0.4,1.0,100,0.6384872592621833,0.35941945963632976,0.010349050213996788,0.14814814814814814,0.0,0.038640584321960166,0.9259259259259259,1.0,1.1906266082558364e-06,0.0,0.0,7.225182562317074e-05,0.0,,0.0005805415248437231,0.0,
no_explicit_geometry__V_-0.4__t0_1.0,no_explicit_geometry,cubic_frustrated,-0.4,1.0,101,0.6346515956913019,0.3594372578079957,0.01034378777788758,0.14814814814814814,0.0,0.03863187232745967,0.9259259259259259,1.0,1.4922761427643322e-06,0.0,0.0,6.41991501149744e-05,0.0,,0.000513184900218904,0.0,
no_explicit_geometry__V_-0.4__t0_1.0,no_explicit_geometry,cubic_frustrated,-0.4,1.0,102,1.148719565491347,0.35941607234428863,0.010324903607572102,0.14814814814814814,0.0,0.03862604490939453,0.9259259259259259,1.0,4.654972153105599e-06,0.0,0.0,0.00011739764666312488,0.0,,0.00084108246906211,0.0,
no_explicit_geometry__V_-0.4__t0_1.0,no_explicit_geometry,cubic_frustrated,-0.4,1.0,103,0.6554473095064904,0.35940598634227205,0.010332736178106148,0.14814814814814814,0.0,0.038616183356324406,0.9259259259259259,1.0,8.305574154785589e-07,0.0,0.0,6.728300902931337e-05,0.0,,0.0005677912010451712,0.0,
no_explicit_geometry__V_-0.4__t0_1.0,no_explicit_geometry,cubic_frustrated,-0.4,1.0,104,0.6850267978681841,0.3594225678648348,0.010322681865515305,0.14814814814814814,0.0,0.03860562943332983,0.9259259259259259,1.0,2.1011012516905534e-06,0.0,0.0,7.661771247087544e-05,0.0,,0.0005838769963760824,0.0,
no_explicit_geometry__V_-0.4__t0_1.0,no_explicit_geometry,cubic_frustrated,-0.4,1.0,105,1.0849044892817152,0.3593974799884876,0.010304236564351735,0.14814814814814814,0.0,0.03860100597004768,0.9259259259259259,1.0,4.900272038358542e-06,0.0,0.0,0.00012293274322215986,0.0,,0.0009096514007391629,0.0,
no_explicit_geometry__V_-0.4__t0_1.0,no_explicit_geometry,cubic_frustrated,-0.4,1.0,106,0.6536971022545178,0.3593861429441214,0.01031124794132304,0.14814814814814814,0.0,0.03858842416770932,0.9259259259259259,1.0,9.804100360627371e-07,0.0,0.0,7.618219639174145e-05,0.0,,0.0006241713609471017,0.0,
no_explicit_geometry__V_-0.4__t0_1.0,no_explicit_geometry,cubic_frustrated,-0.4,1.0,107,1.6398054233284831,0.3593665181275571,0.010268017342768838,0.14814814814814814,0.0,0.03859180744146059,0.9259259259259259,1.0,8.125181157547448e-06,0.0,0.0,0.0001797240750431299,0.0,,0.0013022114766485697,0.0,
no_explicit_geometry__V_-0.4__t0_1.0,no_explicit_geometry,cubic_frustrated,-0.4,1.0,108,0.663477219901805,0.35933943701580223,0.010297288994821366,0.14814814814814814,0.0,0.03857528887541538,0.9259259259259259,1.0,1.1859209935465607e-06,0.0,0.0,0.00010556896434805141,0.0,,0.0008708684949533064,0.0,
no_explicit_geometry__V_-0.4__t0_1.0,no_explicit_geometry,cubic_frustrated,-0.4,1.0,109,0.9566617920692683,0.35936473447946965,0.010268469934167676,0.14814814814814814,0.0,0.038574123110767494,0.9259259259259259,1.0,6.053603951944591e-06,0.0,0.0,0.00016071305384018358,0.0,,0.0012128263552924634,0.0,
no_explicit_geometry__V_-0.4__t0_1.0,no_explicit_geometry,cubic_frustrated,-0.4,1.0,110,0.653428987220299,0.3593523892288014,0.01028753461141416,0.14814814814814814,0.0,0.03855877834087439,0.9259259259259259,1.0,1.0858071417000166e-06,0.0,0.0,9.81272617076193e-05,0.0,,0.0008120708161405292,0.0,
no_explicit_geometry__V_-0.4__t0_1.0,no_explicit_geometry,cubic_frustrated,-0.4,1.0,111,0.6199296269273497,0.35939031129568044,0.010276145325741637,0.14814814814814814,0.0,0.03854525534861745,0.9259259259259259,1.0,1.7998890427709044e-06,0.0,0.0,8.350186702291277e-05,0.0,,0.0006815374710595222,0.0,
no_explicit_geometry__V_-0.4__t0_1.0,no_explicit_geometry,cubic_frustrated,-0.4,1.0,112,1.023886740342483,0.3593653152285412,0.010252770358429631,0.14814814814814814,0.0,0.03853977191835738,0.9259259259259259,1.0,5.257003314320112e-06,0.0,0.0,0.0001394618004194967,0.0,,0.0010137108415183462,0.0,
no_explicit_geometry__V_-0.4__t0_1.0,no_explicit_geometry,cubic_frustrated,-0.4,1.0,113,0.6478340092164414,0.3593570952165928,0.010262524503676622,0.14814814814814814,0.0,0.03852721922765063,0.9259259259259259,1.0,1.3974166081181796e-06,0.0,0.0,8.735260018167037e-05,0.0,,0.0007293778233324511,0.0,
no_explicit_geometry__V_-0.4__t0_1.0,no_explicit_geometry,cubic_frustrated,-0.4,1.0,114,0.6167562774251953,0.35940015578991685,0.010259865953757101,0.14814814814814814,0.0,0.03851713078427269,0.9259259259259259,1.0,9.363125899447825e-07,0.0,0.0,6.372509328307329e-05,0.0,,0.000522720823880717,0.0,
no_explicit_geometry__V_-0.4__t0_1.0,no_explicit_geometry,cubic_frustrated,-0.4,1.0,115,0.8335517439733394,0.35939965162146364,0.010246393047121787,0.14814814814814814,0.0,0.03850826950748548,0.9259259259259259,1.0,2.9148933887459235e-06,0.0,0.0,8.492078978138803e-05,0.0,,0.0006481446037915165,0.0,
no_explicit_geometry__V_-0.4__t0_1.0,no_explicit_geometry,cubic_frustrated,-0.4,1.0,116,0.640935598957647,0.3593863927163138,0.010241299484312762,0.14814814814814814,0.0,0.038495832973685744,0.9259259259259259,1.0,1.2440674448578484e-06,0.0,0.0,6.503865961884733e-05,0.0,,0.0005157830330811016,0.0,
no_explicit_geometry__V_-0.4__t0_1.0,no_explicit_geometry,cubic_frustrated,-0.4,1.0,117,0.6921640919938451,0.3593861015814283,0.01023309797806265,0.14814814814814814,0.0,0.03848608120114254,0.9259259259259259,1.0,1.9709735929917945e-06,0.0,0.0,6.766192454050615e-05,0.0,,0.0005282072255340211,0.0,
no_explicit_geometry__V_-0.4__t0_1.0,no_explicit_geometry,cubic_frustrated,-0.4,1.0,118,1.6714111690640676,0.3593337390073422,0.010194692400487738,0.14814814814814814,0.0,0.038484349434246425,0.9259259259259259,1.0,7.354695343438095e-06,0.0,0.0,0.00016526660460756753,0.0,,0.0011594887725734839,0.0,
no_explicit_geometry__V_-0.4__t0_1.0,no_explicit_geometry,cubic_frustrated,-0.4,1.0,119,0.8333427712629511,0.3592746412259215,0.010175480412817864,0.14814814814814814,0.0,0.03848114558738131,0.9259259259259259,1.0,7.038907217354617e-06,0.0,0.0,0.00019357826605816882,0.0,,0.001465388708140204,0.0,
no_explicit_geometry__V_-0.4__t0_1.0,no_explicit_geometry,cubic_frustrated,-0.4,1.0,120,0.650382788161147,0.3593012552498535,0.01020131866383474,0.14814814814814814,0.0,0.0384596489239093,0.9259259259259259,1.0,1.2791054757835063e-06,0.14814814814814814,0.0,0.00011832570820365032,0.0,,0.0009789582276057106,0.0,
no_explicit_geometry__V_-0.4__t0_1.0,no_explicit_geometry,cubic_frustrated,-0.4,1.0,121,0.616882981886964,0.3593625200988847,0.010194211098437737,0.14814814814814814,0.0,0.0384487642792905,0.9259259259259259,1.0,2.0278852352439e-06,0.0,0.0,9.853735792694536e-05,0.0,,0.0008062261636204622,0.0,
no_explicit_geometry__V_-0.4__t0_1.0,no_explicit_geometry,cubic_frustrated,-0.4,1.0,122,0.6250462568802855,0.35937317746922054,0.010189478721161304,0.14814814814814814,0.0,0.03843406254488824,0.9259259259259259,1.0,9.681453350615794e-07,0.0,0.0,6.996213647407899e-05,0.0,,0.0005717206064392138,0.0,
no_explicit_geometry__V_-0.4__t0_1.0,no_explicit_geometry,cubic_frustrated,-0.4,1.0,123,0.6774931127998741,0.35937280331624655,0.010180800083028387,0.14814814814814814,0.0,0.03842433945045917,0.9259259259259259,1.0,2.0383785173066837e-06,0.0,0.0,7.274560491410398e-05,0.0,,0.0005698484589389887,0.0,
no_explicit_geometry__V_-0.4__t0_1.0,no_explicit_geometry,cubic_frustrated,-0.4,1.0,124,0.8067836953497513,0.3593475536171436,0.010163375887810043,0.14814814814814814,0.0,0.03841074445591757,0.9259259259259259,1.0,3.1187148028792986e-06,0.0,0.0,9.501934308206073e-05,0.0,,0.000698482635807588,0.0,
no_explicit_geometry__V_-0.4__t0_1.0,no_explicit_geometry,cubic_frustrated,-0.4,1.0,125,0.646702657702361,0.35934770240641345,0.01016389217493205,0.14814814814814814,0.0,0.03840030979135375,0.9259259259259259,1.0,6.25439553346692e-07,0.0,0.0,5.500357940020665e-05,0.0,,0.00046570373720496546,0.0,
no_explicit_geometry__V_-0.4__t0_1.0,no_explicit_geometry,cubic_frustrated,-0.4,1.0,126,0.7048020882288527,0.3593618876062027,0.010150885003085896,0.14814814814814814,0.0,0.038388469663790434,0.9259259259259259,1.0,1.8522550831383828e-06,0.0,0.0,6.573159903198066e-05,0.0,,0.0004956539010532678,0.0,
no_explicit_geometry__V_-0.4__t0_1.0,no_explicit_geometry,cubic_frustrated,-0.4,1.0,127,0.6507418489983878,0.3593567847619597,0.010142927910861984,0.14814814814814814,0.0,0.03837695290998008,0.9259259259259259,1.0,1.3077614577855697e-06,0.0,0.0,5.583693888603592e-05,0.0,,0.00044339645228263813,0.0,
no_explicit_geometry__V_-0.4__t0_1.0,no_explicit_geometry,cubic_frustrated,-0.4,1.0,128,0.8281831940542698,0.3593479620990116,0.010132415172989023,0.14814814814814814,0.0,0.038366870589223286,0.9259259259259259,1.0,2.5380778838832976e-06,0.0,0.0,7.606929200033208e-05,0.0,,0.0005580483644143942,0.0,
no_explicit_geometry__V_-0.4__t0_1.0,no_explicit_geometry,cubic_frustrated,-0.4,1.0,129,0.8166502274203066,0.3593324494678676,0.010122103363830752,0.14814814814814814,0.0,0.03835927311272747,0.9259259259259259,1.0,3.1395377054456897e-06,0.0,0.0,9.078174648067142e-05,0.0,,0.0006880948991005342,0.0,
no_explicit_geometry__V_-0.4__t0_1.0,no_explicit_geometry,cubic_frustrated,-0.4,1.0,130,1.0111825986740457,0.35930633424476854,0.010098558612819667,0.14814814814814814,0.0,0.03835388403329784,0.9259259259259259,1.0,5.507898698039552e-06,0.0,0.0,0.00014365053053563408,0.0,,0.001036409627772658,0.0,
no_explicit_geometry__V_-0.4__t0_1.0,no_explicit_geometry,cubic_frustrated,-0.4,1.0,131,0.6623403676757597,0.35929691247923634,0.010103088323347047,0.14814814814814814,0.0,0.03834571428370078,0.9259259259259259,1.0,3.0342466352892507e-06,0.0,0.0,0.00011810302330660547,0.0,,0.0009383853807386473,0.0,
no_explicit_geometry__V_-0.4__t0_1.0,no_explicit_geometry,cubic_frustrated,-0.4,1.0,132,0.6535882752440059,0.35931571821790154,0.010093841984818356,0.14814814814814814,0.0,0.03833171387126937,0.9259259259259259,1.0,2.8159235173852696e-06,0.0,0.0,0.00011362359203419515,0.0,,0.0008739511727587371,0.0,
no_explicit_geometry__V_-0.4__t0_1.0,no_explicit_geometry,cubic_frustrated,-0.4,1.0,133,0.7266635897479189,0.3593075600759233,0.010078775044147352,0.14814814814814814,0.0,0.038319979995160944,0.9259259259259259,1.0,3.8597244609866755e-06,0.0,0.0,0.0001229057702309443,0.0,,0.0009486442755905362,0.0,
no_explicit_geometry__V_-0.4__t0_1.0,no_explicit_geometry,cubic_frustrated,-0.4,1.0,134,0.643736895016206,0.3593109956385214,0.010077086673569425,0.14814814814814814,0.0,0.03830164080099045,0.9259259259259259,1.0,8.340022448812119e-07,0.0,0.0,7.697943855016082e-05,0.0,,0.0006341101773155805,0.0,
no_explicit_geometry__V_-0.4__t0_1.0,no_explicit_geometry,cubic_frustrated,-0.4,1.0,135,0.6116097598233964,0.35933296864280334,0.01006920605640378,0.14814814814814814,0.0,0.038288874411873196,0.9259259259259259,1.0,1.1360641940627337e-06,0.0,0.0,6.085510508385132e-05,0.0,,0.0004996175586157042,0.0,
no_explicit_geometry__V_-0.4__t0_1.0,no_explicit_geometry,cubic_frustrated,-0.4,1.0,136,0.6226464619396784,0.3593402419914965,0.010061439141298976,0.14814814814814814,0.0,0.03827870388760148,0.9259259259259259,1.0,9.684398390805978e-07,0.0,0.0,5.1214333524907455e-05,0.0,,0.0004029296227988388,0.0,
no_explicit_geometry__V_-0.4__t0_1.0,no_explicit_geometry,cubic_frustrated,-0.4,1.0,137,1.2234034141622823,0.35932324900719587,0.010043103666807447,0.14814814814814814,0.0,0.03826883005056222,0.9259259259259259,1.0,3.862690221033879e-06,0.0,0.0,9.401646489743832e-05,0.0,,0.0006857537790800794,0.0,
no_explicit_geometry__V_-0.4__t0_1.0,no_explicit_geometry,cubic_frustrated,-0.4,1.0,138,0.6578151246383679,0.3593125261185114,0.010044368376324117,0.14814814814814814,0.0,0.038257699201137245,0.9259259259259259,1.0,6.631592586563078e-07,0.0,0.0,5.612229522525999e-05,0.0,,0.00045811690843888066,0.0,
no_explicit_geometry__V_-0.4__t0_1.0,no_explicit_geometry,cubic_frustrated,-0.4,1.0,139,1.1674900790649305,0.35931577953787114,0.010022481053600693,0.14814814814814814,0.0,0.038248665840993006,0.9259259259259259,1.0,4.07521291415726e-06,0.0,0.0,0.00010128717137311163,0.0,,0.0007453156698825752,0.0,
no_explicit_geometry__V_-0.4__t0_1.0,no_explicit_geometry,cubic_frustrated,-0.4,1.0,140,0.6561347125764371,0.3593071770297718,0.010022790635563406,0.14814814814814814,0.0,0.038234004972605595,0.9259259259259259,1.0,7.298178691386109e-07,0.0,0.0,6.133475888604513e-05,0.0,,0.0005017674186445772,0.0,
no_explicit_geometry__V_-0.4__t0_1.0,no_explicit_geometry,cubic_frustrated,-0.4,1.0,141,0.6866631790713036,0.3593242140395688,0.010010299495587745,0.14814814814814814,0.0,0.03822268710257218,0.9259259259259259,1.0,1.8408537321248212e-06,0.0,0.0,6.572391634227323e-05,0.0,,0.0005134332527432022,0.0,
no_explicit_geometry__V_-0.4__t0_1.0,no_explicit_geometry,cubic_frustrated,-0.4,1.0,142,0.6359659694693177,0.3593310807177008,0.010006354103363401,0.14814814814814814,0.0,0.03821176525762422,0.9259259259259259,1.0,5.613579713954163e-07,0.0,0.0,4.4321647594592404e-05,0.0,,0.00035946379256646235,0.0,
no_explicit_geometry__V_-0.4__t0_1.0,no_explicit_geometry,cubic_frustrated,-0.4,1.0,143,0.6149631131266599,0.35934197140104157,0.009996322498019702,0.14814814814814814,0.0,0.03820028329157364,0.9259259259259259,1.0,3.4687079856613445e-07,0.0,0.0,2.9532719612563e-05,0.0,,0.0002498099120192982,0.0,
no_explicit_geometry__V_-0.4__t0_1.0,no_explicit_geometry,cubic_frustrated,-0.4,1.0,144,0.6153157832097279,0.3593356407238144,0.009987420705266726,0.14814814814814814,0.0,0.03818822080212152,0.9259259259259259,1.0,2.037354605860775e-07,0.0,0.0,2.1597148925667903e-05,0.0,,0.00017498635692177728,0.0,
no_explicit_geometry__V_-0.4__t0_1.0,no_explicit_geometry,cubic_frustrated,-0.4,1.0,145,0.6213425732814867,0.3593212601861012,0.009976175087126336,0.14814814814814814,0.0,0.038174959635315024,0.9259259259259259,1.0,2.508352217091369e-07,0.0,0.0,1.8156834824358043e-05,0.0,,0.00014554576713603318,0.0,
no_explicit_geometry__V_-0.4__t0_1.0,no_explicit_geometry,cubic_frustrated,-0.4,1.0,146,0.6709847789400749,0.35931771056154355,0.009967877155157082,0.14814814814814814,0.0,0.038165556706455585,0.9259259259259259,1.0,3.681586560771086e-07,0.0,0.0,1.9059467840197147e-05,0.0,,0.00014322916450319395,0.0,
no_explicit_geometry__V_-0.4__t0_1.0,no_explicit_geometry,cubic_frustrated,-0.4,1.0,147,0.6286262967824358,0.3593244943633645,0.009955638673072784,0.14814814814814814,0.0,0.038152918634476014,0.9259259259259259,1.0,1.340164278187614e-07,0.0,0.0,1.391974813948123e-05,0.0,,0.00011183178998058822,0.0,
no_explicit_geometry__V_-0.4__t0_1.0,no_explicit_geometry,cubic_frustrated,-0.4,1.0,148,0.6182154272581062,0.35933374375138044,0.009945398300073783,0.14814814814814814,0.0,0.038142637127975235,0.9259259259259259,1.0,2.8439573341878566e-08,1.0,0.0,1.1096344473556063e-05,0.0,,8.706917940602754e-05,0.0,
no_explicit_geometry__V_-0.4__t0_1.0,no_explicit_geometry,cubic_frustrated,-0.4,1.0,149,0.6190886904587773,0.3593283907646618,0.009933621606177322,0.14814814814814814,0.0,0.038129617648276805,0.9259259259259259,1.0,0.0,1.0,0.0,8.347524104843993e-06,0.0,,6.763757553123225e-05,0.0,
no_explicit_geometry__V_-0.4__t0_1.0,no_explicit_geometry,cubic_frustrated,-0.4,1.0,150,0.6282691613276487,0.3593219670855178,0.009924534836249277,0.14814814814814814,0.0,0.038118659423496265,0.9259259259259259,1.0,0.0,1.0,0.0,7.547104869582368e-06,0.0,,5.660176647328506e-05,0.0,
no_explicit_geometry__V_-0.4__t0_1.2,no_explicit_geometry,cubic_frustrated,-0.4,1.2,1,,,0.0009257166884975176,0.07407407407407407,0.0,3.58853464063598e-06,0.8888888888888888,1.0,0.00015563972577033693,0.0,0.0,0.0007909632822355426,0.0,,0.010894659546415103,0.0,
no_explicit_geometry__V_-0.4__t0_1.2,no_explicit_geometry,cubic_frustrated,-0.4,1.2,2,0.5262151290404427,0.024385547878433583,0.00045607070385473333,0.14814814814814814,0.0,4.469582507217487e-06,1.0,1.0,0.00021847865665451836,0.0,0.0,0.001043464167118308,0.0,,0.01612803165307088,0.0,
no_explicit_geometry__V_-0.4__t0_1.2,no_explicit_geometry,cubic_frustrated,-0.4,1.2,3,0.061683598010272636,0.006411821405514018,0.0001845249096930552,0.07407407407407407,0.0,8.89509869279945e-06,1.0,1.0,0.0002187929902341629,0.0,0.0,0.0010712857190983565,0.0,,0.017040212146723976,0.0,
no_explicit_geometry__V_-0.4__t0_1.2,no_explicit_geometry,cubic_frustrated,-0.4,1.2,4,0.013211909483011893,0.00233404513114843,0.00012041885560048887,0.14814814814814814,0.0,9.015732617518811e-06,1.0,1.0,0.00021897280406013526,0.0,0.0,0.0010736200633452912,0.0,,0.01718890558996444,0.0,
no_explicit_geometry__V_-0.4__t0_1.2,no_explicit_geometry,cubic_frustrated,-0.4,1.2,5,0.0025499080084055983,0.0008459101329448901,0.00010258352877580455,0.07407407407407407,0.0,4.6212297143985035e-06,0.9259259259259259,1.0,0.00021919272404874,0.0,0.0,0.0010747665418011875,0.0,,0.017224303122055792,0.0,
no_explicit_geometry__V_-0.4__t0_1.2,no_explicit_geometry,cubic_frustrated,-0.4,1.2,6,0.0009512847604328904,0.000455835458588395,9.390573442826267e-05,0.037037037037037035,0.0,6.627249567692091e-06,0.9629629629629629,1.0,0.0002190233020280569,0.0,0.0,0.0010746062844051415,0.0,,0.017225099830039763,0.0,
no_explicit_geometry__V_-0.4__t0_1.4,no_explicit_geometry,cubic_frustrated,-0.4,1.4,1,,,0.000941193511939492,0.07407407407407407,0.0,2.910610840712715e-06,0.9629629629629629,1.0,0.00035830092555114596,0.0,0.0,0.00015278429517142758,0.0,,0.013034037721142767,0.0,
no_explicit_geometry__V_-0.4__t0_1.4,no_explicit_geometry,cubic_frustrated,-0.4,1.4,2,0.6013208886384764,0.02273022054183322,0.0003386636639977463,0.037037037037037035,0.0,3.864536334498317e-06,1.0,1.0,0.0005721136988030641,0.0,0.0,0.0002364335806182362,0.0,,0.020087966396257168,0.0,
no_explicit_geometry__V_-0.4__t0_1.4,no_explicit_geometry,cubic_frustrated,-0.4,1.4,3,0.05417454984091567,0.007793377942946125,0.0001352104057068312,0.07407407407407407,0.0,4.168864824341251e-06,1.0,1.0,0.0005972233458393499,0.0,0.0,0.00024227393488060562,0.0,,0.021038898050942913,0.0,
no_explicit_geometry__V_-0.4__t0_1.4,no_explicit_geometry,cubic_frustrated,-0.4,1.4,4,0.011683055226938199,0.0027592534883710174,6.264208549227449e-05,0.14814814814814814,0.0,2.6150793465496985e-06,0.9629629629629629,1.0,0.0006016507496990534,0.0,0.0,0.00024401572016264568,0.0,,0.021224162954814156,0.0,
no_explicit_geometry__V_-0.4__t0_1.4,no_explicit_geometry,cubic_frustrated,-0.4,1.4,5,0.001615293045072915,0.0007471509656745894,4.48084845828619e-05,0.07407407407407407,0.0,4.50857249997313e-06,1.0,1.0,0.0006024595702355662,0.0,0.0,0.0002442940592051325,0.0,,0.021231178816438042,0.0,
no_explicit_geometry__V_-0.4__t0_1.4,no_explicit_geometry,cubic_frustrated,-0.4,1.4,6,0.0006371373528047268,0.0002758940479588489,4.086238697051724e-05,0.14814814814814814,0.0,2.7826944106053383e-06,0.9629629629629629,1.0,0.0006024568752118147,0.0,0.0,0.0002443835168373271,0.0,,0.021237307660538378,0.0,
no_explicit_geometry__V_-0.4__t0_1.6,no_explicit_geometry,cubic_frustrated,-0.4,1.6,1,,,0.003259291087107925,0.1111111111111111,0.0,5.3524758507800626e-06,0.9259259259259259,1.0,0.0010562217531349795,0.0,0.0,0.0008134596067903453,0.0,,0.022954735760221903,0.0,
no_explicit_geometry__V_-0.4__t0_1.6,no_explicit_geometry,cubic_frustrated,-0.4,1.6,2,1.0574510834924387,0.0637125827786549,0.002664322037804801,0.1111111111111111,0.0,3.6804080010399042e-06,0.6296296296296297,1.0,0.002301125453850542,0.0,0.0,0.0011660295767861836,0.0,,0.04612361572126648,0.0,
no_explicit_geometry__V_-0.4__t0_1.6,no_explicit_geometry,cubic_frustrated,-0.4,1.6,3,0.1350831044007909,0.03763998354975335,0.0011113079524116937,0.1111111111111111,0.0,5.4301585202165325e-06,0.9259259259259259,1.0,0.002574041434345262,0.0,0.0,0.00115329843353757,0.0,,0.05090828382149493,0.0,
no_explicit_geometry__V_-0.4__t0_1.6,no_explicit_geometry,cubic_frustrated,-0.4,1.6,4,0.046235695936494396,0.018341630532373168,0.0005817345406242309,0.037037037037037035,0.0,7.1904911735785405e-06,0.8888888888888888,1.0,0.002644038260202447,0.0,0.0,0.0011016578757706704,0.0,,0.05186338367675063,0.0,
no_explicit_geometry__V_-0.4__t0_1.6,no_explicit_geometry,cubic_frustrated,-0.4,1.6,5,0.019121704563998195,0.00865880325121737,0.0002260759511863357,0.037037037037037035,0.0,7.4366383099704685e-06,0.8888888888888888,1.0,0.0026704078387968884,0.0,0.0,0.0010910496858022366,0.0,,0.05224782511642834,0.0,
no_explicit_geometry__V_-0.4__t0_1.6,no_explicit_geometry,cubic_frustrated,-0.4,1.6,6,0.008355562171712173,0.004068319616207604,0.00014365265965867748,0.037037037037037035,0.0,6.395372792001834e-06,0.9629629629629629,1.0,0.002674741225688032,0.0,0.0,0.001088656039620317,0.0,,0.052309175299578,0.0,
no_explicit_geometry__V_-0.4__t0_1.6,no_explicit_geometry,cubic_frustrated,-0.4,1.6,7,0.0038102908300727384,0.0018971624402857033,5.546750808207841e-05,0.14814814814814814,0.0,9.322196147546283e-06,0.8888888888888888,1.0,0.002678776114702556,0.0,0.0,0.0010803802985143696,0.0,,0.05234421621431887,0.0,
no_explicit_geometry__V_-0.4__t0_1.6,no_explicit_geometry,cubic_frustrated,-0.4,1.6,8,0.0017933647892238733,0.0010325371477932904,4.370083611881619e-05,0.037037037037037035,0.0,7.953018296266547e-06,0.8888888888888888,1.0,0.0026775299978637254,0.0,0.0,0.0010873969580668837,0.0,,0.05236648606964868,0.0,
no_explicit_geometry__V_-0.4__t0_1.6,no_explicit_geometry,cubic_frustrated,-0.4,1.6,9,0.0011382046175376196,0.0004524628314550008,2.8220664711889586e-05,0.14814814814814814,0.0,4.961581224597234e-06,0.7407407407407407,1.0,0.002676229170441091,0.0,0.0,0.0010889859144412866,0.0,,0.05232725975353182,0.0,
no_explicit_geometry__V_+0.0__t0_0.8,no_explicit_geometry,cubic_frustrated,0.0,0.8,1,,,0.0056529508928888205,0.14814814814814814,0.0,0.0020388071756408804,0.8888888888888888,0.0,8.375813149094188e-05,0.0,0.0,0.0028321527820334255,0.0,,0.011759786719936263,0.0,
no_explicit_geometry__V_+0.0__t0_0.8,no_explicit_geometry,cubic_frustrated,0.0,0.8,2,0.893534003740142,0.0807043050081365,0.008747274197689722,0.14814814814814814,0.0,0.0030956728773572036,0.8888888888888888,0.0,0.0001756728440860921,0.0,0.0,0.004231247480029115,0.0,,0.021859908719021433,0.0,
no_explicit_geometry__V_+0.0__t0_0.8,no_explicit_geometry,cubic_frustrated,0.0,0.8,3,0.19875178810609517,0.09311931213374051,0.008520294514148895,0.14814814814814814,0.0,0.0240413367035594,0.9259259259259259,1.0,0.0002894551522743172,0.0,0.0,0.004166267513611537,0.0,,0.02310474170498614,0.0,
no_explicit_geometry__V_+0.0__t0_0.8,no_explicit_geometry,cubic_frustrated,0.0,0.8,4,0.44950337712111504,0.20762599638896673,0.012391052340938943,0.1111111111111111,0.0,0.0640479246794571,0.9259259259259259,1.0,0.00027372748489783925,0.0,0.0,0.002322064900235434,0.0,,0.015913308711906597,0.0,
no_explicit_geometry__V_+0.0__t0_0.8,no_explicit_geometry,cubic_frustrated,0.0,0.8,5,0.7139326572842499,0.35653251718741447,0.019745222657928885,0.1111111111111111,0.0,0.087260902384353,0.9259259259259259,1.0,0.00015161059356987434,0.0,0.0,0.0009506811020310105,0.0,,0.0076875901357381544,0.0,
no_explicit_geometry__V_+0.0__t0_0.8,no_explicit_geometry,cubic_frustrated,0.0,0.8,6,0.7664128602206743,0.42131630475830245,0.021419255549875157,0.1111111111111111,0.0,0.09262843246633115,0.9259259259259259,1.0,5.516091766921057e-05,0.0,0.0,0.0006582352565922553,0.0,,0.004666193093632045,0.0,
no_explicit_geometry__V_+0.0__t0_0.8,no_explicit_geometry,cubic_frustrated,0.0,0.8,7,0.9323960659473456,0.44545593774558107,0.02171450144288074,0.1111111111111111,0.0,0.09372753265460566,0.9259259259259259,1.0,2.0488713752677402e-05,0.0,0.0,0.0006978999253111296,0.0,,0.003896115878590906,0.0,
no_explicit_geometry__V_+0.0__t0_0.8,no_explicit_geometry,cubic_frustrated,0.0,0.8,8,0.9378395320363568,0.4755610035404086,0.02128419965773498,0.1111111111111111,0.0,0.09338433277048382,0.9259259259259259,1.0,1.3026772569320582e-05,0.0,0.0,0.0005443180706905289,0.0,,0.003088331328968811,0.0,
no_explicit_geometry__V_+0.0__t0_0.8,no_explicit_geometry,cubic_frustrated,0.0,0.8,9,1.0398635989577336,0.533297497423138,0.019948156155510707,0.1111111111111111,0.0,0.09205910903303932,0.9259259259259259,1.0,1.0000481501375817e-05,0.2962962962962963,0.0,0.0005935589213072786,0.0,,0.003003389938289025,0.0,
no_explicit_geometry__V_+0.0__t0_0.8,no_explicit_geometry,cubic_frustrated,0.0,0.8,10,0.8318526629307071,0.6079977112210978,0.017569800974996302,0.1111111111111111,0.0,0.1122889657920579,1.0,0.0,9.841175559865315e-06,0.0,0.0,0.000314687790395039,0.0,,0.001850861775748901,0.0,
no_explicit_geometry__V_+0.0__t0_0.8,no_explicit_geometry,cubic_frustrated,0.0,0.8,11,0.8550386150108544,0.6801580288094486,0.014777437174638787,0.1111111111111111,0.0,0.14878477500246715,1.0,0.0,5.513281995290147e-06,0.0,0.0,0.0002518376460959398,0.0,,0.0013618873854566612,0.0,
no_explicit_geometry__V_+0.0__t0_0.8,no_explicit_geometry,cubic_frustrated,0.0,0.8,12,0.91585339595029,0.7442176161166114,0.011991189925525123,0.1111111111111111,0.0,0.18501523831856925,1.0,0.0,4.199488765715433e-06,0.4074074074074074,0.0,0.00022746769993515817,0.0,,0.0011994508205410682,0.0,
no_explicit_geometry__V_+0.0__t0_0.8,no_explicit_geometry,cubic_frustrated,0.0,0.8,13,0.8284084449813578,0.7998386057414194,0.012578601457875429,0.25925925925925924,0.0,0.2221607545501841,1.0,0.0,6.354945263390471e-06,0.0,0.0,9.809110683920492e-05,0.0,,0.0006119271873697618,0.0,
no_explicit_geometry__V_+0.0__t0_0.8,no_explicit_geometry,cubic_frustrated,0.0,0.8,14,0.8803837850087994,0.8524412648679192,0.01517580423560132,0.25925925925925924,0.0,0.26182583290325606,1.0,0.0,4.627385705376834e-06,0.0,0.0,1.7335179095870762e-05,0.7924528301886793,,0.00013044165475902154,0.0,
no_explicit_geometry__V_+0.0__t0_0.8,no_explicit_geometry,cubic_frustrated,0.0,0.8,15,0.9069931650270484,0.9041089055955538,0.017234774572842036,0.25925925925925924,0.0,0.3009243299046927,1.0,0.0,1.128721343882035e-06,0.0,0.0,4.586390932952649e-06,0.11320754716981132,,1.701198320439413e-05,0.0,
no_explicit_geometry__V_+0.0__t0_0.8,no_explicit_geometry,cubic_frustrated,0.0,0.8,16,0.9032426458682878,0.9503808213298268,0.01795739216233618,0.25925925925925924,0.0,0.33691309600324415,1.0,0.0,1.0488802568806663e-07,0.0,0.0,1.2641770440149182e-06,0.0,,2.351371418972106e-06,0.03773584905660377,
no_explicit_geometry__V_+0.0__t0_0.8,no_explicit_geometry,cubic_frustrated,0.0,0.8,17,0.9408412743815157,0.9898531013355515,0.017077162114875147,0.25925925925925924,0.0,0.3699302157230568,1.0,0.0,2.887152324191625e-08,0.8888888888888888,0.0,4.967435719791537e-07,0.03773584905660377,,4.2794721144675007e-07,0.03773584905660377,
no_explicit_geometry__V_+0.0__t0_0.8,no_explicit_geometry,cubic_frustrated,0.0,0.8,18,1.2125861383569745,1.0242151090637721,0.014822264761091872,0.25925925925925924,0.0,0.4004898156437934,1.0,0.0,9.645013836074335e-09,0.8148148148148148,0.0,2.7208297540864086e-07,0.5660377358490566,,2.2509231570007005e-07,0.33962264150943394,
no_explicit_geometry__V_+0.0__t0_0.8,no_explicit_geometry,cubic_frustrated,0.0,0.8,19,1.421867823626822,1.0547665088121339,0.014580490744015849,0.1111111111111111,0.0,0.428800073920541,1.0,0.0,1.4971573323455042e-08,0.37037037037037035,0.0,2.642861559367452e-07,0.03773584905660377,,2.4737367094629626e-07,0.2641509433962264,
no_explicit_geometry__V_+0.0__t0_0.8,no_explicit_geometry,cubic_frustrated,0.0,0.8,20,1.5413086311415272,1.0820711293245333,0.017978810767896355,0.1111111111111111,0.0,0.4548360390505076,1.0,0.0,4.5148851327596734e-08,1.0,0.0,2.922255858724108e-07,0.7169811320754716,,3.74272480216992e-07,0.1509433962264151,
no_explicit_geometry__V_+0.0__t0_0.8,no_explicit_geometry,cubic_frustrated,0.0,0.8,21,1.3995586322661187,1.1062499336829972,0.020901218329163865,0.1111111111111111,0.0,0.47824311877141296,1.0,0.0,1.0387880271227295e-08,1.0,0.0,2.6592490813576954e-07,0.03773584905660377,,2.4668860410622806e-07,0.49056603773584906,
no_explicit_geometry__V_+0.0__t0_0.8,no_explicit_geometry,cubic_frustrated,0.0,0.8,22,1.2883983705926356,1.1272288236830115,0.0232852966082963,0.1111111111111111,0.0,0.4986460372344361,1.0,0.0,0.0,1.0,0.0,2.8198799695556654e-07,0.33962264150943394,,2.802480792457289e-07,0.33962264150943394,
no_explicit_geometry__V_+0.0__t0_0.8,no_explicit_geometry,cubic_frustrated,0.0,0.8,23,1.5205675752346384,1.144832970699407,0.025111953505339093,0.1111111111111111,0.0,0.515553781370683,1.0,0.0,1.0156288881595575e-08,0.9629629629629629,0.0,2.925393641440949e-07,0.0,,3.3972631658317505e-07,0.0,
no_explicit_geometry__V_+0.0__t0_0.8,no_explicit_geometry,cubic_frustrated,0.0,0.8,24,1.5184605126892445,1.158929708256814,0.026359529051866736,0.1111111111111111,0.0,0.5287776174199962,1.0,0.0,1.0345177001277873e-08,0.9259259259259259,0.0,3.7627948989723837e-07,0.9811320754716981,,3.2769937029991107e-07,0.9811320754716981,
no_explicit_geometry__V_+0.0__t0_0.8,no_explicit_geometry,cubic_frustrated,0.0,0.8,25,1.5439307067427654,1.1694892174886253,0.027226688024685117,0.1111111111111111,0.0,0.5382232917862463,1.0,0.0,9.51507590386831e-09,1.0,0.0,5.117399563929849e-07,0.8679245283018868,,5.431461184237905e-07,0.8679245283018868,
no_explicit_geometry__V_+0.0__t0_0.8,no_explicit_geometry,cubic_frustrated,0.0,0.8,26,1.2839937770867522,1.1769882882549783,0.027690566569251552,0.1111111111111111,0.0,0.5446925272031812,1.0,0.0,0.0,1.0,0.0,4.1613584427070927e-07,0.9433962264150944,,3.5755891214156864e-07,0.07547169811320754,
no_explicit_geometry__V_+0.0__t0_0.8,no_explicit_geometry,cubic_frustrated,0.0,0.8,27,1.6107208382056548,1.1820484403205047,0.02791259179867867,0.1111111111111111,0.0,0.54894349675452,1.0,0.0,9.710945388190848e-09,0.8148148148148148,0.0,5.796755346773308e-07,0.9056603773584906,,6.153015423551349e-07,0.9056603773584906,
no_explicit_geometry__V_+0.0__t0_0.8,no_explicit_geometry,cubic_frustrated,0.0,0.8,28,1.3429456474402086,1.1853546206114167,0.02797461069977107,0.1111111111111111,0.0,0.551714304623912,1.0,0.0,0.0,1.0,0.0,3.322024512296839e-07,0.8679245283018868,,3.2753361429168893e-07,0.8679245283018868,
no_explicit_geometry__V_+0.0__t0_0.8,no_explicit_geometry,cubic_frustrated,0.0,0.8,29,1.4989615348144447,1.1874547855602768,0.027954002259536873,0.1111111111111111,0.0,0.5535181383374171,1.0,0.0,0.0,1.0,0.0,4.8518039183655e-07,0.8679245283018868,,4.6315620270459325e-07,0.03773584905660377,
no_explicit_geometry__V_+0.0__t0_0.8,no_explicit_geometry,cubic_frustrated,0.0,0.8,30,1.5139215300070765,1.1889445440894133,0.027774590925441364,0.1111111111111111,0.0,0.5550546202988049,1.0,0.0,9.559140568505627e-09,0.14814814814814814,0.0,5.585043052524738e-07,0.9811320754716981,,5.585043052524738e-07,0.9811320754716981,
no_explicit_geometry__V_+0.0__t0_0.8,no_explicit_geometry,cubic_frustrated,0.0,0.8,31,1.472331874264546,1.1906065257270357,0.02719381885136787,0.1111111111111111,0.0,0.5574159286950646,1.0,0.0,7.737944898612971e-08,1.0,0.0,7.11271049102642e-07,0.9056603773584906,,7.032856391558874e-07,0.9056603773584906,
no_explicit_geometry__V_+0.0__t0_0.8,no_explicit_geometry,cubic_frustrated,0.0,0.8,32,1.3315785078333724,1.1903146197901855,0.027746239972327648,0.1111111111111111,0.0,0.5565320396615475,1.0,0.0,0.0,1.0,0.0,8.631949103740425e-07,0.9811320754716981,,8.262463607388045e-07,0.9811320754716981,
no_explicit_geometry__V_+0.0__t0_0.8,no_explicit_geometry,cubic_frustrated,0.0,0.8,33,1.2247688284286415,1.1903906358316414,0.027716340922342587,0.1111111111111111,0.0,0.5564701342582696,1.0,0.0,0.0,1.0,0.0,6.235789882862978e-07,0.8301886792452831,,5.500816241523901e-07,0.8301886792452831,
no_explicit_geometry__V_+0.0__t0_0.8,no_explicit_geometry,cubic_frustrated,0.0,0.8,34,2.7195156331902184,1.1904865523011094,0.027696083331105674,0.1111111111111111,0.0,0.5565635878353916,1.0,0.0,7.03526198066645e-08,0.1111111111111111,0.0,8.569040783177407e-07,0.11320754716981132,,8.536956389147876e-07,0.9056603773584906,
no_explicit_geometry__V_+0.0__t0_0.8,no_explicit_geometry,cubic_frustrated,0.0,0.8,35,4.644329311388261,1.1905988609954254,0.027675282568428446,0.1111111111111111,0.0,0.5566830461854635,1.0,0.0,5.070125408296634e-07,0.8518518518518519,0.0,6.393305026566936e-06,0.9811320754716981,,6.42262054378861e-06,0.9811320754716981,
no_explicit_geometry__V_+0.0__t0_0.8,no_explicit_geometry,cubic_frustrated,0.0,0.8,36,0.9626364568123912,1.190672627190211,0.02767295427171261,0.1111111111111111,0.0,0.5567469483925541,1.0,0.0,4.596656592744698e-08,1.0,0.0,1.5383796826767985e-06,0.9056603773584906,,1.5020517485858278e-06,0.9056603773584906,
no_explicit_geometry__V_+0.0__t0_0.8,no_explicit_geometry,cubic_frustrated,0.0,0.8,37,1.1776134564947618,1.1907257923413872,0.027662907500796138,0.1111111111111111,0.0,0.5568122017192982,1.0,0.0,9.352333038017413e-09,0.9629629629629629,0.0,9.561916374011015e-07,0.9056603773584906,,9.785040378943255e-07,0.9056603773584906,
no_explicit_geometry__V_+0.0__t0_0.8,no_explicit_geometry,cubic_frustrated,0.0,0.8,38,1.384920057797681,1.1907715516740327,0.0276575238513303,0.1111111111111111,0.0,0.556863936823421,1.0,0.0,0.0,1.0,0.0,8.227913154006988e-07,0.9056603773584906,,7.980090431279245e-07,0.9056603773584906,
no_explicit_geometry__V_+0.0__t0_0.8,no_explicit_geometry,cubic_frustrated,0.0,0.8,39,1.1597676215675177,1.1908034287092564,0.027652489350822842,0.1111111111111111,0.0,0.5569054000032974,1.0,0.0,3.132540979112911e-08,1.0,0.0,5.213878006054157e-07,0.7169811320754716,,5.362961949714462e-07,0.9433962264150944,
no_explicit_geometry__V_+0.0__t0_0.8,no_explicit_geometry,cubic_frustrated,0.0,0.8,40,2.232675321301653,1.1908221950204834,0.02764633165066881,0.1111111111111111,0.0,0.5569355414313794,1.0,0.0,2.0619858139337277e-08,0.6666666666666666,0.0,9.94272060734202e-07,0.9056603773584906,,1.0641516003868763e-06,0.9056603773584906,
no_explicit_geometry__V_+0.0__t0_0.8,no_explicit_geometry,cubic_frustrated,0.0,0.8,41,1.0966891164103818,1.1908388133624332,0.027644015070217732,0.1111111111111111,0.0,0.5569586107107082,1.0,0.0,1.0959020664455357e-08,0.4074074074074074,0.0,6.238501047584959e-07,0.1509433962264151,,5.523372582867909e-07,0.1509433962264151,
no_explicit_geometry__V_+0.0__t0_0.8,no_explicit_geometry,cubic_frustrated,0.0,0.8,42,2.3698969596114057,1.1908672340481607,0.02763685236267755,0.1111111111111111,0.0,0.5570017763229569,1.0,0.0,3.584763408622647e-08,0.48148148148148145,0.0,8.97397081724853e-07,0.9433962264150944,,9.278561747230401e-07,0.9433962264150944,
no_explicit_geometry__V_+0.0__t0_1.0,no_explicit_geometry,cubic_frustrated,0.0,1.0,1,,,0.00400301784047884,0.14814814814814814,0.0,3.136547897780524e-05,0.9259259259259259,1.0,6.107538779998987e-05,0.0,0.0,0.0016183421890016768,0.0,,0.01094604543311892,0.0,
no_explicit_geometry__V_+0.0__t0_1.0,no_explicit_geometry,cubic_frustrated,0.0,1.0,2,0.7427697874658999,0.05509670427093118,0.003750751076267552,0.14814814814814814,0.0,6.53565496947208e-05,0.9259259259259259,1.0,8.072313890827546e-05,0.0,0.0,0.0023777099617718392,0.0,,0.018763380732579035,0.0,
no_explicit_geometry__V_+0.0__t0_1.0,no_explicit_geometry,cubic_frustrated,0.0,1.0,3,0.12296315903646991,0.034215144203594665,0.0021749506319735934,0.14814814814814814,0.0,0.00022077156787831114,0.9259259259259259,1.0,4.7237376598095145e-05,0.0,0.0,0.0025324387228820963,0.0,,0.020845336691597348,0.0,
no_explicit_geometry__V_+0.0__t0_1.0,no_explicit_geometry,cubic_frustrated,0.0,1.0,4,0.05704973837361564,0.022076546702220073,0.001565535682276558,0.14814814814814814,0.0,0.0005504368426115732,0.9259259259259259,1.0,4.324810312885751e-05,0.0,0.0,0.0025777863228269053,0.0,,0.021566828373406254,0.0,
no_explicit_geometry__V_+0.0__t0_1.0,no_explicit_geometry,cubic_frustrated,0.0,1.0,5,0.03222104254279704,0.0163826495865431,0.0006698645493965345,0.14814814814814814,0.0,0.001563086247045941,0.9259259259259259,1.0,4.020955889758465e-05,0.0,0.0,0.002601645604666003,0.0,,0.021824953697710103,0.0,
no_explicit_geometry__V_+0.0__t0_1.0,no_explicit_geometry,cubic_frustrated,0.0,1.0,6,0.05194568593772011,0.028048567977447973,0.0005367442938975288,0.14814814814814814,0.0,0.004103564038636498,0.9259259259259259,1.0,3.9460385529025796e-05,0.0,0.0,0.0025857786756379327,0.0,,0.02181849968710528,0.0,
no_explicit_geometry__V_+0.0__t0_1.0,no_explicit_geometry,cubic_frustrated,0.0,1.0,7,0.13823103101149137,0.07238589674387891,0.0013654446989042528,0.1111111111111111,0.0,0.011206762285079958,0.9259259259259259,1.0,3.543077871136148e-05,0.0,0.0,0.002526505523088731,0.0,,0.02113932151990539,0.0,
no_explicit_geometry__V_+0.0__t0_1.0,no_explicit_geometry,cubic_frustrated,0.0,1.0,8,0.3081650053556887,0.1561155164837562,0.00452404451875722,0.14814814814814814,0.0,0.025145031849447178,0.9259259259259259,1.0,1.7598541874143104e-05,0.0,0.0,0.0020671624713978418,0.0,,0.01783553181474977,0.0,
no_explicit_geometry__V_+0.0__t0_1.0,no_explicit_geometry,cubic_frustrated,0.0,1.0,9,0.4455962316642986,0.2490235330457935,0.008625165324800363,0.14814814814814814,0.0,0.03960534545338123,0.9259259259259259,1.0,1.4442881672516318e-05,0.14814814814814814,0.0,0.0014078618824719805,0.0,,0.01224040368586437,0.0,
no_explicit_geometry__V_+0.0__t0_1.0,no_explicit_geometry,cubic_frustrated,0.0,1.0,10,0.5419775350047252,0.3179312146282901,0.010981622868245586,0.14814814814814814,0.0,0.04858785989190331,0.9259259259259259,1.0,1.8091494483190658e-05,0.14814814814814814,0.0,0.0007664517296159751,0.0,,0.007330340593684795,0.0,
no_explicit_geometry__V_+0.0__t0_1.0,no_explicit_geometry,cubic_frustrated,0.0,1.0,11,0.6468718787616898,0.35941158389505107,0.012062680934382522,0.14814814814814814,0.0,0.05217991113480623,0.9259259259259259,1.0,1.4266457893822834e-05,0.14814814814814814,0.0,0.00046743762299507774,0.0,,0.004330484995369128,0.0,
no_explicit_geometry__V_+0.0__t0_1.0,no_explicit_geometry,cubic_frustrated,0.0,1.0,12,0.6693917793099547,0.3785862254282522,0.012477385467525037,0.14814814814814814,0.0,0.053219797577033955,0.9259259259259259,1.0,1.110549389693144e-05,0.0,0.0,0.00028441187630891935,0.0,,0.002772555006394124,0.0,
no_explicit_geometry__V_+0.0__t0_1.0,no_explicit_geometry,cubic_frustrated,0.0,1.0,13,0.7829285488189714,0.38459931709763917,0.012509329538810754,0.14814814814814814,0.0,0.05352752187415168,0.9259259259259259,1.0,2.209877744398886e-05,0.0,0.0,0.0003419311212252198,0.0,,0.0028047472437875125,0.0,
no_explicit_geometry__V_+0.0__t0_1.0,no_explicit_geometry,cubic_frustrated,0.0,1.0,14,0.7046889291723938,0.3861453168103283,0.01263744023193357,0.14814814814814814,0.0,0.053582316946719395,0.9259259259259259,1.0,1.4550222826895386e-05,0.0,0.0,0.0002411732721870745,0.0,,0.0021704322052633076,0.0,
no_explicit_geometry__V_+0.0__t0_1.0,no_explicit_geometry,cubic_frustrated,0.0,1.0,15,0.6910652414623021,0.3866024637245595,0.012683764221037553,0.14814814814814814,0.0,0.05357235995171633,0.9259259259259259,1.0,1.0268813600422902e-05,0.0,0.0,0.00018425693102986645,0.0,,0.0016279227191062092,0.0,
no_explicit_geometry__V_+0.0__t0_1.0,no_explicit_geometry,cubic_frustrated,0.0,1.0,16,0.9233047616598458,0.386681191801697,0.01263954357221281,0.14814814814814814,0.0,0.05359674411918763,0.9259259259259259,1.0,1.7979723666015728e-05,0.0,0.0,0.00024215792469627501,0.0,,0.0019694266542808494,0.0,
no_explicit_geometry__V_+0.0__t0_1.0,no_explicit_geometry,cubic_frustrated,0.0,1.0,17,0.771264009431466,0.386671213189897,0.012662495187927163,0.14814814814814814,0.0,0.053605280597090334,0.9259259259259259,1.0,1.5762709256469917e-05,0.0,0.0,0.00023869312498049958,0.0,,0.0019405666468138366,0.0,
no_explicit_geometry__V_+0.0__t0_1.0,no_explicit_geometry,cubic_frustrated,0.0,1.0,18,0.7048733777269552,0.38670818268017626,0.012711856396684599,0.14814814814814814,0.0,0.05359426424007812,0.9259259259259259,1.0,1.02733281503815e-05,0.0,0.0,0.00017039925577784547,0.0,,0.001516006218974836,0.0,
no_explicit_geometry__V_+0.0__t0_1.0,no_explicit_geometry,cubic_frustrated,0.0,1.0,19,1.300386146777698,0.38669405049497385,0.01256990989497409,0.14814814814814814,0.0,0.053658876148480014,0.9259259259259259,1.0,2.6848517245750552e-05,0.0,0.0,0.0003432611159927984,0.0,,0.00258054172151312,0.0,
no_explicit_geometry__V_+0.0__t0_1.0,no_explicit_geometry,cubic_frustrated,0.0,1.0,20,0.7131652826603825,0.3866436032206981,0.012726839992491594,0.14814814814814814,0.0,0.05363850039906696,0.9259259259259259,1.0,1.1498373930255052e-05,0.0,0.0,0.00020275414486488954,0.0,,0.0018335353553065178,0.0,
no_explicit_geometry__V_+0.0__t0_1.0,no_explicit_geometry,cubic_frustrated,0.0,1.0,21,0.7260479518375351,0.3867459088459732,0.0127189524274363,0.14814814814814814,0.0,0.05362236147251043,0.9259259259259259,1.0,1.2448052839983755e-05,0.0,0.0,0.00019865522565582633,0.0,,0.0016611155323393207,0.0,
no_explicit_geometry__V_+0.0__t0_1.0,no_explicit_geometry,cubic_frustrated,0.0,1.0,22,0.6959089131372019,0.38672691756111927,0.012760892183903737,0.14814814814814814,0.0,0.05360646417806068,0.9259259259259259,1.0,6.757563919242252e-06,0.0,0.0,0.00012470153102787677,0.0,,0.0011564203489644685,0.0,
no_explicit_geometry__V_+0.0__t0_1.0,no_explicit_geometry,cubic_frustrated,0.0,1.0,23,0.9402146163077894,0.3867252871398609,0.012722192264593238,0.14814814814814814,0.0,0.053609889258335736,0.9259259259259259,1.0,1.3177172037196325e-05,0.0,0.0,0.0001848320570056863,0.0,,0.0014491328692326098,0.0,
no_explicit_geometry__V_+0.0__t0_1.0,no_explicit_geometry,cubic_frustrated,0.0,1.0,24,0.7412308741150315,0.3866988526408303,0.012752365674205247,0.14814814814814814,0.0,0.05361408954052724,0.9259259259259259,1.0,9.954128491681931e-06,0.0,0.0,0.00015295855872706773,0.0,,0.0012987743085943863,0.0,
no_explicit_geometry__V_+0.0__t0_1.0,no_explicit_geometry,cubic_frustrated,0.0,1.0,25,0.6978439927413727,0.38672017581010093,0.01277835011886773,0.14814814814814814,0.0,0.05361053241206577,0.9259259259259259,1.0,6.2621524420995315e-06,0.0,0.0,0.00011315861552954217,0.0,,0.0009843998120718054,0.0,
no_explicit_geometry__V_+0.0__t0_1.0,no_explicit_geometry,cubic_frustrated,0.0,1.0,26,1.2904185178826773,0.3867113924828736,0.012721163260112816,0.14814814814814814,0.0,0.05363570108188472,0.9259259259259259,1.0,1.648780534324066e-05,0.0,0.0,0.00020890035506620236,0.0,,0.0016071220587711205,0.0,
no_explicit_geometry__V_+0.0__t0_1.0,no_explicit_geometry,cubic_frustrated,0.0,1.0,27,0.7131725856776945,0.38668757514049373,0.012783730738908173,0.14814814814814814,0.0,0.053627908824210264,0.9259259259259259,1.0,7.265744502596511e-06,0.0,0.0,0.00013461863539740334,0.0,,0.0011678971588594662,0.0,
no_explicit_geometry__V_+0.0__t0_1.0,no_explicit_geometry,cubic_frustrated,0.0,1.0,28,0.6850857693713711,0.3867210002622401,0.012796944334734368,0.14814814814814814,0.0,0.053617308459758754,0.9259259259259259,1.0,5.021840172426947e-06,0.0,0.0,9.268228626950015e-05,0.0,,0.0008419391742287967,0.0,
no_explicit_geometry__V_+0.0__t0_1.0,no_explicit_geometry,cubic_frustrated,0.0,1.0,29,0.927611638383356,0.38671075467276683,0.012784755821375846,0.14814814814814814,0.0,0.05362566688308556,0.9259259259259259,1.0,9.305274224079689e-06,0.0,0.0,0.0001319992937136775,0.0,,0.0010320708408280371,0.0,
no_explicit_geometry__V_+0.0__t0_1.0,no_explicit_geometry,cubic_frustrated,0.0,1.0,30,0.7091132464364861,0.38670712312434197,0.012806049986767003,0.14814814814814814,0.0,0.053624530390498554,0.9259259259259259,1.0,5.1165950855319495e-06,0.0,0.0,8.941292547016192e-05,0.0,,0.0007867301723925059,0.0,
no_explicit_geometry__V_+0.0__t0_1.0,no_explicit_geometry,cubic_frustrated,0.0,1.0,31,1.0785546259336725,0.3867100170038512,0.012780794839026978,0.14814814814814814,0.0,0.05363228332046652,0.9259259259259259,1.0,1.1076295228509376e-05,0.0,0.0,0.000148977833265153,0.0,,0.0011349432184274842,0.0,
no_explicit_geometry__V_+0.0__t0_1.0,no_explicit_geometry,cubic_frustrated,0.0,1.0,32,0.7098056658367174,0.386698334762906,0.012815678927411749,0.14814814814814814,0.0,0.05363080155362618,0.9259259259259259,1.0,4.7457483868106225e-06,0.0,0.0,8.858845751866973e-05,0.0,,0.0007960846494104723,0.0,
no_explicit_geometry__V_+0.0__t0_1.0,no_explicit_geometry,cubic_frustrated,0.0,1.0,33,0.7449868274496932,0.38671414062740755,0.012815485569216165,0.14814814814814814,0.0,0.05363109063289493,0.9259259259259259,1.0,5.8981978463976326e-06,0.0,0.0,9.300663707273216e-05,0.0,,0.0007648199721101246,0.0,
no_explicit_geometry__V_+0.0__t0_1.0,no_explicit_geometry,cubic_frustrated,0.0,1.0,34,1.3465314821213419,0.38670066514661433,0.012778399697740904,0.14814814814814814,0.0,0.05365479485571104,0.9259259259259259,1.0,1.4035357899670658e-05,0.0,0.0,0.00017579358885124038,0.0,,0.0013324136923298664,0.0,
no_explicit_geometry__V_+0.0__t0_1.0,no_explicit_geometry,cubic_frustrated,0.0,1.0,35,0.7282514886951321,0.38668887850838757,0.012809647179585085,0.14814814814814814,0.0,0.05365086428288042,0.9259259259259259,1.0,8.23781471676492e-06,0.0,0.0,0.00013655101476056704,0.0,,0.0011327626503742536,0.0,
no_explicit_geometry__V_+0.0__t0_1.0,no_explicit_geometry,cubic_frustrated,0.0,1.0,36,0.6919984554813687,0.38671242477659223,0.012829671745620998,0.14814814814814814,0.0,0.05364439575255621,0.9259259259259259,1.0,4.698448843418115e-06,0.0,0.0,8.805185968402399e-05,0.0,,0.0008002830378561211,0.0,
no_explicit_geometry__V_+0.0__t0_1.0,no_explicit_geometry,cubic_frustrated,0.0,1.0,37,0.6843502217796252,0.38671071985422156,0.012836493702940295,0.14814814814814814,0.0,0.05363923455050879,0.9259259259259259,1.0,3.25298518655544e-06,0.0,0.0,6.392875255330684e-05,0.0,,0.0005691099258579768,0.0,
no_explicit_geometry__V_+0.0__t0_1.0,no_explicit_geometry,cubic_frustrated,0.0,1.0,38,0.6847124000959383,0.3867084297127977,0.012844774953487506,0.14814814814814814,0.0,0.053640600584472405,0.9259259259259259,1.0,2.229725975580683e-06,0.0,0.0,4.391030812526599e-05,0.0,,0.0004016700394619801,0.0,
no_explicit_geometry__V_+0.0__t0_1.0,no_explicit_geometry,cubic_frustrated,0.0,1.0,39,0.6905104643988529,0.38670863279151824,0.01284099240398479,0.14814814814814814,0.0,0.05363600586258074,0.9259259259259259,1.0,1.908259827411964e-06,0.0,0.0,3.5859905550241824e-05,0.0,,0.00031021463628382175,0.0,
no_explicit_geometry__V_+0.0__t0_1.0,no_explicit_geometry,cubic_frustrated,0.0,1.0,40,1.1081918335570162,0.38670243614245065,0.012842974452442287,0.14814814814814814,0.0,0.05364192747430901,0.9259259259259259,1.0,4.270953064790724e-06,0.0,0.0,5.7169361010342084e-05,0.0,,0.00044722805396597257,0.0,
no_explicit_geometry__V_+0.0__t0_1.0,no_explicit_geometry,cubic_frustrated,0.0,1.0,41,1.7521028351765808,0.38669354185521854,0.012815881781501367,0.14814814814814814,0.0,0.053656497230064,0.9259259259259259,1.0,1.0740347981318786e-05,0.0,0.0,0.00013309457210677195,0.0,,0.0009709096363531,0.0,
no_explicit_geometry__V_+0.0__t0_1.0,no_explicit_geometry,cubic_frustrated,0.0,1.0,42,1.088924753509813,0.38668094168520817,0.012789315833007893,0.14814814814814814,0.0,0.05368181509665514,0.9259259259259259,1.0,1.4974185310678582e-05,0.0,0.0,0.0001918618923770348,0.0,,0.0014679843615740054,0.0,
no_explicit_geometry__V_+0.0__t0_1.0,no_explicit_geometry,cubic_frustrated,0.0,1.0,43,0.9137511591622706,0.3866723236404419,0.012773160572321769,0.14814814814814814,0.0,0.05370334983226929,0.9259259259259259,1.0,1.697297748938154e-05,0.0,0.0,0.0002355939118779053,0.0,,0.0018237104656804641,0.0,
no_explicit_geometry__V_+0.0__t0_1.0,no_explicit_geometry,cubic_frustrated,0.0,1.0,44,0.7399609007018528,0.3866730859736332,0.012811762657884454,0.14814814814814814,0.0,0.05370196650064067,0.9259259259259259,1.0,1.270774893961228e-05,0.0,0.0,0.00019474916589373714,0.0,,0.0016430488608069553,0.0,
no_explicit_geometry__V_+0.0__t0_1.0,no_explicit_geometry,cubic_frustrated,0.0,1.0,45,0.7390137317531779,0.38669504961641465,0.01282132380711734,0.14814814814814814,0.0,0.05369719123907144,0.9259259259259259,1.0,1.1713363829580185e-05,0.0,0.0,0.00018525295428786586,0.0,,0.0015240084323068846,0.0,
no_explicit_geometry__V_+0.0__t0_1.0,no_explicit_geometry,cubic_frustrated,0.0,1.0,46,0.71006528540314,0.38670342917099787,0.012841361836181226,0.14814814814814814,0.0,0.053687540905417025,0.9259259259259259,1.0,8.799514897884375e-06,0.0,0.0,0.00014385004997561124,0.0,,0.0012519162702025817,0.0,
no_explicit_geometry__V_+0.0__t0_1.0,no_explicit_geometry,cubic_frustrated,0.0,1.0,47,0.7413691951226693,0.386706228625784,0.012845789145054222,0.14814814814814814,0.0,0.053684194314956406,0.9259259259259259,1.0,9.055239474127315e-06,0.0,0.0,0.0001419981482847575,0.0,,0.0011681915754131024,0.0,
no_explicit_geometry__V_+0.0__t0_1.0,no_explicit_geometry,cubic_frustrated,0.0,1.0,48,0.6980298309032309,0.3867055117680685,0.012864148652166034,0.14814814814814814,0.0,0.05367783477928485,0.9259259259259259,1.0,5.307864283462819e-06,0.0,0.0,9.559608662048263e-05,0.0,,0.0008597386526218619,0.0,
no_explicit_geometry__V_+0.0__t0_1.0,no_explicit_geometry,cubic_frustrated,0.0,1.0,49,1.0776386099322368,0.3867073854476005,0.012839044548141835,0.14814814814814814,0.0,0.05368976262438635,0.9259259259259259,1.0,1.1725951192257041e-05,0.0,0.0,0.00015851795851837592,0.0,,0.001213858361538974,0.0,
no_explicit_geometry__V_+0.0__t0_1.0,no_explicit_geometry,cubic_frustrated,0.0,1.0,50,0.898283114978034,0.3866807428528002,0.012829699499660447,0.14814814814814814,0.0,0.05370554331266642,0.9259259259259259,1.0,1.3374506898791567e-05,0.0,0.0,0.00018308762718445565,0.0,,0.001454988544497354,0.0,
no_explicit_geometry__V_+0.0__t0_1.0,no_explicit_geometry,cubic_frustrated,0.0,1.0,51,0.7613033930081522,0.3866882117447566,0.012844647679963043,0.14814814814814814,0.0,0.05371043143735065,0.9259259259259259,1.0,1.1371080831895437e-05,0.0,0.0,0.00017552499784182334,0.0,,0.0014138020621453189,0.0,
no_explicit_geometry__V_+0.0__t0_1.0,no_explicit_geometry,cubic_frustrated,0.0,1.0,52,0.6992622668279501,0.38671020683346985,0.01287292914089985,0.14814814814814814,0.0,0.053699722253020006,0.9259259259259259,1.0,6.641055396681361e-06,0.0,0.0,0.00011732339477017502,0.0,,0.0010473271324578735,0.0,
no_explicit_geometry__V_+0.0__t0_1.0,no_explicit_geometry,cubic_frustrated,0.0,1.0,53,0.6862885479183606,0.3867209243960371,0.01288535634272229,0.14814814814814814,0.0,0.053690228387935364,0.9259259259259259,1.0,4.182062264516297e-06,0.0,0.0,8.282256038597345e-05,0.0,,0.000737626504081552,0.0,
no_explicit_geometry__V_+0.0__t0_1.0,no_explicit_geometry,cubic_frustrated,0.0,1.0,54,1.977191825724399,0.38669158082029365,0.012796964990548085,0.14814814814814814,0.0,0.05372744405056887,0.9259259259259259,1.0,1.923631989409734e-05,0.0,0.0,0.0002313635121594123,0.0,,0.0017107250709902648,0.0,
no_explicit_geometry__V_+0.0__t0_1.0,no_explicit_geometry,cubic_frustrated,0.0,1.0,55,0.7205198142389022,0.3866514176999226,0.012870013841630045,0.14814814814814814,0.0,0.05371563227233295,0.9259259259259259,1.0,8.770353800511499e-06,0.0,0.0,0.00015472454355015206,0.0,,0.001311380815023804,0.0,
no_explicit_geometry__V_+0.0__t0_1.0,no_explicit_geometry,cubic_frustrated,0.0,1.0,56,0.802732144915776,0.3867097714486448,0.012853664570172943,0.14814814814814814,0.0,0.053716775354530934,0.9259259259259259,1.0,1.143973192794067e-05,0.0,0.0,0.00016702558500170805,0.0,,0.0013714519594143007,0.0,
no_explicit_geometry__V_+0.0__t0_1.0,no_explicit_geometry,cubic_frustrated,0.0,1.0,57,0.8454727415100199,0.3866930204588682,0.012843268258005613,0.14814814814814814,0.0,0.053728019272648614,0.9259259259259259,1.0,1.3717194211696774e-05,0.0,0.0,0.00019808880264051795,0.0,,0.001554719250300652,0.0,
no_explicit_geometry__V_+0.0__t0_1.0,no_explicit_geometry,cubic_frustrated,0.0,1.0,58,0.7032143119339278,0.38669026460321804,0.012886721458280391,0.14814814814814814,0.0,0.05371148009292233,0.9259259259259259,1.0,6.338668498349591e-06,0.0,0.0,0.00011903956696588902,0.0,,0.0010787644257363878,0.0,
no_explicit_geometry__V_+0.0__t0_1.0,no_explicit_geometry,cubic_frustrated,0.0,1.0,59,0.6850865969622467,0.3867074767732906,0.012895035972434693,0.14814814814814814,0.0,0.05370001405004659,0.9259259259259259,1.0,4.86970403906532e-06,0.0,0.0,9.206435598818903e-05,0.0,,0.0008067039797012333,0.0,
no_explicit_geometry__V_+0.0__t0_1.0,no_explicit_geometry,cubic_frustrated,0.0,1.0,60,1.1378451952676092,0.3866986479289512,0.012864827177508304,0.14814814814814814,0.0,0.05371245481940977,0.9259259259259259,1.0,1.176969491927698e-05,0.0,0.0,0.00015405895111431664,0.0,,0.001195560063469044,0.0,
no_explicit_geometry__V_+0.0__t0_1.0,no_explicit_geometry,cubic_frustrated,0.0,1.0,61,0.710845327831497,0.38668976408591677,0.012899316318898908,0.14814814814814814,0.0,0.05370533896074541,0.9259259259259259,1.0,5.069865824535485e-06,0.0,0.0,9.645013186488286e-05,0.0,,0.0008408964293718106,0.0,
no_explicit_geometry__V_+0.0__t0_1.0,no_explicit_geometry,cubic_frustrated,0.0,1.0,62,0.6830210462512808,0.3867078186146966,0.01290538558201215,0.14814814814814814,0.0,0.053699756839638055,0.9259259259259259,1.0,3.376248592306876e-06,0.0,0.0,6.470594076677379e-05,0.0,,0.0005914950453741868,0.0,
no_explicit_geometry__V_+0.0__t0_1.0,no_explicit_geometry,cubic_frustrated,0.0,1.0,63,0.6949512945323222,0.3867057980970804,0.012910100882166951,0.14814814814814814,0.0,0.05369970456326398,0.9259259259259259,1.0,3.058871106438294e-06,0.0,0.0,5.535188742625691e-05,0.0,,0.00047444055291597154,0.0,
no_explicit_geometry__V_+0.0__t0_1.0,no_explicit_geometry,cubic_frustrated,0.0,1.0,64,0.9012200614216848,0.38670177057132427,0.012905551261840597,0.14814814814814814,0.0,0.05370034445013257,0.9259259259259259,1.0,5.12396203345835e-06,0.0,0.0,7.159195625037122e-05,0.0,,0.0005737878928225492,0.0,
no_explicit_geometry__V_+0.0__t0_1.0,no_explicit_geometry,cubic_frustrated,0.0,1.0,65,0.8618101572721353,0.38669891950573776,0.012904195305444798,0.14814814814814814,0.0,0.05370375107002603,0.9259259259259259,1.0,5.824523293488383e-06,0.0,0.0,8.485039778431891e-05,0.0,,0.0006641589049953319,0.0,
no_explicit_geometry__V_+0.0__t0_1.0,no_explicit_geometry,cubic_frustrated,0.0,1.0,66,0.7045237627640636,0.38670035337170916,0.012909205743857934,0.14814814814814814,0.0,0.053699263204495855,0.9259259259259259,1.0,2.9671496157840616e-06,0.0,0.0,5.4611992728837654e-05,0.0,,0.0004862631096343294,0.0,
no_explicit_geometry__V_+0.0__t0_1.0,no_explicit_geometry,cubic_frustrated,0.0,1.0,67,0.6859222709390835,0.386700265831945,0.012916768391643862,0.14814814814814814,0.0,0.05370066141728747,0.9259259259259259,1.0,1.964676918442711e-06,0.0,0.0,3.912322180447273e-05,0.0,,0.0003452743860192081,0.0,
no_explicit_geometry__V_+0.0__t0_1.0,no_explicit_geometry,cubic_frustrated,0.0,1.0,68,0.8578451693838591,0.3867001130447942,0.012918349991435272,0.14814814814814814,0.0,0.05370305522917277,0.9259259259259259,1.0,3.3905728872040886e-06,0.0,0.0,4.8873630716244014e-05,0.0,,0.00039636459294305475,0.0,
no_explicit_geometry__V_+0.0__t0_1.0,no_explicit_geometry,cubic_frustrated,0.0,1.0,69,2.5051204043676125,0.38668599949792437,0.012871434526458033,0.14814814814814814,0.0,0.05372054500257284,0.9259259259259259,1.0,1.363926318436544e-05,0.0,0.0,0.00016326501905523013,0.0,,0.0011597818025717499,0.0,
no_explicit_geometry__V_+0.0__t0_1.0,no_explicit_geometry,cubic_frustrated,0.0,1.0,70,1.0256497365547415,0.3866548086227133,0.012849931573927133,0.14814814814814814,0.0,0.05375027100222341,0.9259259259259259,1.0,1.6442550507132795e-05,0.0,0.0,0.0002138643727134709,0.0,,0.0016479067478281854,0.0,
no_explicit_geometry__V_+0.0__t0_1.0,no_explicit_geometry,cubic_frustrated,0.0,1.0,71,0.7089830941471331,0.3866643768959983,0.012913847361178704,0.14814814814814814,0.0,0.05373829703323109,0.9259259259259259,1.0,6.989462378302269e-06,0.0,0.0,0.0001329526633549746,0.0,,0.001162685851945639,0.0,
no_explicit_geometry__V_+0.0__t0_1.0,no_explicit_geometry,cubic_frustrated,0.0,1.0,72,0.8178628067510625,0.3866988169601697,0.012889825769771004,0.14814814814814814,0.0,0.05373395903765131,0.9259259259259259,1.0,1.0646917218446322e-05,0.0,0.0,0.000152986658808619,0.0,,0.0012504663435313685,0.0,
no_explicit_geometry__V_+0.0__t0_1.0,no_explicit_geometry,cubic_frustrated,0.0,1.0,73,0.9105472204984988,0.38667278948676315,0.012873539152829586,0.14814814814814814,0.0,0.05374806989862069,0.9259259259259259,1.0,1.3822982302338631e-05,0.0,0.0,0.00019524006412987435,0.0,,0.0015157471850062764,0.0,
no_explicit_geometry__V_+0.0__t0_1.0,no_explicit_geometry,cubic_frustrated,0.0,1.0,74,0.7162176772828184,0.3866673931288633,0.012907224359937516,0.14814814814814814,0.0,0.05374053025370753,0.9259259259259259,1.0,8.858467356840213e-06,0.0,0.0,0.00014385133332792742,0.0,,0.0012391948634120466,0.0,
no_explicit_geometry__V_+0.0__t0_1.0,no_explicit_geometry,cubic_frustrated,0.0,1.0,75,0.7203766741207888,0.3866950807888385,0.012913229377287205,0.14814814814814814,0.0,0.05373645928990005,0.9259259259259259,1.0,8.002086988497203e-06,0.0,0.0,0.00013165323378196516,0.0,,0.0010931726057926041,0.0,
no_explicit_geometry__V_+0.0__t0_1.0,no_explicit_geometry,cubic_frustrated,0.0,1.0,76,0.6947252545231779,0.3866963803787636,0.012926327001306134,0.14814814814814814,0.0,0.053725769890447396,0.9259259259259259,1.0,4.720284123584962e-06,0.0,0.0,8.667342250026683e-05,0.0,,0.0007840862359643777,0.0,
no_explicit_geometry__V_+0.0__t0_1.0,no_explicit_geometry,cubic_frustrated,0.0,1.0,77,0.7464872067368069,0.3866966643098669,0.012928357199106674,0.14814814814814814,0.0,0.053726170984571595,0.9259259259259259,1.0,5.716659903707167e-06,0.0,0.0,9.105861809313042e-05,0.0,,0.0007452653413149763,0.0,
no_explicit_geometry__V_+0.0__t0_1.0,no_explicit_geometry,cubic_frustrated,0.0,1.0,78,0.69916272979917,0.3866973575127771,0.0129356294756485,0.14814814814814814,0.0,0.05372388172449705,0.9259259259259259,1.0,3.4145283534562097e-06,0.0,0.0,6.173609965486903e-05,0.0,,0.0005515820032868522,0.0,
no_explicit_geometry__V_+0.0__t0_1.0,no_explicit_geometry,cubic_frustrated,0.0,1.0,79,0.9534154087201158,0.38670350530164704,0.012933276649101745,0.14814814814814814,0.0,0.05373098079703644,0.9259259259259259,1.0,6.55159848412326e-06,0.0,0.0,9.23500052165769e-05,0.0,,0.0007122980278306354,0.0,
no_explicit_geometry__V_+0.0__t0_1.0,no_explicit_geometry,cubic_frustrated,0.0,1.0,80,0.7488119828560408,0.3867054032892303,0.012938166594388604,0.14814814814814814,0.0,0.05373303370413389,0.9259259259259259,1.0,5.190711417050772e-06,0.0,0.0,8.021545852648194e-05,0.0,,0.0006680419697925904,0.0,
no_explicit_geometry__V_+0.0__t0_1.0,no_explicit_geometry,cubic_frustrated,0.0,1.0,81,0.7002375304211905,0.3867021938538374,0.012944885244432594,0.14814814814814814,0.0,0.05373071247681312,0.9259259259259259,1.0,3.2925808543210973e-06,0.0,0.0,6.0444821757107e-05,0.0,,0.0005161762862191128,0.0,
no_explicit_geometry__V_+0.0__t0_1.0,no_explicit_geometry,cubic_frustrated,0.0,1.0,82,0.7925585756027242,0.38670054981043867,0.01294436876536612,0.14814814814814814,0.0,0.05373187035032321,0.9259259259259259,1.0,4.389579658881695e-06,0.0,0.0,6.493928777685044e-05,0.0,,0.0005344129260796952,0.0,
no_explicit_geometry__V_+0.0__t0_1.0,no_explicit_geometry,cubic_frustrated,0.0,1.0,83,1.2144603110642143,0.38669246155845355,0.012928037268275228,0.14814814814814814,0.0,0.05373845288868837,0.9259259259259259,1.0,8.787024759191819e-06,0.0,0.0,0.0001156147710346655,0.0,,0.0008635453434601157,0.0,
no_explicit_geometry__V_+0.0__t0_1.0,no_explicit_geometry,cubic_frustrated,0.0,1.0,84,0.8679872303158572,0.38667587733132236,0.012927325444865431,0.14814814814814814,0.0,0.05374581497633887,0.9259259259259259,1.0,9.150594980451724e-06,0.0,0.0,0.00012721530282161123,0.0,,0.0010117284243227997,0.0,
no_explicit_geometry__V_+0.0__t0_1.0,no_explicit_geometry,cubic_frustrated,0.0,1.0,85,0.8385063307548459,0.38667719731198763,0.012921361493824878,0.14814814814814814,0.0,0.053748749706958296,0.9259259259259259,1.0,9.729216518697736e-06,0.0,0.0,0.00014290767607641846,0.0,,0.0011239187012705727,0.0,
no_explicit_geometry__V_+0.0__t0_1.0,no_explicit_geometry,cubic_frustrated,0.0,1.0,86,0.9376863521621637,0.3866718170840845,0.012900853195782089,0.14814814814814814,0.0,0.053760204398191534,0.9259259259259259,1.0,1.3130864345114196e-05,0.0,0.0,0.00017825485764273928,0.0,,0.0014071960361407459,0.0,
no_explicit_geometry__V_+0.0__t0_1.0,no_explicit_geometry,cubic_frustrated,0.0,1.0,87,0.738714747787529,0.3866680544825618,0.012918978036597323,0.14814814814814814,0.0,0.053757157637045756,0.9259259259259259,1.0,9.79875425363388e-06,0.0,0.0,0.00015652545039098115,0.0,,0.0012773865716107034,0.0,
no_explicit_geometry__V_+0.0__t0_1.0,no_explicit_geometry,cubic_frustrated,0.0,1.0,88,0.7307557266421826,0.3866907847757084,0.012930194340830346,0.14814814814814814,0.0,0.0537559092052284,0.9259259259259259,1.0,8.8304831565036e-06,0.0,0.0,0.00013692764153012943,0.0,,0.0011569563538690875,0.0,
no_explicit_geometry__V_+0.0__t0_1.0,no_explicit_geometry,cubic_frustrated,0.0,1.0,89,0.7653381358553243,0.38669154505461567,0.012927748733445111,0.14814814814814814,0.0,0.05375298466683754,0.9259259259259259,1.0,9.147288799416912e-06,0.0,0.0,0.0001414103801657232,0.0,,0.0011406115205296323,0.0,
no_explicit_geometry__V_+0.0__t0_1.0,no_explicit_geometry,cubic_frustrated,0.0,1.0,90,0.699246315871494,0.38669603674617514,0.012953945124180091,0.14814814814814814,0.0,0.05375149194889692,0.9259259259259259,1.0,5.031008075948861e-06,0.0,0.0,9.226327107687348e-05,0.0,,0.0008268785490617463,0.0,
no_explicit_geometry__V_+0.0__t0_1.0,no_explicit_geometry,cubic_frustrated,0.0,1.0,91,1.9907131504289666,0.3866722411705805,0.012836865981916192,0.14814814814814814,0.0,0.05379527963800907,0.9259259259259259,1.0,2.1799053664601882e-05,0.0,0.0,0.000269071079101089,0.0,,0.0019420257421219756,0.0,
no_explicit_geometry__V_+0.0__t0_1.0,no_explicit_geometry,cubic_frustrated,0.0,1.0,92,0.7711012569697011,0.3866148853540986,0.012885826752987817,0.14814814814814814,0.0,0.05380234526403266,0.9259259259259259,1.0,1.5809478071037267e-05,0.0,0.0,0.00023182780889355564,0.0,,0.0018989518250328865,0.0,
no_explicit_geometry__V_+0.0__t0_1.0,no_explicit_geometry,cubic_frustrated,0.0,1.0,93,0.7563927087702846,0.3866680784197533,0.012887458063924377,0.14814814814814814,0.0,0.053797073631167064,0.9259259259259259,1.0,1.5153334744162364e-05,0.0,0.0,0.00023235202968553353,0.0,,0.0018718525021150468,0.0,
no_explicit_geometry__V_+0.0__t0_1.0,no_explicit_geometry,cubic_frustrated,0.0,1.0,94,0.6983096033379662,0.38667653127548535,0.01293597299543547,0.14814814814814814,0.0,0.05377279948434893,0.9259259259259259,1.0,8.239746953658821e-06,0.0,0.0,0.00014968354531031715,0.0,,0.0013473796063794671,0.0,
no_explicit_geometry__V_+0.0__t0_1.0,no_explicit_geometry,cubic_frustrated,0.0,1.0,95,0.6850405159170434,0.3867099386934009,0.012948139833643665,0.14814814814814814,0.0,0.053755067536718264,0.9259259259259259,1.0,5.592840231135062e-06,0.0,0.0,0.0001085311488980619,0.0,,0.0009595732464840095,0.0,
no_explicit_geometry__V_+0.0__t0_1.0,no_explicit_geometry,cubic_frustrated,0.0,1.0,96,0.6854540811736392,0.3867146661445977,0.012956228920574674,0.14814814814814814,0.0,0.0537478601861944,0.9259259259259259,1.0,4.1242460124532286e-06,0.0,0.0,7.610313422013776e-05,0.0,,0.0006919022174854912,0.0,
no_explicit_geometry__V_+0.0__t0_1.0,no_explicit_geometry,cubic_frustrated,0.0,1.0,97,1.192591524290195,0.3866975178814659,0.012929339495168123,0.14814814814814814,0.0,0.05375308273979038,0.9259259259259259,1.0,1.0533537206161315e-05,0.0,0.0,0.00014063268695088313,0.0,,0.0010623286484878888,0.0,
no_explicit_geometry__V_+0.0__t0_1.0,no_explicit_geometry,cubic_frustrated,0.0,1.0,98,0.713533896906085,0.3866808612175655,0.012957348387320364,0.14814814814814814,0.0,0.05375263017678972,0.9259259259259259,1.0,5.2435987481958876e-06,0.0,0.0,9.163730263802745e-05,0.0,,0.0008033257871576944,0.0,
no_explicit_geometry__V_+0.0__t0_1.0,no_explicit_geometry,cubic_frustrated,0.0,1.0,99,0.6911122232134982,0.3867046737616862,0.012962977854142205,0.14814814814814814,0.0,0.05375048135643232,0.9259259259259259,1.0,3.9169381620762235e-06,0.0,0.0,7.149908046921907e-05,0.0,,0.0006171395519735292,0.0,
no_explicit_geometry__V_+0.0__t0_1.0,no_explicit_geometry,cubic_frustrated,0.0,1.0,100,1.6156275391164194,0.38668865808232783,0.012917827797805502,0.14814814814814814,0.0,0.05376240793287409,0.9259259259259259,1.0,1.3068449471558698e-05,0.0,0.0,0.00016214294332232173,0.0,,0.001212683131468794,0.0,
no_explicit_geometry__V_+0.0__t0_1.0,no_explicit_geometry,cubic_frustrated,0.0,1.0,101,0.7164845873884645,0.38667132531246506,0.012957568775353362,0.14814814814814814,0.0,0.053757406886779276,0.9259259259259259,1.0,5.52299628317847e-06,0.0,0.0,0.00010281828979571225,0.0,,0.0008829154261290477,0.0,
no_explicit_geometry__V_+0.0__t0_1.0,no_explicit_geometry,cubic_frustrated,0.0,1.0,102,0.6884442785681295,0.3867029652450622,0.012961455534513595,0.14814814814814814,0.0,0.053751438836909575,0.9259259259259259,1.0,4.179837348839383e-06,0.0,0.0,7.545984386917649e-05,0.0,,0.0006707928250714896,0.0,
no_explicit_geometry__V_+0.0__t0_1.0,no_explicit_geometry,cubic_frustrated,0.0,1.0,103,1.555365191760409,0.3866860329679055,0.012925708765725463,0.14814814814814814,0.0,0.05377255604183585,0.9259259259259259,1.0,1.3449102457803861e-05,0.0,0.0,0.00017211793740566265,0.0,,0.0012632247819042593,0.0,
no_explicit_geometry__V_+0.0__t0_1.0,no_explicit_geometry,cubic_frustrated,0.0,1.0,104,0.7865195233475366,0.38665949666674443,0.012932767828908825,0.14814814814814814,0.0,0.053772703273603555,0.9259259259259259,1.0,1.0857628680026535e-05,0.0,0.0,0.0001575167910050378,0.0,,0.0012815631166290223,0.0,
no_explicit_geometry__V_+0.0__t0_1.0,no_explicit_geometry,cubic_frustrated,0.0,1.0,105,0.700722560589102,0.3866823119119545,0.012961429207679788,0.14814814814814814,0.0,0.0537657645051028,0.9259259259259259,1.0,6.1266898669070076e-06,0.0,0.0,0.00011220308155164734,0.0,,0.0009613885932464065,0.0,
no_explicit_geometry__V_+0.0__t0_1.0,no_explicit_geometry,cubic_frustrated,0.0,1.0,106,0.6889428244638612,0.3866954613826267,0.012974461361880091,0.14814814814814814,0.0,0.05376310320600731,0.9259259259259259,1.0,4.468754043391603e-06,0.0,0.0,8.003170820334344e-05,0.0,,0.0007164788834703195,0.0,
no_explicit_geometry__V_+0.0__t0_1.0,no_explicit_geometry,cubic_frustrated,0.0,1.0,107,1.4527573157171714,0.38668057739768374,0.012932771794441564,0.14814814814814814,0.0,0.05378434518290821,0.9259259259259259,1.0,1.391191663223532e-05,0.0,0.0,0.00017890152847338777,0.0,,0.0013189060381471785,0.0,
no_explicit_geometry__V_+0.0__t0_1.0,no_explicit_geometry,cubic_frustrated,0.0,1.0,108,0.7223756378436088,0.38666361989500303,0.01296784520651456,0.14814814814814814,0.0,0.05378072511475806,0.9259259259259259,1.0,7.489009166491591e-06,0.0,0.0,0.0001237949596478154,0.0,,0.0010605710550865286,0.0,
no_explicit_geometry__V_+0.0__t0_1.0,no_explicit_geometry,cubic_frustrated,0.0,1.0,109,0.9130861287023538,0.38668893357500544,0.01295189145773656,0.14814814814814814,0.0,0.0537936430036164,0.9259259259259259,1.0,1.1918587396095572e-05,0.0,0.0,0.00016827294066115427,0.0,,0.0013045298167150207,0.0,
no_explicit_geometry__V_+0.0__t0_1.0,no_explicit_geometry,cubic_frustrated,0.0,1.0,110,0.7096468308575498,0.3866849534037101,0.01298252118056705,0.14814814814814814,0.0,0.053789190538268396,0.9259259259259259,1.0,6.710754127913422e-06,0.0,0.0,0.00011537683517563297,0.0,,0.0010069358374628825,0.0,
no_explicit_geometry__V_+0.0__t0_1.0,no_explicit_geometry,cubic_frustrated,0.0,1.0,111,0.6920092761688174,0.38671158797632177,0.012983286850519605,0.14814814814814814,0.0,0.05377771136462794,0.9259259259259259,1.0,4.909485350279754e-06,0.0,0.0,8.955928218832276e-05,0.0,,0.0007712379657910797,0.0,
no_explicit_geometry__V_+0.0__t0_1.0,no_explicit_geometry,cubic_frustrated,0.0,1.0,112,0.7981975639079215,0.38670528325883907,0.0129821158883728,0.14814814814814814,0.0,0.05377803598340728,0.9259259259259259,1.0,6.776032948722005e-06,0.0,0.0,9.861202620885911e-05,0.0,,0.0008089400262431575,0.0,
no_explicit_geometry__V_+0.0__t0_1.0,no_explicit_geometry,cubic_frustrated,0.0,1.0,113,0.7086044225795376,0.38669980324552816,0.012995143308591256,0.14814814814814814,0.0,0.053780426812028125,0.9259259259259259,1.0,4.30065515373932e-06,0.0,0.0,7.576727446110664e-05,0.0,,0.0006435395380997472,0.0,
no_explicit_geometry__V_+0.0__t0_1.0,no_explicit_geometry,cubic_frustrated,0.0,1.0,114,0.8286348865367158,0.3867074724914811,0.012990085071324894,0.14814814814814814,0.0,0.05378130255050719,0.9259259259259259,1.0,6.142239054850264e-06,0.0,0.0,8.773273240721294e-05,0.0,,0.0007111066232191563,0.0,
no_explicit_geometry__V_+0.0__t0_1.0,no_explicit_geometry,cubic_frustrated,0.0,1.0,115,2.4901159735382703,0.3866658785424836,0.012851317876630755,0.14814814814814814,0.0,0.05383774439360829,0.9259259259259259,1.0,2.4480057437585473e-05,0.0,0.0,0.00029299178897253687,0.0,,0.0020774559792363246,0.0,
no_explicit_geometry__V_+0.0__t0_1.0,no_explicit_geometry,cubic_frustrated,0.0,1.0,116,0.7216187964173754,0.3866193028174557,0.012968001328317895,0.14814814814814814,0.0,0.0538115660246435,0.9259259259259259,1.0,8.859080927377717e-06,0.0,0.0,0.00016201989234275303,0.0,,0.0014406726415422957,0.0,
no_explicit_geometry__V_+0.0__t0_1.0,no_explicit_geometry,cubic_frustrated,0.0,1.0,117,0.6850900035696713,0.3867149445780544,0.012980463730801733,0.14814814814814814,0.0,0.05379454222482584,0.9259259259259259,1.0,6.7705194415224714e-06,0.0,0.0,0.00012500226503738243,0.0,,0.001086659172211683,0.0,
no_explicit_geometry__V_+0.0__t0_1.0,no_explicit_geometry,cubic_frustrated,0.0,1.0,118,1.100130080080119,0.38669790448545616,0.01293484835312149,0.14814814814814814,0.0,0.0538143075597806,0.9259259259259259,1.0,1.5358107749593144e-05,0.0,0.0,0.00020151088181014602,0.0,,0.00156883367803324,0.0,
no_explicit_geometry__V_+0.0__t0_1.0,no_explicit_geometry,cubic_frustrated,0.0,1.0,119,0.7102017657848376,0.38666887023639884,0.01298649224345746,0.14814814814814814,0.0,0.05379862640057773,0.9259259259259259,1.0,6.966099458988272e-06,0.0,0.0,0.0001304612032111961,0.0,,0.0011268160969156568,0.0,
no_explicit_geometry__V_+0.0__t0_1.0,no_explicit_geometry,cubic_frustrated,0.0,1.0,120,0.6841092606585554,0.38669720686088727,0.012995533111852723,0.14814814814814814,0.0,0.0537863665872065,0.9259259259259259,1.0,4.513159005227214e-06,0.0,0.0,8.62222177237416e-05,0.0,,0.0007895708437826798,0.0,
no_explicit_geometry__V_+0.0__t0_1.0,no_explicit_geometry,cubic_frustrated,0.0,1.0,121,0.6852545013100559,0.38670688797196584,0.013005520252451636,0.14814814814814814,0.0,0.05378685481016647,0.9259259259259259,1.0,3.366441076450245e-06,0.0,0.0,6.526555275792842e-05,0.0,,0.0005749217825506821,0.0,
no_explicit_geometry__V_+0.0__t0_1.0,no_explicit_geometry,cubic_frustrated,0.0,1.0,122,1.164854548728386,0.38669897032212536,0.012989651741850631,0.14814814814814814,0.0,0.05379283760200107,0.9259259259259259,1.0,8.70729811036078e-06,0.0,0.0,0.00011245830350239599,0.0,,0.0008707328731637818,0.0,
no_explicit_geometry__V_+0.0__t0_1.0,no_explicit_geometry,cubic_frustrated,0.0,1.0,123,1.1354185991507935,0.3866724205400206,0.012962213440975347,0.14814814814814814,0.0,0.05381136954444913,0.9259259259259259,1.0,1.3621184113723154e-05,0.0,0.0,0.0001798382524710571,0.0,,0.0013462342929554973,0.0,
no_explicit_geometry__V_+0.0__t0_1.0,no_explicit_geometry,cubic_frustrated,0.0,1.0,124,0.7110372686250217,0.3866683412541085,0.013002880277221759,0.14814814814814814,0.0,0.05380233715723437,0.9259259259259259,1.0,5.680752940612494e-06,0.0,0.0,0.00010484704039938986,0.0,,0.0009406828997197933,0.0,
no_explicit_geometry__V_+0.0__t0_1.0,no_explicit_geometry,cubic_frustrated,0.0,1.0,125,1.2783634930139898,0.3866837754834048,0.01294675758008414,0.14814814814814814,0.0,0.05382422290166108,0.9259259259259259,1.0,1.577197016388167e-05,0.0,0.0,0.00020660141248425942,0.0,,0.001544370250465333,0.0,
no_explicit_geometry__V_+0.0__t0_1.0,no_explicit_geometry,cubic_frustrated,0.0,1.0,126,0.712871153198367,0.38665860438807814,0.012996230386649637,0.14814814814814814,0.0,0.05380716252535038,0.9259259259259259,1.0,6.6660809260815185e-06,0.0,0.0,0.00012247719287841388,0.0,,0.0010919871474763876,0.0,
no_explicit_geometry__V_+0.0__t0_1.0,no_explicit_geometry,cubic_frustrated,0.0,1.0,127,0.6834875817870226,0.38670629509310706,0.01301047241169078,0.14814814814814814,0.0,0.05379910662518133,0.9259259259259259,1.0,4.381053365989154e-06,0.0,0.0,8.688614573258547e-05,0.0,,0.0007714778261021064,0.0,
no_explicit_geometry__V_+0.0__t0_1.0,no_explicit_geometry,cubic_frustrated,0.0,1.0,128,1.0986540280099972,0.38669812386626434,0.01298397436619923,0.14814814814814814,0.0,0.05380802172165646,0.9259259259259259,1.0,1.081310099202243e-05,0.0,0.0,0.0001428831114764929,0.0,,0.0011127586870044138,0.0,
no_explicit_geometry__V_+0.0__t0_1.0,no_explicit_geometry,cubic_frustrated,0.0,1.0,129,0.7699266663728145,0.3866706034457558,0.01299173668190099,0.14814814814814814,0.0,0.05380523232281508,0.9259259259259259,1.0,8.799638486581556e-06,0.0,0.0,0.00013526726398644664,0.0,,0.00108788467173022,0.0,
no_explicit_geometry__V_+0.0__t0_1.0,no_explicit_geometry,cubic_frustrated,0.0,1.0,130,0.7100169700500428,0.38668230061469505,0.013004259052308823,0.14814814814814814,0.0,0.0538022436246737,0.9259259259259259,1.0,6.160340213083084e-06,0.0,0.0,0.00010317643039862549,0.0,,0.0008907905535021468,0.0,
no_explicit_geometry__V_+0.0__t0_1.0,no_explicit_geometry,cubic_frustrated,0.0,1.0,131,0.6919371271868836,0.3866921570153113,0.01301236760747056,0.14814814814814814,0.0,0.05379583363987034,0.9259259259259259,1.0,3.9219715995791985e-06,0.0,0.0,7.448328003657082e-05,0.0,,0.0006510232447302835,0.0,
no_explicit_geometry__V_+0.0__t0_1.0,no_explicit_geometry,cubic_frustrated,0.0,1.0,132,0.688465781163549,0.386694246313353,0.013012171748402948,0.14814814814814814,0.0,0.053790602892004886,0.9259259259259259,1.0,2.8961514823841352e-06,0.0,0.0,5.412643390685331e-05,0.0,,0.0004853363388593669,0.0,
no_explicit_geometry__V_+0.0__t0_1.0,no_explicit_geometry,cubic_frustrated,0.0,1.0,133,2.488253699032917,0.38667860696461714,0.012953885623393793,0.14814814814814814,0.0,0.053815290398487224,0.9259259259259259,1.0,1.5841097884442993e-05,0.0,0.0,0.0001913129955256151,0.0,,0.0013646481652663564,0.0,
no_explicit_geometry__V_+0.0__t0_1.0,no_explicit_geometry,cubic_frustrated,0.0,1.0,134,0.721104915050882,0.3866588579116008,0.013006444102282038,0.14814814814814814,0.0,0.053807033291628725,0.9259259259259259,1.0,5.968209643105426e-06,0.0,0.0,0.0001095082108586546,0.0,,0.0009669862578035891,0.0,
no_explicit_geometry__V_+0.0__t0_1.0,no_explicit_geometry,cubic_frustrated,0.0,1.0,135,0.7225015313594175,0.3866920843376573,0.013002673324371257,0.14814814814814814,0.0,0.05380108317516543,0.9259259259259259,1.0,6.510976307267032e-06,0.0,0.0,0.00010597640230359264,0.0,,0.000877162714096514,0.0,
no_explicit_geometry__V_+0.0__t0_1.0,no_explicit_geometry,cubic_frustrated,0.0,1.0,136,0.7060590223596359,0.386688494440867,0.013011385868815397,0.14814814814814814,0.0,0.05379820896832679,0.9259259259259259,1.0,4.795017814936683e-06,0.0,0.0,8.110304127944536e-05,0.0,,0.0007064942797145995,0.0,
no_explicit_geometry__V_+0.0__t0_1.0,no_explicit_geometry,cubic_frustrated,0.0,1.0,137,0.7262260009371019,0.386695266879235,0.013014125311687089,0.14814814814814814,0.0,0.05379785541269064,0.9259259259259259,1.0,4.691099970015187e-06,0.0,0.0,7.67035533841333e-05,0.0,,0.0006349273891397329,0.0,
no_explicit_geometry__V_+0.0__t0_1.0,no_explicit_geometry,cubic_frustrated,0.0,1.0,138,0.9245616572922615,0.3866919208789578,0.013009205686727851,0.14814814814814814,0.0,0.05380524267054236,0.9259259259259259,1.0,7.231016233854662e-06,0.0,0.0,9.953537501053576e-05,0.0,,0.0007894702996234459,0.0,
no_explicit_geometry__V_+0.0__t0_1.0,no_explicit_geometry,cubic_frustrated,0.0,1.0,139,0.7101468573858009,0.38668269119250104,0.013018665108067833,0.14814814814814814,0.0,0.05379930615982834,0.9259259259259259,1.0,4.0689906656453585e-06,0.0,0.0,7.231066392443637e-05,0.0,,0.000615060362413862,0.0,
no_explicit_geometry__V_+0.0__t0_1.0,no_explicit_geometry,cubic_frustrated,0.0,1.0,140,0.7064803573174999,0.3866857460185354,0.013018892265085428,0.14814814814814814,0.0,0.05379665717934102,0.9259259259259259,1.0,3.513233769352406e-06,0.0,0.0,5.938263197915405e-05,0.0,,0.0005142162547232441,0.0,
no_explicit_geometry__V_+0.0__t0_1.0,no_explicit_geometry,cubic_frustrated,0.0,1.0,141,1.5837828803235567,0.3866802742378556,0.012986765153594135,0.14814814814814814,0.0,0.05380498065559168,0.9259259259259259,1.0,1.0937652905838232e-05,0.0,0.0,0.00013821386523313548,0.0,,0.0010164694727406941,0.0,
no_explicit_geometry__V_+0.0__t0_1.0,no_explicit_geometry,cubic_frustrated,0.0,1.0,142,1.0795829610629797,0.3866582842075782,0.012950701457778425,0.14814814814814814,0.0,0.05382284517409886,0.9259259259259259,1.0,1.5123083119183027e-05,0.0,0.0,0.00019571020191443532,0.0,,0.0015026283168278164,0.0,
no_explicit_geometry__V_+0.0__t0_1.0,no_explicit_geometry,cubic_frustrated,0.0,1.0,143,0.7099725950403708,0.3866620145455682,0.01300170205863235,0.14814814814814814,0.0,0.05380937313665252,0.9259259259259259,1.0,6.313151462798475e-06,0.0,0.0,0.0001210128804857342,0.0,,0.0010574261672255977,0.0,
no_explicit_geometry__V_+0.0__t0_1.0,no_explicit_geometry,cubic_frustrated,0.0,1.0,144,1.6075464501496928,0.3866642811874519,0.012893633004035222,0.14814814814814814,0.0,0.053854486364965024,0.9259259259259259,1.0,2.1833463963290017e-05,0.0,0.0,0.0002696961104331253,0.0,,0.0020267613430024517,0.0,
no_explicit_geometry__V_+0.0__t0_1.0,no_explicit_geometry,cubic_frustrated,0.0,1.0,145,0.7167824127604929,0.38662097968396436,0.012995458697838969,0.14814814814814814,0.0,0.053831515120214744,0.9259259259259259,1.0,8.335265865526628e-06,0.0,0.0,0.0001613573639491473,0.0,,0.0014045300443909022,0.0,
no_explicit_geometry__V_+0.0__t0_1.0,no_explicit_geometry,cubic_frustrated,0.0,1.0,146,0.8872409617028558,0.3866903989564034,0.012951641366618206,0.14814814814814814,0.0,0.05383407511263161,0.9259259259259259,1.0,1.461482927331133e-05,0.0,0.0,0.00020419489040190218,0.0,,0.0016416073289017429,0.0,
no_explicit_geometry__V_+0.0__t0_1.0,no_explicit_geometry,cubic_frustrated,0.0,1.0,147,0.7817419338369882,0.38665578473997875,0.012957174846926415,0.14814814814814814,0.0,0.0538382508646066,0.9259259259259259,1.0,1.4106280014372781e-05,0.0,0.0,0.0002115519811771896,0.0,,0.0016839090913785926,0.0,
no_explicit_geometry__V_+0.0__t0_1.0,no_explicit_geometry,cubic_frustrated,0.0,1.0,148,0.9931635917586595,0.38664590321329456,0.012882018577064544,0.14814814814814814,0.0,0.05387311953951325,0.9259259259259259,1.0,2.200583906318036e-05,0.0,0.0,0.00029104768312914473,0.0,,0.0022758994956544637,0.0,
no_explicit_geometry__V_+0.0__t0_1.0,no_explicit_geometry,cubic_frustrated,0.0,1.0,149,0.7086212638470434,0.3866287473039948,0.012982035506170542,0.14814814814814814,0.0,0.053846998069930596,0.9259259259259259,1.0,1.0542074990999379e-05,0.0,0.0,0.00019429173751608979,0.0,,0.0016728699507459377,0.0,
no_explicit_geometry__V_+0.0__t0_1.0,no_explicit_geometry,cubic_frustrated,0.0,1.0,150,0.6855021063047817,0.38671474222982727,0.013004751337070769,0.14814814814814814,0.0,0.05382378613334312,0.9259259259259259,1.0,7.140093304228413e-06,0.0,0.0,0.00013128213241999758,0.0,,0.001193835682367672,0.0,
no_explicit_geometry__V_+0.0__t0_1.0,no_explicit_geometry,cubic_frustrated,0.0,1.0,151,0.8036663110941883,0.38669975665851913,0.012986897467358734,0.14814814814814814,0.0,0.05381863907983326,0.9259259259259259,1.0,1.059597456454997e-05,0.0,0.0,0.0001583633211037728,0.0,,0.0012653788054554956,0.0,
no_explicit_geometry__V_+0.0__t0_1.0,no_explicit_geometry,cubic_frustrated,0.0,1.0,152,0.7840665122492653,0.38667507313840904,0.012984929742952386,0.14814814814814814,0.0,0.05381773224540576,0.9259259259259259,1.0,1.0489579581939785e-05,0.0,0.0,0.00015439365825981684,0.0,,0.0012736739399312595,0.0,
no_explicit_geometry__V_+0.0__t0_1.0,no_explicit_geometry,cubic_frustrated,0.0,1.0,153,0.7008325000135512,0.38668057331050604,0.01300771304952064,0.14814814814814814,0.0,0.05380670478562681,0.9259259259259259,1.0,5.8829758788826475e-06,0.0,0.0,0.00010936845299522667,0.0,,0.0009449143338410056,0.0,
no_explicit_geometry__V_+0.0__t0_1.0,no_explicit_geometry,cubic_frustrated,0.0,1.0,154,0.6901026576636362,0.3866946599474766,0.013013676411432367,0.14814814814814814,0.0,0.053799765014208106,0.9259259259259259,1.0,4.475242013270491e-06,0.0,0.0,7.95257923115806e-05,0.0,,0.0007125107948772109,0.0,
no_explicit_geometry__V_+0.0__t0_1.0,no_explicit_geometry,cubic_frustrated,0.0,1.0,155,1.0935356958335367,0.386692267431906,0.012997656310975117,0.14814814814814814,0.0,0.05381174249261091,0.9259259259259259,1.0,1.0154450047672867e-05,0.0,0.0,0.0001366905384813553,0.0,,0.0010370212736041705,0.0,
no_explicit_geometry__V_+0.0__t0_1.0,no_explicit_geometry,cubic_frustrated,0.0,1.0,156,0.724370763585242,0.3866774936037387,0.01301407447891096,0.14814814814814814,0.0,0.053809172558216656,0.9259259259259259,1.0,6.340997427259472e-06,0.0,0.0,0.00010184410561358177,0.0,,0.0008697510527019274,0.0,
no_explicit_geometry__V_+0.0__t0_1.0,no_explicit_geometry,cubic_frustrated,0.0,1.0,157,0.863994508590534,0.38668693510596014,0.01300457151125089,0.14814814814814814,0.0,0.05381437040020407,0.9259259259259259,1.0,8.955126276928797e-06,0.0,0.0,0.0001292908326905051,0.0,,0.0010132020845250494,0.0,
no_explicit_geometry__V_+0.0__t0_1.0,no_explicit_geometry,cubic_frustrated,0.0,1.0,158,0.9851014737009973,0.38667711475963873,0.012980899820673065,0.14814814814814814,0.0,0.05382836506831089,0.9259259259259259,1.0,1.291888663712265e-05,0.0,0.0,0.0001719073953826137,0.0,,0.0013447583998796716,0.0,
no_explicit_geometry__V_+0.0__t0_1.0,no_explicit_geometry,cubic_frustrated,0.0,1.0,159,0.7421771292616799,0.386667072575627,0.013001612475283043,0.14814814814814814,0.0,0.05382652081161003,0.9259259259259259,1.0,9.501591411072751e-06,0.0,0.0,0.00015106480001495312,0.0,,0.0012307226357858726,0.0,
no_explicit_geometry__V_+0.0__t0_1.0,no_explicit_geometry,cubic_frustrated,0.0,1.0,160,0.8895632373320901,0.3866738589817244,0.012976576955009101,0.14814814814814814,0.0,0.05383497154569253,0.9259259259259259,1.0,1.3382553249358017e-05,0.0,0.0,0.00018444194015582359,0.0,,0.001471661065737491,0.0,
no_explicit_geometry__V_+0.0__t0_1.0,no_explicit_geometry,cubic_frustrated,0.0,1.0,161,0.7050458650906919,0.3866707706969266,0.01301679623750667,0.14814814814814814,0.0,0.053822144465026915,0.9259259259259259,1.0,6.388453689932258e-06,0.0,0.0,0.00012120461286621207,0.0,,0.0010529611226190196,0.0,
no_explicit_geometry__V_+0.0__t0_1.0,no_explicit_geometry,cubic_frustrated,0.0,1.0,162,0.6897816455913707,0.38669870435293624,0.013018742649944678,0.14814814814814814,0.0,0.05381035126773041,0.9259259259259259,1.0,5.243656019223939e-06,0.0,0.0,9.125899801584202e-05,0.0,,0.0008115555719177624,0.0,
no_explicit_geometry__V_+0.0__t0_1.0,no_explicit_geometry,cubic_frustrated,0.0,1.0,163,0.6926150730695853,0.38669601335339254,0.013021862504821392,0.14814814814814814,0.0,0.05380397996007711,0.9259259259259259,1.0,3.821313541257026e-06,0.0,0.0,7.126040353609932e-05,0.0,,0.0006153774051847212,0.0,
no_explicit_geometry__V_+0.0__t0_1.0,no_explicit_geometry,cubic_frustrated,0.0,1.0,164,0.8173811151571115,0.38669821577891456,0.013017946043585419,0.14814814814814814,0.0,0.05380411748302236,0.9259259259259259,1.0,5.6730519645360725e-06,0.0,0.0,8.213288995216032e-05,0.0,,0.000668354867715664,0.0,
no_explicit_geometry__V_+0.0__t0_1.0,no_explicit_geometry,cubic_frustrated,0.0,1.0,165,0.8282472642669296,0.38669763713573907,0.013016978107697722,0.14814814814814814,0.0,0.053807313663106905,0.9259259259259259,1.0,6.376075224690532e-06,0.0,0.0,9.3945962475882e-05,0.0,,0.0007391650088845825,0.0,
no_explicit_geometry__V_+0.0__t0_1.0,no_explicit_geometry,cubic_frustrated,0.0,1.0,166,0.9089654961763085,0.3866945689499441,0.013008908492977877,0.14814814814814814,0.0,0.0538121204468586,0.9259259259259259,1.0,8.470958498587397e-06,0.0,0.0,0.00011539677706952336,0.0,,0.0009115936716111982,0.0,
no_explicit_geometry__V_+0.0__t0_1.0,no_explicit_geometry,cubic_frustrated,0.0,1.0,167,0.7060679728253917,0.3866919354911322,0.013027913016984905,0.14814814814814814,0.0,0.053810915963643687,0.9259259259259259,1.0,4.165080228696177e-06,0.0,0.0,7.747770804012408e-05,0.0,,0.0006687169548917299,0.0,
no_explicit_geometry__V_+0.0__t0_1.0,no_explicit_geometry,cubic_frustrated,0.0,1.0,168,1.2958069905979162,0.38668449546301137,0.012994365160854053,0.14814814814814814,0.0,0.0538183283967635,0.9259259259259259,1.0,1.1461452998057523e-05,0.0,0.0,0.00014674411959892902,0.0,,0.00111981369242677,0.0,
no_explicit_geometry__V_+0.0__t0_1.0,no_explicit_geometry,cubic_frustrated,0.0,1.0,169,0.7131201864809332,0.38667032604622326,0.013020707723124851,0.14814814814814814,0.0,0.053811038461927835,0.9259259259259259,1.0,4.900875587075512e-06,0.0,0.0,9.267767822047304e-05,0.0,,0.0008022981460138271,0.0,
no_explicit_geometry__V_+0.0__t0_1.0,no_explicit_geometry,cubic_frustrated,0.0,1.0,170,0.6893994722689273,0.3866983808697136,0.013026652674865125,0.14814814814814814,0.0,0.05380773758937776,0.9259259259259259,1.0,3.938077222229316e-06,0.0,0.0,6.962702908520566e-05,0.0,,0.0006185008154612248,0.0,
no_explicit_geometry__V_+0.0__t0_1.0,no_explicit_geometry,cubic_frustrated,0.0,1.0,171,1.1564587130684856,0.38669348309593055,0.013006851668742261,0.14814814814814814,0.0,0.05381428800162052,0.9259259259259259,1.0,9.274158232593001e-06,0.0,0.0,0.0001236661744056771,0.0,,0.000934324926278114,0.0,
no_explicit_geometry__V_+0.0__t0_1.0,no_explicit_geometry,cubic_frustrated,0.0,1.0,172,0.7470727789299776,0.38667626688775497,0.013016298685379218,0.14814814814814814,0.0,0.0538119951482538,0.9259259259259259,1.0,6.592204977507843e-06,0.0,0.0,0.00010232100989684272,0.0,,0.0008544738409506081,0.0,
no_explicit_geometry__V_+0.0__t0_1.0,no_explicit_geometry,cubic_frustrated,0.0,1.0,173,0.7685022417945064,0.38668243996829005,0.0130172928256401,0.14814814814814814,0.0,0.05381416023034332,0.9259259259259259,1.0,6.942638253664192e-06,0.0,0.0,0.00010698346316119434,0.0,,0.0008600737936273643,0.0,
no_explicit_geometry__V_+0.0__t0_1.0,no_explicit_geometry,cubic_frustrated,0.0,1.0,174,1.6000543886936607,0.3866627453162956,0.01293667217733599,0.14814814814814814,0.0,0.053846903887082784,0.9259259259259259,1.0,1.9052545663842923e-05,0.0,0.0,0.00023243532824468774,0.0,,0.0017341969907184213,0.0,
no_explicit_geometry__V_+0.0__t0_1.0,no_explicit_geometry,cubic_frustrated,0.0,1.0,175,0.8063832472852226,0.3866256775430631,0.012960102937697903,0.14814814814814814,0.0,0.05385932642073665,0.9259259259259259,1.0,1.5568351141262647e-05,0.0,0.0,0.00023055823123240788,0.0,,0.0018184664576012754,0.0,
no_explicit_geometry__V_+0.0__t0_1.0,no_explicit_geometry,cubic_frustrated,0.0,1.0,176,0.7157147878067406,0.3866608797673254,0.012993569490973233,0.14814814814814814,0.0,0.053846312832662474,0.9259259259259259,1.0,1.0943833970268974e-05,0.0,0.0,0.0001768810053843039,0.0,,0.001518870715394657,0.0,
no_explicit_geometry__V_+0.0__t0_1.0,no_explicit_geometry,cubic_frustrated,0.0,1.0,177,0.6922942365826497,0.38668782832935295,0.013020240071173833,0.14814814814814814,0.0,0.05382870361640313,0.9259259259259259,1.0,6.547935116658082e-06,0.0,0.0,0.00012470706255460713,0.0,,0.0010940571938714422,0.0,
no_explicit_geometry__V_+0.0__t0_1.0,no_explicit_geometry,cubic_frustrated,0.0,1.0,178,0.6948344150388029,0.3866972755000299,0.01302171312416635,0.14814814814814814,0.0,0.05381772650718518,0.9259259259259259,1.0,5.698441661049477e-06,0.0,0.0,9.772495107371825e-05,0.0,,0.0008639957660655513,0.0,
no_explicit_geometry__V_+0.0__t0_1.0,no_explicit_geometry,cubic_frustrated,0.0,1.0,179,0.6968354070016569,0.3866961817135577,0.013029681995083513,0.14814814814814814,0.0,0.053814062340975244,0.9259259259259259,1.0,4.34808460832266e-06,0.0,0.0,7.893696448742508e-05,0.0,,0.0006757885519974908,0.0,
no_explicit_geometry__V_+0.0__t0_1.0,no_explicit_geometry,cubic_frustrated,0.0,1.0,180,0.689748156738651,0.3866966866649604,0.013033995784369453,0.14814814814814814,0.0,0.05380976252085916,0.9259259259259259,1.0,2.8495122803059446e-06,0.0,0.0,5.3570535823610766e-05,0.0,,0.0004858710764764607,0.0,
no_explicit_geometry__V_+0.0__t0_1.0,no_explicit_geometry,cubic_frustrated,0.0,1.0,181,2.3213046906235264,0.38667880334895244,0.01297518524210441,0.14814814814814814,0.0,0.053828998364723504,0.9259259259259259,1.0,1.4515894580073066e-05,0.0,0.0,0.00017740706626515076,0.0,,0.0012721905117528169,0.0,
no_explicit_geometry__V_+0.0__t0_1.0,no_explicit_geometry,cubic_frustrated,0.0,1.0,182,0.8764351283161514,0.3866511288008763,0.012983663638161705,0.14814814814814814,0.0,0.05384480119747648,0.9259259259259259,1.0,1.3636883828006041e-05,0.0,0.0,0.00018781979850962294,0.0,,0.0014865081799828475,0.0,
no_explicit_geometry__V_+0.0__t0_1.0,no_explicit_geometry,cubic_frustrated,0.0,1.0,183,0.734046253320217,0.38666791715722737,0.013001441290319724,0.14814814814814814,0.0,0.05383760018358165,0.9259259259259259,1.0,1.021138177130595e-05,0.0,0.0,0.00016395953792449375,0.0,,0.0013425763688802354,0.0,
no_explicit_geometry__V_+0.0__t0_1.0,no_explicit_geometry,cubic_frustrated,0.0,1.0,184,0.6984017222667712,0.38668766058615683,0.013021706087351679,0.14814814814814814,0.0,0.053826769087732616,0.9259259259259259,1.0,6.657242462928898e-06,0.0,0.0,0.00011585813541243784,0.0,,0.0010226451724077987,0.0,
no_explicit_geometry__V_+0.0__t0_1.0,no_explicit_geometry,cubic_frustrated,0.0,1.0,185,0.6880055637949757,0.38669461930835186,0.013030594654182262,0.14814814814814814,0.0,0.053815526359033534,0.9259259259259259,1.0,4.132215463038558e-06,0.0,0.0,8.143067055853109e-05,0.0,,0.0007214957946475474,0.0,
no_explicit_geometry__V_+0.0__t0_1.0,no_explicit_geometry,cubic_frustrated,0.0,1.0,186,0.8412802150291405,0.38669885457915554,0.013024848065138333,0.14814814814814814,0.0,0.053819683241647445,0.9259259259259259,1.0,6.7518169995884006e-06,0.0,0.0,9.81502044367851e-05,0.0,,0.0007966746012803636,0.0,
no_explicit_geometry__V_+0.0__t0_1.0,no_explicit_geometry,cubic_frustrated,0.0,1.0,187,0.7058181148170646,0.38669119839219473,0.013032128349624134,0.14814814814814814,0.0,0.053813515856575046,0.9259259259259259,1.0,3.9537752233846315e-06,0.0,0.0,7.114398262553711e-05,0.0,,0.0006081990562583951,0.0,
no_explicit_geometry__V_+0.0__t0_1.0,no_explicit_geometry,cubic_frustrated,0.0,1.0,188,0.9482831684534708,0.38669189429176387,0.013023849565770252,0.14814814814814814,0.0,0.05381688138898357,0.9259259259259259,1.0,7.062029820320117e-06,0.0,0.0,9.729296026330632e-05,0.0,,0.000771497916200759,0.0,
no_explicit_geometry__V_+0.0__t0_1.0,no_explicit_geometry,cubic_frustrated,0.0,1.0,189,1.7868502904117767,0.3866625689570626,0.012943490134881898,0.14814814814814814,0.0,0.05385388344353306,0.9259259259259259,1.0,1.9505969770997135e-05,0.0,0.0,0.00023937735684733037,0.0,,0.001723901513941127,0.0,
no_explicit_geometry__V_+0.0__t0_1.0,no_explicit_geometry,cubic_frustrated,0.0,1.0,190,0.7277247131735723,0.38663746002593835,0.0130037668422007,0.14814814814814814,0.0,0.053847497660397946,0.9259259259259259,1.0,1.0443009544215319e-05,0.0,0.0,0.0001677783719162144,0.0,,0.0014250755962949392,0.0,
no_explicit_geometry__V_+0.0__t0_1.0,no_explicit_geometry,cubic_frustrated,0.0,1.0,191,0.691931148863281,0.38669445386170787,0.013020691003994524,0.14814814814814814,0.0,0.053828490325286145,0.9259259259259259,1.0,6.50872637362323e-06,0.0,0.0,0.00012136975145466085,0.0,,0.0010510430283059101,0.0,
no_explicit_geometry__V_+0.0__t0_1.0,no_explicit_geometry,cubic_frustrated,0.0,1.0,192,0.9977020520221804,0.3866805829404472,0.012990657534372002,0.14814814814814814,0.0,0.053839167106643285,0.9259259259259259,1.0,1.2983441114950037e-05,0.0,0.0,0.0001750570080645895,0.0,,0.0013782071128365925,0.0,
no_explicit_geometry__V_+0.0__t0_1.0,no_explicit_geometry,cubic_frustrated,0.0,1.0,193,0.7196009893282852,0.38666226682072224,0.013020595233342012,0.14814814814814814,0.0,0.05383659612067863,0.9259259259259259,1.0,8.159221211934485e-06,0.0,0.0,0.00013752647722823947,0.0,,0.0011449787992861332,0.0,
no_explicit_geometry__V_+0.0__t0_1.0,no_explicit_geometry,cubic_frustrated,0.0,1.0,194,0.9228583278292289,0.38668058802985295,0.012992285755015119,0.14814814814814814,0.0,0.05384676576104281,0.9259259259259259,1.0,1.3171945464332972e-05,0.0,0.0,0.00017950446542284011,0.0,,0.001423309019331119,0.0,
no_explicit_geometry__V_+0.0__t0_1.0,no_explicit_geometry,cubic_frustrated,0.0,1.0,195,0.7193417106503867,0.3866717205143203,0.013021016675098165,0.14814814814814814,0.0,0.053840270850056875,0.9259259259259259,1.0,8.436015490665354e-06,0.0,0.0,0.0001429876484337688,0.0,,0.001188916707520365,0.0,
no_explicit_geometry__V_+0.0__t0_1.0,no_explicit_geometry,cubic_frustrated,0.0,1.0,196,0.6923273377919149,0.3866969207425251,0.0130361432899141,0.14814814814814814,0.0,0.05383051379689866,0.9259259259259259,1.0,5.2617584327229114e-06,0.0,0.0,9.60239315524342e-05,0.0,,0.0008635851074610323,0.0,
no_explicit_geometry__V_+0.0__t0_1.0,no_explicit_geometry,cubic_frustrated,0.0,1.0,197,0.8625283025681922,0.3866937839929918,0.013017594019007513,0.14814814814814814,0.0,0.05382757808680092,0.9259259259259259,1.0,8.81443144394433e-06,0.0,0.0,0.0001278859611636683,0.0,,0.0010041318737514422,0.0,
no_explicit_geometry__V_+0.0__t0_1.0,no_explicit_geometry,cubic_frustrated,0.0,1.0,198,0.703890972214524,0.3866765869633418,0.013033352570541163,0.14814814814814814,0.0,0.05381737158860725,0.9259259259259259,1.0,4.115569067178134e-06,0.0,0.0,7.789360579517221e-05,0.0,,0.0007021894164643621,0.0,
no_explicit_geometry__V_+0.0__t0_1.0,no_explicit_geometry,cubic_frustrated,0.0,1.0,199,0.7020729926457666,0.38668185477640543,0.013031271332678755,0.14814814814814814,0.0,0.05381143112462481,0.9259259259259259,1.0,4.04255141641503e-06,0.0,0.0,6.986203796440604e-05,0.0,,0.000585913904597597,0.0,
no_explicit_geometry__V_+0.0__t0_1.0,no_explicit_geometry,cubic_frustrated,0.0,1.0,200,1.6750002337020342,0.3866659743248018,0.012999015540483641,0.14814814814814814,0.0,0.053832245809136384,0.9259259259259259,1.0,1.293299975371317e-05,0.0,0.0,0.0001596371371783875,0.0,,0.0011879300923601929,0.0,
no_explicit_geometry__V_+0.0__t0_1.0,no_explicit_geometry,cubic_frustrated,0.0,1.0,201,0.7350056380339174,0.3866591159180001,0.013025660771110696,0.14814814814814814,0.0,0.053833259564907414,0.9259259259259259,1.0,7.727560913912301e-06,0.0,0.0,0.00012578142772130162,0.0,,0.001029669436799894,0.0,
no_explicit_geometry__V_+0.0__t0_1.0,no_explicit_geometry,cubic_frustrated,0.0,1.0,202,0.7024569730530058,0.38668648258218596,0.013030468672603409,0.14814814814814814,0.0,0.05382364231193843,0.9259259259259259,1.0,5.6723011646130675e-06,0.0,0.0,9.524958433107013e-05,0.0,,0.0008282896544728501,0.0,
no_explicit_geometry__V_+0.0__t0_1.0,no_explicit_geometry,cubic_frustrated,0.0,1.0,203,0.6909978168264731,0.3866890998078409,0.013038973080907425,0.14814814814814814,0.0,0.05381970086095748,0.9259259259259259,1.0,3.5392761225370267e-06,0.0,0.0,6.886568804853342e-05,0.0,,0.0006020904947321926,0.0,
no_explicit_geometry__V_+0.0__t0_1.0,no_explicit_geometry,cubic_frustrated,0.0,1.0,204,0.6856398056299986,0.3866920444087026,0.013043089151025058,0.14814814814814814,0.0,0.053816441274323015,0.9259259259259259,1.0,2.4369201225476287e-06,0.0,0.0,4.6925152511023594e-05,0.0,,0.0004273112675669498,0.0,
no_explicit_geometry__V_+0.0__t0_1.0,no_explicit_geometry,cubic_frustrated,0.0,1.0,205,0.6895745040191906,0.3866890791252781,0.013039188708338522,0.14814814814814814,0.0,0.05381080698963733,0.9259259259259259,1.0,1.9613971332797403e-06,0.0,0.0,3.775008130595418e-05,0.0,,0.0003257192490564383,0.0,
no_explicit_geometry__V_+0.0__t0_1.0,no_explicit_geometry,cubic_frustrated,0.0,1.0,206,1.1464712124399987,0.38668128840269606,0.013031587836084898,0.14814814814814814,0.0,0.05380964621520884,0.9259259259259259,1.0,4.78600423820133e-06,0.0,0.0,6.340801432402833e-05,0.0,,0.0004907239790676243,0.0,
no_explicit_geometry__V_+0.0__t0_1.0,no_explicit_geometry,cubic_frustrated,0.0,1.0,207,0.7266960641033636,0.38668501471181843,0.013033398338001817,0.14814814814814814,0.0,0.05380910802615905,0.9259259259259259,1.0,2.929559030917834e-06,0.0,0.0,5.052626332998701e-05,0.0,,0.00041869640115263274,0.0,
no_explicit_geometry__V_+0.0__t0_1.0,no_explicit_geometry,cubic_frustrated,0.0,1.0,208,0.9010146880623519,0.38668825954864106,0.01302642177701553,0.14814814814814814,0.0,0.053805538964312415,0.9259259259259259,1.0,4.480623891356244e-06,0.0,0.0,6.351008770539741e-05,0.0,,0.000506326576231891,0.0,
no_explicit_geometry__V_+0.0__t0_1.0,no_explicit_geometry,cubic_frustrated,0.0,1.0,209,2.3095603888684413,0.3866714814517772,0.012958572507346966,0.14814814814814814,0.0,0.053830457900516215,0.9259259259259259,1.0,1.6219188478823117e-05,0.0,0.0,0.0001947168843517483,0.0,,0.0013930770946121518,0.0,
no_explicit_geometry__V_+0.0__t0_1.0,no_explicit_geometry,cubic_frustrated,0.0,1.0,210,1.2326312889927795,0.3866153642211433,0.012871777787419318,0.14814814814814814,0.0,0.05388449082462201,0.9259259259259259,1.0,2.4201372307282227e-05,0.0,0.0,0.0003050203550593427,0.0,,0.0022987436958057197,0.0,
no_explicit_geometry__V_+0.0__t0_1.0,no_explicit_geometry,cubic_frustrated,0.0,1.0,211,0.7132251305324864,0.38660925326795054,0.012993782775346102,0.14814814814814814,0.0,0.05385102257626136,0.9259259259259259,1.0,9.524571912044734e-06,0.0,0.0,0.0001839033980135434,0.0,,0.0015982357961402964,0.0,
no_explicit_geometry__V_+0.0__t0_1.0,no_explicit_geometry,cubic_frustrated,0.0,1.0,212,0.7086908262823555,0.3867037178205595,0.012990583728790785,0.14814814814814814,0.0,0.05383310092056522,0.9259259259259259,1.0,9.971807943714866e-06,0.0,0.0,0.00016077803537337498,0.0,,0.0013805705544279393,0.0,
no_explicit_geometry__V_+0.0__t0_1.0,no_explicit_geometry,cubic_frustrated,0.0,1.0,213,0.6937658171569251,0.3866879280411652,0.013017500669324087,0.14814814814814814,0.0,0.05381810197868267,0.9259259259259259,1.0,5.619135529185849e-06,0.0,0.0,0.00010944232635851064,0.0,,0.0009687870276380487,0.0,
no_explicit_geometry__V_+0.0__t0_1.0,no_explicit_geometry,cubic_frustrated,0.0,1.0,214,1.0135406667024174,0.38668766137895394,0.012986906823946655,0.14814814814814814,0.0,0.05382658734114152,0.9259259259259259,1.0,1.2127323145368729e-05,0.0,0.0,0.00016325061042978808,0.0,,0.0012858505150019895,0.0,
no_explicit_geometry__V_+0.0__t0_1.0,no_explicit_geometry,cubic_frustrated,0.0,1.0,215,1.0708205748603374,0.38664453027130286,0.012938104011970925,0.14814814814814814,0.0,0.05385294331284475,0.9259259259259259,1.0,1.8094511538217814e-05,0.0,0.0,0.0002436839415431492,0.0,,0.0018357441386620636,0.0,
no_explicit_geometry__V_+0.0__t0_1.0,no_explicit_geometry,cubic_frustrated,0.0,1.0,216,0.7324610638843285,0.3866339049130798,0.012985014354049012,0.14814814814814814,0.0,0.053851696709898846,0.9259259259259259,1.0,1.2323580880684538e-05,0.0,0.0,0.00019203210610380052,0.0,,0.0016183409783753159,0.0,
no_explicit_geometry__V_+0.0__t0_1.0,no_explicit_geometry,cubic_frustrated,0.0,1.0,217,0.6948280842793081,0.3866840766382281,0.013010381448415771,0.14814814814814814,0.0,0.05382945236779748,0.9259259259259259,1.0,7.455546152029683e-06,0.0,0.0,0.00013837809165768422,0.0,,0.0011973958516699008,0.0,
no_explicit_geometry__V_+0.0__t0_1.0,no_explicit_geometry,cubic_frustrated,0.0,1.0,218,0.7383553030249794,0.3866947984831365,0.013016861814288405,0.14814814814814814,0.0,0.05383194656119682,0.9259259259259259,1.0,8.59465716290522e-06,0.0,0.0,0.00013219458016805778,0.0,,0.0011163314605301129,0.0,
no_explicit_geometry__V_+0.0__t0_1.0,no_explicit_geometry,cubic_frustrated,0.0,1.0,219,0.7106839404247599,0.38669015250923006,0.013025878317401398,0.14814814814814814,0.0,0.05382557673461029,0.9259259259259259,1.0,6.4187459955028125e-06,0.0,0.0,0.00010992175748254414,0.0,,0.00092240626672144,0.0,
no_explicit_geometry__V_+0.0__t0_1.0,no_explicit_geometry,cubic_frustrated,0.0,1.0,220,0.8653346166036571,0.3866861832018973,0.013012633677576498,0.14814814814814814,0.0,0.05382792513731531,0.9259259259259259,1.0,9.438970082526625e-06,0.0,0.0,0.0001322267970934209,0.0,,0.0010651628718752848,0.0,
no_explicit_geometry__V_+0.0__t0_1.0,no_explicit_geometry,cubic_frustrated,0.0,1.0,221,0.7629520022634114,0.38667171892050434,0.013019272635461923,0.14814814814814814,0.0,0.05382848954114613,0.9259259259259259,1.0,8.397435572578996e-06,0.0,0.0,0.0001297455042602873,0.0,,0.0010414369389222357,0.0,
no_explicit_geometry__V_+0.0__t0_1.0,no_explicit_geometry,cubic_frustrated,0.0,1.0,222,0.8487373028618201,0.38667405151881873,0.013007551450712009,0.14814814814814814,0.0,0.05383239882064188,0.9259259259259259,1.0,1.0274442849570061e-05,0.0,0.0,0.00014551154729592646,0.0,,0.0011703538808840177,0.0,
no_explicit_geometry__V_+0.0__t0_1.0,no_explicit_geometry,cubic_frustrated,0.0,1.0,223,0.703370371488765,0.38667340406359874,0.013035316048110061,0.14814814814814814,0.0,0.0538259067640939,0.9259259259259259,1.0,4.907717338619872e-06,0.0,0.0,9.505018421308084e-05,0.0,,0.0008287432512680697,0.0,
no_explicit_geometry__V_+0.0__t0_1.0,no_explicit_geometry,cubic_frustrated,0.0,1.0,224,1.1178859087398827,0.38668131071841094,0.013001898838366773,0.14814814814814814,0.0,0.053835519191828246,0.9259259259259259,1.0,1.1691261824823666e-05,0.0,0.0,0.00015422285463458028,0.0,,0.0011967967847583358,0.0,
no_explicit_geometry__V_+0.0__t0_1.0,no_explicit_geometry,cubic_frustrated,0.0,1.0,225,0.7499646459405729,0.3866655336914738,0.013017079803402887,0.14814814814814814,0.0,0.05383426079036553,0.9259259259259259,1.0,8.75133943594435e-06,0.0,0.0,0.00013862177234832813,0.0,,0.0011174412070605736,0.0,
no_explicit_geometry__V_+0.0__t0_1.0,no_explicit_geometry,cubic_frustrated,0.0,1.0,226,0.6960581003063662,0.386679955060781,0.013030138842438848,0.14814814814814814,0.0,0.05381856371311738,0.9259259259259259,1.0,4.560128598144838e-06,0.0,0.0,8.638036748848814e-05,0.0,,0.0007805007168547191,0.0,
no_explicit_geometry__V_+0.0__t0_1.0,no_explicit_geometry,cubic_frustrated,0.0,1.0,227,0.7917951175005914,0.386683894462517,0.013021412091839817,0.14814814814814814,0.0,0.05381794135095901,0.9259259259259259,1.0,6.875605521545913e-06,0.0,0.0,0.00010328132249501564,0.0,,0.0008250427021355144,0.0,
no_explicit_geometry__V_+0.0__t0_1.0,no_explicit_geometry,cubic_frustrated,0.0,1.0,228,1.4187250126236481,0.3866722865647592,0.012972530207617027,0.14814814814814814,0.0,0.05384663984436945,0.9259259259259259,1.0,1.5798371859552757e-05,0.0,0.0,0.00019823240923453274,0.0,,0.001487898160292039,0.0,
no_explicit_geometry__V_+0.0__t0_1.0,no_explicit_geometry,cubic_frustrated,0.0,1.0,229,0.7146838579917949,0.3866559102013414,0.013021873633425296,0.14814814814814814,0.0,0.05383022047490417,0.9259259259259259,1.0,6.522496587470729e-06,0.0,0.0,0.00012363886740116454,0.0,,0.0010626949501732366,0.0,
no_explicit_geometry__V_+0.0__t0_1.0,no_explicit_geometry,cubic_frustrated,0.0,1.0,230,0.6941952845365938,0.3866948795648897,0.013024129408961095,0.14814814814814814,0.0,0.053820244564480695,0.9259259259259259,1.0,5.751507039004588e-06,0.0,0.0,9.759934923625424e-05,0.0,,0.0008517073415316837,0.0,
no_explicit_geometry__V_+0.0__t0_1.0,no_explicit_geometry,cubic_frustrated,0.0,1.0,231,1.6387804616942523,0.38665962781647467,0.012937055903290706,0.14814814814814814,0.0,0.05385319220874031,0.9259259259259259,1.0,1.9213595070885417e-05,0.0,0.0,0.00024131366415335641,0.0,,0.0017571188725315832,0.0,
no_explicit_geometry__V_+0.0__t0_1.0,no_explicit_geometry,cubic_frustrated,0.0,1.0,232,0.7167883231740351,0.3866308698253126,0.01301617481310434,0.14814814814814814,0.0,0.053835914603878446,0.9259259259259259,1.0,7.329797367765507e-06,0.0,0.0,0.00013636705559903498,0.0,,0.0012175988993461393,0.0,
no_explicit_geometry__V_+0.0__t0_1.0,no_explicit_geometry,cubic_frustrated,0.0,1.0,233,0.682417174381752,0.3866980307141739,0.013023622415395168,0.14814814814814814,0.0,0.05381954029912198,0.9259259259259259,1.0,5.0794085968764244e-06,0.0,0.0,9.87257761814677e-05,0.0,,0.0008716763318631576,0.0,
no_explicit_geometry__V_+0.0__t0_1.0,no_explicit_geometry,cubic_frustrated,0.0,1.0,234,0.7738916743058963,0.386691921947571,0.013016293009804761,0.14814814814814814,0.0,0.053816982509811165,0.9259259259259259,1.0,7.089524936160832e-06,0.0,0.0,0.0001057808512990805,0.0,,0.0008779275587904151,0.0,
no_explicit_geometry__V_+0.0__t0_1.0,no_explicit_geometry,cubic_frustrated,0.0,1.0,235,1.0185503551717934,0.38667111737965754,0.012992628863663994,0.14814814814814814,0.0,0.05382245571369335,0.9259259259259259,1.0,1.1453577216870904e-05,0.0,0.0,0.0001565787026663917,0.0,,0.001191978345533116,0.0,
no_explicit_geometry__V_+0.0__t0_1.0,no_explicit_geometry,cubic_frustrated,0.0,1.0,236,0.7304675780952953,0.3866676867827156,0.013009832838934983,0.14814814814814814,0.0,0.053820145755459875,0.9259259259259259,1.0,7.739928479391353e-06,0.0,0.0,0.00012257101178587713,0.0,,0.001035861345556369,0.0,
no_explicit_geometry__V_+0.0__t0_1.0,no_explicit_geometry,cubic_frustrated,0.0,1.0,237,1.0093658586391243,0.3866730906437258,0.012980335888714317,0.14814814814814814,0.0,0.05383198730239441,0.9259259259259259,1.0,1.3148139439360932e-05,0.0,0.0,0.00018108636227039197,0.0,,0.0013821057648367612,0.0,
no_explicit_geometry__V_+0.0__t0_1.0,no_explicit_geometry,cubic_frustrated,0.0,1.0,238,0.5207072509306037,0.0007611773612369132,0.013020564671391413,0.14814814814814814,0.0,0.053808260059279585,0.9259259259259259,1.0,4.205219339115755e-06,0.0,0.0,8.2969451722884e-05,0.0,,0.0007294090492600414,0.0,
no_explicit_geometry__V_+0.0__t0_1.0,no_explicit_geometry,cubic_frustrated,0.0,1.0,239,0.012257652532572327,0.00027246571985550165,0.013045775078997904,0.14814814814814814,0.0,0.05383660848051193,0.9259259259259259,1.0,4.3221714359388985e-06,0.0,0.0,8.405551119180699e-05,0.0,,0.0007363153163327448,0.0,
no_explicit_geometry__V_+0.0__t0_1.0,no_explicit_geometry,cubic_frustrated,0.0,1.0,240,0.008928128532508307,0.0001130787428598141,0.013049384119170674,0.14814814814814814,0.0,0.0538405190956363,0.9259259259259259,1.0,4.3217686457714034e-06,0.0,0.0,8.431310906182412e-05,0.0,,0.0007386737050949167,0.0,
no_explicit_geometry__V_+0.0__t0_1.0,no_explicit_geometry,cubic_frustrated,0.0,1.0,241,0.011137350072516993,0.00025535255861211444,0.013025685175925495,0.14814814814814814,0.0,0.053812494350890486,0.9259259259259259,1.0,4.237310413326959e-06,0.0,0.0,8.337385979683884e-05,0.0,,0.0007336909378482975,0.0,
no_explicit_geometry__V_+0.0__t0_1.0,no_explicit_geometry,cubic_frustrated,0.0,1.0,242,0.008168053659901319,0.00010216226906361601,0.013022271881234773,0.14814814814814814,0.0,0.05381013985852543,0.9259259259259259,1.0,4.229467421774071e-06,0.0,0.0,8.288214453144249e-05,0.0,,0.0007293746415261913,0.0,
no_explicit_geometry__V_+0.0__t0_1.0,no_explicit_geometry,cubic_frustrated,0.0,1.0,243,0.007303645217629562,0.00014967231017705253,0.013037481302614524,0.14814814814814814,0.0,0.0538245670927133,0.9259259259259259,1.0,4.240045021426853e-06,0.0,0.0,8.353264740712636e-05,0.0,,0.0007335616704824519,0.0,
no_explicit_geometry__V_+0.0__t0_1.2,no_explicit_geometry,cubic_frustrated,0.0,1.2,1,,,0.0015804569432296,0.18518518518518517,0.0,4.147898678970019e-06,0.8148148148148148,1.0,0.00018422821745619583,0.0,0.0,0.0008631950589912289,0.0,,0.012016975209685882,0.0,
no_explicit_geometry__V_+0.0__t0_1.2,no_explicit_geometry,cubic_frustrated,0.0,1.2,2,0.6566615989670262,0.039878886328159995,0.0009503064964135143,0.14814814814814814,0.0,5.0013747187942984e-06,0.8518518518518519,1.0,0.0002879290504475215,0.0,0.0,0.0011810309176644735,0.0,,0.019585600799599166,0.0,
no_explicit_geometry__V_+0.0__t0_1.2,no_explicit_geometry,cubic_frustrated,0.0,1.2,3,0.08117273347878476,0.014106740454066626,0.0005152191995675574,0.1111111111111111,0.0,8.614912589850242e-06,0.8888888888888888,1.0,0.0002879083807085285,0.0,0.0,0.001228999497154952,0.0,,0.021094183327720978,0.0,
no_explicit_geometry__V_+0.0__t0_1.2,no_explicit_geometry,cubic_frustrated,0.0,1.2,4,0.022791086148784626,0.006501501995810564,0.0002775706622678762,0.14814814814814814,0.0,1.3743619204676176e-05,1.0,1.0,0.00028818142069098247,0.0,0.0,0.0012330598335937308,0.0,,0.021438362616342767,0.0,
no_explicit_geometry__V_+0.0__t0_1.2,no_explicit_geometry,cubic_frustrated,0.0,1.2,5,0.005551765557752943,0.0029176898670190098,0.00024357698448899511,0.1111111111111111,0.0,1.565293206164623e-05,1.0,1.0,0.00028851532902840547,0.0,0.0,0.0012338366220817937,0.0,,0.021503305939943953,0.0,
no_explicit_geometry__V_+0.0__t0_1.2,no_explicit_geometry,cubic_frustrated,0.0,1.2,6,0.002396453284593425,0.0013866578708895396,0.00017715690948810726,0.037037037037037035,0.0,2.1398919355191375e-05,0.8888888888888888,1.0,0.00028848572315882547,0.0,0.0,0.0012341105299665054,0.0,,0.021519833442820248,0.0,
no_explicit_geometry__V_+0.0__t0_1.2,no_explicit_geometry,cubic_frustrated,0.0,1.2,7,0.001230822852749905,0.0007850633244514627,0.0002040276132507621,0.037037037037037035,0.0,2.9217341169412225e-05,0.8518518518518519,1.0,0.0002885821001400398,0.0,0.0,0.0012342109898646992,0.0,,0.021522763013646234,0.0,
no_explicit_geometry__V_+0.0__t0_1.2,no_explicit_geometry,cubic_frustrated,0.0,1.2,8,0.0012086290943640167,0.0006986527622146497,0.00018977811976165636,0.037037037037037035,0.0,3.741895123233898e-05,0.8518518518518519,1.0,0.00028850682802695696,0.0,0.0,0.0012338767348575135,0.0,,0.021522503210570452,0.0,
no_explicit_geometry__V_+0.0__t0_1.4,no_explicit_geometry,cubic_frustrated,0.0,1.4,1,,,0.0016224032888282984,0.037037037037037035,0.0,6.6289088168196085e-06,0.8888888888888888,1.0,0.0004983248186256953,0.0,0.0,7.35217360674438e-05,0.1509433962264151,,0.019767781065600294,0.0,
no_explicit_geometry__V_+0.0__t0_1.4,no_explicit_geometry,cubic_frustrated,0.0,1.4,2,0.683228032535507,0.03279605811543009,0.0011128436063686442,0.14814814814814814,0.0,6.060013528860669e-06,0.9629629629629629,1.0,0.0008744262427275428,0.0,0.0,0.0001021346473793337,0.0,,0.03199933962513301,0.0,
no_explicit_geometry__V_+0.0__t0_1.4,no_explicit_geometry,cubic_frustrated,0.0,1.4,3,0.08257260733170978,0.01337733015621088,0.0004322865120415912,0.037037037037037035,0.0,8.505908837828512e-06,1.0,1.0,0.0009285518758712905,0.0,0.0,0.00010489485288004669,0.0,,0.034359085171526235,0.0,
no_explicit_geometry__V_+0.0__t0_1.4,no_explicit_geometry,cubic_frustrated,0.0,1.4,4,0.020994582549728184,0.00566614158648288,0.00026894829563795804,0.14814814814814814,0.0,1.487250457231719e-05,1.0,1.0,0.0009425489941335166,0.0,0.0,0.00010695342707866695,0.0,,0.03483414464884858,0.0,
no_explicit_geometry__V_+0.0__t0_1.4,no_explicit_geometry,cubic_frustrated,0.0,1.4,5,0.00517649950369965,0.0022246911791206922,0.00016805223603407488,0.037037037037037035,0.0,1.7748962113637003e-05,1.0,1.0,0.000946488877312932,0.0,0.0,0.00010858134733695416,0.0,,0.03490903115185785,0.0,
no_explicit_geometry__V_+0.0__t0_1.4,no_explicit_geometry,cubic_frustrated,0.0,1.4,6,0.0021615786642766896,0.0009698288410256028,0.00012668571089625833,0.14814814814814814,0.0,2.0897844327238184e-05,1.0,1.0,0.0009464702056334258,0.0,0.0,0.00010809125074386227,0.0,,0.03493238721365028,0.0,
no_explicit_geometry__V_+0.0__t0_1.4,no_explicit_geometry,cubic_frustrated,0.0,1.4,7,0.0007915411086557956,0.0004385314964893042,0.0001225051740306536,0.037037037037037035,0.0,1.6898196155266427e-05,1.0,1.0,0.0009467657602788439,0.0,0.0,0.00010840047596292419,0.0,,0.03492891212411721,0.0,
no_explicit_geometry__V_+0.2__t0_1.0,no_explicit_geometry,cubic_frustrated,0.2,1.0,1,,,0.0054223894331491725,0.14814814814814814,0.0,2.490765681897492e-05,0.9259259259259259,1.0,7.08870473220212e-05,0.0,0.0,0.0015453402407938092,0.0,,0.010224267248696602,0.0,
no_explicit_geometry__V_+0.2__t0_1.0,no_explicit_geometry,cubic_frustrated,0.2,1.0,2,0.9053381663507221,0.07131709849324634,0.00608824912751712,0.14814814814814814,0.0,7.631835685823194e-05,0.9259259259259259,1.0,0.00010956096911858238,0.0,0.0,0.0023696561255975935,0.0,,0.018884359103658294,0.0,
no_explicit_geometry__V_+0.2__t0_1.0,no_explicit_geometry,cubic_frustrated,0.2,1.0,3,0.1650129132625714,0.05435186398823926,0.004352399384343258,0.14814814814814814,0.0,0.00031757423674058926,0.9259259259259259,1.0,7.167406170948853e-05,0.0,0.0,0.0025745583573390097,0.0,,0.021460260538974332,0.0,
no_explicit_geometry__V_+0.2__t0_1.0,no_explicit_geometry,cubic_frustrated,0.2,1.0,4,0.0986011081453444,0.04136799617181487,0.0035215925520097964,0.14814814814814814,0.0,0.0008917711368706047,0.9259259259259259,1.0,7.117781322919537e-05,0.0,0.0,0.0026786687195237877,0.0,,0.02273356637019654,0.0,
no_explicit_geometry__V_+0.2__t0_1.0,no_explicit_geometry,cubic_frustrated,0.2,1.0,5,0.06168253679162556,0.03326836088452368,0.0022427274453784216,0.14814814814814814,0.0,0.0032827153509480626,0.9259259259259259,1.0,6.553520640487986e-05,0.0,0.0,0.00269896895681221,0.0,,0.02314498124644016,0.0,
no_explicit_geometry__V_+0.2__t0_1.0,no_explicit_geometry,cubic_frustrated,0.2,1.0,6,0.09401687996072669,0.049352885928492365,0.0015493028989586254,0.14814814814814814,0.0,0.01015318651385083,0.9259259259259259,1.0,6.448366741864986e-05,0.0,0.0,0.0026937804325911515,0.0,,0.023095066768364998,0.0,
no_explicit_geometry__V_+0.2__t0_1.0,no_explicit_geometry,cubic_frustrated,0.2,1.0,7,0.2774477889486521,0.13245829210618096,0.0053606100828591605,0.14814814814814814,0.0,0.02952447219348413,0.9259259259259259,1.0,4.324764888753341e-05,0.0,0.0,0.0021431751172302765,0.0,,0.019753123176653817,0.0,
no_explicit_geometry__V_+0.2__t0_1.0,no_explicit_geometry,cubic_frustrated,0.2,1.0,8,0.4977005519825457,0.2466422477597263,0.011439892342881947,0.14814814814814814,0.0,0.05120830561683784,0.9259259259259259,1.0,3.061294337437597e-05,0.14814814814814814,0.0,0.0013298906789716873,0.0,,0.013171216100450368,0.0,
no_explicit_geometry__V_+0.2__t0_1.0,no_explicit_geometry,cubic_frustrated,0.2,1.0,9,0.5980956902144198,0.3292974332507737,0.016121076418579523,0.14814814814814814,0.0,0.06243256546597596,0.9259259259259259,1.0,3.4781642842981955e-05,0.14814814814814814,0.0,0.0006680106358921173,0.0,,0.007884958224637218,0.0,
no_explicit_geometry__V_+0.2__t0_1.0,no_explicit_geometry,cubic_frustrated,0.2,1.0,10,0.6789395275398482,0.37012676728125116,0.018347241898588655,0.14814814814814814,0.0,0.06661342147096175,0.9259259259259259,1.0,3.004789178250466e-05,0.14814814814814814,0.0,0.0004778208619009623,0.0,,0.00482487202130345,0.0,
no_explicit_geometry__V_+0.2__t0_1.0,no_explicit_geometry,cubic_frustrated,0.2,1.0,11,0.7219541420275362,0.3901842089222308,0.018933987933416246,0.14814814814814814,0.0,0.06764288453574495,0.9259259259259259,1.0,2.1775029231876015e-05,0.14814814814814814,0.0,0.00031249853875390084,0.0,,0.003150031222298645,0.0,
no_explicit_geometry__V_+0.2__t0_1.0,no_explicit_geometry,cubic_frustrated,0.2,1.0,12,0.709083712834631,0.39754012077269985,0.019204716383239177,0.14814814814814814,0.0,0.06787365066078231,0.9259259259259259,1.0,1.5069666805305288e-05,0.0,0.0,0.00022676261071586984,0.0,,0.0021204948358261207,0.0,
no_explicit_geometry__V_+0.2__t0_1.0,no_explicit_geometry,cubic_frustrated,0.2,1.0,13,0.7273310631293011,0.39931598406877633,0.019308934425254557,0.14814814814814814,0.0,0.06795551612244802,0.9259259259259259,1.0,1.528156850479635e-05,0.0,0.0,0.0001919548782277716,0.0,,0.0017088487888638755,0.0,
no_explicit_geometry__V_+0.2__t0_1.0,no_explicit_geometry,cubic_frustrated,0.2,1.0,14,0.7124866877580739,0.39964636119311625,0.019422118995392604,0.14814814814814814,0.0,0.06799613533378383,0.9259259259259259,1.0,9.567055177911106e-06,0.0,0.0,0.00013125133244680577,0.0,,0.0011906115207620997,0.0,
no_explicit_geometry__V_+0.2__t0_1.0,no_explicit_geometry,cubic_frustrated,0.2,1.0,15,1.093499608682077,0.3996879850607798,0.019405305530955652,0.14814814814814814,0.0,0.06805813289794756,0.9259259259259259,1.0,1.889836808411524e-05,0.0,0.0,0.00020391398482884636,0.0,,0.0016014563695737115,0.0,
no_explicit_geometry__V_+0.2__t0_1.0,no_explicit_geometry,cubic_frustrated,0.2,1.0,16,0.7289370149479301,0.39965489990297504,0.019529064467202425,0.14814814814814814,0.0,0.06808345504610375,0.9259259259259259,1.0,9.297181187722e-06,0.0,0.0,0.0001258993114099301,0.0,,0.0011132353612953057,0.0,
no_explicit_geometry__V_+0.2__t0_1.0,no_explicit_geometry,cubic_frustrated,0.2,1.0,17,0.7445164044642133,0.3996646304255516,0.019570753391095038,0.14814814814814814,0.0,0.06811447173104118,0.9259259259259259,1.0,9.516269791194625e-06,0.0,0.0,0.00011461786439310045,0.0,,0.0009843746549879253,0.0,
no_explicit_geometry__V_+0.2__t0_1.0,no_explicit_geometry,cubic_frustrated,0.2,1.0,18,0.715623138713246,0.3996366284795692,0.019628733277288733,0.14814814814814814,0.0,0.06813928826079,0.9259259259259259,1.0,5.5678135283552145e-06,0.0,0.0,7.697634160102369e-05,0.0,,0.0006897681796452019,0.0,
no_explicit_geometry__V_+0.2__t0_1.0,no_explicit_geometry,cubic_frustrated,0.2,1.0,19,1.9141708202079732,0.39960548969381504,0.019570473851098315,0.14814814814814814,0.0,0.0681981537220002,0.9259259259259259,1.0,2.068808641275342e-05,0.0,0.0,0.00020870641001755828,0.0,,0.0015373314085784478,0.0,
no_explicit_geometry__V_+0.2__t0_1.0,no_explicit_geometry,cubic_frustrated,0.2,1.0,20,0.7378676292147337,0.39956608904964347,0.019681277351360618,0.14814814814814814,0.0,0.06821488185194866,0.9259259259259259,1.0,9.63771264525937e-06,0.0,0.0,0.00012842585166467882,0.0,,0.0011106507029144694,0.0,
no_explicit_geometry__V_+0.2__t0_1.0,no_explicit_geometry,cubic_frustrated,0.2,1.0,21,0.7244601849516012,0.3995842385710427,0.019715643717722362,0.14814814814814814,0.0,0.0682306716582328,0.9259259259259259,1.0,8.42427845374599e-06,0.0,0.0,0.00010426862351322942,0.0,,0.0009111128707549504,0.0,
no_explicit_geometry__V_+0.2__t0_1.0,no_explicit_geometry,cubic_frustrated,0.2,1.0,22,0.713023517109464,0.39957360745211673,0.01975802221234858,0.14814814814814814,0.0,0.06824891222331607,0.9259259259259259,1.0,5.3160949480418e-06,0.0,0.0,7.256569045007035e-05,0.0,,0.000648150817315307,0.0,
no_explicit_geometry__V_+0.2__t0_1.0,no_explicit_geometry,cubic_frustrated,0.2,1.0,23,2.5442633923120566,0.3995414543658163,0.019634180979926034,0.14814814814814814,0.0,0.06831021777684188,0.9259259259259259,1.0,2.534471976052262e-05,0.0,0.0,0.00025003661393167083,0.0,,0.0018076722142682901,0.0,
no_explicit_geometry__V_+0.2__t0_1.0,no_explicit_geometry,cubic_frustrated,0.2,1.0,24,0.7475402817564386,0.3994915939592277,0.01975565517294836,0.14814814814814814,0.0,0.06831547487609851,0.9259259259259259,1.0,1.332773486633923e-05,0.0,0.0,0.0001705305460060034,0.0,,0.0014304823731360057,0.0,
no_explicit_geometry__V_+0.2__t0_1.0,no_explicit_geometry,cubic_frustrated,0.2,1.0,25,0.7713924653903491,0.3995377855253409,0.019772747287699486,0.14814814814814814,0.0,0.0683293550110199,0.9259259259259259,1.0,1.3823016754510417e-05,0.0,0.0,0.00016118458481485768,0.0,,0.001352735534744271,0.0,
no_explicit_geometry__V_+0.2__t0_1.0,no_explicit_geometry,cubic_frustrated,0.2,1.0,26,0.7306613702259126,0.39952020571651703,0.019813381997865722,0.14814814814814814,0.0,0.0683305209786176,0.9259259259259259,1.0,9.845458805675045e-06,0.0,0.0,0.00012716170558670846,0.0,,0.001086838360250335,0.0,
no_explicit_geometry__V_+0.2__t0_1.0,no_explicit_geometry,cubic_frustrated,0.2,1.0,27,0.8266318911871219,0.39951078393687417,0.019817991619078844,0.14814814814814814,0.0,0.06834476336456874,0.9259259259259259,1.0,1.2119711051669388e-05,0.0,0.0,0.000138533620917229,0.0,,0.0011354010945214693,0.0,
no_explicit_geometry__V_+0.2__t0_1.0,no_explicit_geometry,cubic_frustrated,0.2,1.0,28,0.8140733849608894,0.39949783480156265,0.01983193432827361,0.14814814814814814,0.0,0.06835853966592126,0.9259259259259259,1.0,1.2213980306200783e-05,0.0,0.0,0.00014447013788710807,0.0,,0.0011563336735827218,0.0,
no_explicit_geometry__V_+0.2__t0_1.0,no_explicit_geometry,cubic_frustrated,0.2,1.0,29,0.8356089607483824,0.3994891184707034,0.01983377442612227,0.14814814814814814,0.0,0.06837100568308903,0.9259259259259259,1.0,1.3308714537780451e-05,0.0,0.0,0.00015104650030011422,0.0,,0.001225204217674017,0.0,
no_explicit_geometry__V_+0.2__t0_1.0,no_explicit_geometry,cubic_frustrated,0.2,1.0,30,1.0062091553807877,0.3994665171829767,0.019788071099618235,0.14814814814814814,0.0,0.06839743290442123,0.9259259259259259,1.0,1.931656519818221e-05,0.0,0.0,0.00021352141951355426,0.0,,0.0016269077325202573,0.0,
no_explicit_geometry__V_+0.2__t0_1.0,no_explicit_geometry,cubic_frustrated,0.2,1.0,31,0.7271178860116543,0.3994568882710591,0.019881214338199102,0.14814814814814814,0.0,0.06838897479124552,0.9259259259259259,1.0,9.449324825647065e-06,0.0,0.0,0.00012537426836271742,0.0,,0.0011325409257449094,0.0,
no_explicit_geometry__V_+0.2__t0_1.0,no_explicit_geometry,cubic_frustrated,0.2,1.0,32,0.7346533575550163,0.3994864229763216,0.019890809553737256,0.14814814814814814,0.0,0.06838841360326589,0.9259259259259259,1.0,9.297708467285105e-06,0.0,0.0,0.00011662484547052055,0.0,,0.0009820755189973308,0.0,
no_explicit_geometry__V_+0.2__t0_1.0,no_explicit_geometry,cubic_frustrated,0.2,1.0,33,0.7993592091701398,0.39947047647269496,0.01989585260251902,0.14814814814814814,0.0,0.06839322965965354,0.9259259259259259,1.0,1.0169342317499352e-05,0.0,0.0,0.00011716519929141376,0.0,,0.0009686761476583566,0.0,
no_explicit_geometry__V_+0.2__t0_1.0,no_explicit_geometry,cubic_frustrated,0.2,1.0,34,1.338096617274553,0.39944201642791444,0.019808639467074996,0.14814814814814814,0.0,0.06842575547061291,0.9259259259259259,1.0,2.2070515850076373e-05,0.0,0.0,0.00023271273592444857,0.0,,0.0017168857488741396,0.0,
no_explicit_geometry__V_+0.2__t0_1.0,no_explicit_geometry,cubic_frustrated,0.2,1.0,35,0.7348215596726341,0.39941397215015273,0.01989981260911046,0.14814814814814814,0.0,0.068414202410496,0.9259259259259259,1.0,1.1213291073473444e-05,0.0,0.0,0.00014384054400144277,0.0,,0.0012704219304431885,0.0,
no_explicit_geometry__V_+0.2__t0_1.0,no_explicit_geometry,cubic_frustrated,0.2,1.0,36,1.3256417793639121,0.3994234059668599,0.019748778934122423,0.14814814814814814,0.0,0.06845724064625526,0.9259259259259259,1.0,2.6042001147521882e-05,0.0,0.0,0.000277821000438772,0.0,,0.002071481772727589,0.0,
no_explicit_geometry__V_+0.2__t0_1.0,no_explicit_geometry,cubic_frustrated,0.2,1.0,37,0.7324268726183878,0.3993829162092949,0.019899683092147312,0.14814814814814814,0.0,0.0684341481232259,0.9259259259259259,1.0,1.205119165404164e-05,0.0,0.0,0.0001595958622380457,0.0,,0.001437386113695254,0.0,
no_explicit_geometry__V_+0.2__t0_1.0,no_explicit_geometry,cubic_frustrated,0.2,1.0,38,0.7435205996451568,0.3994363184586651,0.019899236588881514,0.14814814814814814,0.0,0.06842367023425595,0.9259259259259259,1.0,1.2415968216487732e-05,0.0,0.0,0.0001528791262361266,0.0,,0.0012784518505639694,0.0,
no_explicit_geometry__V_+0.2__t0_1.0,no_explicit_geometry,cubic_frustrated,0.2,1.0,39,1.2171116308662329,0.399408945798502,0.01978154427946184,0.14814814814814814,0.0,0.06846309890841813,0.9259259259259259,1.0,2.506070650430279e-05,0.0,0.0,0.00026211260498800484,0.0,,0.0020024491552011075,0.0,
no_explicit_geometry__V_+0.2__t0_1.0,no_explicit_geometry,cubic_frustrated,0.2,1.0,40,0.9436782233135832,0.3993588418096904,0.019706952550688387,0.14814814814814814,0.0,0.06850442120865932,0.9259259259259259,1.0,2.8796751575630087e-05,0.0,0.0,0.0003222701826803481,0.0,,0.002474241293298291,0.0,
no_explicit_geometry__V_+0.2__t0_1.0,no_explicit_geometry,cubic_frustrated,0.2,1.0,41,0.7269223309291778,0.39936990966048436,0.01987406067561816,0.14814814814814814,0.0,0.0684660041048731,0.9259259259259259,1.0,1.565932746971973e-05,0.0,0.0,0.0002028471303917308,0.0,,0.0018064726786191155,0.0,
no_explicit_geometry__V_+0.2__t0_1.0,no_explicit_geometry,cubic_frustrated,0.2,1.0,42,0.7241596416967421,0.3994318584483541,0.019895187471645554,0.14814814814814814,0.0,0.06844367029677141,0.9259259259259259,1.0,1.3724088938603738e-05,0.0,0.0,0.00017359103994504238,0.0,,0.0014835247009811006,0.0,
no_explicit_geometry__V_+0.2__t0_1.0,no_explicit_geometry,cubic_frustrated,0.2,1.0,43,0.71202024669915,0.3994152266654939,0.01993605643609909,0.14814814814814814,0.0,0.0684212795469949,0.9259259259259259,1.0,8.197709775516979e-06,0.0,0.0,0.00011006140809574938,0.0,,0.0010187101405605427,0.0,
no_explicit_geometry__V_+0.2__t0_1.0,no_explicit_geometry,cubic_frustrated,0.2,1.0,44,0.7231086469097151,0.39940672505407765,0.019938969559357336,0.14814814814814814,0.0,0.06841189755194209,0.9259259259259259,1.0,7.662860591287737e-06,0.0,0.0,9.81059574304824e-05,0.0,,0.0008418885226937468,0.0,
no_explicit_geometry__V_+0.2__t0_1.0,no_explicit_geometry,cubic_frustrated,0.2,1.0,45,1.322256537588421,0.3993764744321953,0.01987251663665331,0.14814814814814814,0.0,0.06842721050038945,0.9259259259259259,1.0,1.7853518097890653e-05,0.0,0.0,0.00018531050832053334,0.0,,0.0014066598945218255,0.0,
no_explicit_geometry__V_+0.2__t0_1.0,no_explicit_geometry,cubic_frustrated,0.2,1.0,46,0.8240982398552025,0.39935167262229426,0.019883119621416603,0.14814814814814814,0.0,0.06843256018108625,0.9259259259259259,1.0,1.6008346006552182e-05,0.0,0.0,0.00018568563035824048,0.0,,0.0014753706562329937,0.0,
no_explicit_geometry__V_+0.2__t0_1.0,no_explicit_geometry,cubic_frustrated,0.2,1.0,47,0.7321275596167837,0.39936271269539475,0.019915259980269096,0.14814814814814814,0.0,0.06841783914307552,0.9259259259259259,1.0,1.0923915719177669e-05,0.0,0.0,0.00013550311218828802,0.0,,0.0011828714429692603,0.0,
no_explicit_geometry__V_+0.2__t0_1.0,no_explicit_geometry,cubic_frustrated,0.2,1.0,48,0.7428204460938768,0.3993689764293981,0.019920441285789386,0.14814814814814814,0.0,0.06840948909395671,0.9259259259259259,1.0,9.849891564933987e-06,0.0,0.0,0.00012237955045740412,0.0,,0.001029449018679419,0.0,
no_explicit_geometry__V_+0.2__t0_1.0,no_explicit_geometry,cubic_frustrated,0.2,1.0,49,0.7179731980216356,0.39936972991155706,0.01993840922869635,0.14814814814814814,0.0,0.06840113945591585,0.9259259259259259,1.0,6.512657502754912e-06,0.0,0.0,8.449562519434437e-05,0.0,,0.0007623091445934128,0.0,
no_explicit_geometry__V_+0.2__t0_1.0,no_explicit_geometry,cubic_frustrated,0.2,1.0,50,1.7883350680938346,0.3993571380881278,0.01982803405508302,0.14814814814814814,0.0,0.06842828765105727,0.9259259259259259,1.0,2.1341533995774646e-05,0.0,0.0,0.0002212153400268894,0.0,,0.00160671979141284,0.0,
no_explicit_geometry__V_+0.2__t0_1.0,no_explicit_geometry,cubic_frustrated,0.2,1.0,51,0.9100397492171846,0.3993227989257823,0.01980444211785171,0.14814814814814814,0.0,0.06844898833207794,0.9259259259259259,1.0,2.1939312366212473e-05,0.0,0.0,0.00024063062949987525,0.0,,0.0018996841543667837,0.0,
no_explicit_geometry__V_+0.2__t0_1.0,no_explicit_geometry,cubic_frustrated,0.2,1.0,52,0.7239776391426739,0.3993425263611936,0.019900729894726656,0.14814814814814814,0.0,0.06841728203702165,0.9259259259259259,1.0,1.0651804631569656e-05,0.0,0.0,0.0001469995138555261,0.0,,0.0013076550542597306,0.0,
no_explicit_geometry__V_+0.2__t0_1.0,no_explicit_geometry,cubic_frustrated,0.2,1.0,53,0.7032842291741492,0.3993800727827364,0.019917370055927627,0.14814814814814814,0.0,0.06839603787012204,0.9259259259259259,1.0,7.38775724407232e-06,0.0,0.0,9.850444195381749e-05,0.0,,0.000915695903839781,0.0,
no_explicit_geometry__V_+0.2__t0_1.0,no_explicit_geometry,cubic_frustrated,0.2,1.0,54,1.2459145122052773,0.39936563998768676,0.0198441159519699,0.14814814814814814,0.0,0.06840933409199101,0.9259259259259259,1.0,1.7878814726351807e-05,0.0,0.0,0.00019137169222911249,0.0,,0.001439951425550861,0.0,
no_explicit_geometry__V_+0.2__t0_1.0,no_explicit_geometry,cubic_frustrated,0.2,1.0,55,0.7846943985804629,0.3993363232597402,0.019864736614463738,0.14814814814814814,0.0,0.06840358493415453,0.9259259259259259,1.0,1.4434244447227653e-05,0.0,0.0,0.00016733254924576943,0.0,,0.0013843898716812168,0.0,
no_explicit_geometry__V_+0.2__t0_1.0,no_explicit_geometry,cubic_frustrated,0.2,1.0,56,0.9733179486714095,0.3993397872918203,0.019799705965440662,0.14814814814814814,0.0,0.06841806231841648,0.9259259259259259,1.0,2.0771776067947842e-05,0.0,0.0,0.00023071258723590554,0.0,,0.0017787414506934972,0.0,
no_explicit_geometry__V_+0.2__t0_1.0,no_explicit_geometry,cubic_frustrated,0.2,1.0,57,0.9525290705554738,0.3993147113656614,0.01972347527104928,0.14814814814814814,0.0,0.06844619822189897,0.9259259259259259,1.0,2.622498424672102e-05,0.0,0.0,0.00028393284815745587,0.0,,0.002230916282986024,0.0,
no_explicit_geometry__V_+0.2__t0_1.0,no_explicit_geometry,cubic_frustrated,0.2,1.0,58,0.74894935304931,0.3993077704789339,0.019800670549509954,0.14814814814814814,0.0,0.06842257240363805,0.9259259259259259,1.0,1.8748671959754773e-05,0.0,0.0,0.00023209438647145102,0.0,,0.0019307746726266166,0.0,
no_explicit_geometry__V_+0.2__t0_1.0,no_explicit_geometry,cubic_frustrated,0.2,1.0,59,0.744916573716653,0.3993381099095218,0.019817965201216092,0.14814814814814814,0.0,0.06840048306707626,0.9259259259259259,1.0,1.613203654855488e-05,0.0,0.0,0.00019518913125023512,0.0,,0.0016731601593461946,0.0,
no_explicit_geometry__V_+0.2__t0_1.0,no_explicit_geometry,cubic_frustrated,0.2,1.0,60,0.7248228445171262,0.39933863810644393,0.019852223190659272,0.14814814814814814,0.0,0.06837739364246681,0.9259259259259259,1.0,1.1966315869202685e-05,0.0,0.0,0.00015374995721891989,0.0,,0.0013252115300959758,0.0,
no_explicit_geometry__V_+0.2__t0_1.0,no_explicit_geometry,cubic_frustrated,0.2,1.0,61,0.7352741222667922,0.39933567220787375,0.019855842515867396,0.14814814814814814,0.0,0.06836060864585806,0.9259259259259259,1.0,1.0505579439748883e-05,0.0,0.0,0.0001283671141798152,0.0,,0.0011166315952299707,0.0,
no_explicit_geometry__V_+0.2__t0_1.0,no_explicit_geometry,cubic_frustrated,0.2,1.0,62,0.9460043321482492,0.39932244836440556,0.019815403989091217,0.14814814814814814,0.0,0.06836406265613548,0.9259259259259259,1.0,1.5792017534591387e-05,0.0,0.0,0.00017678440031272658,0.0,,0.0013762863263368143,0.0,
no_explicit_geometry__V_+0.2__t0_1.0,no_explicit_geometry,cubic_frustrated,0.2,1.0,63,0.7400447526725952,0.3993120237362622,0.019845839180457483,0.14814814814814814,0.0,0.06835034834463923,0.9259259259259259,1.0,1.051954981634463e-05,0.0,0.0,0.00012900683552028792,0.0,,0.001119125032219493,0.0,
no_explicit_geometry__V_+0.2__t0_1.0,no_explicit_geometry,cubic_frustrated,0.2,1.0,64,0.7188957632378395,0.3993205531430259,0.019851377671520325,0.14814814814814814,0.0,0.06833242035424686,0.9259259259259259,1.0,7.70110005955846e-06,0.0,0.0,9.997778565566582e-05,0.0,,0.0008693332310522858,0.0,
no_explicit_geometry__V_+0.2__t0_1.0,no_explicit_geometry,cubic_frustrated,0.2,1.0,65,0.7093960488977401,0.3993164296804955,0.019858817594690537,0.14814814814814814,0.0,0.06831995270859301,0.9259259259259259,1.0,4.788783762264272e-06,0.0,0.0,6.53126714818838e-05,0.0,,0.0006050038306193542,0.0,
no_explicit_geometry__V_+0.2__t0_1.0,no_explicit_geometry,cubic_frustrated,0.2,1.0,66,0.7170859240281173,0.39931640146324293,0.019853113646073454,0.14814814814814814,0.0,0.06831089177986252,0.9259259259259259,1.0,4.240407151689059e-06,0.0,0.0,5.5389361498451075e-05,0.0,,0.0004793981899451346,0.0,
no_explicit_geometry__V_+0.2__t0_1.0,no_explicit_geometry,cubic_frustrated,0.2,1.0,67,0.9601496687667387,0.3993186474467252,0.019841975576564207,0.14814814814814814,0.0,0.06830877976809574,0.9259259259259259,1.0,6.999229573788089e-06,0.0,0.0,7.626931564493281e-05,0.0,,0.000607247451884862,0.0,
no_explicit_geometry__V_+0.2__t0_1.0,no_explicit_geometry,cubic_frustrated,0.2,1.0,68,0.788604608951271,0.3993109951990095,0.019832878591329258,0.14814814814814814,0.0,0.06829830753382117,0.9259259259259259,1.0,6.113234757066922e-06,0.0,0.0,7.267189799710392e-05,0.0,,0.0005921686725607821,0.0,
no_explicit_geometry__V_+0.2__t0_1.0,no_explicit_geometry,cubic_frustrated,0.2,1.0,69,0.7192274212060331,0.3993024771813593,0.019832198138044894,0.14814814814814814,0.0,0.06828885893057547,0.9259259259259259,1.0,3.582786302403631e-06,0.0,0.0,4.7348108267824605e-05,0.0,,0.0004293400785451468,0.0,
no_explicit_geometry__V_+0.2__t0_1.0,no_explicit_geometry,cubic_frustrated,0.2,1.0,70,1.6445962917651158,0.3993021150822669,0.01979921391258133,0.14814814814814814,0.0,0.06829126788726335,0.9259259259259259,1.0,1.119104739389965e-05,0.0,0.0,0.00011645127085099354,0.0,,0.0008566387775608416,0.0,
no_explicit_geometry__V_+0.2__t0_1.0,no_explicit_geometry,cubic_frustrated,0.2,1.0,71,0.7727616696183283,0.39929470198052064,0.01980296522676018,0.14814814814814814,0.0,0.06828243104677553,0.9259259259259259,1.0,7.96548327291985e-06,0.0,0.0,9.321021854114927e-05,0.0,,0.000779732698564306,0.0,
no_explicit_geometry__V_+0.2__t0_1.0,no_explicit_geometry,cubic_frustrated,0.2,1.0,72,0.7151044571127582,0.3992907310360499,0.019805237183729202,0.14814814814814814,0.0,0.06826753601029412,0.9259259259259259,1.0,4.384723914823637e-06,0.0,0.0,6.0139893777600075e-05,0.0,,0.0005430546344132046,0.0,
no_explicit_geometry__V_+0.2__t0_1.0,no_explicit_geometry,cubic_frustrated,0.2,1.0,73,2.084316816395842,0.39928318114379074,0.01973208819953879,0.14814814814814814,0.0,0.06828429967642409,0.9259259259259259,1.0,1.7841617904865665e-05,0.0,0.0,0.0001780679554177242,0.0,,0.0013071242850967466,0.0,
no_explicit_geometry__V_+0.2__t0_1.0,no_explicit_geometry,cubic_frustrated,0.2,1.0,74,0.7388281891815431,0.39927974356881746,0.01977912319336098,0.14814814814814814,0.0,0.06827082598462599,0.9259259259259259,1.0,8.212913717203238e-06,0.0,0.0,0.00010897816550996134,0.0,,0.0009499369755157799,0.0,
no_explicit_geometry__V_+0.2__t0_1.0,no_explicit_geometry,cubic_frustrated,0.2,1.0,75,0.7703641620819445,0.39930730367439765,0.01976491528894734,0.14814814814814814,0.0,0.06825920569332954,0.9259259259259259,1.0,8.898765207229526e-06,0.0,0.0,0.00010475925540136888,0.0,,0.0008857065519449867,0.0,
no_explicit_geometry__V_+0.2__t0_1.0,no_explicit_geometry,cubic_frustrated,0.2,1.0,76,0.7186096944791458,0.39929357832288637,0.019769695617923754,0.14814814814814814,0.0,0.06824207282420704,0.9259259259259259,1.0,5.178203358946036e-06,0.0,0.0,7.086650558707102e-05,0.0,,0.0006335807993087513,0.0,
no_explicit_geometry__V_+0.2__t0_1.0,no_explicit_geometry,cubic_frustrated,0.2,1.0,77,0.8569533802390272,0.3992890842286027,0.01975594727377549,0.14814814814814814,0.0,0.06823709402934859,0.9259259259259259,1.0,7.571592608279238e-06,0.0,0.0,8.553142474073955e-05,0.0,,0.000700401550984558,0.0,
no_explicit_geometry__V_+0.2__t0_1.0,no_explicit_geometry,cubic_frustrated,0.2,1.0,78,0.7531387710798609,0.3992872021226351,0.019754346655270608,0.14814814814814814,0.0,0.06822895842570012,0.9259259259259259,1.0,5.91907613728209e-06,0.0,0.0,7.353092422632768e-05,0.0,,0.0006167118018106871,0.0,
no_explicit_geometry__V_+0.2__t0_1.0,no_explicit_geometry,cubic_frustrated,0.2,1.0,79,0.9673972109174628,0.3992920959215693,0.01973530795340963,0.14814814814814814,0.0,0.06822563710370738,0.9259259259259259,1.0,9.100012013022288e-06,0.0,0.0,9.864175247701782e-05,0.0,,0.0007820303012086349,0.0,
no_explicit_geometry__V_+0.2__t0_1.0,no_explicit_geometry,cubic_frustrated,0.2,1.0,80,1.0552552444725232,0.39927763851046094,0.019700512999024943,0.14814814814814814,0.0,0.06822295969397835,0.9259259259259259,1.0,1.2823915058088542e-05,0.0,0.0,0.00014088609735454926,0.0,,0.0010755925808067152,0.0,
no_explicit_geometry__V_+0.2__t0_1.0,no_explicit_geometry,cubic_frustrated,0.2,1.0,81,0.9340252415293595,0.3992616048535229,0.01967139581133411,0.14814814814814814,0.0,0.06822386042883888,0.9259259259259259,1.0,1.5034883090832595e-05,0.0,0.0,0.00016479170472874884,0.0,,0.001303330835515097,0.0,
no_explicit_geometry__V_+0.2__t0_1.0,no_explicit_geometry,cubic_frustrated,0.2,1.0,82,0.7249514025259107,0.3992633792571155,0.019706655911541634,0.14814814814814814,0.0,0.06820367945032872,0.9259259259259259,1.0,7.425875993933098e-06,0.0,0.0,0.00010225872438500556,0.0,,0.000909075046539237,0.0,
no_explicit_geometry__V_+0.2__t0_1.0,no_explicit_geometry,cubic_frustrated,0.2,1.0,83,0.7034430661071808,0.39928581381490885,0.019709824095327406,0.14814814814814814,0.0,0.06819062325526298,0.9259259259259259,1.0,4.924522072052293e-06,0.0,0.0,6.742965224950314e-05,0.0,,0.0006282625918503098,0.0,
no_explicit_geometry__V_+0.2__t0_1.0,no_explicit_geometry,cubic_frustrated,0.2,1.0,84,0.8394820690445618,0.3992724605323556,0.01969174955593961,0.14814814814814814,0.0,0.06817725653348072,0.9259259259259259,1.0,7.191652394115139e-06,0.0,0.0,8.412213536799716e-05,0.0,,0.0006768187509974518,0.0,
no_explicit_geometry__V_+0.2__t0_1.0,no_explicit_geometry,cubic_frustrated,0.2,1.0,85,1.7270450101191064,0.39925156372605136,0.019607940240886808,0.14814814814814814,0.0,0.06819623769882527,0.9259259259259259,1.0,1.9549138936418616e-05,0.0,0.0,0.00019725432604685358,0.0,,0.0014555098834279547,0.0,
no_explicit_geometry__V_+0.2__t0_1.0,no_explicit_geometry,cubic_frustrated,0.2,1.0,86,0.7358154375278548,0.3992438590057141,0.019667660414062278,0.14814814814814814,0.0,0.06817581497348708,0.9259259259259259,1.0,8.285413122761069e-06,0.0,0.0,0.00011358459767976666,0.0,,0.001005798095907035,0.0,
no_explicit_geometry__V_+0.2__t0_1.0,no_explicit_geometry,cubic_frustrated,0.2,1.0,87,1.2146960072779818,0.3992700474490547,0.01958710781595877,0.14814814814814814,0.0,0.0681874550002031,0.9259259259259259,1.0,1.8944430671231164e-05,0.0,0.0,0.00019979040357068537,0.0,,0.0015406272903226708,0.0,
no_explicit_geometry__V_+0.2__t0_1.0,no_explicit_geometry,cubic_frustrated,0.2,1.0,88,0.7324552396824432,0.3992480619042917,0.019639485623031788,0.14814814814814814,0.0,0.06816265151993167,0.9259259259259259,1.0,9.737530996833026e-06,0.0,0.0,0.00012936680086292365,0.0,,0.0011297432124905465,0.0,
no_explicit_geometry__V_+0.2__t0_1.0,no_explicit_geometry,cubic_frustrated,0.2,1.0,89,1.0889819457046583,0.399256258759542,0.019561627732140936,0.14814814814814814,0.0,0.06816935648301418,0.9259259259259259,1.0,1.9175790441375695e-05,0.0,0.0,0.00020407322967224114,0.0,,0.0015928535742597914,0.0,
no_explicit_geometry__V_+0.2__t0_1.0,no_explicit_geometry,cubic_frustrated,0.2,1.0,90,1.0633114729715403,0.3992222041494909,0.01946000644671789,0.14814814814814814,0.0,0.06820352184893706,0.9259259259259259,1.0,2.707355599502159e-05,0.0,0.0,0.0002938723423309199,0.0,,0.0022320696821611693,0.0,
no_explicit_geometry__V_+0.2__t0_1.0,no_explicit_geometry,cubic_frustrated,0.2,1.0,91,0.7618205593329622,0.39922184008610123,0.019525400120222452,0.14814814814814814,0.0,0.06818775788119175,0.9259259259259259,1.0,1.979928371228313e-05,0.0,0.0,0.00023409732348705009,0.0,,0.0019779569977933747,0.0,
no_explicit_geometry__V_+0.2__t0_1.0,no_explicit_geometry,cubic_frustrated,0.2,1.0,92,0.7389743712029357,0.3992647908204978,0.019549607128041116,0.14814814814814814,0.0,0.06815855303340682,0.9259259259259259,1.0,1.6023466869964145e-05,0.0,0.0,0.00019969503432000748,0.0,,0.0016847121725685871,0.0,
no_explicit_geometry__V_+0.2__t0_1.0,no_explicit_geometry,cubic_frustrated,0.2,1.0,93,0.7131515069064921,0.3992721952940339,0.01959195431172971,0.14814814814814814,0.0,0.0681260547647673,0.9259259259259259,1.0,9.376311198213394e-06,0.0,0.0,0.00012544446424744867,0.0,,0.0011640545949420699,0.0,
no_explicit_geometry__V_+0.2__t0_1.0,no_explicit_geometry,cubic_frustrated,0.2,1.0,94,0.7048699982292408,0.3992698061949741,0.01959581557752635,0.14814814814814814,0.0,0.06810079268748179,0.9259259259259259,1.0,6.703111235904338e-06,0.0,0.0,9.117628058941547e-05,0.0,,0.0008268769763169445,0.0,
no_explicit_geometry__V_+0.2__t0_1.0,no_explicit_geometry,cubic_frustrated,0.2,1.0,95,0.7099012512274228,0.39925462844926757,0.0195911707320884,0.14814814814814814,0.0,0.06808467123322798,0.9259259259259259,1.0,5.0629985260134225e-06,0.0,0.0,6.696792396180279e-05,0.0,,0.0006118637017587471,0.0,
no_explicit_geometry__V_+0.2__t0_1.0,no_explicit_geometry,cubic_frustrated,0.2,1.0,96,1.5730866637376562,0.3992442254337073,0.019535081450831705,0.14814814814814814,0.0,0.0680926099475811,0.9259259259259259,1.0,1.5209823841603631e-05,0.0,0.0,0.00015879429517707272,0.0,,0.0011693537394770737,0.0,
no_explicit_geometry__V_+0.2__t0_1.0,no_explicit_geometry,cubic_frustrated,0.2,1.0,97,0.7754846190733271,0.39922993059676415,0.019548802473438612,0.14814814814814814,0.0,0.06808316638455285,0.9259259259259259,1.0,1.0954797582478924e-05,0.0,0.0,0.00012863252239567302,0.0,,0.001073392828028958,0.0,
no_explicit_geometry__V_+0.2__t0_1.0,no_explicit_geometry,cubic_frustrated,0.2,1.0,98,0.7155271255419395,0.39923822701876166,0.01956057316238989,0.14814814814814814,0.0,0.06806378499624044,0.9259259259259259,1.0,5.977907861020261e-06,0.0,0.0,8.318736089552726e-05,0.0,,0.0007469669582298428,0.0,
no_explicit_geometry__V_+0.2__t0_1.0,no_explicit_geometry,cubic_frustrated,0.2,1.0,99,0.930462387056704,0.3992417339028607,0.01953367279163578,0.14814814814814814,0.0,0.06805845664658176,0.9259259259259259,1.0,1.027809095924397e-05,0.0,0.0,0.00011287689940428633,0.0,,0.0009061420565368906,0.0,
no_explicit_geometry__V_+0.2__t0_1.0,no_explicit_geometry,cubic_frustrated,0.2,1.0,100,0.9854164987025075,0.3992423293113247,0.01950526383015735,0.14814814814814814,0.0,0.06806162779538864,0.9259259259259259,1.0,1.3962371359647599e-05,0.0,0.0,0.00015384320233511727,0.0,,0.0011838626893993765,0.0,
no_explicit_geometry__V_+0.2__t0_1.0,no_explicit_geometry,cubic_frustrated,0.2,1.0,101,0.8043963167518052,0.3992393260705011,0.01950070565866772,0.14814814814814814,0.0,0.06805438463785086,0.9259259259259259,1.0,1.2631022612263046e-05,0.0,0.0,0.00014491080219269434,0.0,,0.0011914935022529491,0.0,
no_explicit_geometry__V_+0.2__t0_1.0,no_explicit_geometry,cubic_frustrated,0.2,1.0,102,0.7188093193150581,0.39924384604502594,0.01952067351710927,0.14814814814814814,0.0,0.06803377261225796,0.9259259259259259,1.0,6.6901688572809624e-06,0.0,0.0,9.220720275413066e-05,0.0,,0.0008271685231316617,0.0,
no_explicit_geometry__V_+0.2__t0_1.0,no_explicit_geometry,cubic_frustrated,0.2,1.0,103,0.9127898649577432,0.39924793879757325,0.019490417679894356,0.14814814814814814,0.0,0.06802463554685943,0.9259259259259259,1.0,1.0973156578769949e-05,0.0,0.0,0.0001211803566500921,0.0,,0.000977674035271733,0.0,
no_explicit_geometry__V_+0.2__t0_1.0,no_explicit_geometry,cubic_frustrated,0.2,1.0,104,0.7550409986139461,0.39923727419251076,0.019494095749162166,0.14814814814814814,0.0,0.06801502341585618,0.9259259259259259,1.0,8.410744494629885e-06,0.0,0.0,0.00010314120739224642,0.0,,0.0008609826392920691,0.0,
no_explicit_geometry__V_+0.2__t0_1.0,no_explicit_geometry,cubic_frustrated,0.2,1.0,105,0.7139595058572468,0.39924225013783887,0.01949814785043578,0.14814814814814814,0.0,0.06800013305127056,0.9259259259259259,1.0,4.8430833614237015e-06,0.0,0.0,6.469491088687174e-05,0.0,,0.0005967508569184882,0.0,
no_explicit_geometry__V_+0.2__t0_1.0,no_explicit_geometry,cubic_frustrated,0.2,1.0,106,0.7279996442258878,0.3992361812100529,0.019485977947245853,0.14814814814814814,0.0,0.06798543724514267,0.9259259259259259,1.0,4.542310264073236e-06,0.0,0.0,5.817511569700871e-05,0.0,,0.000499921715131984,0.0,
no_explicit_geometry__V_+0.2__t0_1.0,no_explicit_geometry,cubic_frustrated,0.2,1.0,107,1.5476830799732089,0.39922890016981816,0.019444848481925243,0.14814814814814814,0.0,0.06798720624739851,0.9259259259259259,1.0,1.2458742955297649e-05,0.0,0.0,0.00012805324725154052,0.0,,0.0009608062343344347,0.0,
no_explicit_geometry__V_+0.2__t0_1.0,no_explicit_geometry,cubic_frustrated,0.2,1.0,108,0.9573160208178557,0.3992240741206708,0.019422767156945353,0.14814814814814814,0.0,0.06798932104015887,0.9259259259259259,1.0,1.4473449753057754e-05,0.0,0.0,0.00015971535229710907,0.0,,0.0012306264119656511,0.0,
no_explicit_geometry__V_+0.2__t0_1.0,no_explicit_geometry,cubic_frustrated,0.2,1.0,109,0.7440634064839166,0.39922365730402964,0.019434007637256282,0.14814814814814814,0.0,0.0679733911534992,0.9259259259259259,1.0,9.741493891821667e-06,0.0,0.0,0.0001184260882793787,0.0,,0.0010242140956360966,0.0,
no_explicit_geometry__V_+0.2__t0_1.0,no_explicit_geometry,cubic_frustrated,0.2,1.0,110,1.2051667619345086,0.39922205373541675,0.019357008126891444,0.14814814814814814,0.0,0.0679856565431542,0.9259259259259259,1.0,1.9371095680020654e-05,0.0,0.0,0.0002078307924819211,0.0,,0.0015713296886154594,0.0,
no_explicit_geometry__V_+0.2__t0_1.0,no_explicit_geometry,cubic_frustrated,0.2,1.0,111,1.0519418376722318,0.39918870428374875,0.01926028836689627,0.14814814814814814,0.0,0.06801317295295145,0.9259259259259259,1.0,2.640877629787119e-05,0.0,0.0,0.0002802776555585743,0.0,,0.0021698826973307805,0.0,
no_explicit_geometry__V_+0.2__t0_1.0,no_explicit_geometry,cubic_frustrated,0.2,1.0,112,0.785369977714991,0.3991819206268237,0.01929522474134555,0.14814814814814814,0.0,0.06800522843392437,0.9259259259259259,1.0,2.1395791033962384e-05,0.0,0.0,0.0002550388196584709,0.0,,0.0020705207133556083,0.0,
no_explicit_geometry__V_+0.2__t0_1.0,no_explicit_geometry,cubic_frustrated,0.2,1.0,113,0.7227668885992772,0.3992189584558588,0.019355576947713057,0.14814814814814814,0.0,0.0679653738729306,0.9259259259259259,1.0,1.3986436403333582e-05,0.0,0.0,0.00017656892188420167,0.0,,0.0015752520350932654,0.0,
no_explicit_geometry__V_+0.2__t0_1.0,no_explicit_geometry,cubic_frustrated,0.2,1.0,114,0.7082106758715533,0.3992374485366807,0.019385417778206897,0.14814814814814814,0.0,0.06793401964286883,0.9259259259259259,1.0,8.606226204231667e-06,0.0,0.0,0.00011934904917543122,0.0,,0.0010857402440330975,0.0,
no_explicit_geometry__V_+0.2__t0_1.0,no_explicit_geometry,cubic_frustrated,0.2,1.0,115,1.4216127500908118,0.39921742602354265,0.019252305004350795,0.14814814814814814,0.0,0.06796016963720171,0.9259259259259259,1.0,2.449023506000182e-05,0.0,0.0,0.00025235753943975224,0.0,,0.0019131217145348333,0.0,
no_explicit_geometry__V_+0.2__t0_1.0,no_explicit_geometry,cubic_frustrated,0.2,1.0,116,1.0630445976916272,0.3991568329201124,0.019110043582437463,0.14814814814814814,0.0,0.06801446882408745,0.9259259259259259,1.0,3.319104816190804e-05,0.0,0.0,0.0003592506208220931,0.0,,0.002715638650958439,0.0,
no_explicit_geometry__V_+0.2__t0_1.0,no_explicit_geometry,cubic_frustrated,0.2,1.0,117,0.728305425833478,0.399167903567508,0.01931740264700432,0.14814814814814814,0.0,0.06795690050263344,0.9259259259259259,1.0,1.4879472288386028e-05,0.0,0.0,0.00019946622047764716,0.0,,0.00183041945663254,0.0,
no_explicit_geometry__V_+0.2__t0_1.0,no_explicit_geometry,cubic_frustrated,0.2,1.0,118,0.8619264079029704,0.3992479756856399,0.01922902167707371,0.14814814814814814,0.0,0.06794732103419607,0.9259259259259259,1.0,2.212373299922571e-05,0.0,0.0,0.0002546268488306173,0.0,,0.0020357744370830934,0.0,
no_explicit_geometry__V_+0.2__t0_1.0,no_explicit_geometry,cubic_frustrated,0.2,1.0,119,0.727214337524004,0.3992085069450656,0.01930557871346633,0.14814814814814814,0.0,0.06791222078940688,0.9259259259259259,1.0,1.3462340942548905e-05,0.0,0.0,0.00017154712215825655,0.0,,0.0015318570802667004,0.0,
no_explicit_geometry__V_+0.2__t0_1.0,no_explicit_geometry,cubic_frustrated,0.2,1.0,120,1.073826610171552,0.39921312854003904,0.019176408183940688,0.14814814814814814,0.0,0.06792980893446211,0.9259259259259259,1.0,2.5412903411292643e-05,0.0,0.0,0.00027767572440651466,0.0,,0.0021270636381137504,0.0,
no_explicit_geometry__V_+0.2__t0_1.0,no_explicit_geometry,cubic_frustrated,0.2,1.0,121,0.7468918379329169,0.3991760703387615,0.019253871427000666,0.14814814814814814,0.0,0.06790640648514173,0.9259259259259259,1.0,1.6854660669626183e-05,0.0,0.0,0.00020511922183990918,0.0,,0.0017641734061321173,0.0,
no_explicit_geometry__V_+0.2__t0_1.0,no_explicit_geometry,cubic_frustrated,0.2,1.0,122,0.8268531698767004,0.3992130646746188,0.019214385307243488,0.14814814814814814,0.0,0.06790105412019613,0.9259259259259259,1.0,2.012756779806628e-05,0.0,0.0,0.00023384436871315772,0.0,,0.0018745364871772191,0.0,
no_explicit_geometry__V_+0.2__t0_1.0,no_explicit_geometry,cubic_frustrated,0.2,1.0,123,0.7241007580620019,0.399200674423615,0.01927524476078671,0.14814814814814814,0.0,0.06786847656203703,0.9259259259259259,1.0,1.2082374253854943e-05,0.0,0.0,0.00015483721942332362,0.0,,0.0013900914733320964,0.0,
no_explicit_geometry__V_+0.2__t0_1.0,no_explicit_geometry,cubic_frustrated,0.2,1.0,124,0.7080116913101295,0.39922648248986653,0.019291933019017528,0.14814814814814814,0.0,0.0678435787969917,0.9259259259259259,1.0,8.11636243920598e-06,0.0,0.0,0.00011039604555367938,0.0,,0.0009921855961946952,0.0,
no_explicit_geometry__V_+0.2__t0_1.0,no_explicit_geometry,cubic_frustrated,0.2,1.0,125,0.988914453343881,0.3992190960376408,0.019243013188317882,0.14814814814814814,0.0,0.06783959427037684,0.9259259259259259,1.0,1.4939155043456818e-05,0.0,0.0,0.00016170566735546624,0.0,,0.0012815155013631248,0.0,
no_explicit_geometry__V_+0.2__t0_1.0,no_explicit_geometry,cubic_frustrated,0.2,1.0,126,0.8036393112049335,0.39920117341355554,0.0192417220875969,0.14814814814814814,0.0,0.06783380247771359,0.9259259259259259,1.0,1.3492952707574527e-05,0.0,0.0,0.00015870258348838658,0.0,,0.0012824653297917705,0.0,
no_explicit_geometry__V_+0.2__t0_1.0,no_explicit_geometry,cubic_frustrated,0.2,1.0,127,0.7215150335125082,0.3992172855042802,0.01926398334474049,0.14814814814814814,0.0,0.06781552803412311,0.9259259259259259,1.0,8.150604298353195e-06,0.0,0.0,0.00010493261794495488,0.0,,0.0009451371444634577,0.0,
no_explicit_geometry__V_+0.2__t0_1.0,no_explicit_geometry,cubic_frustrated,0.2,1.0,128,0.756437118728793,0.3992221959265684,0.01925132349890678,0.14814814814814814,0.0,0.06780066869264662,0.9259259259259259,1.0,8.516490931109571e-06,0.0,0.0,0.0001036275287950394,0.0,,0.0008657773912447312,0.0,
no_explicit_geometry__V_+0.2__t0_1.0,no_explicit_geometry,cubic_frustrated,0.2,1.0,129,0.7418121797718611,0.39920399570818776,0.01924392040909345,0.14814814814814814,0.0,0.06778275034877328,0.9259259259259259,1.0,6.920320832829567e-06,0.0,0.0,8.48057161721425e-05,0.0,,0.0007343740179048612,0.0,
no_explicit_geometry__V_+0.2__t0_1.0,no_explicit_geometry,cubic_frustrated,0.2,1.0,130,1.0261805887077613,0.39919332450911565,0.019213608926244196,0.14814814814814814,0.0,0.06778013181173922,0.9259259259259259,1.0,1.1773548962758212e-05,0.0,0.0,0.00012892454390448288,0.0,,0.0009927694469252662,0.0,
no_explicit_geometry__V_+0.2__t0_1.0,no_explicit_geometry,cubic_frustrated,0.2,1.0,131,0.7606704586081549,0.3991843238171247,0.01921784096918327,0.14814814814814814,0.0,0.06776854549842172,0.9259259259259259,1.0,8.7492944435162e-06,0.0,0.0,0.00010359232872142604,0.0,,0.0008807744649952372,0.0,
no_explicit_geometry__V_+0.2__t0_1.0,no_explicit_geometry,cubic_frustrated,0.2,1.0,132,0.7154360567856449,0.3991900565829367,0.01921875465192386,0.14814814814814814,0.0,0.06775274264696403,0.9259259259259259,1.0,5.257134270568959e-06,0.0,0.0,7.074495984093374e-05,0.0,,0.0006319550130342833,0.0,
no_explicit_geometry__V_+0.2__t0_1.0,no_explicit_geometry,cubic_frustrated,0.2,1.0,133,1.885234053722579,0.39918352093451565,0.0191348788481132,0.14814814814814814,0.0,0.06776553255562554,0.9259259259259259,1.0,1.9007084338543114e-05,0.0,0.0,0.00019059541059457104,0.0,,0.0014096864198532568,0.0,
no_explicit_geometry__V_+0.2__t0_1.0,no_explicit_geometry,cubic_frustrated,0.2,1.0,134,0.7514850666075316,0.39917772059066237,0.01917569568547937,0.14814814814814814,0.0,0.0677558107983612,0.9259259259259259,1.0,1.1156390577609712e-05,0.0,0.0,0.00013944896125500655,0.0,,0.0011697651070431323,0.0,
no_explicit_geometry__V_+0.2__t0_1.0,no_explicit_geometry,cubic_frustrated,0.2,1.0,135,0.7153495009243009,0.39920787034607935,0.019179784883640756,0.14814814814814814,0.0,0.06773402509736626,0.9259259259259259,1.0,7.504894133575573e-06,0.0,0.0,9.662651431055643e-05,0.0,,0.0008728275702698569,0.0,
no_explicit_geometry__V_+0.2__t0_1.0,no_explicit_geometry,cubic_frustrated,0.2,1.0,136,1.0877508325903464,0.39919692419589853,0.019132614338533343,0.14814814814814814,0.0,0.06773342282284403,0.9259259259259259,1.0,1.4802546178418222e-05,0.0,0.0,0.0001606993574945629,0.0,,0.0012316974280967997,0.0,
no_explicit_geometry__V_+0.2__t0_1.0,no_explicit_geometry,cubic_frustrated,0.2,1.0,137,0.7378217809836798,0.3991881488887626,0.019154264468210443,0.14814814814814814,0.0,0.06771942350167694,0.9259259259259259,1.0,8.90443311965639e-06,0.0,0.0,0.00011089084052684778,0.0,,0.0009718491867010973,0.0,
no_explicit_geometry__V_+0.2__t0_1.0,no_explicit_geometry,cubic_frustrated,0.2,1.0,138,0.7349607623922214,0.399198681306522,0.01914555138853821,0.14814814814814814,0.0,0.06770108205142542,0.9259259259259259,1.0,7.810280468509668e-06,0.0,0.0,9.732409389752263e-05,0.0,,0.0008278237997842435,0.0,
no_explicit_geometry__V_+0.2__t0_1.0,no_explicit_geometry,cubic_frustrated,0.2,1.0,139,0.8795603730222539,0.3991948794545192,0.019125958827939993,0.14814814814814814,0.0,0.06769621466683703,0.9259259259259259,1.0,1.0452976295658404e-05,0.0,0.0,0.00011652753267979103,0.0,,0.0009432585244715497,0.0,
no_explicit_geometry__V_+0.2__t0_1.0,no_explicit_geometry,cubic_frustrated,0.2,1.0,140,0.7921381305461863,0.3991949859185871,0.01911848617777382,0.14814814814814814,0.0,0.06768639318215844,0.9259259259259259,1.0,9.52309091038187e-06,0.0,0.0,0.00011338055734394255,0.0,,0.0009247022912966787,0.0,
no_explicit_geometry__V_+0.2__t0_1.0,no_explicit_geometry,cubic_frustrated,0.2,1.0,141,0.719995122078336,0.3991914648364298,0.019120783939141645,0.14814814814814814,0.0,0.06766822099282703,0.9259259259259259,1.0,5.647003113909044e-06,0.0,0.0,7.395211730893508e-05,0.0,,0.0006729113415023822,0.0,
no_explicit_geometry__V_+0.2__t0_1.0,no_explicit_geometry,cubic_frustrated,0.2,1.0,142,0.7542157158833457,0.399188655415285,0.019108202123121035,0.14814814814814814,0.0,0.06765449851257298,0.9259259259259259,1.0,5.902672623765227e-06,0.0,0.0,7.205528600721707e-05,0.0,,0.0006063975202591725,0.0,
no_explicit_geometry__V_+0.2__t0_1.0,no_explicit_geometry,cubic_frustrated,0.2,1.0,143,0.7159965128871626,0.39919132636183824,0.019109226831644767,0.14814814814814814,0.0,0.06764652303997479,0.9259259259259259,1.0,3.3345196767289077e-06,0.0,0.0,4.516149263089263e-05,0.0,,0.0004186054897177876,0.0,
no_explicit_geometry__V_+0.2__t0_1.0,no_explicit_geometry,cubic_frustrated,0.2,1.0,144,0.8942916677365672,0.39919404189288976,0.019094670675136267,0.14814814814814814,0.0,0.06763747489838037,0.9259259259259259,1.0,5.336879282520518e-06,0.0,0.0,6.142351406079363e-05,0.0,,0.0004861021164034405,0.0,
no_explicit_geometry__V_+0.2__t0_1.0,no_explicit_geometry,cubic_frustrated,0.2,1.0,145,0.7236371786335224,0.3991767026796308,0.019084269023372066,0.14814814814814814,0.0,0.06762119021814736,0.9259259259259259,1.0,2.6469417341933603e-06,0.0,0.0,3.6546051531967846e-05,0.0,,0.0003351256300393892,0.0,
no_explicit_geometry__V_+0.2__t0_1.0,no_explicit_geometry,cubic_frustrated,0.2,1.0,146,0.7130895089858889,0.3991770016466923,0.01907677232637437,0.14814814814814814,0.0,0.06761302120829046,0.9259259259259259,1.0,2.1238586245944777e-06,0.0,0.0,2.984971775887908e-05,0.0,,0.00026196663590339405,0.0,
no_explicit_geometry__V_+0.2__t0_1.0,no_explicit_geometry,cubic_frustrated,0.2,1.0,147,0.7101685865041283,0.39918033132250214,0.019065903515166658,0.14814814814814814,0.0,0.06760168892876887,0.9259259259259259,1.0,1.384079378780748e-06,0.0,0.0,1.9211576921883245e-05,0.0,,0.00018185978984447648,0.0,
no_explicit_geometry__V_+0.2__t0_1.2,no_explicit_geometry,cubic_frustrated,0.2,1.2,1,,,0.0030742076522892714,0.14814814814814814,0.0,9.990816018512298e-06,0.8888888888888888,1.0,0.00019945036245878103,0.0,0.0,0.000858446037835096,0.0,,0.012172382351649004,0.0,
no_explicit_geometry__V_+0.2__t0_1.2,no_explicit_geometry,cubic_frustrated,0.2,1.2,2,0.7486591377185876,0.04800913127973702,0.0026066471189346947,0.14814814814814814,0.0,1.2890485231314371e-05,0.8888888888888888,1.0,0.00032382843732698194,0.0,0.0,0.0012167757042659726,0.0,,0.020943472259831244,0.0,
no_explicit_geometry__V_+0.2__t0_1.2,no_explicit_geometry,cubic_frustrated,0.2,1.2,3,0.11209925233614633,0.025481812148102478,0.001252002824179075,0.14814814814814814,0.0,1.8329242445090995e-05,0.8888888888888888,1.0,0.0003239963776075175,0.0,0.0,0.0012839494222823492,0.0,,0.023130821952620038,0.0,
no_explicit_geometry__V_+0.2__t0_1.2,no_explicit_geometry,cubic_frustrated,0.2,1.2,4,0.04042482265461431,0.014353765318965355,0.0008898308151014724,0.14814814814814814,0.0,2.5907347231349425e-05,0.8888888888888888,1.0,0.00032879447140889286,0.0,0.0,0.0012933017482344863,0.0,,0.023735196002351928,0.0,
no_explicit_geometry__V_+0.2__t0_1.2,no_explicit_geometry,cubic_frustrated,0.2,1.2,5,0.014489774142521044,0.0076073079777725094,0.00032736894102334684,0.07407407407407407,0.0,3.538778049821399e-05,0.9629629629629629,1.0,0.00032803595646959164,0.0,0.0,0.0012944377969253717,0.0,,0.02385951953314826,0.0,
no_explicit_geometry__V_+0.2__t0_1.2,no_explicit_geometry,cubic_frustrated,0.2,1.2,6,0.007912693294464304,0.004124243362703164,0.00035547138623319836,0.14814814814814814,0.0,5.387267821178475e-05,0.8888888888888888,1.0,0.00032880318166014473,0.0,0.0,0.0012952607911124049,0.0,,0.023900498435302626,0.0,
no_explicit_geometry__V_+0.2__t0_1.2,no_explicit_geometry,cubic_frustrated,0.2,1.2,7,0.004364509418760926,0.0023849941573419794,0.00026517379311800953,0.07407407407407407,0.0,8.386432306132839e-05,0.8888888888888888,1.0,0.0003287381756746611,0.0,0.0,0.0012959019163671837,0.0,,0.0239223905481999,0.0,
no_explicit_geometry__V_+0.2__t0_1.2,no_explicit_geometry,cubic_frustrated,0.2,1.2,8,0.00346978303951122,0.0019760469619712067,0.00027372021058595414,0.037037037037037035,0.0,0.00012793757106705915,0.8888888888888888,1.0,0.0003286154123756072,0.0,0.0,0.0012954515413636843,0.0,,0.023915720991424905,0.0,
no_explicit_geometry__V_+0.2__t0_1.2,no_explicit_geometry,cubic_frustrated,0.2,1.2,9,0.004552454744619416,0.002682597101832282,0.0002595394029515028,0.07407407407407407,0.0,0.00020560889221871362,0.8888888888888888,1.0,0.000328567332737924,0.0,0.0,0.001294440232385047,0.0,,0.02390474853239798,0.0,
no_explicit_geometry__V_+0.2__t0_1.2,no_explicit_geometry,cubic_frustrated,0.2,1.2,10,0.007307888132525257,0.00438504672949551,0.00027078189660783626,0.037037037037037035,0.0,0.00032448820804395744,0.8888888888888888,1.0,0.0003285411837812254,0.0,0.0,0.0012953010700447244,0.0,,0.023900667349819847,0.0,
no_explicit_geometry__V_+0.2__t0_1.2,no_explicit_geometry,cubic_frustrated,0.2,1.2,11,0.012141647602914087,0.007349339017128542,0.00026345740765700454,0.037037037037037035,0.0,0.000514976648275291,0.8888888888888888,1.0,0.00032840640895210097,0.0,0.0,0.001293328287273951,0.0,,0.023898176244635506,0.0,
no_explicit_geometry__V_+0.2__t0_1.2,no_explicit_geometry,cubic_frustrated,0.2,1.2,12,0.020426603210829484,0.012438112545624826,0.0002718460892227063,0.037037037037037035,0.0,0.0008421718406663525,0.8888888888888888,1.0,0.00032841935521570374,0.0,0.0,0.00129563643405096,0.0,,0.023892874193445074,0.0,
no_explicit_geometry__V_+0.2__t0_1.2,no_explicit_geometry,cubic_frustrated,0.2,1.2,13,0.034424454483762655,0.021020455296347537,0.0002721894655198296,0.07407407407407407,0.0,0.0013501816023167323,0.8888888888888888,1.0,0.000328410034408128,0.0,0.0,0.001290223830868741,0.0,,0.023889126961965542,0.0,
no_explicit_geometry__V_+0.2__t0_1.2,no_explicit_geometry,cubic_frustrated,0.2,1.2,14,0.05778164556014103,0.03538135957062296,0.00031632025309013536,0.07407407407407407,0.0,0.002185751890216093,0.8888888888888888,1.0,0.0003273804621056654,0.0,0.0,0.0012909112959399401,0.0,,0.023822978706449602,0.0,
no_explicit_geometry__V_+0.2__t0_1.2,no_explicit_geometry,cubic_frustrated,0.2,1.2,15,0.09586119218605466,0.058653298584531215,0.00041837631713953385,0.07407407407407407,0.0,0.0035496940112375356,0.8888888888888888,1.0,0.00032529480608236964,0.0,0.0,0.001263099822810592,0.0,,0.02363727234029376,0.0,
no_explicit_geometry__V_+0.2__t0_1.2,no_explicit_geometry,cubic_frustrated,0.2,1.2,16,0.15250238658866025,0.09333652537879455,0.0007918102058339356,0.18518518518518517,0.0,0.005640628058817691,0.8888888888888888,1.0,0.0003194735465682002,0.0,0.0,0.0012362696461851077,0.0,,0.023169294087743,0.0,
no_explicit_geometry__V_+0.2__t0_1.2,no_explicit_geometry,cubic_frustrated,0.2,1.2,17,0.22431416778475177,0.13841647358257556,0.0017160899169365031,0.18518518518518517,0.0,0.008881484169835642,0.9259259259259259,1.0,0.0003077638452936972,0.0,0.0,0.0011570316099727839,0.0,,0.022166032764350738,0.0,
no_explicit_geometry__V_+0.2__t0_1.2,no_explicit_geometry,cubic_frustrated,0.2,1.2,18,0.305959829403106,0.18910882642227464,0.003103693251176309,0.18518518518518517,0.0,0.013589332111388833,0.9259259259259259,1.0,0.00028712603344039,0.0,0.0,0.0010508780236702254,0.0,,0.02041870630099105,0.0,
no_explicit_geometry__V_+0.2__t0_1.2,no_explicit_geometry,cubic_frustrated,0.2,1.2,19,0.3974272328249353,0.2401403293312106,0.004971001824520515,0.18518518518518517,0.0,0.019113973830746235,0.9259259259259259,1.0,0.0002523437751205528,0.0,0.0,0.0010878952164136365,0.9056603773584906,,0.017573312452336287,0.0,
no_explicit_geometry__V_+0.2__t0_1.2,no_explicit_geometry,cubic_frustrated,0.2,1.2,20,0.48184497371381274,0.28302288125365704,0.006456008060497528,0.18518518518518517,0.0,0.023570533249052533,0.9259259259259259,1.0,0.00022539113686858387,0.0,0.0,0.0009753453935516976,0.9056603773584906,,0.014782511498105347,0.0,
no_explicit_geometry__V_+0.2__t0_1.2,no_explicit_geometry,cubic_frustrated,0.2,1.2,21,0.5507023784668912,0.31021571742105886,0.007178677684264766,0.18518518518518517,0.0,0.026140136192311803,0.9259259259259259,1.0,0.0002198491813461485,0.0,0.0,0.0008946941917676068,0.9056603773584906,,0.013260278426164005,0.0,
no_explicit_geometry__V_+0.2__t0_1.2,no_explicit_geometry,cubic_frustrated,0.2,1.2,22,0.5848696594173901,0.32376710941549436,0.007813816923262305,0.18518518518518517,0.0,0.02749182515227872,0.9259259259259259,1.0,0.0002107191889199036,0.0,0.0,0.0007970789478835097,0.9056603773584906,,0.012210837810143786,0.0,
no_explicit_geometry__V_+0.2__t0_1.2,no_explicit_geometry,cubic_frustrated,0.2,1.2,23,0.6143257389662733,0.329873989283181,0.00797324715057135,0.18518518518518517,0.0,0.02824107196907438,0.9259259259259259,1.0,0.00021322844977419652,0.0,0.0,0.0007956000468009555,0.9056603773584906,,0.01193884296427862,0.0,
no_explicit_geometry__V_+0.2__t0_1.2,no_explicit_geometry,cubic_frustrated,0.2,1.2,24,0.6398199749656005,0.33173774002156026,0.007901082357229219,0.18518518518518517,0.0,0.02869113902501456,0.9259259259259259,1.0,0.0002245070128289387,0.0,0.0,0.0007947362568930816,0.9056603773584906,,0.01231634318742831,0.0,
no_explicit_geometry__V_+0.2__t0_1.2,no_explicit_geometry,cubic_frustrated,0.2,1.2,25,0.6236599208090808,0.3322533240555868,0.008113106573446376,0.18518518518518517,0.0,0.02904556481733894,0.9259259259259259,1.0,0.00021785384615792132,0.0,0.0,0.000803672458160678,0.9056603773584906,,0.012064698272279085,0.0,
no_explicit_geometry__V_+0.2__t0_1.2,no_explicit_geometry,cubic_frustrated,0.2,1.2,26,0.6299214744255881,0.33281760044842434,0.008155360895002321,0.18518518518518517,0.0,0.029353396331672704,0.9259259259259259,1.0,0.00021937418201119907,0.0,0.0,0.0007811733469532478,0.9056603773584906,,0.012073765798953244,0.0,
no_explicit_geometry__V_+0.2__t0_1.2,no_explicit_geometry,cubic_frustrated,0.2,1.2,27,0.633246987752015,0.3328518824696713,0.008172139810704849,0.18518518518518517,0.0,0.029615861061491215,0.9259259259259259,1.0,0.0002214108503843182,0.0,0.0,0.0008115044936804493,0.9056603773584906,,0.012144168273508726,0.0,
no_explicit_geometry__V_+0.2__t0_1.2,no_explicit_geometry,cubic_frustrated,0.2,1.2,28,0.6422157729087524,0.3325528549200006,0.008043700311966264,0.18518518518518517,0.0,0.02984549544356823,0.9259259259259259,1.0,0.00022918795966955042,0.0,0.0,0.0008100171692753153,0.9056603773584906,,0.012501445122369923,0.0,
no_explicit_geometry__V_+0.2__t0_1.2,no_explicit_geometry,cubic_frustrated,0.2,1.2,29,0.621441932497595,0.3324952486445791,0.008337396270363501,0.18518518518518517,0.0,0.03006443584536109,0.9259259259259259,1.0,0.00021884373933786136,0.0,0.0,0.0008156315887463041,0.9056603773584906,,0.012121395258007628,0.0,
no_explicit_geometry__V_+0.2__t0_1.2,no_explicit_geometry,cubic_frustrated,0.2,1.2,30,0.6317485089222019,0.33294614390457317,0.00829954613431401,0.18518518518518517,0.0,0.030284645480178396,0.9259259259259259,1.0,0.00022154873780052877,0.0,0.0,0.0007920662358678842,0.9056603773584906,,0.01216098823673906,0.0,
no_explicit_geometry__V_+0.2__t0_1.2,no_explicit_geometry,cubic_frustrated,0.2,1.2,31,0.6282046824084493,0.33294570633123566,0.008411604822424286,0.18518518518518517,0.0,0.03048777767641392,0.9259259259259259,1.0,0.00021850960565622843,0.0,0.0,0.0008095544967995735,0.9056603773584906,,0.01202371549435205,0.0,
no_explicit_geometry__V_+0.2__t0_1.2,no_explicit_geometry,cubic_frustrated,0.2,1.2,32,0.6462284806362698,0.3327636528932566,0.008163325923602782,0.18518518518518517,0.0,0.03067319550192936,0.9259259259259259,1.0,0.0002293105963729977,0.0,0.0,0.0008116507073388752,0.9056603773584906,,0.012471447814252277,0.0,
no_explicit_geometry__V_+0.2__t0_1.2,no_explicit_geometry,cubic_frustrated,0.2,1.2,33,0.6286830637643385,0.33233370824407016,0.008335483491015325,0.18518518518518517,0.0,0.030832142530262913,0.9259259259259259,1.0,0.0002240864896247177,0.0,0.0,0.0008326142889142294,0.9056603773584906,,0.012334132456989238,0.0,
no_explicit_geometry__V_+0.2__t0_1.2,no_explicit_geometry,cubic_frustrated,0.2,1.2,34,0.6233446722879413,0.33278769311466116,0.008483278917692592,0.18518518518518517,0.0,0.031004821340856917,0.9259259259259259,1.0,0.00021804304992042975,0.0,0.0,0.0007889435147561011,0.9056603773584906,,0.01204946976207416,0.0,
no_explicit_geometry__V_+0.2__t0_1.2,no_explicit_geometry,cubic_frustrated,0.2,1.2,35,0.6407693525232665,0.3328723420851961,0.00829939461383633,0.18518518518518517,0.0,0.03117625254851043,0.9259259259259259,1.0,0.0002259598746097513,0.0,0.0,0.0008293172188430642,0.9056603773584906,,0.012313216195860177,0.0,
no_explicit_geometry__V_+0.2__t0_1.2,no_explicit_geometry,cubic_frustrated,0.2,1.2,36,0.639801718833353,0.3323081541599575,0.008224256687572649,0.18518518518518517,0.0,0.03131604816428165,0.9259259259259259,1.0,0.00022999975193092968,0.0,0.0,0.0008197570895355074,0.9056603773584906,,0.012558514901369753,0.0,
no_explicit_geometry__V_+0.2__t0_1.2,no_explicit_geometry,cubic_frustrated,0.2,1.2,37,0.6158061173189282,0.33262821476789906,0.008618188578627686,0.18518518518518517,0.0,0.03146180924764031,0.9259259259259259,1.0,0.0002139538922634889,0.0,0.0,0.0008073812575939965,0.9056603773584906,,0.01190177638900297,0.0,
no_explicit_geometry__V_+0.2__t0_1.2,no_explicit_geometry,cubic_frustrated,0.2,1.2,38,0.634524787501995,0.33330458225564713,0.008470836078884101,0.18518518518518517,0.0,0.03162327099542082,0.9259259259259259,1.0,0.00021916686100267443,0.0,0.0,0.0007826373569701888,0.9056603773584906,,0.01199068475221982,0.0,
no_explicit_geometry__V_+0.2__t0_1.2,no_explicit_geometry,cubic_frustrated,0.2,1.2,39,0.6342199369341502,0.33307360592417734,0.00848366877105792,0.18518518518518517,0.0,0.031772551687925435,0.9259259259259259,1.0,0.00021934319388233658,0.0,0.0,0.0008097063021913583,0.9056603773584906,,0.012003143745620816,0.0,
no_explicit_geometry__V_+0.2__t0_1.2,no_explicit_geometry,cubic_frustrated,0.2,1.2,40,0.6520768698221108,0.33262395918599585,0.008142383525533457,0.18518518518518517,0.0,0.031896663871293286,0.9259259259259259,1.0,0.00023230403279014215,0.0,0.0,0.0008189870255333612,0.9056603773584906,,0.012583174293980695,0.0,
no_explicit_geometry__V_+0.2__t0_1.2,no_explicit_geometry,cubic_frustrated,0.2,1.2,41,0.6133969553886434,0.3326379464707069,0.008698208378535514,0.18518518518518517,0.0,0.03200530971413131,0.9259259259259259,1.0,0.0002107075974360076,0.0,0.0,0.0007979053704606463,0.9056603773584906,,0.011759047314982713,0.0,
no_explicit_geometry__V_+0.2__t0_1.2,no_explicit_geometry,cubic_frustrated,0.2,1.2,42,0.657520311243638,0.33308274521003584,0.008139070934426073,0.18518518518518517,0.0,0.03213694853528072,0.9259259259259259,1.0,0.00023125910468601603,0.0,0.0,0.0008099702067805708,0.9056603773584906,,0.012483513023948841,0.0,
no_explicit_geometry__V_+0.2__t0_1.2,no_explicit_geometry,cubic_frustrated,0.2,1.2,43,0.6154055244938239,0.3327202158658233,0.008705684074229118,0.18518518518518517,0.0,0.032232602468245795,0.9259259259259259,1.0,0.0002103712929725582,0.0,0.0,0.0007936795563438358,0.9056603773584906,,0.011719052460456339,0.0,
no_explicit_geometry__V_+0.2__t0_1.2,no_explicit_geometry,cubic_frustrated,0.2,1.2,44,0.6460128069939853,0.33336674766595764,0.008337544908505915,0.18518518518518517,0.0,0.03236050073457043,0.9259259259259259,1.0,0.00022332421125281112,0.0,0.0,0.0007867023745888567,0.9056603773584906,,0.01212441928131361,0.0,
no_explicit_geometry__V_+0.2__t0_1.2,no_explicit_geometry,cubic_frustrated,0.2,1.2,45,0.6375988137639713,0.33268678340974467,0.008358331270690928,0.18518518518518517,0.0,0.03245927173377279,0.9259259259259259,1.0,0.00022377035500748858,0.0,0.0,0.0008227538596453866,0.9056603773584906,,0.012222283391772722,0.0,
no_explicit_geometry__V_+0.2__t0_1.2,no_explicit_geometry,cubic_frustrated,0.2,1.2,46,0.622561748344825,0.3329666440639201,0.00855977869794495,0.18518518518518517,0.0,0.03255651015060871,0.9259259259259259,1.0,0.00021419977440034738,0.0,0.0,0.0007714331931236994,0.9056603773584906,,0.011834945761305856,0.0,
no_explicit_geometry__V_+0.2__t0_1.2,no_explicit_geometry,cubic_frustrated,0.2,1.2,47,0.6460615538637975,0.3331191435982173,0.008279501760611296,0.18518518518518517,0.0,0.032658260827894255,0.9259259259259259,1.0,0.00022517055176806008,0.0,0.0,0.0008186782932541149,0.9056603773584906,,0.012208967455162669,0.0,
no_explicit_geometry__V_+0.2__t0_1.2,no_explicit_geometry,cubic_frustrated,0.2,1.2,48,0.6270850583038026,0.3328021594181741,0.008469395437422134,0.18518518518518517,0.0,0.03274258351723425,0.9259259259259259,1.0,0.000217378107763629,0.0,0.0,0.0007778261130459137,0.9056603773584906,,0.011964331128601262,0.0,
no_explicit_geometry__V_+0.2__t0_1.2,no_explicit_geometry,cubic_frustrated,0.2,1.2,49,0.6287127928713263,0.33324754225311204,0.008491829880578713,0.18518518518518517,0.0,0.03283267558229389,0.9259259259259259,1.0,0.00021507400989894705,0.0,0.0,0.0007928429258099006,0.9056603773584906,,0.011800211624512285,0.0,
no_explicit_geometry__V_+0.2__t0_1.2,no_explicit_geometry,cubic_frustrated,0.2,1.2,50,0.6445498258814545,0.3332789133143018,0.008318038393793057,0.18518518518518517,0.0,0.03297633901130092,0.9259259259259259,1.0,0.0002225763665559675,0.0,0.0,0.0007772372072144235,0.9056603773584906,,0.012097391031887795,0.0,
no_explicit_geometry__V_+0.2__t0_1.2,no_explicit_geometry,cubic_frustrated,0.2,1.2,51,0.6408743663414878,0.3328122063216303,0.008214179202436509,0.18518518518518517,0.0,0.033039352897196485,0.9259259259259259,1.0,0.00022547734980602477,0.0,0.0,0.0008188727498082654,0.9056603773584906,,0.012262707398532947,0.0,
no_explicit_geometry__V_+0.2__t0_1.2,no_explicit_geometry,cubic_frustrated,0.2,1.2,52,0.6350151479084912,0.3325242335047016,0.00821734085792774,0.18518518518518517,0.0,0.03310579817463627,0.9259259259259259,1.0,0.00022492589909586206,0.0,0.0,0.0007914496518173818,0.9056603773584906,,0.012291964446178024,0.0,
no_explicit_geometry__V_+0.2__t0_1.2,no_explicit_geometry,cubic_frustrated,0.2,1.2,53,0.6322047305465849,0.33256080776524516,0.008237118122692866,0.18518518518518517,0.0,0.033173519887269715,0.9259259259259259,1.0,0.00022323060626863007,0.0,0.0,0.000815223642790946,0.9056603773584906,,0.012211284069775789,0.0,
no_explicit_geometry__V_+0.2__t0_1.2,no_explicit_geometry,cubic_frustrated,0.2,1.2,54,0.635658491364004,0.33259673158086517,0.008185611314670075,0.18518518518518517,0.0,0.03324817870197423,0.9259259259259259,1.0,0.00022462014595897012,0.0,0.0,0.000787304909893794,0.9056603773584906,,0.012261542240849183,0.0,
no_explicit_geometry__V_+0.2__t0_1.2,no_explicit_geometry,cubic_frustrated,0.2,1.2,55,0.6336207816816277,0.3325700395476861,0.008198179056497295,0.18518518518518517,0.0,0.03331381472556856,0.9259259259259259,1.0,0.00022354198860546857,0.0,0.0,0.0008136596682496496,0.9056603773584906,,0.012218684511704566,0.0,
no_explicit_geometry__V_+0.2__t0_1.2,no_explicit_geometry,cubic_frustrated,0.2,1.2,56,0.6351682100753503,0.33260060149981735,0.008154901460326356,0.18518518518518517,0.0,0.03337938041973739,0.9259259259259259,1.0,0.00022421846771224658,0.0,0.0,0.0007845674113866232,0.9056603773584906,,0.012245284132975058,0.0,
no_explicit_geometry__V_+0.2__t0_1.2,no_explicit_geometry,cubic_frustrated,0.2,1.2,57,0.6426358509509236,0.3323521000969534,0.007995833469936766,0.18518518518518517,0.0,0.03344239533640939,0.9259259259259259,1.0,0.0002301416032970563,0.0,0.0,0.0008297129938169775,0.9056603773584906,,0.012494189275254879,0.0,
no_explicit_geometry__V_+0.2__t0_1.2,no_explicit_geometry,cubic_frustrated,0.2,1.2,58,0.6262334595139682,0.3322988755624617,0.00819076025820149,0.18518518518518517,0.0,0.033495690075639385,0.9259259259259259,1.0,0.00022183638401914637,0.0,0.0,0.0007818363523043576,0.9056603773584906,,0.012198300925234232,0.0,
no_explicit_geometry__V_+0.2__t0_1.2,no_explicit_geometry,cubic_frustrated,0.2,1.2,59,0.6238296206660857,0.33296383715833494,0.008322186826830055,0.18518518518518517,0.0,0.033540440675994654,0.9259259259259259,1.0,0.00021534823066052383,0.0,0.0,0.0007904851044383116,0.9056603773584906,,0.01185123196247395,0.0,
no_explicit_geometry__V_+0.2__t0_1.2,no_explicit_geometry,cubic_frustrated,0.2,1.2,60,0.6526445455272315,0.3328579257847758,0.007954083687215051,0.18518518518518517,0.0,0.03359900362643841,0.9259259259259259,1.0,0.00022963002098557096,0.0,0.0,0.0007908306184956493,0.9056603773584906,,0.012405149758279669,0.0,
no_explicit_geometry__V_+0.2__t0_1.4,no_explicit_geometry,cubic_frustrated,0.2,1.4,1,,,0.0030714491315219942,0.14814814814814814,0.0,7.886231393308672e-06,0.9259259259259259,1.0,0.0005333343462932808,0.0,0.0,0.00010245077135795286,0.11320754716981132,,0.022160827073360596,0.0,
no_explicit_geometry__V_+0.2__t0_1.4,no_explicit_geometry,cubic_frustrated,0.2,1.4,2,0.8053457206723077,0.04622186635932143,0.0031314145539830863,0.14814814814814814,0.0,1.8025257071003537e-05,0.9259259259259259,1.0,0.0010081987246803132,0.0,0.0,0.00010477932008617147,0.1509433962264151,,0.03782922280051967,0.0,
no_explicit_geometry__V_+0.2__t0_1.4,no_explicit_geometry,cubic_frustrated,0.2,1.4,3,0.12147250421394722,0.027808831997895737,0.0012775131011039064,0.14814814814814814,0.0,2.117127459999513e-05,0.9259259259259259,1.0,0.0010970353125105154,0.0,0.0,7.398055692148281e-05,0.0,,0.04202673938034836,0.0,
no_explicit_geometry__V_+0.2__t0_1.4,no_explicit_geometry,cubic_frustrated,0.2,1.4,4,0.0413575745097955,0.014433202668961486,0.0008692824131479564,0.14814814814814814,0.0,3.2348346613468493e-05,0.9259259259259259,1.0,0.0011305440991166678,0.0,0.0,7.338222428732997e-05,0.0,,0.04277526750378188,0.0,
no_explicit_geometry__V_+0.2__t0_1.4,no_explicit_geometry,cubic_frustrated,0.2,1.4,5,0.013850229910994253,0.00718278187812329,0.000199164044292305,0.14814814814814814,0.0,4.767481345819918e-05,0.9259259259259259,1.0,0.0011368691490575282,0.0,0.0,7.154737667707085e-05,0.0,,0.043051553265119,0.0,
no_explicit_geometry__V_+0.2__t0_1.4,no_explicit_geometry,cubic_frustrated,0.2,1.4,6,0.007343359269578562,0.0035941988557792134,0.000306300792498262,0.14814814814814814,0.0,6.628879957401533e-05,0.9259259259259259,1.0,0.0011395706509550998,0.0,0.0,6.984460413448777e-05,0.0,,0.04307279799193118,0.0,
no_explicit_geometry__V_+0.2__t0_1.4,no_explicit_geometry,cubic_frustrated,0.2,1.4,7,0.003271699708045493,0.0018661465519606833,0.00013653614427098257,0.07407407407407407,0.0,8.30292372209901e-05,0.9259259259259259,1.0,0.001140554518939808,0.0,0.0,6.914350554330607e-05,0.0,,0.04310752634856209,0.0,
no_explicit_geometry__V_+0.2__t0_1.4,no_explicit_geometry,cubic_frustrated,0.2,1.4,8,0.002218585185094155,0.0012393886364899555,0.00018225858494340188,0.1111111111111111,0.0,0.00010566166608616477,0.9259259259259259,1.0,0.0011398639229661769,0.0,0.0,7.032646945710246e-05,0.0,,0.04309582417209229,0.0,
no_explicit_geometry__V_+0.2__t0_1.4,no_explicit_geometry,cubic_frustrated,0.2,1.4,9,0.0017188926127406226,0.001029301548552624,0.0001482557555792913,0.07407407407407407,0.0,0.00012964258515899953,0.9259259259259259,1.0,0.0011397505943184028,0.0,0.0,7.113264801551359e-05,0.0,,0.04309241651168658,0.0,
no_explicit_geometry__V_+0.2__t0_1.4,no_explicit_geometry,cubic_frustrated,0.2,1.4,10,0.002243637794831769,0.001299288737667103,0.00016050952666750955,0.1111111111111111,0.0,0.00016154057750323921,0.9259259259259259,1.0,0.0011421422107509296,0.0,0.0,6.605244426771952e-05,0.0,,0.04313577436299117,0.0,
no_explicit_geometry__V_+0.2__t0_1.4,no_explicit_geometry,cubic_frustrated,0.2,1.4,11,0.0027127701979482617,0.0017408708094026459,0.00015665000618269367,0.037037037037037035,0.0,0.0001974887347867702,0.9259259259259259,1.0,0.0011399844785785068,0.0,0.0,7.019994287890227e-05,0.0,,0.04310980001712941,0.0,
no_explicit_geometry__V_+0.2__t0_1.4,no_explicit_geometry,cubic_frustrated,0.2,1.4,12,0.0030287940098674354,0.0018942455343467423,0.00015613793376502392,0.07407407407407407,0.0,0.0002544433293011621,0.9259259259259259,1.0,0.0011398408862712797,0.0,0.0,7.052631492097503e-05,0.0,,0.043089500186515695,0.0,
no_explicit_geometry__V_+0.2__t0_1.4,no_explicit_geometry,cubic_frustrated,0.2,1.4,13,0.0036794731942645263,0.0023826841497537822,0.00015678961039114532,0.037037037037037035,0.0,0.00032140546995625135,0.9259259259259259,1.0,0.001139686423488175,0.0,0.0,7.151390389448676e-05,0.0,,0.04309395556051381,0.0,
no_explicit_geometry__V_+0.2__t0_1.4,no_explicit_geometry,cubic_frustrated,0.2,1.4,14,0.004663613790719018,0.0030418975851947082,0.00015445149143292983,0.07407407407407407,0.0,0.0003903968098040819,0.9259259259259259,1.0,0.0011396106331467177,0.0,0.0,6.893348922640538e-05,0.0,,0.04309151183019556,0.0,
no_explicit_geometry__V_+0.2__t0_1.4,no_explicit_geometry,cubic_frustrated,0.2,1.4,15,0.005932854692592976,0.0039029358401031352,0.00015177994660110677,0.1111111111111111,0.0,0.0004816666786033056,0.9259259259259259,1.0,0.0011405001790122649,0.0,0.0,7.095367129587984e-05,0.0,,0.043102061267497084,0.0,
no_explicit_geometry__V_+0.2__t0_1.4,no_explicit_geometry,cubic_frustrated,0.2,1.4,16,0.007652216652619635,0.005051583818197449,0.00015228160569853052,0.07407407407407407,0.0,0.0006051108367362913,0.9259259259259259,1.0,0.001142066671066988,0.0,0.0,6.387369629217171e-05,0.0,,0.04314242434055318,0.0,
no_explicit_geometry__V_+0.2__t0_1.4,no_explicit_geometry,cubic_frustrated,0.2,1.4,17,0.009961220779819932,0.006649816823071807,0.0001569809108212572,0.07407407407407407,0.0,0.0007698065441592851,0.9259259259259259,1.0,0.0011399418529508285,0.0,0.0,8.278196352575185e-05,0.9433962264150944,,0.043102032773897465,0.0,
no_explicit_geometry__V_+0.2__t0_1.4,no_explicit_geometry,cubic_frustrated,0.2,1.4,18,0.01293154161002647,0.00868211147317031,0.00015584163525574621,0.037037037037037035,0.0,0.0009804196759924462,0.9259259259259259,1.0,0.0011396350148335848,0.0,0.0,9.444687908526283e-05,0.9433962264150944,,0.04308920755640531,0.0,
no_explicit_geometry__V_+0.2__t0_1.4,no_explicit_geometry,cubic_frustrated,0.2,1.4,19,0.01682129914149415,0.011379329072736059,0.00015640318995465823,0.07407407407407407,0.0,0.0012461958840538103,0.9259259259259259,1.0,0.0011392633040874212,0.0,0.0,0.00013086924127487804,0.9433962264150944,,0.043078934536932595,0.0,
no_explicit_geometry__V_+0.2__t0_1.4,no_explicit_geometry,cubic_frustrated,0.2,1.4,20,0.021926819607344418,0.014927015195106157,0.00015566532296246301,0.07407407407407407,0.0,0.001582747736559319,0.9259259259259259,1.0,0.0011391630858182018,0.0,0.0,0.0001554360301426546,0.9433962264150944,,0.04308728048496886,0.0,
no_explicit_geometry__V_+0.2__t0_1.4,no_explicit_geometry,cubic_frustrated,0.2,1.4,21,0.028634147531109908,0.019626401361196977,0.00015152824555250645,0.037037037037037035,0.0,0.00201764805565945,0.9259259259259259,1.0,0.001139016124233283,0.0,0.0,0.00020749819378090506,0.9433962264150944,,0.04306489294565985,0.0,
no_explicit_geometry__V_+0.2__t0_1.4,no_explicit_geometry,cubic_frustrated,0.2,1.4,22,0.03730747698270031,0.025751480355097337,0.00015240009964997487,0.037037037037037035,0.0,0.002551113747668112,0.9259259259259259,1.0,0.001138429245452346,0.0,0.0,0.0002519979111944417,0.9433962264150944,,0.04307899291614744,0.0,
no_explicit_geometry__V_+0.2__t0_1.4,no_explicit_geometry,cubic_frustrated,0.2,1.4,23,0.04841310286357719,0.033671668953764576,0.0001488047241724047,0.037037037037037035,0.0,0.0032490382679600934,0.9259259259259259,1.0,0.0011376880383178424,0.0,0.0,0.0003281673222689267,0.9433962264150944,,0.043025447331425964,0.0,
no_explicit_geometry__V_+0.2__t0_1.4,no_explicit_geometry,cubic_frustrated,0.2,1.4,24,0.06236988548872526,0.04377589218372754,0.00014924294161652955,0.037037037037037035,0.0,0.00414088731148751,0.9259259259259259,1.0,0.0011361487487186088,0.0,0.0,0.0004081287416908563,0.9433962264150944,,0.043042325390666804,0.0,
no_explicit_geometry__V_+0.2__t0_1.4,no_explicit_geometry,cubic_frustrated,0.2,1.4,25,0.07922872910439759,0.05623087516407738,0.00014632583057580436,0.037037037037037035,0.0,0.005264387895919005,0.9259259259259259,1.0,0.0011341665283820825,0.0,0.0,0.0005201673909358777,0.9433962264150944,,0.04293342497463707,0.0,
no_explicit_geometry__V_+0.2__t0_1.4,no_explicit_geometry,cubic_frustrated,0.2,1.4,26,0.09862570465782333,0.07103264396219174,0.00017481812578780287,0.18518518518518517,0.0,0.006698983254104685,0.9259259259259259,1.0,0.001130560640100657,0.0,0.0,0.000651107074168909,0.9433962264150944,,0.04293099134785118,0.0,
no_explicit_geometry__V_+0.2__t0_1.4,no_explicit_geometry,cubic_frustrated,0.2,1.4,27,0.11985655293963625,0.08782353033424697,0.0003292678085728162,0.18518518518518517,0.0,0.0085023450171361,0.9259259259259259,1.0,0.001125470821704685,0.0,0.0,0.0008102872150301454,0.9433962264150944,,0.04270910199453422,0.0,
no_explicit_geometry__V_+0.2__t0_1.4,no_explicit_geometry,cubic_frustrated,0.2,1.4,28,0.14214043696027126,0.10563900727490623,0.0005454225558182167,0.18518518518518517,0.0,0.010548203908697991,0.9259259259259259,1.0,0.0011217399392304227,0.0,0.0,0.001010262186918921,0.9433962264150944,,0.04287473730063649,0.0,
no_explicit_geometry__V_+0.2__t0_1.4,no_explicit_geometry,cubic_frustrated,0.2,1.4,29,0.1650687409222514,0.12372341208559608,0.0008360715161315816,0.18518518518518517,0.0,0.012871112880494504,0.9259259259259259,1.0,0.0011184480014358217,0.0,0.0,0.0012045095818425948,0.9433962264150944,,0.04263284703743715,0.0,
no_explicit_geometry__V_+0.2__t0_1.4,no_explicit_geometry,cubic_frustrated,0.2,1.4,30,0.18943955964772297,0.14221826409407026,0.0011985064023266497,0.18518518518518517,0.0,0.01563698839714049,0.9259259259259259,1.0,0.0011056170598347883,0.0,0.0,0.0014400955726899627,0.9433962264150944,,0.04235338800844521,0.0,
no_explicit_geometry__V_+0.4__t0_1.0,no_explicit_geometry,cubic_frustrated,0.4,1.0,1,,,0.00682691183663745,0.14814814814814814,0.0,3.7809264156200166e-05,0.07407407407407407,0.0,7.989247283715673e-05,0.0,0.0,0.0014241716890167296,0.0,,0.00936180444794248,0.0,
no_explicit_geometry__V_+0.4__t0_1.0,no_explicit_geometry,cubic_frustrated,0.4,1.0,2,1.0687421568719813,0.08685234494901713,0.008806724859363025,0.14814814814814814,0.0,0.00012933315545783747,0.9259259259259259,1.0,0.0001326340579220708,0.0,0.0,0.0022390418270392142,0.0,,0.018159194761558497,0.0,
no_explicit_geometry__V_+0.4__t0_1.0,no_explicit_geometry,cubic_frustrated,0.4,1.0,3,0.20943632453024447,0.07809874689746188,0.007475090033718711,0.14814814814814814,0.0,0.0005235523651113115,0.9259259259259259,1.0,9.048575779224775e-05,0.0,0.0,0.0024602750457745374,0.0,,0.020872388883450575,0.0,
no_explicit_geometry__V_+0.4__t0_1.0,no_explicit_geometry,cubic_frustrated,0.4,1.0,4,0.15870276636161088,0.0697265781292306,0.006810389251009663,0.14814814814814814,0.0,0.002857202706853047,0.9259259259259259,1.0,9.801393006839606e-05,0.0,0.0,0.002630023321141302,0.0,,0.02273986783824614,0.0,
no_explicit_geometry__V_+0.4__t0_1.0,no_explicit_geometry,cubic_frustrated,0.4,1.0,5,0.1354909270714271,0.07322032442583018,0.004715857593463859,0.14814814814814814,0.0,0.00971630129888542,0.9259259259259259,1.0,8.954488371646919e-05,0.0,0.0,0.0026560255952791543,0.0,,0.023260997189108356,0.0,
no_explicit_geometry__V_+0.4__t0_1.0,no_explicit_geometry,cubic_frustrated,0.4,1.0,6,0.3319874439886436,0.15301767195771104,0.006554139387637326,0.14814814814814814,0.0,0.03404642386745207,0.9259259259259259,1.0,7.49965601724822e-05,0.0,0.0,0.002165530530869034,0.0,,0.019580307152098457,0.0,
no_explicit_geometry__V_+0.4__t0_1.0,no_explicit_geometry,cubic_frustrated,0.4,1.0,7,0.6083483579275282,0.2801156815692329,0.010240711520419788,0.18518518518518517,0.0,0.05383661974672118,0.9259259259259259,1.0,9.004594845454278e-05,0.0,0.0,0.0015749656976258072,0.0,,0.014612809904677419,0.0,
no_explicit_geometry__V_+0.4__t0_1.0,no_explicit_geometry,cubic_frustrated,0.4,1.0,8,0.7677212495770097,0.35917216099876276,0.01276155584657672,0.18518518518518517,0.0,0.061245669703022615,0.9259259259259259,1.0,0.0001268808402464072,0.0,0.0,0.0014497479303371245,0.0,,0.012668581524044861,0.0,
no_explicit_geometry__V_+0.4__t0_1.0,no_explicit_geometry,cubic_frustrated,0.4,1.0,9,0.8291691852882884,0.38543776824390946,0.012973106711514831,0.18518518518518517,0.0,0.06338676097109024,0.9259259259259259,1.0,0.00015260644134964228,0.0,0.0,0.0015068382811473941,0.0,,0.012543359237861179,0.0,
no_explicit_geometry__V_+0.4__t0_1.0,no_explicit_geometry,cubic_frustrated,0.4,1.0,10,0.8125704351564735,0.3922304476324113,0.013727123278222427,0.18518518518518517,0.0,0.06375830042759853,0.9259259259259259,1.0,0.00015228095003677115,0.0,0.0,0.0014546307946141507,0.0,,0.0120609889505014,0.0,
no_explicit_geometry__V_+0.4__t0_1.0,no_explicit_geometry,cubic_frustrated,0.4,1.0,11,0.8167507943985803,0.39415164593058716,0.01371386028142405,0.18518518518518517,0.0,0.06386803337620002,0.9259259259259259,1.0,0.00015237550004241002,0.0,0.0,0.001428539906483234,0.0,,0.011826567320828913,0.0,
no_explicit_geometry__V_+0.4__t0_1.0,no_explicit_geometry,cubic_frustrated,0.4,1.0,12,0.85088896239494,0.39465845935907157,0.01333282656685219,0.18518518518518517,0.0,0.06410195522180123,0.9259259259259259,1.0,0.00016403465344912402,0.0,0.0,0.001525235817902375,0.0,,0.012394340207589954,0.0,
no_explicit_geometry__V_+0.4__t0_1.0,no_explicit_geometry,cubic_frustrated,0.4,1.0,13,0.8289472774682511,0.39456540758339315,0.01326875744037065,0.18518518518518517,0.0,0.06423743688205599,0.9259259259259259,1.0,0.0001627673062203866,0.0,0.0,0.0015250570339307436,0.0,,0.01246924781924473,0.0,
no_explicit_geometry__V_+0.4__t0_1.0,no_explicit_geometry,cubic_frustrated,0.4,1.0,14,0.8076781921890237,0.39473305210613774,0.013785574120215352,0.18518518518518517,0.0,0.06408336399286842,0.9259259259259259,1.0,0.00015396941221005914,0.0,0.0,0.001448227973410066,0.0,,0.011973662992461855,0.0,
no_explicit_geometry__V_+0.4__t0_1.0,no_explicit_geometry,cubic_frustrated,0.4,1.0,15,0.8390631131036512,0.39490165445764724,0.013285815217786356,0.18518518518518517,0.0,0.06423427276711456,0.9259259259259259,1.0,0.00016268949125890087,0.0,0.0,0.0015115440794684248,0.0,,0.01234733229446994,0.0,
no_explicit_geometry__V_+0.4__t0_1.0,no_explicit_geometry,cubic_frustrated,0.4,1.0,16,0.808058263665796,0.39460318570273895,0.013773936168650105,0.18518518518518517,0.0,0.06408442023543674,0.9259259259259259,1.0,0.00015314435603780676,0.0,0.0,0.0014365406835637202,0.0,,0.011878045290581778,0.0,
no_explicit_geometry__V_+0.4__t0_1.0,no_explicit_geometry,cubic_frustrated,0.4,1.0,17,0.8407516175162153,0.39477967371761225,0.013299588872540345,0.18518518518518517,0.0,0.0642545168353055,0.9259259259259259,1.0,0.00016226654847580277,0.0,0.0,0.001505413325941723,0.0,,0.012295072981395781,0.0,
no_explicit_geometry__V_+0.4__t0_1.0,no_explicit_geometry,cubic_frustrated,0.4,1.0,18,0.8210247899274171,0.3945717769412742,0.013505758842839463,0.18518518518518517,0.0,0.06424358780131054,0.9259259259259259,1.0,0.00015861237376367407,0.0,0.0,0.0014854028658906008,0.0,,0.01218796422953359,0.0,
no_explicit_geometry__V_+0.4__t0_1.0,no_explicit_geometry,cubic_frustrated,0.4,1.0,19,0.8094544163266055,0.39465674266228196,0.013709507426267092,0.18518518518518517,0.0,0.06414475548009425,0.9259259259259259,1.0,0.00015241532392614463,0.0,0.0,0.0014241876353490125,0.0,,0.011803040451996698,0.0,
no_explicit_geometry__V_+0.4__t0_1.0,no_explicit_geometry,cubic_frustrated,0.4,1.0,20,0.835191191415167,0.3949100196707388,0.013514435102870497,0.18518518518518517,0.0,0.06430849801378515,0.9259259259259259,1.0,0.0001589140837421745,0.0,0.0,0.0014747431873728557,0.0,,0.0120770899285711,0.0,
no_explicit_geometry__V_+0.4__t0_1.0,no_explicit_geometry,cubic_frustrated,0.4,1.0,21,0.8303018780922137,0.3947783938163115,0.013348097700917688,0.18518518518518517,0.0,0.06435956767187297,0.9259259259259259,1.0,0.00016041780404215132,0.0,0.0,0.0014931705385980653,0.0,,0.012225041386426076,0.0,
no_explicit_geometry__V_+0.4__t0_1.0,no_explicit_geometry,cubic_frustrated,0.4,1.0,22,0.8267978334567239,0.3946329202258685,0.01333388986703747,0.18518518518518517,0.0,0.06442010327077308,0.9259259259259259,1.0,0.0001604697792291206,0.0,0.0,0.0015004753174767318,0.0,,0.012289461761207512,0.0,
no_explicit_geometry__V_+0.4__t0_1.0,no_explicit_geometry,cubic_frustrated,0.4,1.0,23,0.8217751172124145,0.39465204239915536,0.013367879595773175,0.18518518518518517,0.0,0.06441687537261301,0.9259259259259259,1.0,0.00015943829659695996,0.0,0.0,0.0014888771205011976,0.0,,0.01223255239737334,0.0,
no_explicit_geometry__V_+0.4__t0_1.0,no_explicit_geometry,cubic_frustrated,0.4,1.0,24,0.8365050875071908,0.39473272045331415,0.01310145286756275,0.18518518518518517,0.0,0.06456250921313303,0.9259259259259259,1.0,0.00016471559594725114,0.0,0.0,0.0015388639468090397,0.0,,0.012544339506705707,0.0,
no_explicit_geometry__V_+0.4__t0_1.0,no_explicit_geometry,cubic_frustrated,0.4,1.0,25,0.8170484527126647,0.39463306686158733,0.013318168447065048,0.18518518518518517,0.0,0.0645049995587437,0.9259259259259259,1.0,0.00015998352256190097,0.0,0.0,0.0015000359668252278,0.0,,0.012330689707783083,0.0,
no_explicit_geometry__V_+0.4__t0_1.0,no_explicit_geometry,cubic_frustrated,0.4,1.0,26,0.8389532952678355,0.3947859734496981,0.012954374389069491,0.18518518518518517,0.0,0.06465990836522562,0.9259259259259259,1.0,0.00016720881120718477,0.0,0.0,0.0015626226500947884,0.0,,0.01271336162587284,0.0,
no_explicit_geometry__V_+0.4__t0_1.0,no_explicit_geometry,cubic_frustrated,0.4,1.0,27,0.8256127768712439,0.3946481850421412,0.012996266859303983,0.18518518518518517,0.0,0.06469525678683449,0.9259259259259259,1.0,0.0001659655951483695,0.0,0.0,0.0015597005627359644,0.0,,0.012731348017208717,0.0,
no_explicit_geometry__V_+0.4__t0_1.0,no_explicit_geometry,cubic_frustrated,0.4,1.0,28,0.7981297131867522,0.3947226183856664,0.013598369383055298,0.18518518518518517,0.0,0.06445160709537844,0.9259259259259259,1.0,0.00015289335030941548,0.0,0.0,0.0014410568143437743,0.0,,0.011977159141319232,0.0,
no_explicit_geometry__V_+0.4__t0_1.0,no_explicit_geometry,cubic_frustrated,0.4,1.0,29,0.8425926070193328,0.39495343774874636,0.01308348041001149,0.18518518518518517,0.0,0.06460663611336748,0.9259259259259259,1.0,0.0001640497070621306,0.0,0.0,0.0015223620403947745,0.0,,0.012432306635189967,0.0,
no_explicit_geometry__V_+0.4__t0_1.0,no_explicit_geometry,cubic_frustrated,0.4,1.0,30,0.8248406792149595,0.39463604585929984,0.013167339392471802,0.18518518518518517,0.0,0.06464932349955814,0.9259259259259259,1.0,0.0001620977764263036,0.0,0.0,0.0015188685642677634,0.0,,0.012429595194543765,0.0,
no_explicit_geometry__V_+0.4__t0_1.2,no_explicit_geometry,cubic_frustrated,0.4,1.2,1,,,0.0029268469328914315,0.14814814814814814,0.0,1.3957484503309342e-05,0.8888888888888888,1.0,0.00025317442325803604,0.0,0.0,0.001037220647825476,0.0,,0.014788470457620512,0.0,
no_explicit_geometry__V_+0.4__t0_1.2,no_explicit_geometry,cubic_frustrated,0.4,1.2,2,0.6095520727269005,0.05054962514555849,0.003209024691920912,0.14814814814814814,0.0,2.648869458742002e-05,0.8888888888888888,1.0,0.00037710537518938615,0.0,0.0,0.0012821253264494157,0.0,,0.02364024405045246,0.0,
no_explicit_geometry__V_+0.4__t0_1.2,no_explicit_geometry,cubic_frustrated,0.4,1.2,3,0.11130040954987935,0.032446699671329564,0.0019496126309328557,0.14814814814814814,0.0,5.398598244435386e-05,0.8888888888888888,1.0,0.0003719205485882449,0.0,0.0,0.0013495728963459175,0.0,,0.025864554865214884,0.0,
no_explicit_geometry__V_+0.4__t0_1.2,no_explicit_geometry,cubic_frustrated,0.4,1.2,4,0.05733091579932411,0.023128352079103874,0.0016365461973508358,0.14814814814814814,0.0,0.00011216922979361196,0.8888888888888888,1.0,0.000377291090838582,0.0,0.0,0.0013493998657936473,0.0,,0.02650186106286753,0.0,
no_explicit_geometry__V_+0.4__t0_1.2,no_explicit_geometry,cubic_frustrated,0.4,1.2,5,0.03107965361766458,0.01668564953042428,0.0008190043585202809,0.14814814814814814,0.0,0.00023760158457413854,0.8888888888888888,1.0,0.0003782325125944294,0.0,0.0,0.0013591145968545313,0.0,,0.02675915845795648,0.0,
no_explicit_geometry__V_+0.4__t0_1.2,no_explicit_geometry,cubic_frustrated,0.4,1.2,6,0.023637256065824685,0.012804724191600805,0.0008678204689323333,0.14814814814814814,0.0,0.0005209721629739056,0.8888888888888888,1.0,0.0003780167025583943,0.0,0.0,0.0013530489789202686,0.0,,0.026773695824257655,0.0,
no_explicit_geometry__V_+0.4__t0_1.2,no_explicit_geometry,cubic_frustrated,0.4,1.2,7,0.022386117739379995,0.013223027184796492,0.00030383851926254476,0.14814814814814814,0.0,0.0011041909260203194,0.8888888888888888,1.0,0.00037905934798426754,0.0,0.0,0.0013627493929271167,0.0,,0.026840571379825633,0.0,
no_explicit_geometry__V_+0.4__t0_1.2,no_explicit_geometry,cubic_frustrated,0.4,1.2,8,0.035538821862895545,0.021334213961342382,0.0005060804023049896,0.1111111111111111,0.0,0.0022433054161488694,0.8888888888888888,1.0,0.0003787275541195742,0.0,0.0,0.0013482277165128204,0.0,,0.026840422835353903,0.0,
no_explicit_geometry__V_+0.4__t0_1.2,no_explicit_geometry,cubic_frustrated,0.4,1.2,9,0.07062549277421695,0.041930714278137424,0.00035915593708657045,0.07407407407407407,0.0,0.004675792771742421,0.8888888888888888,1.0,0.00037687508327110495,0.0,0.0,0.0013648725259600932,0.0,,0.02670707619977816,0.0,
no_explicit_geometry__V_+0.4__t0_1.2,no_explicit_geometry,cubic_frustrated,0.4,1.2,10,0.13769912147481594,0.08150132077446497,0.0009508780283876283,0.1111111111111111,0.0,0.009253394514412847,0.8888888888888888,1.0,0.0003720891268418645,0.0,0.0,0.0012780834136425548,0.0,,0.0262226274569781,0.0,
no_explicit_geometry__V_+0.4__t0_1.2,no_explicit_geometry,cubic_frustrated,0.4,1.2,11,0.2411425701647654,0.14102817219214833,0.00189868594336097,0.1111111111111111,0.0,0.01689463507808361,0.8888888888888888,1.0,0.0003541293937419369,0.0,0.0,0.0012556446598375214,0.0,,0.024824082849219695,0.0,
no_explicit_geometry__V_+0.4__t0_1.2,no_explicit_geometry,cubic_frustrated,0.4,1.2,12,0.34764912925606833,0.20714455434059156,0.0033571319893028516,0.2222222222222222,0.0,0.026001440513406675,0.8888888888888888,1.0,0.00032747207725219486,0.0,0.0,0.0010155614971279394,0.0,,0.022045761085288607,0.0,
no_explicit_geometry__V_+0.4__t0_1.2,no_explicit_geometry,cubic_frustrated,0.4,1.2,13,0.4422495081615129,0.26063346737977966,0.004479327430613562,0.14814814814814814,0.0,0.033325158062319,0.8888888888888888,1.0,0.0003153445563758932,0.0,0.0,0.0009907118896303026,0.0,,0.01987567387530595,0.0,
no_explicit_geometry__V_+0.4__t0_1.2,no_explicit_geometry,cubic_frustrated,0.4,1.2,14,0.5193461105593351,0.2965737531753708,0.005808047997799549,0.14814814814814814,0.0,0.037456024614173855,0.8888888888888888,1.0,0.0002982764374625195,0.0,0.0,0.0008096728980040694,0.0,,0.017562946711977372,0.0,
no_explicit_geometry__V_+0.4__t0_1.2,no_explicit_geometry,cubic_frustrated,0.4,1.2,15,0.5827828386319308,0.31800037440243967,0.006883759957492278,0.14814814814814814,0.0,0.039066817290766595,0.8888888888888888,1.0,0.0002964668236845937,0.0,0.0,0.000848437210619674,0.0,,0.016531207423757556,0.0,
no_explicit_geometry__V_+0.4__t0_1.2,no_explicit_geometry,cubic_frustrated,0.4,1.2,16,0.5897088024787059,0.3301874939312365,0.007760863893092611,0.14814814814814814,0.0,0.038812041081387624,0.8888888888888888,1.0,0.00026256228997483444,0.0,0.0,0.0008363791650093138,0.9433962264150944,,0.014652499309605199,0.0,
no_explicit_geometry__V_+0.4__t0_1.2,no_explicit_geometry,cubic_frustrated,0.4,1.2,17,0.6115256772793419,0.3376859963800016,0.007945455254643302,0.14814814814814814,0.0,0.03761431429487084,0.8888888888888888,1.0,0.00025746503259963877,0.0,0.0,0.0009137069431708667,0.9433962264150944,,0.014136245588967897,0.0,
no_explicit_geometry__V_+0.4__t0_1.2,no_explicit_geometry,cubic_frustrated,0.4,1.2,18,0.5930169481480172,0.34345652553217776,0.008115388961298856,0.14814814814814814,0.0,0.035303766560462656,0.8888888888888888,1.0,0.00021206480493150183,0.0,0.0,0.0009926952212611611,0.9433962264150944,,0.012306146431125101,0.0,
no_explicit_geometry__V_+0.4__t0_1.2,no_explicit_geometry,cubic_frustrated,0.4,1.2,19,0.5810974405531097,0.35185748553915625,0.008083699838571046,0.037037037037037035,0.0,0.033930911045235455,0.9629629629629629,1.0,0.00015610303122101757,0.0,0.0,0.0009926338708954145,0.9433962264150944,,0.00991124059652278,0.0,
no_explicit_geometry__V_+0.4__t0_1.2,no_explicit_geometry,cubic_frustrated,0.4,1.2,20,0.622660340072546,0.36296720608594785,0.00984315348989288,0.037037037037037035,0.0,0.037534447387558414,0.9629629629629629,1.0,0.00011551612918256744,0.0,0.0,0.0007422386372831882,0.9433962264150944,,0.00737669877741733,0.0,
no_explicit_geometry__V_+0.4__t0_1.2,no_explicit_geometry,cubic_frustrated,0.4,1.2,21,0.6667353926791888,0.3718153733954084,0.01031179645160688,0.037037037037037035,0.0,0.039037421392524,0.9629629629629629,1.0,8.943481554979775e-05,0.0,0.0,0.0004418690413524722,0.9433962264150944,,0.005401100760403121,0.0,
no_explicit_geometry__V_+0.4__t0_1.2,no_explicit_geometry,cubic_frustrated,0.4,1.2,22,0.661691517356271,0.3757546261776995,0.010327282504071354,0.037037037037037035,0.0,0.0393720881983893,0.9629629629629629,1.0,7.667596168150444e-05,0.0,0.0,0.000279688527487122,0.9433962264150944,,0.004198781513685178,0.0,
no_explicit_geometry__V_+0.4__t0_1.2,no_explicit_geometry,cubic_frustrated,0.4,1.2,23,0.6480566987767349,0.37691414072401047,0.010390321601908233,0.1111111111111111,0.0,0.03937254649821306,0.9629629629629629,1.0,6.342289703031989e-05,0.0,0.0,0.00019243904628619277,0.9433962264150944,,0.0033673803947944815,0.0,
no_explicit_geometry__V_+0.4__t0_1.2,no_explicit_geometry,cubic_frustrated,0.4,1.2,24,0.6472653331195393,0.3772428451813505,0.010652752559318085,0.1111111111111111,0.0,0.03926802700477142,0.9629629629629629,1.0,5.421647812729514e-05,0.0,0.0,0.00015208055230007543,0.9433962264150944,,0.0027735524110932583,0.0,
no_explicit_geometry__V_+0.4__t0_1.2,no_explicit_geometry,cubic_frustrated,0.4,1.2,25,0.698251837376261,0.37728347339134133,0.010835010529314765,0.1111111111111111,0.0,0.03913187563147281,0.9629629629629629,1.0,5.674818925898237e-05,0.0,0.0,0.00014122979480635117,0.9433962264150944,,0.00276993595721503,0.0,
no_explicit_geometry__V_+0.4__t0_1.2,no_explicit_geometry,cubic_frustrated,0.4,1.2,26,0.7764835032270098,0.3771644032922973,0.010951193699773619,0.1111111111111111,0.0,0.03898337774161015,0.9629629629629629,1.0,6.669888186064632e-05,0.0,0.0,0.0001624424804479603,0.9433962264150944,,0.0031289877581709446,0.0,
no_explicit_geometry__V_+0.4__t0_1.2,no_explicit_geometry,cubic_frustrated,0.4,1.2,27,0.6641131774886757,0.37708587086569095,0.01117917025400094,0.1111111111111111,0.0,0.03883878230985912,0.9629629629629629,1.0,5.5437134062603966e-05,0.0,0.0,0.00014200209956176737,0.9433962264150944,,0.0027772748337406786,0.0,
no_explicit_geometry__V_+0.4__t0_1.2,no_explicit_geometry,cubic_frustrated,0.4,1.2,28,0.6645338706465371,0.37714091478124534,0.011350890905033712,0.1111111111111111,0.0,0.03867519651267133,0.9629629629629629,1.0,5.110108467708834e-05,0.0,0.0,0.00013270406203897623,0.9433962264150944,,0.002520592205060874,0.0,
no_explicit_geometry__V_+0.4__t0_1.2,no_explicit_geometry,cubic_frustrated,0.4,1.2,29,0.6743889745917984,0.3771250459353178,0.011507103592969744,0.1111111111111111,0.0,0.03850487180015325,0.9629629629629629,1.0,4.828220512651466e-05,0.0,0.0,0.00012182895582637451,0.9433962264150944,,0.002380717423181919,0.0,
no_explicit_geometry__V_+0.4__t0_1.2,no_explicit_geometry,cubic_frustrated,0.4,1.2,30,0.9208549568507238,0.37699201990245884,0.011491129561427916,0.1111111111111111,0.0,0.03832947550521403,0.9629629629629629,1.0,7.062772670436475e-05,0.0,0.0,0.00016723827290098198,0.9433962264150944,,0.003216509606992228,0.0,
no_explicit_geometry__V_+0.4__t0_1.2,no_explicit_geometry,cubic_frustrated,0.4,1.2,31,0.7045551892653787,0.3768174098637663,0.011650902748849659,0.1111111111111111,0.0,0.038151713775579826,0.9629629629629629,1.0,6.67340477621538e-05,0.0,0.0,0.00016671866704915785,0.9433962264150944,,0.0032378586457073766,0.0,
no_explicit_geometry__V_+0.4__t0_1.2,no_explicit_geometry,cubic_frustrated,0.4,1.2,32,0.8004263556122041,0.3767324632706591,0.011620611850592719,0.1111111111111111,0.0,0.037973483466119555,0.9629629629629629,1.0,8.211584321786962e-05,0.0,0.0,0.00020306010129074272,0.9433962264150944,,0.0038377491292073216,0.0,
no_explicit_geometry__V_+0.4__t0_1.2,no_explicit_geometry,cubic_frustrated,0.4,1.2,33,0.6532421197738162,0.3766596068738363,0.011877473294175605,0.1111111111111111,0.0,0.03778192573541625,0.9629629629629629,1.0,6.157079761951374e-05,0.0,0.0,0.00016736367441800144,0.9433962264150944,,0.0031614850141129408,0.0,
no_explicit_geometry__V_+0.4__t0_1.2,no_explicit_geometry,cubic_frustrated,0.4,1.2,34,0.7316962578134916,0.3767420217385836,0.011905816776414642,0.1111111111111111,0.0,0.03761187903345827,0.9629629629629629,1.0,7.087931122630784e-05,0.0,0.0,0.00018104063811071795,0.9433962264150944,,0.003380573534660042,0.0,
no_explicit_geometry__V_+0.4__t0_1.2,no_explicit_geometry,cubic_frustrated,0.4,1.2,35,0.653828935430116,0.37670239453572535,0.012095980735223087,0.1111111111111111,0.0,0.037422915460921254,0.9629629629629629,1.0,5.623502261147321e-05,0.0,0.0,0.0001520811894510713,0.9433962264150944,,0.002864174173186955,0.0,
no_explicit_geometry__V_+0.4__t0_1.2,no_explicit_geometry,cubic_frustrated,0.4,1.2,36,0.6453237594471446,0.3768037960561993,0.012215214537830098,0.1111111111111111,0.0,0.03722073617497162,0.9629629629629629,1.0,4.74303884438668e-05,0.0,0.0,0.00013096541217929474,0.9433962264150944,,0.002400090341258454,0.0,
no_explicit_geometry__V_+0.4__t0_1.2,no_explicit_geometry,cubic_frustrated,0.4,1.2,37,1.050777897998134,0.37667194394498493,0.012067691718291496,0.1111111111111111,0.0,0.03704356315912341,0.9629629629629629,1.0,8.036409679561073e-05,0.0,0.0,0.0002082105293572413,0.0,,0.0036574780701932323,0.0,
no_explicit_geometry__V_+0.4__t0_1.2,no_explicit_geometry,cubic_frustrated,0.4,1.2,38,0.6598309411335365,0.37650311701998135,0.01231626314492617,0.1111111111111111,0.0,0.03685865817393077,0.9629629629629629,1.0,5.824407484914415e-05,0.0,0.0,0.00016378105721385724,0.9433962264150944,,0.002973880567818697,0.0,
no_explicit_geometry__V_+0.4__t0_1.2,no_explicit_geometry,cubic_frustrated,0.4,1.2,39,0.6442895069712669,0.3766775966999503,0.012425167296436612,0.1111111111111111,0.0,0.03665029866852616,0.9629629629629629,1.0,4.9739472885969274e-05,0.0,0.0,0.00013683973330241592,0.9433962264150944,,0.002539518980760066,0.0,
no_explicit_geometry__V_+0.4__t0_1.2,no_explicit_geometry,cubic_frustrated,0.4,1.2,40,0.6457613436495874,0.37670726826288575,0.012528717458798874,0.1111111111111111,0.0,0.0364521985297054,0.9629629629629629,1.0,4.1691192574051606e-05,0.0,0.0,0.00011713621376852286,0.9433962264150944,,0.0021206760733152165,0.0,
no_explicit_geometry__V_+0.4__t0_1.2,no_explicit_geometry,cubic_frustrated,0.4,1.2,41,0.655510832577413,0.3767204541717404,0.012607153802657534,0.1111111111111111,0.0,0.03663711248713273,0.9259259259259259,1.0,3.75585288013159e-05,0.0,0.0,0.00010182960070050508,0.9433962264150944,,0.0018933430183466526,0.0,
no_explicit_geometry__V_+0.4__t0_1.2,no_explicit_geometry,cubic_frustrated,0.4,1.2,42,0.6646424174545605,0.37671284987577114,0.012685627862725734,0.1111111111111111,0.0,0.03692523418403518,0.9259259259259259,1.0,3.442432644996302e-05,0.0,0.0,9.385408681489513e-05,0.9433962264150944,,0.0017113956284993835,0.0,
no_explicit_geometry__V_+0.4__t0_1.2,no_explicit_geometry,cubic_frustrated,0.4,1.2,43,0.6949182316223345,0.3766859139035237,0.012743873112305298,0.1111111111111111,0.0,0.03721717541546788,0.9259259259259259,1.0,3.500151065327018e-05,0.0,0.0,9.150153821871606e-05,0.9433962264150944,,0.0017129627425887517,0.0,
no_explicit_geometry__V_+0.4__t0_1.2,no_explicit_geometry,cubic_frustrated,0.4,1.2,44,1.0954439447681892,0.3765903831151473,0.012660625059806996,0.1111111111111111,0.0,0.03750349719629897,0.9259259259259259,1.0,5.8908622381706345e-05,0.0,0.0,0.00014131809630485648,0.9433962264150944,,0.0026449591253361153,0.0,
no_explicit_geometry__V_+0.4__t0_1.2,no_explicit_geometry,cubic_frustrated,0.4,1.2,45,0.8451019775138947,0.3763899105212636,0.01263461685162343,0.1111111111111111,0.0,0.037780784105960454,0.9259259259259259,1.0,7.146622137448989e-05,0.0,0.0,0.00018406986692853807,0.0,,0.003338706039360987,0.0,
no_explicit_geometry__V_+0.4__t0_1.2,no_explicit_geometry,cubic_frustrated,0.4,1.2,46,0.6545929444178021,0.3763459367362609,0.012803228493888976,0.1111111111111111,0.0,0.03803147250190799,0.9259259259259259,1.0,5.303974484346396e-05,0.0,0.0,0.0001514853963902523,0.9433962264150944,,0.002718856829129625,0.0,
no_explicit_geometry__V_+0.4__t0_1.2,no_explicit_geometry,cubic_frustrated,0.4,1.2,47,0.6448467423858084,0.3764631174452703,0.012873657878624285,0.1111111111111111,0.0,0.038270980771965384,0.9259259259259259,1.0,4.5451828872686554e-05,0.0,0.0,0.00012755338331113273,0.9433962264150944,,0.002329982373981191,0.0,
no_explicit_geometry__V_+0.4__t0_1.2,no_explicit_geometry,cubic_frustrated,0.4,1.2,48,0.6460974344316114,0.37649626546626924,0.012950340218277685,0.1111111111111111,0.0,0.03852363604828264,0.9259259259259259,1.0,3.831983321235764e-05,0.0,0.0,0.00010910777370457168,0.9433962264150944,,0.0019522623245693208,0.0,
no_explicit_geometry__V_+0.4__t0_1.2,no_explicit_geometry,cubic_frustrated,0.4,1.2,49,0.645445144786905,0.3765151418583299,0.01300841364019859,0.1111111111111111,0.0,0.038768452199981866,0.9259259259259259,1.0,3.216057554508565e-05,0.0,0.0,9.099994724506059e-05,0.9433962264150944,,0.0016544178660704977,0.0,
no_explicit_geometry__V_+0.4__t0_1.2,no_explicit_geometry,cubic_frustrated,0.4,1.2,50,1.1406768227040631,0.37644222063755456,0.01291862330622837,0.1111111111111111,0.0,0.03901890768895699,0.9259259259259259,1.0,5.8229753125313796e-05,0.0,0.0,0.00014071760632719372,0.9433962264150944,,0.002614233525542707,0.0,
no_explicit_geometry__V_+0.4__t0_1.2,no_explicit_geometry,cubic_frustrated,0.4,1.2,51,0.6618962104306754,0.3763420765389456,0.013034326465233932,0.1111111111111111,0.0,0.039252608770205366,0.9259259259259259,1.0,4.2191470004248394e-05,0.0,0.0,0.00011918573625551018,0.9433962264150944,,0.0021694745959736925,0.0,
no_explicit_geometry__V_+0.4__t0_1.2,no_explicit_geometry,cubic_frustrated,0.4,1.2,52,0.6779769456273651,0.37639813363850794,0.013056839097839966,0.1111111111111111,0.0,0.039488267499649975,0.9259259259259259,1.0,4.2065341926899044e-05,0.0,0.0,0.00011472935634358128,0.9433962264150944,,0.0020731620555093904,0.0,
no_explicit_geometry__V_+0.4__t0_1.2,no_explicit_geometry,cubic_frustrated,0.4,1.2,53,0.6510821140641084,0.37638603543624705,0.013116106491361837,0.1111111111111111,0.0,0.03972270201039785,0.9259259259259259,1.0,3.4331319787223896e-05,0.0,0.0,9.723036935722989e-05,0.9433962264150944,,0.0017668879778486486,0.0,
no_explicit_geometry__V_+0.4__t0_1.2,no_explicit_geometry,cubic_frustrated,0.4,1.2,54,0.6439248671752804,0.3764042578101975,0.013159673502583558,0.1111111111111111,0.0,0.03994428698268884,0.9259259259259259,1.0,2.8508841574278234e-05,0.0,0.0,8.22934357588245e-05,0.9433962264150944,,0.0014638406837517428,0.0,
no_explicit_geometry__V_+0.4__t0_1.2,no_explicit_geometry,cubic_frustrated,0.4,1.2,55,0.6698917986786657,0.376405825938055,0.013181986353706756,0.1111111111111111,0.0,0.040170425521086184,0.9259259259259259,1.0,2.741036534882919e-05,0.0,0.0,7.515309154949627e-05,0.9433962264150944,,0.0013752247875443706,0.0,
no_explicit_geometry__V_+0.4__t0_1.2,no_explicit_geometry,cubic_frustrated,0.4,1.2,56,0.6514527540362907,0.37639370449704396,0.013212527743342271,0.1111111111111111,0.0,0.04039036644214931,0.9259259259259259,1.0,2.291593668132778e-05,0.0,0.0,6.5359036920778e-05,0.9433962264150944,,0.0011657890237049336,0.0,
no_explicit_geometry__V_+0.4__t0_1.2,no_explicit_geometry,cubic_frustrated,0.4,1.2,57,0.8473346472930917,0.37637899557059395,0.01320351569207528,0.1111111111111111,0.0,0.04060441168054824,0.9259259259259259,1.0,3.14028012589339e-05,0.0,0.0,8.008724133236794e-05,0.0,,0.0014741303166142768,0.0,
no_explicit_geometry__V_+0.4__t0_1.2,no_explicit_geometry,cubic_frustrated,0.4,1.2,58,0.7543329228968819,0.3763333014326459,0.013214153208763943,0.1111111111111111,0.0,0.0408190604160928,0.9259259259259259,1.0,3.398469604875997e-05,0.0,0.0,8.931270776318466e-05,0.9433962264150944,,0.0016194828592087705,0.0,
no_explicit_geometry__V_+0.4__t0_1.2,no_explicit_geometry,cubic_frustrated,0.4,1.2,59,0.6636146191267362,0.3763103755932463,0.013246873021928039,0.1111111111111111,0.0,0.041020844707405905,0.9259259259259259,1.0,2.867972825018823e-05,0.0,0.0,8.000342345498223e-05,0.9433962264150944,,0.0014497734511611591,0.0,
no_explicit_geometry__V_+0.4__t0_1.2,no_explicit_geometry,cubic_frustrated,0.4,1.2,60,0.6528890035850953,0.3763045684553458,0.013267965375311183,0.1111111111111111,0.0,0.041225699834890085,0.9259259259259259,1.0,2.47039371889563e-05,0.0,0.0,7.100602719593762e-05,0.9433962264150944,,0.0012561974513967944,0.0,
no_explicit_geometry__V_+0.4__t0_1.4,no_explicit_geometry,cubic_frustrated,0.4,1.4,1,,,0.005412820622153496,0.14814814814814814,0.0,1.2053353070280951e-05,0.8888888888888888,1.0,0.0006410080410291769,0.0,0.0,0.00011684166278515013,0.11320754716981132,,0.027250165818574142,0.0,
no_explicit_geometry__V_+0.4__t0_1.4,no_explicit_geometry,cubic_frustrated,0.4,1.4,2,1.047272448387477,0.064449884120839,0.006963792911273996,0.14814814814814814,0.0,1.872967023844638e-05,0.8888888888888888,1.0,0.0013528467049625404,0.0,0.0,0.00040416911676754676,0.0,,0.05190910814941642,0.0,
no_explicit_geometry__V_+0.4__t0_1.4,no_explicit_geometry,cubic_frustrated,0.4,1.4,3,0.18661938146819848,0.045653912296619956,0.003650135483912606,0.14814814814814814,0.0,3.819067280619362e-05,0.8888888888888888,1.0,0.0015476344821664754,0.0,0.0,0.0003921390958596667,0.0,,0.06017429185254988,0.0,
no_explicit_geometry__V_+0.4__t0_1.4,no_explicit_geometry,cubic_frustrated,0.4,1.4,4,0.06986869010873159,0.026184972800291296,0.002414296078519056,0.14814814814814814,0.0,6.704643150930399e-05,0.8888888888888888,1.0,0.0016451450510856132,0.0,0.0,0.0004111155012818157,0.0,,0.06242852292900847,0.0,
no_explicit_geometry__V_+0.4__t0_1.4,no_explicit_geometry,cubic_frustrated,0.4,1.4,5,0.030912601452223597,0.014666550340721963,0.0010504191953780247,0.14814814814814814,0.0,0.0001146206155080275,0.8888888888888888,1.0,0.0016683889899091336,0.0,0.0,0.0003952285808526773,0.0,,0.06329673570143451,0.0,
no_explicit_geometry__V_+0.4__t0_1.4,no_explicit_geometry,cubic_frustrated,0.4,1.4,6,0.01550641990084222,0.008084002618212393,0.0008677092633458466,0.14814814814814814,0.0,0.00020167914332536153,0.9629629629629629,1.0,0.0016806103773316507,0.0,0.0,0.00039989935580170673,0.0,,0.06343864597300443,0.0,
no_explicit_geometry__V_+0.4__t0_1.4,no_explicit_geometry,cubic_frustrated,0.4,1.4,7,0.008499658106089538,0.004742369340071001,0.00021697868515123874,0.07407407407407407,0.0,0.0003453952504948172,0.9629629629629629,1.0,0.0016815475900426652,0.0,0.0,0.00039537187067651905,0.0,,0.06355232194806164,0.0,
no_explicit_geometry__V_+0.4__t0_1.4,no_explicit_geometry,cubic_frustrated,0.4,1.4,8,0.006440340048918442,0.003700210103282075,0.00038242701775830586,0.14814814814814814,0.0,0.0006005594572602192,0.9629629629629629,1.0,0.0016843453921189337,0.0,0.0,0.0003957399910266244,0.0,,0.06355301144414457,0.0,
no_explicit_geometry__V_+0.4__t0_1.4,no_explicit_geometry,cubic_frustrated,0.4,1.4,9,0.00818243849225626,0.004843006031365321,0.00017835726277122625,0.037037037037037035,0.0,0.001044032816913063,0.9629629629629629,1.0,0.001683483189171359,0.0,0.0,0.0003932760831699966,0.0,,0.06356796530462315,0.0,
no_explicit_geometry__V_+0.4__t0_1.4,no_explicit_geometry,cubic_frustrated,0.4,1.4,10,0.01323607914516835,0.007894141919836424,0.0002266853314126504,0.14814814814814814,0.0,0.0018150618830356068,0.9629629629629629,1.0,0.0016831875704845533,0.0,0.0,0.000397528710833914,0.0,,0.06354683417765175,0.0,
no_explicit_geometry__V_+0.4__t0_1.4,no_explicit_geometry,cubic_frustrated,0.4,1.4,11,0.02233748256293249,0.013387058996548781,0.00018875784252423423,0.1111111111111111,0.0,0.003158141650931072,0.9629629629629629,1.0,0.0016819886714001756,0.0,0.0,0.00039247507636950624,0.0,,0.06353110718192552,0.0,
no_explicit_geometry__V_+0.4__t0_1.4,no_explicit_geometry,cubic_frustrated,0.4,1.4,12,0.038030779089091714,0.022894692033926214,0.0002864364496459879,0.18518518518518517,0.0,0.005485955419506362,0.9629629629629629,1.0,0.0016794750671097732,0.0,0.0,0.0005346621094743756,0.9433962264150944,,0.06344064691128501,0.0,
no_explicit_geometry__V_+0.4__t0_1.4,no_explicit_geometry,cubic_frustrated,0.4,1.4,13,0.06465044342694495,0.039149996140238306,0.0004822275216796251,0.18518518518518517,0.0,0.009495822885336049,0.9629629629629629,1.0,0.0016711240133107836,0.0,0.0,0.0009161465342397034,0.9433962264150944,,0.06322592050311522,0.0,
no_explicit_geometry__V_+0.4__t0_1.4,no_explicit_geometry,cubic_frustrated,0.4,1.4,14,0.10869230133244727,0.0664668425757251,0.0010324333849347565,0.18518518518518517,0.0,0.016240774851228157,0.9629629629629629,1.0,0.0016462163339167662,0.0,0.0,0.0015483825556252486,0.9433962264150944,,0.0625536777252504,0.0,
no_explicit_geometry__V_+0.4__t0_1.4,no_explicit_geometry,cubic_frustrated,0.4,1.4,15,0.1761510377088276,0.10940581396909316,0.0023327100383147173,0.18518518518518517,0.0,0.026489275544073675,0.9629629629629629,1.0,0.0015933399642581697,0.0,0.0,0.0024078251742824437,0.9433962264150944,,0.06128941027524079,0.0,
no_explicit_geometry__V_+0.4__t0_1.4,no_explicit_geometry,cubic_frustrated,0.4,1.4,16,0.26317573795653926,0.16816138693847715,0.004600269584351117,0.18518518518518517,0.0,0.03938399847798005,0.9629629629629629,1.0,0.0014865073077167175,0.0,0.0,0.00323992546598952,0.9433962264150944,,0.05822290977553851,0.0,
no_explicit_geometry__V_+0.4__t0_1.4,no_explicit_geometry,cubic_frustrated,0.4,1.4,17,0.3510727589484646,0.23324856366043795,0.007830720247220492,0.1111111111111111,0.0,0.05185602489627189,0.9629629629629629,1.0,0.0013373278976455281,0.0,0.0,0.0035856654404540582,0.9433962264150944,,0.05312731611963546,0.0,
no_explicit_geometry__V_+0.4__t0_1.4,no_explicit_geometry,cubic_frustrated,0.4,1.4,18,0.4207867243005275,0.28999748175191187,0.010904454043162658,0.1111111111111111,0.0,0.061094283718223445,0.9629629629629629,1.0,0.0011909415820082223,0.0,0.0,0.00338559330696906,0.9433962264150944,,0.046708824364870255,0.0,
no_explicit_geometry__V_+0.4__t0_1.4,no_explicit_geometry,cubic_frustrated,0.4,1.4,19,0.468369218407284,0.32956280736721494,0.013109834163141829,0.1111111111111111,0.0,0.06679420166445313,0.9629629629629629,1.0,0.0010845938911922856,0.0,0.0,0.0028795282349357533,0.9433962264150944,,0.0407100947536022,0.0,
no_explicit_geometry__V_+0.4__t0_1.4,no_explicit_geometry,cubic_frustrated,0.4,1.4,20,0.4996216805533874,0.35291270640196915,0.014467766198716162,0.1111111111111111,0.0,0.06993356371436844,0.9629629629629629,1.0,0.001007656406088854,0.0,0.0,0.0023904950970776192,0.9433962264150944,,0.03588277475031397,0.0,
no_explicit_geometry__V_+0.4__t0_1.4,no_explicit_geometry,cubic_frustrated,0.4,1.4,21,0.5259803700237831,0.365504796679878,0.01503791042238119,0.1111111111111111,0.0,0.07197262283369628,0.9629629629629629,1.0,0.0009671121631155857,0.0,0.0,0.0020309496424092276,0.9433962264150944,,0.032612377577800715,0.0,
no_explicit_geometry__V_+0.4__t0_1.4,no_explicit_geometry,cubic_frustrated,0.4,1.4,22,0.541705060950675,0.3721610871637912,0.0154267091153243,0.1111111111111111,0.0,0.07345996699900781,0.9629629629629629,1.0,0.0009339510147187151,0.0,0.0,0.0017939208100285916,0.9433962264150944,,0.030390610414913262,0.0,
no_explicit_geometry__V_+0.4__t0_1.4,no_explicit_geometry,cubic_frustrated,0.4,1.4,23,0.5449651773933186,0.3763295923123248,0.01605029839529279,0.1111111111111111,0.0,0.07450826963222645,0.9629629629629629,1.0,0.0008930008856430863,0.0,0.0,0.0017153796065546812,0.9433962264150944,,0.02845080821037946,0.0,
no_explicit_geometry__V_+0.4__t0_1.4,no_explicit_geometry,cubic_frustrated,0.4,1.4,24,0.5633961455494435,0.37895259295901046,0.01557666625630658,0.1111111111111111,0.0,0.07563245377011533,0.9629629629629629,1.0,0.0008955458222268186,0.0,0.0,0.0017224682033445467,0.9433962264150944,,0.02825639598272553,0.0,
no_explicit_geometry__V_+0.4__t0_1.4,no_explicit_geometry,cubic_frustrated,0.4,1.4,25,0.5565928418421942,0.38059029666242794,0.01611798827879423,0.1111111111111111,0.0,0.07681573400710377,0.9629629629629629,1.0,0.0008577329676662904,0.0,0.0,0.001716543424590352,0.9433962264150944,,0.026862515066278563,0.0,
no_explicit_geometry__V_+0.4__t0_1.4,no_explicit_geometry,cubic_frustrated,0.4,1.4,26,0.5479492667159184,0.3828126739340278,0.016633508130683712,0.1111111111111111,0.0,0.07740534390997311,0.9629629629629629,1.0,0.0008044263146819554,0.0,0.0,0.0017153085839051122,0.9433962264150944,,0.025392948458892586,0.0,
no_explicit_geometry__V_+0.4__t0_1.4,no_explicit_geometry,cubic_frustrated,0.4,1.4,27,0.5611966704869165,0.3846447697626086,0.016473717776168382,0.1111111111111111,0.0,0.0782566441679973,0.9629629629629629,1.0,0.0007945283587217315,0.0,0.0,0.0017690210835204676,0.9433962264150944,,0.02490455712747557,0.0,
no_explicit_geometry__V_+0.4__t0_1.4,no_explicit_geometry,cubic_frustrated,0.4,1.4,28,0.5634473740336764,0.3856666917448403,0.016400260619069386,0.1111111111111111,0.0,0.07910669382588252,0.9629629629629629,1.0,0.0007735402232682256,0.0,0.0,0.0018085117777685534,0.9433962264150944,,0.02443070103005995,0.0,
no_explicit_geometry__V_+0.4__t0_1.4,no_explicit_geometry,cubic_frustrated,0.4,1.4,29,0.5688721113441289,0.38689611582021904,0.01613875642968251,0.1111111111111111,0.0,0.0800527691000564,0.9629629629629629,1.0,0.0007593209344986179,0.0,0.0,0.0018566727590587084,0.9433962264150944,,0.023943259712179366,0.0,
no_explicit_geometry__V_+0.4__t0_1.4,no_explicit_geometry,cubic_frustrated,0.4,1.4,30,0.5735068288175378,0.3880626694250918,0.015824485431670407,0.1111111111111111,0.0,0.08111850519708924,0.9629629629629629,1.0,0.0007421730063674958,0.0,0.0,0.0019066960648188398,0.9433962264150944,,0.023639794954301345,0.0,
cubic_unfrustrated__V_-0.2__t0_1.0,cubic_unfrustrated,cubic_unfrustrated,-0.2,1.0,1,,,0.017951983019867505,0.14814814814814814,0.0,0.18506266006213293,0.9259259259259259,1.0,1.3910122978914458e-07,0.0,0.0,9.472906197332571e-07,0.0,,9.443480746554883e-06,0.0,
cubic_unfrustrated__V_-0.2__t0_1.0,cubic_unfrustrated,cubic_unfrustrated,-0.2,1.0,2,0.7718575654386719,0.017746413913936658,0.017443923537438816,0.14814814814814814,0.0,0.1806513444826957,0.9259259259259259,1.0,0.0,1.0,0.0,3.218339825343062e-07,0.1509433962264151,,2.5388748702662814e-06,0.0,
cubic_unfrustrated__V_-0.2__t0_1.0,cubic_unfrustrated,cubic_unfrustrated,-0.2,1.0,3,0.9420024296588498,0.002814379541391404,0.017358969235650556,0.14814814814814814,0.0,0.18003129821251582,0.9259259259259259,1.0,0.0,1.0,0.0,2.2734582292125333e-07,0.0,,3.7879000551722895e-07,0.1509433962264151,
cubic_unfrustrated__V_-0.2__t0_1.0,cubic_unfrustrated,cubic_unfrustrated,-0.2,1.0,4,1.6020836607829025,0.0005247672107767242,0.01735127404571771,0.14814814814814814,0.0,0.17995209517584698,0.9259259259259259,1.0,0.0,1.0,0.0,1.789981254315567e-07,0.5283018867924528,,4.2661098678207554e-07,0.03773584905660377,
cubic_unfrustrated__V_-0.4__t0_1.0,cubic_unfrustrated,cubic_unfrustrated,-0.4,1.0,1,,,0.01578335912344492,0.14814814814814814,0.0,0.1611495814434357,0.9259259259259259,1.0,1.4791357748551493e-07,0.0,0.0,1.3418915436400354e-06,0.0,,1.085810908327468e-05,0.0,
cubic_unfrustrated__V_-0.4__t0_1.0,cubic_unfrustrated,cubic_unfrustrated,-0.4,1.0,2,0.9026671453457363,0.03389168588434406,0.014964808042966174,0.14814814814814814,0.0,0.15375731547664806,0.9259259259259259,1.0,0.0,1.0,0.0,2.1477447721251768e-07,0.1509433962264151,,1.4208396404132475e-06,0.0,
cubic_unfrustrated__V_-0.4__t0_1.0,cubic_unfrustrated,cubic_unfrustrated,-0.4,1.0,3,1.0213991631663721,0.005559622872869552,0.014818296004067857,0.14814814814814814,0.0,0.1526585129001846,0.9259259259259259,1.0,0.0,1.0,0.0,1.29105038689429e-07,0.07547169811320754,,2.4759076670576943e-07,0.1509433962264151,
cubic_unfrustrated__V_-0.4__t0_1.0,cubic_unfrustrated,cubic_unfrustrated,-0.4,1.0,4,1.3893675830934735,0.001267469413019824,0.01478362553338901,0.14814814814814814,0.0,0.15244776094899354,0.9259259259259259,1.0,0.0,1.0,0.0,2.4183032757492516e-07,0.03773584905660377,,2.0599361751463543e-07,0.18867924528301888,
cubic_unfrustrated__V_+0.0__t0_0.8,cubic_unfrustrated,cubic_unfrustrated,0.0,0.8,1,,,0.032552372755035315,0.14814814814814814,0.0,0.3501768803776436,0.9259259259259259,1.0,1.4771083473188906e-07,0.5185185185185185,0.0,1.903765178221609e-06,0.1509433962264151,,1.4312582853476283e-05,0.0,
cubic_unfrustrated__V_+0.0__t0_0.8,cubic_unfrustrated,cubic_unfrustrated,0.0,0.8,2,3.1969096535507506,0.06969853963001879,0.03622655814542327,0.14814814814814814,0.0,0.3789662979535408,0.9259259259259259,1.0,2.3583264650140216e-07,0.7777777777777778,1.0,1.2166671295556618e-05,0.9433962264150944,,2.2887184858350395e-05,0.0,
cubic_unfrustrated__V_+0.0__t0_0.8,cubic_unfrustrated,cubic_unfrustrated,0.0,0.8,3,0.9560509864263168,0.010716680588826025,0.03674168352372315,0.14814814814814814,0.0,0.38173271887584775,0.9259259259259259,1.0,2.176596822510383e-08,1.0,0.0,4.786097895953472e-07,0.9056603773584906,,3.0633656662262437e-06,0.0,
cubic_unfrustrated__V_+0.0__t0_0.8,cubic_unfrustrated,cubic_unfrustrated,0.0,0.8,4,0.9266821948902544,0.003269462539511924,0.03686897114341212,0.14814814814814814,0.0,0.3822668326483534,0.9259259259259259,1.0,2.398875320122569e-08,1.0,1.0,3.6260550639333213e-07,0.49056603773584906,,6.0642579359883e-07,0.03773584905660377,
cubic_unfrustrated__V_+0.0__t0_0.8,cubic_unfrustrated,cubic_unfrustrated,0.0,0.8,5,1.3529033690374421,0.002107753114613338,0.03689431079547614,0.14814814814814814,0.0,0.3823645309895657,0.9259259259259259,1.0,3.0970469612993865e-08,0.2962962962962963,0.0,3.6527546273892846e-07,0.0,,6.346820939243357e-07,0.0,
cubic_unfrustrated__V_+0.0__t0_0.8,cubic_unfrustrated,cubic_unfrustrated,0.0,0.8,6,1.4720904982600929,0.002114622506085874,0.036904817681393996,0.14814814814814814,0.0,0.38239729974195846,0.9259259259259259,1.0,5.1585929745347836e-08,0.1111111111111111,1.0,3.449295168360826e-07,0.8679245283018868,,6.378357843199142e-07,0.18867924528301888,
cubic_unfrustrated__V_+0.0__t0_1.0,cubic_unfrustrated,cubic_unfrustrated,0.0,1.0,1,,,0.0026443106997828536,0.1111111111111111,0.0,4.025822140655256e-05,0.9259259259259259,1.0,6.213004582716479e-05,0.0,0.0,0.0017055288942108403,0.0,,0.011461721203007882,0.0,
cubic_unfrustrated__V_+0.0__t0_1.0,cubic_unfrustrated,cubic_unfrustrated,0.0,1.0,2,0.6935820487491334,0.053242254761447096,0.002608996327250463,0.14814814814814814,0.0,0.00033754926938695705,0.9259259259259259,1.0,8.149892240144731e-05,0.0,0.0,0.00243012865232806,0.0,,0.019213226281006485,0.0,
cubic_unfrustrated__V_+0.0__t0_1.0,cubic_unfrustrated,cubic_unfrustrated,0.0,1.0,3,0.10642413096209724,0.029763613275474034,0.0015174064358867503,0.1111111111111111,0.0,0.00262774651765064,0.9259259259259259,1.0,4.8281194867225635e-05,0.0,0.0,0.0025594686575529805,0.0,,0.021048937359142705,0.0,
cubic_unfrustrated__V_+0.0__t0_1.0,cubic_unfrustrated,cubic_unfrustrated,0.0,1.0,4,0.08367670640300498,0.06996457999320142,0.0011580030088959741,0.14814814814814814,0.0,0.020905066320402933,0.9259259259259259,1.0,4.091302013786944e-05,0.0,0.0,0.0025744175863865962,0.0,,0.02144638278212293,0.0,
cubic_unfrustrated__V_+0.0__t0_1.0,cubic_unfrustrated,cubic_unfrustrated,0.0,1.0,5,0.42001749284194606,0.3372340328570593,0.008597721001270063,0.14814814814814814,0.0,0.11767288973323924,0.9259259259259259,1.0,1.0899095208066686e-05,0.18518518518518517,0.0,0.0015205881623631841,0.0,,0.013993700570881838,0.0,
cubic_unfrustrated__V_+0.0__t0_1.0,cubic_unfrustrated,cubic_unfrustrated,0.0,1.0,6,0.7337530401866608,0.239433640586116,0.017409458986015352,0.14814814814814814,0.0,0.19298391024488776,0.9259259259259259,1.0,1.8360356665497985e-05,0.14814814814814814,0.0,0.0002945875381501987,0.0,,0.003933908124578116,0.0,
cubic_unfrustrated__V_+0.0__t0_1.0,cubic_unfrustrated,cubic_unfrustrated,0.0,1.0,7,0.4502469532574925,0.06110461021947726,0.019775699384205144,0.14814814814814814,0.0,0.21038460229659645,0.9259259259259259,1.0,3.337210956374425e-05,0.0,0.0,0.00023571159444018942,0.0,,0.0020340004142391788,0.0,
cubic_unfrustrated__V_+0.0__t0_1.0,cubic_unfrustrated,cubic_unfrustrated,0.0,1.0,8,0.09691496813123285,0.013524039481399453,0.02029360767989512,0.14814814814814814,0.0,0.21346679266509982,0.9259259259259259,1.0,4.243420522949619e-05,0.0,0.0,0.00025008843859165863,0.0,,0.0017707910584705995,0.0,
cubic_unfrustrated__V_+0.0__t0_1.0,cubic_unfrustrated,cubic_unfrustrated,0.0,1.0,9,0.026105555781082593,0.0028900785948152642,0.02038369546410968,0.14814814814814814,0.0,0.2140028912272136,0.9259259259259259,1.0,4.534114141386841e-05,0.0,0.0,0.0002576855411726763,0.0,,0.0017571442637400634,0.0,
cubic_unfrustrated__V_+0.0__t0_1.0,cubic_unfrustrated,cubic_unfrustrated,0.0,1.0,10,0.053285505241741256,0.0006982113715570223,0.020384195345272454,0.14814814814814814,0.0,0.2141181979880389,0.9259259259259259,1.0,4.813585600582972e-05,0.0,0.0,0.00027223567279085814,0.0,,0.0018384278080628357,0.0,
cubic_unfrustrated__V_+0.0__t0_1.0,cubic_unfrustrated,cubic_unfrustrated,0.0,1.0,11,0.033141373862975734,0.0006159307618373295,0.020357184376208717,0.14814814814814814,0.0,0.2141824636133734,0.9259259259259259,1.0,4.990133466503538e-05,0.0,0.0,0.0002816218562185206,0.0,,0.0019005367254300374,0.0,
cubic_unfrustrated__V_+0.0__t0_1.0,cubic_unfrustrated,cubic_unfrustrated,0.0,1.0,12,0.7508241010696908,0.006915761698403832,0.020091801038169783,0.14814814814814814,0.0,0.21453987790923798,0.9259259259259259,1.0,1.4948815659183748e-05,0.0,0.0,6.360876551894605e-05,0.0,,0.0005866232687989138,0.0,
cubic_unfrustrated__V_+0.0__t0_1.0,cubic_unfrustrated,cubic_unfrustrated,0.0,1.0,13,0.5762750197321326,0.007943999519285337,0.02054874739827887,0.14814814814814814,0.0,0.21417008221311232,0.9259259259259259,1.0,5.933114909709707e-06,0.0,0.0,2.6276695134189994e-05,0.0,,0.00023335477091360134,0.0,
cubic_unfrustrated__V_+0.0__t0_1.0,cubic_unfrustrated,cubic_unfrustrated,0.0,1.0,14,0.5812931818831851,0.0017354825732417898,0.020550833505900267,0.14814814814814814,0.0,0.21408194026252145,0.9259259259259259,1.0,2.523704497216461e-06,0.0,0.0,1.1235974827567928e-05,0.0,,9.785863159964723e-05,0.0,
cubic_unfrustrated__V_+0.0__t0_1.0,cubic_unfrustrated,cubic_unfrustrated,0.0,1.0,15,0.6498936095490034,0.0007812888641932969,0.020549656487615517,0.14814814814814814,0.0,0.21403710695440084,0.9259259259259259,1.0,8.75202564535819e-07,0.0,0.0,3.7657299426744832e-06,0.0,,3.537079746707603e-05,0.0,
cubic_unfrustrated__V_+0.0__t0_1.0,cubic_unfrustrated,cubic_unfrustrated,0.0,1.0,16,0.6199022918482013,0.00041551224490135765,0.020548912208080625,0.14814814814814814,0.0,0.2140270953192864,0.9259259259259259,1.0,2.698045040598582e-07,0.0,0.0,1.6573671736049637e-06,0.0,,1.3474554086714555e-05,0.0,
cubic_unfrustrated__V_+0.0__t0_1.4,cubic_unfrustrated,cubic_unfrustrated,0.0,1.4,1,,,0.019197984334753726,0.14814814814814814,0.0,0.18078550423565937,0.9259259259259259,1.0,4.868826129743084e-07,0.0,0.0,1.0064114524778295e-06,0.7169811320754716,,1.1956328914567619e-05,0.0,
cubic_unfrustrated__V_+0.0__t0_1.4,cubic_unfrustrated,cubic_unfrustrated,0.0,1.4,2,0.8007413455548196,0.026096077094117643,0.01860457864174168,0.14814814814814814,0.0,0.17648508340274138,0.9259259259259259,1.0,1.13895032627516e-08,0.7037037037037037,0.0,4.91329901064716e-07,0.18867924528301888,,3.106567991251464e-06,0.0,
cubic_unfrustrated__V_+0.0__t0_1.4,cubic_unfrustrated,cubic_unfrustrated,0.0,1.4,3,0.915475471186486,0.006664203182729963,0.018586494286507445,0.14814814814814814,0.0,0.1756816481739421,0.9259259259259259,1.0,3.0633773477682985e-08,0.6666666666666666,0.0,3.646166155161435e-07,0.1509433962264151,,1.1366104542887786e-06,0.0,
cubic_unfrustrated__V_+0.0__t0_1.4,cubic_unfrustrated,cubic_unfrustrated,0.0,1.4,4,1.0585466716520144,0.0014386544797204207,0.01855549435047386,0.14814814814814814,0.0,0.17553807794428505,0.9259259259259259,1.0,1.3314280531703043e-08,0.9629629629629629,0.0,3.5057174095870615e-07,0.33962264150943394,,1.2782661863803657e-06,0.0,
cubic_unfrustrated__V_+0.0__t0_1.4,cubic_unfrustrated,cubic_unfrustrated,0.0,1.4,5,1.2860211611911405,0.0004131186291690987,0.018554990485657997,0.14814814814814814,0.0,0.17550740284592914,0.9259259259259259,1.0,0.0,1.0,0.0,2.308526940598462e-07,0.9056603773584906,,4.563742280055321e-07,0.18867924528301888,
square__V_-0.2__t0_1.0,square,square,-0.2,1.0,1,,,0.0036822904485527643,0.14814814814814814,0.0,0.04485518986765846,0.9259259259259259,1.0,0.0,1.0,0.0,1.0482348324333437e-06,0.0,,1.0482348324333437e-06,0.0,
square__V_-0.2__t0_1.0,square,square,-0.2,1.0,2,0.9890689584716394,0.017809752966551552,0.0035289778309380688,0.14814814814814814,0.0,0.04327940984886322,0.9259259259259259,1.0,0.0,1.0,0.0,3.682701551064043e-08,0.0,,3.682701551064043e-08,0.0,
square__V_-0.2__t0_1.0,square,square,-0.2,1.0,3,1.0812662412319516,0.004680220491513592,0.0034868951877682877,0.14814814814814814,0.0,0.0428801299828432,0.9259259259259259,1.0,0.0,1.0,0.0,0.0,0.9811320754716981,,0.0,0.9811320754716981,
square__V_-0.2__t0_1.0,square,square,-0.2,1.0,4,2.254293391318744,0.0014134384699324891,0.0034715766323648424,0.14814814814814814,0.0,0.04276289646778553,0.9259259259259259,1.0,0.0,1.0,0.0,1.0242886792906072e-08,0.7547169811320755,,1.0242886792906072e-08,0.7547169811320755,
square__V_+0.0__t0_0.8,square,square,0.0,0.8,1,,,0.006124827760115922,0.14814814814814814,0.0,0.08206977956769684,0.9259259259259259,1.0,7.214115976324459e-08,0.0,0.0,1.0181761726898333e-05,0.0,,1.0181761726898333e-05,0.0,
square__V_+0.0__t0_0.8,square,square,0.0,0.8,2,3.845447963402807,0.06394871553918917,0.007223337613967107,0.14814814814814814,0.0,0.09280264361902606,0.9259259259259259,1.0,4.90758366964725e-07,0.0,0.0,5.04995622240079e-05,0.0,,5.04995622240079e-05,0.0,
square__V_+0.0__t0_0.8,square,square,0.0,0.8,3,0.9754295236057958,0.016127405689462086,0.007532270082102493,0.14814814814814814,0.0,0.09542498278916221,0.9259259259259259,1.0,1.143133293428469e-07,0.0,0.0,5.005569234907883e-06,0.0,,5.005569234907883e-06,0.0,
square__V_+0.0__t0_0.8,square,square,0.0,0.8,4,0.9428988864248626,0.0044906650691839455,0.007616889125452562,0.14814814814814814,0.0,0.09609351917841766,0.9259259259259259,1.0,0.0,1.0,0.0,4.030370188427079e-07,0.0,,4.030370188427079e-07,0.0,
square__V_+0.0__t0_0.8,square,square,0.0,0.8,5,1.100932987099942,0.0013184959121902923,0.007642200018634455,0.14814814814814814,0.0,0.09627517769896472,0.9259259259259259,1.0,0.0,1.0,0.0,5.739845733050172e-08,0.18867924528301888,,5.739845733050172e-08,0.18867924528301888,
square__V_+0.0__t0_1.0,square,square,0.0,1.0,1,,,0.0014276869550071893,0.14814814814814814,0.0,7.555574904652528e-06,0.9259259259259259,1.0,2.0134973904127764e-05,0.0,0.0,0.0015009785606779264,0.0,,0.0015009785606779264,0.0,
square__V_+0.0__t0_1.0,square,square,0.0,1.0,2,0.42625844652475287,0.024606690380214506,0.00042949095686126653,0.18518518518518517,0.0,2.9626315639231664e-05,0.9259259259259259,1.0,2.5660406092167636e-05,0.0,0.0,0.0021631438600631632,0.0,,0.0021631438600631632,0.0,
square__V_+0.0__t0_1.0,square,square,0.0,1.0,3,0.024646040465761625,0.005684985644718552,0.00043722190628339567,0.18518518518518517,0.0,8.807422080942556e-05,0.9259259259259259,1.0,2.270504855471979e-05,0.0,0.0,0.002213714534923028,0.0,,0.002213714534923028,0.0,
square__V_+0.0__t0_1.0,square,square,0.0,1.0,4,0.005843230068585486,0.0025243655421651676,0.0004307780856001221,0.18518518518518517,0.0,0.00030577066164912716,0.9259259259259259,1.0,2.2536546832242515e-05,0.0,0.0,0.002223624522169844,0.0,,0.002223624522169844,0.0,
square__V_+0.0__t0_1.0,square,square,0.0,1.0,5,0.017505155492025998,0.010151242779030489,0.0004360209936200587,0.18518518518518517,0.0,0.0012094323636712714,0.9259259259259259,1.0,2.2069031630167176e-05,0.0,0.0,0.0021984388389830523,0.0,,0.0021984388389830523,0.0,
square__V_+0.0__t0_1.0,square,square,0.0,1.0,6,0.042123938963656654,0.03766421880426047,0.0004485262329707341,0.18518518518518517,0.0,0.0046079571502625006,0.9259259259259259,1.0,2.2144886519507357e-05,0.0,0.0,0.0021911314741589454,0.0,,0.0021911314741589454,0.0,
square__V_+0.0__t0_1.0,square,square,0.0,1.0,7,0.3345555145189015,0.1555326169541186,0.001636068932817059,0.14814814814814814,0.0,0.019829232935217586,0.9259259259259259,1.0,1.2380027334114642e-05,0.0,0.0,0.0015357864167141776,0.0,,0.0015357864167141776,0.0,
square__V_+0.0__t0_1.0,square,square,0.0,1.0,8,0.8128663124916602,0.1995367873199945,0.0030679690031476543,0.14814814814814814,0.0,0.03954798481951116,0.9259259259259259,1.0,2.42346255450455e-06,0.0,0.0,0.00028149204067563234,0.0,,0.00028149204067563234,0.0,
square__V_+0.0__t0_1.0,square,square,0.0,1.0,9,0.8568856982290465,0.096116598101504,0.003774596667905045,0.14814814814814814,0.0,0.048100398544743954,0.9259259259259259,1.0,4.854586452517304e-08,0.0,0.0,3.792665743650835e-05,0.0,,3.792665743650835e-05,0.0,
square__V_+0.0__t0_1.0,square,square,0.0,1.0,10,0.7555279038216963,0.03217033684418347,0.004027212384044807,0.14814814814814814,0.0,0.05065316661003958,0.9259259259259259,1.0,0.0,1.0,0.0,8.033687463856918e-06,0.0,,8.033687463856918e-06,0.0,
square__V_+0.0__t0_1.0,square,square,0.0,1.0,11,0.9208017952101095,0.009038023749687468,0.004097088650261092,0.14814814814814814,0.0,0.05132688497897477,0.9259259259259259,1.0,0.0,1.0,0.0,6.173069918840111e-07,0.0,,6.173069918840111e-07,0.0,
square__V_+0.0__t0_1.0,square,square,0.0,1.0,12,1.0432523395274227,0.002480038514063463,0.004119907907133416,0.14814814814814814,0.0,0.051514257471153194,0.9259259259259259,1.0,0.0,1.0,0.0,9.771370332098383e-08,0.0,,9.771370332098383e-08,0.0,
square__V_+0.0__t0_1.0,square,square,0.0,1.0,13,1.3122102187952183,0.000788344943608474,0.004128235844540649,0.14814814814814814,0.0,0.051570290881853845,0.9259259259259259,1.0,0.0,1.0,0.0,5.6847201571398256e-08,0.0,,5.6847201571398256e-08,0.0,
square__V_+0.0__t0_1.2,square,square,0.0,1.2,1,,,0.003262796863974698,0.14814814814814814,0.0,0.037035333426508145,0.9259259259259259,1.0,7.074810487065999e-06,0.0,0.0,0.00015550038698091016,0.0,,0.00015550038698091016,0.0,
square__V_+0.0__t0_1.2,square,square,0.0,1.2,2,0.8827514239081279,0.04783851431040153,0.0030027865408842253,0.14814814814814814,0.0,0.03357476359857466,0.9259259259259259,1.0,5.611997093199749e-07,0.0,0.0,2.552185722817099e-05,0.0,,2.552185722817099e-05,0.0,
square__V_+0.0__t0_1.2,square,square,0.0,1.2,3,0.8166205043497167,0.016024185960687578,0.0029133625490884094,0.14814814814814814,0.0,0.0325051073358621,0.9259259259259259,1.0,9.53093304182817e-09,0.14814814814814814,0.0,5.102079180939828e-06,0.0,,5.102079180939828e-06,0.0,
square__V_+0.0__t0_1.2,square,square,0.0,1.2,4,0.8965320697641189,0.00615097276036853,0.0028794696364698585,0.14814814814814814,0.0,0.03212739816359789,0.9259259259259259,1.0,0.0,1.0,0.0,7.911260721088513e-07,0.0,,7.911260721088513e-07,0.0,
square__V_+0.0__t0_1.2,square,square,0.0,1.2,5,0.7294959265651109,0.0024449417529965388,0.002868416275040322,0.14814814814814814,0.0,0.03199197275098973,0.9259259259259259,1.0,0.0,1.0,0.0,3.6868439771430294e-07,0.03773584905660377,,3.6868439771430294e-07,0.03773584905660377,
square__V_+0.0__t0_1.2,square,square,0.0,1.2,6,1.175273423990291,0.0012390860566094612,0.0028660106935883872,0.14814814814814814,0.0,0.03194780998374878,0.9259259259259259,1.0,0.0,1.0,0.0,2.0673238106993563e-07,0.0,,2.0673238106993563e-07,0.0,
square__V_+0.0__t0_1.4,square,square,0.0,1.4,1,,,0.004325733155637334,0.14814814814814814,0.0,0.03992831411059203,0.9259259259259259,1.0,1.0992222349465828e-05,0.0,0.0,0.00019388840892704348,0.0,,0.00019388840892704348,0.0,
square__V_+0.0__t0_1.4,square,square,0.0,1.4,2,0.6674161993796219,0.048751902166172145,0.003916540584510724,0.14814814814814814,0.0,0.03595890326415638,0.9259259259259259,1.0,4.500537218066388e-06,0.0,0.0,8.750744585066626e-05,0.0,,8.750744585066626e-05,0.0,
square__V_+0.0__t0_1.4,square,square,0.0,1.4,3,0.5701600737054384,0.023795161664534777,0.003767048606424331,0.14814814814814814,0.0,0.034047889170170736,0.9259259259259259,1.0,2.0164879910756462e-06,0.0,0.0,4.3071248042286094e-05,0.0,,4.3071248042286094e-05,0.0,
square__V_+0.0__t0_1.4,square,square,0.0,1.4,4,0.5253050965073144,0.013210760629577002,0.003669261028827968,0.14814814814814814,0.0,0.033015345725343884,0.9259259259259259,1.0,9.166294902628446e-07,0.0,0.0,2.33920042852098e-05,0.0,,2.33920042852098e-05,0.0,
square__V_+0.0__t0_1.4,square,square,0.0,1.4,5,0.5039786928697262,0.00792999895018661,0.0035988530322489123,0.14814814814814814,0.0,0.03240329914718256,0.9259259259259259,1.0,2.566547144371232e-07,0.0,0.0,1.2423934812943914e-05,0.0,,1.2423934812943914e-05,0.0,
square__V_+0.0__t0_1.4,square,square,0.0,1.4,6,0.47947289744120636,0.004811201925944008,0.0035612920598671843,0.14814814814814814,0.0,0.03204047830704113,0.9259259259259259,1.0,1.917555393028023e-08,1.0,1.0,6.814878914905326e-06,0.0,,6.814878914905326e-06,0.0,
square__V_+0.0__t0_1.4,square,square,0.0,1.4,7,0.44696910649442906,0.0031848971682320987,0.0035284543792576143,0.14814814814814814,0.0,0.03180396986503848,0.9259259259259259,1.0,0.0,1.0,0.0,3.5382400711423088e-06,0.0,,3.5382400711423088e-06,0.0,
square__V_+0.0__t0_1.4,square,square,0.0,1.4,8,0.70754713057541,0.0021592993061493593,0.0035040442532896024,0.14814814814814814,0.0,0.03164866912584098,0.9259259259259259,1.0,0.0,1.0,0.0,3.44069699863723e-06,0.0,,3.44069699863723e-06,0.0,
square__V_+0.0__t0_1.4,square,square,0.0,1.4,9,0.5135059683251272,0.0013149921704359942,0.0035037972184314725,0.14814814814814814,0.0,0.031586172975819386,0.9259259259259259,1.0,0.0,1.0,0.0,1.8559008423544852e-06,0.0,,1.8559008423544852e-06,0.0,
square__V_+0.0__t0_1.4,square,square,0.0,1.4,10,0.6950229661228474,0.0012809308497312264,0.003477142359041007,0.14814814814814814,0.0,0.031509777158752764,0.9259259259259259,1.0,0.0,1.0,0.0,2.2292129316462935e-06,0.03773584905660377,,2.2292129316462935e-06,0.03773584905660377,
square__V_+0.0__t0_1.4,square,square,0.0,1.4,11,0.649562465140057,0.0012423967539268383,0.0034573339853324753,0.14814814814814814,0.0,0.03144099544138772,0.9259259259259259,1.0,0.0,1.0,0.0,1.44988141381357e-06,0.0,,1.44988141381357e-06,0.0,
square__V_+0.0__t0_1.4,square,square,0.0,1.4,12,1.1402049307207114,0.0011585506445826012,0.003456052517911084,0.14814814814814814,0.0,0.03141668272597088,0.9259259259259259,1.0,0.0,1.0,0.0,2.7149798302105954e-06,0.0,,2.7149798302105954e-06,0.0,
square__V_+0.0__t0_1.4,square,square,0.0,1.4,13,0.36608322613591676,0.0009596320054442777,0.003437569990214143,0.14814814814814814,0.0,0.031380154157807504,0.9259259259259259,1.0,0.0,1.0,0.0,3.5562238300394952e-06,0.0,,3.5562238300394952e-06,0.0,
square__V_+0.0__t0_1.4,square,square,0.0,1.4,14,0.4662317611852476,0.001067431923106452,0.003418220954576256,0.14814814814814814,0.0,0.0313329998009607,0.9259259259259259,1.0,0.0,1.0,0.0,3.0806011734826704e-06,0.0,,3.0806011734826704e-06,0.0,
square__V_+0.0__t0_1.4,square,square,0.0,1.4,15,0.5150023332154083,0.0010089627604691618,0.0034030099760882946,0.14814814814814814,0.0,0.031292761762853026,0.9259259259259259,1.0,0.0,1.0,0.0,2.506513547650802e-06,0.0,,2.506513547650802e-06,0.0,
square__V_+0.0__t0_1.4,square,square,0.0,1.4,16,0.6153720049377239,0.00081750536329778,0.003410110897328997,0.14814814814814814,0.0,0.031301605518680754,0.9259259259259259,1.0,0.0,1.0,0.0,1.9425912027044353e-06,0.0,,1.9425912027044353e-06,0.0,
