run_id,selection,geometry,V,t0,distance,count,mean,mean_abs,std
no_explicit_geometry__V_-0.2__t0_1.2,no_explicit_geometry,cubic_frustrated,-0.2,1.2,1,47,0.06391029305829389,0.06391029305829389,6.899614800596113e-05
no_explicit_geometry__V_-0.2__t0_1.2,no_explicit_geometry,cubic_frustrated,-0.2,1.2,2,46,0.0230479113649781,0.0230479113649781,0.0001013997463201415
no_explicit_geometry__V_-0.2__t0_1.2,no_explicit_geometry,cubic_frustrated,-0.2,1.2,3,45,0.01619713753296007,0.01619713753296007,7.861804752600548e-05
no_explicit_geometry__V_-0.2__t0_1.2,no_explicit_geometry,cubic_frustrated,-0.2,1.2,4,44,0.015972112709496417,0.015972112709496417,8.103317054623246e-05
no_explicit_geometry__V_-0.2__t0_1.2,no_explicit_geometry,cubic_frustrated,-0.2,1.2,5,43,0.015280082098730299,0.015280082098730299,8.062997227343532e-05
no_explicit_geometry__V_-0.2__t0_1.2,no_explicit_geometry,cubic_frustrated,-0.2,1.2,6,42,0.014351478057374092,0.014351478057374092,7.742343443376107e-05
no_explicit_geometry__V_-0.2__t0_1.2,no_explicit_geometry,cubic_frustrated,-0.2,1.2,7,41,0.013609209047087498,0.013609209047087498,7.504844057707537e-05
no_explicit_geometry__V_-0.2__t0_1.2,no_explicit_geometry,cubic_frustrated,-0.2,1.2,8,40,0.013015452250620323,0.013015452250620323,7.307471853886975e-05
no_explicit_geometry__V_-0.2__t0_1.2,no_explicit_geometry,cubic_frustrated,-0.2,1.2,9,39,0.012594320155101391,0.012594320155101391,7.164433382683557e-05
no_explicit_geometry__V_-0.2__t0_1.2,no_explicit_geometry,cubic_frustrated,-0.2,1.2,10,38,0.012304937978685544,0.012304937978685544,7.055458919888254e-05
no_explicit_geometry__V_-0.2__t0_1.2,no_explicit_geometry,cubic_frustrated,-0.2,1.2,11,37,0.012112812598703565,0.012112812598703565,6.952399456518148e-05
no_explicit_geometry__V_-0.2__t0_1.2,no_explicit_geometry,cubic_frustrated,-0.2,1.2,12,36,0.011990918452312172,0.011990918452312172,6.849425094527098e-05
no_explicit_geometry__V_-0.2__t0_1.2,no_explicit_geometry,cubic_frustrated,-0.2,1.2,13,35,0.011913984222374096,0.011913984222374096,6.770440258912458e-05
no_explicit_geometry__V_-0.2__t0_1.2,no_explicit_geometry,cubic_frustrated,-0.2,1.2,14,34,0.011865058564079317,0.011865058564079317,6.74038316000715e-05
no_explicit_geometry__V_-0.2__t0_1.2,no_explicit_geometry,cubic_frustrated,-0.2,1.2,15,33,0.011833186268949579,0.011833186268949579,6.763312116672111e-05
no_explicit_geometry__V_-0.2__t0_1.2,no_explicit_geometry,cubic_frustrated,-0.2,1.2,16,32,0.01181150792887375,0.01181150792887375,6.824588181206325e-05
no_explicit_geometry__V_-0.2__t0_1.2,no_explicit_geometry,cubic_frustrated,-0.2,1.2,17,31,0.011796094319482649,0.011796094319482649,6.904424526726006e-05
no_explicit_geometry__V_-0.2__t0_1.2,no_explicit_geometry,cubic_frustrated,-0.2,1.2,18,30,0.01178466654330239,0.01178466654330239,6.986461006478417e-05
no_explicit_geometry__V_-0.2__t0_1.2,no_explicit_geometry,cubic_frustrated,-0.2,1.2,19,29,0.011775954197826857,0.011775954197826857,7.070017423021336e-05
no_explicit_geometry__V_-0.2__t0_1.2,no_explicit_geometry,cubic_frustrated,-0.2,1.2,20,28,0.011769138355948141,0.011769138355948141,7.163613447979774e-05
no_explicit_geometry__V_-0.2__t0_1.2,no_explicit_geometry,cubic_frustrated,-0.2,1.2,21,27,0.011763545966442157,0.011763545966442157,7.250466820576083e-05
no_explicit_geometry__V_-0.2__t0_1.2,no_explicit_geometry,cubic_frustrated,-0.2,1.2,22,26,0.01175888134517623,0.01175888134517623,7.31153434032513e-05
no_explicit_geometry__V_-0.2__t0_1.2,no_explicit_geometry,cubic_frustrated,-0.2,1.2,23,25,0.01175491179413113,0.01175491179413113,7.344120646893772e-05
no_explicit_geometry__V_-0.2__t0_1.2,no_explicit_geometry,cubic_frustrated,-0.2,1.2,24,24,0.011751381207731323,0.011751381207731323,7.358944667904366e-05
no_explicit_geometry__V_-0.2__t0_1.2,no_explicit_geometry,cubic_frustrated,-0.2,1.2,25,23,0.011748055755811912,0.011748055755811912,7.369364742158801e-05
no_explicit_geometry__V_-0.2__t0_1.2,no_explicit_geometry,cubic_frustrated,-0.2,1.2,26,22,0.011744727567783182,0.011744727567783182,7.385292257105754e-05
no_explicit_geometry__V_-0.2__t0_1.2,no_explicit_geometry,cubic_frustrated,-0.2,1.2,27,21,0.011741223590116576,0.011741223590116576,7.401675376579261e-05
no_explicit_geometry__V_-0.2__t0_1.2,no_explicit_geometry,cubic_frustrated,-0.2,1.2,28,20,0.011737497441538413,0.011737497441538413,7.421186685732903e-05
no_explicit_geometry__V_-0.2__t0_1.2,no_explicit_geometry,cubic_frustrated,-0.2,1.2,29,19,0.011733587464738723,0.011733587464738723,7.475046154548357e-05
no_explicit_geometry__V_-0.2__t0_1.2,no_explicit_geometry,cubic_frustrated,-0.2,1.2,30,18,0.011729218539460372,0.011729218539460372,7.560252512844309e-05
no_explicit_geometry__V_-0.2__t0_1.2,no_explicit_geometry,cubic_frustrated,-0.2,1.2,31,17,0.011724278667848764,0.011724278667848764,7.625235396846389e-05
no_explicit_geometry__V_-0.2__t0_1.2,no_explicit_geometry,cubic_frustrated,-0.2,1.2,32,16,0.011718791758484105,0.011718791758484105,7.590561212504968e-05
no_explicit_geometry__V_-0.2__t0_1.2,no_explicit_geometry,cubic_frustrated,-0.2,1.2,33,15,0.011712739785342248,0.011712739785342248,7.357195556847168e-05
no_explicit_geometry__V_-0.2__t0_1.2,no_explicit_geometry,cubic_frustrated,-0.2,1.2,34,14,0.011706147881526208,0.011706147881526208,6.843651865691948e-05
no_explicit_geometry__V_-0.2__t0_1.2,no_explicit_geometry,cubic_frustrated,-0.2,1.2,35,13,0.011698856198954749,0.011698856198954749,6.023527328778476e-05
no_explicit_geometry__V_-0.2__t0_1.2,no_explicit_geometry,cubic_frustrated,-0.2,1.2,36,12,0.011690435027099615,0.011690435027099615,4.986797127177634e-05
no_explicit_geometry__V_-0.2__t0_1.2,no_explicit_geometry,cubic_frustrated,-0.2,1.2,37,11,0.011679909103966775,0.011679909103966775,3.973505079975525e-05
no_explicit_geometry__V_-0.2__t0_1.2,no_explicit_geometry,cubic_frustrated,-0.2,1.2,38,10,0.011666334519798871,0.011666334519798871,3.611422730309333e-05
no_explicit_geometry__V_-0.2__t0_1.2,no_explicit_geometry,cubic_frustrated,-0.2,1.2,39,9,0.011648854795272508,0.011648854795272508,4.5565286108286214e-05
no_explicit_geometry__V_-0.2__t0_1.2,no_explicit_geometry,cubic_frustrated,-0.2,1.2,40,8,0.011626257221131784,0.011626257221131784,6.205448798006284e-05
no_explicit_geometry__V_-0.2__t0_1.2,no_explicit_geometry,cubic_frustrated,-0.2,1.2,41,7,0.011598295408246211,0.011598295408246211,7.773555267597309e-05
no_explicit_geometry__V_-0.2__t0_1.2,no_explicit_geometry,cubic_frustrated,-0.2,1.2,42,6,0.01156597284597761,0.01156597284597761,8.604612865556027e-05
no_explicit_geometry__V_-0.2__t0_1.2,no_explicit_geometry,cubic_frustrated,-0.2,1.2,43,5,0.011533515510737178,0.011533515510737178,8.302802688962237e-05
no_explicit_geometry__V_-0.2__t0_1.2,no_explicit_geometry,cubic_frustrated,-0.2,1.2,44,4,0.011509063950031638,0.011509063950031638,6.631176762722246e-05
no_explicit_geometry__V_-0.2__t0_1.2,no_explicit_geometry,cubic_frustrated,-0.2,1.2,45,3,0.011505869838143279,0.011505869838143279,3.5947064339661935e-05
no_explicit_geometry__V_-0.2__t0_1.2,no_explicit_geometry,cubic_frustrated,-0.2,1.2,46,2,0.011543685693417908,0.011543685693417908,2.1336292785776798e-06
no_explicit_geometry__V_-0.2__t0_1.2,no_explicit_geometry,cubic_frustrated,-0.2,1.2,47,1,0.011632979839846977,0.011632979839846977,0.0
no_explicit_geometry__V_-0.2__t0_1.4,no_explicit_geometry,cubic_frustrated,-0.2,1.4,1,47,0.06105044755076492,0.06105044755076492,1.8792663202783922e-05
no_explicit_geometry__V_-0.2__t0_1.4,no_explicit_geometry,cubic_frustrated,-0.2,1.4,2,46,0.027407704961139055,0.027407704961139055,3.4728038866513825e-05
no_explicit_geometry__V_-0.2__t0_1.4,no_explicit_geometry,cubic_frustrated,-0.2,1.4,3,45,0.022150858538660896,0.022150858538660896,3.558494117275313e-05
no_explicit_geometry__V_-0.2__t0_1.4,no_explicit_geometry,cubic_frustrated,-0.2,1.4,4,44,0.02076205560092253,0.02076205560092253,3.478507245531966e-05
no_explicit_geometry__V_-0.2__t0_1.4,no_explicit_geometry,cubic_frustrated,-0.2,1.4,5,43,0.019768955625583173,0.019768955625583173,3.4509353093337735e-05
no_explicit_geometry__V_-0.2__t0_1.4,no_explicit_geometry,cubic_frustrated,-0.2,1.4,6,42,0.018824283361891632,0.018824283361891632,3.397952882638154e-05
no_explicit_geometry__V_-0.2__t0_1.4,no_explicit_geometry,cubic_frustrated,-0.2,1.4,7,41,0.018105613780951796,0.018105613780951796,3.317764383086202e-05
no_explicit_geometry__V_-0.2__t0_1.4,no_explicit_geometry,cubic_frustrated,-0.2,1.4,8,40,0.01761105723259376,0.01761105723259376,3.2593414363273265e-05
no_explicit_geometry__V_-0.2__t0_1.4,no_explicit_geometry,cubic_frustrated,-0.2,1.4,9,39,0.017290377374172782,0.017290377374172782,3.1974822152673546e-05
no_explicit_geometry__V_-0.2__t0_1.4,no_explicit_geometry,cubic_frustrated,-0.2,1.4,10,38,0.017093123690272095,0.017093123690272095,3.131611654240834e-05
no_explicit_geometry__V_-0.2__t0_1.4,no_explicit_geometry,cubic_frustrated,-0.2,1.4,11,37,0.01697506726491722,0.01697506726491722,3.1176262285226376e-05
no_explicit_geometry__V_-0.2__t0_1.4,no_explicit_geometry,cubic_frustrated,-0.2,1.4,12,36,0.016904914230055513,0.016904914230055513,3.13018762438232e-05
no_explicit_geometry__V_-0.2__t0_1.4,no_explicit_geometry,cubic_frustrated,-0.2,1.4,13,35,0.01686284823551129,0.01686284823551129,3.167845583704786e-05
no_explicit_geometry__V_-0.2__t0_1.4,no_explicit_geometry,cubic_frustrated,-0.2,1.4,14,34,0.016836992065190657,0.016836992065190657,3.240647502664946e-05
no_explicit_geometry__V_-0.2__t0_1.4,no_explicit_geometry,cubic_frustrated,-0.2,1.4,15,33,0.016820650941573045,0.016820650941573045,3.325745082307233e-05
no_explicit_geometry__V_-0.2__t0_1.4,no_explicit_geometry,cubic_frustrated,-0.2,1.4,16,32,0.016810059183826415,0.016810059183826415,3.4021931552017184e-05
no_explicit_geometry__V_-0.2__t0_1.4,no_explicit_geometry,cubic_frustrated,-0.2,1.4,17,31,0.016803060142919258,0.016803060142919258,3.449971432899336e-05
no_explicit_geometry__V_-0.2__t0_1.4,no_explicit_geometry,cubic_frustrated,-0.2,1.4,18,30,0.016798401229184957,0.016798401229184957,3.459190736683755e-05
no_explicit_geometry__V_-0.2__t0_1.4,no_explicit_geometry,cubic_frustrated,-0.2,1.4,19,29,0.016795187121787784,0.016795187121787784,3.4628024100642944e-05
no_explicit_geometry__V_-0.2__t0_1.4,no_explicit_geometry,cubic_frustrated,-0.2,1.4,20,28,0.016792768733868316,0.016792768733868316,3.491692087716746e-05
no_explicit_geometry__V_-0.2__t0_1.4,no_explicit_geometry,cubic_frustrated,-0.2,1.4,21,27,0.016790839257855603,0.016790839257855603,3.52388041121889e-05
no_explicit_geometry__V_-0.2__t0_1.4,no_explicit_geometry,cubic_frustrated,-0.2,1.4,22,26,0.01678937081489395,0.01678937081489395,3.52724504790811e-05
no_explicit_geometry__V_-0.2__t0_1.4,no_explicit_geometry,cubic_frustrated,-0.2,1.4,23,25,0.01678808605122275,0.01678808605122275,3.5536938720437875e-05
no_explicit_geometry__V_-0.2__t0_1.4,no_explicit_geometry,cubic_frustrated,-0.2,1.4,24,24,0.016786712686815246,0.016786712686815246,3.6364875949328086e-05
no_explicit_geometry__V_-0.2__t0_1.4,no_explicit_geometry,cubic_frustrated,-0.2,1.4,25,23,0.016785354903852707,0.016785354903852707,3.7245290822186144e-05
no_explicit_geometry__V_-0.2__t0_1.4,no_explicit_geometry,cubic_frustrated,-0.2,1.4,26,22,0.016784169510945426,0.016784169510945426,3.7845625884745616e-05
no_explicit_geometry__V_-0.2__t0_1.4,no_explicit_geometry,cubic_frustrated,-0.2,1.4,27,21,0.0167829558368835,0.0167829558368835,3.85876631901983e-05
no_explicit_geometry__V_-0.2__t0_1.4,no_explicit_geometry,cubic_frustrated,-0.2,1.4,28,20,0.016781513701211417,0.016781513701211417,3.959843728613613e-05
no_explicit_geometry__V_-0.2__t0_1.4,no_explicit_geometry,cubic_frustrated,-0.2,1.4,29,19,0.016780077679925624,0.016780077679925624,4.018232494447846e-05
no_explicit_geometry__V_-0.2__t0_1.4,no_explicit_geometry,cubic_frustrated,-0.2,1.4,30,18,0.016778707065169145,0.016778707065169145,4.010220044724206e-05
no_explicit_geometry__V_-0.2__t0_1.4,no_explicit_geometry,cubic_frustrated,-0.2,1.4,31,17,0.016777177337384368,0.016777177337384368,3.971459423369808e-05
no_explicit_geometry__V_-0.2__t0_1.4,no_explicit_geometry,cubic_frustrated,-0.2,1.4,32,16,0.016775249858111806,0.016775249858111806,3.943289867649024e-05
no_explicit_geometry__V_-0.2__t0_1.4,no_explicit_geometry,cubic_frustrated,-0.2,1.4,33,15,0.016772890968219243,0.016772890968219243,3.9367583568725716e-05
no_explicit_geometry__V_-0.2__t0_1.4,no_explicit_geometry,cubic_frustrated,-0.2,1.4,34,14,0.01677003469123144,0.01677003469123144,3.965553445273068e-05
no_explicit_geometry__V_-0.2__t0_1.4,no_explicit_geometry,cubic_frustrated,-0.2,1.4,35,13,0.016766678377550345,0.016766678377550345,4.008661311323317e-05
no_explicit_geometry__V_-0.2__t0_1.4,no_explicit_geometry,cubic_frustrated,-0.2,1.4,36,12,0.0167629330741637,0.0167629330741637,4.0166971132436384e-05
no_explicit_geometry__V_-0.2__t0_1.4,no_explicit_geometry,cubic_frustrated,-0.2,1.4,37,11,0.016758562016794015,0.016758562016794015,3.940606700906693e-05
no_explicit_geometry__V_-0.2__t0_1.4,no_explicit_geometry,cubic_frustrated,-0.2,1.4,38,10,0.016753464947762246,0.016753464947762246,3.661525641598478e-05
no_explicit_geometry__V_-0.2__t0_1.4,no_explicit_geometry,cubic_frustrated,-0.2,1.4,39,9,0.016747752717292487,0.016747752717292487,3.0861665377746365e-05
no_explicit_geometry__V_-0.2__t0_1.4,no_explicit_geometry,cubic_frustrated,-0.2,1.4,40,8,0.016740060060498503,0.016740060060498503,2.275219182226987e-05
no_explicit_geometry__V_-0.2__t0_1.4,no_explicit_geometry,cubic_frustrated,-0.2,1.4,41,7,0.016729377110332847,0.016729377110332847,1.265055076076283e-05
no_explicit_geometry__V_-0.2__t0_1.4,no_explicit_geometry,cubic_frustrated,-0.2,1.4,42,6,0.016714761164774498,0.016714761164774498,5.218878640906069e-06
no_explicit_geometry__V_-0.2__t0_1.4,no_explicit_geometry,cubic_frustrated,-0.2,1.4,43,5,0.016694830495034032,0.016694830495034032,1.206971648628275e-05
no_explicit_geometry__V_-0.2__t0_1.4,no_explicit_geometry,cubic_frustrated,-0.2,1.4,44,4,0.01666977480755133,0.01666977480755133,1.722443605342158e-05
no_explicit_geometry__V_-0.2__t0_1.4,no_explicit_geometry,cubic_frustrated,-0.2,1.4,45,3,0.016642975012534072,0.016642975012534072,1.565066687423485e-05
no_explicit_geometry__V_-0.2__t0_1.4,no_explicit_geometry,cubic_frustrated,-0.2,1.4,46,2,0.016622169525450113,0.016622169525450113,1.31731935874152e-06
no_explicit_geometry__V_-0.2__t0_1.4,no_explicit_geometry,cubic_frustrated,-0.2,1.4,47,1,0.01662317175306628,0.01662317175306628,0.0
no_explicit_geometry__V_-0.2__t0_1.6,no_explicit_geometry,cubic_frustrated,-0.2,1.6,1,47,0.05628894864211237,0.05628894864211237,4.216905803919412e-06
no_explicit_geometry__V_-0.2__t0_1.6,no_explicit_geometry,cubic_frustrated,-0.2,1.6,2,46,0.02851195997903223,0.02851195997903223,1.122745899890229e-05
no_explicit_geometry__V_-0.2__t0_1.6,no_explicit_geometry,cubic_frustrated,-0.2,1.6,3,45,0.024708348756832813,0.024708348756832813,9.690624985274315e-06
no_explicit_geometry__V_-0.2__t0_1.6,no_explicit_geometry,cubic_frustrated,-0.2,1.6,4,44,0.023228115772472968,0.023228115772472968,6.721836248740119e-06
no_explicit_geometry__V_-0.2__t0_1.6,no_explicit_geometry,cubic_frustrated,-0.2,1.6,5,43,0.02252122735152092,0.02252122735152092,4.768170039014039e-06
no_explicit_geometry__V_-0.2__t0_1.6,no_explicit_geometry,cubic_frustrated,-0.2,1.6,6,42,0.02217585832151326,0.02217585832151326,3.861575040737339e-06
no_explicit_geometry__V_-0.2__t0_1.6,no_explicit_geometry,cubic_frustrated,-0.2,1.6,7,41,0.022022458112560366,0.022022458112560366,3.6253295850520107e-06
no_explicit_geometry__V_-0.2__t0_1.6,no_explicit_geometry,cubic_frustrated,-0.2,1.6,8,40,0.02196072608611494,0.02196072608611494,3.536551478725116e-06
no_explicit_geometry__V_-0.2__t0_1.6,no_explicit_geometry,cubic_frustrated,-0.2,1.6,9,39,0.02193608207235028,0.02193608207235028,3.694861577015748e-06
no_explicit_geometry__V_-0.2__t0_1.6,no_explicit_geometry,cubic_frustrated,-0.2,1.6,10,38,0.02192574232648813,0.02192574232648813,4.122110298454218e-06
no_explicit_geometry__V_-0.2__t0_1.6,no_explicit_geometry,cubic_frustrated,-0.2,1.6,11,37,0.021921355794101625,0.021921355794101625,4.274996871491088e-06
no_explicit_geometry__V_-0.2__t0_1.6,no_explicit_geometry,cubic_frustrated,-0.2,1.6,12,36,0.021919438665637715,0.021919438665637715,4.711624374128014e-06
no_explicit_geometry__V_-0.2__t0_1.6,no_explicit_geometry,cubic_frustrated,-0.2,1.6,13,35,0.021918707725881118,0.021918707725881118,5.16047066640563e-06
no_explicit_geometry__V_-0.2__t0_1.6,no_explicit_geometry,cubic_frustrated,-0.2,1.6,14,34,0.02191859662960784,0.02191859662960784,5.024682872212962e-06
no_explicit_geometry__V_-0.2__t0_1.6,no_explicit_geometry,cubic_frustrated,-0.2,1.6,15,33,0.021918490300410074,0.021918490300410074,4.940779285111456e-06
no_explicit_geometry__V_-0.2__t0_1.6,no_explicit_geometry,cubic_frustrated,-0.2,1.6,16,32,0.02191843836256557,0.02191843836256557,4.6072456873102774e-06
no_explicit_geometry__V_-0.2__t0_1.6,no_explicit_geometry,cubic_frustrated,-0.2,1.6,17,31,0.021918388840687503,0.021918388840687503,4.115572978992564e-06
no_explicit_geometry__V_-0.2__t0_1.6,no_explicit_geometry,cubic_frustrated,-0.2,1.6,18,30,0.021918241219703444,0.021918241219703444,3.96918264634732e-06
no_explicit_geometry__V_-0.2__t0_1.6,no_explicit_geometry,cubic_frustrated,-0.2,1.6,19,29,0.0219180585689675,0.0219180585689675,4.065465599280984e-06
no_explicit_geometry__V_-0.2__t0_1.6,no_explicit_geometry,cubic_frustrated,-0.2,1.6,20,28,0.021918007321408205,0.021918007321408205,4.2660036267722735e-06
no_explicit_geometry__V_-0.2__t0_1.6,no_explicit_geometry,cubic_frustrated,-0.2,1.6,21,27,0.021917985950117628,0.021917985950117628,4.497429899885053e-06
no_explicit_geometry__V_-0.2__t0_1.6,no_explicit_geometry,cubic_frustrated,-0.2,1.6,22,26,0.02191811492471147,0.02191811492471147,4.715718934862648e-06
no_explicit_geometry__V_-0.2__t0_1.6,no_explicit_geometry,cubic_frustrated,-0.2,1.6,23,25,0.02191812689473549,0.02191812689473549,5.011731676479281e-06
no_explicit_geometry__V_-0.2__t0_1.6,no_explicit_geometry,cubic_frustrated,-0.2,1.6,24,24,0.02191808342403527,0.02191808342403527,5.380202961350962e-06
no_explicit_geometry__V_-0.2__t0_1.6,no_explicit_geometry,cubic_frustrated,-0.2,1.6,25,23,0.021918036212581028,0.021918036212581028,5.598767630088643e-06
no_explicit_geometry__V_-0.2__t0_1.6,no_explicit_geometry,cubic_frustrated,-0.2,1.6,26,22,0.02191804647856068,0.02191804647856068,5.649044032622582e-06
no_explicit_geometry__V_-0.2__t0_1.6,no_explicit_geometry,cubic_frustrated,-0.2,1.6,27,21,0.02191820975678741,0.02191820975678741,5.5041043637777476e-06
no_explicit_geometry__V_-0.2__t0_1.6,no_explicit_geometry,cubic_frustrated,-0.2,1.6,28,20,0.021918192871255886,0.021918192871255886,5.034822085798825e-06
no_explicit_geometry__V_-0.2__t0_1.6,no_explicit_geometry,cubic_frustrated,-0.2,1.6,29,19,0.021918129240302956,0.021918129240302956,4.52739686750248e-06
no_explicit_geometry__V_-0.2__t0_1.6,no_explicit_geometry,cubic_frustrated,-0.2,1.6,30,18,0.021917840813175993,0.021917840813175993,3.522010321343541e-06
no_explicit_geometry__V_-0.2__t0_1.6,no_explicit_geometry,cubic_frustrated,-0.2,1.6,31,17,0.02191757818460242,0.02191757818460242,2.787170501834475e-06
no_explicit_geometry__V_-0.2__t0_1.6,no_explicit_geometry,cubic_frustrated,-0.2,1.6,32,16,0.021917503042602895,0.021917503042602895,2.718292417401098e-06
no_explicit_geometry__V_-0.2__t0_1.6,no_explicit_geometry,cubic_frustrated,-0.2,1.6,33,15,0.02191751137944055,0.02191751137944055,2.6770977075449196e-06
no_explicit_geometry__V_-0.2__t0_1.6,no_explicit_geometry,cubic_frustrated,-0.2,1.6,34,14,0.021917646721002087,0.021917646721002087,3.771934675110883e-06
no_explicit_geometry__V_-0.2__t0_1.6,no_explicit_geometry,cubic_frustrated,-0.2,1.6,35,13,0.021918440497883992,0.021918440497883992,3.8140548251463626e-06
no_explicit_geometry__V_-0.2__t0_1.6,no_explicit_geometry,cubic_frustrated,-0.2,1.6,36,12,0.021919142704039843,0.021919142704039843,4.128270021306461e-06
no_explicit_geometry__V_-0.2__t0_1.6,no_explicit_geometry,cubic_frustrated,-0.2,1.6,37,11,0.021919891428612545,0.021919891428612545,4.967932780790427e-06
no_explicit_geometry__V_-0.2__t0_1.6,no_explicit_geometry,cubic_frustrated,-0.2,1.6,38,10,0.02192100042543584,0.02192100042543584,5.002672835948928e-06
no_explicit_geometry__V_-0.2__t0_1.6,no_explicit_geometry,cubic_frustrated,-0.2,1.6,39,9,0.02192166495525837,0.02192166495525837,5.6067638526360565e-06
no_explicit_geometry__V_-0.2__t0_1.6,no_explicit_geometry,cubic_frustrated,-0.2,1.6,40,8,0.021922567147399104,0.021922567147399104,5.4765884414580925e-06
no_explicit_geometry__V_-0.2__t0_1.6,no_explicit_geometry,cubic_frustrated,-0.2,1.6,41,7,0.021923738620266957,0.021923738620266957,4.169587376503254e-06
no_explicit_geometry__V_-0.2__t0_1.6,no_explicit_geometry,cubic_frustrated,-0.2,1.6,42,6,0.02192430236482421,0.02192430236482421,2.8692657696221707e-06
no_explicit_geometry__V_-0.2__t0_1.6,no_explicit_geometry,cubic_frustrated,-0.2,1.6,43,5,0.02192402249959902,0.02192402249959902,1.0999251956350196e-06
no_explicit_geometry__V_-0.2__t0_1.6,no_explicit_geometry,cubic_frustrated,-0.2,1.6,44,4,0.021922169052618734,0.021922169052618734,1.2093031099391355e-06
no_explicit_geometry__V_-0.2__t0_1.6,no_explicit_geometry,cubic_frustrated,-0.2,1.6,45,3,0.021920405504461078,0.021920405504461078,1.205713211075207e-06
no_explicit_geometry__V_-0.2__t0_1.6,no_explicit_geometry,cubic_frustrated,-0.2,1.6,46,2,0.021918607952192186,0.021918607952192186,5.778786505376138e-07
no_explicit_geometry__V_-0.2__t0_1.6,no_explicit_geometry,cubic_frustrated,-0.2,1.6,47,1,0.021915122901199235,0.021915122901199235,0.0
no_explicit_geometry__V_-0.4__t0_1.2,no_explicit_geometry,cubic_frustrated,-0.4,1.2,1,47,0.06519403050083125,0.06519403050083125,4.712963693607332e-05
no_explicit_geometry__V_-0.4__t0_1.2,no_explicit_geometry,cubic_frustrated,-0.4,1.2,2,46,0.024454787964711056,0.024454787964711056,6.735916968443397e-05
no_explicit_geometry__V_-0.4__t0_1.2,no_explicit_geometry,cubic_frustrated,-0.4,1.2,3,45,0.017657160950913436,0.017657160950913436,5.982946981265445e-05
no_explicit_geometry__V_-0.4__t0_1.2,no_explicit_geometry,cubic_frustrated,-0.4,1.2,4,44,0.017343587868658514,0.017343587868658514,6.305987668857935e-05
no_explicit_geometry__V_-0.4__t0_1.2,no_explicit_geometry,cubic_frustrated,-0.4,1.2,5,43,0.016647221603844298,0.016647221603844298,6.325302240701139e-05
no_explicit_geometry__V_-0.4__t0_1.2,no_explicit_geometry,cubic_frustrated,-0.4,1.2,6,42,0.015752652864124212,0.015752652864124212,6.0562058791517153e-05
no_explicit_geometry__V_-0.4__t0_1.2,no_explicit_geometry,cubic_frustrated,-0.4,1.2,7,41,0.015040719458066867,0.015040719458066867,5.857644935598755e-05
no_explicit_geometry__V_-0.4__t0_1.2,no_explicit_geometry,cubic_frustrated,-0.4,1.2,8,40,0.014472156785786916,0.014472156785786916,5.710927894458625e-05
no_explicit_geometry__V_-0.4__t0_1.2,no_explicit_geometry,cubic_frustrated,-0.4,1.2,9,39,0.014065529903009346,0.014065529903009346,5.603282711227948e-05
no_explicit_geometry__V_-0.4__t0_1.2,no_explicit_geometry,cubic_frustrated,-0.4,1.2,10,38,0.013781022009054776,0.013781022009054776,5.5477165406474735e-05
no_explicit_geometry__V_-0.4__t0_1.2,no_explicit_geometry,cubic_frustrated,-0.4,1.2,11,37,0.013587256678568593,0.013587256678568593,5.528674944090868e-05
no_explicit_geometry__V_-0.4__t0_1.2,no_explicit_geometry,cubic_frustrated,-0.4,1.2,12,36,0.013459642944405601,0.013459642944405601,5.530782517791633e-05
no_explicit_geometry__V_-0.4__t0_1.2,no_explicit_geometry,cubic_frustrated,-0.4,1.2,13,35,0.013375824924266673,0.013375824924266673,5.5355767568270656e-05
no_explicit_geometry__V_-0.4__t0_1.2,no_explicit_geometry,cubic_frustrated,-0.4,1.2,14,34,0.013320555638931277,0.013320555638931277,5.5649628472720624e-05
no_explicit_geometry__V_-0.4__t0_1.2,no_explicit_geometry,cubic_frustrated,-0.4,1.2,15,33,0.013283773645856966,0.013283773645856966,5.5993462718168215e-05
no_explicit_geometry__V_-0.4__t0_1.2,no_explicit_geometry,cubic_frustrated,-0.4,1.2,16,32,0.013258690672768598,0.013258690672768598,5.6559107606159075e-05
no_explicit_geometry__V_-0.4__t0_1.2,no_explicit_geometry,cubic_frustrated,-0.4,1.2,17,31,0.013241139094739755,0.013241139094739755,5.7232976776907245e-05
no_explicit_geometry__V_-0.4__t0_1.2,no_explicit_geometry,cubic_frustrated,-0.4,1.2,18,30,0.01322861341872051,0.01322861341872051,5.776843559170282e-05
no_explicit_geometry__V_-0.4__t0_1.2,no_explicit_geometry,cubic_frustrated,-0.4,1.2,19,29,0.013219423633943902,0.013219423633943902,5.824099360892981e-05
no_explicit_geometry__V_-0.4__t0_1.2,no_explicit_geometry,cubic_frustrated,-0.4,1.2,20,28,0.013212457492257083,0.013212457492257083,5.8733462511921416e-05
no_explicit_geometry__V_-0.4__t0_1.2,no_explicit_geometry,cubic_frustrated,-0.4,1.2,21,27,0.013207061645975482,0.013207061645975482,5.9168581560900884e-05
no_explicit_geometry__V_-0.4__t0_1.2,no_explicit_geometry,cubic_frustrated,-0.4,1.2,22,26,0.01320269032399125,0.01320269032399125,5.969901917070975e-05
no_explicit_geometry__V_-0.4__t0_1.2,no_explicit_geometry,cubic_frustrated,-0.4,1.2,23,25,0.013199042315608202,0.013199042315608202,6.031041141476557e-05
no_explicit_geometry__V_-0.4__t0_1.2,no_explicit_geometry,cubic_frustrated,-0.4,1.2,24,24,0.013195761882752939,0.013195761882752939,6.111551814431086e-05
no_explicit_geometry__V_-0.4__t0_1.2,no_explicit_geometry,cubic_frustrated,-0.4,1.2,25,23,0.01319274685292711,0.01319274685292711,6.190957253933795e-05
no_explicit_geometry__V_-0.4__t0_1.2,no_explicit_geometry,cubic_frustrated,-0.4,1.2,26,22,0.013189955649632356,0.013189955649632356,6.251869716334873e-05
no_explicit_geometry__V_-0.4__t0_1.2,no_explicit_geometry,cubic_frustrated,-0.4,1.2,27,21,0.013187169119144568,0.013187169119144568,6.308773860073488e-05
no_explicit_geometry__V_-0.4__t0_1.2,no_explicit_geometry,cubic_frustrated,-0.4,1.2,28,20,0.013184352877367139,0.013184352877367139,6.352613322269438e-05
no_explicit_geometry__V_-0.4__t0_1.2,no_explicit_geometry,cubic_frustrated,-0.4,1.2,29,19,0.013181345868392813,0.013181345868392813,6.392063774009246e-05
no_explicit_geometry__V_-0.4__t0_1.2,no_explicit_geometry,cubic_frustrated,-0.4,1.2,30,18,0.013178148443267701,0.013178148443267701,6.422765696788703e-05
no_explicit_geometry__V_-0.4__t0_1.2,no_explicit_geometry,cubic_frustrated,-0.4,1.2,31,17,0.013174599233988298,0.013174599233988298,6.45027331138111e-05
no_explicit_geometry__V_-0.4__t0_1.2,no_explicit_geometry,cubic_frustrated,-0.4,1.2,32,16,0.0131705197977833,0.0131705197977833,6.460018545557387e-05
no_explicit_geometry__V_-0.4__t0_1.2,no_explicit_geometry,cubic_frustrated,-0.4,1.2,33,15,0.013166025703179842,0.013166025703179842,6.397633609653114e-05
no_explicit_geometry__V_-0.4__t0_1.2,no_explicit_geometry,cubic_frustrated,-0.4,1.2,34,14,0.013161037542140694,0.013161037542140694,6.221926626745891e-05
no_explicit_geometry__V_-0.4__t0_1.2,no_explicit_geometry,cubic_frustrated,-0.4,1.2,35,13,0.013155169939112192,0.013155169939112192,5.9020375299800806e-05
no_explicit_geometry__V_-0.4__t0_1.2,no_explicit_geometry,cubic_frustrated,-0.4,1.2,36,12,0.01314846576872727,0.01314846576872727,5.365167806931673e-05
no_explicit_geometry__V_-0.4__t0_1.2,no_explicit_geometry,cubic_frustrated,-0.4,1.2,37,11,0.013140209921545258,0.013140209921545258,4.592122531242564e-05
no_explicit_geometry__V_-0.4__t0_1.2,no_explicit_geometry,cubic_frustrated,-0.4,1.2,38,10,0.013130000517970947,0.013130000517970947,3.54002864612047e-05
no_explicit_geometry__V_-0.4__t0_1.2,no_explicit_geometry,cubic_frustrated,-0.4,1.2,39,9,0.013117102622242569,0.013117102622242569,2.2531843410472174e-05
no_explicit_geometry__V_-0.4__t0_1.2,no_explicit_geometry,cubic_frustrated,-0.4,1.2,40,8,0.01310041114375704,0.01310041114375704,1.0254873444115336e-05
no_explicit_geometry__V_-0.4__t0_1.2,no_explicit_geometry,cubic_frustrated,-0.4,1.2,41,7,0.013078714176298507,0.013078714176298507,1.2130962261199076e-05
no_explicit_geometry__V_-0.4__t0_1.2,no_explicit_geometry,cubic_frustrated,-0.4,1.2,42,6,0.013051655610820508,0.013051655610820508,2.2958220155657027e-05
no_explicit_geometry__V_-0.4__t0_1.2,no_explicit_geometry,cubic_frustrated,-0.4,1.2,43,5,0.013019951759459922,0.013019951759459922,3.0188513821029432e-05
no_explicit_geometry__V_-0.4__t0_1.2,no_explicit_geometry,cubic_frustrated,-0.4,1.2,44,4,0.012985917143903144,0.012985917143903144,2.82174682151689e-05
no_explicit_geometry__V_-0.4__t0_1.2,no_explicit_geometry,cubic_frustrated,-0.4,1.2,45,3,0.012956641797269372,0.012956641797269372,1.5245265982432835e-05
no_explicit_geometry__V_-0.4__t0_1.2,no_explicit_geometry,cubic_frustrated,-0.4,1.2,46,2,0.012944794161879216,0.012944794161879216,9.856558041212993e-07
no_explicit_geometry__V_-0.4__t0_1.2,no_explicit_geometry,cubic_frustrated,-0.4,1.2,47,1,0.012954483666674997,0.012954483666674997,0.0
no_explicit_geometry__V_-0.4__t0_1.4,no_explicit_geometry,cubic_frustrated,-0.4,1.4,1,47,0.06232306837077425,0.06232306837077425,1.7729406571246948e-05
no_explicit_geometry__V_-0.4__t0_1.4,no_explicit_geometry,cubic_frustrated,-0.4,1.4,2,46,0.02861423834248245,0.02861423834248245,3.8872536274092804e-05
no_explicit_geometry__V_-0.4__t0_1.4,no_explicit_geometry,cubic_frustrated,-0.4,1.4,3,45,0.023329820847707867,0.023329820847707867,3.402894903296789e-05
no_explicit_geometry__V_-0.4__t0_1.4,no_explicit_geometry,cubic_frustrated,-0.4,1.4,4,44,0.02193279372870149,0.02193279372870149,3.154229726539202e-05
no_explicit_geometry__V_-0.4__t0_1.4,no_explicit_geometry,cubic_frustrated,-0.4,1.4,5,43,0.020959032846616824,0.020959032846616824,2.9078604349656187e-05
no_explicit_geometry__V_-0.4__t0_1.4,no_explicit_geometry,cubic_frustrated,-0.4,1.4,6,42,0.020049730006306304,0.020049730006306304,2.6927349280258726e-05
no_explicit_geometry__V_-0.4__t0_1.4,no_explicit_geometry,cubic_frustrated,-0.4,1.4,7,41,0.019356505072252266,0.019356505072252266,2.5428866109506862e-05
no_explicit_geometry__V_-0.4__t0_1.4,no_explicit_geometry,cubic_frustrated,-0.4,1.4,8,40,0.01887083141849267,0.01887083141849267,2.46075000603079e-05
no_explicit_geometry__V_-0.4__t0_1.4,no_explicit_geometry,cubic_frustrated,-0.4,1.4,9,39,0.01854610710058206,0.01854610710058206,2.4026974146897534e-05
no_explicit_geometry__V_-0.4__t0_1.4,no_explicit_geometry,cubic_frustrated,-0.4,1.4,10,38,0.01833732961661765,0.01833732961661765,2.4126330029283503e-05
no_explicit_geometry__V_-0.4__t0_1.4,no_explicit_geometry,cubic_frustrated,-0.4,1.4,11,37,0.01820584971083522,0.01820584971083522,2.4230891535426755e-05
no_explicit_geometry__V_-0.4__t0_1.4,no_explicit_geometry,cubic_frustrated,-0.4,1.4,12,36,0.018123445276064912,0.018123445276064912,2.4810177360499074e-05
no_explicit_geometry__V_-0.4__t0_1.4,no_explicit_geometry,cubic_frustrated,-0.4,1.4,13,35,0.018071725518301586,0.018071725518301586,2.5455120199399363e-05
no_explicit_geometry__V_-0.4__t0_1.4,no_explicit_geometry,cubic_frustrated,-0.4,1.4,14,34,0.018038992794445895,0.018038992794445895,2.602306323637342e-05
no_explicit_geometry__V_-0.4__t0_1.4,no_explicit_geometry,cubic_frustrated,-0.4,1.4,15,33,0.018018078095482875,0.018018078095482875,2.6271414623623707e-05
no_explicit_geometry__V_-0.4__t0_1.4,no_explicit_geometry,cubic_frustrated,-0.4,1.4,16,32,0.01800445652863176,0.01800445652863176,2.6624497507706538e-05
no_explicit_geometry__V_-0.4__t0_1.4,no_explicit_geometry,cubic_frustrated,-0.4,1.4,17,31,0.017995497183996793,0.017995497183996793,2.6854495998462585e-05
no_explicit_geometry__V_-0.4__t0_1.4,no_explicit_geometry,cubic_frustrated,-0.4,1.4,18,30,0.017989499523269625,0.017989499523269625,2.71320536238019e-05
no_explicit_geometry__V_-0.4__t0_1.4,no_explicit_geometry,cubic_frustrated,-0.4,1.4,19,29,0.017985353231697667,0.017985353231697667,2.763585516466467e-05
no_explicit_geometry__V_-0.4__t0_1.4,no_explicit_geometry,cubic_frustrated,-0.4,1.4,20,28,0.01798253862900086,0.01798253862900086,2.7795404102318554e-05
no_explicit_geometry__V_-0.4__t0_1.4,no_explicit_geometry,cubic_frustrated,-0.4,1.4,21,27,0.017980539112042157,0.017980539112042157,2.7787905031956394e-05
no_explicit_geometry__V_-0.4__t0_1.4,no_explicit_geometry,cubic_frustrated,-0.4,1.4,22,26,0.01797899146288001,0.01797899146288001,2.7915388107164746e-05
no_explicit_geometry__V_-0.4__t0_1.4,no_explicit_geometry,cubic_frustrated,-0.4,1.4,23,25,0.01797759497127483,0.01797759497127483,2.860710487203166e-05
no_explicit_geometry__V_-0.4__t0_1.4,no_explicit_geometry,cubic_frustrated,-0.4,1.4,24,24,0.017976519536061945,0.017976519536061945,2.89679477707893e-05
no_explicit_geometry__V_-0.4__t0_1.4,no_explicit_geometry,cubic_frustrated,-0.4,1.4,25,23,0.017975545189966212,0.017975545189966212,2.9435388086045513e-05
no_explicit_geometry__V_-0.4__t0_1.4,no_explicit_geometry,cubic_frustrated,-0.4,1.4,26,22,0.017974455091085136,0.017974455091085136,3.0495772443305173e-05
no_explicit_geometry__V_-0.4__t0_1.4,no_explicit_geometry,cubic_frustrated,-0.4,1.4,27,21,0.01797354943439205,0.01797354943439205,3.115462609443713e-05
no_explicit_geometry__V_-0.4__t0_1.4,no_explicit_geometry,cubic_frustrated,-0.4,1.4,28,20,0.01797269755624633,0.01797269755624633,3.161051970136748e-05
no_explicit_geometry__V_-0.4__t0_1.4,no_explicit_geometry,cubic_frustrated,-0.4,1.4,29,19,0.0179717845490105,0.0179717845490105,3.2067952771689496e-05
no_explicit_geometry__V_-0.4__t0_1.4,no_explicit_geometry,cubic_frustrated,-0.4,1.4,30,18,0.017970656955089995,0.017970656955089995,3.290096104940261e-05
no_explicit_geometry__V_-0.4__t0_1.4,no_explicit_geometry,cubic_frustrated,-0.4,1.4,31,17,0.017969536860735325,0.017969536860735325,3.34770010011506e-05
no_explicit_geometry__V_-0.4__t0_1.4,no_explicit_geometry,cubic_frustrated,-0.4,1.4,32,16,0.01796831044346177,0.01796831044346177,3.3861735126486384e-05
no_explicit_geometry__V_-0.4__t0_1.4,no_explicit_geometry,cubic_frustrated,-0.4,1.4,33,15,0.017966870658005472,0.017966870658005472,3.402709954590953e-05
no_explicit_geometry__V_-0.4__t0_1.4,no_explicit_geometry,cubic_frustrated,-0.4,1.4,34,14,0.017965298039633214,0.017965298039633214,3.355775544791244e-05
no_explicit_geometry__V_-0.4__t0_1.4,no_explicit_geometry,cubic_frustrated,-0.4,1.4,35,13,0.017963208416811365,0.017963208416811365,3.328622035611211e-05
no_explicit_geometry__V_-0.4__t0_1.4,no_explicit_geometry,cubic_frustrated,-0.4,1.4,36,12,0.01796057413432947,0.01796057413432947,3.3082108782193065e-05
no_explicit_geometry__V_-0.4__t0_1.4,no_explicit_geometry,cubic_frustrated,-0.4,1.4,37,11,0.017957281402576106,0.017957281402576106,3.290286596462392e-05
no_explicit_geometry__V_-0.4__t0_1.4,no_explicit_geometry,cubic_frustrated,-0.4,1.4,38,10,0.017953553641352468,0.017953553641352468,3.1755376306701704e-05
no_explicit_geometry__V_-0.4__t0_1.4,no_explicit_geometry,cubic_frustrated,-0.4,1.4,39,9,0.017948702194708403,0.017948702194708403,3.050649528982333e-05
no_explicit_geometry__V_-0.4__t0_1.4,no_explicit_geometry,cubic_frustrated,-0.4,1.4,40,8,0.01794296677000706,0.01794296677000706,2.772660683991475e-05
no_explicit_geometry__V_-0.4__t0_1.4,no_explicit_geometry,cubic_frustrated,-0.4,1.4,41,7,0.017935353445030378,0.017935353445030378,2.4128499633153115e-05
no_explicit_geometry__V_-0.4__t0_1.4,no_explicit_geometry,cubic_frustrated,-0.4,1.4,42,6,0.01792539464917856,0.01792539464917856,1.8965230087535493e-05
no_explicit_geometry__V_-0.4__t0_1.4,no_explicit_geometry,cubic_frustrated,-0.4,1.4,43,5,0.01791189553468381,0.01791189553468381,1.2884676599961822e-05
no_explicit_geometry__V_-0.4__t0_1.4,no_explicit_geometry,cubic_frustrated,-0.4,1.4,44,4,0.017893634172144825,0.017893634172144825,6.893705085573228e-06
no_explicit_geometry__V_-0.4__t0_1.4,no_explicit_geometry,cubic_frustrated,-0.4,1.4,45,3,0.017868889054733803,0.017868889054733803,3.7967369493621795e-06
no_explicit_geometry__V_-0.4__t0_1.4,no_explicit_geometry,cubic_frustrated,-0.4,1.4,46,2,0.017840169536419634,0.017840169536419634,1.8616060849310778e-06
no_explicit_geometry__V_-0.4__t0_1.4,no_explicit_geometry,cubic_frustrated,-0.4,1.4,47,1,0.017812159098788617,0.017812159098788617,0.0
no_explicit_geometry__V_-0.4__t0_1.6,no_explicit_geometry,cubic_frustrated,-0.4,1.6,1,47,0.05537700468130516,0.05537700468130516,3.080069329826847e-06
no_explicit_geometry__V_-0.4__t0_1.6,no_explicit_geometry,cubic_frustrated,-0.4,1.6,2,46,0.027582660000180746,0.027582660000180746,1.3808154784386828e-05
no_explicit_geometry__V_-0.4__t0_1.6,no_explicit_geometry,cubic_frustrated,-0.4,1.6,3,45,0.023821031812938414,0.023821031812938414,1.1287613304623017e-05
no_explicit_geometry__V_-0.4__t0_1.6,no_explicit_geometry,cubic_frustrated,-0.4,1.6,4,44,0.022258957947245035,0.022258957947245035,8.531511571108547e-06
no_explicit_geometry__V_-0.4__t0_1.6,no_explicit_geometry,cubic_frustrated,-0.4,1.6,5,43,0.021411444053921255,0.021411444053921255,6.066217325513008e-06
no_explicit_geometry__V_-0.4__t0_1.6,no_explicit_geometry,cubic_frustrated,-0.4,1.6,6,42,0.020945756873899046,0.020945756873899046,4.218397085964664e-06
no_explicit_geometry__V_-0.4__t0_1.6,no_explicit_geometry,cubic_frustrated,-0.4,1.6,7,41,0.02070871377414359,0.02070871377414359,2.98575333883946e-06
no_explicit_geometry__V_-0.4__t0_1.6,no_explicit_geometry,cubic_frustrated,-0.4,1.6,8,40,0.020596645768295795,0.020596645768295795,2.540477487234315e-06
no_explicit_geometry__V_-0.4__t0_1.6,no_explicit_geometry,cubic_frustrated,-0.4,1.6,9,39,0.02054482890463063,0.02054482890463063,2.856533432995519e-06
no_explicit_geometry__V_-0.4__t0_1.6,no_explicit_geometry,cubic_frustrated,-0.4,1.6,10,38,0.020520568869324664,0.020520568869324664,3.832749163544418e-06
no_explicit_geometry__V_-0.4__t0_1.6,no_explicit_geometry,cubic_frustrated,-0.4,1.6,11,37,0.020508917903152107,0.020508917903152107,4.768991161006255e-06
no_explicit_geometry__V_-0.4__t0_1.6,no_explicit_geometry,cubic_frustrated,-0.4,1.6,12,36,0.020503168464022798,0.020503168464022798,5.5667347116970215e-06
no_explicit_geometry__V_-0.4__t0_1.6,no_explicit_geometry,cubic_frustrated,-0.4,1.6,13,35,0.020500261557736515,0.020500261557736515,6.22807589591775e-06
no_explicit_geometry__V_-0.4__t0_1.6,no_explicit_geometry,cubic_frustrated,-0.4,1.6,14,34,0.020498817679620952,0.020498817679620952,6.758028231154557e-06
no_explicit_geometry__V_-0.4__t0_1.6,no_explicit_geometry,cubic_frustrated,-0.4,1.6,15,33,0.020498078829403566,0.020498078829403566,7.186196878093811e-06
no_explicit_geometry__V_-0.4__t0_1.6,no_explicit_geometry,cubic_frustrated,-0.4,1.6,16,32,0.02049749521308552,0.02049749521308552,7.081948604942824e-06
no_explicit_geometry__V_-0.4__t0_1.6,no_explicit_geometry,cubic_frustrated,-0.4,1.6,17,31,0.020496987009541123,0.020496987009541123,6.4388121257401915e-06
no_explicit_geometry__V_-0.4__t0_1.6,no_explicit_geometry,cubic_frustrated,-0.4,1.6,18,30,0.020496715031088013,0.020496715031088013,5.917848466853797e-06
no_explicit_geometry__V_-0.4__t0_1.6,no_explicit_geometry,cubic_frustrated,-0.4,1.6,19,29,0.020496533306314353,0.020496533306314353,5.2267332780529795e-06
no_explicit_geometry__V_-0.4__t0_1.6,no_explicit_geometry,cubic_frustrated,-0.4,1.6,20,28,0.020496417451204774,0.020496417451204774,4.267538095896794e-06
no_explicit_geometry__V_-0.4__t0_1.6,no_explicit_geometry,cubic_frustrated,-0.4,1.6,21,27,0.020496501172085783,0.020496501172085783,3.461556277589831e-06
no_explicit_geometry__V_-0.4__t0_1.6,no_explicit_geometry,cubic_frustrated,-0.4,1.6,22,26,0.020496688693541116,0.020496688693541116,2.8524504640692057e-06
no_explicit_geometry__V_-0.4__t0_1.6,no_explicit_geometry,cubic_frustrated,-0.4,1.6,23,25,0.020496994331579067,0.020496994331579067,3.1204794748404484e-06
no_explicit_geometry__V_-0.4__t0_1.6,no_explicit_geometry,cubic_frustrated,-0.4,1.6,24,24,0.02049723264260797,0.02049723264260797,3.5652875096788295e-06
no_explicit_geometry__V_-0.4__t0_1.6,no_explicit_geometry,cubic_frustrated,-0.4,1.6,25,23,0.020497492465288873,0.020497492465288873,4.22040332543065e-06
no_explicit_geometry__V_-0.4__t0_1.6,no_explicit_geometry,cubic_frustrated,-0.4,1.6,26,22,0.020497879266821242,0.020497879266821242,5.188572562892239e-06
no_explicit_geometry__V_-0.4__t0_1.6,no_explicit_geometry,cubic_frustrated,-0.4,1.6,27,21,0.020498184052739548,0.020498184052739548,5.983461896417832e-06
no_explicit_geometry__V_-0.4__t0_1.6,no_explicit_geometry,cubic_frustrated,-0.4,1.6,28,20,0.020498400820879278,0.020498400820879278,6.8306877416822156e-06
no_explicit_geometry__V_-0.4__t0_1.6,no_explicit_geometry,cubic_frustrated,-0.4,1.6,29,19,0.02049836202570925,0.02049836202570925,7.5215678075366546e-06
no_explicit_geometry__V_-0.4__t0_1.6,no_explicit_geometry,cubic_frustrated,-0.4,1.6,30,18,0.020498234417562343,0.020498234417562343,8.050260707572558e-06
no_explicit_geometry__V_-0.4__t0_1.6,no_explicit_geometry,cubic_frustrated,-0.4,1.6,31,17,0.020497990350594332,0.020497990350594332,8.282538373477472e-06
no_explicit_geometry__V_-0.4__t0_1.6,no_explicit_geometry,cubic_frustrated,-0.4,1.6,32,16,0.020497397524115266,0.020497397524115266,7.589771688142468e-06
no_explicit_geometry__V_-0.4__t0_1.6,no_explicit_geometry,cubic_frustrated,-0.4,1.6,33,15,0.02049691243806654,0.02049691243806654,6.506976973891981e-06
no_explicit_geometry__V_-0.4__t0_1.6,no_explicit_geometry,cubic_frustrated,-0.4,1.6,34,14,0.02049683831556482,0.02049683831556482,6.03330325401472e-06
no_explicit_geometry__V_-0.4__t0_1.6,no_explicit_geometry,cubic_frustrated,-0.4,1.6,35,13,0.02049683842463681,0.02049683842463681,5.477715021854111e-06
no_explicit_geometry__V_-0.4__t0_1.6,no_explicit_geometry,cubic_frustrated,-0.4,1.6,36,12,0.02049687356351451,0.02049687356351451,4.518149910383828e-06
no_explicit_geometry__V_-0.4__t0_1.6,no_explicit_geometry,cubic_frustrated,-0.4,1.6,37,11,0.020497259681237247,0.020497259681237247,3.4840852816302528e-06
no_explicit_geometry__V_-0.4__t0_1.6,no_explicit_geometry,cubic_frustrated,-0.4,1.6,38,10,0.02049808662139287,0.02049808662139287,2.603171612644659e-06
no_explicit_geometry__V_-0.4__t0_1.6,no_explicit_geometry,cubic_frustrated,-0.4,1.6,39,9,0.020499277259893152,0.020499277259893152,2.099820642874915e-06
no_explicit_geometry__V_-0.4__t0_1.6,no_explicit_geometry,cubic_frustrated,-0.4,1.6,40,8,0.020500830657697956,0.020500830657697956,1.8490999596141012e-06
no_explicit_geometry__V_-0.4__t0_1.6,no_explicit_geometry,cubic_frustrated,-0.4,1.6,41,7,0.020502809384784947,0.020502809384784947,2.363994894232728e-06
no_explicit_geometry__V_-0.4__t0_1.6,no_explicit_geometry,cubic_frustrated,-0.4,1.6,42,6,0.02050445183154861,0.02050445183154861,2.705324813127764e-06
no_explicit_geometry__V_-0.4__t0_1.6,no_explicit_geometry,cubic_frustrated,-0.4,1.6,43,5,0.02050590303866344,0.02050590303866344,1.5784526631968097e-06
no_explicit_geometry__V_-0.4__t0_1.6,no_explicit_geometry,cubic_frustrated,-0.4,1.6,44,4,0.020508241500661877,0.020508241500661877,1.3486920476973622e-06
no_explicit_geometry__V_-0.4__t0_1.6,no_explicit_geometry,cubic_frustrated,-0.4,1.6,45,3,0.020510749325828036,0.020510749325828036,1.4235376091545352e-06
no_explicit_geometry__V_-0.4__t0_1.6,no_explicit_geometry,cubic_frustrated,-0.4,1.6,46,2,0.02051331749723187,0.02051331749723187,2.4040839176169004e-07
no_explicit_geometry__V_-0.4__t0_1.6,no_explicit_geometry,cubic_frustrated,-0.4,1.6,47,1,0.0205178996769709,0.0205178996769709,0.0
cubic_unfrustrated__V_-0.2__t0_1.0,cubic_unfrustrated,cubic_unfrustrated,-0.2,1.0,1,47,0.049715959430659235,0.049715959430659235,0.020499960632133978
cubic_unfrustrated__V_-0.2__t0_1.0,cubic_unfrustrated,cubic_unfrustrated,-0.2,1.0,2,46,0.009537491729993663,0.009537491729993663,0.010751710560415555
cubic_unfrustrated__V_-0.2__t0_1.0,cubic_unfrustrated,cubic_unfrustrated,-0.2,1.0,3,45,0.0018740818678315513,0.0018740818678315513,0.0024276830941565037
cubic_unfrustrated__V_-0.2__t0_1.0,cubic_unfrustrated,cubic_unfrustrated,-0.2,1.0,4,44,0.0010987996253044301,0.0010987996253044301,0.0012550704281740436
cubic_unfrustrated__V_-0.2__t0_1.0,cubic_unfrustrated,cubic_unfrustrated,-0.2,1.0,5,43,0.0003544421792094808,0.0003544421792094808,0.00042440755208736884
cubic_unfrustrated__V_-0.2__t0_1.0,cubic_unfrustrated,cubic_unfrustrated,-0.2,1.0,6,42,7.999461927626388e-05,7.999461927626388e-05,9.193100142834259e-05
cubic_unfrustrated__V_-0.2__t0_1.0,cubic_unfrustrated,cubic_unfrustrated,-0.2,1.0,7,41,2.651344871374912e-05,2.6517512204266025e-05,3.324221819357951e-05
cubic_unfrustrated__V_-0.2__t0_1.0,cubic_unfrustrated,cubic_unfrustrated,-0.2,1.0,8,40,5.02786565517272e-06,5.02786565517272e-06,6.71106715607923e-06
cubic_unfrustrated__V_-0.2__t0_1.0,cubic_unfrustrated,cubic_unfrustrated,-0.2,1.0,9,39,1.0800565380083722e-06,1.0801547073334336e-06,1.5576296507666852e-06
cubic_unfrustrated__V_-0.2__t0_1.0,cubic_unfrustrated,cubic_unfrustrated,-0.2,1.0,10,38,1.9494232973792574e-07,1.9494339690160202e-07,2.815796905196471e-07
cubic_unfrustrated__V_-0.2__t0_1.0,cubic_unfrustrated,cubic_unfrustrated,-0.2,1.0,11,37,3.1783532049174853e-08,3.1784467613292156e-08,3.717696708640381e-08
cubic_unfrustrated__V_-0.2__t0_1.0,cubic_unfrustrated,cubic_unfrustrated,-0.2,1.0,12,36,6.246670145699028e-09,6.2473740826438124e-09,6.691028253364907e-09
cubic_unfrustrated__V_-0.2__t0_1.0,cubic_unfrustrated,cubic_unfrustrated,-0.2,1.0,13,35,2.2569193665953937e-09,2.2598601040469225e-09,3.563426037543752e-09
cubic_unfrustrated__V_-0.2__t0_1.0,cubic_unfrustrated,cubic_unfrustrated,-0.2,1.0,14,34,9.421392141800106e-10,9.462854356488058e-10,1.7250511645634048e-09
cubic_unfrustrated__V_-0.2__t0_1.0,cubic_unfrustrated,cubic_unfrustrated,-0.2,1.0,15,33,3.2469681604519715e-10,3.3456376163766705e-10,6.083428120027294e-10
cubic_unfrustrated__V_-0.2__t0_1.0,cubic_unfrustrated,cubic_unfrustrated,-0.2,1.0,16,32,1.1209093954227782e-10,1.2619496057266637e-10,2.2231602924784083e-10
cubic_unfrustrated__V_-0.2__t0_1.0,cubic_unfrustrated,cubic_unfrustrated,-0.2,1.0,17,31,2.7288102100081878e-11,4.358322746106025e-11,7.16646094488789e-11
cubic_unfrustrated__V_-0.2__t0_1.0,cubic_unfrustrated,cubic_unfrustrated,-0.2,1.0,18,30,7.934999859390742e-12,2.3430101448817683e-11,3.4583811082915035e-11
cubic_unfrustrated__V_-0.2__t0_1.0,cubic_unfrustrated,cubic_unfrustrated,-0.2,1.0,19,29,9.119386830031401e-13,1.9206756783803987e-11,2.5240128369280798e-11
cubic_unfrustrated__V_-0.2__t0_1.0,cubic_unfrustrated,cubic_unfrustrated,-0.2,1.0,20,28,-4.2118035792641443e-13,1.8536941476981735e-11,2.6627412723650243e-11
cubic_unfrustrated__V_-0.2__t0_1.0,cubic_unfrustrated,cubic_unfrustrated,-0.2,1.0,21,27,2.9192157734951296e-12,2.0330195270207393e-11,3.1006606910479927e-11
cubic_unfrustrated__V_-0.2__t0_1.0,cubic_unfrustrated,cubic_unfrustrated,-0.2,1.0,22,26,4.2067364599673695e-12,1.906975307610652e-11,3.212767356678593e-11
cubic_unfrustrated__V_-0.2__t0_1.0,cubic_unfrustrated,cubic_unfrustrated,-0.2,1.0,23,25,-3.224767480527372e-13,1.8593713634694277e-11,2.648090261790452e-11
cubic_unfrustrated__V_-0.2__t0_1.0,cubic_unfrustrated,cubic_unfrustrated,-0.2,1.0,24,24,-6.587362026937214e-12,1.9042917550585016e-11,2.5988754344309054e-11
cubic_unfrustrated__V_-0.2__t0_1.0,cubic_unfrustrated,cubic_unfrustrated,-0.2,1.0,25,23,-8.950489486493278e-12,1.9934455799701717e-11,2.7385667117803985e-11
cubic_unfrustrated__V_-0.2__t0_1.0,cubic_unfrustrated,cubic_unfrustrated,-0.2,1.0,26,22,-9.361002861225214e-12,2.285050273287854e-11,3.030184006430605e-11
cubic_unfrustrated__V_-0.2__t0_1.0,cubic_unfrustrated,cubic_unfrustrated,-0.2,1.0,27,21,-1.372148837711876e-11,2.5651734831272564e-11,4.0135585852659256e-11
cubic_unfrustrated__V_-0.2__t0_1.0,cubic_unfrustrated,cubic_unfrustrated,-0.2,1.0,28,20,-1.5856511258529322e-11,3.3305136553429095e-11,5.252224666525883e-11
cubic_unfrustrated__V_-0.2__t0_1.0,cubic_unfrustrated,cubic_unfrustrated,-0.2,1.0,29,19,-9.649658682467473e-12,3.691077349470402e-11,5.88660548695343e-11
cubic_unfrustrated__V_-0.2__t0_1.0,cubic_unfrustrated,cubic_unfrustrated,-0.2,1.0,30,18,-9.254558793990121e-12,3.600542536379074e-11,5.6190631032561135e-11
cubic_unfrustrated__V_-0.2__t0_1.0,cubic_unfrustrated,cubic_unfrustrated,-0.2,1.0,31,17,-1.068598232854914e-11,3.074106880925178e-11,3.96178872639793e-11
cubic_unfrustrated__V_-0.2__t0_1.0,cubic_unfrustrated,cubic_unfrustrated,-0.2,1.0,32,16,-6.425759263693387e-12,2.248248869336381e-11,2.7761704056096993e-11
cubic_unfrustrated__V_-0.2__t0_1.0,cubic_unfrustrated,cubic_unfrustrated,-0.2,1.0,33,15,1.4397833032530219e-12,2.2567230097948773e-11,2.9480940722899476e-11
cubic_unfrustrated__V_-0.2__t0_1.0,cubic_unfrustrated,cubic_unfrustrated,-0.2,1.0,34,14,1.0294681775405635e-11,2.212438918631899e-11,2.924132903961413e-11
cubic_unfrustrated__V_-0.2__t0_1.0,cubic_unfrustrated,cubic_unfrustrated,-0.2,1.0,35,13,9.270556601738354e-12,1.8522929739791804e-11,2.1178825413188647e-11
cubic_unfrustrated__V_-0.2__t0_1.0,cubic_unfrustrated,cubic_unfrustrated,-0.2,1.0,36,12,9.992002518065218e-12,2.4502666381717102e-11,3.306681674989905e-11
cubic_unfrustrated__V_-0.2__t0_1.0,cubic_unfrustrated,cubic_unfrustrated,-0.2,1.0,37,11,9.344546892182611e-12,2.6575325575912633e-11,3.5777377470015304e-11
cubic_unfrustrated__V_-0.2__t0_1.0,cubic_unfrustrated,cubic_unfrustrated,-0.2,1.0,38,10,1.7427286251419727e-11,3.2637737176256603e-11,3.807528847447947e-11
cubic_unfrustrated__V_-0.2__t0_1.0,cubic_unfrustrated,cubic_unfrustrated,-0.2,1.0,39,9,4.245542329251109e-11,4.519566134076106e-11,5.705835928764865e-11
cubic_unfrustrated__V_-0.2__t0_1.0,cubic_unfrustrated,cubic_unfrustrated,-0.2,1.0,40,8,6.047956692787449e-11,6.741570728546623e-11,7.672632347629921e-11
cubic_unfrustrated__V_-0.2__t0_1.0,cubic_unfrustrated,cubic_unfrustrated,-0.2,1.0,41,7,7.747788747458692e-11,7.894684696811841e-11,7.43616785733349e-11
cubic_unfrustrated__V_-0.2__t0_1.0,cubic_unfrustrated,cubic_unfrustrated,-0.2,1.0,42,6,6.44216934350241e-11,7.568473776682576e-11,7.681166280199522e-11
cubic_unfrustrated__V_-0.2__t0_1.0,cubic_unfrustrated,cubic_unfrustrated,-0.2,1.0,43,5,5.1897321282720854e-11,6.383740559945776e-11,5.7126391249085225e-11
cubic_unfrustrated__V_-0.2__t0_1.0,cubic_unfrustrated,cubic_unfrustrated,-0.2,1.0,44,4,2.966266300621507e-11,4.850457618898463e-11,3.983527966182923e-11
cubic_unfrustrated__V_-0.2__t0_1.0,cubic_unfrustrated,cubic_unfrustrated,-0.2,1.0,45,3,-2.3795795420941526e-12,5.918335502852779e-11,6.36324657600665e-11
cubic_unfrustrated__V_-0.2__t0_1.0,cubic_unfrustrated,cubic_unfrustrated,-0.2,1.0,46,2,-3.8922188293532494e-11,6.90239751876853e-11,6.90239751876853e-11
cubic_unfrustrated__V_-0.2__t0_1.0,cubic_unfrustrated,cubic_unfrustrated,-0.2,1.0,47,1,-7.311419964859671e-11,7.311419964859671e-11,0.0
cubic_unfrustrated__V_-0.4__t0_1.0,cubic_unfrustrated,cubic_unfrustrated,-0.4,1.0,1,47,0.05157381544194463,0.05157381544194463,0.020896843103662945
cubic_unfrustrated__V_-0.4__t0_1.0,cubic_unfrustrated,cubic_unfrustrated,-0.4,1.0,2,46,0.010751277530144841,0.010751277530144841,0.01175645499588612
cubic_unfrustrated__V_-0.4__t0_1.0,cubic_unfrustrated,cubic_unfrustrated,-0.4,1.0,3,45,0.002569767799441373,0.002569767799441373,0.0031850157942744733
cubic_unfrustrated__V_-0.4__t0_1.0,cubic_unfrustrated,cubic_unfrustrated,-0.4,1.0,4,44,0.0015495202276991748,0.0015495202276991748,0.0017196888907866162
cubic_unfrustrated__V_-0.4__t0_1.0,cubic_unfrustrated,cubic_unfrustrated,-0.4,1.0,5,43,0.0005791814478623215,0.0005791814478623215,0.0006508579828438389
cubic_unfrustrated__V_-0.4__t0_1.0,cubic_unfrustrated,cubic_unfrustrated,-0.4,1.0,6,42,0.00016728934699229578,0.00016728934699229578,0.00017585834366488115
cubic_unfrustrated__V_-0.4__t0_1.0,cubic_unfrustrated,cubic_unfrustrated,-0.4,1.0,7,41,6.090190556047062e-05,6.090473775261942e-05,6.648012862034087e-05
cubic_unfrustrated__V_-0.4__t0_1.0,cubic_unfrustrated,cubic_unfrustrated,-0.4,1.0,8,40,1.5083961030523154e-05,1.5083961030523154e-05,1.6935547557998305e-05
cubic_unfrustrated__V_-0.4__t0_1.0,cubic_unfrustrated,cubic_unfrustrated,-0.4,1.0,9,39,3.93141327592596e-06,3.9314133119477586e-06,4.7385667742620455e-06
cubic_unfrustrated__V_-0.4__t0_1.0,cubic_unfrustrated,cubic_unfrustrated,-0.4,1.0,10,38,9.392019147135239e-07,9.392019147135239e-07,1.1461535518226938e-06
cubic_unfrustrated__V_-0.4__t0_1.0,cubic_unfrustrated,cubic_unfrustrated,-0.4,1.0,11,37,2.2090324706118738e-07,2.2090324706118738e-07,2.2976652210951994e-07
cubic_unfrustrated__V_-0.4__t0_1.0,cubic_unfrustrated,cubic_unfrustrated,-0.4,1.0,12,36,6.152358429055168e-08,6.152363218014202e-08,6.120644942083428e-08
cubic_unfrustrated__V_-0.4__t0_1.0,cubic_unfrustrated,cubic_unfrustrated,-0.4,1.0,13,35,2.4381920607320026e-08,2.4381920607320026e-08,3.513562986491573e-08
cubic_unfrustrated__V_-0.4__t0_1.0,cubic_unfrustrated,cubic_unfrustrated,-0.4,1.0,14,34,1.0995171854035594e-08,1.0997795978326066e-08,1.8889936916716838e-08
cubic_unfrustrated__V_-0.4__t0_1.0,cubic_unfrustrated,cubic_unfrustrated,-0.4,1.0,15,33,4.4716933612330715e-09,4.475100488437476e-09,7.863326989683694e-09
cubic_unfrustrated__V_-0.4__t0_1.0,cubic_unfrustrated,cubic_unfrustrated,-0.4,1.0,16,32,1.7522998505588186e-09,1.7570357380862294e-09,3.010050646608595e-09
cubic_unfrustrated__V_-0.4__t0_1.0,cubic_unfrustrated,cubic_unfrustrated,-0.4,1.0,17,31,6.076802192405002e-10,6.171410955749806e-10,1.044323058257066e-09
cubic_unfrustrated__V_-0.4__t0_1.0,cubic_unfrustrated,cubic_unfrustrated,-0.4,1.0,18,30,1.8460402410843535e-10,1.975405858422884e-10,3.3104792385097496e-10
cubic_unfrustrated__V_-0.4__t0_1.0,cubic_unfrustrated,cubic_unfrustrated,-0.4,1.0,19,29,4.727239858173616e-11,6.016530112999317e-11,9.913818065056467e-11
cubic_unfrustrated__V_-0.4__t0_1.0,cubic_unfrustrated,cubic_unfrustrated,-0.4,1.0,20,28,1.1145017590255091e-11,2.3911385621244686e-11,3.008505461104542e-11
cubic_unfrustrated__V_-0.4__t0_1.0,cubic_unfrustrated,cubic_unfrustrated,-0.4,1.0,21,27,4.79957627022848e-12,1.742984126590461e-11,2.1951078025911847e-11
cubic_unfrustrated__V_-0.4__t0_1.0,cubic_unfrustrated,cubic_unfrustrated,-0.4,1.0,22,26,4.414897434228441e-12,1.995978092274639e-11,2.578122062656814e-11
cubic_unfrustrated__V_-0.4__t0_1.0,cubic_unfrustrated,cubic_unfrustrated,-0.4,1.0,23,25,3.728615561580001e-12,2.156425594435842e-11,2.8939606353578545e-11
cubic_unfrustrated__V_-0.4__t0_1.0,cubic_unfrustrated,cubic_unfrustrated,-0.4,1.0,24,24,2.593359362084941e-12,1.842337579593768e-11,2.5314738796566486e-11
cubic_unfrustrated__V_-0.4__t0_1.0,cubic_unfrustrated,cubic_unfrustrated,-0.4,1.0,25,23,1.4887229707052252e-12,1.6860765527846463e-11,2.3825293280741184e-11
cubic_unfrustrated__V_-0.4__t0_1.0,cubic_unfrustrated,cubic_unfrustrated,-0.4,1.0,26,22,-5.762506721647753e-12,1.753571678979861e-11,2.3153811949322472e-11
cubic_unfrustrated__V_-0.4__t0_1.0,cubic_unfrustrated,cubic_unfrustrated,-0.4,1.0,27,21,-1.386517784204797e-11,1.9615350801925454e-11,2.7624788296638266e-11
cubic_unfrustrated__V_-0.4__t0_1.0,cubic_unfrustrated,cubic_unfrustrated,-0.4,1.0,28,20,-1.897670604957861e-11,2.3137905750738887e-11,2.8359570026408652e-11
cubic_unfrustrated__V_-0.4__t0_1.0,cubic_unfrustrated,cubic_unfrustrated,-0.4,1.0,29,19,-1.7638862746239292e-11,2.3761662188791952e-11,2.7867497915828114e-11
cubic_unfrustrated__V_-0.4__t0_1.0,cubic_unfrustrated,cubic_unfrustrated,-0.4,1.0,30,18,-1.3987591519547715e-11,2.103549671493537e-11,2.4606959330364248e-11
cubic_unfrustrated__V_-0.4__t0_1.0,cubic_unfrustrated,cubic_unfrustrated,-0.4,1.0,31,17,-1.0162768759346891e-11,2.013510620851632e-11,2.5122993850286402e-11
cubic_unfrustrated__V_-0.4__t0_1.0,cubic_unfrustrated,cubic_unfrustrated,-0.4,1.0,32,16,-8.732720560443643e-12,1.6283113889378134e-11,1.694924105074449e-11
cubic_unfrustrated__V_-0.4__t0_1.0,cubic_unfrustrated,cubic_unfrustrated,-0.4,1.0,33,15,-7.927767448409564e-12,1.460624583880346e-11,1.5739292672281524e-11
cubic_unfrustrated__V_-0.4__t0_1.0,cubic_unfrustrated,cubic_unfrustrated,-0.4,1.0,34,14,-4.24708860113354e-12,1.71791385139886e-11,2.3551445187165116e-11
cubic_unfrustrated__V_-0.4__t0_1.0,cubic_unfrustrated,cubic_unfrustrated,-0.4,1.0,35,13,-3.974312575486034e-12,1.6994712705739397e-11,2.282888795095385e-11
cubic_unfrustrated__V_-0.4__t0_1.0,cubic_unfrustrated,cubic_unfrustrated,-0.4,1.0,36,12,-4.521749921257486e-12,1.6796211952882542e-11,2.171294285691594e-11
cubic_unfrustrated__V_-0.4__t0_1.0,cubic_unfrustrated,cubic_unfrustrated,-0.4,1.0,37,11,-8.696120949407095e-12,1.5709440048914614e-11,1.902093774081778e-11
cubic_unfrustrated__V_-0.4__t0_1.0,cubic_unfrustrated,cubic_unfrustrated,-0.4,1.0,38,10,-9.779311710206232e-12,1.4210613563138703e-11,1.7661393661503548e-11
cubic_unfrustrated__V_-0.4__t0_1.0,cubic_unfrustrated,cubic_unfrustrated,-0.4,1.0,39,9,-1.717290413671899e-11,1.851317719375194e-11,1.9246094338858805e-11
cubic_unfrustrated__V_-0.4__t0_1.0,cubic_unfrustrated,cubic_unfrustrated,-0.4,1.0,40,8,-1.889814353425537e-11,2.344475427598028e-11,2.599220445067254e-11
cubic_unfrustrated__V_-0.4__t0_1.0,cubic_unfrustrated,cubic_unfrustrated,-0.4,1.0,41,7,-1.5476015820516792e-11,1.991693853565802e-11,2.0415044213179434e-11
cubic_unfrustrated__V_-0.4__t0_1.0,cubic_unfrustrated,cubic_unfrustrated,-0.4,1.0,42,6,-1.1862107444400614e-11,1.632862710935463e-11,1.6965304778612587e-11
cubic_unfrustrated__V_-0.4__t0_1.0,cubic_unfrustrated,cubic_unfrustrated,-0.4,1.0,43,5,-5.898728157908081e-12,1.3100544676179203e-11,1.2553001783876483e-11
cubic_unfrustrated__V_-0.4__t0_1.0,cubic_unfrustrated,cubic_unfrustrated,-0.4,1.0,44,4,-1.8006859200857633e-12,1.1897141184009427e-11,1.3236153729847976e-11
cubic_unfrustrated__V_-0.4__t0_1.0,cubic_unfrustrated,cubic_unfrustrated,-0.4,1.0,45,3,1.9210670183097987e-12,1.4609907902954583e-11,1.7283378254862298e-11
cubic_unfrustrated__V_-0.4__t0_1.0,cubic_unfrustrated,cubic_unfrustrated,-0.4,1.0,46,2,-6.8125214685968225e-12,1.4030990369999386e-11,1.4030990369999386e-11
cubic_unfrustrated__V_-0.4__t0_1.0,cubic_unfrustrated,cubic_unfrustrated,-0.4,1.0,47,1,-6.06773013030845e-12,6.06773013030845e-12,0.0
cubic_unfrustrated__V_+0.0__t0_0.8,cubic_unfrustrated,cubic_unfrustrated,0.0,0.8,1,47,0.04727458108324069,0.04727458108324069,0.03147755254535457
cubic_unfrustrated__V_+0.0__t0_0.8,cubic_unfrustrated,cubic_unfrustrated,0.0,0.8,2,46,0.005072808606116763,0.005072808606116763,0.007114254190790738
cubic_unfrustrated__V_+0.0__t0_0.8,cubic_unfrustrated,cubic_unfrustrated,0.0,0.8,3,45,0.00047090197370020415,0.00047090197370020415,0.0006060570568263571
cubic_unfrustrated__V_+0.0__t0_0.8,cubic_unfrustrated,cubic_unfrustrated,0.0,0.8,4,44,0.0002257918467115926,0.0002257918467115926,0.0002716454561993348
cubic_unfrustrated__V_+0.0__t0_0.8,cubic_unfrustrated,cubic_unfrustrated,0.0,0.8,5,43,1.9920211242982456e-05,2.001016840937875e-05,3.0174258404816905e-05
cubic_unfrustrated__V_+0.0__t0_0.8,cubic_unfrustrated,cubic_unfrustrated,0.0,0.8,6,42,2.6159877304479493e-06,2.616198021111821e-06,2.678413632427704e-06
cubic_unfrustrated__V_+0.0__t0_0.8,cubic_unfrustrated,cubic_unfrustrated,0.0,0.8,7,41,7.223723980038249e-07,7.233491834607203e-07,1.2073041726869716e-06
cubic_unfrustrated__V_+0.0__t0_0.8,cubic_unfrustrated,cubic_unfrustrated,0.0,0.8,8,40,-1.6064569594046765e-08,2.4561917936955744e-08,4.38569985028473e-08
cubic_unfrustrated__V_+0.0__t0_0.8,cubic_unfrustrated,cubic_unfrustrated,0.0,0.8,9,39,1.1431702188519319e-08,1.1433125714313738e-08,1.7884449767433874e-08
cubic_unfrustrated__V_+0.0__t0_0.8,cubic_unfrustrated,cubic_unfrustrated,0.0,0.8,10,38,-4.167028773429446e-10,4.5556759181962356e-10,7.477765568124598e-10
cubic_unfrustrated__V_+0.0__t0_0.8,cubic_unfrustrated,cubic_unfrustrated,0.0,0.8,11,37,8.87377544128e-11,9.473491181442801e-11,1.2344319738395014e-10
cubic_unfrustrated__V_+0.0__t0_0.8,cubic_unfrustrated,cubic_unfrustrated,0.0,0.8,12,36,8.049613094002858e-12,1.6489810931244334e-11,2.447611980568369e-11
cubic_unfrustrated__V_+0.0__t0_0.8,cubic_unfrustrated,cubic_unfrustrated,0.0,0.8,13,35,-7.088615369718856e-13,1.1385183471306747e-11,1.5910725719106123e-11
cubic_unfrustrated__V_+0.0__t0_0.8,cubic_unfrustrated,cubic_unfrustrated,0.0,0.8,14,34,1.1600789708261719e-12,1.1950206243052383e-11,1.641145260807368e-11
cubic_unfrustrated__V_+0.0__t0_0.8,cubic_unfrustrated,cubic_unfrustrated,0.0,0.8,15,33,-7.233730890806019e-13,1.4397743254866445e-11,2.4516073340842364e-11
cubic_unfrustrated__V_+0.0__t0_0.8,cubic_unfrustrated,cubic_unfrustrated,0.0,0.8,16,32,3.2783745544605623e-12,1.3234409380147311e-11,1.9226817744480448e-11
cubic_unfrustrated__V_+0.0__t0_0.8,cubic_unfrustrated,cubic_unfrustrated,0.0,0.8,17,31,1.339132965696938e-12,1.3739496282566917e-11,1.8838190710142516e-11
cubic_unfrustrated__V_+0.0__t0_0.8,cubic_unfrustrated,cubic_unfrustrated,0.0,0.8,18,30,6.327127137196555e-13,1.5361220758268405e-11,2.5146975902543142e-11
cubic_unfrustrated__V_+0.0__t0_0.8,cubic_unfrustrated,cubic_unfrustrated,0.0,0.8,19,29,-4.712548123931827e-12,1.3450679185802995e-11,1.7622013222703922e-11
cubic_unfrustrated__V_+0.0__t0_0.8,cubic_unfrustrated,cubic_unfrustrated,0.0,0.8,20,28,2.0375747039417467e-12,1.3813329082980613e-11,1.7594945822969374e-11
cubic_unfrustrated__V_+0.0__t0_0.8,cubic_unfrustrated,cubic_unfrustrated,0.0,0.8,21,27,-6.828592789783846e-13,1.2169101268122766e-11,1.6381525722254068e-11
cubic_unfrustrated__V_+0.0__t0_0.8,cubic_unfrustrated,cubic_unfrustrated,0.0,0.8,22,26,-1.2578704910202378e-13,1.4590648519265477e-11,2.3035132858287586e-11
cubic_unfrustrated__V_+0.0__t0_0.8,cubic_unfrustrated,cubic_unfrustrated,0.0,0.8,23,25,-4.5863287645829835e-14,1.0747144815396201e-11,1.3778170190311192e-11
cubic_unfrustrated__V_+0.0__t0_0.8,cubic_unfrustrated,cubic_unfrustrated,0.0,0.8,24,24,-3.831713513465338e-12,1.0758895504089494e-11,1.4168921075213299e-11
cubic_unfrustrated__V_+0.0__t0_0.8,cubic_unfrustrated,cubic_unfrustrated,0.0,0.8,25,23,-2.9485466553943147e-12,1.0560320076724458e-11,1.531342909904208e-11
cubic_unfrustrated__V_+0.0__t0_0.8,cubic_unfrustrated,cubic_unfrustrated,0.0,0.8,26,22,-2.0671687352593063e-12,9.000444543459807e-12,1.1905392860225715e-11
cubic_unfrustrated__V_+0.0__t0_0.8,cubic_unfrustrated,cubic_unfrustrated,0.0,0.8,27,21,4.749453725413477e-13,8.934218572919666e-12,1.1190264371921898e-11
cubic_unfrustrated__V_+0.0__t0_0.8,cubic_unfrustrated,cubic_unfrustrated,0.0,0.8,28,20,-2.5989536816292513e-12,9.176529625734291e-12,1.169219944891976e-11
cubic_unfrustrated__V_+0.0__t0_0.8,cubic_unfrustrated,cubic_unfrustrated,0.0,0.8,29,19,-4.439741727820115e-12,9.778013642995344e-12,1.3546462782974959e-11
cubic_unfrustrated__V_+0.0__t0_0.8,cubic_unfrustrated,cubic_unfrustrated,0.0,0.8,30,18,-3.355827996671071e-12,1.0147451103364753e-11,1.4977685968257527e-11
cubic_unfrustrated__V_+0.0__t0_0.8,cubic_unfrustrated,cubic_unfrustrated,0.0,0.8,31,17,4.7197570445346e-12,9.980684356593856e-12,1.331649481889455e-11
cubic_unfrustrated__V_+0.0__t0_0.8,cubic_unfrustrated,cubic_unfrustrated,0.0,0.8,32,16,4.5284368483256405e-12,9.899676670845322e-12,1.5206806516066678e-11
cubic_unfrustrated__V_+0.0__t0_0.8,cubic_unfrustrated,cubic_unfrustrated,0.0,0.8,33,15,2.864626957114763e-12,1.0714190030152004e-11,1.9592499218830074e-11
cubic_unfrustrated__V_+0.0__t0_0.8,cubic_unfrustrated,cubic_unfrustrated,0.0,0.8,34,14,4.066123263673343e-12,9.106575491167828e-12,1.0739959739776212e-11
cubic_unfrustrated__V_+0.0__t0_0.8,cubic_unfrustrated,cubic_unfrustrated,0.0,0.8,35,13,-4.11166573151925e-12,1.033973562248111e-11,1.3597191009538384e-11
cubic_unfrustrated__V_+0.0__t0_0.8,cubic_unfrustrated,cubic_unfrustrated,0.0,0.8,36,12,-3.577909125968072e-12,9.386375544620209e-12,1.2226331101264625e-11
cubic_unfrustrated__V_+0.0__t0_0.8,cubic_unfrustrated,cubic_unfrustrated,0.0,0.8,37,11,-4.542988693325147e-12,1.1224211043783307e-11,1.6525791977976524e-11
cubic_unfrustrated__V_+0.0__t0_0.8,cubic_unfrustrated,cubic_unfrustrated,0.0,0.8,38,10,-2.7707101062939067e-12,1.0804415473410228e-11,1.2712594274243207e-11
cubic_unfrustrated__V_+0.0__t0_0.8,cubic_unfrustrated,cubic_unfrustrated,0.0,0.8,39,9,-5.048462761785153e-12,1.2625720272293339e-11,1.66324676342636e-11
cubic_unfrustrated__V_+0.0__t0_0.8,cubic_unfrustrated,cubic_unfrustrated,0.0,0.8,40,8,-6.855387852218495e-12,1.155255079550692e-11,1.6048436967003366e-11
cubic_unfrustrated__V_+0.0__t0_0.8,cubic_unfrustrated,cubic_unfrustrated,0.0,0.8,41,7,-2.6416264263899553e-12,1.0923734908652033e-11,1.2362488794425066e-11
cubic_unfrustrated__V_+0.0__t0_0.8,cubic_unfrustrated,cubic_unfrustrated,0.0,0.8,42,6,3.111658630920705e-12,1.1367463992586179e-11,1.3874935949060351e-11
cubic_unfrustrated__V_+0.0__t0_0.8,cubic_unfrustrated,cubic_unfrustrated,0.0,0.8,43,5,1.242288313053844e-12,5.586069609006274e-12,6.0340237905520605e-12
cubic_unfrustrated__V_+0.0__t0_0.8,cubic_unfrustrated,cubic_unfrustrated,0.0,0.8,44,4,-6.620712343488662e-12,6.620712343488662e-12,3.417352768536916e-12
cubic_unfrustrated__V_+0.0__t0_0.8,cubic_unfrustrated,cubic_unfrustrated,0.0,0.8,45,3,-4.825664802032834e-12,5.568569608529916e-12,5.828067854297663e-12
cubic_unfrustrated__V_+0.0__t0_0.8,cubic_unfrustrated,cubic_unfrustrated,0.0,0.8,46,2,-1.034787007027367e-12,4.040070338077006e-12,4.040070338077006e-12
cubic_unfrustrated__V_+0.0__t0_0.8,cubic_unfrustrated,cubic_unfrustrated,0.0,0.8,47,1,5.356483604197495e-12,5.356483604197495e-12,0.0
cubic_unfrustrated__V_+0.0__t0_1.0,cubic_unfrustrated,cubic_unfrustrated,0.0,1.0,1,47,0.04794062445899772,0.04794062445899772,0.02040112899774005
cubic_unfrustrated__V_+0.0__t0_1.0,cubic_unfrustrated,cubic_unfrustrated,0.0,1.0,2,46,0.008475796692339346,0.008475796692339346,0.00982219852866721
cubic_unfrustrated__V_+0.0__t0_1.0,cubic_unfrustrated,cubic_unfrustrated,0.0,1.0,3,45,0.0014014804914080797,0.0014014804914080797,0.0018364925335503201
cubic_unfrustrated__V_+0.0__t0_1.0,cubic_unfrustrated,cubic_unfrustrated,0.0,1.0,4,44,0.0008141979833673524,0.0008141979833673524,0.0009093127424625118
cubic_unfrustrated__V_+0.0__t0_1.0,cubic_unfrustrated,cubic_unfrustrated,0.0,1.0,5,43,0.0002448258449207381,0.0002448258449207381,0.00028604788005303315
cubic_unfrustrated__V_+0.0__t0_1.0,cubic_unfrustrated,cubic_unfrustrated,0.0,1.0,6,42,5.0427525845844444e-05,5.0427525845844444e-05,5.322828128491006e-05
cubic_unfrustrated__V_+0.0__t0_1.0,cubic_unfrustrated,cubic_unfrustrated,0.0,1.0,7,41,1.7407547347391794e-05,1.7410387613263417e-05,1.9846400772250892e-05
cubic_unfrustrated__V_+0.0__t0_1.0,cubic_unfrustrated,cubic_unfrustrated,0.0,1.0,8,40,2.958487873755389e-06,2.958487873755389e-06,3.4353584010366955e-06
cubic_unfrustrated__V_+0.0__t0_1.0,cubic_unfrustrated,cubic_unfrustrated,0.0,1.0,9,39,6.632832866359647e-07,6.632832866359647e-07,8.509639434994176e-07
cubic_unfrustrated__V_+0.0__t0_1.0,cubic_unfrustrated,cubic_unfrustrated,0.0,1.0,10,38,1.270742789776725e-07,1.270742789776725e-07,1.545931228451484e-07
cubic_unfrustrated__V_+0.0__t0_1.0,cubic_unfrustrated,cubic_unfrustrated,0.0,1.0,11,37,2.7330811002417784e-08,2.7330811002417784e-08,2.6178642440449897e-08
cubic_unfrustrated__V_+0.0__t0_1.0,cubic_unfrustrated,cubic_unfrustrated,0.0,1.0,12,36,1.0621963379324878e-08,1.062298328769301e-08,1.6346055554596613e-08
cubic_unfrustrated__V_+0.0__t0_1.0,cubic_unfrustrated,cubic_unfrustrated,0.0,1.0,13,35,6.828091454263626e-09,6.828818935685115e-09,1.2611666719893626e-08
cubic_unfrustrated__V_+0.0__t0_1.0,cubic_unfrustrated,cubic_unfrustrated,0.0,1.0,14,34,4.348686221125984e-09,4.349912256814208e-09,7.251998259098591e-09
cubic_unfrustrated__V_+0.0__t0_1.0,cubic_unfrustrated,cubic_unfrustrated,0.0,1.0,15,33,3.133101231302934e-09,3.142390643475367e-09,5.4799447944008515e-09
cubic_unfrustrated__V_+0.0__t0_1.0,cubic_unfrustrated,cubic_unfrustrated,0.0,1.0,16,32,3.0091773227908493e-09,3.0327850666949266e-09,7.373484626265722e-09
cubic_unfrustrated__V_+0.0__t0_1.0,cubic_unfrustrated,cubic_unfrustrated,0.0,1.0,17,31,2.891052470272753e-09,2.9243005893343883e-09,7.914651337428702e-09
cubic_unfrustrated__V_+0.0__t0_1.0,cubic_unfrustrated,cubic_unfrustrated,0.0,1.0,18,30,2.3422490853585193e-09,2.367510418461792e-09,6.018134474626797e-09
cubic_unfrustrated__V_+0.0__t0_1.0,cubic_unfrustrated,cubic_unfrustrated,0.0,1.0,19,29,1.6932664182482257e-09,1.7001615615271044e-09,3.2820986703261095e-09
cubic_unfrustrated__V_+0.0__t0_1.0,cubic_unfrustrated,cubic_unfrustrated,0.0,1.0,20,28,1.4454961482322634e-09,1.4486017170551247e-09,1.7778023806595269e-09
cubic_unfrustrated__V_+0.0__t0_1.0,cubic_unfrustrated,cubic_unfrustrated,0.0,1.0,21,27,1.832746585864906e-09,1.8368819047262759e-09,3.242699159674692e-09
cubic_unfrustrated__V_+0.0__t0_1.0,cubic_unfrustrated,cubic_unfrustrated,0.0,1.0,22,26,2.8079172242213008e-09,2.82108506866044e-09,6.520935105677957e-09
cubic_unfrustrated__V_+0.0__t0_1.0,cubic_unfrustrated,cubic_unfrustrated,0.0,1.0,23,25,3.856261361269868e-09,3.882853260386393e-09,9.611817477466856e-09
cubic_unfrustrated__V_+0.0__t0_1.0,cubic_unfrustrated,cubic_unfrustrated,0.0,1.0,24,24,4.243709658801638e-09,4.275536799795898e-09,1.0271203432267591e-08
cubic_unfrustrated__V_+0.0__t0_1.0,cubic_unfrustrated,cubic_unfrustrated,0.0,1.0,25,23,3.791203145747304e-09,3.8116137951058955e-09,8.055614576857749e-09
cubic_unfrustrated__V_+0.0__t0_1.0,cubic_unfrustrated,cubic_unfrustrated,0.0,1.0,26,22,3.332461913552646e-09,3.3414038960318513e-09,5.598312771809359e-09
cubic_unfrustrated__V_+0.0__t0_1.0,cubic_unfrustrated,cubic_unfrustrated,0.0,1.0,27,21,3.6480012094723295e-09,3.6541795160771532e-09,7.017633711191168e-09
cubic_unfrustrated__V_+0.0__t0_1.0,cubic_unfrustrated,cubic_unfrustrated,0.0,1.0,28,20,4.230587913118894e-09,4.2431376370018695e-09,9.267255476938922e-09
cubic_unfrustrated__V_+0.0__t0_1.0,cubic_unfrustrated,cubic_unfrustrated,0.0,1.0,29,19,4.016033461406985e-09,4.037562884631218e-09,8.8752970537546e-09
cubic_unfrustrated__V_+0.0__t0_1.0,cubic_unfrustrated,cubic_unfrustrated,0.0,1.0,30,18,2.902106744916491e-09,2.9237636839682196e-09,6.028692536393935e-09
cubic_unfrustrated__V_+0.0__t0_1.0,cubic_unfrustrated,cubic_unfrustrated,0.0,1.0,31,17,1.7173980494818438e-09,1.730498259189889e-09,2.9448873381863088e-09
cubic_unfrustrated__V_+0.0__t0_1.0,cubic_unfrustrated,cubic_unfrustrated,0.0,1.0,32,16,9.745994107069958e-10,9.755021844177305e-10,1.1477455476006395e-09
cubic_unfrustrated__V_+0.0__t0_1.0,cubic_unfrustrated,cubic_unfrustrated,0.0,1.0,33,15,5.902684648892801e-10,5.933707199070657e-10,4.921076211709675e-10
cubic_unfrustrated__V_+0.0__t0_1.0,cubic_unfrustrated,cubic_unfrustrated,0.0,1.0,34,14,3.725994940733274e-10,3.7856252384989703e-10,2.580289571427661e-10
cubic_unfrustrated__V_+0.0__t0_1.0,cubic_unfrustrated,cubic_unfrustrated,0.0,1.0,35,13,3.5605511685944625e-10,3.6244241270083246e-10,2.902429970037434e-10
cubic_unfrustrated__V_+0.0__t0_1.0,cubic_unfrustrated,cubic_unfrustrated,0.0,1.0,36,12,6.616777046285186e-10,6.654944549026806e-10,8.29112424668923e-10
cubic_unfrustrated__V_+0.0__t0_1.0,cubic_unfrustrated,cubic_unfrustrated,0.0,1.0,37,11,1.5964673401142412e-09,1.5964673401142412e-09,2.062705210759739e-09
cubic_unfrustrated__V_+0.0__t0_1.0,cubic_unfrustrated,cubic_unfrustrated,0.0,1.0,38,10,3.598254668693258e-09,3.598254668693258e-09,4.932941218502063e-09
cubic_unfrustrated__V_+0.0__t0_1.0,cubic_unfrustrated,cubic_unfrustrated,0.0,1.0,39,9,6.717993284165441e-09,6.717993284165441e-09,8.991011922397367e-09
cubic_unfrustrated__V_+0.0__t0_1.0,cubic_unfrustrated,cubic_unfrustrated,0.0,1.0,40,8,9.630726142106358e-09,9.630726142106358e-09,1.1905297459518383e-08
cubic_unfrustrated__V_+0.0__t0_1.0,cubic_unfrustrated,cubic_unfrustrated,0.0,1.0,41,7,1.0165304162677647e-08,1.0165304162677647e-08,1.1581548543491564e-08
cubic_unfrustrated__V_+0.0__t0_1.0,cubic_unfrustrated,cubic_unfrustrated,0.0,1.0,42,6,7.778428334112797e-09,7.778428334112797e-09,8.258688453451599e-09
cubic_unfrustrated__V_+0.0__t0_1.0,cubic_unfrustrated,cubic_unfrustrated,0.0,1.0,43,5,4.33702690403572e-09,4.33702690403572e-09,4.129662438852804e-09
cubic_unfrustrated__V_+0.0__t0_1.0,cubic_unfrustrated,cubic_unfrustrated,0.0,1.0,44,4,2.1023945180987296e-09,2.1023945180987296e-09,1.2568230954985294e-09
cubic_unfrustrated__V_+0.0__t0_1.0,cubic_unfrustrated,cubic_unfrustrated,0.0,1.0,45,3,1.2535618965432312e-09,1.2535618965432312e-09,3.263451489380597e-10
cubic_unfrustrated__V_+0.0__t0_1.0,cubic_unfrustrated,cubic_unfrustrated,0.0,1.0,46,2,7.992868878339815e-10,7.992868878339815e-10,1.1176670613751998e-11
cubic_unfrustrated__V_+0.0__t0_1.0,cubic_unfrustrated,cubic_unfrustrated,0.0,1.0,47,1,4.3471196068968534e-10,4.3471196068968534e-10,0.0
cubic_unfrustrated__V_+0.0__t0_1.4,cubic_unfrustrated,cubic_unfrustrated,0.0,1.4,1,47,0.04005988219114842,0.04005988219114842,0.01050570135934437
cubic_unfrustrated__V_+0.0__t0_1.4,cubic_unfrustrated,cubic_unfrustrated,0.0,1.4,2,46,0.013257776309659026,0.013257776309659026,0.015201892219415297
cubic_unfrustrated__V_+0.0__t0_1.4,cubic_unfrustrated,cubic_unfrustrated,0.0,1.4,3,45,0.004473085023206748,0.004473085023206748,0.006026146961266644
cubic_unfrustrated__V_+0.0__t0_1.4,cubic_unfrustrated,cubic_unfrustrated,0.0,1.4,4,44,0.001633712276920579,0.001633712276920579,0.002061538300661133
cubic_unfrustrated__V_+0.0__t0_1.4,cubic_unfrustrated,cubic_unfrustrated,0.0,1.4,5,43,0.0006717708501383213,0.0006717708501383213,0.0007755566735229738
cubic_unfrustrated__V_+0.0__t0_1.4,cubic_unfrustrated,cubic_unfrustrated,0.0,1.4,6,42,0.00023367595972766125,0.00023367595972766125,0.000253775467958284
cubic_unfrustrated__V_+0.0__t0_1.4,cubic_unfrustrated,cubic_unfrustrated,0.0,1.4,7,41,7.06492253378874e-05,7.06492253378874e-05,7.496076021893556e-05
cubic_unfrustrated__V_+0.0__t0_1.4,cubic_unfrustrated,cubic_unfrustrated,0.0,1.4,8,40,1.9458930551834565e-05,1.9458930551834565e-05,2.114409929150691e-05
cubic_unfrustrated__V_+0.0__t0_1.4,cubic_unfrustrated,cubic_unfrustrated,0.0,1.4,9,39,4.835009630818243e-06,4.835009630818243e-06,5.543634540353428e-06
cubic_unfrustrated__V_+0.0__t0_1.4,cubic_unfrustrated,cubic_unfrustrated,0.0,1.4,10,38,1.1259247899941377e-06,1.1259247899941377e-06,1.354022230547191e-06
cubic_unfrustrated__V_+0.0__t0_1.4,cubic_unfrustrated,cubic_unfrustrated,0.0,1.4,11,37,2.632852664818092e-07,2.6328620915861124e-07,3.0179148414046325e-07
cubic_unfrustrated__V_+0.0__t0_1.4,cubic_unfrustrated,cubic_unfrustrated,0.0,1.4,12,36,7.332771929844148e-08,7.332838488106956e-08,7.502820257992044e-08
cubic_unfrustrated__V_+0.0__t0_1.4,cubic_unfrustrated,cubic_unfrustrated,0.0,1.4,13,35,2.8880173576721725e-08,2.8880173576721725e-08,4.212628674608768e-08
cubic_unfrustrated__V_+0.0__t0_1.4,cubic_unfrustrated,cubic_unfrustrated,0.0,1.4,14,34,1.3455173117792032e-08,1.3456188438488317e-08,2.4070179881711363e-08
cubic_unfrustrated__V_+0.0__t0_1.4,cubic_unfrustrated,cubic_unfrustrated,0.0,1.4,15,33,5.858407917312032e-09,5.859535037735427e-09,1.0998292453208523e-08
cubic_unfrustrated__V_+0.0__t0_1.4,cubic_unfrustrated,cubic_unfrustrated,0.0,1.4,16,32,2.233413207234e-09,2.2388068105774127e-09,4.1213849382326366e-09
cubic_unfrustrated__V_+0.0__t0_1.4,cubic_unfrustrated,cubic_unfrustrated,0.0,1.4,17,31,7.672815417500915e-10,7.792374928919374e-10,1.345133581572533e-09
cubic_unfrustrated__V_+0.0__t0_1.4,cubic_unfrustrated,cubic_unfrustrated,0.0,1.4,18,30,2.38034551099227e-10,2.541962201415814e-10,4.1782891054052644e-10
cubic_unfrustrated__V_+0.0__t0_1.4,cubic_unfrustrated,cubic_unfrustrated,0.0,1.4,19,29,6.785168568642609e-11,7.679591549835314e-11,1.198536879581072e-10
cubic_unfrustrated__V_+0.0__t0_1.4,cubic_unfrustrated,cubic_unfrustrated,0.0,1.4,20,28,1.0651629469733851e-11,3.07850964639267e-11,4.4203306447170965e-11
cubic_unfrustrated__V_+0.0__t0_1.4,cubic_unfrustrated,cubic_unfrustrated,0.0,1.4,21,27,2.672842574482943e-12,2.084438076221084e-11,2.933125331675246e-11
cubic_unfrustrated__V_+0.0__t0_1.4,cubic_unfrustrated,cubic_unfrustrated,0.0,1.4,22,26,1.0305210477383013e-12,2.108676438379745e-11,2.983384203651701e-11
cubic_unfrustrated__V_+0.0__t0_1.4,cubic_unfrustrated,cubic_unfrustrated,0.0,1.4,23,25,9.114361754555979e-12,2.078613715826606e-11,2.7218285738506343e-11
cubic_unfrustrated__V_+0.0__t0_1.4,cubic_unfrustrated,cubic_unfrustrated,0.0,1.4,24,24,9.526451878114188e-12,1.789356419057248e-11,2.449955256753249e-11
cubic_unfrustrated__V_+0.0__t0_1.4,cubic_unfrustrated,cubic_unfrustrated,0.0,1.4,25,23,1.0441741143312852e-11,1.7848240563672422e-11,2.1914081469261567e-11
cubic_unfrustrated__V_+0.0__t0_1.4,cubic_unfrustrated,cubic_unfrustrated,0.0,1.4,26,22,7.658716074945403e-12,1.8656619304743742e-11,2.475415799541262e-11
cubic_unfrustrated__V_+0.0__t0_1.4,cubic_unfrustrated,cubic_unfrustrated,0.0,1.4,27,21,3.464594819203656e-12,1.6815162724518e-11,2.2022394118618328e-11
cubic_unfrustrated__V_+0.0__t0_1.4,cubic_unfrustrated,cubic_unfrustrated,0.0,1.4,28,20,-7.503980438155955e-13,1.747962794677602e-11,2.1834650928064674e-11
cubic_unfrustrated__V_+0.0__t0_1.4,cubic_unfrustrated,cubic_unfrustrated,0.0,1.4,29,19,1.5022042343893883e-12,1.658396878331025e-11,2.1010881614687156e-11
cubic_unfrustrated__V_+0.0__t0_1.4,cubic_unfrustrated,cubic_unfrustrated,0.0,1.4,30,18,-5.026235845193181e-13,1.3760522241776437e-11,1.785233138445137e-11
cubic_unfrustrated__V_+0.0__t0_1.4,cubic_unfrustrated,cubic_unfrustrated,0.0,1.4,31,17,-8.518508566558572e-13,1.3893115475956716e-11,1.7485978096393703e-11
cubic_unfrustrated__V_+0.0__t0_1.4,cubic_unfrustrated,cubic_unfrustrated,0.0,1.4,32,16,-2.5002020784427328e-12,1.455191523290253e-11,1.8419412819140032e-11
cubic_unfrustrated__V_+0.0__t0_1.4,cubic_unfrustrated,cubic_unfrustrated,0.0,1.4,33,15,-4.002998431104082e-12,1.34319836207286e-11,1.6984357640273496e-11
cubic_unfrustrated__V_+0.0__t0_1.4,cubic_unfrustrated,cubic_unfrustrated,0.0,1.4,34,14,-3.2945650145346217e-12,1.3141922659886819e-11,1.606472268083377e-11
cubic_unfrustrated__V_+0.0__t0_1.4,cubic_unfrustrated,cubic_unfrustrated,0.0,1.4,35,13,-3.9579811485269564e-12,1.2146384099203055e-11,1.4645998317202826e-11
cubic_unfrustrated__V_+0.0__t0_1.4,cubic_unfrustrated,cubic_unfrustrated,0.0,1.4,36,12,1.7587710051332928e-12,1.036719554065731e-11,1.1549527742279035e-11
cubic_unfrustrated__V_+0.0__t0_1.4,cubic_unfrustrated,cubic_unfrustrated,0.0,1.4,37,11,-1.6125113258392907e-13,1.1527706514641359e-11,1.2676171446872918e-11
cubic_unfrustrated__V_+0.0__t0_1.4,cubic_unfrustrated,cubic_unfrustrated,0.0,1.4,38,10,-3.3478550362883103e-12,1.111099301719381e-11,1.1683793459470998e-11
cubic_unfrustrated__V_+0.0__t0_1.4,cubic_unfrustrated,cubic_unfrustrated,0.0,1.4,39,9,-8.65814771225864e-12,1.0771823537358386e-11,8.807440817719116e-12
cubic_unfrustrated__V_+0.0__t0_1.4,cubic_unfrustrated,cubic_unfrustrated,0.0,1.4,40,8,-6.844461073290667e-12,1.0024671165064991e-11,1.0501106199421443e-11
cubic_unfrustrated__V_+0.0__t0_1.4,cubic_unfrustrated,cubic_unfrustrated,0.0,1.4,41,7,-5.429457113439786e-12,7.641653243612936e-12,8.090508789456515e-12
cubic_unfrustrated__V_+0.0__t0_1.4,cubic_unfrustrated,cubic_unfrustrated,0.0,1.4,42,6,-9.859489500090823e-13,5.576496021119419e-12,6.903567228825096e-12
cubic_unfrustrated__V_+0.0__t0_1.4,cubic_unfrustrated,cubic_unfrustrated,0.0,1.4,43,5,-9.983269841491559e-13,6.029399260076182e-12,7.008854747965924e-12
cubic_unfrustrated__V_+0.0__t0_1.4,cubic_unfrustrated,cubic_unfrustrated,0.0,1.4,44,4,-1.3947412882346504e-12,5.075248643571817e-12,5.219737715313097e-12
cubic_unfrustrated__V_+0.0__t0_1.4,cubic_unfrustrated,cubic_unfrustrated,0.0,1.4,45,3,-5.861195705731232e-12,5.861195705731232e-12,2.5964423989040652e-12
cubic_unfrustrated__V_+0.0__t0_1.4,cubic_unfrustrated,cubic_unfrustrated,0.0,1.4,46,2,-5.688206484102306e-12,5.688206484102306e-12,1.8843096347199884e-12
cubic_unfrustrated__V_+0.0__t0_1.4,cubic_unfrustrated,cubic_unfrustrated,0.0,1.4,47,1,-3.321380951972646e-12,3.321380951972646e-12,0.0
square__V_-0.2__t0_1.0,square,square,-0.2,1.0,1,47,0.05481776626032513,0.05481776626032513,0.009805889020634197
square__V_-0.2__t0_1.0,square,square,-0.2,1.0,2,46,0.010597190452127158,0.010597190452127158,0.00739037280041251
square__V_-0.2__t0_1.0,square,square,-0.2,1.0,3,45,0.0035740234696755926,0.0035740234696755926,0.0034991082440065558
square__V_-0.2__t0_1.0,square,square,-0.2,1.0,4,44,0.0034612086016301957,0.0034612086016301957,0.0034564637671886922
square__V_-0.2__t0_1.0,square,square,-0.2,1.0,5,43,0.002095855973447678,0.002095855973447678,0.002166562725697083
square__V_-0.2__t0_1.0,square,square,-0.2,1.0,6,42,0.0011986952016614192,0.0011986952016614192,0.0012434795373616053
square__V_-0.2__t0_1.0,square,square,-0.2,1.0,7,41,0.0007369250749580514,0.0007369250749580514,0.0007874153307184388
square__V_-0.2__t0_1.0,square,square,-0.2,1.0,8,40,0.0003922939708442566,0.0003922939708442566,0.00043312517708795083
square__V_-0.2__t0_1.0,square,square,-0.2,1.0,9,39,0.00020374408872329724,0.00020374408872329724,0.00023529111127715727
square__V_-0.2__t0_1.0,square,square,-0.2,1.0,10,38,0.00010116026879576998,0.00010116026879576998,0.00012248034569064124
square__V_-0.2__t0_1.0,square,square,-0.2,1.0,11,37,4.774017682521545e-05,4.774017682521545e-05,5.937442996934357e-05
square__V_-0.2__t0_1.0,square,square,-0.2,1.0,12,36,2.180311759935321e-05,2.180311759935321e-05,2.705228044450725e-05
square__V_-0.2__t0_1.0,square,square,-0.2,1.0,13,35,9.732504876993192e-06,9.732504876993192e-06,1.1251857506824323e-05
square__V_-0.2__t0_1.0,square,square,-0.2,1.0,14,34,4.395211606068597e-06,4.395211606068597e-06,4.177898489504455e-06
square__V_-0.2__t0_1.0,square,square,-0.2,1.0,15,33,2.1140901043102202e-06,2.1140901043102202e-06,1.4441396786819193e-06
square__V_-0.2__t0_1.0,square,square,-0.2,1.0,16,32,1.143646772619824e-06,1.143646772619824e-06,7.341760415102701e-07
square__V_-0.2__t0_1.0,square,square,-0.2,1.0,17,31,6.889620575706969e-07,6.889620575706969e-07,5.71619645377185e-07
square__V_-0.2__t0_1.0,square,square,-0.2,1.0,18,30,4.381792210929435e-07,4.381792210929435e-07,4.2276199173684363e-07
square__V_-0.2__t0_1.0,square,square,-0.2,1.0,19,29,2.792304752778086e-07,2.792304752778086e-07,2.8540498246356067e-07
square__V_-0.2__t0_1.0,square,square,-0.2,1.0,20,28,1.7240738792223094e-07,1.7240738792223094e-07,1.8098147524901083e-07
square__V_-0.2__t0_1.0,square,square,-0.2,1.0,21,27,1.0185353434354787e-07,1.0185353434354787e-07,1.0988929158948858e-07
square__V_-0.2__t0_1.0,square,square,-0.2,1.0,22,26,5.731284204972012e-08,5.731284204972012e-08,6.436279716782934e-08
square__V_-0.2__t0_1.0,square,square,-0.2,1.0,23,25,3.067859533060905e-08,3.067859533060905e-08,3.638680745758256e-08
square__V_-0.2__t0_1.0,square,square,-0.2,1.0,24,24,1.565916860556039e-08,1.565916860556039e-08,1.977728182339269e-08
square__V_-0.2__t0_1.0,square,square,-0.2,1.0,25,23,7.67156141703807e-09,7.67156141703807e-09,1.0243334674463378e-08
square__V_-0.2__t0_1.0,square,square,-0.2,1.0,26,22,3.6288385430940196e-09,3.6288385430940196e-09,5.008485393327929e-09
square__V_-0.2__t0_1.0,square,square,-0.2,1.0,27,21,1.6730287080270828e-09,1.6730287080270828e-09,2.2829837746018323e-09
square__V_-0.2__t0_1.0,square,square,-0.2,1.0,28,20,7.613261187188471e-10,7.613261187188471e-10,9.532574168014257e-10
square__V_-0.2__t0_1.0,square,square,-0.2,1.0,29,19,3.53123562145018e-10,3.53123562145018e-10,3.546673618374596e-10
square__V_-0.2__t0_1.0,square,square,-0.2,1.0,30,18,1.7484942876533359e-10,1.7484942876533359e-10,1.1428114279959169e-10
square__V_-0.2__t0_1.0,square,square,-0.2,1.0,31,17,9.755563983780516e-11,9.755563983780516e-11,5.45460701302277e-11
square__V_-0.2__t0_1.0,square,square,-0.2,1.0,32,16,6.171938661913301e-11,6.171938661913301e-11,4.302365675732244e-11
square__V_-0.2__t0_1.0,square,square,-0.2,1.0,33,15,3.9355384437437004e-11,4.0054963322096526e-11,3.5003740449940334e-11
square__V_-0.2__t0_1.0,square,square,-0.2,1.0,34,14,2.8050842286228222e-11,3.185084429834355e-11,3.4262340465524014e-11
square__V_-0.2__t0_1.0,square,square,-0.2,1.0,35,13,2.4089696099778642e-11,2.5982869507318648e-11,3.136846855315597e-11
square__V_-0.2__t0_1.0,square,square,-0.2,1.0,36,12,1.9840249477408762e-11,2.213824650787465e-11,2.841785736060754e-11
square__V_-0.2__t0_1.0,square,square,-0.2,1.0,37,11,2.287056624958611e-11,2.4026333820161768e-11,3.019146728279724e-11
square__V_-0.2__t0_1.0,square,square,-0.2,1.0,38,10,2.2961730786985907e-11,2.5661999579741716e-11,3.73531814501701e-11
square__V_-0.2__t0_1.0,square,square,-0.2,1.0,39,9,6.750868204331081e-12,1.605374088750102e-11,2.0154840999498366e-11
square__V_-0.2__t0_1.0,square,square,-0.2,1.0,40,8,-4.868550076532451e-12,1.5932615727798243e-11,1.897454032447356e-11
square__V_-0.2__t0_1.0,square,square,-0.2,1.0,41,7,-9.468740320364152e-12,2.627569304788562e-11,2.7678918626247188e-11
square__V_-0.2__t0_1.0,square,square,-0.2,1.0,42,6,-1.9269571773943788e-11,3.773824408363856e-11,3.82007720654094e-11
square__V_-0.2__t0_1.0,square,square,-0.2,1.0,43,5,-4.6500134988552894e-11,5.74663242241844e-11,5.0437107150096575e-11
square__V_-0.2__t0_1.0,square,square,-0.2,1.0,44,4,-9.415205057933472e-11,9.415205057933472e-11,5.304899144341642e-11
square__V_-0.2__t0_1.0,square,square,-0.2,1.0,45,3,-1.3834426933354012e-10,1.3834426933354012e-10,4.1854283171462457e-11
square__V_-0.2__t0_1.0,square,square,-0.2,1.0,46,2,-1.4664469534450134e-10,1.4664469534450134e-10,4.594986061194283e-11
square__V_-0.2__t0_1.0,square,square,-0.2,1.0,47,1,-1.223511385107182e-10,1.223511385107182e-10,0.0
square__V_+0.0__t0_0.8,square,square,0.0,0.8,1,47,0.05301955193791117,0.05301955193791117,0.014210701168895336
square__V_+0.0__t0_0.8,square,square,0.0,0.8,2,46,0.006304523031728538,0.006304523031728538,0.005178249141116678
square__V_+0.0__t0_0.8,square,square,0.0,0.8,3,45,0.0018420129444163115,0.0018420129444163115,0.0022392298915093504
square__V_+0.0__t0_0.8,square,square,0.0,0.8,4,44,0.0016262969721919298,0.0016262969721919298,0.0019439961789416219
square__V_+0.0__t0_0.8,square,square,0.0,0.8,5,43,0.0005453844727297459,0.0005453844727297459,0.0007037488681267656
square__V_+0.0__t0_0.8,square,square,0.0,0.8,6,42,0.0002720269476450783,0.0002720269476450783,0.00033123899874796994
square__V_+0.0__t0_0.8,square,square,0.0,0.8,7,41,0.0001243937016909613,0.0001243937016909613,0.0001639446194221143
square__V_+0.0__t0_0.8,square,square,0.0,0.8,8,40,3.778064718094542e-05,3.778064718094542e-05,4.945486101105595e-05
square__V_+0.0__t0_0.8,square,square,0.0,0.8,9,39,1.691013629244685e-05,1.6925793131459595e-05,2.3843486202992518e-05
square__V_+0.0__t0_0.8,square,square,0.0,0.8,10,38,4.727091942315925e-06,4.727091942315925e-06,6.737726321271793e-06
square__V_+0.0__t0_0.8,square,square,0.0,0.8,11,37,1.6051944883360362e-06,1.6057485006869163e-06,2.3957422857862907e-06
square__V_+0.0__t0_0.8,square,square,0.0,0.8,12,36,4.450260785886262e-07,4.450260785886262e-07,6.523360359123689e-07
square__V_+0.0__t0_0.8,square,square,0.0,0.8,13,35,1.2111469485908446e-07,1.2111469485908446e-07,1.6306886622151752e-07
square__V_+0.0__t0_0.8,square,square,0.0,0.8,14,34,3.2442805775550535e-08,3.2442805775550535e-08,3.679812470665859e-08
square__V_+0.0__t0_0.8,square,square,0.0,0.8,15,33,1.2206693652674545e-08,1.2206693652674545e-08,9.5479313517583e-09
square__V_+0.0__t0_0.8,square,square,0.0,0.8,16,32,4.971015734938982e-09,4.971015734938982e-09,5.6769118482593326e-09
square__V_+0.0__t0_0.8,square,square,0.0,0.8,17,31,2.6980404904254974e-09,2.6980404904254974e-09,3.38506786352648e-09
square__V_+0.0__t0_0.8,square,square,0.0,0.8,18,30,1.451293283628867e-09,1.451293283628867e-09,1.8909686919822787e-09
square__V_+0.0__t0_0.8,square,square,0.0,0.8,19,29,6.745819290012074e-10,6.773299363439269e-10,8.641500049668148e-10
square__V_+0.0__t0_0.8,square,square,0.0,0.8,20,28,3.342102741909037e-10,3.3581190290210454e-10,4.2024636158029644e-10
square__V_+0.0__t0_0.8,square,square,0.0,0.8,21,27,1.420313281668493e-10,1.430734825127996e-10,1.7758413290639694e-10
square__V_+0.0__t0_0.8,square,square,0.0,0.8,22,26,6.419141183641406e-11,6.5336144784139e-11,7.855923449055292e-11
square__V_+0.0__t0_0.8,square,square,0.0,0.8,23,25,2.974605317907725e-11,3.2361246295220664e-11,3.7722119333719487e-11
square__V_+0.0__t0_0.8,square,square,0.0,0.8,24,24,1.1960308833702119e-11,1.8322369137668356e-11,2.425641889828705e-11
square__V_+0.0__t0_0.8,square,square,0.0,0.8,25,23,4.252258577852932e-12,1.693216860036583e-11,2.7662883311200257e-11
square__V_+0.0__t0_0.8,square,square,0.0,0.8,26,22,-2.6209126842103903e-12,1.3052123442483367e-11,1.8974151207223848e-11
square__V_+0.0__t0_0.8,square,square,0.0,0.8,27,21,-5.720060816139682e-12,1.2143057572278669e-11,1.5187145801951518e-11
square__V_+0.0__t0_0.8,square,square,0.0,0.8,28,20,-7.56637240333742e-12,1.501274253166455e-11,1.980418345027247e-11
square__V_+0.0__t0_0.8,square,square,0.0,0.8,29,19,-1.3332401175140034e-11,1.4730638885005417e-11,1.6309239628853647e-11
square__V_+0.0__t0_0.8,square,square,0.0,0.8,30,18,-1.2852773261407925e-11,1.52506654104563e-11,1.599844207371932e-11
square__V_+0.0__t0_0.8,square,square,0.0,0.8,31,17,-1.2986966906503597e-11,1.7875056863693767e-11,1.9915435974305883e-11
square__V_+0.0__t0_0.8,square,square,0.0,0.8,32,16,-1.0568134577891523e-11,1.7018836641579487e-11,2.526896055173444e-11
square__V_+0.0__t0_0.8,square,square,0.0,0.8,33,15,-9.7344740275041e-12,1.693209078031226e-11,2.4945375436745962e-11
square__V_+0.0__t0_0.8,square,square,0.0,0.8,34,14,-7.450883313382765e-12,1.3826750773670834e-11,1.7828224214612724e-11
square__V_+0.0__t0_0.8,square,square,0.0,0.8,35,13,-8.363542060184083e-12,1.7799434940623408e-11,2.7351341943258855e-11
square__V_+0.0__t0_0.8,square,square,0.0,0.8,36,12,-4.716740257137857e-12,1.7650432795202998e-11,2.9844181408417675e-11
square__V_+0.0__t0_0.8,square,square,0.0,0.8,37,11,1.735130632460973e-12,1.0459961006643771e-11,1.1702283331832327e-11
square__V_+0.0__t0_0.8,square,square,0.0,0.8,38,10,2.74155748191843e-12,1.267216927991796e-11,1.5002609599184304e-11
square__V_+0.0__t0_0.8,square,square,0.0,0.8,39,9,1.169662456707403e-11,1.5480957654125405e-11,1.4529166870142484e-11
square__V_+0.0__t0_0.8,square,square,0.0,0.8,40,8,1.3475888517568557e-11,1.911959926536393e-11,1.983153214782497e-11
square__V_+0.0__t0_0.8,square,square,0.0,0.8,41,7,9.953804365906097e-12,2.278387394534127e-11,2.5550739834826506e-11
square__V_+0.0__t0_0.8,square,square,0.0,0.8,42,6,2.0820841940869934e-11,2.0820841940869934e-11,1.2176608263673136e-11
square__V_+0.0__t0_0.8,square,square,0.0,0.8,43,5,1.882367945577361e-11,1.882367945577361e-11,8.153474647168247e-12
square__V_+0.0__t0_0.8,square,square,0.0,0.8,44,4,2.8784153048666974e-11,2.8784153048666974e-11,8.7173952986482e-12
square__V_+0.0__t0_0.8,square,square,0.0,0.8,45,3,3.953124074061498e-11,3.953124074061498e-11,1.1458141024222355e-11
square__V_+0.0__t0_0.8,square,square,0.0,0.8,46,2,5.135821737929123e-11,5.135821737929123e-11,4.790478558256681e-12
square__V_+0.0__t0_0.8,square,square,0.0,0.8,47,1,9.263126701510014e-11,9.263126701510014e-11,0.0
square__V_+0.0__t0_1.0,square,square,0.0,1.0,1,47,0.053441282637585685,0.053441282637585685,0.009305974025249856
square__V_+0.0__t0_1.0,square,square,0.0,1.0,2,46,0.009579560315525286,0.009579560315525286,0.006724309255750046
square__V_+0.0__t0_1.0,square,square,0.0,1.0,3,45,0.0027930721750841054,0.0027930721750841054,0.0028587563000497156
square__V_+0.0__t0_1.0,square,square,0.0,1.0,4,44,0.0027932278363779445,0.0027932278363779445,0.002900183862040083
square__V_+0.0__t0_1.0,square,square,0.0,1.0,5,43,0.0015866460535962775,0.0015866460535962775,0.0017188039548037518
square__V_+0.0__t0_1.0,square,square,0.0,1.0,6,42,0.0008411610074350022,0.0008411610074350022,0.0009125549976264912
square__V_+0.0__t0_1.0,square,square,0.0,1.0,7,41,0.0004990319282978503,0.0004990319282978503,0.0005591579525422107
square__V_+0.0__t0_1.0,square,square,0.0,1.0,8,40,0.0002461643826179603,0.0002461643826179603,0.00028576626939175485
square__V_+0.0__t0_1.0,square,square,0.0,1.0,9,39,0.00011919033345885093,0.00011919033345885093,0.0001448999383346894
square__V_+0.0__t0_1.0,square,square,0.0,1.0,10,38,5.527172968492798e-05,5.527172968492798e-05,7.050464767336389e-05
square__V_+0.0__t0_1.0,square,square,0.0,1.0,11,37,2.4045638913958182e-05,2.4045638913958182e-05,3.1450821729432375e-05
square__V_+0.0__t0_1.0,square,square,0.0,1.0,12,36,1.0054330311490866e-05,1.0054330311490866e-05,1.319845270684736e-05
square__V_+0.0__t0_1.0,square,square,0.0,1.0,13,35,4.0646463914680935e-06,4.0646463914680935e-06,5.018558098489122e-06
square__V_+0.0__t0_1.0,square,square,0.0,1.0,14,34,1.6589966253372882e-06,1.6589966253372882e-06,1.6840811628383936e-06
square__V_+0.0__t0_1.0,square,square,0.0,1.0,15,33,7.279601796586324e-07,7.279601796586324e-07,5.277559733234657e-07
square__V_+0.0__t0_1.0,square,square,0.0,1.0,16,32,3.7204472632873754e-07,3.7204472632873754e-07,2.6477901387185513e-07
square__V_+0.0__t0_1.0,square,square,0.0,1.0,17,31,2.166543531914256e-07,2.166543531914256e-07,1.9921194239367622e-07
square__V_+0.0__t0_1.0,square,square,0.0,1.0,18,30,1.3315754600529202e-07,1.3315754600529202e-07,1.3848975962060576e-07
square__V_+0.0__t0_1.0,square,square,0.0,1.0,19,29,8.146959121509081e-08,8.146959121509081e-08,8.827329171390741e-08
square__V_+0.0__t0_1.0,square,square,0.0,1.0,20,28,4.785000700694152e-08,4.785000700694152e-08,5.296539782526336e-08
square__V_+0.0__t0_1.0,square,square,0.0,1.0,21,27,2.6735656745278176e-08,2.6735656745278176e-08,3.0420968901138515e-08
square__V_+0.0__t0_1.0,square,square,0.0,1.0,22,26,1.4172021299063117e-08,1.4172021299063117e-08,1.6825931006114935e-08
square__V_+0.0__t0_1.0,square,square,0.0,1.0,23,25,7.115381689079084e-09,7.122150772814492e-09,8.944287049717283e-09
square__V_+0.0__t0_1.0,square,square,0.0,1.0,24,24,3.404669298002802e-09,3.4210009494928096e-09,4.545793116561822e-09
square__V_+0.0__t0_1.0,square,square,0.0,1.0,25,23,1.5382491021784087e-09,1.566378539980065e-09,2.1870874480106064e-09
square__V_+0.0__t0_1.0,square,square,0.0,1.0,26,22,6.520992638886526e-10,6.973697124807297e-10,9.95818797392606e-10
square__V_+0.0__t0_1.0,square,square,0.0,1.0,27,21,2.403351752308803e-10,3.095663320054244e-10,4.229441369719234e-10
square__V_+0.0__t0_1.0,square,square,0.0,1.0,28,20,6.066565731527509e-11,1.4552817681261023e-10,1.7913260830525003e-10
square__V_+0.0__t0_1.0,square,square,0.0,1.0,29,19,-3.2843662065097477e-13,8.248048778117161e-11,1.0498873105975928e-10
square__V_+0.0__t0_1.0,square,square,0.0,1.0,30,18,-1.6310429221897702e-11,6.982126169877064e-11,9.675384661417275e-11
square__V_+0.0__t0_1.0,square,square,0.0,1.0,31,17,-2.254920113571959e-11,6.9473157516355e-11,9.547184920871233e-11
square__V_+0.0__t0_1.0,square,square,0.0,1.0,32,16,-2.6240838052415828e-11,6.9970746508621e-11,8.856433957744661e-11
square__V_+0.0__t0_1.0,square,square,0.0,1.0,33,15,-2.792775727732655e-11,5.895273284517072e-11,6.156640545660325e-11
square__V_+0.0__t0_1.0,square,square,0.0,1.0,34,14,-4.656350720086789e-11,6.601379825973305e-11,6.5240161677608e-11
square__V_+0.0__t0_1.0,square,square,0.0,1.0,35,13,-6.010042271833754e-11,7.011547368850684e-11,5.89768921444761e-11
square__V_+0.0__t0_1.0,square,square,0.0,1.0,36,12,-7.888132598968581e-11,7.888132598968581e-11,6.708138202623835e-11
square__V_+0.0__t0_1.0,square,square,0.0,1.0,37,11,-8.068106429634978e-11,8.068106429634978e-11,8.17789582573083e-11
square__V_+0.0__t0_1.0,square,square,0.0,1.0,38,10,-9.492317146899474e-11,9.492317146899474e-11,8.259193668849855e-11
square__V_+0.0__t0_1.0,square,square,0.0,1.0,39,9,-1.0325189521668642e-10,1.0325189521668642e-10,7.349703714084313e-11
square__V_+0.0__t0_1.0,square,square,0.0,1.0,40,8,-9.732411487177554e-11,9.732411487177554e-11,3.838191336270132e-11
square__V_+0.0__t0_1.0,square,square,0.0,1.0,41,7,-1.205748704121345e-10,1.205748704121345e-10,5.823484074329416e-11
square__V_+0.0__t0_1.0,square,square,0.0,1.0,42,6,-1.460137172358393e-10,1.460137172358393e-10,6.349537194805252e-11
square__V_+0.0__t0_1.0,square,square,0.0,1.0,43,5,-1.7908320147440315e-10,1.7908320147440315e-10,2.3794672111282558e-11
square__V_+0.0__t0_1.0,square,square,0.0,1.0,44,4,-2.0225777385193845e-10,2.0225777385193845e-10,3.568850946950859e-11
square__V_+0.0__t0_1.0,square,square,0.0,1.0,45,3,-2.3331458964539767e-10,2.3331458964539767e-10,6.434870063217617e-11
square__V_+0.0__t0_1.0,square,square,0.0,1.0,46,2,-2.6179673000424383e-10,2.6179673000424383e-10,4.6175728126611346e-11
square__V_+0.0__t0_1.0,square,square,0.0,1.0,47,1,-2.829303129814453e-10,2.829303129814453e-10,0.0
square__V_+0.0__t0_1.2,square,square,0.0,1.2,1,47,0.05394759391117491,0.05394759391117491,0.006001319542042092
square__V_+0.0__t0_1.2,square,square,0.0,1.2,2,46,0.014892385146448197,0.014892385146448197,0.009862086114799171
square__V_+0.0__t0_1.2,square,square,0.0,1.2,3,45,0.006421016068973769,0.006421016068973769,0.005606725968684257
square__V_+0.0__t0_1.2,square,square,0.0,1.2,4,44,0.005419713805543805,0.005419713805543805,0.004879354173408633
square__V_+0.0__t0_1.2,square,square,0.0,1.2,5,43,0.004231015240821133,0.004231015240821133,0.0038641195853593015
square__V_+0.0__t0_1.2,square,square,0.0,1.2,6,42,0.00287254924587455,0.00287254924587455,0.0026390155477564138
square__V_+0.0__t0_1.2,square,square,0.0,1.2,7,41,0.0019214480731588475,0.0019214480731588475,0.0017902097189747836
square__V_+0.0__t0_1.2,square,square,0.0,1.2,8,40,0.001235716724476141,0.001235716724476141,0.0011840886932849588
square__V_+0.0__t0_1.2,square,square,0.0,1.2,9,39,0.0007569553773334983,0.0007569553773334983,0.0007523258804255175
square__V_+0.0__t0_1.2,square,square,0.0,1.2,10,38,0.000446203538579496,0.000446203538579496,0.0004614818031331049
square__V_+0.0__t0_1.2,square,square,0.0,1.2,11,37,0.0002552670942744998,0.0002552670942744998,0.0002706090050286391
square__V_+0.0__t0_1.2,square,square,0.0,1.2,12,36,0.00014365966999473274,0.00014365966999473274,0.00014941012370599968
square__V_+0.0__t0_1.2,square,square,0.0,1.2,13,35,8.073303681012011e-05,8.073303681012011e-05,7.640000366941814e-05
square__V_+0.0__t0_1.2,square,square,0.0,1.2,14,34,4.6103009940758295e-05,4.6103009940758295e-05,3.557520474471698e-05
square__V_+0.0__t0_1.2,square,square,0.0,1.2,15,33,2.7415595945600147e-05,2.7415595945600147e-05,1.55227042827412e-05
square__V_+0.0__t0_1.2,square,square,0.0,1.2,16,32,1.7289558119564667e-05,1.7289558119564667e-05,8.609876631409834e-06
square__V_+0.0__t0_1.2,square,square,0.0,1.2,17,31,1.1551969637140491e-05,1.1551969637140491e-05,7.242355160050022e-06
square__V_+0.0__t0_1.2,square,square,0.0,1.2,18,30,8.01955856107899e-06,8.01955856107899e-06,6.233475733841358e-06
square__V_+0.0__t0_1.2,square,square,0.0,1.2,19,29,5.636150561196508e-06,5.636150561196508e-06,4.907789075876897e-06
square__V_+0.0__t0_1.2,square,square,0.0,1.2,20,28,3.919433924232634e-06,3.919433924232634e-06,3.5922252106728265e-06
square__V_+0.0__t0_1.2,square,square,0.0,1.2,21,27,2.654334442769621e-06,2.654334442769621e-06,2.50262949457021e-06
square__V_+0.0__t0_1.2,square,square,0.0,1.2,22,26,1.7341525526883666e-06,1.7341525526883666e-06,1.6846521646254939e-06
square__V_+0.0__t0_1.2,square,square,0.0,1.2,23,25,1.0883514892814006e-06,1.0883514892814006e-06,1.1021713350971158e-06
square__V_+0.0__t0_1.2,square,square,0.0,1.2,24,24,6.563694331289635e-07,6.563694331289635e-07,7.004269254501394e-07
square__V_+0.0__t0_1.2,square,square,0.0,1.2,25,23,3.8271380510207144e-07,3.8271380510207144e-07,4.297068079769658e-07
square__V_+0.0__t0_1.2,square,square,0.0,1.2,26,22,2.1885764903508449e-07,2.1885764903508449e-07,2.5159546654841854e-07
square__V_+0.0__t0_1.2,square,square,0.0,1.2,27,21,1.2473285378043295e-07,1.2473285378043295e-07,1.38831035616814e-07
square__V_+0.0__t0_1.2,square,square,0.0,1.2,28,20,7.22577091510852e-08,7.22577091510852e-08,7.094617496739323e-08
square__V_+0.0__t0_1.2,square,square,0.0,1.2,29,19,4.322373221964463e-08,4.322373221964463e-08,3.294327703332054e-08
square__V_+0.0__t0_1.2,square,square,0.0,1.2,30,18,2.695375593057529e-08,2.695375593057529e-08,1.4719658270359411e-08
square__V_+0.0__t0_1.2,square,square,0.0,1.2,31,17,1.7546701295230997e-08,1.7546701295230997e-08,8.905115433797346e-09
square__V_+0.0__t0_1.2,square,square,0.0,1.2,32,16,1.1722002908556588e-08,1.1722002908556588e-08,7.523708822423353e-09
square__V_+0.0__t0_1.2,square,square,0.0,1.2,33,15,7.87938870771546e-09,7.87938870771546e-09,6.236042145793232e-09
square__V_+0.0__t0_1.2,square,square,0.0,1.2,34,14,5.184002406506648e-09,5.184002406506648e-09,4.65969537050972e-09
square__V_+0.0__t0_1.2,square,square,0.0,1.2,35,13,3.295645319524161e-09,3.295645319524161e-09,3.22075181766119e-09
square__V_+0.0__t0_1.2,square,square,0.0,1.2,36,12,1.9658370611735117e-09,1.9658370611735117e-09,2.04760634384603e-09
square__V_+0.0__t0_1.2,square,square,0.0,1.2,37,11,1.0718142280847368e-09,1.0718142280847368e-09,1.2185182104677788e-09
square__V_+0.0__t0_1.2,square,square,0.0,1.2,38,10,4.7150285707164e-10,4.749985353103719e-10,5.484831435865601e-10
square__V_+0.0__t0_1.2,square,square,0.0,1.2,39,9,1.435908865651572e-10,1.6430860121997365e-10,1.7141633889846004e-10
square__V_+0.0__t0_1.2,square,square,0.0,1.2,40,8,6.108656790508631e-11,9.279337417419984e-11,9.78829652223851e-11
square__V_+0.0__t0_1.2,square,square,0.0,1.2,41,7,5.459889197713481e-11,9.918078828089275e-11,1.0362445600740508e-10
square__V_+0.0__t0_1.2,square,square,0.0,1.2,42,6,3.4887094079293926e-11,1.04299150468802e-10,1.216035644632415e-10
square__V_+0.0__t0_1.2,square,square,0.0,1.2,43,5,4.795924341058593e-11,1.280895291002444e-10,1.45807789372039e-10
square__V_+0.0__t0_1.2,square,square,0.0,1.2,44,4,5.746604857904724e-11,1.7968944536842636e-10,1.9989329473737746e-10
square__V_+0.0__t0_1.2,square,square,0.0,1.2,45,3,1.7454521752380143e-10,1.833002024192186e-10,1.46005553968565e-10
square__V_+0.0__t0_1.2,square,square,0.0,1.2,46,2,2.716388564806077e-10,2.716388564806077e-10,5.337703654418315e-11
square__V_+0.0__t0_1.2,square,square,0.0,1.2,47,1,3.7382331906924527e-10,3.7382331906924527e-10,0.0
square__V_+0.0__t0_1.4,square,square,0.0,1.4,1,47,0.05091340288779642,0.05091340288779642,0.0025673734517063914
square__V_+0.0__t0_1.4,square,square,0.0,1.4,2,46,0.019705363534193353,0.019705363534193353,0.01327163541758354
square__V_+0.0__t0_1.4,square,square,0.0,1.4,3,45,0.01311279506387866,0.01311279506387866,0.010965588183759183
square__V_+0.0__t0_1.4,square,square,0.0,1.4,4,44,0.010343478413537919,0.010343478413537919,0.008799596468464451
square__V_+0.0__t0_1.4,square,square,0.0,1.4,5,43,0.008327468310062699,0.008327468310062699,0.007061091363885456
square__V_+0.0__t0_1.4,square,square,0.0,1.4,6,42,0.006414317070230842,0.006414317070230842,0.0054251568673513925
square__V_+0.0__t0_1.4,square,square,0.0,1.4,7,41,0.004747194511889964,0.004747194511889964,0.004019901615224596
square__V_+0.0__t0_1.4,square,square,0.0,1.4,8,40,0.003393349303159067,0.003393349303159067,0.002895182561861566
square__V_+0.0__t0_1.4,square,square,0.0,1.4,9,39,0.002345101804186707,0.002345101804186707,0.002026834045371494
square__V_+0.0__t0_1.4,square,square,0.0,1.4,10,38,0.0015723262079175876,0.0015723262079175876,0.0013742552148271166
square__V_+0.0__t0_1.4,square,square,0.0,1.4,11,37,0.001031894896246431,0.001031894896246431,0.000894996639487364
square__V_+0.0__t0_1.4,square,square,0.0,1.4,12,36,0.0006735370415853109,0.0006735370415853109,0.0005511523766517243
square__V_+0.0__t0_1.4,square,square,0.0,1.4,13,35,0.000445246299410594,0.000445246299410594,0.0003139163814816437
square__V_+0.0__t0_1.4,square,square,0.0,1.4,14,34,0.0003017688392958215,0.0003017688392958215,0.00016294338519160263
square__V_+0.0__t0_1.4,square,square,0.0,1.4,15,33,0.0002111819800751593,0.0002111819800751593,8.3852915980179e-05
square__V_+0.0__t0_1.4,square,square,0.0,1.4,16,32,0.00015288650928259705,0.00015288650928259705,6.151427020618751e-05
square__V_+0.0__t0_1.4,square,square,0.0,1.4,17,31,0.00011368682012507845,0.00011368682012507845,6.054998732291502e-05
square__V_+0.0__t0_1.4,square,square,0.0,1.4,18,30,8.576133047401285e-05,8.576133047401285e-05,5.739312108699204e-05
square__V_+0.0__t0_1.4,square,square,0.0,1.4,19,29,6.484343976230469e-05,6.484343976230469e-05,4.9812229327416096e-05
square__V_+0.0__t0_1.4,square,square,0.0,1.4,20,28,4.86704964953938e-05,4.86704964953938e-05,4.0284379453775004e-05
square__V_+0.0__t0_1.4,square,square,0.0,1.4,21,27,3.598641076147646e-05,3.598641076147646e-05,3.092626141418679e-05
square__V_+0.0__t0_1.4,square,square,0.0,1.4,22,26,2.6033727067077784e-05,2.6033727067077784e-05,2.285567894814137e-05
square__V_+0.0__t0_1.4,square,square,0.0,1.4,23,25,1.832617356148195e-05,1.832617356148195e-05,1.641091031093366e-05
square__V_+0.0__t0_1.4,square,square,0.0,1.4,24,24,1.252526676165004e-05,1.252526676165004e-05,1.1486271010662728e-05
square__V_+0.0__t0_1.4,square,square,0.0,1.4,25,23,8.343313154457878e-06,8.343313154457878e-06,7.811428652020854e-06
square__V_+0.0__t0_1.4,square,square,0.0,1.4,26,22,5.483286936692801e-06,5.483286936692801e-06,5.11048077397189e-06
square__V_+0.0__t0_1.4,square,square,0.0,1.4,27,21,3.629212273432089e-06,3.629212273432089e-06,3.161270963557925e-06
square__V_+0.0__t0_1.4,square,square,0.0,1.4,28,20,2.463026099816692e-06,2.463026099816692e-06,1.8145735519450934e-06
square__V_+0.0__t0_1.4,square,square,0.0,1.4,29,19,1.7286352800943295e-06,1.7286352800943295e-06,9.558800400432917e-07
square__V_+0.0__t0_1.4,square,square,0.0,1.4,30,18,1.2479833947191003e-06,1.2479833947191003e-06,5.101595062930606e-07
square__V_+0.0__t0_1.4,square,square,0.0,1.4,31,17,9.155600667631631e-07,9.155600667631631e-07,3.8139872163340677e-07
square__V_+0.0__t0_1.4,square,square,0.0,1.4,32,16,6.735213712127159e-07,6.735213712127159e-07,3.595094849988795e-07
square__V_+0.0__t0_1.4,square,square,0.0,1.4,33,15,4.904320497076969e-07,4.904320497076969e-07,3.2321253743224037e-07
square__V_+0.0__t0_1.4,square,square,0.0,1.4,34,14,3.502939381037105e-07,3.502939381037105e-07,2.6431596202916355e-07
square__V_+0.0__t0_1.4,square,square,0.0,1.4,35,13,2.442521816941504e-07,2.442521816941504e-07,1.9897060331669416e-07
square__V_+0.0__t0_1.4,square,square,0.0,1.4,36,12,1.6572092280362064e-07,1.6572092280362064e-07,1.3995578254613266e-07
square__V_+0.0__t0_1.4,square,square,0.0,1.4,37,11,1.0873127156945473e-07,1.0873127156945473e-07,9.282735818427062e-08
square__V_+0.0__t0_1.4,square,square,0.0,1.4,38,10,6.832105467633626e-08,6.832105467633626e-08,5.802209654093267e-08
square__V_+0.0__t0_1.4,square,square,0.0,1.4,39,9,4.087304019653094e-08,4.087304019653094e-08,3.369173083748165e-08
square__V_+0.0__t0_1.4,square,square,0.0,1.4,40,8,2.3663161912317763e-08,2.3663161912317763e-08,1.758680486689184e-08
square__V_+0.0__t0_1.4,square,square,0.0,1.4,41,7,1.426655218970279e-08,1.426655218970279e-08,7.159647362074508e-09
square__V_+0.0__t0_1.4,square,square,0.0,1.4,42,6,1.0766628245514953e-08,1.0766628245514953e-08,2.1038579059858346e-09
square__V_+0.0__t0_1.4,square,square,0.0,1.4,43,5,1.0447361766586265e-08,1.0447361766586265e-08,8.800376754822047e-10
square__V_+0.0__t0_1.4,square,square,0.0,1.4,44,4,1.1306716184637357e-08,1.1306716184637357e-08,7.342113539378226e-10
square__V_+0.0__t0_1.4,square,square,0.0,1.4,45,3,1.1811876152379381e-08,1.1811876152379381e-08,8.665904353646383e-10
square__V_+0.0__t0_1.4,square,square,0.0,1.4,46,2,1.1880663749089784e-08,1.1880663749089784e-08,1.2292739701171874e-09
square__V_+0.0__t0_1.4,square,square,0.0,1.4,47,1,1.2007535343507561e-08,1.2007535343507561e-08,0.0
