run_id,selection,filename,file_size_bytes,file_modified_utc,L_rungs,sites,U,V,t0,tp,target_density,chi,filename_geometry,stored_geometry,inferred_geometry,analysis_geometry,geometry_inference_residual,geometry_residual_cubic_frustrated,geometry_residual_cubic_unfrustrated,geometry_residual_square,inferred_prefactor_2tp2_over_Ep,inferred_Ep,local_pair_binding_energy_signed,local_pair_binding_energy_abs,local_pair_binding_chi,local_pair_binding_rel_diff,used_Ep_over_local_pair_binding_abs,used_mf_coupling_over_local_coupling,tp_over_local_pair_binding_abs,tp_below_local_pair_binding_abs,completed,period2_cycle_detected,alpha_iterations,beta_iterations,pair_iterations,mu_cdw_iterations,alpha_shape_valid,beta_shape_valid,arrays_finite,stored_U_matches_filename,stored_V_matches_filename,stored_t0_matches_filename,stored_tp_matches_filename,energy,energy_per_site,gap,mu,onsite_pair_order_param,dwave_order_param,cdw_order_param,plot_alpha_vs_last_measured_rel_l2,plot_alpha_vs_last_measured_max_abs,plot_beta_vs_last_measured_rel_l2,plot_beta_vs_last_measured_max_abs,alpha_current_max_abs,alpha_last_measured_max_abs,beta_current_max_abs,beta_last_measured_max_abs,alpha_current_last_jointly_below_5e3_fraction,alpha_current_closest_history_iteration,alpha_current_closest_history_lag,alpha_current_closest_history_rel_l2,beta_current_closest_history_iteration,beta_current_closest_history_lag,beta_current_closest_history_rel_l2,last_alpha_step_rel_l2,last_beta_step_rel_l2,alpha_best_lag_1_to_8,alpha_best_lag_rel_l2,beta_best_lag_1_to_8,beta_best_lag_rel_l2,density_measured,density_leg_imbalance_mean,density_leg_imbalance_rms,spin_rms,physical_cdw_qpi_full,physical_sdw_qpi_full,density_absolute_error,physical_cdw_vs_stored_abs_diff,plot_field_cdw_mean,plot_field_cdw_mean_abs,plot_field_cdw_rms,plot_field_cdw_max_abs,plot_field_sdw_mean,plot_field_sdw_mean_abs,plot_field_sdw_rms,plot_field_sdw_max_abs,plot_field_swave_mean,plot_field_swave_mean_abs,plot_field_swave_rms,plot_field_swave_max_abs,plot_field_extended_swave_mean,plot_field_extended_swave_mean_abs,plot_field_extended_swave_rms,plot_field_extended_swave_max_abs,plot_field_dwave_mean,plot_field_dwave_mean_abs,plot_field_dwave_rms,plot_field_dwave_max_abs,corr_field_cdw_mean,corr_field_cdw_mean_abs,corr_field_cdw_rms,corr_field_cdw_max_abs,corr_field_sdw_mean,corr_field_sdw_mean_abs,corr_field_sdw_rms,corr_field_sdw_max_abs,corr_field_swave_mean,corr_field_swave_mean_abs,corr_field_swave_rms,corr_field_swave_max_abs,corr_field_extended_swave_mean,corr_field_extended_swave_mean_abs,corr_field_extended_swave_rms,corr_field_extended_swave_max_abs,corr_field_dwave_mean,corr_field_dwave_mean_abs,corr_field_dwave_rms,corr_field_dwave_max_abs,plot_cdw_value,plot_cdw_kx_multiple,plot_cdw_kx_period,plot_cdw_kx_over_pi,plot_cdw_abs_kx_over_pi,plot_cdw_ky_multiple,plot_cdw_ky_period,plot_cdw_ky_over_pi,plot_cdw_peak_power_fraction,plot_sdw_value,plot_sdw_kx_multiple,plot_sdw_kx_period,plot_sdw_kx_over_pi,plot_sdw_abs_kx_over_pi,plot_sdw_ky_multiple,plot_sdw_ky_period,plot_sdw_ky_over_pi,plot_sdw_peak_power_fraction,plot_swave_value,plot_swave_kx_multiple,plot_swave_kx_period,plot_swave_kx_over_pi,plot_swave_abs_kx_over_pi,plot_swave_ky_multiple,plot_swave_ky_period,plot_swave_ky_over_pi,plot_swave_peak_power_fraction,plot_extended_swave_value,plot_extended_swave_kx_multiple,plot_extended_swave_kx_period,plot_extended_swave_kx_over_pi,plot_extended_swave_abs_kx_over_pi,plot_extended_swave_ky_multiple,plot_extended_swave_ky_period,plot_extended_swave_ky_over_pi,plot_extended_swave_peak_power_fraction,plot_dwave_value,plot_dwave_kx_multiple,plot_dwave_kx_period,plot_dwave_kx_over_pi,plot_dwave_abs_kx_over_pi,plot_dwave_ky_multiple,plot_dwave_ky_period,plot_dwave_ky_over_pi,plot_dwave_peak_power_fraction,plot_dominant_channel,plot_dominant_value,corr_cdw_value,corr_cdw_kx_multiple,corr_cdw_kx_period,corr_cdw_kx_over_pi,corr_cdw_abs_kx_over_pi,corr_cdw_ky_multiple,corr_cdw_ky_period,corr_cdw_ky_over_pi,corr_cdw_peak_power_fraction,corr_sdw_value,corr_sdw_kx_multiple,corr_sdw_kx_period,corr_sdw_kx_over_pi,corr_sdw_abs_kx_over_pi,corr_sdw_ky_multiple,corr_sdw_ky_period,corr_sdw_ky_over_pi,corr_sdw_peak_power_fraction,corr_swave_value,corr_swave_kx_multiple,corr_swave_kx_period,corr_swave_kx_over_pi,corr_swave_abs_kx_over_pi,corr_swave_ky_multiple,corr_swave_ky_period,corr_swave_ky_over_pi,corr_swave_peak_power_fraction,corr_extended_swave_value,corr_extended_swave_kx_multiple,corr_extended_swave_kx_period,corr_extended_swave_kx_over_pi,corr_extended_swave_abs_kx_over_pi,corr_extended_swave_ky_multiple,corr_extended_swave_ky_period,corr_extended_swave_ky_over_pi,corr_extended_swave_peak_power_fraction,corr_dwave_value,corr_dwave_kx_multiple,corr_dwave_kx_period,corr_dwave_kx_over_pi,corr_dwave_abs_kx_over_pi,corr_dwave_ky_multiple,corr_dwave_ky_period,corr_dwave_ky_over_pi,corr_dwave_peak_power_fraction,corr_dominant_channel,corr_dominant_value,recent10_cdw_mean,recent10_cdw_std,recent10_cdw_cv,recent10_cdw_relative_range,recent10_cdw_momentum_mode_fraction,recent10_sdw_mean,recent10_sdw_std,recent10_sdw_cv,recent10_sdw_relative_range,recent10_sdw_momentum_mode_fraction,recent10_swave_mean,recent10_swave_std,recent10_swave_cv,recent10_swave_relative_range,recent10_swave_momentum_mode_fraction,recent10_extended_swave_mean,recent10_extended_swave_std,recent10_extended_swave_cv,recent10_extended_swave_relative_range,recent10_extended_swave_momentum_mode_fraction,recent10_dwave_mean,recent10_dwave_std,recent10_dwave_cv,recent10_dwave_relative_range,recent10_dwave_momentum_mode_fraction,plot_mu_cdw_vs_last_measured_rel_l2,plot_mu_cdw_vs_last_measured_max_abs,has_D_rung_matrix,pair_matrix_symmetry_max_abs,pair_matrix_diagonal_mean,pair_structure_offdiag_per_rung,pair_corr_abs_r1,pair_corr_abs_r2,pair_corr_abs_r4,pair_corr_abs_r8,pair_corr_abs_r12,pair_corr_abs_r16,pair_corr_abs_r20,pair_corr_abs_r24,pair_exp_xi_4_20,pair_exp_r2_4_20,pair_exp_n_4_20,pair_power_eta_4_20,pair_power_r2_4_20,pair_power_n_4_20
no_explicit_geometry__V_-0.2__t0_1.0,no_explicit_geometry,results_L_64_U_8.0_V_-0.2_t0_1.0_t_p_0.1_chi_200_density_0.9375_gpu_nodamping.h5,72943653,2026-06-09T20:55:53.711604+00:00,64,128,8.0,-0.2,1.0,0.1,0.9375,200,,,cubic_frustrated,cubic_frustrated,2.233469038075399e-16,2.233469038075399e-16,0.7692775587573638,0.8331498616725884,0.1294397846121984,0.15451200000000004,-0.1545120066237189,0.1545120066237189,1000,1.620612322657248e-09,0.9999999571313648,1.000000042868637,0.6471988953164574,True,False,False,92,92,92,92,True,True,True,True,True,False,True,-218.9494171142578,-1.7105423212051392,,1.0054356904414439,,,,0.0,0.0,0.0,0.0,0.0011591110537231436,0.0011591110537231436,0.2395444749330059,0.2395444749330059,1.0,92,0,0.0,92,0,0.0,0.6708926236902675,0.37289542314375146,4,0.19926801181174403,2,0.0010958984401975894,0.9375509730591807,4.766332964943609e-08,1.3914221398206643e-05,0.5447817770427664,6.846473678517873e-06,5.8169486192791164e-06,5.097305918067008e-05,,0.36077687458889546,0.36077687458889546,0.36138549655979013,0.38769355400336214,-4.7222934414714385e-07,0.062436017808611854,0.06797102801488383,0.09139581590500492,2.608997733901791e-06,2.608997733901791e-06,4.7896309644615905e-06,1.4866274155999148e-05,7.433232176888224e-05,0.00010636230806793581,0.00014631095097085442,0.000464654045928963,-0.0006149788303552301,0.0006149788303552301,0.0008110531677967684,0.0018674414501771057,0.9290726074413235,0.9290726074413235,0.9306399307658112,0.9983895219625312,-1.2160850070439708e-06,0.4823556991822116,0.5251169386226393,0.7060486749895903,6.732138200391555e-06,7.1528160295188805e-06,1.2359630216760254e-05,3.854902116915494e-05,0.0006294161801722876,0.0006294161801722876,0.0008282642115520951,0.0020646816092253894,-0.0020220913861336435,0.0020220913861336435,0.002647091356017698,0.006421323526934851,0.009771580894731397,-3,54,-0.1111111111111111,0.1111111111111111,0,2,0.0,0.2172436955148575,0.04058058799698258,-25,54,-0.9259259259259259,0.9259259259259259,1,2,1.0,0.35644210047213704,2.6089977339017907e-06,0,54,0.0,0.0,0,2,0.0,0.29671759357495087,7.433232176888226e-05,0,53,0.0,0.0,,,,0.25810815726098724,0.0006149788303552301,0,53,0.0,0.0,,,,0.5749388851574103,sdw,0.04058058799698258,0.025163775120112284,-3,54,-0.1111111111111111,0.1111111111111111,0,2,0.0,0.21724369204119623,0.3135093906294885,-25,54,-0.9259259259259259,0.9259259259259259,1,2,1.0,0.35644214854261536,6.732138200391558e-06,0,54,0.0,0.0,0,2,0.0,0.296684659221732,0.0006294161801722876,0,53,0.0,0.0,,,,0.5774814167265983,0.002022091386133644,0,53,0.0,0.0,,,,0.5835306852359103,sdw,0.3135093906294885,0.009833799451098846,4.339446518765352e-05,0.004412787285671617,0.012092616513108941,1.0,0.04042386095710395,0.0001005329586499456,0.002486970721491122,0.007643184811223919,1.0,4.05791746806671e-06,1.1387038402971237e-06,0.2806128634350047,0.8700076305230577,1.0,9.421981377889492e-05,1.9649664218302157e-05,0.20855129542512052,0.8080744465820969,1.0,0.000765741121508023,0.0001666712019504394,0.2176599862133604,0.8451608755674055,1.0,0.0,0.0,False,,,,,,,,,,,,,,,,,
no_explicit_geometry__V_-0.2__t0_1.2,no_explicit_geometry,results_L_64_U_8.0_V_-0.2_t0_1.2_t_p_0.1_chi_200_density_0.9375_gpu_nodamping.h5,5958436,2026-06-15T20:01:04.016819+00:00,64,128,8.0,-0.2,1.2,0.1,0.9375,200,,,cubic_frustrated,cubic_frustrated,1.6135458077508536e-16,1.6135458077508536e-16,0.0008494561859265105,0.6030629698776856,0.09322705449121338,0.21452999999999997,-0.21453418655934797,0.21453418655934797,1000,8.818637944232346e-06,0.9999804853510056,1.0000195150298234,0.46612617598984096,True,True,False,7,7,7,7,True,True,True,True,True,True,True,-231.03289794921875,-1.8049445152282715,0.12990181492398278,1.0496625899146792,0.0008907379334030315,0.0837177773434171,1.2153759598731995e-07,0.0013511706965264273,3.188303547579929e-05,0.0006159456623922308,0.00019991517183212681,0.010553826032818207,0.010556969078405707,0.13827696411465068,0.13830242799457718,0.97705078125,6,1,0.0,6,1,0.0,0.00135201956859152,0.000616007377133339,1,0.00135201956859152,2,0.0004111967737042039,0.9370115179345394,-7.248527050252029e-07,3.3749115505701674e-06,0.0004937534987225788,1.3661845565948738e-07,2.1547745110992236e-06,0.0004884820654605937,1.5080859672167435e-08,0.2605992619045968,0.2605992619045968,0.2605996104365357,0.2610028312604155,1.700953534316376e-07,2.789516220434384e-05,3.5452271026553826e-05,7.83017908473349e-05,-0.0002487769757488493,0.0002487769757488493,0.00024880541128864106,0.00026186876912971495,-0.001145917889232343,0.001145917889232343,0.0011463785084795644,0.0012693511867762595,0.01909470754283356,0.01909470754283356,0.01909572019131564,0.019895955429683386,0.9319423828808591,0.9319423828808591,0.9319434239114022,0.9331392672968783,6.484990675082109e-07,0.0003316400011542514,0.00042370340386043863,0.0009571654038585953,-0.0008906716804801628,0.0008906716804801628,0.0008907704403449535,0.0009374690458169889,-0.022211408338639327,0.022211408338639327,0.022212737712339954,0.0231781416115264,0.0864448095747103,0.0864448095747103,0.08644903541151605,0.08997111612727206,0.0001548456040100214,1,54,0.037037037037037035,0.037037037037037035,0,2,0.0,0.13199324661155773,1.9496833882499494e-05,-25,54,-0.9259259259259259,0.9259259259259259,1,2,1.0,0.3024405793537691,0.0002487769757488494,0,54,0.0,0.0,0,2,0.0,0.9997714365236657,0.0011459178892323425,0,53,0.0,0.0,,,,0.9991965538353488,0.01909470754283356,0,53,0.0,0.0,,,,0.9998939425566056,dwave,0.01909470754283356,0.0005093554500756849,1,54,0.037037037037037035,0.037037037037037035,0,2,0.0,0.1337085385872691,0.00021734768876204136,25,54,0.9259259259259259,0.9259259259259259,1,2,1.0,0.2631395615713923,0.000890671680480163,0,54,0.0,0.0,0,2,0.0,0.9997782719642309,0.02221140833863933,0,53,0.0,0.0,,,,0.9998803088625919,0.08644480957471029,0,53,0.0,0.0,,,,0.9999022375784505,dwave,0.08644480957471029,0.0004248510544432368,0.00040485144944630593,0.9529256081919341,2.5712030948084865,0.42857142857142855,1.1140229114025866e-05,6.300470808746039e-06,0.5655602541256146,1.43745248942902,0.5714285714285714,0.0002378244600908597,2.648518950524951e-05,0.11136444710157639,0.320193720938046,1.0,0.0010950610943065895,0.00010835878913196199,0.09895227736181837,0.2882371005205452,1.0,0.017773557241644842,0.0025719992732942975,0.1447093138602497,0.42343520465181667,1.0,0.006700740042128199,0.00019999910266684136,True,9.298117831235686e-16,1.2792017699153029,0.8518848181363718,0.06391029305829389,0.0230479113649781,0.015972112709496417,0.013015452250620323,0.011990918452312172,0.01181150792887375,0.011769138355948141,0.011751381207731323,59.75240317914997,0.7385339643289224,17,0.19146760791808853,0.896285158121095,17
no_explicit_geometry__V_-0.2__t0_1.4,no_explicit_geometry,results_L_64_U_8.0_V_-0.2_t0_1.4_t_p_0.1_chi_200_density_0.9375_gpu_nodamping.h5,5958436,2026-06-15T20:01:04.995656+00:00,64,128,8.0,-0.2,1.4,0.1,0.9375,200,,,cubic_frustrated,cubic_frustrated,1.464817225944845e-16,1.464817225944845e-16,0.0002897563580095122,0.5984461250010856,0.09671179883945843,0.20679999999999998,-0.2068002629740704,0.2068002629740704,1000,6.942896089779351e-06,0.9999987283668472,1.00000127163477,0.4835583792876438,True,True,False,7,7,7,7,True,True,True,True,True,True,True,-242.45835876464844,-1.894205927848816,0.1337575056616913,1.0642527904056198,0.002367982289805486,-0.10461628455357941,5.8673322200775146e-08,0.0004684944180859416,1.392434628485345e-05,0.00023850209163153732,5.2446877652767565e-05,0.012904024845825177,0.012892497618027394,0.1432863983764294,0.1432891348102614,0.97705078125,6,1,0.0,6,1,0.0,0.0004683765253228311,0.00023851747282848122,1,0.0004683765253228311,1,0.00023851747282848122,0.9368284315765708,7.399705587701061e-07,2.8869217493128273e-06,0.00012745123273246538,6.055231924206872e-08,1.534033480491033e-07,0.0006715684234291919,1.878997041293573e-09,0.2705875777803397,0.2705875777803397,0.27058767800742095,0.2707690042620175,-3.3052705291626006e-08,7.835373278509972e-06,1.0061574644829661e-05,2.553010379910403e-05,0.0006867916981415025,0.0006867916981415025,0.0006867970071650592,0.0006983554613605568,0.00018214034028585013,0.00018214034028585013,0.0001836550481101678,0.0002639900088033092,-0.02490523220337134,0.02490523220337134,0.02490544002643568,0.025428772016266463,0.9327327334315592,0.9327327334315592,0.9327330459903859,0.9332205998634151,-9.829229472373495e-08,9.924358477667501e-05,0.00012156769114289264,0.000273317980643506,0.002367361613930409,0.002367361613930409,0.002367380678671536,0.002407467849880221,0.022239798896521987,0.022239798896521987,0.022240246793375426,0.02303958245292826,-0.10743247168166525,0.10743247168166525,0.10743333222954729,0.1097366152126294,7.544213554510144e-05,1,54,0.037037037037037035,0.037037037037037035,0,2,0.0,0.1049312708054542,5.187283471407563e-06,-25,54,-0.9259259259259259,0.9259259259259259,1,2,1.0,0.26579576468714916,0.0006867916981415024,0,54,0.0,0.0,0,2,0.0,0.9999845398189517,0.00018214034028585013,0,53,0.0,0.0,,,,0.9835728828518139,0.024905232203371337,0,53,0.0,0.0,,,,0.9999833111001426,dwave,0.024905232203371337,0.00025990201373745015,1,54,0.037037037037037035,0.037037037037037035,0,2,0.0,0.11585111941348684,6.325864763780255e-05,-23,54,-0.8518518518518519,0.8518518518518519,1,2,1.0,0.27077182331257593,0.0023673616139304084,0,54,0.0,0.0,0,2,0.0,0.9999838938751732,0.022239798896521987,0,53,0.0,0.0,,,,0.9999597223585237,0.10743247168166525,0,53,0.0,0.0,,,,0.999983979935879,dwave,0.10743247168166525,0.00033891012046539205,0.00036631104818433307,1.0808501312422125,2.783959624722789,0.5714285714285714,4.592491811283979e-06,1.037931525541627e-06,0.2260061788224375,0.7011141127503,0.42857142857142855,0.0006379527569735758,0.00010065023255202627,0.15777066789319513,0.45998172521208414,1.0,0.00017133469553325356,2.3769949654059053e-05,0.13873401169610539,0.4041141298152291,1.0,0.023203651050935477,0.0034025646677268684,0.14663919312774232,0.4275367983689,1.0,0.002347555735792426,5.261810420790873e-05,True,1.2490009027033011e-15,1.4542239253493383,1.133316098856259,0.06105044755076492,0.027407704961139055,0.02076205560092253,0.01761105723259376,0.016904914230055513,0.016810059183826415,0.016792768733868316,0.016786712686815246,97.1262848258875,0.6535323302510241,17,0.12080484972505771,0.8342260072336732,17
no_explicit_geometry__V_-0.2__t0_1.6,no_explicit_geometry,results_L_64_U_8.0_V_-0.2_t0_1.6_t_p_0.1_chi_200_density_0.9375_gpu_nodamping.h5,9112356,2026-06-23T16:12:14.912999+00:00,64,128,8.0,-0.2,1.6,0.1,0.9375,200,,,cubic_frustrated,cubic_frustrated,2.1620779817704208e-16,2.1620779817704208e-16,0.0022472775854978397,0.5925984258042275,0.26813245743397246,0.07458999999999999,-0.07459279392128337,0.07459279392128337,1000,7.427757428173563e-06,0.9999625443539985,1.0000374570489796,1.3406120717978263,False,True,False,11,11,11,11,True,True,True,True,True,True,True,-247.47088623046875,-1.933366298675537,0.18993385721142886,1.0415845866684017,0.005122078666323398,-0.12397140638448426,6.891787052154541e-08,0.0019164026433422913,0.00020346032102658979,0.0011926213589734354,0.0008875021797549176,0.04381307553394844,0.04377208906313788,0.39266045894402024,0.3927063533955728,0.9296875,10,1,0.0,10,1,0.0,0.0019170267547890586,0.0011925164156712633,2,0.0009286110794812764,2,0.0004752122682554992,0.9366899914615406,2.2279618423770575e-07,3.6077138852681533e-06,0.0016313097141802326,1.0252910481733934e-07,1.2319807703563973e-06,0.0008100085384593614,3.3611234295793935e-08,0.7522073264823818,0.7522073264823818,0.7522073293795831,0.7523759038293412,-3.3776340199742627e-07,0.000320170688393761,0.00035971610373743146,0.000610584089529076,0.004123000009366905,0.004123000009366905,0.004123003032984156,0.004128165270291419,-0.0016772924693950909,0.0016772924693950909,0.0016778863728834827,0.0018111414884187105,-0.08102018515176253,0.08102018515176253,0.0810202052023524,0.08109025308297657,0.934882624609709,0.934882624609709,0.934882630579897,0.9352911292721019,-1.5599058219408604e-07,0.0015874779477597623,0.001750504205094507,0.0029221109367295606,0.0051225483384096625,0.0051225483384096625,0.005122551932350953,0.005128631522116903,0.022573532433809967,0.022573532433809967,0.022573563615700364,0.022592097381237325,-0.12544723781161424,0.12544723781161424,0.12544726656194108,0.12552394465577185,3.450187612529019e-05,4,54,0.14814814814814814,0.14814814814814814,0,2,0.0,0.2731109865155173,0.0001716790587505301,-26,54,-0.9629629629629629,0.9629629629629629,1,2,1.0,0.22777963133511692,0.004123000009366904,0,54,0.0,0.0,0,2,0.0,0.9999985332942428,0.0016772924693950909,0,53,0.0,0.0,,,,0.9992922066843664,0.08102018515176253,0,53,0.0,0.0,,,,0.9999995050472331,dwave,0.08102018515176253,4.465509247910478e-05,4,54,0.14814814814814814,0.14814814814814814,0,2,0.0,0.17863513684711738,0.0008544548825777725,-26,54,-0.9629629629629629,0.9629629629629629,1,2,1.0,0.2382604484336463,0.0051225483384096625,0,54,0.0,0.0,0,2,0.0,0.999998596816557,0.022573532433809964,0,53,0.0,0.0,,,,0.9999972373109195,0.12544723781161424,0,53,0.0,0.0,,,,0.9999995416349144,dwave,0.12544723781161424,0.0011850174658120179,0.0015732495385488222,1.3276171735331963,4.2300523185661065,1.0,9.183186791403687e-05,6.568201824919426e-05,0.7152421021281926,2.281052119008921,0.9,0.003999498594553371,0.0002559286263216127,0.06399017783632764,0.21476122859046812,1.0,0.0017376757503822435,9.035526286153801e-05,0.051997769343136775,0.16534562096988742,1.0,0.07916181987940482,0.004146080818314245,0.052374753696041706,0.17723647763094885,1.0,0.015771281522269993,0.0008881483629060195,True,9.228728892196614e-16,1.5714636537443742,1.4237212707395845,0.05628894864211237,0.02851195997903223,0.023228115772472968,0.02196072608611494,0.021919438665637715,0.02191843836256557,0.021918007321408205,0.02191808342403527,537.4400746664504,0.3900544489555289,17,0.023469136474788835,0.575378865660936,17
no_explicit_geometry__V_-0.4__t0_1.0,no_explicit_geometry,results_L_64_U_8.0_V_-0.4_t0_1.0_t_p_0.1_chi_200_density_0.9375_gpu_nodamping.h5,118675493,2026-06-09T20:55:27.494490+00:00,64,128,8.0,-0.4,1.0,0.1,0.9375,200,,,cubic_frustrated,cubic_frustrated,0.0,0.0,0.7311708384047996,0.8168845098405081,0.11183968452261792,0.1788274,-0.17882744409052975,0.17882744409052975,1000,3.375464676589242e-09,0.9999997534465139,1.000000246553547,0.559198284740769,True,False,False,150,150,150,150,True,True,True,True,True,False,True,-184.43905639648438,-1.4409301280975342,,0.4460667119269244,,,,0.0,0.0,0.0,0.0,8.427255278806299e-05,8.427255278806299e-05,0.20572298208947684,0.20572298208947684,1.0,150,0,0.0,150,0,0.0,0.6282691613276487,0.3593219670855178,2,0.33945699743774926,2,0.0006929587831256476,0.9374943960020797,-8.58867866489893e-07,8.745214095404933e-06,0.5239445239700836,0.00010245513574777543,9.959408244931273e-07,5.603997920267112e-06,,0.3124414500615757,0.3124414500615757,0.31293896098499563,0.3343558521526083,-1.1924388868041254e-07,0.052402589063274344,0.05723154090967006,0.07608175639436238,0.0,0.0,0.0,0.0,-7.54710486958237e-06,9.971324624004796e-06,1.2666172130036716e-05,3.539652213183969e-05,5.6601766473285085e-05,5.6601766473285085e-05,6.754170817999727e-05,0.000146006422871257,0.9312182027790242,0.9312182027790242,0.9327010125370221,0.9965344670376248,-3.554012429763243e-07,0.4685509377726892,0.5117283620922137,0.6802668045753619,-4.833858542368713e-07,6.789427146144529e-07,9.456114129111553e-07,2.805129450448341e-06,-6.953099041229182e-05,6.953099041229182e-05,8.216333152137343e-05,0.00017132655468995702,0.00021598806630142333,0.00021598806630142333,0.00025494681340845537,0.0005402959749554202,0.009924534836249277,-4,54,-0.14814814814814814,0.14814814814814814,0,2,0.0,0.3165726755802736,0.038118659423496265,25,54,0.9259259259259259,0.9259259259259259,1,2,1.0,0.44361309679905625,0.0,-27,54,-1.0,1.0,0,2,0.0,0.0,7.547104869582368e-06,0,53,0.0,0.0,,,,0.3550340429806948,5.660176647328506e-05,0,53,0.0,0.0,,,,0.7022890391287696,sdw,0.038118659423496265,0.029579646016264716,-4,54,-0.14814814814814814,0.14814814814814814,0,2,0.0,0.316572673539308,0.3408330378094667,-25,54,-0.9259259259259259,0.9259259259259259,1,2,1.0,0.44361313295066684,4.833858542368713e-07,0,54,0.0,0.0,0,2,0.0,0.2613138711853089,6.953099041229182e-05,0,53,0.0,0.0,,,,0.7161446472116219,0.00021598806630142336,0,53,0.0,0.0,,,,0.7177287391373223,sdw,0.3408330378094667,0.009970364246009415,2.860995713388957e-05,0.002869499692084023,0.008601958486400803,1.0,0.038170730562988656,3.3339819222020394e-05,0.000873439379605366,0.0027253258594107477,1.0,3.7342678416193355e-07,5.185022091931239e-07,1.3884976417981834,4.929624253536537,0.7,2.3930245672711537e-05,1.7414234348544246e-05,0.7277081308196631,2.43109963300677,1.0,0.00019096085572811,0.0001381147396103307,0.7232620480449585,2.3922781688847983,1.0,0.0,0.0,False,,,,,,,,,,,,,,,,,
no_explicit_geometry__V_-0.4__t0_1.2,no_explicit_geometry,results_L_64_U_8.0_V_-0.4_t0_1.2_t_p_0.1_chi_200_density_0.9375_gpu_nodamping.h5,5169956,2026-06-15T20:01:05.936955+00:00,64,128,8.0,-0.4,1.2,0.1,0.9375,200,,,cubic_frustrated,cubic_frustrated,0.0,0.0,0.0004029475593525825,0.6070981373754712,0.07960329538538106,0.25124588,-0.25124588461187614,0.25124588461187614,1000,4.534212581696138e-06,0.9999999816439733,1.000000018356027,0.3980164696209042,True,True,False,6,6,6,6,True,True,True,True,True,True,True,-197.7503204345703,-1.5449243783950806,0.09051365112588883,0.49823064297988773,0.0009168569293791391,0.09056303865999607,1.62515789270401e-07,0.0009509933576161765,2.3914332897253046e-05,0.00045588967601498565,0.0001012619496623679,0.009519722150843228,0.009531587405202652,0.11627718657110961,0.1162420087566313,0.976806640625,5,1,0.0,5,1,0.0,0.0009512847604328904,0.000455835458588395,1,0.0009512847604328904,1,0.000455835458588395,0.9368424866068945,-7.361071785848966e-07,2.4257561487272437e-06,0.00015119205049056206,1.8083412339775506e-07,7.513602750114368e-07,0.0006575133931054911,1.8318334127354063e-08,0.22307738600810328,0.22307738600810328,0.22307754273534275,0.22325327482914087,1.9143178305075196e-07,9.01453068700202e-06,1.1161944041995066e-05,2.468068721375727e-05,-0.00021919272404874,0.00021919272404874,0.00021919789505837493,0.00022431213434083796,-0.0010747665418011873,0.0010747665418011873,0.0010749331725485474,0.0011516685296189787,0.017224303122055792,0.017224303122055792,0.017224519220548684,0.017594951655795794,0.9339303646641075,0.9339303646641075,0.9339310692549704,0.9348570886032643,3.100756128907137e-07,0.00013257143040514574,0.00015719134707793857,0.0003118934839754228,-0.0009171450376424153,0.0009171450376424153,0.0009171691366894169,0.0009397005326536867,-0.023656835110500186,0.023656835110500186,0.023657344684451447,0.02434795752418146,0.09128605255278607,0.09128605255278607,0.0912873112672294,0.09332580593997203,0.00010258352877580455,2,54,0.07407407407407407,0.07407407407407407,0,2,0.0,0.15049604584987952,4.6212297143985035e-06,25,54,0.9259259259259259,0.9259259259259259,1,2,1.0,0.17140971486365567,0.00021919272404874,0,54,0.0,0.0,0,2,0.0,0.9999528193585987,0.0010747665418011875,0,53,0.0,0.0,,,,0.9996899940638467,0.017224303122055792,0,53,0.0,0.0,,,,0.9999749081951679,dwave,0.017224303122055792,0.00039322381472458424,1,54,0.037037037037037035,0.037037037037037035,0,2,0.0,0.11748920409729757,8.325345748070395e-05,-26,54,-0.9629629629629629,0.9629629629629629,1,2,1.0,0.28050931379860994,0.0009171450376424151,0,54,0.0,0.0,0,2,0.0,0.9999474497572354,0.02365683511050018,0,53,0.0,0.0,,,,0.999956920908073,0.09128605255278605,0,53,0.0,0.0,,,,0.999972423204321,dwave,0.09128605255278605,0.0003138700701416437,0.0003004877033282752,0.9573633548196255,2.6501760862189703,0.5,6.202904623377054e-06,2.147906358392754e-06,0.34627428419548506,0.8749446116629302,0.5,0.00020835003379932507,2.357380872598035e-05,0.11314521191144014,0.3050299398540771,1.0,0.0010214510096673045,0.00010366798704078398,0.10149090466369948,0.2778432415061023,1.0,0.015950201981378326,0.0022935176670900986,0.14379239020093623,0.3968877817983355,1.0,0.004563231734378652,0.00010121449811225855,True,1.4155343563970746e-15,1.2908028983325899,0.9736021666410153,0.06519403050083125,0.024454787964711056,0.017343587868658514,0.014472156785786916,0.013459642944405601,0.013258690672768598,0.013212457492257083,0.013195761882752939,67.09628569067102,0.7466669054685424,17,0.17014603833333614,0.9022811807884109,17
no_explicit_geometry__V_-0.4__t0_1.4,no_explicit_geometry,results_L_64_U_8.0_V_-0.4_t0_1.4_t_p_0.1_chi_200_density_0.9375_gpu_nodamping.h5,5169956,2026-06-15T20:01:06.202577+00:00,64,128,8.0,-0.4,1.4,0.1,0.9375,200,,,cubic_frustrated,cubic_frustrated,1.783180883718526e-16,1.783180883718526e-16,0.00023122407659704873,0.6003236463963796,0.08012178511337235,0.24961999999999995,-0.24962435880865996,0.24962435880865996,1000,8.830314012699676e-06,0.9999825385283679,1.0000174617765403,0.40060193034547237,True,True,False,6,6,6,6,True,True,True,True,True,True,True,-209.84869384765625,-1.6394429206848145,0.1597608261013761,0.5183044974505279,0.002506856933039779,-0.11006317370014262,2.0908191800117493e-07,0.0006369060726638174,1.4978834564824059e-05,0.0002759142594624076,5.0274859782512005e-05,0.010953814067516842,0.01096029685762312,0.1167069709076055,0.11669374428058922,0.976806640625,5,1,0.0,5,1,0.0,0.0006371373528047268,0.0002758940479588489,1,0.0006371373528047268,1,0.0002758940479588489,0.9361751748363157,-2.457654044146079e-07,2.925524543059103e-06,9.135519449944331e-05,2.1791228424494768e-07,6.436511271377086e-07,0.0013248251636842623,8.830366243772758e-09,0.22460272584671376,0.22460272584671376,0.22460276849010943,0.22467577645884845,-2.8810670572505443e-09,8.634474459867905e-06,1.0521293607954503e-05,2.3601425189853642e-05,0.0006024595702355662,0.0006024595702355662,0.0006024603818828187,0.0006037181321383642,0.0002442940592051325,0.0002442940592051325,0.00024449990496171653,0.00030302700266705493,-0.021231178816438042,0.021231178816438042,0.021231198547406956,0.021317862451692083,0.9343105420685968,0.9343105420685968,0.9343107057978426,0.9347320057053756,-1.698243118044809e-08,8.214191720439226e-05,9.834191312610918e-05,0.00022530197944647945,0.0025064214198395516,0.0025064214198395516,0.002506424827928167,0.0025114168105670118,0.023359156588357077,0.023359156588357077,0.023359268618830652,0.023767699688672816,-0.1106972767066826,0.1106972767066826,0.11069742794435083,0.11121031028921705,4.48084845828619e-05,2,54,0.07407407407407407,0.07407407407407407,0,2,0.0,0.10481505654799575,4.50857249997313e-06,-27,54,-1.0,1.0,1,2,1.0,0.18362839361144997,0.0006024595702355662,0,54,0.0,0.0,0,2,0.0,0.9999973055599002,0.0002442940592051325,0,53,0.0,0.0,,,,0.9983168982801572,0.021231178816438042,0,53,0.0,0.0,,,,0.9999981413239856,dwave,0.021231178816438042,0.00017000115059301766,4,54,0.14814814814814814,0.14814814814814814,0,2,0.0,0.09446179129275926,3.4730808938753556e-05,26,54,0.9629629629629629,0.9629629629629629,1,2,1.0,0.12472470697778984,0.002506421419839551,0,54,0.0,0.0,0,2,0.0,0.9999972805198378,0.023359156588357088,0,53,0.0,0.0,,,,0.9999904080725509,0.1106972767066826,0,53,0.0,0.0,,,,0.9999972675505161,dwave,0.1106972767066826,0.00026056342311495383,0.0003212117523490401,1.2327584144737376,3.455324289978229,0.5,3.475059709446742e-06,7.347045578689423e-07,0.21142213927193595,0.5448807536388751,0.5,0.000555700860889999,8.892330640595347e-05,0.1600200983376843,0.4393706432150938,1.0,0.00022736418447922915,3.346706456923431e-05,0.14719585077082223,0.40287445393259624,1.0,0.01964225860002224,0.0029829825881391783,0.151865559296516,0.4176337409276509,1.0,0.002814326198635027,5.039245346285734e-05,True,8.881784197001252e-16,1.4612909336108713,1.2496238882994648,0.06232306837077425,0.02861423834248245,0.02193279372870149,0.01887083141849267,0.018123445276064912,0.01800445652863176,0.01798253862900086,0.017976519536061945,102.26374906843924,0.6724441402627157,17,0.11412944023053895,0.8493161134407542,17
no_explicit_geometry__V_-0.4__t0_1.6,no_explicit_geometry,results_L_64_U_8.0_V_-0.4_t0_1.6_t_p_0.1_chi_200_density_0.9375_gpu_nodamping.h5,7535396,2026-06-23T16:12:23.127380+00:00,64,128,8.0,-0.4,1.6,0.1,0.9375,200,,,cubic_frustrated,cubic_frustrated,0.0,0.0,0.00018058208170056327,0.5930264402103081,0.17897732357310334,0.111746,-0.11174661412593423,0.11174661412593423,1000,7.686452418930094e-06,0.9999945042994006,1.0000054957308022,0.8948816998365943,True,True,False,9,9,9,9,True,True,True,True,True,True,True,-218.86683654785156,-1.7098971605300903,0.16689706176964592,0.5153931605629519,0.004983524525985611,-0.1210330934771533,5.681067705154419e-08,0.0011389882309497381,5.486494863741337e-05,0.0004524202189103945,0.00014427595952903882,0.030284429191070394,0.030244449096903818,0.2582695896672354,0.2583089538918662,0.9306640625,8,1,0.0,8,1,0.0,0.0011382046175376196,0.0004524628314550008,1,0.0011382046175376196,1,0.0004524628314550008,0.9359751800131986,-3.2588246230008666e-08,3.5096268790625534e-06,8.97175699445566e-05,4.456465907409779e-08,3.2049209714671983e-07,0.001524819986801429,1.22460179774464e-08,0.5021435447739022,0.5021435447739022,0.5021435550058362,0.502468880044245,3.234821591044276e-08,1.6396928301157962e-05,1.9624295616312144e-05,4.8303161553187035e-05,0.002677529997863725,0.002677529997863725,0.00267753392483721,0.0026809516166074123,-0.0010873969580668837,0.0010873969580668837,0.001087532042219897,0.0011894609069721812,-0.05236648606964869,0.05236648606964869,0.05236651447617836,0.05242139016088469,0.9353368067903327,0.9353368067903327,0.9353368159387405,0.9358674186931507,2.9939264721711034e-08,6.584925844812866e-05,8.283546979371692e-05,0.0002321195643740781,0.0049842984146685,0.0049842984146685,0.004984305488182771,0.004991044550240994,0.021829045303439418,0.021829045303439418,0.02182911705209027,0.021903195166003385,-0.12131287483616338,0.12131287483616338,0.12131292411326172,0.12141216141467905,4.370083611881619e-05,1,54,0.037037037037037035,0.037037037037037035,0,2,0.0,0.18585056111780368,7.953018296266547e-06,24,54,0.8888888888888888,0.8888888888888888,1,2,1.0,0.1642388170805175,0.0026775299978637254,0,54,0.0,0.0,0,2,0.0,0.9999970667257891,0.0010873969580668837,0,53,0.0,0.0,,,,0.9997515921218746,0.05236648606964868,0,53,0.0,0.0,,,,0.9999989150883063,dwave,0.05236648606964868,5.25591066482359e-05,4,54,0.14814814814814814,0.14814814814814814,0,2,0.0,0.1614181675650623,2.772184277619039e-05,20,54,0.7407407407407407,0.7407407407407407,1,2,1.0,0.11199832121298937,0.0049842984146685,0,54,0.0,0.0,0,2,0.0,0.9999971616871126,0.021829045303439418,0,53,0.0,0.0,,,,0.9999934263458505,0.12131287483616339,0,53,0.0,0.0,,,,0.9999991876036507,dwave,0.12131287483616339,0.0009015303597451611,0.0011574746017074804,1.2838997480181011,3.5839840416570934,0.4444444444444444,6.4135933684441565e-06,1.6381588032465128e-06,0.2554198105708573,0.879661029691222,0.4444444444444444,0.0024392345832250583,0.0005023447012724671,0.20594357948479358,0.6651899627555706,1.0,0.0010745460432588737,9.681110547596506e-05,0.09009488805370983,0.3281106214179219,1.0,0.04816055349258218,0.009111741706148483,0.1891951201838222,0.61070208244091,1.0,0.0038032376613419097,0.00014420839906103752,True,6.938893903907228e-16,1.570580556287931,1.3674578038929588,0.05537700468130516,0.027582660000180746,0.022258957947245035,0.020596645768295795,0.020503168464022798,0.02049749521308552,0.020496417451204774,0.02049723264260797,347.01678055958365,0.4422917996250585,17,0.035817163583156265,0.6335291116218058,17
no_explicit_geometry__V_+0.0__t0_0.8,no_explicit_geometry,results_L_64_U_8.0_V_0.0_t0_0.8_t_p_0.1_chi_200_density_0.9375_gpu_nodamping.h5,33522196,2026-06-09T20:56:08.783582+00:00,64,128,8.0,0.0,0.8,0.1,0.9375,200,,,cubic_frustrated,cubic_frustrated,0.0,0.0,0.3794543255874586,0.6289899481732042,0.2460720745106242,0.081277,-0.08127700914923253,0.08127700914923253,1000,2.1660167661530264e-09,0.9999998874314813,1.0000001125685314,1.2303602340532762,False,True,False,42,42,42,42,True,True,True,True,True,True,True,-234.38059997558594,-1.8310984373092651,0.0483954626052423,1.3270941520287411,6.20625803883461e-08,1.913792938575724e-07,0.0003972956910729408,1.0924387486433054,2.6332671919478916e-05,1.1908450651375986,0.6569801342608756,1.0080476471616043e-05,2.6332671919478916e-05,0.6974165357424555,0.6974024178651514,1.0,41,1,0.0,41,1,0.0,2.3698969596114057,1.1908672340481607,2,0.9940297090622636,2,0.0005078641569412954,0.9375077204338419,-0.012147514463113598,0.03506003704255507,0.7660456869146969,0.00039725939654541853,0.7049249616041152,7.72043384189569e-06,3.6294527522295894e-08,0.6967166100890891,0.6967166100890891,0.6985153494774636,0.7378468160481885,6.22476676836397e-07,0.5569586107107081,0.5750834827472813,0.6569862554367226,-1.0959020664455355e-08,1.0959020664455355e-08,1.1388948355220346e-07,1.1835742317611783e-06,3.123569748045096e-07,1.147305963367406e-06,2.07961636870094e-06,8.323679120998039e-06,2.6991398362062767e-07,1.100796185148723e-06,2.016149608084238e-06,8.323679120998039e-06,0.9438012695748518,0.9438012695748518,0.9462362005636785,0.9995248181887483,8.363670623691267e-07,0.7545238895700161,0.7790403024224629,0.8900023089697701,6.519549273996836e-08,5.630958333433846e-07,7.389733078860042e-07,2.3829078697079126e-06,-2.0717772552615112e-07,2.3225069810525034e-06,3.05263019766535e-06,9.729221685741265e-06,2.1523672418239427e-07,2.7185026165113598e-06,3.568880986633956e-06,1.1877706889348233e-05,0.027644015070217732,-3,54,-0.1111111111111111,0.1111111111111111,0,2,0.0,0.3045001994924357,0.5569586107107082,-27,54,-1.0,1.0,0,2,0.0,0.9379594361063667,1.0959020664455357e-08,-11,54,-0.4074074074074074,0.4074074074074074,0,2,0.0,0.009259259259259262,6.238501047584959e-07,-4,53,-0.1509433962264151,0.1509433962264151,,,,0.08998995827843441,5.523372582867909e-07,-4,53,-0.1509433962264151,0.1509433962264151,,,,0.07505215524468899,sdw,0.5569586107107082,0.03743734082468904,-3,54,-0.1111111111111111,0.1111111111111111,0,2,0.0,0.3045460109676065,0.7545238895700161,-27,54,-1.0,1.0,0,2,0.0,0.9380503247586394,1.2818314986036357e-07,10,54,0.37037037037037035,0.37037037037037035,0,2,0.0,0.030088765890562526,1.2607499222742548e-06,25,53,0.9433962264150944,0.9433962264150944,,,,0.17057269369615197,1.2770198036013038e-06,25,53,0.9433962264150944,0.9433962264150944,,,,0.12803571566035343,sdw,0.7545238895700161,0.02766607808801027,2.357412653786992e-05,0.0008520949902214839,0.002873141592826047,1.0,0.5567941183682741,0.0001674626324669391,0.000300762215229034,0.0009548270126223143,1.0,7.314359822829406e-08,1.461243827095875e-07,1.9977740533560784,6.931741849056809,0.4,1.4228057776472541e-06,1.6782894385895225e-06,1.1795632720614442,4.126998440835192,0.4,1.418560386483202e-06,1.6909990772133343e-06,1.1920529385467642,4.149505657217834,0.5,1.985224482801989,0.6569786061921095,False,,,,,,,,,,,,,,,,,
no_explicit_geometry__V_+0.0__t0_1.0,no_explicit_geometry,results_L_64_U_8.0_V_0.0_t0_1.0_t_p_0.1_chi_200_density_0.9375_gpu_nodamping.h5,191580692,2026-06-09T20:55:12.341036+00:00,64,128,8.0,0.0,1.0,0.1,0.9375,200,,,cubic_frustrated,cubic_frustrated,0.0,0.0,0.7938992758784813,0.8427635008215127,0.1509237590520298,0.13251724,-0.13251724,0.13251724,1000,6.081926095271969e-10,1.0,1.0,0.7546187952601487,True,True,False,243,243,243,35,True,True,True,True,True,True,True,-253.0928955078125,-1.9772882461547852,0.13363872293612644,1.561240856675332,9.346469821125944e-06,-0.0017622230754739654,2.207234501838684e-07,1.010275600864192,0.0016917290947909673,0.3867423461059098,0.10834661695079106,0.0021197982526810965,0.0014436774527351204,0.27949414507690884,0.2795012931386565,1.0,236,7,0.0,236,7,0.0,0.007303645217629562,0.00014967231017705253,2,0.0051997712443719556,2,0.00012794543526531898,0.9375613366552616,1.2586127900188898e-06,1.5523136649269954e-05,0.5664252239759398,2.136175628608683e-07,3.7559062545733726e-06,6.133665526164567e-05,7.105887323000104e-09,0.4198896260011921,0.4198896260011921,0.42059533759303686,0.4506488212647743,1.9909087801304346e-07,0.07506751961110432,0.08151469568320276,0.10833946888904339,7.739928479391353e-06,7.739928479391353e-06,1.3380174659169923e-05,4.254361062737951e-05,0.00012257101178587715,0.00018117350304730688,0.0002566293504523153,0.0008960464150590784,-0.0010358613455563688,0.0010358613455563688,0.0014097119246937614,0.003491394986780083,0.927276109245622,0.927276109245622,0.9288409135744917,0.9953213242132734,3.7640093178620476e-07,0.49736909018274067,0.540114168545501,0.7179069437591591,9.431261590373483e-06,9.781920398811574e-06,1.726137216973975e-05,5.556128899921901e-05,0.0006307709058194962,0.0006307709058194962,0.0008480814815644486,0.002208195153688025,-0.002066793958436342,0.002066793958436342,0.0027518418503369385,0.006982099031641306,0.013009832838934983,4,54,0.14814814814814814,0.14814814814814814,0,2,0.0,0.28535549069929195,0.053820145755459875,-25,54,-0.9259259259259259,0.9259259259259259,1,2,1.0,0.4359311629450975,7.739928479391353e-06,0,54,0.0,0.0,0,2,0.0,0.3346187943542887,0.00012257101178587713,0,53,0.0,0.0,,,,0.22811975302089965,0.001035861345556369,0,53,0.0,0.0,,,,0.5399362767060272,sdw,0.053820145755459875,0.028794850646234677,4,54,0.14814814814814814,0.14814814814814814,0,2,0.0,0.2854724931261991,0.3566341537660594,-25,54,-0.9259259259259259,0.9259259259259259,1,2,1.0,0.43598818834451186,9.43126159037348e-06,0,54,0.0,0.0,0,2,0.0,0.2985306653222554,0.0006307709058194962,0,53,0.0,0.0,,,,0.5531821352743799,0.002066793958436342,0,53,0.0,0.0,,,,0.5640887318205612,sdw,0.3566341537660594,0.013020025283045283,2.0762239758338473e-05,0.0015946389739638315,0.005303233208484803,1.0,0.053822416021891584,1.0533743092546508e-05,0.00019571293656275187,0.0005993606147965386,1.0,6.498715234913796e-06,3.174220491002342e-06,0.48843815681430564,1.3761058573854872,1.0,0.0001067143651733664,3.39104078716549e-05,0.3177679763784811,0.9202530285347107,1.0,0.0008888898335261306,0.0002240049148670095,0.25200526141513624,0.7343217333482773,1.0,1.8300039912291826,0.10834655308689548,False,,,,,,,,,,,,,,,,,
no_explicit_geometry__V_+0.0__t0_1.2,no_explicit_geometry,results_L_64_U_8.0_V_0.0_t0_1.2_t_p_0.1_chi_200_density_0.9375_gpu_nodamping.h5,6713876,2026-06-09T20:56:18.327808+00:00,64,128,8.0,0.0,1.2,0.1,0.9375,200,,,cubic_frustrated,cubic_frustrated,0.0,0.0,0.0016498370111575646,0.5981420833840152,0.11117522833585304,0.17989619,-0.17989619749147323,0.17989619749147323,1000,1.674855412083639e-09,0.9999999583566894,1.0000000416433124,0.5558761185307424,True,True,False,8,8,8,8,True,True,True,True,True,True,True,-264.7050476074219,-2.0680081844329834,0.1267775157162987,1.6050398989416819,0.0008652546412728867,-0.07805828932978208,6.677582859992981e-07,0.0012086682366511067,3.1682712270634725e-05,0.0006986588633000257,0.0002551626648105154,0.011979415991814587,0.011982872213855862,0.1658821595275684,0.16589901084861233,0.9775390625,7,1,0.0,7,1,0.0,0.0012086290943640167,0.0006986527622146497,2,0.0006708726699077084,2,0.00038900687855109923,0.9381070608049205,-1.1348367794025704e-06,4.69662144973208e-06,0.0010151649367079922,6.379531043432252e-07,1.382336119073839e-07,0.0006070608049204562,2.980518165607293e-08,0.3109685422504157,0.3109685422504157,0.31096909269184814,0.3114854816346416,-1.2555459653176118e-08,5.606551912886073e-05,7.233042313492199e-05,0.00018854791982764185,0.00028858210014003977,0.00028858210014003977,0.0002886458207046268,0.0003102295924900806,0.0012342109898646988,0.0012342109898646988,0.001234995424711717,0.001390097349839985,-0.021522763013646234,0.021522763013646234,0.02152479815100914,0.022667766072893565,0.9323281020682361,0.9323281020682361,0.9323295559566588,0.9337996877544719,1.360076537334745e-07,0.0006848566155800053,0.0008838049430141752,0.0021001986010348306,0.0008650213191839126,0.0008650213191839126,0.0008652066711179256,0.0009282904695945606,0.020758020516048612,0.020758020516048612,0.020760192383346237,0.021959415681206962,-0.08158778372417938,0.08158778372417938,0.08159538685099489,0.08587152985217375,0.0002040276132507621,1,54,0.037037037037037035,0.037037037037037035,0,2,0.0,0.12159618350505355,2.9217341169412225e-05,-23,54,-0.8518518518518519,0.8518518518518519,1,2,1.0,0.16316964631277694,0.0002885821001400398,0,54,0.0,0.0,0,2,0.0,0.9995585348781183,0.0012342109898646992,0,53,0.0,0.0,,,,0.9987300589043563,0.021522763013646234,0,53,0.0,0.0,,,,0.9998109119408193,dwave,0.021522763013646234,0.0005690060115080923,1,54,0.037037037037037035,0.037037037037037035,0,2,0.0,0.11942727472488222,0.00033657633802469536,-23,54,-0.8518518518518519,0.8518518518518519,1,2,1.0,0.14502881870187778,0.0008650213191839125,0,54,0.0,0.0,0,2,0.0,0.9995715888784369,0.02075802051604861,0,53,0.0,0.0,,,,0.9997907771131893,0.08158778372417941,0,53,0.0,0.0,,,,0.9998136469995175,dwave,0.08158778372417941,0.0005172616160585085,0.0004705453706557907,0.9096854590551453,2.7129405897822556,0.375,1.6899493626359943e-05,1.1052932245099867e-05,0.6540392564105844,1.9687603243609944,0.375,0.00027529213120718195,3.441984704696537e-05,0.1250302611121905,0.3790659842918226,1.0,0.0011802900230218623,0.00012106296012089125,0.10257051890596963,0.3143430204752295,1.0,0.02002544094504121,0.0030896602443119207,0.15428675217646062,0.4746855677259989,1.0,0.009672884922999945,0.00025517557220202866,False,,,,,,,,,,,,,,,,,
no_explicit_geometry__V_+0.0__t0_1.4,no_explicit_geometry,results_L_64_U_8.0_V_0.0_t0_1.4_t_p_0.1_chi_200_density_0.9375_gpu_nodamping.h5,5925396,2026-06-09T20:56:18.880982+00:00,64,128,8.0,0.0,1.4,0.1,0.9375,200,,,cubic_frustrated,cubic_frustrated,0.0,0.0,0.0005262280172129275,0.596292966365139,0.13648364891765058,0.1465377,-0.14653773091916378,0.14653773091916378,1000,1.3241418614180932e-10,0.9999997890020298,1.0000002109980148,0.6824181005993883,True,True,False,7,7,7,7,True,True,True,True,True,True,True,-273.8939514160156,-2.139796495437622,0.12271885362986268,1.6047038984135686,0.0023129471266628704,0.10311511595326382,4.7497451305389404e-08,0.0007916106692469723,4.1010499663360345e-05,0.0004385086226358525,0.00017347193013231288,0.018164965202594252,0.01815137488458739,0.20326276598568702,0.20326186428941412,0.97705078125,6,1,0.0,6,1,0.0,0.0007915411086557956,0.0004385314964893042,1,0.0007915411086557956,1,0.0004385314964893042,0.937241761412841,2.3384943127410796e-07,4.392587622673365e-06,0.000291960107136503,3.031053569246822e-08,9.759607106848978e-09,0.0002582385871590098,1.7186915612921183e-08,0.3818409147479634,0.3818409147479634,0.3818410735732802,0.38221450613269975,-3.489120554232787e-08,2.9874627802850808e-05,4.1449147467728e-05,0.00011499829289590702,-0.0009464702056334257,0.0009464702056334257,0.0009464799891029617,0.0009651925216808849,-0.00010809125074386227,0.00011104013443210959,0.00011577791783613405,0.0002542176379596549,0.034932387213650294,0.034932387213650294,0.03493281460793702,0.03583659483215286,0.9326690067373574,0.9326690067373574,0.9326693970354497,0.9331266941274802,-2.6944105365734597e-07,0.00021255624641808147,0.0003077673841407748,0.0009720371932580019,-0.0023122812825002188,0.0023122812825002188,0.0023123072557697396,0.0023587283556916563,-0.021657308672202905,0.021657308672202905,0.021657974511932177,0.02264257626795907,0.10669973446231439,0.10669973446231439,0.10670094183073958,0.1095130335902949,0.00012668571089625833,4,54,0.14814814814814814,0.14814814814814814,0,2,0.0,0.1323192368910465,2.0897844327238184e-05,-27,54,-1.0,1.0,1,2,1.0,0.25419779247788465,0.0009464702056334258,0,54,0.0,0.0,0,2,0.0,0.9999793267283313,0.00010809125074386227,0,53,0.0,0.0,,,,0.8716248722321916,0.03493238721365028,0,53,0.0,0.0,,,,0.9999755306477888,dwave,0.03493238721365028,0.00029919377400920244,1,54,0.037037037037037035,0.037037037037037035,0,2,0.0,0.1229563730879851,0.0001238111399370639,-27,54,-1.0,1.0,1,2,1.0,0.16183567286566405,0.0023122812825002175,0,54,0.0,0.0,0,2,0.0,0.9999775348854852,0.021657308672202905,0,53,0.0,0.0,,,,0.9999385141492504,0.10669973446231437,0,53,0.0,0.0,,,,0.9999773692420415,dwave,0.10669973446231437,0.0005505321176910683,0.000543469961166975,0.9871721262081637,2.7244516107220367,0.5714285714285714,1.3087476907423942e-05,5.510098492831234e-06,0.4210206850264317,1.1337426536325481,0.7142857142857143,0.0008690823963690352,0.0001532686900607523,0.17635691471959167,0.5159935853340295,1.0,0.00010179681963560453,1.1741506624381447e-05,0.1153425683278884,0.3444077270293018,0.8571428571428571,0.032247240142961923,0.005188405048874581,0.1608945455757698,0.4702605891487342,1.0,0.004635988377155232,0.0001734069264130965,False,,,,,,,,,,,,,,,,,
no_explicit_geometry__V_+0.2__t0_1.0,no_explicit_geometry,results_L_64_U_8.0_V_0.2_t0_1.0_t_p_0.1_chi_200_density_0.9375_gpu_nodamping.h5,116310053,2026-06-09T20:55:43.660422+00:00,64,128,8.0,0.2,1.0,0.1,0.9375,200,,,cubic_frustrated,cubic_frustrated,0.0,0.0,0.8164488183440403,0.852239421937969,0.174310167512071,0.114738,-0.11473802579720882,0.11473802579720882,1000,3.3923023297318167e-09,0.9999997751642611,1.0000002248357895,0.8715506416045783,True,False,False,147,147,147,147,True,True,True,True,True,False,True,-286.9277038574219,-2.2416226863861084,,2.1139041518997668,,,,0.0,0.0,0.0,0.0,0.00032718767239779656,0.00032718767239779656,0.32600259349422417,0.32600259349422417,1.0,147,0,0.0,147,0,0.0,0.7101685865041283,0.39918033132250214,2,0.459949315084456,2,0.0006359708536216063,0.9375002733005476,1.3563753956998686e-06,5.006591562716114e-05,0.5859054562092261,3.697875869956846e-07,1.191016745285059e-06,2.7330054763741174e-07,,0.48463416149564637,0.48463416149564637,0.48548396205835026,0.5205354778983904,3.5564122679849063e-07,0.08963020405504458,0.09717937121301962,0.12818600491331864,1.3840793787807477e-06,1.3840793787807477e-06,2.5550124394696688e-06,7.918223683960273e-06,1.9211576921883248e-05,3.125684073796162e-05,4.240669042155817e-05,0.00012447525160670436,-0.00018185978984447653,0.00018185978984447653,0.0002408442225364978,0.0005865640838153347,0.9267659070281243,0.9267659070281243,0.9283909809993727,0.9954225224807498,6.800927180007889e-07,0.5141995176433851,0.557507930780486,0.7353587159201178,2.730261551792749e-06,3.0291814765523496e-06,4.9313308315639506e-06,1.532861303068146e-05,0.0001340234885250872,0.0001340234885250872,0.00017802732304003115,0.00042686605696418595,-0.0004442581316335602,0.0004442581316335602,0.0005827333362850676,0.0013591116534562412,0.019065903515166658,-4,54,-0.14814814814814814,0.14814814814814814,0,2,0.0,0.4409335545572734,0.06760168892876887,25,54,0.9259259259259259,0.9259259259259259,1,2,1.0,0.4839125920722176,1.384079378780748e-06,0,54,0.0,0.0,0,2,0.0,0.2934512464780275,1.9211576921883245e-05,0,53,0.0,0.0,,,,0.2052377611344264,0.00018185978984447648,0,53,0.0,0.0,,,,0.5701654594461423,sdw,0.06760168892876887,0.0364597272920532,-4,54,-0.14814814814814814,0.14814814814814814,0,2,0.0,0.44093345809877194,0.3878241292154542,25,54,0.9259259259259259,0.9259259259259259,1,2,1.0,0.4839132932913125,2.7302615517927486e-06,0,54,0.0,0.0,0,2,0.0,0.3065351120468784,0.00013402348852508715,0,53,0.0,0.0,,,,0.5667460646725131,0.00044425813163356017,0,53,0.0,0.0,,,,0.5812072791690146,sdw,0.3878241292154542,0.01910498248282088,2.3247836383664498e-05,0.001216846778298219,0.004168958199421008,1.0,0.06765263076993827,3.3246095106623565e-05,0.0004914235370932035,0.001469168626931011,1.0,5.416230210904222e-06,2.95572664327136e-06,0.5457165829695985,1.6743928089725038,1.0,6.654319401418248e-05,3.270293843971174e-05,0.49145429407463825,1.4624479212279267,1.0,0.0005658753139222514,0.0002596183054084646,0.4587906540912207,1.3455238563944245,1.0,0.0,0.0,False,,,,,,,,,,,,,,,,,
no_explicit_geometry__V_+0.2__t0_1.2,no_explicit_geometry,results_L_64_U_8.0_V_0.2_t0_1.2_t_p_0.1_chi_200_density_0.9375_gpu_nodamping.h5,47712293,2026-06-22T15:42:55.096200+00:00,64,128,8.0,0.2,1.2,0.1,0.9375,200,,,cubic_frustrated,cubic_frustrated,0.0,0.0,0.7227847548199952,0.8054455387672477,0.13065917554060236,0.15307,-0.15307266912955697,0.15307266912955697,1000,9.032335525603482e-06,0.9999825629906884,1.0000174373133661,0.653284486176709,True,False,False,60,60,60,60,True,True,True,True,True,False,True,-300.2079772949219,-2.345374822616577,,2.1657272840317887,,,,0.0,0.0,0.0,0.0,0.012188723652349773,0.012188723652349773,0.23551236247053506,0.23551236247053506,0.98565673828125,60,0,0.0,60,0,0.0,0.6526445455272315,0.3328579257847758,2,0.025426604663287902,2,0.0036233954809200596,0.9388028989027974,2.6717728981301425e-07,1.1503133910258306e-05,0.4730939834037251,3.5734041031743047e-07,6.388912705754257e-07,0.0013028989027974447,,0.36449689548523795,0.36449689548523795,0.3647984783280349,0.38713846320148765,-2.947239010846152e-07,0.053907140138937985,0.05909773864867646,0.08210776399102734,0.000229630020985571,0.000229630020985571,0.00027204625741909956,0.0004951828360506872,0.0007199392960604578,0.0015080396328835473,0.0017849893749843893,0.0037818375836093064,-0.012405149758279665,0.012405149758279665,0.013863136915482958,0.022773933582163557,0.9298923298654225,0.9298923298654225,0.9306617179785425,0.9876578217053231,-7.518897923102724e-07,0.41257829705336196,0.45230453416872135,0.6283854057510736,0.0005858244552043556,0.0005858244552043556,0.0006940356572448815,0.0012637228390342528,0.010194219375240648,0.010194219375240648,0.011477768450647997,0.019140330793563597,-0.04000442271768706,0.04000442271768706,0.044427773657709155,0.07192223957408378,0.007954083687215051,5,54,0.18518518518518517,0.18518518518518517,0,2,0.0,0.2876538709412092,0.03359900362643841,-25,54,-0.9259259259259259,0.9259259259259259,1,2,1.0,0.32322956004582615,0.00022963002098557096,0,54,0.0,0.0,0,2,0.0,0.7124785923492708,0.0007908306184956493,-24,53,-0.9056603773584906,0.9056603773584906,,,,0.19628887244977494,0.012405149758279669,0,53,0.0,0.0,,,,0.8007205936341387,sdw,0.03359900362643841,0.020292193166700133,5,54,0.18518518518518517,0.18518518518518517,0,2,0.0,0.28765386445654306,0.2571499742549463,-25,54,-0.9259259259259259,0.9259259259259259,1,2,1.0,0.32322957230730737,0.0005858244552043557,0,54,0.0,0.0,0,2,0.0,0.7124779486347661,0.010194219375240647,0,53,0.0,0.0,,,,0.7888474610067794,0.04000442271768707,0,53,0.0,0.0,,,,0.8107872566604155,sdw,0.2571499742549463,0.008167019425673421,0.00010508108968368369,0.012866516437239784,0.04507190695027042,1.0,0.03333375745208645,0.00018033754290699457,0.005410057452005212,0.016789308257443254,1.0,0.00022429706964094995,3.903103538787292e-06,0.01740149144630065,0.0659543731900439,1.0,0.0008003943103001958,1.6225908812062052e-05,0.02027239399787383,0.05981631915232294,1.0,0.012244033872125828,0.00015798423447169516,0.012902956339524214,0.052511886155808055,1.0,0.0,0.0,False,,,,,,,,,,,,,,,,,
no_explicit_geometry__V_+0.2__t0_1.4,no_explicit_geometry,results_L_64_U_8.0_V_0.2_t0_1.4_t_p_0.1_chi_200_density_0.9375_gpu_nodamping.h5,24057893,2026-06-22T15:42:58.752234+00:00,64,128,8.0,0.2,1.4,0.1,0.9375,200,,,cubic_frustrated,cubic_frustrated,0.0,0.0,0.24927362844629003,0.6220237274008746,0.1712622024319233,0.11678000000000001,-0.11678278200975001,0.11678278200975001,1000,5.671149845902612e-06,0.9999761779116568,1.0000238226558487,0.8562906130430354,True,False,False,30,30,30,30,True,True,True,True,True,False,True,-305.2918395996094,-2.3850924968719482,,2.141847338813875,,,,0.0,0.0,0.0,0.0,0.0245234296629014,0.0245234296629014,0.3003996759172352,0.3003996759172352,0.9622802734375,30,0,0.0,30,0,0.0,0.18943955964772297,0.14221826409407026,2,0.058759205086778184,2,0.021370225715886912,0.9391044924212926,3.158626377779139e-07,4.356248759478576e-06,0.21638817973943184,1.2971934322536516e-06,1.363315030682849e-06,0.0016044924212925693,,0.4788140177375766,0.4788140177375766,0.47882743230858954,0.49504504609905203,-1.1632142297913268e-07,0.023541545686724466,0.027637134306475974,0.07550722826508655,0.0011056170598347885,0.0011056170598347885,0.0011080036734931766,0.001189111816432684,1.7855241669318984e-05,0.0021333160862936555,0.002428628711161112,0.005967784804192713,-0.04235338800844521,0.04235338800844521,0.04243684376292525,0.04643970080420848,0.931931683189903,0.931931683189903,0.9319577924189842,0.9635236301179086,-2.264002629306002e-07,0.13745908526478412,0.1613732234718263,0.44087629341518536,0.002151899337458443,0.002151899337458443,0.0021565445591176244,0.002314714150923281,0.020423434177372517,0.020423434177372517,0.02042967572558367,0.02126768780235854,-0.10282240024678255,0.10282240024678255,0.10288156222278014,0.10707929280104327,0.0011985064023266497,5,54,0.18518518518518517,0.18518518518518517,0,2,0.0,0.11181523792990068,0.01563698839714049,25,54,0.9259259259259259,0.9259259259259259,1,2,1.0,0.3201254557114171,0.0011056170598347883,0,54,0.0,0.0,0,2,0.0,0.9956966870042276,0.0014400955726899627,25,53,0.9433962264150944,0.9433962264150944,,,,0.351609321899754,0.04235338800844521,0,53,0.0,0.0,,,,0.9960706930309976,dwave,0.04235338800844521,0.0023326929610617705,5,54,0.18518518518518517,0.18518518518518517,0,2,0.0,0.11181522779575015,0.09130437525090332,25,54,0.9259259259259259,0.9259259259259259,1,2,1.0,0.3201254705645564,0.002151899337458443,0,54,0.0,0.0,0,2,0.0,0.9956966168779066,0.02042343417737251,0,53,0.0,0.0,,,,0.9993890657046764,0.10282240024678257,0,53,0.0,0.0,,,,0.9988502319717609,dwave,0.10282240024678257,0.0003832388250204287,0.00034859601081500423,0.909605154948542,2.745495766757865,0.5,0.007148070873626794,0.004400666952194177,0.6156440010172092,1.9053169144881255,1.0,0.0011287285147410537,1.0331900838597014e-05,0.00915357475572175,0.02958998905609905,1.0,0.000683222119052154,0.00040116391341496076,0.5871647041689787,1.8040946634149688,1.0,0.04286461492474414,0.0002218138818017795,0.005174755032588305,0.01692782984231047,1.0,0.0,0.0,False,,,,,,,,,,,,,,,,,
no_explicit_geometry__V_+0.4__t0_1.0,no_explicit_geometry,results_L_64_U_8.0_V_0.4_t0_1.0_t_p_0.1_chi_200_density_0.9375_gpu_nodamping.h5,24057893,2026-06-15T20:02:01.588043+00:00,64,128,8.0,0.4,1.0,0.1,0.9375,200,,,cubic_frustrated,cubic_frustrated,0.0,0.0,0.8579277188658688,0.877085174859534,0.20017034496356403,0.0999149,-0.09991495929269512,0.09991495929269512,1000,1.3818855997202321e-08,0.9999994065683904,1.0000005934319618,1.00085113088077,False,False,False,30,30,30,30,True,True,True,True,True,False,True,-324.1068420410156,-2.5320847034454346,,2.695748992066977,,,,0.0,0.0,0.0,0.0,0.017278494211982225,0.017278494211982225,0.3748148628439785,0.3748148628439785,0.9761962890625,30,0,0.0,30,0,0.0,0.8248406792149595,0.39463604585929984,6,0.016254017420813296,6,0.0022936080871563216,0.9379033276274649,7.652011465433123e-06,5.272658696931489e-05,0.5816006186270902,4.413271620373749e-07,2.458517091456086e-05,0.0004033276274648667,,0.5576932773693982,0.5576932773693982,0.5583113123140159,0.5939553165924849,-9.6878892294226e-07,0.10180965869199542,0.1104325104409893,0.1475955978734451,0.00016209777642630356,0.00016209777642630356,0.00025446409425678937,0.0006043964642441427,0.0015188685642677638,0.0022854952490987714,0.003029163716207122,0.007628884453021284,-0.012429595194543761,0.012429595194543761,0.01595819185683905,0.030336973081766305,0.9286978006505946,0.9286978006505946,0.9297269826753405,0.9890843197553854,-1.6132741392823654e-06,0.5086150933622424,0.5516917539657937,0.7373141041658677,0.00026997868932599183,0.0002699794820680335,0.00042374659861132904,0.0010066959565243738,0.008331427424694103,0.008331427424694103,0.01087534575704818,0.020949108443814396,-0.026501239136255635,0.026501239136255635,0.03375973870681824,0.06367000106369992,0.013167339392471802,5,54,0.18518518518518517,0.18518518518518517,0,2,0.0,0.2513720850314793,0.06464932349955814,-25,54,-0.9259259259259259,0.9259259259259259,1,2,1.0,0.3427157625372181,0.0001620977764263036,0,54,0.0,0.0,0,2,0.0,0.4057897695698236,0.0015188685642677634,0,53,0.0,0.0,,,,0.2514171477270836,0.012429595194543765,0,53,0.0,0.0,,,,0.6066617387888689,sdw,0.06464932349955814,0.021926889977748006,5,54,0.18518518518518517,0.18518518518518517,0,2,0.0,0.2513719962532157,0.32297153462629996,-25,54,-0.9259259259259259,0.9259259259259259,1,2,1.0,0.3427168905380306,0.0002699786893259918,0,54,0.0,0.0,0,2,0.0,0.405925672560694,0.008331427424694103,0,53,0.0,0.0,,,,0.5868845606171692,0.02650123913625563,0,53,0.0,0.0,,,,0.6162177569173335,sdw,0.32297153462629996,0.01322693189122682,0.00018964331377249437,0.014337664647557554,0.04868816134246196,1.0,0.06453267869474999,0.00011223831596084162,0.001739247745963669,0.005201846905339082,1.0,0.00016172402385307877,3.899818523754434e-06,0.02411403346788661,0.08851783771330375,1.0,0.0015126033522047326,3.45089624657794e-05,0.02281428400610114,0.08036861453058583,1.0,0.012390585537363021,0.00022007280843515647,0.017761292052868763,0.06086789632461491,1.0,0.0,0.0,False,,,,,,,,,,,,,,,,,
no_explicit_geometry__V_+0.4__t0_1.2,no_explicit_geometry,results_L_64_U_8.0_V_0.4_t0_1.2_t_p_0.1_chi_200_density_0.9375_gpu_nodamping.h5,47712293,2026-06-22T15:43:22.629919+00:00,64,128,8.0,0.4,1.2,0.1,0.9375,200,,,cubic_frustrated,cubic_frustrated,0.0,0.0,0.7645561633252306,0.8233548849611284,0.1550267421130145,0.12901,-0.12901622196565654,0.12901622196565654,1000,2.7867008702072668e-06,0.9999517737726177,1.0000482285532635,0.775096328790495,True,False,False,60,60,60,60,True,True,True,True,True,False,True,-332.4302062988281,-2.5971109867095947,,2.703966507215762,,,,0.0,0.0,0.0,0.0,0.002035685918157129,0.002035685918157129,0.28561396309762976,0.28561396309762976,1.0,60,0,0.0,60,0,0.0,0.6528890035850953,0.3763045684553458,4,0.10184972114556602,2,0.00285110879150153,0.9376490208237975,-3.039112714368908e-07,1.9641222112928006e-05,0.536556981608862,3.234420994091547e-07,1.3369408761541163e-06,0.0001490208237975299,,0.4320028734035237,0.4320028734035237,0.4327884581984575,0.4649072158701192,5.919900319495716e-07,0.07446710910300086,0.08073459898198151,0.10632071032514037,2.4703937188956307e-05,2.4703937188956307e-05,3.494962669537852e-05,9.506614323247544e-05,5.196560216289733e-05,0.00016040349212090782,0.0002159822934195357,0.0005704274121108017,-0.001256197451396794,0.001256197451396794,0.0016334640791149184,0.0038351218308141453,0.9288781782964762,0.9288781782964762,0.9305673165876935,0.9996282292433142,1.2728772336989547e-06,0.4803500872689071,0.5207784908725047,0.6858098260874287,5.3184863258881754e-05,5.3184863258881754e-05,7.515013584662729e-05,0.00020510273433965072,0.0008279550377339344,0.0008279550377339344,0.0010903062225325136,0.0026402109941698966,-0.0034174553107949555,0.0034174553107949555,0.004408050961338566,0.010311981620402267,0.013267965375311183,-3,54,-0.1111111111111111,0.1111111111111111,0,2,0.0,0.25912198516819535,0.041225699834890085,-25,54,-0.9259259259259259,0.9259259259259259,1,2,1.0,0.26074542002061646,2.47039371889563e-05,0,54,0.0,0.0,0,2,0.0,0.499628572082951,7.100602719593762e-05,25,53,0.9433962264150944,0.9433962264150944,,,,0.10808218902533306,0.0012561974513967944,0,53,0.0,0.0,,,,0.5914208606023199,sdw,0.041225699834890085,0.0285283368844816,-3,54,-0.1111111111111111,0.1111111111111111,0,2,0.0,0.2591219772897854,0.2659263767849584,-25,54,-0.9259259259259259,0.9259259259259259,1,2,1.0,0.26074545993590853,5.3184863258881754e-05,0,54,0.0,0.0,0,2,0.0,0.5008602362219143,0.0008279550377339346,0,53,0.0,0.0,,,,0.5766556142243062,0.003417455310794955,0,53,0.0,0.0,,,,0.601052592553607,sdw,0.2659263767849584,0.013169396695214677,7.39945742725724e-05,0.005618676085553683,0.017741048848664995,1.0,0.04026386738651146,0.0006297833123428387,0.015641401415747224,0.04900401259879253,1.0,3.1619443806964496e-05,6.272874399209352e-06,0.1983866141828747,0.6096101323159576,1.0,8.743604259318926e-05,1.7018590764462684e-05,0.19464045100536526,0.6156122548360274,0.9,0.001581396320271378,0.0003141922451717533,0.19868026828204322,0.6346831337615101,1.0,0.0,0.0,False,,,,,,,,,,,,,,,,,
no_explicit_geometry__V_+0.4__t0_1.4,no_explicit_geometry,results_L_64_U_8.0_V_0.4_t0_1.4_t_p_0.1_chi_200_density_0.9375_gpu_nodamping.h5,24057893,2026-06-22T15:42:56.591441+00:00,64,128,8.0,0.4,1.4,0.1,0.9375,200,,,cubic_frustrated,cubic_frustrated,1.3152183444093164e-16,1.3152183444093164e-16,0.6597812227718629,0.7658679371726282,0.24662128834961042,0.08109599999999999,-0.08109618148863973,0.08109618148863973,1000,9.12714958242621e-06,0.9999977620569007,1.0000022379481077,1.233103682126,False,False,False,30,30,30,30,True,True,True,True,True,False,True,-329.1163330078125,-2.571221351623535,,2.6042599580538184,,,,0.0,0.0,0.0,0.0,0.04483398537797986,0.04483398537797986,0.4563396704937029,0.4563396704937029,0.9710693359375,30,0,0.0,30,0,0.0,0.5735068288175378,0.3880626694250918,2,0.0679071408374811,2,0.014157396644708968,0.938676383832453,1.0162410451989429e-06,1.2129124015168076e-05,0.5495939037685491,3.6779551629007035e-06,1.2429708464503642e-06,0.0011763838324529985,,0.6930209929865622,0.6930209929865622,0.6943655514493443,0.7396871892436826,8.61313877722316e-07,0.12473058165159746,0.13506813411121807,0.17299215174372318,0.0007421730063674957,0.0007421730063674957,0.001032213168274104,0.002342552387935661,-0.0005128428700475754,0.003545325774019201,0.0048974798267642245,0.01369126671819218,-0.023639794954301345,0.023639794954301345,0.030152820939227346,0.07464876402702822,0.9366871741206374,0.9366871741206374,0.9385044793563229,0.9997614820027789,1.1641518371411118e-06,0.5057575624808973,0.5476742633096501,0.7014394324678623,0.0010031210354063068,0.0010031210354063068,0.0013951395081895212,0.0031670312076043285,0.0070596607356028795,0.0070596607356028795,0.009464855301780036,0.02668784147117062,-0.03970317079296158,0.03970317079296158,0.050110659683671746,0.12170168236696945,0.015824485431670407,-3,54,-0.1111111111111111,0.1111111111111111,0,2,0.0,0.1342400252014337,0.08111850519708924,-26,54,-0.9629629629629629,0.9629629629629629,1,2,1.0,0.36068997982827666,0.0007421730063674958,0,54,0.0,0.0,0,2,0.0,0.5169773531353489,0.0019066960648188398,-25,53,-0.9433962264150944,0.9433962264150944,,,,0.15157152805935112,0.023639794954301345,0,53,0.0,0.0,,,,0.6146551335440956,sdw,0.08111850519708924,0.021388374509445713,-3,54,-0.1111111111111111,0.1111111111111111,0,2,0.0,0.13424002391567205,0.32891931487315745,26,54,0.9629629629629629,0.9629629629629629,1,2,1.0,0.36068998889635406,0.001003121035406307,0,54,0.0,0.0,0,2,0.0,0.5169772123609441,0.007059660735602878,0,53,0.0,0.0,,,,0.5563392539396395,0.03970317079296158,0,53,0.0,0.0,,,,0.6277549469660942,sdw,0.32891931487315745,0.01596803008553735,0.0004770460163664603,0.029875069987407712,0.09992451791205573,1.0,0.07683290034431482,0.002794693008307266,0.036373649774813645,0.11903601611298152,1.0,0.0008421331690908522,7.414645839633259e-05,0.08804600165123458,0.26710639718766704,1.0,0.0018035471955999082,9.807460926576503e-05,0.054378731815300674,0.1750112551943087,1.0,0.026888396853500633,0.002842220570173878,0.10570435216571292,0.3336971955742024,1.0,0.0,0.0,False,,,,,,,,,,,,,,,,,
cubic_unfrustrated__V_-0.2__t0_1.0,cubic_unfrustrated,results_L_64_U_8.0_V_-0.2_t0_1.0_t_p_0.1_geometry_cubic_unfrustrated_chi_200_density_0.9375_gpu.h5,3593268,2026-08-05T16:25:02.303847+00:00,64,128,8.0,-0.2,1.0,0.1,0.9375,200,cubic_unfrustrated,cubic_unfrustrated,cubic_unfrustrated,cubic_unfrustrated,2.271776160986317e-16,1.4508411121709086,2.271776160986317e-16,0.5509723685320332,0.12944146009966997,0.15450999999999998,-0.1545120066237189,0.1545120066237189,1000,1.620612322657248e-09,0.9999870131534581,1.0000129870152024,0.6471988953164574,True,True,False,4,4,4,4,True,True,True,True,True,True,True,-210.05836486816406,-1.6410809755325317,0.23799602034478085,0.8546504910992726,1.6245915953696106e-07,-7.679923901055653e-07,4.21842560172081e-06,1.2648340262076252,6.095443452478455e-06,0.0005248482765725671,0.00028482871014134936,3.920960528994667e-06,3.2041387135287536e-06,0.3591511400702821,0.35910458276750284,1.0,3,1,0.0,3,1,0.0,1.6020836607829025,0.0005247672107767242,3,1.030643494531726,1,0.0005247672107767242,0.9374926502744134,2.0843352736953785e-06,9.236733418912973e-06,0.7209972571497948,4.237498343384605e-06,1.877660219098097e-06,7.3497255865806466e-06,1.90727416637948e-08,0.3595775943586132,0.3595775943586132,0.36106676934562515,0.38831100378525957,-1.0288588018070721e-08,0.25536325980813707,0.2709390056785369,0.3248563566420721,0.0,0.0,0.0,0.0,2.2734582292125333e-07,4.496656378858993e-07,8.216570187338841e-07,3.1190165681342557e-06,3.682585977861109e-07,5.884555624740112e-07,1.0545701730362754e-06,3.294889514174368e-06,0.9259646414277302,0.9259646414277302,0.9297918177991059,0.9999676908991874,1.263979822248347e-08,0.6571493948944278,0.6973337092391125,0.8364636926619188,1.6910325663942555e-07,5.637463942767551e-07,7.675388172847448e-07,2.446463403459778e-06,4.595214234089425e-07,1.7959944422280746e-06,2.129319642759765e-06,5.131345358288914e-06,-1.0213453386158751e-06,3.410461625256831e-06,4.6876573480228605e-06,1.2778686923471964e-05,0.017358969235650556,4,54,0.14814814814814814,0.14814814814814814,0,2,0.0,0.2807896785793605,0.18003129821251582,-25,54,-0.9259259259259259,0.9259259259259259,1,2,1.0,0.4415226229972605,0.0,-27,54,-1.0,1.0,0,2,0.0,0.0,2.2734582292125333e-07,0,53,0.0,0.0,,,,0.0765583949038931,3.7879000551722895e-07,4,53,0.1509433962264151,0.1509433962264151,,,,0.12901673747202128,sdw,0.18003129821251582,0.04468242254673072,4,54,0.14814814814814814,0.14814814814814814,0,2,0.0,0.2811084916837306,0.46340663709366836,25,54,0.9259259259259259,0.9259259259259259,1,2,1.0,0.4416143530535116,1.691032566394255e-07,0,54,0.0,0.0,0,2,0.0,0.04854038825086498,7.087888257088995e-07,1,53,0.03773584905660377,0.03773584905660377,,,,0.1108031235587993,1.5771342044037663e-06,1,53,0.03773584905660377,0.03773584905660377,,,,0.1131945673760949,sdw,0.46340663709366836,0.017526537459668645,0.0002483069465447104,0.014167484428461939,0.03427425271717936,1.0,0.18142434948329786,0.002117956868532397,0.011674049677258887,0.02816912338856935,1.0,3.4775307447286144e-08,6.023259934752797e-08,1.7320508075688774,4.0,0.75,4.188671376550933e-07,3.093801733413035e-07,0.7386117112774209,1.8342152564241827,0.5,3.1969391522801167e-06,3.7104249502657796e-06,1.1606179453304375,2.83542798572583,0.5,0.0007886032687011496,0.0002846332994697609,True,9.43689570931383e-16,1.0436865120672016,0.11135216424484518,0.049715959430659235,0.009537491729993663,0.0010987996253044301,5.02786565517272e-06,6.2473740826438124e-09,1.2619496057266637e-10,1.8536941476981735e-11,1.9042917550585016e-11,0.7119341649955369,0.9925379705172457,13,12.373373805042851,0.9705354808314187,13
cubic_unfrustrated__V_-0.4__t0_1.0,cubic_unfrustrated,results_L_64_U_8.0_V_-0.4_t0_1.0_t_p_0.1_geometry_cubic_unfrustrated_chi_200_density_0.9375_gpu.h5,3593268,2026-08-05T16:25:03.279560+00:00,64,128,8.0,-0.4,1.0,0.1,0.9375,200,cubic_unfrustrated,cubic_unfrustrated,cubic_unfrustrated,cubic_unfrustrated,7.542763281718495e-17,2.0333616100366823,7.542763281718495e-17,0.5074186540068765,0.11183993468547816,0.178827,-0.17882744409052975,0.17882744409052975,1000,3.375464676589242e-09,0.999997516653375,1.000002483352792,0.559198284740769,True,True,False,4,4,4,4,True,True,True,True,True,True,True,-166.79251098632812,-1.3030664920806885,0.23425120048375447,0.23541838755667466,9.503899744247753e-08,-9.824076014575787e-08,2.273824065923691e-06,1.441587460954601,4.495420688752149e-06,0.0012680164436084035,0.00048217768440222963,2.9791669269825344e-06,3.771346246269913e-06,0.30728819171888677,0.3071929773652559,1.0,3,1,0.0,3,1,0.0,1.3893675830934735,0.001267469413019824,3,0.9917686182881882,1,0.001267469413019824,0.9374940899278781,-7.388029417132458e-07,5.161154598072824e-06,0.7068061032066266,2.283958463134006e-06,2.7995036121115924e-06,5.910072121917409e-06,1.0134397210315171e-08,0.31068363983198743,0.31068363983198743,0.31192599368444357,0.3355041677269275,1.157104391160926e-08,0.21610506294493717,0.2295243159320445,0.2767632797758416,0.0,0.0,0.0,0.0,-3.44300861756766e-08,2.1797101674310748e-07,4.2034673476728573e-07,1.425921347820004e-06,7.555017477061794e-08,3.900900206689369e-07,8.272123995194814e-07,3.65596892365691e-06,0.92597541548578,0.92597541548578,0.9296514326540172,0.9999531696636984,5.683361331451539e-08,0.6428398277812319,0.6829797695256394,0.8246008130447409,9.274917325378912e-08,3.867937815487058e-07,4.998029136282393e-07,1.1914902404244521e-06,4.157343217801802e-07,1.592175647664148e-06,2.022908002541081e-06,5.1654158958987565e-06,-3.470422434431832e-07,3.1144533267508154e-06,3.794906330676648e-06,9.715840713368657e-06,0.014818296004067857,4,54,0.14814814814814814,0.14814814814814814,0,2,0.0,0.28388038427485485,0.1526585129001846,25,54,0.9259259259259259,0.9259259259259259,1,2,1.0,0.4423689656617726,0.0,-27,54,-1.0,1.0,0,2,0.0,0.0,1.29105038689429e-07,2,53,0.07547169811320754,0.07547169811320754,,,,0.09433460340557825,2.4759076670576943e-07,4,53,0.1509433962264151,0.1509433962264151,,,,0.08958490099399692,sdw,0.1526585129001846,0.04406185672098928,4,54,0.14814814814814814,0.14814814814814814,0,2,0.0,0.28461475389094504,0.4543629291204277,25,54,0.9259259259259259,0.9259259259259259,1,2,1.0,0.44257828534551047,9.982985345950804e-08,-10,54,-0.37037037037037035,0.37037037037037035,1,2,1.0,0.039895443761389336,7.638667422942264e-07,-5,53,-0.18867924528301888,0.18867924528301888,,,,0.14258798731105168,1.4398332735137685e-06,-4,53,-0.1509433962264151,0.1509433962264151,,,,0.14395352028851682,sdw,0.4543629291204277,0.01508752217596699,0.0004074566593268471,0.02700620118894588,0.06626227808621837,1.0,0.1550032926923155,0.0035832268766720814,0.023117101672058382,0.05613958480040442,1.0,3.697839437137873e-08,6.404845783354696e-08,1.7320508075688774,4.0,0.75,4.819003467792268e-07,4.982567692467373e-07,1.0339415038333721,2.5166748956630673,0.25,3.183133276977083e-06,4.4579059789962204e-06,1.4004773256713106,3.346424588252242,0.5,0.0019993087599191666,0.00048183145994343257,True,1.304512053934559e-15,1.0501835121636192,0.11909430757150918,0.05157381544194463,0.010751277530144841,0.0015495202276991748,1.5083961030523154e-05,6.152363218014202e-08,1.7570357380862294e-09,2.3911385621244686e-11,1.842337579593768e-11,0.8652792284311169,0.9942188358807431,15,11.035616138404423,0.9730924426284342,15
cubic_unfrustrated__V_+0.0__t0_0.8,cubic_unfrustrated,results_L_64_U_8.0_V_0.0_t0_0.8_t_p_0.1_geometry_cubic_unfrustrated_chi_200_density_0.9375_gpu.h5,5170228,2026-08-04T20:22:42.082511+00:00,64,128,8.0,0.0,0.8,0.1,0.9375,200,cubic_unfrustrated,cubic_unfrustrated,cubic_unfrustrated,cubic_unfrustrated,1.6023037408339453e-16,1.691693909113772,1.6023037408339453e-16,0.47013436021055743,0.24607207451062418,0.081277,-0.08127700914923253,0.08127700914923253,1000,2.1660167661530264e-09,0.9999998874314813,1.0000001125685314,1.2303602340532762,False,True,False,6,6,6,6,True,True,True,True,True,True,True,-196.94195556640625,-1.5386090278625488,0.2772871113425026,0.9467937740517851,2.481577110934514e-08,-9.077819456866403e-07,2.0042061805725098e-05,1.2514187560209447,1.0276686248690274e-05,0.0021145506273665135,0.005333097915309504,9.439644641163603e-06,1.2846234705237528e-05,0.7137837674613723,0.7137840073289132,1.0,5,1,0.0,5,1,0.0,1.4720904982600929,0.002114622506085874,4,1.0008618134844167,2,0.0007316335623684829,0.9374941707366657,3.0042532013184464e-06,0.0005007174075635097,0.8077976741274949,2.00864783639898e-05,0.00031474592609557085,5.829263334256041e-06,4.441655826470381e-08,0.6835368648832431,0.6835368648832431,0.6876674858237893,0.7382146479768276,-3.259353172851358e-08,0.5546846101927003,0.581513739772522,0.6660737502766875,1.0650151045479804e-08,3.1111573794202834e-08,1.867342447039921e-07,1.1612659722746056e-06,3.652754627389284e-07,9.100894340994337e-07,1.5490150338385212e-06,4.719519446754734e-06,-6.346820939243357e-07,1.0369837763977216e-06,1.737108349431091e-06,6.498926886648571e-06,0.9259274348017918,0.9259274348017918,0.9315286865122904,0.9999978523264922,-7.43365086872836e-09,0.7515048608498167,0.7878223882646882,0.9022741950008497,2.8500715011956022e-08,4.710507837961575e-07,6.373796888461796e-07,2.1372177901149957e-06,1.7598626239454847e-07,1.7269577669870842e-06,2.1858297198602575e-06,5.887965600265659e-06,-6.171922468203441e-07,2.2920249705278895e-06,2.928428912855833e-06,7.021837509579453e-06,0.03689431079547614,4,54,0.14814814814814814,0.14814814814814814,0,2,0.0,0.2403262881816928,0.3823645309895657,25,54,0.9259259259259259,0.9259259259259259,1,2,1.0,0.43234977529875634,3.0970469612993865e-08,-8,54,-0.2962962962962963,0.2962962962962963,0,2,0.0,0.02750727965013425,3.6527546273892846e-07,0,53,0.0,0.0,,,,0.05560703432994436,6.346820939243357e-07,0,53,0.0,0.0,,,,0.1334930563067131,sdw,0.3823645309895657,0.04999188111151096,-4,54,-0.14814814814814814,0.14814814814814814,0,2,0.0,0.24021233504704229,0.5180017555187858,25,54,0.9259259259259259,0.9259259259259259,1,2,1.0,0.4323204967722912,1.3051967856440127e-07,19,54,0.7037037037037037,0.7037037037037037,1,2,1.0,0.04193296305020714,5.849761392898214e-07,-5,53,-0.18867924528301888,0.18867924528301888,,,,0.07162153929199673,6.986640069609716e-07,-5,53,-0.18867924528301888,0.18867924528301888,,,,0.056920324653364114,sdw,0.5180017555187858,0.036031452340744,0.0015734896910987637,0.043669893631222784,0.12079571162434051,1.0,0.37631742676448493,0.01175158023368498,0.031227839578738422,0.08562032229371012,1.0,8.530910033632706e-08,8.004078964352335e-08,0.938244446699899,2.5093064799927634,0.16666666666666666,2.6036427915569863e-06,4.312606137263904e-06,1.656373966217137,4.540462238927598,0.16666666666666666,7.023679508316e-06,8.594983352329827e-06,1.2237151968784186,3.172234587066688,0.6666666666666666,0.0029845485660717156,0.005333785919689207,True,1.4016565685892601e-15,0.991703737622883,0.09236054924162818,0.04727458108324069,0.005072808606116763,0.0002257918467115926,2.4561917936955744e-08,1.6489810931244334e-11,1.3234409380147311e-11,1.3813329082980613e-11,1.0758895504089494e-11,0.4750272886446066,0.9874202547986994,7,13.730976513096605,0.967312217145932,7
cubic_unfrustrated__V_+0.0__t0_1.0,cubic_unfrustrated,results_L_64_U_8.0_V_0.0_t0_1.0_t_p_0.1_geometry_cubic_unfrustrated_chi_200_density_0.9375_gpu.h5,13055028,2026-07-06T16:18:20.241544+00:00,64,128,8.0,0.0,1.0,0.1,0.9375,200,cubic_unfrustrated,cubic_unfrustrated,cubic_unfrustrated,cubic_unfrustrated,7.364901584526551e-17,0.8056472784464924,7.364901584526551e-17,0.638164237862549,0.1509237590520298,0.13251724,-0.13251724,0.13251724,1000,6.081926095271969e-10,1.0,1.0,0.7546187952601487,True,True,False,16,16,16,16,True,True,True,True,True,True,True,-251.59422302246094,-1.965579867362976,0.14613990419064748,1.4554183875566749,6.931929914991546e-07,3.261229270056125e-05,7.925089448690414e-06,1.6155285008033222,5.544589753238967e-05,0.0004155224635918274,0.000568418832102513,9.03498739924756e-05,3.5147838145943275e-05,0.4226618209907346,0.42266076340896497,1.0,15,1,0.0,15,1,0.0,0.6199022918482013,0.00041551224490135765,1,0.6199022918482013,1,0.00041551224490135765,0.9374947220704334,-5.897040123150829e-06,4.069107660494325e-05,0.7355493909790053,7.966583218721457e-06,4.1730616196626515e-05,5.277929566616102e-06,4.149377003104249e-08,0.41925128905641523,0.41925128905641523,0.42106646645945145,0.45276075893897155,-4.4852869178542474e-08,0.3043256859428386,0.32248547876275496,0.3841093936274044,-8.752025645358192e-07,8.943715997427854e-07,2.071975685203648e-06,6.762118360311157e-06,-3.7657299426744832e-06,7.72545672630798e-06,1.3735739828777805e-05,4.678370800666661e-05,3.537079746707604e-05,3.5668771047259594e-05,5.948899590651228e-05,0.00015822885615318373,0.925958763761921,0.925958763761921,0.9299666893369714,0.9999726800524003,-1.0380553306438895e-07,0.6720789599452922,0.7121993985329019,0.8483342106852445,-6.949671296112716e-07,1.159358166776897e-06,1.805661186908354e-06,5.922374303877884e-06,-1.1614177396088332e-05,1.2151314279388192e-05,2.0813908748690785e-05,5.8504726387167234e-05,3.841422704736733e-05,3.890878487493223e-05,6.370019382973712e-05,0.00015982537196774601,0.020549656487615517,4,54,0.14814814814814814,0.14814814814814814,0,2,0.0,0.27685126773023333,0.21403710695440084,25,54,0.9259259259259259,0.9259259259259259,1,2,1.0,0.44051207484016636,8.75202564535819e-07,0,54,0.0,0.0,0,2,0.0,0.17842177431357503,3.7657299426744832e-06,0,53,0.0,0.0,,,,0.07516129095443592,3.537079746707603e-05,0,53,0.0,0.0,,,,0.35352198379637284,sdw,0.21403710695440084,0.04538475218028582,4,54,0.14814814814814814,0.14814814814814814,0,2,0.0,0.2769107146484907,0.47270466594881266,25,54,0.9259259259259259,0.9259259259259259,1,2,1.0,0.44053109958359543,6.949671296112714e-07,0,54,0.0,0.0,0,2,0.0,0.14813442704620725,1.1614177396088332e-05,0,53,0.0,0.0,,,,0.3113648747416392,3.841422704736733e-05,0,53,0.0,0.0,,,,0.36366599205417094,sdw,0.47270466594881266,0.020348433288773622,0.00023690993548295105,0.011642662219781608,0.038093061549007316,1.0,0.2137011050448881,0.0011330720265166202,0.005302134615909532,0.019444333765933103,1.0,2.4373528901267955e-05,2.0254802144664574e-05,0.8310163959725537,2.0362882355699257,1.0,0.00014038876358108866,0.00012071404952120856,0.8598554930037833,1.9942086667299974,1.0,0.001026758229280867,0.0008496785824646129,0.8275352056926981,1.9678691658187375,1.0,0.0006225760134018709,0.0005677402187163616,True,9.992007221626409e-16,1.0379311231722246,0.10486359356202679,0.04794062445899772,0.008475796692339346,0.0008141979833673524,2.958487873755389e-06,1.062298328769301e-08,3.0327850666949266e-09,1.4486017170551247e-09,4.275536799795898e-09,1.1859084456162652,0.8759311593814947,17,9.18471233457262,0.9635578024623852,17
cubic_unfrustrated__V_+0.0__t0_1.4,cubic_unfrustrated,results_L_64_U_8.0_V_0.0_t0_1.4_t_p_0.1_geometry_cubic_unfrustrated_chi_200_density_0.9375_gpu.h5,4381748,2026-08-04T20:22:43.378801+00:00,64,128,8.0,0.0,1.4,0.1,0.9375,200,cubic_unfrustrated,cubic_unfrustrated,cubic_unfrustrated,cubic_unfrustrated,7.793556553216963e-17,1.9089098999507912,7.793556553216963e-17,0.4575701315673565,0.13648364891765058,0.1465377,-0.14653773091916378,0.14653773091916378,1000,1.3241418614180932e-10,0.9999997890020298,1.0000002109980148,0.6824181005993883,True,True,False,5,5,5,5,True,True,True,True,True,True,True,-258.5828857421875,-2.02017879486084,0.22084236397995483,1.4054183875566748,3.874238467517575e-08,-6.766455533267153e-07,3.5543926060199738e-06,2.0227154805075664,1.2546910622178601e-05,0.0004131480240666806,0.00011409872081713512,1.0676456399180236e-05,5.285546696475274e-06,0.36347065246908233,0.3634699450083477,1.0,4,1,0.0,4,1,0.0,1.2860211611911405,0.0004131186291690987,4,0.9960172153821194,1,0.0004131186291690987,0.9374959857929946,-2.6757520701914395e-07,9.111074520066587e-06,0.6633961684318785,3.5685235431348605e-06,1.0942153060096611e-06,4.014207005353931e-06,1.4130937114886777e-08,0.37913217268578586,0.37913217268578586,0.38074233500192817,0.4094420565604237,1.1041150253850215e-08,0.24714744177717474,0.263669392564614,0.3174855589534595,1.3314280531703043e-08,1.3314280531703043e-08,1.38366062082809e-07,1.4379422974239286e-06,-1.2321679484063746e-07,8.469700846651674e-07,1.2232378078886928e-06,3.414615841302586e-06,1.2782661863803657e-06,1.685686865480998e-06,2.6115895863187104e-06,7.26184055787765e-06,0.9259553950321743,0.9259553950321743,0.9298870931709519,0.9999805391002807,7.381257088878712e-08,0.6034391386551891,0.6438197217187637,0.7753867207477909,-3.305085472619496e-08,4.936645050111832e-07,6.345628095168677e-07,2.127187108763462e-06,1.1803193708839103e-07,1.7965973574299642e-06,2.2967278142793547e-06,6.736164442558359e-06,-6.326543912352778e-07,3.2790033347950364e-06,4.208687689829518e-06,1.2012094316384492e-05,0.01855549435047386,4,54,0.14814814814814814,0.14814814814814814,0,2,0.0,0.2814061114890428,0.17553807794428505,25,54,0.9259259259259259,0.9259259259259259,1,2,1.0,0.44322397069389463,1.3314280531703043e-08,-26,54,-0.9629629629629629,0.9629629629629629,0,2,0.0,0.00925925925925926,3.5057174095870615e-07,-9,53,-0.33962264150943394,0.33962264150943394,,,,0.0821357106601941,1.2782661863803657e-06,0,53,0.0,0.0,,,,0.23957017229883074,sdw,0.17553807794428505,0.04531676048817008,4,54,0.14814814814814814,0.14814814814814814,0,2,0.0,0.28144687597424317,0.42864085243359834,25,54,0.9259259259259259,0.9259259259259259,1,2,1.0,0.44326002625632954,1.7009498513094866e-07,26,54,0.9629629629629629,0.9629629629629629,0,2,0.0,0.0718511607436576,6.738789354485809e-07,23,53,0.8679245283018868,0.8679245283018868,,,,0.08608841310879255,1.7650974671759644e-06,-4,53,-0.1509433962264151,0.1509433962264151,,,,0.17589114830277228,sdw,0.42864085243359834,0.018699908419826942,0.00024975459168049836,0.013355925926123316,0.03438486620683032,1.0,0.1767995433205114,0.0020247163217184706,0.011452044975297022,0.02985359176048216,1.0,1.084440340492892e-07,1.8947271842690405e-07,1.7471935647542056,4.4897132169853995,0.2,4.887564808154482e-07,2.7165911870844466e-07,0.5558169136810314,1.586799948154202,0.2,3.5868295548987515e-06,4.275791382239025e-06,1.1920810054660436,3.2061614611310145,0.8,0.00033139528496987003,0.0001144277456805523,True,6.036837696399289e-16,1.2280511743654448,0.10774700744620236,0.04005988219114842,0.013257776309659026,0.001633712276920579,1.9458930551834565e-05,7.332838488106956e-08,2.2388068105774127e-09,3.07850964639267e-11,1.789356419057248e-11,0.8698207516198815,0.9935199343712855,15,10.972586158410724,0.9714501035402271,15
square__V_-0.2__t0_1.0,square,results_L_64_U_8.0_V_-0.2_t0_1.0_t_p_0.1_geometry_square_chi_200_density_0.9375_gpu.h5,3593268,2026-07-13T17:05:01.445811+00:00,64,128,8.0,-0.2,1.0,0.1,0.9375,200,square,square,square,square,0.0,4.276548770411023,0.7223836649579279,0.0,0.12944146009966995,0.15451,-0.1545120066237189,0.1545120066237189,1000,1.620612322657248e-09,0.9999870131534583,1.0000129870152021,0.6471988953164574,True,True,False,4,4,4,4,True,True,True,True,True,True,True,-228.1346435546875,-1.782301902770996,0.10867513672081941,1.0590556639805384,8.049149123246205e-08,-2.2737012371918873e-06,2.623535692691803e-06,1.115790138425829,1.640730685772363e-06,0.001414208595810409,0.0001927649124764952,1.2003230556749072e-06,1.640730685772363e-06,0.1088096870508707,0.1087442609020605,1.0,3,1,0.0,3,1,0.0,2.254293391318744,0.0014134384699324891,3,1.0091781403771034,1,0.0014134384699324891,0.9374954638819504,-1.32666894056728e-06,1.6121205333142078e-05,0.52932480118651,2.6352836803855695e-06,8.592083448211857e-07,4.53611804962506e-06,1.1747987693766504e-08,0.12006165699035468,0.12006165699035468,0.12025638039873487,0.12887960106234791,1.7395566224640002e-07,0.06004093646841883,0.065662679454888,0.08873977303939348,0.0,0.0,0.0,0.0,0.0,0.0,0.0,0.0,0.0,0.0,0.0,0.0,0.9275566987561977,0.9275566987561977,0.9290511231048365,0.995602591555546,3.645732306518574e-07,0.46258641032341735,0.5060244785365107,0.6846049836421906,-7.12415736988987e-08,4.1439108457492897e-07,5.325636845887007e-07,1.497126639223368e-06,3.9992200527763815e-07,1.7004679912906146e-06,2.135157754023264e-06,5.4310164153652585e-06,-2.1384028104438207e-06,4.081372348348739e-06,5.466087528854788e-06,1.4048391598905214e-05,0.0034868951877682877,-4,54,-0.14814814814814814,0.14814814814814814,0,2,0.0,0.2598204047764198,0.0428801299828432,-25,54,-0.9259259259259259,0.9259259259259259,1,2,1.0,0.4264567421573937,0.0,-27,54,-1.0,1.0,0,2,0.0,0.0,0.0,-26,53,-0.9811320754716981,0.9811320754716981,,,,0.0,0.0,-26,53,-0.9811320754716981,0.9811320754716981,,,,0.0,sdw,0.0428801299828432,0.026819665273334573,-4,54,-0.14814814814814814,0.14814814814814814,0,2,0.0,0.2592463173477784,0.3303647566618772,-25,54,-0.9259259259259259,0.9259259259259259,1,2,1.0,0.4262303484345041,1.2986885568835711e-07,0,54,0.0,0.0,1,2,1.0,0.05946575406520311,9.200802595469876e-07,3,53,0.11320754716981132,0.11320754716981132,,,,0.18569127148156106,2.462898722654731e-06,3,53,0.11320754716981132,0.11320754716981132,,,,0.2030205235456882,sdw,0.3303647566618772,0.0035424350249059905,8.343593484780228e-05,0.02355327176396595,0.05948276106871257,1.0,0.043444406541787606,0.0008367194149133388,0.019259542977265176,0.04816024815209373,1.0,0.0,0.0,,,1.0,2.7382618368422256e-07,4.473070238224443e-07,1.6335436509544339,3.828102989749776,0.5,2.7382618368422256e-07,4.473070238224443e-07,1.6335436509544339,3.828102989749776,0.5,0.0029744307208144903,0.0001926976387172548,True,1.3600232051658168e-15,1.0358469226464861,0.14999624304265002,0.05481776626032513,0.010597190452127158,0.0034612086016301957,0.0003922939708442566,2.180311759935321e-05,1.143646772619824e-06,1.7240738792223094e-07,1.565916860556039e-08,1.5167245319629874,0.9950085234245444,17,6.690172163537809,0.9499246701982539,17
square__V_+0.0__t0_0.8,square,results_L_64_U_8.0_V_0.0_t0_0.8_t_p_0.1_geometry_square_chi_200_density_0.9375_gpu.h5,4381748,2026-07-13T17:05:00.346509+00:00,64,128,8.0,0.0,0.8,0.1,0.9375,200,square,square,square,square,1.365786599413575e-16,2.6953969353261917,0.4696562515403061,1.365786599413575e-16,0.24607207451062424,0.08127699999999999,-0.08127700914923253,0.08127700914923253,1000,2.1660167661530264e-09,0.9999998874314812,1.0000001125685316,1.2303602340532762,False,True,False,5,5,5,5,True,True,True,True,True,True,True,-247.62509155273438,-1.9345710277557373,0.1216429267891499,1.5186343177665491,4.1699866491350194e-08,-6.6411802284893e-07,1.1762604117393494e-06,2.6305067723146074,4.739310766053236e-06,0.001317908982413899,0.00036344512810220636,3.7089655901099367e-06,2.319675043608723e-06,0.22302368759642435,0.22307374249633263,1.0,4,1,0.0,4,1,0.0,1.100932987099942,0.0013184959121902923,3,1.0000509858196254,1,0.0013184959121902923,0.9374974543566919,-1.3173842372694172e-06,1.8414812642987916e-05,0.630091926582534,1.170469544981012e-06,2.6279948693230457e-06,2.5456433081494367e-06,5.7908667583372875e-09,0.22808801966949577,0.22808801966949577,0.22858781145175114,0.245606177634149,2.963720856030077e-07,0.135629177166943,0.14729650109413853,0.19234903691510058,0.0,0.0,0.0,0.0,-4.030370188427078e-07,4.319371867555407e-07,8.798605629042443e-07,3.3430561292339215e-06,-4.030370188427078e-07,4.319371867555407e-07,8.798605629042443e-07,3.3430561292339215e-06,0.9269043661440228,0.9269043661440228,0.9289510757339936,0.9981373828550535,7.837277039671289e-07,0.5525479841185423,0.5997878688266011,0.7820248977646114,4.91936413611262e-08,4.3343317389508635e-07,5.46305684868178e-07,1.422665353013815e-06,4.926098149210157e-07,1.3396374632010629e-06,1.8268149232011543e-06,5.303890872627329e-06,-9.433007526997659e-07,2.804299881514503e-06,3.353871908077465e-06,8.050790529231137e-06,0.007616889125452562,-4,54,-0.14814814814814814,0.14814814814814814,0,2,0.0,0.2541898055349335,0.09609351917841766,-25,54,-0.9259259259259259,0.9259259259259259,1,2,1.0,0.42560168221890987,0.0,-27,54,-1.0,1.0,0,2,0.0,0.0,4.030370188427079e-07,0,53,0.0,0.0,,,,0.2098273864509666,4.030370188427079e-07,0,53,0.0,0.0,,,,0.2098273864509666,sdw,0.09609351917841766,0.03105675454572763,-4,54,-0.14814814814814814,0.14814814814814814,0,2,0.0,0.25392868880691627,0.3912478808919378,-25,54,-0.9259259259259259,0.9259259259259259,1,2,1.0,0.425508893321348,1.0609480720674587e-07,-8,54,-0.2962962962962963,0.2962962962962963,1,2,1.0,0.03771523484001601,4.926098149210155e-07,0,53,0.0,0.0,,,,0.07271382989058757,1.0261638065085673e-06,1,53,0.03773584905660377,0.03773584905660377,,,,0.09361392222748578,sdw,0.3912478808919378,0.007227904920054508,0.0005713820742179603,0.07905223996964965,0.20993251506511107,1.0,0.09253322057065351,0.005377665747446749,0.05811605512358284,0.1535167374880396,1.0,1.354425712141633e-07,1.8297114988860807e-07,1.3509131453159735,3.6233686540750356,0.6,1.3229465732397463e-05,1.8994745039843528e-05,1.4357907888394577,3.8128647661976443,0.8,1.3229465732397463e-05,1.8994745039843528e-05,1.4357907888394577,3.8128647661976443,0.8,0.002360013595080091,0.0003634638833074494,True,2.1371793224034263e-15,0.9278295266248121,0.12192152758696906,0.05301955193791117,0.006304523031728538,0.0016262969721919298,3.778064718094542e-05,4.450260785886262e-07,4.971015734938982e-09,3.3581190290210454e-10,1.8322369137668356e-11,0.9834358583042508,0.9928995514688465,17,10.36519637228985,0.9565921614046304,17
square__V_+0.0__t0_1.0,square,results_L_64_U_8.0_V_0.0_t0_1.0_t_p_0.1_geometry_square_chi_200_density_0.9375_gpu.h5,10689588,2026-07-06T16:18:22.236773+00:00,64,128,8.0,0.0,1.0,0.1,0.9375,200,square,square,square,square,0.0,2.8663469475965484,0.8684667791652642,0.0,0.1509237590520298,0.13251724,-0.13251724,0.13251724,1000,6.081926095271969e-10,1.0,1.0,0.7546187952601487,True,True,False,13,13,13,13,True,True,True,True,True,True,True,-267.9950256347656,-2.0937111377716064,0.08638658395403809,1.6586343177665492,1.3843754936356257e-07,-2.695364050239767e-06,6.877817213535309e-07,1.9772601528994471,2.848404701362677e-06,0.0007881521069916157,0.0001824915652026693,2.0551544993420247e-06,1.7296374268827256e-06,0.1282449874217795,0.12826472864634136,1.0,12,1,0.0,12,1,0.0,1.3122102187952183,0.000788344943608474,8,1.0000172497296422,1,0.000788344943608474,0.9374972829061772,1.0661915250988196e-06,1.7129304035443114e-05,0.5481341956259413,6.920904428719954e-07,2.6375821248142764e-06,2.717093822823813e-06,4.308721518464509e-09,0.13997317517051727,0.13997317517051727,0.14020566215073774,0.15031323935180954,1.6340993826585817e-07,0.0721528108236606,0.07885150158672623,0.10617673549174947,0.0,0.0,0.0,0.0,9.771370332098384e-08,9.771370332098384e-08,3.4752749129298985e-07,1.9422370316421653e-06,9.771370332098384e-08,9.771370332098384e-08,3.4752749129298985e-07,1.9422370316421653e-06,0.9274332413893608,0.9274332413893608,0.9289780729033353,0.9959690150823916,1.083765171372225e-06,0.47860113476473054,0.5229526306384183,0.7037599288484668,1.416512459542915e-07,5.581951155455341e-07,7.521416421891509e-07,2.586608404608181e-06,1.5037552593464372e-06,2.8210676307285446e-06,3.594934068033697e-06,9.381894484800015e-06,-3.6235796996029973e-06,6.760421263562784e-06,8.346824747977779e-06,1.8597450844910272e-05,0.004119907907133416,-4,54,-0.14814814814814814,0.14814814814814814,0,2,0.0,0.2605799829911437,0.051514257471153194,-25,54,-0.9259259259259259,0.9259259259259259,1,2,1.0,0.42681035977334947,0.0,-27,54,-1.0,1.0,0,2,0.0,0.0,9.771370332098383e-08,0,53,0.0,0.0,,,,0.07905559575818405,9.771370332098383e-08,0,53,0.0,0.0,,,,0.07905559575818405,sdw,0.051514257471153194,0.027353121009379797,-4,54,-0.14814814814814814,0.14814814814814814,0,2,0.0,0.26089060904067946,0.3416976306830219,-25,54,-0.9259259259259259,0.9259259259259259,1,2,1.0,0.4269325141356041,1.4482715315944286e-07,-17,54,-0.6296296296296297,0.6296296296296297,0,2,0.0,0.03707666985716711,1.5037552593464372e-06,0,53,0.0,0.0,,,,0.17497357252249893,3.703413352386244e-06,-1,53,-0.03773584905660377,0.03773584905660377,,,,0.19686195152494185,sdw,0.3416976306830219,0.002616640470204064,0.0015958091694420371,0.6098694824962272,1.4130553284044305,0.7,0.0318665376417077,0.02156924485162604,0.6768618886099407,1.6087257673424948,1.0,8.160250073506141e-06,9.892309592824834e-06,1.212255691151202,2.7617470824101154,0.6,0.0008477205505498794,0.000991553136004412,1.1696698108371144,2.622996072852004,1.0,0.0008477205505498794,0.000991553136004412,1.1696698108371144,2.622996072852004,1.0,0.0016125318752044356,0.00018247893168750126,True,1.2212453270876722e-15,1.026334804145308,0.1394645267846535,0.053441282637585685,0.009579560315525286,0.0027932278363779445,0.0002461643826179603,1.0054330311490866e-05,3.7204472632873754e-07,4.785000700694152e-08,3.4210009494928096e-09,1.3681384141095678,0.9945594492338706,17,7.419653194560433,0.9502379910354811,17
square__V_+0.0__t0_1.2,square,results_L_64_U_8.0_V_0.0_t0_1.2_t_p_0.1_geometry_square_chi_200_density_0.9375_gpu.h5,5170228,2026-07-09T18:33:14.003502+00:00,64,128,8.0,0.0,1.2,0.1,0.9375,200,square,square,square,square,1.494855048103307e-16,1.2657430810534895,0.7182228175753194,1.494855048103307e-16,0.11117534575532531,0.17989600000000003,-0.17989619749147323,0.17989619749147323,1000,1.674855412083639e-09,0.9999989021920643,1.000001097809141,0.5558761185307424,True,True,False,6,6,6,6,True,True,True,True,True,True,True,-273.43939208984375,-2.1362452507019043,0.058818206302078124,1.6486343177665492,2.2673203253051455e-07,-9.297134510000681e-06,3.4458935260772705e-07,1.9097121142215827,4.3173026937563e-06,0.0012395250461335828,0.00015155723307581914,3.0070428881162403e-06,1.9352319840384884e-06,0.08845414050719312,0.08841564085446751,1.0,5,1,0.0,5,1,0.0,1.175273423990291,0.0012390860566094612,5,1.0000341187999224,1,0.0012390860566094612,0.9374963779497019,4.8474481619681375e-08,7.840209796268915e-06,0.45114163260340895,3.334776839669651e-07,1.0949380947426063e-06,3.6220502981354485e-06,1.1111668640761962e-08,0.1031357989319113,0.1031357989319113,0.10328583288328934,0.11055638634859032,6.166115059686408e-08,0.04472559162966917,0.04889950761869723,0.06635189466579593,0.0,0.0,0.0,0.0,3.6096328279772723e-07,4.0114446033735775e-07,8.712273046382843e-07,2.786210575059249e-06,3.6096328279772723e-07,4.0114446033735775e-07,8.712273046382843e-07,2.786210575059249e-06,0.9276873011554438,0.9276873011554438,0.9290312004668775,0.9943567696621807,1.6669274810271267e-08,0.40161354163569496,0.4391102198508894,0.5962052430533478,2.3457754507356115e-07,5.708801293543536e-07,7.13160179806597e-07,2.0391848707802455e-06,3.1255489451704852e-06,4.065174078327326e-06,5.091603245034883e-06,1.3497206619442336e-05,-1.0260196408851458e-05,1.2188716762287356e-05,1.608063759608497e-05,3.906451109594503e-05,0.002868416275040322,-4,54,-0.14814814814814814,0.14814814814814814,0,2,0.0,0.2656682174349154,0.03199197275098973,-25,54,-0.9259259259259259,0.9259259259259259,1,2,1.0,0.42802887746388335,0.0,-27,54,-1.0,1.0,0,2,0.0,0.0,3.6868439771430294e-07,-1,53,-0.03773584905660377,0.03773584905660377,,,,0.17907978424041124,3.6868439771430294e-07,-1,53,-0.03773584905660377,0.03773584905660377,,,,0.17907978424041124,sdw,0.03199197275098973,0.025779192986688817,-4,54,-0.14814814814814814,0.14814814814814814,0,2,0.0,0.26633352612230266,0.28736416124182346,25,54,0.9259259259259259,0.9259259259259259,1,2,1.0,0.4282704579880955,2.3457754507356115e-07,0,54,0.0,0.0,0,2,0.0,0.10819288518178313,3.1255489451704852e-06,0,53,0.0,0.0,,,,0.37682828970704,1.0260196408851456e-05,0,53,0.0,0.0,,,,0.4071034847879561,sdw,0.28736416124182346,0.0029654737598409833,0.0001409601694971682,0.04753377737010456,0.1338019495433294,1.0,0.033197064209880216,0.0018032765881122242,0.05432036329211085,0.153252209610909,1.0,1.274256854904634e-06,2.6021015925176014e-06,2.042054223606546,5.552107065255287,0.5,3.124847770681901e-05,5.627279856869809e-05,1.800817278097944,4.969639035118572,0.8333333333333334,3.124847770681901e-05,5.627279856869809e-05,1.800817278097944,4.969639035118572,0.8333333333333334,0.0029258292421042637,0.00015145681515835,True,8.534839501805891e-16,1.1853667172451972,0.18147230990389374,0.05394759391117491,0.014892385146448197,0.005419713805543805,0.001235716724476141,0.00014365966999473274,1.7289558119564667e-05,3.919433924232634e-06,6.563694331289635e-07,2.0628892950421926,0.9955195177017909,17,4.908277409606037,0.9463116349437011,17
square__V_+0.0__t0_1.4,square,results_L_64_U_8.0_V_0.0_t0_1.4_t_p_0.1_geometry_square_chi_200_density_0.9375_gpu.h5,13055028,2026-07-09T18:33:24.943174+00:00,64,128,8.0,0.0,1.4,0.1,0.9375,200,square,square,square,square,2.1489715326543284e-16,0.8585011712931168,0.6926513699828488,2.1489715326543284e-16,0.13648364891765055,0.14653770000000002,-0.14653773091916378,0.14653773091916378,1000,1.3241418614180932e-10,0.99999978900203,1.0000002109980146,0.6824181005993883,True,True,False,16,16,16,16,True,True,True,True,True,True,True,-281.9204406738281,-2.2025034427642822,0.13657419066845478,1.6386343177665492,7.233192911379849e-07,3.5048509203244966e-05,9.145587682723999e-07,0.9953403942911261,5.665479064513213e-06,0.000817447079504717,0.00013418905208908288,1.0757850313933078e-05,6.104899606396036e-06,0.10185597119100832,0.10190827988330818,1.0,15,1,0.0,15,1,0.0,0.6153720049377239,0.00081750536329778,1,0.6153720049377239,1,0.00081750536329778,0.9374967903628105,8.239065939913415e-10,5.873166088033688e-06,0.3573810615648324,9.325624596989712e-07,5.11404562490627e-07,3.20963718947187e-06,1.8003691426571322e-08,0.1266484099516897,0.1266484099516897,0.1268356865727708,0.13575044741593553,-2.225540904022436e-08,0.04370759238315643,0.04827334422080953,0.06796149496608112,0.0,0.0,0.0,0.0,2.506513547650802e-06,2.7582339627401237e-06,3.966401700685963e-06,9.383222384064585e-06,2.506513547650802e-06,2.7582339627401237e-06,3.966401700685963e-06,9.383222384064585e-06,0.9279335223616032,0.9279335223616032,0.9293167604188411,0.994847091879789,3.1877497082431914e-07,0.320516159247797,0.35401625532590114,0.4984934026258355,-7.264342451905208e-07,8.973321378675459e-07,1.1714791357351184e-06,3.2646068008919305e-06,-6.742159537517618e-06,6.960730001490452e-06,8.541945971574495e-06,1.8907187820886435e-05,3.7587136929586794e-05,3.781286603947207e-05,4.568830920181328e-05,9.808315206324252e-05,0.0034030099760882946,-4,54,-0.14814814814814814,0.14814814814814814,0,2,0.0,0.2439451355479166,0.031292761762853026,-25,54,-0.9259259259259259,0.9259259259259259,1,2,1.0,0.4202164164210367,0.0,-27,54,-1.0,1.0,0,2,0.0,0.0,2.506513547650802e-06,0,53,0.0,0.0,,,,0.39934359324068786,2.506513547650802e-06,0,53,0.0,0.0,,,,0.39934359324068786,sdw,0.031292761762853026,0.024985490381976366,-4,54,-0.14814814814814814,0.14814814814814814,0,2,0.0,0.2430011857828805,0.22934326395073928,-25,54,-0.9259259259259259,0.9259259259259259,1,2,1.0,0.41968705134720624,7.264342451905205e-07,0,54,0.0,0.0,0,2,0.0,0.3845240450641166,6.742159537517618e-06,0,53,0.0,0.0,,,,0.6229947823910322,3.7587136929586794e-05,0,53,0.0,0.0,,,,0.6768124197365335,sdw,0.22934326395073928,0.0034595736531470946,4.104169465574771e-05,0.011863223266951701,0.03626007587819552,1.0,0.031471378853311215,0.00015773817472611282,0.005012115149492938,0.016243587691794688,1.0,0.0,0.0,,,1.0,2.631484184168189e-06,7.204568419290637e-07,0.27378345887980315,0.8004389419850301,0.9,2.631484184168189e-06,7.204568419290637e-07,0.27378345887980315,0.8004389419850301,0.9,0.0019226715585232317,0.00013421627769874545,True,9.853229343548264e-16,1.3853175875275219,0.24636013609838692,0.05091340288779642,0.019705363534193353,0.010343478413537919,0.003393349303159067,0.0006735370415853109,0.00015288650928259705,4.86704964953938e-05,1.252526676165004e-05,2.8104838973391937,0.9961210093901093,17,3.6073222372435745,0.9493329087823997,17
