outfile_name: results_U_-4.0_t0_0.2_t_p_0.2_gpu.h5
[ Info:  started timer at: 2026-01-05T09:34:48.635
Starting fresh run
Running with t0=0.2 t_p=0.2 U=-4.0 L=64 chi_max=1000 E_p=1.476 mu_init=-2.64
After sweep 1 energy=-1.0958616  maxlinkdim=10 maxerr=7.45E-03 time=29.932
After sweep 2 energy=-10.061506  maxlinkdim=20 maxerr=4.26E-04 time=1.538
After sweep 3 energy=-11.63957  maxlinkdim=100 maxerr=1.73E-06 time=2.628
After sweep 4 energy=-11.924076  maxlinkdim=622 maxerr=1.00E-10 time=12.203
After sweep 5 energy=-12.056416  maxlinkdim=581 maxerr=3.41E-08 time=15.347
After sweep 6 energy=-12.130273  maxlinkdim=893 maxerr=2.66E-07 time=15.380
After sweep 7 energy=-12.166697  maxlinkdim=895 maxerr=8.05E-08 time=19.670
After sweep 8 energy=-12.184085  maxlinkdim=1000 maxerr=1.64E-07 time=28.485
After sweep 9 energy=-12.192534  maxlinkdim=1000 maxerr=2.81E-09 time=44.580
After sweep 10 energy=-12.193508  maxlinkdim=1000 maxerr=1.98E-10 time=57.747
After sweep 11 energy=-12.193499  maxlinkdim=991 maxerr=1.97E-08 time=68.173
After sweep 12 energy=-12.193399  maxlinkdim=966 maxerr=6.22E-09 time=66.066
After sweep 13 energy=-12.193401  maxlinkdim=961 maxerr=5.18E-08 time=67.300
After sweep 14 energy=-12.193403  maxlinkdim=969 maxerr=1.09E-07 time=68.207
After sweep 15 energy=-12.193363  maxlinkdim=958 maxerr=8.53E-08 time=67.331
After sweep 16 energy=-12.1934185  maxlinkdim=963 maxerr=1.56E-08 time=67.528
After sweep 17 energy=-12.193394  maxlinkdim=971 maxerr=2.57E-08 time=68.377
After sweep 18 energy=-12.193388  maxlinkdim=971 maxerr=2.45E-08 time=67.613
After sweep 19 energy=-12.193369  maxlinkdim=968 maxerr=3.55E-08 time=67.732
After sweep 20 energy=-12.193338  maxlinkdim=962 maxerr=2.38E-08 time=68.248
After sweep 21 energy=-12.193371  maxlinkdim=968 maxerr=9.94E-08 time=67.333
After sweep 22 energy=-12.193329  maxlinkdim=977 maxerr=3.40E-08 time=67.739
After sweep 23 energy=-12.193409  maxlinkdim=967 maxerr=3.01E-08 time=68.037
After sweep 24 energy=-12.19338  maxlinkdim=976 maxerr=2.00E-08 time=67.547
After sweep 25 energy=-12.19335  maxlinkdim=970 maxerr=2.22E-08 time=67.577
After sweep 26 energy=-12.1933975  maxlinkdim=967 maxerr=4.45E-08 time=68.004
After sweep 27 energy=-12.193274  maxlinkdim=970 maxerr=5.19E-08 time=67.662
After sweep 28 energy=-12.193382  maxlinkdim=969 maxerr=2.56E-08 time=67.946
After sweep 29 energy=-12.193356  maxlinkdim=998 maxerr=3.14E-08 time=68.047
After sweep 30 energy=-12.1934185  maxlinkdim=965 maxerr=3.85E-08 time=67.695
Not same mu, searching again
After sweep 1 energy=-0.57236344  maxlinkdim=10 maxerr=5.98E-03 time=1.330
After sweep 2 energy=-10.960804  maxlinkdim=20 maxerr=2.31E-04 time=1.638
After sweep 3 energy=-12.566544  maxlinkdim=100 maxerr=1.90E-06 time=2.360
After sweep 4 energy=-12.757339  maxlinkdim=733 maxerr=1.00E-10 time=12.395
After sweep 5 energy=-12.809345  maxlinkdim=941 maxerr=2.91E-08 time=21.916
After sweep 6 energy=-12.830364  maxlinkdim=1000 maxerr=8.62E-08 time=28.508
After sweep 7 energy=-12.838545  maxlinkdim=1000 maxerr=2.22E-08 time=37.742
After sweep 8 energy=-12.840001  maxlinkdim=1000 maxerr=8.40E-09 time=50.644
After sweep 9 energy=-12.839977  maxlinkdim=1000 maxerr=1.38E-07 time=58.496
After sweep 10 energy=-12.839935  maxlinkdim=1000 maxerr=1.28E-08 time=67.772
After sweep 11 energy=-12.839945  maxlinkdim=996 maxerr=2.52E-08 time=74.276
After sweep 12 energy=-12.839834  maxlinkdim=1000 maxerr=1.11E-08 time=74.663
After sweep 13 energy=-12.839823  maxlinkdim=1000 maxerr=2.14E-08 time=75.078
After sweep 14 energy=-12.83988  maxlinkdim=1000 maxerr=2.09E-08 time=74.712
After sweep 15 energy=-12.839845  maxlinkdim=991 maxerr=6.73E-08 time=74.226
After sweep 16 energy=-12.839776  maxlinkdim=1000 maxerr=5.90E-08 time=74.963
After sweep 17 energy=-12.83987  maxlinkdim=1000 maxerr=1.97E-07 time=74.309
After sweep 18 energy=-12.839848  maxlinkdim=1000 maxerr=1.49E-10 time=75.220
After sweep 19 energy=-12.839867  maxlinkdim=992 maxerr=6.93E-08 time=74.268
After sweep 20 energy=-12.839899  maxlinkdim=996 maxerr=7.97E-08 time=74.773
After sweep 21 energy=-12.839914  maxlinkdim=996 maxerr=2.90E-08 time=74.902
After sweep 22 energy=-12.83989  maxlinkdim=1000 maxerr=2.62E-08 time=74.496
After sweep 23 energy=-12.839862  maxlinkdim=997 maxerr=1.33E-08 time=74.946
After sweep 24 energy=-12.839836  maxlinkdim=996 maxerr=2.45E-08 time=74.663
After sweep 25 energy=-12.839869  maxlinkdim=1000 maxerr=2.76E-08 time=74.628
After sweep 26 energy=-12.839823  maxlinkdim=1000 maxerr=8.57E-08 time=75.296
After sweep 27 energy=-12.839788  maxlinkdim=1000 maxerr=1.21E-07 time=74.290
After sweep 28 energy=-12.839891  maxlinkdim=1000 maxerr=2.26E-08 time=75.366
After sweep 29 energy=-12.839836  maxlinkdim=1000 maxerr=4.33E-08 time=74.878
After sweep 30 energy=-12.839895  maxlinkdim=1000 maxerr=2.54E-08 time=74.650
n0: 0.4992803; n1: 0.51091784; mu0: -2.64; mu1: -2.6300000000000003

Range found between mu0: -2.64 (n0: 0.4992803) and mu1: -2.6300000000000003 (n1: 0.51091784); refining...
n0: 0.4992803; n1: 0.51091784; mu0: -2.64; mu1: -2.6300000000000003
Trying secant step...
After sweep 1 energy=-0.19514447  maxlinkdim=10 maxerr=8.97E-03 time=1.371
After sweep 2 energy=-10.123912  maxlinkdim=20 maxerr=2.72E-04 time=1.777
After sweep 3 energy=-11.891824  maxlinkdim=100 maxerr=1.35E-06 time=2.420
After sweep 4 energy=-12.137426  maxlinkdim=664 maxerr=1.00E-10 time=12.491
After sweep 5 energy=-12.201075  maxlinkdim=767 maxerr=1.27E-08 time=18.475
After sweep 6 energy=-12.223355  maxlinkdim=1000 maxerr=5.77E-08 time=27.754
After sweep 7 energy=-12.230819  maxlinkdim=1000 maxerr=7.75E-08 time=36.905
After sweep 8 energy=-12.232676  maxlinkdim=1000 maxerr=1.93E-08 time=46.071
After sweep 9 energy=-12.232929  maxlinkdim=1000 maxerr=1.57E-08 time=55.613
After sweep 10 energy=-12.232994  maxlinkdim=1000 maxerr=1.71E-08 time=63.032
After sweep 11 energy=-12.232889  maxlinkdim=972 maxerr=1.95E-08 time=67.838
After sweep 12 energy=-12.232937  maxlinkdim=966 maxerr=3.98E-08 time=68.066
After sweep 13 energy=-12.232906  maxlinkdim=968 maxerr=1.93E-07 time=68.118
After sweep 14 energy=-12.232903  maxlinkdim=974 maxerr=1.73E-08 time=68.531
After sweep 15 energy=-12.232981  maxlinkdim=967 maxerr=2.37E-09 time=67.707
After sweep 16 energy=-12.232866  maxlinkdim=975 maxerr=1.58E-08 time=68.255
After sweep 17 energy=-12.23296  maxlinkdim=972 maxerr=1.44E-07 time=68.423
After sweep 18 energy=-12.232935  maxlinkdim=969 maxerr=1.85E-08 time=68.014
After sweep 19 energy=-12.232933  maxlinkdim=976 maxerr=1.19E-08 time=68.722
After sweep 20 energy=-12.232964  maxlinkdim=967 maxerr=2.53E-08 time=68.375
After sweep 21 energy=-12.232851  maxlinkdim=970 maxerr=5.47E-09 time=67.822
After sweep 22 energy=-12.232948  maxlinkdim=975 maxerr=1.40E-10 time=68.973
After sweep 23 energy=-12.232967  maxlinkdim=972 maxerr=9.69E-08 time=68.105
After sweep 24 energy=-12.233049  maxlinkdim=970 maxerr=3.12E-08 time=67.721
After sweep 25 energy=-12.23291  maxlinkdim=980 maxerr=2.78E-08 time=68.772
After sweep 26 energy=-12.232876  maxlinkdim=968 maxerr=7.88E-08 time=68.081
After sweep 27 energy=-12.2329235  maxlinkdim=977 maxerr=2.83E-08 time=68.078
After sweep 28 energy=-12.232859  maxlinkdim=976 maxerr=3.29E-08 time=68.591
After sweep 29 energy=-12.232896  maxlinkdim=972 maxerr=1.11E-08 time=68.092
After sweep 30 energy=-12.232882  maxlinkdim=975 maxerr=9.17E-09 time=67.974
n0: 0.4992803; n1: 0.5000057; mu0: -2.64; mu1: -2.639381573454958
Trying secant step...
After sweep 1 energy=-1.7488824  maxlinkdim=10 maxerr=8.15E-03 time=1.397
After sweep 2 energy=-9.673348  maxlinkdim=20 maxerr=1.04E-04 time=1.798
After sweep 3 energy=-11.493159  maxlinkdim=100 maxerr=1.99E-06 time=2.421
After sweep 4 energy=-11.887484  maxlinkdim=651 maxerr=1.00E-10 time=10.186
After sweep 5 energy=-12.063253  maxlinkdim=809 maxerr=1.89E-09 time=13.626
After sweep 6 energy=-12.157852  maxlinkdim=896 maxerr=2.72E-08 time=15.306
After sweep 7 energy=-12.201466  maxlinkdim=962 maxerr=1.47E-08 time=22.853
After sweep 8 energy=-12.22142  maxlinkdim=1000 maxerr=3.08E-08 time=29.307
After sweep 9 energy=-12.229408  maxlinkdim=1000 maxerr=1.64E-08 time=34.317
After sweep 10 energy=-12.232437  maxlinkdim=1000 maxerr=2.98E-07 time=42.172
After sweep 11 energy=-12.232714  maxlinkdim=1000 maxerr=1.38E-07 time=56.055
After sweep 12 energy=-12.23258  maxlinkdim=996 maxerr=4.26E-08 time=64.287
After sweep 13 energy=-12.232607  maxlinkdim=970 maxerr=4.58E-08 time=67.273
After sweep 14 energy=-12.232592  maxlinkdim=976 maxerr=3.69E-08 time=68.307
After sweep 15 energy=-12.232599  maxlinkdim=974 maxerr=8.34E-10 time=68.820
After sweep 16 energy=-12.232596  maxlinkdim=1000 maxerr=2.92E-08 time=68.206
After sweep 17 energy=-12.232721  maxlinkdim=972 maxerr=9.01E-09 time=67.922
After sweep 18 energy=-12.232584  maxlinkdim=970 maxerr=1.00E-10 time=68.880
After sweep 19 energy=-12.23263  maxlinkdim=960 maxerr=2.16E-08 time=67.812
After sweep 20 energy=-12.232618  maxlinkdim=975 maxerr=3.70E-08 time=67.973
After sweep 21 energy=-12.232611  maxlinkdim=969 maxerr=2.54E-08 time=69.009
After sweep 22 energy=-12.232645  maxlinkdim=969 maxerr=3.56E-08 time=67.997
After sweep 23 energy=-12.232597  maxlinkdim=964 maxerr=2.23E-08 time=67.857
After sweep 24 energy=-12.232592  maxlinkdim=972 maxerr=8.40E-08 time=68.816
After sweep 25 energy=-12.232601  maxlinkdim=971 maxerr=1.76E-07 time=67.950
After sweep 26 energy=-12.232607  maxlinkdim=972 maxerr=2.72E-08 time=68.042
After sweep 27 energy=-12.232639  maxlinkdim=961 maxerr=1.97E-08 time=68.906
After sweep 28 energy=-12.232527  maxlinkdim=978 maxerr=1.70E-08 time=67.752
After sweep 29 energy=-12.232639  maxlinkdim=968 maxerr=1.48E-08 time=67.933
After sweep 30 energy=-12.232573  maxlinkdim=966 maxerr=1.00E-10 time=69.084
FOUND MU (secant); mu: -2.63938645155761  n: 0.5
Target density achieved with mu=-2.63938645155761, n=0.5
Checking {alpha,beta} vs measured
Alpha not converged.
NOT CONVERGED; updating alpha, beta and continuing...
After sweep 1 energy=1.9352729  maxlinkdim=10 maxerr=3.55E-03 time=1.311
After sweep 2 energy=-2.9697697  maxlinkdim=20 maxerr=2.95E-05 time=1.506
After sweep 3 energy=-3.4556003  maxlinkdim=100 maxerr=9.48E-08 time=2.910
After sweep 4 energy=-3.5782104  maxlinkdim=449 maxerr=1.00E-10 time=16.651
After sweep 5 energy=-3.6376715  maxlinkdim=373 maxerr=1.06E-07 time=17.650
After sweep 6 energy=-3.6742103  maxlinkdim=316 maxerr=9.49E-09 time=13.532
After sweep 7 energy=-3.696268  maxlinkdim=355 maxerr=4.41E-08 time=14.105
After sweep 8 energy=-3.7101603  maxlinkdim=556 maxerr=7.61E-08 time=16.282
After sweep 9 energy=-3.7164636  maxlinkdim=588 maxerr=7.11E-09 time=20.670
After sweep 10 energy=-3.7186315  maxlinkdim=550 maxerr=1.19E-08 time=22.192
After sweep 11 energy=-3.7195313  maxlinkdim=455 maxerr=5.39E-09 time=22.727
After sweep 12 energy=-3.7198231  maxlinkdim=444 maxerr=9.23E-09 time=25.307
After sweep 13 energy=-3.7198966  maxlinkdim=461 maxerr=9.18E-09 time=27.872
After sweep 14 energy=-3.7199078  maxlinkdim=421 maxerr=1.93E-08 time=29.504
After sweep 15 energy=-3.7198882  maxlinkdim=421 maxerr=1.24E-08 time=28.400
After sweep 16 energy=-3.7198846  maxlinkdim=400 maxerr=1.67E-08 time=28.483
After sweep 17 energy=-3.719885  maxlinkdim=406 maxerr=4.90E-09 time=27.865
After sweep 18 energy=-3.7198827  maxlinkdim=400 maxerr=9.17E-09 time=27.851
After sweep 19 energy=-3.7198846  maxlinkdim=401 maxerr=1.41E-07 time=27.895
After sweep 20 energy=-3.7198963  maxlinkdim=399 maxerr=1.10E-08 time=27.911
After sweep 21 energy=-3.7198865  maxlinkdim=402 maxerr=1.60E-08 time=28.057
After sweep 22 energy=-3.7198918  maxlinkdim=400 maxerr=1.84E-08 time=29.340
After sweep 23 energy=-3.7198906  maxlinkdim=402 maxerr=5.67E-08 time=27.995
After sweep 24 energy=-3.7198734  maxlinkdim=401 maxerr=5.59E-08 time=27.909
After sweep 25 energy=-3.719875  maxlinkdim=411 maxerr=1.78E-08 time=27.964
After sweep 26 energy=-3.7198932  maxlinkdim=398 maxerr=1.54E-08 time=27.866
After sweep 27 energy=-3.7198966  maxlinkdim=399 maxerr=1.70E-08 time=27.942
After sweep 28 energy=-3.7198837  maxlinkdim=397 maxerr=2.98E-07 time=28.026
After sweep 29 energy=-3.719891  maxlinkdim=403 maxerr=1.00E-07 time=28.058
After sweep 30 energy=-3.719893  maxlinkdim=402 maxerr=1.49E-08 time=28.661
Not same mu, searching again
After sweep 1 energy=3.1981344  maxlinkdim=10 maxerr=4.89E-03 time=1.378
After sweep 2 energy=-3.0589812  maxlinkdim=20 maxerr=6.90E-05 time=1.543
After sweep 3 energy=-3.7788217  maxlinkdim=100 maxerr=1.42E-07 time=2.601
After sweep 4 energy=-3.9228852  maxlinkdim=453 maxerr=1.00E-10 time=17.355
After sweep 5 energy=-3.984527  maxlinkdim=316 maxerr=5.55E-09 time=18.790
After sweep 6 energy=-4.024429  maxlinkdim=530 maxerr=1.30E-07 time=15.419
After sweep 7 energy=-4.0461984  maxlinkdim=519 maxerr=7.75E-09 time=18.381
After sweep 8 energy=-4.057681  maxlinkdim=536 maxerr=1.23E-07 time=20.890
After sweep 9 energy=-4.063106  maxlinkdim=605 maxerr=5.66E-09 time=23.083
After sweep 10 energy=-4.0651093  maxlinkdim=521 maxerr=9.48E-08 time=24.953
After sweep 11 energy=-4.065806  maxlinkdim=489 maxerr=1.84E-08 time=26.551
After sweep 12 energy=-4.0659614  maxlinkdim=493 maxerr=1.36E-09 time=28.310
After sweep 13 energy=-4.0659447  maxlinkdim=461 maxerr=7.90E-09 time=31.013
After sweep 14 energy=-4.065965  maxlinkdim=445 maxerr=1.86E-08 time=33.862
After sweep 15 energy=-4.0659504  maxlinkdim=425 maxerr=9.30E-09 time=32.295
After sweep 16 energy=-4.065963  maxlinkdim=420 maxerr=1.10E-08 time=31.756
After sweep 17 energy=-4.0659504  maxlinkdim=422 maxerr=1.37E-08 time=31.755
After sweep 18 energy=-4.065975  maxlinkdim=423 maxerr=8.77E-09 time=31.658
After sweep 19 energy=-4.0659385  maxlinkdim=420 maxerr=7.56E-08 time=31.667
After sweep 20 energy=-4.065986  maxlinkdim=423 maxerr=1.56E-08 time=31.842
After sweep 21 energy=-4.0659904  maxlinkdim=426 maxerr=8.73E-09 time=32.724
After sweep 22 energy=-4.0659466  maxlinkdim=422 maxerr=9.67E-09 time=34.205
After sweep 23 energy=-4.0659437  maxlinkdim=421 maxerr=1.67E-08 time=31.725
After sweep 24 energy=-4.065981  maxlinkdim=423 maxerr=5.79E-09 time=31.649
After sweep 25 energy=-4.065965  maxlinkdim=423 maxerr=3.59E-09 time=31.801
After sweep 26 energy=-4.0659733  maxlinkdim=421 maxerr=1.13E-08 time=31.783
After sweep 27 energy=-4.0659637  maxlinkdim=422 maxerr=1.74E-08 time=31.621
After sweep 28 energy=-4.066001  maxlinkdim=424 maxerr=2.04E-08 time=32.191
After sweep 29 energy=-4.0659714  maxlinkdim=420 maxerr=1.08E-08 time=32.958
After sweep 30 energy=-4.0659647  maxlinkdim=424 maxerr=1.27E-08 time=31.709
n0: 0.26102084; n1: 0.27971405; mu0: -2.63938645155761; mu1: -2.62938645155761
n_target > n1 and n_target > n0 triggered
After sweep 1 energy=2.568029  maxlinkdim=10 maxerr=6.17E-03 time=1.278
After sweep 2 energy=-2.9812396  maxlinkdim=20 maxerr=6.06E-05 time=1.600
After sweep 3 energy=-3.7716713  maxlinkdim=100 maxerr=2.65E-07 time=2.797
After sweep 4 energy=-3.9766643  maxlinkdim=550 maxerr=1.00E-10 time=16.072
After sweep 5 energy=-4.1509247  maxlinkdim=622 maxerr=3.32E-08 time=21.733
After sweep 6 energy=-4.2955346  maxlinkdim=630 maxerr=1.64E-08 time=20.069
After sweep 7 energy=-4.374386  maxlinkdim=558 maxerr=8.66E-09 time=20.083
After sweep 8 energy=-4.410891  maxlinkdim=507 maxerr=8.27E-09 time=20.772
After sweep 9 energy=-4.426565  maxlinkdim=589 maxerr=6.57E-09 time=20.481
After sweep 10 energy=-4.4337807  maxlinkdim=559 maxerr=5.58E-09 time=24.269
After sweep 11 energy=-4.435512  maxlinkdim=561 maxerr=4.18E-09 time=28.703
After sweep 12 energy=-4.4359174  maxlinkdim=575 maxerr=3.39E-08 time=32.350
After sweep 13 energy=-4.435911  maxlinkdim=500 maxerr=9.66E-09 time=33.722
After sweep 14 energy=-4.435894  maxlinkdim=482 maxerr=5.90E-08 time=35.644
After sweep 15 energy=-4.4358845  maxlinkdim=441 maxerr=4.42E-09 time=36.408
After sweep 16 energy=-4.4358816  maxlinkdim=442 maxerr=6.61E-08 time=35.289
After sweep 17 energy=-4.435875  maxlinkdim=443 maxerr=1.56E-08 time=35.058
After sweep 18 energy=-4.435864  maxlinkdim=440 maxerr=1.38E-08 time=36.052
After sweep 19 energy=-4.4358826  maxlinkdim=441 maxerr=5.44E-09 time=35.638
After sweep 20 energy=-4.4358664  maxlinkdim=438 maxerr=5.02E-08 time=35.014
After sweep 21 energy=-4.435911  maxlinkdim=441 maxerr=8.32E-09 time=35.133
After sweep 22 energy=-4.4358544  maxlinkdim=440 maxerr=3.47E-08 time=35.000
After sweep 23 energy=-4.4358654  maxlinkdim=444 maxerr=8.80E-09 time=35.118
After sweep 24 energy=-4.43589  maxlinkdim=450 maxerr=1.23E-08 time=35.358
After sweep 25 energy=-4.435878  maxlinkdim=442 maxerr=2.78E-08 time=36.583
After sweep 26 energy=-4.43589  maxlinkdim=443 maxerr=3.21E-09 time=35.178
After sweep 27 energy=-4.435875  maxlinkdim=444 maxerr=6.73E-09 time=35.162
After sweep 28 energy=-4.4358807  maxlinkdim=438 maxerr=5.97E-08 time=35.127
After sweep 29 energy=-4.4358754  maxlinkdim=442 maxerr=7.96E-08 time=35.161
After sweep 30 energy=-4.4359  maxlinkdim=443 maxerr=2.69E-08 time=35.175
n0: 0.27971405; n1: 0.2983069; mu0: -2.62938645155761; mu1: -2.6193864515576104
n_target > n1 and n_target > n0 triggered
After sweep 1 energy=2.81842  maxlinkdim=10 maxerr=7.20E-03 time=1.399
After sweep 2 energy=-3.473492  maxlinkdim=20 maxerr=8.93E-05 time=1.545
After sweep 3 energy=-4.386164  maxlinkdim=100 maxerr=2.06E-07 time=2.622
After sweep 4 energy=-4.5901546  maxlinkdim=500 maxerr=1.00E-10 time=16.993
After sweep 5 energy=-4.700766  maxlinkdim=424 maxerr=3.31E-08 time=21.966
After sweep 6 energy=-4.7622905  maxlinkdim=450 maxerr=1.77E-07 time=19.436
After sweep 7 energy=-4.7958198  maxlinkdim=489 maxerr=5.08E-09 time=19.421
After sweep 8 energy=-4.814126  maxlinkdim=716 maxerr=1.95E-09 time=23.258
After sweep 9 energy=-4.825301  maxlinkdim=664 maxerr=3.37E-08 time=28.615
After sweep 10 energy=-4.8286757  maxlinkdim=633 maxerr=5.72E-08 time=33.383
After sweep 11 energy=-4.8294444  maxlinkdim=540 maxerr=1.18E-08 time=36.199
After sweep 12 energy=-4.829521  maxlinkdim=499 maxerr=1.53E-07 time=36.749
After sweep 13 energy=-4.829526  maxlinkdim=512 maxerr=1.12E-08 time=38.930
After sweep 14 energy=-4.8295135  maxlinkdim=503 maxerr=1.14E-08 time=41.899
After sweep 15 energy=-4.829498  maxlinkdim=466 maxerr=1.53E-08 time=40.518
After sweep 16 energy=-4.8295164  maxlinkdim=465 maxerr=4.94E-08 time=39.699
After sweep 17 energy=-4.8295507  maxlinkdim=461 maxerr=1.96E-08 time=39.490
After sweep 18 energy=-4.8295093  maxlinkdim=466 maxerr=4.29E-08 time=39.833
After sweep 19 energy=-4.829487  maxlinkdim=465 maxerr=1.09E-08 time=41.206
After sweep 20 energy=-4.829515  maxlinkdim=463 maxerr=3.58E-08 time=39.837
After sweep 21 energy=-4.829541  maxlinkdim=464 maxerr=2.80E-08 time=39.519
After sweep 22 energy=-4.8295107  maxlinkdim=467 maxerr=1.56E-08 time=39.572
After sweep 23 energy=-4.8295355  maxlinkdim=475 maxerr=4.00E-08 time=39.624
After sweep 24 energy=-4.829523  maxlinkdim=466 maxerr=1.11E-08 time=39.649
After sweep 25 energy=-4.8295345  maxlinkdim=465 maxerr=2.91E-08 time=41.014
After sweep 26 energy=-4.8295193  maxlinkdim=467 maxerr=5.88E-08 time=39.861
After sweep 27 energy=-4.829531  maxlinkdim=465 maxerr=1.36E-07 time=39.505
After sweep 28 energy=-4.8295407  maxlinkdim=465 maxerr=2.49E-08 time=39.644
After sweep 29 energy=-4.8295155  maxlinkdim=464 maxerr=8.50E-08 time=39.525
After sweep 30 energy=-4.8295155  maxlinkdim=466 maxerr=7.02E-08 time=40.188
n0: 0.2983069; n1: 0.31670994; mu0: -2.6193864515576104; mu1: -2.6093864515576106
n_target > n1 and n_target > n0 triggered
After sweep 1 energy=1.984005  maxlinkdim=10 maxerr=4.82E-03 time=1.397
After sweep 2 energy=-4.1558676  maxlinkdim=20 maxerr=3.54E-05 time=1.559
After sweep 3 energy=-4.9286165  maxlinkdim=100 maxerr=1.92E-07 time=2.625
After sweep 4 energy=-5.0997076  maxlinkdim=575 maxerr=1.00E-10 time=21.300
After sweep 5 energy=-5.1677766  maxlinkdim=376 maxerr=1.30E-08 time=23.665
After sweep 6 energy=-5.2061296  maxlinkdim=421 maxerr=1.00E-10 time=18.422
After sweep 7 energy=-5.2283525  maxlinkdim=569 maxerr=9.88E-08 time=21.103
After sweep 8 energy=-5.2391577  maxlinkdim=860 maxerr=1.03E-08 time=24.387
After sweep 9 energy=-5.244109  maxlinkdim=694 maxerr=7.28E-09 time=26.977
After sweep 10 energy=-5.245965  maxlinkdim=596 maxerr=3.46E-08 time=30.771
After sweep 11 energy=-5.2464995  maxlinkdim=627 maxerr=3.70E-09 time=35.964
After sweep 12 energy=-5.246584  maxlinkdim=603 maxerr=1.02E-08 time=40.674
After sweep 13 energy=-5.246566  maxlinkdim=575 maxerr=4.36E-08 time=45.279
After sweep 14 energy=-5.2465243  maxlinkdim=499 maxerr=1.78E-08 time=47.199
After sweep 15 energy=-5.246572  maxlinkdim=487 maxerr=1.50E-08 time=44.541
After sweep 16 energy=-5.2465563  maxlinkdim=489 maxerr=1.72E-08 time=44.206
After sweep 17 energy=-5.2465553  maxlinkdim=487 maxerr=9.91E-09 time=45.247
After sweep 18 energy=-5.24655  maxlinkdim=494 maxerr=1.32E-07 time=44.887
After sweep 19 energy=-5.246537  maxlinkdim=485 maxerr=4.60E-08 time=44.152
After sweep 20 energy=-5.246564  maxlinkdim=486 maxerr=1.64E-08 time=44.116
After sweep 21 energy=-5.2465563  maxlinkdim=484 maxerr=7.61E-08 time=44.197
After sweep 22 energy=-5.246539  maxlinkdim=488 maxerr=6.55E-08 time=44.895
After sweep 23 energy=-5.2465277  maxlinkdim=484 maxerr=5.97E-08 time=44.958
After sweep 24 energy=-5.2465596  maxlinkdim=485 maxerr=3.43E-08 time=44.107
After sweep 25 energy=-5.2465696  maxlinkdim=489 maxerr=7.08E-08 time=44.075
After sweep 26 energy=-5.2465496  maxlinkdim=487 maxerr=4.92E-09 time=44.189
After sweep 27 energy=-5.246562  maxlinkdim=484 maxerr=1.33E-08 time=44.881
After sweep 28 energy=-5.24655  maxlinkdim=485 maxerr=1.28E-08 time=45.024
After sweep 29 energy=-5.24654  maxlinkdim=488 maxerr=7.50E-08 time=44.195
After sweep 30 energy=-5.2465243  maxlinkdim=483 maxerr=7.50E-08 time=45.673
n0: 0.31670994; n1: 0.33484855; mu0: -2.6093864515576106; mu1: -2.599386451557611
n_target > n1 and n_target > n0 triggered
After sweep 1 energy=1.8802457  maxlinkdim=10 maxerr=6.12E-03 time=1.326
After sweep 2 energy=-4.4657316  maxlinkdim=20 maxerr=6.72E-05 time=1.489
After sweep 3 energy=-5.355914  maxlinkdim=100 maxerr=2.23E-07 time=2.868
After sweep 4 energy=-5.5393934  maxlinkdim=583 maxerr=1.00E-10 time=23.235
After sweep 5 energy=-5.6163106  maxlinkdim=391 maxerr=4.70E-10 time=27.880
After sweep 6 energy=-5.653234  maxlinkdim=416 maxerr=8.21E-08 time=22.033
After sweep 7 energy=-5.6725087  maxlinkdim=699 maxerr=2.16E-07 time=25.474
After sweep 8 energy=-5.682343  maxlinkdim=855 maxerr=2.35E-08 time=29.899
After sweep 9 energy=-5.685458  maxlinkdim=729 maxerr=2.39E-09 time=36.136
After sweep 10 energy=-5.686431  maxlinkdim=601 maxerr=1.00E-10 time=42.205
After sweep 11 energy=-5.6866083  maxlinkdim=587 maxerr=1.44E-08 time=45.162
After sweep 12 energy=-5.6866045  maxlinkdim=607 maxerr=7.70E-09 time=52.704
After sweep 13 energy=-5.686576  maxlinkdim=568 maxerr=6.42E-09 time=56.078
After sweep 14 energy=-5.686582  maxlinkdim=553 maxerr=1.97E-08 time=54.319
After sweep 15 energy=-5.6865363  maxlinkdim=506 maxerr=3.46E-08 time=51.266
After sweep 16 energy=-5.686539  maxlinkdim=509 maxerr=1.18E-08 time=51.367
After sweep 17 energy=-5.6865215  maxlinkdim=511 maxerr=1.08E-08 time=52.886
After sweep 18 energy=-5.6865664  maxlinkdim=510 maxerr=5.09E-08 time=51.524
After sweep 19 energy=-5.6865387  maxlinkdim=506 maxerr=8.23E-08 time=50.917
After sweep 20 energy=-5.68655  maxlinkdim=506 maxerr=1.31E-08 time=50.929
After sweep 21 energy=-5.686558  maxlinkdim=509 maxerr=1.28E-08 time=53.240
After sweep 22 energy=-5.6865773  maxlinkdim=512 maxerr=6.38E-08 time=51.504
After sweep 23 energy=-5.686545  maxlinkdim=509 maxerr=1.00E-10 time=51.499
After sweep 24 energy=-5.6865425  maxlinkdim=509 maxerr=1.88E-08 time=50.846
After sweep 25 energy=-5.686532  maxlinkdim=538 maxerr=1.09E-08 time=51.782
After sweep 26 energy=-5.686571  maxlinkdim=506 maxerr=2.22E-08 time=52.471
After sweep 27 energy=-5.6865683  maxlinkdim=504 maxerr=1.76E-08 time=51.918
After sweep 28 energy=-5.6865854  maxlinkdim=549 maxerr=1.52E-08 time=53.281
After sweep 29 energy=-5.686582  maxlinkdim=508 maxerr=9.85E-08 time=52.661
After sweep 30 energy=-5.686555  maxlinkdim=551 maxerr=1.27E-08 time=52.533
n0: 0.33484855; n1: 0.3526704; mu0: -2.599386451557611; mu1: -2.589386451557611
n_target > n1 and n_target > n0 triggered
After sweep 1 energy=2.9161701  maxlinkdim=10 maxerr=5.25E-03 time=1.322
After sweep 2 energy=-4.2169633  maxlinkdim=20 maxerr=1.34E-04 time=1.693
After sweep 3 energy=-5.2677016  maxlinkdim=100 maxerr=4.18E-07 time=2.768
After sweep 4 energy=-5.5600357  maxlinkdim=629 maxerr=1.00E-10 time=20.363
After sweep 5 energy=-5.734009  maxlinkdim=456 maxerr=7.47E-08 time=26.262
After sweep 6 energy=-5.868368  maxlinkdim=522 maxerr=2.15E-08 time=22.607
After sweep 7 energy=-5.9837923  maxlinkdim=454 maxerr=6.95E-08 time=23.235
After sweep 8 energy=-6.0721135  maxlinkdim=756 maxerr=7.97E-09 time=26.154
After sweep 9 energy=-6.1196804  maxlinkdim=929 maxerr=2.72E-08 time=32.369
After sweep 10 energy=-6.1407337  maxlinkdim=792 maxerr=8.59E-08 time=36.963
After sweep 11 energy=-6.147568  maxlinkdim=761 maxerr=7.22E-09 time=45.858
After sweep 12 energy=-6.149068  maxlinkdim=699 maxerr=3.51E-08 time=50.405
After sweep 13 energy=-6.149227  maxlinkdim=796 maxerr=1.27E-08 time=56.485
After sweep 14 energy=-6.149221  maxlinkdim=654 maxerr=6.41E-09 time=61.017
After sweep 15 energy=-6.1491904  maxlinkdim=587 maxerr=1.49E-08 time=62.263
After sweep 16 energy=-6.149176  maxlinkdim=573 maxerr=1.04E-08 time=61.174
After sweep 17 energy=-6.1492004  maxlinkdim=575 maxerr=3.20E-08 time=61.085
After sweep 18 energy=-6.149225  maxlinkdim=574 maxerr=1.94E-08 time=62.315
After sweep 19 energy=-6.1491976  maxlinkdim=572 maxerr=2.35E-08 time=61.231
After sweep 20 energy=-6.149184  maxlinkdim=571 maxerr=5.10E-08 time=61.087
After sweep 21 energy=-6.1492386  maxlinkdim=574 maxerr=8.88E-09 time=61.795
After sweep 22 energy=-6.14918  maxlinkdim=575 maxerr=5.52E-09 time=64.358
After sweep 23 energy=-6.149183  maxlinkdim=575 maxerr=5.67E-09 time=60.732
After sweep 24 energy=-6.1491723  maxlinkdim=571 maxerr=1.17E-07 time=61.031
After sweep 25 energy=-6.1492233  maxlinkdim=575 maxerr=2.28E-08 time=62.284
After sweep 26 energy=-6.149175  maxlinkdim=578 maxerr=2.29E-08 time=60.998
After sweep 27 energy=-6.1491904  maxlinkdim=579 maxerr=2.43E-08 time=60.870
After sweep 28 energy=-6.1491694  maxlinkdim=585 maxerr=1.56E-08 time=62.140
After sweep 29 energy=-6.149206  maxlinkdim=572 maxerr=1.34E-07 time=61.049
After sweep 30 energy=-6.1492014  maxlinkdim=581 maxerr=1.28E-08 time=61.027
n0: 0.3526704; n1: 0.3701298; mu0: -2.589386451557611; mu1: -2.5793864515576113
n_target > n1 and n_target > n0 triggered
After sweep 1 energy=2.531758  maxlinkdim=10 maxerr=3.91E-03 time=1.242
After sweep 2 energy=-4.938947  maxlinkdim=20 maxerr=8.79E-05 time=1.605
After sweep 3 energy=-6.1256003  maxlinkdim=100 maxerr=1.27E-06 time=2.797
After sweep 4 energy=-6.3884435  maxlinkdim=636 maxerr=1.00E-10 time=25.596
After sweep 5 energy=-6.5079265  maxlinkdim=456 maxerr=1.28E-08 time=32.951
After sweep 6 energy=-6.5707116  maxlinkdim=426 maxerr=6.02E-08 time=25.139
After sweep 7 energy=-6.6030135  maxlinkdim=438 maxerr=6.31E-08 time=25.243
After sweep 8 energy=-6.621033  maxlinkdim=805 maxerr=1.63E-07 time=30.364
After sweep 9 energy=-6.6296062  maxlinkdim=866 maxerr=1.32E-08 time=37.863
After sweep 10 energy=-6.6331425  maxlinkdim=797 maxerr=8.95E-08 time=47.544
After sweep 11 energy=-6.6337724  maxlinkdim=615 maxerr=1.59E-08 time=51.440
After sweep 12 energy=-6.633911  maxlinkdim=680 maxerr=5.27E-08 time=57.919
After sweep 13 energy=-6.6338987  maxlinkdim=714 maxerr=5.78E-09 time=64.910
After sweep 14 energy=-6.6338997  maxlinkdim=600 maxerr=9.06E-08 time=68.957
After sweep 15 energy=-6.633917  maxlinkdim=601 maxerr=7.91E-08 time=69.452
After sweep 16 energy=-6.6339035  maxlinkdim=598 maxerr=1.30E-08 time=67.854
After sweep 17 energy=-6.633873  maxlinkdim=596 maxerr=8.36E-08 time=67.713
After sweep 18 energy=-6.633935  maxlinkdim=605 maxerr=2.57E-08 time=68.894
After sweep 19 energy=-6.633903  maxlinkdim=597 maxerr=8.26E-09 time=67.980
After sweep 20 energy=-6.6338673  maxlinkdim=595 maxerr=1.04E-08 time=67.565
After sweep 21 energy=-6.6338954  maxlinkdim=617 maxerr=1.21E-08 time=69.281
After sweep 22 energy=-6.633931  maxlinkdim=631 maxerr=1.62E-08 time=67.737
After sweep 23 energy=-6.6338534  maxlinkdim=598 maxerr=1.64E-08 time=68.165
After sweep 24 energy=-6.633913  maxlinkdim=605 maxerr=3.13E-08 time=69.045
After sweep 25 energy=-6.633888  maxlinkdim=603 maxerr=1.20E-07 time=67.724
After sweep 26 energy=-6.6338625  maxlinkdim=607 maxerr=1.65E-08 time=68.259
After sweep 27 energy=-6.633877  maxlinkdim=600 maxerr=3.30E-09 time=69.238
After sweep 28 energy=-6.633882  maxlinkdim=609 maxerr=1.60E-08 time=67.326
After sweep 29 energy=-6.6339183  maxlinkdim=614 maxerr=1.33E-08 time=68.270
After sweep 30 energy=-6.633889  maxlinkdim=596 maxerr=1.11E-07 time=68.829
n0: 0.3701298; n1: 0.38720015; mu0: -2.5793864515576113; mu1: -2.5693864515576115
n_target > n1 and n_target > n0 triggered
After sweep 1 energy=2.1159651  maxlinkdim=10 maxerr=3.14E-03 time=1.316
After sweep 2 energy=-5.3402014  maxlinkdim=20 maxerr=6.61E-05 time=1.479
After sweep 3 energy=-6.4612184  maxlinkdim=100 maxerr=4.84E-07 time=2.856
After sweep 4 energy=-6.749722  maxlinkdim=679 maxerr=1.00E-10 time=23.326
After sweep 5 energy=-6.91166  maxlinkdim=531 maxerr=1.77E-08 time=32.911
After sweep 6 energy=-7.013111  maxlinkdim=639 maxerr=5.99E-08 time=27.403
After sweep 7 energy=-7.0774493  maxlinkdim=734 maxerr=1.00E-08 time=33.528
After sweep 8 energy=-7.1110544  maxlinkdim=725 maxerr=7.99E-08 time=40.133
After sweep 9 energy=-7.127556  maxlinkdim=819 maxerr=2.49E-08 time=44.591
After sweep 10 energy=-7.1358075  maxlinkdim=772 maxerr=2.53E-08 time=50.723
After sweep 11 energy=-7.1387987  maxlinkdim=892 maxerr=7.68E-08 time=54.359
After sweep 12 energy=-7.140055  maxlinkdim=768 maxerr=2.57E-08 time=61.535
After sweep 13 energy=-7.1402636  maxlinkdim=765 maxerr=9.00E-08 time=67.152
After sweep 14 energy=-7.14026  maxlinkdim=758 maxerr=1.61E-08 time=71.203
After sweep 15 energy=-7.140223  maxlinkdim=682 maxerr=7.85E-08 time=75.919
After sweep 16 energy=-7.140202  maxlinkdim=626 maxerr=9.59E-09 time=78.186
After sweep 17 energy=-7.140221  maxlinkdim=619 maxerr=7.49E-09 time=74.739
After sweep 18 energy=-7.1402125  maxlinkdim=621 maxerr=6.97E-09 time=76.201
After sweep 19 energy=-7.1402416  maxlinkdim=624 maxerr=1.49E-08 time=75.113
After sweep 20 energy=-7.140187  maxlinkdim=624 maxerr=8.56E-08 time=74.764
After sweep 21 energy=-7.140245  maxlinkdim=631 maxerr=1.84E-07 time=76.201
After sweep 22 energy=-7.140231  maxlinkdim=626 maxerr=1.53E-07 time=74.689
After sweep 23 energy=-7.1402392  maxlinkdim=626 maxerr=5.37E-08 time=75.131
After sweep 24 energy=-7.1402335  maxlinkdim=622 maxerr=7.32E-08 time=78.315
After sweep 25 energy=-7.140189  maxlinkdim=622 maxerr=8.17E-09 time=75.325
After sweep 26 energy=-7.1402164  maxlinkdim=621 maxerr=1.17E-07 time=75.936
After sweep 27 energy=-7.140231  maxlinkdim=622 maxerr=1.00E-10 time=74.997
After sweep 28 energy=-7.140252  maxlinkdim=620 maxerr=1.31E-08 time=74.819
After sweep 29 energy=-7.140228  maxlinkdim=619 maxerr=1.08E-07 time=76.305
After sweep 30 energy=-7.1402044  maxlinkdim=627 maxerr=4.29E-08 time=75.064
n0: 0.38720015; n1: 0.40386426; mu0: -2.5693864515576115; mu1: -2.5593864515576117
n_target > n1 and n_target > n0 triggered
After sweep 1 energy=2.055462  maxlinkdim=10 maxerr=5.50E-03 time=1.322
After sweep 2 energy=-5.7457476  maxlinkdim=20 maxerr=2.25E-04 time=1.720
After sweep 3 energy=-7.094523  maxlinkdim=100 maxerr=5.29E-07 time=2.729
After sweep 4 energy=-7.3722854  maxlinkdim=575 maxerr=1.00E-10 time=24.476
After sweep 5 energy=-7.513006  maxlinkdim=431 maxerr=1.48E-08 time=32.296
After sweep 6 energy=-7.585223  maxlinkdim=509 maxerr=1.83E-08 time=26.377
After sweep 7 energy=-7.625586  maxlinkdim=856 maxerr=1.06E-08 time=32.492
After sweep 8 energy=-7.647987  maxlinkdim=671 maxerr=1.22E-08 time=37.257
After sweep 9 energy=-7.659117  maxlinkdim=1000 maxerr=1.95E-08 time=43.149
After sweep 10 energy=-7.6646357  maxlinkdim=904 maxerr=5.85E-08 time=52.984
After sweep 11 energy=-7.6669145  maxlinkdim=951 maxerr=8.17E-09 time=67.388
After sweep 12 energy=-7.6675687  maxlinkdim=757 maxerr=1.41E-08 time=77.629
After sweep 13 energy=-7.6675725  maxlinkdim=753 maxerr=3.48E-08 time=84.631
After sweep 14 energy=-7.6675158  maxlinkdim=710 maxerr=5.65E-08 time=90.273
After sweep 15 energy=-7.667559  maxlinkdim=687 maxerr=1.73E-08 time=89.636
After sweep 16 energy=-7.667532  maxlinkdim=672 maxerr=2.11E-07 time=90.736
After sweep 17 energy=-7.6675253  maxlinkdim=704 maxerr=9.10E-08 time=89.095
After sweep 18 energy=-7.6675496  maxlinkdim=673 maxerr=1.87E-07 time=89.636
After sweep 19 energy=-7.6675854  maxlinkdim=677 maxerr=1.33E-07 time=88.433
After sweep 20 energy=-7.6675334  maxlinkdim=686 maxerr=1.00E-10 time=90.278
After sweep 21 energy=-7.667562  maxlinkdim=735 maxerr=1.31E-08 time=89.531
After sweep 22 energy=-7.667504  maxlinkdim=699 maxerr=4.08E-08 time=90.185
After sweep 23 energy=-7.667541  maxlinkdim=683 maxerr=1.43E-08 time=88.811
After sweep 24 energy=-7.6674733  maxlinkdim=694 maxerr=2.93E-08 time=89.919
After sweep 25 energy=-7.66751  maxlinkdim=681 maxerr=2.82E-08 time=88.594
After sweep 26 energy=-7.6675634  maxlinkdim=676 maxerr=7.84E-08 time=89.405
After sweep 27 energy=-7.667551  maxlinkdim=681 maxerr=2.10E-08 time=88.146
After sweep 28 energy=-7.6675467  maxlinkdim=678 maxerr=2.78E-08 time=90.095
After sweep 29 energy=-7.667561  maxlinkdim=674 maxerr=4.54E-08 time=88.827
After sweep 30 energy=-7.667516  maxlinkdim=674 maxerr=2.99E-08 time=88.674
n0: 0.40386426; n1: 0.42011154; mu0: -2.5593864515576117; mu1: -2.549386451557612
n_target > n1 and n_target > n0 triggered
After sweep 1 energy=1.2245528  maxlinkdim=10 maxerr=7.37E-03 time=1.391
After sweep 2 energy=-6.4179497  maxlinkdim=20 maxerr=1.68E-04 time=1.548
After sweep 3 energy=-7.8029046  maxlinkdim=100 maxerr=8.91E-07 time=2.620
After sweep 4 energy=-8.070918  maxlinkdim=766 maxerr=1.00E-10 time=36.342
After sweep 5 energy=-8.154457  maxlinkdim=603 maxerr=7.25E-09 time=45.924
After sweep 6 energy=-8.189739  maxlinkdim=473 maxerr=2.39E-08 time=32.873
After sweep 7 energy=-8.206409  maxlinkdim=523 maxerr=1.59E-10 time=34.315
After sweep 8 energy=-8.212824  maxlinkdim=1000 maxerr=6.13E-08 time=49.042
After sweep 9 energy=-8.214811  maxlinkdim=975 maxerr=2.60E-08 time=68.964
After sweep 10 energy=-8.215397  maxlinkdim=1000 maxerr=1.59E-08 time=80.585
After sweep 11 energy=-8.215521  maxlinkdim=822 maxerr=5.39E-08 time=94.396
After sweep 12 energy=-8.215477  maxlinkdim=755 maxerr=6.32E-08 time=101.257
After sweep 13 energy=-8.215453  maxlinkdim=762 maxerr=1.23E-08 time=106.183
After sweep 14 energy=-8.215473  maxlinkdim=748 maxerr=1.28E-08 time=105.441
After sweep 15 energy=-8.215482  maxlinkdim=774 maxerr=6.88E-08 time=105.947
After sweep 16 energy=-8.215505  maxlinkdim=759 maxerr=7.95E-08 time=108.560
After sweep 17 energy=-8.215453  maxlinkdim=756 maxerr=1.15E-07 time=105.082
After sweep 18 energy=-8.215527  maxlinkdim=755 maxerr=2.91E-08 time=106.439
After sweep 19 energy=-8.215468  maxlinkdim=745 maxerr=1.07E-07 time=105.037
After sweep 20 energy=-8.215463  maxlinkdim=756 maxerr=1.46E-08 time=105.862
After sweep 21 energy=-8.215427  maxlinkdim=750 maxerr=6.26E-08 time=106.046
After sweep 22 energy=-8.215474  maxlinkdim=740 maxerr=1.82E-08 time=104.922
After sweep 23 energy=-8.215435  maxlinkdim=756 maxerr=2.32E-08 time=108.060
After sweep 24 energy=-8.21546  maxlinkdim=748 maxerr=1.65E-08 time=105.416
After sweep 25 energy=-8.21547  maxlinkdim=775 maxerr=2.23E-08 time=106.143
After sweep 26 energy=-8.215447  maxlinkdim=763 maxerr=2.22E-08 time=106.070
After sweep 27 energy=-8.215464  maxlinkdim=744 maxerr=4.77E-08 time=105.480
After sweep 28 energy=-8.215474  maxlinkdim=753 maxerr=4.20E-08 time=106.256
After sweep 29 energy=-8.2154255  maxlinkdim=744 maxerr=2.00E-07 time=104.778
After sweep 30 energy=-8.215464  maxlinkdim=740 maxerr=1.00E-10 time=105.599
n0: 0.42011154; n1: 0.43594134; mu0: -2.549386451557612; mu1: -2.539386451557612
n_target > n1 and n_target > n0 triggered
After sweep 1 energy=1.7032785  maxlinkdim=10 maxerr=3.36E-03 time=1.288
After sweep 2 energy=-6.4057436  maxlinkdim=20 maxerr=8.03E-05 time=1.645
After sweep 3 energy=-7.939711  maxlinkdim=100 maxerr=7.64E-07 time=2.780
After sweep 4 energy=-8.32052  maxlinkdim=642 maxerr=1.00E-10 time=27.199
After sweep 5 energy=-8.522385  maxlinkdim=529 maxerr=3.43E-08 time=36.314
After sweep 6 energy=-8.642196  maxlinkdim=1000 maxerr=1.23E-07 time=30.941
After sweep 7 energy=-8.715533  maxlinkdim=881 maxerr=1.91E-08 time=40.671
After sweep 8 energy=-8.752068  maxlinkdim=1000 maxerr=4.33E-08 time=51.815
After sweep 9 energy=-8.771855  maxlinkdim=963 maxerr=1.09E-08 time=59.533
After sweep 10 energy=-8.780403  maxlinkdim=1000 maxerr=1.98E-08 time=68.770
After sweep 11 energy=-8.783066  maxlinkdim=877 maxerr=4.30E-08 time=79.628
After sweep 12 energy=-8.783389  maxlinkdim=915 maxerr=1.80E-08 time=91.718
After sweep 13 energy=-8.783393  maxlinkdim=842 maxerr=1.54E-08 time=108.866
After sweep 14 energy=-8.783335  maxlinkdim=786 maxerr=1.71E-08 time=122.182
After sweep 15 energy=-8.783342  maxlinkdim=773 maxerr=1.00E-10 time=124.905
After sweep 16 energy=-8.783258  maxlinkdim=775 maxerr=1.00E-10 time=123.186
After sweep 17 energy=-8.783291  maxlinkdim=770 maxerr=1.13E-07 time=122.345
After sweep 18 energy=-8.783374  maxlinkdim=766 maxerr=1.17E-07 time=123.081
After sweep 19 energy=-8.783338  maxlinkdim=774 maxerr=1.51E-08 time=122.873
After sweep 20 energy=-8.7833395  maxlinkdim=773 maxerr=1.74E-08 time=123.209
After sweep 21 energy=-8.783341  maxlinkdim=765 maxerr=7.03E-08 time=121.930
After sweep 22 energy=-8.783319  maxlinkdim=772 maxerr=1.39E-08 time=122.664
After sweep 23 energy=-8.783283  maxlinkdim=771 maxerr=1.20E-08 time=123.387
After sweep 24 energy=-8.783319  maxlinkdim=770 maxerr=2.54E-08 time=123.456
After sweep 25 energy=-8.783364  maxlinkdim=765 maxerr=5.97E-08 time=122.958
After sweep 26 energy=-8.783297  maxlinkdim=775 maxerr=1.00E-07 time=121.578
After sweep 27 energy=-8.783322  maxlinkdim=768 maxerr=2.36E-08 time=122.840
After sweep 28 energy=-8.783308  maxlinkdim=775 maxerr=1.04E-07 time=123.787
After sweep 29 energy=-8.783283  maxlinkdim=794 maxerr=1.83E-08 time=122.696
After sweep 30 energy=-8.783309  maxlinkdim=785 maxerr=7.29E-08 time=122.408
n0: 0.43594134; n1: 0.45135802; mu0: -2.539386451557612; mu1: -2.5293864515576123
n_target > n1 and n_target > n0 triggered
After sweep 1 energy=-0.0922436  maxlinkdim=10 maxerr=6.48E-03 time=1.382
After sweep 2 energy=-7.8043036  maxlinkdim=20 maxerr=1.02E-04 time=1.538
After sweep 3 energy=-9.0885935  maxlinkdim=100 maxerr=6.57E-07 time=2.616
After sweep 4 energy=-9.27179  maxlinkdim=781 maxerr=1.00E-10 time=39.942
After sweep 5 energy=-9.325694  maxlinkdim=565 maxerr=1.41E-07 time=49.939
After sweep 6 energy=-9.353888  maxlinkdim=990 maxerr=1.21E-07 time=42.210
After sweep 7 energy=-9.365887  maxlinkdim=1000 maxerr=8.00E-08 time=54.064
After sweep 8 energy=-9.369817  maxlinkdim=913 maxerr=3.58E-08 time=76.452
After sweep 9 energy=-9.3707285  maxlinkdim=877 maxerr=2.41E-08 time=95.549
After sweep 10 energy=-9.3706875  maxlinkdim=862 maxerr=4.22E-08 time=103.369
After sweep 11 energy=-9.370698  maxlinkdim=856 maxerr=1.42E-08 time=123.653
After sweep 12 energy=-9.370655  maxlinkdim=834 maxerr=3.04E-08 time=142.679
After sweep 13 energy=-9.370698  maxlinkdim=826 maxerr=2.73E-08 time=141.163
After sweep 14 energy=-9.370704  maxlinkdim=816 maxerr=2.38E-08 time=141.355
After sweep 15 energy=-9.3706875  maxlinkdim=823 maxerr=1.23E-07 time=141.219
After sweep 16 energy=-9.370683  maxlinkdim=815 maxerr=2.74E-08 time=141.953
After sweep 17 energy=-9.370616  maxlinkdim=818 maxerr=4.62E-08 time=144.870
After sweep 18 energy=-9.370695  maxlinkdim=821 maxerr=4.16E-08 time=140.996
After sweep 19 energy=-9.370634  maxlinkdim=824 maxerr=4.22E-09 time=141.307
After sweep 20 energy=-9.370686  maxlinkdim=824 maxerr=2.64E-10 time=141.322
After sweep 21 energy=-9.370693  maxlinkdim=816 maxerr=1.23E-07 time=141.663
After sweep 22 energy=-9.370674  maxlinkdim=813 maxerr=3.29E-08 time=143.792
After sweep 23 energy=-9.370658  maxlinkdim=814 maxerr=1.65E-08 time=141.574
After sweep 24 energy=-9.370627  maxlinkdim=816 maxerr=7.61E-08 time=141.316
After sweep 25 energy=-9.370665  maxlinkdim=827 maxerr=4.06E-08 time=140.757
After sweep 26 energy=-9.37071  maxlinkdim=816 maxerr=1.52E-07 time=141.152
After sweep 27 energy=-9.370678  maxlinkdim=812 maxerr=5.71E-08 time=140.958
After sweep 28 energy=-9.37071  maxlinkdim=814 maxerr=2.68E-08 time=140.978
After sweep 29 energy=-9.370716  maxlinkdim=818 maxerr=1.42E-08 time=141.233
After sweep 30 energy=-9.370719  maxlinkdim=823 maxerr=1.05E-10 time=141.298
n0: 0.45135802; n1: 0.4663686; mu0: -2.5293864515576123; mu1: -2.5193864515576125
n_target > n1 and n_target > n0 triggered
After sweep 1 energy=1.1337436  maxlinkdim=10 maxerr=7.06E-03 time=1.368
After sweep 2 energy=-7.7866917  maxlinkdim=20 maxerr=1.67E-04 time=1.456
After sweep 3 energy=-9.429777  maxlinkdim=100 maxerr=6.58E-07 time=2.803
After sweep 4 energy=-9.760814  maxlinkdim=769 maxerr=1.00E-10 time=37.466
After sweep 5 energy=-9.872043  maxlinkdim=491 maxerr=2.25E-08 time=48.008
After sweep 6 energy=-9.9309225  maxlinkdim=566 maxerr=2.20E-08 time=34.665
After sweep 7 energy=-9.960044  maxlinkdim=1000 maxerr=3.59E-08 time=41.215
After sweep 8 energy=-9.972162  maxlinkdim=1000 maxerr=2.57E-08 time=55.564
After sweep 9 energy=-9.976414  maxlinkdim=1000 maxerr=3.32E-08 time=81.687
After sweep 10 energy=-9.977032  maxlinkdim=1000 maxerr=6.95E-08 time=107.488
After sweep 11 energy=-9.977026  maxlinkdim=902 maxerr=3.29E-08 time=131.744
After sweep 12 energy=-9.976988  maxlinkdim=894 maxerr=1.44E-07 time=148.179
After sweep 13 energy=-9.977027  maxlinkdim=855 maxerr=1.66E-07 time=157.377
After sweep 14 energy=-9.976965  maxlinkdim=855 maxerr=2.10E-08 time=159.186
After sweep 15 energy=-9.9769745  maxlinkdim=854 maxerr=4.55E-08 time=157.586
After sweep 16 energy=-9.976986  maxlinkdim=855 maxerr=7.85E-08 time=157.067
After sweep 17 energy=-9.977055  maxlinkdim=860 maxerr=7.82E-08 time=157.083
After sweep 18 energy=-9.976984  maxlinkdim=862 maxerr=2.47E-08 time=158.709
After sweep 19 energy=-9.976958  maxlinkdim=860 maxerr=1.97E-08 time=157.754
After sweep 20 energy=-9.97698  maxlinkdim=863 maxerr=3.60E-08 time=158.066
After sweep 21 energy=-9.976983  maxlinkdim=886 maxerr=3.94E-08 time=157.339
After sweep 22 energy=-9.976929  maxlinkdim=858 maxerr=2.42E-08 time=157.176
After sweep 23 energy=-9.976959  maxlinkdim=861 maxerr=1.02E-07 time=157.799
After sweep 24 energy=-9.976977  maxlinkdim=857 maxerr=3.68E-08 time=158.311
After sweep 25 energy=-9.976999  maxlinkdim=859 maxerr=2.26E-08 time=157.120
After sweep 26 energy=-9.976908  maxlinkdim=849 maxerr=2.87E-08 time=157.117
After sweep 27 energy=-9.977024  maxlinkdim=852 maxerr=2.99E-08 time=157.094
After sweep 28 energy=-9.977067  maxlinkdim=872 maxerr=4.24E-08 time=157.423
After sweep 29 energy=-9.97699  maxlinkdim=858 maxerr=2.64E-08 time=158.114
After sweep 30 energy=-9.976988  maxlinkdim=854 maxerr=9.19E-08 time=157.408
n0: 0.4663686; n1: 0.48098075; mu0: -2.5193864515576125; mu1: -2.5093864515576128
n_target > n1 and n_target > n0 triggered
After sweep 1 energy=-0.31348637  maxlinkdim=10 maxerr=7.18E-03 time=1.332
After sweep 2 energy=-8.109531  maxlinkdim=20 maxerr=2.70E-04 time=1.742
After sweep 3 energy=-9.940277  maxlinkdim=100 maxerr=1.97E-06 time=2.678
After sweep 4 energy=-10.31942  maxlinkdim=830 maxerr=1.00E-10 time=42.046
After sweep 5 energy=-10.475115  maxlinkdim=972 maxerr=2.61E-08 time=59.584
After sweep 6 energy=-10.556636  maxlinkdim=971 maxerr=5.59E-08 time=45.142
After sweep 7 energy=-10.588284  maxlinkdim=963 maxerr=1.19E-08 time=56.678
After sweep 8 energy=-10.598469  maxlinkdim=1000 maxerr=3.13E-08 time=72.806
After sweep 9 energy=-10.601429  maxlinkdim=1000 maxerr=2.43E-07 time=99.206
After sweep 10 energy=-10.601844  maxlinkdim=1000 maxerr=1.81E-07 time=132.957
After sweep 11 energy=-10.601827  maxlinkdim=968 maxerr=2.36E-08 time=153.316
After sweep 12 energy=-10.601789  maxlinkdim=941 maxerr=5.84E-08 time=168.461
After sweep 13 energy=-10.601726  maxlinkdim=891 maxerr=3.80E-08 time=172.369
After sweep 14 energy=-10.601728  maxlinkdim=886 maxerr=3.14E-08 time=172.290
After sweep 15 energy=-10.601763  maxlinkdim=898 maxerr=4.73E-08 time=172.314
After sweep 16 energy=-10.6017  maxlinkdim=896 maxerr=3.04E-08 time=172.260
After sweep 17 energy=-10.6017275  maxlinkdim=904 maxerr=6.49E-08 time=172.893
After sweep 18 energy=-10.601687  maxlinkdim=893 maxerr=4.38E-08 time=171.974
After sweep 19 energy=-10.601732  maxlinkdim=901 maxerr=8.74E-09 time=172.906
After sweep 20 energy=-10.601762  maxlinkdim=897 maxerr=4.15E-08 time=171.841
After sweep 21 energy=-10.601675  maxlinkdim=892 maxerr=6.90E-08 time=174.234
After sweep 22 energy=-10.601769  maxlinkdim=896 maxerr=1.60E-08 time=171.725
After sweep 23 energy=-10.601742  maxlinkdim=897 maxerr=7.08E-08 time=171.634
After sweep 24 energy=-10.6017275  maxlinkdim=890 maxerr=3.99E-08 time=173.170
After sweep 25 energy=-10.601755  maxlinkdim=893 maxerr=4.60E-08 time=171.895
After sweep 26 energy=-10.601679  maxlinkdim=895 maxerr=4.78E-08 time=172.869
After sweep 27 energy=-10.601771  maxlinkdim=925 maxerr=5.70E-08 time=172.060
After sweep 28 energy=-10.601709  maxlinkdim=895 maxerr=2.63E-08 time=174.614
After sweep 29 energy=-10.601779  maxlinkdim=894 maxerr=3.08E-08 time=171.928
After sweep 30 energy=-10.601713  maxlinkdim=905 maxerr=9.42E-08 time=172.084
n0: 0.48098075; n1: 0.4952073; mu0: -2.5093864515576128; mu1: -2.499386451557613
n_target > n1 and n_target > n0 triggered
After sweep 1 energy=1.2690705  maxlinkdim=10 maxerr=4.61E-03 time=1.350
After sweep 2 energy=-8.55608  maxlinkdim=20 maxerr=5.69E-04 time=1.511
After sweep 3 energy=-10.408581  maxlinkdim=100 maxerr=8.85E-06 time=2.597
After sweep 4 energy=-10.849943  maxlinkdim=1000 maxerr=1.11E-10 time=45.013
After sweep 5 energy=-11.122077  maxlinkdim=1000 maxerr=1.84E-08 time=69.998
After sweep 6 energy=-11.207488  maxlinkdim=1000 maxerr=1.92E-07 time=55.523
After sweep 7 energy=-11.234463  maxlinkdim=1000 maxerr=1.10E-07 time=67.782
After sweep 8 energy=-11.242669  maxlinkdim=1000 maxerr=5.95E-08 time=89.885
After sweep 9 energy=-11.24432  maxlinkdim=1000 maxerr=1.14E-07 time=115.671
After sweep 10 energy=-11.244533  maxlinkdim=1000 maxerr=1.01E-07 time=151.421
After sweep 11 energy=-11.2445  maxlinkdim=990 maxerr=2.13E-07 time=181.448
After sweep 12 energy=-11.244364  maxlinkdim=942 maxerr=5.34E-08 time=192.015
After sweep 13 energy=-11.244425  maxlinkdim=930 maxerr=4.00E-08 time=192.899
After sweep 14 energy=-11.244338  maxlinkdim=939 maxerr=6.92E-08 time=191.285
After sweep 15 energy=-11.244455  maxlinkdim=953 maxerr=1.01E-07 time=190.386
After sweep 16 energy=-11.244429  maxlinkdim=946 maxerr=3.51E-08 time=192.395
After sweep 17 energy=-11.244444  maxlinkdim=940 maxerr=7.00E-08 time=191.171
After sweep 18 energy=-11.244345  maxlinkdim=944 maxerr=5.52E-08 time=191.986
After sweep 19 energy=-11.2444725  maxlinkdim=934 maxerr=4.06E-08 time=191.307
After sweep 20 energy=-11.244461  maxlinkdim=935 maxerr=5.13E-08 time=191.409
After sweep 21 energy=-11.244438  maxlinkdim=934 maxerr=1.14E-07 time=190.992
After sweep 22 energy=-11.244481  maxlinkdim=943 maxerr=4.72E-08 time=191.357
After sweep 23 energy=-11.244432  maxlinkdim=946 maxerr=9.44E-08 time=193.190
After sweep 24 energy=-11.244463  maxlinkdim=934 maxerr=6.56E-08 time=191.472
After sweep 25 energy=-11.24439  maxlinkdim=933 maxerr=2.52E-07 time=190.607
After sweep 26 energy=-11.244451  maxlinkdim=946 maxerr=5.18E-08 time=190.963
After sweep 27 energy=-11.24445  maxlinkdim=937 maxerr=4.78E-08 time=194.264
After sweep 28 energy=-11.244387  maxlinkdim=937 maxerr=7.67E-08 time=191.727
After sweep 29 energy=-11.244497  maxlinkdim=945 maxerr=6.75E-08 time=191.294
After sweep 30 energy=-11.244434  maxlinkdim=952 maxerr=6.12E-08 time=194.428
n0: 0.4952073; n1: 0.5090662; mu0: -2.499386451557613; mu1: -2.489386451557613

Range found between mu0: -2.499386451557613 (n0: 0.4952073) and mu1: -2.489386451557613 (n1: 0.5090662); refining...
n0: 0.4952073; n1: 0.5090662; mu0: -2.499386451557613; mu1: -2.489386451557613
Trying secant step...
After sweep 1 energy=-0.5229376  maxlinkdim=10 maxerr=7.07E-03 time=1.338
After sweep 2 energy=-7.904701  maxlinkdim=20 maxerr=6.76E-04 time=1.484
After sweep 3 energy=-9.881834  maxlinkdim=100 maxerr=2.67E-06 time=2.572
After sweep 4 energy=-10.236044  maxlinkdim=730 maxerr=1.00E-10 time=39.062
After sweep 5 energy=-10.411982  maxlinkdim=585 maxerr=8.00E-08 time=54.372
After sweep 6 energy=-10.542137  maxlinkdim=583 maxerr=5.63E-08 time=39.397
After sweep 7 energy=-10.65579  maxlinkdim=594 maxerr=6.25E-08 time=39.546
After sweep 8 energy=-10.739016  maxlinkdim=892 maxerr=2.89E-08 time=50.628
After sweep 9 energy=-10.786122  maxlinkdim=918 maxerr=1.94E-08 time=65.003
After sweep 10 energy=-10.809672  maxlinkdim=1000 maxerr=1.40E-07 time=84.923
After sweep 11 energy=-10.819035  maxlinkdim=1000 maxerr=4.50E-08 time=119.118
After sweep 12 energy=-10.821849  maxlinkdim=1000 maxerr=4.23E-08 time=136.659
After sweep 13 energy=-10.822044  maxlinkdim=1000 maxerr=3.48E-08 time=161.460
After sweep 14 energy=-10.821955  maxlinkdim=988 maxerr=5.51E-08 time=171.507
After sweep 15 energy=-10.821965  maxlinkdim=926 maxerr=4.81E-08 time=178.159
After sweep 16 energy=-10.821912  maxlinkdim=911 maxerr=3.71E-08 time=178.334
After sweep 17 energy=-10.821921  maxlinkdim=922 maxerr=8.08E-08 time=178.835
After sweep 18 energy=-10.821905  maxlinkdim=913 maxerr=3.32E-08 time=177.595
After sweep 19 energy=-10.821958  maxlinkdim=918 maxerr=4.76E-08 time=178.149
After sweep 20 energy=-10.821884  maxlinkdim=917 maxerr=5.03E-08 time=177.566
After sweep 21 energy=-10.821888  maxlinkdim=925 maxerr=4.33E-08 time=177.790
After sweep 22 energy=-10.821917  maxlinkdim=911 maxerr=1.01E-07 time=177.358
After sweep 23 energy=-10.821888  maxlinkdim=911 maxerr=5.41E-08 time=177.958
After sweep 24 energy=-10.821974  maxlinkdim=913 maxerr=3.70E-08 time=180.203
After sweep 25 energy=-10.821978  maxlinkdim=912 maxerr=7.84E-08 time=178.271
After sweep 26 energy=-10.821897  maxlinkdim=906 maxerr=4.03E-08 time=178.380
After sweep 27 energy=-10.821861  maxlinkdim=917 maxerr=6.73E-08 time=176.746
After sweep 28 energy=-10.822027  maxlinkdim=917 maxerr=2.99E-08 time=178.742
After sweep 29 energy=-10.821992  maxlinkdim=927 maxerr=4.57E-08 time=176.856
After sweep 30 energy=-10.82191  maxlinkdim=910 maxerr=4.52E-08 time=177.600
n0: 0.4952073; n1: 0.5000394; mu0: -2.499386451557613; mu1: -2.4959282511911836
Trying secant step...
After sweep 1 energy=0.21199088  maxlinkdim=10 maxerr=4.89E-03 time=1.275
After sweep 2 energy=-8.197915  maxlinkdim=20 maxerr=1.92E-04 time=1.626
After sweep 3 energy=-9.822136  maxlinkdim=100 maxerr=1.55E-06 time=2.708
After sweep 4 energy=-10.257192  maxlinkdim=846 maxerr=1.00E-10 time=44.896
After sweep 5 energy=-10.541371  maxlinkdim=682 maxerr=1.25E-07 time=69.923
After sweep 6 energy=-10.707796  maxlinkdim=764 maxerr=3.71E-08 time=45.845
After sweep 7 energy=-10.77865  maxlinkdim=873 maxerr=4.48E-08 time=51.795
After sweep 8 energy=-10.806798  maxlinkdim=1000 maxerr=7.51E-08 time=71.554
After sweep 9 energy=-10.817811  maxlinkdim=1000 maxerr=2.98E-08 time=111.797
After sweep 10 energy=-10.820164  maxlinkdim=990 maxerr=3.47E-08 time=140.379
After sweep 11 energy=-10.820148  maxlinkdim=1000 maxerr=1.76E-07 time=158.490
After sweep 12 energy=-10.820152  maxlinkdim=976 maxerr=3.41E-08 time=173.571
After sweep 13 energy=-10.820103  maxlinkdim=912 maxerr=5.37E-08 time=177.652
After sweep 14 energy=-10.82009  maxlinkdim=915 maxerr=5.77E-08 time=177.951
After sweep 15 energy=-10.820101  maxlinkdim=913 maxerr=3.26E-08 time=177.192
After sweep 16 energy=-10.820189  maxlinkdim=924 maxerr=1.67E-07 time=178.704
After sweep 17 energy=-10.820143  maxlinkdim=913 maxerr=4.99E-08 time=177.642
After sweep 18 energy=-10.820126  maxlinkdim=938 maxerr=3.37E-08 time=178.388
After sweep 19 energy=-10.820113  maxlinkdim=921 maxerr=7.73E-08 time=177.496
After sweep 20 energy=-10.820184  maxlinkdim=916 maxerr=4.95E-08 time=180.621
After sweep 21 energy=-10.820171  maxlinkdim=918 maxerr=2.25E-08 time=178.195
After sweep 22 energy=-10.820053  maxlinkdim=920 maxerr=1.27E-07 time=177.366
After sweep 23 energy=-10.820117  maxlinkdim=925 maxerr=4.64E-08 time=178.900
After sweep 24 energy=-10.820032  maxlinkdim=905 maxerr=2.62E-08 time=179.421
After sweep 25 energy=-10.820078  maxlinkdim=920 maxerr=6.10E-08 time=178.649
After sweep 26 energy=-10.820172  maxlinkdim=914 maxerr=3.26E-08 time=177.613
After sweep 27 energy=-10.8202095  maxlinkdim=918 maxerr=9.39E-08 time=178.848
After sweep 28 energy=-10.8201065  maxlinkdim=915 maxerr=4.38E-08 time=177.686
After sweep 29 energy=-10.82012  maxlinkdim=916 maxerr=1.11E-07 time=177.348
After sweep 30 energy=-10.820214  maxlinkdim=906 maxerr=2.74E-08 time=177.458
FOUND MU (secant); mu: -2.495956447794598  n: 0.50000346
Target density achieved with mu=-2.495956447794598, n=0.50000346
Checking {alpha,beta} vs measured
Alpha not converged.
NOT CONVERGED; updating alpha, beta and continuing...
After sweep 1 energy=-0.3615248  maxlinkdim=10 maxerr=5.83E-03 time=1.422
After sweep 2 energy=-9.402557  maxlinkdim=20 maxerr=1.75E-04 time=1.593
After sweep 3 energy=-10.883972  maxlinkdim=100 maxerr=1.20E-06 time=2.688
After sweep 4 energy=-11.0991745  maxlinkdim=834 maxerr=1.00E-10 time=50.414
After sweep 5 energy=-11.165659  maxlinkdim=674 maxerr=1.03E-07 time=58.566
After sweep 6 energy=-11.195396  maxlinkdim=837 maxerr=3.29E-08 time=48.747
After sweep 7 energy=-11.207085  maxlinkdim=1000 maxerr=4.11E-08 time=73.670
After sweep 8 energy=-11.211062  maxlinkdim=1000 maxerr=2.12E-08 time=102.426
After sweep 9 energy=-11.212147  maxlinkdim=1000 maxerr=3.31E-08 time=125.665
After sweep 10 energy=-11.212294  maxlinkdim=975 maxerr=3.32E-08 time=155.164
After sweep 11 energy=-11.212303  maxlinkdim=930 maxerr=3.14E-08 time=169.238
After sweep 12 energy=-11.212292  maxlinkdim=895 maxerr=6.26E-08 time=173.975
After sweep 13 energy=-11.212236  maxlinkdim=900 maxerr=1.00E-07 time=172.096
After sweep 14 energy=-11.212256  maxlinkdim=906 maxerr=3.64E-08 time=173.151
After sweep 15 energy=-11.212208  maxlinkdim=904 maxerr=3.11E-08 time=173.407
After sweep 16 energy=-11.212272  maxlinkdim=906 maxerr=3.76E-08 time=172.625
After sweep 17 energy=-11.212229  maxlinkdim=896 maxerr=5.04E-08 time=172.772
After sweep 18 energy=-11.212296  maxlinkdim=900 maxerr=4.12E-08 time=171.976
After sweep 19 energy=-11.212257  maxlinkdim=897 maxerr=4.27E-08 time=173.885
After sweep 20 energy=-11.212277  maxlinkdim=899 maxerr=4.37E-08 time=172.394
After sweep 21 energy=-11.212229  maxlinkdim=894 maxerr=2.65E-08 time=173.361
After sweep 22 energy=-11.212244  maxlinkdim=891 maxerr=2.44E-08 time=171.803
After sweep 23 energy=-11.212212  maxlinkdim=901 maxerr=3.62E-08 time=174.494
After sweep 24 energy=-11.212248  maxlinkdim=908 maxerr=3.46E-08 time=171.596
After sweep 25 energy=-11.212272  maxlinkdim=902 maxerr=3.86E-08 time=172.923
After sweep 26 energy=-11.212229  maxlinkdim=893 maxerr=1.76E-10 time=171.356
After sweep 27 energy=-11.212265  maxlinkdim=900 maxerr=2.54E-08 time=172.406
After sweep 28 energy=-11.212215  maxlinkdim=887 maxerr=6.49E-08 time=172.291
After sweep 29 energy=-11.212308  maxlinkdim=896 maxerr=2.02E-08 time=171.516
After sweep 30 energy=-11.212236  maxlinkdim=902 maxerr=5.15E-08 time=172.595
Not same mu, searching again
After sweep 1 energy=-0.14244834  maxlinkdim=10 maxerr=9.86E-03 time=1.268
After sweep 2 energy=-8.295974  maxlinkdim=20 maxerr=3.83E-04 time=1.402
After sweep 3 energy=-10.200056  maxlinkdim=100 maxerr=1.46E-06 time=2.685
After sweep 4 energy=-10.433304  maxlinkdim=785 maxerr=1.00E-10 time=42.574
After sweep 5 energy=-10.512731  maxlinkdim=641 maxerr=2.15E-08 time=55.583
After sweep 6 energy=-10.55233  maxlinkdim=855 maxerr=6.33E-08 time=42.847
After sweep 7 energy=-10.569387  maxlinkdim=1000 maxerr=1.11E-07 time=54.061
After sweep 8 energy=-10.576509  maxlinkdim=1000 maxerr=2.42E-08 time=75.783
After sweep 9 energy=-10.578411  maxlinkdim=994 maxerr=4.24E-08 time=104.702
After sweep 10 energy=-10.578789  maxlinkdim=1000 maxerr=4.27E-08 time=124.493
After sweep 11 energy=-10.578882  maxlinkdim=957 maxerr=1.95E-08 time=135.734
After sweep 12 energy=-10.578817  maxlinkdim=898 maxerr=7.45E-08 time=152.919
After sweep 13 energy=-10.578794  maxlinkdim=855 maxerr=2.65E-08 time=157.464
After sweep 14 energy=-10.5787945  maxlinkdim=854 maxerr=1.81E-08 time=157.829
After sweep 15 energy=-10.57879  maxlinkdim=859 maxerr=3.47E-08 time=158.253
After sweep 16 energy=-10.5787945  maxlinkdim=861 maxerr=3.05E-08 time=158.555
After sweep 17 energy=-10.578817  maxlinkdim=864 maxerr=5.97E-08 time=159.074
After sweep 18 energy=-10.5787525  maxlinkdim=856 maxerr=2.85E-08 time=157.735
After sweep 19 energy=-10.57881  maxlinkdim=859 maxerr=3.22E-08 time=158.148
After sweep 20 energy=-10.578825  maxlinkdim=860 maxerr=1.68E-07 time=160.679
After sweep 21 energy=-10.578829  maxlinkdim=861 maxerr=7.51E-08 time=158.465
After sweep 22 energy=-10.578782  maxlinkdim=869 maxerr=1.12E-09 time=158.101
After sweep 23 energy=-10.578749  maxlinkdim=855 maxerr=2.22E-08 time=157.783
After sweep 24 energy=-10.578779  maxlinkdim=863 maxerr=3.54E-08 time=157.902
After sweep 25 energy=-10.578848  maxlinkdim=857 maxerr=2.30E-08 time=158.347
After sweep 26 energy=-10.578829  maxlinkdim=853 maxerr=3.40E-08 time=159.099
After sweep 27 energy=-10.578806  maxlinkdim=865 maxerr=3.99E-08 time=158.322
After sweep 28 energy=-10.578819  maxlinkdim=866 maxerr=2.83E-08 time=157.595
After sweep 29 energy=-10.5787945  maxlinkdim=864 maxerr=3.34E-08 time=157.614
After sweep 30 energy=-10.578748  maxlinkdim=868 maxerr=1.14E-08 time=158.304
n0: 0.48805246; n1: 0.50172484; mu0: -2.5059564477945977; mu1: -2.495956447794598

Range found between mu0: -2.5059564477945977 (n0: 0.48805246) and mu1: -2.495956447794598 (n1: 0.50172484); refining...
n0: 0.48805246; n1: 0.50172484; mu0: -2.5059564477945977; mu1: -2.495956447794598
Trying secant step...
After sweep 1 energy=0.0745288  maxlinkdim=10 maxerr=7.60E-03 time=1.391
After sweep 2 energy=-9.2551775  maxlinkdim=20 maxerr=2.09E-04 time=1.548
After sweep 3 energy=-10.846417  maxlinkdim=100 maxerr=1.32E-06 time=2.624
After sweep 4 energy=-11.037539  maxlinkdim=979 maxerr=1.00E-10 time=47.999
After sweep 5 energy=-11.089118  maxlinkdim=813 maxerr=1.04E-08 time=62.530
After sweep 6 energy=-11.115074  maxlinkdim=940 maxerr=3.28E-08 time=51.494
After sweep 7 energy=-11.126351  maxlinkdim=1000 maxerr=3.07E-08 time=69.355
After sweep 8 energy=-11.130341  maxlinkdim=1000 maxerr=6.13E-08 time=88.762
After sweep 9 energy=-11.131353  maxlinkdim=986 maxerr=2.20E-08 time=109.043
After sweep 10 energy=-11.131491  maxlinkdim=919 maxerr=3.47E-08 time=129.807
After sweep 11 energy=-11.131392  maxlinkdim=981 maxerr=4.27E-08 time=156.855
After sweep 12 energy=-11.131289  maxlinkdim=890 maxerr=5.14E-08 time=169.418
After sweep 13 energy=-11.131331  maxlinkdim=897 maxerr=2.69E-08 time=173.289
After sweep 14 energy=-11.131397  maxlinkdim=888 maxerr=5.58E-08 time=170.609
After sweep 15 energy=-11.13137  maxlinkdim=892 maxerr=1.01E-07 time=170.085
After sweep 16 energy=-11.131422  maxlinkdim=893 maxerr=2.73E-08 time=171.365
After sweep 17 energy=-11.131359  maxlinkdim=892 maxerr=3.85E-08 time=172.397
After sweep 18 energy=-11.131415  maxlinkdim=889 maxerr=4.16E-08 time=171.387
After sweep 19 energy=-11.131464  maxlinkdim=892 maxerr=5.45E-08 time=169.733
After sweep 20 energy=-11.131417  maxlinkdim=903 maxerr=1.13E-07 time=170.444
After sweep 21 energy=-11.1314125  maxlinkdim=894 maxerr=3.32E-08 time=170.863
After sweep 22 energy=-11.13136  maxlinkdim=894 maxerr=8.12E-08 time=169.514
After sweep 23 energy=-11.131439  maxlinkdim=886 maxerr=3.74E-08 time=170.770
After sweep 24 energy=-11.131442  maxlinkdim=903 maxerr=3.54E-08 time=170.056
After sweep 25 energy=-11.131369  maxlinkdim=893 maxerr=6.79E-08 time=171.360
After sweep 26 energy=-11.131395  maxlinkdim=899 maxerr=2.87E-08 time=171.104
After sweep 27 energy=-11.131337  maxlinkdim=900 maxerr=1.45E-07 time=170.250
After sweep 28 energy=-11.131346  maxlinkdim=894 maxerr=1.16E-07 time=170.685
After sweep 29 energy=-11.13142  maxlinkdim=896 maxerr=1.26E-07 time=173.074
After sweep 30 energy=-11.131402  maxlinkdim=897 maxerr=1.29E-07 time=170.473
n0: 0.5000214; n1: 0.50172484; mu0: -2.497217997724955; mu1: -2.495956447794598
Trying secant step...
After sweep 1 energy=1.0700432  maxlinkdim=10 maxerr=7.32E-03 time=1.403
After sweep 2 energy=-8.166135  maxlinkdim=20 maxerr=3.11E-04 time=1.551
After sweep 3 energy=-10.33295  maxlinkdim=100 maxerr=1.05E-06 time=2.637
After sweep 4 energy=-10.745303  maxlinkdim=743 maxerr=1.00E-10 time=34.488
After sweep 5 energy=-10.943553  maxlinkdim=475 maxerr=2.74E-08 time=48.405
After sweep 6 energy=-11.039326  maxlinkdim=435 maxerr=3.23E-08 time=32.801
After sweep 7 energy=-11.089045  maxlinkdim=1000 maxerr=3.23E-08 time=37.011
After sweep 8 energy=-11.113972  maxlinkdim=1000 maxerr=2.41E-08 time=57.693
After sweep 9 energy=-11.125691  maxlinkdim=1000 maxerr=5.75E-08 time=85.289
After sweep 10 energy=-11.129261  maxlinkdim=1000 maxerr=2.83E-08 time=104.193
After sweep 11 energy=-11.130305  maxlinkdim=1000 maxerr=3.77E-08 time=121.747
After sweep 12 energy=-11.130461  maxlinkdim=1000 maxerr=1.12E-07 time=148.857
After sweep 13 energy=-11.13036  maxlinkdim=957 maxerr=3.63E-08 time=163.511
After sweep 14 energy=-11.130386  maxlinkdim=900 maxerr=1.51E-08 time=169.098
After sweep 15 energy=-11.130354  maxlinkdim=900 maxerr=2.59E-08 time=170.277
After sweep 16 energy=-11.13036  maxlinkdim=890 maxerr=5.03E-08 time=170.644
After sweep 17 energy=-11.130369  maxlinkdim=895 maxerr=4.71E-08 time=169.926
After sweep 18 energy=-11.130336  maxlinkdim=886 maxerr=3.68E-08 time=172.292
After sweep 19 energy=-11.130401  maxlinkdim=896 maxerr=8.79E-09 time=170.030
After sweep 20 energy=-11.130404  maxlinkdim=893 maxerr=1.52E-08 time=170.439
After sweep 21 energy=-11.1303215  maxlinkdim=896 maxerr=3.38E-08 time=170.435
After sweep 22 energy=-11.130335  maxlinkdim=899 maxerr=5.98E-08 time=172.457
After sweep 23 energy=-11.130383  maxlinkdim=892 maxerr=5.89E-09 time=170.967
After sweep 24 energy=-11.130421  maxlinkdim=889 maxerr=2.00E-08 time=170.414
After sweep 25 energy=-11.130333  maxlinkdim=886 maxerr=5.45E-08 time=170.216
After sweep 26 energy=-11.130394  maxlinkdim=897 maxerr=3.06E-08 time=173.988
After sweep 27 energy=-11.130394  maxlinkdim=894 maxerr=3.77E-08 time=169.894
After sweep 28 energy=-11.130362  maxlinkdim=896 maxerr=5.23E-08 time=170.379
After sweep 29 energy=-11.130335  maxlinkdim=895 maxerr=1.33E-08 time=173.071
After sweep 30 energy=-11.13036  maxlinkdim=900 maxerr=2.26E-08 time=170.176
FOUND MU (secant); mu: -2.4972338449003284  n: 0.49999863
Target density achieved with mu=-2.4972338449003284, n=0.49999863
Checking {alpha,beta} vs measured
Alpha not converged.
NOT CONVERGED; updating alpha, beta and continuing...
After sweep 1 energy=-1.0660142  maxlinkdim=10 maxerr=6.29E-03 time=1.364
After sweep 2 energy=-9.457604  maxlinkdim=20 maxerr=2.27E-04 time=1.531
After sweep 3 energy=-10.849785  maxlinkdim=100 maxerr=2.29E-06 time=2.632
After sweep 4 energy=-11.020489  maxlinkdim=883 maxerr=1.00E-10 time=46.048
After sweep 5 energy=-11.067558  maxlinkdim=612 maxerr=2.88E-08 time=55.351
After sweep 6 energy=-11.090036  maxlinkdim=782 maxerr=2.61E-08 time=40.947
After sweep 7 energy=-11.10084  maxlinkdim=1000 maxerr=1.07E-07 time=51.257
After sweep 8 energy=-11.104594  maxlinkdim=1000 maxerr=4.49E-08 time=80.461
After sweep 9 energy=-11.105187  maxlinkdim=1000 maxerr=4.70E-08 time=111.669
After sweep 10 energy=-11.105082  maxlinkdim=985 maxerr=4.38E-08 time=147.803
After sweep 11 energy=-11.105078  maxlinkdim=924 maxerr=3.26E-08 time=168.555
After sweep 12 energy=-11.10504  maxlinkdim=905 maxerr=2.39E-08 time=170.204
After sweep 13 energy=-11.1050205  maxlinkdim=893 maxerr=2.18E-08 time=170.944
After sweep 14 energy=-11.105055  maxlinkdim=886 maxerr=1.19E-07 time=172.784
After sweep 15 energy=-11.105052  maxlinkdim=889 maxerr=7.90E-08 time=170.146
After sweep 16 energy=-11.1050415  maxlinkdim=894 maxerr=4.31E-08 time=169.964
After sweep 17 energy=-11.105067  maxlinkdim=897 maxerr=5.97E-08 time=169.661
After sweep 18 energy=-11.105034  maxlinkdim=892 maxerr=5.83E-08 time=171.638
After sweep 19 energy=-11.105053  maxlinkdim=887 maxerr=3.00E-08 time=169.671
After sweep 20 energy=-11.105063  maxlinkdim=894 maxerr=1.24E-07 time=169.809
After sweep 21 energy=-11.10504  maxlinkdim=896 maxerr=4.29E-08 time=169.795
After sweep 22 energy=-11.105011  maxlinkdim=901 maxerr=4.01E-08 time=169.755
After sweep 23 energy=-11.104979  maxlinkdim=893 maxerr=3.33E-08 time=170.747
After sweep 24 energy=-11.105002  maxlinkdim=892 maxerr=2.79E-08 time=169.300
After sweep 25 energy=-11.105029  maxlinkdim=898 maxerr=3.00E-08 time=172.385
After sweep 26 energy=-11.105055  maxlinkdim=893 maxerr=2.58E-08 time=171.152
After sweep 27 energy=-11.105095  maxlinkdim=888 maxerr=1.15E-07 time=169.993
After sweep 28 energy=-11.105027  maxlinkdim=893 maxerr=3.45E-08 time=170.813
After sweep 29 energy=-11.105047  maxlinkdim=888 maxerr=2.72E-07 time=169.118
After sweep 30 energy=-11.105085  maxlinkdim=893 maxerr=4.09E-08 time=169.670
Not same mu, searching again
After sweep 1 energy=0.77743673  maxlinkdim=10 maxerr=5.83E-03 time=1.383
After sweep 2 energy=-8.505847  maxlinkdim=20 maxerr=3.28E-04 time=1.541
After sweep 3 energy=-10.103155  maxlinkdim=100 maxerr=1.36E-06 time=2.615
After sweep 4 energy=-10.341218  maxlinkdim=726 maxerr=1.00E-10 time=40.758
After sweep 5 energy=-10.4141245  maxlinkdim=492 maxerr=3.75E-08 time=49.439
After sweep 6 energy=-10.448302  maxlinkdim=657 maxerr=8.44E-08 time=37.605
After sweep 7 energy=-10.4640045  maxlinkdim=844 maxerr=3.41E-08 time=48.115
After sweep 8 energy=-10.471059  maxlinkdim=1000 maxerr=4.58E-08 time=67.983
After sweep 9 energy=-10.473071  maxlinkdim=1000 maxerr=2.60E-08 time=85.333
After sweep 10 energy=-10.473615  maxlinkdim=1000 maxerr=1.35E-07 time=98.188
After sweep 11 energy=-10.473616  maxlinkdim=890 maxerr=4.08E-08 time=133.456
After sweep 12 energy=-10.473565  maxlinkdim=912 maxerr=8.39E-08 time=151.968
After sweep 13 energy=-10.47356  maxlinkdim=858 maxerr=1.84E-08 time=155.998
After sweep 14 energy=-10.47352  maxlinkdim=853 maxerr=3.06E-08 time=157.986
After sweep 15 energy=-10.473604  maxlinkdim=857 maxerr=2.21E-08 time=155.814
After sweep 16 energy=-10.473582  maxlinkdim=853 maxerr=6.86E-08 time=156.241
After sweep 17 energy=-10.47357  maxlinkdim=857 maxerr=2.73E-08 time=155.720
After sweep 18 energy=-10.473543  maxlinkdim=863 maxerr=1.37E-08 time=156.590
After sweep 19 energy=-10.473536  maxlinkdim=855 maxerr=2.91E-08 time=158.419
After sweep 20 energy=-10.473544  maxlinkdim=856 maxerr=2.36E-08 time=155.769
After sweep 21 energy=-10.473524  maxlinkdim=861 maxerr=2.36E-08 time=156.023
After sweep 22 energy=-10.473597  maxlinkdim=854 maxerr=2.12E-08 time=156.272
After sweep 23 energy=-10.47357  maxlinkdim=858 maxerr=2.18E-08 time=156.576
After sweep 24 energy=-10.473608  maxlinkdim=862 maxerr=3.24E-08 time=156.911
After sweep 25 energy=-10.473555  maxlinkdim=862 maxerr=1.07E-08 time=156.063
After sweep 26 energy=-10.473511  maxlinkdim=861 maxerr=9.07E-08 time=155.867
After sweep 27 energy=-10.473562  maxlinkdim=855 maxerr=4.88E-08 time=158.235
After sweep 28 energy=-10.473651  maxlinkdim=855 maxerr=2.18E-08 time=156.165
After sweep 29 energy=-10.473542  maxlinkdim=851 maxerr=4.08E-08 time=157.396
After sweep 30 energy=-10.4735565  maxlinkdim=857 maxerr=7.27E-08 time=155.769
n0: 0.4864815; n1: 0.5002628; mu0: -2.507233844900328; mu1: -2.4972338449003284

Range found between mu0: -2.507233844900328 (n0: 0.4864815) and mu1: -2.4972338449003284 (n1: 0.5002628); refining...
n0: 0.4864815; n1: 0.5002628; mu0: -2.507233844900328; mu1: -2.4972338449003284
Trying secant step...
After sweep 1 energy=-1.781386  maxlinkdim=10 maxerr=4.42E-03 time=1.297
After sweep 2 energy=-9.343322  maxlinkdim=20 maxerr=1.41E-04 time=1.397
After sweep 3 energy=-10.831747  maxlinkdim=100 maxerr=1.00E-06 time=2.881
After sweep 4 energy=-11.011743  maxlinkdim=780 maxerr=1.00E-10 time=44.351
After sweep 5 energy=-11.059794  maxlinkdim=724 maxerr=4.90E-08 time=60.330
After sweep 6 energy=-11.082787  maxlinkdim=1000 maxerr=3.42E-08 time=44.864
After sweep 7 energy=-11.090173  maxlinkdim=1000 maxerr=3.48E-08 time=58.246
After sweep 8 energy=-11.092507  maxlinkdim=1000 maxerr=2.35E-08 time=77.152
After sweep 9 energy=-11.092913  maxlinkdim=975 maxerr=4.00E-08 time=109.893
After sweep 10 energy=-11.092925  maxlinkdim=970 maxerr=4.76E-08 time=138.629
After sweep 11 energy=-11.092812  maxlinkdim=926 maxerr=3.01E-08 time=163.301
After sweep 12 energy=-11.092815  maxlinkdim=890 maxerr=2.77E-08 time=170.912
After sweep 13 energy=-11.092869  maxlinkdim=891 maxerr=5.81E-08 time=169.318
After sweep 14 energy=-11.092869  maxlinkdim=888 maxerr=5.95E-08 time=170.839
After sweep 15 energy=-11.092857  maxlinkdim=883 maxerr=3.48E-08 time=169.222
After sweep 16 energy=-11.09288  maxlinkdim=890 maxerr=5.92E-08 time=169.028
After sweep 17 energy=-11.092828  maxlinkdim=891 maxerr=3.62E-08 time=170.194
After sweep 18 energy=-11.092903  maxlinkdim=886 maxerr=4.90E-08 time=170.799
After sweep 19 energy=-11.092857  maxlinkdim=896 maxerr=8.77E-08 time=168.961
After sweep 20 energy=-11.092828  maxlinkdim=890 maxerr=2.54E-08 time=170.556
After sweep 21 energy=-11.092819  maxlinkdim=894 maxerr=4.91E-08 time=169.437
After sweep 22 energy=-11.092867  maxlinkdim=890 maxerr=2.41E-08 time=169.809
After sweep 23 energy=-11.092854  maxlinkdim=904 maxerr=3.98E-08 time=172.099
After sweep 24 energy=-11.092899  maxlinkdim=905 maxerr=4.37E-08 time=169.904
After sweep 25 energy=-11.092844  maxlinkdim=891 maxerr=4.22E-08 time=169.638
After sweep 26 energy=-11.092868  maxlinkdim=887 maxerr=1.99E-08 time=169.933
After sweep 27 energy=-11.092878  maxlinkdim=898 maxerr=2.36E-08 time=169.341
After sweep 28 energy=-11.092815  maxlinkdim=891 maxerr=2.82E-08 time=169.990
After sweep 29 energy=-11.092835  maxlinkdim=891 maxerr=2.34E-07 time=169.206
After sweep 30 energy=-11.092836  maxlinkdim=896 maxerr=1.36E-07 time=169.553
FOUND MU (secant); mu: -2.4974245356949236  n: 0.50000256
Target density achieved with mu=-2.4974245356949236, n=0.50000256
Checking {alpha,beta} vs measured
Alpha not converged.
NOT CONVERGED; updating alpha, beta and continuing...
After sweep 1 energy=-0.24649389  maxlinkdim=10 maxerr=1.01E-02 time=1.374
After sweep 2 energy=-9.186739  maxlinkdim=20 maxerr=2.06E-04 time=1.545
After sweep 3 energy=-10.82826  maxlinkdim=100 maxerr=1.42E-06 time=2.654
After sweep 4 energy=-11.010288  maxlinkdim=807 maxerr=1.00E-10 time=45.725
After sweep 5 energy=-11.058308  maxlinkdim=632 maxerr=1.02E-07 time=55.887
After sweep 6 energy=-11.082363  maxlinkdim=658 maxerr=2.83E-08 time=38.894
After sweep 7 energy=-11.093679  maxlinkdim=886 maxerr=4.16E-08 time=47.276
After sweep 8 energy=-11.098963  maxlinkdim=1000 maxerr=3.39E-08 time=70.220
After sweep 9 energy=-11.100712  maxlinkdim=1000 maxerr=3.08E-08 time=99.849
After sweep 10 energy=-11.101174  maxlinkdim=1000 maxerr=3.85E-08 time=124.296
After sweep 11 energy=-11.101192  maxlinkdim=1000 maxerr=4.26E-08 time=151.106
After sweep 12 energy=-11.101101  maxlinkdim=946 maxerr=4.14E-08 time=168.589
After sweep 13 energy=-11.101167  maxlinkdim=893 maxerr=3.46E-08 time=169.994
After sweep 14 energy=-11.101141  maxlinkdim=905 maxerr=7.63E-08 time=170.423
After sweep 15 energy=-11.101101  maxlinkdim=900 maxerr=4.98E-08 time=169.802
After sweep 16 energy=-11.101109  maxlinkdim=897 maxerr=5.01E-08 time=171.440
After sweep 17 energy=-11.10112  maxlinkdim=893 maxerr=4.37E-08 time=170.479
After sweep 18 energy=-11.101158  maxlinkdim=918 maxerr=1.04E-07 time=169.926
After sweep 19 energy=-11.101122  maxlinkdim=896 maxerr=4.84E-08 time=170.714
After sweep 20 energy=-11.101213  maxlinkdim=891 maxerr=1.73E-08 time=170.430
After sweep 21 energy=-11.10113  maxlinkdim=893 maxerr=2.32E-08 time=169.564
After sweep 22 energy=-11.101101  maxlinkdim=904 maxerr=9.76E-08 time=170.964
After sweep 23 energy=-11.10115  maxlinkdim=886 maxerr=3.73E-08 time=169.916
After sweep 24 energy=-11.101156  maxlinkdim=889 maxerr=2.38E-08 time=169.877
After sweep 25 energy=-11.101213  maxlinkdim=896 maxerr=3.40E-08 time=170.892
After sweep 26 energy=-11.101147  maxlinkdim=889 maxerr=3.84E-08 time=169.847
After sweep 27 energy=-11.1011715  maxlinkdim=896 maxerr=1.04E-07 time=173.820
After sweep 28 energy=-11.101204  maxlinkdim=914 maxerr=5.95E-08 time=170.589
After sweep 29 energy=-11.10122  maxlinkdim=888 maxerr=2.34E-07 time=170.158
After sweep 30 energy=-11.101147  maxlinkdim=898 maxerr=2.96E-08 time=170.026
Not same mu, searching again
After sweep 1 energy=-1.287424  maxlinkdim=10 maxerr=7.28E-03 time=1.298
After sweep 2 energy=-9.655196  maxlinkdim=20 maxerr=1.43E-04 time=1.668
After sweep 3 energy=-11.367397  maxlinkdim=100 maxerr=1.59E-06 time=2.732
After sweep 4 energy=-11.6269865  maxlinkdim=799 maxerr=1.00E-10 time=46.410
After sweep 5 energy=-11.702914  maxlinkdim=683 maxerr=2.44E-09 time=64.092
After sweep 6 energy=-11.730666  maxlinkdim=601 maxerr=4.29E-08 time=44.300
After sweep 7 energy=-11.742812  maxlinkdim=891 maxerr=1.46E-07 time=56.207
After sweep 8 energy=-11.747525  maxlinkdim=1000 maxerr=4.23E-08 time=89.523
After sweep 9 energy=-11.749233  maxlinkdim=1000 maxerr=1.04E-07 time=127.253
After sweep 10 energy=-11.74942  maxlinkdim=1000 maxerr=5.14E-09 time=162.882
After sweep 11 energy=-11.749411  maxlinkdim=992 maxerr=7.40E-08 time=179.027
After sweep 12 energy=-11.749437  maxlinkdim=930 maxerr=4.18E-08 time=187.771
After sweep 13 energy=-11.749378  maxlinkdim=934 maxerr=6.42E-08 time=186.586
After sweep 14 energy=-11.749424  maxlinkdim=925 maxerr=3.67E-08 time=186.315
After sweep 15 energy=-11.749417  maxlinkdim=933 maxerr=4.47E-08 time=190.020
After sweep 16 energy=-11.749378  maxlinkdim=927 maxerr=4.11E-08 time=188.075
After sweep 17 energy=-11.749376  maxlinkdim=932 maxerr=4.02E-08 time=186.408
After sweep 18 energy=-11.749377  maxlinkdim=927 maxerr=3.12E-08 time=186.670
After sweep 19 energy=-11.749376  maxlinkdim=933 maxerr=4.80E-08 time=186.616
After sweep 20 energy=-11.749416  maxlinkdim=932 maxerr=2.87E-08 time=185.790
After sweep 21 energy=-11.749361  maxlinkdim=940 maxerr=8.02E-08 time=187.209
After sweep 22 energy=-11.749401  maxlinkdim=924 maxerr=4.58E-08 time=186.992
After sweep 23 energy=-11.749327  maxlinkdim=925 maxerr=4.06E-08 time=186.395
After sweep 24 energy=-11.749399  maxlinkdim=931 maxerr=1.94E-08 time=187.470
After sweep 25 energy=-11.749395  maxlinkdim=926 maxerr=2.69E-08 time=187.660
After sweep 26 energy=-11.749376  maxlinkdim=936 maxerr=2.02E-08 time=189.058
After sweep 27 energy=-11.749411  maxlinkdim=951 maxerr=7.29E-08 time=187.351
After sweep 28 energy=-11.749334  maxlinkdim=929 maxerr=3.92E-08 time=186.611
After sweep 29 energy=-11.749407  maxlinkdim=937 maxerr=3.15E-08 time=185.533
After sweep 30 energy=-11.749348  maxlinkdim=937 maxerr=5.46E-08 time=187.798
n0: 0.49975348; n1: 0.51317364; mu0: -2.4974245356949236; mu1: -2.487424535694924

Range found between mu0: -2.4974245356949236 (n0: 0.49975348) and mu1: -2.487424535694924 (n1: 0.51317364); refining...
n0: 0.49975348; n1: 0.51317364; mu0: -2.4974245356949236; mu1: -2.487424535694924
Trying secant step...
After sweep 1 energy=-0.7644951  maxlinkdim=10 maxerr=3.28E-03 time=1.327
After sweep 2 energy=-8.760964  maxlinkdim=20 maxerr=2.79E-04 time=1.748
After sweep 3 energy=-10.307247  maxlinkdim=100 maxerr=1.68E-06 time=2.692
After sweep 4 energy=-10.571752  maxlinkdim=791 maxerr=1.00E-10 time=41.589
After sweep 5 energy=-10.687271  maxlinkdim=594 maxerr=2.66E-08 time=57.089
After sweep 6 energy=-10.795298  maxlinkdim=1000 maxerr=8.89E-08 time=47.663
After sweep 7 energy=-10.919071  maxlinkdim=1000 maxerr=3.53E-08 time=64.284
After sweep 8 energy=-11.03021  maxlinkdim=1000 maxerr=4.80E-08 time=82.317
After sweep 9 energy=-11.100681  maxlinkdim=1000 maxerr=3.45E-08 time=92.435
After sweep 10 energy=-11.110767  maxlinkdim=995 maxerr=2.62E-08 time=102.601
After sweep 11 energy=-11.112791  maxlinkdim=988 maxerr=6.19E-08 time=130.694
After sweep 12 energy=-11.112904  maxlinkdim=977 maxerr=2.52E-07 time=156.970
After sweep 13 energy=-11.112873  maxlinkdim=954 maxerr=3.34E-08 time=166.895
After sweep 14 energy=-11.112903  maxlinkdim=896 maxerr=4.78E-08 time=171.444
After sweep 15 energy=-11.112955  maxlinkdim=888 maxerr=8.28E-08 time=169.797
After sweep 16 energy=-11.112953  maxlinkdim=888 maxerr=2.67E-08 time=169.879
After sweep 17 energy=-11.1129055  maxlinkdim=891 maxerr=1.55E-07 time=170.775
After sweep 18 energy=-11.11294  maxlinkdim=884 maxerr=3.80E-08 time=170.589
After sweep 19 energy=-11.112821  maxlinkdim=902 maxerr=2.30E-08 time=170.577
After sweep 20 energy=-11.112862  maxlinkdim=891 maxerr=1.88E-08 time=171.302
After sweep 21 energy=-11.112883  maxlinkdim=893 maxerr=1.49E-07 time=169.578
After sweep 22 energy=-11.1129  maxlinkdim=889 maxerr=2.34E-07 time=170.781
After sweep 23 energy=-11.112873  maxlinkdim=894 maxerr=1.84E-07 time=171.330
After sweep 24 energy=-11.112909  maxlinkdim=891 maxerr=5.09E-08 time=169.992
After sweep 25 energy=-11.112831  maxlinkdim=901 maxerr=2.44E-08 time=171.046
After sweep 26 energy=-11.112857  maxlinkdim=892 maxerr=9.90E-08 time=169.611
After sweep 27 energy=-11.11289  maxlinkdim=899 maxerr=1.18E-07 time=172.240
After sweep 28 energy=-11.112968  maxlinkdim=892 maxerr=2.02E-08 time=170.910
After sweep 29 energy=-11.1129055  maxlinkdim=900 maxerr=4.37E-08 time=170.262
After sweep 30 energy=-11.112831  maxlinkdim=898 maxerr=1.85E-07 time=171.302
FOUND MU (secant); mu: -2.4972408383868707  n: 0.50000274
Target density achieved with mu=-2.4972408383868707, n=0.50000274
Checking {alpha,beta} vs measured
Alpha not converged.
NOT CONVERGED; updating alpha, beta and continuing...
After sweep 1 energy=-1.105336  maxlinkdim=10 maxerr=5.52E-03 time=1.286
After sweep 2 energy=-8.9728365  maxlinkdim=20 maxerr=3.71E-04 time=1.627
After sweep 3 energy=-10.747042  maxlinkdim=100 maxerr=1.20E-06 time=2.802
After sweep 4 energy=-11.014103  maxlinkdim=835 maxerr=1.00E-10 time=46.453
After sweep 5 energy=-11.070131  maxlinkdim=681 maxerr=1.26E-07 time=62.790
After sweep 6 energy=-11.094601  maxlinkdim=872 maxerr=5.29E-08 time=47.932
After sweep 7 energy=-11.104446  maxlinkdim=1000 maxerr=3.45E-08 time=61.619
After sweep 8 energy=-11.109154  maxlinkdim=1000 maxerr=4.68E-08 time=89.197
After sweep 9 energy=-11.110237  maxlinkdim=996 maxerr=3.00E-08 time=131.198
After sweep 10 energy=-11.110155  maxlinkdim=998 maxerr=4.53E-08 time=154.518
After sweep 11 energy=-11.110065  maxlinkdim=898 maxerr=5.78E-08 time=165.107
After sweep 12 energy=-11.110153  maxlinkdim=904 maxerr=5.22E-08 time=170.299
After sweep 13 energy=-11.110073  maxlinkdim=895 maxerr=1.43E-07 time=170.881
After sweep 14 energy=-11.110069  maxlinkdim=896 maxerr=3.76E-08 time=169.242
After sweep 15 energy=-11.110128  maxlinkdim=889 maxerr=1.29E-07 time=169.893
After sweep 16 energy=-11.110088  maxlinkdim=888 maxerr=1.43E-07 time=170.575
After sweep 17 energy=-11.110197  maxlinkdim=891 maxerr=3.85E-08 time=169.422
After sweep 18 energy=-11.110109  maxlinkdim=891 maxerr=4.99E-08 time=171.233
After sweep 19 energy=-11.110123  maxlinkdim=891 maxerr=5.45E-08 time=169.907
After sweep 20 energy=-11.110102  maxlinkdim=894 maxerr=6.30E-08 time=171.716
After sweep 21 energy=-11.110059  maxlinkdim=890 maxerr=5.15E-08 time=170.946
After sweep 22 energy=-11.110071  maxlinkdim=895 maxerr=4.90E-08 time=170.233
After sweep 23 energy=-11.11008  maxlinkdim=900 maxerr=6.05E-08 time=170.929
After sweep 24 energy=-11.110142  maxlinkdim=885 maxerr=3.91E-08 time=170.358
After sweep 25 energy=-11.110109  maxlinkdim=892 maxerr=1.36E-07 time=170.315
After sweep 26 energy=-11.110096  maxlinkdim=888 maxerr=3.11E-07 time=170.752
After sweep 27 energy=-11.110107  maxlinkdim=893 maxerr=7.43E-08 time=170.380
After sweep 28 energy=-11.110161  maxlinkdim=893 maxerr=1.68E-07 time=172.654
After sweep 29 energy=-11.110096  maxlinkdim=881 maxerr=2.03E-07 time=170.680
After sweep 30 energy=-11.110047  maxlinkdim=891 maxerr=1.09E-07 time=169.737
Not same mu, searching again
After sweep 1 energy=-0.7907716  maxlinkdim=10 maxerr=1.05E-02 time=1.403
After sweep 2 energy=-8.845667  maxlinkdim=20 maxerr=1.26E-04 time=1.553
After sweep 3 energy=-10.214204  maxlinkdim=100 maxerr=1.29E-06 time=2.646
After sweep 4 energy=-10.387791  maxlinkdim=797 maxerr=1.00E-10 time=42.805
After sweep 5 energy=-10.436285  maxlinkdim=570 maxerr=1.38E-08 time=51.345
After sweep 6 energy=-10.4613085  maxlinkdim=568 maxerr=1.60E-07 time=37.078
After sweep 7 energy=-10.472773  maxlinkdim=1000 maxerr=2.74E-08 time=49.026
After sweep 8 energy=-10.477459  maxlinkdim=1000 maxerr=8.65E-08 time=69.528
After sweep 9 energy=-10.478701  maxlinkdim=1000 maxerr=2.59E-08 time=98.908
After sweep 10 energy=-10.478759  maxlinkdim=964 maxerr=1.99E-08 time=127.011
After sweep 11 energy=-10.478775  maxlinkdim=899 maxerr=4.93E-08 time=147.054
After sweep 12 energy=-10.4787445  maxlinkdim=859 maxerr=2.76E-08 time=155.873
After sweep 13 energy=-10.478727  maxlinkdim=856 maxerr=7.14E-08 time=157.029
After sweep 14 energy=-10.478628  maxlinkdim=855 maxerr=3.37E-08 time=158.748
After sweep 15 energy=-10.478695  maxlinkdim=852 maxerr=2.61E-08 time=156.125
After sweep 16 energy=-10.478697  maxlinkdim=852 maxerr=2.27E-08 time=156.153
After sweep 17 energy=-10.478702  maxlinkdim=850 maxerr=2.34E-08 time=156.220
After sweep 18 energy=-10.478658  maxlinkdim=857 maxerr=1.88E-07 time=158.329
After sweep 19 energy=-10.478735  maxlinkdim=861 maxerr=4.42E-08 time=156.551
After sweep 20 energy=-10.478677  maxlinkdim=852 maxerr=2.72E-08 time=156.001
After sweep 21 energy=-10.478743  maxlinkdim=859 maxerr=3.10E-08 time=156.245
After sweep 22 energy=-10.478686  maxlinkdim=851 maxerr=3.56E-08 time=156.301
After sweep 23 energy=-10.4786825  maxlinkdim=854 maxerr=1.90E-07 time=156.371
After sweep 24 energy=-10.478714  maxlinkdim=860 maxerr=2.93E-08 time=157.110
After sweep 25 energy=-10.478623  maxlinkdim=854 maxerr=2.48E-08 time=156.513
After sweep 26 energy=-10.47868  maxlinkdim=865 maxerr=6.44E-08 time=156.022
After sweep 27 energy=-10.4787  maxlinkdim=855 maxerr=2.56E-08 time=156.544
After sweep 28 energy=-10.478653  maxlinkdim=849 maxerr=7.92E-08 time=156.053
After sweep 29 energy=-10.478722  maxlinkdim=857 maxerr=7.29E-08 time=157.247
After sweep 30 energy=-10.478708  maxlinkdim=853 maxerr=2.38E-08 time=155.788
n0: 0.48640028; n1: 0.50016993; mu0: -2.5072408383868705; mu1: -2.4972408383868707

Range found between mu0: -2.5072408383868705 (n0: 0.48640028) and mu1: -2.4972408383868707 (n1: 0.50016993); refining...
n0: 0.48640028; n1: 0.50016993; mu0: -2.5072408383868705; mu1: -2.4972408383868707
Trying secant step...
After sweep 1 energy=-0.1764495  maxlinkdim=10 maxerr=5.18E-03 time=1.316
After sweep 2 energy=-8.772492  maxlinkdim=20 maxerr=3.01E-04 time=1.663
After sweep 3 energy=-10.56379  maxlinkdim=100 maxerr=1.18E-06 time=2.801
After sweep 4 energy=-10.923736  maxlinkdim=767 maxerr=1.00E-10 time=43.552
After sweep 5 energy=-11.048341  maxlinkdim=711 maxerr=1.09E-07 time=60.274
After sweep 6 energy=-11.084049  maxlinkdim=567 maxerr=1.18E-08 time=45.059
After sweep 7 energy=-11.097988  maxlinkdim=1000 maxerr=2.61E-08 time=63.814
After sweep 8 energy=-11.10154  maxlinkdim=1000 maxerr=6.12E-08 time=95.288
After sweep 9 energy=-11.102212  maxlinkdim=1000 maxerr=5.43E-08 time=116.679
After sweep 10 energy=-11.102237  maxlinkdim=1000 maxerr=6.32E-08 time=145.886
After sweep 11 energy=-11.102268  maxlinkdim=987 maxerr=1.81E-07 time=170.892
After sweep 12 energy=-11.102259  maxlinkdim=901 maxerr=2.79E-08 time=170.078
After sweep 13 energy=-11.102234  maxlinkdim=897 maxerr=2.32E-08 time=169.827
After sweep 14 energy=-11.102248  maxlinkdim=895 maxerr=3.03E-08 time=170.614
After sweep 15 energy=-11.102173  maxlinkdim=892 maxerr=3.49E-08 time=169.258
After sweep 16 energy=-11.102165  maxlinkdim=891 maxerr=4.42E-08 time=169.720
After sweep 17 energy=-11.102182  maxlinkdim=888 maxerr=1.23E-07 time=170.234
After sweep 18 energy=-11.102304  maxlinkdim=894 maxerr=7.87E-08 time=169.413
After sweep 19 energy=-11.102194  maxlinkdim=895 maxerr=2.75E-08 time=173.765
After sweep 20 energy=-11.102234  maxlinkdim=897 maxerr=7.48E-08 time=169.524
After sweep 21 energy=-11.102187  maxlinkdim=883 maxerr=1.53E-07 time=170.868
After sweep 22 energy=-11.102198  maxlinkdim=896 maxerr=1.02E-07 time=169.829
After sweep 23 energy=-11.10223  maxlinkdim=888 maxerr=2.84E-08 time=169.690
After sweep 24 energy=-11.102151  maxlinkdim=900 maxerr=1.53E-07 time=171.263
After sweep 25 energy=-11.102186  maxlinkdim=890 maxerr=5.66E-08 time=169.707
After sweep 26 energy=-11.102191  maxlinkdim=888 maxerr=1.08E-07 time=170.470
After sweep 27 energy=-11.102192  maxlinkdim=893 maxerr=8.48E-08 time=170.936
After sweep 28 energy=-11.102175  maxlinkdim=894 maxerr=1.34E-07 time=169.950
After sweep 29 energy=-11.102158  maxlinkdim=889 maxerr=6.26E-08 time=169.541
After sweep 30 energy=-11.102199  maxlinkdim=890 maxerr=2.07E-07 time=170.216
FOUND MU (secant); mu: -2.497364249485212  n: 0.5000026
Target density achieved with mu=-2.497364249485212, n=0.5000026
Checking {alpha,beta} vs measured
Alpha not converged.
NOT CONVERGED; updating alpha, beta and continuing...
After sweep 1 energy=-0.52219975  maxlinkdim=10 maxerr=5.69E-03 time=1.316
After sweep 2 energy=-8.92261  maxlinkdim=20 maxerr=1.25E-04 time=1.695
After sweep 3 energy=-10.631267  maxlinkdim=100 maxerr=8.01E-07 time=2.700
After sweep 4 energy=-10.918575  maxlinkdim=725 maxerr=1.00E-10 time=38.008
After sweep 5 energy=-11.0211935  maxlinkdim=473 maxerr=1.69E-07 time=49.640
After sweep 6 energy=-11.070036  maxlinkdim=1000 maxerr=3.16E-08 time=39.003
After sweep 7 energy=-11.092403  maxlinkdim=1000 maxerr=2.13E-09 time=49.175
After sweep 8 energy=-11.1015215  maxlinkdim=1000 maxerr=2.66E-08 time=65.063
After sweep 9 energy=-11.103731  maxlinkdim=958 maxerr=2.75E-08 time=96.247
After sweep 10 energy=-11.103813  maxlinkdim=1000 maxerr=2.57E-08 time=127.710
After sweep 11 energy=-11.103809  maxlinkdim=952 maxerr=4.69E-08 time=145.508
After sweep 12 energy=-11.103714  maxlinkdim=897 maxerr=4.51E-08 time=166.672
After sweep 13 energy=-11.103786  maxlinkdim=889 maxerr=2.37E-08 time=170.582
After sweep 14 energy=-11.1037855  maxlinkdim=887 maxerr=6.78E-08 time=170.474
After sweep 15 energy=-11.103693  maxlinkdim=888 maxerr=1.47E-07 time=170.095
After sweep 16 energy=-11.103853  maxlinkdim=889 maxerr=3.19E-08 time=170.310
After sweep 17 energy=-11.103695  maxlinkdim=891 maxerr=3.91E-08 time=170.392
After sweep 18 energy=-11.103746  maxlinkdim=889 maxerr=5.79E-08 time=169.982
After sweep 19 energy=-11.103796  maxlinkdim=895 maxerr=9.78E-08 time=170.097
After sweep 20 energy=-11.103742  maxlinkdim=895 maxerr=5.46E-08 time=170.884
After sweep 21 energy=-11.103754  maxlinkdim=887 maxerr=5.40E-08 time=171.446
After sweep 22 energy=-11.103781  maxlinkdim=890 maxerr=4.34E-08 time=169.516
After sweep 23 energy=-11.1037445  maxlinkdim=894 maxerr=5.21E-08 time=170.132
After sweep 24 energy=-11.103735  maxlinkdim=901 maxerr=4.22E-08 time=169.529
After sweep 25 energy=-11.103686  maxlinkdim=882 maxerr=4.77E-08 time=170.225
After sweep 26 energy=-11.103755  maxlinkdim=893 maxerr=4.22E-08 time=169.323
After sweep 27 energy=-11.103767  maxlinkdim=891 maxerr=2.99E-08 time=169.507
After sweep 28 energy=-11.103804  maxlinkdim=893 maxerr=5.06E-08 time=170.284
After sweep 29 energy=-11.103776  maxlinkdim=895 maxerr=2.78E-08 time=169.528
After sweep 30 energy=-11.103674  maxlinkdim=894 maxerr=2.94E-08 time=170.514
Not same mu, searching again
After sweep 1 energy=-0.8137341  maxlinkdim=10 maxerr=2.10E-02 time=1.300
After sweep 2 energy=-9.228617  maxlinkdim=20 maxerr=3.56E-04 time=1.746
After sweep 3 energy=-11.122443  maxlinkdim=100 maxerr=1.63E-06 time=2.705
After sweep 4 energy=-11.504071  maxlinkdim=825 maxerr=1.00E-10 time=47.263
After sweep 5 energy=-11.649577  maxlinkdim=643 maxerr=3.68E-08 time=65.807
After sweep 6 energy=-11.72089  maxlinkdim=935 maxerr=1.67E-09 time=54.876
After sweep 7 energy=-11.7458105  maxlinkdim=1000 maxerr=1.30E-07 time=80.742
After sweep 8 energy=-11.751874  maxlinkdim=1000 maxerr=4.63E-08 time=119.437
After sweep 9 energy=-11.752286  maxlinkdim=999 maxerr=4.87E-08 time=147.341
After sweep 10 energy=-11.752237  maxlinkdim=1000 maxerr=6.61E-08 time=164.084
After sweep 11 energy=-11.752264  maxlinkdim=953 maxerr=4.17E-08 time=184.723
After sweep 12 energy=-11.752243  maxlinkdim=928 maxerr=4.97E-08 time=187.019
After sweep 13 energy=-11.752145  maxlinkdim=927 maxerr=5.29E-08 time=189.084
After sweep 14 energy=-11.7523  maxlinkdim=931 maxerr=4.92E-08 time=186.073
After sweep 15 energy=-11.752218  maxlinkdim=926 maxerr=6.04E-08 time=186.219
After sweep 16 energy=-11.7521305  maxlinkdim=926 maxerr=1.53E-07 time=186.623
After sweep 17 energy=-11.752209  maxlinkdim=924 maxerr=4.83E-08 time=189.330
After sweep 18 energy=-11.75226  maxlinkdim=933 maxerr=1.46E-07 time=186.413
After sweep 19 energy=-11.752214  maxlinkdim=945 maxerr=1.71E-07 time=187.467
After sweep 20 energy=-11.752218  maxlinkdim=942 maxerr=1.21E-07 time=187.139
After sweep 21 energy=-11.752226  maxlinkdim=935 maxerr=4.33E-08 time=187.076
After sweep 22 energy=-11.752209  maxlinkdim=936 maxerr=1.40E-07 time=186.019
After sweep 23 energy=-11.752211  maxlinkdim=933 maxerr=1.93E-08 time=186.706
After sweep 24 energy=-11.7521305  maxlinkdim=937 maxerr=2.68E-08 time=186.517
After sweep 25 energy=-11.752271  maxlinkdim=927 maxerr=4.11E-08 time=186.592
After sweep 26 energy=-11.752275  maxlinkdim=929 maxerr=6.04E-08 time=186.235
After sweep 27 energy=-11.752214  maxlinkdim=938 maxerr=2.78E-08 time=185.983
After sweep 28 energy=-11.752239  maxlinkdim=921 maxerr=6.52E-08 time=186.085
After sweep 29 energy=-11.752211  maxlinkdim=930 maxerr=8.59E-08 time=186.719
After sweep 30 energy=-11.752205  maxlinkdim=928 maxerr=4.42E-08 time=186.051
n0: 0.4998892; n1: 0.51331526; mu0: -2.497364249485212; mu1: -2.4873642494852124

Range found between mu0: -2.497364249485212 (n0: 0.4998892) and mu1: -2.4873642494852124 (n1: 0.51331526); refining...
n0: 0.4998892; n1: 0.51331526; mu0: -2.497364249485212; mu1: -2.4873642494852124
Trying secant step...
After sweep 1 energy=0.18385474  maxlinkdim=10 maxerr=5.49E-03 time=1.345
After sweep 2 energy=-8.845264  maxlinkdim=20 maxerr=5.01E-04 time=1.498
After sweep 3 energy=-10.533759  maxlinkdim=100 maxerr=8.65E-07 time=2.599
After sweep 4 energy=-10.848004  maxlinkdim=721 maxerr=1.00E-10 time=38.108
After sweep 5 energy=-10.979982  maxlinkdim=450 maxerr=4.71E-08 time=45.915
After sweep 6 energy=-11.0556345  maxlinkdim=1000 maxerr=2.05E-07 time=40.311
After sweep 7 energy=-11.089627  maxlinkdim=1000 maxerr=4.88E-08 time=53.530
After sweep 8 energy=-11.10304  maxlinkdim=1000 maxerr=4.54E-08 time=69.992
After sweep 9 energy=-11.107771  maxlinkdim=1000 maxerr=2.96E-08 time=85.792
After sweep 10 energy=-11.108898  maxlinkdim=968 maxerr=2.74E-08 time=102.264
After sweep 11 energy=-11.10907  maxlinkdim=983 maxerr=3.43E-08 time=126.877
After sweep 12 energy=-11.109049  maxlinkdim=939 maxerr=4.52E-08 time=154.929
After sweep 13 energy=-11.1090355  maxlinkdim=887 maxerr=3.24E-08 time=169.122
After sweep 14 energy=-11.108987  maxlinkdim=888 maxerr=3.05E-08 time=169.956
After sweep 15 energy=-11.109085  maxlinkdim=903 maxerr=6.35E-08 time=170.399
After sweep 16 energy=-11.1090555  maxlinkdim=899 maxerr=9.91E-08 time=169.894
After sweep 17 energy=-11.109077  maxlinkdim=895 maxerr=2.17E-08 time=171.209
After sweep 18 energy=-11.109013  maxlinkdim=894 maxerr=4.88E-08 time=169.935
After sweep 19 energy=-11.109015  maxlinkdim=899 maxerr=1.22E-07 time=171.959
After sweep 20 energy=-11.10906  maxlinkdim=930 maxerr=4.81E-08 time=170.830
After sweep 21 energy=-11.109043  maxlinkdim=888 maxerr=2.73E-08 time=169.714
After sweep 22 energy=-11.109093  maxlinkdim=902 maxerr=4.52E-08 time=170.643
After sweep 23 energy=-11.109001  maxlinkdim=892 maxerr=2.59E-08 time=170.406
After sweep 24 energy=-11.109  maxlinkdim=902 maxerr=3.04E-08 time=169.993
After sweep 25 energy=-11.109019  maxlinkdim=903 maxerr=3.08E-08 time=170.650
After sweep 26 energy=-11.10902  maxlinkdim=898 maxerr=4.84E-08 time=169.670
After sweep 27 energy=-11.109027  maxlinkdim=886 maxerr=1.55E-07 time=172.011
After sweep 28 energy=-11.10914  maxlinkdim=914 maxerr=4.05E-08 time=170.576
After sweep 29 energy=-11.109037  maxlinkdim=889 maxerr=2.95E-08 time=169.513
After sweep 30 energy=-11.10907  maxlinkdim=891 maxerr=1.14E-07 time=170.652
FOUND MU (secant); mu: -2.4972817196963533  n: 0.5000033
Target density achieved with mu=-2.4972817196963533, n=0.5000033
Checking {alpha,beta} vs measured
Alpha not converged.
NOT CONVERGED; updating alpha, beta and continuing...
After sweep 1 energy=0.24048913  maxlinkdim=10 maxerr=7.15E-03 time=1.230
After sweep 2 energy=-8.878817  maxlinkdim=20 maxerr=8.67E-04 time=1.590
After sweep 3 energy=-10.616564  maxlinkdim=100 maxerr=1.38E-06 time=2.793
After sweep 4 energy=-10.932005  maxlinkdim=782 maxerr=1.00E-10 time=41.451
After sweep 5 energy=-11.033264  maxlinkdim=619 maxerr=1.90E-08 time=55.138
After sweep 6 energy=-11.078813  maxlinkdim=1000 maxerr=6.27E-08 time=45.808
After sweep 7 energy=-11.098321  maxlinkdim=1000 maxerr=3.96E-08 time=64.367
After sweep 8 energy=-11.106799  maxlinkdim=969 maxerr=3.48E-08 time=94.267
After sweep 9 energy=-11.108065  maxlinkdim=963 maxerr=8.54E-08 time=118.026
After sweep 10 energy=-11.108219  maxlinkdim=981 maxerr=1.81E-08 time=134.379
After sweep 11 energy=-11.108123  maxlinkdim=929 maxerr=3.27E-08 time=158.155
After sweep 12 energy=-11.108183  maxlinkdim=900 maxerr=1.78E-08 time=167.042
After sweep 13 energy=-11.108191  maxlinkdim=891 maxerr=1.68E-07 time=170.082
After sweep 14 energy=-11.1081505  maxlinkdim=897 maxerr=4.67E-08 time=170.405
After sweep 15 energy=-11.108131  maxlinkdim=894 maxerr=2.60E-08 time=169.411
After sweep 16 energy=-11.108118  maxlinkdim=894 maxerr=3.37E-08 time=172.631
After sweep 17 energy=-11.108143  maxlinkdim=897 maxerr=5.72E-08 time=169.394
After sweep 18 energy=-11.108143  maxlinkdim=885 maxerr=6.30E-08 time=169.670
After sweep 19 energy=-11.108142  maxlinkdim=912 maxerr=1.47E-08 time=170.601
After sweep 20 energy=-11.108172  maxlinkdim=896 maxerr=3.68E-08 time=169.256
After sweep 21 energy=-11.108135  maxlinkdim=890 maxerr=9.88E-08 time=169.599
After sweep 22 energy=-11.108178  maxlinkdim=897 maxerr=1.79E-07 time=170.840
After sweep 23 energy=-11.10821  maxlinkdim=894 maxerr=4.39E-08 time=170.197
After sweep 24 energy=-11.108106  maxlinkdim=886 maxerr=3.78E-08 time=173.024
After sweep 25 energy=-11.1082115  maxlinkdim=895 maxerr=4.78E-08 time=169.183
After sweep 26 energy=-11.108181  maxlinkdim=890 maxerr=2.13E-07 time=169.526
After sweep 27 energy=-11.108147  maxlinkdim=894 maxerr=6.20E-08 time=170.381
After sweep 28 energy=-11.108177  maxlinkdim=896 maxerr=4.26E-08 time=169.781
After sweep 29 energy=-11.108206  maxlinkdim=898 maxerr=4.26E-08 time=170.506
After sweep 30 energy=-11.108143  maxlinkdim=893 maxerr=1.52E-07 time=169.500
Not same mu, searching again
After sweep 1 energy=-0.03574753  maxlinkdim=10 maxerr=5.04E-03 time=1.247
After sweep 2 energy=-8.349421  maxlinkdim=20 maxerr=4.04E-04 time=1.369
After sweep 3 energy=-10.008595  maxlinkdim=100 maxerr=1.11E-06 time=2.881
After sweep 4 energy=-10.299392  maxlinkdim=731 maxerr=1.00E-10 time=39.628
After sweep 5 energy=-10.407515  maxlinkdim=548 maxerr=1.64E-08 time=52.529
After sweep 6 energy=-10.449647  maxlinkdim=971 maxerr=1.87E-08 time=36.528
After sweep 7 energy=-10.467572  maxlinkdim=1000 maxerr=3.23E-08 time=43.463
After sweep 8 energy=-10.475091  maxlinkdim=1000 maxerr=2.01E-08 time=69.295
After sweep 9 energy=-10.476649  maxlinkdim=959 maxerr=3.94E-08 time=97.254
After sweep 10 energy=-10.476934  maxlinkdim=897 maxerr=4.26E-08 time=111.975
After sweep 11 energy=-10.476929  maxlinkdim=946 maxerr=6.71E-08 time=137.056
After sweep 12 energy=-10.47685  maxlinkdim=931 maxerr=2.70E-08 time=154.296
After sweep 13 energy=-10.47693  maxlinkdim=852 maxerr=1.31E-08 time=156.797
After sweep 14 energy=-10.476904  maxlinkdim=863 maxerr=4.41E-08 time=158.542
After sweep 15 energy=-10.476857  maxlinkdim=848 maxerr=1.05E-07 time=156.547
After sweep 16 energy=-10.476866  maxlinkdim=851 maxerr=2.94E-08 time=156.285
After sweep 17 energy=-10.476893  maxlinkdim=863 maxerr=4.32E-08 time=156.368
After sweep 18 energy=-10.476914  maxlinkdim=854 maxerr=1.24E-08 time=156.031
After sweep 19 energy=-10.4769535  maxlinkdim=858 maxerr=5.13E-08 time=156.024
After sweep 20 energy=-10.476898  maxlinkdim=851 maxerr=3.13E-08 time=155.614
After sweep 21 energy=-10.4768715  maxlinkdim=852 maxerr=2.05E-08 time=156.295
After sweep 22 energy=-10.4768715  maxlinkdim=858 maxerr=3.29E-08 time=156.986
After sweep 23 energy=-10.476854  maxlinkdim=852 maxerr=4.58E-08 time=158.144
After sweep 24 energy=-10.476833  maxlinkdim=856 maxerr=3.01E-08 time=156.226
After sweep 25 energy=-10.476845  maxlinkdim=859 maxerr=7.85E-08 time=156.097
After sweep 26 energy=-10.476892  maxlinkdim=856 maxerr=6.75E-08 time=155.818
After sweep 27 energy=-10.4768715  maxlinkdim=853 maxerr=1.07E-07 time=156.427
After sweep 28 energy=-10.476852  maxlinkdim=854 maxerr=4.21E-08 time=155.956
After sweep 29 energy=-10.476816  maxlinkdim=851 maxerr=1.22E-07 time=155.976
After sweep 30 energy=-10.476863  maxlinkdim=856 maxerr=7.31E-08 time=156.018
n0: 0.4863077; n1: 0.50007546; mu0: -2.507281719696353; mu1: -2.4972817196963533

Range found between mu0: -2.507281719696353 (n0: 0.4863077) and mu1: -2.4972817196963533 (n1: 0.50007546); refining...
n0: 0.4863077; n1: 0.50007546; mu0: -2.507281719696353; mu1: -2.4972817196963533
Trying secant step...
After sweep 1 energy=-1.095627  maxlinkdim=10 maxerr=4.88E-03 time=1.400
After sweep 2 energy=-9.156939  maxlinkdim=20 maxerr=1.05E-04 time=1.567
After sweep 3 energy=-10.722672  maxlinkdim=100 maxerr=1.58E-06 time=2.641
After sweep 4 energy=-10.978647  maxlinkdim=826 maxerr=1.00E-10 time=45.225
After sweep 5 energy=-11.050944  maxlinkdim=725 maxerr=2.67E-08 time=58.495
After sweep 6 energy=-11.0823555  maxlinkdim=769 maxerr=2.47E-08 time=46.762
After sweep 7 energy=-11.097152  maxlinkdim=1000 maxerr=6.50E-08 time=63.122
After sweep 8 energy=-11.102606  maxlinkdim=1000 maxerr=3.64E-08 time=84.599
After sweep 9 energy=-11.104308  maxlinkdim=951 maxerr=1.16E-07 time=104.709
After sweep 10 energy=-11.104661  maxlinkdim=964 maxerr=1.79E-08 time=131.837
After sweep 11 energy=-11.104675  maxlinkdim=959 maxerr=5.54E-08 time=156.812
After sweep 12 energy=-11.104685  maxlinkdim=976 maxerr=7.49E-08 time=166.327
After sweep 13 energy=-11.104649  maxlinkdim=890 maxerr=3.23E-08 time=169.972
After sweep 14 energy=-11.10457  maxlinkdim=894 maxerr=1.43E-07 time=170.378
After sweep 15 energy=-11.104595  maxlinkdim=891 maxerr=1.29E-07 time=169.244
After sweep 16 energy=-11.104639  maxlinkdim=893 maxerr=1.14E-07 time=170.308
After sweep 17 energy=-11.10466  maxlinkdim=894 maxerr=3.35E-08 time=170.005
After sweep 18 energy=-11.104636  maxlinkdim=902 maxerr=3.30E-08 time=169.643
After sweep 19 energy=-11.104697  maxlinkdim=890 maxerr=2.51E-08 time=169.864
After sweep 20 energy=-11.104599  maxlinkdim=897 maxerr=6.43E-08 time=169.678
After sweep 21 energy=-11.10462  maxlinkdim=890 maxerr=8.32E-08 time=172.606
After sweep 22 energy=-11.104702  maxlinkdim=895 maxerr=2.53E-08 time=169.768
After sweep 23 energy=-11.104639  maxlinkdim=891 maxerr=4.57E-08 time=170.137
After sweep 24 energy=-11.104618  maxlinkdim=902 maxerr=2.67E-08 time=169.951
After sweep 25 energy=-11.104649  maxlinkdim=893 maxerr=2.37E-08 time=171.106
After sweep 26 energy=-11.104551  maxlinkdim=890 maxerr=3.55E-08 time=170.678
After sweep 27 energy=-11.104692  maxlinkdim=891 maxerr=2.62E-08 time=169.326
After sweep 28 energy=-11.104662  maxlinkdim=895 maxerr=1.13E-07 time=169.692
After sweep 29 energy=-11.104695  maxlinkdim=891 maxerr=3.86E-08 time=172.019
After sweep 30 energy=-11.104609  maxlinkdim=902 maxerr=1.24E-07 time=169.286
FOUND MU (secant); mu: -2.4973365285688103  n: 0.49999964
Target density achieved with mu=-2.4973365285688103, n=0.49999964
Checking {alpha,beta} vs measured
Alpha not converged.
NOT CONVERGED; updating alpha, beta and continuing...
After sweep 1 energy=-0.9190229  maxlinkdim=10 maxerr=5.84E-03 time=1.385
After sweep 2 energy=-9.086884  maxlinkdim=20 maxerr=1.61E-04 time=1.526
After sweep 3 energy=-10.692125  maxlinkdim=100 maxerr=1.39E-06 time=2.605
After sweep 4 energy=-10.962414  maxlinkdim=810 maxerr=1.00E-10 time=46.580
After sweep 5 energy=-11.044398  maxlinkdim=613 maxerr=2.46E-08 time=57.744
After sweep 6 energy=-11.07951  maxlinkdim=803 maxerr=8.03E-08 time=43.659
After sweep 7 energy=-11.096264  maxlinkdim=1000 maxerr=1.55E-08 time=54.404
After sweep 8 energy=-11.102893  maxlinkdim=1000 maxerr=3.93E-08 time=85.316
After sweep 9 energy=-11.104924  maxlinkdim=1000 maxerr=2.36E-08 time=113.229
After sweep 10 energy=-11.105262  maxlinkdim=996 maxerr=4.95E-08 time=134.588
After sweep 11 energy=-11.105297  maxlinkdim=959 maxerr=1.54E-07 time=155.980
After sweep 12 energy=-11.105173  maxlinkdim=910 maxerr=1.40E-07 time=169.284
After sweep 13 energy=-11.105225  maxlinkdim=893 maxerr=1.40E-07 time=171.924
After sweep 14 energy=-11.105234  maxlinkdim=895 maxerr=1.79E-07 time=171.432
After sweep 15 energy=-11.105214  maxlinkdim=885 maxerr=1.42E-07 time=169.523
After sweep 16 energy=-11.105185  maxlinkdim=900 maxerr=1.38E-07 time=170.242
After sweep 17 energy=-11.105274  maxlinkdim=897 maxerr=3.49E-08 time=169.921
After sweep 18 energy=-11.105234  maxlinkdim=891 maxerr=1.79E-08 time=169.562
After sweep 19 energy=-11.105143  maxlinkdim=891 maxerr=3.96E-08 time=170.791
After sweep 20 energy=-11.105232  maxlinkdim=891 maxerr=3.66E-08 time=169.750
After sweep 21 energy=-11.10519  maxlinkdim=891 maxerr=5.11E-08 time=169.912
After sweep 22 energy=-11.105224  maxlinkdim=883 maxerr=3.08E-08 time=170.516
After sweep 23 energy=-11.1052  maxlinkdim=894 maxerr=2.60E-08 time=169.630
After sweep 24 energy=-11.105192  maxlinkdim=893 maxerr=6.32E-08 time=170.823
After sweep 25 energy=-11.105215  maxlinkdim=943 maxerr=3.37E-08 time=170.165
After sweep 26 energy=-11.1052685  maxlinkdim=887 maxerr=3.44E-08 time=170.526
After sweep 27 energy=-11.105263  maxlinkdim=894 maxerr=1.67E-07 time=170.423
After sweep 28 energy=-11.105204  maxlinkdim=887 maxerr=3.90E-08 time=170.170
After sweep 29 energy=-11.105211  maxlinkdim=886 maxerr=5.72E-08 time=172.476
After sweep 30 energy=-11.105175  maxlinkdim=897 maxerr=4.00E-08 time=169.532
Not same mu, searching again
After sweep 1 energy=-1.5913693  maxlinkdim=10 maxerr=8.29E-03 time=1.361
After sweep 2 energy=-9.7848835  maxlinkdim=20 maxerr=1.17E-04 time=1.502
After sweep 3 energy=-11.3707  maxlinkdim=100 maxerr=1.35E-06 time=2.601
After sweep 4 energy=-11.638536  maxlinkdim=828 maxerr=1.00E-10 time=50.707
After sweep 5 energy=-11.712288  maxlinkdim=726 maxerr=2.93E-07 time=65.882
After sweep 6 energy=-11.737551  maxlinkdim=811 maxerr=9.80E-08 time=53.294
After sweep 7 energy=-11.748484  maxlinkdim=977 maxerr=1.24E-07 time=69.337
After sweep 8 energy=-11.752927  maxlinkdim=1000 maxerr=5.21E-08 time=103.050
After sweep 9 energy=-11.753764  maxlinkdim=1000 maxerr=2.76E-08 time=138.027
After sweep 10 energy=-11.753892  maxlinkdim=1000 maxerr=2.96E-08 time=173.971
After sweep 11 energy=-11.753835  maxlinkdim=941 maxerr=2.41E-08 time=186.209
After sweep 12 energy=-11.753721  maxlinkdim=932 maxerr=2.23E-08 time=185.820
After sweep 13 energy=-11.753786  maxlinkdim=931 maxerr=4.59E-08 time=188.412
After sweep 14 energy=-11.7537365  maxlinkdim=934 maxerr=4.98E-08 time=186.120
After sweep 15 energy=-11.75374  maxlinkdim=940 maxerr=2.86E-08 time=186.811
After sweep 16 energy=-11.753706  maxlinkdim=961 maxerr=5.05E-08 time=187.378
After sweep 17 energy=-11.753823  maxlinkdim=935 maxerr=5.88E-08 time=185.729
After sweep 18 energy=-11.753708  maxlinkdim=945 maxerr=9.64E-08 time=186.062
After sweep 19 energy=-11.753761  maxlinkdim=953 maxerr=6.18E-08 time=186.483
After sweep 20 energy=-11.753729  maxlinkdim=927 maxerr=3.85E-08 time=186.287
After sweep 21 energy=-11.753702  maxlinkdim=924 maxerr=3.96E-08 time=189.044
After sweep 22 energy=-11.753749  maxlinkdim=931 maxerr=5.70E-08 time=186.253
After sweep 23 energy=-11.753775  maxlinkdim=941 maxerr=3.80E-08 time=186.097
After sweep 24 energy=-11.753756  maxlinkdim=929 maxerr=3.58E-08 time=188.967
After sweep 25 energy=-11.753773  maxlinkdim=930 maxerr=3.49E-08 time=187.666
After sweep 26 energy=-11.753714  maxlinkdim=926 maxerr=6.69E-08 time=185.471
After sweep 27 energy=-11.75371  maxlinkdim=931 maxerr=5.03E-08 time=186.677
After sweep 28 energy=-11.753777  maxlinkdim=931 maxerr=3.85E-08 time=189.239
After sweep 29 energy=-11.753752  maxlinkdim=941 maxerr=5.10E-08 time=185.269
After sweep 30 energy=-11.753693  maxlinkdim=936 maxerr=8.66E-08 time=186.994
n0: 0.49995363; n1: 0.51337934; mu0: -2.4973365285688103; mu1: -2.4873365285688105

Range found between mu0: -2.4973365285688103 (n0: 0.49995363) and mu1: -2.4873365285688105 (n1: 0.51337934); refining...
n0: 0.49995363; n1: 0.51337934; mu0: -2.4973365285688103; mu1: -2.4873365285688105
Trying secant step...
After sweep 1 energy=-0.56843936  maxlinkdim=10 maxerr=9.49E-03 time=1.229
After sweep 2 energy=-9.238703  maxlinkdim=20 maxerr=1.93E-04 time=1.587
After sweep 3 energy=-10.583517  maxlinkdim=100 maxerr=1.68E-06 time=2.756
After sweep 4 energy=-10.745965  maxlinkdim=851 maxerr=1.00E-10 time=49.551
After sweep 5 energy=-10.848479  maxlinkdim=644 maxerr=2.77E-08 time=65.418
After sweep 6 energy=-10.956607  maxlinkdim=780 maxerr=1.23E-08 time=44.043
After sweep 7 energy=-11.03696  maxlinkdim=693 maxerr=3.85E-08 time=49.809
After sweep 8 energy=-11.080413  maxlinkdim=893 maxerr=6.30E-08 time=67.625
After sweep 9 energy=-11.0999  maxlinkdim=915 maxerr=4.83E-08 time=84.247
After sweep 10 energy=-11.106637  maxlinkdim=1000 maxerr=4.36E-08 time=109.375
After sweep 11 energy=-11.107467  maxlinkdim=1000 maxerr=2.73E-08 time=146.002
After sweep 12 energy=-11.107389  maxlinkdim=992 maxerr=2.94E-08 time=163.654
After sweep 13 energy=-11.10738  maxlinkdim=890 maxerr=4.03E-08 time=173.579
After sweep 14 energy=-11.107369  maxlinkdim=892 maxerr=8.54E-08 time=169.911
After sweep 15 energy=-11.107414  maxlinkdim=902 maxerr=5.31E-08 time=171.451
After sweep 16 energy=-11.107408  maxlinkdim=887 maxerr=5.68E-08 time=170.038
After sweep 17 energy=-11.107413  maxlinkdim=897 maxerr=7.71E-08 time=171.809
After sweep 18 energy=-11.107401  maxlinkdim=902 maxerr=7.07E-08 time=169.815
After sweep 19 energy=-11.107447  maxlinkdim=902 maxerr=3.08E-08 time=169.780
After sweep 20 energy=-11.107395  maxlinkdim=889 maxerr=2.66E-08 time=170.189
After sweep 21 energy=-11.107395  maxlinkdim=893 maxerr=9.84E-08 time=169.349
After sweep 22 energy=-11.107412  maxlinkdim=886 maxerr=4.16E-08 time=170.332
After sweep 23 energy=-11.107466  maxlinkdim=886 maxerr=5.43E-08 time=170.206
After sweep 24 energy=-11.107372  maxlinkdim=905 maxerr=4.40E-08 time=170.193
After sweep 25 energy=-11.107399  maxlinkdim=888 maxerr=1.12E-07 time=171.296
After sweep 26 energy=-11.107452  maxlinkdim=887 maxerr=2.29E-08 time=170.004
After sweep 27 energy=-11.107447  maxlinkdim=889 maxerr=3.97E-08 time=169.478
After sweep 28 energy=-11.107447  maxlinkdim=897 maxerr=4.17E-08 time=170.808
After sweep 29 energy=-11.107464  maxlinkdim=903 maxerr=4.74E-08 time=169.333
After sweep 30 energy=-11.1073885  maxlinkdim=891 maxerr=4.43E-08 time=170.435
FOUND MU (secant); mu: -2.4973019885547814  n: 0.5000026
Target density achieved with mu=-2.4973019885547814, n=0.5000026
Checking {alpha,beta} vs measured
Alpha not converged.
NOT CONVERGED; updating alpha, beta and continuing...
After sweep 1 energy=0.3381481  maxlinkdim=10 maxerr=4.29E-03 time=1.294
After sweep 2 energy=-8.4587345  maxlinkdim=20 maxerr=1.48E-04 time=1.608
After sweep 3 energy=-10.289363  maxlinkdim=100 maxerr=1.31E-06 time=2.809
After sweep 4 energy=-10.678751  maxlinkdim=776 maxerr=1.00E-10 time=36.506
After sweep 5 energy=-10.872887  maxlinkdim=684 maxerr=7.87E-09 time=52.928
After sweep 6 energy=-10.991596  maxlinkdim=604 maxerr=2.98E-08 time=37.765
After sweep 7 energy=-11.05836  maxlinkdim=959 maxerr=3.82E-08 time=47.154
After sweep 8 energy=-11.088472  maxlinkdim=1000 maxerr=1.58E-07 time=68.248
After sweep 9 energy=-11.100497  maxlinkdim=1000 maxerr=4.79E-08 time=77.764
After sweep 10 energy=-11.1052065  maxlinkdim=1000 maxerr=3.87E-08 time=100.724
After sweep 11 energy=-11.106979  maxlinkdim=1000 maxerr=1.71E-07 time=122.678
After sweep 12 energy=-11.10714  maxlinkdim=994 maxerr=1.65E-07 time=146.664
After sweep 13 energy=-11.107054  maxlinkdim=974 maxerr=7.28E-08 time=156.412
After sweep 14 energy=-11.107077  maxlinkdim=897 maxerr=5.28E-08 time=169.214
After sweep 15 energy=-11.107145  maxlinkdim=889 maxerr=3.52E-08 time=171.637
After sweep 16 energy=-11.106997  maxlinkdim=905 maxerr=3.77E-08 time=170.634
After sweep 17 energy=-11.107056  maxlinkdim=897 maxerr=1.35E-07 time=168.997
After sweep 18 energy=-11.107087  maxlinkdim=900 maxerr=6.15E-08 time=170.014
After sweep 19 energy=-11.107084  maxlinkdim=884 maxerr=5.34E-08 time=170.390
After sweep 20 energy=-11.107061  maxlinkdim=887 maxerr=2.39E-08 time=169.826
After sweep 21 energy=-11.107091  maxlinkdim=896 maxerr=9.31E-08 time=170.481
After sweep 22 energy=-11.107082  maxlinkdim=898 maxerr=2.94E-08 time=169.865
After sweep 23 energy=-11.107002  maxlinkdim=896 maxerr=2.05E-08 time=169.929
After sweep 24 energy=-11.107057  maxlinkdim=898 maxerr=1.55E-08 time=170.371
After sweep 25 energy=-11.107086  maxlinkdim=892 maxerr=1.13E-07 time=169.645
After sweep 26 energy=-11.107094  maxlinkdim=887 maxerr=1.15E-07 time=170.603
After sweep 27 energy=-11.107135  maxlinkdim=892 maxerr=1.05E-07 time=168.824
After sweep 28 energy=-11.107035  maxlinkdim=899 maxerr=2.28E-08 time=169.154
After sweep 29 energy=-11.107073  maxlinkdim=897 maxerr=7.76E-09 time=170.190
After sweep 30 energy=-11.107046  maxlinkdim=891 maxerr=3.85E-08 time=169.865
Not same mu, searching again
After sweep 1 energy=-0.9888662  maxlinkdim=10 maxerr=3.62E-03 time=1.348
After sweep 2 energy=-8.28007  maxlinkdim=20 maxerr=9.28E-05 time=1.497
After sweep 3 energy=-9.90243  maxlinkdim=100 maxerr=8.70E-07 time=2.613
After sweep 4 energy=-10.213764  maxlinkdim=746 maxerr=9.99E-11 time=37.478
After sweep 5 energy=-10.34139  maxlinkdim=605 maxerr=2.07E-08 time=45.004
After sweep 6 energy=-10.410436  maxlinkdim=532 maxerr=2.39E-10 time=31.850
After sweep 7 energy=-10.448905  maxlinkdim=1000 maxerr=1.38E-07 time=40.513
After sweep 8 energy=-10.467642  maxlinkdim=1000 maxerr=2.06E-08 time=68.503
After sweep 9 energy=-10.47441  maxlinkdim=970 maxerr=1.09E-07 time=94.432
After sweep 10 energy=-10.47588  maxlinkdim=968 maxerr=1.50E-07 time=111.090
After sweep 11 energy=-10.475924  maxlinkdim=1000 maxerr=7.09E-08 time=127.380
After sweep 12 energy=-10.475859  maxlinkdim=896 maxerr=3.30E-08 time=145.584
After sweep 13 energy=-10.475808  maxlinkdim=858 maxerr=3.99E-08 time=155.460
After sweep 14 energy=-10.475921  maxlinkdim=851 maxerr=9.82E-08 time=155.993
After sweep 15 energy=-10.47588  maxlinkdim=848 maxerr=3.49E-08 time=156.367
After sweep 16 energy=-10.475851  maxlinkdim=853 maxerr=5.06E-09 time=158.220
After sweep 17 energy=-10.475857  maxlinkdim=856 maxerr=4.02E-08 time=156.796
After sweep 18 energy=-10.475872  maxlinkdim=857 maxerr=6.18E-08 time=155.403
After sweep 19 energy=-10.475896  maxlinkdim=850 maxerr=1.68E-08 time=155.627
After sweep 20 energy=-10.475876  maxlinkdim=853 maxerr=6.06E-08 time=157.690
After sweep 21 energy=-10.475872  maxlinkdim=852 maxerr=3.84E-08 time=155.666
After sweep 22 energy=-10.475852  maxlinkdim=855 maxerr=5.71E-08 time=156.930
After sweep 23 energy=-10.475817  maxlinkdim=849 maxerr=2.42E-08 time=155.579
After sweep 24 energy=-10.475882  maxlinkdim=846 maxerr=5.18E-08 time=155.068
After sweep 25 energy=-10.475826  maxlinkdim=860 maxerr=2.40E-08 time=157.370
After sweep 26 energy=-10.475829  maxlinkdim=858 maxerr=4.39E-10 time=156.086
After sweep 27 energy=-10.475893  maxlinkdim=856 maxerr=4.72E-08 time=156.852
After sweep 28 energy=-10.475859  maxlinkdim=852 maxerr=1.00E-08 time=156.214
After sweep 29 energy=-10.4758415  maxlinkdim=860 maxerr=3.93E-08 time=156.380
After sweep 30 energy=-10.475847  maxlinkdim=855 maxerr=3.89E-08 time=155.786
n0: 0.48626503; n1: 0.5000336; mu0: -2.507301988554781; mu1: -2.4973019885547814

Range found between mu0: -2.507301988554781 (n0: 0.48626503) and mu1: -2.4973019885547814 (n1: 0.5000336); refining...
n0: 0.48626503; n1: 0.5000336; mu0: -2.507301988554781; mu1: -2.4973019885547814
Trying secant step...
After sweep 1 energy=-1.3194479  maxlinkdim=10 maxerr=8.83E-03 time=1.346
After sweep 2 energy=-9.082792  maxlinkdim=20 maxerr=1.94E-04 time=1.502
After sweep 3 energy=-10.638059  maxlinkdim=100 maxerr=1.58E-06 time=2.598
After sweep 4 energy=-10.9195385  maxlinkdim=918 maxerr=1.00E-10 time=47.139
After sweep 5 energy=-11.020728  maxlinkdim=722 maxerr=7.96E-09 time=61.810
After sweep 6 energy=-11.07123  maxlinkdim=917 maxerr=6.93E-08 time=52.114
After sweep 7 energy=-11.093009  maxlinkdim=932 maxerr=5.72E-08 time=61.262
After sweep 8 energy=-11.102454  maxlinkdim=985 maxerr=2.32E-08 time=80.887
After sweep 9 energy=-11.105282  maxlinkdim=937 maxerr=1.37E-07 time=105.968
After sweep 10 energy=-11.105516  maxlinkdim=1000 maxerr=9.15E-08 time=134.554
After sweep 11 energy=-11.105524  maxlinkdim=1000 maxerr=6.53E-08 time=156.517
After sweep 12 energy=-11.105512  maxlinkdim=894 maxerr=3.81E-08 time=169.674
After sweep 13 energy=-11.105418  maxlinkdim=893 maxerr=8.51E-08 time=170.869
After sweep 14 energy=-11.105501  maxlinkdim=892 maxerr=3.44E-08 time=171.100
After sweep 15 energy=-11.10548  maxlinkdim=889 maxerr=3.60E-08 time=169.364
After sweep 16 energy=-11.105515  maxlinkdim=887 maxerr=3.52E-08 time=170.405
After sweep 17 energy=-11.105495  maxlinkdim=894 maxerr=4.75E-08 time=169.281
After sweep 18 energy=-11.1055  maxlinkdim=898 maxerr=6.27E-08 time=170.170
After sweep 19 energy=-11.105534  maxlinkdim=885 maxerr=3.68E-08 time=170.132
After sweep 20 energy=-11.105524  maxlinkdim=897 maxerr=1.36E-07 time=169.628
After sweep 21 energy=-11.105562  maxlinkdim=895 maxerr=4.82E-08 time=170.754
After sweep 22 energy=-11.105512  maxlinkdim=883 maxerr=2.51E-08 time=169.871
After sweep 23 energy=-11.105547  maxlinkdim=886 maxerr=2.86E-08 time=169.194
After sweep 24 energy=-11.105473  maxlinkdim=890 maxerr=2.18E-08 time=170.194
After sweep 25 energy=-11.105514  maxlinkdim=882 maxerr=4.60E-08 time=169.723
After sweep 26 energy=-11.105504  maxlinkdim=894 maxerr=1.97E-07 time=170.800
After sweep 27 energy=-11.105525  maxlinkdim=896 maxerr=3.39E-08 time=170.196
After sweep 28 energy=-11.105477  maxlinkdim=895 maxerr=6.02E-08 time=169.619
After sweep 29 energy=-11.105503  maxlinkdim=888 maxerr=2.09E-08 time=170.566
After sweep 30 energy=-11.105558  maxlinkdim=892 maxerr=4.12E-08 time=169.596
FOUND MU (secant); mu: -2.4973264042977408  n: 0.5000004
Target density achieved with mu=-2.4973264042977408, n=0.5000004
Checking {alpha,beta} vs measured
Alpha not converged.
NOT CONVERGED; updating alpha, beta and continuing...
After sweep 1 energy=-0.68051916  maxlinkdim=10 maxerr=4.83E-03 time=1.332
After sweep 2 energy=-9.1080475  maxlinkdim=20 maxerr=1.12E-04 time=1.474
After sweep 3 energy=-10.631645  maxlinkdim=100 maxerr=1.31E-06 time=2.583
After sweep 4 energy=-10.905113  maxlinkdim=878 maxerr=1.00E-10 time=45.408
After sweep 5 energy=-11.008155  maxlinkdim=797 maxerr=6.26E-08 time=59.544
After sweep 6 energy=-11.060912  maxlinkdim=844 maxerr=1.39E-09 time=46.874
After sweep 7 energy=-11.088359  maxlinkdim=1000 maxerr=1.83E-08 time=55.823
After sweep 8 energy=-11.100242  maxlinkdim=1000 maxerr=3.09E-08 time=80.883
After sweep 9 energy=-11.104913  maxlinkdim=1000 maxerr=7.17E-08 time=105.945
After sweep 10 energy=-11.105685  maxlinkdim=968 maxerr=1.29E-07 time=126.573
After sweep 11 energy=-11.10586  maxlinkdim=968 maxerr=3.79E-08 time=136.028
After sweep 12 energy=-11.1057825  maxlinkdim=976 maxerr=3.06E-08 time=159.124
After sweep 13 energy=-11.1057825  maxlinkdim=891 maxerr=3.01E-08 time=171.513
After sweep 14 energy=-11.10574  maxlinkdim=889 maxerr=7.54E-08 time=170.102
After sweep 15 energy=-11.105675  maxlinkdim=885 maxerr=7.64E-09 time=171.567
After sweep 16 energy=-11.105826  maxlinkdim=892 maxerr=3.41E-08 time=170.072
After sweep 17 energy=-11.105768  maxlinkdim=893 maxerr=3.04E-08 time=171.044
After sweep 18 energy=-11.10576  maxlinkdim=885 maxerr=3.14E-08 time=170.009
After sweep 19 energy=-11.105791  maxlinkdim=890 maxerr=3.76E-08 time=170.680
After sweep 20 energy=-11.105785  maxlinkdim=905 maxerr=1.44E-07 time=170.990
After sweep 21 energy=-11.105709  maxlinkdim=905 maxerr=1.29E-07 time=169.712
After sweep 22 energy=-11.105723  maxlinkdim=900 maxerr=2.53E-08 time=173.334
After sweep 23 energy=-11.105709  maxlinkdim=892 maxerr=4.02E-08 time=169.948
After sweep 24 energy=-11.105705  maxlinkdim=891 maxerr=1.67E-07 time=169.680
After sweep 25 energy=-11.105774  maxlinkdim=888 maxerr=6.40E-08 time=170.645
After sweep 26 energy=-11.105783  maxlinkdim=901 maxerr=4.38E-08 time=169.777
After sweep 27 energy=-11.10586  maxlinkdim=886 maxerr=2.92E-08 time=170.341
After sweep 28 energy=-11.105753  maxlinkdim=892 maxerr=1.53E-07 time=170.606
After sweep 29 energy=-11.105679  maxlinkdim=889 maxerr=3.28E-08 time=168.948
After sweep 30 energy=-11.105793  maxlinkdim=896 maxerr=3.88E-08 time=171.031
Not same mu, searching again
After sweep 1 energy=-2.0987682  maxlinkdim=10 maxerr=6.55E-03 time=1.333
After sweep 2 energy=-10.131352  maxlinkdim=20 maxerr=1.84E-04 time=1.502
After sweep 3 energy=-11.503456  maxlinkdim=100 maxerr=9.75E-07 time=2.589
After sweep 4 energy=-11.671505  maxlinkdim=886 maxerr=1.00E-10 time=51.674
After sweep 5 energy=-11.720152  maxlinkdim=766 maxerr=4.80E-08 time=67.654
After sweep 6 energy=-11.741826  maxlinkdim=875 maxerr=5.90E-08 time=53.194
After sweep 7 energy=-11.750589  maxlinkdim=1000 maxerr=2.48E-08 time=84.084
After sweep 8 energy=-11.753818  maxlinkdim=1000 maxerr=1.92E-08 time=119.864
After sweep 9 energy=-11.754375  maxlinkdim=1000 maxerr=1.04E-07 time=151.581
After sweep 10 energy=-11.75436  maxlinkdim=1000 maxerr=7.90E-08 time=171.581
After sweep 11 energy=-11.754322  maxlinkdim=948 maxerr=4.50E-08 time=187.168
After sweep 12 energy=-11.754318  maxlinkdim=938 maxerr=9.08E-08 time=187.460
After sweep 13 energy=-11.754316  maxlinkdim=926 maxerr=5.20E-08 time=185.055
After sweep 14 energy=-11.754307  maxlinkdim=944 maxerr=4.61E-08 time=186.659
After sweep 15 energy=-11.75428  maxlinkdim=936 maxerr=5.13E-08 time=187.719
After sweep 16 energy=-11.754329  maxlinkdim=929 maxerr=3.27E-08 time=185.878
After sweep 17 energy=-11.754322  maxlinkdim=932 maxerr=6.46E-08 time=186.942
After sweep 18 energy=-11.754398  maxlinkdim=924 maxerr=4.57E-08 time=186.537
After sweep 19 energy=-11.754307  maxlinkdim=942 maxerr=3.42E-08 time=185.430
After sweep 20 energy=-11.754341  maxlinkdim=929 maxerr=3.21E-08 time=187.042
After sweep 21 energy=-11.754317  maxlinkdim=931 maxerr=6.79E-08 time=187.124
After sweep 22 energy=-11.754381  maxlinkdim=930 maxerr=5.48E-08 time=185.635
After sweep 23 energy=-11.754282  maxlinkdim=938 maxerr=2.74E-08 time=186.571
After sweep 24 energy=-11.754365  maxlinkdim=927 maxerr=3.99E-08 time=186.544
After sweep 25 energy=-11.754307  maxlinkdim=941 maxerr=5.12E-08 time=185.711
After sweep 26 energy=-11.754269  maxlinkdim=925 maxerr=3.99E-08 time=187.381
After sweep 27 energy=-11.754358  maxlinkdim=935 maxerr=4.60E-08 time=188.019
After sweep 28 energy=-11.754282  maxlinkdim=933 maxerr=2.49E-08 time=187.071
After sweep 29 energy=-11.754282  maxlinkdim=933 maxerr=5.62E-08 time=186.112
After sweep 30 energy=-11.754317  maxlinkdim=934 maxerr=4.67E-08 time=186.534
n0: 0.49997932; n1: 0.51340455; mu0: -2.4973264042977408; mu1: -2.487326404297741

Range found between mu0: -2.4973264042977408 (n0: 0.49997932) and mu1: -2.487326404297741 (n1: 0.51340455); refining...
n0: 0.49997932; n1: 0.51340455; mu0: -2.4973264042977408; mu1: -2.487326404297741
Trying secant step...
After sweep 1 energy=-1.1078254  maxlinkdim=10 maxerr=8.03E-03 time=1.227
After sweep 2 energy=-9.006428  maxlinkdim=20 maxerr=2.11E-04 time=1.593
After sweep 3 energy=-10.662424  maxlinkdim=100 maxerr=2.37E-06 time=2.766
After sweep 4 energy=-10.937586  maxlinkdim=793 maxerr=1.00E-10 time=42.884
After sweep 5 energy=-11.030651  maxlinkdim=490 maxerr=4.00E-08 time=54.565
After sweep 6 energy=-11.076061  maxlinkdim=644 maxerr=2.13E-08 time=39.265
After sweep 7 energy=-11.097024  maxlinkdim=1000 maxerr=4.84E-08 time=53.719
After sweep 8 energy=-11.105047  maxlinkdim=1000 maxerr=4.00E-08 time=84.777
After sweep 9 energy=-11.1067705  maxlinkdim=984 maxerr=2.72E-08 time=121.581
After sweep 10 energy=-11.106783  maxlinkdim=970 maxerr=6.55E-08 time=143.598
After sweep 11 energy=-11.1067505  maxlinkdim=945 maxerr=3.25E-08 time=157.084
After sweep 12 energy=-11.10674  maxlinkdim=887 maxerr=7.66E-08 time=173.590
After sweep 13 energy=-11.106775  maxlinkdim=885 maxerr=4.86E-08 time=169.357
After sweep 14 energy=-11.106739  maxlinkdim=895 maxerr=4.52E-08 time=170.045
After sweep 15 energy=-11.1067295  maxlinkdim=902 maxerr=7.78E-08 time=169.710
After sweep 16 energy=-11.106739  maxlinkdim=891 maxerr=6.27E-08 time=169.888
After sweep 17 energy=-11.106707  maxlinkdim=908 maxerr=1.36E-07 time=170.315
After sweep 18 energy=-11.106668  maxlinkdim=892 maxerr=2.80E-08 time=169.691
After sweep 19 energy=-11.10679  maxlinkdim=885 maxerr=2.33E-07 time=169.674
After sweep 20 energy=-11.106705  maxlinkdim=899 maxerr=9.13E-08 time=170.567
After sweep 21 energy=-11.106781  maxlinkdim=891 maxerr=4.37E-08 time=169.595
After sweep 22 energy=-11.106771  maxlinkdim=890 maxerr=8.04E-08 time=170.956
After sweep 23 energy=-11.10671  maxlinkdim=894 maxerr=2.44E-08 time=170.110
After sweep 24 energy=-11.106682  maxlinkdim=897 maxerr=8.76E-08 time=170.669
After sweep 25 energy=-11.106722  maxlinkdim=909 maxerr=5.68E-08 time=170.944
After sweep 26 energy=-11.106689  maxlinkdim=922 maxerr=1.49E-07 time=169.461
After sweep 27 energy=-11.106706  maxlinkdim=893 maxerr=4.40E-08 time=170.729
After sweep 28 energy=-11.10677  maxlinkdim=904 maxerr=6.11E-08 time=171.471
After sweep 29 energy=-11.106661  maxlinkdim=893 maxerr=1.26E-07 time=169.578
After sweep 30 energy=-11.106743  maxlinkdim=887 maxerr=2.37E-08 time=170.522
FOUND MU (secant); mu: -2.497310998371565  n: 0.5000003
Target density achieved with mu=-2.497310998371565, n=0.5000003
Checking {alpha,beta} vs measured
Alpha not converged.
NOT CONVERGED; updating alpha, beta and continuing...
After sweep 1 energy=-0.6372696  maxlinkdim=10 maxerr=9.94E-03 time=1.322
After sweep 2 energy=-8.956486  maxlinkdim=20 maxerr=2.99E-04 time=1.441
After sweep 3 energy=-10.635468  maxlinkdim=100 maxerr=1.27E-06 time=2.829
After sweep 4 energy=-10.921949  maxlinkdim=800 maxerr=1.00E-10 time=41.135
After sweep 5 energy=-11.02339  maxlinkdim=674 maxerr=4.21E-08 time=56.814
After sweep 6 energy=-11.070732  maxlinkdim=604 maxerr=1.19E-08 time=38.559
After sweep 7 energy=-11.094603  maxlinkdim=1000 maxerr=3.05E-08 time=44.510
After sweep 8 energy=-11.103648  maxlinkdim=1000 maxerr=3.63E-08 time=63.357
After sweep 9 energy=-11.10632  maxlinkdim=1000 maxerr=6.06E-08 time=98.631
After sweep 10 energy=-11.106703  maxlinkdim=1000 maxerr=5.41E-08 time=125.389
After sweep 11 energy=-11.106642  maxlinkdim=951 maxerr=1.05E-07 time=150.890
After sweep 12 energy=-11.1066  maxlinkdim=896 maxerr=2.03E-08 time=166.206
After sweep 13 energy=-11.106601  maxlinkdim=891 maxerr=2.56E-08 time=171.449
After sweep 14 energy=-11.106586  maxlinkdim=892 maxerr=4.66E-08 time=170.610
After sweep 15 energy=-11.106649  maxlinkdim=895 maxerr=9.83E-08 time=169.918
After sweep 16 energy=-11.106579  maxlinkdim=896 maxerr=5.42E-08 time=171.443
After sweep 17 energy=-11.106623  maxlinkdim=896 maxerr=9.27E-08 time=171.815
After sweep 18 energy=-11.106621  maxlinkdim=894 maxerr=3.26E-08 time=169.471
After sweep 19 energy=-11.106606  maxlinkdim=901 maxerr=2.26E-08 time=170.576
After sweep 20 energy=-11.106594  maxlinkdim=898 maxerr=7.25E-08 time=169.656
After sweep 21 energy=-11.106606  maxlinkdim=887 maxerr=1.62E-07 time=172.484
After sweep 22 energy=-11.10659  maxlinkdim=904 maxerr=1.71E-08 time=169.718
After sweep 23 energy=-11.106612  maxlinkdim=886 maxerr=2.19E-08 time=170.084
After sweep 24 energy=-11.106607  maxlinkdim=899 maxerr=2.21E-08 time=170.547
After sweep 25 energy=-11.106605  maxlinkdim=886 maxerr=4.64E-08 time=169.442
After sweep 26 energy=-11.106558  maxlinkdim=895 maxerr=1.97E-07 time=170.417
After sweep 27 energy=-11.106598  maxlinkdim=885 maxerr=6.78E-08 time=170.284
After sweep 28 energy=-11.106601  maxlinkdim=887 maxerr=1.13E-07 time=170.057
After sweep 29 energy=-11.106645  maxlinkdim=887 maxerr=4.22E-08 time=171.452
After sweep 30 energy=-11.106583  maxlinkdim=894 maxerr=3.49E-08 time=170.223
Not same mu, searching again
After sweep 1 energy=-0.62574947  maxlinkdim=10 maxerr=5.91E-03 time=1.388
After sweep 2 energy=-8.539321  maxlinkdim=20 maxerr=2.14E-04 time=1.585
After sweep 3 energy=-10.070359  maxlinkdim=100 maxerr=4.54E-06 time=2.691
After sweep 4 energy=-10.334527  maxlinkdim=796 maxerr=1.00E-10 time=43.867
After sweep 5 energy=-10.437709  maxlinkdim=774 maxerr=1.11E-07 time=59.240
After sweep 6 energy=-10.464128  maxlinkdim=674 maxerr=2.23E-10 time=45.228
After sweep 7 energy=-10.473344  maxlinkdim=902 maxerr=3.00E-08 time=53.897
After sweep 8 energy=-10.475246  maxlinkdim=832 maxerr=4.20E-08 time=80.249
After sweep 9 energy=-10.475479  maxlinkdim=920 maxerr=4.77E-08 time=99.490
After sweep 10 energy=-10.475542  maxlinkdim=978 maxerr=2.72E-08 time=130.993
After sweep 11 energy=-10.475511  maxlinkdim=863 maxerr=2.04E-08 time=155.021
After sweep 12 energy=-10.475474  maxlinkdim=857 maxerr=2.26E-08 time=156.359
After sweep 13 energy=-10.475425  maxlinkdim=856 maxerr=9.36E-08 time=156.813
After sweep 14 energy=-10.475383  maxlinkdim=858 maxerr=1.67E-08 time=155.772
After sweep 15 energy=-10.475394  maxlinkdim=854 maxerr=1.63E-07 time=156.007
After sweep 16 energy=-10.475426  maxlinkdim=853 maxerr=7.35E-08 time=156.056
After sweep 17 energy=-10.475384  maxlinkdim=854 maxerr=1.19E-07 time=156.196
After sweep 18 energy=-10.475382  maxlinkdim=858 maxerr=6.72E-08 time=155.958
After sweep 19 energy=-10.475444  maxlinkdim=852 maxerr=3.29E-08 time=156.481
After sweep 20 energy=-10.475491  maxlinkdim=857 maxerr=1.98E-07 time=155.740
After sweep 21 energy=-10.475418  maxlinkdim=849 maxerr=1.89E-08 time=155.969
After sweep 22 energy=-10.475367  maxlinkdim=858 maxerr=1.42E-07 time=156.612
After sweep 23 energy=-10.475456  maxlinkdim=847 maxerr=3.23E-08 time=158.074
After sweep 24 energy=-10.47535  maxlinkdim=858 maxerr=8.85E-08 time=156.845
After sweep 25 energy=-10.475485  maxlinkdim=860 maxerr=4.71E-09 time=155.852
After sweep 26 energy=-10.475443  maxlinkdim=866 maxerr=2.13E-08 time=156.115
After sweep 27 energy=-10.475371  maxlinkdim=855 maxerr=8.98E-08 time=156.761
After sweep 28 energy=-10.475307  maxlinkdim=861 maxerr=2.40E-08 time=156.369
After sweep 29 energy=-10.475445  maxlinkdim=859 maxerr=8.63E-08 time=157.123
After sweep 30 energy=-10.475355  maxlinkdim=855 maxerr=2.71E-08 time=156.471
n0: 0.48624635; n1: 0.5000126; mu0: -2.507310998371565; mu1: -2.497310998371565

Range found between mu0: -2.507310998371565 (n0: 0.48624635) and mu1: -2.497310998371565 (n1: 0.5000126); refining...
n0: 0.48624635; n1: 0.5000126; mu0: -2.507310998371565; mu1: -2.497310998371565
Trying secant step...
After sweep 1 energy=-0.2522908  maxlinkdim=10 maxerr=7.14E-03 time=1.304
After sweep 2 energy=-8.483499  maxlinkdim=20 maxerr=1.05E-04 time=1.689
After sweep 3 energy=-10.122876  maxlinkdim=100 maxerr=1.02E-06 time=2.718
After sweep 4 energy=-10.524487  maxlinkdim=730 maxerr=1.00E-10 time=36.898
After sweep 5 energy=-10.791117  maxlinkdim=599 maxerr=9.05E-08 time=51.056
After sweep 6 energy=-10.96137  maxlinkdim=758 maxerr=1.01E-07 time=38.476
After sweep 7 energy=-11.044527  maxlinkdim=944 maxerr=2.26E-08 time=40.726
After sweep 8 energy=-11.083022  maxlinkdim=1000 maxerr=4.56E-08 time=46.505
After sweep 9 energy=-11.098952  maxlinkdim=1000 maxerr=2.84E-08 time=63.709
After sweep 10 energy=-11.104506  maxlinkdim=1000 maxerr=3.96E-08 time=92.199
After sweep 11 energy=-11.10602  maxlinkdim=1000 maxerr=2.74E-08 time=111.350
After sweep 12 energy=-11.10605  maxlinkdim=987 maxerr=1.24E-07 time=138.319
After sweep 13 energy=-11.106027  maxlinkdim=976 maxerr=2.67E-08 time=162.050
After sweep 14 energy=-11.106012  maxlinkdim=894 maxerr=3.88E-08 time=171.133
After sweep 15 energy=-11.1060095  maxlinkdim=891 maxerr=1.82E-08 time=171.311
After sweep 16 energy=-11.105991  maxlinkdim=890 maxerr=3.15E-08 time=170.163
After sweep 17 energy=-11.105991  maxlinkdim=890 maxerr=1.92E-07 time=170.063
After sweep 18 energy=-11.106026  maxlinkdim=893 maxerr=3.96E-08 time=170.160
After sweep 19 energy=-11.106028  maxlinkdim=892 maxerr=4.86E-08 time=169.348
After sweep 20 energy=-11.10609  maxlinkdim=901 maxerr=1.07E-07 time=169.554
After sweep 21 energy=-11.106045  maxlinkdim=890 maxerr=4.39E-08 time=170.640
After sweep 22 energy=-11.106004  maxlinkdim=890 maxerr=6.89E-09 time=170.731
After sweep 23 energy=-11.105995  maxlinkdim=886 maxerr=3.06E-08 time=170.958
After sweep 24 energy=-11.106055  maxlinkdim=899 maxerr=2.88E-08 time=169.005
After sweep 25 energy=-11.105976  maxlinkdim=891 maxerr=5.44E-08 time=169.687
After sweep 26 energy=-11.105982  maxlinkdim=890 maxerr=3.47E-08 time=170.621
After sweep 27 energy=-11.106047  maxlinkdim=906 maxerr=2.05E-08 time=169.806
After sweep 28 energy=-11.105987  maxlinkdim=895 maxerr=9.40E-08 time=170.622
After sweep 29 energy=-11.106049  maxlinkdim=888 maxerr=1.17E-08 time=169.638
After sweep 30 energy=-11.106062  maxlinkdim=892 maxerr=4.40E-08 time=169.866
FOUND MU (secant); mu: -2.4973201341922087  n: 0.5000011
Target density achieved with mu=-2.4973201341922087, n=0.5000011
Checking {alpha,beta} vs measured
Alpha not converged.
NOT CONVERGED; updating alpha, beta and continuing...
After sweep 1 energy=-0.30046695  maxlinkdim=10 maxerr=5.69E-03 time=1.335
After sweep 2 energy=-9.09071  maxlinkdim=20 maxerr=2.51E-04 time=1.482
After sweep 3 energy=-10.783239  maxlinkdim=100 maxerr=1.27E-06 time=2.579
After sweep 4 energy=-11.011771  maxlinkdim=771 maxerr=1.00E-10 time=45.502
After sweep 5 energy=-11.068894  maxlinkdim=637 maxerr=1.21E-08 time=58.312
After sweep 6 energy=-11.092756  maxlinkdim=987 maxerr=4.45E-08 time=42.249
After sweep 7 energy=-11.102476  maxlinkdim=1000 maxerr=2.35E-08 time=54.268
After sweep 8 energy=-11.105779  maxlinkdim=1000 maxerr=3.60E-08 time=81.838
After sweep 9 energy=-11.106251  maxlinkdim=1000 maxerr=3.78E-08 time=118.029
After sweep 10 energy=-11.10617  maxlinkdim=970 maxerr=3.71E-08 time=146.351
After sweep 11 energy=-11.106077  maxlinkdim=903 maxerr=3.91E-08 time=165.324
After sweep 12 energy=-11.106125  maxlinkdim=902 maxerr=1.38E-07 time=170.433
After sweep 13 energy=-11.106114  maxlinkdim=889 maxerr=9.06E-08 time=170.891
After sweep 14 energy=-11.106057  maxlinkdim=890 maxerr=5.64E-08 time=169.859
After sweep 15 energy=-11.106079  maxlinkdim=891 maxerr=4.56E-08 time=171.318
After sweep 16 energy=-11.106087  maxlinkdim=893 maxerr=4.21E-08 time=169.780
After sweep 17 energy=-11.106092  maxlinkdim=888 maxerr=5.05E-08 time=170.630
After sweep 18 energy=-11.106085  maxlinkdim=893 maxerr=3.10E-08 time=170.865
After sweep 19 energy=-11.106054  maxlinkdim=896 maxerr=2.27E-08 time=169.656
After sweep 20 energy=-11.106152  maxlinkdim=895 maxerr=3.96E-08 time=171.149
Time limit approaching, stopping DMRG early...
Not same mu, searching again
After sweep 1 energy=-0.37596184  maxlinkdim=10 maxerr=4.37E-03 time=1.240
Time limit approaching, stopping DMRG early...
Time limit exceeded, exiting loop
Not completed, resubmitting...
Submitted batch job 47496050
