outfile_name: results_L_32_U_8.0_t0_1.0_t_p_0.05_chi_100_gpu.h5
[ Info:  started timer at: 2026-01-30T01:23:01.687
Starting fresh run
Running with t0=1.0 t_p=0.05 U=8.0 L=32 chi_max=100 E_p=0.134 mu_init=1.67
After sweep 1 energy=-122.720825  maxlinkdim=10 maxerr=3.96E-03 time=29.471
After sweep 2 energy=-128.6194  maxlinkdim=20 maxerr=2.47E-03 time=0.763
After sweep 3 energy=-131.58955  maxlinkdim=100 maxerr=1.16E-05 time=1.289
After sweep 4 energy=-132.36687  maxlinkdim=100 maxerr=4.07E-05 time=1.346
After sweep 5 energy=-132.81935  maxlinkdim=100 maxerr=1.06E-04 time=1.357
After sweep 6 energy=-133.10793  maxlinkdim=100 maxerr=2.44E-04 time=1.111
After sweep 7 energy=-133.34712  maxlinkdim=100 maxerr=2.64E-04 time=1.101
After sweep 8 energy=-133.52924  maxlinkdim=100 maxerr=3.98E-04 time=1.040
After sweep 9 energy=-133.61569  maxlinkdim=100 maxerr=2.78E-04 time=1.104
After sweep 10 energy=-133.6744  maxlinkdim=100 maxerr=2.44E-04 time=1.100
After sweep 11 energy=-133.72697  maxlinkdim=100 maxerr=2.25E-04 time=1.109
After sweep 12 energy=-133.7573  maxlinkdim=100 maxerr=2.05E-04 time=1.104
After sweep 13 energy=-133.77318  maxlinkdim=100 maxerr=2.01E-04 time=1.100
After sweep 14 energy=-133.78214  maxlinkdim=100 maxerr=2.00E-04 time=1.099
After sweep 15 energy=-133.78778  maxlinkdim=100 maxerr=1.99E-04 time=1.101
After sweep 16 energy=-133.79137  maxlinkdim=100 maxerr=2.03E-04 time=1.099
After sweep 17 energy=-133.79399  maxlinkdim=100 maxerr=2.06E-04 time=1.105
After sweep 18 energy=-133.79686  maxlinkdim=100 maxerr=2.09E-04 time=1.109
After sweep 19 energy=-133.7995  maxlinkdim=100 maxerr=2.13E-04 time=1.109
After sweep 20 energy=-133.80244  maxlinkdim=100 maxerr=2.17E-04 time=1.101
After sweep 21 energy=-133.8045  maxlinkdim=100 maxerr=2.18E-04 time=1.099
After sweep 22 energy=-133.80699  maxlinkdim=100 maxerr=2.19E-04 time=1.103
After sweep 23 energy=-133.80934  maxlinkdim=100 maxerr=2.17E-04 time=1.101
After sweep 24 energy=-133.81151  maxlinkdim=100 maxerr=2.16E-04 time=1.102
After sweep 25 energy=-133.81398  maxlinkdim=100 maxerr=2.14E-04 time=1.100
After sweep 26 energy=-133.8157  maxlinkdim=100 maxerr=2.17E-04 time=1.106
After sweep 27 energy=-133.81706  maxlinkdim=100 maxerr=2.18E-04 time=1.036
After sweep 28 energy=-133.81808  maxlinkdim=100 maxerr=2.19E-04 time=1.108
After sweep 29 energy=-133.81937  maxlinkdim=100 maxerr=2.21E-04 time=1.106
After sweep 30 energy=-133.82016  maxlinkdim=100 maxerr=2.25E-04 time=1.103
Not same mu, searching again
After sweep 1 energy=-121.926  maxlinkdim=10 maxerr=4.88E-03 time=0.651
After sweep 2 energy=-128.27951  maxlinkdim=20 maxerr=2.27E-03 time=0.795
After sweep 3 energy=-131.1924  maxlinkdim=100 maxerr=8.13E-06 time=1.161
After sweep 4 energy=-131.79242  maxlinkdim=100 maxerr=2.09E-05 time=1.158
After sweep 5 energy=-132.21172  maxlinkdim=100 maxerr=5.78E-05 time=1.141
After sweep 6 energy=-132.52655  maxlinkdim=100 maxerr=2.06E-04 time=1.115
After sweep 7 energy=-132.72911  maxlinkdim=100 maxerr=1.80E-04 time=1.051
After sweep 8 energy=-132.90697  maxlinkdim=100 maxerr=2.79E-04 time=1.132
After sweep 9 energy=-133.01488  maxlinkdim=100 maxerr=2.51E-04 time=1.129
After sweep 10 energy=-133.08275  maxlinkdim=100 maxerr=1.94E-04 time=1.128
After sweep 11 energy=-133.12157  maxlinkdim=100 maxerr=1.82E-04 time=1.126
After sweep 12 energy=-133.14377  maxlinkdim=100 maxerr=1.83E-04 time=1.049
After sweep 13 energy=-133.15889  maxlinkdim=100 maxerr=1.92E-04 time=1.135
After sweep 14 energy=-133.16951  maxlinkdim=100 maxerr=2.04E-04 time=1.133
After sweep 15 energy=-133.17924  maxlinkdim=100 maxerr=2.12E-04 time=1.122
After sweep 16 energy=-133.18825  maxlinkdim=100 maxerr=2.18E-04 time=1.128
After sweep 17 energy=-133.1966  maxlinkdim=100 maxerr=2.24E-04 time=1.136
After sweep 18 energy=-133.20358  maxlinkdim=100 maxerr=2.32E-04 time=1.053
After sweep 19 energy=-133.21014  maxlinkdim=100 maxerr=2.39E-04 time=1.131
After sweep 20 energy=-133.21516  maxlinkdim=100 maxerr=2.44E-04 time=1.147
After sweep 21 energy=-133.21863  maxlinkdim=100 maxerr=2.46E-04 time=1.123
After sweep 22 energy=-133.22133  maxlinkdim=100 maxerr=2.48E-04 time=1.121
After sweep 23 energy=-133.22269  maxlinkdim=100 maxerr=2.51E-04 time=1.053
After sweep 24 energy=-133.22444  maxlinkdim=100 maxerr=2.52E-04 time=1.129
After sweep 25 energy=-133.22546  maxlinkdim=100 maxerr=2.53E-04 time=1.143
After sweep 26 energy=-133.22585  maxlinkdim=100 maxerr=2.56E-04 time=1.141
After sweep 27 energy=-133.22694  maxlinkdim=100 maxerr=2.60E-04 time=1.133
After sweep 28 energy=-133.22627  maxlinkdim=100 maxerr=2.63E-04 time=1.049
After sweep 29 energy=-133.22704  maxlinkdim=100 maxerr=2.66E-04 time=1.133
After sweep 30 energy=-133.22752  maxlinkdim=100 maxerr=2.68E-04 time=1.127
n0: 0.9374002; n1: 0.94416255; mu0: 1.66; mu1: 1.67
FOUND MU; mu: 1.66  n: 0.9374002
Target density achieved with mu=1.66, n=0.9374002
Checking {alpha,beta} vs measured
Alpha not converged.
NOT CONVERGED; updating alpha, beta and continuing...
After sweep 1 energy=-114.50851  maxlinkdim=10 maxerr=3.82E-03 time=0.647
After sweep 2 energy=-120.29868  maxlinkdim=20 maxerr=2.08E-03 time=0.817
After sweep 3 energy=-122.96484  maxlinkdim=100 maxerr=5.35E-06 time=1.414
After sweep 4 energy=-123.66723  maxlinkdim=100 maxerr=8.15E-06 time=1.466
After sweep 5 energy=-124.117805  maxlinkdim=100 maxerr=6.06E-05 time=1.430
After sweep 6 energy=-124.4294  maxlinkdim=100 maxerr=1.95E-04 time=1.383
After sweep 7 energy=-124.66915  maxlinkdim=100 maxerr=2.26E-04 time=1.421
After sweep 8 energy=-124.874176  maxlinkdim=100 maxerr=2.04E-04 time=1.386
After sweep 9 energy=-125.05259  maxlinkdim=100 maxerr=3.35E-04 time=1.427
After sweep 10 energy=-125.15875  maxlinkdim=100 maxerr=2.70E-04 time=1.392
After sweep 11 energy=-125.22367  maxlinkdim=100 maxerr=1.87E-04 time=1.430
After sweep 12 energy=-125.269554  maxlinkdim=100 maxerr=1.80E-04 time=1.394
After sweep 13 energy=-125.306755  maxlinkdim=100 maxerr=1.80E-04 time=1.390
After sweep 14 energy=-125.3353  maxlinkdim=100 maxerr=1.88E-04 time=1.437
After sweep 15 energy=-125.35505  maxlinkdim=100 maxerr=2.07E-04 time=1.391
After sweep 16 energy=-125.367004  maxlinkdim=100 maxerr=2.22E-04 time=1.441
After sweep 17 energy=-125.37473  maxlinkdim=100 maxerr=2.37E-04 time=1.391
After sweep 18 energy=-125.3799  maxlinkdim=100 maxerr=2.48E-04 time=1.433
After sweep 19 energy=-125.383514  maxlinkdim=100 maxerr=2.56E-04 time=1.386
After sweep 20 energy=-125.38564  maxlinkdim=100 maxerr=2.63E-04 time=1.432
After sweep 21 energy=-125.38704  maxlinkdim=100 maxerr=2.65E-04 time=1.388
After sweep 22 energy=-125.38876  maxlinkdim=100 maxerr=2.65E-04 time=1.434
After sweep 23 energy=-125.38966  maxlinkdim=100 maxerr=2.67E-04 time=1.388
After sweep 24 energy=-125.39026  maxlinkdim=100 maxerr=2.68E-04 time=1.443
After sweep 25 energy=-125.391235  maxlinkdim=100 maxerr=2.70E-04 time=1.398
After sweep 26 energy=-125.391014  maxlinkdim=100 maxerr=2.71E-04 time=1.432
After sweep 27 energy=-125.391655  maxlinkdim=100 maxerr=2.72E-04 time=1.397
After sweep 28 energy=-125.392395  maxlinkdim=100 maxerr=2.72E-04 time=1.429
After sweep 29 energy=-125.39248  maxlinkdim=100 maxerr=2.71E-04 time=1.389
After sweep 30 energy=-125.392525  maxlinkdim=100 maxerr=2.69E-04 time=1.432
Not same mu, searching again
After sweep 1 energy=-115.2264  maxlinkdim=10 maxerr=4.01E-03 time=0.667
After sweep 2 energy=-120.84097  maxlinkdim=20 maxerr=2.21E-03 time=0.727
After sweep 3 energy=-123.58766  maxlinkdim=100 maxerr=5.77E-06 time=1.449
After sweep 4 energy=-124.29027  maxlinkdim=100 maxerr=2.51E-05 time=1.478
After sweep 5 energy=-124.72126  maxlinkdim=100 maxerr=1.24E-04 time=1.419
After sweep 6 energy=-125.018555  maxlinkdim=100 maxerr=2.46E-04 time=1.394
After sweep 7 energy=-125.26558  maxlinkdim=100 maxerr=3.03E-04 time=1.448
After sweep 8 energy=-125.47552  maxlinkdim=100 maxerr=3.25E-04 time=1.430
After sweep 9 energy=-125.618  maxlinkdim=100 maxerr=4.43E-04 time=1.487
After sweep 10 energy=-125.682976  maxlinkdim=100 maxerr=2.70E-04 time=1.427
After sweep 11 energy=-125.71953  maxlinkdim=100 maxerr=2.39E-04 time=1.494
After sweep 12 energy=-125.756035  maxlinkdim=100 maxerr=2.24E-04 time=1.420
After sweep 13 energy=-125.79561  maxlinkdim=100 maxerr=2.15E-04 time=1.467
After sweep 14 energy=-125.83755  maxlinkdim=100 maxerr=2.02E-04 time=1.406
After sweep 15 energy=-125.87762  maxlinkdim=100 maxerr=1.90E-04 time=1.445
After sweep 16 energy=-125.91085  maxlinkdim=100 maxerr=1.94E-04 time=1.405
After sweep 17 energy=-125.93423  maxlinkdim=100 maxerr=2.07E-04 time=1.443
After sweep 18 energy=-125.95006  maxlinkdim=100 maxerr=2.16E-04 time=1.400
After sweep 19 energy=-125.95999  maxlinkdim=100 maxerr=2.24E-04 time=1.443
After sweep 20 energy=-125.96557  maxlinkdim=100 maxerr=2.29E-04 time=1.404
After sweep 21 energy=-125.96984  maxlinkdim=100 maxerr=2.35E-04 time=1.444
After sweep 22 energy=-125.972755  maxlinkdim=100 maxerr=2.40E-04 time=1.403
After sweep 23 energy=-125.97402  maxlinkdim=100 maxerr=2.43E-04 time=1.440
After sweep 24 energy=-125.97546  maxlinkdim=100 maxerr=2.45E-04 time=1.404
After sweep 25 energy=-125.976166  maxlinkdim=100 maxerr=2.47E-04 time=1.443
After sweep 26 energy=-125.97659  maxlinkdim=100 maxerr=2.48E-04 time=1.401
After sweep 27 energy=-125.9772  maxlinkdim=100 maxerr=2.49E-04 time=1.444
After sweep 28 energy=-125.97782  maxlinkdim=100 maxerr=2.51E-04 time=1.402
After sweep 29 energy=-125.977776  maxlinkdim=100 maxerr=2.51E-04 time=1.447
After sweep 30 energy=-125.977936  maxlinkdim=100 maxerr=2.51E-04 time=1.400
n0: 0.90571785; n1: 0.9062015; mu0: 1.66; mu1: 1.67
n_target > n1 and n_target > n0 triggered
After sweep 1 energy=-115.73833  maxlinkdim=10 maxerr=4.02E-03 time=0.678
After sweep 2 energy=-121.456474  maxlinkdim=20 maxerr=2.25E-03 time=0.730
After sweep 3 energy=-124.186  maxlinkdim=100 maxerr=5.18E-06 time=1.435
After sweep 4 energy=-124.89941  maxlinkdim=100 maxerr=2.54E-05 time=1.476
After sweep 5 energy=-125.36218  maxlinkdim=100 maxerr=4.11E-05 time=1.428
After sweep 6 energy=-125.68591  maxlinkdim=100 maxerr=1.84E-04 time=1.385
After sweep 7 energy=-125.954796  maxlinkdim=100 maxerr=1.87E-04 time=1.439
After sweep 8 energy=-126.1532  maxlinkdim=100 maxerr=1.81E-04 time=1.396
After sweep 9 energy=-126.27742  maxlinkdim=100 maxerr=2.63E-04 time=1.450
After sweep 10 energy=-126.3488  maxlinkdim=100 maxerr=1.78E-04 time=1.395
After sweep 11 energy=-126.40184  maxlinkdim=100 maxerr=1.61E-04 time=1.447
After sweep 12 energy=-126.44388  maxlinkdim=100 maxerr=1.55E-04 time=1.399
After sweep 13 energy=-126.475075  maxlinkdim=100 maxerr=1.75E-04 time=1.447
After sweep 14 energy=-126.49736  maxlinkdim=100 maxerr=1.94E-04 time=1.393
After sweep 15 energy=-126.51313  maxlinkdim=100 maxerr=2.12E-04 time=1.443
After sweep 16 energy=-126.524574  maxlinkdim=100 maxerr=2.23E-04 time=1.392
After sweep 17 energy=-126.53282  maxlinkdim=100 maxerr=2.33E-04 time=1.445
After sweep 18 energy=-126.53841  maxlinkdim=100 maxerr=2.40E-04 time=1.394
After sweep 19 energy=-126.54322  maxlinkdim=100 maxerr=2.45E-04 time=1.441
After sweep 20 energy=-126.54646  maxlinkdim=100 maxerr=2.43E-04 time=1.399
After sweep 21 energy=-126.54876  maxlinkdim=100 maxerr=2.47E-04 time=1.444
After sweep 22 energy=-126.55064  maxlinkdim=100 maxerr=2.53E-04 time=1.393
After sweep 23 energy=-126.55146  maxlinkdim=100 maxerr=2.57E-04 time=1.444
After sweep 24 energy=-126.552864  maxlinkdim=100 maxerr=2.55E-04 time=1.396
After sweep 25 energy=-126.55357  maxlinkdim=100 maxerr=2.56E-04 time=1.448
After sweep 26 energy=-126.55355  maxlinkdim=100 maxerr=2.58E-04 time=1.447
After sweep 27 energy=-126.55417  maxlinkdim=100 maxerr=2.58E-04 time=1.397
After sweep 28 energy=-126.55426  maxlinkdim=100 maxerr=2.58E-04 time=1.448
After sweep 29 energy=-126.55479  maxlinkdim=100 maxerr=2.58E-04 time=1.401
After sweep 30 energy=-126.5548  maxlinkdim=100 maxerr=2.58E-04 time=1.439
n0: 0.9062015; n1: 0.9063963; mu0: 1.67; mu1: 1.68
n_target > n1 and n_target > n0 triggered
After sweep 1 energy=-117.476746  maxlinkdim=10 maxerr=3.89E-03 time=0.671
After sweep 2 energy=-123.261894  maxlinkdim=20 maxerr=2.75E-03 time=0.751
After sweep 3 energy=-125.93713  maxlinkdim=100 maxerr=4.41E-06 time=1.500
After sweep 4 energy=-126.61836  maxlinkdim=100 maxerr=2.20E-05 time=1.475
After sweep 5 energy=-127.06396  maxlinkdim=100 maxerr=4.94E-05 time=1.439
After sweep 6 energy=-127.39265  maxlinkdim=100 maxerr=2.05E-04 time=1.416
After sweep 7 energy=-127.63213  maxlinkdim=100 maxerr=1.95E-04 time=1.444
After sweep 8 energy=-127.821304  maxlinkdim=100 maxerr=2.49E-04 time=1.399
After sweep 9 energy=-127.97805  maxlinkdim=100 maxerr=3.57E-04 time=1.442
After sweep 10 energy=-128.08685  maxlinkdim=100 maxerr=2.65E-04 time=1.439
After sweep 11 energy=-128.15025  maxlinkdim=100 maxerr=2.23E-04 time=1.396
After sweep 12 energy=-128.1818  maxlinkdim=100 maxerr=1.95E-04 time=1.440
After sweep 13 energy=-128.2001  maxlinkdim=100 maxerr=1.88E-04 time=1.401
After sweep 14 energy=-128.2128  maxlinkdim=100 maxerr=1.89E-04 time=1.436
After sweep 15 energy=-128.22395  maxlinkdim=100 maxerr=1.91E-04 time=1.396
After sweep 16 energy=-128.23514  maxlinkdim=100 maxerr=1.93E-04 time=1.441
After sweep 17 energy=-128.24759  maxlinkdim=100 maxerr=1.96E-04 time=1.400
After sweep 18 energy=-128.2579  maxlinkdim=100 maxerr=2.01E-04 time=1.437
After sweep 19 energy=-128.26799  maxlinkdim=100 maxerr=2.05E-04 time=1.400
After sweep 20 energy=-128.27448  maxlinkdim=100 maxerr=2.11E-04 time=1.438
After sweep 21 energy=-128.27986  maxlinkdim=100 maxerr=2.15E-04 time=1.395
After sweep 22 energy=-128.2835  maxlinkdim=100 maxerr=2.20E-04 time=1.449
After sweep 23 energy=-128.2859  maxlinkdim=100 maxerr=2.26E-04 time=1.397
After sweep 24 energy=-128.2878  maxlinkdim=100 maxerr=2.30E-04 time=1.443
After sweep 25 energy=-128.28929  maxlinkdim=100 maxerr=2.34E-04 time=1.394
After sweep 26 energy=-128.29004  maxlinkdim=100 maxerr=2.38E-04 time=1.450
After sweep 27 energy=-128.29094  maxlinkdim=100 maxerr=2.40E-04 time=1.445
After sweep 28 energy=-128.29153  maxlinkdim=100 maxerr=2.41E-04 time=1.398
After sweep 29 energy=-128.292  maxlinkdim=100 maxerr=2.42E-04 time=1.442
After sweep 30 energy=-128.29274  maxlinkdim=100 maxerr=2.43E-04 time=1.403
n0: 0.9063963; n1: 0.92866176; mu0: 1.68; mu1: 1.71
n_target > n1 and n_target > n0 triggered
After sweep 1 energy=-122.90357  maxlinkdim=10 maxerr=4.93E-03 time=0.631
After sweep 2 energy=-128.6085  maxlinkdim=20 maxerr=3.31E-03 time=0.798
After sweep 3 energy=-131.4254  maxlinkdim=100 maxerr=5.88E-06 time=1.394
After sweep 4 energy=-132.14835  maxlinkdim=100 maxerr=1.07E-05 time=1.464
After sweep 5 energy=-132.59148  maxlinkdim=100 maxerr=4.78E-05 time=1.418
After sweep 6 energy=-132.91364  maxlinkdim=100 maxerr=1.65E-04 time=1.379
After sweep 7 energy=-133.16095  maxlinkdim=100 maxerr=1.16E-04 time=1.425
After sweep 8 energy=-133.42825  maxlinkdim=100 maxerr=1.28E-04 time=1.389
After sweep 9 energy=-133.7086  maxlinkdim=100 maxerr=1.11E-04 time=1.435
After sweep 10 energy=-133.85593  maxlinkdim=100 maxerr=5.24E-05 time=1.391
After sweep 11 energy=-133.90697  maxlinkdim=100 maxerr=2.03E-05 time=1.427
After sweep 12 energy=-133.92499  maxlinkdim=100 maxerr=1.48E-05 time=1.388
After sweep 13 energy=-133.9326  maxlinkdim=100 maxerr=9.86E-06 time=1.380
After sweep 14 energy=-133.93526  maxlinkdim=100 maxerr=7.04E-06 time=1.428
After sweep 15 energy=-133.93626  maxlinkdim=100 maxerr=5.84E-06 time=1.378
After sweep 16 energy=-133.93698  maxlinkdim=100 maxerr=5.25E-06 time=1.429
After sweep 17 energy=-133.93738  maxlinkdim=100 maxerr=5.05E-06 time=1.381
After sweep 18 energy=-133.93738  maxlinkdim=100 maxerr=4.84E-06 time=1.436
After sweep 19 energy=-133.93799  maxlinkdim=100 maxerr=5.10E-06 time=1.386
After sweep 20 energy=-133.93784  maxlinkdim=100 maxerr=4.79E-06 time=1.432
After sweep 21 energy=-133.93747  maxlinkdim=100 maxerr=5.04E-06 time=1.379
After sweep 22 energy=-133.93774  maxlinkdim=100 maxerr=4.85E-06 time=1.431
After sweep 23 energy=-133.93852  maxlinkdim=100 maxerr=4.94E-06 time=1.385
After sweep 24 energy=-133.93762  maxlinkdim=100 maxerr=4.94E-06 time=1.429
After sweep 25 energy=-133.93774  maxlinkdim=100 maxerr=4.83E-06 time=1.384
After sweep 26 energy=-133.9379  maxlinkdim=100 maxerr=4.92E-06 time=1.439
After sweep 27 energy=-133.93752  maxlinkdim=100 maxerr=4.90E-06 time=1.382
After sweep 28 energy=-133.93735  maxlinkdim=100 maxerr=4.84E-06 time=1.427
After sweep 29 energy=-133.93735  maxlinkdim=100 maxerr=4.81E-06 time=1.390
After sweep 30 energy=-133.93765  maxlinkdim=100 maxerr=4.92E-06 time=1.430
n0: 0.92866176; n1: 0.99996245; mu0: 1.71; mu1: 1.8

Range found between mu0: 1.71 (n0: 0.92866176) and mu1: 1.8 (n1: 0.99996245); refining...
n0: 0.92866176; n1: 0.99996245; mu0: 1.71; mu1: 1.8
Trying secant step...
After sweep 1 energy=-118.22469  maxlinkdim=10 maxerr=4.08E-03 time=0.657
After sweep 2 energy=-124.03522  maxlinkdim=20 maxerr=2.94E-03 time=0.761
After sweep 3 energy=-126.567856  maxlinkdim=100 maxerr=8.49E-06 time=1.431
After sweep 4 energy=-127.27786  maxlinkdim=100 maxerr=3.09E-05 time=1.538
After sweep 5 energy=-127.767975  maxlinkdim=100 maxerr=1.41E-04 time=1.433
After sweep 6 energy=-128.0838  maxlinkdim=100 maxerr=2.57E-04 time=1.390
After sweep 7 energy=-128.33968  maxlinkdim=100 maxerr=2.78E-04 time=1.438
After sweep 8 energy=-128.55006  maxlinkdim=100 maxerr=2.29E-04 time=1.394
After sweep 9 energy=-128.6857  maxlinkdim=100 maxerr=3.61E-04 time=1.441
After sweep 10 energy=-128.74878  maxlinkdim=100 maxerr=2.38E-04 time=1.394
After sweep 11 energy=-128.77959  maxlinkdim=100 maxerr=2.04E-04 time=1.441
After sweep 12 energy=-128.80048  maxlinkdim=100 maxerr=1.86E-04 time=1.393
After sweep 13 energy=-128.82076  maxlinkdim=100 maxerr=1.88E-04 time=1.387
After sweep 14 energy=-128.84586  maxlinkdim=100 maxerr=1.95E-04 time=1.439
After sweep 15 energy=-128.87442  maxlinkdim=100 maxerr=1.92E-04 time=1.390
After sweep 16 energy=-128.8972  maxlinkdim=100 maxerr=1.89E-04 time=1.443
After sweep 17 energy=-128.91264  maxlinkdim=100 maxerr=1.95E-04 time=1.387
After sweep 18 energy=-128.92354  maxlinkdim=100 maxerr=2.01E-04 time=1.447
After sweep 19 energy=-128.93115  maxlinkdim=100 maxerr=2.11E-04 time=1.385
After sweep 20 energy=-128.93655  maxlinkdim=100 maxerr=2.16E-04 time=1.438
After sweep 21 energy=-128.94069  maxlinkdim=100 maxerr=2.23E-04 time=1.388
After sweep 22 energy=-128.94461  maxlinkdim=100 maxerr=2.31E-04 time=1.438
After sweep 23 energy=-128.94673  maxlinkdim=100 maxerr=2.35E-04 time=1.387
After sweep 24 energy=-128.9486  maxlinkdim=100 maxerr=2.38E-04 time=1.441
After sweep 25 energy=-128.9499  maxlinkdim=100 maxerr=2.40E-04 time=1.387
After sweep 26 energy=-128.95111  maxlinkdim=100 maxerr=2.40E-04 time=1.437
After sweep 27 energy=-128.95142  maxlinkdim=100 maxerr=2.42E-04 time=1.396
After sweep 28 energy=-128.95247  maxlinkdim=100 maxerr=2.42E-04 time=1.434
After sweep 29 energy=-128.95337  maxlinkdim=100 maxerr=2.41E-04 time=1.388
After sweep 30 energy=-128.95367  maxlinkdim=100 maxerr=2.40E-04 time=1.438
n0: 0.92866176; n1: 0.93901; mu0: 1.71; mu1: 1.7211561518006198
Trying secant step...
After sweep 1 energy=-118.11599  maxlinkdim=10 maxerr=3.78E-03 time=0.714
After sweep 2 energy=-123.83099  maxlinkdim=20 maxerr=3.42E-03 time=0.734
After sweep 3 energy=-126.47869  maxlinkdim=100 maxerr=4.81E-06 time=1.440
After sweep 4 energy=-127.184044  maxlinkdim=100 maxerr=1.47E-05 time=1.480
After sweep 5 energy=-127.64777  maxlinkdim=100 maxerr=1.09E-04 time=1.428
After sweep 6 energy=-127.968925  maxlinkdim=100 maxerr=3.03E-04 time=1.383
After sweep 7 energy=-128.19778  maxlinkdim=100 maxerr=2.16E-04 time=1.440
After sweep 8 energy=-128.41649  maxlinkdim=100 maxerr=3.64E-04 time=1.391
After sweep 9 energy=-128.59499  maxlinkdim=100 maxerr=3.21E-04 time=1.442
After sweep 10 energy=-128.68741  maxlinkdim=100 maxerr=1.75E-04 time=1.399
After sweep 11 energy=-128.7392  maxlinkdim=100 maxerr=1.44E-04 time=1.441
After sweep 12 energy=-128.77373  maxlinkdim=100 maxerr=1.44E-04 time=1.390
After sweep 13 energy=-128.79472  maxlinkdim=100 maxerr=1.27E-04 time=1.449
After sweep 14 energy=-128.80852  maxlinkdim=100 maxerr=1.30E-04 time=1.392
After sweep 15 energy=-128.8187  maxlinkdim=100 maxerr=1.31E-04 time=1.443
After sweep 16 energy=-128.82602  maxlinkdim=100 maxerr=1.33E-04 time=1.388
After sweep 17 energy=-128.8328  maxlinkdim=100 maxerr=1.38E-04 time=1.437
After sweep 18 energy=-128.83801  maxlinkdim=100 maxerr=1.40E-04 time=1.388
After sweep 19 energy=-128.84215  maxlinkdim=100 maxerr=1.47E-04 time=1.438
After sweep 20 energy=-128.8457  maxlinkdim=100 maxerr=1.56E-04 time=1.389
After sweep 21 energy=-128.84904  maxlinkdim=100 maxerr=1.63E-04 time=1.439
After sweep 22 energy=-128.851  maxlinkdim=100 maxerr=1.66E-04 time=1.397
After sweep 23 energy=-128.85321  maxlinkdim=100 maxerr=1.68E-04 time=1.438
After sweep 24 energy=-128.85489  maxlinkdim=100 maxerr=1.72E-04 time=1.389
After sweep 25 energy=-128.85635  maxlinkdim=100 maxerr=1.74E-04 time=1.436
After sweep 26 energy=-128.8573  maxlinkdim=100 maxerr=1.74E-04 time=1.389
After sweep 27 energy=-128.85825  maxlinkdim=100 maxerr=1.75E-04 time=1.437
After sweep 28 energy=-128.85916  maxlinkdim=100 maxerr=1.76E-04 time=1.431
After sweep 29 energy=-128.85887  maxlinkdim=100 maxerr=1.75E-04 time=1.393
After sweep 30 energy=-128.85957  maxlinkdim=100 maxerr=1.74E-04 time=1.434
n0: 0.9437625; n1: 0.93901; mu0: 1.7195282397554803; mu1: 1.7211561518006198
Trying secant step...
After sweep 1 energy=-118.29185  maxlinkdim=10 maxerr=4.16E-03 time=0.687
After sweep 2 energy=-124.07602  maxlinkdim=20 maxerr=2.14E-03 time=0.759
After sweep 3 energy=-126.813225  maxlinkdim=100 maxerr=8.16E-06 time=1.473
After sweep 4 energy=-127.48368  maxlinkdim=100 maxerr=3.45E-05 time=1.517
After sweep 5 energy=-127.88885  maxlinkdim=100 maxerr=6.74E-05 time=1.387
After sweep 6 energy=-128.162  maxlinkdim=100 maxerr=1.43E-04 time=1.444
After sweep 7 energy=-128.39607  maxlinkdim=100 maxerr=2.02E-04 time=1.436
After sweep 8 energy=-128.61252  maxlinkdim=100 maxerr=2.53E-04 time=1.400
After sweep 9 energy=-128.76491  maxlinkdim=100 maxerr=2.61E-04 time=1.440
After sweep 10 energy=-128.83813  maxlinkdim=100 maxerr=2.03E-04 time=1.405
After sweep 11 energy=-128.87665  maxlinkdim=100 maxerr=1.73E-04 time=1.456
After sweep 12 energy=-128.90211  maxlinkdim=100 maxerr=1.79E-04 time=1.407
After sweep 13 energy=-128.91966  maxlinkdim=100 maxerr=1.86E-04 time=1.445
After sweep 14 energy=-128.93387  maxlinkdim=100 maxerr=1.91E-04 time=1.402
After sweep 15 energy=-128.94527  maxlinkdim=100 maxerr=1.94E-04 time=1.448
After sweep 16 energy=-128.95412  maxlinkdim=100 maxerr=1.90E-04 time=1.406
After sweep 17 energy=-128.96198  maxlinkdim=100 maxerr=1.82E-04 time=1.443
After sweep 18 energy=-128.968  maxlinkdim=100 maxerr=1.71E-04 time=1.409
After sweep 19 energy=-128.97208  maxlinkdim=100 maxerr=1.63E-04 time=1.449
After sweep 20 energy=-128.9755  maxlinkdim=100 maxerr=1.58E-04 time=1.399
After sweep 21 energy=-128.97801  maxlinkdim=100 maxerr=1.54E-04 time=1.449
After sweep 22 energy=-128.97997  maxlinkdim=100 maxerr=1.51E-04 time=1.398
After sweep 23 energy=-128.98158  maxlinkdim=100 maxerr=1.49E-04 time=1.451
After sweep 24 energy=-128.98259  maxlinkdim=100 maxerr=1.47E-04 time=1.402
After sweep 25 energy=-128.98346  maxlinkdim=100 maxerr=1.46E-04 time=1.453
After sweep 26 energy=-128.98549  maxlinkdim=100 maxerr=1.47E-04 time=1.448
After sweep 27 energy=-128.98569  maxlinkdim=100 maxerr=1.48E-04 time=1.410
After sweep 28 energy=-128.98663  maxlinkdim=100 maxerr=1.47E-04 time=1.452
After sweep 29 energy=-128.98729  maxlinkdim=100 maxerr=1.47E-04 time=1.409
After sweep 30 energy=-128.98763  maxlinkdim=100 maxerr=1.48E-04 time=1.447
n0: 0.93901; n1: 0.9444627; mu0: 1.7211561518006198; mu1: 1.721673397153881
Trying secant step...
After sweep 1 energy=-118.248245  maxlinkdim=10 maxerr=3.95E-03 time=0.689
After sweep 2 energy=-123.92798  maxlinkdim=20 maxerr=2.93E-03 time=0.748
After sweep 3 energy=-126.66376  maxlinkdim=100 maxerr=5.55E-06 time=1.490
After sweep 4 energy=-127.33498  maxlinkdim=100 maxerr=8.21E-06 time=1.484
After sweep 5 energy=-127.75928  maxlinkdim=100 maxerr=4.87E-05 time=1.442
After sweep 6 energy=-128.04642  maxlinkdim=100 maxerr=7.96E-05 time=1.439
After sweep 7 energy=-128.28526  maxlinkdim=100 maxerr=2.10E-04 time=1.401
After sweep 8 energy=-128.50545  maxlinkdim=100 maxerr=2.65E-04 time=1.454
After sweep 9 energy=-128.68864  maxlinkdim=100 maxerr=3.50E-04 time=1.413
After sweep 10 energy=-128.78505  maxlinkdim=100 maxerr=2.21E-04 time=1.456
After sweep 11 energy=-128.84157  maxlinkdim=100 maxerr=1.85E-04 time=1.407
After sweep 12 energy=-128.87836  maxlinkdim=100 maxerr=1.88E-04 time=1.445
After sweep 13 energy=-128.89932  maxlinkdim=100 maxerr=1.72E-04 time=1.399
After sweep 14 energy=-128.91241  maxlinkdim=100 maxerr=1.59E-04 time=1.455
After sweep 15 energy=-128.92134  maxlinkdim=100 maxerr=1.48E-04 time=1.402
After sweep 16 energy=-128.92752  maxlinkdim=100 maxerr=1.45E-04 time=1.452
After sweep 17 energy=-128.93182  maxlinkdim=100 maxerr=1.43E-04 time=1.401
After sweep 18 energy=-128.93494  maxlinkdim=100 maxerr=1.40E-04 time=1.461
After sweep 19 energy=-128.93843  maxlinkdim=100 maxerr=1.40E-04 time=1.449
After sweep 20 energy=-128.94003  maxlinkdim=100 maxerr=1.41E-04 time=1.404
After sweep 21 energy=-128.94167  maxlinkdim=100 maxerr=1.42E-04 time=1.449
After sweep 22 energy=-128.94315  maxlinkdim=100 maxerr=1.43E-04 time=1.411
After sweep 23 energy=-128.94435  maxlinkdim=100 maxerr=1.44E-04 time=1.452
After sweep 24 energy=-128.94568  maxlinkdim=100 maxerr=1.46E-04 time=1.408
After sweep 25 energy=-128.94641  maxlinkdim=100 maxerr=1.48E-04 time=1.463
After sweep 26 energy=-128.9474  maxlinkdim=100 maxerr=1.49E-04 time=1.402
After sweep 27 energy=-128.94763  maxlinkdim=100 maxerr=1.50E-04 time=1.465
After sweep 28 energy=-128.9478  maxlinkdim=100 maxerr=1.51E-04 time=1.454
After sweep 29 energy=-128.94875  maxlinkdim=100 maxerr=1.52E-04 time=1.415
After sweep 30 energy=-128.94835  maxlinkdim=100 maxerr=1.53E-04 time=1.454
n0: 0.9432695; n1: 0.93901; mu0: 1.7210129101025675; mu1: 1.7211561518006198
Trying secant step...
After sweep 1 energy=-118.12313  maxlinkdim=10 maxerr=3.98E-03 time=0.666
After sweep 2 energy=-123.979416  maxlinkdim=20 maxerr=2.70E-03 time=0.891
After sweep 3 energy=-126.716606  maxlinkdim=100 maxerr=5.88E-06 time=1.364
After sweep 4 energy=-127.39855  maxlinkdim=100 maxerr=2.04E-05 time=1.484
After sweep 5 energy=-127.82946  maxlinkdim=100 maxerr=9.51E-05 time=1.454
After sweep 6 energy=-128.12735  maxlinkdim=100 maxerr=1.43E-04 time=1.450
After sweep 7 energy=-128.352  maxlinkdim=100 maxerr=1.68E-04 time=1.417
After sweep 8 energy=-128.5578  maxlinkdim=100 maxerr=1.79E-04 time=1.454
After sweep 9 energy=-128.69615  maxlinkdim=100 maxerr=1.87E-04 time=1.416
After sweep 10 energy=-128.77457  maxlinkdim=100 maxerr=1.82E-04 time=1.456
After sweep 11 energy=-128.8256  maxlinkdim=100 maxerr=1.59E-04 time=1.408
After sweep 12 energy=-128.85977  maxlinkdim=100 maxerr=1.58E-04 time=1.457
After sweep 13 energy=-128.88535  maxlinkdim=100 maxerr=1.68E-04 time=1.452
After sweep 14 energy=-128.9016  maxlinkdim=100 maxerr=1.77E-04 time=1.410
After sweep 15 energy=-128.91125  maxlinkdim=100 maxerr=1.81E-04 time=1.462
After sweep 16 energy=-128.91856  maxlinkdim=100 maxerr=1.85E-04 time=1.408
After sweep 17 energy=-128.9237  maxlinkdim=100 maxerr=1.87E-04 time=1.452
After sweep 18 energy=-128.92754  maxlinkdim=100 maxerr=1.92E-04 time=1.404
After sweep 19 energy=-128.93042  maxlinkdim=100 maxerr=1.96E-04 time=1.453
After sweep 20 energy=-128.93376  maxlinkdim=100 maxerr=2.02E-04 time=1.456
After sweep 21 energy=-128.936  maxlinkdim=100 maxerr=2.06E-04 time=1.409
After sweep 22 energy=-128.93867  maxlinkdim=100 maxerr=2.08E-04 time=1.457
After sweep 23 energy=-128.93967  maxlinkdim=100 maxerr=2.08E-04 time=1.410
After sweep 24 energy=-128.94205  maxlinkdim=100 maxerr=2.09E-04 time=1.458
After sweep 25 energy=-128.94397  maxlinkdim=100 maxerr=2.13E-04 time=1.404
After sweep 26 energy=-128.94513  maxlinkdim=100 maxerr=2.16E-04 time=1.454
After sweep 27 energy=-128.94632  maxlinkdim=100 maxerr=2.17E-04 time=1.450
After sweep 28 energy=-128.94768  maxlinkdim=100 maxerr=2.17E-04 time=1.404
After sweep 29 energy=-128.94853  maxlinkdim=100 maxerr=2.16E-04 time=1.447
After sweep 30 energy=-128.9499  maxlinkdim=100 maxerr=2.17E-04 time=1.411
n0: 0.93901; n1: 0.9607949; mu0: 1.7211561518006198; mu1: 1.7212069324277846
Trying secant step...
After sweep 1 energy=-118.22053  maxlinkdim=10 maxerr=5.30E-03 time=0.678
After sweep 2 energy=-123.9796  maxlinkdim=20 maxerr=2.84E-03 time=0.754
After sweep 3 energy=-126.672264  maxlinkdim=100 maxerr=5.25E-06 time=1.466
After sweep 4 energy=-127.39185  maxlinkdim=100 maxerr=1.98E-05 time=1.478
After sweep 5 energy=-127.80654  maxlinkdim=100 maxerr=1.46E-04 time=1.427
After sweep 6 energy=-128.11203  maxlinkdim=100 maxerr=1.77E-04 time=1.390
After sweep 7 energy=-128.34096  maxlinkdim=100 maxerr=1.69E-04 time=1.444
After sweep 8 energy=-128.55798  maxlinkdim=100 maxerr=2.54E-04 time=1.405
After sweep 9 energy=-128.71991  maxlinkdim=100 maxerr=2.88E-04 time=1.443
After sweep 10 energy=-128.80154  maxlinkdim=100 maxerr=2.25E-04 time=1.403
After sweep 11 energy=-128.84196  maxlinkdim=100 maxerr=1.83E-04 time=1.447
After sweep 12 energy=-128.8655  maxlinkdim=100 maxerr=1.72E-04 time=1.399
After sweep 13 energy=-128.88177  maxlinkdim=100 maxerr=1.72E-04 time=1.439
After sweep 14 energy=-128.89294  maxlinkdim=100 maxerr=1.77E-04 time=1.402
After sweep 15 energy=-128.90071  maxlinkdim=100 maxerr=1.81E-04 time=1.398
After sweep 16 energy=-128.9069  maxlinkdim=100 maxerr=1.86E-04 time=1.444
After sweep 17 energy=-128.91066  maxlinkdim=100 maxerr=1.94E-04 time=1.392
After sweep 18 energy=-128.91391  maxlinkdim=100 maxerr=2.03E-04 time=1.444
After sweep 19 energy=-128.91626  maxlinkdim=100 maxerr=2.11E-04 time=1.390
After sweep 20 energy=-128.91888  maxlinkdim=100 maxerr=2.22E-04 time=1.451
After sweep 21 energy=-128.92047  maxlinkdim=100 maxerr=2.31E-04 time=1.402
After sweep 22 energy=-128.92224  maxlinkdim=100 maxerr=2.37E-04 time=1.450
After sweep 23 energy=-128.92395  maxlinkdim=100 maxerr=2.38E-04 time=1.404
After sweep 24 energy=-128.92517  maxlinkdim=100 maxerr=2.41E-04 time=1.441
After sweep 25 energy=-128.92615  maxlinkdim=100 maxerr=2.46E-04 time=1.399
After sweep 26 energy=-128.92677  maxlinkdim=100 maxerr=2.48E-04 time=1.440
After sweep 27 energy=-128.92786  maxlinkdim=100 maxerr=2.53E-04 time=1.404
After sweep 28 energy=-128.92894  maxlinkdim=100 maxerr=2.56E-04 time=1.453
After sweep 29 energy=-128.92903  maxlinkdim=100 maxerr=2.59E-04 time=1.402
After sweep 30 energy=-128.9297  maxlinkdim=100 maxerr=2.63E-04 time=1.446
n0: 0.9650229; n1: 0.93901; mu0: 1.7211526319330213; mu1: 1.7211561518006198
Trying secant step...
After sweep 1 energy=-118.31749  maxlinkdim=10 maxerr=2.93E-03 time=0.683
After sweep 2 energy=-124.02414  maxlinkdim=20 maxerr=2.41E-03 time=0.757
After sweep 3 energy=-126.645744  maxlinkdim=100 maxerr=4.59E-06 time=1.488
After sweep 4 energy=-127.301445  maxlinkdim=100 maxerr=1.36E-05 time=1.484
After sweep 5 energy=-127.7091  maxlinkdim=100 maxerr=4.30E-05 time=1.443
After sweep 6 energy=-128.02364  maxlinkdim=100 maxerr=2.60E-04 time=1.401
After sweep 7 energy=-128.2851  maxlinkdim=100 maxerr=2.55E-04 time=1.457
After sweep 8 energy=-128.48553  maxlinkdim=100 maxerr=2.63E-04 time=1.398
After sweep 9 energy=-128.62587  maxlinkdim=100 maxerr=3.72E-04 time=1.454
After sweep 10 energy=-128.72365  maxlinkdim=100 maxerr=3.54E-04 time=1.409
After sweep 11 energy=-128.79565  maxlinkdim=100 maxerr=2.51E-04 time=1.452
After sweep 12 energy=-128.84471  maxlinkdim=100 maxerr=2.20E-04 time=1.410
After sweep 13 energy=-128.87479  maxlinkdim=100 maxerr=1.87E-04 time=1.451
After sweep 14 energy=-128.89334  maxlinkdim=100 maxerr=1.68E-04 time=1.410
After sweep 15 energy=-128.90561  maxlinkdim=100 maxerr=1.71E-04 time=1.458
After sweep 16 energy=-128.91342  maxlinkdim=100 maxerr=1.76E-04 time=1.408
After sweep 17 energy=-128.91971  maxlinkdim=100 maxerr=1.79E-04 time=1.441
After sweep 18 energy=-128.92465  maxlinkdim=100 maxerr=1.77E-04 time=1.400
After sweep 19 energy=-128.92873  maxlinkdim=100 maxerr=1.82E-04 time=1.445
After sweep 20 energy=-128.93185  maxlinkdim=100 maxerr=1.81E-04 time=1.400
After sweep 21 energy=-128.93573  maxlinkdim=100 maxerr=1.82E-04 time=1.449
After sweep 22 energy=-128.93831  maxlinkdim=100 maxerr=1.87E-04 time=1.412
After sweep 23 energy=-128.94081  maxlinkdim=100 maxerr=1.88E-04 time=1.444
After sweep 24 energy=-128.94275  maxlinkdim=100 maxerr=1.84E-04 time=1.401
After sweep 25 energy=-128.94402  maxlinkdim=100 maxerr=1.87E-04 time=1.446
After sweep 26 energy=-128.94577  maxlinkdim=100 maxerr=1.88E-04 time=1.407
After sweep 27 energy=-128.94743  maxlinkdim=100 maxerr=1.88E-04 time=1.445
After sweep 28 energy=-128.94875  maxlinkdim=100 maxerr=1.89E-04 time=1.401
After sweep 29 energy=-128.94997  maxlinkdim=100 maxerr=1.90E-04 time=1.443
After sweep 30 energy=-128.95107  maxlinkdim=100 maxerr=1.92E-04 time=1.413
n0: 0.93901; n1: 0.95559293; mu0: 1.7211561518006198; mu1: 1.7211563561256014
Trying secant step...
After sweep 1 energy=-118.13971  maxlinkdim=10 maxerr=3.62E-03 time=0.695
After sweep 2 energy=-123.796524  maxlinkdim=20 maxerr=2.76E-03 time=0.739
After sweep 3 energy=-126.62493  maxlinkdim=100 maxerr=4.69E-06 time=1.477
After sweep 4 energy=-127.316795  maxlinkdim=100 maxerr=9.66E-06 time=1.477
After sweep 5 energy=-127.71653  maxlinkdim=100 maxerr=2.30E-05 time=1.439
After sweep 6 energy=-127.99442  maxlinkdim=100 maxerr=7.56E-05 time=1.394
After sweep 7 energy=-128.2234  maxlinkdim=100 maxerr=1.86E-04 time=1.454
After sweep 8 energy=-128.41904  maxlinkdim=100 maxerr=2.19E-04 time=1.396
After sweep 9 energy=-128.61552  maxlinkdim=100 maxerr=3.04E-04 time=1.448
After sweep 10 energy=-128.76537  maxlinkdim=100 maxerr=3.40E-04 time=1.401
After sweep 11 energy=-128.83018  maxlinkdim=100 maxerr=2.16E-04 time=1.459
After sweep 12 energy=-128.85913  maxlinkdim=100 maxerr=1.65E-04 time=1.398
After sweep 13 energy=-128.87856  maxlinkdim=100 maxerr=1.67E-04 time=1.449
After sweep 14 energy=-128.8901  maxlinkdim=100 maxerr=1.72E-04 time=1.412
After sweep 15 energy=-128.89761  maxlinkdim=100 maxerr=1.82E-04 time=1.456
After sweep 16 energy=-128.90291  maxlinkdim=100 maxerr=1.87E-04 time=1.398
After sweep 17 energy=-128.90596  maxlinkdim=100 maxerr=1.94E-04 time=1.449
After sweep 18 energy=-128.90794  maxlinkdim=100 maxerr=2.00E-04 time=1.399
After sweep 19 energy=-128.90965  maxlinkdim=100 maxerr=2.05E-04 time=1.449
After sweep 20 energy=-128.91138  maxlinkdim=100 maxerr=2.09E-04 time=1.394
After sweep 21 energy=-128.9121  maxlinkdim=100 maxerr=2.11E-04 time=1.449
After sweep 22 energy=-128.91287  maxlinkdim=100 maxerr=2.13E-04 time=1.396
After sweep 23 energy=-128.91362  maxlinkdim=100 maxerr=2.15E-04 time=1.451
After sweep 24 energy=-128.91432  maxlinkdim=100 maxerr=2.17E-04 time=1.393
After sweep 25 energy=-128.91579  maxlinkdim=100 maxerr=2.18E-04 time=1.447
After sweep 26 energy=-128.9164  maxlinkdim=100 maxerr=2.16E-04 time=1.396
After sweep 27 energy=-128.91766  maxlinkdim=100 maxerr=2.15E-04 time=1.447
After sweep 28 energy=-128.91876  maxlinkdim=100 maxerr=2.12E-04 time=1.397
After sweep 29 energy=-128.91917  maxlinkdim=100 maxerr=2.09E-04 time=1.454
After sweep 30 energy=-128.9207  maxlinkdim=100 maxerr=2.04E-04 time=1.444
n0: 0.9685082; n1: 0.93901; mu0: 1.7211561331949763; mu1: 1.7211561518006198
Trying secant step...
After sweep 1 energy=-118.1861  maxlinkdim=10 maxerr=4.08E-03 time=0.699
After sweep 2 energy=-123.97144  maxlinkdim=20 maxerr=2.43E-03 time=0.754
After sweep 3 energy=-126.59368  maxlinkdim=100 maxerr=9.61E-06 time=1.487
After sweep 4 energy=-127.31947  maxlinkdim=100 maxerr=4.36E-05 time=1.480
After sweep 5 energy=-127.799614  maxlinkdim=100 maxerr=1.93E-04 time=1.448
After sweep 6 energy=-128.12547  maxlinkdim=100 maxerr=2.24E-04 time=1.397
After sweep 7 energy=-128.36174  maxlinkdim=100 maxerr=2.52E-04 time=1.446
After sweep 8 energy=-128.55566  maxlinkdim=100 maxerr=2.33E-04 time=1.399
After sweep 9 energy=-128.68364  maxlinkdim=100 maxerr=2.41E-04 time=1.455
After sweep 10 energy=-128.75053  maxlinkdim=100 maxerr=3.15E-04 time=1.409
After sweep 11 energy=-128.78249  maxlinkdim=100 maxerr=2.08E-04 time=1.451
After sweep 12 energy=-128.80186  maxlinkdim=100 maxerr=1.88E-04 time=1.447
After sweep 13 energy=-128.81747  maxlinkdim=100 maxerr=1.82E-04 time=1.404
After sweep 14 energy=-128.8317  maxlinkdim=100 maxerr=1.81E-04 time=1.445
After sweep 15 energy=-128.84624  maxlinkdim=100 maxerr=1.86E-04 time=1.405
After sweep 16 energy=-128.86307  maxlinkdim=100 maxerr=1.98E-04 time=1.453
After sweep 17 energy=-128.88245  maxlinkdim=100 maxerr=2.02E-04 time=1.405
After sweep 18 energy=-128.90045  maxlinkdim=100 maxerr=2.13E-04 time=1.449
After sweep 19 energy=-128.91403  maxlinkdim=100 maxerr=2.30E-04 time=1.415
After sweep 20 energy=-128.9231  maxlinkdim=100 maxerr=2.35E-04 time=1.458
After sweep 21 energy=-128.9291  maxlinkdim=100 maxerr=2.40E-04 time=1.403
After sweep 22 energy=-128.9339  maxlinkdim=100 maxerr=2.45E-04 time=1.448
After sweep 23 energy=-128.93706  maxlinkdim=100 maxerr=2.45E-04 time=1.399
After sweep 24 energy=-128.94019  maxlinkdim=100 maxerr=2.47E-04 time=1.454
After sweep 25 energy=-128.94226  maxlinkdim=100 maxerr=2.47E-04 time=1.400
After sweep 26 energy=-128.9445  maxlinkdim=100 maxerr=2.46E-04 time=1.452
After sweep 27 energy=-128.94545  maxlinkdim=100 maxerr=2.50E-04 time=1.401
After sweep 28 energy=-128.94647  maxlinkdim=100 maxerr=2.54E-04 time=1.461
After sweep 29 energy=-128.94731  maxlinkdim=100 maxerr=2.57E-04 time=1.474
After sweep 30 energy=-128.94766  maxlinkdim=100 maxerr=2.59E-04 time=1.418
FOUND MU (secant); mu: 1.721156152753051  n: 0.93766534
Target density achieved with mu=1.721156152753051, n=0.93766534
Checking {alpha,beta} vs measured
Alpha not converged.
NOT CONVERGED; updating alpha, beta and continuing...
After sweep 1 energy=-118.31577  maxlinkdim=10 maxerr=3.82E-03 time=0.712
After sweep 2 energy=-124.14816  maxlinkdim=20 maxerr=2.04E-03 time=0.779
After sweep 3 energy=-126.86506  maxlinkdim=100 maxerr=4.61E-06 time=1.483
After sweep 4 energy=-127.500374  maxlinkdim=100 maxerr=1.15E-05 time=1.525
After sweep 5 energy=-127.940475  maxlinkdim=100 maxerr=9.51E-05 time=1.401
After sweep 6 energy=-128.24982  maxlinkdim=100 maxerr=1.98E-04 time=1.441
After sweep 7 energy=-128.4702  maxlinkdim=100 maxerr=1.65E-04 time=1.402
After sweep 8 energy=-128.6593  maxlinkdim=100 maxerr=2.14E-04 time=1.443
After sweep 9 energy=-128.7882  maxlinkdim=100 maxerr=2.29E-04 time=1.403
After sweep 10 energy=-128.85623  maxlinkdim=100 maxerr=1.70E-04 time=1.452
After sweep 11 energy=-128.89389  maxlinkdim=100 maxerr=1.46E-04 time=1.404
After sweep 12 energy=-128.91656  maxlinkdim=100 maxerr=1.52E-04 time=1.443
After sweep 13 energy=-128.93251  maxlinkdim=100 maxerr=1.61E-04 time=1.402
After sweep 14 energy=-128.94809  maxlinkdim=100 maxerr=1.77E-04 time=1.450
After sweep 15 energy=-128.96371  maxlinkdim=100 maxerr=1.94E-04 time=1.393
After sweep 16 energy=-128.979  maxlinkdim=100 maxerr=2.09E-04 time=1.447
After sweep 17 energy=-128.9927  maxlinkdim=100 maxerr=2.20E-04 time=1.395
After sweep 18 energy=-129.00359  maxlinkdim=100 maxerr=2.28E-04 time=1.452
After sweep 19 energy=-129.01147  maxlinkdim=100 maxerr=2.35E-04 time=1.395
After sweep 20 energy=-129.01755  maxlinkdim=100 maxerr=2.41E-04 time=1.458
After sweep 21 energy=-129.02118  maxlinkdim=100 maxerr=2.46E-04 time=1.454
After sweep 22 energy=-129.02426  maxlinkdim=100 maxerr=2.49E-04 time=1.400
After sweep 23 energy=-129.02649  maxlinkdim=100 maxerr=2.54E-04 time=1.440
After sweep 24 energy=-129.02708  maxlinkdim=100 maxerr=2.61E-04 time=1.398
After sweep 25 energy=-129.02797  maxlinkdim=100 maxerr=2.67E-04 time=1.444
After sweep 26 energy=-129.02852  maxlinkdim=100 maxerr=2.69E-04 time=1.407
After sweep 27 energy=-129.02878  maxlinkdim=100 maxerr=2.69E-04 time=1.442
After sweep 28 energy=-129.02934  maxlinkdim=100 maxerr=2.69E-04 time=1.395
After sweep 29 energy=-129.02962  maxlinkdim=100 maxerr=2.68E-04 time=1.454
After sweep 30 energy=-129.0297  maxlinkdim=100 maxerr=2.68E-04 time=1.396
Same mu: 1.721156152753051 and continuing
Target density achieved with mu=1.721156152753051, n=0.9374941
Checking {alpha,beta} vs measured
Alpha not converged.
NOT CONVERGED; updating alpha, beta and continuing...
After sweep 1 energy=-118.2401  maxlinkdim=10 maxerr=4.09E-03 time=0.703
After sweep 2 energy=-124.09101  maxlinkdim=20 maxerr=2.66E-03 time=0.761
After sweep 3 energy=-126.84075  maxlinkdim=100 maxerr=6.33E-06 time=1.480
After sweep 4 energy=-127.4625  maxlinkdim=100 maxerr=3.10E-05 time=1.528
After sweep 5 energy=-127.85743  maxlinkdim=100 maxerr=5.36E-05 time=1.393
After sweep 6 energy=-128.16603  maxlinkdim=100 maxerr=3.27E-04 time=1.447
After sweep 7 energy=-128.42131  maxlinkdim=100 maxerr=2.38E-04 time=1.407
After sweep 8 energy=-128.6525  maxlinkdim=100 maxerr=3.04E-04 time=1.449
After sweep 9 energy=-128.81694  maxlinkdim=100 maxerr=2.46E-04 time=1.398
After sweep 10 energy=-128.90945  maxlinkdim=100 maxerr=2.17E-04 time=1.454
After sweep 11 energy=-128.95604  maxlinkdim=100 maxerr=1.66E-04 time=1.399
After sweep 12 energy=-128.98123  maxlinkdim=100 maxerr=1.54E-04 time=1.451
After sweep 13 energy=-128.99814  maxlinkdim=100 maxerr=1.53E-04 time=1.453
After sweep 14 energy=-129.01161  maxlinkdim=100 maxerr=1.54E-04 time=1.401
After sweep 15 energy=-129.02371  maxlinkdim=100 maxerr=1.57E-04 time=1.449
After sweep 16 energy=-129.03455  maxlinkdim=100 maxerr=1.62E-04 time=1.403
After sweep 17 energy=-129.04324  maxlinkdim=100 maxerr=1.67E-04 time=1.454
After sweep 18 energy=-129.04941  maxlinkdim=100 maxerr=1.68E-04 time=1.396
After sweep 19 energy=-129.05391  maxlinkdim=100 maxerr=1.71E-04 time=1.451
After sweep 20 energy=-129.05647  maxlinkdim=100 maxerr=1.73E-04 time=1.447
After sweep 21 energy=-129.05896  maxlinkdim=100 maxerr=1.75E-04 time=1.412
After sweep 22 energy=-129.05956  maxlinkdim=100 maxerr=1.77E-04 time=1.450
After sweep 23 energy=-129.0611  maxlinkdim=100 maxerr=1.77E-04 time=1.400
After sweep 24 energy=-129.06178  maxlinkdim=100 maxerr=1.78E-04 time=1.444
After sweep 25 energy=-129.06241  maxlinkdim=100 maxerr=1.79E-04 time=1.396
After sweep 26 energy=-129.06255  maxlinkdim=100 maxerr=1.80E-04 time=1.447
After sweep 27 energy=-129.06256  maxlinkdim=100 maxerr=1.81E-04 time=1.453
After sweep 28 energy=-129.06306  maxlinkdim=100 maxerr=1.81E-04 time=1.404
After sweep 29 energy=-129.06276  maxlinkdim=100 maxerr=1.82E-04 time=1.447
After sweep 30 energy=-129.06308  maxlinkdim=100 maxerr=1.82E-04 time=1.401
Same mu: 1.721156152753051 and continuing
Target density achieved with mu=1.721156152753051, n=0.937478
Checking {alpha,beta} vs measured
Alpha not converged.
NOT CONVERGED; updating alpha, beta and continuing...
After sweep 1 energy=-118.34645  maxlinkdim=10 maxerr=3.55E-03 time=0.707
After sweep 2 energy=-124.08371  maxlinkdim=20 maxerr=2.61E-03 time=0.727
After sweep 3 energy=-126.768295  maxlinkdim=100 maxerr=4.13E-06 time=1.407
After sweep 4 energy=-127.45743  maxlinkdim=100 maxerr=2.15E-05 time=1.440
After sweep 5 energy=-127.88563  maxlinkdim=100 maxerr=8.51E-05 time=1.391
After sweep 6 energy=-128.21692  maxlinkdim=100 maxerr=1.36E-04 time=1.356
After sweep 7 energy=-128.47153  maxlinkdim=100 maxerr=2.14E-04 time=1.354
After sweep 8 energy=-128.70697  maxlinkdim=100 maxerr=1.80E-04 time=1.406
After sweep 9 energy=-128.90814  maxlinkdim=100 maxerr=1.79E-04 time=1.359
After sweep 10 energy=-129.01265  maxlinkdim=100 maxerr=2.07E-04 time=1.403
After sweep 11 energy=-129.06587  maxlinkdim=100 maxerr=1.60E-04 time=1.359
After sweep 12 energy=-129.09792  maxlinkdim=100 maxerr=1.29E-04 time=1.354
After sweep 13 energy=-129.12193  maxlinkdim=100 maxerr=1.31E-04 time=1.410
After sweep 14 energy=-129.13992  maxlinkdim=100 maxerr=1.44E-04 time=1.363
After sweep 15 energy=-129.15591  maxlinkdim=100 maxerr=1.39E-04 time=1.412
After sweep 16 energy=-129.17267  maxlinkdim=100 maxerr=1.35E-04 time=1.364
After sweep 17 energy=-129.19067  maxlinkdim=100 maxerr=1.36E-04 time=1.356
After sweep 18 energy=-129.20631  maxlinkdim=100 maxerr=1.42E-04 time=1.408
After sweep 19 energy=-129.2178  maxlinkdim=100 maxerr=1.45E-04 time=1.365
After sweep 20 energy=-129.22449  maxlinkdim=100 maxerr=1.44E-04 time=1.411
After sweep 21 energy=-129.22847  maxlinkdim=100 maxerr=1.42E-04 time=1.364
After sweep 22 energy=-129.23099  maxlinkdim=100 maxerr=1.42E-04 time=1.360
After sweep 23 energy=-129.23174  maxlinkdim=100 maxerr=1.43E-04 time=1.409
After sweep 24 energy=-129.23239  maxlinkdim=100 maxerr=1.43E-04 time=1.370
After sweep 25 energy=-129.2331  maxlinkdim=100 maxerr=1.44E-04 time=1.417
After sweep 26 energy=-129.23329  maxlinkdim=100 maxerr=1.42E-04 time=1.365
After sweep 27 energy=-129.23367  maxlinkdim=100 maxerr=1.44E-04 time=1.362
After sweep 28 energy=-129.23337  maxlinkdim=100 maxerr=1.44E-04 time=1.412
After sweep 29 energy=-129.23363  maxlinkdim=100 maxerr=1.45E-04 time=1.360
After sweep 30 energy=-129.23383  maxlinkdim=100 maxerr=1.45E-04 time=1.417
Same mu: 1.721156152753051 and continuing
Target density achieved with mu=1.721156152753051, n=0.9374951
Checking {alpha,beta} vs measured
Alpha not converged.
NOT CONVERGED; updating alpha, beta and continuing...
After sweep 1 energy=-118.18471  maxlinkdim=10 maxerr=3.86E-03 time=0.772
After sweep 2 energy=-123.906364  maxlinkdim=20 maxerr=2.71E-03 time=0.735
After sweep 3 energy=-126.59024  maxlinkdim=100 maxerr=4.46E-06 time=1.465
After sweep 4 energy=-127.38829  maxlinkdim=100 maxerr=1.12E-05 time=1.464
After sweep 5 energy=-127.94834  maxlinkdim=100 maxerr=2.90E-05 time=1.423
After sweep 6 energy=-128.33661  maxlinkdim=100 maxerr=1.50E-04 time=1.381
After sweep 7 energy=-128.60576  maxlinkdim=100 maxerr=1.83E-04 time=1.419
After sweep 8 energy=-128.8517  maxlinkdim=100 maxerr=2.34E-04 time=1.381
After sweep 9 energy=-129.0474  maxlinkdim=100 maxerr=2.78E-04 time=1.381
After sweep 10 energy=-129.14981  maxlinkdim=100 maxerr=1.68E-04 time=1.426
After sweep 11 energy=-129.20055  maxlinkdim=100 maxerr=1.50E-04 time=1.372
After sweep 12 energy=-129.22559  maxlinkdim=100 maxerr=1.33E-04 time=1.427
After sweep 13 energy=-129.2415  maxlinkdim=100 maxerr=1.27E-04 time=1.373
After sweep 14 energy=-129.25586  maxlinkdim=100 maxerr=1.41E-04 time=1.425
After sweep 15 energy=-129.27159  maxlinkdim=100 maxerr=1.45E-04 time=1.386
After sweep 16 energy=-129.29027  maxlinkdim=100 maxerr=1.41E-04 time=1.436
After sweep 17 energy=-129.30649  maxlinkdim=100 maxerr=1.38E-04 time=1.380
After sweep 18 energy=-129.31807  maxlinkdim=100 maxerr=1.38E-04 time=1.429
After sweep 19 energy=-129.32556  maxlinkdim=100 maxerr=1.37E-04 time=1.379
After sweep 20 energy=-129.3288  maxlinkdim=100 maxerr=1.37E-04 time=1.375
After sweep 21 energy=-129.33127  maxlinkdim=100 maxerr=1.37E-04 time=1.432
After sweep 22 energy=-129.33194  maxlinkdim=100 maxerr=1.35E-04 time=1.373
After sweep 23 energy=-129.33296  maxlinkdim=100 maxerr=1.33E-04 time=1.430
After sweep 24 energy=-129.33284  maxlinkdim=100 maxerr=1.34E-04 time=1.385
After sweep 25 energy=-129.33351  maxlinkdim=100 maxerr=1.34E-04 time=1.424
After sweep 26 energy=-129.333  maxlinkdim=100 maxerr=1.35E-04 time=1.379
After sweep 27 energy=-129.33313  maxlinkdim=100 maxerr=1.35E-04 time=1.427
After sweep 28 energy=-129.33347  maxlinkdim=100 maxerr=1.36E-04 time=1.380
After sweep 29 energy=-129.3339  maxlinkdim=100 maxerr=1.38E-04 time=1.373
After sweep 30 energy=-129.33357  maxlinkdim=100 maxerr=1.38E-04 time=1.426
Same mu: 1.721156152753051 and continuing
Target density achieved with mu=1.721156152753051, n=0.9374992
Checking {alpha,beta} vs measured
Alpha not converged.
NOT CONVERGED; updating alpha, beta and continuing...
After sweep 1 energy=-118.29412  maxlinkdim=10 maxerr=3.56E-03 time=0.664
After sweep 2 energy=-123.91529  maxlinkdim=20 maxerr=2.60E-03 time=0.873
After sweep 3 energy=-126.58443  maxlinkdim=100 maxerr=5.31E-06 time=1.356
After sweep 4 energy=-127.43498  maxlinkdim=100 maxerr=1.40E-05 time=1.466
After sweep 5 energy=-127.967964  maxlinkdim=100 maxerr=5.71E-05 time=1.419
After sweep 6 energy=-128.31638  maxlinkdim=100 maxerr=1.16E-04 time=1.377
After sweep 7 energy=-128.57248  maxlinkdim=100 maxerr=2.48E-04 time=1.420
After sweep 8 energy=-128.85875  maxlinkdim=100 maxerr=2.19E-04 time=1.379
After sweep 9 energy=-129.08353  maxlinkdim=100 maxerr=2.52E-04 time=1.424
After sweep 10 energy=-129.17142  maxlinkdim=100 maxerr=1.40E-04 time=1.384
After sweep 11 energy=-129.21504  maxlinkdim=100 maxerr=1.03E-04 time=1.376
After sweep 12 energy=-129.24628  maxlinkdim=100 maxerr=1.10E-04 time=1.433
After sweep 13 energy=-129.26811  maxlinkdim=100 maxerr=1.23E-04 time=1.374
After sweep 14 energy=-129.2849  maxlinkdim=100 maxerr=1.25E-04 time=1.428
After sweep 15 energy=-129.29985  maxlinkdim=100 maxerr=1.32E-04 time=1.377
After sweep 16 energy=-129.3175  maxlinkdim=100 maxerr=1.35E-04 time=1.430
After sweep 17 energy=-129.33563  maxlinkdim=100 maxerr=1.32E-04 time=1.378
After sweep 18 energy=-129.35017  maxlinkdim=100 maxerr=1.33E-04 time=1.424
After sweep 19 energy=-129.35944  maxlinkdim=100 maxerr=1.38E-04 time=1.382
After sweep 20 energy=-129.36525  maxlinkdim=100 maxerr=1.38E-04 time=1.424
After sweep 21 energy=-129.36745  maxlinkdim=100 maxerr=1.36E-04 time=1.390
After sweep 22 energy=-129.36913  maxlinkdim=100 maxerr=1.34E-04 time=1.422
After sweep 23 energy=-129.36954  maxlinkdim=100 maxerr=1.34E-04 time=1.378
After sweep 24 energy=-129.3701  maxlinkdim=100 maxerr=1.34E-04 time=1.375
After sweep 25 energy=-129.3704  maxlinkdim=100 maxerr=1.35E-04 time=1.427
After sweep 26 energy=-129.37096  maxlinkdim=100 maxerr=1.35E-04 time=1.378
After sweep 27 energy=-129.3709  maxlinkdim=100 maxerr=1.35E-04 time=1.430
After sweep 28 energy=-129.37088  maxlinkdim=100 maxerr=1.35E-04 time=1.376
After sweep 29 energy=-129.37088  maxlinkdim=100 maxerr=1.35E-04 time=1.424
After sweep 30 energy=-129.37079  maxlinkdim=100 maxerr=1.35E-04 time=1.378
Same mu: 1.721156152753051 and continuing
Target density achieved with mu=1.721156152753051, n=0.9374976
Checking {alpha,beta} vs measured
Beta not converged.
NOT CONVERGED; updating alpha, beta and continuing...
After sweep 1 energy=-118.325264  maxlinkdim=10 maxerr=3.91E-03 time=0.692
After sweep 2 energy=-124.14869  maxlinkdim=20 maxerr=2.61E-03 time=0.737
After sweep 3 energy=-126.88993  maxlinkdim=100 maxerr=4.46E-06 time=1.455
After sweep 4 energy=-127.66828  maxlinkdim=100 maxerr=3.44E-05 time=1.509
After sweep 5 energy=-128.1093  maxlinkdim=100 maxerr=7.84E-05 time=1.389
After sweep 6 energy=-128.43054  maxlinkdim=100 maxerr=2.42E-04 time=1.419
After sweep 7 energy=-128.72514  maxlinkdim=100 maxerr=2.54E-04 time=1.376
After sweep 8 energy=-128.98773  maxlinkdim=100 maxerr=2.26E-04 time=1.422
After sweep 9 energy=-129.17705  maxlinkdim=100 maxerr=2.51E-04 time=1.378
After sweep 10 energy=-129.2669  maxlinkdim=100 maxerr=2.05E-04 time=1.425
After sweep 11 energy=-129.30473  maxlinkdim=100 maxerr=1.56E-04 time=1.376
After sweep 12 energy=-129.32999  maxlinkdim=100 maxerr=1.45E-04 time=1.383
After sweep 13 energy=-129.35031  maxlinkdim=100 maxerr=1.37E-04 time=1.431
After sweep 14 energy=-129.36456  maxlinkdim=100 maxerr=1.40E-04 time=1.384
After sweep 15 energy=-129.37325  maxlinkdim=100 maxerr=1.38E-04 time=1.429
After sweep 16 energy=-129.37715  maxlinkdim=100 maxerr=1.35E-04 time=1.376
After sweep 17 energy=-129.3799  maxlinkdim=100 maxerr=1.34E-04 time=1.428
After sweep 18 energy=-129.38087  maxlinkdim=100 maxerr=1.34E-04 time=1.372
After sweep 19 energy=-129.38191  maxlinkdim=100 maxerr=1.34E-04 time=1.423
After sweep 20 energy=-129.38257  maxlinkdim=100 maxerr=1.36E-04 time=1.373
After sweep 21 energy=-129.38225  maxlinkdim=100 maxerr=1.36E-04 time=1.429
After sweep 22 energy=-129.38228  maxlinkdim=100 maxerr=1.37E-04 time=1.374
After sweep 23 energy=-129.38258  maxlinkdim=100 maxerr=1.37E-04 time=1.434
After sweep 24 energy=-129.3825  maxlinkdim=100 maxerr=1.37E-04 time=1.375
After sweep 25 energy=-129.38249  maxlinkdim=100 maxerr=1.37E-04 time=1.429
After sweep 26 energy=-129.38202  maxlinkdim=100 maxerr=1.37E-04 time=1.369
After sweep 27 energy=-129.38268  maxlinkdim=100 maxerr=1.37E-04 time=1.429
After sweep 28 energy=-129.38268  maxlinkdim=100 maxerr=1.37E-04 time=1.381
After sweep 29 energy=-129.38264  maxlinkdim=100 maxerr=1.37E-04 time=1.426
After sweep 30 energy=-129.38211  maxlinkdim=100 maxerr=1.36E-04 time=1.375
Same mu: 1.721156152753051 and continuing
Target density achieved with mu=1.721156152753051, n=0.93749595
Checking {alpha,beta} vs measured
Beta not converged.
NOT CONVERGED; updating alpha, beta and continuing...
After sweep 1 energy=-118.13746  maxlinkdim=10 maxerr=3.90E-03 time=0.708
After sweep 2 energy=-124.1524  maxlinkdim=20 maxerr=2.56E-03 time=0.737
After sweep 3 energy=-126.89481  maxlinkdim=100 maxerr=4.49E-06 time=1.472
After sweep 4 energy=-127.60651  maxlinkdim=100 maxerr=9.21E-06 time=1.467
After sweep 5 energy=-128.07164  maxlinkdim=100 maxerr=3.86E-05 time=1.420
After sweep 6 energy=-128.41199  maxlinkdim=100 maxerr=1.53E-04 time=1.370
After sweep 7 energy=-128.69101  maxlinkdim=100 maxerr=2.15E-04 time=1.437
After sweep 8 energy=-128.9221  maxlinkdim=100 maxerr=2.09E-04 time=1.377
After sweep 9 energy=-129.07185  maxlinkdim=100 maxerr=1.81E-04 time=1.432
After sweep 10 energy=-129.17006  maxlinkdim=100 maxerr=2.59E-04 time=1.379
After sweep 11 energy=-129.24557  maxlinkdim=100 maxerr=2.50E-04 time=1.428
After sweep 12 energy=-129.27829  maxlinkdim=100 maxerr=1.88E-04 time=1.376
After sweep 13 energy=-129.29265  maxlinkdim=100 maxerr=1.46E-04 time=1.429
After sweep 14 energy=-129.30367  maxlinkdim=100 maxerr=1.40E-04 time=1.375
After sweep 15 energy=-129.31651  maxlinkdim=100 maxerr=1.39E-04 time=1.433
After sweep 16 energy=-129.33301  maxlinkdim=100 maxerr=1.36E-04 time=1.382
After sweep 17 energy=-129.35109  maxlinkdim=100 maxerr=1.34E-04 time=1.426
After sweep 18 energy=-129.36623  maxlinkdim=100 maxerr=1.35E-04 time=1.375
After sweep 19 energy=-129.37619  maxlinkdim=100 maxerr=1.35E-04 time=1.430
After sweep 20 energy=-129.3807  maxlinkdim=100 maxerr=1.35E-04 time=1.373
After sweep 21 energy=-129.38367  maxlinkdim=100 maxerr=1.33E-04 time=1.432
After sweep 22 energy=-129.3849  maxlinkdim=100 maxerr=1.33E-04 time=1.381
After sweep 23 energy=-129.38535  maxlinkdim=100 maxerr=1.33E-04 time=1.427
After sweep 24 energy=-129.38583  maxlinkdim=100 maxerr=1.31E-04 time=1.386
After sweep 25 energy=-129.38611  maxlinkdim=100 maxerr=1.31E-04 time=1.433
After sweep 26 energy=-129.38603  maxlinkdim=100 maxerr=1.34E-04 time=1.379
After sweep 27 energy=-129.38602  maxlinkdim=100 maxerr=1.34E-04 time=1.428
After sweep 28 energy=-129.38625  maxlinkdim=100 maxerr=1.35E-04 time=1.373
After sweep 29 energy=-129.38634  maxlinkdim=100 maxerr=1.35E-04 time=1.433
After sweep 30 energy=-129.38663  maxlinkdim=100 maxerr=1.35E-04 time=1.378
Same mu: 1.721156152753051 and continuing
Target density achieved with mu=1.721156152753051, n=0.9374997
Checking {alpha,beta} vs measured
Beta not converged.
NOT CONVERGED; updating alpha, beta and continuing...
After sweep 1 energy=-118.23311  maxlinkdim=10 maxerr=4.72E-03 time=0.716
After sweep 2 energy=-123.723175  maxlinkdim=20 maxerr=2.43E-03 time=0.731
After sweep 3 energy=-126.45308  maxlinkdim=100 maxerr=4.05E-06 time=1.449
After sweep 4 energy=-127.38302  maxlinkdim=100 maxerr=2.62E-05 time=1.460
After sweep 5 energy=-128.00357  maxlinkdim=100 maxerr=5.02E-05 time=1.423
After sweep 6 energy=-128.36845  maxlinkdim=100 maxerr=7.85E-05 time=1.370
After sweep 7 energy=-128.63412  maxlinkdim=100 maxerr=1.55E-04 time=1.423
After sweep 8 energy=-128.87413  maxlinkdim=100 maxerr=1.80E-04 time=1.382
After sweep 9 energy=-129.04408  maxlinkdim=100 maxerr=1.74E-04 time=1.437
After sweep 10 energy=-129.166  maxlinkdim=100 maxerr=1.97E-04 time=1.375
After sweep 11 energy=-129.24089  maxlinkdim=100 maxerr=1.47E-04 time=1.426
After sweep 12 energy=-129.27176  maxlinkdim=100 maxerr=1.44E-04 time=1.371
After sweep 13 energy=-129.28381  maxlinkdim=100 maxerr=1.34E-04 time=1.427
After sweep 14 energy=-129.28934  maxlinkdim=100 maxerr=1.32E-04 time=1.425
After sweep 15 energy=-129.29198  maxlinkdim=100 maxerr=1.31E-04 time=1.375
After sweep 16 energy=-129.29446  maxlinkdim=100 maxerr=1.32E-04 time=1.423
After sweep 17 energy=-129.29752  maxlinkdim=100 maxerr=1.31E-04 time=1.383
After sweep 18 energy=-129.30226  maxlinkdim=100 maxerr=1.31E-04 time=1.427
After sweep 19 energy=-129.31024  maxlinkdim=100 maxerr=1.31E-04 time=1.383
After sweep 20 energy=-129.32323  maxlinkdim=100 maxerr=1.31E-04 time=1.420
After sweep 21 energy=-129.34003  maxlinkdim=100 maxerr=1.32E-04 time=1.379
After sweep 22 energy=-129.35742  maxlinkdim=100 maxerr=1.31E-04 time=1.424
After sweep 23 energy=-129.37036  maxlinkdim=100 maxerr=1.31E-04 time=1.384
After sweep 24 energy=-129.37833  maxlinkdim=100 maxerr=1.35E-04 time=1.424
After sweep 25 energy=-129.38293  maxlinkdim=100 maxerr=1.35E-04 time=1.376
After sweep 26 energy=-129.38489  maxlinkdim=100 maxerr=1.34E-04 time=1.434
After sweep 27 energy=-129.38544  maxlinkdim=100 maxerr=1.35E-04 time=1.382
After sweep 28 energy=-129.38646  maxlinkdim=100 maxerr=1.36E-04 time=1.424
After sweep 29 energy=-129.38644  maxlinkdim=100 maxerr=1.36E-04 time=1.374
After sweep 30 energy=-129.38692  maxlinkdim=100 maxerr=1.36E-04 time=1.421
Same mu: 1.721156152753051 and continuing
Target density achieved with mu=1.721156152753051, n=0.9375012
Checking {alpha,beta} vs measured
Alpha not converged.
NOT CONVERGED; updating alpha, beta and continuing...
After sweep 1 energy=-118.206116  maxlinkdim=10 maxerr=5.07E-03 time=0.690
After sweep 2 energy=-124.18708  maxlinkdim=20 maxerr=2.84E-03 time=0.770
After sweep 3 energy=-126.895706  maxlinkdim=100 maxerr=4.21E-06 time=1.477
After sweep 4 energy=-127.590645  maxlinkdim=100 maxerr=1.86E-05 time=1.464
After sweep 5 energy=-128.04689  maxlinkdim=100 maxerr=3.57E-05 time=1.422
After sweep 6 energy=-128.36568  maxlinkdim=100 maxerr=1.21E-04 time=1.377
After sweep 7 energy=-128.6296  maxlinkdim=100 maxerr=1.67E-04 time=1.432
After sweep 8 energy=-128.86618  maxlinkdim=100 maxerr=2.06E-04 time=1.384
After sweep 9 energy=-129.07936  maxlinkdim=100 maxerr=2.92E-04 time=1.442
After sweep 10 energy=-129.1978  maxlinkdim=100 maxerr=1.92E-04 time=1.438
After sweep 11 energy=-129.25697  maxlinkdim=100 maxerr=1.45E-04 time=1.390
After sweep 12 energy=-129.29247  maxlinkdim=100 maxerr=1.52E-04 time=1.432
After sweep 13 energy=-129.3186  maxlinkdim=100 maxerr=1.42E-04 time=1.389
After sweep 14 energy=-129.34196  maxlinkdim=100 maxerr=1.36E-04 time=1.433
After sweep 15 energy=-129.35988  maxlinkdim=100 maxerr=1.33E-04 time=1.388
After sweep 16 energy=-129.37221  maxlinkdim=100 maxerr=1.32E-04 time=1.435
After sweep 17 energy=-129.37975  maxlinkdim=100 maxerr=1.34E-04 time=1.387
After sweep 18 energy=-129.3829  maxlinkdim=100 maxerr=1.35E-04 time=1.435
After sweep 19 energy=-129.38538  maxlinkdim=100 maxerr=1.33E-04 time=1.388
After sweep 20 energy=-129.38667  maxlinkdim=100 maxerr=1.32E-04 time=1.439
After sweep 21 energy=-129.387  maxlinkdim=100 maxerr=1.34E-04 time=1.386
After sweep 22 energy=-129.3873  maxlinkdim=100 maxerr=1.34E-04 time=1.438
After sweep 23 energy=-129.3871  maxlinkdim=100 maxerr=1.34E-04 time=1.433
After sweep 24 energy=-129.38736  maxlinkdim=100 maxerr=1.34E-04 time=1.389
After sweep 25 energy=-129.38771  maxlinkdim=100 maxerr=1.34E-04 time=1.436
After sweep 26 energy=-129.38782  maxlinkdim=100 maxerr=1.34E-04 time=1.390
After sweep 27 energy=-129.38744  maxlinkdim=100 maxerr=1.34E-04 time=1.427
After sweep 28 energy=-129.38757  maxlinkdim=100 maxerr=1.35E-04 time=1.392
After sweep 29 energy=-129.387  maxlinkdim=100 maxerr=1.34E-04 time=1.435
After sweep 30 energy=-129.3878  maxlinkdim=100 maxerr=1.35E-04 time=1.383
Same mu: 1.721156152753051 and continuing
Target density achieved with mu=1.721156152753051, n=0.9374973
Checking {alpha,beta} vs measured
Alpha not converged.
NOT CONVERGED; updating alpha, beta and continuing...
After sweep 1 energy=-118.58198  maxlinkdim=10 maxerr=4.02E-03 time=0.647
After sweep 2 energy=-124.196014  maxlinkdim=20 maxerr=2.48E-03 time=0.796
After sweep 3 energy=-126.948586  maxlinkdim=100 maxerr=4.78E-06 time=1.394
After sweep 4 energy=-127.70471  maxlinkdim=100 maxerr=1.01E-05 time=1.457
After sweep 5 energy=-128.15443  maxlinkdim=100 maxerr=5.49E-05 time=1.410
After sweep 6 energy=-128.46628  maxlinkdim=100 maxerr=1.26E-04 time=1.370
After sweep 7 energy=-128.72205  maxlinkdim=100 maxerr=1.98E-04 time=1.414
After sweep 8 energy=-128.98357  maxlinkdim=100 maxerr=2.45E-04 time=1.374
After sweep 9 energy=-129.15048  maxlinkdim=100 maxerr=1.43E-04 time=1.368
After sweep 10 energy=-129.22931  maxlinkdim=100 maxerr=1.38E-04 time=1.425
After sweep 11 energy=-129.2725  maxlinkdim=100 maxerr=1.55E-04 time=1.380
After sweep 12 energy=-129.29507  maxlinkdim=100 maxerr=1.33E-04 time=1.432
After sweep 13 energy=-129.31177  maxlinkdim=100 maxerr=1.34E-04 time=1.380
After sweep 14 energy=-129.33028  maxlinkdim=100 maxerr=1.33E-04 time=1.417
After sweep 15 energy=-129.34888  maxlinkdim=100 maxerr=1.32E-04 time=1.379
After sweep 16 energy=-129.36536  maxlinkdim=100 maxerr=1.32E-04 time=1.374
After sweep 17 energy=-129.37573  maxlinkdim=100 maxerr=1.35E-04 time=1.427
After sweep 18 energy=-129.38144  maxlinkdim=100 maxerr=1.30E-04 time=1.378
After sweep 19 energy=-129.3846  maxlinkdim=100 maxerr=1.32E-04 time=1.433
After sweep 20 energy=-129.38591  maxlinkdim=100 maxerr=1.34E-04 time=1.380
After sweep 21 energy=-129.38715  maxlinkdim=100 maxerr=1.34E-04 time=1.435
After sweep 22 energy=-129.38696  maxlinkdim=100 maxerr=1.33E-04 time=1.381
After sweep 23 energy=-129.38724  maxlinkdim=100 maxerr=1.34E-04 time=1.423
After sweep 24 energy=-129.38748  maxlinkdim=100 maxerr=1.33E-04 time=1.385
After sweep 25 energy=-129.38733  maxlinkdim=100 maxerr=1.32E-04 time=1.381
After sweep 26 energy=-129.38731  maxlinkdim=100 maxerr=1.32E-04 time=1.431
After sweep 27 energy=-129.38751  maxlinkdim=100 maxerr=1.32E-04 time=1.377
After sweep 28 energy=-129.38808  maxlinkdim=100 maxerr=1.31E-04 time=1.429
After sweep 29 energy=-129.38728  maxlinkdim=100 maxerr=1.31E-04 time=1.373
After sweep 30 energy=-129.38748  maxlinkdim=100 maxerr=1.31E-04 time=1.441
Same mu: 1.721156152753051 and continuing
Target density achieved with mu=1.721156152753051, n=0.93749726
Checking {alpha,beta} vs measured
Beta not converged.
NOT CONVERGED; updating alpha, beta and continuing...
After sweep 1 energy=-118.357895  maxlinkdim=10 maxerr=4.52E-03 time=0.660
After sweep 2 energy=-124.285484  maxlinkdim=20 maxerr=2.33E-03 time=0.858
After sweep 3 energy=-127.055084  maxlinkdim=100 maxerr=6.13E-06 time=1.338
After sweep 4 energy=-127.84386  maxlinkdim=100 maxerr=3.43E-05 time=1.468
After sweep 5 energy=-128.24661  maxlinkdim=100 maxerr=8.27E-05 time=1.423
After sweep 6 energy=-128.49614  maxlinkdim=100 maxerr=2.04E-04 time=1.377
After sweep 7 energy=-128.68784  maxlinkdim=100 maxerr=2.77E-04 time=1.438
After sweep 8 energy=-128.92255  maxlinkdim=100 maxerr=3.04E-04 time=1.384
After sweep 9 energy=-129.11615  maxlinkdim=100 maxerr=2.65E-04 time=1.375
After sweep 10 energy=-129.21008  maxlinkdim=100 maxerr=1.36E-04 time=1.428
After sweep 11 energy=-129.26427  maxlinkdim=100 maxerr=1.35E-04 time=1.373
After sweep 12 energy=-129.30011  maxlinkdim=100 maxerr=1.39E-04 time=1.434
After sweep 13 energy=-129.32687  maxlinkdim=100 maxerr=1.35E-04 time=1.379
After sweep 14 energy=-129.34915  maxlinkdim=100 maxerr=1.30E-04 time=1.433
After sweep 15 energy=-129.36577  maxlinkdim=100 maxerr=1.31E-04 time=1.383
After sweep 16 energy=-129.3763  maxlinkdim=100 maxerr=1.35E-04 time=1.432
After sweep 17 energy=-129.38153  maxlinkdim=100 maxerr=1.35E-04 time=1.381
After sweep 18 energy=-129.3847  maxlinkdim=100 maxerr=1.34E-04 time=1.425
After sweep 19 energy=-129.38588  maxlinkdim=100 maxerr=1.33E-04 time=1.384
After sweep 20 energy=-129.38689  maxlinkdim=100 maxerr=1.34E-04 time=1.385
After sweep 21 energy=-129.38705  maxlinkdim=100 maxerr=1.34E-04 time=1.433
After sweep 22 energy=-129.3871  maxlinkdim=100 maxerr=1.34E-04 time=1.377
After sweep 23 energy=-129.38744  maxlinkdim=100 maxerr=1.33E-04 time=1.435
After sweep 24 energy=-129.38808  maxlinkdim=100 maxerr=1.32E-04 time=1.378
After sweep 25 energy=-129.38779  maxlinkdim=100 maxerr=1.32E-04 time=1.429
After sweep 26 energy=-129.38785  maxlinkdim=100 maxerr=1.32E-04 time=1.385
After sweep 27 energy=-129.38782  maxlinkdim=100 maxerr=1.32E-04 time=1.429
After sweep 28 energy=-129.38802  maxlinkdim=100 maxerr=1.32E-04 time=1.390
After sweep 29 energy=-129.38757  maxlinkdim=100 maxerr=1.31E-04 time=1.427
After sweep 30 energy=-129.38818  maxlinkdim=100 maxerr=1.31E-04 time=1.384
Same mu: 1.721156152753051 and continuing
Target density achieved with mu=1.721156152753051, n=0.9374984
Checking {alpha,beta} vs measured
Beta not converged.
NOT CONVERGED; updating alpha, beta and continuing...
After sweep 1 energy=-118.43004  maxlinkdim=10 maxerr=3.99E-03 time=0.678
After sweep 2 energy=-124.070076  maxlinkdim=20 maxerr=1.92E-03 time=0.756
After sweep 3 energy=-126.928566  maxlinkdim=100 maxerr=4.94E-06 time=1.418
After sweep 4 energy=-127.62555  maxlinkdim=100 maxerr=7.49E-06 time=1.528
After sweep 5 energy=-128.04614  maxlinkdim=100 maxerr=6.70E-05 time=1.423
After sweep 6 energy=-128.35922  maxlinkdim=100 maxerr=2.71E-04 time=1.401
After sweep 7 energy=-128.5887  maxlinkdim=100 maxerr=2.08E-04 time=1.446
After sweep 8 energy=-128.81151  maxlinkdim=100 maxerr=2.12E-04 time=1.425
After sweep 9 energy=-129.01688  maxlinkdim=100 maxerr=2.47E-04 time=1.405
After sweep 10 energy=-129.11952  maxlinkdim=100 maxerr=1.63E-04 time=1.447
After sweep 11 energy=-129.17178  maxlinkdim=100 maxerr=1.41E-04 time=1.418
After sweep 12 energy=-129.21194  maxlinkdim=100 maxerr=1.44E-04 time=1.448
After sweep 13 energy=-129.26097  maxlinkdim=100 maxerr=1.56E-04 time=1.405
After sweep 14 energy=-129.3127  maxlinkdim=100 maxerr=1.48E-04 time=1.438
After sweep 15 energy=-129.34854  maxlinkdim=100 maxerr=1.35E-04 time=1.382
After sweep 16 energy=-129.36781  maxlinkdim=100 maxerr=1.36E-04 time=1.435
After sweep 17 energy=-129.3775  maxlinkdim=100 maxerr=1.41E-04 time=1.373
After sweep 18 energy=-129.38235  maxlinkdim=100 maxerr=1.40E-04 time=1.430
After sweep 19 energy=-129.38458  maxlinkdim=100 maxerr=1.36E-04 time=1.383
After sweep 20 energy=-129.38591  maxlinkdim=100 maxerr=1.37E-04 time=1.428
After sweep 21 energy=-129.38643  maxlinkdim=100 maxerr=1.36E-04 time=1.387
After sweep 22 energy=-129.38712  maxlinkdim=100 maxerr=1.35E-04 time=1.423
After sweep 23 energy=-129.38756  maxlinkdim=100 maxerr=1.34E-04 time=1.383
After sweep 24 energy=-129.38788  maxlinkdim=100 maxerr=1.34E-04 time=1.422
After sweep 25 energy=-129.38737  maxlinkdim=100 maxerr=1.34E-04 time=1.377
After sweep 26 energy=-129.38759  maxlinkdim=100 maxerr=1.35E-04 time=1.423
After sweep 27 energy=-129.38802  maxlinkdim=100 maxerr=1.34E-04 time=1.375
After sweep 28 energy=-129.3879  maxlinkdim=100 maxerr=1.35E-04 time=1.420
After sweep 29 energy=-129.38742  maxlinkdim=100 maxerr=1.35E-04 time=1.379
After sweep 30 energy=-129.38766  maxlinkdim=100 maxerr=1.35E-04 time=1.373
Same mu: 1.721156152753051 and continuing
Target density achieved with mu=1.721156152753051, n=0.9374965
Checking {alpha,beta} vs measured
Beta not converged.
NOT CONVERGED; updating alpha, beta and continuing...
After sweep 1 energy=-118.20674  maxlinkdim=10 maxerr=4.02E-03 time=0.689
After sweep 2 energy=-124.08413  maxlinkdim=20 maxerr=1.98E-03 time=0.749
After sweep 3 energy=-126.87654  maxlinkdim=100 maxerr=5.58E-06 time=1.436
After sweep 4 energy=-127.54857  maxlinkdim=100 maxerr=1.88E-05 time=1.506
After sweep 5 energy=-128.04146  maxlinkdim=100 maxerr=5.70E-05 time=1.365
After sweep 6 energy=-128.37523  maxlinkdim=100 maxerr=3.20E-04 time=1.421
After sweep 7 energy=-128.61353  maxlinkdim=100 maxerr=2.49E-04 time=1.380
After sweep 8 energy=-128.92522  maxlinkdim=100 maxerr=3.90E-04 time=1.426
After sweep 9 energy=-129.15717  maxlinkdim=100 maxerr=2.51E-04 time=1.371
After sweep 10 energy=-129.24382  maxlinkdim=100 maxerr=2.01E-04 time=1.426
After sweep 11 energy=-129.27371  maxlinkdim=100 maxerr=1.51E-04 time=1.374
After sweep 12 energy=-129.28508  maxlinkdim=100 maxerr=1.31E-04 time=1.428
After sweep 13 energy=-129.28954  maxlinkdim=100 maxerr=1.33E-04 time=1.368
After sweep 14 energy=-129.29143  maxlinkdim=100 maxerr=1.38E-04 time=1.425
After sweep 15 energy=-129.29245  maxlinkdim=100 maxerr=1.34E-04 time=1.370
After sweep 16 energy=-129.29343  maxlinkdim=100 maxerr=1.32E-04 time=1.427
After sweep 17 energy=-129.29338  maxlinkdim=100 maxerr=1.34E-04 time=1.372
After sweep 18 energy=-129.29347  maxlinkdim=100 maxerr=1.34E-04 time=1.424
After sweep 19 energy=-129.29375  maxlinkdim=100 maxerr=1.33E-04 time=1.373
After sweep 20 energy=-129.29335  maxlinkdim=100 maxerr=1.33E-04 time=1.428
After sweep 21 energy=-129.29346  maxlinkdim=100 maxerr=1.33E-04 time=1.376
After sweep 22 energy=-129.29385  maxlinkdim=100 maxerr=1.33E-04 time=1.432
After sweep 23 energy=-129.29422  maxlinkdim=100 maxerr=1.32E-04 time=1.372
After sweep 24 energy=-129.29459  maxlinkdim=100 maxerr=1.32E-04 time=1.438
After sweep 25 energy=-129.29507  maxlinkdim=100 maxerr=1.31E-04 time=1.369
After sweep 26 energy=-129.2967  maxlinkdim=100 maxerr=1.31E-04 time=1.426
After sweep 27 energy=-129.30005  maxlinkdim=100 maxerr=1.31E-04 time=1.376
After sweep 28 energy=-129.30531  maxlinkdim=100 maxerr=1.31E-04 time=1.426
After sweep 29 energy=-129.31427  maxlinkdim=100 maxerr=1.30E-04 time=1.372
After sweep 30 energy=-129.32785  maxlinkdim=100 maxerr=1.30E-04 time=1.428
Not same mu, searching again
After sweep 1 energy=-117.91027  maxlinkdim=10 maxerr=3.85E-03 time=0.706
After sweep 2 energy=-123.71887  maxlinkdim=20 maxerr=1.67E-03 time=0.742
After sweep 3 energy=-126.38309  maxlinkdim=100 maxerr=7.11E-06 time=1.469
After sweep 4 energy=-127.09799  maxlinkdim=100 maxerr=9.41E-06 time=1.465
After sweep 5 energy=-127.55065  maxlinkdim=100 maxerr=4.85E-05 time=1.420
After sweep 6 energy=-127.81988  maxlinkdim=100 maxerr=9.30E-05 time=1.372
After sweep 7 energy=-128.00769  maxlinkdim=100 maxerr=1.64E-04 time=1.425
After sweep 8 energy=-128.1604  maxlinkdim=100 maxerr=1.71E-04 time=1.379
After sweep 9 energy=-128.3232  maxlinkdim=100 maxerr=1.61E-04 time=1.436
After sweep 10 energy=-128.49797  maxlinkdim=100 maxerr=1.99E-04 time=1.377
After sweep 11 energy=-128.62192  maxlinkdim=100 maxerr=1.66E-04 time=1.429
After sweep 12 energy=-128.69699  maxlinkdim=100 maxerr=1.34E-04 time=1.379
After sweep 13 energy=-128.74338  maxlinkdim=100 maxerr=1.33E-04 time=1.434
After sweep 14 energy=-128.76729  maxlinkdim=100 maxerr=1.40E-04 time=1.380
After sweep 15 energy=-128.77817  maxlinkdim=100 maxerr=1.39E-04 time=1.434
After sweep 16 energy=-128.78278  maxlinkdim=100 maxerr=1.36E-04 time=1.386
After sweep 17 energy=-128.78545  maxlinkdim=100 maxerr=1.34E-04 time=1.434
After sweep 18 energy=-128.7862  maxlinkdim=100 maxerr=1.33E-04 time=1.378
After sweep 19 energy=-128.78738  maxlinkdim=100 maxerr=1.34E-04 time=1.430
After sweep 20 energy=-128.78658  maxlinkdim=100 maxerr=1.34E-04 time=1.379
After sweep 21 energy=-128.78757  maxlinkdim=100 maxerr=1.34E-04 time=1.433
After sweep 22 energy=-128.78778  maxlinkdim=100 maxerr=1.34E-04 time=1.423
After sweep 23 energy=-128.78766  maxlinkdim=100 maxerr=1.34E-04 time=1.382
After sweep 24 energy=-128.7879  maxlinkdim=100 maxerr=1.33E-04 time=1.426
After sweep 25 energy=-128.78717  maxlinkdim=100 maxerr=1.34E-04 time=1.380
After sweep 26 energy=-128.78777  maxlinkdim=100 maxerr=1.33E-04 time=1.423
After sweep 27 energy=-128.7882  maxlinkdim=100 maxerr=1.33E-04 time=1.377
After sweep 28 energy=-128.78793  maxlinkdim=100 maxerr=1.33E-04 time=1.426
After sweep 29 energy=-128.78793  maxlinkdim=100 maxerr=1.33E-04 time=1.379
After sweep 30 energy=-128.78818  maxlinkdim=100 maxerr=1.33E-04 time=1.432
n0: 0.9374995; n1: 0.9472644; mu0: 1.711156152753051; mu1: 1.721156152753051
FOUND MU; mu: 1.711156152753051  n: 0.9374995
Target density achieved with mu=1.711156152753051, n=0.9374995
Checking {alpha,beta} vs measured
Beta not converged.
NOT CONVERGED; updating alpha, beta and continuing...
After sweep 1 energy=-117.809105  maxlinkdim=10 maxerr=3.56E-03 time=0.666
After sweep 2 energy=-123.38248  maxlinkdim=20 maxerr=2.70E-03 time=0.849
After sweep 3 energy=-126.12819  maxlinkdim=100 maxerr=4.93E-06 time=1.378
After sweep 4 energy=-126.99245  maxlinkdim=100 maxerr=7.64E-06 time=1.465
After sweep 5 energy=-127.46463  maxlinkdim=100 maxerr=3.48E-05 time=1.430
After sweep 6 energy=-127.76099  maxlinkdim=100 maxerr=1.44E-04 time=1.370
After sweep 7 energy=-127.979805  maxlinkdim=100 maxerr=1.26E-04 time=1.423
After sweep 8 energy=-128.19504  maxlinkdim=100 maxerr=1.61E-04 time=1.377
After sweep 9 energy=-128.39648  maxlinkdim=100 maxerr=1.86E-04 time=1.431
After sweep 10 energy=-128.54524  maxlinkdim=100 maxerr=2.65E-04 time=1.421
After sweep 11 energy=-128.63225  maxlinkdim=100 maxerr=2.06E-04 time=1.376
After sweep 12 energy=-128.67036  maxlinkdim=100 maxerr=1.49E-04 time=1.420
After sweep 13 energy=-128.69525  maxlinkdim=100 maxerr=1.38E-04 time=1.379
After sweep 14 energy=-128.71817  maxlinkdim=100 maxerr=1.35E-04 time=1.429
After sweep 15 energy=-128.7422  maxlinkdim=100 maxerr=1.30E-04 time=1.378
After sweep 16 energy=-128.76349  maxlinkdim=100 maxerr=1.30E-04 time=1.422
After sweep 17 energy=-128.77623  maxlinkdim=100 maxerr=1.38E-04 time=1.381
After sweep 18 energy=-128.78189  maxlinkdim=100 maxerr=1.35E-04 time=1.426
After sweep 19 energy=-128.78484  maxlinkdim=100 maxerr=1.32E-04 time=1.379
After sweep 20 energy=-128.78618  maxlinkdim=100 maxerr=1.33E-04 time=1.423
After sweep 21 energy=-128.78667  maxlinkdim=100 maxerr=1.32E-04 time=1.377
After sweep 22 energy=-128.78728  maxlinkdim=100 maxerr=1.31E-04 time=1.432
After sweep 23 energy=-128.78773  maxlinkdim=100 maxerr=1.30E-04 time=1.380
After sweep 24 energy=-128.78773  maxlinkdim=100 maxerr=1.31E-04 time=1.431
After sweep 25 energy=-128.7877  maxlinkdim=100 maxerr=1.31E-04 time=1.382
After sweep 26 energy=-128.78763  maxlinkdim=100 maxerr=1.31E-04 time=1.428
After sweep 27 energy=-128.78773  maxlinkdim=100 maxerr=1.32E-04 time=1.423
After sweep 28 energy=-128.78745  maxlinkdim=100 maxerr=1.32E-04 time=1.376
After sweep 29 energy=-128.78816  maxlinkdim=100 maxerr=1.32E-04 time=1.418
After sweep 30 energy=-128.78793  maxlinkdim=100 maxerr=1.32E-04 time=1.372
Same mu: 1.711156152753051 and continuing
Target density achieved with mu=1.711156152753051, n=0.93749785
Checking {alpha,beta} vs measured
Beta not converged.
NOT CONVERGED; updating alpha, beta and continuing...
After sweep 1 energy=-117.68773  maxlinkdim=10 maxerr=4.15E-03 time=0.638
After sweep 2 energy=-123.652  maxlinkdim=20 maxerr=2.64E-03 time=0.770
After sweep 3 energy=-126.34886  maxlinkdim=100 maxerr=5.68E-06 time=1.438
After sweep 4 energy=-127.04428  maxlinkdim=100 maxerr=8.31E-06 time=1.496
After sweep 5 energy=-127.49173  maxlinkdim=100 maxerr=3.37E-05 time=1.355
After sweep 6 energy=-127.80287  maxlinkdim=100 maxerr=1.22E-04 time=1.415
After sweep 7 energy=-127.98601  maxlinkdim=100 maxerr=1.93E-04 time=1.361
After sweep 8 energy=-128.168  maxlinkdim=100 maxerr=3.00E-04 time=1.416
After sweep 9 energy=-128.40851  maxlinkdim=100 maxerr=2.20E-04 time=1.371
After sweep 10 energy=-128.54854  maxlinkdim=100 maxerr=2.03E-04 time=1.417
After sweep 11 energy=-128.62161  maxlinkdim=100 maxerr=1.48E-04 time=1.382
After sweep 12 energy=-128.65779  maxlinkdim=100 maxerr=1.52E-04 time=1.377
After sweep 13 energy=-128.67432  maxlinkdim=100 maxerr=1.46E-04 time=1.420
After sweep 14 energy=-128.68294  maxlinkdim=100 maxerr=1.48E-04 time=1.365
After sweep 15 energy=-128.69002  maxlinkdim=100 maxerr=1.45E-04 time=1.426
After sweep 16 energy=-128.69937  maxlinkdim=100 maxerr=1.40E-04 time=1.362
After sweep 17 energy=-128.71597  maxlinkdim=100 maxerr=1.34E-04 time=1.415
After sweep 18 energy=-128.73602  maxlinkdim=100 maxerr=1.35E-04 time=1.372
After sweep 19 energy=-128.75795  maxlinkdim=100 maxerr=1.34E-04 time=1.413
After sweep 20 energy=-128.77277  maxlinkdim=100 maxerr=1.35E-04 time=1.372
After sweep 21 energy=-128.78027  maxlinkdim=100 maxerr=1.34E-04 time=1.369
After sweep 22 energy=-128.78426  maxlinkdim=100 maxerr=1.34E-04 time=1.417
After sweep 23 energy=-128.78618  maxlinkdim=100 maxerr=1.31E-04 time=1.369
After sweep 24 energy=-128.78717  maxlinkdim=100 maxerr=1.32E-04 time=1.428
After sweep 25 energy=-128.78706  maxlinkdim=100 maxerr=1.32E-04 time=1.370
After sweep 26 energy=-128.78732  maxlinkdim=100 maxerr=1.33E-04 time=1.423
After sweep 27 energy=-128.78735  maxlinkdim=100 maxerr=1.33E-04 time=1.379
After sweep 28 energy=-128.78734  maxlinkdim=100 maxerr=1.33E-04 time=1.421
After sweep 29 energy=-128.78783  maxlinkdim=100 maxerr=1.33E-04 time=1.373
After sweep 30 energy=-128.78784  maxlinkdim=100 maxerr=1.33E-04 time=1.416
Same mu: 1.711156152753051 and continuing
Target density achieved with mu=1.711156152753051, n=0.9374977
Checking {alpha,beta} vs measured
Beta not converged.
NOT CONVERGED; updating alpha, beta and continuing...
After sweep 1 energy=-117.8627  maxlinkdim=10 maxerr=3.49E-03 time=0.693
After sweep 2 energy=-123.449684  maxlinkdim=20 maxerr=2.82E-03 time=0.728
After sweep 3 energy=-126.066124  maxlinkdim=100 maxerr=3.52E-06 time=1.453
After sweep 4 energy=-126.84091  maxlinkdim=100 maxerr=1.17E-05 time=1.461
After sweep 5 energy=-127.3392  maxlinkdim=100 maxerr=1.03E-04 time=1.420
After sweep 6 energy=-127.71212  maxlinkdim=100 maxerr=1.80E-04 time=1.377
After sweep 7 energy=-127.97942  maxlinkdim=100 maxerr=1.63E-04 time=1.420
After sweep 8 energy=-128.22005  maxlinkdim=100 maxerr=1.85E-04 time=1.385
After sweep 9 energy=-128.40504  maxlinkdim=100 maxerr=1.69E-04 time=1.426
After sweep 10 energy=-128.53612  maxlinkdim=100 maxerr=2.39E-04 time=1.383
After sweep 11 energy=-128.63179  maxlinkdim=100 maxerr=2.86E-04 time=1.376
After sweep 12 energy=-128.6712  maxlinkdim=100 maxerr=1.73E-04 time=1.426
After sweep 13 energy=-128.69275  maxlinkdim=100 maxerr=1.42E-04 time=1.377
After sweep 14 energy=-128.7148  maxlinkdim=100 maxerr=1.35E-04 time=1.429
After sweep 15 energy=-128.73833  maxlinkdim=100 maxerr=1.35E-04 time=1.375
After sweep 16 energy=-128.75926  maxlinkdim=100 maxerr=1.33E-04 time=1.431
After sweep 17 energy=-128.77371  maxlinkdim=100 maxerr=1.35E-04 time=1.384
After sweep 18 energy=-128.78035  maxlinkdim=100 maxerr=1.39E-04 time=1.422
After sweep 19 energy=-128.7836  maxlinkdim=100 maxerr=1.39E-04 time=1.380
After sweep 20 energy=-128.78523  maxlinkdim=100 maxerr=1.33E-04 time=1.424
After sweep 21 energy=-128.78624  maxlinkdim=100 maxerr=1.33E-04 time=1.387
After sweep 22 energy=-128.78676  maxlinkdim=100 maxerr=1.32E-04 time=1.427
After sweep 23 energy=-128.78719  maxlinkdim=100 maxerr=1.32E-04 time=1.379
After sweep 24 energy=-128.78735  maxlinkdim=100 maxerr=1.32E-04 time=1.382
After sweep 25 energy=-128.78769  maxlinkdim=100 maxerr=1.32E-04 time=1.428
After sweep 26 energy=-128.78777  maxlinkdim=100 maxerr=1.32E-04 time=1.378
After sweep 27 energy=-128.7877  maxlinkdim=100 maxerr=1.31E-04 time=1.429
After sweep 28 energy=-128.78708  maxlinkdim=100 maxerr=1.33E-04 time=1.384
After sweep 29 energy=-128.78732  maxlinkdim=100 maxerr=1.34E-04 time=1.428
After sweep 30 energy=-128.78758  maxlinkdim=100 maxerr=1.34E-04 time=1.381
Same mu: 1.711156152753051 and continuing
Target density achieved with mu=1.711156152753051, n=0.9374987
Checking {alpha,beta} vs measured
Beta not converged.
NOT CONVERGED; updating alpha, beta and continuing...
After sweep 1 energy=-117.47156  maxlinkdim=10 maxerr=2.72E-03 time=0.694
After sweep 2 energy=-123.55273  maxlinkdim=20 maxerr=1.54E-03 time=0.739
After sweep 3 energy=-126.53232  maxlinkdim=100 maxerr=4.58E-06 time=1.453
After sweep 4 energy=-127.23327  maxlinkdim=100 maxerr=9.26E-06 time=1.510
After sweep 5 energy=-127.62484  maxlinkdim=100 maxerr=2.63E-05 time=1.378
After sweep 6 energy=-127.88875  maxlinkdim=100 maxerr=1.34E-04 time=1.419
After sweep 7 energy=-128.1275  maxlinkdim=100 maxerr=1.36E-04 time=1.373
After sweep 8 energy=-128.3524  maxlinkdim=100 maxerr=1.98E-04 time=1.371
After sweep 9 energy=-128.4824  maxlinkdim=100 maxerr=1.88E-04 time=1.429
After sweep 10 energy=-128.56482  maxlinkdim=100 maxerr=2.56E-04 time=1.383
After sweep 11 energy=-128.64676  maxlinkdim=100 maxerr=2.75E-04 time=1.432
After sweep 12 energy=-128.69237  maxlinkdim=100 maxerr=1.58E-04 time=1.391
After sweep 13 energy=-128.72311  maxlinkdim=100 maxerr=1.41E-04 time=1.429
After sweep 14 energy=-128.74931  maxlinkdim=100 maxerr=1.34E-04 time=1.372
After sweep 15 energy=-128.76775  maxlinkdim=100 maxerr=1.31E-04 time=1.426
After sweep 16 energy=-128.77806  maxlinkdim=100 maxerr=1.31E-04 time=1.374
After sweep 17 energy=-128.7832  maxlinkdim=100 maxerr=1.33E-04 time=1.424
After sweep 18 energy=-128.78525  maxlinkdim=100 maxerr=1.33E-04 time=1.378
After sweep 19 energy=-128.78627  maxlinkdim=100 maxerr=1.32E-04 time=1.430
After sweep 20 energy=-128.78673  maxlinkdim=100 maxerr=1.31E-04 time=1.379
After sweep 21 energy=-128.78716  maxlinkdim=100 maxerr=1.32E-04 time=1.420
After sweep 22 energy=-128.7878  maxlinkdim=100 maxerr=1.32E-04 time=1.380
After sweep 23 energy=-128.78755  maxlinkdim=100 maxerr=1.32E-04 time=1.424
After sweep 24 energy=-128.78767  maxlinkdim=100 maxerr=1.32E-04 time=1.379
After sweep 25 energy=-128.78796  maxlinkdim=100 maxerr=1.32E-04 time=1.423
After sweep 26 energy=-128.78758  maxlinkdim=100 maxerr=1.32E-04 time=1.380
After sweep 27 energy=-128.78787  maxlinkdim=100 maxerr=1.32E-04 time=1.421
After sweep 28 energy=-128.78761  maxlinkdim=100 maxerr=1.32E-04 time=1.384
After sweep 29 energy=-128.78813  maxlinkdim=100 maxerr=1.32E-04 time=1.424
After sweep 30 energy=-128.78764  maxlinkdim=100 maxerr=1.31E-04 time=1.379
Same mu: 1.711156152753051 and continuing
Target density achieved with mu=1.711156152753051, n=0.93749726
Checking {alpha,beta} vs measured
Beta not converged.
NOT CONVERGED; updating alpha, beta and continuing...
After sweep 1 energy=-117.61201  maxlinkdim=10 maxerr=3.81E-03 time=0.708
After sweep 2 energy=-123.31191  maxlinkdim=20 maxerr=2.84E-03 time=0.742
After sweep 3 energy=-126.10258  maxlinkdim=100 maxerr=5.27E-06 time=1.460
After sweep 4 energy=-126.93645  maxlinkdim=100 maxerr=1.56E-05 time=1.462
After sweep 5 energy=-127.48502  maxlinkdim=100 maxerr=9.61E-05 time=1.423
After sweep 6 energy=-127.85598  maxlinkdim=100 maxerr=1.28E-04 time=1.374
After sweep 7 energy=-128.1404  maxlinkdim=100 maxerr=2.09E-04 time=1.431
After sweep 8 energy=-128.3499  maxlinkdim=100 maxerr=2.35E-04 time=1.377
After sweep 9 energy=-128.47539  maxlinkdim=100 maxerr=1.86E-04 time=1.424
After sweep 10 energy=-128.57419  maxlinkdim=100 maxerr=1.76E-04 time=1.376
After sweep 11 energy=-128.65594  maxlinkdim=100 maxerr=1.57E-04 time=1.428
After sweep 12 energy=-128.71036  maxlinkdim=100 maxerr=1.58E-04 time=1.375
After sweep 13 energy=-128.74309  maxlinkdim=100 maxerr=1.40E-04 time=1.431
After sweep 14 energy=-128.76405  maxlinkdim=100 maxerr=1.32E-04 time=1.384
After sweep 15 energy=-128.77594  maxlinkdim=100 maxerr=1.33E-04 time=1.426
After sweep 16 energy=-128.7816  maxlinkdim=100 maxerr=1.38E-04 time=1.371
After sweep 17 energy=-128.78413  maxlinkdim=100 maxerr=1.35E-04 time=1.426
After sweep 18 energy=-128.78615  maxlinkdim=100 maxerr=1.33E-04 time=1.373
After sweep 19 energy=-128.7866  maxlinkdim=100 maxerr=1.33E-04 time=1.425
After sweep 20 energy=-128.78716  maxlinkdim=100 maxerr=1.33E-04 time=1.373
After sweep 21 energy=-128.78697  maxlinkdim=100 maxerr=1.33E-04 time=1.427
After sweep 22 energy=-128.78761  maxlinkdim=100 maxerr=1.32E-04 time=1.375
After sweep 23 energy=-128.7879  maxlinkdim=100 maxerr=1.31E-04 time=1.439
After sweep 24 energy=-128.7872  maxlinkdim=100 maxerr=1.32E-04 time=1.380
After sweep 25 energy=-128.78777  maxlinkdim=100 maxerr=1.32E-04 time=1.426
After sweep 26 energy=-128.78781  maxlinkdim=100 maxerr=1.32E-04 time=1.370
After sweep 27 energy=-128.78777  maxlinkdim=100 maxerr=1.32E-04 time=1.427
After sweep 28 energy=-128.78769  maxlinkdim=100 maxerr=1.32E-04 time=1.373
After sweep 29 energy=-128.78792  maxlinkdim=100 maxerr=1.32E-04 time=1.430
After sweep 30 energy=-128.78787  maxlinkdim=100 maxerr=1.33E-04 time=1.381
Same mu: 1.711156152753051 and continuing
Target density achieved with mu=1.711156152753051, n=0.93749666
Checking {alpha,beta} vs measured
Beta not converged.
NOT CONVERGED; updating alpha, beta and continuing...
After sweep 1 energy=-117.773415  maxlinkdim=10 maxerr=4.11E-03 time=0.671
After sweep 2 energy=-123.53846  maxlinkdim=20 maxerr=2.64E-03 time=0.846
After sweep 3 energy=-126.18112  maxlinkdim=100 maxerr=2.90E-06 time=1.375
After sweep 4 energy=-126.94237  maxlinkdim=100 maxerr=7.64E-06 time=1.465
After sweep 5 energy=-127.41294  maxlinkdim=100 maxerr=6.89E-05 time=1.415
After sweep 6 energy=-127.72409  maxlinkdim=100 maxerr=1.75E-04 time=1.372
After sweep 7 energy=-127.93633  maxlinkdim=100 maxerr=1.77E-04 time=1.447
After sweep 8 energy=-128.0958  maxlinkdim=100 maxerr=1.90E-04 time=1.387
After sweep 9 energy=-128.30148  maxlinkdim=100 maxerr=3.40E-04 time=1.438
After sweep 10 energy=-128.46494  maxlinkdim=100 maxerr=2.70E-04 time=1.381
After sweep 11 energy=-128.54623  maxlinkdim=100 maxerr=2.03E-04 time=1.439
After sweep 12 energy=-128.60855  maxlinkdim=100 maxerr=1.82E-04 time=1.387
After sweep 13 energy=-128.69106  maxlinkdim=100 maxerr=1.89E-04 time=1.433
After sweep 14 energy=-128.74405  maxlinkdim=100 maxerr=1.46E-04 time=1.380
After sweep 15 energy=-128.76755  maxlinkdim=100 maxerr=1.35E-04 time=1.435
After sweep 16 energy=-128.77768  maxlinkdim=100 maxerr=1.33E-04 time=1.388
After sweep 17 energy=-128.78236  maxlinkdim=100 maxerr=1.35E-04 time=1.429
After sweep 18 energy=-128.7846  maxlinkdim=100 maxerr=1.34E-04 time=1.379
After sweep 19 energy=-128.78603  maxlinkdim=100 maxerr=1.31E-04 time=1.424
After sweep 20 energy=-128.78654  maxlinkdim=100 maxerr=1.33E-04 time=1.373
After sweep 21 energy=-128.78723  maxlinkdim=100 maxerr=1.33E-04 time=1.428
After sweep 22 energy=-128.78716  maxlinkdim=100 maxerr=1.34E-04 time=1.428
After sweep 23 energy=-128.7874  maxlinkdim=100 maxerr=1.33E-04 time=1.383
After sweep 24 energy=-128.78772  maxlinkdim=100 maxerr=1.32E-04 time=1.422
After sweep 25 energy=-128.78722  maxlinkdim=100 maxerr=1.33E-04 time=1.377
After sweep 26 energy=-128.7877  maxlinkdim=100 maxerr=1.33E-04 time=1.423
After sweep 27 energy=-128.78813  maxlinkdim=100 maxerr=1.33E-04 time=1.377
After sweep 28 energy=-128.78784  maxlinkdim=100 maxerr=1.33E-04 time=1.420
After sweep 29 energy=-128.78801  maxlinkdim=100 maxerr=1.33E-04 time=1.378
After sweep 30 energy=-128.78737  maxlinkdim=100 maxerr=1.33E-04 time=1.423
Same mu: 1.711156152753051 and continuing
Target density achieved with mu=1.711156152753051, n=0.93749434
Checking {alpha,beta} vs measured
Beta not converged.
NOT CONVERGED; updating alpha, beta and continuing...
After sweep 1 energy=-117.71028  maxlinkdim=10 maxerr=4.52E-03 time=0.697
After sweep 2 energy=-123.2867  maxlinkdim=20 maxerr=3.16E-03 time=0.752
After sweep 3 energy=-126.20555  maxlinkdim=100 maxerr=6.04E-06 time=1.441
After sweep 4 energy=-126.958954  maxlinkdim=100 maxerr=3.85E-05 time=1.508
After sweep 5 energy=-127.469765  maxlinkdim=100 maxerr=1.09E-04 time=1.419
After sweep 6 energy=-127.827866  maxlinkdim=100 maxerr=1.69E-04 time=1.377
After sweep 7 energy=-128.1176  maxlinkdim=100 maxerr=2.14E-04 time=1.422
After sweep 8 energy=-128.36307  maxlinkdim=100 maxerr=3.96E-04 time=1.379
After sweep 9 energy=-128.55016  maxlinkdim=100 maxerr=2.78E-04 time=1.431
After sweep 10 energy=-128.63637  maxlinkdim=100 maxerr=2.41E-04 time=1.380
After sweep 11 energy=-128.66566  maxlinkdim=100 maxerr=1.51E-04 time=1.420
After sweep 12 energy=-128.67653  maxlinkdim=100 maxerr=1.42E-04 time=1.372
After sweep 13 energy=-128.68274  maxlinkdim=100 maxerr=1.42E-04 time=1.422
After sweep 14 energy=-128.68808  maxlinkdim=100 maxerr=1.37E-04 time=1.373
After sweep 15 energy=-128.69525  maxlinkdim=100 maxerr=1.34E-04 time=1.425
After sweep 16 energy=-128.70747  maxlinkdim=100 maxerr=1.33E-04 time=1.374
After sweep 17 energy=-128.7254  maxlinkdim=100 maxerr=1.31E-04 time=1.426
After sweep 18 energy=-128.74725  maxlinkdim=100 maxerr=1.30E-04 time=1.376
After sweep 19 energy=-128.76607  maxlinkdim=100 maxerr=1.29E-04 time=1.437
After sweep 20 energy=-128.77702  maxlinkdim=100 maxerr=1.32E-04 time=1.421
After sweep 21 energy=-128.78235  maxlinkdim=100 maxerr=1.28E-04 time=1.381
After sweep 22 energy=-128.7848  maxlinkdim=100 maxerr=1.26E-04 time=1.427
After sweep 23 energy=-128.78603  maxlinkdim=100 maxerr=1.27E-04 time=1.377
After sweep 24 energy=-128.78716  maxlinkdim=100 maxerr=1.30E-04 time=1.420
After sweep 25 energy=-128.78748  maxlinkdim=100 maxerr=1.31E-04 time=1.379
After sweep 26 energy=-128.78731  maxlinkdim=100 maxerr=1.30E-04 time=1.433
After sweep 27 energy=-128.78728  maxlinkdim=100 maxerr=1.32E-04 time=1.386
After sweep 28 energy=-128.78725  maxlinkdim=100 maxerr=1.34E-04 time=1.433
After sweep 29 energy=-128.78772  maxlinkdim=100 maxerr=1.34E-04 time=1.383
After sweep 30 energy=-128.7878  maxlinkdim=100 maxerr=1.33E-04 time=1.425
Same mu: 1.711156152753051 and continuing
Target density achieved with mu=1.711156152753051, n=0.9374978
Checking {alpha,beta} vs measured
Beta not converged.
NOT CONVERGED; updating alpha, beta and continuing...
After sweep 1 energy=-117.89319  maxlinkdim=10 maxerr=4.85E-03 time=0.680
After sweep 2 energy=-123.673294  maxlinkdim=20 maxerr=2.85E-03 time=0.732
After sweep 3 energy=-126.22859  maxlinkdim=100 maxerr=4.40E-06 time=1.451
After sweep 4 energy=-126.97437  maxlinkdim=100 maxerr=6.47E-06 time=1.461
After sweep 5 energy=-127.42349  maxlinkdim=100 maxerr=1.80E-05 time=1.403
After sweep 6 energy=-127.72124  maxlinkdim=100 maxerr=1.18E-04 time=1.369
After sweep 7 energy=-127.95071  maxlinkdim=100 maxerr=1.54E-04 time=1.412
After sweep 8 energy=-128.1691  maxlinkdim=100 maxerr=1.76E-04 time=1.373
After sweep 9 energy=-128.40967  maxlinkdim=100 maxerr=1.68E-04 time=1.372
After sweep 10 energy=-128.56358  maxlinkdim=100 maxerr=1.26E-04 time=1.427
After sweep 11 energy=-128.63734  maxlinkdim=100 maxerr=1.82E-04 time=1.376
After sweep 12 energy=-128.67346  maxlinkdim=100 maxerr=1.80E-04 time=1.428
After sweep 13 energy=-128.6951  maxlinkdim=100 maxerr=1.50E-04 time=1.371
After sweep 14 energy=-128.71567  maxlinkdim=100 maxerr=1.41E-04 time=1.421
After sweep 15 energy=-128.73875  maxlinkdim=100 maxerr=1.32E-04 time=1.377
After sweep 16 energy=-128.75888  maxlinkdim=100 maxerr=1.30E-04 time=1.418
After sweep 17 energy=-128.7736  maxlinkdim=100 maxerr=1.31E-04 time=1.379
After sweep 18 energy=-128.78036  maxlinkdim=100 maxerr=1.33E-04 time=1.369
After sweep 19 energy=-128.78424  maxlinkdim=100 maxerr=1.35E-04 time=1.422
After sweep 20 energy=-128.7857  maxlinkdim=100 maxerr=1.35E-04 time=1.377
After sweep 21 energy=-128.78636  maxlinkdim=100 maxerr=1.33E-04 time=1.425
After sweep 22 energy=-128.78708  maxlinkdim=100 maxerr=1.32E-04 time=1.373
After sweep 23 energy=-128.78679  maxlinkdim=100 maxerr=1.32E-04 time=1.425
After sweep 24 energy=-128.78752  maxlinkdim=100 maxerr=1.34E-04 time=1.379
After sweep 25 energy=-128.78734  maxlinkdim=100 maxerr=1.33E-04 time=1.422
After sweep 26 energy=-128.78764  maxlinkdim=100 maxerr=1.32E-04 time=1.383
After sweep 27 energy=-128.78745  maxlinkdim=100 maxerr=1.32E-04 time=1.421
After sweep 28 energy=-128.78773  maxlinkdim=100 maxerr=1.32E-04 time=1.378
After sweep 29 energy=-128.7875  maxlinkdim=100 maxerr=1.32E-04 time=1.378
After sweep 30 energy=-128.78775  maxlinkdim=100 maxerr=1.32E-04 time=1.424
Same mu: 1.711156152753051 and continuing
Target density achieved with mu=1.711156152753051, n=0.93749714
Checking {alpha,beta} vs measured
Beta not converged.
NOT CONVERGED; updating alpha, beta and continuing...
After sweep 1 energy=-117.63467  maxlinkdim=10 maxerr=3.90E-03 time=0.653
After sweep 2 energy=-123.39486  maxlinkdim=20 maxerr=1.60E-03 time=0.832
After sweep 3 energy=-126.12879  maxlinkdim=100 maxerr=6.53E-06 time=1.363
After sweep 4 energy=-126.86754  maxlinkdim=100 maxerr=1.80E-05 time=1.468
After sweep 5 energy=-127.38022  maxlinkdim=100 maxerr=1.14E-04 time=1.427
After sweep 6 energy=-127.72396  maxlinkdim=100 maxerr=1.79E-04 time=1.377
After sweep 7 energy=-127.98958  maxlinkdim=100 maxerr=1.89E-04 time=1.426
After sweep 8 energy=-128.25452  maxlinkdim=100 maxerr=2.60E-04 time=1.388
After sweep 9 energy=-128.49068  maxlinkdim=100 maxerr=2.80E-04 time=1.428
After sweep 10 energy=-128.62743  maxlinkdim=100 maxerr=1.77E-04 time=1.388
After sweep 11 energy=-128.69788  maxlinkdim=100 maxerr=1.40E-04 time=1.376
After sweep 12 energy=-128.73802  maxlinkdim=100 maxerr=1.31E-04 time=1.429
After sweep 13 energy=-128.7616  maxlinkdim=100 maxerr=1.26E-04 time=1.376
After sweep 14 energy=-128.7745  maxlinkdim=100 maxerr=1.30E-04 time=1.428
After sweep 15 energy=-128.78084  maxlinkdim=100 maxerr=1.29E-04 time=1.375
After sweep 16 energy=-128.78409  maxlinkdim=100 maxerr=1.30E-04 time=1.427
After sweep 17 energy=-128.78506  maxlinkdim=100 maxerr=1.31E-04 time=1.379
After sweep 18 energy=-128.78625  maxlinkdim=100 maxerr=1.32E-04 time=1.421
After sweep 19 energy=-128.7864  maxlinkdim=100 maxerr=1.32E-04 time=1.380
After sweep 20 energy=-128.78755  maxlinkdim=100 maxerr=1.33E-04 time=1.420
After sweep 21 energy=-128.78755  maxlinkdim=100 maxerr=1.33E-04 time=1.379
After sweep 22 energy=-128.78735  maxlinkdim=100 maxerr=1.33E-04 time=1.433
After sweep 23 energy=-128.7877  maxlinkdim=100 maxerr=1.33E-04 time=1.375
After sweep 24 energy=-128.78755  maxlinkdim=100 maxerr=1.33E-04 time=1.373
After sweep 25 energy=-128.788  maxlinkdim=100 maxerr=1.33E-04 time=1.416
After sweep 26 energy=-128.78786  maxlinkdim=100 maxerr=1.33E-04 time=1.370
After sweep 27 energy=-128.78772  maxlinkdim=100 maxerr=1.33E-04 time=1.421
After sweep 28 energy=-128.78789  maxlinkdim=100 maxerr=1.33E-04 time=1.369
After sweep 29 energy=-128.7875  maxlinkdim=100 maxerr=1.33E-04 time=1.430
After sweep 30 energy=-128.78752  maxlinkdim=100 maxerr=1.33E-04 time=1.370
Same mu: 1.711156152753051 and continuing
Target density achieved with mu=1.711156152753051, n=0.937497
Checking {alpha,beta} vs measured
Beta not converged.
NOT CONVERGED; updating alpha, beta and continuing...
After sweep 1 energy=-116.86859  maxlinkdim=10 maxerr=1.97E-03 time=0.717
After sweep 2 energy=-123.24485  maxlinkdim=20 maxerr=1.26E-03 time=0.757
After sweep 3 energy=-126.2601  maxlinkdim=100 maxerr=5.18E-06 time=1.470
After sweep 4 energy=-127.00384  maxlinkdim=100 maxerr=1.09E-05 time=1.486
After sweep 5 energy=-127.437355  maxlinkdim=100 maxerr=3.60E-05 time=1.432
After sweep 6 energy=-127.736786  maxlinkdim=100 maxerr=6.25E-05 time=1.392
After sweep 7 energy=-127.97929  maxlinkdim=100 maxerr=1.53E-04 time=1.427
After sweep 8 energy=-128.26508  maxlinkdim=100 maxerr=2.15E-04 time=1.382
After sweep 9 energy=-128.482  maxlinkdim=100 maxerr=2.49E-04 time=1.427
After sweep 10 energy=-128.62218  maxlinkdim=100 maxerr=2.82E-04 time=1.380
After sweep 11 energy=-128.69409  maxlinkdim=100 maxerr=1.91E-04 time=1.421
After sweep 12 energy=-128.73224  maxlinkdim=100 maxerr=1.43E-04 time=1.385
After sweep 13 energy=-128.7581  maxlinkdim=100 maxerr=1.43E-04 time=1.430
After sweep 14 energy=-128.77342  maxlinkdim=100 maxerr=1.41E-04 time=1.383
After sweep 15 energy=-128.7807  maxlinkdim=100 maxerr=1.39E-04 time=1.428
After sweep 16 energy=-128.78389  maxlinkdim=100 maxerr=1.36E-04 time=1.382
After sweep 17 energy=-128.78606  maxlinkdim=100 maxerr=1.34E-04 time=1.375
After sweep 18 energy=-128.78703  maxlinkdim=100 maxerr=1.35E-04 time=1.430
After sweep 19 energy=-128.78674  maxlinkdim=100 maxerr=1.35E-04 time=1.384
After sweep 20 energy=-128.78748  maxlinkdim=100 maxerr=1.34E-04 time=1.433
After sweep 21 energy=-128.78767  maxlinkdim=100 maxerr=1.34E-04 time=1.377
After sweep 22 energy=-128.7878  maxlinkdim=100 maxerr=1.34E-04 time=1.433
After sweep 23 energy=-128.78795  maxlinkdim=100 maxerr=1.34E-04 time=1.381
After sweep 24 energy=-128.78735  maxlinkdim=100 maxerr=1.34E-04 time=1.436
After sweep 25 energy=-128.78804  maxlinkdim=100 maxerr=1.33E-04 time=1.385
After sweep 26 energy=-128.78735  maxlinkdim=100 maxerr=1.34E-04 time=1.435
After sweep 27 energy=-128.7879  maxlinkdim=100 maxerr=1.33E-04 time=1.372
After sweep 28 energy=-128.7878  maxlinkdim=100 maxerr=1.34E-04 time=1.426
After sweep 29 energy=-128.78723  maxlinkdim=100 maxerr=1.34E-04 time=1.374
After sweep 30 energy=-128.7878  maxlinkdim=100 maxerr=1.34E-04 time=1.427
Same mu: 1.711156152753051 and continuing
Target density achieved with mu=1.711156152753051, n=0.93749726
Checking {alpha,beta} vs measured
Beta not converged.
NOT CONVERGED; updating alpha, beta and continuing...
After sweep 1 energy=-117.61642  maxlinkdim=10 maxerr=3.69E-03 time=0.705
After sweep 2 energy=-123.36519  maxlinkdim=20 maxerr=1.90E-03 time=0.734
After sweep 3 energy=-126.082924  maxlinkdim=100 maxerr=7.71E-06 time=1.451
After sweep 4 energy=-126.81464  maxlinkdim=100 maxerr=1.03E-05 time=1.468
After sweep 5 energy=-127.34984  maxlinkdim=100 maxerr=1.24E-04 time=1.415
After sweep 6 energy=-127.70441  maxlinkdim=100 maxerr=1.84E-04 time=1.370
After sweep 7 energy=-127.94134  maxlinkdim=100 maxerr=2.08E-04 time=1.426
After sweep 8 energy=-128.13495  maxlinkdim=100 maxerr=2.50E-04 time=1.378
After sweep 9 energy=-128.33208  maxlinkdim=100 maxerr=3.73E-04 time=1.429
After sweep 10 energy=-128.48544  maxlinkdim=100 maxerr=2.18E-04 time=1.375
After sweep 11 energy=-128.59348  maxlinkdim=100 maxerr=2.27E-04 time=1.429
After sweep 12 energy=-128.65503  maxlinkdim=100 maxerr=1.92E-04 time=1.377
After sweep 13 energy=-128.68057  maxlinkdim=100 maxerr=1.46E-04 time=1.420
After sweep 14 energy=-128.70024  maxlinkdim=100 maxerr=1.40E-04 time=1.378
After sweep 15 energy=-128.7213  maxlinkdim=100 maxerr=1.34E-04 time=1.417
After sweep 16 energy=-128.74445  maxlinkdim=100 maxerr=1.39E-04 time=1.380
After sweep 17 energy=-128.76454  maxlinkdim=100 maxerr=1.38E-04 time=1.420
After sweep 18 energy=-128.77676  maxlinkdim=100 maxerr=1.36E-04 time=1.392
After sweep 19 energy=-128.78185  maxlinkdim=100 maxerr=1.34E-04 time=1.420
After sweep 20 energy=-128.78494  maxlinkdim=100 maxerr=1.32E-04 time=1.379
After sweep 21 energy=-128.78601  maxlinkdim=100 maxerr=1.33E-04 time=1.424
After sweep 22 energy=-128.78668  maxlinkdim=100 maxerr=1.34E-04 time=1.373
After sweep 23 energy=-128.787  maxlinkdim=100 maxerr=1.34E-04 time=1.415
After sweep 24 energy=-128.78745  maxlinkdim=100 maxerr=1.33E-04 time=1.382
After sweep 25 energy=-128.78694  maxlinkdim=100 maxerr=1.34E-04 time=1.424
After sweep 26 energy=-128.78752  maxlinkdim=100 maxerr=1.36E-04 time=1.380
After sweep 27 energy=-128.78764  maxlinkdim=100 maxerr=1.31E-04 time=1.423
After sweep 28 energy=-128.78726  maxlinkdim=100 maxerr=1.31E-04 time=1.375
After sweep 29 energy=-128.78728  maxlinkdim=100 maxerr=1.32E-04 time=1.414
After sweep 30 energy=-128.78784  maxlinkdim=100 maxerr=1.32E-04 time=1.380
Same mu: 1.711156152753051 and continuing
Target density achieved with mu=1.711156152753051, n=0.93749666
Checking {alpha,beta} vs measured
Beta not converged.
NOT CONVERGED; updating alpha, beta and continuing...
After sweep 1 energy=-117.485596  maxlinkdim=10 maxerr=3.13E-03 time=0.684
After sweep 2 energy=-123.53  maxlinkdim=20 maxerr=2.57E-03 time=0.757
After sweep 3 energy=-126.22697  maxlinkdim=100 maxerr=4.02E-06 time=1.431
After sweep 4 energy=-126.96429  maxlinkdim=100 maxerr=9.23E-06 time=1.520
After sweep 5 energy=-127.47748  maxlinkdim=100 maxerr=1.18E-04 time=1.416
After sweep 6 energy=-127.74118  maxlinkdim=100 maxerr=8.66E-05 time=1.373
After sweep 7 energy=-127.959335  maxlinkdim=100 maxerr=1.34E-04 time=1.421
After sweep 8 energy=-128.16315  maxlinkdim=100 maxerr=2.37E-04 time=1.384
After sweep 9 energy=-128.39229  maxlinkdim=100 maxerr=3.44E-04 time=1.430
After sweep 10 energy=-128.5514  maxlinkdim=100 maxerr=1.82E-04 time=1.379
After sweep 11 energy=-128.63626  maxlinkdim=100 maxerr=1.66E-04 time=1.417
After sweep 12 energy=-128.6808  maxlinkdim=100 maxerr=1.64E-04 time=1.379
After sweep 13 energy=-128.71284  maxlinkdim=100 maxerr=1.43E-04 time=1.425
After sweep 14 energy=-128.74017  maxlinkdim=100 maxerr=1.34E-04 time=1.383
After sweep 15 energy=-128.76068  maxlinkdim=100 maxerr=1.30E-04 time=1.424
After sweep 16 energy=-128.77406  maxlinkdim=100 maxerr=1.37E-04 time=1.381
After sweep 17 energy=-128.78067  maxlinkdim=100 maxerr=1.35E-04 time=1.419
After sweep 18 energy=-128.78357  maxlinkdim=100 maxerr=1.32E-04 time=1.377
After sweep 19 energy=-128.78583  maxlinkdim=100 maxerr=1.34E-04 time=1.422
After sweep 20 energy=-128.78639  maxlinkdim=100 maxerr=1.35E-04 time=1.381
After sweep 21 energy=-128.78693  maxlinkdim=100 maxerr=1.33E-04 time=1.424
After sweep 22 energy=-128.78716  maxlinkdim=100 maxerr=1.33E-04 time=1.375
After sweep 23 energy=-128.78708  maxlinkdim=100 maxerr=1.33E-04 time=1.428
After sweep 24 energy=-128.78749  maxlinkdim=100 maxerr=1.33E-04 time=1.370
After sweep 25 energy=-128.78778  maxlinkdim=100 maxerr=1.33E-04 time=1.422
After sweep 26 energy=-128.78778  maxlinkdim=100 maxerr=1.34E-04 time=1.371
After sweep 27 energy=-128.78789  maxlinkdim=100 maxerr=1.33E-04 time=1.423
After sweep 28 energy=-128.78784  maxlinkdim=100 maxerr=1.34E-04 time=1.370
After sweep 29 energy=-128.78767  maxlinkdim=100 maxerr=1.34E-04 time=1.430
After sweep 30 energy=-128.78787  maxlinkdim=100 maxerr=1.33E-04 time=1.372
Same mu: 1.711156152753051 and continuing
Target density achieved with mu=1.711156152753051, n=0.9374969
Checking {alpha,beta} vs measured
Beta not converged.
NOT CONVERGED; updating alpha, beta and continuing...
After sweep 1 energy=-117.79401  maxlinkdim=10 maxerr=3.76E-03 time=0.680
After sweep 2 energy=-123.2482  maxlinkdim=20 maxerr=2.10E-03 time=0.869
After sweep 3 energy=-126.16001  maxlinkdim=100 maxerr=5.68E-06 time=1.346
After sweep 4 energy=-126.91558  maxlinkdim=100 maxerr=1.08E-05 time=1.457
After sweep 5 energy=-127.41328  maxlinkdim=100 maxerr=4.91E-05 time=1.414
After sweep 6 energy=-127.75197  maxlinkdim=100 maxerr=3.87E-04 time=1.371
After sweep 7 energy=-127.99969  maxlinkdim=100 maxerr=2.88E-04 time=1.425
After sweep 8 energy=-128.25998  maxlinkdim=100 maxerr=4.65E-04 time=1.383
After sweep 9 energy=-128.4793  maxlinkdim=100 maxerr=2.91E-04 time=1.431
After sweep 10 energy=-128.59132  maxlinkdim=100 maxerr=2.03E-04 time=1.420
After sweep 11 energy=-128.65686  maxlinkdim=100 maxerr=1.56E-04 time=1.380
After sweep 12 energy=-128.69328  maxlinkdim=100 maxerr=1.47E-04 time=1.419
After sweep 13 energy=-128.72112  maxlinkdim=100 maxerr=1.35E-04 time=1.374
After sweep 14 energy=-128.74664  maxlinkdim=100 maxerr=1.36E-04 time=1.424
After sweep 15 energy=-128.76665  maxlinkdim=100 maxerr=1.35E-04 time=1.375
After sweep 16 energy=-128.77841  maxlinkdim=100 maxerr=1.34E-04 time=1.416
After sweep 17 energy=-128.78337  maxlinkdim=100 maxerr=1.42E-04 time=1.382
After sweep 18 energy=-128.78535  maxlinkdim=100 maxerr=1.39E-04 time=1.421
After sweep 19 energy=-128.7864  maxlinkdim=100 maxerr=1.35E-04 time=1.373
After sweep 20 energy=-128.7872  maxlinkdim=100 maxerr=1.34E-04 time=1.427
After sweep 21 energy=-128.78769  maxlinkdim=100 maxerr=1.33E-04 time=1.381
After sweep 22 energy=-128.78763  maxlinkdim=100 maxerr=1.33E-04 time=1.423
After sweep 23 energy=-128.78746  maxlinkdim=100 maxerr=1.33E-04 time=1.373
After sweep 24 energy=-128.7877  maxlinkdim=100 maxerr=1.32E-04 time=1.425
After sweep 25 energy=-128.78732  maxlinkdim=100 maxerr=1.32E-04 time=1.419
After sweep 26 energy=-128.78781  maxlinkdim=100 maxerr=1.32E-04 time=1.379
After sweep 27 energy=-128.78766  maxlinkdim=100 maxerr=1.32E-04 time=1.418
After sweep 28 energy=-128.7878  maxlinkdim=100 maxerr=1.31E-04 time=1.379
After sweep 29 energy=-128.78784  maxlinkdim=100 maxerr=1.31E-04 time=1.424
After sweep 30 energy=-128.78781  maxlinkdim=100 maxerr=1.31E-04 time=1.382
Same mu: 1.711156152753051 and continuing
Target density achieved with mu=1.711156152753051, n=0.93749857
Checking {alpha,beta} vs measured
Beta not converged.
NOT CONVERGED; updating alpha, beta and continuing...
After sweep 1 energy=-117.853134  maxlinkdim=10 maxerr=3.79E-03 time=0.654
After sweep 2 energy=-123.74721  maxlinkdim=20 maxerr=3.27E-03 time=0.822
After sweep 3 energy=-126.58491  maxlinkdim=100 maxerr=8.18E-06 time=1.328
After sweep 4 energy=-127.19242  maxlinkdim=100 maxerr=5.53E-05 time=1.451
After sweep 5 energy=-127.56041  maxlinkdim=100 maxerr=3.99E-05 time=1.400
After sweep 6 energy=-127.83036  maxlinkdim=100 maxerr=1.65E-04 time=1.363
After sweep 7 energy=-128.00412  maxlinkdim=100 maxerr=2.34E-04 time=1.410
After sweep 8 energy=-128.167  maxlinkdim=100 maxerr=3.57E-04 time=1.370
After sweep 9 energy=-128.38718  maxlinkdim=100 maxerr=2.72E-04 time=1.363
After sweep 10 energy=-128.54982  maxlinkdim=100 maxerr=1.92E-04 time=1.417
After sweep 11 energy=-128.62907  maxlinkdim=100 maxerr=1.57E-04 time=1.369
After sweep 12 energy=-128.66252  maxlinkdim=100 maxerr=1.79E-04 time=1.419
After sweep 13 energy=-128.6786  maxlinkdim=100 maxerr=1.65E-04 time=1.375
After sweep 14 energy=-128.68777  maxlinkdim=100 maxerr=1.49E-04 time=1.406
After sweep 15 energy=-128.69734  maxlinkdim=100 maxerr=1.43E-04 time=1.374
After sweep 16 energy=-128.71223  maxlinkdim=100 maxerr=1.35E-04 time=1.414
After sweep 17 energy=-128.73256  maxlinkdim=100 maxerr=1.32E-04 time=1.371
After sweep 18 energy=-128.75386  maxlinkdim=100 maxerr=1.30E-04 time=1.374
After sweep 19 energy=-128.77101  maxlinkdim=100 maxerr=1.33E-04 time=1.426
After sweep 20 energy=-128.77946  maxlinkdim=100 maxerr=1.34E-04 time=1.369
After sweep 21 energy=-128.78358  maxlinkdim=100 maxerr=1.33E-04 time=1.427
After sweep 22 energy=-128.78543  maxlinkdim=100 maxerr=1.34E-04 time=1.371
After sweep 23 energy=-128.78653  maxlinkdim=100 maxerr=1.34E-04 time=1.417
After sweep 24 energy=-128.78717  maxlinkdim=100 maxerr=1.34E-04 time=1.374
After sweep 25 energy=-128.78755  maxlinkdim=100 maxerr=1.34E-04 time=1.418
After sweep 26 energy=-128.78706  maxlinkdim=100 maxerr=1.34E-04 time=1.375
After sweep 27 energy=-128.7876  maxlinkdim=100 maxerr=1.33E-04 time=1.374
After sweep 28 energy=-128.78773  maxlinkdim=100 maxerr=1.33E-04 time=1.421
After sweep 29 energy=-128.78773  maxlinkdim=100 maxerr=1.33E-04 time=1.368
After sweep 30 energy=-128.7878  maxlinkdim=100 maxerr=1.33E-04 time=1.420
Same mu: 1.711156152753051 and continuing
Target density achieved with mu=1.711156152753051, n=0.9374981
Checking {alpha,beta} vs measured
Beta not converged.
NOT CONVERGED; updating alpha, beta and continuing...
After sweep 1 energy=-117.589165  maxlinkdim=10 maxerr=3.94E-03 time=0.691
After sweep 2 energy=-123.29358  maxlinkdim=20 maxerr=2.88E-03 time=0.725
After sweep 3 energy=-125.974365  maxlinkdim=100 maxerr=2.65E-06 time=1.449
After sweep 4 energy=-126.75989  maxlinkdim=100 maxerr=7.76E-06 time=1.459
After sweep 5 energy=-127.31754  maxlinkdim=100 maxerr=9.39E-05 time=1.409
After sweep 6 energy=-127.697296  maxlinkdim=100 maxerr=9.77E-05 time=1.369
After sweep 7 energy=-127.95887  maxlinkdim=100 maxerr=2.04E-04 time=1.411
After sweep 8 energy=-128.2039  maxlinkdim=100 maxerr=1.50E-04 time=1.368
After sweep 9 energy=-128.4307  maxlinkdim=100 maxerr=1.32E-04 time=1.407
After sweep 10 energy=-128.56242  maxlinkdim=100 maxerr=1.08E-04 time=1.373
After sweep 11 energy=-128.62827  maxlinkdim=100 maxerr=1.22E-04 time=1.357
After sweep 12 energy=-128.66222  maxlinkdim=100 maxerr=1.29E-04 time=1.420
After sweep 13 energy=-128.67915  maxlinkdim=100 maxerr=1.36E-04 time=1.368
After sweep 14 energy=-128.69064  maxlinkdim=100 maxerr=1.36E-04 time=1.413
After sweep 15 energy=-128.7048  maxlinkdim=100 maxerr=1.37E-04 time=1.365
After sweep 16 energy=-128.72336  maxlinkdim=100 maxerr=1.35E-04 time=1.422
After sweep 17 energy=-128.74564  maxlinkdim=100 maxerr=1.32E-04 time=1.388
After sweep 18 energy=-128.76495  maxlinkdim=100 maxerr=1.31E-04 time=1.414
After sweep 19 energy=-128.77728  maxlinkdim=100 maxerr=1.30E-04 time=1.375
After sweep 20 energy=-128.78282  maxlinkdim=100 maxerr=1.32E-04 time=1.413
After sweep 21 energy=-128.7857  maxlinkdim=100 maxerr=1.33E-04 time=1.372
After sweep 22 energy=-128.78639  maxlinkdim=100 maxerr=1.34E-04 time=1.413
After sweep 23 energy=-128.78673  maxlinkdim=100 maxerr=1.33E-04 time=1.371
After sweep 24 energy=-128.78708  maxlinkdim=100 maxerr=1.34E-04 time=1.372
After sweep 25 energy=-128.7871  maxlinkdim=100 maxerr=1.35E-04 time=1.415
After sweep 26 energy=-128.78746  maxlinkdim=100 maxerr=1.35E-04 time=1.371
After sweep 27 energy=-128.7875  maxlinkdim=100 maxerr=1.34E-04 time=1.422
After sweep 28 energy=-128.78758  maxlinkdim=100 maxerr=1.34E-04 time=1.370
After sweep 29 energy=-128.7879  maxlinkdim=100 maxerr=1.34E-04 time=1.430
After sweep 30 energy=-128.78836  maxlinkdim=100 maxerr=1.34E-04 time=1.367
Same mu: 1.711156152753051 and continuing
Target density achieved with mu=1.711156152753051, n=0.9374998
Checking {alpha,beta} vs measured
Beta not converged.
NOT CONVERGED; updating alpha, beta and continuing...
After sweep 1 energy=-117.71448  maxlinkdim=10 maxerr=3.49E-03 time=0.680
After sweep 2 energy=-123.6396  maxlinkdim=20 maxerr=2.24E-03 time=0.739
After sweep 3 energy=-126.25207  maxlinkdim=100 maxerr=5.78E-06 time=1.437
After sweep 4 energy=-127.03112  maxlinkdim=100 maxerr=2.12E-05 time=1.496
After sweep 5 energy=-127.53649  maxlinkdim=100 maxerr=6.79E-05 time=1.372
After sweep 6 energy=-127.831406  maxlinkdim=100 maxerr=1.19E-04 time=1.405
After sweep 7 energy=-128.01312  maxlinkdim=100 maxerr=1.77E-04 time=1.368
After sweep 8 energy=-128.17648  maxlinkdim=100 maxerr=1.74E-04 time=1.411
After sweep 9 energy=-128.40132  maxlinkdim=100 maxerr=2.70E-04 time=1.373
After sweep 10 energy=-128.59004  maxlinkdim=100 maxerr=2.28E-04 time=1.410
After sweep 11 energy=-128.65547  maxlinkdim=100 maxerr=1.37E-04 time=1.371
After sweep 12 energy=-128.6863  maxlinkdim=100 maxerr=1.33E-04 time=1.411
After sweep 13 energy=-128.70941  maxlinkdim=100 maxerr=1.33E-04 time=1.370
After sweep 14 energy=-128.73257  maxlinkdim=100 maxerr=1.35E-04 time=1.418
After sweep 15 energy=-128.75452  maxlinkdim=100 maxerr=1.37E-04 time=1.379
After sweep 16 energy=-128.77075  maxlinkdim=100 maxerr=1.37E-04 time=1.373
After sweep 17 energy=-128.779  maxlinkdim=100 maxerr=1.35E-04 time=1.424
After sweep 18 energy=-128.7836  maxlinkdim=100 maxerr=1.33E-04 time=1.374
After sweep 19 energy=-128.7853  maxlinkdim=100 maxerr=1.33E-04 time=1.424
After sweep 20 energy=-128.78636  maxlinkdim=100 maxerr=1.33E-04 time=1.370
After sweep 21 energy=-128.78705  maxlinkdim=100 maxerr=1.34E-04 time=1.423
After sweep 22 energy=-128.78781  maxlinkdim=100 maxerr=1.33E-04 time=1.377
After sweep 23 energy=-128.78726  maxlinkdim=100 maxerr=1.32E-04 time=1.417
After sweep 24 energy=-128.78749  maxlinkdim=100 maxerr=1.33E-04 time=1.367
After sweep 25 energy=-128.78754  maxlinkdim=100 maxerr=1.33E-04 time=1.421
After sweep 26 energy=-128.78778  maxlinkdim=100 maxerr=1.32E-04 time=1.371
After sweep 27 energy=-128.78764  maxlinkdim=100 maxerr=1.32E-04 time=1.422
After sweep 28 energy=-128.78732  maxlinkdim=100 maxerr=1.31E-04 time=1.373
After sweep 29 energy=-128.78784  maxlinkdim=100 maxerr=1.31E-04 time=1.425
After sweep 30 energy=-128.78757  maxlinkdim=100 maxerr=1.31E-04 time=1.379
Same mu: 1.711156152753051 and continuing
Target density achieved with mu=1.711156152753051, n=0.93749714
Checking {alpha,beta} vs measured
Beta not converged.
NOT CONVERGED; updating alpha, beta and continuing...
After sweep 1 energy=-117.8171  maxlinkdim=10 maxerr=3.38E-03 time=0.703
After sweep 2 energy=-123.35268  maxlinkdim=20 maxerr=3.30E-03 time=0.742
After sweep 3 energy=-126.159225  maxlinkdim=100 maxerr=4.28E-06 time=1.446
After sweep 4 energy=-126.89779  maxlinkdim=100 maxerr=2.39E-05 time=1.504
After sweep 5 energy=-127.34635  maxlinkdim=100 maxerr=4.33E-05 time=1.381
After sweep 6 energy=-127.688515  maxlinkdim=100 maxerr=1.10E-04 time=1.416
After sweep 7 energy=-128.00926  maxlinkdim=100 maxerr=1.97E-04 time=1.379
After sweep 8 energy=-128.25009  maxlinkdim=100 maxerr=2.55E-04 time=1.431
After sweep 9 energy=-128.41548  maxlinkdim=100 maxerr=3.73E-04 time=1.379
After sweep 10 energy=-128.52809  maxlinkdim=100 maxerr=2.52E-04 time=1.421
After sweep 11 energy=-128.61545  maxlinkdim=100 maxerr=1.94E-04 time=1.379
After sweep 12 energy=-128.66335  maxlinkdim=100 maxerr=1.54E-04 time=1.413
After sweep 13 energy=-128.68898  maxlinkdim=100 maxerr=1.38E-04 time=1.376
After sweep 14 energy=-128.71141  maxlinkdim=100 maxerr=1.40E-04 time=1.413
After sweep 15 energy=-128.73608  maxlinkdim=100 maxerr=1.37E-04 time=1.382
After sweep 16 energy=-128.75769  maxlinkdim=100 maxerr=1.35E-04 time=1.424
After sweep 17 energy=-128.7725  maxlinkdim=100 maxerr=1.33E-04 time=1.379
After sweep 18 energy=-128.78087  maxlinkdim=100 maxerr=1.37E-04 time=1.419
After sweep 19 energy=-128.78365  maxlinkdim=100 maxerr=1.34E-04 time=1.377
After sweep 20 energy=-128.78564  maxlinkdim=100 maxerr=1.38E-04 time=1.413
After sweep 21 energy=-128.7865  maxlinkdim=100 maxerr=1.34E-04 time=1.371
After sweep 22 energy=-128.78732  maxlinkdim=100 maxerr=1.35E-04 time=1.415
After sweep 23 energy=-128.78732  maxlinkdim=100 maxerr=1.34E-04 time=1.378
After sweep 24 energy=-128.78761  maxlinkdim=100 maxerr=1.33E-04 time=1.430
After sweep 25 energy=-128.7876  maxlinkdim=100 maxerr=1.33E-04 time=1.383
After sweep 26 energy=-128.78734  maxlinkdim=100 maxerr=1.32E-04 time=1.417
After sweep 27 energy=-128.78802  maxlinkdim=100 maxerr=1.32E-04 time=1.378
After sweep 28 energy=-128.78783  maxlinkdim=100 maxerr=1.32E-04 time=1.420
After sweep 29 energy=-128.78804  maxlinkdim=100 maxerr=1.32E-04 time=1.376
After sweep 30 energy=-128.78835  maxlinkdim=100 maxerr=1.32E-04 time=1.417
Same mu: 1.711156152753051 and continuing
Target density achieved with mu=1.711156152753051, n=0.9374991
Checking {alpha,beta} vs measured
Beta not converged.
NOT CONVERGED; updating alpha, beta and continuing...
After sweep 1 energy=-117.65931  maxlinkdim=10 maxerr=3.80E-03 time=0.674
After sweep 2 energy=-123.59479  maxlinkdim=20 maxerr=1.95E-03 time=0.886
After sweep 3 energy=-126.32027  maxlinkdim=100 maxerr=6.46E-06 time=1.338
After sweep 4 energy=-126.985695  maxlinkdim=100 maxerr=7.25E-06 time=1.466
After sweep 5 energy=-127.42767  maxlinkdim=100 maxerr=2.73E-05 time=1.416
After sweep 6 energy=-127.774155  maxlinkdim=100 maxerr=9.43E-05 time=1.370
After sweep 7 energy=-128.05759  maxlinkdim=100 maxerr=1.90E-04 time=1.424
After sweep 8 energy=-128.32025  maxlinkdim=100 maxerr=3.38E-04 time=1.376
After sweep 9 energy=-128.51509  maxlinkdim=100 maxerr=1.79E-04 time=1.424
After sweep 10 energy=-128.63452  maxlinkdim=100 maxerr=1.99E-04 time=1.377
After sweep 11 energy=-128.70128  maxlinkdim=100 maxerr=1.72E-04 time=1.426
After sweep 12 energy=-128.74184  maxlinkdim=100 maxerr=1.39E-04 time=1.373
After sweep 13 energy=-128.7645  maxlinkdim=100 maxerr=1.35E-04 time=1.421
After sweep 14 energy=-128.77582  maxlinkdim=100 maxerr=1.32E-04 time=1.374
After sweep 15 energy=-128.78111  maxlinkdim=100 maxerr=1.32E-04 time=1.421
After sweep 16 energy=-128.78397  maxlinkdim=100 maxerr=1.31E-04 time=1.368
After sweep 17 energy=-128.78532  maxlinkdim=100 maxerr=1.29E-04 time=1.425
After sweep 18 energy=-128.7867  maxlinkdim=100 maxerr=1.30E-04 time=1.372
After sweep 19 energy=-128.78693  maxlinkdim=100 maxerr=1.30E-04 time=1.425
After sweep 20 energy=-128.78694  maxlinkdim=100 maxerr=1.31E-04 time=1.415
After sweep 21 energy=-128.78738  maxlinkdim=100 maxerr=1.31E-04 time=1.372
After sweep 22 energy=-128.78763  maxlinkdim=100 maxerr=1.32E-04 time=1.416
After sweep 23 energy=-128.7881  maxlinkdim=100 maxerr=1.31E-04 time=1.376
After sweep 24 energy=-128.7873  maxlinkdim=100 maxerr=1.32E-04 time=1.413
After sweep 25 energy=-128.78735  maxlinkdim=100 maxerr=1.32E-04 time=1.371
After sweep 26 energy=-128.78783  maxlinkdim=100 maxerr=1.32E-04 time=1.421
After sweep 27 energy=-128.78746  maxlinkdim=100 maxerr=1.32E-04 time=1.373
After sweep 28 energy=-128.78781  maxlinkdim=100 maxerr=1.32E-04 time=1.415
After sweep 29 energy=-128.78802  maxlinkdim=100 maxerr=1.32E-04 time=1.379
After sweep 30 energy=-128.78787  maxlinkdim=100 maxerr=1.32E-04 time=1.414
Same mu: 1.711156152753051 and continuing
Target density achieved with mu=1.711156152753051, n=0.93749815
Checking {alpha,beta} vs measured
Beta not converged.
NOT CONVERGED; updating alpha, beta and continuing...
After sweep 1 energy=-117.78977  maxlinkdim=10 maxerr=3.66E-03 time=0.695
After sweep 2 energy=-123.58135  maxlinkdim=20 maxerr=2.13E-03 time=0.747
After sweep 3 energy=-126.35358  maxlinkdim=100 maxerr=6.01E-06 time=1.434
After sweep 4 energy=-127.079735  maxlinkdim=100 maxerr=2.80E-05 time=1.509
After sweep 5 energy=-127.508286  maxlinkdim=100 maxerr=4.61E-05 time=1.419
After sweep 6 energy=-127.81129  maxlinkdim=100 maxerr=2.17E-04 time=1.373
After sweep 7 energy=-128.01726  maxlinkdim=100 maxerr=1.64E-04 time=1.420
After sweep 8 energy=-128.23085  maxlinkdim=100 maxerr=2.16E-04 time=1.376
After sweep 9 energy=-128.47281  maxlinkdim=100 maxerr=3.35E-04 time=1.417
After sweep 10 energy=-128.62657  maxlinkdim=100 maxerr=2.91E-04 time=1.376
After sweep 11 energy=-128.70903  maxlinkdim=100 maxerr=1.28E-04 time=1.419
After sweep 12 energy=-128.75096  maxlinkdim=100 maxerr=1.50E-04 time=1.385
After sweep 13 energy=-128.76945  maxlinkdim=100 maxerr=1.42E-04 time=1.429
After sweep 14 energy=-128.77852  maxlinkdim=100 maxerr=1.49E-04 time=1.377
After sweep 15 energy=-128.78299  maxlinkdim=100 maxerr=1.41E-04 time=1.429
After sweep 16 energy=-128.78476  maxlinkdim=100 maxerr=1.37E-04 time=1.373
After sweep 17 energy=-128.78592  maxlinkdim=100 maxerr=1.35E-04 time=1.424
After sweep 18 energy=-128.7865  maxlinkdim=100 maxerr=1.33E-04 time=1.369
After sweep 19 energy=-128.7868  maxlinkdim=100 maxerr=1.33E-04 time=1.419
After sweep 20 energy=-128.78693  maxlinkdim=100 maxerr=1.33E-04 time=1.424
After sweep 21 energy=-128.7875  maxlinkdim=100 maxerr=1.33E-04 time=1.385
After sweep 22 energy=-128.78722  maxlinkdim=100 maxerr=1.32E-04 time=1.420
After sweep 23 energy=-128.7879  maxlinkdim=100 maxerr=1.33E-04 time=1.374
After sweep 24 energy=-128.78767  maxlinkdim=100 maxerr=1.33E-04 time=1.419
After sweep 25 energy=-128.78769  maxlinkdim=100 maxerr=1.33E-04 time=1.374
After sweep 26 energy=-128.78723  maxlinkdim=100 maxerr=1.33E-04 time=1.415
After sweep 27 energy=-128.78807  maxlinkdim=100 maxerr=1.33E-04 time=1.376
After sweep 28 energy=-128.78767  maxlinkdim=100 maxerr=1.33E-04 time=1.425
After sweep 29 energy=-128.78716  maxlinkdim=100 maxerr=1.33E-04 time=1.369
After sweep 30 energy=-128.78761  maxlinkdim=100 maxerr=1.32E-04 time=1.423
Same mu: 1.711156152753051 and continuing
Target density achieved with mu=1.711156152753051, n=0.9374967
Checking {alpha,beta} vs measured
Beta not converged.
NOT CONVERGED; updating alpha, beta and continuing...
After sweep 1 energy=-117.711365  maxlinkdim=10 maxerr=4.33E-03 time=0.655
After sweep 2 energy=-123.52813  maxlinkdim=20 maxerr=1.85E-03 time=0.843
After sweep 3 energy=-126.305916  maxlinkdim=100 maxerr=6.60E-06 time=1.302
After sweep 4 energy=-127.07299  maxlinkdim=100 maxerr=2.84E-05 time=1.450
After sweep 5 energy=-127.5442  maxlinkdim=100 maxerr=1.14E-04 time=1.393
After sweep 6 energy=-127.83855  maxlinkdim=100 maxerr=1.31E-04 time=1.360
After sweep 7 energy=-128.04416  maxlinkdim=100 maxerr=1.95E-04 time=1.400
After sweep 8 energy=-128.24869  maxlinkdim=100 maxerr=2.28E-04 time=1.372
After sweep 9 energy=-128.40186  maxlinkdim=100 maxerr=2.38E-04 time=1.361
After sweep 10 energy=-128.52077  maxlinkdim=100 maxerr=2.50E-04 time=1.415
After sweep 11 energy=-128.63269  maxlinkdim=100 maxerr=2.22E-04 time=1.369
After sweep 12 energy=-128.67531  maxlinkdim=100 maxerr=1.50E-04 time=1.412
After sweep 13 energy=-128.69325  maxlinkdim=100 maxerr=1.32E-04 time=1.371
After sweep 14 energy=-128.71043  maxlinkdim=100 maxerr=1.32E-04 time=1.412
After sweep 15 energy=-128.73116  maxlinkdim=100 maxerr=1.35E-04 time=1.366
After sweep 16 energy=-128.7532  maxlinkdim=100 maxerr=1.35E-04 time=1.414
After sweep 17 energy=-128.76967  maxlinkdim=100 maxerr=1.35E-04 time=1.373
After sweep 18 energy=-128.77946  maxlinkdim=100 maxerr=1.36E-04 time=1.366
After sweep 19 energy=-128.78316  maxlinkdim=100 maxerr=1.36E-04 time=1.417
After sweep 20 energy=-128.78542  maxlinkdim=100 maxerr=1.33E-04 time=1.372
After sweep 21 energy=-128.78673  maxlinkdim=100 maxerr=1.31E-04 time=1.414
After sweep 22 energy=-128.78706  maxlinkdim=100 maxerr=1.32E-04 time=1.372
After sweep 23 energy=-128.78726  maxlinkdim=100 maxerr=1.33E-04 time=1.414
After sweep 24 energy=-128.78726  maxlinkdim=100 maxerr=1.33E-04 time=1.376
After sweep 25 energy=-128.78786  maxlinkdim=100 maxerr=1.33E-04 time=1.417
After sweep 26 energy=-128.78738  maxlinkdim=100 maxerr=1.34E-04 time=1.373
After sweep 27 energy=-128.78795  maxlinkdim=100 maxerr=1.35E-04 time=1.370
After sweep 28 energy=-128.78775  maxlinkdim=100 maxerr=1.34E-04 time=1.413
After sweep 29 energy=-128.78777  maxlinkdim=100 maxerr=1.33E-04 time=1.365
After sweep 30 energy=-128.78804  maxlinkdim=100 maxerr=1.33E-04 time=1.420
Same mu: 1.711156152753051 and continuing
Target density achieved with mu=1.711156152753051, n=0.9374979
Checking {alpha,beta} vs measured
Beta not converged.
NOT CONVERGED; updating alpha, beta and continuing...
After sweep 1 energy=-117.782814  maxlinkdim=10 maxerr=3.41E-03 time=0.693
After sweep 2 energy=-123.5148  maxlinkdim=20 maxerr=3.04E-03 time=0.746
After sweep 3 energy=-126.25389  maxlinkdim=100 maxerr=3.52E-06 time=1.442
After sweep 4 energy=-126.945015  maxlinkdim=100 maxerr=4.39E-06 time=1.501
After sweep 5 energy=-127.34817  maxlinkdim=100 maxerr=1.86E-05 time=1.368
After sweep 6 energy=-127.69491  maxlinkdim=100 maxerr=1.88E-04 time=1.363
After sweep 7 energy=-127.99325  maxlinkdim=100 maxerr=1.66E-04 time=1.414
After sweep 8 energy=-128.25818  maxlinkdim=100 maxerr=2.17E-04 time=1.367
After sweep 9 energy=-128.4428  maxlinkdim=100 maxerr=1.97E-04 time=1.427
After sweep 10 energy=-128.564  maxlinkdim=100 maxerr=2.58E-04 time=1.373
After sweep 11 energy=-128.63687  maxlinkdim=100 maxerr=2.44E-04 time=1.432
After sweep 12 energy=-128.66646  maxlinkdim=100 maxerr=1.59E-04 time=1.382
After sweep 13 energy=-128.6772  maxlinkdim=100 maxerr=1.45E-04 time=1.447
After sweep 14 energy=-128.68416  maxlinkdim=100 maxerr=1.28E-04 time=1.401
After sweep 15 energy=-128.69093  maxlinkdim=100 maxerr=1.27E-04 time=1.433
After sweep 16 energy=-128.70078  maxlinkdim=100 maxerr=1.27E-04 time=1.394
After sweep 17 energy=-128.71747  maxlinkdim=100 maxerr=1.30E-04 time=1.379
After sweep 18 energy=-128.73825  maxlinkdim=100 maxerr=1.32E-04 time=1.451
After sweep 19 energy=-128.75839  maxlinkdim=100 maxerr=1.33E-04 time=1.375
After sweep 20 energy=-128.77277  maxlinkdim=100 maxerr=1.36E-04 time=1.421
After sweep 21 energy=-128.78017  maxlinkdim=100 maxerr=1.35E-04 time=1.376
After sweep 22 energy=-128.7841  maxlinkdim=100 maxerr=1.33E-04 time=1.426
After sweep 23 energy=-128.78578  maxlinkdim=100 maxerr=1.32E-04 time=1.374
After sweep 24 energy=-128.78654  maxlinkdim=100 maxerr=1.33E-04 time=1.425
After sweep 25 energy=-128.78682  maxlinkdim=100 maxerr=1.33E-04 time=1.379
After sweep 26 energy=-128.78743  maxlinkdim=100 maxerr=1.33E-04 time=1.421
After sweep 27 energy=-128.7874  maxlinkdim=100 maxerr=1.32E-04 time=1.383
After sweep 28 energy=-128.78775  maxlinkdim=100 maxerr=1.32E-04 time=1.423
After sweep 29 energy=-128.78778  maxlinkdim=100 maxerr=1.31E-04 time=1.373
After sweep 30 energy=-128.78789  maxlinkdim=100 maxerr=1.30E-04 time=1.418
Same mu: 1.711156152753051 and continuing
Target density achieved with mu=1.711156152753051, n=0.9374978
Checking {alpha,beta} vs measured
Beta not converged.
NOT CONVERGED; updating alpha, beta and continuing...
After sweep 1 energy=-117.46395  maxlinkdim=10 maxerr=2.87E-03 time=0.693
After sweep 2 energy=-123.6151  maxlinkdim=20 maxerr=1.46E-03 time=0.729
After sweep 3 energy=-126.47796  maxlinkdim=100 maxerr=5.70E-06 time=1.456
After sweep 4 energy=-127.20269  maxlinkdim=100 maxerr=7.89E-06 time=1.501
After sweep 5 energy=-127.62611  maxlinkdim=100 maxerr=1.77E-05 time=1.364
After sweep 6 energy=-127.87983  maxlinkdim=100 maxerr=6.85E-05 time=1.410
After sweep 7 energy=-128.0654  maxlinkdim=100 maxerr=1.43E-04 time=1.369
After sweep 8 energy=-128.27698  maxlinkdim=100 maxerr=1.73E-04 time=1.366
After sweep 9 energy=-128.47849  maxlinkdim=100 maxerr=1.36E-04 time=1.420
After sweep 10 energy=-128.555  maxlinkdim=100 maxerr=8.02E-05 time=1.365
After sweep 11 energy=-128.60027  maxlinkdim=100 maxerr=7.85E-05 time=1.421
After sweep 12 energy=-128.63988  maxlinkdim=100 maxerr=9.83E-05 time=1.366
After sweep 13 energy=-128.67377  maxlinkdim=100 maxerr=1.23E-04 time=1.414
After sweep 14 energy=-128.70212  maxlinkdim=100 maxerr=1.35E-04 time=1.368
After sweep 15 energy=-128.72768  maxlinkdim=100 maxerr=1.36E-04 time=1.417
After sweep 16 energy=-128.75143  maxlinkdim=100 maxerr=1.35E-04 time=1.370
After sweep 17 energy=-128.76888  maxlinkdim=100 maxerr=1.29E-04 time=1.420
After sweep 18 energy=-128.77815  maxlinkdim=100 maxerr=1.29E-04 time=1.374
After sweep 19 energy=-128.78287  maxlinkdim=100 maxerr=1.30E-04 time=1.414
After sweep 20 energy=-128.78522  maxlinkdim=100 maxerr=1.31E-04 time=1.382
After sweep 21 energy=-128.78645  maxlinkdim=100 maxerr=1.31E-04 time=1.415
After sweep 22 energy=-128.78702  maxlinkdim=100 maxerr=1.31E-04 time=1.375
After sweep 23 energy=-128.78755  maxlinkdim=100 maxerr=1.32E-04 time=1.415
After sweep 24 energy=-128.78726  maxlinkdim=100 maxerr=1.32E-04 time=1.374
After sweep 25 energy=-128.78728  maxlinkdim=100 maxerr=1.34E-04 time=1.420
After sweep 26 energy=-128.78717  maxlinkdim=100 maxerr=1.35E-04 time=1.383
After sweep 27 energy=-128.7878  maxlinkdim=100 maxerr=1.35E-04 time=1.417
After sweep 28 energy=-128.78806  maxlinkdim=100 maxerr=1.33E-04 time=1.373
After sweep 29 energy=-128.78781  maxlinkdim=100 maxerr=1.32E-04 time=1.420
After sweep 30 energy=-128.78766  maxlinkdim=100 maxerr=1.32E-04 time=1.374
Same mu: 1.711156152753051 and continuing
Target density achieved with mu=1.711156152753051, n=0.9374977
Checking {alpha,beta} vs measured
Beta not converged.
NOT CONVERGED; updating alpha, beta and continuing...
After sweep 1 energy=-117.6752  maxlinkdim=10 maxerr=3.93E-03 time=0.696
After sweep 2 energy=-123.29347  maxlinkdim=20 maxerr=3.08E-03 time=0.738
After sweep 3 energy=-125.93222  maxlinkdim=100 maxerr=5.33E-06 time=1.455
After sweep 4 energy=-126.78398  maxlinkdim=100 maxerr=1.10E-05 time=1.459
After sweep 5 energy=-127.36324  maxlinkdim=100 maxerr=2.07E-04 time=1.422
After sweep 6 energy=-127.792206  maxlinkdim=100 maxerr=2.76E-04 time=1.370
After sweep 7 energy=-128.16187  maxlinkdim=100 maxerr=2.40E-04 time=1.422
After sweep 8 energy=-128.39455  maxlinkdim=100 maxerr=2.20E-04 time=1.377
After sweep 9 energy=-128.53703  maxlinkdim=100 maxerr=2.73E-04 time=1.424
After sweep 10 energy=-128.65448  maxlinkdim=100 maxerr=2.28E-04 time=1.374
After sweep 11 energy=-128.7165  maxlinkdim=100 maxerr=1.62E-04 time=1.429
After sweep 12 energy=-128.7506  maxlinkdim=100 maxerr=1.36E-04 time=1.377
After sweep 13 energy=-128.76903  maxlinkdim=100 maxerr=1.34E-04 time=1.431
After sweep 14 energy=-128.77834  maxlinkdim=100 maxerr=1.32E-04 time=1.389
After sweep 15 energy=-128.78273  maxlinkdim=100 maxerr=1.32E-04 time=1.422
After sweep 16 energy=-128.78545  maxlinkdim=100 maxerr=1.30E-04 time=1.376
After sweep 17 energy=-128.7857  maxlinkdim=100 maxerr=1.31E-04 time=1.421
After sweep 18 energy=-128.78633  maxlinkdim=100 maxerr=1.31E-04 time=1.376
After sweep 19 energy=-128.787  maxlinkdim=100 maxerr=1.32E-04 time=1.417
After sweep 20 energy=-128.7873  maxlinkdim=100 maxerr=1.31E-04 time=1.380
After sweep 21 energy=-128.78731  maxlinkdim=100 maxerr=1.31E-04 time=1.425
After sweep 22 energy=-128.78734  maxlinkdim=100 maxerr=1.34E-04 time=1.377
After sweep 23 energy=-128.7873  maxlinkdim=100 maxerr=1.34E-04 time=1.420
After sweep 24 energy=-128.78741  maxlinkdim=100 maxerr=1.34E-04 time=1.379
After sweep 25 energy=-128.78712  maxlinkdim=100 maxerr=1.34E-04 time=1.418
After sweep 26 energy=-128.78758  maxlinkdim=100 maxerr=1.34E-04 time=1.382
After sweep 27 energy=-128.78766  maxlinkdim=100 maxerr=1.34E-04 time=1.421
After sweep 28 energy=-128.78777  maxlinkdim=100 maxerr=1.34E-04 time=1.379
After sweep 29 energy=-128.78717  maxlinkdim=100 maxerr=1.35E-04 time=1.422
After sweep 30 energy=-128.78769  maxlinkdim=100 maxerr=1.34E-04 time=1.372
Same mu: 1.711156152753051 and continuing
Target density achieved with mu=1.711156152753051, n=0.9374979
Checking {alpha,beta} vs measured
Beta not converged.
NOT CONVERGED; updating alpha, beta and continuing...
After sweep 1 energy=-117.76972  maxlinkdim=10 maxerr=3.75E-03 time=0.705
After sweep 2 energy=-123.56842  maxlinkdim=20 maxerr=2.63E-03 time=0.747
After sweep 3 energy=-126.331024  maxlinkdim=100 maxerr=4.11E-06 time=1.464
After sweep 4 energy=-126.989845  maxlinkdim=100 maxerr=1.28E-05 time=1.459
After sweep 5 energy=-127.39588  maxlinkdim=100 maxerr=2.61E-05 time=1.420
After sweep 6 energy=-127.70382  maxlinkdim=100 maxerr=1.09E-04 time=1.368
After sweep 7 energy=-128.02745  maxlinkdim=100 maxerr=1.47E-04 time=1.435
After sweep 8 energy=-128.33261  maxlinkdim=100 maxerr=2.79E-04 time=1.376
After sweep 9 energy=-128.50261  maxlinkdim=100 maxerr=2.73E-04 time=1.429
After sweep 10 energy=-128.61035  maxlinkdim=100 maxerr=2.50E-04 time=1.374
After sweep 11 energy=-128.6602  maxlinkdim=100 maxerr=2.28E-04 time=1.429
After sweep 12 energy=-128.67691  maxlinkdim=100 maxerr=1.48E-04 time=1.376
After sweep 13 energy=-128.684  maxlinkdim=100 maxerr=1.38E-04 time=1.424
After sweep 14 energy=-128.6894  maxlinkdim=100 maxerr=1.34E-04 time=1.371
After sweep 15 energy=-128.69678  maxlinkdim=100 maxerr=1.33E-04 time=1.432
After sweep 16 energy=-128.70937  maxlinkdim=100 maxerr=1.32E-04 time=1.424
After sweep 17 energy=-128.72833  maxlinkdim=100 maxerr=1.34E-04 time=1.379
After sweep 18 energy=-128.75005  maxlinkdim=100 maxerr=1.34E-04 time=1.422
After sweep 19 energy=-128.76825  maxlinkdim=100 maxerr=1.33E-04 time=1.378
After sweep 20 energy=-128.7783  maxlinkdim=100 maxerr=1.37E-04 time=1.422
After sweep 21 energy=-128.78302  maxlinkdim=100 maxerr=1.33E-04 time=1.382
After sweep 22 energy=-128.78589  maxlinkdim=100 maxerr=1.33E-04 time=1.427
After sweep 23 energy=-128.78647  maxlinkdim=100 maxerr=1.33E-04 time=1.375
After sweep 24 energy=-128.78725  maxlinkdim=100 maxerr=1.34E-04 time=1.423
After sweep 25 energy=-128.78697  maxlinkdim=100 maxerr=1.35E-04 time=1.386
After sweep 26 energy=-128.7869  maxlinkdim=100 maxerr=1.35E-04 time=1.420
After sweep 27 energy=-128.78714  maxlinkdim=100 maxerr=1.34E-04 time=1.383
After sweep 28 energy=-128.78743  maxlinkdim=100 maxerr=1.34E-04 time=1.423
After sweep 29 energy=-128.78752  maxlinkdim=100 maxerr=1.35E-04 time=1.378
After sweep 30 energy=-128.78761  maxlinkdim=100 maxerr=1.35E-04 time=1.437
Same mu: 1.711156152753051 and continuing
Target density achieved with mu=1.711156152753051, n=0.9374978
Checking {alpha,beta} vs measured
Beta not converged.
NOT CONVERGED; updating alpha, beta and continuing...
After sweep 1 energy=-118.311  maxlinkdim=10 maxerr=5.12E-03 time=1.070
After sweep 2 energy=-123.20924  maxlinkdim=20 maxerr=1.57E-03 time=0.754
After sweep 3 energy=-125.916794  maxlinkdim=100 maxerr=7.76E-06 time=1.483
After sweep 4 energy=-126.746864  maxlinkdim=100 maxerr=1.58E-05 time=1.455
After sweep 5 energy=-127.32711  maxlinkdim=100 maxerr=4.93E-05 time=1.404
After sweep 6 energy=-127.72153  maxlinkdim=100 maxerr=2.76E-04 time=1.366
After sweep 7 energy=-128.0625  maxlinkdim=100 maxerr=2.37E-04 time=1.409
After sweep 8 energy=-128.33096  maxlinkdim=100 maxerr=2.82E-04 time=1.374
After sweep 9 energy=-128.47876  maxlinkdim=100 maxerr=2.89E-04 time=1.377
After sweep 10 energy=-128.56168  maxlinkdim=100 maxerr=2.43E-04 time=1.418
After sweep 11 energy=-128.63174  maxlinkdim=100 maxerr=1.99E-04 time=1.367
After sweep 12 energy=-128.66658  maxlinkdim=100 maxerr=1.54E-04 time=1.418
After sweep 13 energy=-128.68207  maxlinkdim=100 maxerr=1.37E-04 time=1.364
After sweep 14 energy=-128.69264  maxlinkdim=100 maxerr=1.35E-04 time=1.414
After sweep 15 energy=-128.70569  maxlinkdim=100 maxerr=1.35E-04 time=1.371
After sweep 16 energy=-128.72433  maxlinkdim=100 maxerr=1.32E-04 time=1.419
After sweep 17 energy=-128.7468  maxlinkdim=100 maxerr=1.33E-04 time=1.374
After sweep 18 energy=-128.7663  maxlinkdim=100 maxerr=1.34E-04 time=1.373
After sweep 19 energy=-128.77711  maxlinkdim=100 maxerr=1.34E-04 time=1.419
After sweep 20 energy=-128.7821  maxlinkdim=100 maxerr=1.33E-04 time=1.368
After sweep 21 energy=-128.7854  maxlinkdim=100 maxerr=1.32E-04 time=1.416
After sweep 22 energy=-128.78612  maxlinkdim=100 maxerr=1.32E-04 time=1.368
After sweep 23 energy=-128.78717  maxlinkdim=100 maxerr=1.31E-04 time=1.418
After sweep 24 energy=-128.78778  maxlinkdim=100 maxerr=1.33E-04 time=1.376
After sweep 25 energy=-128.78745  maxlinkdim=100 maxerr=1.32E-04 time=1.417
After sweep 26 energy=-128.7877  maxlinkdim=100 maxerr=1.33E-04 time=1.376
After sweep 27 energy=-128.78748  maxlinkdim=100 maxerr=1.34E-04 time=1.424
After sweep 28 energy=-128.78804  maxlinkdim=100 maxerr=1.34E-04 time=1.378
After sweep 29 energy=-128.7876  maxlinkdim=100 maxerr=1.34E-04 time=1.372
After sweep 30 energy=-128.78796  maxlinkdim=100 maxerr=1.34E-04 time=1.418
Same mu: 1.711156152753051 and continuing
Target density achieved with mu=1.711156152753051, n=0.9374984
Checking {alpha,beta} vs measured
Beta not converged.
NOT CONVERGED; updating alpha, beta and continuing...
After sweep 1 energy=-117.817276  maxlinkdim=10 maxerr=4.20E-03 time=0.651
After sweep 2 energy=-123.55727  maxlinkdim=20 maxerr=2.00E-03 time=0.819
After sweep 3 energy=-126.37052  maxlinkdim=100 maxerr=8.81E-06 time=1.360
After sweep 4 energy=-127.08251  maxlinkdim=100 maxerr=1.31E-05 time=1.466
After sweep 5 energy=-127.508415  maxlinkdim=100 maxerr=3.91E-05 time=1.412
After sweep 6 energy=-127.78182  maxlinkdim=100 maxerr=1.30E-04 time=1.372
After sweep 7 energy=-128.00935  maxlinkdim=100 maxerr=2.37E-04 time=1.419
After sweep 8 energy=-128.21075  maxlinkdim=100 maxerr=2.21E-04 time=1.381
After sweep 9 energy=-128.42615  maxlinkdim=100 maxerr=3.16E-04 time=1.424
After sweep 10 energy=-128.60161  maxlinkdim=100 maxerr=3.07E-04 time=1.382
After sweep 11 energy=-128.69116  maxlinkdim=100 maxerr=1.96E-04 time=1.380
After sweep 12 energy=-128.73692  maxlinkdim=100 maxerr=1.52E-04 time=1.425
After sweep 13 energy=-128.76256  maxlinkdim=100 maxerr=1.42E-04 time=1.377
After sweep 14 energy=-128.77512  maxlinkdim=100 maxerr=1.36E-04 time=1.422
After sweep 15 energy=-128.781  maxlinkdim=100 maxerr=1.36E-04 time=1.369
After sweep 16 energy=-128.78412  maxlinkdim=100 maxerr=1.36E-04 time=1.420
After sweep 17 energy=-128.78577  maxlinkdim=100 maxerr=1.35E-04 time=1.371
After sweep 18 energy=-128.78662  maxlinkdim=100 maxerr=1.34E-04 time=1.423
After sweep 19 energy=-128.78668  maxlinkdim=100 maxerr=1.33E-04 time=1.373
After sweep 20 energy=-128.78711  maxlinkdim=100 maxerr=1.32E-04 time=1.412
After sweep 21 energy=-128.787  maxlinkdim=100 maxerr=1.33E-04 time=1.374
After sweep 22 energy=-128.78703  maxlinkdim=100 maxerr=1.35E-04 time=1.415
After sweep 23 energy=-128.78767  maxlinkdim=100 maxerr=1.35E-04 time=1.380
After sweep 24 energy=-128.7879  maxlinkdim=100 maxerr=1.35E-04 time=1.368
After sweep 25 energy=-128.78755  maxlinkdim=100 maxerr=1.33E-04 time=1.416
After sweep 26 energy=-128.78732  maxlinkdim=100 maxerr=1.33E-04 time=1.377
After sweep 27 energy=-128.78745  maxlinkdim=100 maxerr=1.33E-04 time=1.422
After sweep 28 energy=-128.78772  maxlinkdim=100 maxerr=1.33E-04 time=1.364
After sweep 29 energy=-128.78735  maxlinkdim=100 maxerr=1.33E-04 time=1.417
After sweep 30 energy=-128.78731  maxlinkdim=100 maxerr=1.32E-04 time=1.367
Same mu: 1.711156152753051 and continuing
Target density achieved with mu=1.711156152753051, n=0.93749654
Checking {alpha,beta} vs measured
Beta not converged.
NOT CONVERGED; updating alpha, beta and continuing...
After sweep 1 energy=-117.72709  maxlinkdim=10 maxerr=4.04E-03 time=0.702
After sweep 2 energy=-123.58636  maxlinkdim=20 maxerr=2.65E-03 time=0.724
After sweep 3 energy=-126.37434  maxlinkdim=100 maxerr=3.83E-06 time=1.446
After sweep 4 energy=-127.016235  maxlinkdim=100 maxerr=9.32E-06 time=1.455
After sweep 5 energy=-127.4203  maxlinkdim=100 maxerr=1.88E-05 time=1.416
After sweep 6 energy=-127.69587  maxlinkdim=100 maxerr=9.99E-05 time=1.373
After sweep 7 energy=-127.94027  maxlinkdim=100 maxerr=1.97E-04 time=1.416
After sweep 8 energy=-128.19084  maxlinkdim=100 maxerr=2.20E-04 time=1.379
After sweep 9 energy=-128.43712  maxlinkdim=100 maxerr=2.76E-04 time=1.421
After sweep 10 energy=-128.59573  maxlinkdim=100 maxerr=2.28E-04 time=1.380
After sweep 11 energy=-128.6737  maxlinkdim=100 maxerr=1.45E-04 time=1.418
After sweep 12 energy=-128.71455  maxlinkdim=100 maxerr=1.31E-04 time=1.380
After sweep 13 energy=-128.74475  maxlinkdim=100 maxerr=1.30E-04 time=1.424
After sweep 14 energy=-128.76546  maxlinkdim=100 maxerr=1.29E-04 time=1.375
After sweep 15 energy=-128.77635  maxlinkdim=100 maxerr=1.32E-04 time=1.420
After sweep 16 energy=-128.78166  maxlinkdim=100 maxerr=1.34E-04 time=1.373
After sweep 17 energy=-128.78487  maxlinkdim=100 maxerr=1.33E-04 time=1.375
After sweep 18 energy=-128.78531  maxlinkdim=100 maxerr=1.32E-04 time=1.420
After sweep 19 energy=-128.78613  maxlinkdim=100 maxerr=1.31E-04 time=1.371
After sweep 20 energy=-128.78677  maxlinkdim=100 maxerr=1.31E-04 time=1.420
After sweep 21 energy=-128.78738  maxlinkdim=100 maxerr=1.32E-04 time=1.370
After sweep 22 energy=-128.78745  maxlinkdim=100 maxerr=1.32E-04 time=1.418
After sweep 23 energy=-128.78723  maxlinkdim=100 maxerr=1.31E-04 time=1.369
After sweep 24 energy=-128.7873  maxlinkdim=100 maxerr=1.31E-04 time=1.417
After sweep 25 energy=-128.78787  maxlinkdim=100 maxerr=1.31E-04 time=1.364
After sweep 26 energy=-128.78778  maxlinkdim=100 maxerr=1.30E-04 time=1.428
After sweep 27 energy=-128.78818  maxlinkdim=100 maxerr=1.28E-04 time=1.368
After sweep 28 energy=-128.7875  maxlinkdim=100 maxerr=1.30E-04 time=1.422
After sweep 29 energy=-128.78786  maxlinkdim=100 maxerr=1.30E-04 time=1.367
After sweep 30 energy=-128.78815  maxlinkdim=100 maxerr=1.31E-04 time=1.419
Same mu: 1.711156152753051 and continuing
Target density achieved with mu=1.711156152753051, n=0.93749857
Checking {alpha,beta} vs measured
Beta not converged.
NOT CONVERGED; updating alpha, beta and continuing...
After sweep 1 energy=-117.68826  maxlinkdim=10 maxerr=3.98E-03 time=0.694
After sweep 2 energy=-123.64863  maxlinkdim=20 maxerr=2.19E-03 time=0.750
After sweep 3 energy=-126.35879  maxlinkdim=100 maxerr=7.67E-06 time=1.425
After sweep 4 energy=-127.141754  maxlinkdim=100 maxerr=3.22E-05 time=1.506
After sweep 5 energy=-127.613365  maxlinkdim=100 maxerr=8.14E-05 time=1.408
After sweep 6 energy=-127.888054  maxlinkdim=100 maxerr=1.61E-04 time=1.367
After sweep 7 energy=-128.095  maxlinkdim=100 maxerr=2.14E-04 time=1.370
After sweep 8 energy=-128.31767  maxlinkdim=100 maxerr=3.63E-04 time=1.425
After sweep 9 energy=-128.47371  maxlinkdim=100 maxerr=2.64E-04 time=1.370
After sweep 10 energy=-128.54623  maxlinkdim=100 maxerr=2.05E-04 time=1.425
After sweep 11 energy=-128.60312  maxlinkdim=100 maxerr=2.01E-04 time=1.369
After sweep 12 energy=-128.68282  maxlinkdim=100 maxerr=2.47E-04 time=1.425
After sweep 13 energy=-128.7381  maxlinkdim=100 maxerr=1.63E-04 time=1.370
After sweep 14 energy=-128.76447  maxlinkdim=100 maxerr=1.47E-04 time=1.417
After sweep 15 energy=-128.77596  maxlinkdim=100 maxerr=1.44E-04 time=1.364
After sweep 16 energy=-128.78166  maxlinkdim=100 maxerr=1.40E-04 time=1.421
After sweep 17 energy=-128.78436  maxlinkdim=100 maxerr=1.36E-04 time=1.366
After sweep 18 energy=-128.7858  maxlinkdim=100 maxerr=1.32E-04 time=1.419
After sweep 19 energy=-128.78699  maxlinkdim=100 maxerr=1.33E-04 time=1.369
After sweep 20 energy=-128.7866  maxlinkdim=100 maxerr=1.33E-04 time=1.420
After sweep 21 energy=-128.7874  maxlinkdim=100 maxerr=1.34E-04 time=1.378
After sweep 22 energy=-128.7876  maxlinkdim=100 maxerr=1.33E-04 time=1.428
After sweep 23 energy=-128.78784  maxlinkdim=100 maxerr=1.33E-04 time=1.369
After sweep 24 energy=-128.78758  maxlinkdim=100 maxerr=1.33E-04 time=1.422
After sweep 25 energy=-128.78812  maxlinkdim=100 maxerr=1.33E-04 time=1.370
After sweep 26 energy=-128.78793  maxlinkdim=100 maxerr=1.33E-04 time=1.422
After sweep 27 energy=-128.78783  maxlinkdim=100 maxerr=1.33E-04 time=1.367
After sweep 28 energy=-128.7877  maxlinkdim=100 maxerr=1.33E-04 time=1.420
After sweep 29 energy=-128.78806  maxlinkdim=100 maxerr=1.32E-04 time=1.368
After sweep 30 energy=-128.78792  maxlinkdim=100 maxerr=1.31E-04 time=1.427
Same mu: 1.711156152753051 and continuing
Target density achieved with mu=1.711156152753051, n=0.9374973
Checking {alpha,beta} vs measured
Beta not converged.
NOT CONVERGED; updating alpha, beta and continuing...
After sweep 1 energy=-117.58044  maxlinkdim=10 maxerr=4.06E-03 time=0.690
After sweep 2 energy=-123.39452  maxlinkdim=20 maxerr=2.75E-03 time=0.747
After sweep 3 energy=-126.19985  maxlinkdim=100 maxerr=4.24E-06 time=1.418
After sweep 4 energy=-126.92664  maxlinkdim=100 maxerr=1.41E-05 time=1.507
After sweep 5 energy=-127.39752  maxlinkdim=100 maxerr=3.92E-05 time=1.411
After sweep 6 energy=-127.698715  maxlinkdim=100 maxerr=2.10E-04 time=1.376
After sweep 7 energy=-127.9618  maxlinkdim=100 maxerr=4.54E-04 time=1.413
After sweep 8 energy=-128.19818  maxlinkdim=100 maxerr=3.09E-04 time=1.375
After sweep 9 energy=-128.42091  maxlinkdim=100 maxerr=2.02E-04 time=1.420
After sweep 10 energy=-128.5662  maxlinkdim=100 maxerr=2.00E-04 time=1.381
After sweep 11 energy=-128.6385  maxlinkdim=100 maxerr=1.73E-04 time=1.423
After sweep 12 energy=-128.67122  maxlinkdim=100 maxerr=1.47E-04 time=1.380
After sweep 13 energy=-128.69315  maxlinkdim=100 maxerr=1.41E-04 time=1.415
After sweep 14 energy=-128.71346  maxlinkdim=100 maxerr=1.36E-04 time=1.376
After sweep 15 energy=-128.73706  maxlinkdim=100 maxerr=1.36E-04 time=1.421
After sweep 16 energy=-128.75876  maxlinkdim=100 maxerr=1.36E-04 time=1.380
After sweep 17 energy=-128.77354  maxlinkdim=100 maxerr=1.34E-04 time=1.422
After sweep 18 energy=-128.78159  maxlinkdim=100 maxerr=1.36E-04 time=1.374
After sweep 19 energy=-128.78436  maxlinkdim=100 maxerr=1.39E-04 time=1.421
After sweep 20 energy=-128.786  maxlinkdim=100 maxerr=1.32E-04 time=1.369
After sweep 21 energy=-128.7867  maxlinkdim=100 maxerr=1.32E-04 time=1.422
After sweep 22 energy=-128.7871  maxlinkdim=100 maxerr=1.32E-04 time=1.371
After sweep 23 energy=-128.78781  maxlinkdim=100 maxerr=1.33E-04 time=1.422
After sweep 24 energy=-128.78708  maxlinkdim=100 maxerr=1.33E-04 time=1.381
After sweep 25 energy=-128.78738  maxlinkdim=100 maxerr=1.34E-04 time=1.422
After sweep 26 energy=-128.78758  maxlinkdim=100 maxerr=1.36E-04 time=1.371
After sweep 27 energy=-128.78787  maxlinkdim=100 maxerr=1.33E-04 time=1.419
After sweep 28 energy=-128.78755  maxlinkdim=100 maxerr=1.33E-04 time=1.371
After sweep 29 energy=-128.78809  maxlinkdim=100 maxerr=1.31E-04 time=1.420
After sweep 30 energy=-128.78766  maxlinkdim=100 maxerr=1.30E-04 time=1.415
Same mu: 1.711156152753051 and continuing
Target density achieved with mu=1.711156152753051, n=0.9374976
Checking {alpha,beta} vs measured
Beta not converged.
NOT CONVERGED; updating alpha, beta and continuing...
After sweep 1 energy=-117.56365  maxlinkdim=10 maxerr=3.19E-03 time=0.712
After sweep 2 energy=-123.70705  maxlinkdim=20 maxerr=1.68E-03 time=0.746
After sweep 3 energy=-126.49453  maxlinkdim=100 maxerr=6.76E-06 time=1.451
After sweep 4 energy=-127.11824  maxlinkdim=100 maxerr=1.75E-05 time=1.456
After sweep 5 energy=-127.5172  maxlinkdim=100 maxerr=3.83E-05 time=1.419
After sweep 6 energy=-127.80726  maxlinkdim=100 maxerr=1.91E-04 time=1.371
After sweep 7 energy=-127.98464  maxlinkdim=100 maxerr=2.26E-04 time=1.423
After sweep 8 energy=-128.14809  maxlinkdim=100 maxerr=2.63E-04 time=1.424
After sweep 9 energy=-128.31813  maxlinkdim=100 maxerr=3.09E-04 time=1.379
After sweep 10 energy=-128.47534  maxlinkdim=100 maxerr=2.93E-04 time=1.423
After sweep 11 energy=-128.59723  maxlinkdim=100 maxerr=2.39E-04 time=1.382
After sweep 12 energy=-128.65215  maxlinkdim=100 maxerr=1.83E-04 time=1.418
After sweep 13 energy=-128.67462  maxlinkdim=100 maxerr=1.57E-04 time=1.377
After sweep 14 energy=-128.68814  maxlinkdim=100 maxerr=1.46E-04 time=1.415
After sweep 15 energy=-128.7019  maxlinkdim=100 maxerr=1.43E-04 time=1.376
After sweep 16 energy=-128.71988  maxlinkdim=100 maxerr=1.35E-04 time=1.421
After sweep 17 energy=-128.74161  maxlinkdim=100 maxerr=1.30E-04 time=1.376
After sweep 18 energy=-128.7612  maxlinkdim=100 maxerr=1.31E-04 time=1.426
After sweep 19 energy=-128.774  maxlinkdim=100 maxerr=1.30E-04 time=1.369
After sweep 20 energy=-128.78156  maxlinkdim=100 maxerr=1.32E-04 time=1.428
After sweep 21 energy=-128.78365  maxlinkdim=100 maxerr=1.33E-04 time=1.376
After sweep 22 energy=-128.7859  maxlinkdim=100 maxerr=1.33E-04 time=1.431
After sweep 23 energy=-128.78664  maxlinkdim=100 maxerr=1.34E-04 time=1.424
After sweep 24 energy=-128.787  maxlinkdim=100 maxerr=1.33E-04 time=1.377
After sweep 25 energy=-128.78696  maxlinkdim=100 maxerr=1.34E-04 time=1.418
After sweep 26 energy=-128.78735  maxlinkdim=100 maxerr=1.34E-04 time=1.382
After sweep 27 energy=-128.78737  maxlinkdim=100 maxerr=1.33E-04 time=1.424
After sweep 28 energy=-128.78749  maxlinkdim=100 maxerr=1.33E-04 time=1.379
After sweep 29 energy=-128.78787  maxlinkdim=100 maxerr=1.33E-04 time=1.419
After sweep 30 energy=-128.7877  maxlinkdim=100 maxerr=1.33E-04 time=1.368
Same mu: 1.711156152753051 and continuing
Target density achieved with mu=1.711156152753051, n=0.9374974
Checking {alpha,beta} vs measured
Beta not converged.
NOT CONVERGED; updating alpha, beta and continuing...
After sweep 1 energy=-117.61676  maxlinkdim=10 maxerr=3.93E-03 time=0.650
After sweep 2 energy=-123.33364  maxlinkdim=20 maxerr=2.64E-03 time=0.801
After sweep 3 energy=-126.07139  maxlinkdim=100 maxerr=5.79E-06 time=1.352
After sweep 4 energy=-126.8161  maxlinkdim=100 maxerr=1.17E-05 time=1.449
After sweep 5 energy=-127.33251  maxlinkdim=100 maxerr=7.41E-05 time=1.398
After sweep 6 energy=-127.68765  maxlinkdim=100 maxerr=3.24E-04 time=1.360
After sweep 7 energy=-127.97112  maxlinkdim=100 maxerr=1.81E-04 time=1.407
After sweep 8 energy=-128.25668  maxlinkdim=100 maxerr=3.26E-04 time=1.369
After sweep 9 energy=-128.4701  maxlinkdim=100 maxerr=3.11E-04 time=1.363
After sweep 10 energy=-128.60182  maxlinkdim=100 maxerr=2.54E-04 time=1.423
After sweep 11 energy=-128.65565  maxlinkdim=100 maxerr=1.69E-04 time=1.362
After sweep 12 energy=-128.6726  maxlinkdim=100 maxerr=1.34E-04 time=1.412
After sweep 13 energy=-128.67915  maxlinkdim=100 maxerr=1.31E-04 time=1.370
After sweep 14 energy=-128.68266  maxlinkdim=100 maxerr=1.31E-04 time=1.414
After sweep 15 energy=-128.68398  maxlinkdim=100 maxerr=1.30E-04 time=1.370
After sweep 16 energy=-128.68692  maxlinkdim=100 maxerr=1.30E-04 time=1.408
After sweep 17 energy=-128.69086  maxlinkdim=100 maxerr=1.30E-04 time=1.371
After sweep 18 energy=-128.69844  maxlinkdim=100 maxerr=1.31E-04 time=1.363
After sweep 19 energy=-128.71152  maxlinkdim=100 maxerr=1.31E-04 time=1.420
After sweep 20 energy=-128.73044  maxlinkdim=100 maxerr=1.32E-04 time=1.362
After sweep 21 energy=-128.75183  maxlinkdim=100 maxerr=1.33E-04 time=1.420
After sweep 22 energy=-128.76866  maxlinkdim=100 maxerr=1.33E-04 time=1.371
After sweep 23 energy=-128.77876  maxlinkdim=100 maxerr=1.33E-04 time=1.419
After sweep 24 energy=-128.78305  maxlinkdim=100 maxerr=1.33E-04 time=1.373
After sweep 25 energy=-128.7852  maxlinkdim=100 maxerr=1.32E-04 time=1.413
After sweep 26 energy=-128.78622  maxlinkdim=100 maxerr=1.32E-04 time=1.368
After sweep 27 energy=-128.78723  maxlinkdim=100 maxerr=1.32E-04 time=1.414
After sweep 28 energy=-128.78717  maxlinkdim=100 maxerr=1.32E-04 time=1.371
After sweep 29 energy=-128.78688  maxlinkdim=100 maxerr=1.32E-04 time=1.367
After sweep 30 energy=-128.78722  maxlinkdim=100 maxerr=1.33E-04 time=1.421
Same mu: 1.711156152753051 and continuing
Target density achieved with mu=1.711156152753051, n=0.9374942
Checking {alpha,beta} vs measured
Beta not converged.
NOT CONVERGED; updating alpha, beta and continuing...
After sweep 1 energy=-117.69669  maxlinkdim=10 maxerr=3.75E-03 time=0.681
After sweep 2 energy=-123.739944  maxlinkdim=20 maxerr=2.10E-03 time=0.731
After sweep 3 energy=-126.403496  maxlinkdim=100 maxerr=3.61E-06 time=1.450
After sweep 4 energy=-127.033516  maxlinkdim=100 maxerr=5.79E-06 time=1.457
After sweep 5 energy=-127.4219  maxlinkdim=100 maxerr=3.27E-05 time=1.415
After sweep 6 energy=-127.7187  maxlinkdim=100 maxerr=8.14E-05 time=1.361
After sweep 7 energy=-127.93261  maxlinkdim=100 maxerr=1.60E-04 time=1.418
After sweep 8 energy=-128.16061  maxlinkdim=100 maxerr=2.06E-04 time=1.375
After sweep 9 energy=-128.46541  maxlinkdim=100 maxerr=2.03E-04 time=1.419
After sweep 10 energy=-128.6188  maxlinkdim=100 maxerr=1.47E-04 time=1.374
After sweep 11 energy=-128.6894  maxlinkdim=100 maxerr=2.12E-04 time=1.415
After sweep 12 energy=-128.7274  maxlinkdim=100 maxerr=1.53E-04 time=1.380
After sweep 13 energy=-128.75311  maxlinkdim=100 maxerr=1.42E-04 time=1.416
After sweep 14 energy=-128.77008  maxlinkdim=100 maxerr=1.40E-04 time=1.379
After sweep 15 energy=-128.77975  maxlinkdim=100 maxerr=1.37E-04 time=1.369
After sweep 16 energy=-128.78368  maxlinkdim=100 maxerr=1.31E-04 time=1.427
After sweep 17 energy=-128.78546  maxlinkdim=100 maxerr=1.33E-04 time=1.379
After sweep 18 energy=-128.78667  maxlinkdim=100 maxerr=1.35E-04 time=1.442
After sweep 19 energy=-128.78706  maxlinkdim=100 maxerr=1.35E-04 time=1.399
After sweep 20 energy=-128.78732  maxlinkdim=100 maxerr=1.34E-04 time=1.445
After sweep 21 energy=-128.78783  maxlinkdim=100 maxerr=1.34E-04 time=1.388
After sweep 22 energy=-128.78737  maxlinkdim=100 maxerr=1.34E-04 time=1.432
After sweep 23 energy=-128.78772  maxlinkdim=100 maxerr=1.35E-04 time=1.396
After sweep 24 energy=-128.78764  maxlinkdim=100 maxerr=1.34E-04 time=1.428
After sweep 25 energy=-128.78743  maxlinkdim=100 maxerr=1.32E-04 time=1.369
After sweep 26 energy=-128.78761  maxlinkdim=100 maxerr=1.32E-04 time=1.417
After sweep 27 energy=-128.78787  maxlinkdim=100 maxerr=1.32E-04 time=1.371
After sweep 28 energy=-128.78749  maxlinkdim=100 maxerr=1.32E-04 time=1.373
After sweep 29 energy=-128.7877  maxlinkdim=100 maxerr=1.32E-04 time=1.417
After sweep 30 energy=-128.78754  maxlinkdim=100 maxerr=1.31E-04 time=1.366
Same mu: 1.711156152753051 and continuing
Target density achieved with mu=1.711156152753051, n=0.9374965
Checking {alpha,beta} vs measured
Beta not converged.
NOT CONVERGED; updating alpha, beta and continuing...
After sweep 1 energy=-117.7987  maxlinkdim=10 maxerr=4.39E-03 time=0.696
After sweep 2 energy=-123.459625  maxlinkdim=20 maxerr=2.66E-03 time=0.726
After sweep 3 energy=-126.28962  maxlinkdim=100 maxerr=5.54E-06 time=1.468
After sweep 4 energy=-127.00194  maxlinkdim=100 maxerr=1.10E-05 time=1.463
After sweep 5 energy=-127.439674  maxlinkdim=100 maxerr=1.18E-04 time=1.418
After sweep 6 energy=-127.74782  maxlinkdim=100 maxerr=1.36E-04 time=1.374
After sweep 7 energy=-128.04744  maxlinkdim=100 maxerr=2.45E-04 time=1.422
After sweep 8 energy=-128.29611  maxlinkdim=100 maxerr=2.70E-04 time=1.389
After sweep 9 energy=-128.49344  maxlinkdim=100 maxerr=2.71E-04 time=1.426
After sweep 10 energy=-128.63512  maxlinkdim=100 maxerr=2.48E-04 time=1.387
After sweep 11 energy=-128.70534  maxlinkdim=100 maxerr=1.75E-04 time=1.424
After sweep 12 energy=-128.74167  maxlinkdim=100 maxerr=1.58E-04 time=1.379
After sweep 13 energy=-128.76286  maxlinkdim=100 maxerr=1.39E-04 time=1.417
After sweep 14 energy=-128.77542  maxlinkdim=100 maxerr=1.35E-04 time=1.382
After sweep 15 energy=-128.78117  maxlinkdim=100 maxerr=1.36E-04 time=1.417
After sweep 16 energy=-128.7842  maxlinkdim=100 maxerr=1.35E-04 time=1.380
After sweep 17 energy=-128.78542  maxlinkdim=100 maxerr=1.34E-04 time=1.375
After sweep 18 energy=-128.78664  maxlinkdim=100 maxerr=1.33E-04 time=1.430
After sweep 19 energy=-128.78683  maxlinkdim=100 maxerr=1.31E-04 time=1.369
After sweep 20 energy=-128.78726  maxlinkdim=100 maxerr=1.32E-04 time=1.418
After sweep 21 energy=-128.78757  maxlinkdim=100 maxerr=1.33E-04 time=1.371
After sweep 22 energy=-128.7871  maxlinkdim=100 maxerr=1.33E-04 time=1.428
After sweep 23 energy=-128.78757  maxlinkdim=100 maxerr=1.34E-04 time=1.369
After sweep 24 energy=-128.78757  maxlinkdim=100 maxerr=1.33E-04 time=1.426
After sweep 25 energy=-128.7875  maxlinkdim=100 maxerr=1.33E-04 time=1.384
After sweep 26 energy=-128.78757  maxlinkdim=100 maxerr=1.34E-04 time=1.424
After sweep 27 energy=-128.78734  maxlinkdim=100 maxerr=1.33E-04 time=1.386
After sweep 28 energy=-128.7873  maxlinkdim=100 maxerr=1.33E-04 time=1.456
After sweep 29 energy=-128.78781  maxlinkdim=100 maxerr=1.33E-04 time=1.399
After sweep 30 energy=-128.7879  maxlinkdim=100 maxerr=1.33E-04 time=1.425
Same mu: 1.711156152753051 and continuing
Target density achieved with mu=1.711156152753051, n=0.9374982
Checking {alpha,beta} vs measured
Beta not converged.
NOT CONVERGED; updating alpha, beta and continuing...
After sweep 1 energy=-117.73038  maxlinkdim=10 maxerr=4.75E-03 time=0.659
After sweep 2 energy=-123.91985  maxlinkdim=20 maxerr=2.03E-03 time=0.878
After sweep 3 energy=-126.60791  maxlinkdim=100 maxerr=4.43E-06 time=1.336
After sweep 4 energy=-127.27874  maxlinkdim=100 maxerr=1.45E-05 time=1.471
After sweep 5 energy=-127.66597  maxlinkdim=100 maxerr=1.09E-04 time=1.413
After sweep 6 energy=-127.90774  maxlinkdim=100 maxerr=9.51E-05 time=1.364
After sweep 7 energy=-128.12106  maxlinkdim=100 maxerr=1.87E-04 time=1.424
After sweep 8 energy=-128.3403  maxlinkdim=100 maxerr=3.24E-04 time=1.380
After sweep 9 energy=-128.47865  maxlinkdim=100 maxerr=2.36E-04 time=1.417
After sweep 10 energy=-128.55745  maxlinkdim=100 maxerr=1.91E-04 time=1.378
After sweep 11 energy=-128.62224  maxlinkdim=100 maxerr=1.42E-04 time=1.418
After sweep 12 energy=-128.66365  maxlinkdim=100 maxerr=1.47E-04 time=1.383
After sweep 13 energy=-128.69478  maxlinkdim=100 maxerr=1.37E-04 time=1.421
After sweep 14 energy=-128.72154  maxlinkdim=100 maxerr=1.40E-04 time=1.379
After sweep 15 energy=-128.74597  maxlinkdim=100 maxerr=1.39E-04 time=1.424
After sweep 16 energy=-128.76553  maxlinkdim=100 maxerr=1.36E-04 time=1.380
After sweep 17 energy=-128.77629  maxlinkdim=100 maxerr=1.36E-04 time=1.424
After sweep 18 energy=-128.78217  maxlinkdim=100 maxerr=1.31E-04 time=1.381
After sweep 19 energy=-128.7844  maxlinkdim=100 maxerr=1.30E-04 time=1.424
After sweep 20 energy=-128.78615  maxlinkdim=100 maxerr=1.31E-04 time=1.385
After sweep 21 energy=-128.78645  maxlinkdim=100 maxerr=1.32E-04 time=1.431
After sweep 22 energy=-128.78712  maxlinkdim=100 maxerr=1.34E-04 time=1.383
After sweep 23 energy=-128.78699  maxlinkdim=100 maxerr=1.34E-04 time=1.424
After sweep 24 energy=-128.78716  maxlinkdim=100 maxerr=1.34E-04 time=1.377
After sweep 25 energy=-128.78745  maxlinkdim=100 maxerr=1.32E-04 time=1.419
After sweep 26 energy=-128.78786  maxlinkdim=100 maxerr=1.32E-04 time=1.376
After sweep 27 energy=-128.78764  maxlinkdim=100 maxerr=1.32E-04 time=1.423
After sweep 28 energy=-128.78784  maxlinkdim=100 maxerr=1.31E-04 time=1.379
After sweep 29 energy=-128.78737  maxlinkdim=100 maxerr=1.31E-04 time=1.419
After sweep 30 energy=-128.78775  maxlinkdim=100 maxerr=1.31E-04 time=1.380
Same mu: 1.711156152753051 and continuing
Target density achieved with mu=1.711156152753051, n=0.937497
Checking {alpha,beta} vs measured
Beta not converged.
NOT CONVERGED; updating alpha, beta and continuing...
After sweep 1 energy=-117.61473  maxlinkdim=10 maxerr=3.73E-03 time=0.707
After sweep 2 energy=-123.18378  maxlinkdim=20 maxerr=2.20E-03 time=0.739
After sweep 3 energy=-125.97266  maxlinkdim=100 maxerr=5.80E-06 time=1.457
After sweep 4 energy=-126.74899  maxlinkdim=100 maxerr=9.28E-06 time=1.462
After sweep 5 energy=-127.30487  maxlinkdim=100 maxerr=8.73E-05 time=1.435
After sweep 6 energy=-127.693535  maxlinkdim=100 maxerr=2.02E-04 time=1.372
After sweep 7 energy=-127.9548  maxlinkdim=100 maxerr=2.57E-04 time=1.426
After sweep 8 energy=-128.15129  maxlinkdim=100 maxerr=2.17E-04 time=1.375
After sweep 9 energy=-128.35417  maxlinkdim=100 maxerr=1.88E-04 time=1.429
After sweep 10 energy=-128.54391  maxlinkdim=100 maxerr=2.50E-04 time=1.377
After sweep 11 energy=-128.65083  maxlinkdim=100 maxerr=2.54E-04 time=1.422
After sweep 12 energy=-128.68877  maxlinkdim=100 maxerr=1.55E-04 time=1.371
After sweep 13 energy=-128.7134  maxlinkdim=100 maxerr=1.33E-04 time=1.420
After sweep 14 energy=-128.73692  maxlinkdim=100 maxerr=1.31E-04 time=1.383
After sweep 15 energy=-128.75871  maxlinkdim=100 maxerr=1.32E-04 time=1.425
After sweep 16 energy=-128.77303  maxlinkdim=100 maxerr=1.37E-04 time=1.369
After sweep 17 energy=-128.78009  maxlinkdim=100 maxerr=1.40E-04 time=1.420
After sweep 18 energy=-128.78392  maxlinkdim=100 maxerr=1.38E-04 time=1.411
After sweep 19 energy=-128.78595  maxlinkdim=100 maxerr=1.34E-04 time=1.373
After sweep 20 energy=-128.78639  maxlinkdim=100 maxerr=1.35E-04 time=1.416
After sweep 21 energy=-128.7865  maxlinkdim=100 maxerr=1.36E-04 time=1.374
After sweep 22 energy=-128.78693  maxlinkdim=100 maxerr=1.36E-04 time=1.429
After sweep 23 energy=-128.78722  maxlinkdim=100 maxerr=1.35E-04 time=1.388
After sweep 24 energy=-128.78738  maxlinkdim=100 maxerr=1.34E-04 time=1.418
After sweep 25 energy=-128.78789  maxlinkdim=100 maxerr=1.34E-04 time=1.372
After sweep 26 energy=-128.78767  maxlinkdim=100 maxerr=1.35E-04 time=1.419
After sweep 27 energy=-128.78789  maxlinkdim=100 maxerr=1.34E-04 time=1.381
After sweep 28 energy=-128.78769  maxlinkdim=100 maxerr=1.35E-04 time=1.423
After sweep 29 energy=-128.7879  maxlinkdim=100 maxerr=1.34E-04 time=1.376
After sweep 30 energy=-128.78719  maxlinkdim=100 maxerr=1.35E-04 time=1.419
Same mu: 1.711156152753051 and continuing
Target density achieved with mu=1.711156152753051, n=0.93749434
Checking {alpha,beta} vs measured
Beta not converged.
NOT CONVERGED; updating alpha, beta and continuing...
After sweep 1 energy=-117.75573  maxlinkdim=10 maxerr=3.84E-03 time=0.686
After sweep 2 energy=-123.63153  maxlinkdim=20 maxerr=1.86E-03 time=0.721
After sweep 3 energy=-126.460175  maxlinkdim=100 maxerr=4.93E-06 time=1.388
After sweep 4 energy=-127.10905  maxlinkdim=100 maxerr=2.91E-05 time=1.485
After sweep 5 energy=-127.49392  maxlinkdim=100 maxerr=5.22E-05 time=1.350
After sweep 6 energy=-127.788536  maxlinkdim=100 maxerr=1.52E-04 time=1.404
After sweep 7 energy=-127.99853  maxlinkdim=100 maxerr=1.44E-04 time=1.359
After sweep 8 energy=-128.22495  maxlinkdim=100 maxerr=2.31E-04 time=1.413
After sweep 9 energy=-128.48451  maxlinkdim=100 maxerr=1.80E-04 time=1.366
After sweep 10 energy=-128.62204  maxlinkdim=100 maxerr=2.37E-04 time=1.407
After sweep 11 energy=-128.67197  maxlinkdim=100 maxerr=1.34E-04 time=1.366
After sweep 12 energy=-128.69733  maxlinkdim=100 maxerr=1.34E-04 time=1.363
After sweep 13 energy=-128.72112  maxlinkdim=100 maxerr=1.40E-04 time=1.414
After sweep 14 energy=-128.74527  maxlinkdim=100 maxerr=1.38E-04 time=1.362
After sweep 15 energy=-128.76546  maxlinkdim=100 maxerr=1.33E-04 time=1.416
After sweep 16 energy=-128.77719  maxlinkdim=100 maxerr=1.34E-04 time=1.372
After sweep 17 energy=-128.78236  maxlinkdim=100 maxerr=1.32E-04 time=1.419
After sweep 18 energy=-128.78505  maxlinkdim=100 maxerr=1.30E-04 time=1.374
After sweep 19 energy=-128.78609  maxlinkdim=100 maxerr=1.31E-04 time=1.417
After sweep 20 energy=-128.78716  maxlinkdim=100 maxerr=1.31E-04 time=1.373
After sweep 21 energy=-128.7875  maxlinkdim=100 maxerr=1.30E-04 time=1.411
After sweep 22 energy=-128.78738  maxlinkdim=100 maxerr=1.31E-04 time=1.371
After sweep 23 energy=-128.78714  maxlinkdim=100 maxerr=1.33E-04 time=1.366
After sweep 24 energy=-128.78745  maxlinkdim=100 maxerr=1.33E-04 time=1.420
After sweep 25 energy=-128.78766  maxlinkdim=100 maxerr=1.33E-04 time=1.366
After sweep 26 energy=-128.78722  maxlinkdim=100 maxerr=1.33E-04 time=1.416
After sweep 27 energy=-128.7875  maxlinkdim=100 maxerr=1.33E-04 time=1.367
After sweep 28 energy=-128.78758  maxlinkdim=100 maxerr=1.33E-04 time=1.416
After sweep 29 energy=-128.78731  maxlinkdim=100 maxerr=1.32E-04 time=1.373
After sweep 30 energy=-128.78728  maxlinkdim=100 maxerr=1.31E-04 time=1.418
Same mu: 1.711156152753051 and continuing
Target density achieved with mu=1.711156152753051, n=0.9374965
Checking {alpha,beta} vs measured
Beta not converged.
NOT CONVERGED; updating alpha, beta and continuing...
After sweep 1 energy=-117.72815  maxlinkdim=10 maxerr=3.48E-03 time=0.688
After sweep 2 energy=-123.246826  maxlinkdim=20 maxerr=3.12E-03 time=0.736
After sweep 3 energy=-126.07389  maxlinkdim=100 maxerr=3.36E-06 time=1.457
After sweep 4 energy=-126.87882  maxlinkdim=100 maxerr=7.25E-06 time=1.455
After sweep 5 energy=-127.36461  maxlinkdim=100 maxerr=3.35E-05 time=1.412
After sweep 6 energy=-127.70935  maxlinkdim=100 maxerr=1.55E-04 time=1.365
After sweep 7 energy=-127.994125  maxlinkdim=100 maxerr=1.28E-04 time=1.424
After sweep 8 energy=-128.26576  maxlinkdim=100 maxerr=1.85E-04 time=1.373
After sweep 9 energy=-128.4553  maxlinkdim=100 maxerr=1.92E-04 time=1.425
After sweep 10 energy=-128.58875  maxlinkdim=100 maxerr=2.73E-04 time=1.375
After sweep 11 energy=-128.68045  maxlinkdim=100 maxerr=1.92E-04 time=1.430
After sweep 12 energy=-128.72885  maxlinkdim=100 maxerr=1.42E-04 time=1.376
After sweep 13 energy=-128.75626  maxlinkdim=100 maxerr=1.36E-04 time=1.419
After sweep 14 energy=-128.77167  maxlinkdim=100 maxerr=1.35E-04 time=1.376
After sweep 15 energy=-128.77925  maxlinkdim=100 maxerr=1.38E-04 time=1.422
After sweep 16 energy=-128.78299  maxlinkdim=100 maxerr=1.34E-04 time=1.375
After sweep 17 energy=-128.78511  maxlinkdim=100 maxerr=1.33E-04 time=1.380
After sweep 18 energy=-128.78618  maxlinkdim=100 maxerr=1.33E-04 time=1.422
After sweep 19 energy=-128.78677  maxlinkdim=100 maxerr=1.32E-04 time=1.372
After sweep 20 energy=-128.78708  maxlinkdim=100 maxerr=1.33E-04 time=1.420
After sweep 21 energy=-128.78723  maxlinkdim=100 maxerr=1.33E-04 time=1.370
After sweep 22 energy=-128.78777  maxlinkdim=100 maxerr=1.33E-04 time=1.421
After sweep 23 energy=-128.78722  maxlinkdim=100 maxerr=1.33E-04 time=1.367
After sweep 24 energy=-128.7877  maxlinkdim=100 maxerr=1.32E-04 time=1.417
After sweep 25 energy=-128.78812  maxlinkdim=100 maxerr=1.32E-04 time=1.372
After sweep 26 energy=-128.78732  maxlinkdim=100 maxerr=1.31E-04 time=1.425
After sweep 27 energy=-128.78763  maxlinkdim=100 maxerr=1.31E-04 time=1.380
After sweep 28 energy=-128.78787  maxlinkdim=100 maxerr=1.31E-04 time=1.415
After sweep 29 energy=-128.78795  maxlinkdim=100 maxerr=1.31E-04 time=1.376
After sweep 30 energy=-128.78778  maxlinkdim=100 maxerr=1.31E-04 time=1.417
Same mu: 1.711156152753051 and continuing
Target density achieved with mu=1.711156152753051, n=0.9374974
Checking {alpha,beta} vs measured
Beta not converged.
NOT CONVERGED; updating alpha, beta and continuing...
After sweep 1 energy=-117.795586  maxlinkdim=10 maxerr=4.20E-03 time=0.666
After sweep 2 energy=-123.47138  maxlinkdim=20 maxerr=3.29E-03 time=0.843
After sweep 3 energy=-126.15658  maxlinkdim=100 maxerr=4.96E-06 time=1.345
After sweep 4 energy=-126.89673  maxlinkdim=100 maxerr=2.50E-05 time=1.457
After sweep 5 energy=-127.41905  maxlinkdim=100 maxerr=8.61E-05 time=1.409
After sweep 6 energy=-127.7397  maxlinkdim=100 maxerr=1.13E-04 time=1.370
After sweep 7 energy=-127.98648  maxlinkdim=100 maxerr=1.85E-04 time=1.414
After sweep 8 energy=-128.29396  maxlinkdim=100 maxerr=2.30E-04 time=1.373
After sweep 9 energy=-128.53697  maxlinkdim=100 maxerr=3.69E-04 time=1.418
After sweep 10 energy=-128.64522  maxlinkdim=100 maxerr=2.83E-04 time=1.382
After sweep 11 energy=-128.68208  maxlinkdim=100 maxerr=1.80E-04 time=1.420
After sweep 12 energy=-128.70113  maxlinkdim=100 maxerr=1.56E-04 time=1.377
After sweep 13 energy=-128.72127  maxlinkdim=100 maxerr=1.32E-04 time=1.417
After sweep 14 energy=-128.74338  maxlinkdim=100 maxerr=1.36E-04 time=1.373
After sweep 15 energy=-128.76346  maxlinkdim=100 maxerr=1.36E-04 time=1.374
After sweep 16 energy=-128.77548  maxlinkdim=100 maxerr=1.33E-04 time=1.423
After sweep 17 energy=-128.7821  maxlinkdim=100 maxerr=1.34E-04 time=1.375
After sweep 18 energy=-128.7849  maxlinkdim=100 maxerr=1.33E-04 time=1.422
After sweep 19 energy=-128.78629  maxlinkdim=100 maxerr=1.33E-04 time=1.377
After sweep 20 energy=-128.78712  maxlinkdim=100 maxerr=1.34E-04 time=1.423
After sweep 21 energy=-128.78725  maxlinkdim=100 maxerr=1.33E-04 time=1.373
After sweep 22 energy=-128.78767  maxlinkdim=100 maxerr=1.34E-04 time=1.421
After sweep 23 energy=-128.78786  maxlinkdim=100 maxerr=1.33E-04 time=1.372
After sweep 24 energy=-128.788  maxlinkdim=100 maxerr=1.34E-04 time=1.422
After sweep 25 energy=-128.78738  maxlinkdim=100 maxerr=1.33E-04 time=1.369
After sweep 26 energy=-128.78773  maxlinkdim=100 maxerr=1.33E-04 time=1.422
After sweep 27 energy=-128.78772  maxlinkdim=100 maxerr=1.33E-04 time=1.371
After sweep 28 energy=-128.78781  maxlinkdim=100 maxerr=1.32E-04 time=1.423
After sweep 29 energy=-128.78798  maxlinkdim=100 maxerr=1.32E-04 time=1.372
After sweep 30 energy=-128.78801  maxlinkdim=100 maxerr=1.32E-04 time=1.416
Same mu: 1.711156152753051 and continuing
Target density achieved with mu=1.711156152753051, n=0.9374993
Checking {alpha,beta} vs measured
Beta not converged.
NOT CONVERGED; updating alpha, beta and continuing...
After sweep 1 energy=-117.89276  maxlinkdim=10 maxerr=3.86E-03 time=0.681
After sweep 2 energy=-123.55061  maxlinkdim=20 maxerr=3.08E-03 time=0.745
After sweep 3 energy=-126.2779  maxlinkdim=100 maxerr=4.11E-06 time=1.437
After sweep 4 energy=-126.99977  maxlinkdim=100 maxerr=8.03E-06 time=1.496
After sweep 5 energy=-127.41084  maxlinkdim=100 maxerr=3.09E-05 time=1.374
After sweep 6 energy=-127.730774  maxlinkdim=100 maxerr=1.63E-04 time=1.418
After sweep 7 energy=-128.07658  maxlinkdim=100 maxerr=1.49E-04 time=1.373
After sweep 8 energy=-128.3245  maxlinkdim=100 maxerr=2.44E-04 time=1.427
After sweep 9 energy=-128.4931  maxlinkdim=100 maxerr=2.56E-04 time=1.374
After sweep 10 energy=-128.60844  maxlinkdim=100 maxerr=2.79E-04 time=1.426
After sweep 11 energy=-128.65857  maxlinkdim=100 maxerr=1.64E-04 time=1.375
After sweep 12 energy=-128.67975  maxlinkdim=100 maxerr=1.36E-04 time=1.424
After sweep 13 energy=-128.69427  maxlinkdim=100 maxerr=1.38E-04 time=1.371
After sweep 14 energy=-128.71242  maxlinkdim=100 maxerr=1.33E-04 time=1.427
After sweep 15 energy=-128.73428  maxlinkdim=100 maxerr=1.35E-04 time=1.383
After sweep 16 energy=-128.75612  maxlinkdim=100 maxerr=1.35E-04 time=1.425
After sweep 17 energy=-128.772  maxlinkdim=100 maxerr=1.32E-04 time=1.370
After sweep 18 energy=-128.78009  maxlinkdim=100 maxerr=1.35E-04 time=1.423
After sweep 19 energy=-128.7836  maxlinkdim=100 maxerr=1.32E-04 time=1.371
After sweep 20 energy=-128.78595  maxlinkdim=100 maxerr=1.33E-04 time=1.424
After sweep 21 energy=-128.78589  maxlinkdim=100 maxerr=1.32E-04 time=1.368
After sweep 22 energy=-128.78702  maxlinkdim=100 maxerr=1.30E-04 time=1.426
After sweep 23 energy=-128.7873  maxlinkdim=100 maxerr=1.30E-04 time=1.378
After sweep 24 energy=-128.78734  maxlinkdim=100 maxerr=1.32E-04 time=1.425
After sweep 25 energy=-128.78783  maxlinkdim=100 maxerr=1.32E-04 time=1.367
After sweep 26 energy=-128.78755  maxlinkdim=100 maxerr=1.32E-04 time=1.423
After sweep 27 energy=-128.78777  maxlinkdim=100 maxerr=1.32E-04 time=1.370
After sweep 28 energy=-128.78722  maxlinkdim=100 maxerr=1.32E-04 time=1.427
After sweep 29 energy=-128.78758  maxlinkdim=100 maxerr=1.33E-04 time=1.375
After sweep 30 energy=-128.7878  maxlinkdim=100 maxerr=1.32E-04 time=1.422
Same mu: 1.711156152753051 and continuing
Target density achieved with mu=1.711156152753051, n=0.9374975
Checking {alpha,beta} vs measured
Beta not converged.
NOT CONVERGED; updating alpha, beta and continuing...
After sweep 1 energy=-117.512054  maxlinkdim=10 maxerr=3.16E-03 time=0.703
After sweep 2 energy=-123.50252  maxlinkdim=20 maxerr=1.74E-03 time=0.742
After sweep 3 energy=-126.337364  maxlinkdim=100 maxerr=3.39E-06 time=1.457
After sweep 4 energy=-127.08737  maxlinkdim=100 maxerr=5.58E-06 time=1.451
After sweep 5 energy=-127.537254  maxlinkdim=100 maxerr=3.30E-05 time=1.417
After sweep 6 energy=-127.846695  maxlinkdim=100 maxerr=7.26E-05 time=1.366
After sweep 7 energy=-128.066  maxlinkdim=100 maxerr=1.84E-04 time=1.417
After sweep 8 energy=-128.2685  maxlinkdim=100 maxerr=1.96E-04 time=1.376
After sweep 9 energy=-128.4534  maxlinkdim=100 maxerr=1.61E-04 time=1.434
After sweep 10 energy=-128.56256  maxlinkdim=100 maxerr=1.13E-04 time=1.372
After sweep 11 energy=-128.63565  maxlinkdim=100 maxerr=1.72E-04 time=1.421
After sweep 12 energy=-128.68285  maxlinkdim=100 maxerr=1.40E-04 time=1.376
After sweep 13 energy=-128.71686  maxlinkdim=100 maxerr=1.37E-04 time=1.420
After sweep 14 energy=-128.74387  maxlinkdim=100 maxerr=1.36E-04 time=1.371
After sweep 15 energy=-128.76445  maxlinkdim=100 maxerr=1.35E-04 time=1.424
After sweep 16 energy=-128.77605  maxlinkdim=100 maxerr=1.32E-04 time=1.422
After sweep 17 energy=-128.78188  maxlinkdim=100 maxerr=1.30E-04 time=1.376
After sweep 18 energy=-128.78435  maxlinkdim=100 maxerr=1.30E-04 time=1.431
After sweep 19 energy=-128.78606  maxlinkdim=100 maxerr=1.28E-04 time=1.381
After sweep 20 energy=-128.78726  maxlinkdim=100 maxerr=1.29E-04 time=1.422
After sweep 21 energy=-128.7875  maxlinkdim=100 maxerr=1.29E-04 time=1.375
After sweep 22 energy=-128.78723  maxlinkdim=100 maxerr=1.31E-04 time=1.419
After sweep 23 energy=-128.78757  maxlinkdim=100 maxerr=1.32E-04 time=1.375
After sweep 24 energy=-128.7879  maxlinkdim=100 maxerr=1.34E-04 time=1.420
After sweep 25 energy=-128.78812  maxlinkdim=100 maxerr=1.33E-04 time=1.377
After sweep 26 energy=-128.78831  maxlinkdim=100 maxerr=1.33E-04 time=1.420
After sweep 27 energy=-128.78787  maxlinkdim=100 maxerr=1.33E-04 time=1.379
After sweep 28 energy=-128.78767  maxlinkdim=100 maxerr=1.34E-04 time=1.431
After sweep 29 energy=-128.78777  maxlinkdim=100 maxerr=1.33E-04 time=1.376
After sweep 30 energy=-128.78773  maxlinkdim=100 maxerr=1.33E-04 time=1.424
Same mu: 1.711156152753051 and continuing
Target density achieved with mu=1.711156152753051, n=0.9374973
Checking {alpha,beta} vs measured
Beta not converged.
NOT CONVERGED; updating alpha, beta and continuing...
After sweep 1 energy=-117.781746  maxlinkdim=10 maxerr=4.51E-03 time=0.664
After sweep 2 energy=-123.41497  maxlinkdim=20 maxerr=3.04E-03 time=0.726
After sweep 3 energy=-126.288765  maxlinkdim=100 maxerr=5.20E-06 time=1.383
After sweep 4 energy=-127.063446  maxlinkdim=100 maxerr=9.65E-06 time=1.501
After sweep 5 energy=-127.515816  maxlinkdim=100 maxerr=1.50E-04 time=1.347
After sweep 6 energy=-127.86941  maxlinkdim=100 maxerr=1.96E-04 time=1.407
After sweep 7 energy=-128.17839  maxlinkdim=100 maxerr=2.15E-04 time=1.358
After sweep 8 energy=-128.38898  maxlinkdim=100 maxerr=2.72E-04 time=1.411
After sweep 9 energy=-128.5495  maxlinkdim=100 maxerr=2.96E-04 time=1.368
After sweep 10 energy=-128.63916  maxlinkdim=100 maxerr=2.10E-04 time=1.407
After sweep 11 energy=-128.67088  maxlinkdim=100 maxerr=1.76E-04 time=1.377
After sweep 12 energy=-128.68839  maxlinkdim=100 maxerr=1.55E-04 time=1.405
After sweep 13 energy=-128.70493  maxlinkdim=100 maxerr=1.42E-04 time=1.373
After sweep 14 energy=-128.72525  maxlinkdim=100 maxerr=1.39E-04 time=1.363
After sweep 15 energy=-128.74727  maxlinkdim=100 maxerr=1.38E-04 time=1.417
After sweep 16 energy=-128.76646  maxlinkdim=100 maxerr=1.38E-04 time=1.365
After sweep 17 energy=-128.77705  maxlinkdim=100 maxerr=1.36E-04 time=1.429
After sweep 18 energy=-128.7826  maxlinkdim=100 maxerr=1.33E-04 time=1.369
After sweep 19 energy=-128.78534  maxlinkdim=100 maxerr=1.33E-04 time=1.417
After sweep 20 energy=-128.78607  maxlinkdim=100 maxerr=1.35E-04 time=1.374
After sweep 21 energy=-128.78683  maxlinkdim=100 maxerr=1.34E-04 time=1.414
After sweep 22 energy=-128.78702  maxlinkdim=100 maxerr=1.34E-04 time=1.375
After sweep 23 energy=-128.78758  maxlinkdim=100 maxerr=1.34E-04 time=1.366
After sweep 24 energy=-128.78741  maxlinkdim=100 maxerr=1.33E-04 time=1.417
After sweep 25 energy=-128.78737  maxlinkdim=100 maxerr=1.33E-04 time=1.364
After sweep 26 energy=-128.78696  maxlinkdim=100 maxerr=1.33E-04 time=1.416
After sweep 27 energy=-128.78787  maxlinkdim=100 maxerr=1.33E-04 time=1.371
After sweep 28 energy=-128.78807  maxlinkdim=100 maxerr=1.33E-04 time=1.419
After sweep 29 energy=-128.7873  maxlinkdim=100 maxerr=1.32E-04 time=1.372
After sweep 30 energy=-128.78773  maxlinkdim=100 maxerr=1.32E-04 time=1.415
Same mu: 1.711156152753051 and continuing
Target density achieved with mu=1.711156152753051, n=0.9374974
Checking {alpha,beta} vs measured
Beta not converged.
NOT CONVERGED; updating alpha, beta and continuing...
After sweep 1 energy=-117.81744  maxlinkdim=10 maxerr=4.06E-03 time=0.678
After sweep 2 energy=-123.62754  maxlinkdim=20 maxerr=3.47E-03 time=0.731
After sweep 3 energy=-126.432465  maxlinkdim=100 maxerr=6.25E-06 time=1.439
After sweep 4 energy=-127.10763  maxlinkdim=100 maxerr=1.49E-05 time=1.499
After sweep 5 energy=-127.51661  maxlinkdim=100 maxerr=6.20E-05 time=1.369
After sweep 6 energy=-127.80237  maxlinkdim=100 maxerr=1.48E-04 time=1.422
After sweep 7 energy=-127.98907  maxlinkdim=100 maxerr=1.73E-04 time=1.375
After sweep 8 energy=-128.13872  maxlinkdim=100 maxerr=2.65E-04 time=1.371
After sweep 9 energy=-128.3364  maxlinkdim=100 maxerr=2.76E-04 time=1.423
After sweep 10 energy=-128.50383  maxlinkdim=100 maxerr=2.03E-04 time=1.367
After sweep 11 energy=-128.58784  maxlinkdim=100 maxerr=1.18E-04 time=1.420
After sweep 12 energy=-128.64246  maxlinkdim=100 maxerr=1.16E-04 time=1.373
After sweep 13 energy=-128.68137  maxlinkdim=100 maxerr=1.34E-04 time=1.419
After sweep 14 energy=-128.7119  maxlinkdim=100 maxerr=1.33E-04 time=1.372
After sweep 15 energy=-128.73827  maxlinkdim=100 maxerr=1.31E-04 time=1.422
After sweep 16 energy=-128.75989  maxlinkdim=100 maxerr=1.29E-04 time=1.374
After sweep 17 energy=-128.77379  maxlinkdim=100 maxerr=1.37E-04 time=1.417
After sweep 18 energy=-128.78073  maxlinkdim=100 maxerr=1.35E-04 time=1.379
After sweep 19 energy=-128.78426  maxlinkdim=100 maxerr=1.35E-04 time=1.411
After sweep 20 energy=-128.78621  maxlinkdim=100 maxerr=1.35E-04 time=1.372
After sweep 21 energy=-128.78665  maxlinkdim=100 maxerr=1.35E-04 time=1.370
After sweep 22 energy=-128.78694  maxlinkdim=100 maxerr=1.32E-04 time=1.422
After sweep 23 energy=-128.78725  maxlinkdim=100 maxerr=1.34E-04 time=1.368
After sweep 24 energy=-128.78773  maxlinkdim=100 maxerr=1.34E-04 time=1.421
After sweep 25 energy=-128.78758  maxlinkdim=100 maxerr=1.34E-04 time=1.367
After sweep 26 energy=-128.78752  maxlinkdim=100 maxerr=1.34E-04 time=1.418
After sweep 27 energy=-128.78795  maxlinkdim=100 maxerr=1.34E-04 time=1.367
After sweep 28 energy=-128.78769  maxlinkdim=100 maxerr=1.34E-04 time=1.421
After sweep 29 energy=-128.78842  maxlinkdim=100 maxerr=1.34E-04 time=1.374
After sweep 30 energy=-128.7884  maxlinkdim=100 maxerr=1.33E-04 time=1.418
Same mu: 1.711156152753051 and continuing
Target density achieved with mu=1.711156152753051, n=0.93749994
Checking {alpha,beta} vs measured
Beta not converged.
NOT CONVERGED; updating alpha, beta and continuing...
After sweep 1 energy=-118.31486  maxlinkdim=10 maxerr=4.71E-03 time=0.697
After sweep 2 energy=-123.140366  maxlinkdim=20 maxerr=1.45E-03 time=0.730
After sweep 3 energy=-125.880844  maxlinkdim=100 maxerr=6.15E-06 time=1.457
After sweep 4 energy=-126.67703  maxlinkdim=100 maxerr=2.98E-05 time=1.463
After sweep 5 energy=-127.29462  maxlinkdim=100 maxerr=6.99E-05 time=1.417
After sweep 6 energy=-127.70135  maxlinkdim=100 maxerr=1.69E-04 time=1.372
After sweep 7 energy=-127.98952  maxlinkdim=100 maxerr=2.02E-04 time=1.428
After sweep 8 energy=-128.26077  maxlinkdim=100 maxerr=1.72E-04 time=1.379
After sweep 9 energy=-128.47081  maxlinkdim=100 maxerr=1.80E-04 time=1.419
After sweep 10 energy=-128.58698  maxlinkdim=100 maxerr=2.09E-04 time=1.376
After sweep 11 energy=-128.66684  maxlinkdim=100 maxerr=1.64E-04 time=1.419
After sweep 12 energy=-128.71173  maxlinkdim=100 maxerr=1.47E-04 time=1.373
After sweep 13 energy=-128.74193  maxlinkdim=100 maxerr=1.26E-04 time=1.416
After sweep 14 energy=-128.76274  maxlinkdim=100 maxerr=1.27E-04 time=1.373
After sweep 15 energy=-128.7754  maxlinkdim=100 maxerr=1.31E-04 time=1.422
After sweep 16 energy=-128.78133  maxlinkdim=100 maxerr=1.34E-04 time=1.380
After sweep 17 energy=-128.78397  maxlinkdim=100 maxerr=1.34E-04 time=1.420
After sweep 18 energy=-128.78584  maxlinkdim=100 maxerr=1.34E-04 time=1.383
After sweep 19 energy=-128.78685  maxlinkdim=100 maxerr=1.34E-04 time=1.372
After sweep 20 energy=-128.78662  maxlinkdim=100 maxerr=1.34E-04 time=1.424
After sweep 21 energy=-128.78645  maxlinkdim=100 maxerr=1.34E-04 time=1.371
After sweep 22 energy=-128.78735  maxlinkdim=100 maxerr=1.34E-04 time=1.423
After sweep 23 energy=-128.78786  maxlinkdim=100 maxerr=1.34E-04 time=1.369
After sweep 24 energy=-128.78772  maxlinkdim=100 maxerr=1.34E-04 time=1.436
After sweep 25 energy=-128.78748  maxlinkdim=100 maxerr=1.33E-04 time=1.375
After sweep 26 energy=-128.78793  maxlinkdim=100 maxerr=1.34E-04 time=1.425
After sweep 27 energy=-128.78763  maxlinkdim=100 maxerr=1.34E-04 time=1.376
After sweep 28 energy=-128.7876  maxlinkdim=100 maxerr=1.34E-04 time=1.427
After sweep 29 energy=-128.78711  maxlinkdim=100 maxerr=1.34E-04 time=1.380
After sweep 30 energy=-128.7876  maxlinkdim=100 maxerr=1.34E-04 time=1.426
Same mu: 1.711156152753051 and continuing
Target density achieved with mu=1.711156152753051, n=0.9374958
Checking {alpha,beta} vs measured
Beta not converged.
NOT CONVERGED; updating alpha, beta and continuing...
After sweep 1 energy=-117.68361  maxlinkdim=10 maxerr=3.84E-03 time=0.711
After sweep 2 energy=-123.64306  maxlinkdim=20 maxerr=2.20E-03 time=0.772
After sweep 3 energy=-126.53469  maxlinkdim=100 maxerr=7.16E-06 time=1.471
After sweep 4 energy=-127.18817  maxlinkdim=100 maxerr=2.04E-05 time=1.521
After sweep 5 energy=-127.59711  maxlinkdim=100 maxerr=2.86E-04 time=1.428
After sweep 6 energy=-127.8583  maxlinkdim=100 maxerr=2.90E-04 time=1.393
After sweep 7 energy=-128.04082  maxlinkdim=100 maxerr=2.74E-04 time=1.418
After sweep 8 energy=-128.23528  maxlinkdim=100 maxerr=3.65E-04 time=1.379
After sweep 9 energy=-128.41696  maxlinkdim=100 maxerr=2.92E-04 time=1.375
After sweep 10 energy=-128.50378  maxlinkdim=100 maxerr=2.20E-04 time=1.428
After sweep 11 energy=-128.53844  maxlinkdim=100 maxerr=2.08E-04 time=1.373
After sweep 12 energy=-128.5659  maxlinkdim=100 maxerr=2.00E-04 time=1.427
After sweep 13 energy=-128.62152  maxlinkdim=100 maxerr=1.93E-04 time=1.376
After sweep 14 energy=-128.67381  maxlinkdim=100 maxerr=1.70E-04 time=1.426
After sweep 15 energy=-128.71059  maxlinkdim=100 maxerr=1.48E-04 time=1.371
After sweep 16 energy=-128.7401  maxlinkdim=100 maxerr=1.42E-04 time=1.427
After sweep 17 energy=-128.76361  maxlinkdim=100 maxerr=1.42E-04 time=1.376
After sweep 18 energy=-128.7759  maxlinkdim=100 maxerr=1.40E-04 time=1.430
After sweep 19 energy=-128.78227  maxlinkdim=100 maxerr=1.34E-04 time=1.373
After sweep 20 energy=-128.78543  maxlinkdim=100 maxerr=1.33E-04 time=1.427
After sweep 21 energy=-128.78625  maxlinkdim=100 maxerr=1.32E-04 time=1.371
After sweep 22 energy=-128.78696  maxlinkdim=100 maxerr=1.34E-04 time=1.428
After sweep 23 energy=-128.78731  maxlinkdim=100 maxerr=1.34E-04 time=1.372
After sweep 24 energy=-128.7877  maxlinkdim=100 maxerr=1.33E-04 time=1.423
After sweep 25 energy=-128.78778  maxlinkdim=100 maxerr=1.33E-04 time=1.373
After sweep 26 energy=-128.78778  maxlinkdim=100 maxerr=1.32E-04 time=1.423
After sweep 27 energy=-128.78818  maxlinkdim=100 maxerr=1.32E-04 time=1.372
After sweep 28 energy=-128.78758  maxlinkdim=100 maxerr=1.33E-04 time=1.423
After sweep 29 energy=-128.78809  maxlinkdim=100 maxerr=1.33E-04 time=1.423
After sweep 30 energy=-128.78703  maxlinkdim=100 maxerr=1.33E-04 time=1.375
Same mu: 1.711156152753051 and continuing
Target density achieved with mu=1.711156152753051, n=0.9374964
Checking {alpha,beta} vs measured
Beta not converged.
NOT CONVERGED; updating alpha, beta and continuing...
After sweep 1 energy=-117.6475  maxlinkdim=10 maxerr=3.73E-03 time=0.713
After sweep 2 energy=-123.33866  maxlinkdim=20 maxerr=2.10E-03 time=0.737
After sweep 3 energy=-126.1673  maxlinkdim=100 maxerr=4.23E-06 time=1.445
After sweep 4 energy=-126.94371  maxlinkdim=100 maxerr=1.86E-05 time=1.456
After sweep 5 energy=-127.40794  maxlinkdim=100 maxerr=3.26E-05 time=1.422
After sweep 6 energy=-127.72761  maxlinkdim=100 maxerr=2.22E-04 time=1.368
After sweep 7 energy=-127.95584  maxlinkdim=100 maxerr=1.97E-04 time=1.427
After sweep 8 energy=-128.17462  maxlinkdim=100 maxerr=2.87E-04 time=1.374
After sweep 9 energy=-128.38734  maxlinkdim=100 maxerr=2.68E-04 time=1.427
After sweep 10 energy=-128.50726  maxlinkdim=100 maxerr=2.96E-04 time=1.379
After sweep 11 energy=-128.5812  maxlinkdim=100 maxerr=2.62E-04 time=1.429
After sweep 12 energy=-128.65036  maxlinkdim=100 maxerr=2.24E-04 time=1.378
After sweep 13 energy=-128.68896  maxlinkdim=100 maxerr=1.43E-04 time=1.425
After sweep 14 energy=-128.71773  maxlinkdim=100 maxerr=1.36E-04 time=1.382
After sweep 15 energy=-128.74347  maxlinkdim=100 maxerr=1.36E-04 time=1.427
After sweep 16 energy=-128.7633  maxlinkdim=100 maxerr=1.35E-04 time=1.419
After sweep 17 energy=-128.7748  maxlinkdim=100 maxerr=1.33E-04 time=1.375
After sweep 18 energy=-128.78114  maxlinkdim=100 maxerr=1.32E-04 time=1.422
After sweep 19 energy=-128.78444  maxlinkdim=100 maxerr=1.32E-04 time=1.378
After sweep 20 energy=-128.78549  maxlinkdim=100 maxerr=1.32E-04 time=1.419
After sweep 21 energy=-128.78642  maxlinkdim=100 maxerr=1.33E-04 time=1.376
After sweep 22 energy=-128.78693  maxlinkdim=100 maxerr=1.34E-04 time=1.419
After sweep 23 energy=-128.78719  maxlinkdim=100 maxerr=1.34E-04 time=1.378
After sweep 24 energy=-128.7874  maxlinkdim=100 maxerr=1.34E-04 time=1.423
After sweep 25 energy=-128.78719  maxlinkdim=100 maxerr=1.34E-04 time=1.374
After sweep 26 energy=-128.78755  maxlinkdim=100 maxerr=1.33E-04 time=1.415
After sweep 27 energy=-128.78786  maxlinkdim=100 maxerr=1.32E-04 time=1.383
After sweep 28 energy=-128.78792  maxlinkdim=100 maxerr=1.34E-04 time=1.424
After sweep 29 energy=-128.78853  maxlinkdim=100 maxerr=1.33E-04 time=1.372
After sweep 30 energy=-128.7874  maxlinkdim=100 maxerr=1.33E-04 time=1.423
Same mu: 1.711156152753051 and continuing
Target density achieved with mu=1.711156152753051, n=0.93749547
Checking {alpha,beta} vs measured
Beta not converged.
NOT CONVERGED; updating alpha, beta and continuing...
After sweep 1 energy=-117.6892  maxlinkdim=10 maxerr=3.92E-03 time=0.659
After sweep 2 energy=-123.590904  maxlinkdim=20 maxerr=2.20E-03 time=0.859
After sweep 3 energy=-126.331825  maxlinkdim=100 maxerr=5.96E-06 time=1.306
After sweep 4 energy=-127.00434  maxlinkdim=100 maxerr=1.24E-05 time=1.448
After sweep 5 energy=-127.477875  maxlinkdim=100 maxerr=3.59E-05 time=1.394
After sweep 6 energy=-127.78671  maxlinkdim=100 maxerr=1.14E-04 time=1.369
After sweep 7 energy=-127.9929  maxlinkdim=100 maxerr=2.12E-04 time=1.409
After sweep 8 energy=-128.19905  maxlinkdim=100 maxerr=2.16E-04 time=1.368
After sweep 9 energy=-128.42105  maxlinkdim=100 maxerr=3.28E-04 time=1.358
After sweep 10 energy=-128.58821  maxlinkdim=100 maxerr=2.46E-04 time=1.413
After sweep 11 energy=-128.67165  maxlinkdim=100 maxerr=1.84E-04 time=1.362
After sweep 12 energy=-128.71495  maxlinkdim=100 maxerr=1.73E-04 time=1.419
After sweep 13 energy=-128.74551  maxlinkdim=100 maxerr=1.40E-04 time=1.368
After sweep 14 energy=-128.76595  maxlinkdim=100 maxerr=1.35E-04 time=1.413
After sweep 15 energy=-128.77725  maxlinkdim=100 maxerr=1.34E-04 time=1.371
After sweep 16 energy=-128.78195  maxlinkdim=100 maxerr=1.33E-04 time=1.427
After sweep 17 energy=-128.78539  maxlinkdim=100 maxerr=1.34E-04 time=1.370
After sweep 18 energy=-128.78616  maxlinkdim=100 maxerr=1.35E-04 time=1.362
After sweep 19 energy=-128.78683  maxlinkdim=100 maxerr=1.34E-04 time=1.424
After sweep 20 energy=-128.78702  maxlinkdim=100 maxerr=1.35E-04 time=1.366
After sweep 21 energy=-128.78731  maxlinkdim=100 maxerr=1.34E-04 time=1.420
After sweep 22 energy=-128.78726  maxlinkdim=100 maxerr=1.34E-04 time=1.375
After sweep 23 energy=-128.78763  maxlinkdim=100 maxerr=1.34E-04 time=1.410
After sweep 24 energy=-128.78755  maxlinkdim=100 maxerr=1.34E-04 time=1.373
After sweep 25 energy=-128.78822  maxlinkdim=100 maxerr=1.33E-04 time=1.419
After sweep 26 energy=-128.7877  maxlinkdim=100 maxerr=1.33E-04 time=1.373
After sweep 27 energy=-128.78728  maxlinkdim=100 maxerr=1.33E-04 time=1.365
After sweep 28 energy=-128.78764  maxlinkdim=100 maxerr=1.33E-04 time=1.417
After sweep 29 energy=-128.78796  maxlinkdim=100 maxerr=1.34E-04 time=1.368
After sweep 30 energy=-128.78789  maxlinkdim=100 maxerr=1.33E-04 time=1.413
Same mu: 1.711156152753051 and continuing
Target density achieved with mu=1.711156152753051, n=0.93749815
Checking {alpha,beta} vs measured
Beta not converged.
NOT CONVERGED; updating alpha, beta and continuing...
After sweep 1 energy=-117.56519  maxlinkdim=10 maxerr=3.60E-03 time=0.679
After sweep 2 energy=-123.27008  maxlinkdim=20 maxerr=2.09E-03 time=0.738
After sweep 3 energy=-126.05651  maxlinkdim=100 maxerr=4.49E-06 time=1.431
After sweep 4 energy=-126.82537  maxlinkdim=100 maxerr=1.66E-05 time=1.497
After sweep 5 energy=-127.38438  maxlinkdim=100 maxerr=1.60E-04 time=1.367
After sweep 6 energy=-127.77447  maxlinkdim=100 maxerr=1.78E-04 time=1.408
After sweep 7 energy=-128.06567  maxlinkdim=100 maxerr=2.97E-04 time=1.369
After sweep 8 energy=-128.3317  maxlinkdim=100 maxerr=2.69E-04 time=1.411
After sweep 9 energy=-128.49327  maxlinkdim=100 maxerr=2.65E-04 time=1.378
After sweep 10 energy=-128.59596  maxlinkdim=100 maxerr=2.37E-04 time=1.415
After sweep 11 energy=-128.64973  maxlinkdim=100 maxerr=2.07E-04 time=1.370
After sweep 12 energy=-128.66895  maxlinkdim=100 maxerr=1.42E-04 time=1.364
After sweep 13 energy=-128.6768  maxlinkdim=100 maxerr=1.37E-04 time=1.415
After sweep 14 energy=-128.68098  maxlinkdim=100 maxerr=1.37E-04 time=1.362
After sweep 15 energy=-128.68245  maxlinkdim=100 maxerr=1.35E-04 time=1.415
After sweep 16 energy=-128.68413  maxlinkdim=100 maxerr=1.34E-04 time=1.365
After sweep 17 energy=-128.6852  maxlinkdim=100 maxerr=1.33E-04 time=1.416
After sweep 18 energy=-128.68698  maxlinkdim=100 maxerr=1.32E-04 time=1.374
After sweep 19 energy=-128.69075  maxlinkdim=100 maxerr=1.32E-04 time=1.410
After sweep 20 energy=-128.6979  maxlinkdim=100 maxerr=1.32E-04 time=1.365
After sweep 21 energy=-128.70999  maxlinkdim=100 maxerr=1.33E-04 time=1.412
After sweep 22 energy=-128.72896  maxlinkdim=100 maxerr=1.32E-04 time=1.368
After sweep 23 energy=-128.74997  maxlinkdim=100 maxerr=1.30E-04 time=1.414
After sweep 24 energy=-128.7679  maxlinkdim=100 maxerr=1.30E-04 time=1.378
After sweep 25 energy=-128.77834  maxlinkdim=100 maxerr=1.29E-04 time=1.368
After sweep 26 energy=-128.78279  maxlinkdim=100 maxerr=1.30E-04 time=1.418
After sweep 27 energy=-128.78558  maxlinkdim=100 maxerr=1.30E-04 time=1.369
After sweep 28 energy=-128.7861  maxlinkdim=100 maxerr=1.31E-04 time=1.424
After sweep 29 energy=-128.78694  maxlinkdim=100 maxerr=1.32E-04 time=1.376
After sweep 30 energy=-128.78719  maxlinkdim=100 maxerr=1.34E-04 time=1.418
Same mu: 1.711156152753051 and continuing
Target density achieved with mu=1.711156152753051, n=0.93749416
Checking {alpha,beta} vs measured
Beta not converged.
NOT CONVERGED; updating alpha, beta and continuing...
After sweep 1 energy=-117.6739  maxlinkdim=10 maxerr=3.97E-03 time=0.694
After sweep 2 energy=-123.55082  maxlinkdim=20 maxerr=3.22E-03 time=0.736
After sweep 3 energy=-126.254585  maxlinkdim=100 maxerr=3.01E-06 time=1.457
After sweep 4 energy=-126.9839  maxlinkdim=100 maxerr=4.48E-05 time=1.461
After sweep 5 energy=-127.46553  maxlinkdim=100 maxerr=9.05E-05 time=1.416
After sweep 6 energy=-127.78437  maxlinkdim=100 maxerr=1.21E-04 time=1.363
After sweep 7 energy=-127.98954  maxlinkdim=100 maxerr=2.35E-04 time=1.421
After sweep 8 energy=-128.19125  maxlinkdim=100 maxerr=3.76E-04 time=1.371
After sweep 9 energy=-128.4512  maxlinkdim=100 maxerr=3.21E-04 time=1.425
After sweep 10 energy=-128.61412  maxlinkdim=100 maxerr=2.19E-04 time=1.369
After sweep 11 energy=-128.6682  maxlinkdim=100 maxerr=2.13E-04 time=1.428
After sweep 12 energy=-128.69174  maxlinkdim=100 maxerr=1.49E-04 time=1.376
After sweep 13 energy=-128.71199  maxlinkdim=100 maxerr=1.39E-04 time=1.424
After sweep 14 energy=-128.73433  maxlinkdim=100 maxerr=1.33E-04 time=1.378
After sweep 15 energy=-128.75606  maxlinkdim=100 maxerr=1.30E-04 time=1.422
After sweep 16 energy=-128.77144  maxlinkdim=100 maxerr=1.33E-04 time=1.373
After sweep 17 energy=-128.78006  maxlinkdim=100 maxerr=1.34E-04 time=1.416
After sweep 18 energy=-128.78362  maxlinkdim=100 maxerr=1.34E-04 time=1.376
After sweep 19 energy=-128.78563  maxlinkdim=100 maxerr=1.35E-04 time=1.420
After sweep 20 energy=-128.7864  maxlinkdim=100 maxerr=1.35E-04 time=1.374
After sweep 21 energy=-128.78723  maxlinkdim=100 maxerr=1.32E-04 time=1.417
After sweep 22 energy=-128.7872  maxlinkdim=100 maxerr=1.34E-04 time=1.381
After sweep 23 energy=-128.78752  maxlinkdim=100 maxerr=1.34E-04 time=1.422
After sweep 24 energy=-128.7872  maxlinkdim=100 maxerr=1.33E-04 time=1.377
After sweep 25 energy=-128.78789  maxlinkdim=100 maxerr=1.33E-04 time=1.368
After sweep 26 energy=-128.78752  maxlinkdim=100 maxerr=1.34E-04 time=1.427
After sweep 27 energy=-128.78766  maxlinkdim=100 maxerr=1.34E-04 time=1.373
After sweep 28 energy=-128.78722  maxlinkdim=100 maxerr=1.34E-04 time=1.421
After sweep 29 energy=-128.7877  maxlinkdim=100 maxerr=1.33E-04 time=1.374
After sweep 30 energy=-128.78764  maxlinkdim=100 maxerr=1.33E-04 time=1.431
Same mu: 1.711156152753051 and continuing
Target density achieved with mu=1.711156152753051, n=0.9374974
Checking {alpha,beta} vs measured
Beta not converged.
NOT CONVERGED; updating alpha, beta and continuing...
After sweep 1 energy=-117.70891  maxlinkdim=10 maxerr=4.07E-03 time=0.699
After sweep 2 energy=-123.407906  maxlinkdim=20 maxerr=2.53E-03 time=0.745
After sweep 3 energy=-126.14689  maxlinkdim=100 maxerr=5.00E-06 time=1.448
After sweep 4 energy=-126.92702  maxlinkdim=100 maxerr=1.09E-05 time=1.503
After sweep 5 energy=-127.47408  maxlinkdim=100 maxerr=4.05E-05 time=1.371
After sweep 6 energy=-127.805786  maxlinkdim=100 maxerr=1.51E-04 time=1.423
After sweep 7 energy=-128.01752  maxlinkdim=100 maxerr=1.64E-04 time=1.378
After sweep 8 energy=-128.2318  maxlinkdim=100 maxerr=1.88E-04 time=1.430
After sweep 9 energy=-128.42415  maxlinkdim=100 maxerr=1.63E-04 time=1.381
After sweep 10 energy=-128.53226  maxlinkdim=100 maxerr=1.37E-04 time=1.422
After sweep 11 energy=-128.59378  maxlinkdim=100 maxerr=1.24E-04 time=1.377
After sweep 12 energy=-128.63994  maxlinkdim=100 maxerr=1.52E-04 time=1.420
After sweep 13 energy=-128.6669  maxlinkdim=100 maxerr=1.29E-04 time=1.382
After sweep 14 energy=-128.68474  maxlinkdim=100 maxerr=1.36E-04 time=1.415
After sweep 15 energy=-128.7013  maxlinkdim=100 maxerr=1.35E-04 time=1.379
After sweep 16 energy=-128.72037  maxlinkdim=100 maxerr=1.33E-04 time=1.421
After sweep 17 energy=-128.74173  maxlinkdim=100 maxerr=1.37E-04 time=1.377
After sweep 18 energy=-128.76218  maxlinkdim=100 maxerr=1.39E-04 time=1.425
After sweep 19 energy=-128.77487  maxlinkdim=100 maxerr=1.34E-04 time=1.381
After sweep 20 energy=-128.78125  maxlinkdim=100 maxerr=1.33E-04 time=1.421
After sweep 21 energy=-128.784  maxlinkdim=100 maxerr=1.32E-04 time=1.379
After sweep 22 energy=-128.78633  maxlinkdim=100 maxerr=1.33E-04 time=1.419
After sweep 23 energy=-128.78667  maxlinkdim=100 maxerr=1.33E-04 time=1.380
After sweep 24 energy=-128.78705  maxlinkdim=100 maxerr=1.33E-04 time=1.423
After sweep 25 energy=-128.78726  maxlinkdim=100 maxerr=1.33E-04 time=1.380
After sweep 26 energy=-128.78717  maxlinkdim=100 maxerr=1.33E-04 time=1.426
After sweep 27 energy=-128.78793  maxlinkdim=100 maxerr=1.33E-04 time=1.377
After sweep 28 energy=-128.78757  maxlinkdim=100 maxerr=1.34E-04 time=1.426
After sweep 29 energy=-128.78796  maxlinkdim=100 maxerr=1.34E-04 time=1.383
After sweep 30 energy=-128.78824  maxlinkdim=100 maxerr=1.33E-04 time=1.423
Same mu: 1.711156152753051 and continuing
Target density achieved with mu=1.711156152753051, n=0.93749684
Checking {alpha,beta} vs measured
Beta not converged.
NOT CONVERGED; updating alpha, beta and continuing...
After sweep 1 energy=-117.78641  maxlinkdim=10 maxerr=3.83E-03 time=0.710
After sweep 2 energy=-123.50366  maxlinkdim=20 maxerr=2.75E-03 time=0.742
After sweep 3 energy=-126.21851  maxlinkdim=100 maxerr=3.42E-06 time=1.437
After sweep 4 energy=-126.94905  maxlinkdim=100 maxerr=1.29E-05 time=1.460
After sweep 5 energy=-127.40741  maxlinkdim=100 maxerr=8.41E-05 time=1.426
After sweep 6 energy=-127.71488  maxlinkdim=100 maxerr=1.67E-04 time=1.370
After sweep 7 energy=-127.9373  maxlinkdim=100 maxerr=1.70E-04 time=1.427
After sweep 8 energy=-128.18707  maxlinkdim=100 maxerr=3.01E-04 time=1.371
After sweep 9 energy=-128.40562  maxlinkdim=100 maxerr=3.23E-04 time=1.430
After sweep 10 energy=-128.53076  maxlinkdim=100 maxerr=3.16E-04 time=1.375
After sweep 11 energy=-128.62712  maxlinkdim=100 maxerr=2.51E-04 time=1.434
After sweep 12 energy=-128.66516  maxlinkdim=100 maxerr=1.50E-04 time=1.373
After sweep 13 energy=-128.68585  maxlinkdim=100 maxerr=1.35E-04 time=1.436
After sweep 14 energy=-128.70354  maxlinkdim=100 maxerr=1.34E-04 time=1.378
After sweep 15 energy=-128.72435  maxlinkdim=100 maxerr=1.34E-04 time=1.428
After sweep 16 energy=-128.74715  maxlinkdim=100 maxerr=1.35E-04 time=1.416
After sweep 17 energy=-128.76578  maxlinkdim=100 maxerr=1.33E-04 time=1.380
After sweep 18 energy=-128.777  maxlinkdim=100 maxerr=1.32E-04 time=1.419
After sweep 19 energy=-128.78229  maxlinkdim=100 maxerr=1.31E-04 time=1.375
After sweep 20 energy=-128.78503  maxlinkdim=100 maxerr=1.33E-04 time=1.421
After sweep 21 energy=-128.78659  maxlinkdim=100 maxerr=1.34E-04 time=1.377
After sweep 22 energy=-128.7864  maxlinkdim=100 maxerr=1.32E-04 time=1.427
After sweep 23 energy=-128.7869  maxlinkdim=100 maxerr=1.34E-04 time=1.379
After sweep 24 energy=-128.787  maxlinkdim=100 maxerr=1.33E-04 time=1.418
After sweep 25 energy=-128.78688  maxlinkdim=100 maxerr=1.30E-04 time=1.376
After sweep 26 energy=-128.78763  maxlinkdim=100 maxerr=1.31E-04 time=1.421
After sweep 27 energy=-128.78804  maxlinkdim=100 maxerr=1.31E-04 time=1.376
After sweep 28 energy=-128.78748  maxlinkdim=100 maxerr=1.31E-04 time=1.419
After sweep 29 energy=-128.78766  maxlinkdim=100 maxerr=1.31E-04 time=1.378
After sweep 30 energy=-128.78787  maxlinkdim=100 maxerr=1.31E-04 time=1.425
Same mu: 1.711156152753051 and continuing
Target density achieved with mu=1.711156152753051, n=0.9374967
Checking {alpha,beta} vs measured
Beta not converged.
NOT CONVERGED; updating alpha, beta and continuing...
After sweep 1 energy=-117.5406  maxlinkdim=10 maxerr=3.84E-03 time=0.652
After sweep 2 energy=-123.24102  maxlinkdim=20 maxerr=3.45E-03 time=0.831
After sweep 3 energy=-125.879105  maxlinkdim=100 maxerr=2.86E-06 time=1.317
After sweep 4 energy=-126.666145  maxlinkdim=100 maxerr=1.75E-05 time=1.452
After sweep 5 energy=-127.238594  maxlinkdim=100 maxerr=6.99E-05 time=1.398
After sweep 6 energy=-127.66339  maxlinkdim=100 maxerr=1.99E-04 time=1.362
After sweep 7 energy=-127.96812  maxlinkdim=100 maxerr=2.11E-04 time=1.407
After sweep 8 energy=-128.24872  maxlinkdim=100 maxerr=2.11E-04 time=1.370
After sweep 9 energy=-128.44476  maxlinkdim=100 maxerr=2.92E-04 time=1.370
After sweep 10 energy=-128.51906  maxlinkdim=100 maxerr=2.13E-04 time=1.416
After sweep 11 energy=-128.54414  maxlinkdim=100 maxerr=2.08E-04 time=1.369
After sweep 12 energy=-128.55948  maxlinkdim=100 maxerr=2.08E-04 time=1.424
After sweep 13 energy=-128.57675  maxlinkdim=100 maxerr=2.07E-04 time=1.379
After sweep 14 energy=-128.60672  maxlinkdim=100 maxerr=2.29E-04 time=1.417
After sweep 15 energy=-128.67917  maxlinkdim=100 maxerr=2.47E-04 time=1.380
After sweep 16 energy=-128.73915  maxlinkdim=100 maxerr=2.07E-04 time=1.432
After sweep 17 energy=-128.76553  maxlinkdim=100 maxerr=1.64E-04 time=1.376
After sweep 18 energy=-128.77641  maxlinkdim=100 maxerr=1.47E-04 time=1.366
After sweep 19 energy=-128.78197  maxlinkdim=100 maxerr=1.39E-04 time=1.419
After sweep 20 energy=-128.78418  maxlinkdim=100 maxerr=1.35E-04 time=1.365
After sweep 21 energy=-128.78561  maxlinkdim=100 maxerr=1.33E-04 time=1.428
After sweep 22 energy=-128.78703  maxlinkdim=100 maxerr=1.35E-04 time=1.366
After sweep 23 energy=-128.78685  maxlinkdim=100 maxerr=1.35E-04 time=1.423
After sweep 24 energy=-128.78691  maxlinkdim=100 maxerr=1.36E-04 time=1.383
After sweep 25 energy=-128.7873  maxlinkdim=100 maxerr=1.35E-04 time=1.416
After sweep 26 energy=-128.78748  maxlinkdim=100 maxerr=1.35E-04 time=1.371
After sweep 27 energy=-128.78746  maxlinkdim=100 maxerr=1.35E-04 time=1.367
After sweep 28 energy=-128.78752  maxlinkdim=100 maxerr=1.35E-04 time=1.420
After sweep 29 energy=-128.78796  maxlinkdim=100 maxerr=1.35E-04 time=1.371
After sweep 30 energy=-128.78761  maxlinkdim=100 maxerr=1.34E-04 time=1.416
Same mu: 1.711156152753051 and continuing
Target density achieved with mu=1.711156152753051, n=0.9374965
Checking {alpha,beta} vs measured
Beta not converged.
NOT CONVERGED; updating alpha, beta and continuing...
After sweep 1 energy=-117.58654  maxlinkdim=10 maxerr=3.89E-03 time=0.669
After sweep 2 energy=-123.5523  maxlinkdim=20 maxerr=3.29E-03 time=0.731
After sweep 3 energy=-126.26266  maxlinkdim=100 maxerr=8.96E-06 time=1.424
After sweep 4 energy=-127.04056  maxlinkdim=100 maxerr=3.93E-05 time=1.498
After sweep 5 energy=-127.5135  maxlinkdim=100 maxerr=1.37E-04 time=1.365
After sweep 6 energy=-127.81955  maxlinkdim=100 maxerr=1.36E-04 time=1.412
After sweep 7 energy=-128.0323  maxlinkdim=100 maxerr=2.15E-04 time=1.361
After sweep 8 energy=-128.24695  maxlinkdim=100 maxerr=3.45E-04 time=1.412
After sweep 9 energy=-128.43146  maxlinkdim=100 maxerr=2.13E-04 time=1.364
After sweep 10 energy=-128.57947  maxlinkdim=100 maxerr=2.33E-04 time=1.414
After sweep 11 energy=-128.64162  maxlinkdim=100 maxerr=1.64E-04 time=1.367
After sweep 12 energy=-128.66582  maxlinkdim=100 maxerr=1.64E-04 time=1.410
After sweep 13 energy=-128.67561  maxlinkdim=100 maxerr=1.55E-04 time=1.369
After sweep 14 energy=-128.6794  maxlinkdim=100 maxerr=1.43E-04 time=1.407
After sweep 15 energy=-128.68225  maxlinkdim=100 maxerr=1.36E-04 time=1.368
After sweep 16 energy=-128.68329  maxlinkdim=100 maxerr=1.31E-04 time=1.362
After sweep 17 energy=-128.685  maxlinkdim=100 maxerr=1.31E-04 time=1.410
After sweep 18 energy=-128.68706  maxlinkdim=100 maxerr=1.31E-04 time=1.362
After sweep 19 energy=-128.69006  maxlinkdim=100 maxerr=1.32E-04 time=1.417
After sweep 20 energy=-128.69566  maxlinkdim=100 maxerr=1.33E-04 time=1.366
After sweep 21 energy=-128.70657  maxlinkdim=100 maxerr=1.33E-04 time=1.410
After sweep 22 energy=-128.72395  maxlinkdim=100 maxerr=1.33E-04 time=1.360
After sweep 23 energy=-128.74564  maxlinkdim=100 maxerr=1.33E-04 time=1.414
After sweep 24 energy=-128.76427  maxlinkdim=100 maxerr=1.33E-04 time=1.365
After sweep 25 energy=-128.77614  maxlinkdim=100 maxerr=1.33E-04 time=1.420
After sweep 26 energy=-128.78221  maxlinkdim=100 maxerr=1.33E-04 time=1.366
After sweep 27 energy=-128.78493  maxlinkdim=100 maxerr=1.33E-04 time=1.406
After sweep 28 energy=-128.78609  maxlinkdim=100 maxerr=1.33E-04 time=1.367
After sweep 29 energy=-128.78706  maxlinkdim=100 maxerr=1.33E-04 time=1.404
After sweep 30 energy=-128.78703  maxlinkdim=100 maxerr=1.33E-04 time=1.363
Same mu: 1.711156152753051 and continuing
Target density achieved with mu=1.711156152753051, n=0.93749326
Checking {alpha,beta} vs measured
Beta not converged.
NOT CONVERGED; updating alpha, beta and continuing...
After sweep 1 energy=-117.72012  maxlinkdim=10 maxerr=3.55E-03 time=0.692
After sweep 2 energy=-123.41961  maxlinkdim=20 maxerr=2.55E-03 time=0.720
After sweep 3 energy=-126.1734  maxlinkdim=100 maxerr=3.94E-06 time=1.435
After sweep 4 energy=-126.93219  maxlinkdim=100 maxerr=9.54E-06 time=1.449
After sweep 5 energy=-127.42994  maxlinkdim=100 maxerr=3.42E-05 time=1.400
After sweep 6 energy=-127.75395  maxlinkdim=100 maxerr=1.38E-04 time=1.362
After sweep 7 energy=-128.01709  maxlinkdim=100 maxerr=1.26E-04 time=1.408
After sweep 8 energy=-128.25069  maxlinkdim=100 maxerr=1.92E-04 time=1.367
After sweep 9 energy=-128.42987  maxlinkdim=100 maxerr=3.15E-04 time=1.409
After sweep 10 energy=-128.56282  maxlinkdim=100 maxerr=2.20E-04 time=1.370
After sweep 11 energy=-128.66156  maxlinkdim=100 maxerr=2.00E-04 time=1.411
After sweep 12 energy=-128.71622  maxlinkdim=100 maxerr=1.57E-04 time=1.367
After sweep 13 energy=-128.74863  maxlinkdim=100 maxerr=1.36E-04 time=1.409
After sweep 14 energy=-128.768  maxlinkdim=100 maxerr=1.35E-04 time=1.370
After sweep 15 energy=-128.77788  maxlinkdim=100 maxerr=1.34E-04 time=1.411
After sweep 16 energy=-128.7824  maxlinkdim=100 maxerr=1.35E-04 time=1.369
After sweep 17 energy=-128.78464  maxlinkdim=100 maxerr=1.34E-04 time=1.363
After sweep 18 energy=-128.78593  maxlinkdim=100 maxerr=1.35E-04 time=1.415
After sweep 19 energy=-128.7861  maxlinkdim=100 maxerr=1.35E-04 time=1.365
After sweep 20 energy=-128.78716  maxlinkdim=100 maxerr=1.35E-04 time=1.413
After sweep 21 energy=-128.78746  maxlinkdim=100 maxerr=1.35E-04 time=1.362
After sweep 22 energy=-128.78734  maxlinkdim=100 maxerr=1.35E-04 time=1.418
After sweep 23 energy=-128.78793  maxlinkdim=100 maxerr=1.34E-04 time=1.364
After sweep 24 energy=-128.7872  maxlinkdim=100 maxerr=1.35E-04 time=1.413
After sweep 25 energy=-128.78767  maxlinkdim=100 maxerr=1.35E-04 time=1.362
After sweep 26 energy=-128.78732  maxlinkdim=100 maxerr=1.35E-04 time=1.418
After sweep 27 energy=-128.78767  maxlinkdim=100 maxerr=1.35E-04 time=1.368
After sweep 28 energy=-128.78824  maxlinkdim=100 maxerr=1.35E-04 time=1.410
After sweep 29 energy=-128.78773  maxlinkdim=100 maxerr=1.34E-04 time=1.363
After sweep 30 energy=-128.78801  maxlinkdim=100 maxerr=1.33E-04 time=1.415
Same mu: 1.711156152753051 and continuing
Target density achieved with mu=1.711156152753051, n=0.9374976
Checking {alpha,beta} vs measured
Beta not converged.
NOT CONVERGED; updating alpha, beta and continuing...
After sweep 1 energy=-117.59218  maxlinkdim=10 maxerr=3.72E-03 time=0.695
After sweep 2 energy=-123.511795  maxlinkdim=20 maxerr=2.11E-03 time=0.725
After sweep 3 energy=-126.43726  maxlinkdim=100 maxerr=1.05E-05 time=1.457
After sweep 4 energy=-127.118996  maxlinkdim=100 maxerr=9.69E-05 time=1.457
After sweep 5 energy=-127.58981  maxlinkdim=100 maxerr=2.67E-04 time=1.405
After sweep 6 energy=-127.88425  maxlinkdim=100 maxerr=1.80E-04 time=1.360
After sweep 7 energy=-128.09828  maxlinkdim=100 maxerr=1.84E-04 time=1.414
After sweep 8 energy=-128.29332  maxlinkdim=100 maxerr=3.44E-04 time=1.367
After sweep 9 energy=-128.49478  maxlinkdim=100 maxerr=2.82E-04 time=1.431
After sweep 10 energy=-128.61438  maxlinkdim=100 maxerr=2.10E-04 time=1.370
After sweep 11 energy=-128.65588  maxlinkdim=100 maxerr=1.69E-04 time=1.419
After sweep 12 energy=-128.6715  maxlinkdim=100 maxerr=1.60E-04 time=1.374
After sweep 13 energy=-128.67795  maxlinkdim=100 maxerr=1.47E-04 time=1.414
After sweep 14 energy=-128.68073  maxlinkdim=100 maxerr=1.40E-04 time=1.368
After sweep 15 energy=-128.68356  maxlinkdim=100 maxerr=1.34E-04 time=1.409
After sweep 16 energy=-128.6851  maxlinkdim=100 maxerr=1.29E-04 time=1.373
After sweep 17 energy=-128.68777  maxlinkdim=100 maxerr=1.31E-04 time=1.413
After sweep 18 energy=-128.69278  maxlinkdim=100 maxerr=1.32E-04 time=1.369
After sweep 19 energy=-128.70187  maxlinkdim=100 maxerr=1.32E-04 time=1.415
After sweep 20 energy=-128.71793  maxlinkdim=100 maxerr=1.33E-04 time=1.372
After sweep 21 energy=-128.73843  maxlinkdim=100 maxerr=1.33E-04 time=1.408
After sweep 22 energy=-128.75891  maxlinkdim=100 maxerr=1.33E-04 time=1.370
After sweep 23 energy=-128.77365  maxlinkdim=100 maxerr=1.33E-04 time=1.408
After sweep 24 energy=-128.78052  maxlinkdim=100 maxerr=1.32E-04 time=1.369
After sweep 25 energy=-128.78433  maxlinkdim=100 maxerr=1.31E-04 time=1.418
After sweep 26 energy=-128.78584  maxlinkdim=100 maxerr=1.31E-04 time=1.373
After sweep 27 energy=-128.7871  maxlinkdim=100 maxerr=1.30E-04 time=1.412
After sweep 28 energy=-128.78754  maxlinkdim=100 maxerr=1.30E-04 time=1.364
After sweep 29 energy=-128.78728  maxlinkdim=100 maxerr=1.31E-04 time=1.414
After sweep 30 energy=-128.78735  maxlinkdim=100 maxerr=1.31E-04 time=1.371
Same mu: 1.711156152753051 and continuing
Target density achieved with mu=1.711156152753051, n=0.93749434
Checking {alpha,beta} vs measured
Beta not converged.
NOT CONVERGED; updating alpha, beta and continuing...
After sweep 1 energy=-117.65316  maxlinkdim=10 maxerr=4.35E-03 time=0.674
After sweep 2 energy=-123.375595  maxlinkdim=20 maxerr=2.58E-03 time=0.733
After sweep 3 energy=-126.12045  maxlinkdim=100 maxerr=2.66E-06 time=1.409
After sweep 4 energy=-126.92726  maxlinkdim=100 maxerr=8.37E-06 time=1.509
After sweep 5 energy=-127.424515  maxlinkdim=100 maxerr=6.80E-05 time=1.400
After sweep 6 energy=-127.77298  maxlinkdim=100 maxerr=5.61E-05 time=1.364
After sweep 7 energy=-128.01929  maxlinkdim=100 maxerr=2.40E-04 time=1.406
After sweep 8 energy=-128.27612  maxlinkdim=100 maxerr=2.35E-04 time=1.371
After sweep 9 energy=-128.4872  maxlinkdim=100 maxerr=2.72E-04 time=1.411
After sweep 10 energy=-128.59445  maxlinkdim=100 maxerr=1.27E-04 time=1.374
After sweep 11 energy=-128.64435  maxlinkdim=100 maxerr=1.43E-04 time=1.419
After sweep 12 energy=-128.66617  maxlinkdim=100 maxerr=1.59E-04 time=1.392
After sweep 13 energy=-128.67603  maxlinkdim=100 maxerr=1.48E-04 time=1.422
After sweep 14 energy=-128.67992  maxlinkdim=100 maxerr=1.39E-04 time=1.376
After sweep 15 energy=-128.68268  maxlinkdim=100 maxerr=1.34E-04 time=1.422
After sweep 16 energy=-128.68384  maxlinkdim=100 maxerr=1.30E-04 time=1.375
After sweep 17 energy=-128.68541  maxlinkdim=100 maxerr=1.31E-04 time=1.426
After sweep 18 energy=-128.68776  maxlinkdim=100 maxerr=1.32E-04 time=1.360
After sweep 19 energy=-128.69322  maxlinkdim=100 maxerr=1.33E-04 time=1.412
After sweep 20 energy=-128.70206  maxlinkdim=100 maxerr=1.32E-04 time=1.357
After sweep 21 energy=-128.71713  maxlinkdim=100 maxerr=1.31E-04 time=1.411
After sweep 22 energy=-128.7377  maxlinkdim=100 maxerr=1.31E-04 time=1.360
After sweep 23 energy=-128.75815  maxlinkdim=100 maxerr=1.31E-04 time=1.416
After sweep 24 energy=-128.77306  maxlinkdim=100 maxerr=1.31E-04 time=1.370
After sweep 25 energy=-128.7812  maxlinkdim=100 maxerr=1.32E-04 time=1.411
After sweep 26 energy=-128.78432  maxlinkdim=100 maxerr=1.32E-04 time=1.355
After sweep 27 energy=-128.78616  maxlinkdim=100 maxerr=1.33E-04 time=1.409
After sweep 28 energy=-128.78685  maxlinkdim=100 maxerr=1.32E-04 time=1.357
After sweep 29 energy=-128.78676  maxlinkdim=100 maxerr=1.32E-04 time=1.408
After sweep 30 energy=-128.7873  maxlinkdim=100 maxerr=1.33E-04 time=1.403
Same mu: 1.711156152753051 and continuing
Target density achieved with mu=1.711156152753051, n=0.9374939
Checking {alpha,beta} vs measured
Beta not converged.
NOT CONVERGED; updating alpha, beta and continuing...
After sweep 1 energy=-117.70635  maxlinkdim=10 maxerr=5.07E-03 time=0.642
After sweep 2 energy=-123.65899  maxlinkdim=20 maxerr=2.38E-03 time=0.831
After sweep 3 energy=-126.55937  maxlinkdim=100 maxerr=1.02E-05 time=1.292
After sweep 4 energy=-127.264114  maxlinkdim=100 maxerr=7.01E-05 time=1.437
After sweep 5 energy=-127.659355  maxlinkdim=100 maxerr=8.36E-05 time=1.386
After sweep 6 energy=-127.90627  maxlinkdim=100 maxerr=1.92E-04 time=1.348
After sweep 7 energy=-128.11382  maxlinkdim=100 maxerr=3.19E-04 time=1.395
After sweep 8 energy=-128.35435  maxlinkdim=100 maxerr=3.96E-04 time=1.357
After sweep 9 energy=-128.53621  maxlinkdim=100 maxerr=2.60E-04 time=1.353
After sweep 10 energy=-128.63754  maxlinkdim=100 maxerr=1.58E-04 time=1.410
After sweep 11 energy=-128.69925  maxlinkdim=100 maxerr=1.50E-04 time=1.357
After sweep 12 energy=-128.73927  maxlinkdim=100 maxerr=1.42E-04 time=1.406
After sweep 13 energy=-128.76375  maxlinkdim=100 maxerr=1.40E-04 time=1.366
After sweep 14 energy=-128.77562  maxlinkdim=100 maxerr=1.38E-04 time=1.400
After sweep 15 energy=-128.78148  maxlinkdim=100 maxerr=1.34E-04 time=1.360
After sweep 16 energy=-128.78477  maxlinkdim=100 maxerr=1.31E-04 time=1.395
After sweep 17 energy=-128.78593  maxlinkdim=100 maxerr=1.29E-04 time=1.361
After sweep 18 energy=-128.78697  maxlinkdim=100 maxerr=1.31E-04 time=1.359
After sweep 19 energy=-128.78728  maxlinkdim=100 maxerr=1.33E-04 time=1.413
After sweep 20 energy=-128.78705  maxlinkdim=100 maxerr=1.33E-04 time=1.354
After sweep 21 energy=-128.78741  maxlinkdim=100 maxerr=1.33E-04 time=1.404
After sweep 22 energy=-128.78741  maxlinkdim=100 maxerr=1.34E-04 time=1.359
After sweep 23 energy=-128.78761  maxlinkdim=100 maxerr=1.33E-04 time=1.400
After sweep 24 energy=-128.78723  maxlinkdim=100 maxerr=1.33E-04 time=1.365
After sweep 25 energy=-128.78767  maxlinkdim=100 maxerr=1.33E-04 time=1.401
After sweep 26 energy=-128.78775  maxlinkdim=100 maxerr=1.33E-04 time=1.362
After sweep 27 energy=-128.78801  maxlinkdim=100 maxerr=1.33E-04 time=1.362
After sweep 28 energy=-128.78746  maxlinkdim=100 maxerr=1.33E-04 time=1.410
After sweep 29 energy=-128.7876  maxlinkdim=100 maxerr=1.32E-04 time=1.360
After sweep 30 energy=-128.78813  maxlinkdim=100 maxerr=1.31E-04 time=1.405
Same mu: 1.711156152753051 and continuing
Target density achieved with mu=1.711156152753051, n=0.9374997
Checking {alpha,beta} vs measured
Beta not converged.
NOT CONVERGED; updating alpha, beta and continuing...
After sweep 1 energy=-117.590576  maxlinkdim=10 maxerr=3.62E-03 time=0.667
After sweep 2 energy=-123.45865  maxlinkdim=20 maxerr=2.63E-03 time=0.724
After sweep 3 energy=-126.2716  maxlinkdim=100 maxerr=8.42E-06 time=1.425
After sweep 4 energy=-126.93457  maxlinkdim=100 maxerr=8.79E-06 time=1.487
After sweep 5 energy=-127.36646  maxlinkdim=100 maxerr=5.14E-05 time=1.364
After sweep 6 energy=-127.690765  maxlinkdim=100 maxerr=1.79E-04 time=1.353
After sweep 7 energy=-127.95251  maxlinkdim=100 maxerr=2.53E-04 time=1.402
After sweep 8 energy=-128.21385  maxlinkdim=100 maxerr=2.30E-04 time=1.357
After sweep 9 energy=-128.4266  maxlinkdim=100 maxerr=2.92E-04 time=1.403
After sweep 10 energy=-128.53839  maxlinkdim=100 maxerr=2.25E-04 time=1.357
After sweep 11 energy=-128.61502  maxlinkdim=100 maxerr=1.64E-04 time=1.403
After sweep 12 energy=-128.65541  maxlinkdim=100 maxerr=1.49E-04 time=1.357
After sweep 13 energy=-128.67612  maxlinkdim=100 maxerr=1.40E-04 time=1.404
After sweep 14 energy=-128.69093  maxlinkdim=100 maxerr=1.43E-04 time=1.362
After sweep 15 energy=-128.707  maxlinkdim=100 maxerr=1.36E-04 time=1.399
After sweep 16 energy=-128.72777  maxlinkdim=100 maxerr=1.34E-04 time=1.362
After sweep 17 energy=-128.74959  maxlinkdim=100 maxerr=1.32E-04 time=1.400
After sweep 18 energy=-128.76758  maxlinkdim=100 maxerr=1.34E-04 time=1.359
After sweep 19 energy=-128.77774  maxlinkdim=100 maxerr=1.38E-04 time=1.359
After sweep 20 energy=-128.78313  maxlinkdim=100 maxerr=1.37E-04 time=1.405
After sweep 21 energy=-128.78563  maxlinkdim=100 maxerr=1.33E-04 time=1.358
After sweep 22 energy=-128.78624  maxlinkdim=100 maxerr=1.33E-04 time=1.406
After sweep 23 energy=-128.78676  maxlinkdim=100 maxerr=1.33E-04 time=1.361
After sweep 24 energy=-128.78712  maxlinkdim=100 maxerr=1.33E-04 time=1.406
After sweep 25 energy=-128.78757  maxlinkdim=100 maxerr=1.33E-04 time=1.354
After sweep 26 energy=-128.78738  maxlinkdim=100 maxerr=1.33E-04 time=1.405
After sweep 27 energy=-128.78705  maxlinkdim=100 maxerr=1.33E-04 time=1.360
After sweep 28 energy=-128.7876  maxlinkdim=100 maxerr=1.33E-04 time=1.403
After sweep 29 energy=-128.78752  maxlinkdim=100 maxerr=1.34E-04 time=1.363
After sweep 30 energy=-128.78772  maxlinkdim=100 maxerr=1.33E-04 time=1.406
Same mu: 1.711156152753051 and continuing
Target density achieved with mu=1.711156152753051, n=0.93749803
Checking {alpha,beta} vs measured
Beta not converged.
NOT CONVERGED; updating alpha, beta and continuing...
After sweep 1 energy=-117.60939  maxlinkdim=10 maxerr=4.01E-03 time=0.649
After sweep 2 energy=-123.52864  maxlinkdim=20 maxerr=2.37E-03 time=0.844
After sweep 3 energy=-126.25997  maxlinkdim=100 maxerr=6.06E-06 time=1.312
After sweep 4 energy=-127.01495  maxlinkdim=100 maxerr=1.21E-05 time=1.446
After sweep 5 energy=-127.49599  maxlinkdim=100 maxerr=1.17E-04 time=1.399
After sweep 6 energy=-127.80677  maxlinkdim=100 maxerr=1.43E-04 time=1.362
After sweep 7 energy=-128.01622  maxlinkdim=100 maxerr=1.75E-04 time=1.409
After sweep 8 energy=-128.21156  maxlinkdim=100 maxerr=2.42E-04 time=1.363
After sweep 9 energy=-128.42465  maxlinkdim=100 maxerr=3.24E-04 time=1.407
After sweep 10 energy=-128.5654  maxlinkdim=100 maxerr=2.47E-04 time=1.365
After sweep 11 energy=-128.64058  maxlinkdim=100 maxerr=1.54E-04 time=1.407
After sweep 12 energy=-128.68022  maxlinkdim=100 maxerr=1.57E-04 time=1.365
After sweep 13 energy=-128.70842  maxlinkdim=100 maxerr=1.51E-04 time=1.402
After sweep 14 energy=-128.736  maxlinkdim=100 maxerr=1.41E-04 time=1.362
After sweep 15 energy=-128.7597  maxlinkdim=100 maxerr=1.35E-04 time=1.355
After sweep 16 energy=-128.7738  maxlinkdim=100 maxerr=1.37E-04 time=1.412
After sweep 17 energy=-128.78123  maxlinkdim=100 maxerr=1.34E-04 time=1.356
After sweep 18 energy=-128.78467  maxlinkdim=100 maxerr=1.31E-04 time=1.407
After sweep 19 energy=-128.78587  maxlinkdim=100 maxerr=1.32E-04 time=1.359
After sweep 20 energy=-128.7867  maxlinkdim=100 maxerr=1.32E-04 time=1.410
After sweep 21 energy=-128.78738  maxlinkdim=100 maxerr=1.33E-04 time=1.357
After sweep 22 energy=-128.78741  maxlinkdim=100 maxerr=1.32E-04 time=1.404
After sweep 23 energy=-128.78726  maxlinkdim=100 maxerr=1.32E-04 time=1.355
After sweep 24 energy=-128.78769  maxlinkdim=100 maxerr=1.32E-04 time=1.406
After sweep 25 energy=-128.78754  maxlinkdim=100 maxerr=1.32E-04 time=1.369
After sweep 26 energy=-128.78764  maxlinkdim=100 maxerr=1.32E-04 time=1.400
After sweep 27 energy=-128.78764  maxlinkdim=100 maxerr=1.32E-04 time=1.357
After sweep 28 energy=-128.78775  maxlinkdim=100 maxerr=1.32E-04 time=1.403
After sweep 29 energy=-128.78786  maxlinkdim=100 maxerr=1.32E-04 time=1.355
After sweep 30 energy=-128.78731  maxlinkdim=100 maxerr=1.32E-04 time=1.396
Same mu: 1.711156152753051 and continuing
Target density achieved with mu=1.711156152753051, n=0.9374971
Checking {alpha,beta} vs measured
Beta not converged.
NOT CONVERGED; updating alpha, beta and continuing...
After sweep 1 energy=-117.706  maxlinkdim=10 maxerr=3.62E-03 time=0.679
After sweep 2 energy=-123.44619  maxlinkdim=20 maxerr=2.13E-03 time=0.721
After sweep 3 energy=-126.19542  maxlinkdim=100 maxerr=5.04E-06 time=1.432
After sweep 4 energy=-126.985825  maxlinkdim=100 maxerr=2.73E-05 time=1.446
After sweep 5 energy=-127.5214  maxlinkdim=100 maxerr=5.90E-05 time=1.390
After sweep 6 energy=-127.84161  maxlinkdim=100 maxerr=1.39E-04 time=1.350
After sweep 7 energy=-128.08229  maxlinkdim=100 maxerr=1.65E-04 time=1.399
After sweep 8 energy=-128.29863  maxlinkdim=100 maxerr=1.37E-04 time=1.354
After sweep 9 energy=-128.44968  maxlinkdim=100 maxerr=1.87E-04 time=1.404
After sweep 10 energy=-128.56197  maxlinkdim=100 maxerr=1.37E-04 time=1.357
After sweep 11 energy=-128.63104  maxlinkdim=100 maxerr=1.51E-04 time=1.405
After sweep 12 energy=-128.67117  maxlinkdim=100 maxerr=1.46E-04 time=1.354
After sweep 13 energy=-128.69832  maxlinkdim=100 maxerr=1.41E-04 time=1.403
After sweep 14 energy=-128.72302  maxlinkdim=100 maxerr=1.39E-04 time=1.353
After sweep 15 energy=-128.74702  maxlinkdim=100 maxerr=1.37E-04 time=1.403
After sweep 16 energy=-128.76624  maxlinkdim=100 maxerr=1.32E-04 time=1.353
After sweep 17 energy=-128.7765  maxlinkdim=100 maxerr=1.32E-04 time=1.399
After sweep 18 energy=-128.78183  maxlinkdim=100 maxerr=1.31E-04 time=1.353
After sweep 19 energy=-128.78452  maxlinkdim=100 maxerr=1.32E-04 time=1.407
After sweep 20 energy=-128.78545  maxlinkdim=100 maxerr=1.31E-04 time=1.359
After sweep 21 energy=-128.78651  maxlinkdim=100 maxerr=1.31E-04 time=1.400
After sweep 22 energy=-128.78667  maxlinkdim=100 maxerr=1.32E-04 time=1.352
After sweep 23 energy=-128.78722  maxlinkdim=100 maxerr=1.31E-04 time=1.405
After sweep 24 energy=-128.7876  maxlinkdim=100 maxerr=1.31E-04 time=1.353
After sweep 25 energy=-128.78758  maxlinkdim=100 maxerr=1.31E-04 time=1.401
After sweep 26 energy=-128.78749  maxlinkdim=100 maxerr=1.31E-04 time=1.356
After sweep 27 energy=-128.78734  maxlinkdim=100 maxerr=1.31E-04 time=1.406
After sweep 28 energy=-128.78793  maxlinkdim=100 maxerr=1.32E-04 time=1.355
After sweep 29 energy=-128.78783  maxlinkdim=100 maxerr=1.32E-04 time=1.407
After sweep 30 energy=-128.7876  maxlinkdim=100 maxerr=1.32E-04 time=1.355
Same mu: 1.711156152753051 and continuing
Target density achieved with mu=1.711156152753051, n=0.93749857
Checking {alpha,beta} vs measured
Beta not converged.
NOT CONVERGED; updating alpha, beta and continuing...
After sweep 1 energy=-117.62025  maxlinkdim=10 maxerr=3.11E-03 time=0.683
After sweep 2 energy=-123.50225  maxlinkdim=20 maxerr=2.16E-03 time=0.721
After sweep 3 energy=-126.23818  maxlinkdim=100 maxerr=5.92E-06 time=1.434
After sweep 4 energy=-126.98409  maxlinkdim=100 maxerr=9.78E-06 time=1.437
After sweep 5 energy=-127.45096  maxlinkdim=100 maxerr=3.89E-05 time=1.394
After sweep 6 energy=-127.7509  maxlinkdim=100 maxerr=9.89E-05 time=1.348
After sweep 7 energy=-127.98237  maxlinkdim=100 maxerr=1.89E-04 time=1.401
After sweep 8 energy=-128.17456  maxlinkdim=100 maxerr=1.84E-04 time=1.353
After sweep 9 energy=-128.36505  maxlinkdim=100 maxerr=2.15E-04 time=1.407
After sweep 10 energy=-128.50568  maxlinkdim=100 maxerr=2.09E-04 time=1.355
After sweep 11 energy=-128.59317  maxlinkdim=100 maxerr=1.92E-04 time=1.403
After sweep 12 energy=-128.6414  maxlinkdim=100 maxerr=1.54E-04 time=1.365
After sweep 13 energy=-128.66429  maxlinkdim=100 maxerr=1.47E-04 time=1.404
After sweep 14 energy=-128.67686  maxlinkdim=100 maxerr=1.44E-04 time=1.352
After sweep 15 energy=-128.6828  maxlinkdim=100 maxerr=1.38E-04 time=1.404
After sweep 16 energy=-128.68877  maxlinkdim=100 maxerr=1.34E-04 time=1.355
After sweep 17 energy=-128.69627  maxlinkdim=100 maxerr=1.31E-04 time=1.404
After sweep 18 energy=-128.71034  maxlinkdim=100 maxerr=1.30E-04 time=1.396
After sweep 19 energy=-128.72934  maxlinkdim=100 maxerr=1.33E-04 time=1.360
After sweep 20 energy=-128.751  maxlinkdim=100 maxerr=1.33E-04 time=1.395
After sweep 21 energy=-128.76797  maxlinkdim=100 maxerr=1.32E-04 time=1.364
After sweep 22 energy=-128.77835  maxlinkdim=100 maxerr=1.32E-04 time=1.397
After sweep 23 energy=-128.78322  maxlinkdim=100 maxerr=1.31E-04 time=1.358
After sweep 24 energy=-128.78487  maxlinkdim=100 maxerr=1.32E-04 time=1.398
After sweep 25 energy=-128.7859  maxlinkdim=100 maxerr=1.32E-04 time=1.366
After sweep 26 energy=-128.78662  maxlinkdim=100 maxerr=1.31E-04 time=1.400
After sweep 27 energy=-128.7869  maxlinkdim=100 maxerr=1.32E-04 time=1.361
After sweep 28 energy=-128.78725  maxlinkdim=100 maxerr=1.33E-04 time=1.397
After sweep 29 energy=-128.78719  maxlinkdim=100 maxerr=1.35E-04 time=1.358
After sweep 30 energy=-128.787  maxlinkdim=100 maxerr=1.36E-04 time=1.408
Same mu: 1.711156152753051 and continuing
Target density achieved with mu=1.711156152753051, n=0.9374943
Checking {alpha,beta} vs measured
Beta not converged.
NOT CONVERGED; updating alpha, beta and continuing...
After sweep 1 energy=-117.4102  maxlinkdim=10 maxerr=3.50E-03 time=0.626
After sweep 2 energy=-123.235855  maxlinkdim=20 maxerr=1.46E-03 time=0.764
After sweep 3 energy=-126.02508  maxlinkdim=100 maxerr=4.74E-06 time=1.383
After sweep 4 energy=-126.77781  maxlinkdim=100 maxerr=6.50E-06 time=1.436
After sweep 5 energy=-127.31634  maxlinkdim=100 maxerr=1.07E-04 time=1.383
After sweep 6 energy=-127.681274  maxlinkdim=100 maxerr=1.13E-04 time=1.351
After sweep 7 energy=-127.97856  maxlinkdim=100 maxerr=1.54E-04 time=1.387
After sweep 8 energy=-128.24648  maxlinkdim=100 maxerr=1.83E-04 time=1.350
After sweep 9 energy=-128.47072  maxlinkdim=100 maxerr=2.11E-04 time=1.347
After sweep 10 energy=-128.58185  maxlinkdim=100 maxerr=1.40E-04 time=1.398
After sweep 11 energy=-128.63707  maxlinkdim=100 maxerr=1.29E-04 time=1.347
After sweep 12 energy=-128.66446  maxlinkdim=100 maxerr=1.30E-04 time=1.395
After sweep 13 energy=-128.67514  maxlinkdim=100 maxerr=1.34E-04 time=1.349
After sweep 14 energy=-128.68289  maxlinkdim=100 maxerr=1.33E-04 time=1.398
After sweep 15 energy=-128.68869  maxlinkdim=100 maxerr=1.31E-04 time=1.349
After sweep 16 energy=-128.69684  maxlinkdim=100 maxerr=1.30E-04 time=1.398
After sweep 17 energy=-128.71104  maxlinkdim=100 maxerr=1.29E-04 time=1.356
After sweep 18 energy=-128.7299  maxlinkdim=100 maxerr=1.30E-04 time=1.352
After sweep 19 energy=-128.75194  maxlinkdim=100 maxerr=1.31E-04 time=1.397
After sweep 20 energy=-128.76862  maxlinkdim=100 maxerr=1.31E-04 time=1.352
After sweep 21 energy=-128.77843  maxlinkdim=100 maxerr=1.31E-04 time=1.405
After sweep 22 energy=-128.78291  maxlinkdim=100 maxerr=1.32E-04 time=1.354
After sweep 23 energy=-128.7852  maxlinkdim=100 maxerr=1.31E-04 time=1.401
After sweep 24 energy=-128.78676  maxlinkdim=100 maxerr=1.31E-04 time=1.363
After sweep 25 energy=-128.78723  maxlinkdim=100 maxerr=1.32E-04 time=1.395
After sweep 26 energy=-128.78731  maxlinkdim=100 maxerr=1.30E-04 time=1.361
After sweep 27 energy=-128.78708  maxlinkdim=100 maxerr=1.33E-04 time=1.394
After sweep 28 energy=-128.78769  maxlinkdim=100 maxerr=1.33E-04 time=1.356
After sweep 29 energy=-128.78764  maxlinkdim=100 maxerr=1.33E-04 time=1.352
After sweep 30 energy=-128.78696  maxlinkdim=100 maxerr=1.33E-04 time=1.401
Same mu: 1.711156152753051 and continuing
Target density achieved with mu=1.711156152753051, n=0.9374947
Checking {alpha,beta} vs measured
Beta not converged.
NOT CONVERGED; updating alpha, beta and continuing...
After sweep 1 energy=-117.8645  maxlinkdim=10 maxerr=4.29E-03 time=0.665
After sweep 2 energy=-123.7523  maxlinkdim=20 maxerr=2.96E-03 time=0.727
After sweep 3 energy=-126.44388  maxlinkdim=100 maxerr=5.54E-06 time=1.392
After sweep 4 energy=-127.09608  maxlinkdim=100 maxerr=2.36E-05 time=1.488
After sweep 5 energy=-127.55087  maxlinkdim=100 maxerr=1.45E-04 time=1.349
After sweep 6 energy=-127.8526  maxlinkdim=100 maxerr=1.69E-04 time=1.400
After sweep 7 energy=-128.09186  maxlinkdim=100 maxerr=2.29E-04 time=1.355
After sweep 8 energy=-128.31181  maxlinkdim=100 maxerr=2.55E-04 time=1.403
After sweep 9 energy=-128.4676  maxlinkdim=100 maxerr=2.73E-04 time=1.351
After sweep 10 energy=-128.58014  maxlinkdim=100 maxerr=2.16E-04 time=1.410
After sweep 11 energy=-128.65251  maxlinkdim=100 maxerr=1.73E-04 time=1.358
After sweep 12 energy=-128.69069  maxlinkdim=100 maxerr=1.50E-04 time=1.399
After sweep 13 energy=-128.71968  maxlinkdim=100 maxerr=1.40E-04 time=1.360
After sweep 14 energy=-128.74551  maxlinkdim=100 maxerr=1.38E-04 time=1.402
After sweep 15 energy=-128.76566  maxlinkdim=100 maxerr=1.35E-04 time=1.357
After sweep 16 energy=-128.77728  maxlinkdim=100 maxerr=1.34E-04 time=1.397
After sweep 17 energy=-128.78288  maxlinkdim=100 maxerr=1.37E-04 time=1.356
After sweep 18 energy=-128.78482  maxlinkdim=100 maxerr=1.39E-04 time=1.353
After sweep 19 energy=-128.7867  maxlinkdim=100 maxerr=1.36E-04 time=1.406
After sweep 20 energy=-128.78705  maxlinkdim=100 maxerr=1.38E-04 time=1.352
After sweep 21 energy=-128.78711  maxlinkdim=100 maxerr=1.36E-04 time=1.397
After sweep 22 energy=-128.78712  maxlinkdim=100 maxerr=1.36E-04 time=1.350
After sweep 23 energy=-128.78758  maxlinkdim=100 maxerr=1.36E-04 time=1.398
After sweep 24 energy=-128.78741  maxlinkdim=100 maxerr=1.36E-04 time=1.359
After sweep 25 energy=-128.78731  maxlinkdim=100 maxerr=1.35E-04 time=1.404
After sweep 26 energy=-128.78766  maxlinkdim=100 maxerr=1.33E-04 time=1.354
After sweep 27 energy=-128.78786  maxlinkdim=100 maxerr=1.33E-04 time=1.395
After sweep 28 energy=-128.788  maxlinkdim=100 maxerr=1.32E-04 time=1.364
After sweep 29 energy=-128.78844  maxlinkdim=100 maxerr=1.32E-04 time=1.402
After sweep 30 energy=-128.78815  maxlinkdim=100 maxerr=1.32E-04 time=1.362
Same mu: 1.711156152753051 and continuing
Target density achieved with mu=1.711156152753051, n=0.93749833
Checking {alpha,beta} vs measured
Beta not converged.
NOT CONVERGED; updating alpha, beta and continuing...
After sweep 1 energy=-117.62988  maxlinkdim=10 maxerr=4.23E-03 time=0.669
After sweep 2 energy=-123.244774  maxlinkdim=20 maxerr=3.56E-03 time=0.732
After sweep 3 energy=-125.92119  maxlinkdim=100 maxerr=4.45E-06 time=1.410
After sweep 4 energy=-126.738  maxlinkdim=100 maxerr=1.30E-05 time=1.497
After sweep 5 energy=-127.32557  maxlinkdim=100 maxerr=5.75E-05 time=1.353
After sweep 6 energy=-127.712746  maxlinkdim=100 maxerr=1.19E-04 time=1.402
After sweep 7 energy=-128.01485  maxlinkdim=100 maxerr=1.62E-04 time=1.357
After sweep 8 energy=-128.26192  maxlinkdim=100 maxerr=1.97E-04 time=1.408
After sweep 9 energy=-128.42857  maxlinkdim=100 maxerr=2.26E-04 time=1.363
After sweep 10 energy=-128.51581  maxlinkdim=100 maxerr=2.57E-04 time=1.408
After sweep 11 energy=-128.58107  maxlinkdim=100 maxerr=1.89E-04 time=1.361
After sweep 12 energy=-128.64369  maxlinkdim=100 maxerr=1.81E-04 time=1.406
After sweep 13 energy=-128.6796  maxlinkdim=100 maxerr=1.63E-04 time=1.357
After sweep 14 energy=-128.7053  maxlinkdim=100 maxerr=1.43E-04 time=1.404
After sweep 15 energy=-128.73059  maxlinkdim=100 maxerr=1.36E-04 time=1.353
After sweep 16 energy=-128.75354  maxlinkdim=100 maxerr=1.36E-04 time=1.401
After sweep 17 energy=-128.77032  maxlinkdim=100 maxerr=1.36E-04 time=1.361
After sweep 18 energy=-128.77916  maxlinkdim=100 maxerr=1.34E-04 time=1.398
After sweep 19 energy=-128.78383  maxlinkdim=100 maxerr=1.31E-04 time=1.356
After sweep 20 energy=-128.78535  maxlinkdim=100 maxerr=1.32E-04 time=1.396
After sweep 21 energy=-128.78679  maxlinkdim=100 maxerr=1.31E-04 time=1.358
After sweep 22 energy=-128.78691  maxlinkdim=100 maxerr=1.31E-04 time=1.399
After sweep 23 energy=-128.78696  maxlinkdim=100 maxerr=1.32E-04 time=1.358
After sweep 24 energy=-128.78706  maxlinkdim=100 maxerr=1.31E-04 time=1.401
After sweep 25 energy=-128.78703  maxlinkdim=100 maxerr=1.28E-04 time=1.358
After sweep 26 energy=-128.78728  maxlinkdim=100 maxerr=1.30E-04 time=1.392
After sweep 27 energy=-128.78757  maxlinkdim=100 maxerr=1.31E-04 time=1.355
After sweep 28 energy=-128.78772  maxlinkdim=100 maxerr=1.31E-04 time=1.397
After sweep 29 energy=-128.78761  maxlinkdim=100 maxerr=1.32E-04 time=1.359
After sweep 30 energy=-128.78741  maxlinkdim=100 maxerr=1.32E-04 time=1.354
Same mu: 1.711156152753051 and continuing
Target density achieved with mu=1.711156152753051, n=0.937497
Checking {alpha,beta} vs measured
Beta not converged.
NOT CONVERGED; updating alpha, beta and continuing...
After sweep 1 energy=-117.66227  maxlinkdim=10 maxerr=4.14E-03 time=0.683
After sweep 2 energy=-123.628685  maxlinkdim=20 maxerr=1.97E-03 time=0.715
After sweep 3 energy=-126.40181  maxlinkdim=100 maxerr=4.15E-06 time=1.430
After sweep 4 energy=-127.09383  maxlinkdim=100 maxerr=7.90E-06 time=1.443
After sweep 5 energy=-127.52647  maxlinkdim=100 maxerr=6.89E-05 time=1.391
After sweep 6 energy=-127.81415  maxlinkdim=100 maxerr=1.79E-04 time=1.350
After sweep 7 energy=-128.01396  maxlinkdim=100 maxerr=2.47E-04 time=1.401
After sweep 8 energy=-128.23575  maxlinkdim=100 maxerr=3.55E-04 time=1.360
After sweep 9 energy=-128.4505  maxlinkdim=100 maxerr=3.09E-04 time=1.405
After sweep 10 energy=-128.59149  maxlinkdim=100 maxerr=2.40E-04 time=1.356
After sweep 11 energy=-128.64987  maxlinkdim=100 maxerr=1.85E-04 time=1.403
After sweep 12 energy=-128.66968  maxlinkdim=100 maxerr=1.61E-04 time=1.359
After sweep 13 energy=-128.67775  maxlinkdim=100 maxerr=1.54E-04 time=1.407
After sweep 14 energy=-128.68279  maxlinkdim=100 maxerr=1.44E-04 time=1.355
After sweep 15 energy=-128.68756  maxlinkdim=100 maxerr=1.36E-04 time=1.401
After sweep 16 energy=-128.6936  maxlinkdim=100 maxerr=1.33E-04 time=1.357
After sweep 17 energy=-128.70447  maxlinkdim=100 maxerr=1.29E-04 time=1.403
After sweep 18 energy=-128.72073  maxlinkdim=100 maxerr=1.30E-04 time=1.362
After sweep 19 energy=-128.74135  maxlinkdim=100 maxerr=1.32E-04 time=1.402
After sweep 20 energy=-128.76111  maxlinkdim=100 maxerr=1.31E-04 time=1.361
After sweep 21 energy=-128.77477  maxlinkdim=100 maxerr=1.33E-04 time=1.402
After sweep 22 energy=-128.7812  maxlinkdim=100 maxerr=1.49E-04 time=1.363
After sweep 23 energy=-128.78485  maxlinkdim=100 maxerr=1.38E-04 time=1.403
After sweep 24 energy=-128.78621  maxlinkdim=100 maxerr=1.35E-04 time=1.366
After sweep 25 energy=-128.78662  maxlinkdim=100 maxerr=1.33E-04 time=1.401
After sweep 26 energy=-128.787  maxlinkdim=100 maxerr=1.33E-04 time=1.362
After sweep 27 energy=-128.78719  maxlinkdim=100 maxerr=1.33E-04 time=1.405
After sweep 28 energy=-128.7878  maxlinkdim=100 maxerr=1.33E-04 time=1.364
After sweep 29 energy=-128.78786  maxlinkdim=100 maxerr=1.33E-04 time=1.404
After sweep 30 energy=-128.78778  maxlinkdim=100 maxerr=1.32E-04 time=1.355
Same mu: 1.711156152753051 and continuing
Target density achieved with mu=1.711156152753051, n=0.93749696
Checking {alpha,beta} vs measured
Beta not converged.
NOT CONVERGED; updating alpha, beta and continuing...
After sweep 1 energy=-117.7978  maxlinkdim=10 maxerr=4.66E-03 time=0.700
After sweep 2 energy=-123.39973  maxlinkdim=20 maxerr=3.54E-03 time=0.726
After sweep 3 energy=-126.256996  maxlinkdim=100 maxerr=3.48E-06 time=1.438
After sweep 4 energy=-126.996  maxlinkdim=100 maxerr=9.75E-06 time=1.436
After sweep 5 energy=-127.44442  maxlinkdim=100 maxerr=2.11E-05 time=1.399
After sweep 6 energy=-127.7452  maxlinkdim=100 maxerr=1.98E-04 time=1.355
After sweep 7 energy=-128.02191  maxlinkdim=100 maxerr=3.11E-04 time=1.405
After sweep 8 energy=-128.26753  maxlinkdim=100 maxerr=2.80E-04 time=1.362
After sweep 9 energy=-128.43892  maxlinkdim=100 maxerr=2.81E-04 time=1.413
After sweep 10 energy=-128.51735  maxlinkdim=100 maxerr=2.56E-04 time=1.361
After sweep 11 energy=-128.5534  maxlinkdim=100 maxerr=2.33E-04 time=1.411
After sweep 12 energy=-128.59984  maxlinkdim=100 maxerr=2.59E-04 time=1.361
After sweep 13 energy=-128.67741  maxlinkdim=100 maxerr=2.55E-04 time=1.411
After sweep 14 energy=-128.7261  maxlinkdim=100 maxerr=1.68E-04 time=1.366
After sweep 15 energy=-128.75476  maxlinkdim=100 maxerr=1.38E-04 time=1.411
After sweep 16 energy=-128.77054  maxlinkdim=100 maxerr=1.35E-04 time=1.361
After sweep 17 energy=-128.77907  maxlinkdim=100 maxerr=1.31E-04 time=1.411
After sweep 18 energy=-128.78262  maxlinkdim=100 maxerr=1.32E-04 time=1.409
After sweep 19 energy=-128.78487  maxlinkdim=100 maxerr=1.31E-04 time=1.362
After sweep 20 energy=-128.78603  maxlinkdim=100 maxerr=1.31E-04 time=1.405
After sweep 21 energy=-128.78671  maxlinkdim=100 maxerr=1.33E-04 time=1.363
After sweep 22 energy=-128.787  maxlinkdim=100 maxerr=1.32E-04 time=1.414
After sweep 23 energy=-128.78682  maxlinkdim=100 maxerr=1.32E-04 time=1.365
After sweep 24 energy=-128.78694  maxlinkdim=100 maxerr=1.33E-04 time=1.408
After sweep 25 energy=-128.78758  maxlinkdim=100 maxerr=1.34E-04 time=1.366
After sweep 26 energy=-128.7878  maxlinkdim=100 maxerr=1.35E-04 time=1.404
After sweep 27 energy=-128.78748  maxlinkdim=100 maxerr=1.34E-04 time=1.363
After sweep 28 energy=-128.7877  maxlinkdim=100 maxerr=1.34E-04 time=1.404
After sweep 29 energy=-128.78786  maxlinkdim=100 maxerr=1.34E-04 time=1.365
After sweep 30 energy=-128.78786  maxlinkdim=100 maxerr=1.33E-04 time=1.401
Same mu: 1.711156152753051 and continuing
Target density achieved with mu=1.711156152753051, n=0.9374973
Checking {alpha,beta} vs measured
Beta not converged.
NOT CONVERGED; updating alpha, beta and continuing...
After sweep 1 energy=-117.895996  maxlinkdim=10 maxerr=4.87E-03 time=0.636
After sweep 2 energy=-123.670204  maxlinkdim=20 maxerr=2.87E-03 time=0.778
After sweep 3 energy=-126.25743  maxlinkdim=100 maxerr=4.26E-06 time=1.371
After sweep 4 energy=-126.93696  maxlinkdim=100 maxerr=1.27E-05 time=1.440
After sweep 5 energy=-127.41832  maxlinkdim=100 maxerr=1.00E-04 time=1.389
After sweep 6 energy=-127.73032  maxlinkdim=100 maxerr=7.25E-05 time=1.353
After sweep 7 energy=-127.945145  maxlinkdim=100 maxerr=1.31E-04 time=1.400
After sweep 8 energy=-128.15558  maxlinkdim=100 maxerr=3.06E-04 time=1.362
After sweep 9 energy=-128.41179  maxlinkdim=100 maxerr=2.75E-04 time=1.354
After sweep 10 energy=-128.56929  maxlinkdim=100 maxerr=1.42E-04 time=1.403
After sweep 11 energy=-128.65427  maxlinkdim=100 maxerr=1.65E-04 time=1.358
After sweep 12 energy=-128.70174  maxlinkdim=100 maxerr=1.45E-04 time=1.408
After sweep 13 energy=-128.73473  maxlinkdim=100 maxerr=1.48E-04 time=1.356
After sweep 14 energy=-128.75813  maxlinkdim=100 maxerr=1.42E-04 time=1.408
After sweep 15 energy=-128.77267  maxlinkdim=100 maxerr=1.40E-04 time=1.364
After sweep 16 energy=-128.77997  maxlinkdim=100 maxerr=1.36E-04 time=1.407
After sweep 17 energy=-128.7837  maxlinkdim=100 maxerr=1.32E-04 time=1.364
After sweep 18 energy=-128.7852  maxlinkdim=100 maxerr=1.32E-04 time=1.355
After sweep 19 energy=-128.78648  maxlinkdim=100 maxerr=1.33E-04 time=1.405
After sweep 20 energy=-128.78679  maxlinkdim=100 maxerr=1.32E-04 time=1.361
After sweep 21 energy=-128.78712  maxlinkdim=100 maxerr=1.33E-04 time=1.411
After sweep 22 energy=-128.78732  maxlinkdim=100 maxerr=1.32E-04 time=1.358
After sweep 23 energy=-128.7873  maxlinkdim=100 maxerr=1.32E-04 time=1.404
After sweep 24 energy=-128.78763  maxlinkdim=100 maxerr=1.33E-04 time=1.360
After sweep 25 energy=-128.7878  maxlinkdim=100 maxerr=1.33E-04 time=1.408
After sweep 26 energy=-128.78822  maxlinkdim=100 maxerr=1.33E-04 time=1.368
After sweep 27 energy=-128.78789  maxlinkdim=100 maxerr=1.33E-04 time=1.413
After sweep 28 energy=-128.78766  maxlinkdim=100 maxerr=1.33E-04 time=1.395
After sweep 29 energy=-128.78757  maxlinkdim=100 maxerr=1.33E-04 time=1.393
After sweep 30 energy=-128.7877  maxlinkdim=100 maxerr=1.33E-04 time=1.433
Same mu: 1.711156152753051 and continuing
Target density achieved with mu=1.711156152753051, n=0.9374977
Checking {alpha,beta} vs measured
Beta not converged.
NOT CONVERGED; updating alpha, beta and continuing...
After sweep 1 energy=-117.64017  maxlinkdim=10 maxerr=3.62E-03 time=0.676
After sweep 2 energy=-123.27876  maxlinkdim=20 maxerr=2.60E-03 time=0.733
After sweep 3 energy=-125.966835  maxlinkdim=100 maxerr=4.19E-06 time=1.411
After sweep 4 energy=-126.76691  maxlinkdim=100 maxerr=6.62E-06 time=1.490
After sweep 5 energy=-127.30744  maxlinkdim=100 maxerr=3.94E-05 time=1.352
After sweep 6 energy=-127.65809  maxlinkdim=100 maxerr=7.85E-05 time=1.408
After sweep 7 energy=-127.94215  maxlinkdim=100 maxerr=1.79E-04 time=1.361
After sweep 8 energy=-128.1896  maxlinkdim=100 maxerr=1.93E-04 time=1.408
After sweep 9 energy=-128.39001  maxlinkdim=100 maxerr=1.84E-04 time=1.366
After sweep 10 energy=-128.55405  maxlinkdim=100 maxerr=2.47E-04 time=1.409
After sweep 11 energy=-128.66486  maxlinkdim=100 maxerr=2.16E-04 time=1.363
After sweep 12 energy=-128.72371  maxlinkdim=100 maxerr=1.56E-04 time=1.406
After sweep 13 energy=-128.75499  maxlinkdim=100 maxerr=1.37E-04 time=1.366
After sweep 14 energy=-128.77174  maxlinkdim=100 maxerr=1.34E-04 time=1.406
After sweep 15 energy=-128.77975  maxlinkdim=100 maxerr=1.33E-04 time=1.362
After sweep 16 energy=-128.7833  maxlinkdim=100 maxerr=1.34E-04 time=1.359
After sweep 17 energy=-128.78506  maxlinkdim=100 maxerr=1.34E-04 time=1.408
After sweep 18 energy=-128.78639  maxlinkdim=100 maxerr=1.34E-04 time=1.367
After sweep 19 energy=-128.7866  maxlinkdim=100 maxerr=1.33E-04 time=1.401
After sweep 20 energy=-128.78697  maxlinkdim=100 maxerr=1.32E-04 time=1.361
After sweep 21 energy=-128.78746  maxlinkdim=100 maxerr=1.31E-04 time=1.402
After sweep 22 energy=-128.78743  maxlinkdim=100 maxerr=1.32E-04 time=1.356
After sweep 23 energy=-128.78772  maxlinkdim=100 maxerr=1.33E-04 time=1.406
After sweep 24 energy=-128.78801  maxlinkdim=100 maxerr=1.33E-04 time=1.361
After sweep 25 energy=-128.78783  maxlinkdim=100 maxerr=1.34E-04 time=1.404
After sweep 26 energy=-128.7879  maxlinkdim=100 maxerr=1.33E-04 time=1.367
After sweep 27 energy=-128.78793  maxlinkdim=100 maxerr=1.33E-04 time=1.409
After sweep 28 energy=-128.78755  maxlinkdim=100 maxerr=1.34E-04 time=1.362
After sweep 29 energy=-128.78775  maxlinkdim=100 maxerr=1.32E-04 time=1.404
After sweep 30 energy=-128.78754  maxlinkdim=100 maxerr=1.32E-04 time=1.365
Same mu: 1.711156152753051 and continuing
Target density achieved with mu=1.711156152753051, n=0.9374954
Checking {alpha,beta} vs measured
Beta not converged.
NOT CONVERGED; updating alpha, beta and continuing...
After sweep 1 energy=-117.7542  maxlinkdim=10 maxerr=4.02E-03 time=0.674
After sweep 2 energy=-123.6164  maxlinkdim=20 maxerr=2.50E-03 time=0.738
After sweep 3 energy=-126.386894  maxlinkdim=100 maxerr=7.45E-06 time=1.415
After sweep 4 energy=-127.15599  maxlinkdim=100 maxerr=3.42E-05 time=1.483
After sweep 5 energy=-127.6328  maxlinkdim=100 maxerr=1.13E-04 time=1.353
After sweep 6 energy=-127.877266  maxlinkdim=100 maxerr=1.62E-04 time=1.404
After sweep 7 energy=-128.05095  maxlinkdim=100 maxerr=2.26E-04 time=1.357
After sweep 8 energy=-128.26862  maxlinkdim=100 maxerr=2.84E-04 time=1.402
After sweep 9 energy=-128.49635  maxlinkdim=100 maxerr=2.55E-04 time=1.362
After sweep 10 energy=-128.61615  maxlinkdim=100 maxerr=2.31E-04 time=1.406
After sweep 11 energy=-128.65724  maxlinkdim=100 maxerr=1.39E-04 time=1.370
After sweep 12 energy=-128.67274  maxlinkdim=100 maxerr=1.37E-04 time=1.404
After sweep 13 energy=-128.68062  maxlinkdim=100 maxerr=1.39E-04 time=1.365
After sweep 14 energy=-128.6866  maxlinkdim=100 maxerr=1.37E-04 time=1.406
After sweep 15 energy=-128.6942  maxlinkdim=100 maxerr=1.35E-04 time=1.360
After sweep 16 energy=-128.70515  maxlinkdim=100 maxerr=1.33E-04 time=1.405
After sweep 17 energy=-128.72264  maxlinkdim=100 maxerr=1.34E-04 time=1.364
After sweep 18 energy=-128.74457  maxlinkdim=100 maxerr=1.34E-04 time=1.401
After sweep 19 energy=-128.76413  maxlinkdim=100 maxerr=1.32E-04 time=1.364
After sweep 20 energy=-128.77606  maxlinkdim=100 maxerr=1.32E-04 time=1.416
After sweep 21 energy=-128.78264  maxlinkdim=100 maxerr=1.34E-04 time=1.366
After sweep 22 energy=-128.78499  maxlinkdim=100 maxerr=1.34E-04 time=1.405
After sweep 23 energy=-128.78593  maxlinkdim=100 maxerr=1.32E-04 time=1.359
After sweep 24 energy=-128.78706  maxlinkdim=100 maxerr=1.32E-04 time=1.361
After sweep 25 energy=-128.78705  maxlinkdim=100 maxerr=1.32E-04 time=1.408
After sweep 26 energy=-128.78708  maxlinkdim=100 maxerr=1.32E-04 time=1.360
After sweep 27 energy=-128.78764  maxlinkdim=100 maxerr=1.32E-04 time=1.409
After sweep 28 energy=-128.78764  maxlinkdim=100 maxerr=1.34E-04 time=1.360
After sweep 29 energy=-128.78783  maxlinkdim=100 maxerr=1.34E-04 time=1.410
After sweep 30 energy=-128.78778  maxlinkdim=100 maxerr=1.34E-04 time=1.359
Same mu: 1.711156152753051 and continuing
Target density achieved with mu=1.711156152753051, n=0.9374976
Checking {alpha,beta} vs measured
Beta not converged.
NOT CONVERGED; updating alpha, beta and continuing...
After sweep 1 energy=-117.77078  maxlinkdim=10 maxerr=3.97E-03 time=0.701
After sweep 2 energy=-123.352646  maxlinkdim=20 maxerr=3.05E-03 time=0.724
After sweep 3 energy=-126.170135  maxlinkdim=100 maxerr=5.22E-06 time=1.420
After sweep 4 energy=-126.93818  maxlinkdim=100 maxerr=1.29E-05 time=1.452
After sweep 5 energy=-127.447136  maxlinkdim=100 maxerr=8.77E-05 time=1.403
After sweep 6 energy=-127.77325  maxlinkdim=100 maxerr=1.49E-04 time=1.353
After sweep 7 energy=-128.07043  maxlinkdim=100 maxerr=1.58E-04 time=1.408
After sweep 8 energy=-128.30716  maxlinkdim=100 maxerr=2.37E-04 time=1.359
After sweep 9 energy=-128.48647  maxlinkdim=100 maxerr=2.05E-04 time=1.411
After sweep 10 energy=-128.64075  maxlinkdim=100 maxerr=2.90E-04 time=1.362
After sweep 11 energy=-128.71362  maxlinkdim=100 maxerr=1.95E-04 time=1.410
After sweep 12 energy=-128.74954  maxlinkdim=100 maxerr=1.69E-04 time=1.363
After sweep 13 energy=-128.7695  maxlinkdim=100 maxerr=1.40E-04 time=1.414
After sweep 14 energy=-128.7791  maxlinkdim=100 maxerr=1.37E-04 time=1.361
After sweep 15 energy=-128.78348  maxlinkdim=100 maxerr=1.38E-04 time=1.410
After sweep 16 energy=-128.78525  maxlinkdim=100 maxerr=1.35E-04 time=1.359
After sweep 17 energy=-128.78601  maxlinkdim=100 maxerr=1.37E-04 time=1.410
After sweep 18 energy=-128.7869  maxlinkdim=100 maxerr=1.36E-04 time=1.353
After sweep 19 energy=-128.78722  maxlinkdim=100 maxerr=1.35E-04 time=1.411
After sweep 20 energy=-128.78745  maxlinkdim=100 maxerr=1.33E-04 time=1.361
After sweep 21 energy=-128.7871  maxlinkdim=100 maxerr=1.32E-04 time=1.403
After sweep 22 energy=-128.78758  maxlinkdim=100 maxerr=1.32E-04 time=1.364
After sweep 23 energy=-128.78807  maxlinkdim=100 maxerr=1.32E-04 time=1.409
After sweep 24 energy=-128.78746  maxlinkdim=100 maxerr=1.32E-04 time=1.356
After sweep 25 energy=-128.78821  maxlinkdim=100 maxerr=1.32E-04 time=1.405
After sweep 26 energy=-128.78807  maxlinkdim=100 maxerr=1.32E-04 time=1.355
After sweep 27 energy=-128.78748  maxlinkdim=100 maxerr=1.32E-04 time=1.405
After sweep 28 energy=-128.78777  maxlinkdim=100 maxerr=1.31E-04 time=1.357
After sweep 29 energy=-128.78806  maxlinkdim=100 maxerr=1.30E-04 time=1.404
After sweep 30 energy=-128.78786  maxlinkdim=100 maxerr=1.30E-04 time=1.358
Same mu: 1.711156152753051 and continuing
Target density achieved with mu=1.711156152753051, n=0.9374993
Checking {alpha,beta} vs measured
Beta not converged.
NOT CONVERGED; updating alpha, beta and continuing...
After sweep 1 energy=-117.68053  maxlinkdim=10 maxerr=4.24E-03 time=0.767
After sweep 2 energy=-123.647575  maxlinkdim=20 maxerr=2.64E-03 time=1.254
After sweep 3 energy=-126.437935  maxlinkdim=100 maxerr=4.14E-06 time=1.315
After sweep 4 energy=-127.096115  maxlinkdim=100 maxerr=1.30E-05 time=1.444
After sweep 5 energy=-127.50587  maxlinkdim=100 maxerr=4.79E-05 time=1.396
After sweep 6 energy=-127.783714  maxlinkdim=100 maxerr=1.41E-04 time=1.361
After sweep 7 energy=-128.02464  maxlinkdim=100 maxerr=1.52E-04 time=1.396
After sweep 8 energy=-128.26424  maxlinkdim=100 maxerr=2.62E-04 time=1.363
After sweep 9 energy=-128.46172  maxlinkdim=100 maxerr=2.47E-04 time=1.355
After sweep 10 energy=-128.5852  maxlinkdim=100 maxerr=2.86E-04 time=1.406
After sweep 11 energy=-128.65955  maxlinkdim=100 maxerr=1.71E-04 time=1.359
After sweep 12 energy=-128.70409  maxlinkdim=100 maxerr=1.57E-04 time=1.407
After sweep 13 energy=-128.7363  maxlinkdim=100 maxerr=1.49E-04 time=1.366
After sweep 14 energy=-128.75946  maxlinkdim=100 maxerr=1.40E-04 time=1.401
After sweep 15 energy=-128.7733  maxlinkdim=100 maxerr=1.37E-04 time=1.368
After sweep 16 energy=-128.78036  maxlinkdim=100 maxerr=1.34E-04 time=1.400
After sweep 17 energy=-128.78363  maxlinkdim=100 maxerr=1.33E-04 time=1.363
After sweep 18 energy=-128.78542  maxlinkdim=100 maxerr=1.31E-04 time=1.358
After sweep 19 energy=-128.78653  maxlinkdim=100 maxerr=1.32E-04 time=1.405
After sweep 20 energy=-128.78662  maxlinkdim=100 maxerr=1.33E-04 time=1.357
After sweep 21 energy=-128.78731  maxlinkdim=100 maxerr=1.33E-04 time=1.406
After sweep 22 energy=-128.78743  maxlinkdim=100 maxerr=1.32E-04 time=1.359
After sweep 23 energy=-128.78754  maxlinkdim=100 maxerr=1.32E-04 time=1.398
After sweep 24 energy=-128.78764  maxlinkdim=100 maxerr=1.34E-04 time=1.364
After sweep 25 energy=-128.78784  maxlinkdim=100 maxerr=1.34E-04 time=1.415
After sweep 26 energy=-128.78789  maxlinkdim=100 maxerr=1.33E-04 time=1.366
After sweep 27 energy=-128.78728  maxlinkdim=100 maxerr=1.33E-04 time=1.364
After sweep 28 energy=-128.78748  maxlinkdim=100 maxerr=1.33E-04 time=1.408
After sweep 29 energy=-128.78793  maxlinkdim=100 maxerr=1.33E-04 time=1.363
After sweep 30 energy=-128.78812  maxlinkdim=100 maxerr=1.33E-04 time=1.411
Same mu: 1.711156152753051 and continuing
Target density achieved with mu=1.711156152753051, n=0.9374979
Checking {alpha,beta} vs measured
Beta not converged.
NOT CONVERGED; updating alpha, beta and continuing...
After sweep 1 energy=-117.74515  maxlinkdim=10 maxerr=4.70E-03 time=0.640
After sweep 2 energy=-123.442474  maxlinkdim=20 maxerr=3.45E-03 time=0.795
After sweep 3 energy=-126.21995  maxlinkdim=100 maxerr=3.44E-06 time=1.399
After sweep 4 energy=-126.94742  maxlinkdim=100 maxerr=7.54E-06 time=1.448
After sweep 5 energy=-127.3613  maxlinkdim=100 maxerr=2.85E-05 time=1.407
After sweep 6 energy=-127.67486  maxlinkdim=100 maxerr=1.16E-04 time=1.363
After sweep 7 energy=-127.95371  maxlinkdim=100 maxerr=3.28E-04 time=1.404
After sweep 8 energy=-128.20847  maxlinkdim=100 maxerr=2.38E-04 time=1.369
After sweep 9 energy=-128.4199  maxlinkdim=100 maxerr=4.04E-04 time=1.411
After sweep 10 energy=-128.57715  maxlinkdim=100 maxerr=2.88E-04 time=1.378
After sweep 11 energy=-128.66513  maxlinkdim=100 maxerr=1.71E-04 time=1.368
After sweep 12 energy=-128.71507  maxlinkdim=100 maxerr=1.38E-04 time=1.412
After sweep 13 energy=-128.74815  maxlinkdim=100 maxerr=1.32E-04 time=1.362
After sweep 14 energy=-128.76859  maxlinkdim=100 maxerr=1.32E-04 time=1.415
After sweep 15 energy=-128.77925  maxlinkdim=100 maxerr=1.37E-04 time=1.367
After sweep 16 energy=-128.7829  maxlinkdim=100 maxerr=1.36E-04 time=1.413
After sweep 17 energy=-128.78522  maxlinkdim=100 maxerr=1.35E-04 time=1.366
After sweep 18 energy=-128.78653  maxlinkdim=100 maxerr=1.35E-04 time=1.410
After sweep 19 energy=-128.78711  maxlinkdim=100 maxerr=1.35E-04 time=1.369
After sweep 20 energy=-128.78703  maxlinkdim=100 maxerr=1.34E-04 time=1.402
After sweep 21 energy=-128.78758  maxlinkdim=100 maxerr=1.35E-04 time=1.366
After sweep 22 energy=-128.7875  maxlinkdim=100 maxerr=1.35E-04 time=1.406
After sweep 23 energy=-128.78793  maxlinkdim=100 maxerr=1.33E-04 time=1.367
After sweep 24 energy=-128.78783  maxlinkdim=100 maxerr=1.35E-04 time=1.410
After sweep 25 energy=-128.78772  maxlinkdim=100 maxerr=1.35E-04 time=1.368
After sweep 26 energy=-128.78809  maxlinkdim=100 maxerr=1.35E-04 time=1.354
After sweep 27 energy=-128.78777  maxlinkdim=100 maxerr=1.34E-04 time=1.401
After sweep 28 energy=-128.78758  maxlinkdim=100 maxerr=1.34E-04 time=1.358
After sweep 29 energy=-128.78786  maxlinkdim=100 maxerr=1.33E-04 time=1.409
After sweep 30 energy=-128.78725  maxlinkdim=100 maxerr=1.32E-04 time=1.357
Same mu: 1.711156152753051 and continuing
Target density achieved with mu=1.711156152753051, n=0.9374963
Checking {alpha,beta} vs measured
Beta not converged.
NOT CONVERGED; updating alpha, beta and continuing...
After sweep 1 energy=-117.76356  maxlinkdim=10 maxerr=5.43E-03 time=0.687
After sweep 2 energy=-123.637024  maxlinkdim=20 maxerr=2.28E-03 time=0.718
After sweep 3 energy=-126.39492  maxlinkdim=100 maxerr=8.26E-06 time=1.433
After sweep 4 energy=-127.08723  maxlinkdim=100 maxerr=1.05E-04 time=1.454
After sweep 5 energy=-127.53609  maxlinkdim=100 maxerr=1.21E-04 time=1.395
After sweep 6 energy=-127.83713  maxlinkdim=100 maxerr=2.56E-04 time=1.361
After sweep 7 energy=-128.05676  maxlinkdim=100 maxerr=1.87E-04 time=1.402
After sweep 8 energy=-128.28583  maxlinkdim=100 maxerr=1.87E-04 time=1.363
After sweep 9 energy=-128.46457  maxlinkdim=100 maxerr=1.99E-04 time=1.415
After sweep 10 energy=-128.58923  maxlinkdim=100 maxerr=1.84E-04 time=1.358
After sweep 11 energy=-128.6497  maxlinkdim=100 maxerr=1.64E-04 time=1.406
After sweep 12 energy=-128.67845  maxlinkdim=100 maxerr=1.58E-04 time=1.364
After sweep 13 energy=-128.69925  maxlinkdim=100 maxerr=1.52E-04 time=1.410
After sweep 14 energy=-128.72235  maxlinkdim=100 maxerr=1.46E-04 time=1.365
After sweep 15 energy=-128.74629  maxlinkdim=100 maxerr=1.42E-04 time=1.403
After sweep 16 energy=-128.76605  maxlinkdim=100 maxerr=1.36E-04 time=1.364
After sweep 17 energy=-128.77686  maxlinkdim=100 maxerr=1.34E-04 time=1.360
After sweep 18 energy=-128.78264  maxlinkdim=100 maxerr=1.34E-04 time=1.405
After sweep 19 energy=-128.78493  maxlinkdim=100 maxerr=1.34E-04 time=1.354
After sweep 20 energy=-128.7861  maxlinkdim=100 maxerr=1.33E-04 time=1.407
After sweep 21 energy=-128.78627  maxlinkdim=100 maxerr=1.34E-04 time=1.356
After sweep 22 energy=-128.78705  maxlinkdim=100 maxerr=1.34E-04 time=1.408
After sweep 23 energy=-128.78732  maxlinkdim=100 maxerr=1.33E-04 time=1.355
After sweep 24 energy=-128.78795  maxlinkdim=100 maxerr=1.33E-04 time=1.405
After sweep 25 energy=-128.7875  maxlinkdim=100 maxerr=1.32E-04 time=1.351
After sweep 26 energy=-128.78754  maxlinkdim=100 maxerr=1.33E-04 time=1.406
After sweep 27 energy=-128.78773  maxlinkdim=100 maxerr=1.34E-04 time=1.353
After sweep 28 energy=-128.78731  maxlinkdim=100 maxerr=1.34E-04 time=1.407
After sweep 29 energy=-128.78743  maxlinkdim=100 maxerr=1.34E-04 time=1.350
After sweep 30 energy=-128.78783  maxlinkdim=100 maxerr=1.35E-04 time=1.402
Same mu: 1.711156152753051 and continuing
Target density achieved with mu=1.711156152753051, n=0.93749774
Checking {alpha,beta} vs measured
Beta not converged.
NOT CONVERGED; updating alpha, beta and continuing...
After sweep 1 energy=-117.62608  maxlinkdim=10 maxerr=4.38E-03 time=0.689
After sweep 2 energy=-123.425514  maxlinkdim=20 maxerr=3.27E-03 time=0.724
After sweep 3 energy=-126.25763  maxlinkdim=100 maxerr=6.57E-06 time=1.437
After sweep 4 energy=-126.9336  maxlinkdim=100 maxerr=1.53E-05 time=1.442
After sweep 5 energy=-127.41235  maxlinkdim=100 maxerr=8.36E-05 time=1.393
After sweep 6 energy=-127.74643  maxlinkdim=100 maxerr=9.82E-05 time=1.348
After sweep 7 energy=-127.98658  maxlinkdim=100 maxerr=2.42E-04 time=1.406
After sweep 8 energy=-128.21803  maxlinkdim=100 maxerr=3.61E-04 time=1.353
After sweep 9 energy=-128.44992  maxlinkdim=100 maxerr=3.72E-04 time=1.411
After sweep 10 energy=-128.58727  maxlinkdim=100 maxerr=2.46E-04 time=1.362
After sweep 11 energy=-128.65329  maxlinkdim=100 maxerr=1.61E-04 time=1.403
After sweep 12 energy=-128.68776  maxlinkdim=100 maxerr=1.60E-04 time=1.355
After sweep 13 energy=-128.71422  maxlinkdim=100 maxerr=1.40E-04 time=1.405
After sweep 14 energy=-128.74074  maxlinkdim=100 maxerr=1.39E-04 time=1.362
After sweep 15 energy=-128.76262  maxlinkdim=100 maxerr=1.36E-04 time=1.407
After sweep 16 energy=-128.77628  maxlinkdim=100 maxerr=1.33E-04 time=1.366
After sweep 17 energy=-128.78212  maxlinkdim=100 maxerr=1.32E-04 time=1.402
After sweep 18 energy=-128.78505  maxlinkdim=100 maxerr=1.30E-04 time=1.357
After sweep 19 energy=-128.78622  maxlinkdim=100 maxerr=1.30E-04 time=1.398
After sweep 20 energy=-128.78688  maxlinkdim=100 maxerr=1.30E-04 time=1.358
After sweep 21 energy=-128.78728  maxlinkdim=100 maxerr=1.30E-04 time=1.397
After sweep 22 energy=-128.78761  maxlinkdim=100 maxerr=1.33E-04 time=1.359
After sweep 23 energy=-128.78725  maxlinkdim=100 maxerr=1.35E-04 time=1.401
After sweep 24 energy=-128.78793  maxlinkdim=100 maxerr=1.36E-04 time=1.358
After sweep 25 energy=-128.7878  maxlinkdim=100 maxerr=1.35E-04 time=1.395
After sweep 26 energy=-128.78804  maxlinkdim=100 maxerr=1.35E-04 time=1.356
After sweep 27 energy=-128.78812  maxlinkdim=100 maxerr=1.35E-04 time=1.403
After sweep 28 energy=-128.78828  maxlinkdim=100 maxerr=1.31E-04 time=1.360
After sweep 29 energy=-128.78741  maxlinkdim=100 maxerr=1.33E-04 time=1.400
After sweep 30 energy=-128.78792  maxlinkdim=100 maxerr=1.33E-04 time=1.361
Same mu: 1.711156152753051 and continuing
Target density achieved with mu=1.711156152753051, n=0.9374975
Checking {alpha,beta} vs measured
Beta not converged.
NOT CONVERGED; updating alpha, beta and continuing...
After sweep 1 energy=-117.569984  maxlinkdim=10 maxerr=3.76E-03 time=0.677
After sweep 2 energy=-123.42269  maxlinkdim=20 maxerr=2.36E-03 time=0.719
After sweep 3 energy=-126.144554  maxlinkdim=100 maxerr=1.09E-05 time=1.441
After sweep 4 energy=-126.97147  maxlinkdim=100 maxerr=2.99E-05 time=1.444
After sweep 5 energy=-127.54528  maxlinkdim=100 maxerr=5.24E-05 time=1.400
After sweep 6 energy=-127.83051  maxlinkdim=100 maxerr=2.17E-04 time=1.351
After sweep 7 energy=-128.00623  maxlinkdim=100 maxerr=1.95E-04 time=1.405
After sweep 8 energy=-128.17615  maxlinkdim=100 maxerr=2.25E-04 time=1.359
After sweep 9 energy=-128.41216  maxlinkdim=100 maxerr=3.57E-04 time=1.406
After sweep 10 energy=-128.58624  maxlinkdim=100 maxerr=2.46E-04 time=1.359
After sweep 11 energy=-128.674  maxlinkdim=100 maxerr=1.57E-04 time=1.408
After sweep 12 energy=-128.72508  maxlinkdim=100 maxerr=1.54E-04 time=1.357
After sweep 13 energy=-128.7561  maxlinkdim=100 maxerr=1.53E-04 time=1.413
After sweep 14 energy=-128.77191  maxlinkdim=100 maxerr=1.46E-04 time=1.361
After sweep 15 energy=-128.78033  maxlinkdim=100 maxerr=1.39E-04 time=1.402
After sweep 16 energy=-128.78381  maxlinkdim=100 maxerr=1.37E-04 time=1.354
After sweep 17 energy=-128.78534  maxlinkdim=100 maxerr=1.34E-04 time=1.405
After sweep 18 energy=-128.78703  maxlinkdim=100 maxerr=1.35E-04 time=1.400
After sweep 19 energy=-128.78696  maxlinkdim=100 maxerr=1.34E-04 time=1.357
After sweep 20 energy=-128.7871  maxlinkdim=100 maxerr=1.33E-04 time=1.400
After sweep 21 energy=-128.78802  maxlinkdim=100 maxerr=1.33E-04 time=1.357
After sweep 22 energy=-128.78786  maxlinkdim=100 maxerr=1.32E-04 time=1.398
After sweep 23 energy=-128.78816  maxlinkdim=100 maxerr=1.32E-04 time=1.368
After sweep 24 energy=-128.78798  maxlinkdim=100 maxerr=1.32E-04 time=1.399
After sweep 25 energy=-128.78746  maxlinkdim=100 maxerr=1.32E-04 time=1.361
After sweep 26 energy=-128.7877  maxlinkdim=100 maxerr=1.32E-04 time=1.398
After sweep 27 energy=-128.78746  maxlinkdim=100 maxerr=1.32E-04 time=1.359
After sweep 28 energy=-128.78754  maxlinkdim=100 maxerr=1.32E-04 time=1.402
After sweep 29 energy=-128.78766  maxlinkdim=100 maxerr=1.32E-04 time=1.357
After sweep 30 energy=-128.78746  maxlinkdim=100 maxerr=1.32E-04 time=1.403
Same mu: 1.711156152753051 and continuing
Target density achieved with mu=1.711156152753051, n=0.9374974
Checking {alpha,beta} vs measured
Beta not converged.
NOT CONVERGED; updating alpha, beta and continuing...
After sweep 1 energy=-117.58407  maxlinkdim=10 maxerr=4.89E-03 time=0.634
After sweep 2 energy=-123.191765  maxlinkdim=20 maxerr=2.00E-03 time=0.782
After sweep 3 energy=-125.88814  maxlinkdim=100 maxerr=5.23E-06 time=1.340
After sweep 4 energy=-126.7326  maxlinkdim=100 maxerr=1.10E-05 time=1.436
After sweep 5 energy=-127.320435  maxlinkdim=100 maxerr=5.74E-05 time=1.382
After sweep 6 energy=-127.74301  maxlinkdim=100 maxerr=1.24E-04 time=1.348
After sweep 7 energy=-128.0055  maxlinkdim=100 maxerr=2.28E-04 time=1.394
After sweep 8 energy=-128.23526  maxlinkdim=100 maxerr=3.26E-04 time=1.360
After sweep 9 energy=-128.45761  maxlinkdim=100 maxerr=3.90E-04 time=1.355
After sweep 10 energy=-128.60995  maxlinkdim=100 maxerr=2.75E-04 time=1.402
After sweep 11 energy=-128.65964  maxlinkdim=100 maxerr=1.85E-04 time=1.349
After sweep 12 energy=-128.67874  maxlinkdim=100 maxerr=1.54E-04 time=1.396
After sweep 13 energy=-128.69003  maxlinkdim=100 maxerr=1.39E-04 time=1.354
After sweep 14 energy=-128.70285  maxlinkdim=100 maxerr=1.36E-04 time=1.393
After sweep 15 energy=-128.71985  maxlinkdim=100 maxerr=1.35E-04 time=1.354
After sweep 16 energy=-128.7418  maxlinkdim=100 maxerr=1.35E-04 time=1.395
After sweep 17 energy=-128.76143  maxlinkdim=100 maxerr=1.34E-04 time=1.361
After sweep 18 energy=-128.77502  maxlinkdim=100 maxerr=1.32E-04 time=1.351
After sweep 19 energy=-128.78157  maxlinkdim=100 maxerr=1.31E-04 time=1.401
After sweep 20 energy=-128.78436  maxlinkdim=100 maxerr=1.32E-04 time=1.352
After sweep 21 energy=-128.78564  maxlinkdim=100 maxerr=1.31E-04 time=1.400
After sweep 22 energy=-128.7864  maxlinkdim=100 maxerr=1.31E-04 time=1.354
After sweep 23 energy=-128.78688  maxlinkdim=100 maxerr=1.32E-04 time=1.401
After sweep 24 energy=-128.7872  maxlinkdim=100 maxerr=1.33E-04 time=1.359
After sweep 25 energy=-128.7876  maxlinkdim=100 maxerr=1.33E-04 time=1.401
After sweep 26 energy=-128.78769  maxlinkdim=100 maxerr=1.34E-04 time=1.362
After sweep 27 energy=-128.78691  maxlinkdim=100 maxerr=1.34E-04 time=1.397
After sweep 28 energy=-128.78752  maxlinkdim=100 maxerr=1.34E-04 time=1.355
After sweep 29 energy=-128.7874  maxlinkdim=100 maxerr=1.33E-04 time=1.353
After sweep 30 energy=-128.7874  maxlinkdim=100 maxerr=1.33E-04 time=1.404
Same mu: 1.711156152753051 and continuing
Target density achieved with mu=1.711156152753051, n=0.93749785
Checking {alpha,beta} vs measured
Beta not converged.
NOT CONVERGED; updating alpha, beta and continuing...
After sweep 1 energy=-117.779915  maxlinkdim=10 maxerr=3.86E-03 time=0.669
After sweep 2 energy=-123.60007  maxlinkdim=20 maxerr=3.12E-03 time=0.721
After sweep 3 energy=-126.25386  maxlinkdim=100 maxerr=3.91E-06 time=1.412
After sweep 4 energy=-127.01773  maxlinkdim=100 maxerr=1.16E-05 time=1.484
After sweep 5 energy=-127.47305  maxlinkdim=100 maxerr=7.66E-05 time=1.350
After sweep 6 energy=-127.760765  maxlinkdim=100 maxerr=1.19E-04 time=1.400
After sweep 7 energy=-127.98284  maxlinkdim=100 maxerr=2.39E-04 time=1.359
After sweep 8 energy=-128.21342  maxlinkdim=100 maxerr=4.68E-04 time=1.413
After sweep 9 energy=-128.49721  maxlinkdim=100 maxerr=2.83E-04 time=1.361
After sweep 10 energy=-128.6152  maxlinkdim=100 maxerr=1.96E-04 time=1.404
After sweep 11 energy=-128.65826  maxlinkdim=100 maxerr=1.46E-04 time=1.362
After sweep 12 energy=-128.67416  maxlinkdim=100 maxerr=1.35E-04 time=1.399
After sweep 13 energy=-128.67941  maxlinkdim=100 maxerr=1.29E-04 time=1.361
After sweep 14 energy=-128.68204  maxlinkdim=100 maxerr=1.29E-04 time=1.406
After sweep 15 energy=-128.68333  maxlinkdim=100 maxerr=1.29E-04 time=1.358
After sweep 16 energy=-128.68326  maxlinkdim=100 maxerr=1.30E-04 time=1.353
After sweep 17 energy=-128.68326  maxlinkdim=100 maxerr=1.31E-04 time=1.404
After sweep 18 energy=-128.68343  maxlinkdim=100 maxerr=1.33E-04 time=1.352
After sweep 19 energy=-128.6839  maxlinkdim=100 maxerr=1.33E-04 time=1.408
After sweep 20 energy=-128.68399  maxlinkdim=100 maxerr=1.33E-04 time=1.358
After sweep 21 energy=-128.68481  maxlinkdim=100 maxerr=1.33E-04 time=1.403
After sweep 22 energy=-128.68431  maxlinkdim=100 maxerr=1.33E-04 time=1.349
After sweep 23 energy=-128.68546  maxlinkdim=100 maxerr=1.34E-04 time=1.401
After sweep 24 energy=-128.68794  maxlinkdim=100 maxerr=1.33E-04 time=1.358
After sweep 25 energy=-128.691  maxlinkdim=100 maxerr=1.33E-04 time=1.400
After sweep 26 energy=-128.69809  maxlinkdim=100 maxerr=1.33E-04 time=1.360
After sweep 27 energy=-128.7102  maxlinkdim=100 maxerr=1.32E-04 time=1.398
After sweep 28 energy=-128.72997  maxlinkdim=100 maxerr=1.32E-04 time=1.365
After sweep 29 energy=-128.75082  maxlinkdim=100 maxerr=1.31E-04 time=1.403
After sweep 30 energy=-128.76842  maxlinkdim=100 maxerr=1.32E-04 time=1.359
Not same mu, searching again
After sweep 1 energy=-116.87032  maxlinkdim=10 maxerr=3.56E-03 time=0.641
After sweep 2 energy=-122.81374  maxlinkdim=20 maxerr=1.89E-03 time=0.828
After sweep 3 energy=-125.6623  maxlinkdim=100 maxerr=4.15E-06 time=1.334
After sweep 4 energy=-126.34115  maxlinkdim=100 maxerr=1.52E-05 time=1.447
After sweep 5 energy=-126.76225  maxlinkdim=100 maxerr=4.91E-05 time=1.395
After sweep 6 energy=-127.06937  maxlinkdim=100 maxerr=1.99E-04 time=1.358
After sweep 7 energy=-127.32574  maxlinkdim=100 maxerr=2.24E-04 time=1.399
After sweep 8 energy=-127.576866  maxlinkdim=100 maxerr=1.83E-04 time=1.363
After sweep 9 energy=-127.80708  maxlinkdim=100 maxerr=2.58E-04 time=1.400
After sweep 10 energy=-127.98456  maxlinkdim=100 maxerr=1.92E-04 time=1.363
After sweep 11 energy=-128.08585  maxlinkdim=100 maxerr=1.54E-04 time=1.403
After sweep 12 energy=-128.14047  maxlinkdim=100 maxerr=1.31E-04 time=1.363
After sweep 13 energy=-128.16621  maxlinkdim=100 maxerr=1.35E-04 time=1.404
After sweep 14 energy=-128.178  maxlinkdim=100 maxerr=1.34E-04 time=1.361
After sweep 15 energy=-128.18259  maxlinkdim=100 maxerr=1.37E-04 time=1.398
After sweep 16 energy=-128.18486  maxlinkdim=100 maxerr=1.35E-04 time=1.362
After sweep 17 energy=-128.18602  maxlinkdim=100 maxerr=1.35E-04 time=1.356
After sweep 18 energy=-128.18663  maxlinkdim=100 maxerr=1.34E-04 time=1.403
After sweep 19 energy=-128.18735  maxlinkdim=100 maxerr=1.34E-04 time=1.357
After sweep 20 energy=-128.18701  maxlinkdim=100 maxerr=1.34E-04 time=1.405
After sweep 21 energy=-128.1877  maxlinkdim=100 maxerr=1.34E-04 time=1.355
After sweep 22 energy=-128.18741  maxlinkdim=100 maxerr=1.33E-04 time=1.404
After sweep 23 energy=-128.18741  maxlinkdim=100 maxerr=1.33E-04 time=1.355
After sweep 24 energy=-128.18765  maxlinkdim=100 maxerr=1.33E-04 time=1.406
After sweep 25 energy=-128.18716  maxlinkdim=100 maxerr=1.32E-04 time=1.358
After sweep 26 energy=-128.18776  maxlinkdim=100 maxerr=1.32E-04 time=1.410
After sweep 27 energy=-128.18776  maxlinkdim=100 maxerr=1.33E-04 time=1.357
After sweep 28 energy=-128.18747  maxlinkdim=100 maxerr=1.33E-04 time=1.407
After sweep 29 energy=-128.18767  maxlinkdim=100 maxerr=1.32E-04 time=1.361
After sweep 30 energy=-128.18784  maxlinkdim=100 maxerr=1.32E-04 time=1.419
n0: 0.93749756; n1: 0.9397079; mu0: 1.701156152753051; mu1: 1.711156152753051
FOUND MU; mu: 1.701156152753051  n: 0.93749756
Target density achieved with mu=1.701156152753051, n=0.93749756
Checking {alpha,beta} vs measured
Beta not converged.
NOT CONVERGED; updating alpha, beta and continuing...
After sweep 1 energy=-116.93134  maxlinkdim=10 maxerr=3.63E-03 time=0.679
After sweep 2 energy=-122.61813  maxlinkdim=20 maxerr=3.18E-03 time=0.731
After sweep 3 energy=-125.429985  maxlinkdim=100 maxerr=6.15E-06 time=1.413
After sweep 4 energy=-126.23143  maxlinkdim=100 maxerr=1.83E-05 time=1.514
After sweep 5 energy=-126.82096  maxlinkdim=100 maxerr=9.64E-05 time=1.399
After sweep 6 energy=-127.16537  maxlinkdim=100 maxerr=1.59E-04 time=1.357
After sweep 7 energy=-127.39827  maxlinkdim=100 maxerr=1.65E-04 time=1.400
After sweep 8 energy=-127.64041  maxlinkdim=100 maxerr=2.24E-04 time=1.361
After sweep 9 energy=-127.85791  maxlinkdim=100 maxerr=3.39E-04 time=1.405
After sweep 10 energy=-128.0015  maxlinkdim=100 maxerr=2.29E-04 time=1.364
After sweep 11 energy=-128.06929  maxlinkdim=100 maxerr=1.65E-04 time=1.404
After sweep 12 energy=-128.11105  maxlinkdim=100 maxerr=1.44E-04 time=1.367
After sweep 13 energy=-128.1436  maxlinkdim=100 maxerr=1.36E-04 time=1.404
After sweep 14 energy=-128.16599  maxlinkdim=100 maxerr=1.40E-04 time=1.359
After sweep 15 energy=-128.17819  maxlinkdim=100 maxerr=1.37E-04 time=1.358
After sweep 16 energy=-128.18321  maxlinkdim=100 maxerr=1.36E-04 time=1.405
After sweep 17 energy=-128.1851  maxlinkdim=100 maxerr=1.36E-04 time=1.358
After sweep 18 energy=-128.18626  maxlinkdim=100 maxerr=1.35E-04 time=1.408
After sweep 19 energy=-128.18616  maxlinkdim=100 maxerr=1.33E-04 time=1.359
After sweep 20 energy=-128.18704  maxlinkdim=100 maxerr=1.30E-04 time=1.406
After sweep 21 energy=-128.18698  maxlinkdim=100 maxerr=1.31E-04 time=1.356
After sweep 22 energy=-128.18762  maxlinkdim=100 maxerr=1.33E-04 time=1.404
After sweep 23 energy=-128.18718  maxlinkdim=100 maxerr=1.33E-04 time=1.359
After sweep 24 energy=-128.18703  maxlinkdim=100 maxerr=1.33E-04 time=1.410
After sweep 25 energy=-128.18768  maxlinkdim=100 maxerr=1.33E-04 time=1.355
After sweep 26 energy=-128.18756  maxlinkdim=100 maxerr=1.33E-04 time=1.404
After sweep 27 energy=-128.18748  maxlinkdim=100 maxerr=1.33E-04 time=1.403
After sweep 28 energy=-128.18747  maxlinkdim=100 maxerr=1.33E-04 time=1.357
After sweep 29 energy=-128.18752  maxlinkdim=100 maxerr=1.33E-04 time=1.400
After sweep 30 energy=-128.1874  maxlinkdim=100 maxerr=1.32E-04 time=1.359
Same mu: 1.701156152753051 and continuing
Target density achieved with mu=1.701156152753051, n=0.93749464
Checking {alpha,beta} vs measured
Beta not converged.
NOT CONVERGED; updating alpha, beta and continuing...
After sweep 1 energy=-116.98833  maxlinkdim=10 maxerr=3.80E-03 time=0.663
After sweep 2 energy=-122.97326  maxlinkdim=20 maxerr=2.31E-03 time=0.726
After sweep 3 energy=-125.8342  maxlinkdim=100 maxerr=5.44E-06 time=1.398
After sweep 4 energy=-126.54643  maxlinkdim=100 maxerr=1.15E-05 time=1.497
After sweep 5 energy=-126.971016  maxlinkdim=100 maxerr=1.78E-04 time=1.396
After sweep 6 energy=-127.24578  maxlinkdim=100 maxerr=1.86E-04 time=1.359
After sweep 7 energy=-127.4333  maxlinkdim=100 maxerr=2.15E-04 time=1.401
After sweep 8 energy=-127.61277  maxlinkdim=100 maxerr=2.02E-04 time=1.365
After sweep 9 energy=-127.80294  maxlinkdim=100 maxerr=2.55E-04 time=1.404
After sweep 10 energy=-127.92757  maxlinkdim=100 maxerr=2.21E-04 time=1.361
After sweep 11 energy=-127.99856  maxlinkdim=100 maxerr=1.64E-04 time=1.406
After sweep 12 energy=-128.0401  maxlinkdim=100 maxerr=1.60E-04 time=1.364
After sweep 13 energy=-128.05981  maxlinkdim=100 maxerr=1.49E-04 time=1.401
After sweep 14 energy=-128.06978  maxlinkdim=100 maxerr=1.43E-04 time=1.354
After sweep 15 energy=-128.07773  maxlinkdim=100 maxerr=1.42E-04 time=1.397
After sweep 16 energy=-128.0876  maxlinkdim=100 maxerr=1.38E-04 time=1.353
After sweep 17 energy=-128.10448  maxlinkdim=100 maxerr=1.35E-04 time=1.401
After sweep 18 energy=-128.12909  maxlinkdim=100 maxerr=1.35E-04 time=1.354
After sweep 19 energy=-128.15417  maxlinkdim=100 maxerr=1.34E-04 time=1.403
After sweep 20 energy=-128.17104  maxlinkdim=100 maxerr=1.34E-04 time=1.359
After sweep 21 energy=-128.17995  maxlinkdim=100 maxerr=1.34E-04 time=1.409
After sweep 22 energy=-128.18407  maxlinkdim=100 maxerr=1.35E-04 time=1.356
After sweep 23 energy=-128.1856  maxlinkdim=100 maxerr=1.35E-04 time=1.406
After sweep 24 energy=-128.1862  maxlinkdim=100 maxerr=1.33E-04 time=1.355
After sweep 25 energy=-128.18692  maxlinkdim=100 maxerr=1.35E-04 time=1.405
After sweep 26 energy=-128.18758  maxlinkdim=100 maxerr=1.35E-04 time=1.356
After sweep 27 energy=-128.18675  maxlinkdim=100 maxerr=1.35E-04 time=1.406
After sweep 28 energy=-128.18759  maxlinkdim=100 maxerr=1.35E-04 time=1.403
After sweep 29 energy=-128.18723  maxlinkdim=100 maxerr=1.34E-04 time=1.359
After sweep 30 energy=-128.18774  maxlinkdim=100 maxerr=1.34E-04 time=1.403
Same mu: 1.701156152753051 and continuing
Target density achieved with mu=1.701156152753051, n=0.937495
Checking {alpha,beta} vs measured
Beta not converged.
NOT CONVERGED; updating alpha, beta and continuing...
After sweep 1 energy=-116.997635  maxlinkdim=10 maxerr=3.39E-03 time=0.630
After sweep 2 energy=-122.87327  maxlinkdim=20 maxerr=2.73E-03 time=0.770
After sweep 3 energy=-125.72104  maxlinkdim=100 maxerr=5.26E-06 time=1.354
After sweep 4 energy=-126.44224  maxlinkdim=100 maxerr=8.10E-06 time=1.437
After sweep 5 energy=-126.891426  maxlinkdim=100 maxerr=7.43E-05 time=1.381
After sweep 6 energy=-127.199684  maxlinkdim=100 maxerr=1.32E-04 time=1.349
After sweep 7 energy=-127.41441  maxlinkdim=100 maxerr=1.69E-04 time=1.390
After sweep 8 energy=-127.62746  maxlinkdim=100 maxerr=2.34E-04 time=1.357
After sweep 9 energy=-127.81097  maxlinkdim=100 maxerr=2.52E-04 time=1.347
After sweep 10 energy=-127.90825  maxlinkdim=100 maxerr=1.64E-04 time=1.403
After sweep 11 energy=-127.962654  maxlinkdim=100 maxerr=1.24E-04 time=1.353
After sweep 12 energy=-128.02057  maxlinkdim=100 maxerr=1.29E-04 time=1.399
After sweep 13 energy=-128.07245  maxlinkdim=100 maxerr=1.22E-04 time=1.350
After sweep 14 energy=-128.11385  maxlinkdim=100 maxerr=1.30E-04 time=1.401
After sweep 15 energy=-128.14642  maxlinkdim=100 maxerr=1.36E-04 time=1.360
After sweep 16 energy=-128.16713  maxlinkdim=100 maxerr=1.40E-04 time=1.396
After sweep 17 energy=-128.17809  maxlinkdim=100 maxerr=1.38E-04 time=1.363
After sweep 18 energy=-128.18239  maxlinkdim=100 maxerr=1.37E-04 time=1.355
After sweep 19 energy=-128.18489  maxlinkdim=100 maxerr=1.32E-04 time=1.396
After sweep 20 energy=-128.1857  maxlinkdim=100 maxerr=1.31E-04 time=1.355
After sweep 21 energy=-128.18643  maxlinkdim=100 maxerr=1.31E-04 time=1.406
After sweep 22 energy=-128.1871  maxlinkdim=100 maxerr=1.33E-04 time=1.354
After sweep 23 energy=-128.18748  maxlinkdim=100 maxerr=1.34E-04 time=1.405
After sweep 24 energy=-128.18767  maxlinkdim=100 maxerr=1.33E-04 time=1.363
After sweep 25 energy=-128.18752  maxlinkdim=100 maxerr=1.33E-04 time=1.403
After sweep 26 energy=-128.18773  maxlinkdim=100 maxerr=1.33E-04 time=1.359
After sweep 27 energy=-128.18727  maxlinkdim=100 maxerr=1.33E-04 time=1.397
After sweep 28 energy=-128.18715  maxlinkdim=100 maxerr=1.33E-04 time=1.360
After sweep 29 energy=-128.18742  maxlinkdim=100 maxerr=1.33E-04 time=1.353
After sweep 30 energy=-128.18774  maxlinkdim=100 maxerr=1.33E-04 time=1.400
Same mu: 1.701156152753051 and continuing
Target density achieved with mu=1.701156152753051, n=0.93749875
Checking {alpha,beta} vs measured
Beta not converged.
NOT CONVERGED; updating alpha, beta and continuing...
After sweep 1 energy=-117.17095  maxlinkdim=10 maxerr=4.89E-03 time=0.652
After sweep 2 energy=-123.0368  maxlinkdim=20 maxerr=2.86E-03 time=0.724
After sweep 3 energy=-125.87617  maxlinkdim=100 maxerr=5.13E-06 time=1.390
After sweep 4 energy=-126.568375  maxlinkdim=100 maxerr=1.30E-05 time=1.498
After sweep 5 energy=-126.95659  maxlinkdim=100 maxerr=3.02E-05 time=1.394
After sweep 6 energy=-127.21861  maxlinkdim=100 maxerr=8.08E-05 time=1.356
After sweep 7 energy=-127.46825  maxlinkdim=100 maxerr=1.84E-04 time=1.355
After sweep 8 energy=-127.656456  maxlinkdim=100 maxerr=2.02E-04 time=1.407
After sweep 9 energy=-127.77677  maxlinkdim=100 maxerr=3.32E-04 time=1.359
After sweep 10 energy=-127.89278  maxlinkdim=100 maxerr=3.44E-04 time=1.414
After sweep 11 energy=-127.9968  maxlinkdim=100 maxerr=2.18E-04 time=1.364
After sweep 12 energy=-128.04196  maxlinkdim=100 maxerr=1.61E-04 time=1.409
After sweep 13 energy=-128.05959  maxlinkdim=100 maxerr=1.45E-04 time=1.357
After sweep 14 energy=-128.06665  maxlinkdim=100 maxerr=1.31E-04 time=1.399
After sweep 15 energy=-128.07068  maxlinkdim=100 maxerr=1.32E-04 time=1.360
After sweep 16 energy=-128.07397  maxlinkdim=100 maxerr=1.34E-04 time=1.401
After sweep 17 energy=-128.07733  maxlinkdim=100 maxerr=1.35E-04 time=1.358
After sweep 18 energy=-128.08434  maxlinkdim=100 maxerr=1.34E-04 time=1.401
After sweep 19 energy=-128.0968  maxlinkdim=100 maxerr=1.35E-04 time=1.360
After sweep 20 energy=-128.11775  maxlinkdim=100 maxerr=1.37E-04 time=1.360
After sweep 21 energy=-128.14359  maxlinkdim=100 maxerr=1.35E-04 time=1.404
After sweep 22 energy=-128.16525  maxlinkdim=100 maxerr=1.35E-04 time=1.357
After sweep 23 energy=-128.17793  maxlinkdim=100 maxerr=1.36E-04 time=1.402
After sweep 24 energy=-128.18289  maxlinkdim=100 maxerr=1.35E-04 time=1.357
After sweep 25 energy=-128.18587  maxlinkdim=100 maxerr=1.34E-04 time=1.406
After sweep 26 energy=-128.18652  maxlinkdim=100 maxerr=1.32E-04 time=1.356
After sweep 27 energy=-128.18669  maxlinkdim=100 maxerr=1.31E-04 time=1.399
After sweep 28 energy=-128.18704  maxlinkdim=100 maxerr=1.31E-04 time=1.360
After sweep 29 energy=-128.18756  maxlinkdim=100 maxerr=1.32E-04 time=1.405
After sweep 30 energy=-128.18752  maxlinkdim=100 maxerr=1.32E-04 time=1.362
Same mu: 1.701156152753051 and continuing
Target density achieved with mu=1.701156152753051, n=0.93749064
Checking {alpha,beta} vs measured
Beta not converged.
NOT CONVERGED; updating alpha, beta and continuing...
After sweep 1 energy=-117.24126  maxlinkdim=10 maxerr=4.49E-03 time=0.686
After sweep 2 energy=-122.85468  maxlinkdim=20 maxerr=2.68E-03 time=0.711
After sweep 3 energy=-125.55076  maxlinkdim=100 maxerr=4.08E-06 time=1.424
After sweep 4 energy=-126.29858  maxlinkdim=100 maxerr=9.76E-06 time=1.454
After sweep 5 energy=-126.77966  maxlinkdim=100 maxerr=3.89E-05 time=1.402
After sweep 6 energy=-127.10944  maxlinkdim=100 maxerr=9.21E-05 time=1.352
After sweep 7 energy=-127.37003  maxlinkdim=100 maxerr=2.21E-04 time=1.409
After sweep 8 energy=-127.65008  maxlinkdim=100 maxerr=1.98E-04 time=1.363
After sweep 9 energy=-127.90491  maxlinkdim=100 maxerr=1.71E-04 time=1.405
After sweep 10 energy=-128.04755  maxlinkdim=100 maxerr=1.61E-04 time=1.375
After sweep 11 energy=-128.12099  maxlinkdim=100 maxerr=1.38E-04 time=1.406
After sweep 12 energy=-128.15729  maxlinkdim=100 maxerr=1.34E-04 time=1.365
After sweep 13 energy=-128.17326  maxlinkdim=100 maxerr=1.33E-04 time=1.405
After sweep 14 energy=-128.18048  maxlinkdim=100 maxerr=1.36E-04 time=1.365
After sweep 15 energy=-128.18353  maxlinkdim=100 maxerr=1.34E-04 time=1.407
After sweep 16 energy=-128.18533  maxlinkdim=100 maxerr=1.33E-04 time=1.366
After sweep 17 energy=-128.18666  maxlinkdim=100 maxerr=1.33E-04 time=1.364
After sweep 18 energy=-128.18652  maxlinkdim=100 maxerr=1.34E-04 time=1.415
After sweep 19 energy=-128.18697  maxlinkdim=100 maxerr=1.34E-04 time=1.359
After sweep 20 energy=-128.18765  maxlinkdim=100 maxerr=1.35E-04 time=1.404
After sweep 21 energy=-128.1873  maxlinkdim=100 maxerr=1.34E-04 time=1.354
After sweep 22 energy=-128.18752  maxlinkdim=100 maxerr=1.34E-04 time=1.400
After sweep 23 energy=-128.18745  maxlinkdim=100 maxerr=1.34E-04 time=1.355
After sweep 24 energy=-128.18759  maxlinkdim=100 maxerr=1.34E-04 time=1.407
After sweep 25 energy=-128.18695  maxlinkdim=100 maxerr=1.34E-04 time=1.354
After sweep 26 energy=-128.18748  maxlinkdim=100 maxerr=1.32E-04 time=1.401
After sweep 27 energy=-128.18794  maxlinkdim=100 maxerr=1.32E-04 time=1.350
After sweep 28 energy=-128.1877  maxlinkdim=100 maxerr=1.31E-04 time=1.401
After sweep 29 energy=-128.18773  maxlinkdim=100 maxerr=1.32E-04 time=1.350
After sweep 30 energy=-128.18741  maxlinkdim=100 maxerr=1.32E-04 time=1.401
Same mu: 1.701156152753051 and continuing
Target density achieved with mu=1.701156152753051, n=0.9374967
Checking {alpha,beta} vs measured
Beta not converged.
NOT CONVERGED; updating alpha, beta and continuing...
After sweep 1 energy=-117.11335  maxlinkdim=10 maxerr=3.74E-03 time=0.683
After sweep 2 energy=-123.055695  maxlinkdim=20 maxerr=1.63E-03 time=0.714
After sweep 3 energy=-125.69347  maxlinkdim=100 maxerr=4.37E-06 time=1.425
After sweep 4 energy=-126.41629  maxlinkdim=100 maxerr=9.62E-06 time=1.446
After sweep 5 energy=-126.860466  maxlinkdim=100 maxerr=3.19E-05 time=1.395
After sweep 6 energy=-127.15826  maxlinkdim=100 maxerr=1.25E-04 time=1.352
After sweep 7 energy=-127.4057  maxlinkdim=100 maxerr=1.45E-04 time=1.405
After sweep 8 energy=-127.65743  maxlinkdim=100 maxerr=1.33E-04 time=1.357
After sweep 9 energy=-127.87162  maxlinkdim=100 maxerr=1.57E-04 time=1.410
After sweep 10 energy=-127.99768  maxlinkdim=100 maxerr=1.62E-04 time=1.356
After sweep 11 energy=-128.05316  maxlinkdim=100 maxerr=1.47E-04 time=1.407
After sweep 12 energy=-128.08533  maxlinkdim=100 maxerr=1.37E-04 time=1.353
After sweep 13 energy=-128.11322  maxlinkdim=100 maxerr=1.35E-04 time=1.403
After sweep 14 energy=-128.14207  maxlinkdim=100 maxerr=1.36E-04 time=1.353
After sweep 15 energy=-128.16472  maxlinkdim=100 maxerr=1.35E-04 time=1.403
After sweep 16 energy=-128.17624  maxlinkdim=100 maxerr=1.34E-04 time=1.359
After sweep 17 energy=-128.1826  maxlinkdim=100 maxerr=1.35E-04 time=1.401
After sweep 18 energy=-128.1851  maxlinkdim=100 maxerr=1.35E-04 time=1.364
After sweep 19 energy=-128.18597  maxlinkdim=100 maxerr=1.32E-04 time=1.402
After sweep 20 energy=-128.18669  maxlinkdim=100 maxerr=1.32E-04 time=1.359
After sweep 21 energy=-128.18732  maxlinkdim=100 maxerr=1.33E-04 time=1.401
After sweep 22 energy=-128.18712  maxlinkdim=100 maxerr=1.33E-04 time=1.357
After sweep 23 energy=-128.18777  maxlinkdim=100 maxerr=1.33E-04 time=1.399
After sweep 24 energy=-128.1877  maxlinkdim=100 maxerr=1.33E-04 time=1.359
After sweep 25 energy=-128.18741  maxlinkdim=100 maxerr=1.33E-04 time=1.398
After sweep 26 energy=-128.18799  maxlinkdim=100 maxerr=1.33E-04 time=1.359
After sweep 27 energy=-128.18773  maxlinkdim=100 maxerr=1.33E-04 time=1.401
After sweep 28 energy=-128.18846  maxlinkdim=100 maxerr=1.33E-04 time=1.364
After sweep 29 energy=-128.18808  maxlinkdim=100 maxerr=1.33E-04 time=1.402
After sweep 30 energy=-128.18779  maxlinkdim=100 maxerr=1.33E-04 time=1.354
Same mu: 1.701156152753051 and continuing
Target density achieved with mu=1.701156152753051, n=0.93749774
Checking {alpha,beta} vs measured
Beta not converged.
NOT CONVERGED; updating alpha, beta and continuing...
After sweep 1 energy=-116.796616  maxlinkdim=10 maxerr=4.66E-03 time=0.624
After sweep 2 energy=-122.43516  maxlinkdim=20 maxerr=2.48E-03 time=0.781
After sweep 3 energy=-125.227715  maxlinkdim=100 maxerr=5.51E-06 time=1.381
After sweep 4 energy=-126.082535  maxlinkdim=100 maxerr=1.50E-05 time=1.438
After sweep 5 energy=-126.70953  maxlinkdim=100 maxerr=7.55E-05 time=1.385
After sweep 6 energy=-127.15412  maxlinkdim=100 maxerr=1.09E-04 time=1.350
After sweep 7 energy=-127.41186  maxlinkdim=100 maxerr=1.86E-04 time=1.396
After sweep 8 energy=-127.65065  maxlinkdim=100 maxerr=3.59E-04 time=1.359
After sweep 9 energy=-127.8755  maxlinkdim=100 maxerr=3.58E-04 time=1.362
After sweep 10 energy=-128.0221  maxlinkdim=100 maxerr=2.74E-04 time=1.407
After sweep 11 energy=-128.10382  maxlinkdim=100 maxerr=1.74E-04 time=1.354
After sweep 12 energy=-128.14784  maxlinkdim=100 maxerr=1.44E-04 time=1.406
After sweep 13 energy=-128.16818  maxlinkdim=100 maxerr=1.43E-04 time=1.358
After sweep 14 energy=-128.17812  maxlinkdim=100 maxerr=1.41E-04 time=1.403
After sweep 15 energy=-128.1821  maxlinkdim=100 maxerr=1.36E-04 time=1.359
After sweep 16 energy=-128.18472  maxlinkdim=100 maxerr=1.32E-04 time=1.406
After sweep 17 energy=-128.18497  maxlinkdim=100 maxerr=1.31E-04 time=1.363
After sweep 18 energy=-128.18648  maxlinkdim=100 maxerr=1.32E-04 time=1.358
After sweep 19 energy=-128.18643  maxlinkdim=100 maxerr=1.33E-04 time=1.410
After sweep 20 energy=-128.18695  maxlinkdim=100 maxerr=1.33E-04 time=1.355
After sweep 21 energy=-128.18697  maxlinkdim=100 maxerr=1.34E-04 time=1.411
After sweep 22 energy=-128.1873  maxlinkdim=100 maxerr=1.34E-04 time=1.354
After sweep 23 energy=-128.18733  maxlinkdim=100 maxerr=1.34E-04 time=1.406
After sweep 24 energy=-128.18752  maxlinkdim=100 maxerr=1.34E-04 time=1.359
After sweep 25 energy=-128.18773  maxlinkdim=100 maxerr=1.34E-04 time=1.400
After sweep 26 energy=-128.18791  maxlinkdim=100 maxerr=1.34E-04 time=1.363
After sweep 27 energy=-128.18793  maxlinkdim=100 maxerr=1.33E-04 time=1.399
After sweep 28 energy=-128.18787  maxlinkdim=100 maxerr=1.33E-04 time=1.359
After sweep 29 energy=-128.18774  maxlinkdim=100 maxerr=1.33E-04 time=1.357
After sweep 30 energy=-128.18784  maxlinkdim=100 maxerr=1.33E-04 time=1.410
Same mu: 1.701156152753051 and continuing
Target density achieved with mu=1.701156152753051, n=0.9374979
Checking {alpha,beta} vs measured
Beta not converged.
NOT CONVERGED; updating alpha, beta and continuing...
After sweep 1 energy=-117.13123  maxlinkdim=10 maxerr=4.33E-03 time=0.666
After sweep 2 energy=-123.05615  maxlinkdim=20 maxerr=1.82E-03 time=0.733
After sweep 3 energy=-125.87131  maxlinkdim=100 maxerr=4.20E-06 time=1.430
After sweep 4 energy=-126.543655  maxlinkdim=100 maxerr=2.51E-05 time=1.482
After sweep 5 energy=-126.938545  maxlinkdim=100 maxerr=1.84E-05 time=1.357
After sweep 6 energy=-127.22521  maxlinkdim=100 maxerr=3.27E-04 time=1.399
After sweep 7 energy=-127.40421  maxlinkdim=100 maxerr=2.52E-04 time=1.363
After sweep 8 energy=-127.589775  maxlinkdim=100 maxerr=4.02E-04 time=1.362
After sweep 9 energy=-127.82567  maxlinkdim=100 maxerr=2.98E-04 time=1.410
After sweep 10 energy=-128.01651  maxlinkdim=100 maxerr=2.20E-04 time=1.356
After sweep 11 energy=-128.11237  maxlinkdim=100 maxerr=1.82E-04 time=1.404
After sweep 12 energy=-128.15468  maxlinkdim=100 maxerr=1.47E-04 time=1.356
After sweep 13 energy=-128.17256  maxlinkdim=100 maxerr=1.35E-04 time=1.405
After sweep 14 energy=-128.18024  maxlinkdim=100 maxerr=1.36E-04 time=1.359
After sweep 15 energy=-128.1837  maxlinkdim=100 maxerr=1.34E-04 time=1.405
After sweep 16 energy=-128.18576  maxlinkdim=100 maxerr=1.32E-04 time=1.358
After sweep 17 energy=-128.18607  maxlinkdim=100 maxerr=1.33E-04 time=1.397
After sweep 18 energy=-128.1863  maxlinkdim=100 maxerr=1.34E-04 time=1.358
After sweep 19 energy=-128.18692  maxlinkdim=100 maxerr=1.34E-04 time=1.399
After sweep 20 energy=-128.18712  maxlinkdim=100 maxerr=1.35E-04 time=1.358
After sweep 21 energy=-128.18785  maxlinkdim=100 maxerr=1.34E-04 time=1.356
After sweep 22 energy=-128.1876  maxlinkdim=100 maxerr=1.34E-04 time=1.402
After sweep 23 energy=-128.18776  maxlinkdim=100 maxerr=1.33E-04 time=1.353
After sweep 24 energy=-128.18774  maxlinkdim=100 maxerr=1.34E-04 time=1.404
After sweep 25 energy=-128.18764  maxlinkdim=100 maxerr=1.34E-04 time=1.353
After sweep 26 energy=-128.18802  maxlinkdim=100 maxerr=1.33E-04 time=1.407
After sweep 27 energy=-128.18784  maxlinkdim=100 maxerr=1.34E-04 time=1.350
After sweep 28 energy=-128.18733  maxlinkdim=100 maxerr=1.34E-04 time=1.403
After sweep 29 energy=-128.18788  maxlinkdim=100 maxerr=1.34E-04 time=1.361
After sweep 30 energy=-128.1879  maxlinkdim=100 maxerr=1.34E-04 time=1.402
Same mu: 1.701156152753051 and continuing
Target density achieved with mu=1.701156152753051, n=0.93749726
Checking {alpha,beta} vs measured
Beta not converged.
NOT CONVERGED; updating alpha, beta and continuing...
After sweep 1 energy=-117.07182  maxlinkdim=10 maxerr=4.69E-03 time=0.671
After sweep 2 energy=-122.79441  maxlinkdim=20 maxerr=2.96E-03 time=0.729
After sweep 3 energy=-125.44188  maxlinkdim=100 maxerr=5.30E-06 time=1.393
After sweep 4 energy=-126.168106  maxlinkdim=100 maxerr=7.73E-06 time=1.488
After sweep 5 energy=-126.68406  maxlinkdim=100 maxerr=3.67E-05 time=1.390
After sweep 6 energy=-127.06113  maxlinkdim=100 maxerr=1.67E-04 time=1.353
After sweep 7 energy=-127.36652  maxlinkdim=100 maxerr=2.46E-04 time=1.361
After sweep 8 energy=-127.64862  maxlinkdim=100 maxerr=1.45E-04 time=1.410
After sweep 9 energy=-127.85622  maxlinkdim=100 maxerr=1.57E-04 time=1.355
After sweep 10 energy=-128.00017  maxlinkdim=100 maxerr=2.76E-04 time=1.402
After sweep 11 energy=-128.0762  maxlinkdim=100 maxerr=1.88E-04 time=1.360
After sweep 12 energy=-128.11992  maxlinkdim=100 maxerr=1.42E-04 time=1.401
After sweep 13 energy=-128.15038  maxlinkdim=100 maxerr=1.36E-04 time=1.353
After sweep 14 energy=-128.17029  maxlinkdim=100 maxerr=1.32E-04 time=1.402
After sweep 15 energy=-128.1787  maxlinkdim=100 maxerr=1.35E-04 time=1.356
After sweep 16 energy=-128.1828  maxlinkdim=100 maxerr=1.37E-04 time=1.407
After sweep 17 energy=-128.1847  maxlinkdim=100 maxerr=1.36E-04 time=1.353
After sweep 18 energy=-128.18602  maxlinkdim=100 maxerr=1.36E-04 time=1.403
After sweep 19 energy=-128.18657  maxlinkdim=100 maxerr=1.35E-04 time=1.364
After sweep 20 energy=-128.18648  maxlinkdim=100 maxerr=1.34E-04 time=1.408
After sweep 21 energy=-128.18718  maxlinkdim=100 maxerr=1.30E-04 time=1.361
After sweep 22 energy=-128.1873  maxlinkdim=100 maxerr=1.33E-04 time=1.403
After sweep 23 energy=-128.18733  maxlinkdim=100 maxerr=1.33E-04 time=1.362
After sweep 24 energy=-128.18707  maxlinkdim=100 maxerr=1.33E-04 time=1.401
After sweep 25 energy=-128.18724  maxlinkdim=100 maxerr=1.33E-04 time=1.361
After sweep 26 energy=-128.18741  maxlinkdim=100 maxerr=1.34E-04 time=1.403
After sweep 27 energy=-128.18782  maxlinkdim=100 maxerr=1.34E-04 time=1.359
After sweep 28 energy=-128.18764  maxlinkdim=100 maxerr=1.34E-04 time=1.406
After sweep 29 energy=-128.18764  maxlinkdim=100 maxerr=1.34E-04 time=1.363
After sweep 30 energy=-128.18733  maxlinkdim=100 maxerr=1.34E-04 time=1.400
Same mu: 1.701156152753051 and continuing
Target density achieved with mu=1.701156152753051, n=0.9374956
Checking {alpha,beta} vs measured
Beta not converged.
NOT CONVERGED; updating alpha, beta and continuing...
After sweep 1 energy=-117.3388  maxlinkdim=10 maxerr=3.93E-03 time=0.657
After sweep 2 energy=-123.060974  maxlinkdim=20 maxerr=3.12E-03 time=0.735
After sweep 3 energy=-125.69815  maxlinkdim=100 maxerr=5.90E-06 time=1.444
After sweep 4 energy=-126.40246  maxlinkdim=100 maxerr=2.48E-05 time=1.455
After sweep 5 energy=-126.87576  maxlinkdim=100 maxerr=5.21E-05 time=1.400
After sweep 6 energy=-127.17548  maxlinkdim=100 maxerr=1.50E-04 time=1.362
After sweep 7 energy=-127.3748  maxlinkdim=100 maxerr=2.11E-04 time=1.405
After sweep 8 energy=-127.554306  maxlinkdim=100 maxerr=2.01E-04 time=1.370
After sweep 9 energy=-127.81726  maxlinkdim=100 maxerr=3.06E-04 time=1.407
After sweep 10 energy=-127.983734  maxlinkdim=100 maxerr=1.96E-04 time=1.366
After sweep 11 energy=-128.05185  maxlinkdim=100 maxerr=1.64E-04 time=1.405
After sweep 12 energy=-128.09238  maxlinkdim=100 maxerr=1.39E-04 time=1.363
After sweep 13 energy=-128.12587  maxlinkdim=100 maxerr=1.34E-04 time=1.411
After sweep 14 energy=-128.15466  maxlinkdim=100 maxerr=1.29E-04 time=1.366
After sweep 15 energy=-128.17245  maxlinkdim=100 maxerr=1.35E-04 time=1.405
After sweep 16 energy=-128.18037  maxlinkdim=100 maxerr=1.34E-04 time=1.363
After sweep 17 energy=-128.18451  maxlinkdim=100 maxerr=1.33E-04 time=1.407
After sweep 18 energy=-128.18579  maxlinkdim=100 maxerr=1.32E-04 time=1.366
After sweep 19 energy=-128.1868  maxlinkdim=100 maxerr=1.32E-04 time=1.402
After sweep 20 energy=-128.18729  maxlinkdim=100 maxerr=1.33E-04 time=1.365
After sweep 21 energy=-128.18803  maxlinkdim=100 maxerr=1.33E-04 time=1.402
After sweep 22 energy=-128.1873  maxlinkdim=100 maxerr=1.34E-04 time=1.372
After sweep 23 energy=-128.18774  maxlinkdim=100 maxerr=1.34E-04 time=1.404
After sweep 24 energy=-128.18732  maxlinkdim=100 maxerr=1.33E-04 time=1.363
After sweep 25 energy=-128.1876  maxlinkdim=100 maxerr=1.33E-04 time=1.403
After sweep 26 energy=-128.18764  maxlinkdim=100 maxerr=1.34E-04 time=1.363
After sweep 27 energy=-128.18823  maxlinkdim=100 maxerr=1.33E-04 time=1.405
After sweep 28 energy=-128.18758  maxlinkdim=100 maxerr=1.33E-04 time=1.362
After sweep 29 energy=-128.18779  maxlinkdim=100 maxerr=1.33E-04 time=1.404
After sweep 30 energy=-128.18797  maxlinkdim=100 maxerr=1.33E-04 time=1.364
Same mu: 1.701156152753051 and continuing
Target density achieved with mu=1.701156152753051, n=0.93749803
Checking {alpha,beta} vs measured
Beta not converged.
NOT CONVERGED; updating alpha, beta and continuing...
After sweep 1 energy=-116.99915  maxlinkdim=10 maxerr=3.45E-03 time=0.684
After sweep 2 energy=-122.67262  maxlinkdim=20 maxerr=3.39E-03 time=0.709
After sweep 3 energy=-125.25876  maxlinkdim=100 maxerr=4.60E-06 time=1.386
After sweep 4 energy=-126.111176  maxlinkdim=100 maxerr=6.45E-06 time=1.472
After sweep 5 energy=-126.69929  maxlinkdim=100 maxerr=4.32E-05 time=1.346
After sweep 6 energy=-127.10036  maxlinkdim=100 maxerr=1.60E-04 time=1.356
After sweep 7 energy=-127.36218  maxlinkdim=100 maxerr=1.93E-04 time=1.404
After sweep 8 energy=-127.60892  maxlinkdim=100 maxerr=2.29E-04 time=1.352
After sweep 9 energy=-127.81044  maxlinkdim=100 maxerr=2.62E-04 time=1.403
After sweep 10 energy=-127.96997  maxlinkdim=100 maxerr=2.96E-04 time=1.361
After sweep 11 energy=-128.07878  maxlinkdim=100 maxerr=1.72E-04 time=1.400
After sweep 12 energy=-128.1358  maxlinkdim=100 maxerr=1.54E-04 time=1.360
After sweep 13 energy=-128.1639  maxlinkdim=100 maxerr=1.43E-04 time=1.400
After sweep 14 energy=-128.17537  maxlinkdim=100 maxerr=1.35E-04 time=1.360
After sweep 15 energy=-128.18112  maxlinkdim=100 maxerr=1.34E-04 time=1.359
After sweep 16 energy=-128.184  maxlinkdim=100 maxerr=1.34E-04 time=1.402
After sweep 17 energy=-128.18584  maxlinkdim=100 maxerr=1.35E-04 time=1.353
After sweep 18 energy=-128.18648  maxlinkdim=100 maxerr=1.32E-04 time=1.406
After sweep 19 energy=-128.18689  maxlinkdim=100 maxerr=1.32E-04 time=1.360
After sweep 20 energy=-128.18724  maxlinkdim=100 maxerr=1.33E-04 time=1.402
After sweep 21 energy=-128.18712  maxlinkdim=100 maxerr=1.33E-04 time=1.358
After sweep 22 energy=-128.18752  maxlinkdim=100 maxerr=1.33E-04 time=1.400
After sweep 23 energy=-128.18736  maxlinkdim=100 maxerr=1.33E-04 time=1.361
After sweep 24 energy=-128.18709  maxlinkdim=100 maxerr=1.33E-04 time=1.361
After sweep 25 energy=-128.18694  maxlinkdim=100 maxerr=1.33E-04 time=1.406
After sweep 26 energy=-128.18755  maxlinkdim=100 maxerr=1.34E-04 time=1.353
After sweep 27 energy=-128.18733  maxlinkdim=100 maxerr=1.33E-04 time=1.407
After sweep 28 energy=-128.18753  maxlinkdim=100 maxerr=1.33E-04 time=1.355
After sweep 29 energy=-128.18756  maxlinkdim=100 maxerr=1.33E-04 time=1.405
After sweep 30 energy=-128.18736  maxlinkdim=100 maxerr=1.34E-04 time=1.360
Same mu: 1.701156152753051 and continuing
Target density achieved with mu=1.701156152753051, n=0.93749756
Checking {alpha,beta} vs measured
Beta not converged.
NOT CONVERGED; updating alpha, beta and continuing...
After sweep 1 energy=-117.185974  maxlinkdim=10 maxerr=3.77E-03 time=0.664
After sweep 2 energy=-123.06041  maxlinkdim=20 maxerr=2.82E-03 time=0.724
After sweep 3 energy=-125.882515  maxlinkdim=100 maxerr=7.12E-06 time=1.420
After sweep 4 energy=-126.55023  maxlinkdim=100 maxerr=7.49E-06 time=1.497
After sweep 5 energy=-126.967125  maxlinkdim=100 maxerr=7.20E-05 time=1.380
After sweep 6 energy=-127.2526  maxlinkdim=100 maxerr=1.80E-04 time=1.440
After sweep 7 energy=-127.47232  maxlinkdim=100 maxerr=2.11E-04 time=1.368
After sweep 8 energy=-127.703636  maxlinkdim=100 maxerr=1.98E-04 time=1.422
After sweep 9 energy=-127.91066  maxlinkdim=100 maxerr=2.90E-04 time=1.361
After sweep 10 energy=-128.01967  maxlinkdim=100 maxerr=2.58E-04 time=1.423
After sweep 11 energy=-128.07202  maxlinkdim=100 maxerr=1.70E-04 time=1.362
After sweep 12 energy=-128.11061  maxlinkdim=100 maxerr=1.52E-04 time=1.402
After sweep 13 energy=-128.14243  maxlinkdim=100 maxerr=1.43E-04 time=1.358
After sweep 14 energy=-128.1643  maxlinkdim=100 maxerr=1.40E-04 time=1.399
After sweep 15 energy=-128.17644  maxlinkdim=100 maxerr=1.36E-04 time=1.361
After sweep 16 energy=-128.18187  maxlinkdim=100 maxerr=1.33E-04 time=1.352
After sweep 17 energy=-128.18472  maxlinkdim=100 maxerr=1.36E-04 time=1.408
After sweep 18 energy=-128.18582  maxlinkdim=100 maxerr=1.30E-04 time=1.354
After sweep 19 energy=-128.1873  maxlinkdim=100 maxerr=1.33E-04 time=1.405
After sweep 20 energy=-128.18669  maxlinkdim=100 maxerr=1.35E-04 time=1.357
After sweep 21 energy=-128.18706  maxlinkdim=100 maxerr=1.35E-04 time=1.398
After sweep 22 energy=-128.18793  maxlinkdim=100 maxerr=1.34E-04 time=1.351
After sweep 23 energy=-128.18764  maxlinkdim=100 maxerr=1.35E-04 time=1.400
After sweep 24 energy=-128.18784  maxlinkdim=100 maxerr=1.35E-04 time=1.355
After sweep 25 energy=-128.18793  maxlinkdim=100 maxerr=1.34E-04 time=1.398
After sweep 26 energy=-128.18735  maxlinkdim=100 maxerr=1.35E-04 time=1.359
After sweep 27 energy=-128.18771  maxlinkdim=100 maxerr=1.34E-04 time=1.395
After sweep 28 energy=-128.18755  maxlinkdim=100 maxerr=1.32E-04 time=1.356
After sweep 29 energy=-128.188  maxlinkdim=100 maxerr=1.32E-04 time=1.397
After sweep 30 energy=-128.18765  maxlinkdim=100 maxerr=1.31E-04 time=1.358
Same mu: 1.701156152753051 and continuing
Target density achieved with mu=1.701156152753051, n=0.93749684
Checking {alpha,beta} vs measured
Beta not converged.
NOT CONVERGED; updating alpha, beta and continuing...
After sweep 1 energy=-117.00956  maxlinkdim=10 maxerr=3.57E-03 time=0.685
After sweep 2 energy=-122.57848  maxlinkdim=20 maxerr=2.69E-03 time=0.710
After sweep 3 energy=-125.32689  maxlinkdim=100 maxerr=4.76E-06 time=1.432
After sweep 4 energy=-126.15131  maxlinkdim=100 maxerr=1.24E-05 time=1.448
After sweep 5 energy=-126.7247  maxlinkdim=100 maxerr=4.32E-05 time=1.400
After sweep 6 energy=-127.08437  maxlinkdim=100 maxerr=1.23E-04 time=1.351
After sweep 7 energy=-127.321785  maxlinkdim=100 maxerr=1.95E-04 time=1.399
After sweep 8 energy=-127.50996  maxlinkdim=100 maxerr=2.28E-04 time=1.361
After sweep 9 energy=-127.72646  maxlinkdim=100 maxerr=3.75E-04 time=1.404
After sweep 10 energy=-127.92244  maxlinkdim=100 maxerr=3.23E-04 time=1.368
After sweep 11 energy=-128.02138  maxlinkdim=100 maxerr=2.00E-04 time=1.402
After sweep 12 energy=-128.06686  maxlinkdim=100 maxerr=1.55E-04 time=1.360
After sweep 13 energy=-128.09805  maxlinkdim=100 maxerr=1.48E-04 time=1.398
After sweep 14 energy=-128.12834  maxlinkdim=100 maxerr=1.44E-04 time=1.356
After sweep 15 energy=-128.15463  maxlinkdim=100 maxerr=1.36E-04 time=1.398
After sweep 16 energy=-128.17218  maxlinkdim=100 maxerr=1.31E-04 time=1.362
After sweep 17 energy=-128.17984  maxlinkdim=100 maxerr=1.34E-04 time=1.354
After sweep 18 energy=-128.18398  maxlinkdim=100 maxerr=1.36E-04 time=1.404
After sweep 19 energy=-128.18529  maxlinkdim=100 maxerr=1.34E-04 time=1.363
After sweep 20 energy=-128.18608  maxlinkdim=100 maxerr=1.33E-04 time=1.405
After sweep 21 energy=-128.18703  maxlinkdim=100 maxerr=1.34E-04 time=1.351
After sweep 22 energy=-128.18745  maxlinkdim=100 maxerr=1.34E-04 time=1.402
After sweep 23 energy=-128.18759  maxlinkdim=100 maxerr=1.34E-04 time=1.355
After sweep 24 energy=-128.18721  maxlinkdim=100 maxerr=1.33E-04 time=1.405
After sweep 25 energy=-128.18735  maxlinkdim=100 maxerr=1.33E-04 time=1.353
After sweep 26 energy=-128.18784  maxlinkdim=100 maxerr=1.31E-04 time=1.408
After sweep 27 energy=-128.18747  maxlinkdim=100 maxerr=1.31E-04 time=1.360
After sweep 28 energy=-128.18736  maxlinkdim=100 maxerr=1.31E-04 time=1.404
After sweep 29 energy=-128.18755  maxlinkdim=100 maxerr=1.31E-04 time=1.361
After sweep 30 energy=-128.1878  maxlinkdim=100 maxerr=1.31E-04 time=1.406
Same mu: 1.701156152753051 and continuing
Target density achieved with mu=1.701156152753051, n=0.937497
Checking {alpha,beta} vs measured
Beta not converged.
NOT CONVERGED; updating alpha, beta and continuing...
After sweep 1 energy=-117.06948  maxlinkdim=10 maxerr=4.22E-03 time=0.690
After sweep 2 energy=-123.04197  maxlinkdim=20 maxerr=2.74E-03 time=0.714
After sweep 3 energy=-125.97881  maxlinkdim=100 maxerr=4.87E-06 time=1.412
After sweep 4 energy=-126.56426  maxlinkdim=100 maxerr=9.86E-06 time=1.450
After sweep 5 energy=-126.9232  maxlinkdim=100 maxerr=4.86E-05 time=1.404
After sweep 6 energy=-127.20501  maxlinkdim=100 maxerr=1.31E-04 time=1.356
After sweep 7 energy=-127.41277  maxlinkdim=100 maxerr=2.34E-04 time=1.405
After sweep 8 energy=-127.62203  maxlinkdim=100 maxerr=1.89E-04 time=1.363
After sweep 9 energy=-127.82405  maxlinkdim=100 maxerr=2.88E-04 time=1.415
After sweep 10 energy=-127.97236  maxlinkdim=100 maxerr=3.08E-04 time=1.361
After sweep 11 energy=-128.06482  maxlinkdim=100 maxerr=1.88E-04 time=1.406
After sweep 12 energy=-128.11916  maxlinkdim=100 maxerr=1.43E-04 time=1.358
After sweep 13 energy=-128.15295  maxlinkdim=100 maxerr=1.46E-04 time=1.407
After sweep 14 energy=-128.17204  maxlinkdim=100 maxerr=1.42E-04 time=1.356
After sweep 15 energy=-128.1795  maxlinkdim=100 maxerr=1.35E-04 time=1.413
After sweep 16 energy=-128.18362  maxlinkdim=100 maxerr=1.35E-04 time=1.362
After sweep 17 energy=-128.18571  maxlinkdim=100 maxerr=1.33E-04 time=1.400
After sweep 18 energy=-128.1866  maxlinkdim=100 maxerr=1.35E-04 time=1.362
After sweep 19 energy=-128.18669  maxlinkdim=100 maxerr=1.35E-04 time=1.403
After sweep 20 energy=-128.18716  maxlinkdim=100 maxerr=1.34E-04 time=1.358
After sweep 21 energy=-128.18764  maxlinkdim=100 maxerr=1.34E-04 time=1.401
After sweep 22 energy=-128.18732  maxlinkdim=100 maxerr=1.33E-04 time=1.361
After sweep 23 energy=-128.18787  maxlinkdim=100 maxerr=1.33E-04 time=1.403
After sweep 24 energy=-128.18774  maxlinkdim=100 maxerr=1.33E-04 time=1.362
After sweep 25 energy=-128.18779  maxlinkdim=100 maxerr=1.33E-04 time=1.402
After sweep 26 energy=-128.18796  maxlinkdim=100 maxerr=1.33E-04 time=1.360
After sweep 27 energy=-128.18819  maxlinkdim=100 maxerr=1.33E-04 time=1.401
After sweep 28 energy=-128.18797  maxlinkdim=100 maxerr=1.32E-04 time=1.355
After sweep 29 energy=-128.18759  maxlinkdim=100 maxerr=1.33E-04 time=1.397
After sweep 30 energy=-128.18823  maxlinkdim=100 maxerr=1.32E-04 time=1.349
Same mu: 1.701156152753051 and continuing
Target density achieved with mu=1.701156152753051, n=0.9374985
Checking {alpha,beta} vs measured
Beta not converged.
NOT CONVERGED; updating alpha, beta and continuing...
After sweep 1 energy=-117.70888  maxlinkdim=10 maxerr=3.37E-03 time=0.635
After sweep 2 energy=-122.652336  maxlinkdim=20 maxerr=1.58E-03 time=0.782
After sweep 3 energy=-125.38477  maxlinkdim=100 maxerr=7.77E-06 time=1.334
After sweep 4 energy=-126.222855  maxlinkdim=100 maxerr=3.25E-05 time=1.445
After sweep 5 energy=-126.7942  maxlinkdim=100 maxerr=1.09E-04 time=1.384
After sweep 6 energy=-127.177155  maxlinkdim=100 maxerr=1.93E-04 time=1.349
After sweep 7 energy=-127.49159  maxlinkdim=100 maxerr=2.14E-04 time=1.394
After sweep 8 energy=-127.739586  maxlinkdim=100 maxerr=3.70E-04 time=1.356
After sweep 9 energy=-127.87216  maxlinkdim=100 maxerr=2.91E-04 time=1.348
After sweep 10 energy=-127.93311  maxlinkdim=100 maxerr=2.21E-04 time=1.399
After sweep 11 energy=-127.99177  maxlinkdim=100 maxerr=2.01E-04 time=1.358
After sweep 12 energy=-128.03957  maxlinkdim=100 maxerr=1.50E-04 time=1.400
After sweep 13 energy=-128.05959  maxlinkdim=100 maxerr=1.43E-04 time=1.353
After sweep 14 energy=-128.06995  maxlinkdim=100 maxerr=1.42E-04 time=1.395
After sweep 15 energy=-128.07706  maxlinkdim=100 maxerr=1.41E-04 time=1.353
After sweep 16 energy=-128.08667  maxlinkdim=100 maxerr=1.36E-04 time=1.394
After sweep 17 energy=-128.10345  maxlinkdim=100 maxerr=1.32E-04 time=1.356
After sweep 18 energy=-128.1273  maxlinkdim=100 maxerr=1.33E-04 time=1.355
After sweep 19 energy=-128.15298  maxlinkdim=100 maxerr=1.32E-04 time=1.403
After sweep 20 energy=-128.17117  maxlinkdim=100 maxerr=1.31E-04 time=1.355
After sweep 21 energy=-128.18027  maxlinkdim=100 maxerr=1.33E-04 time=1.410
After sweep 22 energy=-128.18399  maxlinkdim=100 maxerr=1.33E-04 time=1.354
After sweep 23 energy=-128.18585  maxlinkdim=100 maxerr=1.33E-04 time=1.400
After sweep 24 energy=-128.18619  maxlinkdim=100 maxerr=1.33E-04 time=1.355
After sweep 25 energy=-128.18727  maxlinkdim=100 maxerr=1.34E-04 time=1.397
After sweep 26 energy=-128.18738  maxlinkdim=100 maxerr=1.34E-04 time=1.358
After sweep 27 energy=-128.18723  maxlinkdim=100 maxerr=1.33E-04 time=1.399
After sweep 28 energy=-128.18726  maxlinkdim=100 maxerr=1.33E-04 time=1.357
After sweep 29 energy=-128.18767  maxlinkdim=100 maxerr=1.33E-04 time=1.353
After sweep 30 energy=-128.18773  maxlinkdim=100 maxerr=1.34E-04 time=1.409
Same mu: 1.701156152753051 and continuing
Target density achieved with mu=1.701156152753051, n=0.93749475
Checking {alpha,beta} vs measured
Beta not converged.
NOT CONVERGED; updating alpha, beta and continuing...
After sweep 1 energy=-117.10141  maxlinkdim=10 maxerr=5.06E-03 time=0.664
After sweep 2 energy=-123.13006  maxlinkdim=20 maxerr=2.17E-03 time=0.718
After sweep 3 energy=-125.874825  maxlinkdim=100 maxerr=6.40E-06 time=1.427
After sweep 4 energy=-126.55246  maxlinkdim=100 maxerr=1.27E-05 time=1.485
After sweep 5 energy=-126.958275  maxlinkdim=100 maxerr=4.91E-05 time=1.354
After sweep 6 energy=-127.23861  maxlinkdim=100 maxerr=1.13E-04 time=1.352
After sweep 7 energy=-127.42994  maxlinkdim=100 maxerr=1.90E-04 time=1.401
After sweep 8 energy=-127.61383  maxlinkdim=100 maxerr=1.91E-04 time=1.357
After sweep 9 energy=-127.8283  maxlinkdim=100 maxerr=3.25E-04 time=1.405
After sweep 10 energy=-128.00296  maxlinkdim=100 maxerr=3.20E-04 time=1.353
After sweep 11 energy=-128.09605  maxlinkdim=100 maxerr=1.49E-04 time=1.400
After sweep 12 energy=-128.14485  maxlinkdim=100 maxerr=1.82E-04 time=1.355
After sweep 13 energy=-128.16827  maxlinkdim=100 maxerr=1.53E-04 time=1.400
After sweep 14 energy=-128.17847  maxlinkdim=100 maxerr=1.43E-04 time=1.362
After sweep 15 energy=-128.18233  maxlinkdim=100 maxerr=1.35E-04 time=1.399
After sweep 16 energy=-128.18457  maxlinkdim=100 maxerr=1.34E-04 time=1.359
After sweep 17 energy=-128.18613  maxlinkdim=100 maxerr=1.34E-04 time=1.401
After sweep 18 energy=-128.18713  maxlinkdim=100 maxerr=1.34E-04 time=1.357
After sweep 19 energy=-128.18704  maxlinkdim=100 maxerr=1.35E-04 time=1.351
After sweep 20 energy=-128.18759  maxlinkdim=100 maxerr=1.34E-04 time=1.399
After sweep 21 energy=-128.18767  maxlinkdim=100 maxerr=1.34E-04 time=1.354
After sweep 22 energy=-128.18782  maxlinkdim=100 maxerr=1.34E-04 time=1.400
After sweep 23 energy=-128.18776  maxlinkdim=100 maxerr=1.35E-04 time=1.359
After sweep 24 energy=-128.18758  maxlinkdim=100 maxerr=1.35E-04 time=1.402
After sweep 25 energy=-128.18747  maxlinkdim=100 maxerr=1.33E-04 time=1.353
After sweep 26 energy=-128.18785  maxlinkdim=100 maxerr=1.33E-04 time=1.403
After sweep 27 energy=-128.18802  maxlinkdim=100 maxerr=1.34E-04 time=1.357
After sweep 28 energy=-128.18741  maxlinkdim=100 maxerr=1.34E-04 time=1.398
After sweep 29 energy=-128.18797  maxlinkdim=100 maxerr=1.33E-04 time=1.358
After sweep 30 energy=-128.18784  maxlinkdim=100 maxerr=1.33E-04 time=1.401
Same mu: 1.701156152753051 and continuing
Target density achieved with mu=1.701156152753051, n=0.93749577
Checking {alpha,beta} vs measured
Beta not converged.
NOT CONVERGED; updating alpha, beta and continuing...
After sweep 1 energy=-117.121025  maxlinkdim=10 maxerr=4.13E-03 time=0.635
After sweep 2 energy=-122.93275  maxlinkdim=20 maxerr=2.68E-03 time=0.790
After sweep 3 energy=-125.58948  maxlinkdim=100 maxerr=3.61E-06 time=1.370
After sweep 4 energy=-126.32357  maxlinkdim=100 maxerr=8.95E-06 time=1.443
After sweep 5 energy=-126.78179  maxlinkdim=100 maxerr=3.91E-05 time=1.392
After sweep 6 energy=-127.11223  maxlinkdim=100 maxerr=1.14E-04 time=1.353
After sweep 7 energy=-127.378876  maxlinkdim=100 maxerr=2.21E-04 time=1.399
After sweep 8 energy=-127.601814  maxlinkdim=100 maxerr=2.58E-04 time=1.366
After sweep 9 energy=-127.847435  maxlinkdim=100 maxerr=1.73E-04 time=1.401
After sweep 10 energy=-128.01775  maxlinkdim=100 maxerr=2.21E-04 time=1.365
After sweep 11 energy=-128.10715  maxlinkdim=100 maxerr=1.86E-04 time=1.403
After sweep 12 energy=-128.15251  maxlinkdim=100 maxerr=1.36E-04 time=1.360
After sweep 13 energy=-128.17154  maxlinkdim=100 maxerr=1.42E-04 time=1.395
After sweep 14 energy=-128.17969  maxlinkdim=100 maxerr=1.39E-04 time=1.359
After sweep 15 energy=-128.18327  maxlinkdim=100 maxerr=1.37E-04 time=1.396
After sweep 16 energy=-128.18513  maxlinkdim=100 maxerr=1.35E-04 time=1.357
After sweep 17 energy=-128.18634  maxlinkdim=100 maxerr=1.34E-04 time=1.362
After sweep 18 energy=-128.187  maxlinkdim=100 maxerr=1.36E-04 time=1.403
After sweep 19 energy=-128.18733  maxlinkdim=100 maxerr=1.34E-04 time=1.351
After sweep 20 energy=-128.18752  maxlinkdim=100 maxerr=1.32E-04 time=1.403
After sweep 21 energy=-128.18701  maxlinkdim=100 maxerr=1.33E-04 time=1.353
After sweep 22 energy=-128.18703  maxlinkdim=100 maxerr=1.34E-04 time=1.398
After sweep 23 energy=-128.18758  maxlinkdim=100 maxerr=1.34E-04 time=1.352
After sweep 24 energy=-128.18779  maxlinkdim=100 maxerr=1.33E-04 time=1.401
After sweep 25 energy=-128.18803  maxlinkdim=100 maxerr=1.34E-04 time=1.353
After sweep 26 energy=-128.18747  maxlinkdim=100 maxerr=1.34E-04 time=1.405
After sweep 27 energy=-128.18805  maxlinkdim=100 maxerr=1.34E-04 time=1.353
After sweep 28 energy=-128.18768  maxlinkdim=100 maxerr=1.34E-04 time=1.404
After sweep 29 energy=-128.18755  maxlinkdim=100 maxerr=1.34E-04 time=1.353
After sweep 30 energy=-128.18768  maxlinkdim=100 maxerr=1.34E-04 time=1.398
Same mu: 1.701156152753051 and continuing
Target density achieved with mu=1.701156152753051, n=0.9374973
Checking {alpha,beta} vs measured
Beta not converged.
NOT CONVERGED; updating alpha, beta and continuing...
After sweep 1 energy=-117.231255  maxlinkdim=10 maxerr=3.43E-03 time=0.660
After sweep 2 energy=-122.98904  maxlinkdim=20 maxerr=3.28E-03 time=0.848
After sweep 3 energy=-125.61586  maxlinkdim=100 maxerr=5.18E-06 time=1.317
After sweep 4 energy=-126.35607  maxlinkdim=100 maxerr=1.25E-05 time=1.448
After sweep 5 energy=-126.86236  maxlinkdim=100 maxerr=4.42E-05 time=1.397
After sweep 6 energy=-127.194565  maxlinkdim=100 maxerr=1.43E-04 time=1.353
After sweep 7 energy=-127.41489  maxlinkdim=100 maxerr=1.88E-04 time=1.405
After sweep 8 energy=-127.641914  maxlinkdim=100 maxerr=2.65E-04 time=1.364
After sweep 9 energy=-127.82933  maxlinkdim=100 maxerr=2.68E-04 time=1.405
After sweep 10 energy=-127.92376  maxlinkdim=100 maxerr=2.29E-04 time=1.370
After sweep 11 energy=-127.9918  maxlinkdim=100 maxerr=2.13E-04 time=1.406
After sweep 12 energy=-128.06271  maxlinkdim=100 maxerr=1.79E-04 time=1.363
After sweep 13 energy=-128.115  maxlinkdim=100 maxerr=1.47E-04 time=1.404
After sweep 14 energy=-128.14948  maxlinkdim=100 maxerr=1.43E-04 time=1.364
After sweep 15 energy=-128.1692  maxlinkdim=100 maxerr=1.38E-04 time=1.403
After sweep 16 energy=-128.17874  maxlinkdim=100 maxerr=1.37E-04 time=1.364
After sweep 17 energy=-128.18332  maxlinkdim=100 maxerr=1.37E-04 time=1.406
After sweep 18 energy=-128.18488  maxlinkdim=100 maxerr=1.34E-04 time=1.362
After sweep 19 energy=-128.18626  maxlinkdim=100 maxerr=1.34E-04 time=1.404
After sweep 20 energy=-128.18709  maxlinkdim=100 maxerr=1.33E-04 time=1.362
After sweep 21 energy=-128.18716  maxlinkdim=100 maxerr=1.33E-04 time=1.404
After sweep 22 energy=-128.18724  maxlinkdim=100 maxerr=1.33E-04 time=1.365
After sweep 23 energy=-128.18723  maxlinkdim=100 maxerr=1.33E-04 time=1.405
After sweep 24 energy=-128.1874  maxlinkdim=100 maxerr=1.33E-04 time=1.362
After sweep 25 energy=-128.1878  maxlinkdim=100 maxerr=1.34E-04 time=1.403
After sweep 26 energy=-128.18741  maxlinkdim=100 maxerr=1.33E-04 time=1.358
After sweep 27 energy=-128.18753  maxlinkdim=100 maxerr=1.33E-04 time=1.403
After sweep 28 energy=-128.18759  maxlinkdim=100 maxerr=1.33E-04 time=1.370
After sweep 29 energy=-128.18791  maxlinkdim=100 maxerr=1.33E-04 time=1.406
After sweep 30 energy=-128.18767  maxlinkdim=100 maxerr=1.33E-04 time=1.364
Same mu: 1.701156152753051 and continuing
Target density achieved with mu=1.701156152753051, n=0.93749595
Checking {alpha,beta} vs measured
Beta not converged.
NOT CONVERGED; updating alpha, beta and continuing...
After sweep 1 energy=-117.85932  maxlinkdim=10 maxerr=3.61E-03 time=0.667
After sweep 2 energy=-122.81806  maxlinkdim=20 maxerr=1.42E-03 time=0.735
After sweep 3 energy=-125.574524  maxlinkdim=100 maxerr=8.36E-06 time=1.373
After sweep 4 energy=-126.328865  maxlinkdim=100 maxerr=1.74E-05 time=1.494
After sweep 5 energy=-126.8944  maxlinkdim=100 maxerr=8.10E-05 time=1.345
After sweep 6 energy=-127.27447  maxlinkdim=100 maxerr=1.52E-04 time=1.400
After sweep 7 energy=-127.60017  maxlinkdim=100 maxerr=2.20E-04 time=1.355
After sweep 8 energy=-127.834656  maxlinkdim=100 maxerr=2.81E-04 time=1.405
After sweep 9 energy=-127.97193  maxlinkdim=100 maxerr=2.62E-04 time=1.357
After sweep 10 energy=-128.07224  maxlinkdim=100 maxerr=2.00E-04 time=1.407
After sweep 11 energy=-128.13124  maxlinkdim=100 maxerr=1.49E-04 time=1.357
After sweep 12 energy=-128.16174  maxlinkdim=100 maxerr=1.31E-04 time=1.399
After sweep 13 energy=-128.17513  maxlinkdim=100 maxerr=1.32E-04 time=1.357
After sweep 14 energy=-128.18094  maxlinkdim=100 maxerr=1.33E-04 time=1.355
After sweep 15 energy=-128.18443  maxlinkdim=100 maxerr=1.31E-04 time=1.403
After sweep 16 energy=-128.18596  maxlinkdim=100 maxerr=1.32E-04 time=1.356
After sweep 17 energy=-128.18626  maxlinkdim=100 maxerr=1.32E-04 time=1.403
After sweep 18 energy=-128.18663  maxlinkdim=100 maxerr=1.31E-04 time=1.353
After sweep 19 energy=-128.18661  maxlinkdim=100 maxerr=1.32E-04 time=1.404
After sweep 20 energy=-128.18713  maxlinkdim=100 maxerr=1.33E-04 time=1.361
After sweep 21 energy=-128.18727  maxlinkdim=100 maxerr=1.33E-04 time=1.399
After sweep 22 energy=-128.18723  maxlinkdim=100 maxerr=1.33E-04 time=1.363
After sweep 23 energy=-128.18735  maxlinkdim=100 maxerr=1.34E-04 time=1.413
After sweep 24 energy=-128.18752  maxlinkdim=100 maxerr=1.33E-04 time=1.361
After sweep 25 energy=-128.18765  maxlinkdim=100 maxerr=1.34E-04 time=1.353
After sweep 26 energy=-128.18776  maxlinkdim=100 maxerr=1.33E-04 time=1.406
After sweep 27 energy=-128.18762  maxlinkdim=100 maxerr=1.34E-04 time=1.355
After sweep 28 energy=-128.18788  maxlinkdim=100 maxerr=1.33E-04 time=1.404
After sweep 29 energy=-128.18762  maxlinkdim=100 maxerr=1.34E-04 time=1.356
After sweep 30 energy=-128.18768  maxlinkdim=100 maxerr=1.33E-04 time=1.407
Same mu: 1.701156152753051 and continuing
Target density achieved with mu=1.701156152753051, n=0.9374974
Checking {alpha,beta} vs measured
Beta not converged.
NOT CONVERGED; updating alpha, beta and continuing...
After sweep 1 energy=-117.03995  maxlinkdim=10 maxerr=3.85E-03 time=0.649
After sweep 2 energy=-122.92307  maxlinkdim=20 maxerr=2.68E-03 time=0.835
After sweep 3 energy=-125.634346  maxlinkdim=100 maxerr=4.75E-06 time=1.322
After sweep 4 energy=-126.41228  maxlinkdim=100 maxerr=1.12E-05 time=1.444
After sweep 5 energy=-126.8902  maxlinkdim=100 maxerr=5.26E-05 time=1.399
After sweep 6 energy=-127.177536  maxlinkdim=100 maxerr=1.39E-04 time=1.359
After sweep 7 energy=-127.38039  maxlinkdim=100 maxerr=1.61E-04 time=1.406
After sweep 8 energy=-127.57641  maxlinkdim=100 maxerr=2.20E-04 time=1.366
After sweep 9 energy=-127.795845  maxlinkdim=100 maxerr=2.19E-04 time=1.400
After sweep 10 energy=-127.95644  maxlinkdim=100 maxerr=1.33E-04 time=1.359
After sweep 11 energy=-128.06541  maxlinkdim=100 maxerr=1.70E-04 time=1.357
After sweep 12 energy=-128.13182  maxlinkdim=100 maxerr=1.87E-04 time=1.407
After sweep 13 energy=-128.16129  maxlinkdim=100 maxerr=1.60E-04 time=1.356
After sweep 14 energy=-128.1743  maxlinkdim=100 maxerr=1.47E-04 time=1.408
After sweep 15 energy=-128.18033  maxlinkdim=100 maxerr=1.42E-04 time=1.355
After sweep 16 energy=-128.18367  maxlinkdim=100 maxerr=1.38E-04 time=1.405
After sweep 17 energy=-128.18538  maxlinkdim=100 maxerr=1.35E-04 time=1.359
After sweep 18 energy=-128.18628  maxlinkdim=100 maxerr=1.33E-04 time=1.404
After sweep 19 energy=-128.1865  maxlinkdim=100 maxerr=1.32E-04 time=1.363
After sweep 20 energy=-128.18776  maxlinkdim=100 maxerr=1.33E-04 time=1.402
After sweep 21 energy=-128.18753  maxlinkdim=100 maxerr=1.33E-04 time=1.362
After sweep 22 energy=-128.18774  maxlinkdim=100 maxerr=1.33E-04 time=1.404
After sweep 23 energy=-128.1877  maxlinkdim=100 maxerr=1.33E-04 time=1.362
After sweep 24 energy=-128.1874  maxlinkdim=100 maxerr=1.34E-04 time=1.400
After sweep 25 energy=-128.18762  maxlinkdim=100 maxerr=1.33E-04 time=1.361
After sweep 26 energy=-128.1876  maxlinkdim=100 maxerr=1.33E-04 time=1.363
After sweep 27 energy=-128.18777  maxlinkdim=100 maxerr=1.33E-04 time=1.411
After sweep 28 energy=-128.18774  maxlinkdim=100 maxerr=1.33E-04 time=1.359
After sweep 29 energy=-128.1878  maxlinkdim=100 maxerr=1.33E-04 time=1.408
After sweep 30 energy=-128.1881  maxlinkdim=100 maxerr=1.32E-04 time=1.359
Same mu: 1.701156152753051 and continuing
Target density achieved with mu=1.701156152753051, n=0.9374985
Checking {alpha,beta} vs measured
Beta not converged.
NOT CONVERGED; updating alpha, beta and continuing...
After sweep 1 energy=-116.97619  maxlinkdim=10 maxerr=3.87E-03 time=0.650
After sweep 2 energy=-122.728836  maxlinkdim=20 maxerr=2.62E-03 time=0.807
After sweep 3 energy=-125.357025  maxlinkdim=100 maxerr=6.02E-06 time=1.375
After sweep 4 energy=-126.16275  maxlinkdim=100 maxerr=4.51E-05 time=1.451
After sweep 5 energy=-126.80623  maxlinkdim=100 maxerr=3.00E-05 time=1.401
After sweep 6 energy=-127.18361  maxlinkdim=100 maxerr=9.82E-05 time=1.363
After sweep 7 energy=-127.475586  maxlinkdim=100 maxerr=1.59E-04 time=1.408
After sweep 8 energy=-127.724434  maxlinkdim=100 maxerr=1.93E-04 time=1.369
After sweep 9 energy=-127.87135  maxlinkdim=100 maxerr=1.53E-04 time=1.407
After sweep 10 energy=-127.972244  maxlinkdim=100 maxerr=1.52E-04 time=1.364
After sweep 11 energy=-128.04568  maxlinkdim=100 maxerr=1.95E-04 time=1.411
After sweep 12 energy=-128.09079  maxlinkdim=100 maxerr=1.87E-04 time=1.370
After sweep 13 energy=-128.12456  maxlinkdim=100 maxerr=1.37E-04 time=1.405
After sweep 14 energy=-128.15268  maxlinkdim=100 maxerr=1.29E-04 time=1.366
After sweep 15 energy=-128.17003  maxlinkdim=100 maxerr=1.36E-04 time=1.411
After sweep 16 energy=-128.17911  maxlinkdim=100 maxerr=1.39E-04 time=1.363
After sweep 17 energy=-128.18275  maxlinkdim=100 maxerr=1.34E-04 time=1.361
After sweep 18 energy=-128.18497  maxlinkdim=100 maxerr=1.32E-04 time=1.412
After sweep 19 energy=-128.18596  maxlinkdim=100 maxerr=1.33E-04 time=1.360
After sweep 20 energy=-128.18633  maxlinkdim=100 maxerr=1.34E-04 time=1.417
After sweep 21 energy=-128.18684  maxlinkdim=100 maxerr=1.31E-04 time=1.365
After sweep 22 energy=-128.18718  maxlinkdim=100 maxerr=1.32E-04 time=1.417
After sweep 23 energy=-128.18744  maxlinkdim=100 maxerr=1.34E-04 time=1.360
After sweep 24 energy=-128.1872  maxlinkdim=100 maxerr=1.34E-04 time=1.409
After sweep 25 energy=-128.18803  maxlinkdim=100 maxerr=1.32E-04 time=1.359
After sweep 26 energy=-128.1873  maxlinkdim=100 maxerr=1.31E-04 time=1.412
After sweep 27 energy=-128.18773  maxlinkdim=100 maxerr=1.32E-04 time=1.360
After sweep 28 energy=-128.18779  maxlinkdim=100 maxerr=1.33E-04 time=1.411
After sweep 29 energy=-128.18744  maxlinkdim=100 maxerr=1.32E-04 time=1.361
After sweep 30 energy=-128.18819  maxlinkdim=100 maxerr=1.33E-04 time=1.413
Same mu: 1.701156152753051 and continuing
Target density achieved with mu=1.701156152753051, n=0.93749887
Checking {alpha,beta} vs measured
Beta not converged.
NOT CONVERGED; updating alpha, beta and continuing...
After sweep 1 energy=-116.971405  maxlinkdim=10 maxerr=3.83E-03 time=0.643
After sweep 2 energy=-122.89734  maxlinkdim=20 maxerr=1.89E-03 time=0.813
After sweep 3 energy=-125.53376  maxlinkdim=100 maxerr=5.05E-06 time=1.355
After sweep 4 energy=-126.34638  maxlinkdim=100 maxerr=1.41E-05 time=1.450
After sweep 5 energy=-126.88455  maxlinkdim=100 maxerr=3.82E-05 time=1.398
After sweep 6 energy=-127.24987  maxlinkdim=100 maxerr=1.45E-04 time=1.356
After sweep 7 energy=-127.5618  maxlinkdim=100 maxerr=1.50E-04 time=1.408
After sweep 8 energy=-127.81262  maxlinkdim=100 maxerr=3.16E-04 time=1.358
After sweep 9 energy=-127.94808  maxlinkdim=100 maxerr=2.34E-04 time=1.411
After sweep 10 energy=-128.03705  maxlinkdim=100 maxerr=2.16E-04 time=1.362
After sweep 11 energy=-128.08574  maxlinkdim=100 maxerr=1.54E-04 time=1.407
After sweep 12 energy=-128.12196  maxlinkdim=100 maxerr=1.41E-04 time=1.356
After sweep 13 energy=-128.152  maxlinkdim=100 maxerr=1.39E-04 time=1.406
After sweep 14 energy=-128.17041  maxlinkdim=100 maxerr=1.37E-04 time=1.361
After sweep 15 energy=-128.17944  maxlinkdim=100 maxerr=1.34E-04 time=1.410
After sweep 16 energy=-128.18341  maxlinkdim=100 maxerr=1.35E-04 time=1.357
After sweep 17 energy=-128.18575  maxlinkdim=100 maxerr=1.33E-04 time=1.408
After sweep 18 energy=-128.18639  maxlinkdim=100 maxerr=1.32E-04 time=1.367
After sweep 19 energy=-128.18724  maxlinkdim=100 maxerr=1.33E-04 time=1.402
After sweep 20 energy=-128.18759  maxlinkdim=100 maxerr=1.34E-04 time=1.362
After sweep 21 energy=-128.18733  maxlinkdim=100 maxerr=1.34E-04 time=1.403
After sweep 22 energy=-128.18774  maxlinkdim=100 maxerr=1.34E-04 time=1.364
After sweep 23 energy=-128.18762  maxlinkdim=100 maxerr=1.34E-04 time=1.401
After sweep 24 energy=-128.1879  maxlinkdim=100 maxerr=1.35E-04 time=1.360
After sweep 25 energy=-128.18729  maxlinkdim=100 maxerr=1.35E-04 time=1.402
After sweep 26 energy=-128.18785  maxlinkdim=100 maxerr=1.35E-04 time=1.364
After sweep 27 energy=-128.18793  maxlinkdim=100 maxerr=1.35E-04 time=1.404
After sweep 28 energy=-128.18758  maxlinkdim=100 maxerr=1.34E-04 time=1.357
After sweep 29 energy=-128.18724  maxlinkdim=100 maxerr=1.34E-04 time=1.407
After sweep 30 energy=-128.18758  maxlinkdim=100 maxerr=1.34E-04 time=1.354
Same mu: 1.701156152753051 and continuing
Target density achieved with mu=1.701156152753051, n=0.9374972
Checking {alpha,beta} vs measured
Beta not converged.
NOT CONVERGED; updating alpha, beta and continuing...
After sweep 1 energy=-116.98165  maxlinkdim=10 maxerr=3.50E-03 time=0.644
After sweep 2 energy=-122.66863  maxlinkdim=20 maxerr=2.56E-03 time=0.809
After sweep 3 energy=-125.369385  maxlinkdim=100 maxerr=4.09E-06 time=1.320
After sweep 4 energy=-126.12583  maxlinkdim=100 maxerr=9.51E-06 time=1.439
After sweep 5 energy=-126.668015  maxlinkdim=100 maxerr=7.91E-05 time=1.387
After sweep 6 energy=-127.03768  maxlinkdim=100 maxerr=2.15E-04 time=1.353
After sweep 7 energy=-127.309814  maxlinkdim=100 maxerr=2.03E-04 time=1.394
After sweep 8 energy=-127.51137  maxlinkdim=100 maxerr=2.05E-04 time=1.357
After sweep 9 energy=-127.72191  maxlinkdim=100 maxerr=2.86E-04 time=1.354
After sweep 10 energy=-127.87916  maxlinkdim=100 maxerr=2.38E-04 time=1.405
After sweep 11 energy=-127.979164  maxlinkdim=100 maxerr=2.20E-04 time=1.361
After sweep 12 energy=-128.05925  maxlinkdim=100 maxerr=1.38E-04 time=1.416
After sweep 13 energy=-128.1145  maxlinkdim=100 maxerr=1.41E-04 time=1.379
After sweep 14 energy=-128.15129  maxlinkdim=100 maxerr=1.36E-04 time=1.431
After sweep 15 energy=-128.17082  maxlinkdim=100 maxerr=1.33E-04 time=1.380
After sweep 16 energy=-128.17967  maxlinkdim=100 maxerr=1.30E-04 time=1.414
After sweep 17 energy=-128.18427  maxlinkdim=100 maxerr=1.31E-04 time=1.365
After sweep 18 energy=-128.18518  maxlinkdim=100 maxerr=1.29E-04 time=1.365
After sweep 19 energy=-128.1863  maxlinkdim=100 maxerr=1.32E-04 time=1.424
After sweep 20 energy=-128.18628  maxlinkdim=100 maxerr=1.31E-04 time=1.359
After sweep 21 energy=-128.1873  maxlinkdim=100 maxerr=1.32E-04 time=1.401
After sweep 22 energy=-128.18674  maxlinkdim=100 maxerr=1.33E-04 time=1.352
After sweep 23 energy=-128.18718  maxlinkdim=100 maxerr=1.32E-04 time=1.401
After sweep 24 energy=-128.18756  maxlinkdim=100 maxerr=1.33E-04 time=1.355
After sweep 25 energy=-128.18704  maxlinkdim=100 maxerr=1.33E-04 time=1.398
After sweep 26 energy=-128.18752  maxlinkdim=100 maxerr=1.33E-04 time=1.354
After sweep 27 energy=-128.18777  maxlinkdim=100 maxerr=1.33E-04 time=1.404
After sweep 28 energy=-128.18785  maxlinkdim=100 maxerr=1.32E-04 time=1.367
After sweep 29 energy=-128.18764  maxlinkdim=100 maxerr=1.33E-04 time=1.359
After sweep 30 energy=-128.18797  maxlinkdim=100 maxerr=1.31E-04 time=1.403
Same mu: 1.701156152753051 and continuing
Target density achieved with mu=1.701156152753051, n=0.93749887
Checking {alpha,beta} vs measured
Beta not converged.
NOT CONVERGED; updating alpha, beta and continuing...
After sweep 1 energy=-117.09214  maxlinkdim=10 maxerr=4.09E-03 time=0.646
After sweep 2 energy=-123.042114  maxlinkdim=20 maxerr=3.17E-03 time=0.729
After sweep 3 energy=-125.8272  maxlinkdim=100 maxerr=7.19E-06 time=1.434
After sweep 4 energy=-126.51969  maxlinkdim=100 maxerr=1.05E-05 time=1.450
After sweep 5 energy=-126.962685  maxlinkdim=100 maxerr=1.26E-04 time=1.394
After sweep 6 energy=-127.23718  maxlinkdim=100 maxerr=1.08E-04 time=1.358
After sweep 7 energy=-127.42561  maxlinkdim=100 maxerr=1.99E-04 time=1.402
After sweep 8 energy=-127.61335  maxlinkdim=100 maxerr=2.90E-04 time=1.360
After sweep 9 energy=-127.79673  maxlinkdim=100 maxerr=3.00E-04 time=1.362
After sweep 10 energy=-127.90924  maxlinkdim=100 maxerr=2.43E-04 time=1.412
After sweep 11 energy=-128.00793  maxlinkdim=100 maxerr=2.90E-04 time=1.356
After sweep 12 energy=-128.06714  maxlinkdim=100 maxerr=2.13E-04 time=1.408
After sweep 13 energy=-128.10242  maxlinkdim=100 maxerr=1.39E-04 time=1.359
After sweep 14 energy=-128.13318  maxlinkdim=100 maxerr=1.30E-04 time=1.406
After sweep 15 energy=-128.1584  maxlinkdim=100 maxerr=1.33E-04 time=1.362
After sweep 16 energy=-128.17317  maxlinkdim=100 maxerr=1.36E-04 time=1.404
After sweep 17 energy=-128.18042  maxlinkdim=100 maxerr=1.37E-04 time=1.363
After sweep 18 energy=-128.1836  maxlinkdim=100 maxerr=1.37E-04 time=1.407
After sweep 19 energy=-128.1862  maxlinkdim=100 maxerr=1.36E-04 time=1.360
After sweep 20 energy=-128.18594  maxlinkdim=100 maxerr=1.34E-04 time=1.397
After sweep 21 energy=-128.18698  maxlinkdim=100 maxerr=1.34E-04 time=1.359
After sweep 22 energy=-128.18695  maxlinkdim=100 maxerr=1.34E-04 time=1.360
After sweep 23 energy=-128.18736  maxlinkdim=100 maxerr=1.34E-04 time=1.405
After sweep 24 energy=-128.18709  maxlinkdim=100 maxerr=1.34E-04 time=1.357
After sweep 25 energy=-128.18742  maxlinkdim=100 maxerr=1.34E-04 time=1.405
After sweep 26 energy=-128.18776  maxlinkdim=100 maxerr=1.34E-04 time=1.353
After sweep 27 energy=-128.18788  maxlinkdim=100 maxerr=1.33E-04 time=1.412
After sweep 28 energy=-128.18782  maxlinkdim=100 maxerr=1.33E-04 time=1.361
After sweep 29 energy=-128.18803  maxlinkdim=100 maxerr=1.33E-04 time=1.403
After sweep 30 energy=-128.1874  maxlinkdim=100 maxerr=1.33E-04 time=1.357
Same mu: 1.701156152753051 and continuing
Target density achieved with mu=1.701156152753051, n=0.9374959
Checking {alpha,beta} vs measured
Beta not converged.
NOT CONVERGED; updating alpha, beta and continuing...
After sweep 1 energy=-117.08287  maxlinkdim=10 maxerr=4.74E-03 time=0.634
After sweep 2 energy=-122.734764  maxlinkdim=20 maxerr=3.13E-03 time=0.816
After sweep 3 energy=-125.42458  maxlinkdim=100 maxerr=4.52E-06 time=1.335
After sweep 4 energy=-126.23005  maxlinkdim=100 maxerr=2.29E-05 time=1.453
After sweep 5 energy=-126.78098  maxlinkdim=100 maxerr=1.86E-04 time=1.402
After sweep 6 energy=-127.15304  maxlinkdim=100 maxerr=2.34E-04 time=1.357
After sweep 7 energy=-127.40902  maxlinkdim=100 maxerr=2.67E-04 time=1.408
After sweep 8 energy=-127.68761  maxlinkdim=100 maxerr=2.26E-04 time=1.363
After sweep 9 energy=-127.91028  maxlinkdim=100 maxerr=2.88E-04 time=1.405
After sweep 10 energy=-128.04485  maxlinkdim=100 maxerr=2.29E-04 time=1.362
After sweep 11 energy=-128.11917  maxlinkdim=100 maxerr=1.73E-04 time=1.404
After sweep 12 energy=-128.15582  maxlinkdim=100 maxerr=1.37E-04 time=1.366
After sweep 13 energy=-128.17226  maxlinkdim=100 maxerr=1.43E-04 time=1.402
After sweep 14 energy=-128.17946  maxlinkdim=100 maxerr=1.35E-04 time=1.362
After sweep 15 energy=-128.1835  maxlinkdim=100 maxerr=1.33E-04 time=1.399
After sweep 16 energy=-128.18529  maxlinkdim=100 maxerr=1.33E-04 time=1.364
After sweep 17 energy=-128.1862  maxlinkdim=100 maxerr=1.35E-04 time=1.355
After sweep 18 energy=-128.1865  maxlinkdim=100 maxerr=1.35E-04 time=1.403
After sweep 19 energy=-128.18687  maxlinkdim=100 maxerr=1.34E-04 time=1.359
After sweep 20 energy=-128.18721  maxlinkdim=100 maxerr=1.34E-04 time=1.406
After sweep 21 energy=-128.1873  maxlinkdim=100 maxerr=1.33E-04 time=1.356
After sweep 22 energy=-128.18701  maxlinkdim=100 maxerr=1.32E-04 time=1.407
After sweep 23 energy=-128.18768  maxlinkdim=100 maxerr=1.33E-04 time=1.357
After sweep 24 energy=-128.18762  maxlinkdim=100 maxerr=1.33E-04 time=1.404
After sweep 25 energy=-128.18788  maxlinkdim=100 maxerr=1.33E-04 time=1.359
After sweep 26 energy=-128.18752  maxlinkdim=100 maxerr=1.33E-04 time=1.410
After sweep 27 energy=-128.18755  maxlinkdim=100 maxerr=1.33E-04 time=1.358
After sweep 28 energy=-128.18806  maxlinkdim=100 maxerr=1.33E-04 time=1.406
After sweep 29 energy=-128.1878  maxlinkdim=100 maxerr=1.33E-04 time=1.356
After sweep 30 energy=-128.18759  maxlinkdim=100 maxerr=1.33E-04 time=1.403
Same mu: 1.701156152753051 and continuing
Target density achieved with mu=1.701156152753051, n=0.9374974
Checking {alpha,beta} vs measured
Beta not converged.
NOT CONVERGED; updating alpha, beta and continuing...
After sweep 1 energy=-117.18769  maxlinkdim=10 maxerr=3.72E-03 time=0.647
After sweep 2 energy=-122.95354  maxlinkdim=20 maxerr=2.26E-03 time=0.730
After sweep 3 energy=-125.7909  maxlinkdim=100 maxerr=5.70E-06 time=1.441
After sweep 4 energy=-126.54497  maxlinkdim=100 maxerr=1.24E-05 time=1.443
After sweep 5 energy=-126.96901  maxlinkdim=100 maxerr=4.12E-05 time=1.391
After sweep 6 energy=-127.22971  maxlinkdim=100 maxerr=1.32E-04 time=1.355
After sweep 7 energy=-127.40398  maxlinkdim=100 maxerr=1.77E-04 time=1.402
After sweep 8 energy=-127.57796  maxlinkdim=100 maxerr=1.91E-04 time=1.365
After sweep 9 energy=-127.81077  maxlinkdim=100 maxerr=3.74E-04 time=1.408
After sweep 10 energy=-127.9915  maxlinkdim=100 maxerr=1.93E-04 time=1.371
After sweep 11 energy=-128.08965  maxlinkdim=100 maxerr=1.55E-04 time=1.410
After sweep 12 energy=-128.14285  maxlinkdim=100 maxerr=1.51E-04 time=1.364
After sweep 13 energy=-128.16747  maxlinkdim=100 maxerr=1.47E-04 time=1.402
After sweep 14 energy=-128.17865  maxlinkdim=100 maxerr=1.47E-04 time=1.362
After sweep 15 energy=-128.18306  maxlinkdim=100 maxerr=1.41E-04 time=1.402
After sweep 16 energy=-128.18578  maxlinkdim=100 maxerr=1.38E-04 time=1.363
After sweep 17 energy=-128.18666  maxlinkdim=100 maxerr=1.35E-04 time=1.403
After sweep 18 energy=-128.18675  maxlinkdim=100 maxerr=1.34E-04 time=1.361
After sweep 19 energy=-128.18698  maxlinkdim=100 maxerr=1.33E-04 time=1.407
After sweep 20 energy=-128.1872  maxlinkdim=100 maxerr=1.33E-04 time=1.364
After sweep 21 energy=-128.1874  maxlinkdim=100 maxerr=1.32E-04 time=1.402
After sweep 22 energy=-128.18771  maxlinkdim=100 maxerr=1.32E-04 time=1.363
After sweep 23 energy=-128.1876  maxlinkdim=100 maxerr=1.31E-04 time=1.403
After sweep 24 energy=-128.1872  maxlinkdim=100 maxerr=1.32E-04 time=1.361
After sweep 25 energy=-128.18791  maxlinkdim=100 maxerr=1.31E-04 time=1.401
After sweep 26 energy=-128.18768  maxlinkdim=100 maxerr=1.31E-04 time=1.367
After sweep 27 energy=-128.18774  maxlinkdim=100 maxerr=1.31E-04 time=1.403
After sweep 28 energy=-128.1883  maxlinkdim=100 maxerr=1.32E-04 time=1.370
After sweep 29 energy=-128.188  maxlinkdim=100 maxerr=1.32E-04 time=1.403
After sweep 30 energy=-128.18779  maxlinkdim=100 maxerr=1.32E-04 time=1.366
Same mu: 1.701156152753051 and continuing
Target density achieved with mu=1.701156152753051, n=0.9374981
Checking {alpha,beta} vs measured
Beta not converged.
NOT CONVERGED; updating alpha, beta and continuing...
After sweep 1 energy=-117.12082  maxlinkdim=10 maxerr=4.15E-03 time=0.634
After sweep 2 energy=-122.85763  maxlinkdim=20 maxerr=2.86E-03 time=0.816
After sweep 3 energy=-125.607925  maxlinkdim=100 maxerr=3.92E-06 time=1.291
After sweep 4 energy=-126.39741  maxlinkdim=100 maxerr=3.29E-05 time=1.445
After sweep 5 energy=-126.83462  maxlinkdim=100 maxerr=3.73E-05 time=1.385
After sweep 6 energy=-127.147385  maxlinkdim=100 maxerr=1.67E-04 time=1.349
After sweep 7 energy=-127.38926  maxlinkdim=100 maxerr=2.15E-04 time=1.389
After sweep 8 energy=-127.596375  maxlinkdim=100 maxerr=2.17E-04 time=1.357
After sweep 9 energy=-127.83846  maxlinkdim=100 maxerr=2.65E-04 time=1.352
After sweep 10 energy=-127.998055  maxlinkdim=100 maxerr=2.31E-04 time=1.401
After sweep 11 energy=-128.06804  maxlinkdim=100 maxerr=1.62E-04 time=1.355
After sweep 12 energy=-128.10867  maxlinkdim=100 maxerr=1.41E-04 time=1.401
After sweep 13 energy=-128.14178  maxlinkdim=100 maxerr=1.42E-04 time=1.361
After sweep 14 energy=-128.16434  maxlinkdim=100 maxerr=1.38E-04 time=1.397
After sweep 15 energy=-128.17653  maxlinkdim=100 maxerr=1.37E-04 time=1.358
After sweep 16 energy=-128.18188  maxlinkdim=100 maxerr=1.36E-04 time=1.397
After sweep 17 energy=-128.18468  maxlinkdim=100 maxerr=1.36E-04 time=1.358
After sweep 18 energy=-128.18634  maxlinkdim=100 maxerr=1.37E-04 time=1.354
After sweep 19 energy=-128.18625  maxlinkdim=100 maxerr=1.36E-04 time=1.403
After sweep 20 energy=-128.1867  maxlinkdim=100 maxerr=1.34E-04 time=1.354
After sweep 21 energy=-128.18768  maxlinkdim=100 maxerr=1.30E-04 time=1.405
After sweep 22 energy=-128.1872  maxlinkdim=100 maxerr=1.30E-04 time=1.358
After sweep 23 energy=-128.18724  maxlinkdim=100 maxerr=1.31E-04 time=1.401
After sweep 24 energy=-128.1878  maxlinkdim=100 maxerr=1.31E-04 time=1.359
After sweep 25 energy=-128.18729  maxlinkdim=100 maxerr=1.32E-04 time=1.398
After sweep 26 energy=-128.18791  maxlinkdim=100 maxerr=1.31E-04 time=1.360
After sweep 27 energy=-128.18721  maxlinkdim=100 maxerr=1.32E-04 time=1.354
After sweep 28 energy=-128.18758  maxlinkdim=100 maxerr=1.32E-04 time=1.403
After sweep 29 energy=-128.18735  maxlinkdim=100 maxerr=1.31E-04 time=1.356
After sweep 30 energy=-128.18724  maxlinkdim=100 maxerr=1.32E-04 time=1.408
Same mu: 1.701156152753051 and continuing
Target density achieved with mu=1.701156152753051, n=0.9374951
Checking {alpha,beta} vs measured
Beta not converged.
NOT CONVERGED; updating alpha, beta and continuing...
After sweep 1 energy=-116.976364  maxlinkdim=10 maxerr=5.06E-03 time=0.647
After sweep 2 energy=-122.99364  maxlinkdim=20 maxerr=2.95E-03 time=0.854
After sweep 3 energy=-125.6723  maxlinkdim=100 maxerr=2.66E-06 time=1.301
After sweep 4 energy=-126.3447  maxlinkdim=100 maxerr=8.07E-06 time=1.447
After sweep 5 energy=-126.77034  maxlinkdim=100 maxerr=3.79E-05 time=1.393
After sweep 6 energy=-127.086044  maxlinkdim=100 maxerr=4.98E-05 time=1.357
After sweep 7 energy=-127.31397  maxlinkdim=100 maxerr=3.49E-04 time=1.398
After sweep 8 energy=-127.47808  maxlinkdim=100 maxerr=1.84E-04 time=1.361
After sweep 9 energy=-127.66169  maxlinkdim=100 maxerr=3.58E-04 time=1.361
After sweep 10 energy=-127.85537  maxlinkdim=100 maxerr=2.82E-04 time=1.411
After sweep 11 energy=-128.01978  maxlinkdim=100 maxerr=2.49E-04 time=1.361
After sweep 12 energy=-128.11028  maxlinkdim=100 maxerr=1.94E-04 time=1.403
After sweep 13 energy=-128.15303  maxlinkdim=100 maxerr=1.49E-04 time=1.359
After sweep 14 energy=-128.17203  maxlinkdim=100 maxerr=1.39E-04 time=1.408
After sweep 15 energy=-128.18007  maxlinkdim=100 maxerr=1.37E-04 time=1.357
After sweep 16 energy=-128.18385  maxlinkdim=100 maxerr=1.35E-04 time=1.409
After sweep 17 energy=-128.18562  maxlinkdim=100 maxerr=1.33E-04 time=1.363
After sweep 18 energy=-128.18669  maxlinkdim=100 maxerr=1.32E-04 time=1.403
After sweep 19 energy=-128.18698  maxlinkdim=100 maxerr=1.32E-04 time=1.361
After sweep 20 energy=-128.18729  maxlinkdim=100 maxerr=1.34E-04 time=1.400
After sweep 21 energy=-128.18735  maxlinkdim=100 maxerr=1.34E-04 time=1.362
After sweep 22 energy=-128.18793  maxlinkdim=100 maxerr=1.34E-04 time=1.403
After sweep 23 energy=-128.18755  maxlinkdim=100 maxerr=1.34E-04 time=1.362
After sweep 24 energy=-128.18788  maxlinkdim=100 maxerr=1.34E-04 time=1.361
After sweep 25 energy=-128.1876  maxlinkdim=100 maxerr=1.34E-04 time=1.412
After sweep 26 energy=-128.18806  maxlinkdim=100 maxerr=1.34E-04 time=1.358
After sweep 27 energy=-128.1876  maxlinkdim=100 maxerr=1.34E-04 time=1.402
After sweep 28 energy=-128.18774  maxlinkdim=100 maxerr=1.34E-04 time=1.355
After sweep 29 energy=-128.18777  maxlinkdim=100 maxerr=1.34E-04 time=1.403
After sweep 30 energy=-128.18773  maxlinkdim=100 maxerr=1.34E-04 time=1.353
Same mu: 1.701156152753051 and continuing
Target density achieved with mu=1.701156152753051, n=0.93749654
Checking {alpha,beta} vs measured
Beta not converged.
NOT CONVERGED; updating alpha, beta and continuing...
After sweep 1 energy=-117.12859  maxlinkdim=10 maxerr=3.97E-03 time=0.638
After sweep 2 energy=-122.89503  maxlinkdim=20 maxerr=2.85E-03 time=0.824
After sweep 3 energy=-125.63603  maxlinkdim=100 maxerr=4.25E-06 time=1.330
After sweep 4 energy=-126.310074  maxlinkdim=100 maxerr=1.03E-05 time=1.452
After sweep 5 energy=-126.85869  maxlinkdim=100 maxerr=3.72E-05 time=1.394
After sweep 6 energy=-127.2232  maxlinkdim=100 maxerr=2.14E-04 time=1.361
After sweep 7 energy=-127.49977  maxlinkdim=100 maxerr=1.81E-04 time=1.404
After sweep 8 energy=-127.73814  maxlinkdim=100 maxerr=1.73E-04 time=1.363
After sweep 9 energy=-127.918335  maxlinkdim=100 maxerr=2.39E-04 time=1.406
After sweep 10 energy=-128.0125  maxlinkdim=100 maxerr=1.65E-04 time=1.363
After sweep 11 energy=-128.04964  maxlinkdim=100 maxerr=1.80E-04 time=1.401
After sweep 12 energy=-128.06271  maxlinkdim=100 maxerr=1.43E-04 time=1.361
After sweep 13 energy=-128.06877  maxlinkdim=100 maxerr=1.40E-04 time=1.403
After sweep 14 energy=-128.07266  maxlinkdim=100 maxerr=1.35E-04 time=1.360
After sweep 15 energy=-128.07697  maxlinkdim=100 maxerr=1.30E-04 time=1.354
After sweep 16 energy=-128.08336  maxlinkdim=100 maxerr=1.30E-04 time=1.402
After sweep 17 energy=-128.0951  maxlinkdim=100 maxerr=1.30E-04 time=1.357
After sweep 18 energy=-128.11479  maxlinkdim=100 maxerr=1.30E-04 time=1.412
After sweep 19 energy=-128.14064  maxlinkdim=100 maxerr=1.30E-04 time=1.358
After sweep 20 energy=-128.16362  maxlinkdim=100 maxerr=1.29E-04 time=1.411
After sweep 21 energy=-128.17668  maxlinkdim=100 maxerr=1.29E-04 time=1.359
After sweep 22 energy=-128.18268  maxlinkdim=100 maxerr=1.29E-04 time=1.404
After sweep 23 energy=-128.18517  maxlinkdim=100 maxerr=1.32E-04 time=1.356
After sweep 24 energy=-128.18587  maxlinkdim=100 maxerr=1.31E-04 time=1.405
After sweep 25 energy=-128.18652  maxlinkdim=100 maxerr=1.30E-04 time=1.354
After sweep 26 energy=-128.18713  maxlinkdim=100 maxerr=1.31E-04 time=1.406
After sweep 27 energy=-128.18677  maxlinkdim=100 maxerr=1.32E-04 time=1.357
After sweep 28 energy=-128.18698  maxlinkdim=100 maxerr=1.32E-04 time=1.405
After sweep 29 energy=-128.18768  maxlinkdim=100 maxerr=1.32E-04 time=1.359
After sweep 30 energy=-128.18755  maxlinkdim=100 maxerr=1.34E-04 time=1.408
Same mu: 1.701156152753051 and continuing
Target density achieved with mu=1.701156152753051, n=0.9374947
Checking {alpha,beta} vs measured
Beta not converged.
NOT CONVERGED; updating alpha, beta and continuing...
After sweep 1 energy=-117.14057  maxlinkdim=10 maxerr=3.57E-03 time=0.639
After sweep 2 energy=-122.93274  maxlinkdim=20 maxerr=1.94E-03 time=0.825
After sweep 3 energy=-125.57642  maxlinkdim=100 maxerr=4.60E-06 time=1.332
After sweep 4 energy=-126.35685  maxlinkdim=100 maxerr=1.55E-05 time=1.444
After sweep 5 energy=-126.86493  maxlinkdim=100 maxerr=2.61E-04 time=1.395
After sweep 6 energy=-127.185104  maxlinkdim=100 maxerr=1.42E-04 time=1.356
After sweep 7 energy=-127.4037  maxlinkdim=100 maxerr=2.47E-04 time=1.403
After sweep 8 energy=-127.647896  maxlinkdim=100 maxerr=3.56E-04 time=1.354
After sweep 9 energy=-127.89265  maxlinkdim=100 maxerr=3.06E-04 time=1.409
After sweep 10 energy=-128.02077  maxlinkdim=100 maxerr=2.15E-04 time=1.361
After sweep 11 energy=-128.07751  maxlinkdim=100 maxerr=1.72E-04 time=1.400
After sweep 12 energy=-128.11664  maxlinkdim=100 maxerr=1.47E-04 time=1.363
After sweep 13 energy=-128.14885  maxlinkdim=100 maxerr=1.41E-04 time=1.403
After sweep 14 energy=-128.16974  maxlinkdim=100 maxerr=1.35E-04 time=1.364
After sweep 15 energy=-128.17998  maxlinkdim=100 maxerr=1.32E-04 time=1.402
After sweep 16 energy=-128.18362  maxlinkdim=100 maxerr=1.34E-04 time=1.366
After sweep 17 energy=-128.18585  maxlinkdim=100 maxerr=1.33E-04 time=1.403
After sweep 18 energy=-128.1866  maxlinkdim=100 maxerr=1.33E-04 time=1.361
After sweep 19 energy=-128.18683  maxlinkdim=100 maxerr=1.33E-04 time=1.401
After sweep 20 energy=-128.1874  maxlinkdim=100 maxerr=1.33E-04 time=1.362
After sweep 21 energy=-128.18816  maxlinkdim=100 maxerr=1.33E-04 time=1.403
After sweep 22 energy=-128.18782  maxlinkdim=100 maxerr=1.34E-04 time=1.364
After sweep 23 energy=-128.18811  maxlinkdim=100 maxerr=1.34E-04 time=1.402
After sweep 24 energy=-128.18779  maxlinkdim=100 maxerr=1.34E-04 time=1.361
After sweep 25 energy=-128.18726  maxlinkdim=100 maxerr=1.33E-04 time=1.405
After sweep 26 energy=-128.18771  maxlinkdim=100 maxerr=1.33E-04 time=1.362
After sweep 27 energy=-128.18779  maxlinkdim=100 maxerr=1.33E-04 time=1.406
After sweep 28 energy=-128.18762  maxlinkdim=100 maxerr=1.33E-04 time=1.360
After sweep 29 energy=-128.18808  maxlinkdim=100 maxerr=1.33E-04 time=1.401
After sweep 30 energy=-128.18777  maxlinkdim=100 maxerr=1.32E-04 time=1.365
Same mu: 1.701156152753051 and continuing
Target density achieved with mu=1.701156152753051, n=0.93749785
Checking {alpha,beta} vs measured
Beta not converged.
NOT CONVERGED; updating alpha, beta and continuing...
After sweep 1 energy=-117.00799  maxlinkdim=10 maxerr=4.01E-03 time=0.657
After sweep 2 energy=-122.745026  maxlinkdim=20 maxerr=1.90E-03 time=0.711
After sweep 3 energy=-125.52599  maxlinkdim=100 maxerr=4.09E-06 time=1.396
After sweep 4 energy=-126.342384  maxlinkdim=100 maxerr=1.81E-05 time=1.475
After sweep 5 energy=-126.85063  maxlinkdim=100 maxerr=9.95E-05 time=1.348
After sweep 6 energy=-127.212326  maxlinkdim=100 maxerr=1.29E-04 time=1.348
After sweep 7 energy=-127.47749  maxlinkdim=100 maxerr=2.84E-04 time=1.399
After sweep 8 energy=-127.71096  maxlinkdim=100 maxerr=3.40E-04 time=1.346
After sweep 9 energy=-127.87493  maxlinkdim=100 maxerr=2.85E-04 time=1.406
After sweep 10 energy=-127.97386  maxlinkdim=100 maxerr=2.29E-04 time=1.359
After sweep 11 energy=-128.03949  maxlinkdim=100 maxerr=1.90E-04 time=1.395
After sweep 12 energy=-128.07872  maxlinkdim=100 maxerr=1.48E-04 time=1.359
After sweep 13 energy=-128.11232  maxlinkdim=100 maxerr=1.36E-04 time=1.399
After sweep 14 energy=-128.14168  maxlinkdim=100 maxerr=1.31E-04 time=1.357
After sweep 15 energy=-128.16321  maxlinkdim=100 maxerr=1.29E-04 time=1.355
After sweep 16 energy=-128.176  maxlinkdim=100 maxerr=1.31E-04 time=1.403
After sweep 17 energy=-128.1817  maxlinkdim=100 maxerr=1.32E-04 time=1.352
After sweep 18 energy=-128.18442  maxlinkdim=100 maxerr=1.32E-04 time=1.404
After sweep 19 energy=-128.18605  maxlinkdim=100 maxerr=1.33E-04 time=1.359
After sweep 20 energy=-128.18663  maxlinkdim=100 maxerr=1.32E-04 time=1.403
After sweep 21 energy=-128.18689  maxlinkdim=100 maxerr=1.32E-04 time=1.360
After sweep 22 energy=-128.18718  maxlinkdim=100 maxerr=1.32E-04 time=1.403
After sweep 23 energy=-128.18707  maxlinkdim=100 maxerr=1.33E-04 time=1.362
After sweep 24 energy=-128.18724  maxlinkdim=100 maxerr=1.34E-04 time=1.394
After sweep 25 energy=-128.1877  maxlinkdim=100 maxerr=1.34E-04 time=1.356
After sweep 26 energy=-128.18774  maxlinkdim=100 maxerr=1.33E-04 time=1.357
After sweep 27 energy=-128.18753  maxlinkdim=100 maxerr=1.33E-04 time=1.407
After sweep 28 energy=-128.18729  maxlinkdim=100 maxerr=1.33E-04 time=1.357
After sweep 29 energy=-128.18819  maxlinkdim=100 maxerr=1.33E-04 time=1.400
After sweep 30 energy=-128.1874  maxlinkdim=100 maxerr=1.33E-04 time=1.360
Same mu: 1.701156152753051 and continuing
Target density achieved with mu=1.701156152753051, n=0.9374959
Checking {alpha,beta} vs measured
Beta not converged.
NOT CONVERGED; updating alpha, beta and continuing...
After sweep 1 energy=-116.96064  maxlinkdim=10 maxerr=3.97E-03 time=0.658
After sweep 2 energy=-123.10506  maxlinkdim=20 maxerr=2.17E-03 time=0.718
After sweep 3 energy=-125.91072  maxlinkdim=100 maxerr=6.07E-06 time=1.412
After sweep 4 energy=-126.59436  maxlinkdim=100 maxerr=2.03E-05 time=1.482
After sweep 5 energy=-127.00169  maxlinkdim=100 maxerr=7.49E-05 time=1.347
After sweep 6 energy=-127.25342  maxlinkdim=100 maxerr=1.37E-04 time=1.401
After sweep 7 energy=-127.43275  maxlinkdim=100 maxerr=1.78E-04 time=1.359
After sweep 8 energy=-127.61912  maxlinkdim=100 maxerr=2.37E-04 time=1.403
After sweep 9 energy=-127.82475  maxlinkdim=100 maxerr=3.25E-04 time=1.364
After sweep 10 energy=-127.979805  maxlinkdim=100 maxerr=2.46E-04 time=1.402
After sweep 11 energy=-128.03947  maxlinkdim=100 maxerr=1.49E-04 time=1.364
After sweep 12 energy=-128.06175  maxlinkdim=100 maxerr=1.40E-04 time=1.410
After sweep 13 energy=-128.07042  maxlinkdim=100 maxerr=1.35E-04 time=1.358
After sweep 14 energy=-128.07628  maxlinkdim=100 maxerr=1.37E-04 time=1.357
After sweep 15 energy=-128.08423  maxlinkdim=100 maxerr=1.41E-04 time=1.406
After sweep 16 energy=-128.0977  maxlinkdim=100 maxerr=1.40E-04 time=1.357
After sweep 17 energy=-128.12006  maxlinkdim=100 maxerr=1.39E-04 time=1.405
After sweep 18 energy=-128.14664  maxlinkdim=100 maxerr=1.36E-04 time=1.357
After sweep 19 energy=-128.16783  maxlinkdim=100 maxerr=1.36E-04 time=1.406
After sweep 20 energy=-128.1786  maxlinkdim=100 maxerr=1.33E-04 time=1.355
After sweep 21 energy=-128.18326  maxlinkdim=100 maxerr=1.32E-04 time=1.409
After sweep 22 energy=-128.18512  maxlinkdim=100 maxerr=1.32E-04 time=1.361
After sweep 23 energy=-128.18628  maxlinkdim=100 maxerr=1.32E-04 time=1.411
After sweep 24 energy=-128.18697  maxlinkdim=100 maxerr=1.33E-04 time=1.364
After sweep 25 energy=-128.18669  maxlinkdim=100 maxerr=1.33E-04 time=1.400
After sweep 26 energy=-128.1877  maxlinkdim=100 maxerr=1.32E-04 time=1.363
After sweep 27 energy=-128.18718  maxlinkdim=100 maxerr=1.33E-04 time=1.400
After sweep 28 energy=-128.18715  maxlinkdim=100 maxerr=1.33E-04 time=1.359
After sweep 29 energy=-128.18741  maxlinkdim=100 maxerr=1.34E-04 time=1.357
After sweep 30 energy=-128.18755  maxlinkdim=100 maxerr=1.33E-04 time=1.416
Same mu: 1.701156152753051 and continuing
Target density achieved with mu=1.701156152753051, n=0.9374959
Checking {alpha,beta} vs measured
Beta not converged.
NOT CONVERGED; updating alpha, beta and continuing...
After sweep 1 energy=-117.0888  maxlinkdim=10 maxerr=4.23E-03 time=0.685
After sweep 2 energy=-122.78867  maxlinkdim=20 maxerr=2.03E-03 time=0.708
After sweep 3 energy=-125.45403  maxlinkdim=100 maxerr=4.58E-06 time=1.413
After sweep 4 energy=-126.22507  maxlinkdim=100 maxerr=1.04E-05 time=1.448
After sweep 5 energy=-126.74715  maxlinkdim=100 maxerr=9.30E-05 time=1.401
After sweep 6 energy=-127.07927  maxlinkdim=100 maxerr=1.80E-04 time=1.358
After sweep 7 energy=-127.32615  maxlinkdim=100 maxerr=1.53E-04 time=1.400
After sweep 8 energy=-127.54557  maxlinkdim=100 maxerr=1.86E-04 time=1.360
After sweep 9 energy=-127.765854  maxlinkdim=100 maxerr=2.41E-04 time=1.400
After sweep 10 energy=-127.91676  maxlinkdim=100 maxerr=1.62E-04 time=1.359
After sweep 11 energy=-128.00319  maxlinkdim=100 maxerr=1.33E-04 time=1.396
After sweep 12 energy=-128.05556  maxlinkdim=100 maxerr=1.81E-04 time=1.360
After sweep 13 energy=-128.08809  maxlinkdim=100 maxerr=1.59E-04 time=1.394
After sweep 14 energy=-128.11757  maxlinkdim=100 maxerr=1.42E-04 time=1.357
After sweep 15 energy=-128.14587  maxlinkdim=100 maxerr=1.37E-04 time=1.404
After sweep 16 energy=-128.16696  maxlinkdim=100 maxerr=1.35E-04 time=1.357
After sweep 17 energy=-128.17741  maxlinkdim=100 maxerr=1.41E-04 time=1.399
After sweep 18 energy=-128.18246  maxlinkdim=100 maxerr=1.33E-04 time=1.357
After sweep 19 energy=-128.18498  maxlinkdim=100 maxerr=1.30E-04 time=1.357
After sweep 20 energy=-128.18626  maxlinkdim=100 maxerr=1.32E-04 time=1.404
After sweep 21 energy=-128.187  maxlinkdim=100 maxerr=1.34E-04 time=1.349
After sweep 22 energy=-128.18706  maxlinkdim=100 maxerr=1.32E-04 time=1.408
After sweep 23 energy=-128.18756  maxlinkdim=100 maxerr=1.33E-04 time=1.358
After sweep 24 energy=-128.18753  maxlinkdim=100 maxerr=1.33E-04 time=1.409
After sweep 25 energy=-128.1877  maxlinkdim=100 maxerr=1.32E-04 time=1.352
After sweep 26 energy=-128.18768  maxlinkdim=100 maxerr=1.32E-04 time=1.401
After sweep 27 energy=-128.18767  maxlinkdim=100 maxerr=1.32E-04 time=1.355
After sweep 28 energy=-128.18762  maxlinkdim=100 maxerr=1.31E-04 time=1.402
After sweep 29 energy=-128.18811  maxlinkdim=100 maxerr=1.30E-04 time=1.354
After sweep 30 energy=-128.18756  maxlinkdim=100 maxerr=1.31E-04 time=1.406
Same mu: 1.701156152753051 and continuing
Target density achieved with mu=1.701156152753051, n=0.9374952
Checking {alpha,beta} vs measured
Beta not converged.
NOT CONVERGED; updating alpha, beta and continuing...
After sweep 1 energy=-116.90367  maxlinkdim=10 maxerr=4.00E-03 time=0.662
After sweep 2 energy=-123.03267  maxlinkdim=20 maxerr=2.26E-03 time=0.729
After sweep 3 energy=-125.87033  maxlinkdim=100 maxerr=7.91E-06 time=1.411
After sweep 4 energy=-126.58636  maxlinkdim=100 maxerr=2.19E-05 time=1.489
After sweep 5 energy=-127.00716  maxlinkdim=100 maxerr=4.71E-05 time=1.393
After sweep 6 energy=-127.27355  maxlinkdim=100 maxerr=1.78E-04 time=1.356
After sweep 7 energy=-127.44655  maxlinkdim=100 maxerr=1.77E-04 time=1.401
After sweep 8 energy=-127.659004  maxlinkdim=100 maxerr=2.76E-04 time=1.366
After sweep 9 energy=-127.88683  maxlinkdim=100 maxerr=1.91E-04 time=1.357
After sweep 10 energy=-128.00888  maxlinkdim=100 maxerr=1.56E-04 time=1.406
After sweep 11 energy=-128.06956  maxlinkdim=100 maxerr=1.50E-04 time=1.357
After sweep 12 energy=-128.10902  maxlinkdim=100 maxerr=1.37E-04 time=1.406
After sweep 13 energy=-128.14262  maxlinkdim=100 maxerr=1.34E-04 time=1.358
After sweep 14 energy=-128.16603  maxlinkdim=100 maxerr=1.34E-04 time=1.403
After sweep 15 energy=-128.17772  maxlinkdim=100 maxerr=1.35E-04 time=1.357
After sweep 16 energy=-128.1836  maxlinkdim=100 maxerr=1.38E-04 time=1.406
After sweep 17 energy=-128.18509  maxlinkdim=100 maxerr=1.35E-04 time=1.362
After sweep 18 energy=-128.18663  maxlinkdim=100 maxerr=1.34E-04 time=1.406
After sweep 19 energy=-128.18681  maxlinkdim=100 maxerr=1.35E-04 time=1.356
After sweep 20 energy=-128.18718  maxlinkdim=100 maxerr=1.35E-04 time=1.401
After sweep 21 energy=-128.18715  maxlinkdim=100 maxerr=1.35E-04 time=1.367
After sweep 22 energy=-128.18768  maxlinkdim=100 maxerr=1.34E-04 time=1.414
After sweep 23 energy=-128.18736  maxlinkdim=100 maxerr=1.34E-04 time=1.359
After sweep 24 energy=-128.18816  maxlinkdim=100 maxerr=1.34E-04 time=1.407
After sweep 25 energy=-128.188  maxlinkdim=100 maxerr=1.34E-04 time=1.401
After sweep 26 energy=-128.18794  maxlinkdim=100 maxerr=1.33E-04 time=1.360
After sweep 27 energy=-128.18733  maxlinkdim=100 maxerr=1.32E-04 time=1.394
After sweep 28 energy=-128.18774  maxlinkdim=100 maxerr=1.32E-04 time=1.353
After sweep 29 energy=-128.18774  maxlinkdim=100 maxerr=1.33E-04 time=1.406
After sweep 30 energy=-128.18756  maxlinkdim=100 maxerr=1.32E-04 time=1.366
Same mu: 1.701156152753051 and continuing
Target density achieved with mu=1.701156152753051, n=0.93749684
Checking {alpha,beta} vs measured
Beta not converged.
NOT CONVERGED; updating alpha, beta and continuing...
After sweep 1 energy=-117.03895  maxlinkdim=10 maxerr=4.36E-03 time=0.634
After sweep 2 energy=-122.61004  maxlinkdim=20 maxerr=3.49E-03 time=0.798
After sweep 3 energy=-125.22792  maxlinkdim=100 maxerr=4.55E-06 time=1.402
After sweep 4 energy=-126.01502  maxlinkdim=100 maxerr=1.40E-05 time=1.460
After sweep 5 energy=-126.62655  maxlinkdim=100 maxerr=5.37E-05 time=1.391
After sweep 6 energy=-127.07013  maxlinkdim=100 maxerr=1.15E-04 time=1.347
After sweep 7 energy=-127.337616  maxlinkdim=100 maxerr=2.22E-04 time=1.388
After sweep 8 energy=-127.54998  maxlinkdim=100 maxerr=2.74E-04 time=1.352
After sweep 9 energy=-127.746605  maxlinkdim=100 maxerr=3.36E-04 time=1.350
After sweep 10 energy=-127.88966  maxlinkdim=100 maxerr=2.87E-04 time=1.402
After sweep 11 energy=-128.00159  maxlinkdim=100 maxerr=2.95E-04 time=1.349
After sweep 12 energy=-128.08083  maxlinkdim=100 maxerr=1.97E-04 time=1.399
After sweep 13 energy=-128.1278  maxlinkdim=100 maxerr=1.49E-04 time=1.350
After sweep 14 energy=-128.15692  maxlinkdim=100 maxerr=1.40E-04 time=1.395
After sweep 15 energy=-128.17285  maxlinkdim=100 maxerr=1.38E-04 time=1.353
After sweep 16 energy=-128.18015  maxlinkdim=100 maxerr=1.36E-04 time=1.392
After sweep 17 energy=-128.18378  maxlinkdim=100 maxerr=1.34E-04 time=1.351
After sweep 18 energy=-128.18558  maxlinkdim=100 maxerr=1.33E-04 time=1.348
After sweep 19 energy=-128.1866  maxlinkdim=100 maxerr=1.32E-04 time=1.405
After sweep 20 energy=-128.18698  maxlinkdim=100 maxerr=1.33E-04 time=1.352
After sweep 21 energy=-128.18701  maxlinkdim=100 maxerr=1.33E-04 time=1.405
After sweep 22 energy=-128.18678  maxlinkdim=100 maxerr=1.32E-04 time=1.353
After sweep 23 energy=-128.18826  maxlinkdim=100 maxerr=1.32E-04 time=1.399
After sweep 24 energy=-128.18777  maxlinkdim=100 maxerr=1.33E-04 time=1.355
After sweep 25 energy=-128.18767  maxlinkdim=100 maxerr=1.32E-04 time=1.394
After sweep 26 energy=-128.1878  maxlinkdim=100 maxerr=1.33E-04 time=1.351
After sweep 27 energy=-128.18794  maxlinkdim=100 maxerr=1.32E-04 time=1.390
After sweep 28 energy=-128.18755  maxlinkdim=100 maxerr=1.33E-04 time=1.363
After sweep 29 energy=-128.18771  maxlinkdim=100 maxerr=1.33E-04 time=1.347
After sweep 30 energy=-128.18779  maxlinkdim=100 maxerr=1.33E-04 time=1.399
Same mu: 1.701156152753051 and continuing
Target density achieved with mu=1.701156152753051, n=0.9374976
Checking {alpha,beta} vs measured
Beta not converged.
NOT CONVERGED; updating alpha, beta and continuing...
After sweep 1 energy=-116.95083  maxlinkdim=10 maxerr=3.99E-03 time=0.655
After sweep 2 energy=-123.0963  maxlinkdim=20 maxerr=2.16E-03 time=0.722
After sweep 3 energy=-125.925766  maxlinkdim=100 maxerr=5.78E-06 time=1.400
After sweep 4 energy=-126.572426  maxlinkdim=100 maxerr=1.20E-05 time=1.484
After sweep 5 energy=-126.982864  maxlinkdim=100 maxerr=5.38E-05 time=1.342
After sweep 6 energy=-127.24962  maxlinkdim=100 maxerr=1.55E-04 time=1.398
After sweep 7 energy=-127.43972  maxlinkdim=100 maxerr=1.99E-04 time=1.347
After sweep 8 energy=-127.645615  maxlinkdim=100 maxerr=3.23E-04 time=1.397
After sweep 9 energy=-127.86449  maxlinkdim=100 maxerr=2.98E-04 time=1.351
After sweep 10 energy=-127.98984  maxlinkdim=100 maxerr=2.05E-04 time=1.403
After sweep 11 energy=-128.05928  maxlinkdim=100 maxerr=1.59E-04 time=1.354
After sweep 12 energy=-128.10677  maxlinkdim=100 maxerr=1.46E-04 time=1.397
After sweep 13 energy=-128.1419  maxlinkdim=100 maxerr=1.39E-04 time=1.362
After sweep 14 energy=-128.16484  maxlinkdim=100 maxerr=1.36E-04 time=1.394
After sweep 15 energy=-128.17654  maxlinkdim=100 maxerr=1.37E-04 time=1.357
After sweep 16 energy=-128.18181  maxlinkdim=100 maxerr=1.34E-04 time=1.396
After sweep 17 energy=-128.18535  maxlinkdim=100 maxerr=1.33E-04 time=1.355
After sweep 18 energy=-128.18597  maxlinkdim=100 maxerr=1.29E-04 time=1.350
After sweep 19 energy=-128.18597  maxlinkdim=100 maxerr=1.28E-04 time=1.398
After sweep 20 energy=-128.187  maxlinkdim=100 maxerr=1.31E-04 time=1.355
After sweep 21 energy=-128.18703  maxlinkdim=100 maxerr=1.31E-04 time=1.407
After sweep 22 energy=-128.18721  maxlinkdim=100 maxerr=1.33E-04 time=1.351
After sweep 23 energy=-128.1873  maxlinkdim=100 maxerr=1.33E-04 time=1.397
After sweep 24 energy=-128.18758  maxlinkdim=100 maxerr=1.34E-04 time=1.352
After sweep 25 energy=-128.1875  maxlinkdim=100 maxerr=1.33E-04 time=1.398
After sweep 26 energy=-128.18764  maxlinkdim=100 maxerr=1.33E-04 time=1.352
After sweep 27 energy=-128.1877  maxlinkdim=100 maxerr=1.33E-04 time=1.392
After sweep 28 energy=-128.18784  maxlinkdim=100 maxerr=1.32E-04 time=1.356
After sweep 29 energy=-128.18777  maxlinkdim=100 maxerr=1.32E-04 time=1.390
After sweep 30 energy=-128.18787  maxlinkdim=100 maxerr=1.33E-04 time=1.357
Same mu: 1.701156152753051 and continuing
Target density achieved with mu=1.701156152753051, n=0.9374985
Checking {alpha,beta} vs measured
Beta not converged.
NOT CONVERGED; updating alpha, beta and continuing...
After sweep 1 energy=-117.06446  maxlinkdim=10 maxerr=3.38E-03 time=0.654
After sweep 2 energy=-122.735634  maxlinkdim=20 maxerr=2.79E-03 time=0.729
After sweep 3 energy=-125.485245  maxlinkdim=100 maxerr=3.90E-06 time=1.384
After sweep 4 energy=-126.25529  maxlinkdim=100 maxerr=4.43E-05 time=1.495
After sweep 5 energy=-126.78374  maxlinkdim=100 maxerr=5.09E-05 time=1.387
After sweep 6 energy=-127.14706  maxlinkdim=100 maxerr=8.96E-05 time=1.356
After sweep 7 energy=-127.396225  maxlinkdim=100 maxerr=1.69E-04 time=1.392
After sweep 8 energy=-127.60433  maxlinkdim=100 maxerr=2.16E-04 time=1.354
After sweep 9 energy=-127.80336  maxlinkdim=100 maxerr=2.00E-04 time=1.351
After sweep 10 energy=-127.91794  maxlinkdim=100 maxerr=1.39E-04 time=1.398
After sweep 11 energy=-127.99171  maxlinkdim=100 maxerr=2.25E-04 time=1.350
After sweep 12 energy=-128.04271  maxlinkdim=100 maxerr=1.95E-04 time=1.398
After sweep 13 energy=-128.07039  maxlinkdim=100 maxerr=1.73E-04 time=1.352
After sweep 14 energy=-128.09276  maxlinkdim=100 maxerr=1.37E-04 time=1.400
After sweep 15 energy=-128.11894  maxlinkdim=100 maxerr=1.31E-04 time=1.351
After sweep 16 energy=-128.14586  maxlinkdim=100 maxerr=1.38E-04 time=1.406
After sweep 17 energy=-128.16675  maxlinkdim=100 maxerr=1.34E-04 time=1.352
After sweep 18 energy=-128.17813  maxlinkdim=100 maxerr=1.33E-04 time=1.400
After sweep 19 energy=-128.18265  maxlinkdim=100 maxerr=1.31E-04 time=1.350
After sweep 20 energy=-128.1854  maxlinkdim=100 maxerr=1.31E-04 time=1.405
After sweep 21 energy=-128.18698  maxlinkdim=100 maxerr=1.30E-04 time=1.353
After sweep 22 energy=-128.18686  maxlinkdim=100 maxerr=1.31E-04 time=1.394
After sweep 23 energy=-128.18745  maxlinkdim=100 maxerr=1.31E-04 time=1.358
After sweep 24 energy=-128.18701  maxlinkdim=100 maxerr=1.33E-04 time=1.398
After sweep 25 energy=-128.18752  maxlinkdim=100 maxerr=1.33E-04 time=1.360
After sweep 26 energy=-128.18759  maxlinkdim=100 maxerr=1.32E-04 time=1.393
After sweep 27 energy=-128.18753  maxlinkdim=100 maxerr=1.32E-04 time=1.355
After sweep 28 energy=-128.18752  maxlinkdim=100 maxerr=1.31E-04 time=1.394
After sweep 29 energy=-128.18773  maxlinkdim=100 maxerr=1.29E-04 time=1.353
After sweep 30 energy=-128.1879  maxlinkdim=100 maxerr=1.28E-04 time=1.393
Same mu: 1.701156152753051 and continuing
Target density achieved with mu=1.701156152753051, n=0.93749666
Checking {alpha,beta} vs measured
Beta not converged.
NOT CONVERGED; updating alpha, beta and continuing...
After sweep 1 energy=-117.134964  maxlinkdim=10 maxerr=3.82E-03 time=0.698
After sweep 2 energy=-122.94965  maxlinkdim=20 maxerr=2.62E-03 time=0.713
After sweep 3 energy=-125.75842  maxlinkdim=100 maxerr=4.48E-06 time=1.419
After sweep 4 energy=-126.45181  maxlinkdim=100 maxerr=7.06E-06 time=1.441
After sweep 5 energy=-126.87402  maxlinkdim=100 maxerr=5.16E-05 time=1.385
After sweep 6 energy=-127.19181  maxlinkdim=100 maxerr=1.29E-04 time=1.345
After sweep 7 energy=-127.45725  maxlinkdim=100 maxerr=1.46E-04 time=1.396
After sweep 8 energy=-127.664536  maxlinkdim=100 maxerr=1.90E-04 time=1.350
After sweep 9 energy=-127.82893  maxlinkdim=100 maxerr=2.72E-04 time=1.402
After sweep 10 energy=-127.934364  maxlinkdim=100 maxerr=2.55E-04 time=1.352
After sweep 11 energy=-128.0016  maxlinkdim=100 maxerr=1.99E-04 time=1.404
After sweep 12 energy=-128.05447  maxlinkdim=100 maxerr=1.65E-04 time=1.358
After sweep 13 energy=-128.09404  maxlinkdim=100 maxerr=1.46E-04 time=1.404
After sweep 14 energy=-128.12822  maxlinkdim=100 maxerr=1.43E-04 time=1.352
After sweep 15 energy=-128.15689  maxlinkdim=100 maxerr=1.41E-04 time=1.401
After sweep 16 energy=-128.17343  maxlinkdim=100 maxerr=1.37E-04 time=1.354
After sweep 17 energy=-128.1811  maxlinkdim=100 maxerr=1.34E-04 time=1.400
After sweep 18 energy=-128.18481  maxlinkdim=100 maxerr=1.31E-04 time=1.354
After sweep 19 energy=-128.18597  maxlinkdim=100 maxerr=1.32E-04 time=1.403
After sweep 20 energy=-128.187  maxlinkdim=100 maxerr=1.31E-04 time=1.352
After sweep 21 energy=-128.18674  maxlinkdim=100 maxerr=1.32E-04 time=1.402
After sweep 22 energy=-128.18738  maxlinkdim=100 maxerr=1.32E-04 time=1.347
After sweep 23 energy=-128.18715  maxlinkdim=100 maxerr=1.33E-04 time=1.397
After sweep 24 energy=-128.18724  maxlinkdim=100 maxerr=1.32E-04 time=1.349
After sweep 25 energy=-128.1875  maxlinkdim=100 maxerr=1.33E-04 time=1.404
After sweep 26 energy=-128.1879  maxlinkdim=100 maxerr=1.33E-04 time=1.353
After sweep 27 energy=-128.18759  maxlinkdim=100 maxerr=1.33E-04 time=1.401
After sweep 28 energy=-128.18748  maxlinkdim=100 maxerr=1.33E-04 time=1.349
After sweep 29 energy=-128.18784  maxlinkdim=100 maxerr=1.33E-04 time=1.396
After sweep 30 energy=-128.18727  maxlinkdim=100 maxerr=1.33E-04 time=1.352
Same mu: 1.701156152753051 and continuing
Target density achieved with mu=1.701156152753051, n=0.93749624
Checking {alpha,beta} vs measured
Beta not converged.
NOT CONVERGED; updating alpha, beta and continuing...
After sweep 1 energy=-117.185234  maxlinkdim=10 maxerr=3.66E-03 time=0.642
After sweep 2 energy=-122.90223  maxlinkdim=20 maxerr=2.80E-03 time=0.831
After sweep 3 energy=-125.64145  maxlinkdim=100 maxerr=4.34E-06 time=1.285
After sweep 4 energy=-126.353806  maxlinkdim=100 maxerr=1.98E-05 time=1.429
After sweep 5 energy=-126.80257  maxlinkdim=100 maxerr=4.96E-05 time=1.377
After sweep 6 energy=-127.12358  maxlinkdim=100 maxerr=1.04E-04 time=1.345
After sweep 7 energy=-127.36167  maxlinkdim=100 maxerr=2.00E-04 time=1.380
After sweep 8 energy=-127.5952  maxlinkdim=100 maxerr=2.15E-04 time=1.347
After sweep 9 energy=-127.82521  maxlinkdim=100 maxerr=1.96E-04 time=1.345
After sweep 10 energy=-127.986885  maxlinkdim=100 maxerr=1.92E-04 time=1.395
After sweep 11 energy=-128.0877  maxlinkdim=100 maxerr=1.84E-04 time=1.346
After sweep 12 energy=-128.14117  maxlinkdim=100 maxerr=1.49E-04 time=1.396
After sweep 13 energy=-128.16635  maxlinkdim=100 maxerr=1.44E-04 time=1.350
After sweep 14 energy=-128.17696  maxlinkdim=100 maxerr=1.39E-04 time=1.393
After sweep 15 energy=-128.1818  maxlinkdim=100 maxerr=1.35E-04 time=1.356
After sweep 16 energy=-128.18419  maxlinkdim=100 maxerr=1.37E-04 time=1.394
After sweep 17 energy=-128.18568  maxlinkdim=100 maxerr=1.33E-04 time=1.349
After sweep 18 energy=-128.18703  maxlinkdim=100 maxerr=1.32E-04 time=1.354
After sweep 19 energy=-128.18706  maxlinkdim=100 maxerr=1.33E-04 time=1.401
After sweep 20 energy=-128.18733  maxlinkdim=100 maxerr=1.34E-04 time=1.350
After sweep 21 energy=-128.18765  maxlinkdim=100 maxerr=1.34E-04 time=1.398
After sweep 22 energy=-128.18745  maxlinkdim=100 maxerr=1.33E-04 time=1.349
After sweep 23 energy=-128.18713  maxlinkdim=100 maxerr=1.33E-04 time=1.403
After sweep 24 energy=-128.1877  maxlinkdim=100 maxerr=1.32E-04 time=1.364
After sweep 25 energy=-128.18796  maxlinkdim=100 maxerr=1.32E-04 time=1.399
After sweep 26 energy=-128.18782  maxlinkdim=100 maxerr=1.32E-04 time=1.362
After sweep 27 energy=-128.18774  maxlinkdim=100 maxerr=1.32E-04 time=1.350
After sweep 28 energy=-128.18753  maxlinkdim=100 maxerr=1.32E-04 time=1.398
After sweep 29 energy=-128.18802  maxlinkdim=100 maxerr=1.32E-04 time=1.353
After sweep 30 energy=-128.18762  maxlinkdim=100 maxerr=1.32E-04 time=1.399
Same mu: 1.701156152753051 and continuing
Target density achieved with mu=1.701156152753051, n=0.9374965
Checking {alpha,beta} vs measured
Beta not converged.
NOT CONVERGED; updating alpha, beta and continuing...
After sweep 1 energy=-117.23876  maxlinkdim=10 maxerr=4.11E-03 time=0.649
After sweep 2 energy=-123.238785  maxlinkdim=20 maxerr=2.83E-03 time=0.727
After sweep 3 energy=-126.00364  maxlinkdim=100 maxerr=6.45E-06 time=1.387
After sweep 4 energy=-126.60058  maxlinkdim=100 maxerr=2.84E-05 time=1.496
After sweep 5 energy=-126.99628  maxlinkdim=100 maxerr=8.12E-05 time=1.387
After sweep 6 energy=-127.25401  maxlinkdim=100 maxerr=1.31E-04 time=1.349
After sweep 7 energy=-127.4373  maxlinkdim=100 maxerr=1.64E-04 time=1.350
After sweep 8 energy=-127.62536  maxlinkdim=100 maxerr=2.00E-04 time=1.407
After sweep 9 energy=-127.833565  maxlinkdim=100 maxerr=3.55E-04 time=1.353
After sweep 10 energy=-127.97221  maxlinkdim=100 maxerr=1.97E-04 time=1.401
After sweep 11 energy=-128.03337  maxlinkdim=100 maxerr=1.68E-04 time=1.352
After sweep 12 energy=-128.0568  maxlinkdim=100 maxerr=1.48E-04 time=1.403
After sweep 13 energy=-128.06657  maxlinkdim=100 maxerr=1.43E-04 time=1.357
After sweep 14 energy=-128.07002  maxlinkdim=100 maxerr=1.39E-04 time=1.398
After sweep 15 energy=-128.07231  maxlinkdim=100 maxerr=1.39E-04 time=1.357
After sweep 16 energy=-128.0739  maxlinkdim=100 maxerr=1.38E-04 time=1.394
After sweep 17 energy=-128.07567  maxlinkdim=100 maxerr=1.36E-04 time=1.356
After sweep 18 energy=-128.07898  maxlinkdim=100 maxerr=1.34E-04 time=1.397
After sweep 19 energy=-128.08586  maxlinkdim=100 maxerr=1.35E-04 time=1.361
After sweep 20 energy=-128.1006  maxlinkdim=100 maxerr=1.35E-04 time=1.356
After sweep 21 energy=-128.12326  maxlinkdim=100 maxerr=1.34E-04 time=1.399
After sweep 22 energy=-128.14917  maxlinkdim=100 maxerr=1.34E-04 time=1.353
After sweep 23 energy=-128.16852  maxlinkdim=100 maxerr=1.34E-04 time=1.400
After sweep 24 energy=-128.17908  maxlinkdim=100 maxerr=1.33E-04 time=1.347
After sweep 25 energy=-128.18347  maxlinkdim=100 maxerr=1.33E-04 time=1.401
After sweep 26 energy=-128.18565  maxlinkdim=100 maxerr=1.33E-04 time=1.358
After sweep 27 energy=-128.18663  maxlinkdim=100 maxerr=1.33E-04 time=1.402
After sweep 28 energy=-128.18678  maxlinkdim=100 maxerr=1.33E-04 time=1.354
After sweep 29 energy=-128.18713  maxlinkdim=100 maxerr=1.33E-04 time=1.397
After sweep 30 energy=-128.18736  maxlinkdim=100 maxerr=1.34E-04 time=1.356
Same mu: 1.701156152753051 and continuing
Target density achieved with mu=1.701156152753051, n=0.9374872
Checking {alpha,beta} vs measured
Beta not converged.
NOT CONVERGED; updating alpha, beta and continuing...
After sweep 1 energy=-117.06556  maxlinkdim=10 maxerr=3.40E-03 time=0.647
After sweep 2 energy=-122.674774  maxlinkdim=20 maxerr=2.99E-03 time=0.870
After sweep 3 energy=-125.37922  maxlinkdim=100 maxerr=3.15E-06 time=1.303
After sweep 4 energy=-126.22522  maxlinkdim=100 maxerr=2.13E-05 time=1.443
After sweep 5 energy=-126.79892  maxlinkdim=100 maxerr=8.26E-05 time=1.390
After sweep 6 energy=-127.16345  maxlinkdim=100 maxerr=1.47E-04 time=1.350
After sweep 7 energy=-127.454636  maxlinkdim=100 maxerr=1.57E-04 time=1.399
After sweep 8 energy=-127.69444  maxlinkdim=100 maxerr=1.66E-04 time=1.356
After sweep 9 energy=-127.872284  maxlinkdim=100 maxerr=2.51E-04 time=1.396
After sweep 10 energy=-127.99299  maxlinkdim=100 maxerr=2.60E-04 time=1.357
After sweep 11 energy=-128.06769  maxlinkdim=100 maxerr=1.87E-04 time=1.402
After sweep 12 energy=-128.11292  maxlinkdim=100 maxerr=1.41E-04 time=1.353
After sweep 13 energy=-128.14551  maxlinkdim=100 maxerr=1.35E-04 time=1.397
After sweep 14 energy=-128.16597  maxlinkdim=100 maxerr=1.31E-04 time=1.358
After sweep 15 energy=-128.17697  maxlinkdim=100 maxerr=1.31E-04 time=1.352
After sweep 16 energy=-128.18192  maxlinkdim=100 maxerr=1.35E-04 time=1.401
After sweep 17 energy=-128.18411  maxlinkdim=100 maxerr=1.32E-04 time=1.350
After sweep 18 energy=-128.18622  maxlinkdim=100 maxerr=1.30E-04 time=1.402
After sweep 19 energy=-128.18651  maxlinkdim=100 maxerr=1.31E-04 time=1.351
After sweep 20 energy=-128.18669  maxlinkdim=100 maxerr=1.30E-04 time=1.404
After sweep 21 energy=-128.18718  maxlinkdim=100 maxerr=1.31E-04 time=1.355
After sweep 22 energy=-128.18736  maxlinkdim=100 maxerr=1.30E-04 time=1.399
After sweep 23 energy=-128.18756  maxlinkdim=100 maxerr=1.31E-04 time=1.354
After sweep 24 energy=-128.18741  maxlinkdim=100 maxerr=1.32E-04 time=1.400
After sweep 25 energy=-128.18767  maxlinkdim=100 maxerr=1.33E-04 time=1.355
After sweep 26 energy=-128.18764  maxlinkdim=100 maxerr=1.33E-04 time=1.401
After sweep 27 energy=-128.18718  maxlinkdim=100 maxerr=1.33E-04 time=1.346
After sweep 28 energy=-128.18762  maxlinkdim=100 maxerr=1.33E-04 time=1.398
After sweep 29 energy=-128.18729  maxlinkdim=100 maxerr=1.33E-04 time=1.350
After sweep 30 energy=-128.18782  maxlinkdim=100 maxerr=1.33E-04 time=1.399
Same mu: 1.701156152753051 and continuing
Target density achieved with mu=1.701156152753051, n=0.93749654
Checking {alpha,beta} vs measured
Beta not converged.
NOT CONVERGED; updating alpha, beta and continuing...
After sweep 1 energy=-117.22471  maxlinkdim=10 maxerr=3.81E-03 time=0.642
After sweep 2 energy=-123.12043  maxlinkdim=20 maxerr=2.55E-03 time=0.850
After sweep 3 energy=-125.725945  maxlinkdim=100 maxerr=4.40E-06 time=1.308
After sweep 4 energy=-126.4468  maxlinkdim=100 maxerr=8.50E-06 time=1.450
After sweep 5 energy=-126.88117  maxlinkdim=100 maxerr=4.24E-05 time=1.391
After sweep 6 energy=-127.159225  maxlinkdim=100 maxerr=9.97E-05 time=1.343
After sweep 7 energy=-127.38074  maxlinkdim=100 maxerr=1.49E-04 time=1.395
After sweep 8 energy=-127.58297  maxlinkdim=100 maxerr=1.64E-04 time=1.356
After sweep 9 energy=-127.7652  maxlinkdim=100 maxerr=2.15E-04 time=1.396
After sweep 10 energy=-127.89551  maxlinkdim=100 maxerr=1.91E-04 time=1.357
After sweep 11 energy=-127.98876  maxlinkdim=100 maxerr=2.29E-04 time=1.400
After sweep 12 energy=-128.045  maxlinkdim=100 maxerr=1.59E-04 time=1.359
After sweep 13 energy=-128.07687  maxlinkdim=100 maxerr=1.46E-04 time=1.402
After sweep 14 energy=-128.10577  maxlinkdim=100 maxerr=1.37E-04 time=1.360
After sweep 15 energy=-128.13474  maxlinkdim=100 maxerr=1.36E-04 time=1.399
After sweep 16 energy=-128.15944  maxlinkdim=100 maxerr=1.32E-04 time=1.363
After sweep 17 energy=-128.17418  maxlinkdim=100 maxerr=1.32E-04 time=1.400
After sweep 18 energy=-128.18098  maxlinkdim=100 maxerr=1.32E-04 time=1.365
After sweep 19 energy=-128.18422  maxlinkdim=100 maxerr=1.33E-04 time=1.408
After sweep 20 energy=-128.18544  maxlinkdim=100 maxerr=1.32E-04 time=1.360
After sweep 21 energy=-128.18655  maxlinkdim=100 maxerr=1.33E-04 time=1.397
After sweep 22 energy=-128.1869  maxlinkdim=100 maxerr=1.32E-04 time=1.361
After sweep 23 energy=-128.18723  maxlinkdim=100 maxerr=1.34E-04 time=1.397
After sweep 24 energy=-128.18796  maxlinkdim=100 maxerr=1.33E-04 time=1.359
After sweep 25 energy=-128.18729  maxlinkdim=100 maxerr=1.32E-04 time=1.399
After sweep 26 energy=-128.18745  maxlinkdim=100 maxerr=1.31E-04 time=1.357
After sweep 27 energy=-128.1875  maxlinkdim=100 maxerr=1.33E-04 time=1.395
After sweep 28 energy=-128.18752  maxlinkdim=100 maxerr=1.33E-04 time=1.355
After sweep 29 energy=-128.18788  maxlinkdim=100 maxerr=1.33E-04 time=1.395
After sweep 30 energy=-128.18753  maxlinkdim=100 maxerr=1.33E-04 time=1.356
Same mu: 1.701156152753051 and continuing
Target density achieved with mu=1.701156152753051, n=0.93749666
Checking {alpha,beta} vs measured
Beta not converged.
NOT CONVERGED; updating alpha, beta and continuing...
After sweep 1 energy=-117.04968  maxlinkdim=10 maxerr=3.86E-03 time=0.634
After sweep 2 energy=-122.68477  maxlinkdim=20 maxerr=3.36E-03 time=0.823
After sweep 3 energy=-125.47443  maxlinkdim=100 maxerr=3.37E-06 time=1.298
After sweep 4 energy=-126.22106  maxlinkdim=100 maxerr=1.26E-05 time=1.433
After sweep 5 energy=-126.72044  maxlinkdim=100 maxerr=1.42E-04 time=1.379
After sweep 6 energy=-127.06192  maxlinkdim=100 maxerr=1.99E-04 time=1.343
After sweep 7 energy=-127.34799  maxlinkdim=100 maxerr=1.73E-04 time=1.393
After sweep 8 energy=-127.64395  maxlinkdim=100 maxerr=2.66E-04 time=1.349
After sweep 9 energy=-127.87931  maxlinkdim=100 maxerr=3.54E-04 time=1.344
After sweep 10 energy=-128.0032  maxlinkdim=100 maxerr=2.20E-04 time=1.397
After sweep 11 energy=-128.0573  maxlinkdim=100 maxerr=1.94E-04 time=1.345
After sweep 12 energy=-128.08505  maxlinkdim=100 maxerr=1.40E-04 time=1.393
After sweep 13 energy=-128.1117  maxlinkdim=100 maxerr=1.32E-04 time=1.348
After sweep 14 energy=-128.14034  maxlinkdim=100 maxerr=1.32E-04 time=1.393
After sweep 15 energy=-128.16281  maxlinkdim=100 maxerr=1.32E-04 time=1.354
After sweep 16 energy=-128.1757  maxlinkdim=100 maxerr=1.30E-04 time=1.397
After sweep 17 energy=-128.18222  maxlinkdim=100 maxerr=1.29E-04 time=1.357
After sweep 18 energy=-128.18486  maxlinkdim=100 maxerr=1.32E-04 time=1.351
After sweep 19 energy=-128.1858  maxlinkdim=100 maxerr=1.30E-04 time=1.398
After sweep 20 energy=-128.187  maxlinkdim=100 maxerr=1.30E-04 time=1.348
After sweep 21 energy=-128.18678  maxlinkdim=100 maxerr=1.31E-04 time=1.400
After sweep 22 energy=-128.18704  maxlinkdim=100 maxerr=1.31E-04 time=1.349
After sweep 23 energy=-128.18703  maxlinkdim=100 maxerr=1.31E-04 time=1.398
After sweep 24 energy=-128.18742  maxlinkdim=100 maxerr=1.32E-04 time=1.355
After sweep 25 energy=-128.18742  maxlinkdim=100 maxerr=1.33E-04 time=1.402
After sweep 26 energy=-128.18726  maxlinkdim=100 maxerr=1.33E-04 time=1.356
After sweep 27 energy=-128.1875  maxlinkdim=100 maxerr=1.34E-04 time=1.393
After sweep 28 energy=-128.18765  maxlinkdim=100 maxerr=1.33E-04 time=1.352
After sweep 29 energy=-128.18782  maxlinkdim=100 maxerr=1.33E-04 time=1.350
After sweep 30 energy=-128.18794  maxlinkdim=100 maxerr=1.33E-04 time=1.396
Same mu: 1.701156152753051 and continuing
Target density achieved with mu=1.701156152753051, n=0.9374987
Checking {alpha,beta} vs measured
Beta not converged.
NOT CONVERGED; updating alpha, beta and continuing...
After sweep 1 energy=-117.12986  maxlinkdim=10 maxerr=3.95E-03 time=0.651
After sweep 2 energy=-123.00519  maxlinkdim=20 maxerr=3.08E-03 time=0.720
After sweep 3 energy=-125.84419  maxlinkdim=100 maxerr=5.35E-06 time=1.376
After sweep 4 energy=-126.48531  maxlinkdim=100 maxerr=9.80E-06 time=1.491
After sweep 5 energy=-126.87972  maxlinkdim=100 maxerr=3.27E-05 time=1.388
After sweep 6 energy=-127.16506  maxlinkdim=100 maxerr=3.14E-04 time=1.352
After sweep 7 energy=-127.38357  maxlinkdim=100 maxerr=1.71E-04 time=1.349
After sweep 8 energy=-127.61613  maxlinkdim=100 maxerr=2.51E-04 time=1.401
After sweep 9 energy=-127.817856  maxlinkdim=100 maxerr=3.01E-04 time=1.357
After sweep 10 energy=-127.92772  maxlinkdim=100 maxerr=2.79E-04 time=1.402
After sweep 11 energy=-128.02881  maxlinkdim=100 maxerr=2.33E-04 time=1.352
After sweep 12 energy=-128.09634  maxlinkdim=100 maxerr=1.75E-04 time=1.403
After sweep 13 energy=-128.13821  maxlinkdim=100 maxerr=1.44E-04 time=1.359
After sweep 14 energy=-128.16325  maxlinkdim=100 maxerr=1.39E-04 time=1.401
After sweep 15 energy=-128.17613  maxlinkdim=100 maxerr=1.35E-04 time=1.364
After sweep 16 energy=-128.18195  maxlinkdim=100 maxerr=1.36E-04 time=1.402
After sweep 17 energy=-128.18436  maxlinkdim=100 maxerr=1.32E-04 time=1.357
After sweep 18 energy=-128.18591  maxlinkdim=100 maxerr=1.32E-04 time=1.400
After sweep 19 energy=-128.18697  maxlinkdim=100 maxerr=1.33E-04 time=1.354
After sweep 20 energy=-128.1868  maxlinkdim=100 maxerr=1.33E-04 time=1.354
After sweep 21 energy=-128.18713  maxlinkdim=100 maxerr=1.32E-04 time=1.402
After sweep 22 energy=-128.18771  maxlinkdim=100 maxerr=1.31E-04 time=1.349
After sweep 23 energy=-128.1878  maxlinkdim=100 maxerr=1.32E-04 time=1.401
After sweep 24 energy=-128.18756  maxlinkdim=100 maxerr=1.32E-04 time=1.349
After sweep 25 energy=-128.18765  maxlinkdim=100 maxerr=1.32E-04 time=1.399
After sweep 26 energy=-128.18803  maxlinkdim=100 maxerr=1.32E-04 time=1.353
After sweep 27 energy=-128.18777  maxlinkdim=100 maxerr=1.32E-04 time=1.406
After sweep 28 energy=-128.18762  maxlinkdim=100 maxerr=1.32E-04 time=1.353
After sweep 29 energy=-128.18756  maxlinkdim=100 maxerr=1.32E-04 time=1.393
After sweep 30 energy=-128.18776  maxlinkdim=100 maxerr=1.31E-04 time=1.355
Same mu: 1.701156152753051 and continuing
Target density achieved with mu=1.701156152753051, n=0.9374964
Checking {alpha,beta} vs measured
Beta not converged.
NOT CONVERGED; updating alpha, beta and continuing...
After sweep 1 energy=-117.125595  maxlinkdim=10 maxerr=4.70E-03 time=0.644
After sweep 2 energy=-122.64916  maxlinkdim=20 maxerr=2.86E-03 time=0.850
After sweep 3 energy=-125.36928  maxlinkdim=100 maxerr=4.78E-06 time=1.309
After sweep 4 energy=-126.17099  maxlinkdim=100 maxerr=9.45E-06 time=1.445
After sweep 5 energy=-126.75241  maxlinkdim=100 maxerr=2.57E-05 time=1.390
After sweep 6 energy=-127.11549  maxlinkdim=100 maxerr=2.31E-04 time=1.353
After sweep 7 energy=-127.41907  maxlinkdim=100 maxerr=2.17E-04 time=1.394
After sweep 8 energy=-127.65791  maxlinkdim=100 maxerr=2.05E-04 time=1.357
After sweep 9 energy=-127.825775  maxlinkdim=100 maxerr=3.52E-04 time=1.398
After sweep 10 energy=-127.93988  maxlinkdim=100 maxerr=2.71E-04 time=1.362
After sweep 11 energy=-128.04253  maxlinkdim=100 maxerr=2.20E-04 time=1.401
After sweep 12 energy=-128.11647  maxlinkdim=100 maxerr=1.84E-04 time=1.365
After sweep 13 energy=-128.15329  maxlinkdim=100 maxerr=1.65E-04 time=1.397
After sweep 14 energy=-128.17064  maxlinkdim=100 maxerr=1.45E-04 time=1.354
After sweep 15 energy=-128.1788  maxlinkdim=100 maxerr=1.32E-04 time=1.350
After sweep 16 energy=-128.18344  maxlinkdim=100 maxerr=1.36E-04 time=1.402
After sweep 17 energy=-128.18478  maxlinkdim=100 maxerr=1.37E-04 time=1.354
After sweep 18 energy=-128.18562  maxlinkdim=100 maxerr=1.36E-04 time=1.398
After sweep 19 energy=-128.1865  maxlinkdim=100 maxerr=1.34E-04 time=1.349
After sweep 20 energy=-128.18675  maxlinkdim=100 maxerr=1.34E-04 time=1.397
After sweep 21 energy=-128.18716  maxlinkdim=100 maxerr=1.33E-04 time=1.351
After sweep 22 energy=-128.18773  maxlinkdim=100 maxerr=1.31E-04 time=1.403
After sweep 23 energy=-128.18776  maxlinkdim=100 maxerr=1.30E-04 time=1.351
After sweep 24 energy=-128.18738  maxlinkdim=100 maxerr=1.30E-04 time=1.400
After sweep 25 energy=-128.1875  maxlinkdim=100 maxerr=1.30E-04 time=1.350
After sweep 26 energy=-128.1876  maxlinkdim=100 maxerr=1.31E-04 time=1.401
After sweep 27 energy=-128.18764  maxlinkdim=100 maxerr=1.31E-04 time=1.351
After sweep 28 energy=-128.1881  maxlinkdim=100 maxerr=1.31E-04 time=1.398
After sweep 29 energy=-128.18747  maxlinkdim=100 maxerr=1.31E-04 time=1.346
After sweep 30 energy=-128.18813  maxlinkdim=100 maxerr=1.31E-04 time=1.402
Same mu: 1.701156152753051 and continuing
Target density achieved with mu=1.701156152753051, n=0.9374995
Checking {alpha,beta} vs measured
Beta not converged.
NOT CONVERGED; updating alpha, beta and continuing...
After sweep 1 energy=-117.14457  maxlinkdim=10 maxerr=4.08E-03 time=0.648
After sweep 2 energy=-122.96092  maxlinkdim=20 maxerr=2.55E-03 time=0.728
After sweep 3 energy=-125.65994  maxlinkdim=100 maxerr=5.32E-06 time=1.430
After sweep 4 energy=-126.42447  maxlinkdim=100 maxerr=1.02E-05 time=1.439
After sweep 5 energy=-126.89517  maxlinkdim=100 maxerr=6.09E-05 time=1.390
After sweep 6 energy=-127.20708  maxlinkdim=100 maxerr=1.52E-04 time=1.351
After sweep 7 energy=-127.44812  maxlinkdim=100 maxerr=1.86E-04 time=1.397
After sweep 8 energy=-127.67006  maxlinkdim=100 maxerr=2.17E-04 time=1.359
After sweep 9 energy=-127.82042  maxlinkdim=100 maxerr=2.06E-04 time=1.398
After sweep 10 energy=-127.89645  maxlinkdim=100 maxerr=2.30E-04 time=1.361
After sweep 11 energy=-127.93942  maxlinkdim=100 maxerr=2.24E-04 time=1.399
After sweep 12 energy=-127.978584  maxlinkdim=100 maxerr=2.36E-04 time=1.362
After sweep 13 energy=-128.04422  maxlinkdim=100 maxerr=2.67E-04 time=1.400
After sweep 14 energy=-128.11891  maxlinkdim=100 maxerr=2.44E-04 time=1.359
After sweep 15 energy=-128.15733  maxlinkdim=100 maxerr=1.57E-04 time=1.407
After sweep 16 energy=-128.17465  maxlinkdim=100 maxerr=1.46E-04 time=1.361
After sweep 17 energy=-128.18117  maxlinkdim=100 maxerr=1.43E-04 time=1.397
After sweep 18 energy=-128.18445  maxlinkdim=100 maxerr=1.36E-04 time=1.354
After sweep 19 energy=-128.18576  maxlinkdim=100 maxerr=1.35E-04 time=1.393
After sweep 20 energy=-128.18695  maxlinkdim=100 maxerr=1.35E-04 time=1.357
After sweep 21 energy=-128.18709  maxlinkdim=100 maxerr=1.34E-04 time=1.396
After sweep 22 energy=-128.18736  maxlinkdim=100 maxerr=1.34E-04 time=1.357
After sweep 23 energy=-128.18723  maxlinkdim=100 maxerr=1.34E-04 time=1.399
After sweep 24 energy=-128.18744  maxlinkdim=100 maxerr=1.33E-04 time=1.353
After sweep 25 energy=-128.18796  maxlinkdim=100 maxerr=1.32E-04 time=1.409
After sweep 26 energy=-128.1876  maxlinkdim=100 maxerr=1.32E-04 time=1.372
After sweep 27 energy=-128.1873  maxlinkdim=100 maxerr=1.32E-04 time=1.425
After sweep 28 energy=-128.18759  maxlinkdim=100 maxerr=1.32E-04 time=1.381
After sweep 29 energy=-128.1877  maxlinkdim=100 maxerr=1.31E-04 time=1.412
After sweep 30 energy=-128.18774  maxlinkdim=100 maxerr=1.32E-04 time=1.368
Same mu: 1.701156152753051 and continuing
Target density achieved with mu=1.701156152753051, n=0.93749714
Checking {alpha,beta} vs measured
Beta not converged.
NOT CONVERGED; updating alpha, beta and continuing...
After sweep 1 energy=-117.62752  maxlinkdim=10 maxerr=3.28E-03 time=0.626
After sweep 2 energy=-122.691025  maxlinkdim=20 maxerr=1.52E-03 time=0.765
After sweep 3 energy=-125.37762  maxlinkdim=100 maxerr=9.83E-06 time=1.357
After sweep 4 energy=-126.20407  maxlinkdim=100 maxerr=5.82E-05 time=1.440
After sweep 5 energy=-126.84598  maxlinkdim=100 maxerr=1.80E-04 time=1.383
After sweep 6 energy=-127.22614  maxlinkdim=100 maxerr=1.95E-04 time=1.345
After sweep 7 energy=-127.512  maxlinkdim=100 maxerr=2.79E-04 time=1.386
After sweep 8 energy=-127.767494  maxlinkdim=100 maxerr=3.08E-04 time=1.352
After sweep 9 energy=-127.88438  maxlinkdim=100 maxerr=2.52E-04 time=1.347
After sweep 10 energy=-127.94332  maxlinkdim=100 maxerr=2.05E-04 time=1.396
After sweep 11 energy=-128.00923  maxlinkdim=100 maxerr=2.55E-04 time=1.350
After sweep 12 energy=-128.06116  maxlinkdim=100 maxerr=1.57E-04 time=1.398
After sweep 13 energy=-128.09625  maxlinkdim=100 maxerr=1.33E-04 time=1.352
After sweep 14 energy=-128.12822  maxlinkdim=100 maxerr=1.32E-04 time=1.396
After sweep 15 energy=-128.1548  maxlinkdim=100 maxerr=1.33E-04 time=1.354
After sweep 16 energy=-128.17184  maxlinkdim=100 maxerr=1.35E-04 time=1.397
After sweep 17 energy=-128.17998  maxlinkdim=100 maxerr=1.31E-04 time=1.353
After sweep 18 energy=-128.18385  maxlinkdim=100 maxerr=1.36E-04 time=1.350
After sweep 19 energy=-128.1855  maxlinkdim=100 maxerr=1.37E-04 time=1.397
After sweep 20 energy=-128.18651  maxlinkdim=100 maxerr=1.33E-04 time=1.349
After sweep 21 energy=-128.1871  maxlinkdim=100 maxerr=1.34E-04 time=1.397
After sweep 22 energy=-128.18712  maxlinkdim=100 maxerr=1.34E-04 time=1.355
After sweep 23 energy=-128.18706  maxlinkdim=100 maxerr=1.34E-04 time=1.397
After sweep 24 energy=-128.18764  maxlinkdim=100 maxerr=1.34E-04 time=1.351
After sweep 25 energy=-128.18765  maxlinkdim=100 maxerr=1.33E-04 time=1.395
After sweep 26 energy=-128.18753  maxlinkdim=100 maxerr=1.33E-04 time=1.359
After sweep 27 energy=-128.18765  maxlinkdim=100 maxerr=1.33E-04 time=1.396
After sweep 28 energy=-128.18791  maxlinkdim=100 maxerr=1.33E-04 time=1.356
After sweep 29 energy=-128.18808  maxlinkdim=100 maxerr=1.33E-04 time=1.350
After sweep 30 energy=-128.18799  maxlinkdim=100 maxerr=1.32E-04 time=1.400
Same mu: 1.701156152753051 and continuing
Target density achieved with mu=1.701156152753051, n=0.9374978
Checking {alpha,beta} vs measured
Beta not converged.
NOT CONVERGED; updating alpha, beta and continuing...
After sweep 1 energy=-117.00737  maxlinkdim=10 maxerr=3.50E-03 time=0.660
After sweep 2 energy=-123.06599  maxlinkdim=20 maxerr=2.45E-03 time=0.714
After sweep 3 energy=-125.905716  maxlinkdim=100 maxerr=5.04E-06 time=1.411
After sweep 4 energy=-126.55842  maxlinkdim=100 maxerr=1.81E-05 time=1.480
After sweep 5 energy=-126.94949  maxlinkdim=100 maxerr=8.38E-05 time=1.350
After sweep 6 energy=-127.19678  maxlinkdim=100 maxerr=9.68E-05 time=1.390
After sweep 7 energy=-127.41995  maxlinkdim=100 maxerr=2.08E-04 time=1.359
After sweep 8 energy=-127.653755  maxlinkdim=100 maxerr=2.86E-04 time=1.396
After sweep 9 energy=-127.891655  maxlinkdim=100 maxerr=3.31E-04 time=1.357
After sweep 10 energy=-128.02095  maxlinkdim=100 maxerr=2.01E-04 time=1.349
After sweep 11 energy=-128.06937  maxlinkdim=100 maxerr=1.67E-04 time=1.401
After sweep 12 energy=-128.09956  maxlinkdim=100 maxerr=1.37E-04 time=1.350
After sweep 13 energy=-128.1288  maxlinkdim=100 maxerr=1.33E-04 time=1.398
After sweep 14 energy=-128.15628  maxlinkdim=100 maxerr=1.33E-04 time=1.351
After sweep 15 energy=-128.1727  maxlinkdim=100 maxerr=1.34E-04 time=1.402
After sweep 16 energy=-128.18085  maxlinkdim=100 maxerr=1.32E-04 time=1.361
After sweep 17 energy=-128.18402  maxlinkdim=100 maxerr=1.33E-04 time=1.408
After sweep 18 energy=-128.18544  maxlinkdim=100 maxerr=1.35E-04 time=1.356
After sweep 19 energy=-128.18651  maxlinkdim=100 maxerr=1.34E-04 time=1.398
After sweep 20 energy=-128.18732  maxlinkdim=100 maxerr=1.34E-04 time=1.354
After sweep 21 energy=-128.18752  maxlinkdim=100 maxerr=1.34E-04 time=1.398
After sweep 22 energy=-128.1871  maxlinkdim=100 maxerr=1.34E-04 time=1.355
After sweep 23 energy=-128.18735  maxlinkdim=100 maxerr=1.34E-04 time=1.399
After sweep 24 energy=-128.18744  maxlinkdim=100 maxerr=1.33E-04 time=1.357
After sweep 25 energy=-128.18759  maxlinkdim=100 maxerr=1.33E-04 time=1.349
After sweep 26 energy=-128.18762  maxlinkdim=100 maxerr=1.33E-04 time=1.404
After sweep 27 energy=-128.18794  maxlinkdim=100 maxerr=1.33E-04 time=1.356
After sweep 28 energy=-128.18758  maxlinkdim=100 maxerr=1.32E-04 time=1.402
After sweep 29 energy=-128.18776  maxlinkdim=100 maxerr=1.33E-04 time=1.350
After sweep 30 energy=-128.18814  maxlinkdim=100 maxerr=1.32E-04 time=1.404
Same mu: 1.701156152753051 and continuing
Target density achieved with mu=1.701156152753051, n=0.93749845
Checking {alpha,beta} vs measured
Beta not converged.
NOT CONVERGED; updating alpha, beta and continuing...
After sweep 1 energy=-117.17193  maxlinkdim=10 maxerr=3.68E-03 time=0.681
After sweep 2 energy=-122.87352  maxlinkdim=20 maxerr=3.41E-03 time=0.717
After sweep 3 energy=-125.64298  maxlinkdim=100 maxerr=4.69E-06 time=1.435
After sweep 4 energy=-126.398056  maxlinkdim=100 maxerr=1.48E-05 time=1.437
After sweep 5 energy=-126.89217  maxlinkdim=100 maxerr=9.88E-05 time=1.395
After sweep 6 energy=-127.188614  maxlinkdim=100 maxerr=1.40E-04 time=1.347
After sweep 7 energy=-127.410385  maxlinkdim=100 maxerr=1.60E-04 time=1.397
After sweep 8 energy=-127.64262  maxlinkdim=100 maxerr=1.95E-04 time=1.353
After sweep 9 energy=-127.82646  maxlinkdim=100 maxerr=3.11E-04 time=1.401
After sweep 10 energy=-127.91215  maxlinkdim=100 maxerr=2.19E-04 time=1.359
After sweep 11 energy=-127.96081  maxlinkdim=100 maxerr=1.83E-04 time=1.399
After sweep 12 energy=-128.02568  maxlinkdim=100 maxerr=2.02E-04 time=1.357
After sweep 13 energy=-128.08087  maxlinkdim=100 maxerr=1.69E-04 time=1.398
After sweep 14 energy=-128.1209  maxlinkdim=100 maxerr=1.52E-04 time=1.356
After sweep 15 energy=-128.15121  maxlinkdim=100 maxerr=1.49E-04 time=1.403
After sweep 16 energy=-128.16975  maxlinkdim=100 maxerr=1.43E-04 time=1.360
After sweep 17 energy=-128.17879  maxlinkdim=100 maxerr=1.34E-04 time=1.400
After sweep 18 energy=-128.18219  maxlinkdim=100 maxerr=1.35E-04 time=1.357
After sweep 19 energy=-128.18466  maxlinkdim=100 maxerr=1.33E-04 time=1.400
After sweep 20 energy=-128.18607  maxlinkdim=100 maxerr=1.33E-04 time=1.356
After sweep 21 energy=-128.18652  maxlinkdim=100 maxerr=1.34E-04 time=1.397
After sweep 22 energy=-128.18689  maxlinkdim=100 maxerr=1.34E-04 time=1.356
After sweep 23 energy=-128.18738  maxlinkdim=100 maxerr=1.33E-04 time=1.395
After sweep 24 energy=-128.18744  maxlinkdim=100 maxerr=1.32E-04 time=1.354
After sweep 25 energy=-128.18738  maxlinkdim=100 maxerr=1.32E-04 time=1.351
After sweep 26 energy=-128.18782  maxlinkdim=100 maxerr=1.32E-04 time=1.400
After sweep 27 energy=-128.18726  maxlinkdim=100 maxerr=1.32E-04 time=1.351
After sweep 28 energy=-128.18742  maxlinkdim=100 maxerr=1.32E-04 time=1.407
After sweep 29 energy=-128.18788  maxlinkdim=100 maxerr=1.32E-04 time=1.353
After sweep 30 energy=-128.18713  maxlinkdim=100 maxerr=1.33E-04 time=1.400
Same mu: 1.701156152753051 and continuing
Target density achieved with mu=1.701156152753051, n=0.9374968
Checking {alpha,beta} vs measured
Beta not converged.
NOT CONVERGED; updating alpha, beta and continuing...
After sweep 1 energy=-117.134796  maxlinkdim=10 maxerr=4.22E-03 time=0.668
After sweep 2 energy=-123.1043  maxlinkdim=20 maxerr=2.34E-03 time=0.722
After sweep 3 energy=-125.83975  maxlinkdim=100 maxerr=3.59E-06 time=1.413
After sweep 4 energy=-126.56355  maxlinkdim=100 maxerr=1.16E-05 time=1.483
After sweep 5 energy=-127.01003  maxlinkdim=100 maxerr=1.29E-04 time=1.347
After sweep 6 energy=-127.26921  maxlinkdim=100 maxerr=1.03E-04 time=1.399
After sweep 7 energy=-127.46965  maxlinkdim=100 maxerr=1.70E-04 time=1.352
After sweep 8 energy=-127.68911  maxlinkdim=100 maxerr=2.08E-04 time=1.403
After sweep 9 energy=-127.84597  maxlinkdim=100 maxerr=1.67E-04 time=1.352
After sweep 10 energy=-127.91716  maxlinkdim=100 maxerr=2.21E-04 time=1.405
After sweep 11 energy=-127.942406  maxlinkdim=100 maxerr=1.72E-04 time=1.351
After sweep 12 energy=-127.955475  maxlinkdim=100 maxerr=1.67E-04 time=1.399
After sweep 13 energy=-127.97228  maxlinkdim=100 maxerr=1.81E-04 time=1.359
After sweep 14 energy=-128.00513  maxlinkdim=100 maxerr=2.12E-04 time=1.406
After sweep 15 energy=-128.07132  maxlinkdim=100 maxerr=2.35E-04 time=1.360
After sweep 16 energy=-128.13235  maxlinkdim=100 maxerr=1.91E-04 time=1.411
After sweep 17 energy=-128.16222  maxlinkdim=100 maxerr=1.48E-04 time=1.352
After sweep 18 energy=-128.17496  maxlinkdim=100 maxerr=1.38E-04 time=1.404
After sweep 19 energy=-128.18086  maxlinkdim=100 maxerr=1.33E-04 time=1.355
After sweep 20 energy=-128.18408  maxlinkdim=100 maxerr=1.34E-04 time=1.400
After sweep 21 energy=-128.18578  maxlinkdim=100 maxerr=1.33E-04 time=1.351
After sweep 22 energy=-128.1868  maxlinkdim=100 maxerr=1.32E-04 time=1.409
After sweep 23 energy=-128.18697  maxlinkdim=100 maxerr=1.34E-04 time=1.351
After sweep 24 energy=-128.18745  maxlinkdim=100 maxerr=1.33E-04 time=1.396
After sweep 25 energy=-128.18768  maxlinkdim=100 maxerr=1.33E-04 time=1.348
After sweep 26 energy=-128.18782  maxlinkdim=100 maxerr=1.33E-04 time=1.396
After sweep 27 energy=-128.18707  maxlinkdim=100 maxerr=1.33E-04 time=1.346
After sweep 28 energy=-128.18735  maxlinkdim=100 maxerr=1.32E-04 time=1.396
After sweep 29 energy=-128.18771  maxlinkdim=100 maxerr=1.33E-04 time=1.351
After sweep 30 energy=-128.18765  maxlinkdim=100 maxerr=1.33E-04 time=1.400
Same mu: 1.701156152753051 and continuing
Target density achieved with mu=1.701156152753051, n=0.93749547
Checking {alpha,beta} vs measured
Beta not converged.
NOT CONVERGED; updating alpha, beta and continuing...
After sweep 1 energy=-116.99619  maxlinkdim=10 maxerr=3.97E-03 time=0.635
After sweep 2 energy=-122.709335  maxlinkdim=20 maxerr=2.37E-03 time=0.815
After sweep 3 energy=-125.456635  maxlinkdim=100 maxerr=4.58E-06 time=1.294
After sweep 4 energy=-126.26989  maxlinkdim=100 maxerr=1.38E-05 time=1.433
After sweep 5 energy=-126.879715  maxlinkdim=100 maxerr=8.43E-05 time=1.382
After sweep 6 energy=-127.245346  maxlinkdim=100 maxerr=1.86E-04 time=1.352
After sweep 7 energy=-127.55366  maxlinkdim=100 maxerr=1.82E-04 time=1.388
After sweep 8 energy=-127.76473  maxlinkdim=100 maxerr=1.96E-04 time=1.351
After sweep 9 energy=-127.91336  maxlinkdim=100 maxerr=1.85E-04 time=1.343
After sweep 10 energy=-128.01389  maxlinkdim=100 maxerr=2.17E-04 time=1.395
After sweep 11 energy=-128.05022  maxlinkdim=100 maxerr=1.73E-04 time=1.345
After sweep 12 energy=-128.06288  maxlinkdim=100 maxerr=1.43E-04 time=1.394
After sweep 13 energy=-128.06815  maxlinkdim=100 maxerr=1.39E-04 time=1.349
After sweep 14 energy=-128.07104  maxlinkdim=100 maxerr=1.40E-04 time=1.392
After sweep 15 energy=-128.07285  maxlinkdim=100 maxerr=1.37E-04 time=1.349
After sweep 16 energy=-128.07416  maxlinkdim=100 maxerr=1.36E-04 time=1.397
After sweep 17 energy=-128.07626  maxlinkdim=100 maxerr=1.35E-04 time=1.352
After sweep 18 energy=-128.07956  maxlinkdim=100 maxerr=1.34E-04 time=1.350
After sweep 19 energy=-128.08745  maxlinkdim=100 maxerr=1.30E-04 time=1.397
After sweep 20 energy=-128.10196  maxlinkdim=100 maxerr=1.30E-04 time=1.345
After sweep 21 energy=-128.12518  maxlinkdim=100 maxerr=1.29E-04 time=1.395
After sweep 22 energy=-128.15176  maxlinkdim=100 maxerr=1.29E-04 time=1.349
After sweep 23 energy=-128.17033  maxlinkdim=100 maxerr=1.30E-04 time=1.401
After sweep 24 energy=-128.17995  maxlinkdim=100 maxerr=1.30E-04 time=1.353
After sweep 25 energy=-128.18413  maxlinkdim=100 maxerr=1.36E-04 time=1.404
After sweep 26 energy=-128.18575  maxlinkdim=100 maxerr=1.36E-04 time=1.359
After sweep 27 energy=-128.18626  maxlinkdim=100 maxerr=1.31E-04 time=1.399
After sweep 28 energy=-128.18683  maxlinkdim=100 maxerr=1.31E-04 time=1.355
After sweep 29 energy=-128.18756  maxlinkdim=100 maxerr=1.33E-04 time=1.350
After sweep 30 energy=-128.18729  maxlinkdim=100 maxerr=1.34E-04 time=1.399
Same mu: 1.701156152753051 and continuing
Target density achieved with mu=1.701156152753051, n=0.9374885
Checking {alpha,beta} vs measured
Beta not converged.
NOT CONVERGED; updating alpha, beta and continuing...
After sweep 1 energy=-117.01652  maxlinkdim=10 maxerr=3.60E-03 time=0.654
After sweep 2 energy=-123.09671  maxlinkdim=20 maxerr=2.65E-03 time=0.729
After sweep 3 energy=-125.843864  maxlinkdim=100 maxerr=5.52E-06 time=1.374
After sweep 4 energy=-126.55813  maxlinkdim=100 maxerr=1.17E-05 time=1.494
After sweep 5 energy=-126.97251  maxlinkdim=100 maxerr=7.61E-05 time=1.388
After sweep 6 energy=-127.232666  maxlinkdim=100 maxerr=1.93E-04 time=1.352
After sweep 7 energy=-127.464386  maxlinkdim=100 maxerr=1.56E-04 time=1.352
After sweep 8 energy=-127.70134  maxlinkdim=100 maxerr=2.16E-04 time=1.399
After sweep 9 energy=-127.88575  maxlinkdim=100 maxerr=2.40E-04 time=1.352
After sweep 10 energy=-128.00504  maxlinkdim=100 maxerr=2.19E-04 time=1.399
After sweep 11 energy=-128.0626  maxlinkdim=100 maxerr=1.82E-04 time=1.356
After sweep 12 energy=-128.09914  maxlinkdim=100 maxerr=1.63E-04 time=1.396
After sweep 13 energy=-128.13284  maxlinkdim=100 maxerr=1.50E-04 time=1.345
After sweep 14 energy=-128.15967  maxlinkdim=100 maxerr=1.40E-04 time=1.404
After sweep 15 energy=-128.17505  maxlinkdim=100 maxerr=1.34E-04 time=1.357
After sweep 16 energy=-128.18188  maxlinkdim=100 maxerr=1.32E-04 time=1.395
After sweep 17 energy=-128.18498  maxlinkdim=100 maxerr=1.33E-04 time=1.355
After sweep 18 energy=-128.18636  maxlinkdim=100 maxerr=1.34E-04 time=1.395
After sweep 19 energy=-128.187  maxlinkdim=100 maxerr=1.34E-04 time=1.353
After sweep 20 energy=-128.18762  maxlinkdim=100 maxerr=1.33E-04 time=1.399
After sweep 21 energy=-128.18796  maxlinkdim=100 maxerr=1.33E-04 time=1.354
After sweep 22 energy=-128.18756  maxlinkdim=100 maxerr=1.33E-04 time=1.355
After sweep 23 energy=-128.1878  maxlinkdim=100 maxerr=1.33E-04 time=1.398
After sweep 24 energy=-128.1876  maxlinkdim=100 maxerr=1.32E-04 time=1.351
After sweep 25 energy=-128.18837  maxlinkdim=100 maxerr=1.31E-04 time=1.401
After sweep 26 energy=-128.18779  maxlinkdim=100 maxerr=1.32E-04 time=1.349
After sweep 27 energy=-128.1878  maxlinkdim=100 maxerr=1.33E-04 time=1.399
After sweep 28 energy=-128.18759  maxlinkdim=100 maxerr=1.32E-04 time=1.352
After sweep 29 energy=-128.1878  maxlinkdim=100 maxerr=1.32E-04 time=1.408
After sweep 30 energy=-128.18759  maxlinkdim=100 maxerr=1.32E-04 time=1.354
Same mu: 1.701156152753051 and continuing
Target density achieved with mu=1.701156152753051, n=0.9374962
Checking {alpha,beta} vs measured
Beta not converged.
NOT CONVERGED; updating alpha, beta and continuing...
After sweep 1 energy=-117.70706  maxlinkdim=10 maxerr=4.87E-03 time=0.659
After sweep 2 energy=-122.72509  maxlinkdim=20 maxerr=1.75E-03 time=0.722
After sweep 3 energy=-125.439125  maxlinkdim=100 maxerr=9.98E-06 time=1.411
After sweep 4 energy=-126.21399  maxlinkdim=100 maxerr=2.68E-05 time=1.480
After sweep 5 energy=-126.79639  maxlinkdim=100 maxerr=1.61E-04 time=1.357
After sweep 6 energy=-127.17956  maxlinkdim=100 maxerr=1.48E-04 time=1.402
After sweep 7 energy=-127.43429  maxlinkdim=100 maxerr=2.37E-04 time=1.362
After sweep 8 energy=-127.666115  maxlinkdim=100 maxerr=3.71E-04 time=1.410
After sweep 9 energy=-127.83447  maxlinkdim=100 maxerr=2.73E-04 time=1.357
After sweep 10 energy=-127.9737  maxlinkdim=100 maxerr=2.98E-04 time=1.406
After sweep 11 energy=-128.04796  maxlinkdim=100 maxerr=2.07E-04 time=1.354
After sweep 12 energy=-128.08618  maxlinkdim=100 maxerr=1.63E-04 time=1.400
After sweep 13 energy=-128.1181  maxlinkdim=100 maxerr=1.45E-04 time=1.356
After sweep 14 energy=-128.14838  maxlinkdim=100 maxerr=1.35E-04 time=1.408
After sweep 15 energy=-128.16928  maxlinkdim=100 maxerr=1.33E-04 time=1.357
After sweep 16 energy=-128.17969  maxlinkdim=100 maxerr=1.34E-04 time=1.396
After sweep 17 energy=-128.1841  maxlinkdim=100 maxerr=1.35E-04 time=1.357
After sweep 18 energy=-128.18544  maxlinkdim=100 maxerr=1.33E-04 time=1.396
After sweep 19 energy=-128.18648  maxlinkdim=100 maxerr=1.32E-04 time=1.357
After sweep 20 energy=-128.18733  maxlinkdim=100 maxerr=1.31E-04 time=1.397
After sweep 21 energy=-128.18774  maxlinkdim=100 maxerr=1.32E-04 time=1.355
After sweep 22 energy=-128.18729  maxlinkdim=100 maxerr=1.33E-04 time=1.396
After sweep 23 energy=-128.1874  maxlinkdim=100 maxerr=1.34E-04 time=1.357
After sweep 24 energy=-128.18779  maxlinkdim=100 maxerr=1.34E-04 time=1.400
After sweep 25 energy=-128.18735  maxlinkdim=100 maxerr=1.34E-04 time=1.355
After sweep 26 energy=-128.18762  maxlinkdim=100 maxerr=1.33E-04 time=1.397
After sweep 27 energy=-128.18759  maxlinkdim=100 maxerr=1.34E-04 time=1.357
After sweep 28 energy=-128.18738  maxlinkdim=100 maxerr=1.34E-04 time=1.351
After sweep 29 energy=-128.18791  maxlinkdim=100 maxerr=1.33E-04 time=1.403
After sweep 30 energy=-128.1879  maxlinkdim=100 maxerr=1.32E-04 time=1.349
Same mu: 1.701156152753051 and continuing
Target density achieved with mu=1.701156152753051, n=0.9374978
Checking {alpha,beta} vs measured
Beta not converged.
NOT CONVERGED; updating alpha, beta and continuing...
After sweep 1 energy=-117.04136  maxlinkdim=10 maxerr=4.06E-03 time=0.648
After sweep 2 energy=-122.946976  maxlinkdim=20 maxerr=2.45E-03 time=0.735
After sweep 3 energy=-125.80533  maxlinkdim=100 maxerr=9.30E-06 time=1.425
After sweep 4 energy=-126.53274  maxlinkdim=100 maxerr=1.56E-05 time=1.438
After sweep 5 energy=-126.983955  maxlinkdim=100 maxerr=1.05E-04 time=1.388
After sweep 6 energy=-127.25695  maxlinkdim=100 maxerr=2.07E-04 time=1.351
After sweep 7 energy=-127.42641  maxlinkdim=100 maxerr=2.58E-04 time=1.397
After sweep 8 energy=-127.59667  maxlinkdim=100 maxerr=2.67E-04 time=1.359
After sweep 9 energy=-127.82914  maxlinkdim=100 maxerr=3.09E-04 time=1.402
After sweep 10 energy=-127.96308  maxlinkdim=100 maxerr=2.25E-04 time=1.357
After sweep 11 energy=-128.02531  maxlinkdim=100 maxerr=1.66E-04 time=1.396
After sweep 12 energy=-128.05728  maxlinkdim=100 maxerr=1.45E-04 time=1.353
After sweep 13 energy=-128.07355  maxlinkdim=100 maxerr=1.42E-04 time=1.393
After sweep 14 energy=-128.08865  maxlinkdim=100 maxerr=1.41E-04 time=1.362
After sweep 15 energy=-128.10857  maxlinkdim=100 maxerr=1.34E-04 time=1.401
After sweep 16 energy=-128.1354  maxlinkdim=100 maxerr=1.32E-04 time=1.356
After sweep 17 energy=-128.15941  maxlinkdim=100 maxerr=1.30E-04 time=1.400
After sweep 18 energy=-128.17441  maxlinkdim=100 maxerr=1.34E-04 time=1.367
After sweep 19 energy=-128.18175  maxlinkdim=100 maxerr=1.35E-04 time=1.399
After sweep 20 energy=-128.18475  maxlinkdim=100 maxerr=1.33E-04 time=1.356
After sweep 21 energy=-128.18607  maxlinkdim=100 maxerr=1.31E-04 time=1.398
After sweep 22 energy=-128.18683  maxlinkdim=100 maxerr=1.32E-04 time=1.358
After sweep 23 energy=-128.18654  maxlinkdim=100 maxerr=1.33E-04 time=1.399
After sweep 24 energy=-128.18738  maxlinkdim=100 maxerr=1.33E-04 time=1.358
After sweep 25 energy=-128.18698  maxlinkdim=100 maxerr=1.32E-04 time=1.397
After sweep 26 energy=-128.18695  maxlinkdim=100 maxerr=1.32E-04 time=1.357
After sweep 27 energy=-128.18794  maxlinkdim=100 maxerr=1.32E-04 time=1.403
After sweep 28 energy=-128.18736  maxlinkdim=100 maxerr=1.32E-04 time=1.356
After sweep 29 energy=-128.18741  maxlinkdim=100 maxerr=1.32E-04 time=1.395
After sweep 30 energy=-128.18774  maxlinkdim=100 maxerr=1.31E-04 time=1.358
Same mu: 1.701156152753051 and continuing
Target density achieved with mu=1.701156152753051, n=0.93749857
Checking {alpha,beta} vs measured
Beta not converged.
NOT CONVERGED; updating alpha, beta and continuing...
After sweep 1 energy=-117.104836  maxlinkdim=10 maxerr=3.37E-03 time=0.661
After sweep 2 energy=-122.61248  maxlinkdim=20 maxerr=3.13E-03 time=0.719
After sweep 3 energy=-125.24813  maxlinkdim=100 maxerr=2.49E-06 time=1.393
After sweep 4 energy=-126.09715  maxlinkdim=100 maxerr=5.11E-06 time=1.425
After sweep 5 energy=-126.68751  maxlinkdim=100 maxerr=6.33E-05 time=1.385
After sweep 6 energy=-127.05085  maxlinkdim=100 maxerr=1.87E-04 time=1.340
After sweep 7 energy=-127.35052  maxlinkdim=100 maxerr=1.86E-04 time=1.392
After sweep 8 energy=-127.621376  maxlinkdim=100 maxerr=2.34E-04 time=1.344
After sweep 9 energy=-127.85064  maxlinkdim=100 maxerr=3.11E-04 time=1.387
After sweep 10 energy=-128.00356  maxlinkdim=100 maxerr=2.01E-04 time=1.351
After sweep 11 energy=-128.07886  maxlinkdim=100 maxerr=1.77E-04 time=1.392
After sweep 12 energy=-128.12152  maxlinkdim=100 maxerr=1.59E-04 time=1.357
After sweep 13 energy=-128.15189  maxlinkdim=100 maxerr=1.43E-04 time=1.350
After sweep 14 energy=-128.17082  maxlinkdim=100 maxerr=1.41E-04 time=1.400
After sweep 15 energy=-128.1788  maxlinkdim=100 maxerr=1.38E-04 time=1.349
After sweep 16 energy=-128.18318  maxlinkdim=100 maxerr=1.38E-04 time=1.400
After sweep 17 energy=-128.18446  maxlinkdim=100 maxerr=1.36E-04 time=1.349
After sweep 18 energy=-128.18628  maxlinkdim=100 maxerr=1.36E-04 time=1.399
After sweep 19 energy=-128.18695  maxlinkdim=100 maxerr=1.35E-04 time=1.356
After sweep 20 energy=-128.18709  maxlinkdim=100 maxerr=1.34E-04 time=1.391
After sweep 21 energy=-128.1876  maxlinkdim=100 maxerr=1.33E-04 time=1.359
After sweep 22 energy=-128.18715  maxlinkdim=100 maxerr=1.32E-04 time=1.350
After sweep 23 energy=-128.18777  maxlinkdim=100 maxerr=1.32E-04 time=1.398
After sweep 24 energy=-128.18759  maxlinkdim=100 maxerr=1.31E-04 time=1.348
After sweep 25 energy=-128.18745  maxlinkdim=100 maxerr=1.30E-04 time=1.401
After sweep 26 energy=-128.18788  maxlinkdim=100 maxerr=1.29E-04 time=1.346
After sweep 27 energy=-128.18788  maxlinkdim=100 maxerr=1.30E-04 time=1.394
After sweep 28 energy=-128.18698  maxlinkdim=100 maxerr=1.30E-04 time=1.357
After sweep 29 energy=-128.18753  maxlinkdim=100 maxerr=1.30E-04 time=1.399
After sweep 30 energy=-128.18732  maxlinkdim=100 maxerr=1.31E-04 time=1.355
Same mu: 1.701156152753051 and continuing
Target density achieved with mu=1.701156152753051, n=0.93749577
Checking {alpha,beta} vs measured
Beta not converged.
NOT CONVERGED; updating alpha, beta and continuing...
After sweep 1 energy=-116.98063  maxlinkdim=10 maxerr=4.11E-03 time=0.668
After sweep 2 energy=-122.86116  maxlinkdim=20 maxerr=1.80E-03 time=0.715
After sweep 3 energy=-125.58633  maxlinkdim=100 maxerr=3.45E-06 time=1.424
After sweep 4 energy=-126.33094  maxlinkdim=100 maxerr=8.67E-06 time=1.437
After sweep 5 energy=-126.790886  maxlinkdim=100 maxerr=3.22E-05 time=1.393
After sweep 6 energy=-127.12499  maxlinkdim=100 maxerr=9.62E-05 time=1.345
After sweep 7 energy=-127.38253  maxlinkdim=100 maxerr=1.48E-04 time=1.398
After sweep 8 energy=-127.59912  maxlinkdim=100 maxerr=2.02E-04 time=1.354
After sweep 9 energy=-127.814575  maxlinkdim=100 maxerr=3.46E-04 time=1.401
After sweep 10 energy=-127.95679  maxlinkdim=100 maxerr=2.99E-04 time=1.353
After sweep 11 energy=-128.04846  maxlinkdim=100 maxerr=1.90E-04 time=1.400
After sweep 12 energy=-128.10469  maxlinkdim=100 maxerr=1.54E-04 time=1.356
After sweep 13 energy=-128.1426  maxlinkdim=100 maxerr=1.46E-04 time=1.403
After sweep 14 energy=-128.16505  maxlinkdim=100 maxerr=1.36E-04 time=1.355
After sweep 15 energy=-128.17638  maxlinkdim=100 maxerr=1.37E-04 time=1.395
After sweep 16 energy=-128.18161  maxlinkdim=100 maxerr=1.37E-04 time=1.354
After sweep 17 energy=-128.18413  maxlinkdim=100 maxerr=1.36E-04 time=1.351
After sweep 18 energy=-128.18558  maxlinkdim=100 maxerr=1.36E-04 time=1.401
After sweep 19 energy=-128.18636  maxlinkdim=100 maxerr=1.33E-04 time=1.355
After sweep 20 energy=-128.18683  maxlinkdim=100 maxerr=1.32E-04 time=1.402
After sweep 21 energy=-128.18716  maxlinkdim=100 maxerr=1.32E-04 time=1.351
After sweep 22 energy=-128.18729  maxlinkdim=100 maxerr=1.33E-04 time=1.395
After sweep 23 energy=-128.18729  maxlinkdim=100 maxerr=1.32E-04 time=1.351
After sweep 24 energy=-128.18745  maxlinkdim=100 maxerr=1.32E-04 time=1.404
After sweep 25 energy=-128.18771  maxlinkdim=100 maxerr=1.32E-04 time=1.355
After sweep 26 energy=-128.18745  maxlinkdim=100 maxerr=1.32E-04 time=1.398
After sweep 27 energy=-128.18753  maxlinkdim=100 maxerr=1.32E-04 time=1.357
After sweep 28 energy=-128.1877  maxlinkdim=100 maxerr=1.32E-04 time=1.403
After sweep 29 energy=-128.18793  maxlinkdim=100 maxerr=1.32E-04 time=1.359
After sweep 30 energy=-128.1876  maxlinkdim=100 maxerr=1.32E-04 time=1.393
Same mu: 1.701156152753051 and continuing
Target density achieved with mu=1.701156152753051, n=0.9374962
Checking {alpha,beta} vs measured
Beta not converged.
NOT CONVERGED; updating alpha, beta and continuing...
After sweep 1 energy=-117.04948  maxlinkdim=10 maxerr=3.73E-03 time=0.668
After sweep 2 energy=-122.768234  maxlinkdim=20 maxerr=3.30E-03 time=0.717
After sweep 3 energy=-125.50888  maxlinkdim=100 maxerr=5.37E-06 time=1.428
After sweep 4 energy=-126.21994  maxlinkdim=100 maxerr=1.56E-05 time=1.434
After sweep 5 energy=-126.74355  maxlinkdim=100 maxerr=1.47E-04 time=1.405
After sweep 6 energy=-127.11707  maxlinkdim=100 maxerr=2.02E-04 time=1.351
After sweep 7 energy=-127.35857  maxlinkdim=100 maxerr=2.24E-04 time=1.401
After sweep 8 energy=-127.58745  maxlinkdim=100 maxerr=2.48E-04 time=1.354
After sweep 9 energy=-127.83118  maxlinkdim=100 maxerr=1.76E-04 time=1.401
After sweep 10 energy=-127.997856  maxlinkdim=100 maxerr=2.05E-04 time=1.349
After sweep 11 energy=-128.08058  maxlinkdim=100 maxerr=1.60E-04 time=1.403
After sweep 12 energy=-128.13022  maxlinkdim=100 maxerr=1.49E-04 time=1.357
After sweep 13 energy=-128.15881  maxlinkdim=100 maxerr=1.32E-04 time=1.400
After sweep 14 energy=-128.17401  maxlinkdim=100 maxerr=1.32E-04 time=1.360
After sweep 15 energy=-128.18036  maxlinkdim=100 maxerr=1.35E-04 time=1.401
After sweep 16 energy=-128.18422  maxlinkdim=100 maxerr=1.32E-04 time=1.355
After sweep 17 energy=-128.18483  maxlinkdim=100 maxerr=1.31E-04 time=1.395
After sweep 18 energy=-128.18575  maxlinkdim=100 maxerr=1.32E-04 time=1.356
After sweep 19 energy=-128.18642  maxlinkdim=100 maxerr=1.32E-04 time=1.395
After sweep 20 energy=-128.18715  maxlinkdim=100 maxerr=1.33E-04 time=1.354
After sweep 21 energy=-128.18741  maxlinkdim=100 maxerr=1.33E-04 time=1.394
After sweep 22 energy=-128.18741  maxlinkdim=100 maxerr=1.32E-04 time=1.355
After sweep 23 energy=-128.18721  maxlinkdim=100 maxerr=1.32E-04 time=1.401
After sweep 24 energy=-128.18748  maxlinkdim=100 maxerr=1.33E-04 time=1.356
After sweep 25 energy=-128.18771  maxlinkdim=100 maxerr=1.33E-04 time=1.393
After sweep 26 energy=-128.18811  maxlinkdim=100 maxerr=1.33E-04 time=1.355
After sweep 27 energy=-128.18736  maxlinkdim=100 maxerr=1.33E-04 time=1.351
After sweep 28 energy=-128.18791  maxlinkdim=100 maxerr=1.33E-04 time=1.398
After sweep 29 energy=-128.18767  maxlinkdim=100 maxerr=1.33E-04 time=1.352
After sweep 30 energy=-128.18759  maxlinkdim=100 maxerr=1.32E-04 time=1.404
Same mu: 1.701156152753051 and continuing
Target density achieved with mu=1.701156152753051, n=0.9374969
Checking {alpha,beta} vs measured
Beta not converged.
NOT CONVERGED; updating alpha, beta and continuing...
After sweep 1 energy=-117.0998  maxlinkdim=10 maxerr=3.26E-03 time=0.670
After sweep 2 energy=-123.03148  maxlinkdim=20 maxerr=2.49E-03 time=0.720
After sweep 3 energy=-125.58124  maxlinkdim=100 maxerr=5.73E-06 time=1.424
After sweep 4 energy=-126.33734  maxlinkdim=100 maxerr=8.72E-06 time=1.480
After sweep 5 energy=-126.82416  maxlinkdim=100 maxerr=3.08E-05 time=1.349
After sweep 6 energy=-127.137825  maxlinkdim=100 maxerr=1.08E-04 time=1.395
After sweep 7 energy=-127.41788  maxlinkdim=100 maxerr=2.37E-04 time=1.353
After sweep 8 energy=-127.63579  maxlinkdim=100 maxerr=2.00E-04 time=1.399
After sweep 9 energy=-127.785  maxlinkdim=100 maxerr=1.87E-04 time=1.359
After sweep 10 energy=-127.905624  maxlinkdim=100 maxerr=2.51E-04 time=1.401
After sweep 11 energy=-127.997826  maxlinkdim=100 maxerr=2.46E-04 time=1.360
After sweep 12 energy=-128.04143  maxlinkdim=100 maxerr=1.58E-04 time=1.409
After sweep 13 energy=-128.059  maxlinkdim=100 maxerr=1.42E-04 time=1.361
After sweep 14 energy=-128.06671  maxlinkdim=100 maxerr=1.43E-04 time=1.394
After sweep 15 energy=-128.07036  maxlinkdim=100 maxerr=1.40E-04 time=1.355
After sweep 16 energy=-128.07193  maxlinkdim=100 maxerr=1.35E-04 time=1.394
After sweep 17 energy=-128.0734  maxlinkdim=100 maxerr=1.33E-04 time=1.365
After sweep 18 energy=-128.0744  maxlinkdim=100 maxerr=1.33E-04 time=1.399
After sweep 19 energy=-128.07787  maxlinkdim=100 maxerr=1.33E-04 time=1.354
After sweep 20 energy=-128.08284  maxlinkdim=100 maxerr=1.32E-04 time=1.396
After sweep 21 energy=-128.09456  maxlinkdim=100 maxerr=1.33E-04 time=1.357
After sweep 22 energy=-128.11375  maxlinkdim=100 maxerr=1.34E-04 time=1.396
After sweep 23 energy=-128.13931  maxlinkdim=100 maxerr=1.34E-04 time=1.373
After sweep 24 energy=-128.1625  maxlinkdim=100 maxerr=1.34E-04 time=1.415
After sweep 25 energy=-128.17621  maxlinkdim=100 maxerr=1.34E-04 time=1.388
After sweep 26 energy=-128.18225  maxlinkdim=100 maxerr=1.34E-04 time=1.427
After sweep 27 energy=-128.18454  maxlinkdim=100 maxerr=1.34E-04 time=1.368
After sweep 28 energy=-128.1864  maxlinkdim=100 maxerr=1.33E-04 time=1.412
After sweep 29 energy=-128.18654  maxlinkdim=100 maxerr=1.33E-04 time=1.365
After sweep 30 energy=-128.18729  maxlinkdim=100 maxerr=1.34E-04 time=1.419
Same mu: 1.701156152753051 and continuing
Target density achieved with mu=1.701156152753051, n=0.9374812
Checking {alpha,beta} vs measured
Beta not converged.
NOT CONVERGED; updating alpha, beta and continuing...
After sweep 1 energy=-116.97729  maxlinkdim=10 maxerr=4.43E-03 time=0.632
After sweep 2 energy=-122.61176  maxlinkdim=20 maxerr=3.51E-03 time=0.781
After sweep 3 energy=-125.44004  maxlinkdim=100 maxerr=5.84E-06 time=1.332
After sweep 4 energy=-126.232635  maxlinkdim=100 maxerr=8.86E-06 time=1.434
After sweep 5 energy=-126.73086  maxlinkdim=100 maxerr=3.51E-05 time=1.380
After sweep 6 energy=-127.06026  maxlinkdim=100 maxerr=9.66E-05 time=1.347
After sweep 7 energy=-127.30028  maxlinkdim=100 maxerr=1.53E-04 time=1.388
After sweep 8 energy=-127.47685  maxlinkdim=100 maxerr=2.26E-04 time=1.355
After sweep 9 energy=-127.65241  maxlinkdim=100 maxerr=1.99E-04 time=1.350
After sweep 10 energy=-127.81007  maxlinkdim=100 maxerr=1.64E-04 time=1.401
After sweep 11 energy=-127.92215  maxlinkdim=100 maxerr=1.66E-04 time=1.352
After sweep 12 energy=-128.00615  maxlinkdim=100 maxerr=1.81E-04 time=1.396
After sweep 13 energy=-128.04881  maxlinkdim=100 maxerr=1.38E-04 time=1.350
After sweep 14 energy=-128.07097  maxlinkdim=100 maxerr=1.49E-04 time=1.396
After sweep 15 energy=-128.0895  maxlinkdim=100 maxerr=1.54E-04 time=1.354
After sweep 16 energy=-128.11208  maxlinkdim=100 maxerr=1.45E-04 time=1.392
After sweep 17 energy=-128.1391  maxlinkdim=100 maxerr=1.37E-04 time=1.352
After sweep 18 energy=-128.16258  maxlinkdim=100 maxerr=1.34E-04 time=1.347
After sweep 19 energy=-128.1765  maxlinkdim=100 maxerr=1.34E-04 time=1.400
After sweep 20 energy=-128.18204  maxlinkdim=100 maxerr=1.34E-04 time=1.349
After sweep 21 energy=-128.18507  maxlinkdim=100 maxerr=1.34E-04 time=1.394
After sweep 22 energy=-128.18625  maxlinkdim=100 maxerr=1.34E-04 time=1.347
After sweep 23 energy=-128.18677  maxlinkdim=100 maxerr=1.34E-04 time=1.394
After sweep 24 energy=-128.18707  maxlinkdim=100 maxerr=1.34E-04 time=1.350
After sweep 25 energy=-128.18723  maxlinkdim=100 maxerr=1.33E-04 time=1.394
After sweep 26 energy=-128.1877  maxlinkdim=100 maxerr=1.33E-04 time=1.355
After sweep 27 energy=-128.18703  maxlinkdim=100 maxerr=1.34E-04 time=1.396
After sweep 28 energy=-128.18774  maxlinkdim=100 maxerr=1.34E-04 time=1.360
After sweep 29 energy=-128.18799  maxlinkdim=100 maxerr=1.33E-04 time=1.349
After sweep 30 energy=-128.18796  maxlinkdim=100 maxerr=1.33E-04 time=1.402
Same mu: 1.701156152753051 and continuing
Target density achieved with mu=1.701156152753051, n=0.9374978
Checking {alpha,beta} vs measured
Beta not converged.
NOT CONVERGED; updating alpha, beta and continuing...
┌ Warning: Failed to converge alpha and beta within the maximum number of iterations
└ @ Main /global/cfs/cdirs/m4863/MPS-MFT/main_loop_script_ladder_gpu.jl:741
Main loop returned nothing for H (convergence failure). Exiting.
Not completed, resubmitting...
Submitted batch job 48301787
