outfile_name: results_U_-4.0_t_p_0.075_gpu.h5
[ Info:  started timer at: 2025-11-14T23:21:26.571
Starting fresh run
Running with t_p=0.075 U=-4.0 L=100 chi_max=300 E_p=1.476 mu_init=-2.65
After sweep 1 energy=-5.4549875  maxlinkdim=16 maxerr=3.03E-07 time=18.133
After sweep 2 energy=-6.782597  maxlinkdim=157 maxerr=2.04E-08 time=1.269
After sweep 3 energy=-7.039032  maxlinkdim=201 maxerr=8.61E-08 time=2.031
After sweep 4 energy=-7.187668  maxlinkdim=209 maxerr=1.10E-07 time=1.813
After sweep 5 energy=-7.2771816  maxlinkdim=209 maxerr=5.93E-08 time=1.629
After sweep 6 energy=-7.3299522  maxlinkdim=179 maxerr=1.08E-09 time=1.559
After sweep 7 energy=-7.360773  maxlinkdim=157 maxerr=1.53E-07 time=1.498
After sweep 8 energy=-7.379587  maxlinkdim=137 maxerr=1.31E-07 time=1.383
After sweep 9 energy=-7.390976  maxlinkdim=158 maxerr=9.66E-08 time=1.394
After sweep 10 energy=-7.3976884  maxlinkdim=150 maxerr=1.16E-09 time=1.358
After sweep 11 energy=-7.4015775  maxlinkdim=147 maxerr=1.22E-09 time=1.342
After sweep 12 energy=-7.403693  maxlinkdim=142 maxerr=6.29E-08 time=1.396
After sweep 13 energy=-7.404567  maxlinkdim=139 maxerr=2.49E-10 time=1.378
After sweep 14 energy=-7.404813  maxlinkdim=137 maxerr=2.33E-08 time=1.382
After sweep 15 energy=-7.404826  maxlinkdim=132 maxerr=1.78E-07 time=1.382
After sweep 16 energy=-7.4048357  maxlinkdim=129 maxerr=1.45E-07 time=1.433
After sweep 17 energy=-7.404838  maxlinkdim=124 maxerr=2.24E-07 time=1.391
After sweep 18 energy=-7.4048076  maxlinkdim=125 maxerr=1.29E-09 time=1.389
After sweep 19 energy=-7.404814  maxlinkdim=123 maxerr=3.58E-08 time=1.426
After sweep 20 energy=-7.404849  maxlinkdim=126 maxerr=2.59E-07 time=1.383
After sweep 21 energy=-7.4048367  maxlinkdim=125 maxerr=1.61E-09 time=1.389
After sweep 22 energy=-7.40485  maxlinkdim=128 maxerr=1.06E-07 time=1.387
After sweep 23 energy=-7.4048667  maxlinkdim=125 maxerr=1.00E-10 time=1.423
After sweep 24 energy=-7.4048305  maxlinkdim=126 maxerr=4.65E-10 time=1.388
After sweep 25 energy=-7.404849  maxlinkdim=125 maxerr=2.13E-07 time=1.388
After sweep 26 energy=-7.4048414  maxlinkdim=126 maxerr=8.83E-10 time=1.391
After sweep 27 energy=-7.4048343  maxlinkdim=124 maxerr=8.88E-08 time=1.425
After sweep 28 energy=-7.4048367  maxlinkdim=126 maxerr=2.03E-09 time=1.387
After sweep 29 energy=-7.404862  maxlinkdim=125 maxerr=1.14E-07 time=1.390
After sweep 30 energy=-7.4048166  maxlinkdim=126 maxerr=8.16E-08 time=1.391
Not same mu, searching again
After sweep 1 energy=-5.921746  maxlinkdim=16 maxerr=2.50E-07 time=0.543
After sweep 2 energy=-7.283329  maxlinkdim=163 maxerr=1.66E-08 time=1.151
After sweep 3 energy=-7.5278616  maxlinkdim=168 maxerr=1.82E-09 time=1.597
After sweep 4 energy=-7.6784515  maxlinkdim=196 maxerr=8.76E-10 time=1.623
After sweep 5 energy=-7.7788568  maxlinkdim=217 maxerr=3.51E-10 time=1.629
After sweep 6 energy=-7.8327503  maxlinkdim=176 maxerr=9.05E-08 time=1.584
After sweep 7 energy=-7.8637047  maxlinkdim=149 maxerr=6.31E-08 time=1.466
After sweep 8 energy=-7.8826046  maxlinkdim=139 maxerr=5.27E-10 time=1.414
After sweep 9 energy=-7.8941383  maxlinkdim=147 maxerr=7.94E-08 time=1.384
After sweep 10 energy=-7.9009852  maxlinkdim=156 maxerr=8.92E-08 time=1.407
After sweep 11 energy=-7.9048395  maxlinkdim=153 maxerr=5.77E-10 time=1.365
After sweep 12 energy=-7.9069195  maxlinkdim=168 maxerr=1.89E-07 time=1.393
After sweep 13 energy=-7.907704  maxlinkdim=136 maxerr=1.30E-08 time=1.415
After sweep 14 energy=-7.9078608  maxlinkdim=135 maxerr=1.11E-07 time=1.434
After sweep 15 energy=-7.9078326  maxlinkdim=132 maxerr=3.19E-08 time=1.428
After sweep 16 energy=-7.907844  maxlinkdim=133 maxerr=2.86E-08 time=1.436
After sweep 17 energy=-7.9078317  maxlinkdim=129 maxerr=1.89E-07 time=1.437
After sweep 18 energy=-7.9078493  maxlinkdim=130 maxerr=6.23E-08 time=1.468
After sweep 19 energy=-7.907834  maxlinkdim=128 maxerr=1.68E-09 time=1.424
After sweep 20 energy=-7.90783  maxlinkdim=130 maxerr=5.93E-08 time=1.426
After sweep 21 energy=-7.9078245  maxlinkdim=129 maxerr=1.34E-09 time=1.426
After sweep 22 energy=-7.9078083  maxlinkdim=130 maxerr=4.99E-08 time=1.426
After sweep 23 energy=-7.9078503  maxlinkdim=129 maxerr=3.25E-07 time=1.426
After sweep 24 energy=-7.907838  maxlinkdim=130 maxerr=8.99E-08 time=1.431
After sweep 25 energy=-7.9077826  maxlinkdim=129 maxerr=6.53E-10 time=1.429
After sweep 26 energy=-7.907821  maxlinkdim=130 maxerr=9.99E-11 time=1.472
After sweep 27 energy=-7.90783  maxlinkdim=129 maxerr=7.96E-08 time=1.426
After sweep 28 energy=-7.9078617  maxlinkdim=132 maxerr=1.19E-09 time=1.427
After sweep 29 energy=-7.9077992  maxlinkdim=129 maxerr=1.93E-08 time=1.424
After sweep 30 energy=-7.907833  maxlinkdim=130 maxerr=9.99E-11 time=1.423
n0: 0.4968824; n1: 0.5090629; mu0: -2.65; mu1: -2.64

Range found between mu0: -2.65 (n0: 0.4968824) and mu1: -2.64 (n1: 0.5090629); refining...
n0: 0.4968824; n1: 0.5090629; mu0: -2.65; mu1: -2.64
Trying secant step...
After sweep 1 energy=-5.5749702  maxlinkdim=16 maxerr=1.52E-07 time=0.548
After sweep 2 energy=-6.9288073  maxlinkdim=158 maxerr=1.01E-08 time=1.152
After sweep 3 energy=-7.175429  maxlinkdim=180 maxerr=3.88E-08 time=1.626
After sweep 4 energy=-7.3211236  maxlinkdim=176 maxerr=2.93E-09 time=1.815
After sweep 5 energy=-7.4104447  maxlinkdim=185 maxerr=8.69E-08 time=1.657
After sweep 6 energy=-7.4642606  maxlinkdim=219 maxerr=2.27E-07 time=1.625
After sweep 7 energy=-7.493607  maxlinkdim=151 maxerr=4.12E-08 time=1.516
After sweep 8 energy=-7.5107417  maxlinkdim=149 maxerr=3.69E-08 time=1.414
After sweep 9 energy=-7.521118  maxlinkdim=151 maxerr=7.19E-08 time=1.381
After sweep 10 energy=-7.526799  maxlinkdim=129 maxerr=6.48E-08 time=1.362
After sweep 11 energy=-7.529949  maxlinkdim=143 maxerr=4.10E-08 time=1.352
After sweep 12 energy=-7.531573  maxlinkdim=145 maxerr=7.24E-10 time=1.383
After sweep 13 energy=-7.5322576  maxlinkdim=138 maxerr=2.05E-09 time=1.390
After sweep 14 energy=-7.532356  maxlinkdim=133 maxerr=6.21E-10 time=1.395
After sweep 15 energy=-7.5323877  maxlinkdim=134 maxerr=2.57E-07 time=1.408
After sweep 16 energy=-7.5324087  maxlinkdim=131 maxerr=1.62E-07 time=1.406
After sweep 17 energy=-7.532394  maxlinkdim=124 maxerr=1.00E-10 time=1.392
After sweep 18 energy=-7.5323706  maxlinkdim=126 maxerr=2.16E-08 time=1.390
After sweep 19 energy=-7.532407  maxlinkdim=125 maxerr=1.91E-07 time=1.438
After sweep 20 energy=-7.5324216  maxlinkdim=125 maxerr=1.05E-09 time=1.390
After sweep 21 energy=-7.532428  maxlinkdim=125 maxerr=1.99E-07 time=1.402
After sweep 22 energy=-7.532409  maxlinkdim=127 maxerr=6.60E-10 time=1.395
After sweep 23 energy=-7.532429  maxlinkdim=127 maxerr=1.81E-07 time=1.399
After sweep 24 energy=-7.5323634  maxlinkdim=126 maxerr=1.81E-07 time=1.389
After sweep 25 energy=-7.532407  maxlinkdim=126 maxerr=1.50E-07 time=1.397
After sweep 26 energy=-7.5324025  maxlinkdim=125 maxerr=2.81E-07 time=1.392
After sweep 27 energy=-7.5324273  maxlinkdim=125 maxerr=8.25E-08 time=1.395
After sweep 28 energy=-7.5324287  maxlinkdim=127 maxerr=7.21E-08 time=1.396
After sweep 29 energy=-7.532393  maxlinkdim=128 maxerr=1.53E-08 time=1.393
After sweep 30 energy=-7.5324173  maxlinkdim=127 maxerr=2.08E-07 time=1.386
n0: 0.4968824; n1: 0.5000362; mu0: -2.65; mu1: -2.647440501677232
Trying secant step...
After sweep 1 energy=-5.5669136  maxlinkdim=16 maxerr=2.20E-07 time=0.568
After sweep 2 energy=-6.922  maxlinkdim=159 maxerr=1.52E-07 time=1.157
After sweep 3 energy=-7.171928  maxlinkdim=182 maxerr=2.63E-07 time=1.634
After sweep 4 energy=-7.3204713  maxlinkdim=214 maxerr=1.41E-09 time=1.704
After sweep 5 energy=-7.407855  maxlinkdim=205 maxerr=2.90E-08 time=1.680
After sweep 6 energy=-7.459086  maxlinkdim=191 maxerr=2.51E-09 time=1.610
After sweep 7 energy=-7.4889708  maxlinkdim=154 maxerr=4.92E-09 time=1.483
After sweep 8 energy=-7.5068784  maxlinkdim=136 maxerr=1.51E-07 time=1.390
After sweep 9 energy=-7.5177526  maxlinkdim=156 maxerr=1.24E-09 time=1.358
After sweep 10 energy=-7.5243406  maxlinkdim=144 maxerr=1.45E-07 time=1.346
After sweep 11 energy=-7.528815  maxlinkdim=145 maxerr=5.80E-07 time=1.371
After sweep 12 energy=-7.530327  maxlinkdim=137 maxerr=3.69E-08 time=1.371
After sweep 13 energy=-7.5308003  maxlinkdim=131 maxerr=1.13E-09 time=1.383
After sweep 14 energy=-7.530904  maxlinkdim=138 maxerr=1.98E-07 time=1.397
After sweep 15 energy=-7.5309434  maxlinkdim=135 maxerr=6.05E-10 time=1.414
After sweep 16 energy=-7.5309477  maxlinkdim=132 maxerr=1.75E-07 time=1.412
After sweep 17 energy=-7.530938  maxlinkdim=125 maxerr=1.06E-09 time=1.400
After sweep 18 energy=-7.5309143  maxlinkdim=126 maxerr=1.59E-07 time=1.396
After sweep 19 energy=-7.5309463  maxlinkdim=128 maxerr=1.90E-07 time=1.398
After sweep 20 energy=-7.5309587  maxlinkdim=125 maxerr=4.29E-09 time=1.397
After sweep 21 energy=-7.5309763  maxlinkdim=129 maxerr=1.64E-07 time=1.398
After sweep 22 energy=-7.530921  maxlinkdim=125 maxerr=1.26E-09 time=1.397
After sweep 23 energy=-7.530909  maxlinkdim=127 maxerr=1.23E-08 time=1.394
After sweep 24 energy=-7.5309353  maxlinkdim=125 maxerr=8.93E-08 time=1.396
After sweep 25 energy=-7.5309157  maxlinkdim=128 maxerr=1.30E-09 time=1.400
After sweep 26 energy=-7.530959  maxlinkdim=125 maxerr=1.24E-09 time=1.402
After sweep 27 energy=-7.5309315  maxlinkdim=125 maxerr=2.65E-09 time=1.400
After sweep 28 energy=-7.5309515  maxlinkdim=126 maxerr=1.38E-07 time=1.398
After sweep 29 energy=-7.5309806  maxlinkdim=126 maxerr=3.22E-07 time=1.400
After sweep 30 energy=-7.530918  maxlinkdim=125 maxerr=9.47E-10 time=1.394
FOUND MU (secant); mu: -2.647469864206775  n: 0.49999893
Target density achieved with mu=-2.647469864206775, n=0.49999893
Checking {alpha,beta} vs measured
Alpha not converged.
NOT CONVERGED; updating alpha, beta and continuing...
After sweep 1 energy=-4.775574  maxlinkdim=16 maxerr=2.62E-07 time=0.548
After sweep 2 energy=-5.783266  maxlinkdim=175 maxerr=1.32E-07 time=1.252
After sweep 3 energy=-5.919063  maxlinkdim=230 maxerr=1.49E-07 time=2.077
After sweep 4 energy=-5.997005  maxlinkdim=190 maxerr=9.99E-11 time=2.121
After sweep 5 energy=-6.0574784  maxlinkdim=217 maxerr=8.62E-10 time=1.981
After sweep 6 energy=-6.1018133  maxlinkdim=183 maxerr=5.05E-08 time=1.930
After sweep 7 energy=-6.1340833  maxlinkdim=246 maxerr=1.36E-09 time=1.885
After sweep 8 energy=-6.1571727  maxlinkdim=242 maxerr=2.38E-08 time=1.929
After sweep 9 energy=-6.1724944  maxlinkdim=189 maxerr=1.09E-07 time=1.897
After sweep 10 energy=-6.182679  maxlinkdim=170 maxerr=1.66E-07 time=1.812
After sweep 11 energy=-6.1899004  maxlinkdim=223 maxerr=3.39E-07 time=1.808
After sweep 12 energy=-6.1949906  maxlinkdim=199 maxerr=8.01E-10 time=1.837
After sweep 13 energy=-6.19825  maxlinkdim=201 maxerr=6.57E-08 time=1.876
After sweep 14 energy=-6.199806  maxlinkdim=176 maxerr=4.00E-08 time=1.902
After sweep 15 energy=-6.200593  maxlinkdim=195 maxerr=2.67E-08 time=1.926
After sweep 16 energy=-6.2010894  maxlinkdim=183 maxerr=9.25E-10 time=2.001
After sweep 17 energy=-6.2012467  maxlinkdim=175 maxerr=5.02E-08 time=2.149
After sweep 18 energy=-6.2012725  maxlinkdim=175 maxerr=8.00E-08 time=2.110
After sweep 19 energy=-6.201303  maxlinkdim=175 maxerr=1.15E-09 time=2.228
After sweep 20 energy=-6.201309  maxlinkdim=173 maxerr=1.35E-08 time=2.259
After sweep 21 energy=-6.201312  maxlinkdim=170 maxerr=9.81E-08 time=2.255
After sweep 22 energy=-6.201317  maxlinkdim=171 maxerr=3.49E-07 time=2.316
After sweep 23 energy=-6.2012963  maxlinkdim=171 maxerr=1.64E-10 time=2.261
After sweep 24 energy=-6.201295  maxlinkdim=170 maxerr=7.95E-08 time=2.265
After sweep 25 energy=-6.2013345  maxlinkdim=172 maxerr=2.14E-07 time=2.254
After sweep 26 energy=-6.2012935  maxlinkdim=170 maxerr=1.15E-09 time=2.269
After sweep 27 energy=-6.2012925  maxlinkdim=171 maxerr=9.30E-08 time=2.261
After sweep 28 energy=-6.201296  maxlinkdim=171 maxerr=1.41E-09 time=2.261
After sweep 29 energy=-6.201296  maxlinkdim=171 maxerr=1.10E-07 time=2.265
After sweep 30 energy=-6.2012825  maxlinkdim=170 maxerr=1.25E-07 time=2.264
Not same mu, searching again
After sweep 1 energy=-5.274127  maxlinkdim=16 maxerr=2.18E-07 time=0.555
After sweep 2 energy=-6.301322  maxlinkdim=186 maxerr=1.28E-08 time=1.288
After sweep 3 energy=-6.4292336  maxlinkdim=234 maxerr=8.41E-08 time=2.142
After sweep 4 energy=-6.502738  maxlinkdim=187 maxerr=1.94E-09 time=2.198
After sweep 5 energy=-6.556449  maxlinkdim=191 maxerr=8.17E-08 time=1.992
After sweep 6 energy=-6.596188  maxlinkdim=163 maxerr=6.19E-10 time=1.834
After sweep 7 energy=-6.626693  maxlinkdim=162 maxerr=2.18E-08 time=1.783
After sweep 8 energy=-6.6516833  maxlinkdim=237 maxerr=2.52E-09 time=1.794
After sweep 9 energy=-6.6705046  maxlinkdim=268 maxerr=2.39E-07 time=1.930
After sweep 10 energy=-6.6827154  maxlinkdim=188 maxerr=9.48E-10 time=1.952
After sweep 11 energy=-6.691165  maxlinkdim=177 maxerr=9.66E-08 time=1.866
After sweep 12 energy=-6.696949  maxlinkdim=183 maxerr=1.13E-10 time=1.853
After sweep 13 energy=-6.7008758  maxlinkdim=172 maxerr=1.11E-07 time=1.942
After sweep 14 energy=-6.702951  maxlinkdim=181 maxerr=2.25E-08 time=1.932
After sweep 15 energy=-6.704191  maxlinkdim=174 maxerr=1.93E-09 time=1.988
After sweep 16 energy=-6.7049346  maxlinkdim=181 maxerr=8.06E-08 time=2.058
After sweep 17 energy=-6.7051764  maxlinkdim=183 maxerr=8.17E-10 time=2.133
After sweep 18 energy=-6.705172  maxlinkdim=184 maxerr=6.05E-08 time=2.178
After sweep 19 energy=-6.7051888  maxlinkdim=177 maxerr=7.53E-08 time=2.264
After sweep 20 energy=-6.7051544  maxlinkdim=177 maxerr=1.66E-09 time=2.365
After sweep 21 energy=-6.705207  maxlinkdim=174 maxerr=3.29E-08 time=2.330
After sweep 22 energy=-6.705184  maxlinkdim=174 maxerr=1.16E-07 time=2.334
After sweep 23 energy=-6.705184  maxlinkdim=174 maxerr=1.65E-09 time=2.323
After sweep 24 energy=-6.705213  maxlinkdim=178 maxerr=1.00E-10 time=2.342
After sweep 25 energy=-6.705208  maxlinkdim=172 maxerr=7.65E-10 time=2.341
After sweep 26 energy=-6.7052255  maxlinkdim=175 maxerr=1.32E-07 time=2.330
After sweep 27 energy=-6.705181  maxlinkdim=175 maxerr=1.20E-07 time=2.353
After sweep 28 energy=-6.705225  maxlinkdim=175 maxerr=1.05E-07 time=2.345
After sweep 29 energy=-6.705216  maxlinkdim=174 maxerr=4.00E-08 time=2.326
After sweep 30 energy=-6.705209  maxlinkdim=178 maxerr=8.08E-08 time=2.348
n0: 0.4976159; n1: 0.5101406; mu0: -2.647469864206775; mu1: -2.6374698642067753

Range found between mu0: -2.647469864206775 (n0: 0.4976159) and mu1: -2.6374698642067753 (n1: 0.5101406); refining...
n0: 0.4976159; n1: 0.5101406; mu0: -2.647469864206775; mu1: -2.6374698642067753
Trying secant step...
After sweep 1 energy=-4.8938465  maxlinkdim=16 maxerr=3.10E-07 time=0.549
After sweep 2 energy=-5.891957  maxlinkdim=175 maxerr=1.15E-08 time=1.285
After sweep 3 energy=-6.0130463  maxlinkdim=181 maxerr=1.60E-08 time=1.989
After sweep 4 energy=-6.0894265  maxlinkdim=184 maxerr=2.01E-09 time=1.940
After sweep 5 energy=-6.1459455  maxlinkdim=182 maxerr=1.01E-07 time=1.859
After sweep 6 energy=-6.1893115  maxlinkdim=173 maxerr=8.23E-08 time=1.791
After sweep 7 energy=-6.2209764  maxlinkdim=172 maxerr=1.04E-09 time=1.725
After sweep 8 energy=-6.2466373  maxlinkdim=226 maxerr=7.72E-08 time=1.772
After sweep 9 energy=-6.2642083  maxlinkdim=263 maxerr=2.37E-08 time=1.834
After sweep 10 energy=-6.276361  maxlinkdim=186 maxerr=2.81E-08 time=1.877
After sweep 11 energy=-6.284012  maxlinkdim=207 maxerr=8.00E-08 time=1.785
After sweep 12 energy=-6.289411  maxlinkdim=228 maxerr=5.21E-09 time=1.867
After sweep 13 energy=-6.2929244  maxlinkdim=174 maxerr=5.17E-08 time=1.918
After sweep 14 energy=-6.294646  maxlinkdim=161 maxerr=3.93E-08 time=1.883
After sweep 15 energy=-6.295538  maxlinkdim=190 maxerr=4.80E-08 time=1.941
After sweep 16 energy=-6.296024  maxlinkdim=172 maxerr=9.99E-11 time=2.020
After sweep 17 energy=-6.2961645  maxlinkdim=177 maxerr=1.28E-09 time=2.063
After sweep 18 energy=-6.296262  maxlinkdim=180 maxerr=2.44E-10 time=2.145
After sweep 19 energy=-6.296242  maxlinkdim=179 maxerr=5.17E-10 time=2.201
After sweep 20 energy=-6.2962413  maxlinkdim=172 maxerr=1.45E-09 time=2.281
After sweep 21 energy=-6.296255  maxlinkdim=174 maxerr=3.74E-08 time=2.282
After sweep 22 energy=-6.296257  maxlinkdim=174 maxerr=2.55E-08 time=2.280
After sweep 23 energy=-6.296272  maxlinkdim=171 maxerr=2.01E-09 time=2.287
After sweep 24 energy=-6.296235  maxlinkdim=171 maxerr=1.65E-09 time=2.659
After sweep 25 energy=-6.2962637  maxlinkdim=170 maxerr=4.21E-10 time=2.254
After sweep 26 energy=-6.2962656  maxlinkdim=172 maxerr=6.49E-08 time=2.266
After sweep 27 energy=-6.296267  maxlinkdim=170 maxerr=9.98E-10 time=2.270
After sweep 28 energy=-6.296269  maxlinkdim=172 maxerr=5.26E-08 time=2.251
After sweep 29 energy=-6.2962527  maxlinkdim=176 maxerr=9.99E-11 time=2.271
After sweep 30 energy=-6.296226  maxlinkdim=172 maxerr=2.03E-07 time=2.276
n0: 0.4976159; n1: 0.5000314; mu0: -2.647469864206775; mu1: -2.6455663475658464
Trying secant step...
After sweep 1 energy=-4.87937  maxlinkdim=16 maxerr=3.46E-07 time=0.559
After sweep 2 energy=-5.899956  maxlinkdim=179 maxerr=1.57E-08 time=1.286
After sweep 3 energy=-6.026966  maxlinkdim=230 maxerr=1.58E-09 time=2.016
After sweep 4 energy=-6.100934  maxlinkdim=206 maxerr=1.22E-07 time=2.141
After sweep 5 energy=-6.155566  maxlinkdim=197 maxerr=7.39E-08 time=1.980
After sweep 6 energy=-6.1967263  maxlinkdim=169 maxerr=1.17E-09 time=1.870
After sweep 7 energy=-6.2269225  maxlinkdim=186 maxerr=2.05E-09 time=1.754
After sweep 8 energy=-6.250656  maxlinkdim=208 maxerr=7.23E-08 time=1.747
After sweep 9 energy=-6.2660904  maxlinkdim=167 maxerr=2.12E-07 time=1.801
After sweep 10 energy=-6.276282  maxlinkdim=158 maxerr=9.48E-10 time=1.787
After sweep 11 energy=-6.2834673  maxlinkdim=173 maxerr=4.48E-08 time=1.802
After sweep 12 energy=-6.288356  maxlinkdim=159 maxerr=8.42E-08 time=1.804
After sweep 13 energy=-6.29142  maxlinkdim=172 maxerr=1.33E-09 time=1.825
After sweep 14 energy=-6.293293  maxlinkdim=176 maxerr=5.70E-08 time=1.901
After sweep 15 energy=-6.294181  maxlinkdim=176 maxerr=6.19E-10 time=1.926
After sweep 16 energy=-6.294675  maxlinkdim=169 maxerr=1.58E-08 time=1.948
After sweep 17 energy=-6.294924  maxlinkdim=174 maxerr=8.54E-10 time=2.061
After sweep 18 energy=-6.2949986  maxlinkdim=180 maxerr=6.03E-10 time=2.137
After sweep 19 energy=-6.2950144  maxlinkdim=177 maxerr=1.48E-07 time=2.197
After sweep 20 energy=-6.295012  maxlinkdim=173 maxerr=1.21E-07 time=2.272
After sweep 21 energy=-6.2950096  maxlinkdim=171 maxerr=1.41E-07 time=2.279
After sweep 22 energy=-6.295001  maxlinkdim=172 maxerr=9.33E-08 time=2.272
After sweep 23 energy=-6.294999  maxlinkdim=171 maxerr=2.96E-08 time=2.272
After sweep 24 energy=-6.2950144  maxlinkdim=171 maxerr=3.16E-08 time=2.273
After sweep 25 energy=-6.2950196  maxlinkdim=173 maxerr=9.99E-11 time=2.276
After sweep 26 energy=-6.295009  maxlinkdim=172 maxerr=2.11E-08 time=2.269
After sweep 27 energy=-6.2950335  maxlinkdim=170 maxerr=1.11E-07 time=2.273
After sweep 28 energy=-6.295038  maxlinkdim=171 maxerr=1.86E-07 time=2.274
After sweep 29 energy=-6.2950125  maxlinkdim=172 maxerr=1.84E-09 time=2.269
After sweep 30 energy=-6.295014  maxlinkdim=171 maxerr=9.98E-11 time=2.270
FOUND MU (secant); mu: -2.6455911011967643  n: 0.5000004
Target density achieved with mu=-2.6455911011967643, n=0.5000004
Checking {alpha,beta} vs measured
Alpha not converged.
NOT CONVERGED; updating alpha, beta and continuing...
After sweep 1 energy=-4.8423877  maxlinkdim=16 maxerr=1.88E-07 time=0.577
After sweep 2 energy=-5.857073  maxlinkdim=175 maxerr=1.86E-07 time=1.238
After sweep 3 energy=-5.968132  maxlinkdim=197 maxerr=1.39E-09 time=2.187
After sweep 4 energy=-6.036838  maxlinkdim=206 maxerr=3.27E-09 time=2.186
After sweep 5 energy=-6.0877466  maxlinkdim=197 maxerr=2.95E-08 time=2.137
After sweep 6 energy=-6.1244507  maxlinkdim=181 maxerr=2.27E-08 time=1.967
After sweep 7 energy=-6.1555195  maxlinkdim=261 maxerr=2.32E-08 time=2.014
After sweep 8 energy=-6.175671  maxlinkdim=200 maxerr=1.00E-07 time=1.963
After sweep 9 energy=-6.189515  maxlinkdim=176 maxerr=1.66E-07 time=1.870
After sweep 10 energy=-6.2005525  maxlinkdim=194 maxerr=2.61E-09 time=1.874
After sweep 11 energy=-6.2086477  maxlinkdim=238 maxerr=2.42E-09 time=1.934
After sweep 12 energy=-6.214061  maxlinkdim=178 maxerr=9.79E-08 time=1.988
After sweep 13 energy=-6.216744  maxlinkdim=193 maxerr=3.12E-10 time=1.901
After sweep 14 energy=-6.21836  maxlinkdim=176 maxerr=1.85E-09 time=1.980
After sweep 15 energy=-6.2193937  maxlinkdim=198 maxerr=1.00E-10 time=1.972
After sweep 16 energy=-6.2199516  maxlinkdim=182 maxerr=9.99E-11 time=2.075
After sweep 17 energy=-6.2201614  maxlinkdim=181 maxerr=2.55E-09 time=2.161
After sweep 18 energy=-6.220275  maxlinkdim=186 maxerr=9.98E-11 time=2.227
After sweep 19 energy=-6.2202797  maxlinkdim=193 maxerr=4.89E-08 time=2.318
After sweep 20 energy=-6.2202597  maxlinkdim=189 maxerr=1.27E-09 time=2.417
After sweep 21 energy=-6.2202096  maxlinkdim=182 maxerr=6.25E-08 time=2.486
After sweep 22 energy=-6.220245  maxlinkdim=187 maxerr=1.13E-09 time=2.478
After sweep 23 energy=-6.220229  maxlinkdim=182 maxerr=1.04E-09 time=2.458
After sweep 24 energy=-6.220241  maxlinkdim=180 maxerr=1.66E-09 time=2.462
After sweep 25 energy=-6.220267  maxlinkdim=183 maxerr=1.33E-09 time=2.467
After sweep 26 energy=-6.220254  maxlinkdim=185 maxerr=4.24E-08 time=2.469
After sweep 27 energy=-6.220255  maxlinkdim=184 maxerr=8.40E-10 time=2.463
After sweep 28 energy=-6.2202477  maxlinkdim=183 maxerr=1.10E-09 time=2.461
After sweep 29 energy=-6.220235  maxlinkdim=181 maxerr=1.02E-07 time=2.471
After sweep 30 energy=-6.2202063  maxlinkdim=181 maxerr=1.44E-09 time=2.474
Not same mu, searching again
After sweep 1 energy=-4.3383875  maxlinkdim=16 maxerr=3.14E-07 time=0.576
After sweep 2 energy=-5.351604  maxlinkdim=180 maxerr=2.66E-07 time=1.239
After sweep 3 energy=-5.465466  maxlinkdim=203 maxerr=1.40E-08 time=2.092
After sweep 4 energy=-5.537335  maxlinkdim=179 maxerr=1.14E-07 time=2.093
After sweep 5 energy=-5.5937977  maxlinkdim=223 maxerr=1.25E-09 time=2.111
After sweep 6 energy=-5.6328607  maxlinkdim=187 maxerr=1.33E-07 time=2.043
After sweep 7 energy=-5.661728  maxlinkdim=219 maxerr=6.87E-08 time=1.959
After sweep 8 energy=-5.6830373  maxlinkdim=209 maxerr=1.03E-07 time=1.946
After sweep 9 energy=-5.697461  maxlinkdim=244 maxerr=1.07E-07 time=1.889
After sweep 10 energy=-5.707601  maxlinkdim=188 maxerr=1.20E-09 time=1.908
After sweep 11 energy=-5.7144136  maxlinkdim=210 maxerr=4.94E-10 time=1.860
After sweep 12 energy=-5.7195687  maxlinkdim=224 maxerr=1.41E-07 time=1.917
After sweep 13 energy=-5.7227354  maxlinkdim=219 maxerr=8.71E-08 time=2.000
After sweep 14 energy=-5.724379  maxlinkdim=173 maxerr=1.29E-07 time=1.986
After sweep 15 energy=-5.725207  maxlinkdim=174 maxerr=9.55E-10 time=1.959
After sweep 16 energy=-5.7256775  maxlinkdim=180 maxerr=1.30E-07 time=2.045
After sweep 17 energy=-5.7258644  maxlinkdim=186 maxerr=7.36E-10 time=2.093
After sweep 18 energy=-5.72592  maxlinkdim=184 maxerr=2.63E-07 time=2.167
After sweep 19 energy=-5.725961  maxlinkdim=183 maxerr=1.43E-07 time=2.255
After sweep 20 energy=-5.7259393  maxlinkdim=180 maxerr=2.97E-07 time=2.333
After sweep 21 energy=-5.725979  maxlinkdim=178 maxerr=1.87E-08 time=2.391
After sweep 22 energy=-5.7259607  maxlinkdim=178 maxerr=1.25E-07 time=2.370
After sweep 23 energy=-5.7259626  maxlinkdim=179 maxerr=1.38E-09 time=2.387
After sweep 24 energy=-5.725956  maxlinkdim=178 maxerr=1.24E-07 time=2.388
After sweep 25 energy=-5.72595  maxlinkdim=181 maxerr=1.48E-07 time=2.378
After sweep 26 energy=-5.7259464  maxlinkdim=177 maxerr=7.99E-08 time=2.367
After sweep 27 energy=-5.7259517  maxlinkdim=180 maxerr=1.25E-07 time=2.382
After sweep 28 energy=-5.7259665  maxlinkdim=177 maxerr=5.98E-10 time=2.376
After sweep 29 energy=-5.725979  maxlinkdim=177 maxerr=9.99E-11 time=2.384
After sweep 30 energy=-5.725952  maxlinkdim=178 maxerr=3.25E-10 time=2.386
n0: 0.48783275; n1: 0.50072885; mu0: -2.655591101196764; mu1: -2.6455911011967643

Range found between mu0: -2.655591101196764 (n0: 0.48783275) and mu1: -2.6455911011967643 (n1: 0.50072885); refining...
n0: 0.48783275; n1: 0.50072885; mu0: -2.655591101196764; mu1: -2.6455911011967643
Trying secant step...
After sweep 1 energy=-4.7967587  maxlinkdim=16 maxerr=1.89E-07 time=0.571
After sweep 2 energy=-5.8151813  maxlinkdim=179 maxerr=1.44E-08 time=1.238
After sweep 3 energy=-5.9300537  maxlinkdim=195 maxerr=3.44E-09 time=2.183
After sweep 4 energy=-6.0004153  maxlinkdim=199 maxerr=2.84E-07 time=2.127
After sweep 5 energy=-6.055135  maxlinkdim=216 maxerr=4.44E-09 time=2.118
After sweep 6 energy=-6.0935493  maxlinkdim=191 maxerr=1.05E-07 time=1.998
After sweep 7 energy=-6.1238494  maxlinkdim=229 maxerr=1.42E-09 time=1.951
After sweep 8 energy=-6.1453557  maxlinkdim=225 maxerr=5.35E-08 time=1.986
After sweep 9 energy=-6.160031  maxlinkdim=174 maxerr=1.51E-08 time=1.926
After sweep 10 energy=-6.1713696  maxlinkdim=184 maxerr=1.10E-08 time=1.924
After sweep 11 energy=-6.1793227  maxlinkdim=176 maxerr=1.49E-09 time=1.891
After sweep 12 energy=-6.185054  maxlinkdim=174 maxerr=2.42E-08 time=1.926
After sweep 13 energy=-6.1881037  maxlinkdim=170 maxerr=1.05E-09 time=1.929
After sweep 14 energy=-6.189889  maxlinkdim=180 maxerr=2.14E-08 time=1.925
After sweep 15 energy=-6.1913013  maxlinkdim=205 maxerr=4.60E-08 time=2.021
After sweep 16 energy=-6.191738  maxlinkdim=184 maxerr=2.23E-10 time=2.092
After sweep 17 energy=-6.1919165  maxlinkdim=198 maxerr=9.99E-11 time=2.152
After sweep 18 energy=-6.1919937  maxlinkdim=188 maxerr=2.87E-08 time=2.253
After sweep 19 energy=-6.191986  maxlinkdim=190 maxerr=3.63E-07 time=2.349
After sweep 20 energy=-6.191963  maxlinkdim=185 maxerr=2.48E-08 time=2.458
After sweep 21 energy=-6.1919727  maxlinkdim=184 maxerr=6.83E-10 time=2.472
After sweep 22 energy=-6.191963  maxlinkdim=183 maxerr=1.05E-09 time=2.465
After sweep 23 energy=-6.1919465  maxlinkdim=183 maxerr=1.00E-10 time=2.457
After sweep 24 energy=-6.191941  maxlinkdim=182 maxerr=4.58E-08 time=2.474
After sweep 25 energy=-6.1919374  maxlinkdim=183 maxerr=2.10E-07 time=2.459
After sweep 26 energy=-6.1919527  maxlinkdim=182 maxerr=1.14E-07 time=2.462
After sweep 27 energy=-6.191947  maxlinkdim=180 maxerr=6.17E-08 time=2.461
After sweep 28 energy=-6.19198  maxlinkdim=182 maxerr=1.11E-07 time=2.472
After sweep 29 energy=-6.1919613  maxlinkdim=181 maxerr=1.04E-09 time=2.472
After sweep 30 energy=-6.1919374  maxlinkdim=183 maxerr=1.99E-09 time=2.471
n0: 0.5000126; n1: 0.50072885; mu0: -2.646156269053189; mu1: -2.6455911011967643
Trying secant step...
After sweep 1 energy=-4.8043804  maxlinkdim=16 maxerr=3.03E-07 time=0.561
After sweep 2 energy=-5.822174  maxlinkdim=167 maxerr=9.69E-09 time=1.342
After sweep 3 energy=-5.938545  maxlinkdim=220 maxerr=2.98E-07 time=2.148
After sweep 4 energy=-6.00571  maxlinkdim=207 maxerr=2.35E-09 time=2.230
After sweep 5 energy=-6.0565243  maxlinkdim=205 maxerr=1.30E-08 time=2.102
After sweep 6 energy=-6.094041  maxlinkdim=177 maxerr=6.18E-08 time=1.985
After sweep 7 energy=-6.1220727  maxlinkdim=176 maxerr=2.85E-09 time=1.879
After sweep 8 energy=-6.1442833  maxlinkdim=258 maxerr=2.23E-09 time=1.864
After sweep 9 energy=-6.1598597  maxlinkdim=230 maxerr=1.14E-08 time=1.907
After sweep 10 energy=-6.17042  maxlinkdim=191 maxerr=1.44E-07 time=1.869
After sweep 11 energy=-6.1786766  maxlinkdim=241 maxerr=1.49E-08 time=1.913
After sweep 12 energy=-6.1842275  maxlinkdim=246 maxerr=4.40E-08 time=1.955
After sweep 13 energy=-6.1873784  maxlinkdim=205 maxerr=5.20E-08 time=1.960
After sweep 14 energy=-6.189215  maxlinkdim=176 maxerr=3.65E-08 time=1.939
After sweep 15 energy=-6.1904535  maxlinkdim=181 maxerr=9.71E-10 time=1.964
After sweep 16 energy=-6.191129  maxlinkdim=210 maxerr=9.82E-08 time=2.067
After sweep 17 energy=-6.191432  maxlinkdim=183 maxerr=9.99E-11 time=2.170
After sweep 18 energy=-6.1914845  maxlinkdim=190 maxerr=7.51E-08 time=2.225
After sweep 19 energy=-6.1914716  maxlinkdim=189 maxerr=1.16E-07 time=2.352
After sweep 20 energy=-6.1914854  maxlinkdim=184 maxerr=2.95E-08 time=2.436
After sweep 21 energy=-6.191475  maxlinkdim=183 maxerr=6.34E-10 time=2.480
After sweep 22 energy=-6.1914406  maxlinkdim=183 maxerr=1.00E-10 time=2.452
After sweep 23 energy=-6.191485  maxlinkdim=183 maxerr=1.09E-07 time=2.464
After sweep 24 energy=-6.1914315  maxlinkdim=180 maxerr=1.73E-07 time=2.468
After sweep 25 energy=-6.1914535  maxlinkdim=181 maxerr=3.07E-07 time=2.479
After sweep 26 energy=-6.191457  maxlinkdim=181 maxerr=2.23E-09 time=2.460
After sweep 27 energy=-6.191472  maxlinkdim=180 maxerr=6.46E-08 time=2.459
After sweep 28 energy=-6.1914496  maxlinkdim=181 maxerr=1.19E-07 time=2.472
After sweep 29 energy=-6.1914654  maxlinkdim=184 maxerr=2.18E-07 time=2.464
After sweep 30 energy=-6.1914463  maxlinkdim=181 maxerr=1.65E-08 time=2.458
FOUND MU (secant); mu: -2.6461661925297393  n: 0.5000006
Target density achieved with mu=-2.6461661925297393, n=0.5000006
Checking {alpha,beta} vs measured
Alpha not converged.
NOT CONVERGED; updating alpha, beta and continuing...
After sweep 1 energy=-4.804867  maxlinkdim=16 maxerr=2.32E-07 time=0.541
After sweep 2 energy=-5.811739  maxlinkdim=178 maxerr=1.14E-08 time=1.298
After sweep 3 energy=-5.919803  maxlinkdim=191 maxerr=4.64E-09 time=2.051
After sweep 4 energy=-5.9861884  maxlinkdim=197 maxerr=1.28E-09 time=2.047
After sweep 5 energy=-6.0367317  maxlinkdim=213 maxerr=7.57E-10 time=1.946
After sweep 6 energy=-6.076575  maxlinkdim=199 maxerr=2.95E-09 time=1.946
After sweep 7 energy=-6.1045966  maxlinkdim=174 maxerr=2.36E-09 time=1.868
After sweep 8 energy=-6.127071  maxlinkdim=197 maxerr=7.68E-08 time=1.846
After sweep 9 energy=-6.1432796  maxlinkdim=185 maxerr=1.15E-07 time=1.858
After sweep 10 energy=-6.154963  maxlinkdim=236 maxerr=1.35E-09 time=1.884
After sweep 11 energy=-6.1631117  maxlinkdim=269 maxerr=6.88E-08 time=1.899
After sweep 12 energy=-6.168621  maxlinkdim=176 maxerr=5.59E-08 time=1.846
After sweep 13 energy=-6.172193  maxlinkdim=228 maxerr=5.83E-08 time=1.844
After sweep 14 energy=-6.174677  maxlinkdim=219 maxerr=7.23E-10 time=1.896
After sweep 15 energy=-6.1764646  maxlinkdim=203 maxerr=7.17E-08 time=1.988
After sweep 16 energy=-6.177397  maxlinkdim=187 maxerr=4.35E-10 time=2.030
After sweep 17 energy=-6.1778517  maxlinkdim=178 maxerr=4.16E-08 time=2.101
After sweep 18 energy=-6.1780853  maxlinkdim=200 maxerr=1.20E-09 time=2.148
After sweep 19 energy=-6.1781287  maxlinkdim=192 maxerr=9.64E-09 time=2.232
After sweep 20 energy=-6.178178  maxlinkdim=187 maxerr=9.99E-11 time=2.361
After sweep 21 energy=-6.1781473  maxlinkdim=196 maxerr=1.46E-09 time=2.473
After sweep 22 energy=-6.1781135  maxlinkdim=188 maxerr=1.74E-09 time=2.560
After sweep 23 energy=-6.1781178  maxlinkdim=185 maxerr=4.77E-08 time=2.508
After sweep 24 energy=-6.1781344  maxlinkdim=184 maxerr=1.57E-08 time=2.503
After sweep 25 energy=-6.178115  maxlinkdim=185 maxerr=9.98E-11 time=2.513
After sweep 26 energy=-6.178136  maxlinkdim=184 maxerr=1.69E-07 time=2.522
After sweep 27 energy=-6.178112  maxlinkdim=184 maxerr=2.69E-10 time=2.509
After sweep 28 energy=-6.1781473  maxlinkdim=183 maxerr=3.37E-10 time=2.510
After sweep 29 energy=-6.178119  maxlinkdim=186 maxerr=1.25E-07 time=2.501
After sweep 30 energy=-6.17812  maxlinkdim=188 maxerr=1.09E-07 time=2.494
Not same mu, searching again
After sweep 1 energy=-4.305843  maxlinkdim=16 maxerr=3.10E-07 time=0.547
After sweep 2 energy=-5.3185635  maxlinkdim=174 maxerr=5.13E-08 time=1.287
After sweep 3 energy=-5.4319687  maxlinkdim=216 maxerr=1.40E-08 time=2.178
After sweep 4 energy=-5.5002494  maxlinkdim=227 maxerr=2.65E-09 time=2.241
After sweep 5 energy=-5.551493  maxlinkdim=214 maxerr=1.43E-09 time=2.161
After sweep 6 energy=-5.589245  maxlinkdim=178 maxerr=5.67E-08 time=1.993
After sweep 7 energy=-5.6193957  maxlinkdim=254 maxerr=9.58E-08 time=1.969
After sweep 8 energy=-5.641065  maxlinkdim=250 maxerr=1.24E-08 time=1.958
After sweep 9 energy=-5.6554985  maxlinkdim=258 maxerr=4.33E-08 time=1.993
After sweep 10 energy=-5.665666  maxlinkdim=212 maxerr=7.39E-10 time=1.944
After sweep 11 energy=-5.673037  maxlinkdim=213 maxerr=1.09E-07 time=1.941
After sweep 12 energy=-5.6783905  maxlinkdim=209 maxerr=3.35E-08 time=1.988
After sweep 13 energy=-5.6811543  maxlinkdim=184 maxerr=1.37E-07 time=1.906
After sweep 14 energy=-5.6826572  maxlinkdim=182 maxerr=1.66E-08 time=1.901
After sweep 15 energy=-5.683658  maxlinkdim=184 maxerr=9.99E-11 time=1.961
After sweep 16 energy=-5.684215  maxlinkdim=212 maxerr=4.53E-08 time=2.084
After sweep 17 energy=-5.6843624  maxlinkdim=184 maxerr=1.55E-07 time=2.117
After sweep 18 energy=-5.6844187  maxlinkdim=186 maxerr=1.09E-07 time=2.167
After sweep 19 energy=-5.6844172  maxlinkdim=184 maxerr=6.42E-10 time=2.244
After sweep 20 energy=-5.684473  maxlinkdim=186 maxerr=2.00E-10 time=2.381
After sweep 21 energy=-5.6844225  maxlinkdim=180 maxerr=1.00E-10 time=2.412
After sweep 22 energy=-5.684437  maxlinkdim=181 maxerr=8.45E-10 time=2.413
After sweep 23 energy=-5.6844406  maxlinkdim=180 maxerr=9.23E-08 time=2.402
After sweep 24 energy=-5.684407  maxlinkdim=181 maxerr=1.77E-09 time=2.420
After sweep 25 energy=-5.684431  maxlinkdim=180 maxerr=7.82E-10 time=2.418
After sweep 26 energy=-5.6844125  maxlinkdim=179 maxerr=2.14E-07 time=2.421
After sweep 27 energy=-5.684413  maxlinkdim=180 maxerr=3.02E-08 time=2.411
After sweep 28 energy=-5.6843944  maxlinkdim=179 maxerr=1.14E-07 time=2.425
After sweep 29 energy=-5.6844273  maxlinkdim=182 maxerr=1.81E-07 time=2.421
After sweep 30 energy=-5.684421  maxlinkdim=179 maxerr=1.47E-07 time=2.420
n0: 0.4872251; n1: 0.5001542; mu0: -2.656166192529739; mu1: -2.6461661925297393

Range found between mu0: -2.656166192529739 (n0: 0.4872251) and mu1: -2.6461661925297393 (n1: 0.5001542); refining...
n0: 0.4872251; n1: 0.5001542; mu0: -2.656166192529739; mu1: -2.6461661925297393
Trying secant step...
After sweep 1 energy=-4.7862263  maxlinkdim=16 maxerr=3.01E-07 time=0.557
After sweep 2 energy=-5.8151116  maxlinkdim=187 maxerr=1.30E-08 time=1.338
After sweep 3 energy=-5.923997  maxlinkdim=198 maxerr=5.31E-08 time=2.104
After sweep 4 energy=-5.989062  maxlinkdim=196 maxerr=6.54E-08 time=2.168
After sweep 5 energy=-6.039814  maxlinkdim=209 maxerr=1.30E-07 time=2.085
After sweep 6 energy=-6.0750046  maxlinkdim=226 maxerr=2.19E-08 time=1.900
After sweep 7 energy=-6.1032715  maxlinkdim=252 maxerr=1.73E-09 time=1.863
After sweep 8 energy=-6.1247435  maxlinkdim=240 maxerr=1.18E-09 time=1.943
After sweep 9 energy=-6.1394086  maxlinkdim=196 maxerr=5.32E-08 time=1.902
After sweep 10 energy=-6.1504083  maxlinkdim=230 maxerr=1.38E-07 time=1.884
After sweep 11 energy=-6.158398  maxlinkdim=220 maxerr=1.03E-09 time=1.918
After sweep 12 energy=-6.164028  maxlinkdim=189 maxerr=1.86E-07 time=1.939
After sweep 13 energy=-6.167741  maxlinkdim=214 maxerr=6.63E-08 time=1.969
After sweep 14 energy=-6.1699247  maxlinkdim=177 maxerr=9.67E-10 time=1.994
After sweep 15 energy=-6.1710615  maxlinkdim=188 maxerr=3.38E-08 time=1.994
After sweep 16 energy=-6.171864  maxlinkdim=187 maxerr=7.22E-08 time=2.113
After sweep 17 energy=-6.172098  maxlinkdim=178 maxerr=7.09E-10 time=2.214
After sweep 18 energy=-6.1721783  maxlinkdim=189 maxerr=9.13E-08 time=2.265
After sweep 19 energy=-6.172182  maxlinkdim=188 maxerr=7.95E-08 time=2.391
After sweep 20 energy=-6.1721587  maxlinkdim=188 maxerr=1.15E-09 time=2.493
After sweep 21 energy=-6.1721554  maxlinkdim=184 maxerr=2.49E-07 time=2.512
After sweep 22 energy=-6.172159  maxlinkdim=185 maxerr=1.72E-09 time=2.496
After sweep 23 energy=-6.172163  maxlinkdim=185 maxerr=9.99E-11 time=2.504
After sweep 24 energy=-6.1721582  maxlinkdim=183 maxerr=7.86E-10 time=2.513
After sweep 25 energy=-6.172158  maxlinkdim=184 maxerr=1.00E-10 time=2.491
After sweep 26 energy=-6.172162  maxlinkdim=186 maxerr=9.27E-08 time=2.504
After sweep 27 energy=-6.172142  maxlinkdim=186 maxerr=8.47E-09 time=2.514
After sweep 28 energy=-6.1721563  maxlinkdim=185 maxerr=9.87E-09 time=2.514
After sweep 29 energy=-6.172158  maxlinkdim=185 maxerr=1.17E-10 time=2.511
After sweep 30 energy=-6.172143  maxlinkdim=182 maxerr=1.34E-07 time=2.500
FOUND MU (secant); mu: -2.646285456110551  n: 0.50000113
Target density achieved with mu=-2.646285456110551, n=0.50000113
Checking {alpha,beta} vs measured
Alpha not converged.
NOT CONVERGED; updating alpha, beta and continuing...
After sweep 1 energy=-4.8015733  maxlinkdim=16 maxerr=2.15E-07 time=0.558
After sweep 2 energy=-5.808667  maxlinkdim=172 maxerr=3.32E-08 time=1.308
After sweep 3 energy=-5.9183803  maxlinkdim=226 maxerr=4.86E-09 time=2.122
After sweep 4 energy=-5.985173  maxlinkdim=213 maxerr=3.24E-09 time=2.174
After sweep 5 energy=-6.034559  maxlinkdim=202 maxerr=1.08E-09 time=2.101
After sweep 6 energy=-6.0713387  maxlinkdim=185 maxerr=1.14E-07 time=1.959
After sweep 7 energy=-6.101866  maxlinkdim=198 maxerr=7.56E-10 time=1.936
After sweep 8 energy=-6.124267  maxlinkdim=214 maxerr=3.04E-08 time=1.996
After sweep 9 energy=-6.139002  maxlinkdim=192 maxerr=1.47E-07 time=1.970
After sweep 10 energy=-6.1496954  maxlinkdim=257 maxerr=1.83E-07 time=1.916
After sweep 11 energy=-6.1605225  maxlinkdim=209 maxerr=1.29E-09 time=2.119
After sweep 12 energy=-6.164514  maxlinkdim=185 maxerr=1.08E-08 time=2.074
After sweep 13 energy=-6.1666536  maxlinkdim=182 maxerr=8.12E-10 time=1.955
After sweep 14 energy=-6.1683445  maxlinkdim=187 maxerr=1.10E-07 time=2.034
After sweep 15 energy=-6.168866  maxlinkdim=193 maxerr=1.09E-07 time=2.055
After sweep 16 energy=-6.1691074  maxlinkdim=191 maxerr=6.93E-10 time=2.122
After sweep 17 energy=-6.169182  maxlinkdim=193 maxerr=2.01E-07 time=2.279
After sweep 18 energy=-6.1691685  maxlinkdim=186 maxerr=1.26E-07 time=2.375
After sweep 19 energy=-6.1692333  maxlinkdim=191 maxerr=2.32E-08 time=2.498
After sweep 20 energy=-6.1691914  maxlinkdim=185 maxerr=1.19E-09 time=2.536
After sweep 21 energy=-6.1691704  maxlinkdim=186 maxerr=1.00E-10 time=2.527
After sweep 22 energy=-6.169164  maxlinkdim=186 maxerr=1.10E-09 time=2.503
After sweep 23 energy=-6.1691647  maxlinkdim=184 maxerr=9.99E-11 time=2.521
After sweep 24 energy=-6.169188  maxlinkdim=186 maxerr=3.68E-08 time=2.515
After sweep 25 energy=-6.169167  maxlinkdim=186 maxerr=7.28E-10 time=2.526
After sweep 26 energy=-6.1691723  maxlinkdim=184 maxerr=1.26E-08 time=2.540
After sweep 27 energy=-6.169198  maxlinkdim=186 maxerr=8.38E-08 time=2.521
After sweep 28 energy=-6.1691685  maxlinkdim=186 maxerr=2.45E-08 time=2.532
After sweep 29 energy=-6.1692033  maxlinkdim=185 maxerr=9.99E-11 time=2.523
After sweep 30 energy=-6.169199  maxlinkdim=183 maxerr=7.91E-08 time=2.517
Not same mu, searching again
After sweep 1 energy=-4.2926903  maxlinkdim=16 maxerr=2.56E-07 time=0.571
After sweep 2 energy=-5.3036556  maxlinkdim=172 maxerr=1.20E-07 time=1.318
After sweep 3 energy=-5.4156327  maxlinkdim=198 maxerr=9.97E-08 time=2.106
After sweep 4 energy=-5.483482  maxlinkdim=212 maxerr=2.21E-09 time=2.111
After sweep 5 energy=-5.535442  maxlinkdim=197 maxerr=1.04E-07 time=2.028
After sweep 6 energy=-5.5739894  maxlinkdim=196 maxerr=7.07E-08 time=1.945
After sweep 7 energy=-5.604831  maxlinkdim=206 maxerr=1.12E-07 time=1.872
After sweep 8 energy=-5.6277084  maxlinkdim=210 maxerr=8.14E-08 time=1.889
After sweep 9 energy=-5.643402  maxlinkdim=214 maxerr=2.88E-08 time=1.895
After sweep 10 energy=-5.6549354  maxlinkdim=182 maxerr=5.49E-09 time=1.910
After sweep 11 energy=-5.662772  maxlinkdim=220 maxerr=1.15E-07 time=1.946
After sweep 12 energy=-5.6678977  maxlinkdim=215 maxerr=1.27E-07 time=1.922
After sweep 13 energy=-5.6710258  maxlinkdim=213 maxerr=1.47E-09 time=1.872
After sweep 14 energy=-5.67301  maxlinkdim=194 maxerr=1.49E-09 time=1.915
After sweep 15 energy=-5.6743164  maxlinkdim=168 maxerr=7.75E-08 time=1.957
After sweep 16 energy=-5.675131  maxlinkdim=181 maxerr=1.00E-10 time=2.033
After sweep 17 energy=-5.6755104  maxlinkdim=183 maxerr=1.37E-07 time=2.123
After sweep 18 energy=-5.675608  maxlinkdim=191 maxerr=7.41E-08 time=2.213
After sweep 19 energy=-5.6756253  maxlinkdim=189 maxerr=5.67E-08 time=2.350
After sweep 20 energy=-5.6756144  maxlinkdim=185 maxerr=8.71E-10 time=2.420
After sweep 21 energy=-5.675613  maxlinkdim=181 maxerr=1.11E-07 time=2.431
After sweep 22 energy=-5.6756053  maxlinkdim=182 maxerr=9.98E-09 time=2.424
After sweep 23 energy=-5.675607  maxlinkdim=180 maxerr=1.00E-10 time=2.436
After sweep 24 energy=-5.6756077  maxlinkdim=180 maxerr=3.39E-09 time=2.422
After sweep 25 energy=-5.6755943  maxlinkdim=181 maxerr=1.21E-07 time=2.417
After sweep 26 energy=-5.67562  maxlinkdim=180 maxerr=1.47E-07 time=2.431
After sweep 27 energy=-5.6756  maxlinkdim=180 maxerr=2.70E-09 time=2.422
After sweep 28 energy=-5.675611  maxlinkdim=183 maxerr=1.06E-08 time=2.431
After sweep 29 energy=-5.675553  maxlinkdim=181 maxerr=1.00E-10 time=2.420
After sweep 30 energy=-5.6756034  maxlinkdim=179 maxerr=1.57E-09 time=2.422
n0: 0.48710164; n1: 0.5000392; mu0: -2.6562854561105507; mu1: -2.646285456110551

Range found between mu0: -2.6562854561105507 (n0: 0.48710164) and mu1: -2.646285456110551 (n1: 0.5000392); refining...
n0: 0.48710164; n1: 0.5000392; mu0: -2.6562854561105507; mu1: -2.646285456110551
Trying secant step...
After sweep 1 energy=-4.7853336  maxlinkdim=16 maxerr=3.04E-07 time=0.559
After sweep 2 energy=-5.8074307  maxlinkdim=183 maxerr=1.48E-08 time=1.318
After sweep 3 energy=-5.9183044  maxlinkdim=201 maxerr=1.38E-09 time=2.176
After sweep 4 energy=-5.9839373  maxlinkdim=212 maxerr=9.61E-08 time=2.268
After sweep 5 energy=-6.0325317  maxlinkdim=201 maxerr=1.77E-07 time=2.161
After sweep 6 energy=-6.06883  maxlinkdim=232 maxerr=1.63E-09 time=1.969
After sweep 7 energy=-6.098032  maxlinkdim=234 maxerr=2.25E-09 time=1.885
After sweep 8 energy=-6.1208577  maxlinkdim=207 maxerr=1.66E-09 time=1.898
After sweep 9 energy=-6.1361265  maxlinkdim=163 maxerr=1.26E-09 time=1.879
After sweep 10 energy=-6.147355  maxlinkdim=269 maxerr=3.72E-08 time=1.903
After sweep 11 energy=-6.1547117  maxlinkdim=236 maxerr=5.00E-10 time=1.908
After sweep 12 energy=-6.159706  maxlinkdim=233 maxerr=1.63E-09 time=1.942
After sweep 13 energy=-6.1633615  maxlinkdim=204 maxerr=5.09E-08 time=1.994
After sweep 14 energy=-6.16537  maxlinkdim=173 maxerr=9.98E-11 time=2.007
After sweep 15 energy=-6.1665134  maxlinkdim=184 maxerr=6.54E-10 time=2.007
After sweep 16 energy=-6.1671495  maxlinkdim=179 maxerr=1.45E-07 time=2.052
After sweep 17 energy=-6.1675158  maxlinkdim=189 maxerr=3.03E-08 time=2.560
After sweep 18 energy=-6.1676755  maxlinkdim=195 maxerr=8.38E-08 time=2.244
After sweep 19 energy=-6.167707  maxlinkdim=189 maxerr=1.29E-07 time=2.333
After sweep 20 energy=-6.167672  maxlinkdim=192 maxerr=1.43E-07 time=2.443
After sweep 21 energy=-6.16768  maxlinkdim=189 maxerr=3.63E-08 time=2.537
After sweep 22 energy=-6.16764  maxlinkdim=188 maxerr=5.71E-08 time=2.518
After sweep 23 energy=-6.1676726  maxlinkdim=184 maxerr=5.97E-10 time=2.496
After sweep 24 energy=-6.167633  maxlinkdim=184 maxerr=1.00E-10 time=2.518
After sweep 25 energy=-6.167658  maxlinkdim=185 maxerr=2.05E-09 time=2.523
After sweep 26 energy=-6.1676617  maxlinkdim=188 maxerr=1.64E-09 time=2.517
After sweep 27 energy=-6.167667  maxlinkdim=185 maxerr=1.60E-07 time=2.509
After sweep 28 energy=-6.167664  maxlinkdim=185 maxerr=1.35E-09 time=2.518
After sweep 29 energy=-6.167645  maxlinkdim=188 maxerr=1.53E-09 time=2.511
After sweep 30 energy=-6.1676774  maxlinkdim=185 maxerr=1.61E-09 time=2.509
FOUND MU (secant); mu: -2.6463157707982012  n: 0.5000006
Target density achieved with mu=-2.6463157707982012, n=0.5000006
Checking {alpha,beta} vs measured
Alpha not converged.
NOT CONVERGED; updating alpha, beta and continuing...
After sweep 1 energy=-4.7832594  maxlinkdim=16 maxerr=3.18E-07 time=0.555
After sweep 2 energy=-5.79916  maxlinkdim=176 maxerr=2.04E-08 time=1.274
After sweep 3 energy=-5.9121118  maxlinkdim=192 maxerr=1.45E-09 time=2.053
After sweep 4 energy=-5.9796567  maxlinkdim=196 maxerr=9.99E-11 time=2.126
After sweep 5 energy=-6.031841  maxlinkdim=214 maxerr=3.25E-09 time=2.052
After sweep 6 energy=-6.0691266  maxlinkdim=190 maxerr=2.70E-09 time=1.961
After sweep 7 energy=-6.099457  maxlinkdim=232 maxerr=7.42E-08 time=1.922
After sweep 8 energy=-6.1204567  maxlinkdim=229 maxerr=1.38E-07 time=1.939
After sweep 9 energy=-6.13513  maxlinkdim=249 maxerr=2.40E-09 time=1.911
After sweep 10 energy=-6.146002  maxlinkdim=183 maxerr=2.70E-07 time=1.867
After sweep 11 energy=-6.1546683  maxlinkdim=190 maxerr=9.34E-10 time=1.944
After sweep 12 energy=-6.1600175  maxlinkdim=182 maxerr=1.25E-07 time=2.007
After sweep 13 energy=-6.1630535  maxlinkdim=178 maxerr=4.55E-08 time=1.933
After sweep 14 energy=-6.1648126  maxlinkdim=191 maxerr=9.99E-11 time=1.976
After sweep 15 energy=-6.1658297  maxlinkdim=185 maxerr=8.96E-08 time=1.973
After sweep 16 energy=-6.16646  maxlinkdim=190 maxerr=1.59E-10 time=2.048
After sweep 17 energy=-6.1668525  maxlinkdim=185 maxerr=9.99E-11 time=2.147
After sweep 18 energy=-6.166978  maxlinkdim=194 maxerr=1.35E-09 time=2.238
After sweep 19 energy=-6.1670074  maxlinkdim=193 maxerr=2.19E-07 time=2.342
After sweep 20 energy=-6.1669984  maxlinkdim=189 maxerr=1.76E-07 time=2.441
After sweep 21 energy=-6.166957  maxlinkdim=189 maxerr=9.99E-11 time=2.515
After sweep 22 energy=-6.166953  maxlinkdim=185 maxerr=1.03E-08 time=2.516
After sweep 23 energy=-6.166973  maxlinkdim=187 maxerr=3.85E-09 time=2.513
After sweep 24 energy=-6.1669426  maxlinkdim=190 maxerr=8.37E-10 time=2.525
After sweep 25 energy=-6.166997  maxlinkdim=185 maxerr=7.91E-10 time=2.525
After sweep 26 energy=-6.166977  maxlinkdim=185 maxerr=9.99E-11 time=2.521
After sweep 27 energy=-6.1669297  maxlinkdim=188 maxerr=2.00E-09 time=2.527
After sweep 28 energy=-6.166952  maxlinkdim=187 maxerr=1.95E-10 time=2.524
After sweep 29 energy=-6.1669703  maxlinkdim=186 maxerr=6.09E-10 time=2.520
After sweep 30 energy=-6.1669507  maxlinkdim=184 maxerr=7.98E-10 time=2.521
Not same mu, searching again
After sweep 1 energy=-4.290452  maxlinkdim=16 maxerr=2.25E-07 time=0.552
After sweep 2 energy=-5.304797  maxlinkdim=175 maxerr=4.12E-08 time=1.304
After sweep 3 energy=-5.4180756  maxlinkdim=213 maxerr=1.04E-09 time=2.111
After sweep 4 energy=-5.4869366  maxlinkdim=194 maxerr=1.68E-09 time=2.177
After sweep 5 energy=-5.5415373  maxlinkdim=235 maxerr=1.69E-09 time=2.121
After sweep 6 energy=-5.579529  maxlinkdim=183 maxerr=5.40E-08 time=1.984
After sweep 7 energy=-5.608903  maxlinkdim=260 maxerr=2.20E-09 time=1.956
After sweep 8 energy=-5.629767  maxlinkdim=214 maxerr=1.49E-07 time=1.966
After sweep 9 energy=-5.6440153  maxlinkdim=173 maxerr=1.55E-07 time=1.854
After sweep 10 energy=-5.654538  maxlinkdim=199 maxerr=1.26E-07 time=1.843
After sweep 11 energy=-5.662626  maxlinkdim=230 maxerr=6.62E-10 time=1.896
After sweep 12 energy=-5.6678348  maxlinkdim=196 maxerr=1.40E-07 time=1.976
After sweep 13 energy=-5.670286  maxlinkdim=188 maxerr=8.46E-08 time=1.923
After sweep 14 energy=-5.67181  maxlinkdim=184 maxerr=9.94E-08 time=1.955
After sweep 15 energy=-5.6727467  maxlinkdim=179 maxerr=5.53E-10 time=1.987
After sweep 16 energy=-5.673168  maxlinkdim=185 maxerr=4.00E-10 time=2.065
After sweep 17 energy=-5.673313  maxlinkdim=188 maxerr=8.18E-10 time=2.121
After sweep 18 energy=-5.6733885  maxlinkdim=188 maxerr=1.03E-09 time=2.203
After sweep 19 energy=-5.6734  maxlinkdim=186 maxerr=1.34E-07 time=2.327
After sweep 20 energy=-5.6734304  maxlinkdim=183 maxerr=6.83E-08 time=2.387
After sweep 21 energy=-5.673395  maxlinkdim=179 maxerr=1.52E-07 time=2.417
After sweep 22 energy=-5.6733856  maxlinkdim=180 maxerr=1.63E-09 time=2.426
After sweep 23 energy=-5.673401  maxlinkdim=181 maxerr=2.78E-08 time=2.415
After sweep 24 energy=-5.673417  maxlinkdim=179 maxerr=5.37E-08 time=2.415
After sweep 25 energy=-5.673404  maxlinkdim=182 maxerr=1.00E-10 time=2.419
After sweep 26 energy=-5.6734066  maxlinkdim=182 maxerr=3.38E-10 time=2.421
After sweep 27 energy=-5.673408  maxlinkdim=180 maxerr=1.06E-07 time=2.432
After sweep 28 energy=-5.6734004  maxlinkdim=184 maxerr=2.23E-09 time=2.419
After sweep 29 energy=-5.673416  maxlinkdim=180 maxerr=2.43E-08 time=2.428
After sweep 30 energy=-5.6734138  maxlinkdim=180 maxerr=1.54E-09 time=2.411
n0: 0.4870694; n1: 0.5000085; mu0: -2.656315770798201; mu1: -2.6463157707982012

Range found between mu0: -2.656315770798201 (n0: 0.4870694) and mu1: -2.6463157707982012 (n1: 0.5000085); refining...
n0: 0.4870694; n1: 0.5000085; mu0: -2.656315770798201; mu1: -2.6463157707982012
Trying secant step...
After sweep 1 energy=-4.7856164  maxlinkdim=16 maxerr=3.23E-07 time=0.575
After sweep 2 energy=-5.8042703  maxlinkdim=179 maxerr=2.33E-08 time=1.235
After sweep 3 energy=-5.914199  maxlinkdim=198 maxerr=1.78E-07 time=2.150
After sweep 4 energy=-5.981287  maxlinkdim=199 maxerr=9.73E-08 time=2.112
After sweep 5 energy=-6.0320454  maxlinkdim=205 maxerr=1.11E-09 time=2.022
After sweep 6 energy=-6.069652  maxlinkdim=199 maxerr=1.97E-08 time=1.945
After sweep 7 energy=-6.0979743  maxlinkdim=189 maxerr=1.77E-07 time=1.854
After sweep 8 energy=-6.1193666  maxlinkdim=242 maxerr=3.80E-09 time=1.877
After sweep 9 energy=-6.134185  maxlinkdim=190 maxerr=1.09E-07 time=1.856
After sweep 10 energy=-6.1449757  maxlinkdim=209 maxerr=1.14E-07 time=1.848
After sweep 11 energy=-6.153132  maxlinkdim=215 maxerr=2.83E-10 time=1.914
After sweep 12 energy=-6.158985  maxlinkdim=220 maxerr=2.42E-10 time=1.944
After sweep 13 energy=-6.162305  maxlinkdim=252 maxerr=1.08E-09 time=1.971
After sweep 14 energy=-6.1641817  maxlinkdim=195 maxerr=6.63E-08 time=1.955
After sweep 15 energy=-6.1657424  maxlinkdim=193 maxerr=7.57E-09 time=2.070
After sweep 16 energy=-6.166339  maxlinkdim=180 maxerr=9.96E-11 time=2.127
After sweep 17 energy=-6.166592  maxlinkdim=235 maxerr=1.08E-07 time=2.145
After sweep 18 energy=-6.1666117  maxlinkdim=184 maxerr=3.17E-10 time=2.256
After sweep 19 energy=-6.166671  maxlinkdim=190 maxerr=1.03E-09 time=2.335
After sweep 20 energy=-6.1666465  maxlinkdim=194 maxerr=3.88E-08 time=2.474
After sweep 21 energy=-6.1665916  maxlinkdim=187 maxerr=3.34E-07 time=2.523
After sweep 22 energy=-6.1666193  maxlinkdim=186 maxerr=1.10E-09 time=2.516
After sweep 23 energy=-6.166645  maxlinkdim=185 maxerr=9.40E-10 time=2.516
After sweep 24 energy=-6.1666446  maxlinkdim=186 maxerr=2.01E-08 time=2.530
After sweep 25 energy=-6.166643  maxlinkdim=187 maxerr=8.15E-08 time=2.514
After sweep 26 energy=-6.166625  maxlinkdim=183 maxerr=1.16E-09 time=2.512
After sweep 27 energy=-6.166621  maxlinkdim=189 maxerr=3.94E-10 time=2.515
After sweep 28 energy=-6.1666408  maxlinkdim=189 maxerr=2.65E-09 time=2.519
After sweep 29 energy=-6.1666274  maxlinkdim=189 maxerr=2.12E-08 time=2.519
After sweep 30 energy=-6.1666617  maxlinkdim=186 maxerr=3.36E-08 time=2.508
FOUND MU (secant); mu: -2.646322358155542  n: 0.50000066
Target density achieved with mu=-2.646322358155542, n=0.50000066
Checking {alpha,beta} vs measured
Alpha not converged.
NOT CONVERGED; updating alpha, beta and continuing...
After sweep 1 energy=-4.775426  maxlinkdim=16 maxerr=2.24E-07 time=0.549
After sweep 2 energy=-5.80618  maxlinkdim=178 maxerr=7.86E-09 time=1.316
After sweep 3 energy=-5.9151125  maxlinkdim=211 maxerr=3.05E-09 time=2.129
After sweep 4 energy=-5.980238  maxlinkdim=206 maxerr=2.34E-09 time=2.139
After sweep 5 energy=-6.0325236  maxlinkdim=232 maxerr=3.20E-08 time=2.023
After sweep 6 energy=-6.0685153  maxlinkdim=200 maxerr=1.14E-07 time=1.906
After sweep 7 energy=-6.0977597  maxlinkdim=191 maxerr=1.54E-07 time=1.874
After sweep 8 energy=-6.11999  maxlinkdim=229 maxerr=5.67E-08 time=1.857
After sweep 9 energy=-6.134456  maxlinkdim=167 maxerr=1.46E-07 time=1.835
After sweep 10 energy=-6.145515  maxlinkdim=222 maxerr=1.49E-09 time=1.849
After sweep 11 energy=-6.153445  maxlinkdim=208 maxerr=2.92E-09 time=1.914
After sweep 12 energy=-6.1589227  maxlinkdim=205 maxerr=9.99E-11 time=1.976
After sweep 13 energy=-6.162054  maxlinkdim=204 maxerr=2.25E-10 time=1.981
After sweep 14 energy=-6.1639633  maxlinkdim=188 maxerr=8.28E-10 time=1.960
After sweep 15 energy=-6.1651874  maxlinkdim=173 maxerr=4.46E-08 time=2.008
After sweep 16 energy=-6.1660795  maxlinkdim=196 maxerr=1.18E-08 time=2.119
After sweep 17 energy=-6.166401  maxlinkdim=217 maxerr=1.11E-07 time=2.210
After sweep 18 energy=-6.1664824  maxlinkdim=194 maxerr=1.14E-09 time=2.289
After sweep 19 energy=-6.166505  maxlinkdim=188 maxerr=2.10E-09 time=2.389
After sweep 20 energy=-6.166463  maxlinkdim=193 maxerr=3.32E-10 time=2.482
After sweep 21 energy=-6.1664567  maxlinkdim=185 maxerr=9.99E-11 time=2.540
After sweep 22 energy=-6.166483  maxlinkdim=186 maxerr=1.42E-09 time=2.526
After sweep 23 energy=-6.1664414  maxlinkdim=184 maxerr=1.98E-07 time=2.509
After sweep 24 energy=-6.166468  maxlinkdim=188 maxerr=1.53E-07 time=2.509
After sweep 25 energy=-6.166429  maxlinkdim=185 maxerr=1.34E-07 time=2.519
After sweep 26 energy=-6.1664658  maxlinkdim=186 maxerr=5.22E-08 time=2.519
After sweep 27 energy=-6.1664186  maxlinkdim=185 maxerr=2.03E-07 time=2.518
After sweep 28 energy=-6.166479  maxlinkdim=186 maxerr=1.90E-08 time=2.513
After sweep 29 energy=-6.1664686  maxlinkdim=194 maxerr=1.14E-09 time=2.532
After sweep 30 energy=-6.166453  maxlinkdim=186 maxerr=4.19E-10 time=2.530
Same mu: -2.646322358155542 and continuing
Target density achieved with mu=-2.646322358155542, n=0.50000226
Checking {alpha,beta} vs measured
Alpha not converged.
NOT CONVERGED; updating alpha, beta and continuing...
After sweep 1 energy=-4.794201  maxlinkdim=16 maxerr=2.68E-07 time=0.556
After sweep 2 energy=-5.8103776  maxlinkdim=181 maxerr=3.14E-08 time=1.330
After sweep 3 energy=-5.919552  maxlinkdim=201 maxerr=2.82E-09 time=2.128
After sweep 4 energy=-5.984378  maxlinkdim=189 maxerr=1.62E-07 time=2.201
After sweep 5 energy=-6.0340104  maxlinkdim=206 maxerr=1.39E-07 time=2.115
After sweep 6 energy=-6.069091  maxlinkdim=174 maxerr=2.35E-09 time=1.949
After sweep 7 energy=-6.097279  maxlinkdim=207 maxerr=2.30E-08 time=1.861
After sweep 8 energy=-6.119416  maxlinkdim=238 maxerr=1.52E-07 time=1.890
After sweep 9 energy=-6.1343136  maxlinkdim=186 maxerr=1.15E-07 time=1.902
After sweep 10 energy=-6.1450043  maxlinkdim=212 maxerr=6.12E-08 time=1.873
After sweep 11 energy=-6.1528606  maxlinkdim=252 maxerr=1.24E-09 time=1.913
After sweep 12 energy=-6.1586366  maxlinkdim=189 maxerr=1.34E-07 time=1.973
After sweep 13 energy=-6.1622133  maxlinkdim=177 maxerr=1.31E-09 time=1.963
After sweep 14 energy=-6.1642356  maxlinkdim=172 maxerr=1.92E-07 time=1.951
After sweep 15 energy=-6.16529  maxlinkdim=170 maxerr=2.77E-07 time=1.951
After sweep 16 energy=-6.1659184  maxlinkdim=190 maxerr=1.46E-07 time=2.002
After sweep 17 energy=-6.166291  maxlinkdim=181 maxerr=1.32E-07 time=2.091
After sweep 18 energy=-6.1664114  maxlinkdim=194 maxerr=1.00E-10 time=2.254
After sweep 19 energy=-6.1664405  maxlinkdim=195 maxerr=5.75E-08 time=2.408
After sweep 20 energy=-6.1664114  maxlinkdim=187 maxerr=2.33E-08 time=2.921
After sweep 21 energy=-6.166402  maxlinkdim=188 maxerr=1.00E-10 time=2.522
After sweep 22 energy=-6.166368  maxlinkdim=184 maxerr=4.88E-08 time=2.507
After sweep 23 energy=-6.166395  maxlinkdim=188 maxerr=1.34E-09 time=2.516
After sweep 24 energy=-6.1664324  maxlinkdim=187 maxerr=5.12E-10 time=2.503
After sweep 25 energy=-6.16642  maxlinkdim=186 maxerr=1.43E-09 time=2.507
After sweep 26 energy=-6.166433  maxlinkdim=184 maxerr=9.99E-11 time=2.507
After sweep 27 energy=-6.166434  maxlinkdim=185 maxerr=7.18E-10 time=2.504
After sweep 28 energy=-6.166421  maxlinkdim=189 maxerr=1.44E-07 time=2.530
After sweep 29 energy=-6.166413  maxlinkdim=187 maxerr=1.03E-09 time=2.511
After sweep 30 energy=-6.1664248  maxlinkdim=186 maxerr=1.00E-10 time=2.512
Same mu: -2.646322358155542 and continuing
Target density achieved with mu=-2.646322358155542, n=0.50000334
Checking {alpha,beta} vs measured
Alpha not converged.
NOT CONVERGED; updating alpha, beta and continuing...
After sweep 1 energy=-4.8003106  maxlinkdim=16 maxerr=3.38E-07 time=0.549
After sweep 2 energy=-5.8087497  maxlinkdim=181 maxerr=1.91E-08 time=1.275
After sweep 3 energy=-5.9180293  maxlinkdim=194 maxerr=1.20E-09 time=2.185
After sweep 4 energy=-5.982725  maxlinkdim=214 maxerr=2.25E-09 time=2.186
After sweep 5 energy=-6.032746  maxlinkdim=213 maxerr=1.26E-09 time=2.142
After sweep 6 energy=-6.068773  maxlinkdim=196 maxerr=9.41E-09 time=1.955
After sweep 7 energy=-6.0974064  maxlinkdim=213 maxerr=8.63E-08 time=1.865
After sweep 8 energy=-6.119641  maxlinkdim=211 maxerr=1.03E-09 time=1.887
After sweep 9 energy=-6.135275  maxlinkdim=214 maxerr=4.07E-08 time=1.936
After sweep 10 energy=-6.146166  maxlinkdim=256 maxerr=1.00E-10 time=1.916
After sweep 11 energy=-6.153953  maxlinkdim=213 maxerr=8.53E-08 time=1.953
After sweep 12 energy=-6.1591663  maxlinkdim=185 maxerr=1.48E-10 time=1.925
After sweep 13 energy=-6.162512  maxlinkdim=187 maxerr=1.04E-07 time=1.953
After sweep 14 energy=-6.1643114  maxlinkdim=189 maxerr=2.25E-07 time=1.976
After sweep 15 energy=-6.165534  maxlinkdim=183 maxerr=1.40E-07 time=2.025
After sweep 16 energy=-6.16613  maxlinkdim=197 maxerr=1.22E-07 time=2.127
After sweep 17 energy=-6.16634  maxlinkdim=198 maxerr=1.24E-09 time=2.190
After sweep 18 energy=-6.1664314  maxlinkdim=193 maxerr=7.83E-10 time=2.282
After sweep 19 energy=-6.1664276  maxlinkdim=190 maxerr=1.37E-09 time=2.375
After sweep 20 energy=-6.1664124  maxlinkdim=192 maxerr=7.77E-10 time=2.483
After sweep 21 energy=-6.1664095  maxlinkdim=184 maxerr=3.66E-08 time=2.530
After sweep 22 energy=-6.1663795  maxlinkdim=186 maxerr=5.26E-10 time=2.516
After sweep 23 energy=-6.1664066  maxlinkdim=186 maxerr=1.29E-08 time=2.509
After sweep 24 energy=-6.166406  maxlinkdim=183 maxerr=1.10E-09 time=2.519
After sweep 25 energy=-6.166395  maxlinkdim=185 maxerr=1.14E-09 time=2.523
After sweep 26 energy=-6.1664143  maxlinkdim=187 maxerr=3.12E-10 time=2.502
After sweep 27 energy=-6.1664314  maxlinkdim=186 maxerr=1.08E-09 time=2.517
After sweep 28 energy=-6.1663885  maxlinkdim=186 maxerr=1.12E-07 time=2.519
After sweep 29 energy=-6.1664042  maxlinkdim=187 maxerr=9.91E-10 time=2.520
After sweep 30 energy=-6.1664  maxlinkdim=187 maxerr=1.78E-07 time=2.520
Same mu: -2.646322358155542 and continuing
Target density achieved with mu=-2.646322358155542, n=0.5000038
Checking {alpha,beta} vs measured
Alpha not converged.
NOT CONVERGED; updating alpha, beta and continuing...
After sweep 1 energy=-4.786225  maxlinkdim=16 maxerr=1.84E-07 time=0.553
After sweep 2 energy=-5.7937913  maxlinkdim=178 maxerr=1.25E-08 time=1.290
After sweep 3 energy=-5.905243  maxlinkdim=200 maxerr=7.26E-08 time=2.140
After sweep 4 energy=-5.971989  maxlinkdim=200 maxerr=1.23E-07 time=2.146
After sweep 5 energy=-6.02507  maxlinkdim=204 maxerr=1.14E-09 time=2.065
After sweep 6 energy=-6.063176  maxlinkdim=174 maxerr=2.53E-08 time=1.932
After sweep 7 energy=-6.09394  maxlinkdim=194 maxerr=2.88E-09 time=1.883
After sweep 8 energy=-6.117717  maxlinkdim=212 maxerr=3.01E-08 time=1.919
After sweep 9 energy=-6.1331778  maxlinkdim=169 maxerr=1.13E-07 time=1.889
After sweep 10 energy=-6.1439996  maxlinkdim=178 maxerr=8.30E-10 time=1.819
After sweep 11 energy=-6.15245  maxlinkdim=189 maxerr=7.99E-08 time=1.934
After sweep 12 energy=-6.1598835  maxlinkdim=182 maxerr=1.72E-07 time=1.972
After sweep 13 energy=-6.162911  maxlinkdim=168 maxerr=9.45E-10 time=1.959
After sweep 14 energy=-6.164487  maxlinkdim=183 maxerr=4.41E-09 time=1.908
After sweep 15 energy=-6.1654797  maxlinkdim=182 maxerr=3.31E-10 time=1.982
After sweep 16 energy=-6.166028  maxlinkdim=201 maxerr=1.00E-10 time=2.080
After sweep 17 energy=-6.166274  maxlinkdim=199 maxerr=1.74E-10 time=2.152
After sweep 18 energy=-6.166406  maxlinkdim=187 maxerr=1.31E-09 time=2.254
After sweep 19 energy=-6.1664376  maxlinkdim=189 maxerr=1.00E-10 time=2.354
After sweep 20 energy=-6.1663895  maxlinkdim=195 maxerr=1.25E-08 time=2.456
After sweep 21 energy=-6.16638  maxlinkdim=186 maxerr=1.40E-07 time=2.541
After sweep 22 energy=-6.1664176  maxlinkdim=189 maxerr=9.08E-08 time=2.512
After sweep 23 energy=-6.1664104  maxlinkdim=187 maxerr=6.63E-08 time=2.522
After sweep 24 energy=-6.1663933  maxlinkdim=184 maxerr=5.83E-08 time=2.510
After sweep 25 energy=-6.166403  maxlinkdim=184 maxerr=1.91E-09 time=2.521
After sweep 26 energy=-6.1664076  maxlinkdim=191 maxerr=2.22E-10 time=2.505
After sweep 27 energy=-6.166402  maxlinkdim=186 maxerr=1.01E-08 time=2.529
After sweep 28 energy=-6.1664004  maxlinkdim=188 maxerr=3.26E-07 time=2.520
After sweep 29 energy=-6.166403  maxlinkdim=189 maxerr=7.38E-08 time=2.530
After sweep 30 energy=-6.166415  maxlinkdim=189 maxerr=4.14E-10 time=2.537
Same mu: -2.646322358155542 and continuing
Target density achieved with mu=-2.646322358155542, n=0.5000028
Checking {alpha,beta} vs measured
Alpha not converged.
NOT CONVERGED; updating alpha, beta and continuing...
After sweep 1 energy=-4.781642  maxlinkdim=16 maxerr=1.82E-07 time=0.565
After sweep 2 energy=-5.80777  maxlinkdim=173 maxerr=2.18E-08 time=1.232
After sweep 3 energy=-5.9207644  maxlinkdim=216 maxerr=1.43E-09 time=2.253
After sweep 4 energy=-5.987155  maxlinkdim=214 maxerr=1.30E-07 time=2.296
After sweep 5 energy=-6.0356946  maxlinkdim=228 maxerr=3.38E-09 time=2.177
After sweep 6 energy=-6.0700645  maxlinkdim=186 maxerr=1.41E-07 time=2.025
After sweep 7 energy=-6.09816  maxlinkdim=273 maxerr=1.60E-09 time=1.912
After sweep 8 energy=-6.119905  maxlinkdim=218 maxerr=2.39E-09 time=1.934
After sweep 9 energy=-6.1348763  maxlinkdim=201 maxerr=5.62E-10 time=1.870
After sweep 10 energy=-6.1451874  maxlinkdim=229 maxerr=3.70E-08 time=1.839
After sweep 11 energy=-6.1528006  maxlinkdim=228 maxerr=1.17E-07 time=1.849
After sweep 12 energy=-6.1581163  maxlinkdim=196 maxerr=2.20E-07 time=1.848
After sweep 13 energy=-6.1616716  maxlinkdim=190 maxerr=5.80E-08 time=1.912
After sweep 14 energy=-6.163975  maxlinkdim=220 maxerr=1.00E-10 time=1.950
After sweep 15 energy=-6.165196  maxlinkdim=199 maxerr=9.34E-08 time=1.995
After sweep 16 energy=-6.1658707  maxlinkdim=197 maxerr=2.55E-07 time=2.067
After sweep 17 energy=-6.1663  maxlinkdim=187 maxerr=8.82E-10 time=2.191
After sweep 18 energy=-6.1664014  maxlinkdim=191 maxerr=2.55E-10 time=2.285
After sweep 19 energy=-6.166431  maxlinkdim=193 maxerr=7.76E-08 time=2.368
After sweep 20 energy=-6.166406  maxlinkdim=190 maxerr=9.98E-11 time=2.481
After sweep 21 energy=-6.1664066  maxlinkdim=185 maxerr=1.09E-07 time=2.536
After sweep 22 energy=-6.1664143  maxlinkdim=185 maxerr=2.34E-08 time=2.511
After sweep 23 energy=-6.1663933  maxlinkdim=184 maxerr=4.70E-08 time=2.513
After sweep 24 energy=-6.1663785  maxlinkdim=186 maxerr=1.52E-07 time=2.512
After sweep 25 energy=-6.1664057  maxlinkdim=188 maxerr=5.81E-08 time=2.525
After sweep 26 energy=-6.1663876  maxlinkdim=186 maxerr=1.20E-09 time=2.521
After sweep 27 energy=-6.166392  maxlinkdim=189 maxerr=9.96E-11 time=2.533
After sweep 28 energy=-6.166397  maxlinkdim=188 maxerr=5.29E-08 time=2.516
After sweep 29 energy=-6.1664114  maxlinkdim=185 maxerr=1.02E-08 time=2.509
After sweep 30 energy=-6.1664042  maxlinkdim=185 maxerr=1.37E-08 time=2.513
Same mu: -2.646322358155542 and continuing
Target density achieved with mu=-2.646322358155542, n=0.5000029
Checking {alpha,beta} vs measured
Alpha not converged.
NOT CONVERGED; updating alpha, beta and continuing...
After sweep 1 energy=-4.785867  maxlinkdim=16 maxerr=2.94E-07 time=0.547
After sweep 2 energy=-5.805267  maxlinkdim=175 maxerr=6.51E-08 time=1.320
After sweep 3 energy=-5.9135365  maxlinkdim=193 maxerr=1.12E-07 time=2.133
After sweep 4 energy=-5.9790277  maxlinkdim=192 maxerr=9.46E-10 time=2.143
After sweep 5 energy=-6.028721  maxlinkdim=208 maxerr=2.01E-09 time=2.091
After sweep 6 energy=-6.064983  maxlinkdim=194 maxerr=1.22E-07 time=1.954
After sweep 7 energy=-6.0943303  maxlinkdim=235 maxerr=1.31E-07 time=1.888
After sweep 8 energy=-6.1177483  maxlinkdim=218 maxerr=3.98E-08 time=1.855
After sweep 9 energy=-6.133757  maxlinkdim=171 maxerr=9.42E-10 time=1.869
After sweep 10 energy=-6.144908  maxlinkdim=207 maxerr=1.49E-07 time=1.828
After sweep 11 energy=-6.1532803  maxlinkdim=259 maxerr=8.83E-10 time=1.895
After sweep 12 energy=-6.158643  maxlinkdim=201 maxerr=1.02E-09 time=1.902
After sweep 13 energy=-6.161846  maxlinkdim=167 maxerr=5.09E-08 time=1.860
After sweep 14 energy=-6.1638117  maxlinkdim=188 maxerr=1.64E-07 time=1.865
After sweep 15 energy=-6.165053  maxlinkdim=166 maxerr=7.88E-10 time=1.911
After sweep 16 energy=-6.1659365  maxlinkdim=188 maxerr=1.91E-09 time=1.997
After sweep 17 energy=-6.1663423  maxlinkdim=196 maxerr=9.78E-10 time=2.168
After sweep 18 energy=-6.166452  maxlinkdim=201 maxerr=6.36E-08 time=2.244
After sweep 19 energy=-6.166441  maxlinkdim=197 maxerr=9.69E-10 time=2.371
After sweep 20 energy=-6.16642  maxlinkdim=193 maxerr=4.78E-09 time=2.494
After sweep 21 energy=-6.1664257  maxlinkdim=191 maxerr=1.37E-07 time=2.545
After sweep 22 energy=-6.1664014  maxlinkdim=187 maxerr=1.26E-07 time=2.525
After sweep 23 energy=-6.166401  maxlinkdim=184 maxerr=1.31E-09 time=2.508
After sweep 24 energy=-6.1663976  maxlinkdim=186 maxerr=1.01E-09 time=2.513
After sweep 25 energy=-6.1664104  maxlinkdim=186 maxerr=1.83E-09 time=2.520
After sweep 26 energy=-6.166393  maxlinkdim=186 maxerr=8.74E-10 time=2.501
After sweep 27 energy=-6.1664133  maxlinkdim=189 maxerr=2.47E-08 time=2.519
After sweep 28 energy=-6.1664076  maxlinkdim=188 maxerr=1.05E-09 time=2.519
After sweep 29 energy=-6.166396  maxlinkdim=184 maxerr=2.68E-09 time=2.531
After sweep 30 energy=-6.1663904  maxlinkdim=184 maxerr=7.97E-08 time=2.509
Same mu: -2.646322358155542 and continuing
Target density achieved with mu=-2.646322358155542, n=0.5000035
Checking {alpha,beta} vs measured
Alpha not converged.
NOT CONVERGED; updating alpha, beta and continuing...
After sweep 1 energy=-4.790181  maxlinkdim=16 maxerr=2.46E-07 time=0.532
After sweep 2 energy=-5.8093348  maxlinkdim=175 maxerr=1.05E-08 time=1.264
After sweep 3 energy=-5.915283  maxlinkdim=198 maxerr=2.15E-09 time=2.194
After sweep 4 energy=-5.9816046  maxlinkdim=191 maxerr=1.23E-09 time=2.082
After sweep 5 energy=-6.0330243  maxlinkdim=220 maxerr=2.53E-07 time=1.975
After sweep 6 energy=-6.068664  maxlinkdim=188 maxerr=2.12E-07 time=1.930
After sweep 7 energy=-6.098184  maxlinkdim=251 maxerr=5.84E-09 time=1.876
After sweep 8 energy=-6.1196876  maxlinkdim=265 maxerr=1.21E-09 time=1.911
After sweep 9 energy=-6.134498  maxlinkdim=186 maxerr=1.68E-07 time=1.941
After sweep 10 energy=-6.144964  maxlinkdim=168 maxerr=1.19E-09 time=1.818
After sweep 11 energy=-6.1526775  maxlinkdim=218 maxerr=1.36E-10 time=1.840
After sweep 12 energy=-6.1582913  maxlinkdim=170 maxerr=1.09E-07 time=1.868
After sweep 13 energy=-6.1620116  maxlinkdim=184 maxerr=8.45E-08 time=1.922
After sweep 14 energy=-6.164071  maxlinkdim=174 maxerr=8.35E-08 time=1.915
After sweep 15 energy=-6.165383  maxlinkdim=184 maxerr=1.78E-07 time=1.978
After sweep 16 energy=-6.16603  maxlinkdim=178 maxerr=1.05E-07 time=2.045
After sweep 17 energy=-6.166298  maxlinkdim=185 maxerr=1.15E-09 time=2.125
After sweep 18 energy=-6.1663933  maxlinkdim=185 maxerr=2.35E-07 time=2.193
After sweep 19 energy=-6.1664386  maxlinkdim=195 maxerr=7.05E-10 time=2.302
After sweep 20 energy=-6.166424  maxlinkdim=192 maxerr=1.00E-10 time=2.429
After sweep 21 energy=-6.1664085  maxlinkdim=188 maxerr=2.21E-08 time=2.508
After sweep 22 energy=-6.166416  maxlinkdim=184 maxerr=1.52E-07 time=2.528
After sweep 23 energy=-6.166378  maxlinkdim=187 maxerr=9.60E-10 time=2.495
After sweep 24 energy=-6.166383  maxlinkdim=183 maxerr=1.00E-10 time=2.505
After sweep 25 energy=-6.166401  maxlinkdim=186 maxerr=2.08E-08 time=2.522
After sweep 26 energy=-6.166407  maxlinkdim=186 maxerr=9.99E-11 time=2.508
After sweep 27 energy=-6.166407  maxlinkdim=185 maxerr=1.42E-07 time=2.506
After sweep 28 energy=-6.1664004  maxlinkdim=186 maxerr=8.58E-08 time=2.518
After sweep 29 energy=-6.1664085  maxlinkdim=187 maxerr=6.93E-10 time=2.509
After sweep 30 energy=-6.1663933  maxlinkdim=188 maxerr=1.99E-07 time=2.511
Same mu: -2.646322358155542 and continuing
Target density achieved with mu=-2.646322358155542, n=0.5000032
Checking {alpha,beta} vs measured
Alpha not converged.
NOT CONVERGED; updating alpha, beta and continuing...
After sweep 1 energy=-4.786573  maxlinkdim=16 maxerr=3.05E-07 time=0.545
After sweep 2 energy=-5.8095083  maxlinkdim=182 maxerr=1.29E-08 time=1.266
After sweep 3 energy=-5.915469  maxlinkdim=193 maxerr=3.34E-08 time=2.179
After sweep 4 energy=-5.9807343  maxlinkdim=185 maxerr=1.87E-09 time=2.126
After sweep 5 energy=-6.031627  maxlinkdim=189 maxerr=1.86E-08 time=2.009
After sweep 6 energy=-6.068262  maxlinkdim=186 maxerr=1.15E-07 time=1.919
After sweep 7 energy=-6.099031  maxlinkdim=263 maxerr=1.79E-07 time=1.966
After sweep 8 energy=-6.1203213  maxlinkdim=210 maxerr=2.12E-09 time=1.999
After sweep 9 energy=-6.134756  maxlinkdim=182 maxerr=8.52E-08 time=1.881
After sweep 10 energy=-6.1455703  maxlinkdim=281 maxerr=1.26E-09 time=1.852
After sweep 11 energy=-6.153348  maxlinkdim=180 maxerr=1.48E-09 time=1.916
After sweep 12 energy=-6.1589737  maxlinkdim=189 maxerr=1.02E-08 time=1.934
After sweep 13 energy=-6.1623983  maxlinkdim=178 maxerr=1.21E-07 time=1.928
After sweep 14 energy=-6.1645436  maxlinkdim=171 maxerr=1.00E-10 time=1.954
After sweep 15 energy=-6.165782  maxlinkdim=211 maxerr=8.16E-08 time=2.052
After sweep 16 energy=-6.166147  maxlinkdim=188 maxerr=5.70E-10 time=2.075
After sweep 17 energy=-6.1663446  maxlinkdim=200 maxerr=9.51E-10 time=2.156
After sweep 18 energy=-6.166416  maxlinkdim=190 maxerr=1.20E-10 time=2.271
After sweep 19 energy=-6.166393  maxlinkdim=195 maxerr=8.77E-10 time=2.407
After sweep 20 energy=-6.166395  maxlinkdim=187 maxerr=1.33E-08 time=2.493
After sweep 21 energy=-6.166381  maxlinkdim=184 maxerr=1.00E-10 time=2.537
After sweep 22 energy=-6.166424  maxlinkdim=184 maxerr=9.68E-08 time=2.502
After sweep 23 energy=-6.166378  maxlinkdim=184 maxerr=1.00E-10 time=2.523
After sweep 24 energy=-6.166395  maxlinkdim=186 maxerr=8.39E-08 time=2.520
After sweep 25 energy=-6.1664104  maxlinkdim=186 maxerr=1.38E-09 time=2.533
After sweep 26 energy=-6.166378  maxlinkdim=187 maxerr=3.51E-08 time=2.512
After sweep 27 energy=-6.16639  maxlinkdim=189 maxerr=1.05E-07 time=2.512
After sweep 28 energy=-6.1663857  maxlinkdim=193 maxerr=4.37E-10 time=2.534
After sweep 29 energy=-6.1664166  maxlinkdim=185 maxerr=5.58E-10 time=2.545
After sweep 30 energy=-6.166395  maxlinkdim=186 maxerr=1.21E-09 time=2.522
Same mu: -2.646322358155542 and continuing
Target density achieved with mu=-2.646322358155542, n=0.500003
Checking {alpha,beta} vs measured
Alpha not converged.
NOT CONVERGED; updating alpha, beta and continuing...
After sweep 1 energy=-4.7767262  maxlinkdim=16 maxerr=3.33E-07 time=0.587
After sweep 2 energy=-5.791687  maxlinkdim=182 maxerr=1.21E-08 time=1.302
After sweep 3 energy=-5.9029617  maxlinkdim=205 maxerr=1.22E-07 time=2.140
After sweep 4 energy=-5.970303  maxlinkdim=220 maxerr=1.90E-07 time=2.216
After sweep 5 energy=-6.021834  maxlinkdim=214 maxerr=1.66E-09 time=2.114
After sweep 6 energy=-6.0590053  maxlinkdim=195 maxerr=1.23E-07 time=1.938
After sweep 7 energy=-6.090398  maxlinkdim=246 maxerr=1.06E-09 time=1.850
After sweep 8 energy=-6.114145  maxlinkdim=215 maxerr=3.09E-09 time=1.884
After sweep 9 energy=-6.1310916  maxlinkdim=217 maxerr=4.90E-08 time=1.927
After sweep 10 energy=-6.142515  maxlinkdim=200 maxerr=1.25E-10 time=1.892
After sweep 11 energy=-6.1516066  maxlinkdim=203 maxerr=1.43E-08 time=1.849
After sweep 12 energy=-6.1576757  maxlinkdim=225 maxerr=3.77E-09 time=1.869
After sweep 13 energy=-6.1611958  maxlinkdim=196 maxerr=5.24E-08 time=1.894
After sweep 14 energy=-6.1634936  maxlinkdim=219 maxerr=8.45E-10 time=1.939
After sweep 15 energy=-6.1651125  maxlinkdim=231 maxerr=1.43E-09 time=2.018
After sweep 16 energy=-6.165889  maxlinkdim=210 maxerr=6.48E-10 time=2.094
After sweep 17 energy=-6.1662464  maxlinkdim=186 maxerr=1.03E-09 time=2.134
After sweep 18 energy=-6.166377  maxlinkdim=193 maxerr=2.63E-10 time=2.236
After sweep 19 energy=-6.1664047  maxlinkdim=196 maxerr=1.83E-09 time=2.325
After sweep 20 energy=-6.1664143  maxlinkdim=192 maxerr=1.35E-08 time=2.449
After sweep 21 energy=-6.166412  maxlinkdim=188 maxerr=9.99E-11 time=2.514
After sweep 22 energy=-6.166395  maxlinkdim=185 maxerr=2.97E-08 time=2.530
After sweep 23 energy=-6.166401  maxlinkdim=187 maxerr=1.13E-07 time=2.517
After sweep 24 energy=-6.1663914  maxlinkdim=186 maxerr=1.00E-10 time=2.521
After sweep 25 energy=-6.1663704  maxlinkdim=186 maxerr=4.82E-10 time=2.512
After sweep 26 energy=-6.166373  maxlinkdim=187 maxerr=1.22E-09 time=2.523
After sweep 27 energy=-6.166377  maxlinkdim=184 maxerr=1.92E-07 time=2.518
After sweep 28 energy=-6.1664042  maxlinkdim=188 maxerr=1.00E-10 time=2.517
After sweep 29 energy=-6.1664104  maxlinkdim=185 maxerr=6.03E-10 time=2.524
After sweep 30 energy=-6.166387  maxlinkdim=184 maxerr=2.20E-07 time=2.536
Same mu: -2.646322358155542 and continuing
Target density achieved with mu=-2.646322358155542, n=0.50000215
Checking {alpha,beta} vs measured
Alpha not converged.
NOT CONVERGED; updating alpha, beta and continuing...
After sweep 1 energy=-4.7774835  maxlinkdim=16 maxerr=2.18E-07 time=0.556
After sweep 2 energy=-5.7973857  maxlinkdim=179 maxerr=1.16E-07 time=1.276
After sweep 3 energy=-5.9079776  maxlinkdim=191 maxerr=2.86E-08 time=2.084
After sweep 4 energy=-5.973963  maxlinkdim=187 maxerr=9.34E-08 time=2.118
After sweep 5 energy=-6.0268893  maxlinkdim=207 maxerr=9.83E-08 time=2.042
After sweep 6 energy=-6.065054  maxlinkdim=166 maxerr=1.76E-09 time=1.933
After sweep 7 energy=-6.094992  maxlinkdim=224 maxerr=2.95E-07 time=1.884
After sweep 8 energy=-6.116813  maxlinkdim=178 maxerr=1.22E-07 time=1.864
After sweep 9 energy=-6.133131  maxlinkdim=186 maxerr=1.53E-07 time=1.869
After sweep 10 energy=-6.14573  maxlinkdim=221 maxerr=1.53E-07 time=1.921
After sweep 11 energy=-6.15538  maxlinkdim=234 maxerr=1.87E-07 time=2.006
After sweep 12 energy=-6.160659  maxlinkdim=214 maxerr=1.87E-07 time=2.053
After sweep 13 energy=-6.1632257  maxlinkdim=189 maxerr=3.57E-08 time=2.007
After sweep 14 energy=-6.164858  maxlinkdim=175 maxerr=1.00E-10 time=1.991
After sweep 15 energy=-6.165846  maxlinkdim=179 maxerr=1.60E-07 time=2.073
After sweep 16 energy=-6.1662726  maxlinkdim=183 maxerr=7.50E-10 time=2.157
After sweep 17 energy=-6.166401  maxlinkdim=198 maxerr=6.40E-10 time=2.218
After sweep 18 energy=-6.166399  maxlinkdim=196 maxerr=6.89E-10 time=2.323
After sweep 19 energy=-6.166429  maxlinkdim=191 maxerr=1.00E-10 time=2.434
After sweep 20 energy=-6.166416  maxlinkdim=190 maxerr=1.51E-07 time=2.516
After sweep 21 energy=-6.166398  maxlinkdim=184 maxerr=1.19E-07 time=2.529
After sweep 22 energy=-6.166423  maxlinkdim=185 maxerr=5.30E-10 time=2.509
After sweep 23 energy=-6.1664143  maxlinkdim=187 maxerr=1.90E-07 time=2.523
After sweep 24 energy=-6.1663837  maxlinkdim=184 maxerr=1.16E-09 time=2.522
After sweep 25 energy=-6.1664076  maxlinkdim=189 maxerr=9.89E-09 time=2.523
After sweep 26 energy=-6.166381  maxlinkdim=188 maxerr=8.96E-10 time=2.532
After sweep 27 energy=-6.166382  maxlinkdim=186 maxerr=6.99E-08 time=2.534
After sweep 28 energy=-6.1663957  maxlinkdim=186 maxerr=9.99E-11 time=2.532
After sweep 29 energy=-6.166404  maxlinkdim=186 maxerr=1.02E-09 time=2.529
After sweep 30 energy=-6.1663885  maxlinkdim=183 maxerr=7.09E-08 time=2.510
Same mu: -2.646322358155542 and continuing
Target density achieved with mu=-2.646322358155542, n=0.5000029
Checking {alpha,beta} vs measured
Alpha not converged.
NOT CONVERGED; updating alpha, beta and continuing...
After sweep 1 energy=-4.781599  maxlinkdim=16 maxerr=3.33E-07 time=0.556
After sweep 2 energy=-5.8101215  maxlinkdim=183 maxerr=6.75E-08 time=1.321
After sweep 3 energy=-5.919059  maxlinkdim=201 maxerr=2.88E-09 time=2.134
After sweep 4 energy=-5.985348  maxlinkdim=203 maxerr=2.98E-09 time=2.207
After sweep 5 energy=-6.0345316  maxlinkdim=199 maxerr=2.99E-09 time=2.108
After sweep 6 energy=-6.0698395  maxlinkdim=170 maxerr=2.35E-07 time=1.977
After sweep 7 energy=-6.09805  maxlinkdim=242 maxerr=2.02E-08 time=1.873
After sweep 8 energy=-6.1199365  maxlinkdim=236 maxerr=6.43E-08 time=1.891
After sweep 9 energy=-6.13429  maxlinkdim=166 maxerr=5.44E-08 time=1.853
After sweep 10 energy=-6.145126  maxlinkdim=213 maxerr=1.07E-09 time=1.861
After sweep 11 energy=-6.153523  maxlinkdim=277 maxerr=4.47E-07 time=1.956
After sweep 12 energy=-6.1590786  maxlinkdim=253 maxerr=6.15E-09 time=1.969
After sweep 13 energy=-6.1628466  maxlinkdim=196 maxerr=1.45E-07 time=1.957
After sweep 14 energy=-6.1651545  maxlinkdim=176 maxerr=1.10E-08 time=2.038
After sweep 15 energy=-6.1659546  maxlinkdim=218 maxerr=7.56E-10 time=2.083
After sweep 16 energy=-6.1662564  maxlinkdim=222 maxerr=2.69E-08 time=2.146
After sweep 17 energy=-6.1663775  maxlinkdim=186 maxerr=2.19E-08 time=2.256
After sweep 18 energy=-6.1664066  maxlinkdim=187 maxerr=1.20E-09 time=2.364
After sweep 19 energy=-6.1664166  maxlinkdim=191 maxerr=2.51E-07 time=2.457
After sweep 20 energy=-6.1664286  maxlinkdim=186 maxerr=1.00E-10 time=2.517
After sweep 21 energy=-6.166411  maxlinkdim=185 maxerr=2.62E-10 time=2.519
After sweep 22 energy=-6.1663933  maxlinkdim=187 maxerr=8.04E-09 time=2.514
After sweep 23 energy=-6.1664085  maxlinkdim=186 maxerr=8.31E-10 time=2.517
After sweep 24 energy=-6.1664023  maxlinkdim=189 maxerr=5.16E-08 time=2.527
After sweep 25 energy=-6.1663866  maxlinkdim=185 maxerr=1.47E-07 time=2.522
After sweep 26 energy=-6.166382  maxlinkdim=187 maxerr=1.00E-10 time=2.526
After sweep 27 energy=-6.166367  maxlinkdim=185 maxerr=8.67E-08 time=2.526
After sweep 28 energy=-6.1664066  maxlinkdim=184 maxerr=6.14E-10 time=2.527
After sweep 29 energy=-6.1664386  maxlinkdim=187 maxerr=2.40E-08 time=2.517
After sweep 30 energy=-6.16641  maxlinkdim=183 maxerr=6.52E-10 time=2.525
Same mu: -2.646322358155542 and continuing
Target density achieved with mu=-2.646322358155542, n=0.5000029
Checking {alpha,beta} vs measured
Alpha not converged.
NOT CONVERGED; updating alpha, beta and continuing...
After sweep 1 energy=-4.7816753  maxlinkdim=16 maxerr=2.08E-07 time=0.536
After sweep 2 energy=-5.810627  maxlinkdim=173 maxerr=1.58E-08 time=1.285
After sweep 3 energy=-5.917229  maxlinkdim=188 maxerr=2.54E-09 time=2.123
After sweep 4 energy=-5.9827023  maxlinkdim=188 maxerr=1.18E-09 time=2.135
After sweep 5 energy=-6.0332785  maxlinkdim=190 maxerr=5.75E-10 time=2.005
After sweep 6 energy=-6.069068  maxlinkdim=169 maxerr=1.27E-09 time=1.896
After sweep 7 energy=-6.100066  maxlinkdim=244 maxerr=2.16E-07 time=1.955
After sweep 8 energy=-6.1207414  maxlinkdim=210 maxerr=1.54E-09 time=1.906
After sweep 9 energy=-6.1349487  maxlinkdim=186 maxerr=1.25E-07 time=1.839
After sweep 10 energy=-6.14574  maxlinkdim=217 maxerr=1.24E-09 time=1.837
After sweep 11 energy=-6.154912  maxlinkdim=222 maxerr=8.04E-10 time=1.925
After sweep 12 energy=-6.160411  maxlinkdim=213 maxerr=2.02E-07 time=2.031
After sweep 13 energy=-6.162873  maxlinkdim=197 maxerr=1.31E-07 time=1.957
After sweep 14 energy=-6.164683  maxlinkdim=203 maxerr=1.43E-09 time=2.005
After sweep 15 energy=-6.1658154  maxlinkdim=191 maxerr=1.21E-09 time=2.120
After sweep 16 energy=-6.1662064  maxlinkdim=185 maxerr=9.98E-11 time=2.135
After sweep 17 energy=-6.1663547  maxlinkdim=210 maxerr=4.56E-08 time=2.216
After sweep 18 energy=-6.1663995  maxlinkdim=194 maxerr=1.28E-09 time=2.366
After sweep 19 energy=-6.166382  maxlinkdim=190 maxerr=2.24E-08 time=2.466
After sweep 20 energy=-6.166395  maxlinkdim=187 maxerr=9.99E-11 time=2.517
After sweep 21 energy=-6.166378  maxlinkdim=184 maxerr=1.00E-07 time=2.511
After sweep 22 energy=-6.1663876  maxlinkdim=187 maxerr=3.51E-08 time=2.511
After sweep 23 energy=-6.166406  maxlinkdim=189 maxerr=9.53E-08 time=2.508
After sweep 24 energy=-6.1664095  maxlinkdim=186 maxerr=7.67E-08 time=2.506
After sweep 25 energy=-6.1664248  maxlinkdim=184 maxerr=9.39E-10 time=2.532
After sweep 26 energy=-6.166416  maxlinkdim=184 maxerr=1.32E-07 time=2.501
After sweep 27 energy=-6.1663847  maxlinkdim=187 maxerr=9.99E-11 time=2.530
After sweep 28 energy=-6.166394  maxlinkdim=185 maxerr=1.26E-07 time=2.498
After sweep 29 energy=-6.1664124  maxlinkdim=188 maxerr=2.73E-08 time=2.522
After sweep 30 energy=-6.166385  maxlinkdim=193 maxerr=1.03E-09 time=2.527
Same mu: -2.646322358155542 and continuing
Target density achieved with mu=-2.646322358155542, n=0.5000024
Checking {alpha,beta} vs measured
Alpha not converged.
NOT CONVERGED; updating alpha, beta and continuing...
After sweep 1 energy=-4.7768927  maxlinkdim=16 maxerr=2.81E-07 time=0.555
After sweep 2 energy=-5.809967  maxlinkdim=179 maxerr=1.56E-08 time=1.281
After sweep 3 energy=-5.917473  maxlinkdim=176 maxerr=1.24E-07 time=2.045
After sweep 4 energy=-5.985244  maxlinkdim=209 maxerr=1.02E-08 time=2.119
After sweep 5 energy=-6.035864  maxlinkdim=208 maxerr=2.01E-08 time=2.076
After sweep 6 energy=-6.0708065  maxlinkdim=182 maxerr=2.69E-08 time=1.951
After sweep 7 energy=-6.1013236  maxlinkdim=233 maxerr=1.94E-07 time=1.971
After sweep 8 energy=-6.121732  maxlinkdim=232 maxerr=1.54E-08 time=1.964
After sweep 9 energy=-6.135601  maxlinkdim=190 maxerr=5.70E-08 time=1.907
After sweep 10 energy=-6.146347  maxlinkdim=214 maxerr=7.46E-10 time=1.867
After sweep 11 energy=-6.15469  maxlinkdim=215 maxerr=7.86E-08 time=1.941
After sweep 12 energy=-6.1596603  maxlinkdim=200 maxerr=2.07E-09 time=1.983
After sweep 13 energy=-6.1623316  maxlinkdim=207 maxerr=9.97E-11 time=1.891
After sweep 14 energy=-6.1641474  maxlinkdim=226 maxerr=2.81E-09 time=1.964
After sweep 15 energy=-6.165323  maxlinkdim=225 maxerr=2.35E-08 time=2.023
After sweep 16 energy=-6.1658926  maxlinkdim=201 maxerr=3.94E-08 time=2.088
After sweep 17 energy=-6.1662235  maxlinkdim=197 maxerr=9.99E-11 time=2.138
After sweep 18 energy=-6.16639  maxlinkdim=219 maxerr=3.16E-08 time=2.251
After sweep 19 energy=-6.1663995  maxlinkdim=202 maxerr=1.27E-07 time=2.382
After sweep 20 energy=-6.166404  maxlinkdim=192 maxerr=1.99E-07 time=2.446
After sweep 21 energy=-6.166401  maxlinkdim=186 maxerr=1.19E-09 time=2.538
After sweep 22 energy=-6.166395  maxlinkdim=189 maxerr=7.40E-08 time=2.531
After sweep 23 energy=-6.1663632  maxlinkdim=187 maxerr=9.45E-08 time=2.529
After sweep 24 energy=-6.166395  maxlinkdim=185 maxerr=3.98E-09 time=2.518
After sweep 25 energy=-6.1663833  maxlinkdim=183 maxerr=7.67E-08 time=2.520
After sweep 26 energy=-6.1663957  maxlinkdim=189 maxerr=1.07E-09 time=2.515
After sweep 27 energy=-6.166378  maxlinkdim=186 maxerr=1.56E-07 time=2.520
After sweep 28 energy=-6.1664047  maxlinkdim=186 maxerr=1.36E-07 time=2.529
After sweep 29 energy=-6.1664243  maxlinkdim=186 maxerr=1.71E-09 time=2.514
After sweep 30 energy=-6.1664  maxlinkdim=185 maxerr=5.68E-08 time=2.544
Same mu: -2.646322358155542 and continuing
Target density achieved with mu=-2.646322358155542, n=0.50000226
Checking {alpha,beta} vs measured
Alpha not converged.
NOT CONVERGED; updating alpha, beta and continuing...
After sweep 1 energy=-4.7961254  maxlinkdim=16 maxerr=1.59E-07 time=0.557
After sweep 2 energy=-5.8002744  maxlinkdim=180 maxerr=1.67E-08 time=1.293
After sweep 3 energy=-5.9118996  maxlinkdim=200 maxerr=1.74E-08 time=2.116
After sweep 4 energy=-5.9776597  maxlinkdim=187 maxerr=1.66E-07 time=2.181
After sweep 5 energy=-6.0281525  maxlinkdim=209 maxerr=5.58E-08 time=2.081
After sweep 6 energy=-6.064107  maxlinkdim=184 maxerr=6.38E-08 time=1.916
After sweep 7 energy=-6.094308  maxlinkdim=229 maxerr=1.11E-09 time=1.861
After sweep 8 energy=-6.1171327  maxlinkdim=180 maxerr=4.84E-08 time=1.887
After sweep 9 energy=-6.1326556  maxlinkdim=166 maxerr=1.90E-07 time=1.834
After sweep 10 energy=-6.1437826  maxlinkdim=225 maxerr=1.79E-08 time=1.822
After sweep 11 energy=-6.152008  maxlinkdim=251 maxerr=9.25E-10 time=1.824
After sweep 12 energy=-6.1578236  maxlinkdim=199 maxerr=1.32E-09 time=1.872
After sweep 13 energy=-6.1619635  maxlinkdim=204 maxerr=6.36E-08 time=1.956
After sweep 14 energy=-6.1643543  maxlinkdim=203 maxerr=2.88E-10 time=2.011
After sweep 15 energy=-6.16545  maxlinkdim=187 maxerr=2.64E-08 time=2.002
After sweep 16 energy=-6.1660733  maxlinkdim=192 maxerr=2.44E-08 time=2.123
After sweep 17 energy=-6.166356  maxlinkdim=191 maxerr=3.49E-08 time=2.206
After sweep 18 energy=-6.166437  maxlinkdim=191 maxerr=2.41E-08 time=2.285
After sweep 19 energy=-6.166433  maxlinkdim=196 maxerr=1.13E-07 time=2.388
After sweep 20 energy=-6.1664023  maxlinkdim=187 maxerr=1.31E-07 time=2.503
After sweep 21 energy=-6.166378  maxlinkdim=188 maxerr=4.31E-10 time=2.543
After sweep 22 energy=-6.166397  maxlinkdim=185 maxerr=1.50E-07 time=2.508
After sweep 23 energy=-6.1664  maxlinkdim=187 maxerr=1.67E-07 time=2.516
After sweep 24 energy=-6.166388  maxlinkdim=187 maxerr=4.18E-08 time=2.523
After sweep 25 energy=-6.166387  maxlinkdim=188 maxerr=8.47E-10 time=2.529
After sweep 26 energy=-6.166424  maxlinkdim=186 maxerr=6.14E-10 time=2.524
After sweep 27 energy=-6.166436  maxlinkdim=187 maxerr=2.43E-09 time=2.523
After sweep 28 energy=-6.1663904  maxlinkdim=185 maxerr=1.32E-07 time=2.541
After sweep 29 energy=-6.166382  maxlinkdim=192 maxerr=3.02E-07 time=2.529
After sweep 30 energy=-6.166374  maxlinkdim=187 maxerr=5.59E-08 time=2.522
Same mu: -2.646322358155542 and continuing
Target density achieved with mu=-2.646322358155542, n=0.5000015
Checking {alpha,beta} vs measured
Alpha not converged.
NOT CONVERGED; updating alpha, beta and continuing...
After sweep 1 energy=-4.796837  maxlinkdim=16 maxerr=1.84E-07 time=0.553
After sweep 2 energy=-5.811437  maxlinkdim=180 maxerr=1.26E-08 time=1.302
After sweep 3 energy=-5.916304  maxlinkdim=201 maxerr=1.67E-08 time=2.170
After sweep 4 energy=-5.9820395  maxlinkdim=211 maxerr=5.61E-09 time=2.141
After sweep 5 energy=-6.0312486  maxlinkdim=182 maxerr=4.28E-09 time=2.047
After sweep 6 energy=-6.066512  maxlinkdim=174 maxerr=3.23E-09 time=1.894
After sweep 7 energy=-6.0948114  maxlinkdim=203 maxerr=3.62E-08 time=1.856
After sweep 8 energy=-6.1174054  maxlinkdim=263 maxerr=1.66E-09 time=1.883
After sweep 9 energy=-6.1338186  maxlinkdim=193 maxerr=4.25E-09 time=1.925
After sweep 10 energy=-6.1447954  maxlinkdim=269 maxerr=1.16E-07 time=1.897
After sweep 11 energy=-6.152332  maxlinkdim=240 maxerr=4.50E-08 time=1.867
After sweep 12 energy=-6.158028  maxlinkdim=235 maxerr=5.35E-08 time=1.936
After sweep 13 energy=-6.1625347  maxlinkdim=190 maxerr=1.03E-09 time=2.060
After sweep 14 energy=-6.164339  maxlinkdim=224 maxerr=2.27E-07 time=2.022
After sweep 15 energy=-6.1654  maxlinkdim=207 maxerr=6.96E-10 time=2.059
After sweep 16 energy=-6.1661043  maxlinkdim=203 maxerr=4.00E-07 time=2.164
After sweep 17 energy=-6.166394  maxlinkdim=190 maxerr=1.36E-07 time=2.249
After sweep 18 energy=-6.1664205  maxlinkdim=195 maxerr=9.99E-11 time=2.311
After sweep 19 energy=-6.1664114  maxlinkdim=194 maxerr=3.98E-08 time=2.440
After sweep 20 energy=-6.166389  maxlinkdim=189 maxerr=3.03E-10 time=2.543
After sweep 21 energy=-6.166407  maxlinkdim=187 maxerr=1.59E-07 time=2.518
After sweep 22 energy=-6.166377  maxlinkdim=189 maxerr=3.79E-09 time=2.501
After sweep 23 energy=-6.1663857  maxlinkdim=184 maxerr=1.39E-07 time=2.520
After sweep 24 energy=-6.1664085  maxlinkdim=187 maxerr=8.35E-08 time=2.521
After sweep 25 energy=-6.1664286  maxlinkdim=185 maxerr=3.26E-07 time=2.517
After sweep 26 energy=-6.16643  maxlinkdim=186 maxerr=1.11E-09 time=2.515
After sweep 27 energy=-6.166411  maxlinkdim=186 maxerr=2.31E-08 time=2.523
After sweep 28 energy=-6.1664276  maxlinkdim=185 maxerr=6.67E-10 time=2.529
After sweep 29 energy=-6.1664076  maxlinkdim=184 maxerr=8.81E-08 time=2.518
After sweep 30 energy=-6.166419  maxlinkdim=185 maxerr=2.65E-10 time=2.529
Same mu: -2.646322358155542 and continuing
Target density achieved with mu=-2.646322358155542, n=0.50000316
Checking {alpha,beta} vs measured
Alpha not converged.
NOT CONVERGED; updating alpha, beta and continuing...
After sweep 1 energy=-4.7848163  maxlinkdim=16 maxerr=3.17E-07 time=0.571
After sweep 2 energy=-5.8016057  maxlinkdim=184 maxerr=1.61E-08 time=1.288
After sweep 3 energy=-5.91346  maxlinkdim=209 maxerr=2.87E-08 time=2.099
After sweep 4 energy=-5.9803257  maxlinkdim=203 maxerr=1.77E-09 time=2.187
After sweep 5 energy=-6.032289  maxlinkdim=201 maxerr=3.27E-09 time=2.096
After sweep 6 energy=-6.0691543  maxlinkdim=211 maxerr=5.54E-08 time=1.960
After sweep 7 energy=-6.0993423  maxlinkdim=255 maxerr=3.91E-08 time=1.931
After sweep 8 energy=-6.120262  maxlinkdim=209 maxerr=5.25E-10 time=2.011
After sweep 9 energy=-6.134159  maxlinkdim=186 maxerr=1.03E-07 time=1.878
After sweep 10 energy=-6.14502  maxlinkdim=239 maxerr=4.96E-08 time=1.873
After sweep 11 energy=-6.1533384  maxlinkdim=240 maxerr=7.62E-10 time=1.931
After sweep 12 energy=-6.1588473  maxlinkdim=226 maxerr=7.56E-08 time=1.985
After sweep 13 energy=-6.162737  maxlinkdim=184 maxerr=1.49E-07 time=2.025
After sweep 14 energy=-6.1644487  maxlinkdim=238 maxerr=3.78E-08 time=1.959
After sweep 15 energy=-6.1655607  maxlinkdim=197 maxerr=1.64E-07 time=2.022
After sweep 16 energy=-6.1661468  maxlinkdim=188 maxerr=2.70E-08 time=2.566
After sweep 17 energy=-6.1663404  maxlinkdim=208 maxerr=4.94E-10 time=2.183
After sweep 18 energy=-6.1664124  maxlinkdim=192 maxerr=3.49E-08 time=2.248
After sweep 19 energy=-6.166458  maxlinkdim=193 maxerr=6.61E-08 time=2.371
After sweep 20 energy=-6.166421  maxlinkdim=189 maxerr=2.82E-08 time=2.460
After sweep 21 energy=-6.1664553  maxlinkdim=186 maxerr=1.00E-10 time=2.507
After sweep 22 energy=-6.1663666  maxlinkdim=189 maxerr=9.99E-11 time=2.508
After sweep 23 energy=-6.1664195  maxlinkdim=186 maxerr=9.48E-10 time=2.489
After sweep 24 energy=-6.166395  maxlinkdim=185 maxerr=2.08E-10 time=2.503
After sweep 25 energy=-6.1664143  maxlinkdim=186 maxerr=4.44E-10 time=2.500
After sweep 26 energy=-6.1663857  maxlinkdim=183 maxerr=1.08E-09 time=2.501
After sweep 27 energy=-6.166404  maxlinkdim=187 maxerr=2.92E-07 time=2.519
After sweep 28 energy=-6.1663756  maxlinkdim=186 maxerr=1.98E-09 time=2.507
After sweep 29 energy=-6.1664042  maxlinkdim=184 maxerr=5.92E-08 time=2.502
After sweep 30 energy=-6.166401  maxlinkdim=187 maxerr=1.98E-09 time=2.514
Same mu: -2.646322358155542 and continuing
Target density achieved with mu=-2.646322358155542, n=0.5000027
Checking {alpha,beta} vs measured
Alpha not converged.
NOT CONVERGED; updating alpha, beta and continuing...
After sweep 1 energy=-4.7924657  maxlinkdim=16 maxerr=2.92E-07 time=0.550
After sweep 2 energy=-5.804875  maxlinkdim=180 maxerr=2.35E-08 time=1.264
After sweep 3 energy=-5.9169893  maxlinkdim=195 maxerr=2.76E-09 time=2.087
After sweep 4 energy=-5.9826336  maxlinkdim=190 maxerr=2.90E-08 time=2.197
After sweep 5 energy=-6.0335965  maxlinkdim=209 maxerr=4.41E-09 time=2.154
After sweep 6 energy=-6.070243  maxlinkdim=181 maxerr=2.04E-09 time=2.000
After sweep 7 energy=-6.0981374  maxlinkdim=196 maxerr=9.81E-08 time=1.921
After sweep 8 energy=-6.120136  maxlinkdim=232 maxerr=7.99E-10 time=1.932
After sweep 9 energy=-6.1343317  maxlinkdim=193 maxerr=2.45E-09 time=1.943
After sweep 10 energy=-6.145298  maxlinkdim=241 maxerr=9.99E-11 time=1.880
After sweep 11 energy=-6.1536045  maxlinkdim=219 maxerr=1.89E-07 time=1.920
After sweep 12 energy=-6.158822  maxlinkdim=199 maxerr=2.01E-07 time=1.948
After sweep 13 energy=-6.162073  maxlinkdim=202 maxerr=1.03E-09 time=1.993
After sweep 14 energy=-6.16399  maxlinkdim=193 maxerr=1.10E-09 time=1.980
After sweep 15 energy=-6.165345  maxlinkdim=208 maxerr=6.22E-08 time=2.072
After sweep 16 energy=-6.1660967  maxlinkdim=197 maxerr=2.84E-07 time=2.179
After sweep 17 energy=-6.166358  maxlinkdim=200 maxerr=1.05E-09 time=2.229
After sweep 18 energy=-6.1664047  maxlinkdim=197 maxerr=5.38E-09 time=2.303
After sweep 19 energy=-6.166408  maxlinkdim=196 maxerr=9.60E-10 time=2.402
After sweep 20 energy=-6.166445  maxlinkdim=191 maxerr=1.28E-08 time=2.471
After sweep 21 energy=-6.166395  maxlinkdim=186 maxerr=3.15E-08 time=2.525
After sweep 22 energy=-6.1663914  maxlinkdim=188 maxerr=1.32E-07 time=2.507
After sweep 23 energy=-6.166399  maxlinkdim=183 maxerr=2.32E-08 time=2.486
After sweep 24 energy=-6.1663656  maxlinkdim=185 maxerr=9.99E-11 time=2.515
After sweep 25 energy=-6.166417  maxlinkdim=186 maxerr=2.50E-07 time=2.521
After sweep 26 energy=-6.1664133  maxlinkdim=184 maxerr=6.90E-10 time=2.505
After sweep 27 energy=-6.1664186  maxlinkdim=186 maxerr=9.27E-10 time=2.518
After sweep 28 energy=-6.1664195  maxlinkdim=185 maxerr=7.01E-08 time=2.528
After sweep 29 energy=-6.1664424  maxlinkdim=185 maxerr=2.18E-07 time=2.502
After sweep 30 energy=-6.166363  maxlinkdim=190 maxerr=6.57E-10 time=2.502
Same mu: -2.646322358155542 and continuing
Target density achieved with mu=-2.646322358155542, n=0.50000226
Checking {alpha,beta} vs measured
Alpha not converged.
NOT CONVERGED; updating alpha, beta and continuing...
After sweep 1 energy=-4.7862687  maxlinkdim=16 maxerr=2.63E-07 time=0.563
After sweep 2 energy=-5.8077884  maxlinkdim=183 maxerr=1.20E-08 time=1.220
After sweep 3 energy=-5.9148636  maxlinkdim=198 maxerr=1.77E-07 time=2.125
After sweep 4 energy=-5.98166  maxlinkdim=200 maxerr=1.85E-09 time=2.142
After sweep 5 energy=-6.032625  maxlinkdim=198 maxerr=6.16E-09 time=2.017
After sweep 6 energy=-6.069925  maxlinkdim=171 maxerr=1.27E-07 time=1.901
After sweep 7 energy=-6.100362  maxlinkdim=199 maxerr=1.34E-07 time=1.922
After sweep 8 energy=-6.121573  maxlinkdim=236 maxerr=2.35E-09 time=1.889
After sweep 9 energy=-6.1358886  maxlinkdim=170 maxerr=9.98E-11 time=1.856
After sweep 10 energy=-6.1460223  maxlinkdim=173 maxerr=8.69E-08 time=1.818
After sweep 11 energy=-6.1535244  maxlinkdim=240 maxerr=1.91E-09 time=1.837
After sweep 12 energy=-6.158818  maxlinkdim=208 maxerr=2.17E-09 time=1.883
After sweep 13 energy=-6.1619606  maxlinkdim=209 maxerr=1.02E-09 time=1.919
After sweep 14 energy=-6.1639867  maxlinkdim=225 maxerr=1.13E-07 time=1.960
After sweep 15 energy=-6.1655693  maxlinkdim=187 maxerr=1.96E-07 time=2.055
After sweep 16 energy=-6.166124  maxlinkdim=191 maxerr=6.29E-10 time=2.138
After sweep 17 energy=-6.166344  maxlinkdim=193 maxerr=5.83E-08 time=2.156
After sweep 18 energy=-6.1664157  maxlinkdim=196 maxerr=1.20E-09 time=2.258
After sweep 19 energy=-6.1664224  maxlinkdim=190 maxerr=1.87E-08 time=2.386
After sweep 20 energy=-6.166402  maxlinkdim=195 maxerr=7.96E-08 time=2.473
After sweep 21 energy=-6.166387  maxlinkdim=186 maxerr=1.30E-08 time=2.531
After sweep 22 energy=-6.1663938  maxlinkdim=188 maxerr=7.35E-08 time=2.494
After sweep 23 energy=-6.1664305  maxlinkdim=185 maxerr=2.46E-08 time=2.502
After sweep 24 energy=-6.1663775  maxlinkdim=188 maxerr=4.55E-08 time=2.502
After sweep 25 energy=-6.1663785  maxlinkdim=185 maxerr=1.27E-09 time=2.524
After sweep 26 energy=-6.166388  maxlinkdim=185 maxerr=1.05E-07 time=2.522
After sweep 27 energy=-6.166396  maxlinkdim=184 maxerr=4.93E-07 time=2.515
After sweep 28 energy=-6.16642  maxlinkdim=185 maxerr=9.61E-08 time=2.503
After sweep 29 energy=-6.166378  maxlinkdim=187 maxerr=9.90E-08 time=2.524
After sweep 30 energy=-6.166394  maxlinkdim=185 maxerr=3.70E-08 time=2.504
Same mu: -2.646322358155542 and continuing
Target density achieved with mu=-2.646322358155542, n=0.5000021
Checking {alpha,beta} vs measured
Alpha not converged.
NOT CONVERGED; updating alpha, beta and continuing...
After sweep 1 energy=-4.776629  maxlinkdim=16 maxerr=3.08E-07 time=0.585
After sweep 2 energy=-5.8091536  maxlinkdim=179 maxerr=1.38E-08 time=1.199
After sweep 3 energy=-5.9176254  maxlinkdim=197 maxerr=3.16E-09 time=2.154
After sweep 4 energy=-5.9804845  maxlinkdim=198 maxerr=6.74E-08 time=2.105
After sweep 5 energy=-6.0311704  maxlinkdim=198 maxerr=2.10E-09 time=2.020
After sweep 6 energy=-6.0674043  maxlinkdim=178 maxerr=1.35E-07 time=1.968
After sweep 7 energy=-6.098381  maxlinkdim=207 maxerr=2.48E-07 time=1.972
After sweep 8 energy=-6.120179  maxlinkdim=203 maxerr=5.04E-09 time=1.928
After sweep 9 energy=-6.134855  maxlinkdim=171 maxerr=6.09E-09 time=1.855
After sweep 10 energy=-6.1459646  maxlinkdim=247 maxerr=1.19E-07 time=1.841
After sweep 11 energy=-6.1539464  maxlinkdim=235 maxerr=8.55E-08 time=1.921
After sweep 12 energy=-6.1587954  maxlinkdim=170 maxerr=9.30E-08 time=1.881
After sweep 13 energy=-6.1621923  maxlinkdim=173 maxerr=4.13E-08 time=1.894
After sweep 14 energy=-6.1642227  maxlinkdim=171 maxerr=9.99E-11 time=1.929
After sweep 15 energy=-6.1652484  maxlinkdim=180 maxerr=1.00E-10 time=1.911
After sweep 16 energy=-6.1659117  maxlinkdim=186 maxerr=5.94E-10 time=2.005
After sweep 17 energy=-6.16623  maxlinkdim=194 maxerr=1.13E-09 time=2.138
After sweep 18 energy=-6.1663995  maxlinkdim=210 maxerr=2.57E-07 time=2.264
After sweep 19 energy=-6.16645  maxlinkdim=189 maxerr=1.00E-10 time=2.370
After sweep 20 energy=-6.1664147  maxlinkdim=188 maxerr=7.59E-08 time=2.476
After sweep 21 energy=-6.1664095  maxlinkdim=187 maxerr=9.05E-10 time=2.534
After sweep 22 energy=-6.1664047  maxlinkdim=184 maxerr=9.99E-11 time=2.500
After sweep 23 energy=-6.166421  maxlinkdim=185 maxerr=2.84E-08 time=2.494
After sweep 24 energy=-6.1663713  maxlinkdim=186 maxerr=9.52E-10 time=2.500
After sweep 25 energy=-6.166434  maxlinkdim=184 maxerr=1.35E-07 time=2.515
After sweep 26 energy=-6.1663713  maxlinkdim=186 maxerr=3.11E-10 time=2.503
After sweep 27 energy=-6.1663947  maxlinkdim=186 maxerr=1.27E-07 time=2.520
After sweep 28 energy=-6.1663733  maxlinkdim=187 maxerr=4.32E-08 time=2.515
After sweep 29 energy=-6.1663814  maxlinkdim=187 maxerr=2.89E-08 time=2.506
After sweep 30 energy=-6.166412  maxlinkdim=186 maxerr=9.54E-10 time=2.521
Same mu: -2.646322358155542 and continuing
Target density achieved with mu=-2.646322358155542, n=0.5000034
Checking {alpha,beta} vs measured
Alpha not converged.
NOT CONVERGED; updating alpha, beta and continuing...
After sweep 1 energy=-4.784741  maxlinkdim=16 maxerr=2.56E-07 time=0.560
After sweep 2 energy=-5.8040147  maxlinkdim=175 maxerr=1.30E-08 time=1.301
After sweep 3 energy=-5.9134407  maxlinkdim=198 maxerr=9.68E-10 time=2.112
After sweep 4 energy=-5.9796023  maxlinkdim=207 maxerr=5.05E-08 time=2.162
After sweep 5 energy=-6.029334  maxlinkdim=213 maxerr=1.65E-08 time=2.104
After sweep 6 energy=-6.065259  maxlinkdim=177 maxerr=1.40E-09 time=1.973
After sweep 7 energy=-6.094379  maxlinkdim=212 maxerr=5.07E-08 time=1.862
After sweep 8 energy=-6.117237  maxlinkdim=201 maxerr=1.57E-07 time=1.852
After sweep 9 energy=-6.133249  maxlinkdim=232 maxerr=3.70E-07 time=1.884
After sweep 10 energy=-6.1442943  maxlinkdim=218 maxerr=1.26E-10 time=1.860
After sweep 11 energy=-6.152396  maxlinkdim=189 maxerr=4.73E-08 time=1.893
After sweep 12 energy=-6.158347  maxlinkdim=179 maxerr=9.93E-08 time=1.932
After sweep 13 energy=-6.1617804  maxlinkdim=208 maxerr=8.91E-08 time=1.916
After sweep 14 energy=-6.163837  maxlinkdim=226 maxerr=5.29E-08 time=1.920
After sweep 15 energy=-6.165471  maxlinkdim=200 maxerr=2.13E-07 time=2.032
After sweep 16 energy=-6.1661487  maxlinkdim=199 maxerr=1.57E-09 time=2.146
After sweep 17 energy=-6.1663523  maxlinkdim=190 maxerr=9.99E-11 time=2.221
After sweep 18 energy=-6.1664147  maxlinkdim=193 maxerr=5.38E-10 time=2.275
After sweep 19 energy=-6.1664405  maxlinkdim=190 maxerr=1.58E-07 time=2.729
After sweep 20 energy=-6.1664333  maxlinkdim=191 maxerr=7.02E-10 time=2.483
After sweep 21 energy=-6.1664066  maxlinkdim=187 maxerr=3.83E-10 time=2.524
After sweep 22 energy=-6.166418  maxlinkdim=184 maxerr=1.01E-10 time=2.508
After sweep 23 energy=-6.166394  maxlinkdim=184 maxerr=5.67E-08 time=2.498
After sweep 24 energy=-6.166419  maxlinkdim=184 maxerr=1.70E-07 time=2.502
After sweep 25 energy=-6.166409  maxlinkdim=184 maxerr=1.58E-07 time=2.505
After sweep 26 energy=-6.1664066  maxlinkdim=184 maxerr=8.26E-09 time=2.507
After sweep 27 energy=-6.1664143  maxlinkdim=188 maxerr=1.76E-08 time=2.527
After sweep 28 energy=-6.1663857  maxlinkdim=185 maxerr=1.66E-08 time=2.504
After sweep 29 energy=-6.1663485  maxlinkdim=185 maxerr=2.40E-07 time=2.515
After sweep 30 energy=-6.1663895  maxlinkdim=186 maxerr=9.81E-08 time=2.521
Same mu: -2.646322358155542 and continuing
Target density achieved with mu=-2.646322358155542, n=0.5000036
Checking {alpha,beta} vs measured
Alpha not converged.
NOT CONVERGED; updating alpha, beta and continuing...
After sweep 1 energy=-4.7860875  maxlinkdim=16 maxerr=2.35E-07 time=0.551
After sweep 2 energy=-5.8020225  maxlinkdim=167 maxerr=9.99E-09 time=1.298
After sweep 3 energy=-5.9126396  maxlinkdim=199 maxerr=1.45E-09 time=2.115
After sweep 4 energy=-5.9787164  maxlinkdim=201 maxerr=1.68E-09 time=2.125
After sweep 5 energy=-6.0287185  maxlinkdim=206 maxerr=8.80E-08 time=2.018
After sweep 6 energy=-6.065791  maxlinkdim=173 maxerr=1.00E-10 time=1.935
After sweep 7 energy=-6.0964527  maxlinkdim=210 maxerr=1.59E-07 time=1.899
After sweep 8 energy=-6.118551  maxlinkdim=234 maxerr=1.27E-07 time=1.900
After sweep 9 energy=-6.1334906  maxlinkdim=175 maxerr=8.53E-10 time=1.879
After sweep 10 energy=-6.1462817  maxlinkdim=201 maxerr=1.29E-09 time=1.909
After sweep 11 energy=-6.1557636  maxlinkdim=224 maxerr=1.65E-09 time=2.008
After sweep 12 energy=-6.16088  maxlinkdim=178 maxerr=6.16E-08 time=2.009
After sweep 13 energy=-6.163247  maxlinkdim=176 maxerr=1.39E-07 time=1.899
After sweep 14 energy=-6.164947  maxlinkdim=185 maxerr=6.15E-10 time=2.014
After sweep 15 energy=-6.1658154  maxlinkdim=217 maxerr=2.27E-10 time=2.113
After sweep 16 energy=-6.1661515  maxlinkdim=191 maxerr=9.78E-10 time=2.125
After sweep 17 energy=-6.1663494  maxlinkdim=189 maxerr=2.80E-08 time=2.166
After sweep 18 energy=-6.1664357  maxlinkdim=196 maxerr=7.44E-08 time=2.290
After sweep 19 energy=-6.1664085  maxlinkdim=190 maxerr=1.00E-10 time=2.421
After sweep 20 energy=-6.166406  maxlinkdim=191 maxerr=1.59E-07 time=2.491
After sweep 21 energy=-6.1663914  maxlinkdim=186 maxerr=1.73E-08 time=2.516
After sweep 22 energy=-6.166403  maxlinkdim=185 maxerr=9.51E-08 time=2.502
After sweep 23 energy=-6.1663694  maxlinkdim=186 maxerr=1.00E-10 time=2.508
After sweep 24 energy=-6.1663647  maxlinkdim=185 maxerr=1.88E-07 time=2.498
After sweep 25 energy=-6.1664004  maxlinkdim=185 maxerr=2.18E-09 time=2.507
After sweep 26 energy=-6.166408  maxlinkdim=185 maxerr=1.13E-09 time=2.515
After sweep 27 energy=-6.166376  maxlinkdim=186 maxerr=9.97E-11 time=2.509
After sweep 28 energy=-6.1663876  maxlinkdim=187 maxerr=1.73E-09 time=2.512
After sweep 29 energy=-6.166399  maxlinkdim=186 maxerr=1.89E-09 time=2.503
After sweep 30 energy=-6.1663675  maxlinkdim=184 maxerr=7.14E-08 time=2.519
Same mu: -2.646322358155542 and continuing
Target density achieved with mu=-2.646322358155542, n=0.50000215
Checking {alpha,beta} vs measured
Alpha not converged.
NOT CONVERGED; updating alpha, beta and continuing...
After sweep 1 energy=-4.787361  maxlinkdim=16 maxerr=2.05E-07 time=0.568
After sweep 2 energy=-5.801719  maxlinkdim=176 maxerr=1.64E-08 time=1.208
After sweep 3 energy=-5.9125237  maxlinkdim=205 maxerr=1.75E-09 time=2.165
After sweep 4 energy=-5.976705  maxlinkdim=194 maxerr=7.57E-08 time=2.164
After sweep 5 energy=-6.027669  maxlinkdim=250 maxerr=9.77E-08 time=2.085
After sweep 6 energy=-6.065144  maxlinkdim=174 maxerr=2.23E-09 time=1.932
After sweep 7 energy=-6.094764  maxlinkdim=205 maxerr=2.45E-09 time=1.928
After sweep 8 energy=-6.1173797  maxlinkdim=202 maxerr=8.93E-08 time=1.956
After sweep 9 energy=-6.1327868  maxlinkdim=206 maxerr=4.43E-08 time=1.905
After sweep 10 energy=-6.143873  maxlinkdim=205 maxerr=8.99E-09 time=1.920
After sweep 11 energy=-6.1524687  maxlinkdim=196 maxerr=4.22E-08 time=1.949
After sweep 12 energy=-6.1579366  maxlinkdim=180 maxerr=3.29E-08 time=1.909
After sweep 13 energy=-6.1616235  maxlinkdim=208 maxerr=1.19E-09 time=1.948
After sweep 14 energy=-6.1637616  maxlinkdim=227 maxerr=8.83E-09 time=2.025
After sweep 15 energy=-6.165106  maxlinkdim=202 maxerr=6.59E-10 time=2.079
After sweep 16 energy=-6.165743  maxlinkdim=188 maxerr=2.12E-08 time=2.099
After sweep 17 energy=-6.1661305  maxlinkdim=193 maxerr=9.42E-10 time=2.121
After sweep 18 energy=-6.166376  maxlinkdim=186 maxerr=2.80E-07 time=2.208
After sweep 19 energy=-6.166417  maxlinkdim=196 maxerr=3.43E-08 time=2.312
After sweep 20 energy=-6.1664553  maxlinkdim=190 maxerr=9.95E-08 time=2.399
After sweep 21 energy=-6.1664305  maxlinkdim=190 maxerr=1.00E-10 time=2.507
After sweep 22 energy=-6.166409  maxlinkdim=185 maxerr=6.25E-08 time=2.524
After sweep 23 energy=-6.166401  maxlinkdim=184 maxerr=2.67E-10 time=2.512
After sweep 24 energy=-6.1664  maxlinkdim=185 maxerr=1.66E-09 time=2.503
After sweep 25 energy=-6.1664143  maxlinkdim=186 maxerr=1.29E-09 time=2.508
After sweep 26 energy=-6.1664257  maxlinkdim=183 maxerr=1.09E-07 time=2.492
After sweep 27 energy=-6.166394  maxlinkdim=185 maxerr=1.00E-10 time=2.503
After sweep 28 energy=-6.166386  maxlinkdim=190 maxerr=1.69E-07 time=2.519
After sweep 29 energy=-6.166397  maxlinkdim=187 maxerr=1.38E-07 time=2.499
After sweep 30 energy=-6.166376  maxlinkdim=185 maxerr=1.49E-09 time=2.521
Same mu: -2.646322358155542 and continuing
Target density achieved with mu=-2.646322358155542, n=0.5000026
Checking {alpha,beta} vs measured
Alpha not converged.
NOT CONVERGED; updating alpha, beta and continuing...
After sweep 1 energy=-4.781942  maxlinkdim=16 maxerr=2.84E-07 time=0.540
After sweep 2 energy=-5.798611  maxlinkdim=175 maxerr=1.58E-07 time=1.284
After sweep 3 energy=-5.9082613  maxlinkdim=205 maxerr=6.92E-08 time=2.155
After sweep 4 energy=-5.9741883  maxlinkdim=196 maxerr=1.14E-09 time=2.152
After sweep 5 energy=-6.02757  maxlinkdim=196 maxerr=3.64E-08 time=2.070
After sweep 6 energy=-6.0647388  maxlinkdim=170 maxerr=2.14E-09 time=1.941
After sweep 7 energy=-6.093524  maxlinkdim=265 maxerr=2.96E-09 time=1.875
After sweep 8 energy=-6.1163754  maxlinkdim=235 maxerr=1.19E-09 time=1.895
After sweep 9 energy=-6.132182  maxlinkdim=193 maxerr=1.13E-07 time=1.915
After sweep 10 energy=-6.1439853  maxlinkdim=207 maxerr=4.36E-08 time=1.905
After sweep 11 energy=-6.153327  maxlinkdim=222 maxerr=4.76E-10 time=1.989
After sweep 12 energy=-6.1600695  maxlinkdim=219 maxerr=1.71E-07 time=2.085
After sweep 13 energy=-6.162953  maxlinkdim=208 maxerr=1.24E-09 time=2.015
After sweep 14 energy=-6.1645927  maxlinkdim=226 maxerr=7.74E-08 time=2.051
After sweep 15 energy=-6.165554  maxlinkdim=209 maxerr=1.16E-07 time=2.077
After sweep 16 energy=-6.166137  maxlinkdim=188 maxerr=1.66E-08 time=2.128
After sweep 17 energy=-6.1663117  maxlinkdim=184 maxerr=1.15E-09 time=2.197
After sweep 18 energy=-6.1663895  maxlinkdim=193 maxerr=2.29E-07 time=2.260
After sweep 19 energy=-6.166406  maxlinkdim=192 maxerr=2.78E-08 time=2.395
After sweep 20 energy=-6.1664104  maxlinkdim=191 maxerr=9.23E-10 time=2.481
After sweep 21 energy=-6.166418  maxlinkdim=186 maxerr=1.20E-08 time=2.533
After sweep 22 energy=-6.1663933  maxlinkdim=184 maxerr=6.75E-10 time=2.509
After sweep 23 energy=-6.1663933  maxlinkdim=189 maxerr=1.10E-09 time=2.507
After sweep 24 energy=-6.166404  maxlinkdim=186 maxerr=1.06E-09 time=2.518
After sweep 25 energy=-6.1664  maxlinkdim=183 maxerr=1.54E-09 time=2.503
After sweep 26 energy=-6.1663933  maxlinkdim=189 maxerr=1.53E-09 time=2.513
After sweep 27 energy=-6.1663957  maxlinkdim=184 maxerr=6.28E-10 time=2.500
After sweep 28 energy=-6.1663885  maxlinkdim=186 maxerr=8.12E-10 time=2.502
After sweep 29 energy=-6.166382  maxlinkdim=187 maxerr=1.26E-07 time=2.510
After sweep 30 energy=-6.1663933  maxlinkdim=184 maxerr=1.97E-07 time=2.509
Same mu: -2.646322358155542 and continuing
Target density achieved with mu=-2.646322358155542, n=0.50000256
Checking {alpha,beta} vs measured
Alpha not converged.
NOT CONVERGED; updating alpha, beta and continuing...
After sweep 1 energy=-4.794574  maxlinkdim=16 maxerr=2.03E-07 time=0.534
After sweep 2 energy=-5.7904325  maxlinkdim=170 maxerr=7.49E-08 time=1.301
After sweep 3 energy=-5.902365  maxlinkdim=196 maxerr=2.18E-09 time=2.067
After sweep 4 energy=-5.9683294  maxlinkdim=192 maxerr=1.64E-07 time=2.050
After sweep 5 energy=-6.0223684  maxlinkdim=205 maxerr=4.68E-08 time=2.016
After sweep 6 energy=-6.0614963  maxlinkdim=188 maxerr=8.30E-08 time=1.938
After sweep 7 energy=-6.091951  maxlinkdim=171 maxerr=1.14E-07 time=1.866
After sweep 8 energy=-6.1152244  maxlinkdim=236 maxerr=2.25E-10 time=1.865
After sweep 9 energy=-6.1309977  maxlinkdim=193 maxerr=3.05E-09 time=2.260
After sweep 10 energy=-6.1426396  maxlinkdim=200 maxerr=1.42E-07 time=1.821
After sweep 11 energy=-6.1512604  maxlinkdim=259 maxerr=2.79E-07 time=1.872
After sweep 12 energy=-6.1570926  maxlinkdim=227 maxerr=1.50E-07 time=1.903
After sweep 13 energy=-6.160869  maxlinkdim=197 maxerr=1.08E-07 time=1.948
After sweep 14 energy=-6.163851  maxlinkdim=201 maxerr=6.39E-10 time=1.973
After sweep 15 energy=-6.1656704  maxlinkdim=180 maxerr=6.41E-08 time=2.075
After sweep 16 energy=-6.1661544  maxlinkdim=178 maxerr=1.60E-10 time=2.091
After sweep 17 energy=-6.1663275  maxlinkdim=182 maxerr=1.23E-07 time=2.108
After sweep 18 energy=-6.166399  maxlinkdim=187 maxerr=9.44E-08 time=2.232
After sweep 19 energy=-6.1664486  maxlinkdim=193 maxerr=2.85E-08 time=2.360
After sweep 20 energy=-6.1664104  maxlinkdim=191 maxerr=9.73E-10 time=2.474
After sweep 21 energy=-6.1663947  maxlinkdim=185 maxerr=2.82E-07 time=2.523
After sweep 22 energy=-6.166423  maxlinkdim=186 maxerr=1.94E-09 time=2.499
After sweep 23 energy=-6.166381  maxlinkdim=187 maxerr=1.16E-08 time=2.503
After sweep 24 energy=-6.1663895  maxlinkdim=186 maxerr=2.09E-10 time=2.523
After sweep 25 energy=-6.166384  maxlinkdim=185 maxerr=1.18E-10 time=2.502
After sweep 26 energy=-6.1663923  maxlinkdim=188 maxerr=1.85E-07 time=2.496
After sweep 27 energy=-6.1663847  maxlinkdim=184 maxerr=1.87E-07 time=2.516
After sweep 28 energy=-6.166399  maxlinkdim=184 maxerr=9.05E-10 time=2.501
After sweep 29 energy=-6.1664066  maxlinkdim=186 maxerr=2.83E-08 time=2.514
After sweep 30 energy=-6.166399  maxlinkdim=191 maxerr=1.00E-10 time=2.525
Same mu: -2.646322358155542 and continuing
Target density achieved with mu=-2.646322358155542, n=0.50000316
Checking {alpha,beta} vs measured
Alpha not converged.
NOT CONVERGED; updating alpha, beta and continuing...
After sweep 1 energy=-4.778802  maxlinkdim=16 maxerr=1.76E-07 time=0.582
After sweep 2 energy=-5.7986765  maxlinkdim=173 maxerr=1.44E-07 time=1.210
After sweep 3 energy=-5.9146695  maxlinkdim=247 maxerr=4.10E-08 time=2.159
After sweep 4 energy=-5.9827676  maxlinkdim=226 maxerr=1.11E-07 time=2.210
After sweep 5 energy=-6.031861  maxlinkdim=222 maxerr=1.88E-09 time=2.059
After sweep 6 energy=-6.0666013  maxlinkdim=189 maxerr=2.54E-08 time=1.875
After sweep 7 energy=-6.096083  maxlinkdim=220 maxerr=1.00E-10 time=1.804
After sweep 8 energy=-6.1183515  maxlinkdim=256 maxerr=2.84E-08 time=1.869
After sweep 9 energy=-6.1334767  maxlinkdim=205 maxerr=1.82E-07 time=1.906
After sweep 10 energy=-6.1449423  maxlinkdim=178 maxerr=7.25E-08 time=1.841
After sweep 11 energy=-6.1526423  maxlinkdim=211 maxerr=2.46E-10 time=1.816
After sweep 12 energy=-6.158149  maxlinkdim=203 maxerr=8.16E-09 time=1.842
After sweep 13 energy=-6.161788  maxlinkdim=170 maxerr=9.64E-10 time=1.888
After sweep 14 energy=-6.163884  maxlinkdim=180 maxerr=2.49E-08 time=1.864
After sweep 15 energy=-6.165267  maxlinkdim=173 maxerr=6.26E-08 time=1.945
After sweep 16 energy=-6.16607  maxlinkdim=207 maxerr=7.95E-10 time=2.053
After sweep 17 energy=-6.16632  maxlinkdim=202 maxerr=1.28E-07 time=2.149
After sweep 18 energy=-6.166405  maxlinkdim=189 maxerr=2.00E-10 time=2.227
After sweep 19 energy=-6.166431  maxlinkdim=192 maxerr=4.53E-10 time=2.343
After sweep 20 energy=-6.1663923  maxlinkdim=190 maxerr=1.48E-07 time=2.467
After sweep 21 energy=-6.166417  maxlinkdim=185 maxerr=5.74E-08 time=2.503
After sweep 22 energy=-6.166411  maxlinkdim=186 maxerr=1.00E-10 time=2.496
After sweep 23 energy=-6.166421  maxlinkdim=185 maxerr=1.34E-09 time=2.490
After sweep 24 energy=-6.1663923  maxlinkdim=185 maxerr=2.17E-10 time=2.498
After sweep 25 energy=-6.166397  maxlinkdim=186 maxerr=1.00E-10 time=2.490
After sweep 26 energy=-6.166405  maxlinkdim=183 maxerr=9.25E-08 time=2.498
After sweep 27 energy=-6.1664  maxlinkdim=185 maxerr=1.26E-07 time=2.499
After sweep 28 energy=-6.1663833  maxlinkdim=186 maxerr=4.98E-08 time=2.500
After sweep 29 energy=-6.166389  maxlinkdim=188 maxerr=9.49E-10 time=2.494
After sweep 30 energy=-6.16639  maxlinkdim=185 maxerr=2.01E-07 time=2.495
Same mu: -2.646322358155542 and continuing
Target density achieved with mu=-2.646322358155542, n=0.5000025
Checking {alpha,beta} vs measured
Alpha not converged.
NOT CONVERGED; updating alpha, beta and continuing...
After sweep 1 energy=-4.766652  maxlinkdim=16 maxerr=2.26E-07 time=0.534
After sweep 2 energy=-5.7885947  maxlinkdim=177 maxerr=8.10E-08 time=1.235
After sweep 3 energy=-5.9060197  maxlinkdim=205 maxerr=1.90E-07 time=2.100
After sweep 4 energy=-5.974471  maxlinkdim=203 maxerr=1.05E-07 time=2.132
After sweep 5 energy=-6.025736  maxlinkdim=215 maxerr=1.75E-07 time=2.073
After sweep 6 energy=-6.0632944  maxlinkdim=180 maxerr=1.09E-09 time=1.891
After sweep 7 energy=-6.092036  maxlinkdim=180 maxerr=1.21E-07 time=1.826
After sweep 8 energy=-6.1154437  maxlinkdim=258 maxerr=2.39E-07 time=1.835
After sweep 9 energy=-6.131814  maxlinkdim=290 maxerr=2.69E-07 time=1.879
After sweep 10 energy=-6.1433697  maxlinkdim=186 maxerr=1.52E-07 time=1.914
After sweep 11 energy=-6.1523104  maxlinkdim=225 maxerr=9.66E-09 time=1.921
After sweep 12 energy=-6.158526  maxlinkdim=201 maxerr=4.32E-09 time=1.943
After sweep 13 energy=-6.161968  maxlinkdim=178 maxerr=1.17E-10 time=1.939
After sweep 14 energy=-6.1639805  maxlinkdim=198 maxerr=1.42E-09 time=1.900
After sweep 15 energy=-6.165449  maxlinkdim=192 maxerr=1.00E-07 time=2.038
After sweep 16 energy=-6.1661577  maxlinkdim=181 maxerr=1.41E-08 time=2.139
After sweep 17 energy=-6.166381  maxlinkdim=232 maxerr=1.36E-07 time=2.205
After sweep 18 energy=-6.1664314  maxlinkdim=192 maxerr=9.98E-11 time=2.276
After sweep 19 energy=-6.1664424  maxlinkdim=191 maxerr=6.90E-10 time=2.419
After sweep 20 energy=-6.1664  maxlinkdim=188 maxerr=3.05E-07 time=2.512
After sweep 21 energy=-6.166395  maxlinkdim=187 maxerr=8.23E-08 time=2.498
After sweep 22 energy=-6.166417  maxlinkdim=187 maxerr=3.56E-10 time=2.494
After sweep 23 energy=-6.166382  maxlinkdim=185 maxerr=1.54E-07 time=2.487
After sweep 24 energy=-6.166361  maxlinkdim=185 maxerr=1.00E-10 time=2.484
After sweep 25 energy=-6.166403  maxlinkdim=186 maxerr=2.63E-08 time=2.485
After sweep 26 energy=-6.1664004  maxlinkdim=189 maxerr=1.55E-07 time=2.502
After sweep 27 energy=-6.1664  maxlinkdim=186 maxerr=8.99E-08 time=2.503
After sweep 28 energy=-6.1664  maxlinkdim=186 maxerr=6.72E-09 time=2.492
After sweep 29 energy=-6.1663857  maxlinkdim=188 maxerr=1.35E-07 time=2.493
After sweep 30 energy=-6.166436  maxlinkdim=185 maxerr=2.04E-07 time=2.493
Same mu: -2.646322358155542 and continuing
Target density achieved with mu=-2.646322358155542, n=0.50000364
Checking {alpha,beta} vs measured
Alpha not converged.
NOT CONVERGED; updating alpha, beta and continuing...
After sweep 1 energy=-4.7879806  maxlinkdim=16 maxerr=3.25E-07 time=0.555
After sweep 2 energy=-5.799686  maxlinkdim=178 maxerr=1.30E-08 time=1.210
After sweep 3 energy=-5.908659  maxlinkdim=181 maxerr=9.62E-08 time=2.096
After sweep 4 energy=-5.977126  maxlinkdim=182 maxerr=1.61E-07 time=2.058
After sweep 5 energy=-6.0291085  maxlinkdim=191 maxerr=1.34E-07 time=1.990
After sweep 6 energy=-6.0666533  maxlinkdim=185 maxerr=8.98E-08 time=1.907
After sweep 7 energy=-6.096116  maxlinkdim=235 maxerr=6.76E-08 time=1.835
After sweep 8 energy=-6.117856  maxlinkdim=196 maxerr=1.91E-09 time=1.900
After sweep 9 energy=-6.133966  maxlinkdim=206 maxerr=3.04E-08 time=1.921
After sweep 10 energy=-6.144864  maxlinkdim=219 maxerr=1.46E-09 time=1.878
After sweep 11 energy=-6.1527185  maxlinkdim=212 maxerr=1.00E-10 time=1.858
After sweep 12 energy=-6.158223  maxlinkdim=234 maxerr=1.18E-09 time=1.906
After sweep 13 energy=-6.161644  maxlinkdim=221 maxerr=1.14E-09 time=1.934
After sweep 14 energy=-6.163846  maxlinkdim=171 maxerr=2.55E-08 time=1.961
After sweep 15 energy=-6.1652575  maxlinkdim=184 maxerr=6.74E-08 time=2.014
After sweep 16 energy=-6.1660886  maxlinkdim=192 maxerr=1.37E-09 time=2.150
After sweep 17 energy=-6.166376  maxlinkdim=212 maxerr=2.21E-07 time=2.243
After sweep 18 energy=-6.16642  maxlinkdim=191 maxerr=2.24E-08 time=2.319
After sweep 19 energy=-6.1664233  maxlinkdim=193 maxerr=1.02E-09 time=2.408
After sweep 20 energy=-6.166409  maxlinkdim=190 maxerr=2.79E-07 time=2.497
After sweep 21 energy=-6.166406  maxlinkdim=185 maxerr=7.16E-10 time=2.499
After sweep 22 energy=-6.166391  maxlinkdim=183 maxerr=1.31E-09 time=2.492
After sweep 23 energy=-6.166397  maxlinkdim=185 maxerr=3.18E-08 time=2.480
After sweep 24 energy=-6.1663847  maxlinkdim=185 maxerr=1.23E-09 time=2.496
After sweep 25 energy=-6.1664057  maxlinkdim=185 maxerr=3.20E-07 time=2.498
After sweep 26 energy=-6.1663704  maxlinkdim=188 maxerr=8.54E-10 time=2.503
After sweep 27 energy=-6.166411  maxlinkdim=184 maxerr=2.48E-08 time=2.499
After sweep 28 energy=-6.16638  maxlinkdim=190 maxerr=9.40E-10 time=2.494
After sweep 29 energy=-6.166389  maxlinkdim=191 maxerr=2.84E-08 time=2.490
After sweep 30 energy=-6.1664014  maxlinkdim=190 maxerr=1.11E-09 time=2.503
Same mu: -2.646322358155542 and continuing
Target density achieved with mu=-2.646322358155542, n=0.50000256
Checking {alpha,beta} vs measured
Alpha not converged.
NOT CONVERGED; updating alpha, beta and continuing...
After sweep 1 energy=-4.7862563  maxlinkdim=16 maxerr=1.84E-07 time=0.548
After sweep 2 energy=-5.8008122  maxlinkdim=178 maxerr=1.29E-07 time=1.215
After sweep 3 energy=-5.914158  maxlinkdim=241 maxerr=8.66E-10 time=2.166
After sweep 4 energy=-5.9812913  maxlinkdim=213 maxerr=5.58E-08 time=2.224
After sweep 5 energy=-6.0318804  maxlinkdim=219 maxerr=8.54E-08 time=2.108
After sweep 6 energy=-6.0691195  maxlinkdim=198 maxerr=1.36E-07 time=1.965
After sweep 7 energy=-6.098055  maxlinkdim=196 maxerr=1.09E-07 time=1.914
After sweep 8 energy=-6.119203  maxlinkdim=207 maxerr=6.43E-08 time=1.838
After sweep 9 energy=-6.1335316  maxlinkdim=178 maxerr=1.87E-07 time=1.763
After sweep 10 energy=-6.144096  maxlinkdim=197 maxerr=8.59E-08 time=1.757
After sweep 11 energy=-6.1523185  maxlinkdim=282 maxerr=3.35E-08 time=1.808
After sweep 12 energy=-6.1577573  maxlinkdim=216 maxerr=7.96E-08 time=1.849
After sweep 13 energy=-6.161189  maxlinkdim=229 maxerr=1.82E-07 time=1.871
After sweep 14 energy=-6.1636057  maxlinkdim=234 maxerr=1.32E-09 time=1.916
After sweep 15 energy=-6.1651344  maxlinkdim=198 maxerr=8.22E-08 time=2.017
After sweep 16 energy=-6.165845  maxlinkdim=181 maxerr=9.99E-11 time=2.039
After sweep 17 energy=-6.166165  maxlinkdim=186 maxerr=2.11E-09 time=2.077
After sweep 18 energy=-6.1663423  maxlinkdim=191 maxerr=8.57E-09 time=2.192
After sweep 19 energy=-6.166438  maxlinkdim=193 maxerr=1.69E-09 time=2.291
After sweep 20 energy=-6.1664076  maxlinkdim=196 maxerr=8.42E-08 time=2.384
After sweep 21 energy=-6.166413  maxlinkdim=185 maxerr=1.51E-07 time=2.469
After sweep 22 energy=-6.1663704  maxlinkdim=186 maxerr=6.33E-08 time=2.506
After sweep 23 energy=-6.1663866  maxlinkdim=183 maxerr=2.02E-07 time=2.501
After sweep 24 energy=-6.166376  maxlinkdim=187 maxerr=1.32E-07 time=2.476
After sweep 25 energy=-6.1664166  maxlinkdim=189 maxerr=4.41E-09 time=2.497
After sweep 26 energy=-6.166408  maxlinkdim=188 maxerr=1.62E-07 time=2.508
After sweep 27 energy=-6.166409  maxlinkdim=188 maxerr=1.81E-07 time=2.499
After sweep 28 energy=-6.166382  maxlinkdim=191 maxerr=1.52E-09 time=2.504
After sweep 29 energy=-6.166389  maxlinkdim=184 maxerr=1.45E-08 time=2.518
After sweep 30 energy=-6.166384  maxlinkdim=187 maxerr=3.92E-08 time=2.497
Same mu: -2.646322358155542 and continuing
Target density achieved with mu=-2.646322358155542, n=0.5000038
Checking {alpha,beta} vs measured
Alpha not converged.
NOT CONVERGED; updating alpha, beta and continuing...
After sweep 1 energy=-4.7859316  maxlinkdim=16 maxerr=2.71E-07 time=0.537
After sweep 2 energy=-5.8006754  maxlinkdim=177 maxerr=9.76E-08 time=1.251
After sweep 3 energy=-5.9099503  maxlinkdim=203 maxerr=1.16E-09 time=2.129
After sweep 4 energy=-5.97465  maxlinkdim=203 maxerr=1.59E-07 time=2.137
After sweep 5 energy=-6.02695  maxlinkdim=202 maxerr=3.62E-08 time=2.024
After sweep 6 energy=-6.06415  maxlinkdim=187 maxerr=1.05E-07 time=1.969
After sweep 7 energy=-6.0945554  maxlinkdim=208 maxerr=4.91E-08 time=1.872
After sweep 8 energy=-6.116705  maxlinkdim=191 maxerr=3.31E-08 time=1.844
After sweep 9 energy=-6.1325593  maxlinkdim=249 maxerr=2.63E-08 time=1.876
After sweep 10 energy=-6.1436787  maxlinkdim=223 maxerr=9.98E-11 time=1.852
After sweep 11 energy=-6.1520014  maxlinkdim=181 maxerr=8.30E-08 time=1.863
After sweep 12 energy=-6.1579943  maxlinkdim=175 maxerr=5.52E-08 time=1.888
After sweep 13 energy=-6.161909  maxlinkdim=172 maxerr=8.59E-10 time=1.892
After sweep 14 energy=-6.163986  maxlinkdim=214 maxerr=1.29E-07 time=1.922
After sweep 15 energy=-6.1654196  maxlinkdim=195 maxerr=6.91E-08 time=1.981
After sweep 16 energy=-6.1660957  maxlinkdim=186 maxerr=1.82E-09 time=2.113
After sweep 17 energy=-6.1663485  maxlinkdim=189 maxerr=4.30E-08 time=2.187
After sweep 18 energy=-6.1663976  maxlinkdim=189 maxerr=6.32E-10 time=2.275
After sweep 19 energy=-6.1664286  maxlinkdim=192 maxerr=9.99E-11 time=2.363
After sweep 20 energy=-6.166437  maxlinkdim=188 maxerr=4.47E-08 time=2.457
After sweep 21 energy=-6.166381  maxlinkdim=188 maxerr=2.94E-07 time=2.504
After sweep 22 energy=-6.166416  maxlinkdim=185 maxerr=1.00E-10 time=2.497
After sweep 23 energy=-6.166403  maxlinkdim=188 maxerr=5.31E-10 time=2.509
After sweep 24 energy=-6.1664166  maxlinkdim=187 maxerr=1.84E-09 time=2.504
After sweep 25 energy=-6.166405  maxlinkdim=185 maxerr=1.95E-07 time=2.486
After sweep 26 energy=-6.166383  maxlinkdim=188 maxerr=2.11E-07 time=2.496
After sweep 27 energy=-6.1664  maxlinkdim=185 maxerr=3.03E-07 time=2.503
After sweep 28 energy=-6.1664095  maxlinkdim=185 maxerr=4.40E-09 time=2.487
After sweep 29 energy=-6.1663876  maxlinkdim=185 maxerr=2.64E-08 time=2.491
After sweep 30 energy=-6.1664124  maxlinkdim=192 maxerr=1.11E-07 time=2.516
Same mu: -2.646322358155542 and continuing
Target density achieved with mu=-2.646322358155542, n=0.50000334
Checking {alpha,beta} vs measured
Alpha not converged.
NOT CONVERGED; updating alpha, beta and continuing...
After sweep 1 energy=-4.7869334  maxlinkdim=16 maxerr=3.04E-07 time=0.568
After sweep 2 energy=-5.799451  maxlinkdim=174 maxerr=1.59E-07 time=1.182
After sweep 3 energy=-5.9097977  maxlinkdim=197 maxerr=1.14E-07 time=2.067
After sweep 4 energy=-5.976603  maxlinkdim=197 maxerr=3.81E-08 time=2.056
After sweep 5 energy=-6.027406  maxlinkdim=213 maxerr=2.53E-09 time=2.096
After sweep 6 energy=-6.065219  maxlinkdim=184 maxerr=4.11E-09 time=1.936
After sweep 7 energy=-6.096033  maxlinkdim=241 maxerr=2.33E-07 time=1.876
After sweep 8 energy=-6.1171775  maxlinkdim=189 maxerr=6.03E-08 time=1.900
After sweep 9 energy=-6.132087  maxlinkdim=191 maxerr=1.48E-07 time=1.853
After sweep 10 energy=-6.144722  maxlinkdim=229 maxerr=4.26E-08 time=1.895
After sweep 11 energy=-6.155159  maxlinkdim=246 maxerr=1.21E-07 time=2.002
After sweep 12 energy=-6.1605177  maxlinkdim=199 maxerr=3.77E-08 time=1.985
After sweep 13 energy=-6.163074  maxlinkdim=182 maxerr=3.43E-08 time=1.914
After sweep 14 energy=-6.164619  maxlinkdim=178 maxerr=1.66E-08 time=1.905
After sweep 15 energy=-6.1657743  maxlinkdim=215 maxerr=9.02E-10 time=2.036
After sweep 16 energy=-6.1662455  maxlinkdim=192 maxerr=8.31E-10 time=2.164
After sweep 17 energy=-6.166417  maxlinkdim=184 maxerr=7.19E-08 time=2.210
After sweep 18 energy=-6.166431  maxlinkdim=194 maxerr=6.31E-10 time=2.294
After sweep 19 energy=-6.166382  maxlinkdim=192 maxerr=9.99E-11 time=2.411
After sweep 20 energy=-6.1664286  maxlinkdim=185 maxerr=1.67E-08 time=2.503
After sweep 21 energy=-6.166407  maxlinkdim=185 maxerr=7.38E-10 time=2.505
After sweep 22 energy=-6.1664143  maxlinkdim=185 maxerr=2.52E-08 time=2.502
After sweep 23 energy=-6.166389  maxlinkdim=185 maxerr=4.31E-08 time=2.487
After sweep 24 energy=-6.1663704  maxlinkdim=187 maxerr=3.48E-08 time=2.489
After sweep 25 energy=-6.1664  maxlinkdim=189 maxerr=2.39E-08 time=2.494
After sweep 26 energy=-6.1664042  maxlinkdim=186 maxerr=1.21E-07 time=2.499
After sweep 27 energy=-6.166404  maxlinkdim=185 maxerr=1.33E-09 time=2.498
After sweep 28 energy=-6.1664157  maxlinkdim=186 maxerr=1.39E-08 time=2.495
After sweep 29 energy=-6.1664076  maxlinkdim=185 maxerr=2.02E-07 time=2.489
After sweep 30 energy=-6.1664047  maxlinkdim=184 maxerr=1.19E-08 time=2.487
Same mu: -2.646322358155542 and continuing
Target density achieved with mu=-2.646322358155542, n=0.50000226
Checking {alpha,beta} vs measured
Alpha not converged.
NOT CONVERGED; updating alpha, beta and continuing...
After sweep 1 energy=-4.7816286  maxlinkdim=16 maxerr=1.84E-07 time=0.535
After sweep 2 energy=-5.8049645  maxlinkdim=185 maxerr=1.71E-08 time=1.262
After sweep 3 energy=-5.911725  maxlinkdim=190 maxerr=1.25E-09 time=2.151
After sweep 4 energy=-5.979481  maxlinkdim=201 maxerr=1.13E-09 time=2.098
After sweep 5 energy=-6.0297785  maxlinkdim=193 maxerr=7.21E-08 time=2.030
After sweep 6 energy=-6.067158  maxlinkdim=169 maxerr=6.37E-10 time=1.895
After sweep 7 energy=-6.097084  maxlinkdim=240 maxerr=1.91E-08 time=1.842
After sweep 8 energy=-6.1186438  maxlinkdim=216 maxerr=4.68E-10 time=1.847
After sweep 9 energy=-6.1335583  maxlinkdim=168 maxerr=5.92E-10 time=1.831
After sweep 10 energy=-6.1445646  maxlinkdim=182 maxerr=9.99E-11 time=1.784
After sweep 11 energy=-6.153034  maxlinkdim=165 maxerr=1.40E-09 time=1.829
After sweep 12 energy=-6.1591964  maxlinkdim=174 maxerr=9.07E-10 time=1.882
After sweep 13 energy=-6.1634755  maxlinkdim=178 maxerr=6.09E-08 time=1.966
After sweep 14 energy=-6.1650844  maxlinkdim=167 maxerr=1.10E-08 time=1.921
After sweep 15 energy=-6.165828  maxlinkdim=176 maxerr=6.50E-08 time=1.937
After sweep 16 energy=-6.1661615  maxlinkdim=177 maxerr=1.21E-09 time=1.954
After sweep 17 energy=-6.166316  maxlinkdim=195 maxerr=8.16E-10 time=2.079
After sweep 18 energy=-6.1663914  maxlinkdim=192 maxerr=1.56E-07 time=2.228
After sweep 19 energy=-6.166422  maxlinkdim=194 maxerr=1.53E-10 time=2.383
After sweep 20 energy=-6.1664066  maxlinkdim=189 maxerr=6.27E-08 time=2.501
After sweep 21 energy=-6.1663885  maxlinkdim=185 maxerr=1.23E-08 time=2.514
After sweep 22 energy=-6.166382  maxlinkdim=187 maxerr=9.99E-11 time=2.495
After sweep 23 energy=-6.166397  maxlinkdim=186 maxerr=1.10E-07 time=2.500
After sweep 24 energy=-6.1664195  maxlinkdim=185 maxerr=1.63E-07 time=2.496
After sweep 25 energy=-6.1663895  maxlinkdim=188 maxerr=1.00E-10 time=2.500
After sweep 26 energy=-6.166383  maxlinkdim=184 maxerr=1.73E-09 time=2.491
After sweep 27 energy=-6.1663837  maxlinkdim=190 maxerr=8.22E-10 time=2.507
After sweep 28 energy=-6.166361  maxlinkdim=186 maxerr=1.00E-10 time=2.498
After sweep 29 energy=-6.166391  maxlinkdim=185 maxerr=1.31E-07 time=2.497
After sweep 30 energy=-6.1663938  maxlinkdim=186 maxerr=1.24E-09 time=2.496
Same mu: -2.646322358155542 and continuing
Target density achieved with mu=-2.646322358155542, n=0.5000012
Checking {alpha,beta} vs measured
Alpha not converged.
NOT CONVERGED; updating alpha, beta and continuing...
After sweep 1 energy=-4.7873955  maxlinkdim=16 maxerr=1.79E-07 time=0.522
After sweep 2 energy=-5.8116245  maxlinkdim=178 maxerr=1.93E-07 time=1.295
After sweep 3 energy=-5.9216905  maxlinkdim=193 maxerr=1.41E-07 time=2.056
After sweep 4 energy=-5.987542  maxlinkdim=188 maxerr=1.63E-09 time=2.104
After sweep 5 energy=-6.0376935  maxlinkdim=209 maxerr=1.47E-07 time=2.051
After sweep 6 energy=-6.0713224  maxlinkdim=173 maxerr=1.61E-09 time=1.853
After sweep 7 energy=-6.1009917  maxlinkdim=208 maxerr=1.84E-07 time=1.858
After sweep 8 energy=-6.1206007  maxlinkdim=210 maxerr=3.24E-07 time=1.861
After sweep 9 energy=-6.1346126  maxlinkdim=207 maxerr=6.04E-10 time=1.817
After sweep 10 energy=-6.1452346  maxlinkdim=202 maxerr=2.05E-07 time=1.835
After sweep 11 energy=-6.1541667  maxlinkdim=218 maxerr=8.04E-09 time=1.906
After sweep 12 energy=-6.1603007  maxlinkdim=214 maxerr=9.85E-10 time=2.024
After sweep 13 energy=-6.1629333  maxlinkdim=187 maxerr=3.06E-07 time=1.930
After sweep 14 energy=-6.164499  maxlinkdim=240 maxerr=1.79E-07 time=1.881
After sweep 15 energy=-6.1654363  maxlinkdim=195 maxerr=1.95E-09 time=1.930
After sweep 16 energy=-6.1660457  maxlinkdim=195 maxerr=1.28E-09 time=2.055
After sweep 17 energy=-6.1662693  maxlinkdim=185 maxerr=1.64E-09 time=2.089
After sweep 18 energy=-6.166376  maxlinkdim=186 maxerr=1.15E-07 time=2.176
After sweep 19 energy=-6.1664195  maxlinkdim=194 maxerr=8.08E-10 time=2.280
After sweep 20 energy=-6.166397  maxlinkdim=192 maxerr=1.16E-07 time=2.429
After sweep 21 energy=-6.1663923  maxlinkdim=186 maxerr=8.07E-10 time=2.497
After sweep 22 energy=-6.1663947  maxlinkdim=187 maxerr=8.00E-10 time=2.481
After sweep 23 energy=-6.166386  maxlinkdim=188 maxerr=1.00E-10 time=2.491
After sweep 24 energy=-6.166435  maxlinkdim=186 maxerr=2.66E-09 time=2.489
After sweep 25 energy=-6.1664066  maxlinkdim=186 maxerr=1.08E-09 time=2.492
After sweep 26 energy=-6.1663847  maxlinkdim=185 maxerr=1.39E-09 time=2.496
After sweep 27 energy=-6.166394  maxlinkdim=186 maxerr=4.55E-10 time=2.486
After sweep 28 energy=-6.166438  maxlinkdim=185 maxerr=1.28E-07 time=2.502
After sweep 29 energy=-6.1664033  maxlinkdim=187 maxerr=8.59E-08 time=2.488
After sweep 30 energy=-6.1663857  maxlinkdim=185 maxerr=6.79E-08 time=2.496
Same mu: -2.646322358155542 and continuing
Target density achieved with mu=-2.646322358155542, n=0.50000376
Checking {alpha,beta} vs measured
Alpha not converged.
NOT CONVERGED; updating alpha, beta and continuing...
After sweep 1 energy=-4.7880964  maxlinkdim=16 maxerr=2.45E-07 time=0.574
After sweep 2 energy=-5.8031383  maxlinkdim=176 maxerr=1.36E-08 time=1.205
After sweep 3 energy=-5.909733  maxlinkdim=183 maxerr=2.35E-09 time=2.102
After sweep 4 energy=-5.977282  maxlinkdim=212 maxerr=5.92E-08 time=2.001
After sweep 5 energy=-6.027708  maxlinkdim=181 maxerr=9.00E-08 time=1.972
After sweep 6 energy=-6.066158  maxlinkdim=182 maxerr=3.02E-08 time=1.863
After sweep 7 energy=-6.0964684  maxlinkdim=266 maxerr=2.40E-08 time=1.905
After sweep 8 energy=-6.118249  maxlinkdim=204 maxerr=5.98E-08 time=1.887
After sweep 9 energy=-6.133193  maxlinkdim=193 maxerr=1.49E-09 time=1.802
After sweep 10 energy=-6.1446853  maxlinkdim=215 maxerr=3.15E-08 time=1.866
After sweep 11 energy=-6.1536045  maxlinkdim=290 maxerr=7.90E-10 time=1.945
After sweep 12 energy=-6.159427  maxlinkdim=216 maxerr=1.54E-07 time=2.030
After sweep 13 energy=-6.1625166  maxlinkdim=196 maxerr=9.87E-10 time=2.020
After sweep 14 energy=-6.1643147  maxlinkdim=186 maxerr=4.76E-10 time=2.004
After sweep 15 energy=-6.165457  maxlinkdim=202 maxerr=1.14E-07 time=2.063
After sweep 16 energy=-6.166092  maxlinkdim=191 maxerr=9.59E-08 time=2.147
After sweep 17 energy=-6.1663475  maxlinkdim=196 maxerr=1.00E-10 time=2.253
After sweep 18 energy=-6.1664157  maxlinkdim=193 maxerr=1.33E-09 time=2.319
After sweep 19 energy=-6.1664543  maxlinkdim=193 maxerr=7.18E-08 time=2.404
After sweep 20 energy=-6.166389  maxlinkdim=188 maxerr=1.99E-07 time=2.487
After sweep 21 energy=-6.1664257  maxlinkdim=186 maxerr=1.99E-07 time=2.499
After sweep 22 energy=-6.1663933  maxlinkdim=191 maxerr=1.20E-07 time=2.492
After sweep 23 energy=-6.1663923  maxlinkdim=184 maxerr=1.61E-08 time=2.499
After sweep 24 energy=-6.166387  maxlinkdim=184 maxerr=2.35E-07 time=2.500
After sweep 25 energy=-6.166398  maxlinkdim=185 maxerr=3.93E-08 time=2.502
After sweep 26 energy=-6.166418  maxlinkdim=184 maxerr=2.31E-09 time=2.499
After sweep 27 energy=-6.166394  maxlinkdim=184 maxerr=9.99E-11 time=2.510
After sweep 28 energy=-6.1663995  maxlinkdim=184 maxerr=1.62E-07 time=2.499
After sweep 29 energy=-6.166408  maxlinkdim=185 maxerr=1.61E-07 time=2.499
After sweep 30 energy=-6.1663814  maxlinkdim=184 maxerr=1.49E-07 time=2.519
Same mu: -2.646322358155542 and continuing
Target density achieved with mu=-2.646322358155542, n=0.50000256
Checking {alpha,beta} vs measured
Alpha not converged.
NOT CONVERGED; updating alpha, beta and continuing...
After sweep 1 energy=-4.7892265  maxlinkdim=16 maxerr=2.10E-07 time=0.543
After sweep 2 energy=-5.8059807  maxlinkdim=174 maxerr=1.04E-07 time=1.290
After sweep 3 energy=-5.91811  maxlinkdim=201 maxerr=8.09E-10 time=2.154
After sweep 4 energy=-5.98222  maxlinkdim=192 maxerr=1.26E-09 time=2.232
After sweep 5 energy=-6.032463  maxlinkdim=208 maxerr=2.33E-09 time=2.082
After sweep 6 energy=-6.0677085  maxlinkdim=176 maxerr=1.05E-09 time=1.915
After sweep 7 energy=-6.09828  maxlinkdim=262 maxerr=2.20E-09 time=1.901
After sweep 8 energy=-6.119535  maxlinkdim=243 maxerr=2.08E-07 time=1.966
After sweep 9 energy=-6.1340227  maxlinkdim=259 maxerr=4.04E-08 time=1.937
After sweep 10 energy=-6.144635  maxlinkdim=220 maxerr=1.17E-07 time=1.899
After sweep 11 energy=-6.1535854  maxlinkdim=223 maxerr=1.13E-09 time=1.940
After sweep 12 energy=-6.159185  maxlinkdim=218 maxerr=6.75E-08 time=1.988
After sweep 13 energy=-6.1621275  maxlinkdim=235 maxerr=1.61E-07 time=1.925
After sweep 14 energy=-6.164119  maxlinkdim=199 maxerr=6.67E-10 time=1.994
After sweep 15 energy=-6.165327  maxlinkdim=185 maxerr=1.41E-07 time=2.042
After sweep 16 energy=-6.1660357  maxlinkdim=189 maxerr=1.19E-08 time=2.131
After sweep 17 energy=-6.166317  maxlinkdim=185 maxerr=7.90E-09 time=2.199
After sweep 18 energy=-6.16639  maxlinkdim=191 maxerr=9.51E-10 time=2.229
After sweep 19 energy=-6.1664143  maxlinkdim=192 maxerr=3.28E-10 time=2.330
After sweep 20 energy=-6.1663885  maxlinkdim=193 maxerr=5.29E-08 time=2.469
After sweep 21 energy=-6.1663904  maxlinkdim=190 maxerr=1.65E-07 time=2.542
After sweep 22 energy=-6.166388  maxlinkdim=184 maxerr=6.73E-10 time=2.499
After sweep 23 energy=-6.166398  maxlinkdim=187 maxerr=3.23E-08 time=2.489
After sweep 24 energy=-6.16638  maxlinkdim=184 maxerr=1.08E-07 time=2.494
After sweep 25 energy=-6.1663623  maxlinkdim=186 maxerr=1.15E-09 time=2.492
After sweep 26 energy=-6.166382  maxlinkdim=185 maxerr=1.00E-10 time=2.509
After sweep 27 energy=-6.166434  maxlinkdim=185 maxerr=1.06E-07 time=2.504
After sweep 28 energy=-6.166417  maxlinkdim=184 maxerr=2.99E-08 time=2.496
After sweep 29 energy=-6.166397  maxlinkdim=185 maxerr=9.99E-11 time=2.500
After sweep 30 energy=-6.1663685  maxlinkdim=186 maxerr=1.00E-10 time=2.499
Same mu: -2.646322358155542 and continuing
Target density achieved with mu=-2.646322358155542, n=0.5000021
Checking {alpha,beta} vs measured
Alpha not converged.
NOT CONVERGED; updating alpha, beta and continuing...
After sweep 1 energy=-4.7971873  maxlinkdim=16 maxerr=2.12E-07 time=0.543
After sweep 2 energy=-5.8094606  maxlinkdim=177 maxerr=1.26E-07 time=1.283
After sweep 3 energy=-5.9168425  maxlinkdim=201 maxerr=3.08E-09 time=2.136
After sweep 4 energy=-5.9806714  maxlinkdim=220 maxerr=1.97E-08 time=2.135
After sweep 5 energy=-6.0296054  maxlinkdim=212 maxerr=7.42E-08 time=2.067
After sweep 6 energy=-6.0660434  maxlinkdim=192 maxerr=1.58E-09 time=1.971
After sweep 7 energy=-6.0960937  maxlinkdim=265 maxerr=1.29E-07 time=1.918
After sweep 8 energy=-6.119334  maxlinkdim=245 maxerr=1.99E-07 time=1.998
After sweep 9 energy=-6.134185  maxlinkdim=255 maxerr=1.00E-10 time=1.918
After sweep 10 energy=-6.145241  maxlinkdim=215 maxerr=1.39E-07 time=1.898
After sweep 11 energy=-6.153769  maxlinkdim=228 maxerr=8.40E-08 time=1.951
After sweep 12 energy=-6.1589193  maxlinkdim=216 maxerr=1.68E-09 time=1.955
After sweep 13 energy=-6.162199  maxlinkdim=174 maxerr=7.62E-08 time=1.946
After sweep 14 energy=-6.1641545  maxlinkdim=180 maxerr=2.57E-08 time=1.923
After sweep 15 energy=-6.1654563  maxlinkdim=178 maxerr=9.97E-11 time=1.999
After sweep 16 energy=-6.166118  maxlinkdim=183 maxerr=1.13E-07 time=2.096
After sweep 17 energy=-6.166329  maxlinkdim=187 maxerr=1.51E-07 time=2.109
After sweep 18 energy=-6.1664257  maxlinkdim=189 maxerr=7.09E-08 time=2.170
After sweep 19 energy=-6.166435  maxlinkdim=197 maxerr=1.01E-09 time=2.321
After sweep 20 energy=-6.1664143  maxlinkdim=193 maxerr=1.91E-07 time=2.456
After sweep 21 energy=-6.166394  maxlinkdim=186 maxerr=2.06E-09 time=2.509
After sweep 22 energy=-6.1663923  maxlinkdim=183 maxerr=6.56E-08 time=2.487
After sweep 23 energy=-6.166376  maxlinkdim=184 maxerr=8.91E-10 time=2.492
After sweep 24 energy=-6.1664133  maxlinkdim=187 maxerr=5.24E-09 time=2.500
After sweep 25 energy=-6.1664104  maxlinkdim=185 maxerr=9.09E-10 time=2.508
After sweep 26 energy=-6.166403  maxlinkdim=188 maxerr=3.09E-09 time=2.513
After sweep 27 energy=-6.1663857  maxlinkdim=187 maxerr=9.99E-11 time=2.501
After sweep 28 energy=-6.1663923  maxlinkdim=183 maxerr=4.10E-10 time=2.491
After sweep 29 energy=-6.1663847  maxlinkdim=185 maxerr=4.23E-08 time=2.505
After sweep 30 energy=-6.1664104  maxlinkdim=186 maxerr=1.19E-09 time=2.517
Same mu: -2.646322358155542 and continuing
Target density achieved with mu=-2.646322358155542, n=0.5000032
Checking {alpha,beta} vs measured
Alpha not converged.
NOT CONVERGED; updating alpha, beta and continuing...
After sweep 1 energy=-4.7829022  maxlinkdim=16 maxerr=1.70E-07 time=0.533
After sweep 2 energy=-5.803357  maxlinkdim=173 maxerr=4.17E-08 time=1.294
After sweep 3 energy=-5.9143925  maxlinkdim=198 maxerr=1.82E-07 time=2.022
After sweep 4 energy=-5.981284  maxlinkdim=189 maxerr=1.00E-09 time=2.097
After sweep 5 energy=-6.031471  maxlinkdim=220 maxerr=2.04E-07 time=2.045
After sweep 6 energy=-6.0681124  maxlinkdim=192 maxerr=1.13E-07 time=1.948
After sweep 7 energy=-6.0972033  maxlinkdim=196 maxerr=1.83E-08 time=1.837
After sweep 8 energy=-6.1190724  maxlinkdim=251 maxerr=2.15E-08 time=1.833
After sweep 9 energy=-6.13401  maxlinkdim=178 maxerr=6.36E-08 time=1.840
After sweep 10 energy=-6.14495  maxlinkdim=188 maxerr=3.72E-08 time=1.818
After sweep 11 energy=-6.153439  maxlinkdim=175 maxerr=6.49E-10 time=1.875
After sweep 12 energy=-6.1591544  maxlinkdim=211 maxerr=5.47E-08 time=1.945
After sweep 13 energy=-6.162444  maxlinkdim=186 maxerr=8.56E-10 time=1.946
After sweep 14 energy=-6.1642265  maxlinkdim=175 maxerr=7.78E-10 time=1.891
After sweep 15 energy=-6.16534  maxlinkdim=170 maxerr=5.65E-10 time=1.930
After sweep 16 energy=-6.166164  maxlinkdim=209 maxerr=2.37E-10 time=2.103
After sweep 17 energy=-6.166396  maxlinkdim=199 maxerr=1.50E-09 time=2.202
After sweep 18 energy=-6.1664133  maxlinkdim=197 maxerr=1.52E-07 time=2.275
After sweep 19 energy=-6.1664515  maxlinkdim=189 maxerr=2.22E-08 time=2.387
After sweep 20 energy=-6.1664004  maxlinkdim=193 maxerr=7.44E-08 time=2.497
After sweep 21 energy=-6.1663876  maxlinkdim=189 maxerr=9.47E-10 time=2.488
After sweep 22 energy=-6.166431  maxlinkdim=187 maxerr=4.48E-10 time=2.481
After sweep 23 energy=-6.166403  maxlinkdim=184 maxerr=1.41E-07 time=2.476
After sweep 24 energy=-6.166395  maxlinkdim=185 maxerr=1.13E-07 time=2.499
After sweep 25 energy=-6.166404  maxlinkdim=188 maxerr=2.57E-08 time=2.484
After sweep 26 energy=-6.1663933  maxlinkdim=188 maxerr=9.98E-11 time=2.502
After sweep 27 energy=-6.166381  maxlinkdim=187 maxerr=1.07E-10 time=2.490
After sweep 28 energy=-6.1663637  maxlinkdim=184 maxerr=6.19E-10 time=2.490
After sweep 29 energy=-6.166393  maxlinkdim=189 maxerr=2.15E-10 time=2.492
After sweep 30 energy=-6.1663923  maxlinkdim=187 maxerr=4.51E-10 time=2.477
Same mu: -2.646322358155542 and continuing
Target density achieved with mu=-2.646322358155542, n=0.5000024
Checking {alpha,beta} vs measured
Alpha not converged.
NOT CONVERGED; updating alpha, beta and continuing...
After sweep 1 energy=-4.7922525  maxlinkdim=16 maxerr=4.30E-07 time=0.557
After sweep 2 energy=-5.798398  maxlinkdim=176 maxerr=1.25E-08 time=1.202
After sweep 3 energy=-5.911133  maxlinkdim=202 maxerr=2.15E-09 time=2.130
After sweep 4 energy=-5.979139  maxlinkdim=216 maxerr=1.54E-09 time=2.189
After sweep 5 energy=-6.0304413  maxlinkdim=221 maxerr=6.44E-08 time=2.159
After sweep 6 energy=-6.067558  maxlinkdim=181 maxerr=1.02E-07 time=1.987
After sweep 7 energy=-6.0959187  maxlinkdim=194 maxerr=1.80E-08 time=1.881
After sweep 8 energy=-6.1190314  maxlinkdim=213 maxerr=1.20E-07 time=1.906
After sweep 9 energy=-6.133621  maxlinkdim=196 maxerr=9.75E-08 time=1.874
After sweep 10 energy=-6.144612  maxlinkdim=186 maxerr=2.47E-09 time=1.872
After sweep 11 energy=-6.1524568  maxlinkdim=191 maxerr=1.18E-09 time=1.827
After sweep 12 energy=-6.158266  maxlinkdim=191 maxerr=6.80E-10 time=1.918
After sweep 13 energy=-6.161863  maxlinkdim=171 maxerr=8.46E-10 time=1.935
After sweep 14 energy=-6.163907  maxlinkdim=177 maxerr=1.69E-07 time=1.894
After sweep 15 energy=-6.165077  maxlinkdim=171 maxerr=2.52E-07 time=1.928
After sweep 16 energy=-6.165922  maxlinkdim=188 maxerr=1.39E-07 time=1.979
After sweep 17 energy=-6.1662817  maxlinkdim=179 maxerr=1.00E-10 time=2.092
After sweep 18 energy=-6.1663885  maxlinkdim=185 maxerr=4.75E-08 time=2.133
After sweep 19 energy=-6.166416  maxlinkdim=195 maxerr=9.85E-10 time=2.278
After sweep 20 energy=-6.1664042  maxlinkdim=191 maxerr=1.54E-07 time=2.419
After sweep 21 energy=-6.166378  maxlinkdim=189 maxerr=6.94E-09 time=2.521
After sweep 22 energy=-6.1664104  maxlinkdim=184 maxerr=4.31E-08 time=2.496
After sweep 23 energy=-6.166407  maxlinkdim=184 maxerr=1.00E-10 time=2.484
After sweep 24 energy=-6.1664057  maxlinkdim=185 maxerr=2.66E-07 time=2.486
After sweep 25 energy=-6.1664157  maxlinkdim=185 maxerr=1.31E-07 time=2.496
After sweep 26 energy=-6.16636  maxlinkdim=186 maxerr=2.35E-09 time=2.505
After sweep 27 energy=-6.1663904  maxlinkdim=189 maxerr=7.68E-08 time=2.497
After sweep 28 energy=-6.166399  maxlinkdim=187 maxerr=1.35E-08 time=2.497
After sweep 29 energy=-6.1664  maxlinkdim=183 maxerr=1.75E-08 time=2.508
After sweep 30 energy=-6.166405  maxlinkdim=186 maxerr=1.86E-08 time=2.494
Same mu: -2.646322358155542 and continuing
Target density achieved with mu=-2.646322358155542, n=0.50000393
Checking {alpha,beta} vs measured
Alpha not converged.
NOT CONVERGED; updating alpha, beta and continuing...
After sweep 1 energy=-4.782467  maxlinkdim=16 maxerr=1.91E-07 time=0.541
After sweep 2 energy=-5.8035564  maxlinkdim=177 maxerr=1.17E-08 time=1.276
After sweep 3 energy=-5.9125595  maxlinkdim=199 maxerr=3.07E-08 time=2.144
After sweep 4 energy=-5.9784236  maxlinkdim=190 maxerr=4.41E-08 time=2.158
After sweep 5 energy=-6.0290837  maxlinkdim=206 maxerr=1.90E-07 time=2.082
After sweep 6 energy=-6.066027  maxlinkdim=191 maxerr=1.49E-07 time=1.938
After sweep 7 energy=-6.0957966  maxlinkdim=218 maxerr=7.26E-08 time=1.920
After sweep 8 energy=-6.1181154  maxlinkdim=212 maxerr=9.96E-09 time=1.918
After sweep 9 energy=-6.133475  maxlinkdim=212 maxerr=1.26E-07 time=1.922
After sweep 10 energy=-6.14487  maxlinkdim=205 maxerr=1.97E-07 time=1.898
After sweep 11 energy=-6.15324  maxlinkdim=195 maxerr=8.76E-08 time=1.899
After sweep 12 energy=-6.158626  maxlinkdim=172 maxerr=7.53E-10 time=1.909
After sweep 13 energy=-6.161749  maxlinkdim=176 maxerr=4.38E-08 time=1.860
After sweep 14 energy=-6.163799  maxlinkdim=197 maxerr=1.17E-07 time=1.859
After sweep 15 energy=-6.1650586  maxlinkdim=187 maxerr=1.21E-07 time=1.931
After sweep 16 energy=-6.1657786  maxlinkdim=191 maxerr=1.00E-10 time=2.001
After sweep 17 energy=-6.166151  maxlinkdim=191 maxerr=3.21E-08 time=2.072
After sweep 18 energy=-6.166386  maxlinkdim=197 maxerr=3.21E-08 time=2.201
After sweep 19 energy=-6.1664352  maxlinkdim=192 maxerr=3.52E-10 time=2.334
After sweep 20 energy=-6.1664376  maxlinkdim=194 maxerr=1.43E-09 time=2.429
After sweep 21 energy=-6.166379  maxlinkdim=187 maxerr=6.84E-10 time=2.508
After sweep 22 energy=-6.1663666  maxlinkdim=186 maxerr=9.53E-10 time=2.516
After sweep 23 energy=-6.166376  maxlinkdim=184 maxerr=1.98E-07 time=2.476
After sweep 24 energy=-6.1663904  maxlinkdim=187 maxerr=2.58E-07 time=2.510
After sweep 25 energy=-6.166404  maxlinkdim=184 maxerr=2.55E-08 time=2.512
After sweep 26 energy=-6.1663933  maxlinkdim=188 maxerr=6.02E-08 time=2.507
After sweep 27 energy=-6.166377  maxlinkdim=187 maxerr=1.24E-09 time=2.501
After sweep 28 energy=-6.16641  maxlinkdim=186 maxerr=3.13E-08 time=2.512
After sweep 29 energy=-6.166377  maxlinkdim=186 maxerr=7.36E-08 time=2.493
After sweep 30 energy=-6.166399  maxlinkdim=185 maxerr=1.28E-09 time=2.501
Same mu: -2.646322358155542 and continuing
Target density achieved with mu=-2.646322358155542, n=0.5000029
Checking {alpha,beta} vs measured
Alpha not converged.
NOT CONVERGED; updating alpha, beta and continuing...
After sweep 1 energy=-4.7932005  maxlinkdim=16 maxerr=2.40E-07 time=0.575
After sweep 2 energy=-5.8062778  maxlinkdim=177 maxerr=1.11E-08 time=1.204
After sweep 3 energy=-5.9182234  maxlinkdim=191 maxerr=1.64E-07 time=2.168
After sweep 4 energy=-5.9851246  maxlinkdim=204 maxerr=2.07E-08 time=2.250
After sweep 5 energy=-6.035376  maxlinkdim=216 maxerr=1.82E-09 time=2.178
After sweep 6 energy=-6.0702643  maxlinkdim=187 maxerr=6.17E-08 time=2.025
After sweep 7 energy=-6.0994444  maxlinkdim=261 maxerr=4.33E-08 time=1.923
After sweep 8 energy=-6.1195807  maxlinkdim=212 maxerr=8.31E-08 time=1.927
After sweep 9 energy=-6.1338725  maxlinkdim=173 maxerr=5.75E-10 time=1.832
After sweep 10 energy=-6.1448293  maxlinkdim=204 maxerr=1.10E-09 time=1.811
After sweep 11 energy=-6.1535215  maxlinkdim=215 maxerr=1.71E-07 time=1.947
After sweep 12 energy=-6.159298  maxlinkdim=199 maxerr=7.19E-08 time=2.010
After sweep 13 energy=-6.162462  maxlinkdim=186 maxerr=9.77E-08 time=1.944
After sweep 14 energy=-6.164308  maxlinkdim=217 maxerr=1.39E-07 time=1.953
After sweep 15 energy=-6.1653  maxlinkdim=202 maxerr=2.76E-08 time=1.998
After sweep 16 energy=-6.1659527  maxlinkdim=183 maxerr=9.99E-11 time=2.070
After sweep 17 energy=-6.1663265  maxlinkdim=179 maxerr=1.80E-07 time=2.119
After sweep 18 energy=-6.1664124  maxlinkdim=193 maxerr=4.38E-08 time=2.252
After sweep 19 energy=-6.166417  maxlinkdim=196 maxerr=1.42E-08 time=2.353
After sweep 20 energy=-6.1664124  maxlinkdim=191 maxerr=8.77E-10 time=2.468
After sweep 21 energy=-6.166393  maxlinkdim=189 maxerr=2.13E-08 time=2.504
After sweep 22 energy=-6.1663985  maxlinkdim=185 maxerr=3.23E-10 time=2.511
After sweep 23 energy=-6.166424  maxlinkdim=186 maxerr=2.48E-09 time=2.485
After sweep 24 energy=-6.1663837  maxlinkdim=185 maxerr=1.78E-07 time=2.495
After sweep 25 energy=-6.1663847  maxlinkdim=185 maxerr=7.34E-10 time=2.497
After sweep 26 energy=-6.1663895  maxlinkdim=186 maxerr=1.93E-09 time=2.504
After sweep 27 energy=-6.166421  maxlinkdim=184 maxerr=3.32E-08 time=2.500
After sweep 28 energy=-6.1663933  maxlinkdim=188 maxerr=1.79E-09 time=2.506
After sweep 29 energy=-6.1663938  maxlinkdim=185 maxerr=1.34E-07 time=2.493
After sweep 30 energy=-6.1664023  maxlinkdim=187 maxerr=1.13E-08 time=2.507
Same mu: -2.646322358155542 and continuing
Target density achieved with mu=-2.646322358155542, n=0.50000316
Checking {alpha,beta} vs measured
Alpha not converged.
NOT CONVERGED; updating alpha, beta and continuing...
After sweep 1 energy=-4.781414  maxlinkdim=16 maxerr=2.27E-07 time=0.543
After sweep 2 energy=-5.807145  maxlinkdim=174 maxerr=1.20E-08 time=1.214
After sweep 3 energy=-5.9152756  maxlinkdim=205 maxerr=8.52E-10 time=2.151
After sweep 4 energy=-5.9806314  maxlinkdim=198 maxerr=1.40E-09 time=2.172
After sweep 5 energy=-6.030838  maxlinkdim=222 maxerr=1.37E-09 time=2.106
After sweep 6 energy=-6.0675697  maxlinkdim=184 maxerr=3.44E-08 time=1.988
After sweep 7 energy=-6.0963545  maxlinkdim=186 maxerr=3.73E-09 time=1.870
After sweep 8 energy=-6.118493  maxlinkdim=240 maxerr=6.28E-08 time=1.849
After sweep 9 energy=-6.1334324  maxlinkdim=179 maxerr=6.49E-10 time=1.862
After sweep 10 energy=-6.144506  maxlinkdim=231 maxerr=2.46E-08 time=1.851
After sweep 11 energy=-6.1530867  maxlinkdim=233 maxerr=9.29E-08 time=1.899
After sweep 12 energy=-6.158751  maxlinkdim=227 maxerr=9.98E-11 time=1.937
After sweep 13 energy=-6.1619816  maxlinkdim=184 maxerr=3.55E-08 time=1.927
After sweep 14 energy=-6.164022  maxlinkdim=199 maxerr=9.97E-11 time=1.939
After sweep 15 energy=-6.1656227  maxlinkdim=199 maxerr=1.47E-09 time=2.106
After sweep 16 energy=-6.166191  maxlinkdim=184 maxerr=1.06E-09 time=2.147
After sweep 17 energy=-6.1663623  maxlinkdim=192 maxerr=9.42E-08 time=2.141
After sweep 18 energy=-6.1663904  maxlinkdim=189 maxerr=6.34E-08 time=2.201
After sweep 19 energy=-6.16642  maxlinkdim=193 maxerr=6.27E-08 time=2.325
After sweep 20 energy=-6.166402  maxlinkdim=189 maxerr=1.20E-09 time=2.436
After sweep 21 energy=-6.166363  maxlinkdim=187 maxerr=1.55E-09 time=2.497
After sweep 22 energy=-6.166397  maxlinkdim=190 maxerr=3.45E-10 time=2.485
After sweep 23 energy=-6.1663446  maxlinkdim=184 maxerr=1.44E-07 time=2.486
After sweep 24 energy=-6.1664114  maxlinkdim=192 maxerr=9.76E-08 time=2.471
After sweep 25 energy=-6.1664047  maxlinkdim=186 maxerr=2.13E-07 time=2.491
After sweep 26 energy=-6.1663995  maxlinkdim=187 maxerr=4.38E-10 time=2.488
After sweep 27 energy=-6.1663885  maxlinkdim=186 maxerr=7.40E-10 time=2.485
After sweep 28 energy=-6.166402  maxlinkdim=184 maxerr=9.99E-11 time=2.491
After sweep 29 energy=-6.1663876  maxlinkdim=186 maxerr=3.91E-10 time=2.483
After sweep 30 energy=-6.1663904  maxlinkdim=185 maxerr=1.51E-09 time=2.508
Same mu: -2.646322358155542 and continuing
Target density achieved with mu=-2.646322358155542, n=0.5000028
Checking {alpha,beta} vs measured
Alpha not converged.
NOT CONVERGED; updating alpha, beta and continuing...
After sweep 1 energy=-4.777101  maxlinkdim=16 maxerr=1.99E-07 time=0.546
After sweep 2 energy=-5.8121963  maxlinkdim=175 maxerr=2.31E-08 time=1.266
After sweep 3 energy=-5.9195433  maxlinkdim=188 maxerr=1.35E-09 time=2.138
After sweep 4 energy=-5.98489  maxlinkdim=217 maxerr=2.43E-07 time=2.167
After sweep 5 energy=-6.0352864  maxlinkdim=217 maxerr=1.44E-09 time=2.041
After sweep 6 energy=-6.070913  maxlinkdim=166 maxerr=1.13E-07 time=1.912
After sweep 7 energy=-6.100001  maxlinkdim=232 maxerr=2.67E-08 time=1.858
After sweep 8 energy=-6.1210194  maxlinkdim=198 maxerr=4.08E-09 time=1.868
After sweep 9 energy=-6.1351786  maxlinkdim=159 maxerr=5.20E-08 time=1.834
After sweep 10 energy=-6.145738  maxlinkdim=235 maxerr=6.99E-08 time=1.783
After sweep 11 energy=-6.1543136  maxlinkdim=197 maxerr=1.70E-08 time=1.896
After sweep 12 energy=-6.159845  maxlinkdim=184 maxerr=6.86E-08 time=1.968
After sweep 13 energy=-6.162698  maxlinkdim=178 maxerr=2.14E-08 time=1.942
After sweep 14 energy=-6.164506  maxlinkdim=175 maxerr=6.35E-10 time=1.983
After sweep 15 energy=-6.1657534  maxlinkdim=180 maxerr=7.15E-10 time=2.053
After sweep 16 energy=-6.166253  maxlinkdim=192 maxerr=6.59E-10 time=2.118
After sweep 17 energy=-6.166404  maxlinkdim=194 maxerr=6.84E-10 time=2.226
After sweep 18 energy=-6.1664367  maxlinkdim=193 maxerr=1.36E-07 time=2.301
After sweep 19 energy=-6.1663976  maxlinkdim=194 maxerr=9.14E-08 time=2.424
After sweep 20 energy=-6.1663733  maxlinkdim=191 maxerr=1.84E-07 time=2.499
After sweep 21 energy=-6.166413  maxlinkdim=187 maxerr=1.48E-07 time=2.489
After sweep 22 energy=-6.16641  maxlinkdim=187 maxerr=1.71E-09 time=2.489
After sweep 23 energy=-6.166374  maxlinkdim=183 maxerr=9.99E-11 time=2.492
After sweep 24 energy=-6.166425  maxlinkdim=184 maxerr=7.84E-10 time=2.489
After sweep 25 energy=-6.166379  maxlinkdim=186 maxerr=1.55E-09 time=2.497
After sweep 26 energy=-6.1663923  maxlinkdim=186 maxerr=1.64E-07 time=2.503
After sweep 27 energy=-6.1664157  maxlinkdim=187 maxerr=1.73E-09 time=2.502
After sweep 28 energy=-6.166384  maxlinkdim=186 maxerr=2.34E-07 time=2.510
After sweep 29 energy=-6.166411  maxlinkdim=187 maxerr=1.61E-07 time=2.495
After sweep 30 energy=-6.1663847  maxlinkdim=185 maxerr=9.32E-10 time=2.509
Same mu: -2.646322358155542 and continuing
Target density achieved with mu=-2.646322358155542, n=0.5000019
Checking {alpha,beta} vs measured
Alpha not converged.
NOT CONVERGED; updating alpha, beta and continuing...
After sweep 1 energy=-4.784204  maxlinkdim=16 maxerr=2.48E-07 time=0.546
After sweep 2 energy=-5.8080883  maxlinkdim=179 maxerr=1.21E-08 time=1.295
After sweep 3 energy=-5.9158173  maxlinkdim=193 maxerr=6.75E-08 time=2.120
After sweep 4 energy=-5.9807444  maxlinkdim=197 maxerr=2.08E-07 time=2.203
After sweep 5 energy=-6.0307407  maxlinkdim=188 maxerr=2.18E-09 time=2.074
After sweep 6 energy=-6.0658484  maxlinkdim=183 maxerr=1.64E-09 time=1.931
After sweep 7 energy=-6.0952573  maxlinkdim=214 maxerr=4.22E-09 time=1.851
After sweep 8 energy=-6.1185603  maxlinkdim=249 maxerr=2.15E-09 time=1.969
After sweep 9 energy=-6.1332088  maxlinkdim=209 maxerr=2.66E-09 time=1.915
After sweep 10 energy=-6.1442437  maxlinkdim=197 maxerr=6.22E-10 time=1.865
After sweep 11 energy=-6.1523848  maxlinkdim=201 maxerr=5.70E-08 time=1.882
After sweep 12 energy=-6.157713  maxlinkdim=183 maxerr=2.94E-10 time=1.876
After sweep 13 energy=-6.161139  maxlinkdim=201 maxerr=8.66E-10 time=1.859
After sweep 14 energy=-6.1633697  maxlinkdim=180 maxerr=1.96E-09 time=1.876
After sweep 15 energy=-6.1649055  maxlinkdim=197 maxerr=9.99E-11 time=1.965
After sweep 16 energy=-6.166024  maxlinkdim=203 maxerr=4.41E-10 time=2.095
After sweep 17 energy=-6.166266  maxlinkdim=195 maxerr=6.77E-08 time=2.114
After sweep 18 energy=-6.166387  maxlinkdim=196 maxerr=2.60E-07 time=2.181
After sweep 19 energy=-6.1664143  maxlinkdim=194 maxerr=6.07E-08 time=2.278
After sweep 20 energy=-6.166429  maxlinkdim=189 maxerr=1.89E-07 time=2.430
After sweep 21 energy=-6.1663985  maxlinkdim=188 maxerr=7.78E-10 time=2.512
After sweep 22 energy=-6.166397  maxlinkdim=187 maxerr=1.27E-07 time=2.499
After sweep 23 energy=-6.1663694  maxlinkdim=184 maxerr=1.67E-09 time=2.482
After sweep 24 energy=-6.1663947  maxlinkdim=186 maxerr=1.18E-07 time=2.496
After sweep 25 energy=-6.166423  maxlinkdim=187 maxerr=7.52E-08 time=2.499
After sweep 26 energy=-6.1663747  maxlinkdim=186 maxerr=9.47E-10 time=2.505
After sweep 27 energy=-6.1663566  maxlinkdim=183 maxerr=1.84E-09 time=2.495
After sweep 28 energy=-6.166386  maxlinkdim=185 maxerr=8.22E-10 time=2.497
After sweep 29 energy=-6.1664314  maxlinkdim=187 maxerr=8.45E-08 time=2.504
After sweep 30 energy=-6.1664276  maxlinkdim=186 maxerr=1.90E-07 time=2.513
Same mu: -2.646322358155542 and continuing
Target density achieved with mu=-2.646322358155542, n=0.5000043
Checking {alpha,beta} vs measured
Alpha not converged.
NOT CONVERGED; updating alpha, beta and continuing...
After sweep 1 energy=-4.7775145  maxlinkdim=16 maxerr=2.72E-07 time=0.555
After sweep 2 energy=-5.804903  maxlinkdim=173 maxerr=9.10E-09 time=1.294
After sweep 3 energy=-5.9134293  maxlinkdim=201 maxerr=2.06E-07 time=2.116
After sweep 4 energy=-5.979309  maxlinkdim=194 maxerr=3.43E-09 time=2.134
After sweep 5 energy=-6.031419  maxlinkdim=203 maxerr=1.09E-07 time=2.085
After sweep 6 energy=-6.067697  maxlinkdim=168 maxerr=1.32E-07 time=1.890
After sweep 7 energy=-6.096776  maxlinkdim=218 maxerr=1.40E-09 time=1.872
After sweep 8 energy=-6.1183424  maxlinkdim=210 maxerr=8.35E-10 time=1.907
After sweep 9 energy=-6.1334276  maxlinkdim=174 maxerr=1.36E-07 time=1.866
After sweep 10 energy=-6.1445627  maxlinkdim=187 maxerr=9.28E-08 time=1.823
After sweep 11 energy=-6.1532545  maxlinkdim=218 maxerr=2.00E-09 time=1.906
After sweep 12 energy=-6.160162  maxlinkdim=193 maxerr=3.30E-08 time=1.962
After sweep 13 energy=-6.1629705  maxlinkdim=217 maxerr=1.36E-09 time=1.949
After sweep 14 energy=-6.1645885  maxlinkdim=202 maxerr=2.83E-10 time=1.909
After sweep 15 energy=-6.165674  maxlinkdim=189 maxerr=2.93E-09 time=2.008
After sweep 16 energy=-6.166202  maxlinkdim=201 maxerr=1.16E-07 time=2.103
After sweep 17 energy=-6.166378  maxlinkdim=195 maxerr=9.65E-09 time=2.189
After sweep 18 energy=-6.1664295  maxlinkdim=189 maxerr=1.16E-07 time=2.287
After sweep 19 energy=-6.1664195  maxlinkdim=192 maxerr=3.86E-08 time=2.436
After sweep 20 energy=-6.1663847  maxlinkdim=187 maxerr=4.77E-08 time=2.519
After sweep 21 energy=-6.166399  maxlinkdim=187 maxerr=4.95E-08 time=2.507
After sweep 22 energy=-6.1663804  maxlinkdim=188 maxerr=1.87E-07 time=2.500
After sweep 23 energy=-6.1664023  maxlinkdim=188 maxerr=1.03E-09 time=2.497
After sweep 24 energy=-6.166373  maxlinkdim=186 maxerr=1.46E-09 time=2.496
After sweep 25 energy=-6.1663647  maxlinkdim=186 maxerr=1.00E-10 time=2.492
After sweep 26 energy=-6.166401  maxlinkdim=187 maxerr=6.02E-08 time=2.508
After sweep 27 energy=-6.1663647  maxlinkdim=184 maxerr=1.11E-07 time=2.508
After sweep 28 energy=-6.166401  maxlinkdim=187 maxerr=1.07E-10 time=2.499
After sweep 29 energy=-6.1663976  maxlinkdim=183 maxerr=9.97E-10 time=2.514
After sweep 30 energy=-6.1663685  maxlinkdim=187 maxerr=1.96E-08 time=2.494
Same mu: -2.646322358155542 and continuing
Target density achieved with mu=-2.646322358155542, n=0.50000143
Checking {alpha,beta} vs measured
Alpha not converged.
NOT CONVERGED; updating alpha, beta and continuing...
After sweep 1 energy=-4.778447  maxlinkdim=16 maxerr=2.64E-07 time=0.522
After sweep 2 energy=-5.7959366  maxlinkdim=175 maxerr=4.67E-08 time=1.303
After sweep 3 energy=-5.9089365  maxlinkdim=192 maxerr=1.63E-07 time=2.084
After sweep 4 energy=-5.9776063  maxlinkdim=206 maxerr=2.60E-09 time=2.144
After sweep 5 energy=-6.0299373  maxlinkdim=207 maxerr=5.96E-08 time=2.060
After sweep 6 energy=-6.066768  maxlinkdim=178 maxerr=5.12E-08 time=1.969
After sweep 7 energy=-6.095948  maxlinkdim=174 maxerr=4.20E-08 time=1.838
After sweep 8 energy=-6.1178837  maxlinkdim=167 maxerr=8.80E-08 time=1.780
After sweep 9 energy=-6.1344557  maxlinkdim=189 maxerr=4.77E-08 time=1.819
After sweep 10 energy=-6.145813  maxlinkdim=200 maxerr=1.42E-07 time=1.854
After sweep 11 energy=-6.1541905  maxlinkdim=182 maxerr=4.11E-08 time=1.887
After sweep 12 energy=-6.159165  maxlinkdim=169 maxerr=1.50E-07 time=1.832
After sweep 13 energy=-6.1620145  maxlinkdim=169 maxerr=1.38E-09 time=1.816
After sweep 14 energy=-6.1640005  maxlinkdim=184 maxerr=9.28E-10 time=1.873
After sweep 15 energy=-6.1652155  maxlinkdim=189 maxerr=1.08E-07 time=1.920
After sweep 16 energy=-6.1659536  maxlinkdim=183 maxerr=5.39E-08 time=2.028
After sweep 17 energy=-6.1662827  maxlinkdim=190 maxerr=5.18E-08 time=2.069
After sweep 18 energy=-6.166369  maxlinkdim=195 maxerr=1.00E-10 time=2.214
After sweep 19 energy=-6.166435  maxlinkdim=192 maxerr=1.00E-10 time=2.309
After sweep 20 energy=-6.166429  maxlinkdim=197 maxerr=1.64E-07 time=2.411
After sweep 21 energy=-6.166409  maxlinkdim=185 maxerr=9.99E-11 time=2.493
After sweep 22 energy=-6.1663947  maxlinkdim=185 maxerr=6.15E-10 time=2.492
After sweep 23 energy=-6.1664095  maxlinkdim=189 maxerr=1.93E-08 time=2.504
After sweep 24 energy=-6.166401  maxlinkdim=187 maxerr=1.43E-08 time=2.496
After sweep 25 energy=-6.166382  maxlinkdim=186 maxerr=2.66E-08 time=2.497
After sweep 26 energy=-6.166373  maxlinkdim=188 maxerr=1.00E-10 time=2.505
After sweep 27 energy=-6.1663823  maxlinkdim=186 maxerr=2.27E-07 time=2.487
After sweep 28 energy=-6.1663904  maxlinkdim=186 maxerr=1.40E-07 time=2.503
After sweep 29 energy=-6.166397  maxlinkdim=185 maxerr=8.12E-09 time=2.497
After sweep 30 energy=-6.1664  maxlinkdim=184 maxerr=1.00E-10 time=2.504
Same mu: -2.646322358155542 and continuing
Target density achieved with mu=-2.646322358155542, n=0.5000043
Checking {alpha,beta} vs measured
Alpha not converged.
NOT CONVERGED; updating alpha, beta and continuing...
After sweep 1 energy=-4.799777  maxlinkdim=16 maxerr=1.93E-07 time=0.557
After sweep 2 energy=-5.8033214  maxlinkdim=176 maxerr=1.03E-08 time=1.221
After sweep 3 energy=-5.9113007  maxlinkdim=190 maxerr=1.78E-08 time=2.138
After sweep 4 energy=-5.976441  maxlinkdim=184 maxerr=2.07E-09 time=2.073
After sweep 5 energy=-6.0284944  maxlinkdim=191 maxerr=2.88E-09 time=1.961
After sweep 6 energy=-6.066312  maxlinkdim=212 maxerr=1.31E-09 time=1.888
After sweep 7 energy=-6.097592  maxlinkdim=222 maxerr=5.95E-08 time=1.861
After sweep 8 energy=-6.1194386  maxlinkdim=227 maxerr=1.98E-07 time=1.947
After sweep 9 energy=-6.133895  maxlinkdim=179 maxerr=9.49E-10 time=1.919
After sweep 10 energy=-6.1449003  maxlinkdim=187 maxerr=1.27E-07 time=1.850
After sweep 11 energy=-6.1534395  maxlinkdim=240 maxerr=1.24E-07 time=1.913
After sweep 12 energy=-6.1585526  maxlinkdim=233 maxerr=1.18E-07 time=1.938
After sweep 13 energy=-6.161762  maxlinkdim=204 maxerr=1.22E-07 time=1.894
After sweep 14 energy=-6.163906  maxlinkdim=179 maxerr=6.53E-09 time=1.944
After sweep 15 energy=-6.165668  maxlinkdim=189 maxerr=2.71E-07 time=2.019
After sweep 16 energy=-6.166182  maxlinkdim=208 maxerr=8.76E-08 time=2.077
After sweep 17 energy=-6.166362  maxlinkdim=193 maxerr=1.09E-07 time=2.146
After sweep 18 energy=-6.166422  maxlinkdim=187 maxerr=1.72E-07 time=2.237
After sweep 19 energy=-6.166425  maxlinkdim=191 maxerr=1.10E-07 time=2.419
After sweep 20 energy=-6.1664076  maxlinkdim=189 maxerr=2.31E-09 time=2.500
After sweep 21 energy=-6.166386  maxlinkdim=184 maxerr=8.44E-10 time=2.514
After sweep 22 energy=-6.166416  maxlinkdim=186 maxerr=1.48E-07 time=2.484
After sweep 23 energy=-6.1664033  maxlinkdim=183 maxerr=6.48E-10 time=2.491
After sweep 24 energy=-6.1664143  maxlinkdim=187 maxerr=5.28E-10 time=2.491
After sweep 25 energy=-6.166403  maxlinkdim=185 maxerr=3.27E-10 time=2.509
After sweep 26 energy=-6.1663833  maxlinkdim=185 maxerr=1.12E-09 time=2.507
After sweep 27 energy=-6.166427  maxlinkdim=191 maxerr=1.57E-07 time=2.501
After sweep 28 energy=-6.166397  maxlinkdim=185 maxerr=2.29E-08 time=2.507
After sweep 29 energy=-6.166373  maxlinkdim=188 maxerr=9.99E-11 time=2.503
After sweep 30 energy=-6.1664114  maxlinkdim=184 maxerr=1.54E-07 time=2.515
Same mu: -2.646322358155542 and continuing
Target density achieved with mu=-2.646322358155542, n=0.5000036
Checking {alpha,beta} vs measured
Alpha not converged.
NOT CONVERGED; updating alpha, beta and continuing...
After sweep 1 energy=-4.7795625  maxlinkdim=16 maxerr=3.30E-07 time=0.544
After sweep 2 energy=-5.8028455  maxlinkdim=174 maxerr=1.33E-07 time=1.285
After sweep 3 energy=-5.9144974  maxlinkdim=210 maxerr=1.11E-09 time=2.128
After sweep 4 energy=-5.981334  maxlinkdim=211 maxerr=1.42E-09 time=2.244
After sweep 5 energy=-6.0327454  maxlinkdim=212 maxerr=8.67E-08 time=2.126
After sweep 6 energy=-6.06847  maxlinkdim=178 maxerr=1.07E-09 time=1.958
After sweep 7 energy=-6.098538  maxlinkdim=226 maxerr=1.00E-10 time=1.915
After sweep 8 energy=-6.1196303  maxlinkdim=176 maxerr=1.07E-07 time=1.878
After sweep 9 energy=-6.134069  maxlinkdim=166 maxerr=4.31E-10 time=1.811
After sweep 10 energy=-6.144844  maxlinkdim=178 maxerr=1.19E-09 time=1.799
After sweep 11 energy=-6.1531916  maxlinkdim=179 maxerr=5.98E-08 time=1.854
After sweep 12 energy=-6.158608  maxlinkdim=177 maxerr=1.55E-07 time=1.900
After sweep 13 energy=-6.1617885  maxlinkdim=184 maxerr=1.17E-07 time=1.903
After sweep 14 energy=-6.1640377  maxlinkdim=174 maxerr=6.87E-08 time=1.937
After sweep 15 energy=-6.165454  maxlinkdim=180 maxerr=4.83E-08 time=2.027
After sweep 16 energy=-6.166032  maxlinkdim=200 maxerr=3.03E-08 time=2.060
After sweep 17 energy=-6.1662717  maxlinkdim=200 maxerr=9.98E-11 time=2.111
After sweep 18 energy=-6.1663885  maxlinkdim=195 maxerr=2.00E-08 time=2.213
After sweep 19 energy=-6.1663966  maxlinkdim=191 maxerr=1.23E-07 time=2.316
After sweep 20 energy=-6.166427  maxlinkdim=191 maxerr=1.47E-08 time=2.428
After sweep 21 energy=-6.166396  maxlinkdim=185 maxerr=1.00E-10 time=2.502
After sweep 22 energy=-6.1663847  maxlinkdim=184 maxerr=1.36E-07 time=2.491
After sweep 23 energy=-6.1663895  maxlinkdim=187 maxerr=9.01E-08 time=2.491
After sweep 24 energy=-6.1664114  maxlinkdim=187 maxerr=2.72E-09 time=2.500
After sweep 25 energy=-6.1664095  maxlinkdim=190 maxerr=1.66E-08 time=2.500
After sweep 26 energy=-6.166418  maxlinkdim=184 maxerr=3.47E-10 time=2.505
After sweep 27 energy=-6.1664104  maxlinkdim=184 maxerr=2.41E-09 time=2.504
After sweep 28 energy=-6.1663837  maxlinkdim=186 maxerr=3.50E-08 time=2.497
After sweep 29 energy=-6.16638  maxlinkdim=188 maxerr=3.62E-08 time=2.498
After sweep 30 energy=-6.166401  maxlinkdim=184 maxerr=1.87E-07 time=2.485
Same mu: -2.646322358155542 and continuing
Target density achieved with mu=-2.646322358155542, n=0.5000022
Checking {alpha,beta} vs measured
Alpha not converged.
NOT CONVERGED; updating alpha, beta and continuing...
After sweep 1 energy=-4.7912707  maxlinkdim=16 maxerr=2.35E-07 time=0.563
After sweep 2 energy=-5.797643  maxlinkdim=169 maxerr=9.61E-09 time=1.205
After sweep 3 energy=-5.909414  maxlinkdim=190 maxerr=9.42E-08 time=2.124
After sweep 4 energy=-5.9753737  maxlinkdim=192 maxerr=4.12E-08 time=2.147
After sweep 5 energy=-6.026638  maxlinkdim=212 maxerr=8.30E-09 time=2.065
After sweep 6 energy=-6.0635524  maxlinkdim=170 maxerr=3.39E-08 time=1.912
After sweep 7 energy=-6.0927277  maxlinkdim=172 maxerr=1.23E-09 time=1.816
After sweep 8 energy=-6.1157103  maxlinkdim=203 maxerr=9.43E-09 time=1.814
After sweep 9 energy=-6.132705  maxlinkdim=204 maxerr=3.14E-09 time=1.860
After sweep 10 energy=-6.1438904  maxlinkdim=220 maxerr=1.44E-09 time=1.875
After sweep 11 energy=-6.1517963  maxlinkdim=206 maxerr=2.86E-09 time=1.859
After sweep 12 energy=-6.1577573  maxlinkdim=229 maxerr=4.65E-08 time=1.921
After sweep 13 energy=-6.1612415  maxlinkdim=185 maxerr=6.39E-08 time=1.912
After sweep 14 energy=-6.1634436  maxlinkdim=185 maxerr=5.52E-08 time=1.882
After sweep 15 energy=-6.164842  maxlinkdim=193 maxerr=3.70E-08 time=1.949
After sweep 16 energy=-6.1656575  maxlinkdim=204 maxerr=2.22E-07 time=2.003
After sweep 17 energy=-6.166112  maxlinkdim=190 maxerr=9.61E-08 time=2.068
After sweep 18 energy=-6.1663256  maxlinkdim=194 maxerr=1.00E-10 time=2.122
After sweep 19 energy=-6.1663804  maxlinkdim=193 maxerr=8.14E-08 time=2.232
After sweep 20 energy=-6.1664395  maxlinkdim=193 maxerr=2.05E-09 time=2.363
After sweep 21 energy=-6.1664248  maxlinkdim=191 maxerr=1.49E-09 time=2.444
After sweep 22 energy=-6.1663866  maxlinkdim=186 maxerr=2.74E-07 time=2.515
After sweep 23 energy=-6.166393  maxlinkdim=188 maxerr=1.00E-10 time=2.475
After sweep 24 energy=-6.166395  maxlinkdim=184 maxerr=2.24E-07 time=2.485
After sweep 25 energy=-6.1663647  maxlinkdim=184 maxerr=8.18E-08 time=2.834
After sweep 26 energy=-6.1664143  maxlinkdim=186 maxerr=1.72E-07 time=2.482
After sweep 27 energy=-6.166381  maxlinkdim=186 maxerr=3.45E-08 time=2.485
After sweep 28 energy=-6.1663866  maxlinkdim=186 maxerr=9.28E-10 time=2.488
After sweep 29 energy=-6.166419  maxlinkdim=187 maxerr=1.35E-07 time=2.508
After sweep 30 energy=-6.1664085  maxlinkdim=186 maxerr=1.40E-07 time=2.500
Same mu: -2.646322358155542 and continuing
Target density achieved with mu=-2.646322358155542, n=0.5000027
Checking {alpha,beta} vs measured
Alpha not converged.
NOT CONVERGED; updating alpha, beta and continuing...
After sweep 1 energy=-4.791925  maxlinkdim=16 maxerr=3.05E-07 time=0.540
After sweep 2 energy=-5.794365  maxlinkdim=174 maxerr=8.11E-08 time=1.247
After sweep 3 energy=-5.9059052  maxlinkdim=199 maxerr=1.08E-07 time=2.085
After sweep 4 energy=-5.971814  maxlinkdim=213 maxerr=4.77E-08 time=2.132
After sweep 5 energy=-6.0233355  maxlinkdim=203 maxerr=9.51E-08 time=1.954
After sweep 6 energy=-6.062032  maxlinkdim=218 maxerr=2.04E-09 time=1.951
After sweep 7 energy=-6.0917983  maxlinkdim=252 maxerr=2.40E-10 time=1.899
After sweep 8 energy=-6.114712  maxlinkdim=237 maxerr=5.02E-08 time=1.906
After sweep 9 energy=-6.130546  maxlinkdim=187 maxerr=1.18E-08 time=1.884
After sweep 10 energy=-6.1418376  maxlinkdim=214 maxerr=1.17E-07 time=1.844
After sweep 11 energy=-6.150638  maxlinkdim=196 maxerr=1.41E-09 time=1.856
After sweep 12 energy=-6.1573405  maxlinkdim=187 maxerr=7.56E-10 time=1.921
After sweep 13 energy=-6.1621065  maxlinkdim=187 maxerr=9.54E-08 time=1.993
After sweep 14 energy=-6.1641197  maxlinkdim=241 maxerr=2.01E-07 time=1.940
After sweep 15 energy=-6.165298  maxlinkdim=192 maxerr=1.51E-08 time=1.960
After sweep 16 energy=-6.165924  maxlinkdim=194 maxerr=9.99E-11 time=2.012
After sweep 17 energy=-6.1662884  maxlinkdim=188 maxerr=1.16E-09 time=2.073
After sweep 18 energy=-6.1664085  maxlinkdim=194 maxerr=8.70E-08 time=2.232
After sweep 19 energy=-6.1664248  maxlinkdim=191 maxerr=1.42E-10 time=2.338
After sweep 20 energy=-6.166399  maxlinkdim=197 maxerr=2.22E-08 time=2.450
After sweep 21 energy=-6.1663857  maxlinkdim=188 maxerr=2.61E-09 time=2.501
After sweep 22 energy=-6.1664042  maxlinkdim=185 maxerr=2.17E-09 time=2.502
After sweep 23 energy=-6.1664057  maxlinkdim=186 maxerr=3.33E-10 time=2.476
After sweep 24 energy=-6.1664057  maxlinkdim=187 maxerr=4.81E-09 time=2.489
After sweep 25 energy=-6.166405  maxlinkdim=188 maxerr=1.38E-09 time=2.507
After sweep 26 energy=-6.166381  maxlinkdim=186 maxerr=1.06E-09 time=2.528
After sweep 27 energy=-6.1664066  maxlinkdim=185 maxerr=1.13E-09 time=2.498
After sweep 28 energy=-6.166403  maxlinkdim=185 maxerr=9.99E-11 time=2.510
After sweep 29 energy=-6.1663976  maxlinkdim=186 maxerr=1.00E-10 time=2.505
After sweep 30 energy=-6.1664066  maxlinkdim=186 maxerr=2.25E-08 time=2.495
Same mu: -2.646322358155542 and continuing
Target density achieved with mu=-2.646322358155542, n=0.5000035
Checking {alpha,beta} vs measured
Alpha not converged.
NOT CONVERGED; updating alpha, beta and continuing...
After sweep 1 energy=-4.7862453  maxlinkdim=16 maxerr=3.75E-07 time=0.535
After sweep 2 energy=-5.8130856  maxlinkdim=176 maxerr=4.20E-08 time=1.239
After sweep 3 energy=-5.9208694  maxlinkdim=200 maxerr=3.17E-08 time=2.122
After sweep 4 energy=-5.9879  maxlinkdim=200 maxerr=2.23E-09 time=2.103
After sweep 5 energy=-6.039284  maxlinkdim=196 maxerr=2.19E-08 time=2.059
After sweep 6 energy=-6.0750413  maxlinkdim=178 maxerr=7.12E-08 time=1.965
After sweep 7 energy=-6.1037126  maxlinkdim=283 maxerr=1.52E-07 time=1.953
After sweep 8 energy=-6.1241894  maxlinkdim=280 maxerr=3.11E-09 time=2.039
After sweep 9 energy=-6.1373625  maxlinkdim=184 maxerr=1.05E-09 time=1.897
After sweep 10 energy=-6.1475506  maxlinkdim=227 maxerr=4.97E-08 time=1.889
After sweep 11 energy=-6.155231  maxlinkdim=233 maxerr=2.27E-08 time=1.966
After sweep 12 energy=-6.1599054  maxlinkdim=175 maxerr=6.90E-08 time=1.946
After sweep 13 energy=-6.162463  maxlinkdim=170 maxerr=1.55E-09 time=1.883
After sweep 14 energy=-6.164249  maxlinkdim=192 maxerr=3.08E-08 time=1.886
After sweep 15 energy=-6.165431  maxlinkdim=204 maxerr=1.46E-09 time=1.983
After sweep 16 energy=-6.1661134  maxlinkdim=192 maxerr=3.67E-08 time=2.115
After sweep 17 energy=-6.1663475  maxlinkdim=189 maxerr=1.00E-10 time=2.143
After sweep 18 energy=-6.1664295  maxlinkdim=186 maxerr=1.03E-07 time=2.237
After sweep 19 energy=-6.1664124  maxlinkdim=190 maxerr=1.00E-10 time=2.327
After sweep 20 energy=-6.166432  maxlinkdim=193 maxerr=1.71E-07 time=2.460
After sweep 21 energy=-6.1664014  maxlinkdim=186 maxerr=1.88E-08 time=2.525
After sweep 22 energy=-6.1663837  maxlinkdim=186 maxerr=9.98E-11 time=2.500
After sweep 23 energy=-6.1663837  maxlinkdim=185 maxerr=9.15E-10 time=2.483
After sweep 24 energy=-6.1664042  maxlinkdim=185 maxerr=2.00E-09 time=2.496
After sweep 25 energy=-6.166399  maxlinkdim=188 maxerr=1.40E-07 time=2.488
After sweep 26 energy=-6.1664114  maxlinkdim=187 maxerr=2.34E-07 time=2.510
After sweep 27 energy=-6.1663756  maxlinkdim=186 maxerr=1.00E-10 time=2.503
After sweep 28 energy=-6.1663704  maxlinkdim=185 maxerr=7.84E-10 time=2.493
After sweep 29 energy=-6.1663947  maxlinkdim=189 maxerr=7.83E-08 time=2.518
After sweep 30 energy=-6.166394  maxlinkdim=189 maxerr=5.33E-08 time=2.484
Same mu: -2.646322358155542 and continuing
Target density achieved with mu=-2.646322358155542, n=0.50000364
Checking {alpha,beta} vs measured
Alpha not converged.
NOT CONVERGED; updating alpha, beta and continuing...
After sweep 1 energy=-4.79537  maxlinkdim=16 maxerr=1.66E-07 time=0.551
After sweep 2 energy=-5.8107657  maxlinkdim=188 maxerr=4.00E-08 time=1.216
After sweep 3 energy=-5.918648  maxlinkdim=209 maxerr=5.31E-10 time=2.177
After sweep 4 energy=-5.979641  maxlinkdim=193 maxerr=1.93E-09 time=2.120
After sweep 5 energy=-6.032121  maxlinkdim=232 maxerr=2.22E-09 time=2.013
After sweep 6 energy=-6.0680385  maxlinkdim=205 maxerr=2.54E-09 time=1.915
After sweep 7 energy=-6.0970798  maxlinkdim=241 maxerr=1.28E-07 time=1.915
After sweep 8 energy=-6.1185265  maxlinkdim=259 maxerr=2.11E-09 time=1.979
After sweep 9 energy=-6.1334286  maxlinkdim=226 maxerr=1.73E-07 time=1.954
After sweep 10 energy=-6.1449165  maxlinkdim=261 maxerr=9.06E-08 time=1.909
After sweep 11 energy=-6.1528826  maxlinkdim=227 maxerr=1.48E-07 time=1.934
After sweep 12 energy=-6.158554  maxlinkdim=233 maxerr=2.06E-07 time=1.983
After sweep 13 energy=-6.1621714  maxlinkdim=191 maxerr=3.17E-08 time=1.969
After sweep 14 energy=-6.164079  maxlinkdim=172 maxerr=1.32E-09 time=1.905
After sweep 15 energy=-6.1652136  maxlinkdim=173 maxerr=6.71E-08 time=1.946
After sweep 16 energy=-6.165895  maxlinkdim=182 maxerr=4.27E-08 time=2.002
After sweep 17 energy=-6.1662545  maxlinkdim=193 maxerr=1.09E-07 time=2.126
After sweep 18 energy=-6.166421  maxlinkdim=195 maxerr=9.62E-10 time=2.232
After sweep 19 energy=-6.1663914  maxlinkdim=189 maxerr=1.18E-09 time=2.324
After sweep 20 energy=-6.166415  maxlinkdim=189 maxerr=7.16E-10 time=2.452
After sweep 21 energy=-6.1664066  maxlinkdim=187 maxerr=1.00E-10 time=2.517
After sweep 22 energy=-6.1663833  maxlinkdim=185 maxerr=1.95E-09 time=2.476
After sweep 23 energy=-6.166407  maxlinkdim=184 maxerr=1.35E-07 time=2.483
After sweep 24 energy=-6.1663756  maxlinkdim=184 maxerr=4.38E-08 time=2.492
After sweep 25 energy=-6.1664114  maxlinkdim=184 maxerr=9.43E-08 time=2.481
After sweep 26 energy=-6.166415  maxlinkdim=184 maxerr=1.00E-10 time=2.484
After sweep 27 energy=-6.1664057  maxlinkdim=185 maxerr=4.84E-09 time=2.482
After sweep 28 energy=-6.1664014  maxlinkdim=184 maxerr=1.49E-07 time=2.491
After sweep 29 energy=-6.1663723  maxlinkdim=184 maxerr=9.98E-11 time=2.498
After sweep 30 energy=-6.1663785  maxlinkdim=183 maxerr=9.15E-09 time=2.493
Same mu: -2.646322358155542 and continuing
Target density achieved with mu=-2.646322358155542, n=0.5000021
Checking {alpha,beta} vs measured
Alpha not converged.
NOT CONVERGED; updating alpha, beta and continuing...
After sweep 1 energy=-4.792553  maxlinkdim=16 maxerr=2.81E-07 time=0.525
After sweep 2 energy=-5.8148866  maxlinkdim=178 maxerr=2.95E-08 time=1.304
After sweep 3 energy=-5.9224205  maxlinkdim=213 maxerr=9.63E-08 time=2.108
After sweep 4 energy=-5.9861465  maxlinkdim=212 maxerr=1.08E-07 time=2.187
After sweep 5 energy=-6.0343432  maxlinkdim=204 maxerr=2.72E-08 time=2.062
After sweep 6 energy=-6.071176  maxlinkdim=190 maxerr=9.20E-10 time=2.008
After sweep 7 energy=-6.1008673  maxlinkdim=245 maxerr=2.00E-09 time=1.915
After sweep 8 energy=-6.1218014  maxlinkdim=241 maxerr=1.29E-07 time=1.904
After sweep 9 energy=-6.1362963  maxlinkdim=175 maxerr=1.47E-07 time=1.851
After sweep 10 energy=-6.147741  maxlinkdim=183 maxerr=2.05E-08 time=1.875
After sweep 11 energy=-6.1553907  maxlinkdim=194 maxerr=1.91E-09 time=1.903
After sweep 12 energy=-6.1598663  maxlinkdim=207 maxerr=1.15E-07 time=1.871
After sweep 13 energy=-6.1626043  maxlinkdim=225 maxerr=8.65E-08 time=1.883
After sweep 14 energy=-6.164315  maxlinkdim=201 maxerr=1.84E-07 time=1.919
After sweep 15 energy=-6.1653585  maxlinkdim=188 maxerr=8.05E-10 time=1.988
After sweep 16 energy=-6.16599  maxlinkdim=218 maxerr=4.00E-07 time=2.007
After sweep 17 energy=-6.166318  maxlinkdim=189 maxerr=4.32E-08 time=2.155
After sweep 18 energy=-6.1664066  maxlinkdim=190 maxerr=1.75E-07 time=2.242
After sweep 19 energy=-6.166434  maxlinkdim=193 maxerr=1.30E-08 time=2.378
After sweep 20 energy=-6.166395  maxlinkdim=192 maxerr=4.85E-08 time=2.483
After sweep 21 energy=-6.1664104  maxlinkdim=186 maxerr=1.86E-09 time=2.490
After sweep 22 energy=-6.166383  maxlinkdim=186 maxerr=1.52E-07 time=2.479
After sweep 23 energy=-6.1664114  maxlinkdim=185 maxerr=5.78E-10 time=2.494
After sweep 24 energy=-6.1663857  maxlinkdim=187 maxerr=1.37E-07 time=2.489
After sweep 25 energy=-6.1664014  maxlinkdim=186 maxerr=2.83E-07 time=2.481
After sweep 26 energy=-6.1663914  maxlinkdim=186 maxerr=7.20E-08 time=2.511
After sweep 27 energy=-6.1663923  maxlinkdim=186 maxerr=4.17E-10 time=2.495
After sweep 28 energy=-6.1663446  maxlinkdim=185 maxerr=1.98E-10 time=2.499
After sweep 29 energy=-6.1663737  maxlinkdim=186 maxerr=1.79E-09 time=2.491
After sweep 30 energy=-6.166399  maxlinkdim=185 maxerr=1.00E-10 time=2.498
Same mu: -2.646322358155542 and continuing
Target density achieved with mu=-2.646322358155542, n=0.5000031
Checking {alpha,beta} vs measured
Alpha not converged.
NOT CONVERGED; updating alpha, beta and continuing...
After sweep 1 energy=-4.7927036  maxlinkdim=16 maxerr=3.15E-07 time=0.543
After sweep 2 energy=-5.8014054  maxlinkdim=172 maxerr=9.54E-09 time=1.277
After sweep 3 energy=-5.9101324  maxlinkdim=191 maxerr=1.49E-09 time=2.119
After sweep 4 energy=-5.9790907  maxlinkdim=202 maxerr=8.08E-08 time=2.091
After sweep 5 energy=-6.0293026  maxlinkdim=212 maxerr=1.00E-08 time=2.032
After sweep 6 energy=-6.067572  maxlinkdim=231 maxerr=6.67E-10 time=1.928
After sweep 7 energy=-6.098883  maxlinkdim=272 maxerr=1.68E-07 time=1.917
After sweep 8 energy=-6.119611  maxlinkdim=271 maxerr=1.63E-09 time=1.909
After sweep 9 energy=-6.13425  maxlinkdim=217 maxerr=6.34E-08 time=1.917
After sweep 10 energy=-6.146351  maxlinkdim=247 maxerr=8.74E-08 time=1.885
After sweep 11 energy=-6.154522  maxlinkdim=224 maxerr=2.06E-09 time=1.952
After sweep 12 energy=-6.159479  maxlinkdim=192 maxerr=1.83E-07 time=1.893
After sweep 13 energy=-6.162464  maxlinkdim=175 maxerr=1.08E-07 time=1.907
After sweep 14 energy=-6.1643434  maxlinkdim=202 maxerr=1.57E-07 time=1.892
After sweep 15 energy=-6.165545  maxlinkdim=191 maxerr=7.09E-10 time=2.032
After sweep 16 energy=-6.1661797  maxlinkdim=188 maxerr=1.12E-09 time=2.110
After sweep 17 energy=-6.1663713  maxlinkdim=193 maxerr=1.15E-08 time=2.194
After sweep 18 energy=-6.1664243  maxlinkdim=194 maxerr=3.39E-07 time=2.277
After sweep 19 energy=-6.166418  maxlinkdim=193 maxerr=1.62E-09 time=2.413
After sweep 20 energy=-6.166424  maxlinkdim=187 maxerr=1.79E-07 time=2.492
After sweep 21 energy=-6.166395  maxlinkdim=186 maxerr=1.03E-09 time=2.491
After sweep 22 energy=-6.166388  maxlinkdim=186 maxerr=7.52E-08 time=2.486
After sweep 23 energy=-6.16638  maxlinkdim=185 maxerr=1.56E-10 time=2.478
After sweep 24 energy=-6.166394  maxlinkdim=188 maxerr=5.49E-08 time=2.485
After sweep 25 energy=-6.1663704  maxlinkdim=188 maxerr=5.56E-09 time=2.500
After sweep 26 energy=-6.1664333  maxlinkdim=187 maxerr=5.98E-08 time=2.484
After sweep 27 energy=-6.1664143  maxlinkdim=186 maxerr=7.48E-10 time=2.487
After sweep 28 energy=-6.1663733  maxlinkdim=186 maxerr=7.88E-10 time=2.485
After sweep 29 energy=-6.1663837  maxlinkdim=186 maxerr=2.30E-07 time=2.487
After sweep 30 energy=-6.166359  maxlinkdim=190 maxerr=2.28E-07 time=2.510
Same mu: -2.646322358155542 and continuing
Target density achieved with mu=-2.646322358155542, n=0.50000066
Checking {alpha,beta} vs measured
Alpha not converged.
NOT CONVERGED; updating alpha, beta and continuing...
After sweep 1 energy=-4.781142  maxlinkdim=16 maxerr=2.27E-07 time=0.543
After sweep 2 energy=-5.8071666  maxlinkdim=177 maxerr=1.44E-08 time=1.277
After sweep 3 energy=-5.9162464  maxlinkdim=193 maxerr=1.80E-07 time=2.097
After sweep 4 energy=-5.9806066  maxlinkdim=189 maxerr=9.54E-10 time=2.153
After sweep 5 energy=-6.031234  maxlinkdim=195 maxerr=8.39E-08 time=1.982
After sweep 6 energy=-6.067745  maxlinkdim=172 maxerr=2.20E-09 time=1.880
After sweep 7 energy=-6.0963483  maxlinkdim=225 maxerr=1.08E-07 time=1.792
After sweep 8 energy=-6.1181555  maxlinkdim=222 maxerr=1.18E-07 time=1.859
After sweep 9 energy=-6.133924  maxlinkdim=193 maxerr=1.27E-09 time=1.855
After sweep 10 energy=-6.144609  maxlinkdim=171 maxerr=2.15E-08 time=1.809
After sweep 11 energy=-6.1528263  maxlinkdim=199 maxerr=1.46E-09 time=1.819
After sweep 12 energy=-6.1584377  maxlinkdim=176 maxerr=9.57E-08 time=1.878
After sweep 13 energy=-6.1617327  maxlinkdim=183 maxerr=3.86E-10 time=1.850
After sweep 14 energy=-6.1636877  maxlinkdim=221 maxerr=1.00E-10 time=1.866
After sweep 15 energy=-6.165205  maxlinkdim=198 maxerr=1.37E-07 time=1.968
After sweep 16 energy=-6.166004  maxlinkdim=193 maxerr=5.58E-10 time=2.054
After sweep 17 energy=-6.1662445  maxlinkdim=190 maxerr=1.46E-07 time=2.080
After sweep 18 energy=-6.1664104  maxlinkdim=183 maxerr=7.34E-10 time=2.154
After sweep 19 energy=-6.1664343  maxlinkdim=192 maxerr=1.01E-09 time=2.286
After sweep 20 energy=-6.166418  maxlinkdim=192 maxerr=8.16E-08 time=2.413
After sweep 21 energy=-6.166385  maxlinkdim=186 maxerr=5.60E-09 time=2.509
After sweep 22 energy=-6.166381  maxlinkdim=185 maxerr=1.43E-09 time=2.488
After sweep 23 energy=-6.166386  maxlinkdim=184 maxerr=1.16E-09 time=2.485
After sweep 24 energy=-6.1664076  maxlinkdim=187 maxerr=2.05E-07 time=2.495
After sweep 25 energy=-6.166383  maxlinkdim=186 maxerr=1.00E-09 time=2.482
After sweep 26 energy=-6.1664014  maxlinkdim=185 maxerr=4.80E-08 time=2.494
After sweep 27 energy=-6.166383  maxlinkdim=185 maxerr=9.99E-11 time=2.497
After sweep 28 energy=-6.166386  maxlinkdim=183 maxerr=3.87E-08 time=2.482
After sweep 29 energy=-6.166403  maxlinkdim=184 maxerr=1.10E-07 time=2.495
After sweep 30 energy=-6.1664066  maxlinkdim=189 maxerr=1.00E-10 time=2.483
Same mu: -2.646322358155542 and continuing
Target density achieved with mu=-2.646322358155542, n=0.5000043
Checking {alpha,beta} vs measured
Alpha not converged.
NOT CONVERGED; updating alpha, beta and continuing...
After sweep 1 energy=-4.7905436  maxlinkdim=16 maxerr=2.57E-07 time=0.555
After sweep 2 energy=-5.8010406  maxlinkdim=172 maxerr=3.78E-08 time=1.212
After sweep 3 energy=-5.9140587  maxlinkdim=219 maxerr=1.49E-07 time=2.173
After sweep 4 energy=-5.977863  maxlinkdim=201 maxerr=2.68E-09 time=2.214
After sweep 5 energy=-6.027414  maxlinkdim=206 maxerr=2.03E-07 time=2.440
After sweep 6 energy=-6.065414  maxlinkdim=183 maxerr=7.85E-08 time=1.954
After sweep 7 energy=-6.0951166  maxlinkdim=243 maxerr=8.51E-09 time=1.892
After sweep 8 energy=-6.117436  maxlinkdim=234 maxerr=7.28E-08 time=1.893
After sweep 9 energy=-6.132604  maxlinkdim=172 maxerr=1.00E-10 time=1.851
After sweep 10 energy=-6.143508  maxlinkdim=170 maxerr=6.82E-08 time=1.781
After sweep 11 energy=-6.1516304  maxlinkdim=234 maxerr=1.10E-07 time=1.804
After sweep 12 energy=-6.157219  maxlinkdim=189 maxerr=1.11E-08 time=1.834
After sweep 13 energy=-6.160937  maxlinkdim=183 maxerr=7.02E-10 time=1.846
After sweep 14 energy=-6.1634026  maxlinkdim=180 maxerr=2.58E-07 time=1.874
After sweep 15 energy=-6.1648636  maxlinkdim=220 maxerr=1.00E-10 time=1.932
After sweep 16 energy=-6.1657453  maxlinkdim=209 maxerr=1.45E-09 time=2.048
After sweep 17 energy=-6.166163  maxlinkdim=197 maxerr=9.56E-08 time=2.076
After sweep 18 energy=-6.1663733  maxlinkdim=199 maxerr=9.58E-08 time=2.180
After sweep 19 energy=-6.166441  maxlinkdim=190 maxerr=2.35E-08 time=2.279
After sweep 20 energy=-6.166438  maxlinkdim=194 maxerr=2.87E-08 time=2.379
After sweep 21 energy=-6.1664057  maxlinkdim=186 maxerr=1.50E-07 time=2.472
After sweep 22 energy=-6.166405  maxlinkdim=187 maxerr=9.99E-11 time=2.493
After sweep 23 energy=-6.166382  maxlinkdim=188 maxerr=6.86E-10 time=2.498
After sweep 24 energy=-6.166395  maxlinkdim=185 maxerr=1.92E-08 time=2.485
After sweep 25 energy=-6.1664143  maxlinkdim=184 maxerr=2.47E-09 time=2.492
After sweep 26 energy=-6.1664047  maxlinkdim=186 maxerr=6.10E-10 time=2.499
After sweep 27 energy=-6.166412  maxlinkdim=188 maxerr=1.99E-08 time=2.486
After sweep 28 energy=-6.166404  maxlinkdim=184 maxerr=1.86E-07 time=2.488
After sweep 29 energy=-6.166403  maxlinkdim=187 maxerr=9.95E-08 time=2.493
After sweep 30 energy=-6.1664057  maxlinkdim=186 maxerr=6.62E-10 time=2.492
Same mu: -2.646322358155542 and continuing
Target density achieved with mu=-2.646322358155542, n=0.5000017
Checking {alpha,beta} vs measured
Alpha not converged.
NOT CONVERGED; updating alpha, beta and continuing...
After sweep 1 energy=-4.785471  maxlinkdim=16 maxerr=2.37E-07 time=0.530
After sweep 2 energy=-5.7999706  maxlinkdim=177 maxerr=1.64E-08 time=1.195
After sweep 3 energy=-5.912102  maxlinkdim=202 maxerr=1.62E-09 time=2.150
After sweep 4 energy=-5.9777656  maxlinkdim=183 maxerr=1.38E-07 time=2.184
After sweep 5 energy=-6.027496  maxlinkdim=198 maxerr=6.44E-08 time=2.034
After sweep 6 energy=-6.0625663  maxlinkdim=163 maxerr=1.22E-07 time=1.887
After sweep 7 energy=-6.0928698  maxlinkdim=250 maxerr=1.54E-07 time=1.821
After sweep 8 energy=-6.117525  maxlinkdim=239 maxerr=8.73E-10 time=1.975
After sweep 9 energy=-6.132541  maxlinkdim=219 maxerr=2.00E-07 time=1.958
After sweep 10 energy=-6.1433053  maxlinkdim=189 maxerr=1.71E-07 time=1.849
After sweep 11 energy=-6.1519885  maxlinkdim=220 maxerr=1.79E-09 time=1.929
After sweep 12 energy=-6.1583056  maxlinkdim=189 maxerr=9.47E-08 time=1.971
After sweep 13 energy=-6.162003  maxlinkdim=182 maxerr=6.15E-08 time=1.997
After sweep 14 energy=-6.163883  maxlinkdim=175 maxerr=1.09E-09 time=1.875
After sweep 15 energy=-6.165054  maxlinkdim=186 maxerr=1.73E-07 time=1.924
After sweep 16 energy=-6.165952  maxlinkdim=184 maxerr=1.62E-07 time=2.027
After sweep 17 energy=-6.1663256  maxlinkdim=192 maxerr=1.85E-07 time=2.175
After sweep 18 energy=-6.1664166  maxlinkdim=192 maxerr=1.00E-10 time=2.241
After sweep 19 energy=-6.166463  maxlinkdim=192 maxerr=2.67E-08 time=2.320
After sweep 20 energy=-6.166431  maxlinkdim=190 maxerr=7.92E-08 time=2.436
After sweep 21 energy=-6.166396  maxlinkdim=185 maxerr=6.10E-08 time=2.487
After sweep 22 energy=-6.166375  maxlinkdim=184 maxerr=1.32E-09 time=2.486
After sweep 23 energy=-6.1663857  maxlinkdim=185 maxerr=1.01E-09 time=2.481
After sweep 24 energy=-6.1663895  maxlinkdim=187 maxerr=1.44E-07 time=2.487
After sweep 25 energy=-6.1663985  maxlinkdim=185 maxerr=4.61E-08 time=2.485
After sweep 26 energy=-6.1663675  maxlinkdim=186 maxerr=1.02E-07 time=2.491
After sweep 27 energy=-6.166422  maxlinkdim=186 maxerr=1.72E-09 time=2.487
After sweep 28 energy=-6.1664104  maxlinkdim=187 maxerr=9.44E-08 time=2.483
After sweep 29 energy=-6.1663885  maxlinkdim=185 maxerr=7.12E-10 time=2.492
After sweep 30 energy=-6.1664186  maxlinkdim=186 maxerr=1.99E-08 time=2.483
Same mu: -2.646322358155542 and continuing
Target density achieved with mu=-2.646322358155542, n=0.5000048
Checking {alpha,beta} vs measured
Alpha not converged.
NOT CONVERGED; updating alpha, beta and continuing...
After sweep 1 energy=-4.789387  maxlinkdim=16 maxerr=2.56E-07 time=0.540
After sweep 2 energy=-5.805605  maxlinkdim=169 maxerr=4.49E-08 time=1.276
After sweep 3 energy=-5.9133863  maxlinkdim=196 maxerr=1.17E-07 time=2.100
After sweep 4 energy=-5.979112  maxlinkdim=186 maxerr=7.76E-08 time=2.068
After sweep 5 energy=-6.030142  maxlinkdim=203 maxerr=1.10E-07 time=1.970
After sweep 6 energy=-6.067185  maxlinkdim=191 maxerr=9.78E-09 time=1.853
After sweep 7 energy=-6.09676  maxlinkdim=248 maxerr=3.33E-08 time=1.839
After sweep 8 energy=-6.1191716  maxlinkdim=237 maxerr=4.75E-09 time=1.908
After sweep 9 energy=-6.135036  maxlinkdim=193 maxerr=1.43E-09 time=1.894
After sweep 10 energy=-6.145831  maxlinkdim=176 maxerr=2.86E-07 time=1.820
After sweep 11 energy=-6.1541643  maxlinkdim=182 maxerr=7.91E-10 time=1.874
After sweep 12 energy=-6.1595774  maxlinkdim=207 maxerr=2.69E-08 time=1.923
After sweep 13 energy=-6.162431  maxlinkdim=243 maxerr=2.29E-08 time=1.905
After sweep 14 energy=-6.164427  maxlinkdim=190 maxerr=1.56E-07 time=1.974
After sweep 15 energy=-6.165722  maxlinkdim=190 maxerr=8.41E-08 time=2.057
After sweep 16 energy=-6.1662087  maxlinkdim=185 maxerr=1.00E-10 time=2.122
After sweep 17 energy=-6.1663885  maxlinkdim=186 maxerr=6.09E-08 time=2.173
After sweep 18 energy=-6.166422  maxlinkdim=194 maxerr=1.00E-10 time=2.289
After sweep 19 energy=-6.166399  maxlinkdim=194 maxerr=1.20E-09 time=2.414
After sweep 20 energy=-6.1664205  maxlinkdim=187 maxerr=3.83E-10 time=2.502
After sweep 21 energy=-6.1664  maxlinkdim=184 maxerr=1.72E-07 time=2.504
After sweep 22 energy=-6.166397  maxlinkdim=184 maxerr=6.26E-08 time=2.480
After sweep 23 energy=-6.1663814  maxlinkdim=185 maxerr=1.86E-09 time=2.485
After sweep 24 energy=-6.1664047  maxlinkdim=185 maxerr=1.81E-08 time=2.482
After sweep 25 energy=-6.1663904  maxlinkdim=188 maxerr=4.89E-08 time=2.486
After sweep 26 energy=-6.1663966  maxlinkdim=187 maxerr=1.13E-09 time=2.498
After sweep 27 energy=-6.166377  maxlinkdim=189 maxerr=3.81E-08 time=2.493
After sweep 28 energy=-6.166388  maxlinkdim=184 maxerr=1.69E-07 time=2.499
After sweep 29 energy=-6.1664033  maxlinkdim=183 maxerr=1.00E-10 time=2.490
After sweep 30 energy=-6.166382  maxlinkdim=185 maxerr=1.75E-08 time=2.505
Same mu: -2.646322358155542 and continuing
Target density achieved with mu=-2.646322358155542, n=0.50000244
Checking {alpha,beta} vs measured
Alpha not converged.
NOT CONVERGED; updating alpha, beta and continuing...
After sweep 1 energy=-4.783495  maxlinkdim=16 maxerr=3.03E-07 time=0.565
After sweep 2 energy=-5.8024616  maxlinkdim=176 maxerr=2.97E-08 time=1.199
After sweep 3 energy=-5.913501  maxlinkdim=201 maxerr=1.14E-08 time=2.096
After sweep 4 energy=-5.981545  maxlinkdim=219 maxerr=1.46E-09 time=2.113
After sweep 5 energy=-6.03188  maxlinkdim=212 maxerr=2.03E-09 time=2.036
After sweep 6 energy=-6.068027  maxlinkdim=171 maxerr=1.36E-07 time=1.888
After sweep 7 energy=-6.0972705  maxlinkdim=193 maxerr=1.18E-09 time=1.823
After sweep 8 energy=-6.1188602  maxlinkdim=190 maxerr=5.77E-08 time=1.927
After sweep 9 energy=-6.1335344  maxlinkdim=186 maxerr=1.42E-07 time=2.066
After sweep 10 energy=-6.143983  maxlinkdim=171 maxerr=6.43E-08 time=1.767
After sweep 11 energy=-6.1521196  maxlinkdim=210 maxerr=1.23E-07 time=1.786
After sweep 12 energy=-6.158137  maxlinkdim=182 maxerr=2.48E-08 time=1.872
After sweep 13 energy=-6.161768  maxlinkdim=175 maxerr=6.14E-08 time=1.884
After sweep 14 energy=-6.1637907  maxlinkdim=173 maxerr=1.32E-07 time=1.886
After sweep 15 energy=-6.1652036  maxlinkdim=177 maxerr=9.77E-10 time=1.931
After sweep 16 energy=-6.1659718  maxlinkdim=188 maxerr=9.99E-11 time=2.029
After sweep 17 energy=-6.1662617  maxlinkdim=186 maxerr=3.55E-09 time=2.123
After sweep 18 energy=-6.16641  maxlinkdim=195 maxerr=1.55E-07 time=2.198
After sweep 19 energy=-6.1664267  maxlinkdim=189 maxerr=1.29E-09 time=2.295
After sweep 20 energy=-6.166402  maxlinkdim=189 maxerr=2.24E-10 time=2.439
After sweep 21 energy=-6.166393  maxlinkdim=188 maxerr=2.68E-10 time=2.503
After sweep 22 energy=-6.1664  maxlinkdim=186 maxerr=1.86E-09 time=2.488
After sweep 23 energy=-6.1663766  maxlinkdim=184 maxerr=1.00E-10 time=2.469
After sweep 24 energy=-6.1663275  maxlinkdim=187 maxerr=2.55E-08 time=2.487
After sweep 25 energy=-6.1664004  maxlinkdim=183 maxerr=5.63E-10 time=2.472
After sweep 26 energy=-6.1664124  maxlinkdim=185 maxerr=9.97E-10 time=2.478
After sweep 27 energy=-6.1664104  maxlinkdim=184 maxerr=1.97E-07 time=2.486
After sweep 28 energy=-6.166405  maxlinkdim=184 maxerr=8.00E-10 time=2.469
After sweep 29 energy=-6.1663866  maxlinkdim=185 maxerr=9.99E-11 time=2.487
After sweep 30 energy=-6.16639  maxlinkdim=183 maxerr=1.70E-07 time=2.497
Same mu: -2.646322358155542 and continuing
Target density achieved with mu=-2.646322358155542, n=0.5000025
Checking {alpha,beta} vs measured
Alpha not converged.
NOT CONVERGED; updating alpha, beta and continuing...
After sweep 1 energy=-4.794201  maxlinkdim=16 maxerr=2.62E-07 time=0.535
After sweep 2 energy=-5.7998543  maxlinkdim=179 maxerr=1.03E-07 time=1.253
After sweep 3 energy=-5.9130783  maxlinkdim=215 maxerr=2.10E-09 time=2.142
After sweep 4 energy=-5.978704  maxlinkdim=221 maxerr=2.42E-09 time=2.233
After sweep 5 energy=-6.0297422  maxlinkdim=221 maxerr=7.17E-08 time=2.153
After sweep 6 energy=-6.0662255  maxlinkdim=205 maxerr=2.42E-08 time=2.022
After sweep 7 energy=-6.0940194  maxlinkdim=174 maxerr=1.13E-07 time=1.884
After sweep 8 energy=-6.1163907  maxlinkdim=199 maxerr=4.49E-08 time=1.808
After sweep 9 energy=-6.1331005  maxlinkdim=159 maxerr=3.48E-09 time=1.826
After sweep 10 energy=-6.1435103  maxlinkdim=177 maxerr=8.60E-09 time=1.771
After sweep 11 energy=-6.1512713  maxlinkdim=231 maxerr=6.55E-08 time=1.764
After sweep 12 energy=-6.1571784  maxlinkdim=243 maxerr=9.99E-11 time=1.875
After sweep 13 energy=-6.1611714  maxlinkdim=233 maxerr=1.83E-07 time=1.910
After sweep 14 energy=-6.1637383  maxlinkdim=221 maxerr=5.06E-08 time=1.995
After sweep 15 energy=-6.1650753  maxlinkdim=179 maxerr=1.05E-07 time=1.964
After sweep 16 energy=-6.1658063  maxlinkdim=180 maxerr=1.10E-08 time=2.003
After sweep 17 energy=-6.1662374  maxlinkdim=187 maxerr=5.47E-08 time=2.105
After sweep 18 energy=-6.166391  maxlinkdim=186 maxerr=1.46E-09 time=2.192
After sweep 19 energy=-6.1664033  maxlinkdim=193 maxerr=1.60E-09 time=2.288
After sweep 20 energy=-6.1664357  maxlinkdim=191 maxerr=1.06E-09 time=2.426
After sweep 21 energy=-6.1664143  maxlinkdim=189 maxerr=1.53E-09 time=2.485
After sweep 22 energy=-6.166397  maxlinkdim=185 maxerr=9.24E-10 time=2.495
After sweep 23 energy=-6.1664143  maxlinkdim=184 maxerr=2.24E-08 time=2.480
After sweep 24 energy=-6.1664047  maxlinkdim=184 maxerr=7.18E-10 time=2.489
After sweep 25 energy=-6.1664066  maxlinkdim=185 maxerr=8.03E-08 time=2.503
After sweep 26 energy=-6.1663904  maxlinkdim=186 maxerr=2.97E-10 time=2.508
After sweep 27 energy=-6.1663747  maxlinkdim=185 maxerr=2.48E-08 time=2.488
After sweep 28 energy=-6.1663885  maxlinkdim=186 maxerr=3.20E-09 time=2.509
After sweep 29 energy=-6.1664653  maxlinkdim=186 maxerr=1.06E-09 time=2.510
After sweep 30 energy=-6.166395  maxlinkdim=188 maxerr=9.65E-10 time=2.504
Same mu: -2.646322358155542 and continuing
Target density achieved with mu=-2.646322358155542, n=0.5000038
Checking {alpha,beta} vs measured
Alpha not converged.
NOT CONVERGED; updating alpha, beta and continuing...
After sweep 1 energy=-4.785776  maxlinkdim=16 maxerr=3.06E-07 time=0.565
After sweep 2 energy=-5.8045025  maxlinkdim=187 maxerr=1.53E-08 time=1.211
After sweep 3 energy=-5.913423  maxlinkdim=202 maxerr=3.44E-09 time=2.157
After sweep 4 energy=-5.979676  maxlinkdim=189 maxerr=6.36E-08 time=2.158
After sweep 5 energy=-6.029249  maxlinkdim=219 maxerr=1.46E-07 time=2.001
After sweep 6 energy=-6.0666394  maxlinkdim=191 maxerr=1.07E-07 time=1.871
After sweep 7 energy=-6.095758  maxlinkdim=228 maxerr=1.69E-09 time=1.854
After sweep 8 energy=-6.1177135  maxlinkdim=192 maxerr=6.64E-08 time=1.937
After sweep 9 energy=-6.1322703  maxlinkdim=184 maxerr=3.65E-07 time=1.865
After sweep 10 energy=-6.1434855  maxlinkdim=266 maxerr=1.36E-09 time=1.826
After sweep 11 energy=-6.15217  maxlinkdim=252 maxerr=7.75E-08 time=1.934
After sweep 12 energy=-6.157918  maxlinkdim=228 maxerr=1.20E-09 time=1.960
After sweep 13 energy=-6.161237  maxlinkdim=208 maxerr=7.54E-10 time=1.944
After sweep 14 energy=-6.1633487  maxlinkdim=175 maxerr=7.32E-08 time=1.922
After sweep 15 energy=-6.165021  maxlinkdim=191 maxerr=3.57E-08 time=2.025
After sweep 16 energy=-6.165807  maxlinkdim=196 maxerr=5.75E-10 time=2.058
After sweep 17 energy=-6.1661777  maxlinkdim=191 maxerr=1.49E-09 time=2.060
After sweep 18 energy=-6.166355  maxlinkdim=194 maxerr=2.01E-07 time=2.130
After sweep 19 energy=-6.1664257  maxlinkdim=191 maxerr=9.59E-10 time=2.246
After sweep 20 energy=-6.1664395  maxlinkdim=193 maxerr=1.30E-07 time=2.368
After sweep 21 energy=-6.1664114  maxlinkdim=189 maxerr=9.07E-08 time=2.470
After sweep 22 energy=-6.1663713  maxlinkdim=185 maxerr=4.03E-10 time=2.513
After sweep 23 energy=-6.1664333  maxlinkdim=186 maxerr=1.06E-09 time=2.485
After sweep 24 energy=-6.1664057  maxlinkdim=185 maxerr=7.62E-08 time=2.482
After sweep 25 energy=-6.1664066  maxlinkdim=189 maxerr=1.28E-07 time=2.500
After sweep 26 energy=-6.166387  maxlinkdim=183 maxerr=2.38E-10 time=2.505
After sweep 27 energy=-6.166405  maxlinkdim=185 maxerr=9.98E-11 time=2.490
After sweep 28 energy=-6.1664143  maxlinkdim=185 maxerr=1.49E-10 time=2.488
After sweep 29 energy=-6.166389  maxlinkdim=185 maxerr=1.90E-08 time=2.497
After sweep 30 energy=-6.166402  maxlinkdim=187 maxerr=8.75E-09 time=2.496
Same mu: -2.646322358155542 and continuing
Target density achieved with mu=-2.646322358155542, n=0.50000453
Checking {alpha,beta} vs measured
Alpha not converged.
NOT CONVERGED; updating alpha, beta and continuing...
After sweep 1 energy=-4.781838  maxlinkdim=16 maxerr=2.62E-07 time=0.535
After sweep 2 energy=-5.8068123  maxlinkdim=176 maxerr=1.48E-08 time=1.252
After sweep 3 energy=-5.9156685  maxlinkdim=185 maxerr=2.74E-09 time=2.119
After sweep 4 energy=-5.981501  maxlinkdim=211 maxerr=2.08E-09 time=2.447
After sweep 5 energy=-6.0328965  maxlinkdim=203 maxerr=4.12E-09 time=2.038
After sweep 6 energy=-6.0690846  maxlinkdim=168 maxerr=3.44E-09 time=1.880
After sweep 7 energy=-6.0983825  maxlinkdim=212 maxerr=3.01E-08 time=1.851
After sweep 8 energy=-6.11969  maxlinkdim=204 maxerr=7.14E-08 time=1.852
After sweep 9 energy=-6.134438  maxlinkdim=163 maxerr=3.85E-08 time=1.813
After sweep 10 energy=-6.145711  maxlinkdim=186 maxerr=1.68E-09 time=1.796
After sweep 11 energy=-6.153969  maxlinkdim=164 maxerr=1.95E-07 time=1.797
After sweep 12 energy=-6.159672  maxlinkdim=171 maxerr=9.47E-10 time=1.905
After sweep 13 energy=-6.1628118  maxlinkdim=179 maxerr=9.09E-08 time=1.906
After sweep 14 energy=-6.1646423  maxlinkdim=179 maxerr=4.00E-08 time=1.917
After sweep 15 energy=-6.165839  maxlinkdim=228 maxerr=2.57E-08 time=2.039
After sweep 16 energy=-6.1662827  maxlinkdim=201 maxerr=1.28E-09 time=2.122
After sweep 17 energy=-6.166419  maxlinkdim=188 maxerr=4.19E-10 time=2.137
After sweep 18 energy=-6.166427  maxlinkdim=195 maxerr=1.12E-07 time=2.265
After sweep 19 energy=-6.166415  maxlinkdim=195 maxerr=1.20E-09 time=2.394
After sweep 20 energy=-6.1663885  maxlinkdim=190 maxerr=1.53E-07 time=2.495
After sweep 21 energy=-6.166405  maxlinkdim=184 maxerr=3.92E-10 time=2.499
After sweep 22 energy=-6.166401  maxlinkdim=187 maxerr=3.35E-08 time=2.485
After sweep 23 energy=-6.1663866  maxlinkdim=185 maxerr=5.78E-08 time=2.483
After sweep 24 energy=-6.16638  maxlinkdim=186 maxerr=3.08E-08 time=2.474
After sweep 25 energy=-6.1664286  maxlinkdim=184 maxerr=1.01E-09 time=2.493
After sweep 26 energy=-6.166391  maxlinkdim=185 maxerr=1.31E-07 time=2.486
After sweep 27 energy=-6.1664066  maxlinkdim=186 maxerr=9.99E-11 time=2.496
After sweep 28 energy=-6.166401  maxlinkdim=185 maxerr=7.45E-09 time=2.499
After sweep 29 energy=-6.1664085  maxlinkdim=185 maxerr=1.00E-10 time=2.487
After sweep 30 energy=-6.1664057  maxlinkdim=186 maxerr=1.05E-09 time=2.506
Same mu: -2.646322358155542 and continuing
Target density achieved with mu=-2.646322358155542, n=0.5000043
Checking {alpha,beta} vs measured
Alpha not converged.
NOT CONVERGED; updating alpha, beta and continuing...
After sweep 1 energy=-4.787289  maxlinkdim=16 maxerr=3.05E-07 time=0.537
After sweep 2 energy=-5.802348  maxlinkdim=175 maxerr=1.51E-08 time=1.246
After sweep 3 energy=-5.91206  maxlinkdim=195 maxerr=2.72E-09 time=2.094
After sweep 4 energy=-5.978283  maxlinkdim=184 maxerr=7.73E-08 time=2.020
After sweep 5 energy=-6.028882  maxlinkdim=226 maxerr=6.91E-08 time=1.977
After sweep 6 energy=-6.067072  maxlinkdim=177 maxerr=1.27E-07 time=1.929
After sweep 7 energy=-6.096742  maxlinkdim=251 maxerr=1.27E-07 time=1.901
After sweep 8 energy=-6.1180186  maxlinkdim=238 maxerr=6.17E-08 time=1.904
After sweep 9 energy=-6.132745  maxlinkdim=166 maxerr=4.44E-08 time=1.840
After sweep 10 energy=-6.144024  maxlinkdim=206 maxerr=7.37E-08 time=1.824
After sweep 11 energy=-6.1519747  maxlinkdim=201 maxerr=8.94E-08 time=1.866
After sweep 12 energy=-6.1576757  maxlinkdim=180 maxerr=3.41E-10 time=1.871
After sweep 13 energy=-6.1615095  maxlinkdim=173 maxerr=1.00E-10 time=1.890
After sweep 14 energy=-6.1637707  maxlinkdim=188 maxerr=9.99E-08 time=1.931
After sweep 15 energy=-6.165073  maxlinkdim=203 maxerr=7.39E-10 time=1.934
After sweep 16 energy=-6.16605  maxlinkdim=206 maxerr=9.97E-11 time=2.066
After sweep 17 energy=-6.166294  maxlinkdim=181 maxerr=1.07E-07 time=2.120
After sweep 18 energy=-6.166381  maxlinkdim=197 maxerr=2.80E-08 time=2.185
After sweep 19 energy=-6.166413  maxlinkdim=189 maxerr=9.99E-11 time=2.299
After sweep 20 energy=-6.1664352  maxlinkdim=191 maxerr=3.77E-08 time=2.439
After sweep 21 energy=-6.166394  maxlinkdim=186 maxerr=3.87E-09 time=2.509
After sweep 22 energy=-6.1663823  maxlinkdim=185 maxerr=3.34E-07 time=2.490
After sweep 23 energy=-6.16638  maxlinkdim=185 maxerr=9.95E-08 time=2.484
After sweep 24 energy=-6.1663694  maxlinkdim=186 maxerr=1.00E-10 time=2.479
After sweep 25 energy=-6.166434  maxlinkdim=186 maxerr=1.21E-09 time=2.491
After sweep 26 energy=-6.1664257  maxlinkdim=189 maxerr=8.17E-10 time=2.498
After sweep 27 energy=-6.166399  maxlinkdim=185 maxerr=1.07E-09 time=2.488
After sweep 28 energy=-6.166415  maxlinkdim=187 maxerr=9.97E-11 time=2.492
After sweep 29 energy=-6.166396  maxlinkdim=186 maxerr=1.00E-10 time=2.500
After sweep 30 energy=-6.1663833  maxlinkdim=184 maxerr=1.22E-09 time=2.481
Same mu: -2.646322358155542 and continuing
Target density achieved with mu=-2.646322358155542, n=0.500002
Checking {alpha,beta} vs measured
Alpha not converged.
NOT CONVERGED; updating alpha, beta and continuing...
After sweep 1 energy=-4.782769  maxlinkdim=16 maxerr=2.28E-07 time=0.535
After sweep 2 energy=-5.802245  maxlinkdim=177 maxerr=3.56E-08 time=1.242
After sweep 3 energy=-5.9109254  maxlinkdim=195 maxerr=3.37E-09 time=2.139
After sweep 4 energy=-5.9764347  maxlinkdim=220 maxerr=1.31E-08 time=2.165
After sweep 5 energy=-6.026751  maxlinkdim=207 maxerr=6.39E-10 time=2.060
After sweep 6 energy=-6.0631714  maxlinkdim=191 maxerr=1.31E-09 time=1.907
After sweep 7 energy=-6.0935087  maxlinkdim=259 maxerr=2.24E-07 time=1.822
After sweep 8 energy=-6.1157594  maxlinkdim=195 maxerr=2.04E-08 time=1.878
After sweep 9 energy=-6.1316547  maxlinkdim=169 maxerr=8.68E-10 time=1.803
After sweep 10 energy=-6.1435237  maxlinkdim=231 maxerr=2.00E-07 time=1.781
After sweep 11 energy=-6.1525803  maxlinkdim=183 maxerr=2.05E-08 time=1.869
After sweep 12 energy=-6.1581097  maxlinkdim=184 maxerr=1.76E-07 time=1.859
After sweep 13 energy=-6.1614914  maxlinkdim=174 maxerr=1.33E-07 time=1.844
After sweep 14 energy=-6.163744  maxlinkdim=208 maxerr=1.57E-07 time=1.888
After sweep 15 energy=-6.164994  maxlinkdim=222 maxerr=9.04E-10 time=1.938
After sweep 16 energy=-6.1656866  maxlinkdim=190 maxerr=5.74E-10 time=1.970
After sweep 17 energy=-6.166137  maxlinkdim=212 maxerr=1.61E-07 time=2.051
After sweep 18 energy=-6.1663804  maxlinkdim=200 maxerr=9.99E-11 time=2.214
After sweep 19 energy=-6.1664414  maxlinkdim=192 maxerr=4.05E-08 time=2.303
After sweep 20 energy=-6.1664042  maxlinkdim=192 maxerr=9.99E-11 time=2.408
After sweep 21 energy=-6.1663847  maxlinkdim=189 maxerr=1.18E-07 time=2.515
After sweep 22 energy=-6.1663933  maxlinkdim=189 maxerr=1.31E-07 time=2.495
After sweep 23 energy=-6.166396  maxlinkdim=184 maxerr=9.07E-10 time=2.486
After sweep 24 energy=-6.1663933  maxlinkdim=186 maxerr=1.30E-07 time=2.487
After sweep 25 energy=-6.166415  maxlinkdim=184 maxerr=7.92E-10 time=2.494
After sweep 26 energy=-6.1663876  maxlinkdim=186 maxerr=1.13E-07 time=2.496
After sweep 27 energy=-6.166386  maxlinkdim=187 maxerr=8.87E-08 time=2.504
After sweep 28 energy=-6.166392  maxlinkdim=188 maxerr=2.43E-07 time=2.514
After sweep 29 energy=-6.166387  maxlinkdim=188 maxerr=9.58E-08 time=2.504
After sweep 30 energy=-6.1663857  maxlinkdim=183 maxerr=1.76E-09 time=2.504
Same mu: -2.646322358155542 and continuing
Target density achieved with mu=-2.646322358155542, n=0.50000376
Checking {alpha,beta} vs measured
Alpha not converged.
NOT CONVERGED; updating alpha, beta and continuing...
After sweep 1 energy=-4.782977  maxlinkdim=16 maxerr=1.83E-07 time=0.532
After sweep 2 energy=-5.8092966  maxlinkdim=181 maxerr=2.43E-08 time=1.255
After sweep 3 energy=-5.916054  maxlinkdim=198 maxerr=3.57E-08 time=2.129
After sweep 4 energy=-5.980648  maxlinkdim=185 maxerr=1.60E-08 time=2.060
After sweep 5 energy=-6.030162  maxlinkdim=206 maxerr=2.69E-09 time=1.960
After sweep 6 energy=-6.0679483  maxlinkdim=224 maxerr=1.11E-09 time=1.897
After sweep 7 energy=-6.097077  maxlinkdim=234 maxerr=2.73E-08 time=1.877
After sweep 8 energy=-6.1190934  maxlinkdim=214 maxerr=1.79E-09 time=1.928
After sweep 9 energy=-6.1342654  maxlinkdim=203 maxerr=1.54E-07 time=1.884
After sweep 10 energy=-6.1448717  maxlinkdim=172 maxerr=6.02E-10 time=1.856
After sweep 11 energy=-6.1529684  maxlinkdim=186 maxerr=6.66E-08 time=1.884
After sweep 12 energy=-6.1583343  maxlinkdim=209 maxerr=8.15E-08 time=1.907
After sweep 13 energy=-6.1616783  maxlinkdim=176 maxerr=4.89E-08 time=1.909
After sweep 14 energy=-6.1640835  maxlinkdim=174 maxerr=1.23E-08 time=1.982
After sweep 15 energy=-6.165715  maxlinkdim=211 maxerr=2.22E-07 time=2.066
After sweep 16 energy=-6.1662235  maxlinkdim=191 maxerr=2.39E-07 time=2.157
After sweep 17 energy=-6.166368  maxlinkdim=184 maxerr=9.99E-11 time=2.140
After sweep 18 energy=-6.166422  maxlinkdim=208 maxerr=2.53E-07 time=2.269
After sweep 19 energy=-6.1664233  maxlinkdim=193 maxerr=6.99E-10 time=2.409
After sweep 20 energy=-6.1663923  maxlinkdim=189 maxerr=7.41E-08 time=2.490
After sweep 21 energy=-6.166403  maxlinkdim=183 maxerr=2.06E-08 time=2.501
After sweep 22 energy=-6.1663866  maxlinkdim=184 maxerr=8.00E-10 time=2.491
After sweep 23 energy=-6.166364  maxlinkdim=186 maxerr=6.06E-08 time=2.468
After sweep 24 energy=-6.166396  maxlinkdim=184 maxerr=3.12E-10 time=2.503
After sweep 25 energy=-6.1663876  maxlinkdim=187 maxerr=1.28E-09 time=2.492
After sweep 26 energy=-6.1664147  maxlinkdim=184 maxerr=9.99E-11 time=2.509
After sweep 27 energy=-6.166365  maxlinkdim=189 maxerr=8.09E-08 time=2.499
After sweep 28 energy=-6.1663885  maxlinkdim=187 maxerr=9.99E-11 time=2.498
After sweep 29 energy=-6.1663933  maxlinkdim=187 maxerr=8.46E-08 time=2.498
After sweep 30 energy=-6.166398  maxlinkdim=184 maxerr=3.69E-08 time=2.481
Same mu: -2.646322358155542 and continuing
Target density achieved with mu=-2.646322358155542, n=0.50000274
Checking {alpha,beta} vs measured
Alpha not converged.
NOT CONVERGED; updating alpha, beta and continuing...
After sweep 1 energy=-4.7975845  maxlinkdim=16 maxerr=1.98E-07 time=0.546
After sweep 2 energy=-5.820187  maxlinkdim=177 maxerr=1.17E-08 time=1.297
After sweep 3 energy=-5.925256  maxlinkdim=201 maxerr=1.32E-07 time=2.172
After sweep 4 energy=-5.988444  maxlinkdim=200 maxerr=1.96E-07 time=2.193
After sweep 5 energy=-6.039547  maxlinkdim=220 maxerr=3.44E-09 time=2.086
After sweep 6 energy=-6.074569  maxlinkdim=173 maxerr=1.60E-07 time=2.001
After sweep 7 energy=-6.102545  maxlinkdim=220 maxerr=4.79E-08 time=1.918
After sweep 8 energy=-6.1221056  maxlinkdim=200 maxerr=1.30E-07 time=1.927
After sweep 9 energy=-6.1363378  maxlinkdim=194 maxerr=2.27E-08 time=1.851
After sweep 10 energy=-6.146731  maxlinkdim=225 maxerr=1.28E-07 time=1.825
After sweep 11 energy=-6.1550055  maxlinkdim=245 maxerr=3.23E-07 time=1.943
After sweep 12 energy=-6.1612954  maxlinkdim=186 maxerr=3.21E-10 time=1.993
After sweep 13 energy=-6.163815  maxlinkdim=217 maxerr=1.00E-08 time=1.977
After sweep 14 energy=-6.165085  maxlinkdim=189 maxerr=2.50E-08 time=1.968
After sweep 15 energy=-6.165777  maxlinkdim=186 maxerr=4.94E-08 time=1.962
After sweep 16 energy=-6.16614  maxlinkdim=184 maxerr=5.22E-08 time=2.039
After sweep 17 energy=-6.166367  maxlinkdim=188 maxerr=6.79E-10 time=2.134
After sweep 18 energy=-6.16643  maxlinkdim=190 maxerr=7.40E-08 time=2.260
After sweep 19 energy=-6.1663957  maxlinkdim=191 maxerr=2.89E-07 time=2.387
After sweep 20 energy=-6.166419  maxlinkdim=190 maxerr=2.60E-08 time=2.466
After sweep 21 energy=-6.166412  maxlinkdim=184 maxerr=1.15E-07 time=2.490
After sweep 22 energy=-6.166404  maxlinkdim=188 maxerr=1.73E-09 time=2.506
After sweep 23 energy=-6.16637  maxlinkdim=188 maxerr=2.76E-10 time=2.493
After sweep 24 energy=-6.1664066  maxlinkdim=188 maxerr=1.13E-07 time=2.500
After sweep 25 energy=-6.1663713  maxlinkdim=185 maxerr=1.07E-07 time=2.500
After sweep 26 energy=-6.1663895  maxlinkdim=193 maxerr=1.00E-10 time=2.499
After sweep 27 energy=-6.1663513  maxlinkdim=189 maxerr=2.14E-07 time=2.510
After sweep 28 energy=-6.166397  maxlinkdim=187 maxerr=2.77E-09 time=2.502
After sweep 29 energy=-6.166397  maxlinkdim=185 maxerr=1.40E-09 time=2.489
After sweep 30 energy=-6.1664143  maxlinkdim=186 maxerr=7.27E-08 time=2.501
Same mu: -2.646322358155542 and continuing
Target density achieved with mu=-2.646322358155542, n=0.5000036
Checking {alpha,beta} vs measured
Alpha not converged.
NOT CONVERGED; updating alpha, beta and continuing...
After sweep 1 energy=-4.7897706  maxlinkdim=16 maxerr=2.48E-07 time=0.533
After sweep 2 energy=-5.806829  maxlinkdim=182 maxerr=1.33E-08 time=1.241
After sweep 3 energy=-5.917244  maxlinkdim=195 maxerr=1.08E-07 time=2.093
After sweep 4 energy=-5.9828906  maxlinkdim=222 maxerr=2.11E-09 time=2.156
After sweep 5 energy=-6.032317  maxlinkdim=208 maxerr=4.63E-08 time=2.088
After sweep 6 energy=-6.0679235  maxlinkdim=175 maxerr=7.74E-08 time=1.928
After sweep 7 energy=-6.0988183  maxlinkdim=195 maxerr=1.55E-09 time=1.899
After sweep 8 energy=-6.1211224  maxlinkdim=217 maxerr=3.72E-08 time=1.905
After sweep 9 energy=-6.1358733  maxlinkdim=192 maxerr=2.83E-08 time=1.948
After sweep 10 energy=-6.1458335  maxlinkdim=230 maxerr=2.16E-09 time=1.873
After sweep 11 energy=-6.153335  maxlinkdim=181 maxerr=3.52E-08 time=1.882
After sweep 12 energy=-6.1582165  maxlinkdim=166 maxerr=3.82E-08 time=1.824
After sweep 13 energy=-6.1614933  maxlinkdim=164 maxerr=8.64E-09 time=1.845
After sweep 14 energy=-6.163825  maxlinkdim=173 maxerr=8.06E-08 time=1.902
After sweep 15 energy=-6.165419  maxlinkdim=172 maxerr=1.22E-07 time=1.964
After sweep 16 energy=-6.165979  maxlinkdim=178 maxerr=1.00E-10 time=2.086
After sweep 17 energy=-6.166291  maxlinkdim=195 maxerr=3.83E-08 time=2.129
After sweep 18 energy=-6.1663723  maxlinkdim=196 maxerr=1.33E-09 time=2.277
After sweep 19 energy=-6.16645  maxlinkdim=190 maxerr=4.79E-08 time=2.419
After sweep 20 energy=-6.1664047  maxlinkdim=195 maxerr=1.50E-08 time=2.520
After sweep 21 energy=-6.166377  maxlinkdim=186 maxerr=2.09E-08 time=2.519
After sweep 22 energy=-6.166398  maxlinkdim=186 maxerr=3.99E-08 time=2.497
After sweep 23 energy=-6.1664133  maxlinkdim=188 maxerr=1.19E-09 time=2.489
After sweep 24 energy=-6.1663914  maxlinkdim=183 maxerr=1.08E-07 time=2.489
After sweep 25 energy=-6.1663904  maxlinkdim=184 maxerr=1.20E-07 time=2.483
After sweep 26 energy=-6.16642  maxlinkdim=188 maxerr=8.61E-10 time=2.498
After sweep 27 energy=-6.166391  maxlinkdim=188 maxerr=8.26E-10 time=2.503
After sweep 28 energy=-6.1664076  maxlinkdim=185 maxerr=1.01E-07 time=2.491
After sweep 29 energy=-6.166398  maxlinkdim=186 maxerr=5.01E-09 time=2.508
After sweep 30 energy=-6.1663733  maxlinkdim=185 maxerr=4.96E-08 time=2.494
Same mu: -2.646322358155542 and continuing
Target density achieved with mu=-2.646322358155542, n=0.5000013
Checking {alpha,beta} vs measured
Alpha not converged.
NOT CONVERGED; updating alpha, beta and continuing...
After sweep 1 energy=-4.797244  maxlinkdim=16 maxerr=2.45E-07 time=0.543
After sweep 2 energy=-5.8127437  maxlinkdim=174 maxerr=1.46E-07 time=1.225
After sweep 3 energy=-5.917808  maxlinkdim=197 maxerr=1.76E-09 time=2.209
After sweep 4 energy=-5.983458  maxlinkdim=199 maxerr=8.42E-09 time=2.111
After sweep 5 energy=-6.0341  maxlinkdim=202 maxerr=5.85E-08 time=2.008
After sweep 6 energy=-6.070463  maxlinkdim=211 maxerr=2.06E-09 time=1.941
After sweep 7 energy=-6.0994782  maxlinkdim=228 maxerr=1.94E-07 time=1.956
After sweep 8 energy=-6.120233  maxlinkdim=197 maxerr=5.80E-08 time=1.918
After sweep 9 energy=-6.1347985  maxlinkdim=176 maxerr=8.80E-10 time=1.884
After sweep 10 energy=-6.1449165  maxlinkdim=173 maxerr=7.11E-10 time=1.804
After sweep 11 energy=-6.1530585  maxlinkdim=245 maxerr=1.39E-07 time=1.888
After sweep 12 energy=-6.15865  maxlinkdim=210 maxerr=7.15E-08 time=1.976
After sweep 13 energy=-6.1620936  maxlinkdim=190 maxerr=1.35E-07 time=1.975
After sweep 14 energy=-6.1640368  maxlinkdim=172 maxerr=1.61E-07 time=1.955
After sweep 15 energy=-6.165209  maxlinkdim=211 maxerr=2.26E-08 time=1.975
After sweep 16 energy=-6.16583  maxlinkdim=193 maxerr=1.98E-08 time=2.045
After sweep 17 energy=-6.166162  maxlinkdim=194 maxerr=7.47E-08 time=2.124
After sweep 18 energy=-6.16637  maxlinkdim=190 maxerr=1.99E-07 time=2.220
After sweep 19 energy=-6.1663876  maxlinkdim=186 maxerr=2.99E-07 time=2.318
After sweep 20 energy=-6.1664085  maxlinkdim=193 maxerr=1.00E-10 time=2.431
After sweep 21 energy=-6.1663747  maxlinkdim=187 maxerr=1.44E-07 time=2.486
After sweep 22 energy=-6.1663876  maxlinkdim=187 maxerr=8.06E-08 time=2.493
After sweep 23 energy=-6.1664047  maxlinkdim=186 maxerr=4.48E-08 time=2.470
After sweep 24 energy=-6.166397  maxlinkdim=187 maxerr=9.25E-08 time=2.490
After sweep 25 energy=-6.166387  maxlinkdim=185 maxerr=1.00E-10 time=2.477
After sweep 26 energy=-6.166398  maxlinkdim=185 maxerr=9.98E-11 time=2.497
After sweep 27 energy=-6.1664157  maxlinkdim=186 maxerr=1.12E-09 time=2.481
After sweep 28 energy=-6.1664143  maxlinkdim=185 maxerr=3.76E-08 time=2.485
After sweep 29 energy=-6.1663585  maxlinkdim=185 maxerr=1.43E-08 time=2.498
After sweep 30 energy=-6.1664104  maxlinkdim=186 maxerr=4.92E-10 time=2.498
Same mu: -2.646322358155542 and continuing
Target density achieved with mu=-2.646322358155542, n=0.50000334
Checking {alpha,beta} vs measured
Alpha not converged.
NOT CONVERGED; updating alpha, beta and continuing...
After sweep 1 energy=-4.7899556  maxlinkdim=16 maxerr=1.84E-07 time=0.541
After sweep 2 energy=-5.811999  maxlinkdim=178 maxerr=1.06E-08 time=1.270
After sweep 3 energy=-5.9172153  maxlinkdim=212 maxerr=1.98E-09 time=2.107
After sweep 4 energy=-5.98126  maxlinkdim=208 maxerr=1.18E-09 time=2.107
After sweep 5 energy=-6.031689  maxlinkdim=218 maxerr=4.56E-09 time=2.028
After sweep 6 energy=-6.067661  maxlinkdim=194 maxerr=2.39E-09 time=1.934
After sweep 7 energy=-6.096687  maxlinkdim=252 maxerr=2.09E-09 time=1.857
After sweep 8 energy=-6.118766  maxlinkdim=211 maxerr=6.45E-10 time=1.878
After sweep 9 energy=-6.1338954  maxlinkdim=180 maxerr=2.27E-09 time=1.877
After sweep 10 energy=-6.1460576  maxlinkdim=226 maxerr=1.11E-07 time=1.904
After sweep 11 energy=-6.155528  maxlinkdim=265 maxerr=2.35E-09 time=2.065
After sweep 12 energy=-6.1607647  maxlinkdim=174 maxerr=2.27E-07 time=1.982
After sweep 13 energy=-6.1632624  maxlinkdim=195 maxerr=3.29E-10 time=1.914
After sweep 14 energy=-6.1647263  maxlinkdim=177 maxerr=2.61E-07 time=1.912
After sweep 15 energy=-6.1655874  maxlinkdim=182 maxerr=1.53E-07 time=1.942
After sweep 16 energy=-6.166109  maxlinkdim=222 maxerr=1.05E-09 time=2.016
After sweep 17 energy=-6.16633  maxlinkdim=179 maxerr=1.07E-07 time=2.127
After sweep 18 energy=-6.166407  maxlinkdim=190 maxerr=1.87E-07 time=2.239
After sweep 19 energy=-6.166423  maxlinkdim=191 maxerr=9.99E-11 time=2.337
After sweep 20 energy=-6.1664114  maxlinkdim=188 maxerr=8.32E-10 time=2.456
After sweep 21 energy=-6.1663647  maxlinkdim=191 maxerr=4.37E-09 time=2.510
After sweep 22 energy=-6.1664143  maxlinkdim=187 maxerr=9.50E-10 time=2.496
After sweep 23 energy=-6.1664042  maxlinkdim=186 maxerr=9.89E-08 time=2.474
After sweep 24 energy=-6.166415  maxlinkdim=185 maxerr=5.71E-08 time=2.489
After sweep 25 energy=-6.166405  maxlinkdim=186 maxerr=6.96E-08 time=2.502
After sweep 26 energy=-6.1663857  maxlinkdim=187 maxerr=1.00E-10 time=2.504
After sweep 27 energy=-6.1664014  maxlinkdim=186 maxerr=1.00E-10 time=2.490
After sweep 28 energy=-6.166375  maxlinkdim=185 maxerr=3.00E-08 time=2.496
After sweep 29 energy=-6.1663923  maxlinkdim=187 maxerr=1.46E-07 time=2.498
After sweep 30 energy=-6.1664042  maxlinkdim=184 maxerr=7.74E-10 time=2.507
Same mu: -2.646322358155542 and continuing
Target density achieved with mu=-2.646322358155542, n=0.50000346
Checking {alpha,beta} vs measured
Alpha not converged.
NOT CONVERGED; updating alpha, beta and continuing...
After sweep 1 energy=-4.790898  maxlinkdim=16 maxerr=1.94E-07 time=0.538
After sweep 2 energy=-5.806951  maxlinkdim=176 maxerr=8.85E-08 time=1.253
After sweep 3 energy=-5.917669  maxlinkdim=204 maxerr=1.12E-09 time=2.130
After sweep 4 energy=-5.985766  maxlinkdim=211 maxerr=1.69E-09 time=2.243
After sweep 5 energy=-6.0351048  maxlinkdim=216 maxerr=1.81E-09 time=2.099
After sweep 6 energy=-6.0710173  maxlinkdim=172 maxerr=8.50E-10 time=1.986
After sweep 7 energy=-6.099836  maxlinkdim=184 maxerr=1.28E-07 time=1.896
After sweep 8 energy=-6.1208816  maxlinkdim=212 maxerr=3.83E-10 time=1.855
After sweep 9 energy=-6.13547  maxlinkdim=194 maxerr=3.06E-10 time=1.861
After sweep 10 energy=-6.1460342  maxlinkdim=230 maxerr=9.64E-10 time=1.860
After sweep 11 energy=-6.153917  maxlinkdim=235 maxerr=1.30E-07 time=1.905
After sweep 12 energy=-6.159115  maxlinkdim=175 maxerr=1.66E-09 time=1.923
After sweep 13 energy=-6.1621733  maxlinkdim=219 maxerr=1.29E-07 time=1.935
After sweep 14 energy=-6.164031  maxlinkdim=205 maxerr=4.19E-08 time=1.968
After sweep 15 energy=-6.165192  maxlinkdim=169 maxerr=2.84E-07 time=1.981
After sweep 16 energy=-6.165862  maxlinkdim=190 maxerr=8.92E-10 time=2.004
After sweep 17 energy=-6.1662292  maxlinkdim=195 maxerr=1.23E-09 time=2.121
After sweep 18 energy=-6.1663914  maxlinkdim=191 maxerr=1.53E-09 time=2.231
After sweep 19 energy=-6.1664133  maxlinkdim=198 maxerr=1.32E-09 time=2.310
After sweep 20 energy=-6.1663947  maxlinkdim=190 maxerr=1.09E-07 time=2.436
After sweep 21 energy=-6.166363  maxlinkdim=184 maxerr=2.01E-07 time=2.508
After sweep 22 energy=-6.1663666  maxlinkdim=188 maxerr=1.25E-09 time=2.509
After sweep 23 energy=-6.166396  maxlinkdim=187 maxerr=8.84E-08 time=2.487
After sweep 24 energy=-6.166396  maxlinkdim=186 maxerr=6.08E-08 time=2.491
After sweep 25 energy=-6.166375  maxlinkdim=186 maxerr=2.14E-08 time=2.501
After sweep 26 energy=-6.1664076  maxlinkdim=184 maxerr=4.36E-08 time=2.492
After sweep 27 energy=-6.166377  maxlinkdim=188 maxerr=6.89E-10 time=2.501
After sweep 28 energy=-6.166397  maxlinkdim=186 maxerr=1.51E-07 time=2.498
After sweep 29 energy=-6.1664042  maxlinkdim=186 maxerr=2.14E-07 time=2.502
After sweep 30 energy=-6.166352  maxlinkdim=187 maxerr=1.00E-10 time=2.503
Same mu: -2.646322358155542 and continuing
Target density achieved with mu=-2.646322358155542, n=0.50000155
Checking {alpha,beta} vs measured
Alpha not converged.
NOT CONVERGED; updating alpha, beta and continuing...
After sweep 1 energy=-4.7823195  maxlinkdim=16 maxerr=3.28E-07 time=0.550
After sweep 2 energy=-5.8051496  maxlinkdim=168 maxerr=2.53E-08 time=1.191
After sweep 3 energy=-5.91426  maxlinkdim=187 maxerr=5.79E-08 time=2.074
After sweep 4 energy=-5.9795933  maxlinkdim=186 maxerr=2.23E-09 time=2.078
After sweep 5 energy=-6.030123  maxlinkdim=224 maxerr=1.67E-09 time=1.973
After sweep 6 energy=-6.0670743  maxlinkdim=180 maxerr=1.38E-09 time=1.875
After sweep 7 energy=-6.096187  maxlinkdim=228 maxerr=7.18E-08 time=1.853
After sweep 8 energy=-6.118332  maxlinkdim=207 maxerr=1.14E-07 time=1.918
After sweep 9 energy=-6.132874  maxlinkdim=169 maxerr=1.05E-08 time=1.858
After sweep 10 energy=-6.144286  maxlinkdim=205 maxerr=9.23E-10 time=1.813
After sweep 11 energy=-6.1525908  maxlinkdim=174 maxerr=5.26E-08 time=1.859
After sweep 12 energy=-6.158305  maxlinkdim=183 maxerr=1.30E-09 time=1.901
After sweep 13 energy=-6.161828  maxlinkdim=192 maxerr=1.55E-09 time=1.945
After sweep 14 energy=-6.1638603  maxlinkdim=210 maxerr=8.44E-08 time=1.967
After sweep 15 energy=-6.165205  maxlinkdim=205 maxerr=4.75E-08 time=1.984
After sweep 16 energy=-6.165927  maxlinkdim=191 maxerr=1.38E-07 time=2.115
After sweep 17 energy=-6.1662683  maxlinkdim=191 maxerr=1.52E-09 time=2.196
After sweep 18 energy=-6.166424  maxlinkdim=189 maxerr=2.57E-07 time=2.252
After sweep 19 energy=-6.1664143  maxlinkdim=194 maxerr=1.88E-09 time=2.350
After sweep 20 energy=-6.166419  maxlinkdim=192 maxerr=1.00E-10 time=2.460
After sweep 21 energy=-6.166375  maxlinkdim=186 maxerr=6.18E-08 time=2.498
After sweep 22 energy=-6.166362  maxlinkdim=183 maxerr=8.63E-10 time=2.495
After sweep 23 energy=-6.166407  maxlinkdim=186 maxerr=1.83E-07 time=2.489
After sweep 24 energy=-6.1663847  maxlinkdim=185 maxerr=3.22E-09 time=2.494
After sweep 25 energy=-6.1663933  maxlinkdim=186 maxerr=1.86E-07 time=2.507
After sweep 26 energy=-6.1664042  maxlinkdim=188 maxerr=1.07E-09 time=2.502
After sweep 27 energy=-6.1663823  maxlinkdim=187 maxerr=2.30E-07 time=2.519
After sweep 28 energy=-6.166397  maxlinkdim=185 maxerr=1.00E-10 time=2.492
After sweep 29 energy=-6.166399  maxlinkdim=186 maxerr=9.99E-11 time=2.500
After sweep 30 energy=-6.166402  maxlinkdim=188 maxerr=1.05E-09 time=2.493
Same mu: -2.646322358155542 and continuing
Target density achieved with mu=-2.646322358155542, n=0.50000346
Checking {alpha,beta} vs measured
Alpha not converged.
NOT CONVERGED; updating alpha, beta and continuing...
After sweep 1 energy=-4.780126  maxlinkdim=16 maxerr=2.32E-07 time=0.551
After sweep 2 energy=-5.8074927  maxlinkdim=174 maxerr=2.78E-07 time=1.289
After sweep 3 energy=-5.917034  maxlinkdim=188 maxerr=3.07E-08 time=2.096
After sweep 4 energy=-5.982395  maxlinkdim=203 maxerr=2.17E-09 time=2.182
After sweep 5 energy=-6.032485  maxlinkdim=229 maxerr=7.87E-08 time=2.108
After sweep 6 energy=-6.0697937  maxlinkdim=183 maxerr=4.10E-08 time=1.980
After sweep 7 energy=-6.0978713  maxlinkdim=176 maxerr=1.25E-07 time=1.863
After sweep 8 energy=-6.1192493  maxlinkdim=200 maxerr=4.17E-08 time=1.840
After sweep 9 energy=-6.134329  maxlinkdim=200 maxerr=1.07E-09 time=1.853
After sweep 10 energy=-6.145081  maxlinkdim=178 maxerr=1.59E-07 time=1.841
After sweep 11 energy=-6.1531663  maxlinkdim=221 maxerr=3.96E-08 time=1.889
After sweep 12 energy=-6.1589184  maxlinkdim=228 maxerr=5.00E-10 time=1.993
After sweep 13 energy=-6.1622787  maxlinkdim=193 maxerr=6.15E-10 time=1.988
After sweep 14 energy=-6.1641264  maxlinkdim=193 maxerr=7.35E-10 time=1.959
After sweep 15 energy=-6.1653404  maxlinkdim=183 maxerr=5.68E-08 time=2.049
After sweep 16 energy=-6.1661253  maxlinkdim=192 maxerr=1.84E-08 time=2.154
After sweep 17 energy=-6.166375  maxlinkdim=197 maxerr=5.70E-08 time=2.248
After sweep 18 energy=-6.1663847  maxlinkdim=191 maxerr=3.74E-08 time=2.310
After sweep 19 energy=-6.1664033  maxlinkdim=194 maxerr=9.45E-10 time=2.368
After sweep 20 energy=-6.166416  maxlinkdim=189 maxerr=1.53E-07 time=2.483
After sweep 21 energy=-6.1663785  maxlinkdim=187 maxerr=9.98E-11 time=2.517
After sweep 22 energy=-6.1664076  maxlinkdim=185 maxerr=1.10E-07 time=2.502
After sweep 23 energy=-6.166392  maxlinkdim=184 maxerr=1.37E-10 time=2.499
After sweep 24 energy=-6.166402  maxlinkdim=184 maxerr=7.63E-10 time=2.497
After sweep 25 energy=-6.16642  maxlinkdim=185 maxerr=1.06E-10 time=2.506
After sweep 26 energy=-6.16642  maxlinkdim=183 maxerr=2.33E-07 time=2.495
After sweep 27 energy=-6.1663785  maxlinkdim=187 maxerr=2.95E-09 time=2.507
After sweep 28 energy=-6.166402  maxlinkdim=186 maxerr=1.36E-07 time=2.497
After sweep 29 energy=-6.1663885  maxlinkdim=185 maxerr=3.50E-08 time=2.495
After sweep 30 energy=-6.1663914  maxlinkdim=187 maxerr=4.53E-08 time=2.501
Same mu: -2.646322358155542 and continuing
Target density achieved with mu=-2.646322358155542, n=0.5000015
Checking {alpha,beta} vs measured
Alpha not converged.
NOT CONVERGED; updating alpha, beta and continuing...
After sweep 1 energy=-4.7857633  maxlinkdim=16 maxerr=2.00E-07 time=0.553
After sweep 2 energy=-5.800228  maxlinkdim=181 maxerr=1.83E-08 time=1.289
After sweep 3 energy=-5.9119353  maxlinkdim=205 maxerr=1.01E-09 time=2.069
After sweep 4 energy=-5.9783063  maxlinkdim=210 maxerr=1.50E-08 time=2.134
After sweep 5 energy=-6.0292892  maxlinkdim=206 maxerr=1.29E-08 time=2.080
After sweep 6 energy=-6.0666604  maxlinkdim=183 maxerr=1.80E-07 time=1.953
After sweep 7 energy=-6.096776  maxlinkdim=212 maxerr=9.99E-11 time=1.909
After sweep 8 energy=-6.118503  maxlinkdim=219 maxerr=1.23E-07 time=1.896
After sweep 9 energy=-6.1334662  maxlinkdim=163 maxerr=6.83E-08 time=1.830
After sweep 10 energy=-6.144708  maxlinkdim=215 maxerr=9.15E-10 time=1.830
After sweep 11 energy=-6.1525006  maxlinkdim=220 maxerr=2.05E-09 time=1.857
After sweep 12 energy=-6.157855  maxlinkdim=179 maxerr=9.78E-08 time=1.859
After sweep 13 energy=-6.1615396  maxlinkdim=186 maxerr=3.74E-10 time=1.887
After sweep 14 energy=-6.163991  maxlinkdim=185 maxerr=9.06E-10 time=1.977
After sweep 15 energy=-6.165245  maxlinkdim=192 maxerr=1.80E-08 time=1.955
After sweep 16 energy=-6.165905  maxlinkdim=181 maxerr=7.67E-10 time=1.977
After sweep 17 energy=-6.1663094  maxlinkdim=194 maxerr=1.18E-07 time=2.115
After sweep 18 energy=-6.1664133  maxlinkdim=191 maxerr=8.44E-08 time=2.257
After sweep 19 energy=-6.1664557  maxlinkdim=196 maxerr=1.14E-09 time=2.330
After sweep 20 energy=-6.1664257  maxlinkdim=190 maxerr=9.02E-10 time=2.455
After sweep 21 energy=-6.16637  maxlinkdim=188 maxerr=1.00E-10 time=2.516
After sweep 22 energy=-6.166418  maxlinkdim=184 maxerr=1.03E-09 time=2.499
After sweep 23 energy=-6.16641  maxlinkdim=185 maxerr=1.96E-07 time=2.502
After sweep 24 energy=-6.166396  maxlinkdim=185 maxerr=2.78E-10 time=2.503
After sweep 25 energy=-6.1664076  maxlinkdim=186 maxerr=4.29E-08 time=2.504
After sweep 26 energy=-6.1663938  maxlinkdim=187 maxerr=7.20E-09 time=2.497
After sweep 27 energy=-6.1664076  maxlinkdim=192 maxerr=7.01E-10 time=2.525
After sweep 28 energy=-6.166382  maxlinkdim=186 maxerr=1.62E-09 time=2.518
After sweep 29 energy=-6.1663666  maxlinkdim=184 maxerr=1.20E-09 time=2.536
After sweep 30 energy=-6.1664023  maxlinkdim=188 maxerr=1.12E-09 time=2.499
Same mu: -2.646322358155542 and continuing
Target density achieved with mu=-2.646322358155542, n=0.500004
Checking {alpha,beta} vs measured
Alpha not converged.
NOT CONVERGED; updating alpha, beta and continuing...
After sweep 1 energy=-4.78198  maxlinkdim=16 maxerr=2.62E-07 time=0.531
After sweep 2 energy=-5.7985196  maxlinkdim=176 maxerr=1.04E-08 time=1.309
After sweep 3 energy=-5.9088845  maxlinkdim=195 maxerr=1.88E-07 time=2.054
After sweep 4 energy=-5.975214  maxlinkdim=183 maxerr=1.26E-09 time=2.037
After sweep 5 energy=-6.0260224  maxlinkdim=199 maxerr=2.45E-07 time=1.955
After sweep 6 energy=-6.0628567  maxlinkdim=172 maxerr=1.27E-07 time=1.874
After sweep 7 energy=-6.093749  maxlinkdim=209 maxerr=3.75E-09 time=1.829
After sweep 8 energy=-6.116327  maxlinkdim=203 maxerr=1.17E-09 time=1.833
After sweep 9 energy=-6.1316924  maxlinkdim=173 maxerr=4.61E-10 time=1.842
After sweep 10 energy=-6.1428323  maxlinkdim=183 maxerr=1.53E-07 time=1.808
After sweep 11 energy=-6.151588  maxlinkdim=227 maxerr=1.50E-09 time=1.905
After sweep 12 energy=-6.1573277  maxlinkdim=200 maxerr=7.08E-08 time=1.951
After sweep 13 energy=-6.1611595  maxlinkdim=202 maxerr=1.46E-09 time=1.960
After sweep 14 energy=-6.163445  maxlinkdim=194 maxerr=1.25E-09 time=1.935
After sweep 15 energy=-6.1650553  maxlinkdim=226 maxerr=5.31E-10 time=2.013
After sweep 16 energy=-6.165896  maxlinkdim=196 maxerr=3.53E-08 time=2.091
After sweep 17 energy=-6.1662126  maxlinkdim=200 maxerr=2.37E-07 time=2.101
After sweep 18 energy=-6.16638  maxlinkdim=194 maxerr=1.00E-10 time=2.190
After sweep 19 energy=-6.1664267  maxlinkdim=191 maxerr=1.40E-08 time=2.271
After sweep 20 energy=-6.1664333  maxlinkdim=194 maxerr=6.26E-08 time=2.393
After sweep 21 energy=-6.166406  maxlinkdim=189 maxerr=1.16E-09 time=2.477
After sweep 22 energy=-6.166401  maxlinkdim=187 maxerr=7.91E-10 time=2.501
After sweep 23 energy=-6.1664114  maxlinkdim=184 maxerr=1.52E-07 time=2.485
After sweep 24 energy=-6.166423  maxlinkdim=185 maxerr=1.84E-09 time=2.491
After sweep 25 energy=-6.16638  maxlinkdim=183 maxerr=5.45E-08 time=2.490
After sweep 26 energy=-6.166403  maxlinkdim=185 maxerr=1.64E-07 time=2.500
After sweep 27 energy=-6.166383  maxlinkdim=191 maxerr=2.25E-08 time=2.514
After sweep 28 energy=-6.1663833  maxlinkdim=185 maxerr=2.76E-10 time=2.491
After sweep 29 energy=-6.1663923  maxlinkdim=187 maxerr=2.84E-08 time=2.490
After sweep 30 energy=-6.16639  maxlinkdim=184 maxerr=4.59E-10 time=2.501
Same mu: -2.646322358155542 and continuing
Target density achieved with mu=-2.646322358155542, n=0.5000029
Checking {alpha,beta} vs measured
Alpha not converged.
NOT CONVERGED; updating alpha, beta and continuing...
After sweep 1 energy=-4.7817955  maxlinkdim=16 maxerr=3.33E-07 time=0.556
After sweep 2 energy=-5.807441  maxlinkdim=175 maxerr=4.99E-08 time=1.221
After sweep 3 energy=-5.9164634  maxlinkdim=184 maxerr=1.82E-09 time=2.120
After sweep 4 energy=-5.9831038  maxlinkdim=187 maxerr=2.02E-08 time=2.071
After sweep 5 energy=-6.0339227  maxlinkdim=223 maxerr=1.43E-07 time=1.996
After sweep 6 energy=-6.07004  maxlinkdim=197 maxerr=1.33E-07 time=1.944
After sweep 7 energy=-6.097496  maxlinkdim=289 maxerr=8.28E-09 time=1.856
After sweep 8 energy=-6.118368  maxlinkdim=209 maxerr=2.60E-09 time=1.864
After sweep 9 energy=-6.133182  maxlinkdim=169 maxerr=5.02E-08 time=1.788
After sweep 10 energy=-6.144579  maxlinkdim=211 maxerr=1.12E-07 time=1.840
After sweep 11 energy=-6.153478  maxlinkdim=236 maxerr=8.31E-10 time=1.918
After sweep 12 energy=-6.159626  maxlinkdim=203 maxerr=4.24E-09 time=1.999
After sweep 13 energy=-6.1625824  maxlinkdim=174 maxerr=1.38E-07 time=1.958
After sweep 14 energy=-6.16426  maxlinkdim=167 maxerr=1.44E-07 time=1.880
After sweep 15 energy=-6.1654425  maxlinkdim=208 maxerr=2.67E-08 time=1.987
After sweep 16 energy=-6.1660786  maxlinkdim=194 maxerr=6.45E-08 time=2.105
After sweep 17 energy=-6.166278  maxlinkdim=187 maxerr=7.62E-10 time=2.127
After sweep 18 energy=-6.166381  maxlinkdim=194 maxerr=5.72E-10 time=2.252
After sweep 19 energy=-6.1664224  maxlinkdim=195 maxerr=1.06E-07 time=2.389
After sweep 20 energy=-6.1663976  maxlinkdim=189 maxerr=5.62E-10 time=2.501
After sweep 21 energy=-6.166383  maxlinkdim=184 maxerr=1.62E-07 time=2.514
After sweep 22 energy=-6.1664076  maxlinkdim=185 maxerr=6.14E-08 time=2.485
After sweep 23 energy=-6.166392  maxlinkdim=186 maxerr=9.13E-10 time=2.496
After sweep 24 energy=-6.1664114  maxlinkdim=185 maxerr=1.97E-08 time=2.497
After sweep 25 energy=-6.1663995  maxlinkdim=184 maxerr=9.60E-10 time=2.489
After sweep 26 energy=-6.1664114  maxlinkdim=185 maxerr=1.08E-09 time=2.500
After sweep 27 energy=-6.1664114  maxlinkdim=185 maxerr=1.33E-09 time=2.498
After sweep 28 energy=-6.166401  maxlinkdim=188 maxerr=1.39E-07 time=2.491
After sweep 29 energy=-6.1663733  maxlinkdim=184 maxerr=2.38E-08 time=2.487
After sweep 30 energy=-6.166387  maxlinkdim=185 maxerr=1.18E-07 time=2.497
Same mu: -2.646322358155542 and continuing
Target density achieved with mu=-2.646322358155542, n=0.50000304
Checking {alpha,beta} vs measured
Alpha not converged.
NOT CONVERGED; updating alpha, beta and continuing...
After sweep 1 energy=-4.7805634  maxlinkdim=16 maxerr=4.46E-07 time=0.577
After sweep 2 energy=-5.7955503  maxlinkdim=180 maxerr=1.33E-08 time=1.198
After sweep 3 energy=-5.9083023  maxlinkdim=196 maxerr=9.89E-08 time=2.181
After sweep 4 energy=-5.9757037  maxlinkdim=177 maxerr=1.75E-09 time=2.158
After sweep 5 energy=-6.026389  maxlinkdim=186 maxerr=2.45E-07 time=2.011
After sweep 6 energy=-6.065428  maxlinkdim=243 maxerr=1.08E-07 time=1.927
After sweep 7 energy=-6.0944157  maxlinkdim=239 maxerr=2.49E-09 time=1.884
After sweep 8 energy=-6.1170697  maxlinkdim=259 maxerr=2.02E-08 time=1.908
After sweep 9 energy=-6.1325383  maxlinkdim=186 maxerr=2.64E-09 time=1.914
After sweep 10 energy=-6.143693  maxlinkdim=193 maxerr=2.12E-09 time=1.847
After sweep 11 energy=-6.1529574  maxlinkdim=248 maxerr=9.73E-09 time=1.941
After sweep 12 energy=-6.1587577  maxlinkdim=184 maxerr=1.76E-09 time=1.988
After sweep 13 energy=-6.1618056  maxlinkdim=175 maxerr=1.07E-09 time=1.896
After sweep 14 energy=-6.1637087  maxlinkdim=175 maxerr=3.44E-08 time=1.889
After sweep 15 energy=-6.165128  maxlinkdim=203 maxerr=1.36E-08 time=1.953
After sweep 16 energy=-6.166051  maxlinkdim=193 maxerr=5.86E-10 time=2.108
After sweep 17 energy=-6.166331  maxlinkdim=187 maxerr=1.53E-10 time=2.153
After sweep 18 energy=-6.166415  maxlinkdim=200 maxerr=8.30E-10 time=2.179
After sweep 19 energy=-6.1664023  maxlinkdim=200 maxerr=1.85E-09 time=2.338
After sweep 20 energy=-6.1664276  maxlinkdim=195 maxerr=8.02E-10 time=2.447
After sweep 21 energy=-6.1663523  maxlinkdim=185 maxerr=1.24E-07 time=2.509
After sweep 22 energy=-6.166415  maxlinkdim=185 maxerr=4.22E-08 time=2.487
After sweep 23 energy=-6.1663857  maxlinkdim=185 maxerr=3.30E-08 time=2.483
After sweep 24 energy=-6.16638  maxlinkdim=184 maxerr=1.35E-07 time=2.486
After sweep 25 energy=-6.1664057  maxlinkdim=186 maxerr=2.59E-09 time=2.483
After sweep 26 energy=-6.1663804  maxlinkdim=186 maxerr=5.08E-09 time=2.494
After sweep 27 energy=-6.166394  maxlinkdim=189 maxerr=6.02E-08 time=2.481
After sweep 28 energy=-6.166407  maxlinkdim=187 maxerr=2.46E-10 time=2.488
After sweep 29 energy=-6.16638  maxlinkdim=185 maxerr=1.21E-09 time=2.495
After sweep 30 energy=-6.16641  maxlinkdim=186 maxerr=8.98E-10 time=2.486
Same mu: -2.646322358155542 and continuing
Target density achieved with mu=-2.646322358155542, n=0.5000036
Checking {alpha,beta} vs measured
Alpha not converged.
NOT CONVERGED; updating alpha, beta and continuing...
After sweep 1 energy=-4.7862153  maxlinkdim=16 maxerr=2.12E-07 time=0.531
After sweep 2 energy=-5.8046503  maxlinkdim=175 maxerr=1.07E-07 time=1.206
After sweep 3 energy=-5.914362  maxlinkdim=189 maxerr=6.38E-09 time=2.112
After sweep 4 energy=-5.978326  maxlinkdim=182 maxerr=1.68E-09 time=2.004
After sweep 5 energy=-6.031211  maxlinkdim=196 maxerr=3.29E-08 time=1.939
After sweep 6 energy=-6.0675526  maxlinkdim=184 maxerr=1.23E-08 time=1.860
After sweep 7 energy=-6.0972834  maxlinkdim=251 maxerr=9.13E-08 time=1.852
After sweep 8 energy=-6.1182857  maxlinkdim=200 maxerr=1.49E-08 time=1.886
After sweep 9 energy=-6.133422  maxlinkdim=238 maxerr=1.14E-07 time=1.878
After sweep 10 energy=-6.1448617  maxlinkdim=220 maxerr=1.18E-07 time=1.941
After sweep 11 energy=-6.153618  maxlinkdim=245 maxerr=7.84E-10 time=1.953
After sweep 12 energy=-6.1590614  maxlinkdim=198 maxerr=3.66E-10 time=1.976
After sweep 13 energy=-6.1623416  maxlinkdim=185 maxerr=1.78E-09 time=1.980
After sweep 14 energy=-6.1642704  maxlinkdim=182 maxerr=4.53E-08 time=2.012
After sweep 15 energy=-6.1653547  maxlinkdim=183 maxerr=9.22E-08 time=1.994
After sweep 16 energy=-6.165948  maxlinkdim=190 maxerr=1.05E-09 time=2.043
After sweep 17 energy=-6.166277  maxlinkdim=206 maxerr=2.79E-08 time=2.130
After sweep 18 energy=-6.166395  maxlinkdim=197 maxerr=9.27E-10 time=2.258
After sweep 19 energy=-6.1664104  maxlinkdim=193 maxerr=7.12E-10 time=2.371
After sweep 20 energy=-6.1663837  maxlinkdim=187 maxerr=1.00E-10 time=2.461
After sweep 21 energy=-6.1663733  maxlinkdim=186 maxerr=1.40E-09 time=2.505
After sweep 22 energy=-6.166401  maxlinkdim=186 maxerr=1.94E-08 time=2.477
After sweep 23 energy=-6.1663833  maxlinkdim=187 maxerr=1.49E-07 time=2.488
After sweep 24 energy=-6.166422  maxlinkdim=185 maxerr=9.99E-11 time=2.479
After sweep 25 energy=-6.166379  maxlinkdim=184 maxerr=1.00E-10 time=2.477
After sweep 26 energy=-6.1664333  maxlinkdim=188 maxerr=2.54E-08 time=2.500
After sweep 27 energy=-6.166372  maxlinkdim=185 maxerr=1.00E-10 time=2.477
After sweep 28 energy=-6.166392  maxlinkdim=186 maxerr=7.61E-10 time=2.499
After sweep 29 energy=-6.1664405  maxlinkdim=186 maxerr=2.42E-08 time=2.480
After sweep 30 energy=-6.166406  maxlinkdim=186 maxerr=1.61E-09 time=2.499
Same mu: -2.646322358155542 and continuing
Target density achieved with mu=-2.646322358155542, n=0.5000021
Checking {alpha,beta} vs measured
Alpha not converged.
NOT CONVERGED; updating alpha, beta and continuing...
After sweep 1 energy=-4.788212  maxlinkdim=16 maxerr=2.41E-07 time=0.571
After sweep 2 energy=-5.7994695  maxlinkdim=171 maxerr=1.84E-08 time=1.191
After sweep 3 energy=-5.908496  maxlinkdim=193 maxerr=1.62E-09 time=2.077
After sweep 4 energy=-5.976024  maxlinkdim=188 maxerr=4.27E-09 time=2.051
After sweep 5 energy=-6.0268993  maxlinkdim=194 maxerr=1.50E-09 time=1.974
After sweep 6 energy=-6.0658584  maxlinkdim=174 maxerr=1.90E-09 time=1.859
After sweep 7 energy=-6.0964427  maxlinkdim=183 maxerr=4.17E-08 time=1.826
After sweep 8 energy=-6.1187468  maxlinkdim=209 maxerr=3.68E-08 time=1.853
After sweep 9 energy=-6.133582  maxlinkdim=173 maxerr=1.84E-09 time=1.808
After sweep 10 energy=-6.145498  maxlinkdim=188 maxerr=4.35E-08 time=1.828
After sweep 11 energy=-6.155358  maxlinkdim=238 maxerr=1.58E-09 time=1.980
After sweep 12 energy=-6.160671  maxlinkdim=236 maxerr=1.30E-09 time=2.039
After sweep 13 energy=-6.163205  maxlinkdim=202 maxerr=1.42E-07 time=1.994
After sweep 14 energy=-6.1648417  maxlinkdim=207 maxerr=9.12E-08 time=2.017
After sweep 15 energy=-6.1656923  maxlinkdim=187 maxerr=1.77E-09 time=2.070
After sweep 16 energy=-6.1662273  maxlinkdim=194 maxerr=1.13E-09 time=2.160
After sweep 17 energy=-6.1663766  maxlinkdim=191 maxerr=4.23E-10 time=2.211
After sweep 18 energy=-6.1664305  maxlinkdim=197 maxerr=1.50E-10 time=2.275
After sweep 19 energy=-6.1664457  maxlinkdim=192 maxerr=1.00E-10 time=2.392
After sweep 20 energy=-6.166392  maxlinkdim=190 maxerr=1.00E-10 time=2.481
After sweep 21 energy=-6.1663923  maxlinkdim=186 maxerr=8.69E-10 time=2.493
After sweep 22 energy=-6.1663976  maxlinkdim=185 maxerr=1.85E-09 time=2.476
After sweep 23 energy=-6.166398  maxlinkdim=183 maxerr=2.18E-08 time=2.479
After sweep 24 energy=-6.1663857  maxlinkdim=186 maxerr=1.01E-09 time=2.489
After sweep 25 energy=-6.1663685  maxlinkdim=187 maxerr=1.00E-10 time=2.485
After sweep 26 energy=-6.166426  maxlinkdim=184 maxerr=1.00E-10 time=2.486
After sweep 27 energy=-6.1664114  maxlinkdim=183 maxerr=2.01E-07 time=2.494
After sweep 28 energy=-6.1664  maxlinkdim=187 maxerr=4.53E-10 time=2.485
After sweep 29 energy=-6.166397  maxlinkdim=186 maxerr=2.15E-08 time=2.490
After sweep 30 energy=-6.1663775  maxlinkdim=186 maxerr=1.50E-07 time=2.478
Same mu: -2.646322358155542 and continuing
Target density achieved with mu=-2.646322358155542, n=0.500003
Checking {alpha,beta} vs measured
Alpha not converged.
NOT CONVERGED; updating alpha, beta and continuing...
After sweep 1 energy=-4.7851496  maxlinkdim=16 maxerr=2.19E-07 time=0.531
After sweep 2 energy=-5.8091197  maxlinkdim=177 maxerr=1.39E-08 time=1.234
After sweep 3 energy=-5.9169965  maxlinkdim=180 maxerr=1.73E-09 time=2.108
After sweep 4 energy=-5.983473  maxlinkdim=185 maxerr=3.84E-09 time=2.151
After sweep 5 energy=-6.0329056  maxlinkdim=195 maxerr=2.35E-09 time=2.016
After sweep 6 energy=-6.0684757  maxlinkdim=166 maxerr=2.31E-08 time=1.869
After sweep 7 energy=-6.0989056  maxlinkdim=223 maxerr=1.09E-09 time=1.891
After sweep 8 energy=-6.121064  maxlinkdim=231 maxerr=2.50E-08 time=1.937
After sweep 9 energy=-6.1351886  maxlinkdim=187 maxerr=1.40E-08 time=1.874
After sweep 10 energy=-6.1460214  maxlinkdim=212 maxerr=5.17E-10 time=1.834
After sweep 11 energy=-6.1544266  maxlinkdim=221 maxerr=2.76E-08 time=1.981
After sweep 12 energy=-6.159123  maxlinkdim=178 maxerr=1.55E-07 time=1.912
After sweep 13 energy=-6.162145  maxlinkdim=203 maxerr=5.72E-10 time=1.902
After sweep 14 energy=-6.164166  maxlinkdim=195 maxerr=8.31E-08 time=1.972
After sweep 15 energy=-6.1655903  maxlinkdim=227 maxerr=2.67E-08 time=2.055
After sweep 16 energy=-6.166127  maxlinkdim=178 maxerr=2.30E-09 time=2.090
After sweep 17 energy=-6.16634  maxlinkdim=187 maxerr=9.97E-11 time=2.117
After sweep 18 energy=-6.1663923  maxlinkdim=193 maxerr=1.39E-09 time=2.248
After sweep 19 energy=-6.166393  maxlinkdim=189 maxerr=4.68E-08 time=2.381
After sweep 20 energy=-6.1664467  maxlinkdim=191 maxerr=9.98E-11 time=2.462
After sweep 21 energy=-6.1663904  maxlinkdim=187 maxerr=5.32E-08 time=2.524
After sweep 22 energy=-6.166414  maxlinkdim=186 maxerr=1.04E-09 time=2.507
After sweep 23 energy=-6.166401  maxlinkdim=187 maxerr=1.31E-07 time=2.495
After sweep 24 energy=-6.1663957  maxlinkdim=186 maxerr=6.85E-08 time=2.484
After sweep 25 energy=-6.166416  maxlinkdim=185 maxerr=1.99E-07 time=2.493
After sweep 26 energy=-6.166386  maxlinkdim=190 maxerr=9.87E-10 time=2.498
After sweep 27 energy=-6.1664286  maxlinkdim=184 maxerr=9.99E-11 time=2.489
After sweep 28 energy=-6.1664276  maxlinkdim=184 maxerr=1.33E-07 time=2.501
After sweep 29 energy=-6.166382  maxlinkdim=190 maxerr=1.47E-07 time=2.495
After sweep 30 energy=-6.166399  maxlinkdim=186 maxerr=9.06E-10 time=2.489
Same mu: -2.646322358155542 and continuing
Target density achieved with mu=-2.646322358155542, n=0.5000029
Checking {alpha,beta} vs measured
Alpha not converged.
NOT CONVERGED; updating alpha, beta and continuing...
After sweep 1 energy=-4.780027  maxlinkdim=16 maxerr=2.75E-07 time=0.538
After sweep 2 energy=-5.7978854  maxlinkdim=178 maxerr=1.30E-07 time=1.213
After sweep 3 energy=-5.9126625  maxlinkdim=244 maxerr=1.11E-07 time=2.221
After sweep 4 energy=-5.9797745  maxlinkdim=196 maxerr=1.58E-09 time=2.227
After sweep 5 energy=-6.0305853  maxlinkdim=205 maxerr=2.69E-07 time=2.085
After sweep 6 energy=-6.067459  maxlinkdim=171 maxerr=1.80E-09 time=1.924
After sweep 7 energy=-6.096561  maxlinkdim=214 maxerr=2.74E-07 time=1.872
After sweep 8 energy=-6.1181507  maxlinkdim=227 maxerr=1.23E-07 time=1.871
After sweep 9 energy=-6.133361  maxlinkdim=220 maxerr=3.46E-08 time=1.880
After sweep 10 energy=-6.143565  maxlinkdim=182 maxerr=2.69E-07 time=1.795
After sweep 11 energy=-6.1521173  maxlinkdim=240 maxerr=2.91E-08 time=1.799
After sweep 12 energy=-6.1583405  maxlinkdim=222 maxerr=1.02E-09 time=1.891
After sweep 13 energy=-6.16192  maxlinkdim=210 maxerr=1.51E-07 time=1.943
After sweep 14 energy=-6.1638927  maxlinkdim=177 maxerr=1.16E-07 time=1.922
After sweep 15 energy=-6.165121  maxlinkdim=195 maxerr=2.29E-10 time=1.932
After sweep 16 energy=-6.1658154  maxlinkdim=184 maxerr=1.85E-08 time=1.958
After sweep 17 energy=-6.166211  maxlinkdim=192 maxerr=4.90E-08 time=2.041
After sweep 18 energy=-6.1663785  maxlinkdim=193 maxerr=2.51E-07 time=2.167
After sweep 19 energy=-6.166394  maxlinkdim=207 maxerr=6.89E-08 time=2.280
After sweep 20 energy=-6.1664386  maxlinkdim=193 maxerr=9.99E-11 time=2.416
After sweep 21 energy=-6.1663895  maxlinkdim=189 maxerr=1.31E-09 time=2.489
After sweep 22 energy=-6.1663976  maxlinkdim=187 maxerr=4.58E-10 time=2.495
After sweep 23 energy=-6.16643  maxlinkdim=188 maxerr=1.59E-09 time=2.472
After sweep 24 energy=-6.166403  maxlinkdim=187 maxerr=8.32E-10 time=2.473
After sweep 25 energy=-6.166397  maxlinkdim=185 maxerr=9.99E-11 time=2.496
After sweep 26 energy=-6.1663623  maxlinkdim=186 maxerr=1.37E-08 time=2.477
After sweep 27 energy=-6.166418  maxlinkdim=186 maxerr=3.99E-10 time=2.487
After sweep 28 energy=-6.166392  maxlinkdim=187 maxerr=1.48E-08 time=2.485
After sweep 29 energy=-6.1664  maxlinkdim=187 maxerr=1.96E-08 time=2.489
After sweep 30 energy=-6.1664085  maxlinkdim=184 maxerr=1.49E-09 time=2.482
Same mu: -2.646322358155542 and continuing
Target density achieved with mu=-2.646322358155542, n=0.50000423
Checking {alpha,beta} vs measured
Alpha not converged.
NOT CONVERGED; updating alpha, beta and continuing...
After sweep 1 energy=-4.7898283  maxlinkdim=16 maxerr=2.26E-07 time=0.559
After sweep 2 energy=-5.7973537  maxlinkdim=180 maxerr=1.18E-08 time=1.209
After sweep 3 energy=-5.9088287  maxlinkdim=203 maxerr=2.44E-08 time=2.176
After sweep 4 energy=-5.976344  maxlinkdim=219 maxerr=2.09E-09 time=2.191
After sweep 5 energy=-6.027561  maxlinkdim=243 maxerr=1.19E-07 time=2.161
After sweep 6 energy=-6.0643415  maxlinkdim=188 maxerr=3.73E-09 time=1.930
After sweep 7 energy=-6.0949264  maxlinkdim=235 maxerr=7.83E-08 time=1.893
After sweep 8 energy=-6.116632  maxlinkdim=235 maxerr=1.04E-07 time=1.882
After sweep 9 energy=-6.131994  maxlinkdim=221 maxerr=2.13E-09 time=1.884
After sweep 10 energy=-6.1432786  maxlinkdim=247 maxerr=1.76E-07 time=1.876
After sweep 11 energy=-6.151487  maxlinkdim=248 maxerr=1.03E-09 time=1.883
After sweep 12 energy=-6.157391  maxlinkdim=186 maxerr=4.92E-10 time=1.905
After sweep 13 energy=-6.16117  maxlinkdim=172 maxerr=9.99E-11 time=1.865
After sweep 14 energy=-6.16335  maxlinkdim=187 maxerr=5.00E-08 time=1.852
After sweep 15 energy=-6.1648254  maxlinkdim=206 maxerr=1.35E-09 time=1.938
After sweep 16 energy=-6.16583  maxlinkdim=203 maxerr=9.10E-10 time=2.026
After sweep 17 energy=-6.1662707  maxlinkdim=187 maxerr=1.95E-09 time=2.105
After sweep 18 energy=-6.166381  maxlinkdim=185 maxerr=1.60E-09 time=2.183
After sweep 19 energy=-6.166449  maxlinkdim=192 maxerr=1.22E-09 time=2.271
After sweep 20 energy=-6.166422  maxlinkdim=195 maxerr=8.52E-10 time=2.400
After sweep 21 energy=-6.166391  maxlinkdim=190 maxerr=2.18E-10 time=2.496
After sweep 22 energy=-6.1663823  maxlinkdim=184 maxerr=8.73E-08 time=2.477
After sweep 23 energy=-6.166404  maxlinkdim=186 maxerr=5.24E-08 time=2.481
After sweep 24 energy=-6.166398  maxlinkdim=190 maxerr=7.19E-10 time=2.474
After sweep 25 energy=-6.1664042  maxlinkdim=184 maxerr=4.54E-09 time=2.488
After sweep 26 energy=-6.166401  maxlinkdim=183 maxerr=1.12E-10 time=2.488
After sweep 27 energy=-6.1664104  maxlinkdim=187 maxerr=1.29E-09 time=2.490
After sweep 28 energy=-6.1663885  maxlinkdim=185 maxerr=8.16E-08 time=2.477
After sweep 29 energy=-6.1664076  maxlinkdim=186 maxerr=1.22E-09 time=2.481
After sweep 30 energy=-6.1664023  maxlinkdim=185 maxerr=9.11E-10 time=2.492
Same mu: -2.646322358155542 and continuing
Target density achieved with mu=-2.646322358155542, n=0.50000364
Checking {alpha,beta} vs measured
Alpha not converged.
NOT CONVERGED; updating alpha, beta and continuing...
After sweep 1 energy=-4.7809877  maxlinkdim=16 maxerr=3.03E-07 time=0.539
After sweep 2 energy=-5.801746  maxlinkdim=179 maxerr=1.69E-08 time=1.269
After sweep 3 energy=-5.9111013  maxlinkdim=189 maxerr=2.69E-09 time=2.113
After sweep 4 energy=-5.979777  maxlinkdim=191 maxerr=1.17E-09 time=2.134
After sweep 5 energy=-6.0318  maxlinkdim=199 maxerr=1.90E-07 time=2.043
After sweep 6 energy=-6.068354  maxlinkdim=174 maxerr=1.78E-08 time=1.917
After sweep 7 energy=-6.099697  maxlinkdim=248 maxerr=4.63E-08 time=1.964
After sweep 8 energy=-6.1205497  maxlinkdim=197 maxerr=1.38E-07 time=1.907
After sweep 9 energy=-6.135193  maxlinkdim=175 maxerr=2.85E-08 time=1.867
After sweep 10 energy=-6.146195  maxlinkdim=266 maxerr=1.11E-07 time=1.869
After sweep 11 energy=-6.154347  maxlinkdim=237 maxerr=9.00E-09 time=1.990
After sweep 12 energy=-6.1595984  maxlinkdim=188 maxerr=7.35E-10 time=1.999
After sweep 13 energy=-6.162424  maxlinkdim=176 maxerr=2.98E-08 time=1.899
After sweep 14 energy=-6.164138  maxlinkdim=195 maxerr=1.40E-09 time=1.921
After sweep 15 energy=-6.165348  maxlinkdim=202 maxerr=4.19E-10 time=2.008
After sweep 16 energy=-6.166126  maxlinkdim=198 maxerr=1.97E-08 time=2.124
After sweep 17 energy=-6.1663437  maxlinkdim=198 maxerr=6.16E-09 time=2.197
After sweep 18 energy=-6.166397  maxlinkdim=189 maxerr=2.01E-09 time=2.268
After sweep 19 energy=-6.1664305  maxlinkdim=195 maxerr=8.91E-10 time=2.348
After sweep 20 energy=-6.166443  maxlinkdim=191 maxerr=1.94E-07 time=2.444
After sweep 21 energy=-6.166382  maxlinkdim=188 maxerr=6.73E-10 time=2.489
After sweep 22 energy=-6.1664066  maxlinkdim=185 maxerr=5.40E-10 time=2.486
After sweep 23 energy=-6.1663823  maxlinkdim=187 maxerr=1.14E-07 time=2.474
After sweep 24 energy=-6.1663847  maxlinkdim=185 maxerr=1.79E-07 time=2.474
After sweep 25 energy=-6.1663837  maxlinkdim=186 maxerr=2.17E-08 time=2.481
After sweep 26 energy=-6.166397  maxlinkdim=185 maxerr=3.85E-10 time=2.488
After sweep 27 energy=-6.166385  maxlinkdim=183 maxerr=1.68E-08 time=2.480
After sweep 28 energy=-6.166389  maxlinkdim=184 maxerr=2.03E-08 time=2.485
After sweep 29 energy=-6.1664095  maxlinkdim=186 maxerr=5.65E-10 time=2.492
After sweep 30 energy=-6.1663904  maxlinkdim=187 maxerr=2.46E-09 time=2.495
Same mu: -2.646322358155542 and continuing
Target density achieved with mu=-2.646322358155542, n=0.50000197
Checking {alpha,beta} vs measured
Alpha not converged.
NOT CONVERGED; updating alpha, beta and continuing...
After sweep 1 energy=-4.7957063  maxlinkdim=16 maxerr=2.27E-07 time=0.534
After sweep 2 energy=-5.8039527  maxlinkdim=176 maxerr=9.78E-08 time=1.223
After sweep 3 energy=-5.9142456  maxlinkdim=198 maxerr=1.09E-09 time=2.181
After sweep 4 energy=-5.9812164  maxlinkdim=194 maxerr=1.01E-07 time=2.156
After sweep 5 energy=-6.032841  maxlinkdim=212 maxerr=5.51E-08 time=2.142
After sweep 6 energy=-6.0678787  maxlinkdim=182 maxerr=7.82E-09 time=1.948
After sweep 7 energy=-6.0963154  maxlinkdim=281 maxerr=8.21E-08 time=1.870
After sweep 8 energy=-6.117164  maxlinkdim=225 maxerr=1.33E-08 time=1.858
After sweep 9 energy=-6.13242  maxlinkdim=181 maxerr=1.14E-07 time=1.814
After sweep 10 energy=-6.143919  maxlinkdim=182 maxerr=2.64E-07 time=1.852
After sweep 11 energy=-6.1530933  maxlinkdim=222 maxerr=8.68E-10 time=1.927
After sweep 12 energy=-6.158648  maxlinkdim=176 maxerr=1.68E-09 time=1.940
After sweep 13 energy=-6.162125  maxlinkdim=198 maxerr=1.49E-09 time=1.908
After sweep 14 energy=-6.164039  maxlinkdim=171 maxerr=1.21E-09 time=1.887
After sweep 15 energy=-6.1651525  maxlinkdim=191 maxerr=4.58E-10 time=1.898
After sweep 16 energy=-6.1659265  maxlinkdim=218 maxerr=1.32E-07 time=2.001
After sweep 17 energy=-6.1662436  maxlinkdim=192 maxerr=1.40E-07 time=2.135
After sweep 18 energy=-6.166434  maxlinkdim=193 maxerr=1.53E-09 time=2.237
After sweep 19 energy=-6.16642  maxlinkdim=190 maxerr=1.83E-07 time=2.346
After sweep 20 energy=-6.166399  maxlinkdim=193 maxerr=3.05E-08 time=2.458
After sweep 21 energy=-6.166423  maxlinkdim=185 maxerr=5.51E-08 time=2.489
After sweep 22 energy=-6.1664095  maxlinkdim=184 maxerr=9.99E-11 time=2.475
After sweep 23 energy=-6.16641  maxlinkdim=186 maxerr=2.12E-09 time=2.482
After sweep 24 energy=-6.166409  maxlinkdim=193 maxerr=1.03E-08 time=2.483
After sweep 25 energy=-6.166398  maxlinkdim=187 maxerr=4.50E-10 time=2.492
After sweep 26 energy=-6.1664076  maxlinkdim=185 maxerr=6.28E-08 time=2.476
After sweep 27 energy=-6.166382  maxlinkdim=186 maxerr=7.19E-08 time=2.485
After sweep 28 energy=-6.166423  maxlinkdim=188 maxerr=6.75E-08 time=2.489
After sweep 29 energy=-6.1663914  maxlinkdim=186 maxerr=6.84E-10 time=2.490
After sweep 30 energy=-6.166387  maxlinkdim=188 maxerr=7.85E-10 time=2.499
Same mu: -2.646322358155542 and continuing
Target density achieved with mu=-2.646322358155542, n=0.50000286
Checking {alpha,beta} vs measured
Alpha not converged.
NOT CONVERGED; updating alpha, beta and continuing...
After sweep 1 energy=-4.7895975  maxlinkdim=16 maxerr=1.81E-07 time=0.565
After sweep 2 energy=-5.803507  maxlinkdim=173 maxerr=6.67E-08 time=1.183
After sweep 3 energy=-5.9163013  maxlinkdim=220 maxerr=1.15E-09 time=2.111
After sweep 4 energy=-5.9833975  maxlinkdim=225 maxerr=1.34E-07 time=2.180
After sweep 5 energy=-6.032724  maxlinkdim=228 maxerr=2.05E-08 time=2.074
After sweep 6 energy=-6.068172  maxlinkdim=182 maxerr=1.14E-07 time=1.936
After sweep 7 energy=-6.09637  maxlinkdim=179 maxerr=2.13E-09 time=1.798
After sweep 8 energy=-6.118412  maxlinkdim=177 maxerr=8.55E-10 time=1.791
After sweep 9 energy=-6.1334176  maxlinkdim=154 maxerr=1.67E-07 time=1.792
After sweep 10 energy=-6.1441183  maxlinkdim=171 maxerr=1.33E-07 time=1.754
After sweep 11 energy=-6.1522784  maxlinkdim=219 maxerr=6.92E-10 time=1.788
After sweep 12 energy=-6.158139  maxlinkdim=206 maxerr=7.65E-10 time=1.827
After sweep 13 energy=-6.1615353  maxlinkdim=175 maxerr=4.71E-10 time=1.850
After sweep 14 energy=-6.1638374  maxlinkdim=179 maxerr=1.62E-07 time=1.830
After sweep 15 energy=-6.1656847  maxlinkdim=214 maxerr=9.98E-11 time=1.974
After sweep 16 energy=-6.1662064  maxlinkdim=206 maxerr=7.65E-10 time=2.108
After sweep 17 energy=-6.1663675  maxlinkdim=190 maxerr=5.25E-10 time=2.123
After sweep 18 energy=-6.1664267  maxlinkdim=186 maxerr=4.40E-08 time=2.204
After sweep 19 energy=-6.1664104  maxlinkdim=190 maxerr=1.24E-07 time=2.369
After sweep 20 energy=-6.166412  maxlinkdim=192 maxerr=3.21E-08 time=2.480
After sweep 21 energy=-6.1664124  maxlinkdim=184 maxerr=9.99E-11 time=2.505
After sweep 22 energy=-6.1664057  maxlinkdim=182 maxerr=8.91E-08 time=2.463
After sweep 23 energy=-6.1663837  maxlinkdim=186 maxerr=1.24E-09 time=2.488
After sweep 24 energy=-6.1663785  maxlinkdim=187 maxerr=9.05E-09 time=2.500
After sweep 25 energy=-6.166417  maxlinkdim=187 maxerr=2.01E-07 time=2.495
After sweep 26 energy=-6.1663895  maxlinkdim=185 maxerr=5.97E-08 time=2.494
After sweep 27 energy=-6.1663666  maxlinkdim=185 maxerr=1.30E-09 time=2.494
After sweep 28 energy=-6.1663914  maxlinkdim=184 maxerr=1.45E-08 time=2.494
After sweep 29 energy=-6.166402  maxlinkdim=188 maxerr=1.09E-07 time=2.493
After sweep 30 energy=-6.166399  maxlinkdim=186 maxerr=6.38E-08 time=2.498
Same mu: -2.646322358155542 and continuing
Target density achieved with mu=-2.646322358155542, n=0.5000031
Checking {alpha,beta} vs measured
Alpha not converged.
NOT CONVERGED; updating alpha, beta and continuing...
After sweep 1 energy=-4.795764  maxlinkdim=16 maxerr=3.14E-07 time=0.551
After sweep 2 energy=-5.804042  maxlinkdim=176 maxerr=1.11E-08 time=1.290
After sweep 3 energy=-5.9141884  maxlinkdim=191 maxerr=2.32E-09 time=2.058
After sweep 4 energy=-5.9804397  maxlinkdim=188 maxerr=1.46E-09 time=2.106
After sweep 5 energy=-6.031466  maxlinkdim=195 maxerr=2.13E-09 time=1.998
After sweep 6 energy=-6.0694222  maxlinkdim=181 maxerr=2.61E-08 time=1.937
After sweep 7 energy=-6.0991735  maxlinkdim=213 maxerr=1.42E-07 time=1.980
After sweep 8 energy=-6.120119  maxlinkdim=210 maxerr=4.97E-08 time=1.908
After sweep 9 energy=-6.1348863  maxlinkdim=173 maxerr=9.99E-11 time=1.848
After sweep 10 energy=-6.1461196  maxlinkdim=240 maxerr=3.03E-07 time=1.870
After sweep 11 energy=-6.1547995  maxlinkdim=203 maxerr=1.10E-07 time=1.983
After sweep 12 energy=-6.1597013  maxlinkdim=182 maxerr=4.09E-08 time=1.952
After sweep 13 energy=-6.1624465  maxlinkdim=181 maxerr=3.29E-08 time=1.908
After sweep 14 energy=-6.16414  maxlinkdim=172 maxerr=1.75E-09 time=1.931
After sweep 15 energy=-6.165195  maxlinkdim=182 maxerr=6.71E-08 time=1.927
After sweep 16 energy=-6.1658134  maxlinkdim=186 maxerr=1.74E-08 time=1.989
After sweep 17 energy=-6.166183  maxlinkdim=188 maxerr=7.56E-08 time=2.090
After sweep 18 energy=-6.16638  maxlinkdim=199 maxerr=1.17E-09 time=2.196
After sweep 19 energy=-6.1664257  maxlinkdim=203 maxerr=1.51E-07 time=2.319
After sweep 20 energy=-6.1663938  maxlinkdim=194 maxerr=9.15E-08 time=2.414
After sweep 21 energy=-6.16641  maxlinkdim=186 maxerr=5.16E-09 time=2.492
After sweep 22 energy=-6.166382  maxlinkdim=187 maxerr=1.32E-07 time=2.480
After sweep 23 energy=-6.166362  maxlinkdim=185 maxerr=1.26E-07 time=2.484
After sweep 24 energy=-6.166396  maxlinkdim=187 maxerr=2.24E-10 time=2.484
After sweep 25 energy=-6.1663976  maxlinkdim=196 maxerr=4.83E-08 time=2.501
After sweep 26 energy=-6.166395  maxlinkdim=188 maxerr=2.53E-07 time=2.495
After sweep 27 energy=-6.166395  maxlinkdim=186 maxerr=9.11E-08 time=2.495
After sweep 28 energy=-6.1664104  maxlinkdim=185 maxerr=1.89E-07 time=2.494
After sweep 29 energy=-6.1664085  maxlinkdim=185 maxerr=1.02E-07 time=2.504
After sweep 30 energy=-6.166418  maxlinkdim=186 maxerr=4.05E-08 time=2.491
Same mu: -2.646322358155542 and continuing
Target density achieved with mu=-2.646322358155542, n=0.50000346
Checking {alpha,beta} vs measured
Alpha not converged.
NOT CONVERGED; updating alpha, beta and continuing...
After sweep 1 energy=-4.7852836  maxlinkdim=16 maxerr=3.49E-07 time=0.538
After sweep 2 energy=-5.8103757  maxlinkdim=179 maxerr=2.75E-08 time=1.225
After sweep 3 energy=-5.9175315  maxlinkdim=194 maxerr=1.07E-07 time=2.193
After sweep 4 energy=-5.985535  maxlinkdim=203 maxerr=4.56E-08 time=2.148
After sweep 5 energy=-6.035642  maxlinkdim=230 maxerr=3.26E-09 time=2.103
After sweep 6 energy=-6.0708156  maxlinkdim=178 maxerr=5.49E-08 time=1.903
After sweep 7 energy=-6.099526  maxlinkdim=222 maxerr=1.14E-07 time=1.841
After sweep 8 energy=-6.122117  maxlinkdim=248 maxerr=1.91E-07 time=1.981
After sweep 9 energy=-6.135833  maxlinkdim=251 maxerr=7.51E-08 time=1.985
After sweep 10 energy=-6.145864  maxlinkdim=251 maxerr=2.35E-07 time=1.913
After sweep 11 energy=-6.1537747  maxlinkdim=199 maxerr=2.26E-07 time=1.905
After sweep 12 energy=-6.159312  maxlinkdim=193 maxerr=1.58E-09 time=1.934
After sweep 13 energy=-6.1624117  maxlinkdim=192 maxerr=4.15E-08 time=1.919
After sweep 14 energy=-6.1641264  maxlinkdim=178 maxerr=4.10E-08 time=1.896
After sweep 15 energy=-6.1652737  maxlinkdim=187 maxerr=2.16E-07 time=1.974
After sweep 16 energy=-6.166061  maxlinkdim=186 maxerr=1.56E-09 time=2.060
After sweep 17 energy=-6.166342  maxlinkdim=184 maxerr=1.84E-08 time=2.194
After sweep 18 energy=-6.1664  maxlinkdim=194 maxerr=1.84E-09 time=2.208
After sweep 19 energy=-6.166438  maxlinkdim=190 maxerr=6.41E-08 time=2.343
After sweep 20 energy=-6.1664047  maxlinkdim=191 maxerr=9.62E-10 time=2.455
After sweep 21 energy=-6.166397  maxlinkdim=184 maxerr=1.12E-08 time=2.498
After sweep 22 energy=-6.166385  maxlinkdim=185 maxerr=1.00E-10 time=2.484
After sweep 23 energy=-6.1663866  maxlinkdim=184 maxerr=9.91E-08 time=2.494
After sweep 24 energy=-6.166386  maxlinkdim=185 maxerr=8.97E-08 time=2.487
After sweep 25 energy=-6.1663947  maxlinkdim=186 maxerr=1.00E-10 time=2.490
After sweep 26 energy=-6.16637  maxlinkdim=183 maxerr=1.46E-07 time=2.487
After sweep 27 energy=-6.166394  maxlinkdim=189 maxerr=1.00E-10 time=2.483
After sweep 28 energy=-6.1663704  maxlinkdim=188 maxerr=7.36E-10 time=2.496
After sweep 29 energy=-6.166396  maxlinkdim=184 maxerr=1.58E-09 time=2.482
After sweep 30 energy=-6.1663795  maxlinkdim=185 maxerr=6.37E-10 time=2.489
Same mu: -2.646322358155542 and continuing
Target density achieved with mu=-2.646322358155542, n=0.50000167
Checking {alpha,beta} vs measured
Alpha not converged.
NOT CONVERGED; updating alpha, beta and continuing...
After sweep 1 energy=-4.7839074  maxlinkdim=16 maxerr=2.22E-07 time=0.534
After sweep 2 energy=-5.816664  maxlinkdim=186 maxerr=1.21E-08 time=1.245
After sweep 3 energy=-5.9200916  maxlinkdim=203 maxerr=1.53E-09 time=2.164
After sweep 4 energy=-5.9854865  maxlinkdim=198 maxerr=1.35E-08 time=2.124
After sweep 5 energy=-6.0341835  maxlinkdim=196 maxerr=3.05E-09 time=2.008
After sweep 6 energy=-6.068307  maxlinkdim=174 maxerr=2.41E-07 time=1.884
After sweep 7 energy=-6.098498  maxlinkdim=236 maxerr=1.22E-08 time=1.861
After sweep 8 energy=-6.1204267  maxlinkdim=204 maxerr=1.28E-09 time=1.982
After sweep 9 energy=-6.135096  maxlinkdim=201 maxerr=1.42E-09 time=1.903
After sweep 10 energy=-6.1455126  maxlinkdim=200 maxerr=2.24E-08 time=1.908
After sweep 11 energy=-6.1539907  maxlinkdim=215 maxerr=1.03E-07 time=1.899
After sweep 12 energy=-6.1597996  maxlinkdim=193 maxerr=1.36E-07 time=2.036
After sweep 13 energy=-6.162511  maxlinkdim=234 maxerr=5.67E-08 time=1.969
After sweep 14 energy=-6.164323  maxlinkdim=200 maxerr=1.55E-08 time=1.991
After sweep 15 energy=-6.1654816  maxlinkdim=217 maxerr=1.00E-07 time=2.068
After sweep 16 energy=-6.1660357  maxlinkdim=185 maxerr=6.21E-10 time=2.110
After sweep 17 energy=-6.16628  maxlinkdim=199 maxerr=1.27E-07 time=2.135
After sweep 18 energy=-6.166407  maxlinkdim=195 maxerr=1.00E-10 time=2.256
After sweep 19 energy=-6.166424  maxlinkdim=192 maxerr=3.81E-10 time=2.371
After sweep 20 energy=-6.1664205  maxlinkdim=194 maxerr=9.98E-11 time=2.450
After sweep 21 energy=-6.166353  maxlinkdim=185 maxerr=4.35E-08 time=2.507
After sweep 22 energy=-6.1663866  maxlinkdim=186 maxerr=1.35E-09 time=2.482
After sweep 23 energy=-6.1664  maxlinkdim=184 maxerr=1.29E-07 time=2.486
After sweep 24 energy=-6.166396  maxlinkdim=185 maxerr=1.76E-07 time=2.477
After sweep 25 energy=-6.166423  maxlinkdim=185 maxerr=6.52E-08 time=2.480
After sweep 26 energy=-6.1663933  maxlinkdim=186 maxerr=4.01E-08 time=2.495
After sweep 27 energy=-6.166431  maxlinkdim=186 maxerr=1.13E-07 time=2.487
After sweep 28 energy=-6.1664133  maxlinkdim=184 maxerr=1.19E-09 time=2.486
After sweep 29 energy=-6.1664047  maxlinkdim=185 maxerr=4.92E-08 time=2.496
After sweep 30 energy=-6.1664133  maxlinkdim=185 maxerr=5.58E-08 time=2.487
Same mu: -2.646322358155542 and continuing
Target density achieved with mu=-2.646322358155542, n=0.50000346
Checking {alpha,beta} vs measured
Alpha not converged.
NOT CONVERGED; updating alpha, beta and continuing...
After sweep 1 energy=-4.7873993  maxlinkdim=16 maxerr=2.31E-07 time=0.542
After sweep 2 energy=-5.796  maxlinkdim=175 maxerr=2.70E-07 time=1.265
After sweep 3 energy=-5.9144363  maxlinkdim=233 maxerr=1.36E-08 time=2.077
After sweep 4 energy=-5.97754  maxlinkdim=194 maxerr=9.33E-10 time=2.173
After sweep 5 energy=-6.0261283  maxlinkdim=198 maxerr=1.32E-09 time=1.949
After sweep 6 energy=-6.0623426  maxlinkdim=164 maxerr=6.64E-08 time=1.830
After sweep 7 energy=-6.091225  maxlinkdim=157 maxerr=1.07E-09 time=1.737
After sweep 8 energy=-6.1146708  maxlinkdim=194 maxerr=8.05E-08 time=1.758
After sweep 9 energy=-6.1308603  maxlinkdim=168 maxerr=1.50E-09 time=1.760
After sweep 10 energy=-6.1424947  maxlinkdim=180 maxerr=1.44E-09 time=1.777
After sweep 11 energy=-6.1529384  maxlinkdim=218 maxerr=9.67E-10 time=1.920
After sweep 12 energy=-6.1596456  maxlinkdim=213 maxerr=2.42E-09 time=2.038
After sweep 13 energy=-6.1625013  maxlinkdim=208 maxerr=2.38E-08 time=1.935
After sweep 14 energy=-6.16444  maxlinkdim=193 maxerr=1.21E-09 time=1.954
After sweep 15 energy=-6.165456  maxlinkdim=193 maxerr=1.32E-07 time=2.021
After sweep 16 energy=-6.1659794  maxlinkdim=197 maxerr=8.31E-10 time=2.029
After sweep 17 energy=-6.166316  maxlinkdim=191 maxerr=3.85E-09 time=2.157
After sweep 18 energy=-6.166427  maxlinkdim=194 maxerr=2.72E-08 time=2.265
After sweep 19 energy=-6.1664505  maxlinkdim=204 maxerr=1.29E-09 time=2.379
After sweep 20 energy=-6.1663694  maxlinkdim=190 maxerr=9.99E-11 time=2.499
After sweep 21 energy=-6.166399  maxlinkdim=188 maxerr=1.69E-07 time=2.520
After sweep 22 energy=-6.166395  maxlinkdim=186 maxerr=7.58E-08 time=2.494
After sweep 23 energy=-6.1663914  maxlinkdim=187 maxerr=5.94E-10 time=2.491
After sweep 24 energy=-6.1664057  maxlinkdim=187 maxerr=1.23E-07 time=2.480
After sweep 25 energy=-6.1663895  maxlinkdim=187 maxerr=3.96E-08 time=2.492
After sweep 26 energy=-6.166421  maxlinkdim=188 maxerr=1.34E-09 time=2.505
After sweep 27 energy=-6.1664085  maxlinkdim=184 maxerr=4.21E-08 time=2.512
After sweep 28 energy=-6.1664133  maxlinkdim=185 maxerr=5.06E-09 time=2.512
After sweep 29 energy=-6.166379  maxlinkdim=185 maxerr=7.51E-08 time=2.518
After sweep 30 energy=-6.1663995  maxlinkdim=184 maxerr=4.82E-08 time=2.503
Same mu: -2.646322358155542 and continuing
Target density achieved with mu=-2.646322358155542, n=0.50000334
Checking {alpha,beta} vs measured
Alpha not converged.
NOT CONVERGED; updating alpha, beta and continuing...
After sweep 1 energy=-4.789314  maxlinkdim=16 maxerr=2.67E-07 time=0.553
After sweep 2 energy=-5.809723  maxlinkdim=178 maxerr=1.42E-08 time=1.202
After sweep 3 energy=-5.9166865  maxlinkdim=200 maxerr=4.76E-08 time=2.204
After sweep 4 energy=-5.981396  maxlinkdim=195 maxerr=3.85E-10 time=2.188
After sweep 5 energy=-6.0332465  maxlinkdim=202 maxerr=2.70E-08 time=2.052
After sweep 6 energy=-6.070656  maxlinkdim=221 maxerr=1.22E-09 time=1.980
After sweep 7 energy=-6.101244  maxlinkdim=252 maxerr=6.15E-08 time=1.983
After sweep 8 energy=-6.1220236  maxlinkdim=208 maxerr=1.50E-09 time=2.028
After sweep 9 energy=-6.1360927  maxlinkdim=195 maxerr=7.53E-10 time=1.941
After sweep 10 energy=-6.1461697  maxlinkdim=178 maxerr=6.78E-08 time=1.839
After sweep 11 energy=-6.1545463  maxlinkdim=255 maxerr=1.04E-09 time=1.961
After sweep 12 energy=-6.1598763  maxlinkdim=204 maxerr=1.36E-07 time=1.954
After sweep 13 energy=-6.16286  maxlinkdim=234 maxerr=4.23E-10 time=1.932
After sweep 14 energy=-6.1645184  maxlinkdim=178 maxerr=1.95E-09 time=1.942
After sweep 15 energy=-6.1654773  maxlinkdim=192 maxerr=6.63E-10 time=2.006
After sweep 16 energy=-6.166004  maxlinkdim=193 maxerr=1.29E-07 time=2.085
After sweep 17 energy=-6.1662874  maxlinkdim=190 maxerr=4.48E-08 time=2.161
After sweep 18 energy=-6.16641  maxlinkdim=192 maxerr=2.97E-07 time=2.210
After sweep 19 energy=-6.166428  maxlinkdim=190 maxerr=6.54E-10 time=2.326
After sweep 20 energy=-6.166409  maxlinkdim=191 maxerr=1.80E-07 time=2.448
After sweep 21 energy=-6.1664114  maxlinkdim=185 maxerr=7.11E-10 time=2.523
After sweep 22 energy=-6.166398  maxlinkdim=186 maxerr=4.63E-08 time=2.485
After sweep 23 energy=-6.1664057  maxlinkdim=187 maxerr=1.46E-07 time=2.478
After sweep 24 energy=-6.1663938  maxlinkdim=187 maxerr=3.12E-07 time=2.490
After sweep 25 energy=-6.166395  maxlinkdim=184 maxerr=1.29E-10 time=2.479
After sweep 26 energy=-6.1664  maxlinkdim=187 maxerr=1.00E-10 time=2.493
After sweep 27 energy=-6.166401  maxlinkdim=188 maxerr=2.70E-08 time=2.506
After sweep 28 energy=-6.166382  maxlinkdim=187 maxerr=6.55E-10 time=2.488
After sweep 29 energy=-6.166393  maxlinkdim=186 maxerr=1.00E-10 time=2.501
After sweep 30 energy=-6.16638  maxlinkdim=184 maxerr=1.91E-07 time=2.497
Same mu: -2.646322358155542 and continuing
Target density achieved with mu=-2.646322358155542, n=0.5000021
Checking {alpha,beta} vs measured
Alpha not converged.
NOT CONVERGED; updating alpha, beta and continuing...
After sweep 1 energy=-4.781663  maxlinkdim=16 maxerr=2.16E-07 time=0.542
After sweep 2 energy=-5.8042808  maxlinkdim=174 maxerr=1.42E-08 time=1.267
After sweep 3 energy=-5.9130325  maxlinkdim=203 maxerr=9.90E-08 time=2.108
After sweep 4 energy=-5.981187  maxlinkdim=235 maxerr=5.82E-08 time=2.163
After sweep 5 energy=-6.0312734  maxlinkdim=220 maxerr=1.23E-09 time=2.144
After sweep 6 energy=-6.0680504  maxlinkdim=188 maxerr=5.65E-08 time=2.056
After sweep 7 energy=-6.098093  maxlinkdim=219 maxerr=3.87E-09 time=1.951
After sweep 8 energy=-6.119294  maxlinkdim=188 maxerr=4.07E-08 time=1.825
After sweep 9 energy=-6.133897  maxlinkdim=167 maxerr=1.20E-09 time=1.805
After sweep 10 energy=-6.145356  maxlinkdim=207 maxerr=8.05E-10 time=1.825
After sweep 11 energy=-6.1538305  maxlinkdim=194 maxerr=1.67E-10 time=1.928
After sweep 12 energy=-6.159259  maxlinkdim=209 maxerr=6.25E-08 time=1.943
After sweep 13 energy=-6.1623316  maxlinkdim=202 maxerr=7.49E-10 time=1.951
After sweep 14 energy=-6.1641364  maxlinkdim=197 maxerr=1.40E-09 time=1.922
After sweep 15 energy=-6.165327  maxlinkdim=185 maxerr=1.12E-07 time=1.983
After sweep 16 energy=-6.1659226  maxlinkdim=215 maxerr=2.06E-08 time=2.051
After sweep 17 energy=-6.1662664  maxlinkdim=184 maxerr=2.02E-09 time=2.124
After sweep 18 energy=-6.166409  maxlinkdim=232 maxerr=8.59E-08 time=2.230
After sweep 19 energy=-6.1664505  maxlinkdim=194 maxerr=1.58E-09 time=2.340
After sweep 20 energy=-6.1664524  maxlinkdim=191 maxerr=1.00E-10 time=2.448
After sweep 21 energy=-6.1663733  maxlinkdim=186 maxerr=9.99E-11 time=2.498
After sweep 22 energy=-6.166393  maxlinkdim=186 maxerr=2.31E-07 time=2.475
After sweep 23 energy=-6.1663976  maxlinkdim=188 maxerr=2.08E-07 time=2.476
After sweep 24 energy=-6.1663747  maxlinkdim=185 maxerr=1.07E-09 time=2.493
After sweep 25 energy=-6.166394  maxlinkdim=184 maxerr=3.16E-07 time=2.490
After sweep 26 energy=-6.1663704  maxlinkdim=185 maxerr=1.07E-07 time=2.490
After sweep 27 energy=-6.1664257  maxlinkdim=186 maxerr=1.39E-09 time=2.476
After sweep 28 energy=-6.166397  maxlinkdim=185 maxerr=1.20E-07 time=2.493
After sweep 29 energy=-6.1664004  maxlinkdim=186 maxerr=1.40E-07 time=2.485
After sweep 30 energy=-6.1664095  maxlinkdim=189 maxerr=1.88E-07 time=2.491
Same mu: -2.646322358155542 and continuing
Target density achieved with mu=-2.646322358155542, n=0.5000028
Checking {alpha,beta} vs measured
Alpha not converged.
NOT CONVERGED; updating alpha, beta and continuing...
After sweep 1 energy=-4.7880955  maxlinkdim=16 maxerr=2.93E-07 time=0.546
After sweep 2 energy=-5.8032994  maxlinkdim=176 maxerr=1.81E-08 time=1.275
After sweep 3 energy=-5.9138274  maxlinkdim=190 maxerr=1.54E-09 time=2.077
After sweep 4 energy=-5.9805355  maxlinkdim=188 maxerr=9.31E-08 time=2.103
After sweep 5 energy=-6.032304  maxlinkdim=228 maxerr=1.43E-08 time=2.016
After sweep 6 energy=-6.0682387  maxlinkdim=163 maxerr=3.65E-08 time=1.875
After sweep 7 energy=-6.0977745  maxlinkdim=265 maxerr=5.21E-08 time=1.800
After sweep 8 energy=-6.1197267  maxlinkdim=233 maxerr=1.97E-09 time=1.869
After sweep 9 energy=-6.134346  maxlinkdim=171 maxerr=8.87E-10 time=1.820
After sweep 10 energy=-6.1447945  maxlinkdim=166 maxerr=7.64E-08 time=1.753
After sweep 11 energy=-6.1528463  maxlinkdim=195 maxerr=1.86E-07 time=1.832
After sweep 12 energy=-6.1579924  maxlinkdim=176 maxerr=1.57E-09 time=1.828
After sweep 13 energy=-6.1613274  maxlinkdim=230 maxerr=4.54E-08 time=1.842
After sweep 14 energy=-6.163587  maxlinkdim=202 maxerr=6.50E-10 time=1.885
After sweep 15 energy=-6.1653748  maxlinkdim=207 maxerr=6.55E-08 time=1.983
After sweep 16 energy=-6.1660748  maxlinkdim=184 maxerr=1.32E-09 time=2.067
After sweep 17 energy=-6.166299  maxlinkdim=194 maxerr=6.36E-10 time=2.092
After sweep 18 energy=-6.166386  maxlinkdim=184 maxerr=2.07E-10 time=2.184
After sweep 19 energy=-6.1664248  maxlinkdim=188 maxerr=1.06E-07 time=2.295
After sweep 20 energy=-6.166438  maxlinkdim=191 maxerr=1.00E-10 time=2.409
After sweep 21 energy=-6.1663966  maxlinkdim=189 maxerr=1.49E-08 time=2.503
After sweep 22 energy=-6.1664147  maxlinkdim=188 maxerr=1.87E-09 time=2.499
After sweep 23 energy=-6.1664133  maxlinkdim=183 maxerr=1.80E-09 time=2.489
After sweep 24 energy=-6.166383  maxlinkdim=186 maxerr=7.38E-08 time=2.491
After sweep 25 energy=-6.1664124  maxlinkdim=187 maxerr=1.20E-07 time=2.486
After sweep 26 energy=-6.1663623  maxlinkdim=190 maxerr=9.40E-10 time=2.483
After sweep 27 energy=-6.166395  maxlinkdim=188 maxerr=1.86E-09 time=2.493
After sweep 28 energy=-6.166425  maxlinkdim=186 maxerr=1.53E-07 time=2.496
After sweep 29 energy=-6.1664133  maxlinkdim=185 maxerr=2.13E-07 time=2.500
After sweep 30 energy=-6.1663885  maxlinkdim=184 maxerr=9.81E-08 time=2.494
Same mu: -2.646322358155542 and continuing
Target density achieved with mu=-2.646322358155542, n=0.50000256
Checking {alpha,beta} vs measured
Alpha not converged.
NOT CONVERGED; updating alpha, beta and continuing...
After sweep 1 energy=-4.7880425  maxlinkdim=16 maxerr=3.97E-07 time=0.547
After sweep 2 energy=-5.808898  maxlinkdim=193 maxerr=1.07E-07 time=1.210
After sweep 3 energy=-5.9150434  maxlinkdim=194 maxerr=8.54E-08 time=2.121
After sweep 4 energy=-5.981036  maxlinkdim=192 maxerr=1.22E-09 time=2.078
After sweep 5 energy=-6.0304875  maxlinkdim=193 maxerr=1.93E-09 time=1.945
After sweep 6 energy=-6.0684404  maxlinkdim=215 maxerr=2.05E-09 time=1.859
After sweep 7 energy=-6.099986  maxlinkdim=237 maxerr=2.40E-08 time=1.976
After sweep 8 energy=-6.1214433  maxlinkdim=220 maxerr=3.75E-08 time=1.932
After sweep 9 energy=-6.1355433  maxlinkdim=177 maxerr=3.01E-07 time=1.874
After sweep 10 energy=-6.1466603  maxlinkdim=207 maxerr=1.05E-08 time=1.885
After sweep 11 energy=-6.1546445  maxlinkdim=190 maxerr=1.03E-08 time=1.950
After sweep 12 energy=-6.1593685  maxlinkdim=179 maxerr=1.69E-08 time=1.903
After sweep 13 energy=-6.162313  maxlinkdim=227 maxerr=2.35E-10 time=1.909
After sweep 14 energy=-6.1641035  maxlinkdim=215 maxerr=9.31E-10 time=1.927
After sweep 15 energy=-6.1652727  maxlinkdim=218 maxerr=8.31E-08 time=1.991
After sweep 16 energy=-6.1659946  maxlinkdim=197 maxerr=7.49E-09 time=2.121
After sweep 17 energy=-6.166309  maxlinkdim=187 maxerr=1.97E-08 time=2.187
After sweep 18 energy=-6.1663823  maxlinkdim=203 maxerr=7.40E-08 time=2.213
After sweep 19 energy=-6.166436  maxlinkdim=188 maxerr=1.43E-07 time=2.319
After sweep 20 energy=-6.166423  maxlinkdim=190 maxerr=7.67E-10 time=2.430
After sweep 21 energy=-6.1664  maxlinkdim=188 maxerr=2.84E-08 time=2.492
After sweep 22 energy=-6.1663923  maxlinkdim=184 maxerr=9.12E-08 time=2.483
After sweep 23 energy=-6.1663733  maxlinkdim=183 maxerr=8.95E-08 time=2.470
After sweep 24 energy=-6.166393  maxlinkdim=187 maxerr=9.99E-11 time=2.489
After sweep 25 energy=-6.1664205  maxlinkdim=187 maxerr=9.74E-10 time=2.488
After sweep 26 energy=-6.1663976  maxlinkdim=186 maxerr=1.00E-10 time=2.472
After sweep 27 energy=-6.166394  maxlinkdim=183 maxerr=4.58E-10 time=2.491
After sweep 28 energy=-6.1664085  maxlinkdim=185 maxerr=3.35E-08 time=2.484
After sweep 29 energy=-6.1663847  maxlinkdim=188 maxerr=3.85E-09 time=2.497
After sweep 30 energy=-6.1664305  maxlinkdim=185 maxerr=2.32E-07 time=2.485
Same mu: -2.646322358155542 and continuing
Target density achieved with mu=-2.646322358155542, n=0.5000047
Checking {alpha,beta} vs measured
Alpha not converged.
NOT CONVERGED; updating alpha, beta and continuing...
After sweep 1 energy=-4.783635  maxlinkdim=16 maxerr=3.26E-07 time=0.562
After sweep 2 energy=-5.80394  maxlinkdim=171 maxerr=2.01E-08 time=1.188
After sweep 3 energy=-5.913734  maxlinkdim=193 maxerr=1.38E-09 time=2.127
After sweep 4 energy=-5.9808903  maxlinkdim=200 maxerr=7.89E-09 time=2.095
After sweep 5 energy=-6.0306973  maxlinkdim=200 maxerr=1.41E-07 time=2.023
After sweep 6 energy=-6.066855  maxlinkdim=188 maxerr=5.92E-08 time=1.922
After sweep 7 energy=-6.0968804  maxlinkdim=217 maxerr=7.78E-10 time=1.852
After sweep 8 energy=-6.1201344  maxlinkdim=229 maxerr=1.06E-09 time=1.861
After sweep 9 energy=-6.134359  maxlinkdim=169 maxerr=9.74E-08 time=1.867
After sweep 10 energy=-6.1451416  maxlinkdim=211 maxerr=1.18E-07 time=1.806
After sweep 11 energy=-6.153719  maxlinkdim=182 maxerr=8.40E-10 time=1.888
After sweep 12 energy=-6.1589413  maxlinkdim=168 maxerr=1.17E-09 time=1.888
After sweep 13 energy=-6.1620646  maxlinkdim=165 maxerr=2.35E-08 time=1.821
After sweep 14 energy=-6.164124  maxlinkdim=186 maxerr=1.98E-08 time=1.858
After sweep 15 energy=-6.1652665  maxlinkdim=175 maxerr=1.65E-08 time=1.936
After sweep 16 energy=-6.165945  maxlinkdim=213 maxerr=1.10E-09 time=1.991
After sweep 17 energy=-6.1662464  maxlinkdim=183 maxerr=1.75E-07 time=2.101
After sweep 18 energy=-6.166383  maxlinkdim=196 maxerr=1.00E-10 time=2.162
After sweep 19 energy=-6.166416  maxlinkdim=190 maxerr=9.70E-09 time=2.298
After sweep 20 energy=-6.166452  maxlinkdim=193 maxerr=1.44E-09 time=2.406
After sweep 21 energy=-6.166397  maxlinkdim=189 maxerr=1.76E-07 time=2.487
After sweep 22 energy=-6.166398  maxlinkdim=185 maxerr=5.32E-08 time=2.496
After sweep 23 energy=-6.166394  maxlinkdim=185 maxerr=4.45E-10 time=2.480
After sweep 24 energy=-6.1663857  maxlinkdim=188 maxerr=1.32E-07 time=2.490
After sweep 25 energy=-6.166418  maxlinkdim=183 maxerr=9.04E-10 time=2.488
After sweep 26 energy=-6.166421  maxlinkdim=185 maxerr=6.13E-08 time=2.491
After sweep 27 energy=-6.1663885  maxlinkdim=183 maxerr=6.89E-08 time=2.489
After sweep 28 energy=-6.1664143  maxlinkdim=187 maxerr=1.00E-10 time=2.508
After sweep 29 energy=-6.166394  maxlinkdim=185 maxerr=2.03E-09 time=2.499
After sweep 30 energy=-6.1663857  maxlinkdim=183 maxerr=2.30E-07 time=2.490
Same mu: -2.646322358155542 and continuing
Target density achieved with mu=-2.646322358155542, n=0.5000031
Checking {alpha,beta} vs measured
Alpha not converged.
NOT CONVERGED; updating alpha, beta and continuing...
After sweep 1 energy=-4.784569  maxlinkdim=16 maxerr=2.06E-07 time=0.551
After sweep 2 energy=-5.800452  maxlinkdim=183 maxerr=3.01E-08 time=1.281
After sweep 3 energy=-5.910771  maxlinkdim=203 maxerr=1.12E-07 time=2.066
After sweep 4 energy=-5.9784255  maxlinkdim=204 maxerr=4.39E-09 time=2.178
After sweep 5 energy=-6.027876  maxlinkdim=207 maxerr=5.45E-10 time=2.077
After sweep 6 energy=-6.0635448  maxlinkdim=171 maxerr=3.41E-08 time=1.912
After sweep 7 energy=-6.0935297  maxlinkdim=248 maxerr=8.46E-08 time=1.852
After sweep 8 energy=-6.1170683  maxlinkdim=255 maxerr=5.31E-08 time=1.895
After sweep 9 energy=-6.133173  maxlinkdim=166 maxerr=8.92E-08 time=1.880
After sweep 10 energy=-6.1439967  maxlinkdim=168 maxerr=5.94E-08 time=1.767
After sweep 11 energy=-6.1518836  maxlinkdim=180 maxerr=2.76E-08 time=1.791
After sweep 12 energy=-6.1577487  maxlinkdim=173 maxerr=1.37E-09 time=1.827
After sweep 13 energy=-6.1626377  maxlinkdim=188 maxerr=1.96E-07 time=1.973
After sweep 14 energy=-6.164464  maxlinkdim=174 maxerr=4.86E-10 time=1.947
After sweep 15 energy=-6.1654553  maxlinkdim=195 maxerr=1.82E-07 time=1.964
After sweep 16 energy=-6.166182  maxlinkdim=191 maxerr=1.37E-07 time=2.049
After sweep 17 energy=-6.1663866  maxlinkdim=182 maxerr=1.30E-08 time=2.160
After sweep 18 energy=-6.166468  maxlinkdim=188 maxerr=1.06E-07 time=2.235
After sweep 19 energy=-6.166415  maxlinkdim=189 maxerr=8.38E-10 time=2.346
After sweep 20 energy=-6.16641  maxlinkdim=189 maxerr=1.44E-09 time=2.472
After sweep 21 energy=-6.1664023  maxlinkdim=185 maxerr=1.00E-10 time=2.504
After sweep 22 energy=-6.166427  maxlinkdim=187 maxerr=1.35E-10 time=2.482
After sweep 23 energy=-6.1663947  maxlinkdim=185 maxerr=1.51E-07 time=2.489
After sweep 24 energy=-6.1663933  maxlinkdim=188 maxerr=1.47E-07 time=2.494
After sweep 25 energy=-6.166378  maxlinkdim=185 maxerr=8.67E-09 time=2.480
After sweep 26 energy=-6.1664143  maxlinkdim=187 maxerr=1.15E-07 time=2.504
After sweep 27 energy=-6.1664033  maxlinkdim=185 maxerr=2.72E-08 time=2.493
After sweep 28 energy=-6.166399  maxlinkdim=186 maxerr=2.09E-07 time=2.482
After sweep 29 energy=-6.166399  maxlinkdim=183 maxerr=4.44E-08 time=2.496
After sweep 30 energy=-6.1664667  maxlinkdim=185 maxerr=2.09E-07 time=2.516
Not same mu, searching again
After sweep 1 energy=-4.288477  maxlinkdim=16 maxerr=3.05E-07 time=0.563
After sweep 2 energy=-5.309189  maxlinkdim=184 maxerr=1.49E-08 time=1.229
After sweep 3 energy=-5.4218206  maxlinkdim=216 maxerr=9.43E-08 time=2.211
After sweep 4 energy=-5.4875073  maxlinkdim=203 maxerr=1.31E-07 time=2.212
After sweep 5 energy=-5.539359  maxlinkdim=198 maxerr=2.66E-09 time=2.095
After sweep 6 energy=-5.5761733  maxlinkdim=179 maxerr=9.42E-09 time=1.913
After sweep 7 energy=-5.605817  maxlinkdim=225 maxerr=8.36E-09 time=1.893
After sweep 8 energy=-5.6284766  maxlinkdim=222 maxerr=1.85E-07 time=1.917
After sweep 9 energy=-5.6430836  maxlinkdim=177 maxerr=5.69E-08 time=1.892
After sweep 10 energy=-5.653393  maxlinkdim=207 maxerr=1.57E-09 time=1.839
After sweep 11 energy=-5.661112  maxlinkdim=212 maxerr=5.39E-08 time=1.887
After sweep 12 energy=-5.6659083  maxlinkdim=189 maxerr=1.39E-07 time=1.850
After sweep 13 energy=-5.66885  maxlinkdim=162 maxerr=7.72E-08 time=1.815
After sweep 14 energy=-5.6706295  maxlinkdim=169 maxerr=1.33E-09 time=1.846
After sweep 15 energy=-5.671753  maxlinkdim=209 maxerr=8.32E-10 time=2.273
After sweep 16 energy=-5.672343  maxlinkdim=187 maxerr=8.59E-08 time=1.976
After sweep 17 energy=-5.6726656  maxlinkdim=194 maxerr=1.46E-09 time=2.048
After sweep 18 energy=-5.672828  maxlinkdim=196 maxerr=3.45E-10 time=2.135
After sweep 19 energy=-5.6728473  maxlinkdim=187 maxerr=2.01E-07 time=2.257
After sweep 20 energy=-5.6728935  maxlinkdim=193 maxerr=5.17E-09 time=2.344
After sweep 21 energy=-5.6728354  maxlinkdim=180 maxerr=1.21E-07 time=2.407
After sweep 22 energy=-5.672855  maxlinkdim=182 maxerr=2.67E-07 time=2.398
After sweep 23 energy=-5.672845  maxlinkdim=182 maxerr=1.60E-07 time=2.398
After sweep 24 energy=-5.672864  maxlinkdim=182 maxerr=8.51E-08 time=2.404
After sweep 25 energy=-5.672828  maxlinkdim=182 maxerr=8.13E-10 time=2.408
After sweep 26 energy=-5.672862  maxlinkdim=180 maxerr=1.72E-07 time=2.397
After sweep 27 energy=-5.672824  maxlinkdim=179 maxerr=1.82E-07 time=2.402
After sweep 28 energy=-5.672827  maxlinkdim=178 maxerr=1.60E-09 time=2.408
After sweep 29 energy=-5.6728196  maxlinkdim=181 maxerr=1.24E-09 time=2.392
After sweep 30 energy=-5.6728435  maxlinkdim=181 maxerr=1.43E-07 time=2.410
n0: 0.48706317; n1: 0.50000566; mu0: -2.656322358155542; mu1: -2.646322358155542

Range found between mu0: -2.656322358155542 (n0: 0.48706317) and mu1: -2.646322358155542 (n1: 0.50000566); refining...
n0: 0.48706317; n1: 0.50000566; mu0: -2.656322358155542; mu1: -2.646322358155542
Trying secant step...
After sweep 1 energy=-4.7774973  maxlinkdim=16 maxerr=3.77E-07 time=0.544
After sweep 2 energy=-5.8083544  maxlinkdim=180 maxerr=1.26E-07 time=1.263
After sweep 3 energy=-5.9184394  maxlinkdim=198 maxerr=5.58E-08 time=2.160
After sweep 4 energy=-5.9856014  maxlinkdim=198 maxerr=1.82E-08 time=2.209
After sweep 5 energy=-6.036088  maxlinkdim=224 maxerr=4.30E-08 time=2.140
After sweep 6 energy=-6.071425  maxlinkdim=187 maxerr=2.57E-07 time=2.014
After sweep 7 energy=-6.0991163  maxlinkdim=182 maxerr=4.58E-08 time=1.876
After sweep 8 energy=-6.1202345  maxlinkdim=214 maxerr=3.56E-07 time=1.840
After sweep 9 energy=-6.134967  maxlinkdim=170 maxerr=6.09E-10 time=1.848
After sweep 10 energy=-6.145401  maxlinkdim=217 maxerr=8.39E-08 time=1.845
After sweep 11 energy=-6.1538177  maxlinkdim=237 maxerr=9.43E-08 time=1.936
After sweep 12 energy=-6.161024  maxlinkdim=213 maxerr=1.50E-07 time=2.087
After sweep 13 energy=-6.163494  maxlinkdim=190 maxerr=3.42E-07 time=2.028
After sweep 14 energy=-6.164794  maxlinkdim=173 maxerr=1.22E-09 time=1.937
After sweep 15 energy=-6.1656404  maxlinkdim=184 maxerr=6.34E-10 time=1.983
After sweep 16 energy=-6.166049  maxlinkdim=207 maxerr=8.98E-08 time=2.065
After sweep 17 energy=-6.166153  maxlinkdim=188 maxerr=1.50E-07 time=2.124
After sweep 18 energy=-6.1662064  maxlinkdim=192 maxerr=5.44E-08 time=2.255
After sweep 19 energy=-6.166206  maxlinkdim=188 maxerr=1.00E-10 time=2.410
After sweep 20 energy=-6.1662107  maxlinkdim=185 maxerr=1.35E-09 time=2.497
After sweep 21 energy=-6.1662  maxlinkdim=184 maxerr=1.03E-08 time=2.512
After sweep 22 energy=-6.1661644  maxlinkdim=185 maxerr=3.76E-08 time=2.509
After sweep 23 energy=-6.1661854  maxlinkdim=186 maxerr=4.55E-08 time=2.512
After sweep 24 energy=-6.16616  maxlinkdim=186 maxerr=1.20E-09 time=2.516
After sweep 25 energy=-6.1661844  maxlinkdim=189 maxerr=2.01E-07 time=2.500
After sweep 26 energy=-6.1661854  maxlinkdim=187 maxerr=4.33E-08 time=2.500
After sweep 27 energy=-6.1661615  maxlinkdim=186 maxerr=1.09E-07 time=2.497
After sweep 28 energy=-6.166196  maxlinkdim=184 maxerr=1.62E-07 time=2.492
After sweep 29 energy=-6.1661596  maxlinkdim=186 maxerr=1.82E-07 time=2.488
After sweep 30 energy=-6.1661677  maxlinkdim=186 maxerr=3.23E-10 time=2.486
FOUND MU (secant); mu: -2.6463267332332574  n: 0.4999976
Target density achieved with mu=-2.6463267332332574, n=0.4999976
Checking {alpha,beta} vs measured
Alpha not converged.
NOT CONVERGED; updating alpha, beta and continuing...
After sweep 1 energy=-4.7863164  maxlinkdim=16 maxerr=2.69E-07 time=0.544
After sweep 2 energy=-5.8103247  maxlinkdim=177 maxerr=1.61E-08 time=1.261
After sweep 3 energy=-5.918109  maxlinkdim=195 maxerr=1.72E-09 time=2.138
After sweep 4 energy=-5.9854455  maxlinkdim=219 maxerr=1.07E-09 time=2.181
After sweep 5 energy=-6.0354614  maxlinkdim=215 maxerr=2.97E-09 time=2.074
After sweep 6 energy=-6.071073  maxlinkdim=180 maxerr=7.21E-10 time=1.901
After sweep 7 energy=-6.100438  maxlinkdim=212 maxerr=2.57E-07 time=1.905
After sweep 8 energy=-6.1210985  maxlinkdim=184 maxerr=3.65E-09 time=1.878
After sweep 9 energy=-6.135864  maxlinkdim=209 maxerr=9.61E-08 time=1.817
After sweep 10 energy=-6.146242  maxlinkdim=200 maxerr=2.72E-08 time=1.829
After sweep 11 energy=-6.1537504  maxlinkdim=214 maxerr=1.09E-07 time=1.848
After sweep 12 energy=-6.1591573  maxlinkdim=204 maxerr=1.00E-10 time=1.888
After sweep 13 energy=-6.1623125  maxlinkdim=246 maxerr=2.12E-08 time=1.944
After sweep 14 energy=-6.1641283  maxlinkdim=217 maxerr=1.06E-09 time=1.945
After sweep 15 energy=-6.1655893  maxlinkdim=200 maxerr=7.18E-08 time=2.055
After sweep 16 energy=-6.1660156  maxlinkdim=173 maxerr=5.85E-10 time=2.140
After sweep 17 energy=-6.1661634  maxlinkdim=186 maxerr=7.97E-10 time=2.121
After sweep 18 energy=-6.166198  maxlinkdim=199 maxerr=1.03E-07 time=2.256
After sweep 19 energy=-6.1662083  maxlinkdim=192 maxerr=5.35E-10 time=2.384
After sweep 20 energy=-6.166172  maxlinkdim=190 maxerr=1.74E-09 time=2.491
After sweep 21 energy=-6.166196  maxlinkdim=185 maxerr=8.27E-09 time=2.501
After sweep 22 energy=-6.16618  maxlinkdim=185 maxerr=1.61E-08 time=2.483
After sweep 23 energy=-6.166193  maxlinkdim=187 maxerr=9.98E-11 time=2.494
After sweep 24 energy=-6.1661634  maxlinkdim=188 maxerr=1.98E-08 time=2.491
After sweep 25 energy=-6.166153  maxlinkdim=186 maxerr=2.86E-07 time=2.489
After sweep 26 energy=-6.166155  maxlinkdim=186 maxerr=9.99E-11 time=2.504
After sweep 27 energy=-6.1661615  maxlinkdim=183 maxerr=1.70E-10 time=2.492
After sweep 28 energy=-6.1662216  maxlinkdim=187 maxerr=1.09E-07 time=2.496
After sweep 29 energy=-6.16619  maxlinkdim=185 maxerr=6.17E-10 time=2.497
After sweep 30 energy=-6.1661844  maxlinkdim=187 maxerr=2.55E-08 time=2.502
Same mu: -2.6463267332332574 and continuing
Target density achieved with mu=-2.6463267332332574, n=0.49999657
Checking {alpha,beta} vs measured
Alpha not converged.
NOT CONVERGED; updating alpha, beta and continuing...
After sweep 1 energy=-4.787615  maxlinkdim=16 maxerr=2.29E-07 time=0.553
After sweep 2 energy=-5.8026085  maxlinkdim=179 maxerr=9.34E-08 time=1.217
After sweep 3 energy=-5.913025  maxlinkdim=227 maxerr=1.60E-09 time=2.209
After sweep 4 energy=-5.9780555  maxlinkdim=203 maxerr=6.98E-08 time=2.194
After sweep 5 energy=-6.027762  maxlinkdim=197 maxerr=1.03E-07 time=2.062
After sweep 6 energy=-6.0653453  maxlinkdim=169 maxerr=2.83E-08 time=1.900
After sweep 7 energy=-6.095372  maxlinkdim=210 maxerr=1.00E-07 time=1.812
After sweep 8 energy=-6.1192613  maxlinkdim=258 maxerr=1.05E-07 time=1.956
After sweep 9 energy=-6.1337895  maxlinkdim=203 maxerr=7.03E-08 time=1.957
After sweep 10 energy=-6.144628  maxlinkdim=212 maxerr=2.71E-08 time=1.843
After sweep 11 energy=-6.1526146  maxlinkdim=197 maxerr=1.01E-09 time=1.847
After sweep 12 energy=-6.159654  maxlinkdim=213 maxerr=3.45E-08 time=1.979
After sweep 13 energy=-6.162933  maxlinkdim=223 maxerr=2.33E-08 time=2.018
After sweep 14 energy=-6.1645527  maxlinkdim=178 maxerr=1.00E-10 time=1.966
After sweep 15 energy=-6.165578  maxlinkdim=193 maxerr=2.49E-07 time=2.014
After sweep 16 energy=-6.166068  maxlinkdim=189 maxerr=1.04E-07 time=2.141
After sweep 17 energy=-6.166193  maxlinkdim=192 maxerr=3.03E-10 time=2.167
After sweep 18 energy=-6.166223  maxlinkdim=193 maxerr=1.37E-07 time=2.323
After sweep 19 energy=-6.1662045  maxlinkdim=198 maxerr=8.18E-10 time=2.446
After sweep 20 energy=-6.166161  maxlinkdim=186 maxerr=1.00E-10 time=2.514
After sweep 21 energy=-6.166182  maxlinkdim=185 maxerr=2.12E-08 time=2.486
After sweep 22 energy=-6.166193  maxlinkdim=187 maxerr=1.49E-07 time=2.495
After sweep 23 energy=-6.1661677  maxlinkdim=185 maxerr=1.26E-07 time=2.487
After sweep 24 energy=-6.1661444  maxlinkdim=183 maxerr=1.66E-07 time=2.489
After sweep 25 energy=-6.166171  maxlinkdim=186 maxerr=9.99E-11 time=2.583
After sweep 26 energy=-6.1661596  maxlinkdim=183 maxerr=1.55E-07 time=2.765
After sweep 27 energy=-6.1661806  maxlinkdim=185 maxerr=1.95E-09 time=2.474
After sweep 28 energy=-6.1662016  maxlinkdim=185 maxerr=5.19E-08 time=2.485
After sweep 29 energy=-6.1661663  maxlinkdim=187 maxerr=1.26E-08 time=2.505
After sweep 30 energy=-6.1662116  maxlinkdim=188 maxerr=3.49E-10 time=2.487
Same mu: -2.6463267332332574 and continuing
Target density achieved with mu=-2.6463267332332574, n=0.49999928
Checking {alpha,beta} vs measured
Alpha not converged.
NOT CONVERGED; updating alpha, beta and continuing...
After sweep 1 energy=-4.7882113  maxlinkdim=16 maxerr=2.37E-07 time=0.545
After sweep 2 energy=-5.8165154  maxlinkdim=176 maxerr=3.37E-08 time=1.280
After sweep 3 energy=-5.924408  maxlinkdim=206 maxerr=2.23E-08 time=2.189
After sweep 4 energy=-5.988963  maxlinkdim=203 maxerr=1.65E-08 time=2.257
After sweep 5 energy=-6.036792  maxlinkdim=200 maxerr=3.55E-08 time=2.104
After sweep 6 energy=-6.072822  maxlinkdim=171 maxerr=1.23E-07 time=1.993
After sweep 7 energy=-6.1008725  maxlinkdim=235 maxerr=1.64E-07 time=1.917
After sweep 8 energy=-6.1204615  maxlinkdim=219 maxerr=5.14E-08 time=1.945
After sweep 9 energy=-6.134579  maxlinkdim=214 maxerr=7.98E-10 time=1.854
After sweep 10 energy=-6.1449227  maxlinkdim=246 maxerr=1.59E-07 time=1.832
After sweep 11 energy=-6.152707  maxlinkdim=249 maxerr=1.31E-07 time=1.848
After sweep 12 energy=-6.158076  maxlinkdim=181 maxerr=3.87E-08 time=1.870
After sweep 13 energy=-6.1614127  maxlinkdim=163 maxerr=1.49E-09 time=1.860
After sweep 14 energy=-6.16349  maxlinkdim=224 maxerr=1.40E-07 time=1.866
After sweep 15 energy=-6.164742  maxlinkdim=182 maxerr=2.37E-08 time=1.944
After sweep 16 energy=-6.1655188  maxlinkdim=183 maxerr=1.75E-09 time=1.981
After sweep 17 energy=-6.166013  maxlinkdim=205 maxerr=2.81E-08 time=2.122
After sweep 18 energy=-6.1661577  maxlinkdim=190 maxerr=5.86E-08 time=2.167
After sweep 19 energy=-6.1661973  maxlinkdim=188 maxerr=9.36E-10 time=2.274
After sweep 20 energy=-6.1661973  maxlinkdim=191 maxerr=1.00E-10 time=2.430
After sweep 21 energy=-6.166211  maxlinkdim=188 maxerr=1.18E-07 time=2.495
After sweep 22 energy=-6.1661353  maxlinkdim=185 maxerr=5.71E-08 time=2.507
After sweep 23 energy=-6.16615  maxlinkdim=184 maxerr=6.29E-10 time=2.478
After sweep 24 energy=-6.166189  maxlinkdim=185 maxerr=8.11E-10 time=2.498
After sweep 25 energy=-6.166186  maxlinkdim=186 maxerr=9.09E-08 time=2.490
After sweep 26 energy=-6.1662188  maxlinkdim=189 maxerr=1.53E-07 time=2.501
After sweep 27 energy=-6.166177  maxlinkdim=190 maxerr=1.46E-07 time=2.487
After sweep 28 energy=-6.166188  maxlinkdim=185 maxerr=2.65E-09 time=2.495
After sweep 29 energy=-6.1662016  maxlinkdim=188 maxerr=1.00E-10 time=2.505
After sweep 30 energy=-6.16619  maxlinkdim=185 maxerr=9.99E-11 time=2.491
Same mu: -2.6463267332332574 and continuing
Target density achieved with mu=-2.6463267332332574, n=0.49999672
Checking {alpha,beta} vs measured
Alpha not converged.
NOT CONVERGED; updating alpha, beta and continuing...
After sweep 1 energy=-4.790778  maxlinkdim=16 maxerr=3.12E-07 time=0.547
After sweep 2 energy=-5.8076773  maxlinkdim=179 maxerr=1.38E-08 time=1.274
After sweep 3 energy=-5.9176483  maxlinkdim=210 maxerr=2.03E-09 time=2.134
After sweep 4 energy=-5.9814544  maxlinkdim=215 maxerr=6.94E-08 time=2.215
After sweep 5 energy=-6.029603  maxlinkdim=220 maxerr=2.47E-09 time=2.073
After sweep 6 energy=-6.065231  maxlinkdim=217 maxerr=3.93E-09 time=1.869
After sweep 7 energy=-6.094359  maxlinkdim=242 maxerr=1.20E-09 time=1.842
After sweep 8 energy=-6.117231  maxlinkdim=229 maxerr=4.19E-08 time=1.951
After sweep 9 energy=-6.132578  maxlinkdim=198 maxerr=1.67E-09 time=1.966
After sweep 10 energy=-6.143608  maxlinkdim=182 maxerr=1.02E-09 time=1.867
After sweep 11 energy=-6.1525044  maxlinkdim=190 maxerr=8.10E-08 time=1.889
After sweep 12 energy=-6.1579947  maxlinkdim=174 maxerr=1.43E-08 time=1.886
After sweep 13 energy=-6.1618066  maxlinkdim=228 maxerr=1.29E-09 time=1.924
After sweep 14 energy=-6.164096  maxlinkdim=196 maxerr=1.85E-08 time=2.015
After sweep 15 energy=-6.1651464  maxlinkdim=192 maxerr=4.94E-08 time=1.992
After sweep 16 energy=-6.165737  maxlinkdim=203 maxerr=1.00E-10 time=2.072
After sweep 17 energy=-6.166071  maxlinkdim=188 maxerr=2.78E-09 time=2.167
After sweep 18 energy=-6.1661806  maxlinkdim=191 maxerr=1.00E-10 time=2.248
After sweep 19 energy=-6.1662216  maxlinkdim=193 maxerr=1.44E-10 time=2.300
After sweep 20 energy=-6.1662226  maxlinkdim=192 maxerr=1.16E-09 time=2.384
After sweep 21 energy=-6.1661816  maxlinkdim=188 maxerr=9.41E-10 time=2.470
After sweep 22 energy=-6.166196  maxlinkdim=185 maxerr=1.34E-08 time=2.503
After sweep 23 energy=-6.1662  maxlinkdim=186 maxerr=1.74E-08 time=2.488
After sweep 24 energy=-6.1661663  maxlinkdim=185 maxerr=8.01E-08 time=2.495
After sweep 25 energy=-6.1661754  maxlinkdim=185 maxerr=3.48E-08 time=2.489
After sweep 26 energy=-6.1661663  maxlinkdim=184 maxerr=1.48E-09 time=2.493
After sweep 27 energy=-6.1661944  maxlinkdim=185 maxerr=9.06E-10 time=2.484
After sweep 28 energy=-6.1661763  maxlinkdim=184 maxerr=8.68E-08 time=2.488
After sweep 29 energy=-6.166175  maxlinkdim=187 maxerr=1.62E-08 time=2.481
After sweep 30 energy=-6.16619  maxlinkdim=189 maxerr=1.74E-09 time=2.500
Same mu: -2.6463267332332574 and continuing
Target density achieved with mu=-2.6463267332332574, n=0.49999782
Checking {alpha,beta} vs measured
Alpha not converged.
NOT CONVERGED; updating alpha, beta and continuing...
After sweep 1 energy=-4.785323  maxlinkdim=16 maxerr=1.60E-07 time=0.552
After sweep 2 energy=-5.8060775  maxlinkdim=177 maxerr=8.20E-08 time=1.222
After sweep 3 energy=-5.9138565  maxlinkdim=195 maxerr=9.04E-08 time=2.177
After sweep 4 energy=-5.9795957  maxlinkdim=201 maxerr=2.84E-09 time=2.164
After sweep 5 energy=-6.0275545  maxlinkdim=183 maxerr=1.27E-08 time=1.959
After sweep 6 energy=-6.063213  maxlinkdim=176 maxerr=4.41E-08 time=1.820
After sweep 7 energy=-6.0922184  maxlinkdim=236 maxerr=1.16E-08 time=1.778
After sweep 8 energy=-6.1165676  maxlinkdim=238 maxerr=3.48E-09 time=1.821
After sweep 9 energy=-6.132705  maxlinkdim=205 maxerr=5.24E-09 time=1.877
After sweep 10 energy=-6.144404  maxlinkdim=218 maxerr=8.43E-08 time=1.846
After sweep 11 energy=-6.153061  maxlinkdim=223 maxerr=1.17E-07 time=1.934
After sweep 12 energy=-6.1583896  maxlinkdim=193 maxerr=1.00E-10 time=1.941
After sweep 13 energy=-6.161661  maxlinkdim=222 maxerr=5.31E-08 time=1.958
After sweep 14 energy=-6.163843  maxlinkdim=197 maxerr=3.08E-08 time=1.974
After sweep 15 energy=-6.1654654  maxlinkdim=204 maxerr=9.99E-11 time=2.105
After sweep 16 energy=-6.165984  maxlinkdim=189 maxerr=2.41E-08 time=2.164
After sweep 17 energy=-6.1661654  maxlinkdim=193 maxerr=1.02E-09 time=2.200
After sweep 18 energy=-6.1662073  maxlinkdim=196 maxerr=9.57E-08 time=2.253
After sweep 19 energy=-6.1662107  maxlinkdim=190 maxerr=9.87E-10 time=2.403
After sweep 20 energy=-6.166176  maxlinkdim=191 maxerr=1.13E-09 time=2.484
After sweep 21 energy=-6.166169  maxlinkdim=187 maxerr=5.25E-09 time=2.494
After sweep 22 energy=-6.166166  maxlinkdim=187 maxerr=9.99E-11 time=2.480
After sweep 23 energy=-6.1661725  maxlinkdim=191 maxerr=1.69E-07 time=2.505
After sweep 24 energy=-6.1661654  maxlinkdim=184 maxerr=8.67E-10 time=2.488
After sweep 25 energy=-6.166188  maxlinkdim=185 maxerr=5.88E-10 time=2.506
After sweep 26 energy=-6.1661806  maxlinkdim=187 maxerr=1.26E-07 time=2.482
After sweep 27 energy=-6.166171  maxlinkdim=186 maxerr=9.64E-10 time=2.481
After sweep 28 energy=-6.1661644  maxlinkdim=184 maxerr=1.25E-08 time=2.495
After sweep 29 energy=-6.166195  maxlinkdim=186 maxerr=9.14E-10 time=2.490
After sweep 30 energy=-6.1661882  maxlinkdim=186 maxerr=3.90E-10 time=2.499
Same mu: -2.6463267332332574 and continuing
Target density achieved with mu=-2.6463267332332574, n=0.49999717
Checking {alpha,beta} vs measured
Alpha not converged.
NOT CONVERGED; updating alpha, beta and continuing...
After sweep 1 energy=-4.7963324  maxlinkdim=16 maxerr=1.94E-07 time=0.540
After sweep 2 energy=-5.804676  maxlinkdim=187 maxerr=1.25E-07 time=1.270
After sweep 3 energy=-5.9092884  maxlinkdim=198 maxerr=2.54E-09 time=2.119
After sweep 4 energy=-5.974663  maxlinkdim=199 maxerr=3.42E-08 time=2.088
After sweep 5 energy=-6.024303  maxlinkdim=210 maxerr=1.12E-09 time=1.994
After sweep 6 energy=-6.0634875  maxlinkdim=188 maxerr=1.17E-07 time=1.954
After sweep 7 energy=-6.092935  maxlinkdim=206 maxerr=2.89E-09 time=1.853
After sweep 8 energy=-6.1164794  maxlinkdim=214 maxerr=3.01E-08 time=1.912
After sweep 9 energy=-6.1318626  maxlinkdim=202 maxerr=1.23E-07 time=1.909
After sweep 10 energy=-6.1426897  maxlinkdim=188 maxerr=3.87E-10 time=1.843
After sweep 11 energy=-6.151059  maxlinkdim=224 maxerr=2.33E-07 time=1.817
After sweep 12 energy=-6.157107  maxlinkdim=198 maxerr=4.93E-08 time=1.892
After sweep 13 energy=-6.1610117  maxlinkdim=173 maxerr=1.22E-07 time=1.909
After sweep 14 energy=-6.163203  maxlinkdim=189 maxerr=2.60E-07 time=1.924
After sweep 15 energy=-6.165042  maxlinkdim=190 maxerr=1.58E-10 time=1.984
After sweep 16 energy=-6.1657267  maxlinkdim=178 maxerr=7.36E-10 time=2.067
After sweep 17 energy=-6.1660247  maxlinkdim=185 maxerr=9.99E-11 time=2.098
After sweep 18 energy=-6.1661735  maxlinkdim=207 maxerr=1.05E-09 time=2.197
After sweep 19 energy=-6.1662297  maxlinkdim=194 maxerr=9.98E-10 time=2.306
After sweep 20 energy=-6.1662045  maxlinkdim=191 maxerr=9.38E-10 time=2.436
After sweep 21 energy=-6.1661777  maxlinkdim=190 maxerr=9.99E-11 time=2.516
After sweep 22 energy=-6.1661797  maxlinkdim=189 maxerr=8.04E-08 time=2.505
After sweep 23 energy=-6.1661916  maxlinkdim=186 maxerr=2.62E-07 time=2.498
After sweep 24 energy=-6.1661777  maxlinkdim=185 maxerr=7.64E-10 time=2.504
After sweep 25 energy=-6.16617  maxlinkdim=185 maxerr=3.92E-09 time=2.496
After sweep 26 energy=-6.1661696  maxlinkdim=186 maxerr=1.20E-07 time=2.502
After sweep 27 energy=-6.166148  maxlinkdim=186 maxerr=9.99E-11 time=2.495
After sweep 28 energy=-6.1661863  maxlinkdim=186 maxerr=3.55E-10 time=2.499
After sweep 29 energy=-6.1661763  maxlinkdim=186 maxerr=9.42E-08 time=2.505
After sweep 30 energy=-6.16619  maxlinkdim=186 maxerr=2.17E-09 time=2.519
Same mu: -2.6463267332332574 and continuing
Target density achieved with mu=-2.6463267332332574, n=0.49999812
Checking {alpha,beta} vs measured
Alpha not converged.
NOT CONVERGED; updating alpha, beta and continuing...
After sweep 1 energy=-4.783085  maxlinkdim=16 maxerr=3.52E-07 time=0.534
After sweep 2 energy=-5.8095856  maxlinkdim=179 maxerr=5.30E-08 time=1.263
After sweep 3 energy=-5.9166946  maxlinkdim=199 maxerr=1.52E-09 time=2.103
After sweep 4 energy=-5.9825273  maxlinkdim=209 maxerr=9.08E-10 time=2.128
After sweep 5 energy=-6.032078  maxlinkdim=182 maxerr=1.70E-08 time=2.004
After sweep 6 energy=-6.0665627  maxlinkdim=179 maxerr=2.81E-07 time=1.867
After sweep 7 energy=-6.0962486  maxlinkdim=224 maxerr=1.44E-07 time=1.825
After sweep 8 energy=-6.119264  maxlinkdim=223 maxerr=1.46E-09 time=1.899
After sweep 9 energy=-6.13407  maxlinkdim=171 maxerr=3.15E-08 time=1.872
After sweep 10 energy=-6.1448603  maxlinkdim=218 maxerr=1.76E-07 time=1.831
After sweep 11 energy=-6.153111  maxlinkdim=227 maxerr=1.29E-07 time=1.869
After sweep 12 energy=-6.15835  maxlinkdim=242 maxerr=1.76E-07 time=1.928
After sweep 13 energy=-6.161792  maxlinkdim=184 maxerr=3.18E-08 time=1.933
After sweep 14 energy=-6.163972  maxlinkdim=179 maxerr=2.73E-08 time=1.963
After sweep 15 energy=-6.1650743  maxlinkdim=180 maxerr=5.05E-08 time=1.969
After sweep 16 energy=-6.1657057  maxlinkdim=193 maxerr=6.03E-09 time=1.995
After sweep 17 energy=-6.1660013  maxlinkdim=186 maxerr=2.42E-08 time=2.128
After sweep 18 energy=-6.1661463  maxlinkdim=193 maxerr=1.57E-07 time=2.196
After sweep 19 energy=-6.166198  maxlinkdim=194 maxerr=4.72E-10 time=2.278
After sweep 20 energy=-6.1661816  maxlinkdim=189 maxerr=1.00E-10 time=2.414
After sweep 21 energy=-6.166217  maxlinkdim=185 maxerr=1.57E-07 time=2.502
After sweep 22 energy=-6.1662035  maxlinkdim=186 maxerr=3.18E-10 time=2.513
After sweep 23 energy=-6.166188  maxlinkdim=186 maxerr=1.41E-09 time=2.498
After sweep 24 energy=-6.166204  maxlinkdim=185 maxerr=5.96E-10 time=2.495
After sweep 25 energy=-6.1661897  maxlinkdim=186 maxerr=9.74E-10 time=2.502
After sweep 26 energy=-6.166206  maxlinkdim=185 maxerr=7.61E-09 time=2.500
After sweep 27 energy=-6.1661677  maxlinkdim=190 maxerr=7.99E-09 time=2.506
After sweep 28 energy=-6.1661553  maxlinkdim=187 maxerr=3.04E-08 time=2.506
After sweep 29 energy=-6.166173  maxlinkdim=193 maxerr=1.43E-08 time=2.504
After sweep 30 energy=-6.166204  maxlinkdim=185 maxerr=8.68E-08 time=2.517
Same mu: -2.6463267332332574 and continuing
Target density achieved with mu=-2.6463267332332574, n=0.49999863
Checking {alpha,beta} vs measured
Alpha not converged.
NOT CONVERGED; updating alpha, beta and continuing...
After sweep 1 energy=-4.782732  maxlinkdim=16 maxerr=2.15E-07 time=0.563
After sweep 2 energy=-5.800384  maxlinkdim=173 maxerr=6.22E-08 time=1.219
After sweep 3 energy=-5.9108734  maxlinkdim=177 maxerr=1.27E-07 time=2.147
After sweep 4 energy=-5.979161  maxlinkdim=206 maxerr=1.15E-07 time=2.163
After sweep 5 energy=-6.030853  maxlinkdim=228 maxerr=2.38E-09 time=2.061
After sweep 6 energy=-6.0669193  maxlinkdim=167 maxerr=1.58E-09 time=1.919
After sweep 7 energy=-6.097477  maxlinkdim=253 maxerr=1.08E-09 time=1.984
After sweep 8 energy=-6.118703  maxlinkdim=198 maxerr=1.33E-09 time=1.948
After sweep 9 energy=-6.13351  maxlinkdim=180 maxerr=5.50E-08 time=1.867
After sweep 10 energy=-6.1442876  maxlinkdim=233 maxerr=1.88E-09 time=1.830
After sweep 11 energy=-6.1526237  maxlinkdim=245 maxerr=4.45E-08 time=1.900
After sweep 12 energy=-6.1600957  maxlinkdim=199 maxerr=9.72E-10 time=1.983
After sweep 13 energy=-6.1629496  maxlinkdim=222 maxerr=1.59E-07 time=1.957
After sweep 14 energy=-6.164489  maxlinkdim=172 maxerr=7.89E-10 time=1.925
After sweep 15 energy=-6.1653795  maxlinkdim=173 maxerr=8.04E-10 time=1.959
After sweep 16 energy=-6.1659527  maxlinkdim=199 maxerr=8.45E-08 time=2.029
After sweep 17 energy=-6.1662  maxlinkdim=205 maxerr=9.96E-10 time=2.212
After sweep 18 energy=-6.166222  maxlinkdim=211 maxerr=5.79E-09 time=2.294
After sweep 19 energy=-6.166216  maxlinkdim=189 maxerr=4.58E-08 time=2.409
After sweep 20 energy=-6.166195  maxlinkdim=187 maxerr=4.38E-08 time=2.486
After sweep 21 energy=-6.1662087  maxlinkdim=187 maxerr=2.04E-08 time=2.492
After sweep 22 energy=-6.166177  maxlinkdim=186 maxerr=2.98E-10 time=2.479
After sweep 23 energy=-6.1661706  maxlinkdim=184 maxerr=9.99E-11 time=2.501
After sweep 24 energy=-6.1661663  maxlinkdim=186 maxerr=8.45E-08 time=2.496
After sweep 25 energy=-6.16618  maxlinkdim=184 maxerr=3.37E-08 time=2.488
After sweep 26 energy=-6.166155  maxlinkdim=186 maxerr=5.68E-08 time=2.501
After sweep 27 energy=-6.1661777  maxlinkdim=186 maxerr=3.33E-10 time=2.487
After sweep 28 energy=-6.1661787  maxlinkdim=183 maxerr=2.06E-09 time=2.492
After sweep 29 energy=-6.166184  maxlinkdim=184 maxerr=6.76E-08 time=2.483
After sweep 30 energy=-6.1661663  maxlinkdim=187 maxerr=1.58E-09 time=2.506
Same mu: -2.6463267332332574 and continuing
Target density achieved with mu=-2.6463267332332574, n=0.49999574
Checking {alpha,beta} vs measured
Alpha not converged.
NOT CONVERGED; updating alpha, beta and continuing...
After sweep 1 energy=-4.7845125  maxlinkdim=16 maxerr=3.67E-07 time=0.563
After sweep 2 energy=-5.8007436  maxlinkdim=177 maxerr=1.51E-08 time=1.206
After sweep 3 energy=-5.9108496  maxlinkdim=201 maxerr=1.97E-08 time=2.126
After sweep 4 energy=-5.978674  maxlinkdim=187 maxerr=2.37E-09 time=2.152
After sweep 5 energy=-6.0306087  maxlinkdim=208 maxerr=7.92E-09 time=2.056
After sweep 6 energy=-6.0679026  maxlinkdim=172 maxerr=2.95E-08 time=1.951
After sweep 7 energy=-6.096949  maxlinkdim=217 maxerr=6.98E-08 time=1.854
After sweep 8 energy=-6.1190534  maxlinkdim=196 maxerr=3.68E-08 time=1.878
After sweep 9 energy=-6.133594  maxlinkdim=166 maxerr=2.79E-10 time=1.814
After sweep 10 energy=-6.1449594  maxlinkdim=174 maxerr=6.33E-08 time=1.802
After sweep 11 energy=-6.1538744  maxlinkdim=174 maxerr=1.16E-09 time=1.854
After sweep 12 energy=-6.15934  maxlinkdim=187 maxerr=9.77E-10 time=1.910
After sweep 13 energy=-6.1627216  maxlinkdim=179 maxerr=1.84E-09 time=1.980
After sweep 14 energy=-6.1642957  maxlinkdim=179 maxerr=6.40E-08 time=1.917
After sweep 15 energy=-6.16536  maxlinkdim=180 maxerr=1.09E-07 time=2.012
After sweep 16 energy=-6.165965  maxlinkdim=193 maxerr=5.21E-08 time=2.073
After sweep 17 energy=-6.166091  maxlinkdim=183 maxerr=7.04E-08 time=2.122
After sweep 18 energy=-6.1662273  maxlinkdim=190 maxerr=4.23E-08 time=2.209
After sweep 19 energy=-6.16621  maxlinkdim=192 maxerr=1.00E-10 time=2.350
After sweep 20 energy=-6.1661973  maxlinkdim=189 maxerr=1.62E-09 time=2.481
After sweep 21 energy=-6.1661882  maxlinkdim=185 maxerr=9.89E-10 time=2.514
After sweep 22 energy=-6.1661973  maxlinkdim=187 maxerr=1.21E-07 time=2.486
After sweep 23 energy=-6.1661844  maxlinkdim=187 maxerr=2.14E-07 time=2.480
After sweep 24 energy=-6.166198  maxlinkdim=188 maxerr=5.79E-08 time=2.502
After sweep 25 energy=-6.166192  maxlinkdim=186 maxerr=1.75E-08 time=2.502
After sweep 26 energy=-6.166191  maxlinkdim=185 maxerr=5.66E-10 time=2.503
After sweep 27 energy=-6.166191  maxlinkdim=184 maxerr=1.36E-09 time=2.490
After sweep 28 energy=-6.1661863  maxlinkdim=187 maxerr=7.11E-08 time=2.491
After sweep 29 energy=-6.166186  maxlinkdim=183 maxerr=1.34E-07 time=2.506
After sweep 30 energy=-6.1661906  maxlinkdim=186 maxerr=5.59E-08 time=2.506
Same mu: -2.6463267332332574 and continuing
Target density achieved with mu=-2.6463267332332574, n=0.49999687
Checking {alpha,beta} vs measured
Alpha not converged.
NOT CONVERGED; updating alpha, beta and continuing...
After sweep 1 energy=-4.7828484  maxlinkdim=16 maxerr=2.49E-07 time=0.561
After sweep 2 energy=-5.811997  maxlinkdim=179 maxerr=1.96E-08 time=1.203
After sweep 3 energy=-5.9205146  maxlinkdim=197 maxerr=2.13E-09 time=2.174
After sweep 4 energy=-5.9837623  maxlinkdim=195 maxerr=1.35E-07 time=2.173
After sweep 5 energy=-6.032054  maxlinkdim=197 maxerr=2.44E-09 time=1.991
After sweep 6 energy=-6.067571  maxlinkdim=176 maxerr=4.90E-08 time=1.928
After sweep 7 energy=-6.0971193  maxlinkdim=243 maxerr=3.82E-09 time=1.872
After sweep 8 energy=-6.11872  maxlinkdim=188 maxerr=2.84E-08 time=1.895
After sweep 9 energy=-6.133965  maxlinkdim=181 maxerr=1.00E-10 time=1.842
After sweep 10 energy=-6.1451826  maxlinkdim=266 maxerr=2.62E-09 time=1.867
After sweep 11 energy=-6.1530147  maxlinkdim=254 maxerr=1.52E-07 time=1.948
After sweep 12 energy=-6.158346  maxlinkdim=186 maxerr=1.07E-07 time=1.968
After sweep 13 energy=-6.161503  maxlinkdim=190 maxerr=9.80E-09 time=1.922
After sweep 14 energy=-6.163672  maxlinkdim=209 maxerr=2.88E-08 time=1.960
After sweep 15 energy=-6.1651983  maxlinkdim=188 maxerr=4.87E-07 time=2.080
After sweep 16 energy=-6.165801  maxlinkdim=190 maxerr=2.44E-07 time=2.121
After sweep 17 energy=-6.1660585  maxlinkdim=226 maxerr=1.64E-09 time=2.130
After sweep 18 energy=-6.1662006  maxlinkdim=198 maxerr=8.04E-08 time=2.198
After sweep 19 energy=-6.166191  maxlinkdim=193 maxerr=9.18E-08 time=2.346
After sweep 20 energy=-6.166192  maxlinkdim=194 maxerr=5.99E-10 time=2.446
After sweep 21 energy=-6.1661997  maxlinkdim=191 maxerr=9.99E-11 time=2.514
After sweep 22 energy=-6.1661973  maxlinkdim=188 maxerr=3.77E-10 time=2.504
After sweep 23 energy=-6.1662164  maxlinkdim=187 maxerr=1.11E-09 time=2.508
After sweep 24 energy=-6.1661654  maxlinkdim=184 maxerr=6.85E-10 time=2.495
After sweep 25 energy=-6.166169  maxlinkdim=185 maxerr=9.72E-08 time=2.500
After sweep 26 energy=-6.1661825  maxlinkdim=185 maxerr=2.15E-09 time=2.500
After sweep 27 energy=-6.1661825  maxlinkdim=186 maxerr=8.29E-10 time=2.500
After sweep 28 energy=-6.1661787  maxlinkdim=185 maxerr=8.96E-08 time=2.497
After sweep 29 energy=-6.166156  maxlinkdim=185 maxerr=9.12E-08 time=2.504
After sweep 30 energy=-6.1661773  maxlinkdim=185 maxerr=4.88E-08 time=2.503
Same mu: -2.6463267332332574 and continuing
Target density achieved with mu=-2.6463267332332574, n=0.49999702
Checking {alpha,beta} vs measured
Alpha not converged.
NOT CONVERGED; updating alpha, beta and continuing...
After sweep 1 energy=-4.783497  maxlinkdim=16 maxerr=2.08E-07 time=0.584
After sweep 2 energy=-5.8061714  maxlinkdim=168 maxerr=1.87E-08 time=1.194
After sweep 3 energy=-5.914261  maxlinkdim=205 maxerr=8.98E-10 time=2.080
After sweep 4 energy=-5.981771  maxlinkdim=195 maxerr=1.04E-09 time=2.094
After sweep 5 energy=-6.033912  maxlinkdim=216 maxerr=1.35E-09 time=2.063
After sweep 6 energy=-6.0692444  maxlinkdim=190 maxerr=3.12E-08 time=1.990
After sweep 7 energy=-6.0981493  maxlinkdim=300 maxerr=1.70E-09 time=1.893
After sweep 8 energy=-6.1199965  maxlinkdim=197 maxerr=1.17E-07 time=1.948
After sweep 9 energy=-6.135246  maxlinkdim=189 maxerr=3.08E-10 time=1.890
After sweep 10 energy=-6.1460137  maxlinkdim=194 maxerr=6.83E-10 time=1.881
After sweep 11 energy=-6.1531415  maxlinkdim=176 maxerr=1.16E-09 time=1.835
After sweep 12 energy=-6.1586494  maxlinkdim=171 maxerr=2.46E-08 time=1.836
After sweep 13 energy=-6.16219  maxlinkdim=177 maxerr=1.36E-07 time=1.892
After sweep 14 energy=-6.1640053  maxlinkdim=178 maxerr=1.33E-07 time=1.909
After sweep 15 energy=-6.165077  maxlinkdim=185 maxerr=2.02E-07 time=1.914
After sweep 16 energy=-6.1656613  maxlinkdim=181 maxerr=1.74E-09 time=2.000
After sweep 17 energy=-6.166081  maxlinkdim=187 maxerr=9.49E-10 time=2.111
After sweep 18 energy=-6.1662035  maxlinkdim=200 maxerr=3.95E-08 time=2.219
After sweep 19 energy=-6.166225  maxlinkdim=197 maxerr=1.30E-07 time=2.327
After sweep 20 energy=-6.166193  maxlinkdim=191 maxerr=8.75E-10 time=2.427
After sweep 21 energy=-6.166175  maxlinkdim=185 maxerr=1.06E-08 time=2.507
After sweep 22 energy=-6.1661806  maxlinkdim=188 maxerr=1.05E-07 time=2.484
After sweep 23 energy=-6.166193  maxlinkdim=187 maxerr=1.24E-07 time=2.485
After sweep 24 energy=-6.1661806  maxlinkdim=186 maxerr=5.71E-08 time=2.496
After sweep 25 energy=-6.1661882  maxlinkdim=186 maxerr=9.31E-08 time=2.486
After sweep 26 energy=-6.1661987  maxlinkdim=189 maxerr=9.99E-11 time=2.493
After sweep 27 energy=-6.1661835  maxlinkdim=184 maxerr=4.79E-08 time=2.518
After sweep 28 energy=-6.166189  maxlinkdim=187 maxerr=9.60E-10 time=2.489
After sweep 29 energy=-6.1661816  maxlinkdim=188 maxerr=7.63E-08 time=2.505
After sweep 30 energy=-6.1661835  maxlinkdim=185 maxerr=1.10E-07 time=2.498
Same mu: -2.6463267332332574 and continuing
Target density achieved with mu=-2.6463267332332574, n=0.4999975
Checking {alpha,beta} vs measured
Alpha not converged.
NOT CONVERGED; updating alpha, beta and continuing...
After sweep 1 energy=-4.7921987  maxlinkdim=16 maxerr=2.37E-07 time=0.539
After sweep 2 energy=-5.8068404  maxlinkdim=181 maxerr=9.30E-09 time=1.263
After sweep 3 energy=-5.9134274  maxlinkdim=212 maxerr=1.53E-07 time=2.131
After sweep 4 energy=-5.9777217  maxlinkdim=189 maxerr=1.56E-07 time=2.059
After sweep 5 energy=-6.0273757  maxlinkdim=192 maxerr=5.13E-08 time=1.985
After sweep 6 energy=-6.0656857  maxlinkdim=181 maxerr=2.36E-08 time=1.872
After sweep 7 energy=-6.0958405  maxlinkdim=210 maxerr=8.50E-08 time=1.896
After sweep 8 energy=-6.1188235  maxlinkdim=227 maxerr=1.35E-07 time=1.897
After sweep 9 energy=-6.134507  maxlinkdim=201 maxerr=8.92E-08 time=1.938
After sweep 10 energy=-6.1450624  maxlinkdim=219 maxerr=9.98E-11 time=1.908
After sweep 11 energy=-6.152812  maxlinkdim=196 maxerr=1.49E-07 time=1.871
After sweep 12 energy=-6.158398  maxlinkdim=183 maxerr=2.81E-08 time=1.935
After sweep 13 energy=-6.1617203  maxlinkdim=224 maxerr=8.71E-09 time=1.925
After sweep 14 energy=-6.163796  maxlinkdim=207 maxerr=1.57E-07 time=1.983
After sweep 15 energy=-6.1650033  maxlinkdim=202 maxerr=1.11E-07 time=1.983
After sweep 16 energy=-6.1656284  maxlinkdim=194 maxerr=1.90E-07 time=2.056
After sweep 17 energy=-6.1659856  maxlinkdim=188 maxerr=9.99E-11 time=2.115
After sweep 18 energy=-6.166155  maxlinkdim=191 maxerr=1.00E-10 time=2.208
After sweep 19 energy=-6.166215  maxlinkdim=195 maxerr=6.27E-08 time=2.320
After sweep 20 energy=-6.1661897  maxlinkdim=191 maxerr=1.12E-07 time=2.426
After sweep 21 energy=-6.166165  maxlinkdim=187 maxerr=1.00E-10 time=2.508
After sweep 22 energy=-6.1661954  maxlinkdim=189 maxerr=1.72E-07 time=2.502
After sweep 23 energy=-6.166168  maxlinkdim=186 maxerr=1.93E-09 time=2.499
After sweep 24 energy=-6.166173  maxlinkdim=187 maxerr=6.35E-08 time=2.496
After sweep 25 energy=-6.1661806  maxlinkdim=186 maxerr=3.05E-08 time=2.496
After sweep 26 energy=-6.166169  maxlinkdim=184 maxerr=1.07E-07 time=2.505
After sweep 27 energy=-6.166172  maxlinkdim=187 maxerr=1.06E-07 time=2.499
After sweep 28 energy=-6.166198  maxlinkdim=185 maxerr=9.37E-10 time=2.494
After sweep 29 energy=-6.1661835  maxlinkdim=185 maxerr=1.20E-09 time=2.505
After sweep 30 energy=-6.166173  maxlinkdim=186 maxerr=2.51E-08 time=2.501
Same mu: -2.6463267332332574 and continuing
Target density achieved with mu=-2.6463267332332574, n=0.49999672
Checking {alpha,beta} vs measured
Alpha not converged.
NOT CONVERGED; updating alpha, beta and continuing...
After sweep 1 energy=-4.792887  maxlinkdim=16 maxerr=3.08E-07 time=0.537
After sweep 2 energy=-5.81222  maxlinkdim=186 maxerr=1.26E-08 time=1.261
After sweep 3 energy=-5.9188166  maxlinkdim=195 maxerr=1.47E-07 time=2.155
After sweep 4 energy=-5.984849  maxlinkdim=196 maxerr=4.14E-08 time=2.178
After sweep 5 energy=-6.034417  maxlinkdim=211 maxerr=2.53E-08 time=2.055
After sweep 6 energy=-6.070584  maxlinkdim=192 maxerr=7.45E-08 time=1.981
After sweep 7 energy=-6.1004605  maxlinkdim=244 maxerr=2.19E-07 time=1.927
After sweep 8 energy=-6.1218395  maxlinkdim=230 maxerr=1.83E-09 time=1.951
After sweep 9 energy=-6.136254  maxlinkdim=208 maxerr=1.46E-09 time=1.952
After sweep 10 energy=-6.146725  maxlinkdim=247 maxerr=5.55E-10 time=1.936
After sweep 11 energy=-6.15431  maxlinkdim=254 maxerr=2.66E-07 time=1.970
After sweep 12 energy=-6.1591783  maxlinkdim=184 maxerr=6.19E-08 time=1.979
After sweep 13 energy=-6.162074  maxlinkdim=174 maxerr=9.07E-08 time=1.905
After sweep 14 energy=-6.163891  maxlinkdim=178 maxerr=8.43E-10 time=1.914
After sweep 15 energy=-6.1651006  maxlinkdim=199 maxerr=9.99E-11 time=2.011
After sweep 16 energy=-6.1658144  maxlinkdim=217 maxerr=6.08E-10 time=2.126
After sweep 17 energy=-6.1660776  maxlinkdim=201 maxerr=1.37E-07 time=2.118
After sweep 18 energy=-6.1661763  maxlinkdim=195 maxerr=2.16E-07 time=2.183
After sweep 19 energy=-6.166197  maxlinkdim=189 maxerr=2.13E-10 time=2.276
After sweep 20 energy=-6.1662273  maxlinkdim=193 maxerr=6.62E-08 time=2.437
After sweep 21 energy=-6.166189  maxlinkdim=192 maxerr=1.06E-07 time=2.490
After sweep 22 energy=-6.166199  maxlinkdim=186 maxerr=1.00E-10 time=2.499
After sweep 23 energy=-6.1661777  maxlinkdim=190 maxerr=1.31E-07 time=2.500
After sweep 24 energy=-6.1661797  maxlinkdim=184 maxerr=3.01E-08 time=2.502
After sweep 25 energy=-6.1661615  maxlinkdim=187 maxerr=2.00E-07 time=2.505
After sweep 26 energy=-6.1662087  maxlinkdim=184 maxerr=2.96E-10 time=2.492
After sweep 27 energy=-6.166195  maxlinkdim=185 maxerr=1.78E-07 time=2.499
After sweep 28 energy=-6.166195  maxlinkdim=184 maxerr=1.31E-09 time=2.502
After sweep 29 energy=-6.166214  maxlinkdim=187 maxerr=1.18E-07 time=2.490
After sweep 30 energy=-6.1661873  maxlinkdim=187 maxerr=7.30E-08 time=2.510
Same mu: -2.6463267332332574 and continuing
Target density achieved with mu=-2.6463267332332574, n=0.49999672
Checking {alpha,beta} vs measured
Alpha not converged.
NOT CONVERGED; updating alpha, beta and continuing...
After sweep 1 energy=-4.791837  maxlinkdim=16 maxerr=2.76E-07 time=0.570
After sweep 2 energy=-5.801866  maxlinkdim=165 maxerr=2.44E-08 time=1.209
After sweep 3 energy=-5.9114037  maxlinkdim=186 maxerr=8.71E-10 time=2.113
After sweep 4 energy=-5.976188  maxlinkdim=196 maxerr=6.30E-08 time=2.118
After sweep 5 energy=-6.0278964  maxlinkdim=199 maxerr=5.83E-08 time=2.007
After sweep 6 energy=-6.064952  maxlinkdim=167 maxerr=3.20E-08 time=1.863
After sweep 7 energy=-6.095171  maxlinkdim=240 maxerr=1.22E-07 time=1.846
After sweep 8 energy=-6.1174283  maxlinkdim=223 maxerr=1.14E-07 time=1.924
After sweep 9 energy=-6.133035  maxlinkdim=188 maxerr=4.80E-08 time=1.904
After sweep 10 energy=-6.144465  maxlinkdim=194 maxerr=9.57E-10 time=1.860
After sweep 11 energy=-6.1528835  maxlinkdim=231 maxerr=9.52E-08 time=1.908
After sweep 12 energy=-6.158707  maxlinkdim=211 maxerr=4.93E-08 time=1.994
After sweep 13 energy=-6.162041  maxlinkdim=215 maxerr=6.71E-08 time=1.966
After sweep 14 energy=-6.163821  maxlinkdim=173 maxerr=1.70E-08 time=1.929
After sweep 15 energy=-6.1650906  maxlinkdim=179 maxerr=1.36E-07 time=2.017
After sweep 16 energy=-6.1658373  maxlinkdim=188 maxerr=1.25E-08 time=2.121
After sweep 17 energy=-6.166093  maxlinkdim=193 maxerr=3.06E-07 time=2.220
After sweep 18 energy=-6.1662183  maxlinkdim=186 maxerr=2.46E-08 time=2.273
After sweep 19 energy=-6.16618  maxlinkdim=189 maxerr=1.14E-07 time=2.342
After sweep 20 energy=-6.1662  maxlinkdim=190 maxerr=3.50E-08 time=2.476
After sweep 21 energy=-6.1661677  maxlinkdim=186 maxerr=1.23E-09 time=2.519
After sweep 22 energy=-6.1661654  maxlinkdim=185 maxerr=1.45E-07 time=2.491
After sweep 23 energy=-6.1661882  maxlinkdim=186 maxerr=1.62E-07 time=2.494
After sweep 24 energy=-6.166167  maxlinkdim=185 maxerr=3.09E-09 time=2.508
After sweep 25 energy=-6.1661987  maxlinkdim=190 maxerr=3.57E-08 time=2.500
After sweep 26 energy=-6.16617  maxlinkdim=183 maxerr=1.43E-09 time=2.504
After sweep 27 energy=-6.166189  maxlinkdim=188 maxerr=9.62E-08 time=2.501
After sweep 28 energy=-6.166169  maxlinkdim=185 maxerr=5.35E-08 time=2.506
After sweep 29 energy=-6.1662054  maxlinkdim=186 maxerr=9.99E-11 time=2.493
After sweep 30 energy=-6.166171  maxlinkdim=184 maxerr=3.33E-08 time=2.487
Same mu: -2.6463267332332574 and continuing
Target density achieved with mu=-2.6463267332332574, n=0.49999672
Checking {alpha,beta} vs measured
Alpha not converged.
NOT CONVERGED; updating alpha, beta and continuing...
After sweep 1 energy=-4.791209  maxlinkdim=16 maxerr=1.53E-07 time=0.542
After sweep 2 energy=-5.7949405  maxlinkdim=177 maxerr=1.11E-08 time=1.265
After sweep 3 energy=-5.906561  maxlinkdim=202 maxerr=2.84E-09 time=2.122
After sweep 4 energy=-5.9733534  maxlinkdim=195 maxerr=2.06E-09 time=2.105
After sweep 5 energy=-6.024458  maxlinkdim=209 maxerr=2.87E-07 time=2.003
After sweep 6 energy=-6.062337  maxlinkdim=172 maxerr=1.61E-07 time=1.845
After sweep 7 energy=-6.093355  maxlinkdim=193 maxerr=4.55E-09 time=1.860
After sweep 8 energy=-6.1169806  maxlinkdim=200 maxerr=7.42E-10 time=1.852
After sweep 9 energy=-6.132832  maxlinkdim=198 maxerr=2.77E-09 time=1.862
After sweep 10 energy=-6.1439695  maxlinkdim=217 maxerr=1.18E-07 time=1.904
After sweep 11 energy=-6.1526375  maxlinkdim=198 maxerr=2.85E-09 time=1.907
After sweep 12 energy=-6.158389  maxlinkdim=182 maxerr=8.33E-10 time=1.930
After sweep 13 energy=-6.161722  maxlinkdim=196 maxerr=1.80E-07 time=1.926
After sweep 14 energy=-6.1640763  maxlinkdim=170 maxerr=8.54E-08 time=1.929
After sweep 15 energy=-6.165182  maxlinkdim=175 maxerr=1.24E-09 time=1.983
After sweep 16 energy=-6.1657505  maxlinkdim=215 maxerr=5.38E-08 time=2.009
After sweep 17 energy=-6.1660805  maxlinkdim=192 maxerr=3.11E-07 time=2.119
After sweep 18 energy=-6.1661654  maxlinkdim=197 maxerr=1.12E-09 time=2.187
After sweep 19 energy=-6.166191  maxlinkdim=199 maxerr=8.93E-10 time=2.326
After sweep 20 energy=-6.166207  maxlinkdim=194 maxerr=9.99E-11 time=2.455
After sweep 21 energy=-6.1661716  maxlinkdim=188 maxerr=1.83E-08 time=2.509
After sweep 22 energy=-6.166134  maxlinkdim=187 maxerr=1.09E-08 time=2.514
After sweep 23 energy=-6.1661816  maxlinkdim=186 maxerr=7.50E-08 time=2.494
After sweep 24 energy=-6.1661835  maxlinkdim=187 maxerr=2.02E-07 time=2.504
After sweep 25 energy=-6.1661854  maxlinkdim=185 maxerr=9.99E-11 time=2.511
After sweep 26 energy=-6.1661806  maxlinkdim=186 maxerr=1.57E-07 time=2.503
After sweep 27 energy=-6.1661654  maxlinkdim=185 maxerr=1.70E-09 time=2.504
After sweep 28 energy=-6.1662073  maxlinkdim=188 maxerr=9.87E-10 time=2.501
After sweep 29 energy=-6.1661587  maxlinkdim=185 maxerr=1.00E-10 time=2.507
After sweep 30 energy=-6.1661797  maxlinkdim=184 maxerr=1.65E-09 time=2.499
Same mu: -2.6463267332332574 and continuing
Target density achieved with mu=-2.6463267332332574, n=0.49999866
Checking {alpha,beta} vs measured
Alpha not converged.
NOT CONVERGED; updating alpha, beta and continuing...
After sweep 1 energy=-4.7959757  maxlinkdim=16 maxerr=2.93E-07 time=0.546
After sweep 2 energy=-5.8091297  maxlinkdim=169 maxerr=1.63E-08 time=1.273
After sweep 3 energy=-5.91847  maxlinkdim=236 maxerr=1.01E-07 time=2.187
After sweep 4 energy=-5.982027  maxlinkdim=209 maxerr=1.23E-09 time=2.201
After sweep 5 energy=-6.0329056  maxlinkdim=238 maxerr=1.17E-07 time=2.102
After sweep 6 energy=-6.068296  maxlinkdim=176 maxerr=1.71E-09 time=1.931
After sweep 7 energy=-6.097579  maxlinkdim=253 maxerr=6.86E-08 time=1.924
After sweep 8 energy=-6.119169  maxlinkdim=206 maxerr=4.68E-08 time=1.964
After sweep 9 energy=-6.134162  maxlinkdim=183 maxerr=1.43E-09 time=1.910
After sweep 10 energy=-6.1444902  maxlinkdim=173 maxerr=2.62E-09 time=1.840
After sweep 11 energy=-6.1529255  maxlinkdim=181 maxerr=4.09E-07 time=1.855
After sweep 12 energy=-6.159907  maxlinkdim=177 maxerr=5.75E-08 time=1.977
After sweep 13 energy=-6.162624  maxlinkdim=165 maxerr=1.61E-07 time=1.912
After sweep 14 energy=-6.1644545  maxlinkdim=242 maxerr=1.13E-07 time=1.934
After sweep 15 energy=-6.1654806  maxlinkdim=210 maxerr=5.75E-10 time=2.011
After sweep 16 energy=-6.1660514  maxlinkdim=185 maxerr=1.41E-09 time=2.137
After sweep 17 energy=-6.166215  maxlinkdim=189 maxerr=7.74E-08 time=2.215
After sweep 18 energy=-6.166206  maxlinkdim=195 maxerr=2.52E-09 time=2.355
After sweep 19 energy=-6.1662145  maxlinkdim=190 maxerr=1.31E-09 time=2.467
After sweep 20 energy=-6.166171  maxlinkdim=186 maxerr=1.49E-09 time=2.518
After sweep 21 energy=-6.1661816  maxlinkdim=185 maxerr=2.99E-07 time=2.493
After sweep 22 energy=-6.166191  maxlinkdim=186 maxerr=1.35E-09 time=2.488
After sweep 23 energy=-6.1661673  maxlinkdim=186 maxerr=9.99E-11 time=2.476
After sweep 24 energy=-6.166215  maxlinkdim=186 maxerr=4.20E-10 time=2.506
After sweep 25 energy=-6.1661963  maxlinkdim=186 maxerr=8.20E-08 time=2.509
After sweep 26 energy=-6.1661806  maxlinkdim=185 maxerr=9.36E-08 time=2.504
After sweep 27 energy=-6.1661606  maxlinkdim=185 maxerr=1.00E-10 time=2.519
After sweep 28 energy=-6.1661596  maxlinkdim=186 maxerr=9.99E-11 time=2.489
After sweep 29 energy=-6.1661906  maxlinkdim=186 maxerr=9.98E-11 time=2.493
After sweep 30 energy=-6.1661735  maxlinkdim=186 maxerr=1.66E-07 time=2.487
Same mu: -2.6463267332332574 and continuing
Target density achieved with mu=-2.6463267332332574, n=0.49999645
Checking {alpha,beta} vs measured
Alpha not converged.
NOT CONVERGED; updating alpha, beta and continuing...
After sweep 1 energy=-4.789429  maxlinkdim=16 maxerr=2.06E-07 time=0.555
After sweep 2 energy=-5.7981477  maxlinkdim=169 maxerr=1.18E-08 time=1.214
After sweep 3 energy=-5.916324  maxlinkdim=241 maxerr=2.29E-09 time=2.099
After sweep 4 energy=-5.9844112  maxlinkdim=223 maxerr=3.53E-08 time=2.206
After sweep 5 energy=-6.0337076  maxlinkdim=211 maxerr=7.10E-08 time=2.070
After sweep 6 energy=-6.069167  maxlinkdim=200 maxerr=1.99E-09 time=1.988
After sweep 7 energy=-6.09705  maxlinkdim=181 maxerr=1.04E-07 time=1.856
After sweep 8 energy=-6.1184397  maxlinkdim=168 maxerr=8.16E-08 time=1.779
After sweep 9 energy=-6.1340165  maxlinkdim=198 maxerr=7.34E-10 time=1.822
After sweep 10 energy=-6.1451387  maxlinkdim=256 maxerr=6.43E-08 time=1.869
After sweep 11 energy=-6.1530585  maxlinkdim=199 maxerr=2.61E-07 time=1.895
After sweep 12 energy=-6.158023  maxlinkdim=168 maxerr=4.77E-09 time=1.844
After sweep 13 energy=-6.161387  maxlinkdim=222 maxerr=9.06E-09 time=1.885
After sweep 14 energy=-6.1635513  maxlinkdim=195 maxerr=1.03E-09 time=1.980
After sweep 15 energy=-6.1654954  maxlinkdim=212 maxerr=1.17E-09 time=2.055
After sweep 16 energy=-6.165991  maxlinkdim=190 maxerr=8.26E-08 time=2.164
After sweep 17 energy=-6.1661897  maxlinkdim=190 maxerr=1.89E-08 time=2.135
After sweep 18 energy=-6.1662135  maxlinkdim=195 maxerr=9.99E-11 time=2.260
After sweep 19 energy=-6.16624  maxlinkdim=192 maxerr=1.60E-07 time=2.394
After sweep 20 energy=-6.1661644  maxlinkdim=189 maxerr=1.33E-09 time=2.493
After sweep 21 energy=-6.166176  maxlinkdim=184 maxerr=9.97E-11 time=2.506
After sweep 22 energy=-6.1661634  maxlinkdim=184 maxerr=2.15E-07 time=2.472
After sweep 23 energy=-6.166177  maxlinkdim=189 maxerr=9.82E-08 time=2.486
After sweep 24 energy=-6.1662116  maxlinkdim=184 maxerr=1.67E-07 time=2.484
After sweep 25 energy=-6.1661515  maxlinkdim=185 maxerr=2.77E-08 time=2.500
After sweep 26 energy=-6.166193  maxlinkdim=187 maxerr=2.38E-07 time=2.481
After sweep 27 energy=-6.166168  maxlinkdim=188 maxerr=8.70E-08 time=2.494
After sweep 28 energy=-6.16616  maxlinkdim=186 maxerr=1.27E-07 time=2.508
After sweep 29 energy=-6.1661577  maxlinkdim=187 maxerr=3.24E-08 time=2.499
After sweep 30 energy=-6.1661954  maxlinkdim=183 maxerr=7.53E-08 time=2.506
Same mu: -2.6463267332332574 and continuing
Target density achieved with mu=-2.6463267332332574, n=0.49999833
Checking {alpha,beta} vs measured
Alpha not converged.
NOT CONVERGED; updating alpha, beta and continuing...
After sweep 1 energy=-4.7864885  maxlinkdim=16 maxerr=3.22E-07 time=0.541
After sweep 2 energy=-5.8083773  maxlinkdim=175 maxerr=6.97E-08 time=1.256
After sweep 3 energy=-5.915694  maxlinkdim=196 maxerr=9.53E-10 time=2.103
After sweep 4 energy=-5.983533  maxlinkdim=196 maxerr=3.24E-09 time=2.047
After sweep 5 energy=-6.0347757  maxlinkdim=210 maxerr=3.10E-08 time=2.062
After sweep 6 energy=-6.07212  maxlinkdim=185 maxerr=1.14E-07 time=2.019
After sweep 7 energy=-6.101689  maxlinkdim=242 maxerr=2.58E-08 time=1.944
After sweep 8 energy=-6.122268  maxlinkdim=200 maxerr=1.05E-07 time=1.944
After sweep 9 energy=-6.136192  maxlinkdim=228 maxerr=1.44E-07 time=1.947
After sweep 10 energy=-6.1461787  maxlinkdim=199 maxerr=1.68E-07 time=1.837
After sweep 11 energy=-6.154099  maxlinkdim=245 maxerr=1.28E-09 time=1.931
After sweep 12 energy=-6.1594324  maxlinkdim=219 maxerr=1.52E-09 time=1.955
After sweep 13 energy=-6.1624756  maxlinkdim=204 maxerr=4.71E-08 time=1.966
After sweep 14 energy=-6.164154  maxlinkdim=207 maxerr=1.32E-07 time=1.942
After sweep 15 energy=-6.165217  maxlinkdim=217 maxerr=1.00E-10 time=2.018
After sweep 16 energy=-6.165889  maxlinkdim=204 maxerr=1.00E-10 time=2.107
After sweep 17 energy=-6.1661587  maxlinkdim=187 maxerr=1.76E-07 time=2.203
After sweep 18 energy=-6.1661973  maxlinkdim=187 maxerr=7.70E-09 time=2.291
After sweep 19 energy=-6.1662188  maxlinkdim=187 maxerr=1.35E-09 time=2.386
After sweep 20 energy=-6.1661825  maxlinkdim=188 maxerr=1.70E-09 time=2.477
After sweep 21 energy=-6.1661654  maxlinkdim=189 maxerr=9.99E-11 time=2.515
After sweep 22 energy=-6.1661773  maxlinkdim=186 maxerr=4.44E-08 time=2.496
After sweep 23 energy=-6.166196  maxlinkdim=186 maxerr=1.35E-10 time=2.491
After sweep 24 energy=-6.1661763  maxlinkdim=184 maxerr=5.02E-08 time=2.479
After sweep 25 energy=-6.1661854  maxlinkdim=188 maxerr=2.29E-07 time=2.492
After sweep 26 energy=-6.1662054  maxlinkdim=188 maxerr=2.18E-07 time=2.495
After sweep 27 energy=-6.16617  maxlinkdim=185 maxerr=3.23E-10 time=2.494
After sweep 28 energy=-6.16617  maxlinkdim=187 maxerr=1.22E-07 time=2.506
After sweep 29 energy=-6.1662045  maxlinkdim=186 maxerr=9.99E-11 time=2.497
After sweep 30 energy=-6.1661825  maxlinkdim=187 maxerr=9.39E-08 time=2.498
Same mu: -2.6463267332332574 and continuing
Target density achieved with mu=-2.6463267332332574, n=0.49999726
Checking {alpha,beta} vs measured
Alpha not converged.
NOT CONVERGED; updating alpha, beta and continuing...
After sweep 1 energy=-4.7879143  maxlinkdim=16 maxerr=2.60E-07 time=0.546
After sweep 2 energy=-5.801193  maxlinkdim=176 maxerr=1.51E-08 time=1.269
After sweep 3 energy=-5.911354  maxlinkdim=192 maxerr=2.84E-09 time=2.051
After sweep 4 energy=-5.97697  maxlinkdim=207 maxerr=4.06E-08 time=2.139
After sweep 5 energy=-6.0279202  maxlinkdim=214 maxerr=1.23E-09 time=2.068
After sweep 6 energy=-6.0649776  maxlinkdim=168 maxerr=5.09E-08 time=1.939
After sweep 7 energy=-6.093915  maxlinkdim=169 maxerr=3.67E-08 time=1.834
After sweep 8 energy=-6.1162567  maxlinkdim=207 maxerr=1.84E-08 time=1.788
After sweep 9 energy=-6.1320276  maxlinkdim=170 maxerr=1.29E-07 time=1.816
After sweep 10 energy=-6.1434007  maxlinkdim=199 maxerr=2.12E-09 time=1.811
After sweep 11 energy=-6.151527  maxlinkdim=167 maxerr=2.71E-09 time=1.806
After sweep 12 energy=-6.157529  maxlinkdim=256 maxerr=1.19E-09 time=1.858
After sweep 13 energy=-6.1613903  maxlinkdim=183 maxerr=1.28E-09 time=1.949
After sweep 14 energy=-6.1635895  maxlinkdim=184 maxerr=1.42E-07 time=1.927
After sweep 15 energy=-6.1649475  maxlinkdim=195 maxerr=1.36E-07 time=1.940
After sweep 16 energy=-6.165722  maxlinkdim=178 maxerr=2.02E-09 time=2.015
After sweep 17 energy=-6.166113  maxlinkdim=192 maxerr=9.18E-10 time=2.155
After sweep 18 energy=-6.166182  maxlinkdim=196 maxerr=7.30E-10 time=2.246
After sweep 19 energy=-6.1662216  maxlinkdim=190 maxerr=1.61E-07 time=2.323
After sweep 20 energy=-6.166221  maxlinkdim=190 maxerr=8.97E-10 time=2.437
After sweep 21 energy=-6.16619  maxlinkdim=187 maxerr=1.28E-09 time=2.524
After sweep 22 energy=-6.1662083  maxlinkdim=187 maxerr=4.82E-09 time=2.497
After sweep 23 energy=-6.1661663  maxlinkdim=187 maxerr=3.11E-10 time=2.502
After sweep 24 energy=-6.166168  maxlinkdim=184 maxerr=1.03E-07 time=2.490
After sweep 25 energy=-6.166191  maxlinkdim=185 maxerr=4.52E-08 time=2.493
After sweep 26 energy=-6.1661673  maxlinkdim=186 maxerr=8.70E-10 time=2.495
After sweep 27 energy=-6.166169  maxlinkdim=187 maxerr=1.00E-10 time=2.506
After sweep 28 energy=-6.1661787  maxlinkdim=185 maxerr=1.71E-07 time=2.502
After sweep 29 energy=-6.166172  maxlinkdim=184 maxerr=2.03E-10 time=2.505
After sweep 30 energy=-6.166168  maxlinkdim=185 maxerr=1.00E-10 time=2.497
Same mu: -2.6463267332332574 and continuing
Target density achieved with mu=-2.6463267332332574, n=0.499997
Checking {alpha,beta} vs measured
Alpha not converged.
NOT CONVERGED; updating alpha, beta and continuing...
After sweep 1 energy=-4.781609  maxlinkdim=16 maxerr=2.10E-07 time=0.532
After sweep 2 energy=-5.7995515  maxlinkdim=174 maxerr=1.07E-08 time=1.304
After sweep 3 energy=-5.9118843  maxlinkdim=205 maxerr=1.17E-09 time=2.133
After sweep 4 energy=-5.9792895  maxlinkdim=209 maxerr=2.58E-09 time=2.282
After sweep 5 energy=-6.0280285  maxlinkdim=222 maxerr=1.87E-09 time=2.138
After sweep 6 energy=-6.064154  maxlinkdim=229 maxerr=5.39E-08 time=1.976
After sweep 7 energy=-6.09334  maxlinkdim=239 maxerr=9.53E-08 time=1.854
After sweep 8 energy=-6.116415  maxlinkdim=222 maxerr=9.05E-08 time=1.884
After sweep 9 energy=-6.1323137  maxlinkdim=167 maxerr=1.68E-09 time=1.835
After sweep 10 energy=-6.143878  maxlinkdim=173 maxerr=1.19E-07 time=1.755
After sweep 11 energy=-6.1526875  maxlinkdim=171 maxerr=1.30E-09 time=1.841
After sweep 12 energy=-6.1577682  maxlinkdim=187 maxerr=3.84E-10 time=1.820
After sweep 13 energy=-6.161116  maxlinkdim=205 maxerr=9.99E-11 time=1.826
After sweep 14 energy=-6.1632566  maxlinkdim=189 maxerr=4.99E-10 time=1.840
After sweep 15 energy=-6.1648226  maxlinkdim=179 maxerr=4.43E-08 time=1.906
After sweep 16 energy=-6.165757  maxlinkdim=182 maxerr=2.03E-08 time=2.039
After sweep 17 energy=-6.1660447  maxlinkdim=196 maxerr=1.09E-07 time=2.054
After sweep 18 energy=-6.1661835  maxlinkdim=188 maxerr=2.34E-08 time=2.173
After sweep 19 energy=-6.1662335  maxlinkdim=185 maxerr=1.60E-08 time=2.282
After sweep 20 energy=-6.1661987  maxlinkdim=191 maxerr=1.32E-08 time=2.432
After sweep 21 energy=-6.1661882  maxlinkdim=185 maxerr=1.00E-10 time=2.510
After sweep 22 energy=-6.166165  maxlinkdim=185 maxerr=7.85E-08 time=2.485
After sweep 23 energy=-6.166155  maxlinkdim=183 maxerr=1.30E-09 time=2.486
After sweep 24 energy=-6.166203  maxlinkdim=185 maxerr=1.12E-07 time=2.497
After sweep 25 energy=-6.166198  maxlinkdim=186 maxerr=6.96E-10 time=2.501
After sweep 26 energy=-6.166182  maxlinkdim=187 maxerr=1.47E-07 time=2.492
After sweep 27 energy=-6.166158  maxlinkdim=189 maxerr=2.00E-07 time=2.506
After sweep 28 energy=-6.1661844  maxlinkdim=193 maxerr=6.93E-08 time=2.497
After sweep 29 energy=-6.166174  maxlinkdim=184 maxerr=2.26E-08 time=2.500
After sweep 30 energy=-6.1661787  maxlinkdim=187 maxerr=1.00E-10 time=2.483
Same mu: -2.6463267332332574 and continuing
Target density achieved with mu=-2.6463267332332574, n=0.49999648
Checking {alpha,beta} vs measured
Alpha not converged.
NOT CONVERGED; updating alpha, beta and continuing...
After sweep 1 energy=-4.780729  maxlinkdim=16 maxerr=2.09E-07 time=0.548
After sweep 2 energy=-5.80912  maxlinkdim=178 maxerr=1.34E-08 time=1.267
After sweep 3 energy=-5.9183435  maxlinkdim=189 maxerr=3.17E-08 time=2.107
After sweep 4 energy=-5.9866176  maxlinkdim=196 maxerr=2.55E-09 time=2.139
After sweep 5 energy=-6.0373454  maxlinkdim=207 maxerr=1.81E-09 time=2.132
After sweep 6 energy=-6.0734463  maxlinkdim=174 maxerr=1.48E-09 time=1.950
After sweep 7 energy=-6.1017075  maxlinkdim=252 maxerr=2.51E-09 time=1.881
After sweep 8 energy=-6.1220098  maxlinkdim=201 maxerr=2.61E-08 time=1.892
After sweep 9 energy=-6.1368318  maxlinkdim=172 maxerr=4.29E-09 time=1.893
After sweep 10 energy=-6.147091  maxlinkdim=205 maxerr=1.64E-07 time=1.850
After sweep 11 energy=-6.154417  maxlinkdim=235 maxerr=1.32E-09 time=1.887
After sweep 12 energy=-6.159744  maxlinkdim=225 maxerr=1.51E-07 time=1.988
After sweep 13 energy=-6.1625214  maxlinkdim=192 maxerr=1.53E-07 time=1.964
After sweep 14 energy=-6.164179  maxlinkdim=190 maxerr=8.68E-09 time=1.967
After sweep 15 energy=-6.165306  maxlinkdim=197 maxerr=1.00E-10 time=1.981
After sweep 16 energy=-6.1659737  maxlinkdim=190 maxerr=1.38E-09 time=2.168
After sweep 17 energy=-6.1661453  maxlinkdim=196 maxerr=1.24E-09 time=2.218
After sweep 18 energy=-6.16621  maxlinkdim=187 maxerr=1.82E-07 time=2.275
After sweep 19 energy=-6.1661954  maxlinkdim=190 maxerr=1.13E-07 time=2.376
After sweep 20 energy=-6.1661987  maxlinkdim=189 maxerr=1.03E-07 time=2.482
After sweep 21 energy=-6.1661825  maxlinkdim=183 maxerr=6.66E-08 time=2.514
After sweep 22 energy=-6.166171  maxlinkdim=185 maxerr=9.99E-11 time=2.475
After sweep 23 energy=-6.16617  maxlinkdim=186 maxerr=3.48E-08 time=2.485
After sweep 24 energy=-6.166163  maxlinkdim=185 maxerr=2.25E-07 time=2.503
After sweep 25 energy=-6.1661663  maxlinkdim=184 maxerr=1.43E-08 time=2.495
After sweep 26 energy=-6.166169  maxlinkdim=186 maxerr=3.54E-10 time=2.498
After sweep 27 energy=-6.1661773  maxlinkdim=184 maxerr=1.69E-07 time=2.487
After sweep 28 energy=-6.1662  maxlinkdim=189 maxerr=1.48E-09 time=2.504
After sweep 29 energy=-6.1661997  maxlinkdim=189 maxerr=6.26E-08 time=2.503
After sweep 30 energy=-6.16619  maxlinkdim=184 maxerr=6.61E-10 time=2.496
Same mu: -2.6463267332332574 and continuing
Target density achieved with mu=-2.6463267332332574, n=0.49999848
Checking {alpha,beta} vs measured
Alpha not converged.
NOT CONVERGED; updating alpha, beta and continuing...
After sweep 1 energy=-4.780265  maxlinkdim=16 maxerr=3.13E-07 time=0.535
After sweep 2 energy=-5.802439  maxlinkdim=175 maxerr=1.01E-08 time=1.240
After sweep 3 energy=-5.912947  maxlinkdim=188 maxerr=8.18E-08 time=2.049
After sweep 4 energy=-5.980964  maxlinkdim=191 maxerr=2.49E-08 time=2.094
After sweep 5 energy=-6.029635  maxlinkdim=184 maxerr=1.92E-07 time=2.005
After sweep 6 energy=-6.066289  maxlinkdim=180 maxerr=3.42E-08 time=1.887
After sweep 7 energy=-6.0962176  maxlinkdim=224 maxerr=1.54E-09 time=1.856
After sweep 8 energy=-6.118237  maxlinkdim=207 maxerr=5.48E-10 time=1.879
After sweep 9 energy=-6.133905  maxlinkdim=192 maxerr=5.44E-08 time=1.877
After sweep 10 energy=-6.145306  maxlinkdim=228 maxerr=2.24E-07 time=1.910
After sweep 11 energy=-6.1533747  maxlinkdim=213 maxerr=1.17E-07 time=1.936
After sweep 12 energy=-6.1588264  maxlinkdim=180 maxerr=2.44E-10 time=1.944
After sweep 13 energy=-6.1619577  maxlinkdim=167 maxerr=4.68E-10 time=1.901
After sweep 14 energy=-6.1638126  maxlinkdim=178 maxerr=1.54E-09 time=1.889
After sweep 15 energy=-6.1649466  maxlinkdim=197 maxerr=1.47E-10 time=1.965
After sweep 16 energy=-6.1657605  maxlinkdim=180 maxerr=2.86E-08 time=2.056
After sweep 17 energy=-6.1660542  maxlinkdim=202 maxerr=8.20E-10 time=2.166
After sweep 18 energy=-6.166212  maxlinkdim=189 maxerr=2.18E-08 time=2.201
After sweep 19 energy=-6.1661997  maxlinkdim=192 maxerr=3.78E-08 time=2.304
After sweep 20 energy=-6.1661916  maxlinkdim=191 maxerr=1.33E-07 time=2.447
After sweep 21 energy=-6.1661797  maxlinkdim=186 maxerr=8.96E-08 time=2.512
After sweep 22 energy=-6.1662006  maxlinkdim=185 maxerr=1.29E-09 time=2.503
After sweep 23 energy=-6.1661825  maxlinkdim=183 maxerr=1.52E-08 time=2.488
After sweep 24 energy=-6.166185  maxlinkdim=185 maxerr=3.03E-07 time=2.491
After sweep 25 energy=-6.166189  maxlinkdim=185 maxerr=9.99E-11 time=2.511
After sweep 26 energy=-6.1661963  maxlinkdim=185 maxerr=5.14E-09 time=2.492
After sweep 27 energy=-6.166217  maxlinkdim=185 maxerr=1.38E-09 time=2.501
After sweep 28 energy=-6.1661897  maxlinkdim=185 maxerr=8.74E-08 time=2.504
After sweep 29 energy=-6.1661825  maxlinkdim=184 maxerr=8.75E-10 time=2.502
After sweep 30 energy=-6.166168  maxlinkdim=185 maxerr=1.20E-09 time=2.499
Same mu: -2.6463267332332574 and continuing
Target density achieved with mu=-2.6463267332332574, n=0.49999607
Checking {alpha,beta} vs measured
Alpha not converged.
NOT CONVERGED; updating alpha, beta and continuing...
After sweep 1 energy=-4.783521  maxlinkdim=16 maxerr=2.74E-07 time=0.560
After sweep 2 energy=-5.796013  maxlinkdim=174 maxerr=4.47E-08 time=1.199
After sweep 3 energy=-5.9065948  maxlinkdim=197 maxerr=2.60E-09 time=2.146
After sweep 4 energy=-5.9725194  maxlinkdim=197 maxerr=4.20E-09 time=2.113
After sweep 5 energy=-6.024737  maxlinkdim=205 maxerr=3.44E-09 time=2.051
After sweep 6 energy=-6.063235  maxlinkdim=183 maxerr=1.21E-09 time=1.945
After sweep 7 energy=-6.093233  maxlinkdim=251 maxerr=1.28E-07 time=1.904
After sweep 8 energy=-6.115896  maxlinkdim=206 maxerr=2.43E-09 time=1.942
After sweep 9 energy=-6.132131  maxlinkdim=175 maxerr=1.43E-07 time=1.953
After sweep 10 energy=-6.143377  maxlinkdim=179 maxerr=3.31E-09 time=1.875
After sweep 11 energy=-6.152151  maxlinkdim=195 maxerr=7.38E-08 time=1.892
After sweep 12 energy=-6.1582065  maxlinkdim=179 maxerr=1.23E-07 time=1.925
After sweep 13 energy=-6.161523  maxlinkdim=194 maxerr=7.88E-10 time=1.931
After sweep 14 energy=-6.163465  maxlinkdim=229 maxerr=1.10E-07 time=1.961
After sweep 15 energy=-6.1648045  maxlinkdim=195 maxerr=7.94E-10 time=1.980
After sweep 16 energy=-6.1656084  maxlinkdim=203 maxerr=3.50E-08 time=2.079
After sweep 17 energy=-6.1660876  maxlinkdim=201 maxerr=1.22E-09 time=2.195
After sweep 18 energy=-6.1661906  maxlinkdim=189 maxerr=1.50E-07 time=2.260
After sweep 19 energy=-6.166194  maxlinkdim=189 maxerr=3.71E-09 time=2.331
After sweep 20 energy=-6.166212  maxlinkdim=193 maxerr=3.08E-08 time=2.428
After sweep 21 energy=-6.1661873  maxlinkdim=185 maxerr=1.06E-07 time=2.491
After sweep 22 energy=-6.1661634  maxlinkdim=188 maxerr=1.01E-08 time=2.486
After sweep 23 energy=-6.166177  maxlinkdim=185 maxerr=5.49E-08 time=2.503
After sweep 24 energy=-6.166172  maxlinkdim=188 maxerr=1.63E-07 time=2.493
After sweep 25 energy=-6.1661506  maxlinkdim=186 maxerr=4.02E-08 time=2.495
After sweep 26 energy=-6.1661887  maxlinkdim=184 maxerr=3.21E-08 time=2.507
After sweep 27 energy=-6.1661873  maxlinkdim=184 maxerr=6.23E-08 time=2.491
After sweep 28 energy=-6.1661596  maxlinkdim=186 maxerr=9.99E-11 time=2.510
After sweep 29 energy=-6.166154  maxlinkdim=185 maxerr=1.59E-08 time=2.500
After sweep 30 energy=-6.166177  maxlinkdim=188 maxerr=1.02E-09 time=2.501
Same mu: -2.6463267332332574 and continuing
Target density achieved with mu=-2.6463267332332574, n=0.49999675
Checking {alpha,beta} vs measured
Alpha not converged.
NOT CONVERGED; updating alpha, beta and continuing...
After sweep 1 energy=-4.7862635  maxlinkdim=16 maxerr=2.92E-07 time=0.543
After sweep 2 energy=-5.8079967  maxlinkdim=181 maxerr=1.10E-07 time=1.288
After sweep 3 energy=-5.916449  maxlinkdim=200 maxerr=1.57E-07 time=2.199
After sweep 4 energy=-5.981904  maxlinkdim=187 maxerr=2.05E-07 time=2.210
After sweep 5 energy=-6.0318694  maxlinkdim=216 maxerr=1.30E-07 time=2.030
After sweep 6 energy=-6.067933  maxlinkdim=188 maxerr=1.76E-09 time=1.909
After sweep 7 energy=-6.098741  maxlinkdim=263 maxerr=1.96E-09 time=1.888
After sweep 8 energy=-6.1202073  maxlinkdim=230 maxerr=3.10E-07 time=1.983
After sweep 9 energy=-6.1345186  maxlinkdim=193 maxerr=9.99E-11 time=1.913
After sweep 10 energy=-6.145181  maxlinkdim=219 maxerr=8.56E-10 time=1.890
After sweep 11 energy=-6.1532273  maxlinkdim=212 maxerr=2.84E-08 time=1.927
After sweep 12 energy=-6.158859  maxlinkdim=187 maxerr=5.44E-08 time=1.955
After sweep 13 energy=-6.162138  maxlinkdim=201 maxerr=1.08E-09 time=1.951
After sweep 14 energy=-6.164136  maxlinkdim=205 maxerr=4.39E-08 time=2.009
After sweep 15 energy=-6.1651897  maxlinkdim=212 maxerr=1.72E-07 time=2.001
After sweep 16 energy=-6.165756  maxlinkdim=190 maxerr=6.45E-10 time=2.118
After sweep 17 energy=-6.1660547  maxlinkdim=204 maxerr=9.98E-11 time=2.163
After sweep 18 energy=-6.166143  maxlinkdim=194 maxerr=6.44E-10 time=2.281
After sweep 19 energy=-6.166198  maxlinkdim=191 maxerr=9.71E-10 time=2.366
After sweep 20 energy=-6.166221  maxlinkdim=189 maxerr=2.20E-07 time=2.445
After sweep 21 energy=-6.1661706  maxlinkdim=186 maxerr=1.08E-07 time=2.499
After sweep 22 energy=-6.1661706  maxlinkdim=187 maxerr=1.08E-07 time=2.500
After sweep 23 energy=-6.1661735  maxlinkdim=185 maxerr=6.02E-09 time=2.498
After sweep 24 energy=-6.166175  maxlinkdim=184 maxerr=1.63E-07 time=2.489
After sweep 25 energy=-6.166175  maxlinkdim=192 maxerr=9.96E-10 time=2.497
After sweep 26 energy=-6.166168  maxlinkdim=184 maxerr=2.15E-07 time=2.502
After sweep 27 energy=-6.166174  maxlinkdim=188 maxerr=1.99E-08 time=2.502
After sweep 28 energy=-6.166193  maxlinkdim=186 maxerr=1.00E-10 time=2.511
After sweep 29 energy=-6.1661806  maxlinkdim=184 maxerr=1.68E-09 time=2.508
After sweep 30 energy=-6.166212  maxlinkdim=186 maxerr=2.93E-07 time=2.504
Same mu: -2.6463267332332574 and continuing
Target density achieved with mu=-2.6463267332332574, n=0.49999833
Checking {alpha,beta} vs measured
Alpha not converged.
NOT CONVERGED; updating alpha, beta and continuing...
After sweep 1 energy=-4.7871714  maxlinkdim=16 maxerr=1.49E-07 time=0.536
After sweep 2 energy=-5.804772  maxlinkdim=173 maxerr=1.51E-08 time=1.254
After sweep 3 energy=-5.9146805  maxlinkdim=187 maxerr=1.52E-09 time=2.078
After sweep 4 energy=-5.979776  maxlinkdim=208 maxerr=8.81E-10 time=2.125
After sweep 5 energy=-6.02924  maxlinkdim=207 maxerr=1.29E-07 time=2.029
After sweep 6 energy=-6.0645413  maxlinkdim=177 maxerr=1.17E-07 time=1.894
After sweep 7 energy=-6.095126  maxlinkdim=191 maxerr=4.17E-09 time=1.866
After sweep 8 energy=-6.116595  maxlinkdim=175 maxerr=1.89E-07 time=1.822
After sweep 9 energy=-6.1321135  maxlinkdim=167 maxerr=8.44E-08 time=1.799
After sweep 10 energy=-6.1436057  maxlinkdim=183 maxerr=9.96E-11 time=1.788
After sweep 11 energy=-6.153536  maxlinkdim=180 maxerr=1.73E-07 time=1.874
After sweep 12 energy=-6.1594205  maxlinkdim=173 maxerr=5.12E-08 time=1.913
After sweep 13 energy=-6.162278  maxlinkdim=237 maxerr=4.11E-07 time=1.888
After sweep 14 energy=-6.163991  maxlinkdim=184 maxerr=4.23E-10 time=1.917
After sweep 15 energy=-6.1651096  maxlinkdim=175 maxerr=1.20E-09 time=1.961
After sweep 16 energy=-6.165803  maxlinkdim=190 maxerr=7.96E-10 time=2.042
After sweep 17 energy=-6.16611  maxlinkdim=192 maxerr=6.24E-08 time=2.129
After sweep 18 energy=-6.1661835  maxlinkdim=196 maxerr=4.90E-10 time=2.239
After sweep 19 energy=-6.166197  maxlinkdim=190 maxerr=9.99E-11 time=2.352
After sweep 20 energy=-6.166202  maxlinkdim=190 maxerr=5.36E-10 time=2.492
After sweep 21 energy=-6.1661973  maxlinkdim=184 maxerr=9.74E-10 time=2.510
After sweep 22 energy=-6.1661897  maxlinkdim=187 maxerr=1.00E-10 time=2.487
After sweep 23 energy=-6.1661806  maxlinkdim=187 maxerr=1.00E-10 time=2.497
After sweep 24 energy=-6.166172  maxlinkdim=186 maxerr=1.00E-10 time=2.514
After sweep 25 energy=-6.166176  maxlinkdim=186 maxerr=1.61E-09 time=2.504
After sweep 26 energy=-6.166201  maxlinkdim=185 maxerr=8.59E-10 time=2.492
After sweep 27 energy=-6.166198  maxlinkdim=184 maxerr=9.13E-10 time=2.500
After sweep 28 energy=-6.1661844  maxlinkdim=185 maxerr=3.51E-10 time=2.498
After sweep 29 energy=-6.166165  maxlinkdim=184 maxerr=2.33E-08 time=2.505
After sweep 30 energy=-6.1662025  maxlinkdim=185 maxerr=1.57E-08 time=2.497
Same mu: -2.6463267332332574 and continuing
Target density achieved with mu=-2.6463267332332574, n=0.4999974
Checking {alpha,beta} vs measured
Alpha not converged.
NOT CONVERGED; updating alpha, beta and continuing...
After sweep 1 energy=-4.7863264  maxlinkdim=16 maxerr=2.04E-07 time=0.551
After sweep 2 energy=-5.796523  maxlinkdim=177 maxerr=7.99E-08 time=1.190
After sweep 3 energy=-5.9074364  maxlinkdim=175 maxerr=2.98E-09 time=2.067
After sweep 4 energy=-5.9758205  maxlinkdim=186 maxerr=1.65E-09 time=2.097
After sweep 5 energy=-6.0285964  maxlinkdim=217 maxerr=2.14E-09 time=2.026
After sweep 6 energy=-6.065532  maxlinkdim=186 maxerr=2.30E-09 time=1.925
After sweep 7 energy=-6.094115  maxlinkdim=241 maxerr=1.03E-07 time=1.857
After sweep 8 energy=-6.1168456  maxlinkdim=188 maxerr=1.04E-09 time=1.845
After sweep 9 energy=-6.132418  maxlinkdim=174 maxerr=2.52E-07 time=1.823
After sweep 10 energy=-6.1433144  maxlinkdim=182 maxerr=7.62E-08 time=1.784
After sweep 11 energy=-6.1518335  maxlinkdim=168 maxerr=1.51E-09 time=1.837
After sweep 12 energy=-6.157849  maxlinkdim=182 maxerr=1.25E-09 time=1.871
After sweep 13 energy=-6.1613464  maxlinkdim=178 maxerr=1.02E-09 time=1.903
After sweep 14 energy=-6.163472  maxlinkdim=188 maxerr=1.08E-09 time=1.913
After sweep 15 energy=-6.1648426  maxlinkdim=185 maxerr=2.36E-08 time=1.987
After sweep 16 energy=-6.1657705  maxlinkdim=186 maxerr=1.61E-07 time=2.073
After sweep 17 energy=-6.1660604  maxlinkdim=180 maxerr=8.23E-08 time=2.177
After sweep 18 energy=-6.1662064  maxlinkdim=185 maxerr=5.32E-10 time=2.175
After sweep 19 energy=-6.166248  maxlinkdim=194 maxerr=5.61E-08 time=2.298
After sweep 20 energy=-6.166212  maxlinkdim=189 maxerr=9.48E-08 time=2.450
After sweep 21 energy=-6.1661696  maxlinkdim=187 maxerr=1.71E-08 time=2.503
After sweep 22 energy=-6.1662025  maxlinkdim=187 maxerr=2.64E-08 time=2.495
After sweep 23 energy=-6.1661897  maxlinkdim=189 maxerr=9.37E-10 time=2.477
After sweep 24 energy=-6.166193  maxlinkdim=186 maxerr=1.29E-07 time=2.504
After sweep 25 energy=-6.1662035  maxlinkdim=184 maxerr=5.60E-08 time=2.493
After sweep 26 energy=-6.166181  maxlinkdim=194 maxerr=4.95E-08 time=2.504
After sweep 27 energy=-6.166175  maxlinkdim=186 maxerr=3.14E-10 time=2.494
After sweep 28 energy=-6.166197  maxlinkdim=186 maxerr=9.28E-08 time=2.512
After sweep 29 energy=-6.1661873  maxlinkdim=183 maxerr=1.02E-07 time=2.499
After sweep 30 energy=-6.1661897  maxlinkdim=186 maxerr=1.39E-07 time=2.514
Same mu: -2.6463267332332574 and continuing
Target density achieved with mu=-2.6463267332332574, n=0.49999824
Checking {alpha,beta} vs measured
Alpha not converged.
NOT CONVERGED; updating alpha, beta and continuing...
After sweep 1 energy=-4.7911124  maxlinkdim=16 maxerr=2.75E-07 time=0.542
After sweep 2 energy=-5.795936  maxlinkdim=178 maxerr=1.36E-08 time=1.263
After sweep 3 energy=-5.908446  maxlinkdim=202 maxerr=1.11E-09 time=2.061
After sweep 4 energy=-5.97742  maxlinkdim=193 maxerr=1.28E-09 time=2.159
After sweep 5 energy=-6.030712  maxlinkdim=212 maxerr=4.55E-08 time=2.090
After sweep 6 energy=-6.068112  maxlinkdim=191 maxerr=1.46E-09 time=2.046
After sweep 7 energy=-6.097899  maxlinkdim=239 maxerr=3.80E-08 time=1.954
After sweep 8 energy=-6.119604  maxlinkdim=195 maxerr=9.39E-08 time=1.987
After sweep 9 energy=-6.134889  maxlinkdim=216 maxerr=2.18E-09 time=1.904
After sweep 10 energy=-6.145752  maxlinkdim=184 maxerr=2.07E-09 time=1.925
After sweep 11 energy=-6.154261  maxlinkdim=194 maxerr=5.95E-10 time=1.951
After sweep 12 energy=-6.1602607  maxlinkdim=195 maxerr=1.26E-09 time=1.996
After sweep 13 energy=-6.16288  maxlinkdim=166 maxerr=1.63E-07 time=1.896
After sweep 14 energy=-6.164494  maxlinkdim=171 maxerr=8.93E-10 time=1.935
After sweep 15 energy=-6.165497  maxlinkdim=194 maxerr=1.39E-07 time=1.977
After sweep 16 energy=-6.1659455  maxlinkdim=199 maxerr=9.99E-11 time=2.082
After sweep 17 energy=-6.1661735  maxlinkdim=193 maxerr=1.00E-10 time=2.196
After sweep 18 energy=-6.166196  maxlinkdim=189 maxerr=2.20E-09 time=2.319
After sweep 19 energy=-6.1662064  maxlinkdim=195 maxerr=4.01E-07 time=2.398
After sweep 20 energy=-6.1661954  maxlinkdim=188 maxerr=8.23E-08 time=2.504
After sweep 21 energy=-6.1661806  maxlinkdim=186 maxerr=1.00E-10 time=2.513
After sweep 22 energy=-6.1661797  maxlinkdim=185 maxerr=9.99E-11 time=2.508
After sweep 23 energy=-6.166173  maxlinkdim=188 maxerr=1.70E-07 time=2.490
After sweep 24 energy=-6.1661544  maxlinkdim=186 maxerr=1.30E-09 time=2.488
After sweep 25 energy=-6.166191  maxlinkdim=186 maxerr=1.01E-09 time=2.503
After sweep 26 energy=-6.1661754  maxlinkdim=186 maxerr=9.99E-11 time=2.505
After sweep 27 energy=-6.1661806  maxlinkdim=186 maxerr=7.70E-08 time=2.495
After sweep 28 energy=-6.1661725  maxlinkdim=196 maxerr=1.15E-07 time=2.506
After sweep 29 energy=-6.166168  maxlinkdim=185 maxerr=9.63E-10 time=2.511
After sweep 30 energy=-6.1661835  maxlinkdim=185 maxerr=1.57E-07 time=2.496
Same mu: -2.6463267332332574 and continuing
Target density achieved with mu=-2.6463267332332574, n=0.49999878
Checking {alpha,beta} vs measured
Alpha not converged.
NOT CONVERGED; updating alpha, beta and continuing...
After sweep 1 energy=-4.7826924  maxlinkdim=16 maxerr=2.53E-07 time=0.543
After sweep 2 energy=-5.8063307  maxlinkdim=177 maxerr=1.16E-08 time=1.274
After sweep 3 energy=-5.917958  maxlinkdim=205 maxerr=1.46E-09 time=2.096
After sweep 4 energy=-5.98243  maxlinkdim=201 maxerr=4.08E-09 time=2.159
After sweep 5 energy=-6.033601  maxlinkdim=204 maxerr=1.32E-08 time=2.044
After sweep 6 energy=-6.068743  maxlinkdim=187 maxerr=2.73E-09 time=1.895
After sweep 7 energy=-6.0980015  maxlinkdim=238 maxerr=9.45E-08 time=1.830
After sweep 8 energy=-6.1192307  maxlinkdim=198 maxerr=1.52E-08 time=1.840
After sweep 9 energy=-6.133939  maxlinkdim=179 maxerr=8.12E-08 time=1.835
After sweep 10 energy=-6.144348  maxlinkdim=179 maxerr=8.15E-10 time=1.815
After sweep 11 energy=-6.152102  maxlinkdim=240 maxerr=6.86E-08 time=1.830
After sweep 12 energy=-6.1579123  maxlinkdim=221 maxerr=1.66E-08 time=1.949
After sweep 13 energy=-6.1613197  maxlinkdim=182 maxerr=2.18E-07 time=1.896
After sweep 14 energy=-6.1634407  maxlinkdim=204 maxerr=8.45E-08 time=1.900
After sweep 15 energy=-6.164815  maxlinkdim=174 maxerr=3.85E-08 time=1.956
After sweep 16 energy=-6.165758  maxlinkdim=195 maxerr=9.63E-08 time=2.064
After sweep 17 energy=-6.1660957  maxlinkdim=190 maxerr=5.54E-08 time=2.174
After sweep 18 energy=-6.1661773  maxlinkdim=187 maxerr=4.16E-08 time=2.218
After sweep 19 energy=-6.1662154  maxlinkdim=190 maxerr=1.12E-07 time=2.329
After sweep 20 energy=-6.166213  maxlinkdim=194 maxerr=8.97E-10 time=2.449
After sweep 21 energy=-6.1661654  maxlinkdim=186 maxerr=9.98E-11 time=2.515
After sweep 22 energy=-6.166168  maxlinkdim=186 maxerr=6.64E-10 time=2.494
After sweep 23 energy=-6.166174  maxlinkdim=185 maxerr=4.40E-08 time=2.484
After sweep 24 energy=-6.166154  maxlinkdim=186 maxerr=1.00E-10 time=2.497
After sweep 25 energy=-6.166182  maxlinkdim=185 maxerr=1.87E-07 time=2.498
After sweep 26 energy=-6.166198  maxlinkdim=184 maxerr=4.69E-08 time=2.502
After sweep 27 energy=-6.166195  maxlinkdim=186 maxerr=1.00E-10 time=2.493
After sweep 28 energy=-6.166188  maxlinkdim=187 maxerr=1.40E-07 time=2.515
After sweep 29 energy=-6.166199  maxlinkdim=186 maxerr=1.09E-09 time=2.493
After sweep 30 energy=-6.166221  maxlinkdim=185 maxerr=3.51E-10 time=2.498
Same mu: -2.6463267332332574 and continuing
Target density achieved with mu=-2.6463267332332574, n=0.4999989
Checking {alpha,beta} vs measured
Alpha not converged.
NOT CONVERGED; updating alpha, beta and continuing...
After sweep 1 energy=-4.783522  maxlinkdim=16 maxerr=2.78E-07 time=0.555
After sweep 2 energy=-5.809599  maxlinkdim=171 maxerr=1.54E-07 time=1.208
After sweep 3 energy=-5.917512  maxlinkdim=196 maxerr=9.70E-08 time=2.115
After sweep 4 energy=-5.981559  maxlinkdim=191 maxerr=5.38E-08 time=2.064
After sweep 5 energy=-6.030398  maxlinkdim=196 maxerr=1.69E-09 time=1.969
After sweep 6 energy=-6.0665617  maxlinkdim=174 maxerr=1.62E-07 time=1.852
After sweep 7 energy=-6.097607  maxlinkdim=199 maxerr=2.12E-09 time=1.874
After sweep 8 energy=-6.1194158  maxlinkdim=195 maxerr=4.43E-08 time=1.865
After sweep 9 energy=-6.1339593  maxlinkdim=176 maxerr=1.16E-07 time=1.819
After sweep 10 energy=-6.144566  maxlinkdim=178 maxerr=8.94E-08 time=1.792
After sweep 11 energy=-6.1529284  maxlinkdim=189 maxerr=7.72E-10 time=1.836
After sweep 12 energy=-6.158488  maxlinkdim=177 maxerr=1.12E-08 time=1.874
After sweep 13 energy=-6.1618643  maxlinkdim=163 maxerr=5.37E-10 time=1.872
After sweep 14 energy=-6.1636553  maxlinkdim=163 maxerr=1.33E-07 time=1.868
After sweep 15 energy=-6.1649857  maxlinkdim=187 maxerr=1.15E-07 time=1.933
After sweep 16 energy=-6.165866  maxlinkdim=213 maxerr=4.84E-10 time=2.100
After sweep 17 energy=-6.16609  maxlinkdim=191 maxerr=2.49E-08 time=2.119
After sweep 18 energy=-6.166173  maxlinkdim=189 maxerr=7.68E-10 time=2.194
After sweep 19 energy=-6.1662207  maxlinkdim=195 maxerr=4.43E-10 time=2.329
After sweep 20 energy=-6.166211  maxlinkdim=191 maxerr=1.80E-09 time=2.448
After sweep 21 energy=-6.1661873  maxlinkdim=186 maxerr=3.36E-08 time=2.507
After sweep 22 energy=-6.166214  maxlinkdim=186 maxerr=1.40E-09 time=2.501
After sweep 23 energy=-6.1662006  maxlinkdim=183 maxerr=1.95E-07 time=2.479
After sweep 24 energy=-6.1661854  maxlinkdim=196 maxerr=9.99E-11 time=2.513
After sweep 25 energy=-6.1661577  maxlinkdim=184 maxerr=6.84E-10 time=2.487
After sweep 26 energy=-6.1661983  maxlinkdim=185 maxerr=1.00E-10 time=2.485
After sweep 27 energy=-6.166198  maxlinkdim=189 maxerr=4.25E-09 time=2.505
After sweep 28 energy=-6.16623  maxlinkdim=185 maxerr=6.78E-08 time=2.500
After sweep 29 energy=-6.166155  maxlinkdim=187 maxerr=1.61E-09 time=2.509
After sweep 30 energy=-6.1661863  maxlinkdim=186 maxerr=3.49E-08 time=2.487
Same mu: -2.6463267332332574 and continuing
Target density achieved with mu=-2.6463267332332574, n=0.49999833
Checking {alpha,beta} vs measured
Alpha not converged.
NOT CONVERGED; updating alpha, beta and continuing...
After sweep 1 energy=-4.7873163  maxlinkdim=16 maxerr=2.70E-07 time=0.538
After sweep 2 energy=-5.804768  maxlinkdim=170 maxerr=1.55E-08 time=1.246
After sweep 3 energy=-5.9151034  maxlinkdim=203 maxerr=1.11E-07 time=2.110
After sweep 4 energy=-5.9797764  maxlinkdim=196 maxerr=1.23E-09 time=2.166
After sweep 5 energy=-6.0310574  maxlinkdim=231 maxerr=3.51E-09 time=2.030
After sweep 6 energy=-6.067573  maxlinkdim=193 maxerr=1.70E-09 time=1.996
After sweep 7 energy=-6.0961843  maxlinkdim=192 maxerr=5.21E-08 time=1.888
After sweep 8 energy=-6.119058  maxlinkdim=224 maxerr=1.28E-07 time=1.927
After sweep 9 energy=-6.1340303  maxlinkdim=209 maxerr=9.42E-08 time=1.874
After sweep 10 energy=-6.1449413  maxlinkdim=257 maxerr=9.36E-09 time=1.846
After sweep 11 energy=-6.153078  maxlinkdim=265 maxerr=1.83E-08 time=1.952
After sweep 12 energy=-6.158526  maxlinkdim=181 maxerr=1.46E-08 time=1.944
After sweep 13 energy=-6.161741  maxlinkdim=189 maxerr=1.33E-07 time=1.942
After sweep 14 energy=-6.1637096  maxlinkdim=188 maxerr=1.82E-07 time=1.906
After sweep 15 energy=-6.164954  maxlinkdim=188 maxerr=1.18E-08 time=1.959
After sweep 16 energy=-6.165623  maxlinkdim=182 maxerr=7.19E-10 time=2.044
After sweep 17 energy=-6.1660147  maxlinkdim=192 maxerr=9.21E-10 time=2.125
After sweep 18 energy=-6.1661406  maxlinkdim=191 maxerr=2.79E-07 time=2.155
After sweep 19 energy=-6.1662326  maxlinkdim=190 maxerr=1.00E-10 time=2.256
After sweep 20 energy=-6.166234  maxlinkdim=197 maxerr=1.49E-10 time=2.380
After sweep 21 energy=-6.166197  maxlinkdim=188 maxerr=3.38E-08 time=2.467
After sweep 22 energy=-6.166191  maxlinkdim=188 maxerr=6.01E-10 time=2.507
After sweep 23 energy=-6.16617  maxlinkdim=184 maxerr=1.42E-09 time=2.489
After sweep 24 energy=-6.166217  maxlinkdim=184 maxerr=9.40E-10 time=2.494
After sweep 25 energy=-6.1661744  maxlinkdim=184 maxerr=6.73E-08 time=2.487
After sweep 26 energy=-6.166204  maxlinkdim=184 maxerr=9.76E-08 time=2.499
After sweep 27 energy=-6.1661925  maxlinkdim=188 maxerr=3.40E-08 time=2.503
After sweep 28 energy=-6.166173  maxlinkdim=183 maxerr=1.78E-08 time=2.496
After sweep 29 energy=-6.166181  maxlinkdim=186 maxerr=1.00E-10 time=2.514
After sweep 30 energy=-6.166172  maxlinkdim=186 maxerr=1.19E-09 time=2.500
Same mu: -2.6463267332332574 and continuing
Target density achieved with mu=-2.6463267332332574, n=0.49999756
Checking {alpha,beta} vs measured
Alpha not converged.
NOT CONVERGED; updating alpha, beta and continuing...
After sweep 1 energy=-4.781681  maxlinkdim=16 maxerr=3.79E-07 time=0.553
After sweep 2 energy=-5.802733  maxlinkdim=170 maxerr=1.82E-08 time=1.289
After sweep 3 energy=-5.913939  maxlinkdim=197 maxerr=3.42E-09 time=2.141
After sweep 4 energy=-5.9809203  maxlinkdim=191 maxerr=1.41E-09 time=2.178
After sweep 5 energy=-6.031001  maxlinkdim=202 maxerr=2.37E-09 time=2.019
After sweep 6 energy=-6.0684824  maxlinkdim=199 maxerr=9.59E-08 time=1.906
After sweep 7 energy=-6.09966  maxlinkdim=223 maxerr=1.75E-09 time=1.871
After sweep 8 energy=-6.122479  maxlinkdim=228 maxerr=1.03E-07 time=2.018
After sweep 9 energy=-6.1369476  maxlinkdim=220 maxerr=9.67E-10 time=1.931
After sweep 10 energy=-6.1466875  maxlinkdim=244 maxerr=8.89E-10 time=1.852
After sweep 11 energy=-6.153765  maxlinkdim=220 maxerr=6.77E-10 time=1.885
After sweep 12 energy=-6.1588306  maxlinkdim=227 maxerr=1.56E-07 time=1.974
After sweep 13 energy=-6.162282  maxlinkdim=219 maxerr=1.59E-09 time=2.045
After sweep 14 energy=-6.164383  maxlinkdim=246 maxerr=3.12E-07 time=2.051
After sweep 15 energy=-6.165389  maxlinkdim=213 maxerr=1.00E-10 time=2.069
After sweep 16 energy=-6.165977  maxlinkdim=193 maxerr=1.00E-10 time=2.145
After sweep 17 energy=-6.166117  maxlinkdim=204 maxerr=1.39E-09 time=2.216
After sweep 18 energy=-6.166192  maxlinkdim=190 maxerr=8.49E-08 time=2.243
After sweep 19 energy=-6.1662273  maxlinkdim=193 maxerr=1.05E-07 time=2.365
After sweep 20 energy=-6.166175  maxlinkdim=196 maxerr=1.37E-07 time=2.480
After sweep 21 energy=-6.166209  maxlinkdim=186 maxerr=4.55E-08 time=2.517
After sweep 22 energy=-6.1661873  maxlinkdim=188 maxerr=1.33E-07 time=2.498
After sweep 23 energy=-6.166191  maxlinkdim=187 maxerr=5.95E-08 time=2.490
After sweep 24 energy=-6.166194  maxlinkdim=188 maxerr=1.53E-09 time=2.501
After sweep 25 energy=-6.1661854  maxlinkdim=187 maxerr=8.38E-08 time=2.498
After sweep 26 energy=-6.1661468  maxlinkdim=187 maxerr=1.22E-09 time=2.489
After sweep 27 energy=-6.1661663  maxlinkdim=186 maxerr=1.34E-09 time=2.498
After sweep 28 energy=-6.1661906  maxlinkdim=188 maxerr=1.34E-07 time=2.508
After sweep 29 energy=-6.1661725  maxlinkdim=184 maxerr=1.00E-10 time=2.501
After sweep 30 energy=-6.1661634  maxlinkdim=187 maxerr=6.47E-10 time=2.509
Same mu: -2.6463267332332574 and continuing
Target density achieved with mu=-2.6463267332332574, n=0.49999633
Checking {alpha,beta} vs measured
Alpha not converged.
NOT CONVERGED; updating alpha, beta and continuing...
After sweep 1 energy=-4.7765  maxlinkdim=16 maxerr=2.96E-07 time=0.560
After sweep 2 energy=-5.8001566  maxlinkdim=175 maxerr=1.25E-08 time=1.201
After sweep 3 energy=-5.9125504  maxlinkdim=192 maxerr=6.72E-08 time=2.150
After sweep 4 energy=-5.978938  maxlinkdim=195 maxerr=3.67E-09 time=2.184
After sweep 5 energy=-6.0311565  maxlinkdim=219 maxerr=6.30E-10 time=2.083
After sweep 6 energy=-6.0686536  maxlinkdim=178 maxerr=8.04E-09 time=1.976
After sweep 7 energy=-6.0980716  maxlinkdim=222 maxerr=1.92E-07 time=1.927
After sweep 8 energy=-6.1188984  maxlinkdim=197 maxerr=1.74E-07 time=1.907
After sweep 9 energy=-6.1334963  maxlinkdim=172 maxerr=6.03E-08 time=1.833
After sweep 10 energy=-6.1447535  maxlinkdim=201 maxerr=1.15E-07 time=1.864
After sweep 11 energy=-6.153352  maxlinkdim=236 maxerr=1.34E-07 time=1.907
After sweep 12 energy=-6.159362  maxlinkdim=223 maxerr=1.36E-09 time=1.994
After sweep 13 energy=-6.1623225  maxlinkdim=170 maxerr=1.13E-07 time=1.937
After sweep 14 energy=-6.1640306  maxlinkdim=170 maxerr=1.72E-09 time=1.882
After sweep 15 energy=-6.16537  maxlinkdim=178 maxerr=2.29E-08 time=2.019
After sweep 16 energy=-6.165988  maxlinkdim=187 maxerr=4.73E-08 time=2.108
After sweep 17 energy=-6.1661816  maxlinkdim=191 maxerr=1.36E-09 time=2.194
After sweep 18 energy=-6.1662035  maxlinkdim=189 maxerr=9.99E-11 time=2.293
After sweep 19 energy=-6.166192  maxlinkdim=198 maxerr=1.78E-07 time=2.406
After sweep 20 energy=-6.166194  maxlinkdim=187 maxerr=1.88E-07 time=2.485
After sweep 21 energy=-6.1661663  maxlinkdim=185 maxerr=4.13E-09 time=2.501
After sweep 22 energy=-6.16618  maxlinkdim=186 maxerr=1.47E-07 time=2.484
After sweep 23 energy=-6.1661873  maxlinkdim=185 maxerr=1.21E-07 time=2.473
After sweep 24 energy=-6.1661606  maxlinkdim=188 maxerr=9.99E-11 time=2.500
After sweep 25 energy=-6.1661854  maxlinkdim=187 maxerr=7.12E-10 time=2.503
After sweep 26 energy=-6.16616  maxlinkdim=186 maxerr=2.27E-07 time=2.485
After sweep 27 energy=-6.1662188  maxlinkdim=185 maxerr=4.33E-10 time=2.492
After sweep 28 energy=-6.1661587  maxlinkdim=184 maxerr=7.62E-10 time=2.505
After sweep 29 energy=-6.1661954  maxlinkdim=185 maxerr=3.17E-08 time=2.487
After sweep 30 energy=-6.1661935  maxlinkdim=189 maxerr=1.21E-08 time=2.502
Same mu: -2.6463267332332574 and continuing
Target density achieved with mu=-2.6463267332332574, n=0.49999768
Checking {alpha,beta} vs measured
Alpha not converged.
NOT CONVERGED; updating alpha, beta and continuing...
After sweep 1 energy=-4.794503  maxlinkdim=16 maxerr=1.93E-07 time=0.546
After sweep 2 energy=-5.8005333  maxlinkdim=172 maxerr=1.42E-07 time=1.267
After sweep 3 energy=-5.9112167  maxlinkdim=205 maxerr=3.88E-09 time=2.061
After sweep 4 energy=-5.9760823  maxlinkdim=200 maxerr=8.49E-08 time=2.129
After sweep 5 energy=-6.026271  maxlinkdim=206 maxerr=3.79E-08 time=2.023
After sweep 6 energy=-6.063499  maxlinkdim=168 maxerr=6.83E-08 time=1.921
After sweep 7 energy=-6.0938334  maxlinkdim=243 maxerr=2.43E-09 time=1.860
After sweep 8 energy=-6.116622  maxlinkdim=283 maxerr=1.69E-07 time=1.856
After sweep 9 energy=-6.1321015  maxlinkdim=178 maxerr=4.57E-08 time=1.800
After sweep 10 energy=-6.1431284  maxlinkdim=201 maxerr=1.21E-07 time=1.808
After sweep 11 energy=-6.151384  maxlinkdim=178 maxerr=7.11E-08 time=1.848
After sweep 12 energy=-6.157572  maxlinkdim=194 maxerr=4.85E-08 time=1.882
After sweep 13 energy=-6.1613092  maxlinkdim=171 maxerr=1.03E-09 time=1.881
After sweep 14 energy=-6.1633306  maxlinkdim=184 maxerr=4.90E-08 time=1.898
After sweep 15 energy=-6.164805  maxlinkdim=235 maxerr=8.89E-10 time=1.967
After sweep 16 energy=-6.1656723  maxlinkdim=179 maxerr=7.88E-08 time=2.083
After sweep 17 energy=-6.1659937  maxlinkdim=192 maxerr=2.53E-08 time=2.084
After sweep 18 energy=-6.166161  maxlinkdim=188 maxerr=9.98E-11 time=2.172
After sweep 19 energy=-6.1662316  maxlinkdim=198 maxerr=8.63E-10 time=2.272
After sweep 20 energy=-6.1662173  maxlinkdim=193 maxerr=2.03E-07 time=2.401
After sweep 21 energy=-6.166216  maxlinkdim=187 maxerr=1.34E-07 time=2.485
After sweep 22 energy=-6.166177  maxlinkdim=186 maxerr=1.35E-08 time=2.512
After sweep 23 energy=-6.1662  maxlinkdim=186 maxerr=1.00E-10 time=2.479
After sweep 24 energy=-6.1661854  maxlinkdim=185 maxerr=1.39E-09 time=2.485
After sweep 25 energy=-6.1662006  maxlinkdim=183 maxerr=2.09E-08 time=2.495
After sweep 26 energy=-6.1661882  maxlinkdim=187 maxerr=1.12E-07 time=2.489
After sweep 27 energy=-6.166173  maxlinkdim=188 maxerr=1.68E-07 time=2.509
After sweep 28 energy=-6.16617  maxlinkdim=184 maxerr=6.52E-08 time=2.495
After sweep 29 energy=-6.1661906  maxlinkdim=185 maxerr=9.13E-10 time=2.494
After sweep 30 energy=-6.1662073  maxlinkdim=187 maxerr=9.99E-11 time=2.519
Same mu: -2.6463267332332574 and continuing
Target density achieved with mu=-2.6463267332332574, n=0.49999794
Checking {alpha,beta} vs measured
Alpha not converged.
NOT CONVERGED; updating alpha, beta and continuing...
After sweep 1 energy=-4.788122  maxlinkdim=16 maxerr=2.28E-07 time=0.552
After sweep 2 energy=-5.80809  maxlinkdim=181 maxerr=9.32E-08 time=1.300
After sweep 3 energy=-5.915203  maxlinkdim=185 maxerr=3.39E-08 time=2.096
After sweep 4 energy=-5.98322  maxlinkdim=175 maxerr=1.65E-07 time=2.077
After sweep 5 energy=-6.035664  maxlinkdim=193 maxerr=1.54E-07 time=2.004
After sweep 6 energy=-6.0721197  maxlinkdim=171 maxerr=1.52E-09 time=1.927
After sweep 7 energy=-6.1016536  maxlinkdim=251 maxerr=1.27E-08 time=1.956
After sweep 8 energy=-6.121768  maxlinkdim=199 maxerr=7.89E-08 time=1.984
After sweep 9 energy=-6.135598  maxlinkdim=194 maxerr=3.27E-08 time=1.880
After sweep 10 energy=-6.1457257  maxlinkdim=191 maxerr=1.26E-09 time=1.803
After sweep 11 energy=-6.1535997  maxlinkdim=187 maxerr=6.02E-08 time=1.856
After sweep 12 energy=-6.1585956  maxlinkdim=184 maxerr=1.21E-07 time=1.909
After sweep 13 energy=-6.161619  maxlinkdim=165 maxerr=1.83E-07 time=1.845
After sweep 14 energy=-6.163619  maxlinkdim=178 maxerr=3.92E-08 time=1.891
After sweep 15 energy=-6.16492  maxlinkdim=188 maxerr=1.20E-07 time=1.975
After sweep 16 energy=-6.1657953  maxlinkdim=188 maxerr=4.34E-08 time=2.084
After sweep 17 energy=-6.1660676  maxlinkdim=196 maxerr=4.90E-09 time=2.166
After sweep 18 energy=-6.1661887  maxlinkdim=196 maxerr=2.15E-09 time=2.240
After sweep 19 energy=-6.1661787  maxlinkdim=188 maxerr=9.99E-11 time=2.336
After sweep 20 energy=-6.166176  maxlinkdim=193 maxerr=8.37E-09 time=2.442
After sweep 21 energy=-6.166168  maxlinkdim=187 maxerr=9.99E-11 time=2.511
After sweep 22 energy=-6.166197  maxlinkdim=185 maxerr=1.03E-07 time=2.506
After sweep 23 energy=-6.166171  maxlinkdim=186 maxerr=1.85E-07 time=2.500
After sweep 24 energy=-6.166176  maxlinkdim=185 maxerr=1.14E-07 time=2.497
After sweep 25 energy=-6.1662  maxlinkdim=185 maxerr=1.00E-10 time=2.489
After sweep 26 energy=-6.166178  maxlinkdim=186 maxerr=7.68E-08 time=2.498
After sweep 27 energy=-6.1662197  maxlinkdim=185 maxerr=1.00E-10 time=2.492
After sweep 28 energy=-6.1661754  maxlinkdim=186 maxerr=1.91E-07 time=2.518
After sweep 29 energy=-6.1661987  maxlinkdim=186 maxerr=1.15E-07 time=2.500
After sweep 30 energy=-6.1662164  maxlinkdim=184 maxerr=1.66E-09 time=2.512
Same mu: -2.6463267332332574 and continuing
Target density achieved with mu=-2.6463267332332574, n=0.5000001
Checking {alpha,beta} vs measured
Alpha not converged.
NOT CONVERGED; updating alpha, beta and continuing...
After sweep 1 energy=-4.7776175  maxlinkdim=16 maxerr=2.02E-07 time=0.525
After sweep 2 energy=-5.797895  maxlinkdim=177 maxerr=1.66E-08 time=1.228
After sweep 3 energy=-5.907755  maxlinkdim=191 maxerr=1.13E-07 time=2.107
After sweep 4 energy=-5.9757795  maxlinkdim=190 maxerr=2.29E-09 time=2.100
After sweep 5 energy=-6.0271993  maxlinkdim=213 maxerr=4.02E-09 time=1.981
After sweep 6 energy=-6.065047  maxlinkdim=220 maxerr=1.50E-09 time=1.875
After sweep 7 energy=-6.095742  maxlinkdim=211 maxerr=2.30E-07 time=1.908
After sweep 8 energy=-6.117241  maxlinkdim=227 maxerr=8.28E-10 time=1.878
After sweep 9 energy=-6.1322665  maxlinkdim=178 maxerr=1.16E-10 time=1.869
After sweep 10 energy=-6.143409  maxlinkdim=175 maxerr=3.27E-08 time=1.808
After sweep 11 energy=-6.15185  maxlinkdim=182 maxerr=1.16E-09 time=1.860
After sweep 12 energy=-6.1576543  maxlinkdim=179 maxerr=6.16E-08 time=1.897
After sweep 13 energy=-6.161572  maxlinkdim=186 maxerr=1.00E-10 time=1.927
After sweep 14 energy=-6.1635413  maxlinkdim=165 maxerr=6.21E-09 time=1.918
After sweep 15 energy=-6.1648273  maxlinkdim=179 maxerr=9.11E-08 time=1.959
After sweep 16 energy=-6.16558  maxlinkdim=189 maxerr=1.11E-07 time=2.027
After sweep 17 energy=-6.166005  maxlinkdim=190 maxerr=1.38E-07 time=2.125
After sweep 18 energy=-6.1661844  maxlinkdim=185 maxerr=1.78E-09 time=2.183
After sweep 19 energy=-6.1662045  maxlinkdim=192 maxerr=9.50E-10 time=2.303
After sweep 20 energy=-6.166199  maxlinkdim=193 maxerr=1.45E-08 time=2.418
After sweep 21 energy=-6.1661806  maxlinkdim=185 maxerr=9.99E-11 time=2.508
After sweep 22 energy=-6.16619  maxlinkdim=184 maxerr=1.76E-09 time=2.497
After sweep 23 energy=-6.166175  maxlinkdim=185 maxerr=1.00E-09 time=2.472
After sweep 24 energy=-6.166156  maxlinkdim=186 maxerr=1.59E-07 time=2.512
After sweep 25 energy=-6.166174  maxlinkdim=187 maxerr=1.15E-07 time=2.491
After sweep 26 energy=-6.166172  maxlinkdim=188 maxerr=2.76E-10 time=2.489
After sweep 27 energy=-6.166169  maxlinkdim=185 maxerr=3.30E-09 time=2.514
After sweep 28 energy=-6.1661973  maxlinkdim=185 maxerr=7.96E-09 time=2.480
After sweep 29 energy=-6.166175  maxlinkdim=183 maxerr=2.50E-08 time=2.498
After sweep 30 energy=-6.166192  maxlinkdim=184 maxerr=7.10E-09 time=2.494
Same mu: -2.6463267332332574 and continuing
Target density achieved with mu=-2.6463267332332574, n=0.49999812
Checking {alpha,beta} vs measured
Alpha not converged.
NOT CONVERGED; updating alpha, beta and continuing...
After sweep 1 energy=-4.794898  maxlinkdim=16 maxerr=2.75E-07 time=0.537
After sweep 2 energy=-5.808094  maxlinkdim=180 maxerr=1.36E-08 time=1.258
After sweep 3 energy=-5.9171987  maxlinkdim=184 maxerr=1.22E-07 time=2.092
After sweep 4 energy=-5.9834905  maxlinkdim=184 maxerr=8.40E-08 time=2.115
After sweep 5 energy=-6.0332265  maxlinkdim=207 maxerr=6.70E-08 time=2.016
After sweep 6 energy=-6.0671306  maxlinkdim=170 maxerr=9.16E-08 time=1.876
After sweep 7 energy=-6.09687  maxlinkdim=219 maxerr=1.64E-08 time=1.867
After sweep 8 energy=-6.1188793  maxlinkdim=205 maxerr=1.69E-07 time=1.844
After sweep 9 energy=-6.133969  maxlinkdim=178 maxerr=1.14E-09 time=1.865
After sweep 10 energy=-6.144683  maxlinkdim=218 maxerr=1.13E-09 time=1.836
After sweep 11 energy=-6.153295  maxlinkdim=231 maxerr=1.27E-07 time=1.952
After sweep 12 energy=-6.159588  maxlinkdim=214 maxerr=2.43E-07 time=2.051
After sweep 13 energy=-6.1627784  maxlinkdim=196 maxerr=1.04E-09 time=1.965
After sweep 14 energy=-6.1644697  maxlinkdim=196 maxerr=2.83E-07 time=1.995
After sweep 15 energy=-6.165429  maxlinkdim=180 maxerr=1.06E-07 time=2.040
After sweep 16 energy=-6.165879  maxlinkdim=189 maxerr=1.00E-10 time=2.037
After sweep 17 energy=-6.166122  maxlinkdim=189 maxerr=9.99E-11 time=2.151
After sweep 18 energy=-6.166206  maxlinkdim=197 maxerr=4.24E-10 time=2.269
After sweep 19 energy=-6.166221  maxlinkdim=194 maxerr=1.54E-08 time=2.342
After sweep 20 energy=-6.166209  maxlinkdim=188 maxerr=1.03E-07 time=2.465
After sweep 21 energy=-6.1661806  maxlinkdim=185 maxerr=3.01E-08 time=2.518
After sweep 22 energy=-6.1661663  maxlinkdim=189 maxerr=1.00E-10 time=2.501
After sweep 23 energy=-6.166192  maxlinkdim=184 maxerr=3.77E-10 time=2.474
After sweep 24 energy=-6.166176  maxlinkdim=196 maxerr=3.54E-10 time=2.498
After sweep 25 energy=-6.1661997  maxlinkdim=185 maxerr=5.50E-08 time=2.502
After sweep 26 energy=-6.166187  maxlinkdim=189 maxerr=9.25E-10 time=2.497
After sweep 27 energy=-6.166189  maxlinkdim=184 maxerr=1.13E-09 time=2.497
After sweep 28 energy=-6.1661806  maxlinkdim=185 maxerr=7.83E-08 time=2.492
After sweep 29 energy=-6.166171  maxlinkdim=189 maxerr=8.27E-08 time=2.499
After sweep 30 energy=-6.1661835  maxlinkdim=187 maxerr=1.74E-07 time=2.506
Same mu: -2.6463267332332574 and continuing
Target density achieved with mu=-2.6463267332332574, n=0.49999768
Checking {alpha,beta} vs measured
Alpha not converged.
NOT CONVERGED; updating alpha, beta and continuing...
After sweep 1 energy=-4.776119  maxlinkdim=16 maxerr=3.28E-07 time=0.524
After sweep 2 energy=-5.8013806  maxlinkdim=177 maxerr=3.42E-08 time=1.301
After sweep 3 energy=-5.9113574  maxlinkdim=196 maxerr=1.33E-07 time=2.078
After sweep 4 energy=-5.9768753  maxlinkdim=189 maxerr=1.77E-09 time=2.128
After sweep 5 energy=-6.026415  maxlinkdim=214 maxerr=7.87E-08 time=2.029
After sweep 6 energy=-6.062402  maxlinkdim=169 maxerr=1.27E-07 time=1.854
After sweep 7 energy=-6.092787  maxlinkdim=216 maxerr=2.18E-09 time=1.844
After sweep 8 energy=-6.115379  maxlinkdim=213 maxerr=3.71E-09 time=1.865
After sweep 9 energy=-6.1315174  maxlinkdim=200 maxerr=4.66E-10 time=1.919
After sweep 10 energy=-6.142553  maxlinkdim=179 maxerr=1.18E-09 time=1.854
After sweep 11 energy=-6.151218  maxlinkdim=230 maxerr=1.03E-09 time=1.883
After sweep 12 energy=-6.1575627  maxlinkdim=185 maxerr=9.44E-10 time=1.962
After sweep 13 energy=-6.160948  maxlinkdim=214 maxerr=1.23E-09 time=1.929
After sweep 14 energy=-6.163251  maxlinkdim=203 maxerr=9.99E-11 time=1.981
After sweep 15 energy=-6.164955  maxlinkdim=185 maxerr=5.26E-08 time=2.023
After sweep 16 energy=-6.1656704  maxlinkdim=198 maxerr=1.67E-07 time=2.082
After sweep 17 energy=-6.1660004  maxlinkdim=197 maxerr=1.72E-09 time=2.148
After sweep 18 energy=-6.1662025  maxlinkdim=189 maxerr=3.60E-08 time=2.250
After sweep 19 energy=-6.166187  maxlinkdim=190 maxerr=1.10E-07 time=2.306
After sweep 20 energy=-6.1661787  maxlinkdim=194 maxerr=5.52E-10 time=2.423
After sweep 21 energy=-6.1661882  maxlinkdim=187 maxerr=1.72E-08 time=2.518
After sweep 22 energy=-6.1661777  maxlinkdim=185 maxerr=7.02E-10 time=2.490
After sweep 23 energy=-6.1661825  maxlinkdim=184 maxerr=1.13E-09 time=2.484
After sweep 24 energy=-6.1661835  maxlinkdim=188 maxerr=1.48E-07 time=2.503
After sweep 25 energy=-6.166203  maxlinkdim=186 maxerr=4.57E-08 time=2.491
After sweep 26 energy=-6.1661606  maxlinkdim=184 maxerr=9.99E-11 time=2.482
After sweep 27 energy=-6.1661935  maxlinkdim=186 maxerr=8.73E-10 time=2.502
After sweep 28 energy=-6.1661816  maxlinkdim=187 maxerr=1.95E-09 time=2.494
After sweep 29 energy=-6.1661925  maxlinkdim=186 maxerr=8.05E-10 time=2.511
After sweep 30 energy=-6.1661935  maxlinkdim=184 maxerr=1.21E-09 time=2.488
Same mu: -2.6463267332332574 and continuing
Target density achieved with mu=-2.6463267332332574, n=0.499998
Checking {alpha,beta} vs measured
Alpha not converged.
NOT CONVERGED; updating alpha, beta and continuing...
After sweep 1 energy=-4.7904406  maxlinkdim=16 maxerr=3.67E-07 time=0.569
After sweep 2 energy=-5.80839  maxlinkdim=178 maxerr=1.78E-08 time=1.206
After sweep 3 energy=-5.9206986  maxlinkdim=203 maxerr=4.72E-08 time=2.177
After sweep 4 energy=-5.9852962  maxlinkdim=214 maxerr=2.79E-08 time=2.233
After sweep 5 energy=-6.03326  maxlinkdim=209 maxerr=2.20E-07 time=2.143
After sweep 6 energy=-6.068066  maxlinkdim=182 maxerr=4.38E-09 time=1.950
After sweep 7 energy=-6.0997887  maxlinkdim=249 maxerr=2.04E-09 time=1.954
After sweep 8 energy=-6.120537  maxlinkdim=205 maxerr=2.75E-09 time=1.959
After sweep 9 energy=-6.1349993  maxlinkdim=187 maxerr=2.61E-08 time=1.902
After sweep 10 energy=-6.145736  maxlinkdim=189 maxerr=7.81E-08 time=1.852
After sweep 11 energy=-6.1541057  maxlinkdim=206 maxerr=1.21E-07 time=1.974
After sweep 12 energy=-6.1594114  maxlinkdim=187 maxerr=1.03E-09 time=1.989
After sweep 13 energy=-6.162403  maxlinkdim=184 maxerr=6.92E-10 time=1.954
After sweep 14 energy=-6.164092  maxlinkdim=184 maxerr=3.61E-07 time=1.939
After sweep 15 energy=-6.165292  maxlinkdim=187 maxerr=6.41E-08 time=1.995
After sweep 16 energy=-6.1658273  maxlinkdim=191 maxerr=1.48E-09 time=2.093
After sweep 17 energy=-6.1660743  maxlinkdim=200 maxerr=7.27E-10 time=2.130
After sweep 18 energy=-6.166172  maxlinkdim=195 maxerr=1.78E-09 time=2.220
After sweep 19 energy=-6.166171  maxlinkdim=190 maxerr=6.76E-08 time=2.365
After sweep 20 energy=-6.1661882  maxlinkdim=192 maxerr=1.62E-08 time=2.487
After sweep 21 energy=-6.1661777  maxlinkdim=188 maxerr=9.44E-10 time=2.520
After sweep 22 energy=-6.166152  maxlinkdim=186 maxerr=5.87E-10 time=2.493
After sweep 23 energy=-6.1661663  maxlinkdim=186 maxerr=1.92E-07 time=2.474
After sweep 24 energy=-6.166175  maxlinkdim=184 maxerr=1.61E-07 time=2.493
After sweep 25 energy=-6.166168  maxlinkdim=184 maxerr=5.62E-10 time=2.493
After sweep 26 energy=-6.166189  maxlinkdim=185 maxerr=5.00E-10 time=2.503
After sweep 27 energy=-6.166176  maxlinkdim=185 maxerr=1.90E-09 time=2.494
After sweep 28 energy=-6.1662083  maxlinkdim=185 maxerr=9.80E-10 time=2.502
After sweep 29 energy=-6.1662216  maxlinkdim=185 maxerr=1.88E-07 time=2.495
After sweep 30 energy=-6.166204  maxlinkdim=185 maxerr=7.12E-08 time=2.490
Same mu: -2.6463267332332574 and continuing
Target density achieved with mu=-2.6463267332332574, n=0.4999984
Checking {alpha,beta} vs measured
Alpha not converged.
NOT CONVERGED; updating alpha, beta and continuing...
After sweep 1 energy=-4.785933  maxlinkdim=16 maxerr=2.99E-07 time=0.544
After sweep 2 energy=-5.796916  maxlinkdim=177 maxerr=1.23E-07 time=1.281
After sweep 3 energy=-5.9086304  maxlinkdim=200 maxerr=1.48E-09 time=2.111
After sweep 4 energy=-5.9760065  maxlinkdim=195 maxerr=1.68E-07 time=2.143
After sweep 5 energy=-6.0287385  maxlinkdim=210 maxerr=2.13E-07 time=2.050
After sweep 6 energy=-6.0664167  maxlinkdim=178 maxerr=5.06E-09 time=1.927
After sweep 7 energy=-6.096428  maxlinkdim=251 maxerr=2.19E-08 time=1.863
After sweep 8 energy=-6.1180787  maxlinkdim=197 maxerr=1.34E-07 time=1.891
After sweep 9 energy=-6.133106  maxlinkdim=177 maxerr=1.97E-09 time=1.822
After sweep 10 energy=-6.1449904  maxlinkdim=232 maxerr=1.49E-09 time=1.869
After sweep 11 energy=-6.154654  maxlinkdim=219 maxerr=1.18E-07 time=2.001
After sweep 12 energy=-6.159847  maxlinkdim=204 maxerr=1.32E-07 time=2.024
After sweep 13 energy=-6.162589  maxlinkdim=197 maxerr=4.57E-10 time=1.939
After sweep 14 energy=-6.164256  maxlinkdim=180 maxerr=2.89E-10 time=1.950
After sweep 15 energy=-6.1652656  maxlinkdim=200 maxerr=7.29E-10 time=2.006
After sweep 16 energy=-6.1657777  maxlinkdim=185 maxerr=9.98E-11 time=2.100
After sweep 17 energy=-6.16604  maxlinkdim=198 maxerr=1.01E-07 time=2.206
After sweep 18 energy=-6.166178  maxlinkdim=190 maxerr=1.90E-09 time=2.476
After sweep 19 energy=-6.1662307  maxlinkdim=195 maxerr=1.13E-07 time=2.288
After sweep 20 energy=-6.1661835  maxlinkdim=189 maxerr=3.40E-07 time=2.393
After sweep 21 energy=-6.166181  maxlinkdim=188 maxerr=1.55E-07 time=2.477
After sweep 22 energy=-6.1661673  maxlinkdim=187 maxerr=1.96E-09 time=2.491
After sweep 23 energy=-6.166183  maxlinkdim=187 maxerr=7.76E-10 time=2.481
After sweep 24 energy=-6.1661615  maxlinkdim=184 maxerr=2.85E-09 time=2.486
After sweep 25 energy=-6.1661615  maxlinkdim=186 maxerr=1.41E-09 time=2.489
After sweep 26 energy=-6.1661797  maxlinkdim=188 maxerr=1.84E-07 time=2.483
After sweep 27 energy=-6.1661944  maxlinkdim=186 maxerr=8.37E-10 time=2.489
After sweep 28 energy=-6.1661773  maxlinkdim=183 maxerr=3.64E-07 time=2.497
After sweep 29 energy=-6.1661773  maxlinkdim=190 maxerr=1.00E-10 time=2.521
After sweep 30 energy=-6.1661816  maxlinkdim=188 maxerr=7.86E-10 time=2.497
Same mu: -2.6463267332332574 and continuing
Target density achieved with mu=-2.6463267332332574, n=0.49999714
Checking {alpha,beta} vs measured
Alpha not converged.
NOT CONVERGED; updating alpha, beta and continuing...
After sweep 1 energy=-4.793419  maxlinkdim=16 maxerr=1.95E-07 time=0.559
After sweep 2 energy=-5.8029404  maxlinkdim=181 maxerr=1.48E-08 time=1.206
After sweep 3 energy=-5.9142075  maxlinkdim=188 maxerr=1.08E-08 time=2.157
After sweep 4 energy=-5.979556  maxlinkdim=195 maxerr=2.33E-09 time=2.146
After sweep 5 energy=-6.0285163  maxlinkdim=205 maxerr=3.08E-09 time=2.048
After sweep 6 energy=-6.064942  maxlinkdim=188 maxerr=3.49E-09 time=1.918
After sweep 7 energy=-6.0958943  maxlinkdim=242 maxerr=8.60E-08 time=1.886
After sweep 8 energy=-6.118654  maxlinkdim=245 maxerr=5.27E-09 time=1.925
After sweep 9 energy=-6.1334386  maxlinkdim=189 maxerr=2.88E-10 time=1.868
After sweep 10 energy=-6.14427  maxlinkdim=201 maxerr=7.86E-08 time=1.816
After sweep 11 energy=-6.1527915  maxlinkdim=220 maxerr=1.62E-07 time=1.869
After sweep 12 energy=-6.158478  maxlinkdim=187 maxerr=4.19E-10 time=1.923
After sweep 13 energy=-6.161542  maxlinkdim=208 maxerr=6.08E-08 time=1.854
After sweep 14 energy=-6.1635637  maxlinkdim=185 maxerr=1.41E-08 time=1.941
After sweep 15 energy=-6.164797  maxlinkdim=206 maxerr=9.16E-10 time=1.930
After sweep 16 energy=-6.1655884  maxlinkdim=188 maxerr=1.01E-09 time=1.993
After sweep 17 energy=-6.166049  maxlinkdim=197 maxerr=9.91E-10 time=2.116
After sweep 18 energy=-6.1661882  maxlinkdim=193 maxerr=8.79E-08 time=2.188
After sweep 19 energy=-6.166217  maxlinkdim=192 maxerr=1.00E-10 time=2.310
After sweep 20 energy=-6.1662116  maxlinkdim=192 maxerr=1.86E-09 time=2.446
After sweep 21 energy=-6.1661725  maxlinkdim=187 maxerr=1.27E-07 time=2.513
After sweep 22 energy=-6.1661816  maxlinkdim=187 maxerr=1.16E-07 time=2.481
After sweep 23 energy=-6.166186  maxlinkdim=186 maxerr=4.75E-08 time=2.488
After sweep 24 energy=-6.166185  maxlinkdim=187 maxerr=1.04E-07 time=2.493
After sweep 25 energy=-6.1661916  maxlinkdim=185 maxerr=4.21E-08 time=2.470
After sweep 26 energy=-6.1661606  maxlinkdim=184 maxerr=1.00E-10 time=2.490
After sweep 27 energy=-6.166193  maxlinkdim=186 maxerr=7.26E-10 time=2.482
After sweep 28 energy=-6.1661687  maxlinkdim=186 maxerr=9.07E-10 time=2.489
After sweep 29 energy=-6.166198  maxlinkdim=185 maxerr=2.30E-09 time=2.481
After sweep 30 energy=-6.1661773  maxlinkdim=192 maxerr=2.93E-08 time=2.493
Same mu: -2.6463267332332574 and continuing
Target density achieved with mu=-2.6463267332332574, n=0.49999675
Checking {alpha,beta} vs measured
Alpha not converged.
NOT CONVERGED; updating alpha, beta and continuing...
After sweep 1 energy=-4.792169  maxlinkdim=16 maxerr=1.46E-07 time=0.532
After sweep 2 energy=-5.805812  maxlinkdim=181 maxerr=1.64E-07 time=1.250
After sweep 3 energy=-5.91351  maxlinkdim=204 maxerr=2.66E-09 time=2.167
After sweep 4 energy=-5.980291  maxlinkdim=216 maxerr=2.63E-09 time=2.159
After sweep 5 energy=-6.03052  maxlinkdim=219 maxerr=1.28E-09 time=2.091
After sweep 6 energy=-6.0674014  maxlinkdim=179 maxerr=1.45E-07 time=1.950
After sweep 7 energy=-6.0987344  maxlinkdim=231 maxerr=1.59E-07 time=1.995
After sweep 8 energy=-6.11975  maxlinkdim=215 maxerr=1.48E-07 time=1.930
After sweep 9 energy=-6.13482  maxlinkdim=174 maxerr=9.26E-09 time=1.865
After sweep 10 energy=-6.1452775  maxlinkdim=213 maxerr=2.86E-08 time=1.819
After sweep 11 energy=-6.1538863  maxlinkdim=220 maxerr=1.48E-09 time=1.923
After sweep 12 energy=-6.1594996  maxlinkdim=190 maxerr=1.85E-07 time=2.012
After sweep 13 energy=-6.1622686  maxlinkdim=207 maxerr=7.84E-10 time=1.942
After sweep 14 energy=-6.1640654  maxlinkdim=173 maxerr=1.07E-09 time=1.949
After sweep 15 energy=-6.1651506  maxlinkdim=190 maxerr=7.06E-08 time=1.961
After sweep 16 energy=-6.1657295  maxlinkdim=187 maxerr=1.00E-09 time=2.028
After sweep 17 energy=-6.166065  maxlinkdim=184 maxerr=3.87E-08 time=2.116
After sweep 18 energy=-6.1661835  maxlinkdim=188 maxerr=6.53E-08 time=2.240
After sweep 19 energy=-6.166198  maxlinkdim=191 maxerr=9.98E-11 time=2.343
After sweep 20 energy=-6.1662025  maxlinkdim=192 maxerr=1.48E-07 time=2.461
After sweep 21 energy=-6.166196  maxlinkdim=186 maxerr=8.55E-10 time=2.503
After sweep 22 energy=-6.1661944  maxlinkdim=188 maxerr=1.00E-10 time=2.500
After sweep 23 energy=-6.1661577  maxlinkdim=185 maxerr=1.00E-10 time=2.472
After sweep 24 energy=-6.16618  maxlinkdim=186 maxerr=1.20E-07 time=2.499
After sweep 25 energy=-6.166196  maxlinkdim=185 maxerr=2.59E-07 time=2.489
After sweep 26 energy=-6.1661787  maxlinkdim=187 maxerr=1.54E-08 time=2.499
After sweep 27 energy=-6.1661954  maxlinkdim=185 maxerr=6.90E-10 time=2.494
After sweep 28 energy=-6.1661386  maxlinkdim=185 maxerr=1.16E-09 time=2.501
After sweep 29 energy=-6.166173  maxlinkdim=185 maxerr=7.92E-10 time=2.491
After sweep 30 energy=-6.166174  maxlinkdim=185 maxerr=5.83E-08 time=2.502
Same mu: -2.6463267332332574 and continuing
Target density achieved with mu=-2.6463267332332574, n=0.49999794
Checking {alpha,beta} vs measured
Alpha not converged.
NOT CONVERGED; updating alpha, beta and continuing...
After sweep 1 energy=-4.7816896  maxlinkdim=16 maxerr=2.03E-07 time=0.589
After sweep 2 energy=-5.8026447  maxlinkdim=182 maxerr=3.56E-08 time=1.193
After sweep 3 energy=-5.912628  maxlinkdim=206 maxerr=1.15E-07 time=2.085
After sweep 4 energy=-5.9795914  maxlinkdim=210 maxerr=4.33E-09 time=2.149
After sweep 5 energy=-6.028509  maxlinkdim=204 maxerr=9.98E-11 time=2.064
After sweep 6 energy=-6.065071  maxlinkdim=196 maxerr=2.64E-08 time=1.905
After sweep 7 energy=-6.0959163  maxlinkdim=266 maxerr=7.42E-09 time=1.853
After sweep 8 energy=-6.1187425  maxlinkdim=231 maxerr=7.67E-08 time=1.949
After sweep 9 energy=-6.1337123  maxlinkdim=177 maxerr=1.72E-08 time=1.877
After sweep 10 energy=-6.14477  maxlinkdim=236 maxerr=1.74E-07 time=1.863
After sweep 11 energy=-6.153467  maxlinkdim=255 maxerr=2.35E-07 time=1.950
After sweep 12 energy=-6.1588955  maxlinkdim=218 maxerr=4.08E-08 time=1.968
After sweep 13 energy=-6.1621675  maxlinkdim=182 maxerr=1.96E-10 time=1.947
After sweep 14 energy=-6.1639624  maxlinkdim=173 maxerr=1.00E-10 time=1.918
After sweep 15 energy=-6.1650195  maxlinkdim=178 maxerr=1.81E-07 time=1.972
After sweep 16 energy=-6.1656713  maxlinkdim=183 maxerr=5.50E-10 time=2.019
After sweep 17 energy=-6.166013  maxlinkdim=188 maxerr=9.97E-11 time=2.107
After sweep 18 energy=-6.16619  maxlinkdim=209 maxerr=2.76E-07 time=2.232
After sweep 19 energy=-6.16622  maxlinkdim=189 maxerr=1.26E-09 time=2.356
After sweep 20 energy=-6.1662307  maxlinkdim=195 maxerr=3.18E-08 time=2.449
After sweep 21 energy=-6.166169  maxlinkdim=188 maxerr=7.77E-10 time=2.529
After sweep 22 energy=-6.1661787  maxlinkdim=187 maxerr=1.53E-07 time=2.477
After sweep 23 energy=-6.166173  maxlinkdim=187 maxerr=1.77E-08 time=2.480
After sweep 24 energy=-6.1662025  maxlinkdim=186 maxerr=8.60E-10 time=2.484
After sweep 25 energy=-6.166193  maxlinkdim=189 maxerr=6.04E-10 time=2.505
After sweep 26 energy=-6.1661577  maxlinkdim=186 maxerr=2.27E-09 time=2.500
After sweep 27 energy=-6.1661787  maxlinkdim=188 maxerr=1.53E-09 time=2.506
After sweep 28 energy=-6.166195  maxlinkdim=184 maxerr=9.99E-11 time=2.474
After sweep 29 energy=-6.166162  maxlinkdim=186 maxerr=2.53E-07 time=2.484
After sweep 30 energy=-6.166198  maxlinkdim=188 maxerr=1.58E-07 time=2.496
Same mu: -2.6463267332332574 and continuing
Target density achieved with mu=-2.6463267332332574, n=0.49999768
Checking {alpha,beta} vs measured
Alpha not converged.
NOT CONVERGED; updating alpha, beta and continuing...
After sweep 1 energy=-4.786474  maxlinkdim=16 maxerr=2.61E-07 time=0.546
After sweep 2 energy=-5.804292  maxlinkdim=174 maxerr=6.69E-08 time=1.290
After sweep 3 energy=-5.9130754  maxlinkdim=196 maxerr=9.25E-08 time=2.099
After sweep 4 energy=-5.978023  maxlinkdim=192 maxerr=2.43E-09 time=2.107
After sweep 5 energy=-6.026844  maxlinkdim=185 maxerr=2.27E-07 time=1.946
After sweep 6 energy=-6.062424  maxlinkdim=173 maxerr=7.52E-08 time=1.791
After sweep 7 energy=-6.0924506  maxlinkdim=186 maxerr=8.38E-08 time=1.781
After sweep 8 energy=-6.116279  maxlinkdim=234 maxerr=6.26E-08 time=1.785
After sweep 9 energy=-6.1334443  maxlinkdim=200 maxerr=2.20E-08 time=1.875
After sweep 10 energy=-6.144351  maxlinkdim=209 maxerr=3.19E-10 time=1.857
After sweep 11 energy=-6.1520967  maxlinkdim=196 maxerr=1.11E-07 time=1.821
After sweep 12 energy=-6.1576705  maxlinkdim=220 maxerr=1.10E-09 time=1.825
After sweep 13 energy=-6.161224  maxlinkdim=190 maxerr=1.58E-09 time=1.822
After sweep 14 energy=-6.163373  maxlinkdim=223 maxerr=6.92E-08 time=1.869
After sweep 15 energy=-6.164818  maxlinkdim=180 maxerr=1.56E-07 time=1.925
After sweep 16 energy=-6.165603  maxlinkdim=219 maxerr=1.00E-10 time=1.999
After sweep 17 energy=-6.166074  maxlinkdim=202 maxerr=8.43E-08 time=2.133
After sweep 18 energy=-6.166177  maxlinkdim=193 maxerr=4.19E-07 time=2.221
After sweep 19 energy=-6.166227  maxlinkdim=194 maxerr=1.20E-08 time=2.343
After sweep 20 energy=-6.166193  maxlinkdim=191 maxerr=1.15E-07 time=2.459
After sweep 21 energy=-6.1661844  maxlinkdim=187 maxerr=3.09E-07 time=2.512
After sweep 22 energy=-6.166173  maxlinkdim=188 maxerr=3.12E-08 time=2.491
After sweep 23 energy=-6.1661935  maxlinkdim=185 maxerr=1.10E-09 time=2.481
After sweep 24 energy=-6.166214  maxlinkdim=190 maxerr=1.76E-10 time=2.489
After sweep 25 energy=-6.1662064  maxlinkdim=187 maxerr=1.00E-10 time=2.491
After sweep 26 energy=-6.1662054  maxlinkdim=186 maxerr=1.40E-07 time=2.498
After sweep 27 energy=-6.1662035  maxlinkdim=184 maxerr=8.63E-10 time=2.494
After sweep 28 energy=-6.166191  maxlinkdim=187 maxerr=3.51E-10 time=2.497
After sweep 29 energy=-6.166203  maxlinkdim=185 maxerr=1.00E-10 time=2.499
After sweep 30 energy=-6.166179  maxlinkdim=188 maxerr=2.88E-08 time=2.487
Same mu: -2.6463267332332574 and continuing
Target density achieved with mu=-2.6463267332332574, n=0.4999975
Checking {alpha,beta} vs measured
Alpha not converged.
NOT CONVERGED; updating alpha, beta and continuing...
After sweep 1 energy=-4.793648  maxlinkdim=16 maxerr=4.09E-07 time=0.537
After sweep 2 energy=-5.793585  maxlinkdim=173 maxerr=1.25E-08 time=1.249
After sweep 3 energy=-5.9077935  maxlinkdim=201 maxerr=8.72E-10 time=2.099
After sweep 4 energy=-5.9778357  maxlinkdim=208 maxerr=1.32E-09 time=2.194
After sweep 5 energy=-6.030661  maxlinkdim=213 maxerr=1.02E-07 time=2.087
After sweep 6 energy=-6.0656977  maxlinkdim=181 maxerr=9.98E-11 time=1.909
After sweep 7 energy=-6.0958395  maxlinkdim=264 maxerr=1.09E-07 time=1.895
After sweep 8 energy=-6.118896  maxlinkdim=229 maxerr=1.93E-09 time=1.971
After sweep 9 energy=-6.133849  maxlinkdim=177 maxerr=6.21E-08 time=1.942
After sweep 10 energy=-6.1449556  maxlinkdim=226 maxerr=2.94E-08 time=1.838
After sweep 11 energy=-6.1538243  maxlinkdim=233 maxerr=1.45E-07 time=1.951
After sweep 12 energy=-6.1589365  maxlinkdim=179 maxerr=2.66E-08 time=1.947
After sweep 13 energy=-6.161877  maxlinkdim=170 maxerr=8.06E-09 time=1.891
After sweep 14 energy=-6.1638417  maxlinkdim=210 maxerr=7.64E-08 time=2.010
After sweep 15 energy=-6.1654005  maxlinkdim=192 maxerr=1.46E-07 time=2.318
After sweep 16 energy=-6.1658974  maxlinkdim=195 maxerr=6.98E-08 time=2.093
After sweep 17 energy=-6.166106  maxlinkdim=190 maxerr=9.99E-11 time=2.128
After sweep 18 energy=-6.166194  maxlinkdim=199 maxerr=6.89E-08 time=2.169
After sweep 19 energy=-6.1662292  maxlinkdim=193 maxerr=1.31E-09 time=2.336
After sweep 20 energy=-6.166214  maxlinkdim=194 maxerr=1.24E-09 time=2.453
After sweep 21 energy=-6.16619  maxlinkdim=184 maxerr=1.09E-09 time=2.509
After sweep 22 energy=-6.166202  maxlinkdim=186 maxerr=6.24E-10 time=2.498
After sweep 23 energy=-6.166172  maxlinkdim=187 maxerr=6.80E-08 time=2.483
After sweep 24 energy=-6.1661615  maxlinkdim=185 maxerr=1.83E-08 time=2.479
After sweep 25 energy=-6.1661816  maxlinkdim=183 maxerr=3.79E-08 time=2.470
After sweep 26 energy=-6.1661897  maxlinkdim=186 maxerr=1.58E-07 time=2.492
After sweep 27 energy=-6.166172  maxlinkdim=188 maxerr=8.78E-10 time=2.487
After sweep 28 energy=-6.1661825  maxlinkdim=186 maxerr=2.06E-09 time=2.484
After sweep 29 energy=-6.1661787  maxlinkdim=187 maxerr=1.89E-08 time=2.497
After sweep 30 energy=-6.166155  maxlinkdim=186 maxerr=1.00E-10 time=2.483
Same mu: -2.6463267332332574 and continuing
Target density achieved with mu=-2.6463267332332574, n=0.499997
Checking {alpha,beta} vs measured
Alpha not converged.
NOT CONVERGED; updating alpha, beta and continuing...
After sweep 1 energy=-4.778211  maxlinkdim=16 maxerr=2.84E-07 time=0.560
After sweep 2 energy=-5.800012  maxlinkdim=178 maxerr=1.12E-08 time=1.203
After sweep 3 energy=-5.9126406  maxlinkdim=205 maxerr=2.03E-09 time=2.152
After sweep 4 energy=-5.9823246  maxlinkdim=198 maxerr=3.98E-08 time=2.217
After sweep 5 energy=-6.03343  maxlinkdim=205 maxerr=4.99E-08 time=2.121
After sweep 6 energy=-6.069679  maxlinkdim=184 maxerr=1.27E-09 time=2.050
After sweep 7 energy=-6.1001744  maxlinkdim=235 maxerr=8.01E-10 time=2.043
After sweep 8 energy=-6.1207476  maxlinkdim=195 maxerr=9.86E-10 time=1.936
After sweep 9 energy=-6.135811  maxlinkdim=221 maxerr=1.29E-08 time=1.898
After sweep 10 energy=-6.14637  maxlinkdim=185 maxerr=2.18E-09 time=1.865
After sweep 11 energy=-6.154653  maxlinkdim=215 maxerr=8.47E-08 time=1.903
After sweep 12 energy=-6.1598806  maxlinkdim=189 maxerr=5.63E-10 time=1.973
After sweep 13 energy=-6.1629915  maxlinkdim=247 maxerr=1.31E-08 time=2.016
After sweep 14 energy=-6.164502  maxlinkdim=198 maxerr=1.88E-07 time=2.003
After sweep 15 energy=-6.165412  maxlinkdim=180 maxerr=1.46E-08 time=2.010
After sweep 16 energy=-6.1660247  maxlinkdim=221 maxerr=1.25E-09 time=2.141
After sweep 17 energy=-6.1661406  maxlinkdim=186 maxerr=3.82E-08 time=2.194
After sweep 18 energy=-6.1662054  maxlinkdim=188 maxerr=2.30E-08 time=2.269
After sweep 19 energy=-6.166213  maxlinkdim=192 maxerr=6.86E-08 time=2.413
After sweep 20 energy=-6.1661797  maxlinkdim=191 maxerr=2.44E-07 time=2.484
After sweep 21 energy=-6.166198  maxlinkdim=185 maxerr=1.13E-09 time=2.508
After sweep 22 energy=-6.166216  maxlinkdim=186 maxerr=5.08E-08 time=2.489
After sweep 23 energy=-6.16617  maxlinkdim=188 maxerr=2.36E-07 time=2.491
After sweep 24 energy=-6.1661997  maxlinkdim=190 maxerr=9.59E-09 time=2.479
After sweep 25 energy=-6.166182  maxlinkdim=185 maxerr=1.08E-10 time=2.494
After sweep 26 energy=-6.16619  maxlinkdim=185 maxerr=5.52E-08 time=2.492
After sweep 27 energy=-6.1661873  maxlinkdim=185 maxerr=7.33E-08 time=2.495
After sweep 28 energy=-6.1661906  maxlinkdim=185 maxerr=7.13E-08 time=2.490
After sweep 29 energy=-6.166179  maxlinkdim=185 maxerr=1.41E-07 time=2.491
After sweep 30 energy=-6.166192  maxlinkdim=190 maxerr=9.99E-11 time=2.497
Same mu: -2.6463267332332574 and continuing
Target density achieved with mu=-2.6463267332332574, n=0.49999863
Checking {alpha,beta} vs measured
Alpha not converged.
NOT CONVERGED; updating alpha, beta and continuing...
After sweep 1 energy=-4.788876  maxlinkdim=16 maxerr=3.19E-07 time=0.566
After sweep 2 energy=-5.805032  maxlinkdim=174 maxerr=1.46E-08 time=1.200
After sweep 3 energy=-5.914549  maxlinkdim=200 maxerr=6.19E-09 time=2.140
After sweep 4 energy=-5.981868  maxlinkdim=227 maxerr=8.86E-10 time=2.182
After sweep 5 energy=-6.0308094  maxlinkdim=203 maxerr=2.12E-09 time=2.092
After sweep 6 energy=-6.067681  maxlinkdim=187 maxerr=3.18E-08 time=1.961
After sweep 7 energy=-6.0973053  maxlinkdim=208 maxerr=6.73E-09 time=1.883
After sweep 8 energy=-6.1188374  maxlinkdim=215 maxerr=2.21E-09 time=1.843
After sweep 9 energy=-6.1338778  maxlinkdim=166 maxerr=4.65E-08 time=1.836
After sweep 10 energy=-6.1446986  maxlinkdim=156 maxerr=7.66E-08 time=1.784
After sweep 11 energy=-6.153384  maxlinkdim=203 maxerr=4.03E-10 time=1.811
After sweep 12 energy=-6.158762  maxlinkdim=169 maxerr=2.42E-10 time=1.855
After sweep 13 energy=-6.1617947  maxlinkdim=226 maxerr=1.17E-09 time=1.846
After sweep 14 energy=-6.163948  maxlinkdim=175 maxerr=1.80E-07 time=1.885
After sweep 15 energy=-6.165432  maxlinkdim=195 maxerr=4.71E-10 time=2.046
After sweep 16 energy=-6.1659184  maxlinkdim=207 maxerr=1.37E-09 time=2.054
After sweep 17 energy=-6.166097  maxlinkdim=181 maxerr=5.35E-10 time=2.101
After sweep 18 energy=-6.166211  maxlinkdim=190 maxerr=1.03E-08 time=2.219
After sweep 19 energy=-6.166204  maxlinkdim=190 maxerr=1.60E-09 time=2.355
After sweep 20 energy=-6.16619  maxlinkdim=189 maxerr=2.51E-08 time=2.460
After sweep 21 energy=-6.16618  maxlinkdim=188 maxerr=8.72E-10 time=2.497
After sweep 22 energy=-6.1661687  maxlinkdim=186 maxerr=9.12E-08 time=2.477
After sweep 23 energy=-6.1661925  maxlinkdim=185 maxerr=1.12E-09 time=2.548
After sweep 24 energy=-6.166191  maxlinkdim=185 maxerr=3.88E-08 time=2.748
After sweep 25 energy=-6.166171  maxlinkdim=184 maxerr=1.99E-10 time=2.480
After sweep 26 energy=-6.166197  maxlinkdim=185 maxerr=7.90E-10 time=2.482
After sweep 27 energy=-6.166192  maxlinkdim=184 maxerr=2.77E-08 time=2.488
After sweep 28 energy=-6.1661844  maxlinkdim=186 maxerr=5.72E-10 time=2.492
After sweep 29 energy=-6.166152  maxlinkdim=186 maxerr=1.44E-07 time=2.484
After sweep 30 energy=-6.1661987  maxlinkdim=185 maxerr=3.44E-08 time=2.498
Same mu: -2.6463267332332574 and continuing
Target density achieved with mu=-2.6463267332332574, n=0.49999785
Checking {alpha,beta} vs measured
Alpha not converged.
NOT CONVERGED; updating alpha, beta and continuing...
After sweep 1 energy=-4.7857885  maxlinkdim=16 maxerr=2.41E-07 time=0.534
After sweep 2 energy=-5.798781  maxlinkdim=180 maxerr=8.56E-08 time=1.238
After sweep 3 energy=-5.912386  maxlinkdim=230 maxerr=9.27E-10 time=2.045
After sweep 4 energy=-5.980944  maxlinkdim=208 maxerr=2.63E-09 time=2.190
After sweep 5 energy=-6.031497  maxlinkdim=216 maxerr=4.44E-08 time=2.099
After sweep 6 energy=-6.067512  maxlinkdim=199 maxerr=1.61E-07 time=1.964
After sweep 7 energy=-6.0964746  maxlinkdim=197 maxerr=9.35E-08 time=1.848
After sweep 8 energy=-6.11839  maxlinkdim=244 maxerr=5.48E-08 time=1.852
After sweep 9 energy=-6.1332836  maxlinkdim=187 maxerr=5.81E-09 time=1.842
After sweep 10 energy=-6.1442094  maxlinkdim=228 maxerr=4.31E-08 time=1.818
After sweep 11 energy=-6.152569  maxlinkdim=227 maxerr=3.83E-08 time=1.907
After sweep 12 energy=-6.158152  maxlinkdim=214 maxerr=1.13E-09 time=1.882
After sweep 13 energy=-6.162396  maxlinkdim=210 maxerr=1.31E-10 time=1.908
After sweep 14 energy=-6.1643248  maxlinkdim=221 maxerr=1.07E-07 time=1.898
After sweep 15 energy=-6.165306  maxlinkdim=219 maxerr=1.04E-09 time=1.923
After sweep 16 energy=-6.165848  maxlinkdim=194 maxerr=3.11E-08 time=2.009
After sweep 17 energy=-6.1660976  maxlinkdim=198 maxerr=2.85E-07 time=2.106
After sweep 18 energy=-6.1661725  maxlinkdim=192 maxerr=1.67E-07 time=2.209
After sweep 19 energy=-6.166202  maxlinkdim=192 maxerr=7.99E-10 time=2.310
After sweep 20 energy=-6.166175  maxlinkdim=190 maxerr=1.19E-07 time=2.424
After sweep 21 energy=-6.166189  maxlinkdim=188 maxerr=9.53E-08 time=2.509
After sweep 22 energy=-6.166172  maxlinkdim=187 maxerr=5.80E-08 time=2.499
After sweep 23 energy=-6.1662307  maxlinkdim=184 maxerr=9.99E-11 time=2.496
After sweep 24 energy=-6.1661897  maxlinkdim=184 maxerr=1.00E-09 time=2.514
After sweep 25 energy=-6.166163  maxlinkdim=188 maxerr=5.38E-08 time=2.520
After sweep 26 energy=-6.1661983  maxlinkdim=186 maxerr=7.08E-10 time=2.497
After sweep 27 energy=-6.166218  maxlinkdim=185 maxerr=1.65E-10 time=2.506
After sweep 28 energy=-6.166169  maxlinkdim=187 maxerr=1.86E-10 time=2.491
After sweep 29 energy=-6.1661873  maxlinkdim=186 maxerr=1.30E-07 time=2.474
After sweep 30 energy=-6.16619  maxlinkdim=189 maxerr=5.26E-08 time=2.506
Same mu: -2.6463267332332574 and continuing
Target density achieved with mu=-2.6463267332332574, n=0.49999782
Checking {alpha,beta} vs measured
Alpha not converged.
NOT CONVERGED; updating alpha, beta and continuing...
After sweep 1 energy=-4.784153  maxlinkdim=16 maxerr=2.38E-07 time=0.548
After sweep 2 energy=-5.7977037  maxlinkdim=175 maxerr=1.32E-08 time=1.273
After sweep 3 energy=-5.909491  maxlinkdim=224 maxerr=2.03E-08 time=2.126
After sweep 4 energy=-5.9760737  maxlinkdim=202 maxerr=9.48E-08 time=2.193
After sweep 5 energy=-6.0275273  maxlinkdim=215 maxerr=7.28E-09 time=2.121
After sweep 6 energy=-6.064725  maxlinkdim=232 maxerr=2.13E-08 time=1.917
After sweep 7 energy=-6.0942907  maxlinkdim=239 maxerr=7.18E-10 time=1.853
After sweep 8 energy=-6.118377  maxlinkdim=216 maxerr=1.11E-09 time=1.887
After sweep 9 energy=-6.13329  maxlinkdim=166 maxerr=1.75E-07 time=1.867
After sweep 10 energy=-6.144891  maxlinkdim=200 maxerr=4.32E-08 time=1.848
After sweep 11 energy=-6.1532097  maxlinkdim=224 maxerr=5.49E-08 time=1.952
After sweep 12 energy=-6.158499  maxlinkdim=209 maxerr=7.24E-08 time=1.977
After sweep 13 energy=-6.1616697  maxlinkdim=175 maxerr=2.11E-07 time=1.892
After sweep 14 energy=-6.1636033  maxlinkdim=181 maxerr=4.95E-08 time=1.889
After sweep 15 energy=-6.1650047  maxlinkdim=204 maxerr=5.99E-10 time=1.961
After sweep 16 energy=-6.1658854  maxlinkdim=212 maxerr=9.99E-11 time=2.142
After sweep 17 energy=-6.1661167  maxlinkdim=194 maxerr=1.19E-09 time=2.192
After sweep 18 energy=-6.1662135  maxlinkdim=205 maxerr=6.41E-08 time=2.291
After sweep 19 energy=-6.1662126  maxlinkdim=190 maxerr=1.36E-09 time=2.406
After sweep 20 energy=-6.1662107  maxlinkdim=188 maxerr=3.46E-10 time=2.489
After sweep 21 energy=-6.1661797  maxlinkdim=186 maxerr=9.35E-09 time=2.508
After sweep 22 energy=-6.1661606  maxlinkdim=187 maxerr=1.40E-09 time=2.489
After sweep 23 energy=-6.166153  maxlinkdim=185 maxerr=3.48E-08 time=2.486
After sweep 24 energy=-6.166172  maxlinkdim=183 maxerr=4.64E-10 time=2.515
After sweep 25 energy=-6.1662  maxlinkdim=183 maxerr=2.06E-10 time=2.493
After sweep 26 energy=-6.166188  maxlinkdim=184 maxerr=1.85E-08 time=2.499
After sweep 27 energy=-6.1661806  maxlinkdim=186 maxerr=1.34E-09 time=2.500
After sweep 28 energy=-6.1662016  maxlinkdim=185 maxerr=1.10E-07 time=2.500
After sweep 29 energy=-6.166194  maxlinkdim=186 maxerr=2.57E-09 time=2.506
After sweep 30 energy=-6.166148  maxlinkdim=184 maxerr=9.94E-09 time=2.483
Same mu: -2.6463267332332574 and continuing
Target density achieved with mu=-2.6463267332332574, n=0.49999595
Checking {alpha,beta} vs measured
Alpha not converged.
NOT CONVERGED; updating alpha, beta and continuing...
After sweep 1 energy=-4.783503  maxlinkdim=16 maxerr=2.06E-07 time=0.554
After sweep 2 energy=-5.8051577  maxlinkdim=183 maxerr=1.22E-07 time=1.212
After sweep 3 energy=-5.9113655  maxlinkdim=187 maxerr=1.08E-07 time=2.149
After sweep 4 energy=-5.9779034  maxlinkdim=182 maxerr=1.67E-08 time=2.090
After sweep 5 energy=-6.0297728  maxlinkdim=211 maxerr=1.18E-09 time=1.999
After sweep 6 energy=-6.0656466  maxlinkdim=175 maxerr=1.31E-09 time=1.901
After sweep 7 energy=-6.095345  maxlinkdim=247 maxerr=9.08E-08 time=1.832
After sweep 8 energy=-6.11829  maxlinkdim=208 maxerr=2.06E-07 time=1.948
After sweep 9 energy=-6.1332645  maxlinkdim=186 maxerr=1.20E-09 time=1.895
After sweep 10 energy=-6.143872  maxlinkdim=171 maxerr=8.44E-08 time=1.786
After sweep 11 energy=-6.1520534  maxlinkdim=243 maxerr=2.57E-07 time=1.823
After sweep 12 energy=-6.157738  maxlinkdim=176 maxerr=1.03E-09 time=1.839
After sweep 13 energy=-6.1617165  maxlinkdim=185 maxerr=1.70E-07 time=1.909
After sweep 14 energy=-6.1638074  maxlinkdim=164 maxerr=2.14E-07 time=1.878
After sweep 15 energy=-6.1650124  maxlinkdim=176 maxerr=1.65E-09 time=1.943
After sweep 16 energy=-6.165794  maxlinkdim=171 maxerr=1.00E-10 time=2.023
After sweep 17 energy=-6.1661024  maxlinkdim=181 maxerr=9.96E-11 time=2.107
After sweep 18 energy=-6.1662426  maxlinkdim=190 maxerr=2.12E-07 time=2.206
After sweep 19 energy=-6.1662197  maxlinkdim=190 maxerr=1.75E-07 time=2.311
After sweep 20 energy=-6.1661806  maxlinkdim=191 maxerr=2.89E-08 time=2.437
After sweep 21 energy=-6.16619  maxlinkdim=188 maxerr=1.53E-09 time=2.506
After sweep 22 energy=-6.166172  maxlinkdim=194 maxerr=1.41E-09 time=2.503
After sweep 23 energy=-6.1661797  maxlinkdim=187 maxerr=1.15E-09 time=2.494
After sweep 24 energy=-6.1661553  maxlinkdim=188 maxerr=1.35E-09 time=2.486
After sweep 25 energy=-6.166173  maxlinkdim=188 maxerr=1.21E-10 time=2.496
After sweep 26 energy=-6.1661515  maxlinkdim=185 maxerr=1.00E-10 time=2.493
After sweep 27 energy=-6.1662083  maxlinkdim=188 maxerr=9.13E-08 time=2.492
After sweep 28 energy=-6.166176  maxlinkdim=187 maxerr=9.90E-08 time=2.510
After sweep 29 energy=-6.1662035  maxlinkdim=187 maxerr=6.16E-10 time=2.494
After sweep 30 energy=-6.166197  maxlinkdim=186 maxerr=3.85E-08 time=2.493
Same mu: -2.6463267332332574 and continuing
Target density achieved with mu=-2.6463267332332574, n=0.49999845
Checking {alpha,beta} vs measured
Alpha not converged.
NOT CONVERGED; updating alpha, beta and continuing...
After sweep 1 energy=-4.7860384  maxlinkdim=16 maxerr=2.03E-07 time=0.554
After sweep 2 energy=-5.795136  maxlinkdim=175 maxerr=7.30E-08 time=1.203
After sweep 3 energy=-5.908347  maxlinkdim=205 maxerr=9.42E-08 time=2.124
After sweep 4 energy=-5.974553  maxlinkdim=198 maxerr=3.18E-09 time=2.130
After sweep 5 energy=-6.0253606  maxlinkdim=226 maxerr=8.53E-08 time=2.018
After sweep 6 energy=-6.0627694  maxlinkdim=197 maxerr=5.81E-08 time=1.887
After sweep 7 energy=-6.093797  maxlinkdim=224 maxerr=7.36E-08 time=1.815
After sweep 8 energy=-6.1166363  maxlinkdim=212 maxerr=9.47E-10 time=1.892
After sweep 9 energy=-6.1319284  maxlinkdim=194 maxerr=1.67E-07 time=1.867
After sweep 10 energy=-6.143724  maxlinkdim=207 maxerr=4.89E-08 time=1.870
After sweep 11 energy=-6.152626  maxlinkdim=219 maxerr=1.63E-07 time=1.930
After sweep 12 energy=-6.158443  maxlinkdim=209 maxerr=3.57E-08 time=1.977
After sweep 13 energy=-6.162319  maxlinkdim=196 maxerr=9.57E-08 time=1.936
After sweep 14 energy=-6.16425  maxlinkdim=185 maxerr=1.27E-07 time=1.908
After sweep 15 energy=-6.1652813  maxlinkdim=176 maxerr=1.07E-09 time=1.905
After sweep 16 energy=-6.1658525  maxlinkdim=197 maxerr=6.47E-10 time=2.035
After sweep 17 energy=-6.1661215  maxlinkdim=197 maxerr=6.89E-10 time=2.148
After sweep 18 energy=-6.166215  maxlinkdim=192 maxerr=1.25E-09 time=2.249
After sweep 19 energy=-6.1662035  maxlinkdim=190 maxerr=3.33E-07 time=2.336
After sweep 20 energy=-6.166214  maxlinkdim=190 maxerr=2.99E-10 time=2.446
After sweep 21 energy=-6.166168  maxlinkdim=187 maxerr=2.26E-09 time=2.510
After sweep 22 energy=-6.16617  maxlinkdim=187 maxerr=8.83E-10 time=2.481
After sweep 23 energy=-6.166172  maxlinkdim=185 maxerr=1.31E-07 time=2.497
After sweep 24 energy=-6.1661787  maxlinkdim=186 maxerr=4.46E-10 time=2.491
After sweep 25 energy=-6.1661634  maxlinkdim=185 maxerr=6.60E-08 time=2.500
After sweep 26 energy=-6.1662188  maxlinkdim=186 maxerr=3.51E-10 time=2.502
After sweep 27 energy=-6.16618  maxlinkdim=186 maxerr=1.00E-10 time=2.509
After sweep 28 energy=-6.166128  maxlinkdim=188 maxerr=5.28E-10 time=2.511
After sweep 29 energy=-6.1661983  maxlinkdim=185 maxerr=2.23E-10 time=2.483
After sweep 30 energy=-6.1661854  maxlinkdim=190 maxerr=4.53E-10 time=2.487
Same mu: -2.6463267332332574 and continuing
Target density achieved with mu=-2.6463267332332574, n=0.4999974
Checking {alpha,beta} vs measured
Alpha not converged.
NOT CONVERGED; updating alpha, beta and continuing...
After sweep 1 energy=-4.786545  maxlinkdim=16 maxerr=2.44E-07 time=0.542
After sweep 2 energy=-5.8049717  maxlinkdim=182 maxerr=8.31E-09 time=1.271
After sweep 3 energy=-5.914684  maxlinkdim=190 maxerr=1.84E-09 time=2.408
After sweep 4 energy=-5.9819956  maxlinkdim=193 maxerr=1.90E-09 time=2.137
After sweep 5 energy=-6.0326815  maxlinkdim=213 maxerr=1.38E-07 time=2.085
After sweep 6 energy=-6.068507  maxlinkdim=177 maxerr=1.38E-07 time=1.927
After sweep 7 energy=-6.09799  maxlinkdim=190 maxerr=8.14E-10 time=1.876
After sweep 8 energy=-6.120667  maxlinkdim=202 maxerr=2.16E-07 time=1.879
After sweep 9 energy=-6.1347957  maxlinkdim=159 maxerr=1.63E-07 time=1.830
After sweep 10 energy=-6.1453614  maxlinkdim=199 maxerr=3.73E-10 time=1.815
After sweep 11 energy=-6.1531816  maxlinkdim=189 maxerr=1.72E-09 time=1.867
After sweep 12 energy=-6.1585755  maxlinkdim=172 maxerr=8.56E-08 time=1.887
After sweep 13 energy=-6.161538  maxlinkdim=159 maxerr=2.59E-07 time=1.830
After sweep 14 energy=-6.1641264  maxlinkdim=191 maxerr=1.70E-07 time=1.929
After sweep 15 energy=-6.1654787  maxlinkdim=186 maxerr=1.17E-09 time=2.014
After sweep 16 energy=-6.1660414  maxlinkdim=200 maxerr=1.30E-10 time=2.125
After sweep 17 energy=-6.1661625  maxlinkdim=197 maxerr=9.28E-09 time=2.171
After sweep 18 energy=-6.1662064  maxlinkdim=190 maxerr=1.05E-09 time=2.231
After sweep 19 energy=-6.166209  maxlinkdim=190 maxerr=9.99E-11 time=2.376
After sweep 20 energy=-6.1661806  maxlinkdim=190 maxerr=2.47E-07 time=2.491
After sweep 21 energy=-6.166163  maxlinkdim=186 maxerr=7.68E-08 time=2.496
After sweep 22 energy=-6.1662145  maxlinkdim=186 maxerr=1.26E-07 time=2.482
After sweep 23 energy=-6.1661954  maxlinkdim=185 maxerr=1.22E-07 time=2.494
After sweep 24 energy=-6.166189  maxlinkdim=188 maxerr=2.56E-10 time=2.494
After sweep 25 energy=-6.166195  maxlinkdim=187 maxerr=4.14E-08 time=2.491
After sweep 26 energy=-6.166197  maxlinkdim=186 maxerr=9.62E-10 time=2.503
After sweep 27 energy=-6.1661816  maxlinkdim=186 maxerr=1.87E-08 time=2.486
After sweep 28 energy=-6.166182  maxlinkdim=183 maxerr=4.24E-09 time=2.498
After sweep 29 energy=-6.1661825  maxlinkdim=184 maxerr=1.18E-07 time=2.476
After sweep 30 energy=-6.166172  maxlinkdim=183 maxerr=2.12E-09 time=2.498
Same mu: -2.6463267332332574 and continuing
Target density achieved with mu=-2.6463267332332574, n=0.49999663
Checking {alpha,beta} vs measured
Alpha not converged.
NOT CONVERGED; updating alpha, beta and continuing...
After sweep 1 energy=-4.7889147  maxlinkdim=16 maxerr=2.77E-07 time=0.536
After sweep 2 energy=-5.796187  maxlinkdim=181 maxerr=1.42E-08 time=1.240
After sweep 3 energy=-5.907741  maxlinkdim=190 maxerr=1.34E-07 time=2.116
After sweep 4 energy=-5.978556  maxlinkdim=206 maxerr=8.05E-10 time=2.160
After sweep 5 energy=-6.0332932  maxlinkdim=233 maxerr=1.00E-09 time=2.160
After sweep 6 energy=-6.0710416  maxlinkdim=211 maxerr=1.39E-09 time=2.002
After sweep 7 energy=-6.101081  maxlinkdim=255 maxerr=1.37E-07 time=2.062
After sweep 8 energy=-6.121051  maxlinkdim=249 maxerr=1.03E-09 time=1.967
After sweep 9 energy=-6.1354394  maxlinkdim=202 maxerr=1.79E-08 time=1.887
After sweep 10 energy=-6.146075  maxlinkdim=233 maxerr=4.25E-08 time=1.874
After sweep 11 energy=-6.1539054  maxlinkdim=210 maxerr=2.79E-07 time=1.917
After sweep 12 energy=-6.1590834  maxlinkdim=178 maxerr=2.28E-07 time=1.907
After sweep 13 energy=-6.1622124  maxlinkdim=183 maxerr=6.30E-10 time=1.962
After sweep 14 energy=-6.1639833  maxlinkdim=195 maxerr=1.91E-10 time=1.912
After sweep 15 energy=-6.165185  maxlinkdim=173 maxerr=6.10E-10 time=2.024
After sweep 16 energy=-6.1658015  maxlinkdim=181 maxerr=1.16E-07 time=2.050
After sweep 17 energy=-6.16605  maxlinkdim=192 maxerr=4.20E-08 time=2.090
After sweep 18 energy=-6.166147  maxlinkdim=196 maxerr=5.34E-10 time=2.170
After sweep 19 energy=-6.166202  maxlinkdim=211 maxerr=6.64E-09 time=2.295
After sweep 20 energy=-6.1662064  maxlinkdim=190 maxerr=1.31E-09 time=2.440
After sweep 21 energy=-6.166177  maxlinkdim=186 maxerr=2.76E-08 time=2.500
After sweep 22 energy=-6.1661816  maxlinkdim=185 maxerr=1.20E-09 time=2.490
After sweep 23 energy=-6.166167  maxlinkdim=185 maxerr=7.66E-08 time=2.479
After sweep 24 energy=-6.1661534  maxlinkdim=185 maxerr=6.46E-10 time=2.488
After sweep 25 energy=-6.166206  maxlinkdim=184 maxerr=9.99E-11 time=2.495
After sweep 26 energy=-6.1662097  maxlinkdim=184 maxerr=3.70E-08 time=2.482
After sweep 27 energy=-6.1661854  maxlinkdim=185 maxerr=1.31E-07 time=2.487
After sweep 28 energy=-6.1661873  maxlinkdim=185 maxerr=1.28E-08 time=2.501
After sweep 29 energy=-6.1661725  maxlinkdim=184 maxerr=5.30E-08 time=2.490
After sweep 30 energy=-6.166175  maxlinkdim=187 maxerr=2.21E-08 time=2.498
Same mu: -2.6463267332332574 and continuing
Target density achieved with mu=-2.6463267332332574, n=0.4999976
Checking {alpha,beta} vs measured
Alpha not converged.
NOT CONVERGED; updating alpha, beta and continuing...
┌ Warning: Failed to converge alpha and beta within the maximum number of iterations
└ @ Main /global/u2/k/kwang98/MPS-MFT/main_loop_script_gpu.jl:491
ERROR: LoadError: MethodError: no method matching dmrg(::Nothing, ::Vector{MPS}, ::MPS, ::Sweeps)
The function `dmrg` exists, but no method is defined for this combination of argument types.

Closest candidates are:
  dmrg(!Matched::MPO, ::Vector{MPS}, ::MPS, ::Sweeps; weight, kwargs...)
   @ ITensorMPS ~/.julia/packages/ITensorMPS/DPGqJ/src/dmrg.jl:41
  dmrg(::Any, ::Any, ::MPS; nsweeps, maxdim, mindim, cutoff, noise, kwargs...)
   @ ITensorMPS ~/.julia/packages/ITensorMPS/DPGqJ/src/dmrg.jl:363
  dmrg(::Any, !Matched::MPS; nsweeps, maxdim, mindim, cutoff, noise, kwargs...)
   @ ITensorMPS ~/.julia/packages/ITensorMPS/DPGqJ/src/dmrg.jl:379
  ...

Stacktrace:
 [1] dmrg(x1::Nothing, x2::Vector{MPS}, psi0::MPS; nsweeps::Int64, maxdim::Int64, mindim::Int64, cutoff::Float64, noise::Bool, kwargs::@Kwargs{})
   @ ITensorMPS ~/.julia/packages/ITensorMPS/DPGqJ/src/dmrg.jl:374
 [2] run_dmrg_excited(s::Vector{Index{Int64}}, H::Nothing, psi0::MPS; nsweeps::Int64, maxdim::Int64, cutoff::Float64)
   @ Main /global/u2/k/kwang98/MPS-MFT/main_loop_script_gpu.jl:218
 [3] run_loop(L::Int64, t::Float64, U::Float64, t_p::Float64, mu_init::Float64, n_target::Float64, r_range::Int64, z_c::Int64, E_p::Float64, chi_max::Int64; nsweeps::Int64, cutoff::Float64)
   @ Main /global/u2/k/kwang98/MPS-MFT/main_loop_script_gpu.jl:543
 [4] run_loop(L::Int64, t::Float64, U::Float64, t_p::Float64, mu_init::Float64, n_target::Float64, r_range::Int64, z_c::Int64, E_p::Float64, chi_max::Int64)
   @ Main /global/u2/k/kwang98/MPS-MFT/main_loop_script_gpu.jl:496
 [5] top-level scope
   @ /global/u2/k/kwang98/MPS-MFT/main_loop_script_gpu.jl:591
in expression starting at /global/u2/k/kwang98/MPS-MFT/main_loop_script_gpu.jl:591
srun: error: nid008596: task 0: Exited with exit code 1
srun: Terminating StepId=45164689.0
Not completed, resubmitting...
Submitted batch job 45227915
