outfile_name: results_U_-4.0_t0_0.3_t_p_0.3_gpu.h5
[ Info:  started timer at: 2026-01-08T10:58:37.275
Starting fresh run
Running with t0=0.3 t_p=0.3 U=-4.0 L=64 chi_max=1000 E_p=1.476 mu_init=-2.64
After sweep 1 energy=-8.281468  maxlinkdim=10 maxerr=4.45E-03 time=30.514
After sweep 2 energy=-17.622032  maxlinkdim=20 maxerr=1.31E-04 time=1.573
After sweep 3 energy=-18.099287  maxlinkdim=100 maxerr=5.30E-07 time=2.648
After sweep 4 energy=-18.106207  maxlinkdim=601 maxerr=9.99E-11 time=14.180
After sweep 5 energy=-18.106327  maxlinkdim=687 maxerr=3.16E-08 time=23.778
After sweep 6 energy=-18.10632  maxlinkdim=684 maxerr=8.66E-09 time=30.244
After sweep 7 energy=-18.106262  maxlinkdim=647 maxerr=1.14E-08 time=29.260
After sweep 8 energy=-18.10629  maxlinkdim=663 maxerr=2.13E-08 time=28.685
After sweep 9 energy=-18.106289  maxlinkdim=648 maxerr=1.93E-07 time=28.714
After sweep 10 energy=-18.106249  maxlinkdim=649 maxerr=1.33E-08 time=28.689
After sweep 11 energy=-18.106241  maxlinkdim=651 maxerr=1.58E-08 time=28.561
After sweep 12 energy=-18.106249  maxlinkdim=659 maxerr=2.82E-08 time=29.027
After sweep 13 energy=-18.106369  maxlinkdim=663 maxerr=1.62E-08 time=29.255
After sweep 14 energy=-18.106258  maxlinkdim=660 maxerr=1.96E-08 time=28.422
After sweep 15 energy=-18.106258  maxlinkdim=680 maxerr=6.25E-08 time=28.386
After sweep 16 energy=-18.106327  maxlinkdim=669 maxerr=1.16E-08 time=28.413
After sweep 17 energy=-18.10629  maxlinkdim=661 maxerr=5.59E-08 time=28.337
After sweep 18 energy=-18.106272  maxlinkdim=670 maxerr=1.48E-07 time=28.326
After sweep 19 energy=-18.10634  maxlinkdim=655 maxerr=1.17E-07 time=28.310
After sweep 20 energy=-18.106297  maxlinkdim=659 maxerr=1.36E-07 time=28.731
After sweep 21 energy=-18.106352  maxlinkdim=665 maxerr=4.62E-08 time=29.031
After sweep 22 energy=-18.106354  maxlinkdim=651 maxerr=1.27E-07 time=28.489
After sweep 23 energy=-18.1063  maxlinkdim=658 maxerr=1.18E-07 time=28.240
After sweep 24 energy=-18.106236  maxlinkdim=646 maxerr=2.43E-08 time=28.268
After sweep 25 energy=-18.106266  maxlinkdim=658 maxerr=3.02E-08 time=28.128
After sweep 26 energy=-18.106285  maxlinkdim=659 maxerr=1.49E-07 time=28.322
After sweep 27 energy=-18.106356  maxlinkdim=649 maxerr=2.33E-08 time=28.202
After sweep 28 energy=-18.10624  maxlinkdim=671 maxerr=1.12E-08 time=28.608
After sweep 29 energy=-18.10631  maxlinkdim=666 maxerr=3.44E-08 time=29.067
After sweep 30 energy=-18.106266  maxlinkdim=656 maxerr=1.41E-08 time=28.284
Not same mu, searching again
After sweep 1 energy=-8.413677  maxlinkdim=10 maxerr=1.03E-02 time=1.358
After sweep 2 energy=-16.97446  maxlinkdim=20 maxerr=1.54E-04 time=1.619
After sweep 3 energy=-17.45812  maxlinkdim=100 maxerr=6.44E-07 time=2.378
After sweep 4 energy=-17.471354  maxlinkdim=575 maxerr=1.00E-10 time=13.183
After sweep 5 energy=-17.472416  maxlinkdim=648 maxerr=1.84E-08 time=21.737
After sweep 6 energy=-17.472515  maxlinkdim=723 maxerr=1.48E-08 time=24.878
After sweep 7 energy=-17.472551  maxlinkdim=639 maxerr=6.09E-09 time=26.629
After sweep 8 energy=-17.472458  maxlinkdim=645 maxerr=8.74E-08 time=26.931
After sweep 9 energy=-17.472616  maxlinkdim=630 maxerr=7.20E-08 time=26.955
After sweep 10 energy=-17.47242  maxlinkdim=633 maxerr=2.16E-08 time=27.187
After sweep 11 energy=-17.47247  maxlinkdim=639 maxerr=2.13E-08 time=27.792
After sweep 12 energy=-17.47246  maxlinkdim=634 maxerr=5.01E-08 time=26.868
After sweep 13 energy=-17.472574  maxlinkdim=642 maxerr=2.31E-08 time=26.947
After sweep 14 energy=-17.472557  maxlinkdim=636 maxerr=1.45E-07 time=26.916
After sweep 15 energy=-17.47251  maxlinkdim=638 maxerr=1.06E-07 time=26.916
After sweep 16 energy=-17.472507  maxlinkdim=649 maxerr=2.00E-07 time=26.813
After sweep 17 energy=-17.47242  maxlinkdim=640 maxerr=5.40E-08 time=26.897
After sweep 18 energy=-17.47261  maxlinkdim=648 maxerr=2.60E-08 time=27.017
After sweep 19 energy=-17.472523  maxlinkdim=634 maxerr=6.24E-08 time=27.930
After sweep 20 energy=-17.472576  maxlinkdim=636 maxerr=1.28E-08 time=26.791
After sweep 21 energy=-17.472603  maxlinkdim=644 maxerr=5.55E-08 time=26.894
After sweep 22 energy=-17.472513  maxlinkdim=644 maxerr=1.00E-10 time=26.983
After sweep 23 energy=-17.472424  maxlinkdim=643 maxerr=1.25E-07 time=26.892
After sweep 24 energy=-17.472523  maxlinkdim=642 maxerr=7.95E-09 time=26.917
After sweep 25 energy=-17.472576  maxlinkdim=639 maxerr=2.70E-08 time=26.923
After sweep 26 energy=-17.472507  maxlinkdim=631 maxerr=2.76E-08 time=26.807
After sweep 27 energy=-17.472473  maxlinkdim=642 maxerr=1.07E-08 time=27.148
After sweep 28 energy=-17.472515  maxlinkdim=636 maxerr=2.11E-07 time=27.761
After sweep 29 energy=-17.472502  maxlinkdim=644 maxerr=3.40E-08 time=26.828
After sweep 30 energy=-17.472488  maxlinkdim=636 maxerr=1.00E-10 time=26.884
n0: 0.49003762; n1: 0.50046754; mu0: -2.65; mu1: -2.64

Range found between mu0: -2.65 (n0: 0.49003762) and mu1: -2.64 (n1: 0.50046754); refining...
n0: 0.49003762; n1: 0.50046754; mu0: -2.65; mu1: -2.64
Trying secant step...
After sweep 1 energy=-9.264547  maxlinkdim=10 maxerr=5.58E-03 time=1.450
After sweep 2 energy=-17.56718  maxlinkdim=20 maxerr=7.63E-04 time=1.692
After sweep 3 energy=-18.067017  maxlinkdim=100 maxerr=7.86E-07 time=2.385
After sweep 4 energy=-18.077085  maxlinkdim=588 maxerr=1.00E-10 time=13.242
After sweep 5 energy=-18.077566  maxlinkdim=662 maxerr=3.35E-08 time=22.464
After sweep 6 energy=-18.077656  maxlinkdim=672 maxerr=1.82E-07 time=26.032
After sweep 7 energy=-18.077692  maxlinkdim=677 maxerr=2.65E-08 time=28.072
After sweep 8 energy=-18.07771  maxlinkdim=657 maxerr=1.37E-07 time=28.290
After sweep 9 energy=-18.077635  maxlinkdim=667 maxerr=6.03E-08 time=28.612
After sweep 10 energy=-18.077606  maxlinkdim=649 maxerr=5.11E-08 time=29.042
After sweep 11 energy=-18.077538  maxlinkdim=653 maxerr=2.35E-08 time=28.284
After sweep 12 energy=-18.077587  maxlinkdim=670 maxerr=2.12E-08 time=28.306
After sweep 13 energy=-18.077593  maxlinkdim=650 maxerr=3.51E-08 time=28.133
After sweep 14 energy=-18.07763  maxlinkdim=658 maxerr=1.33E-07 time=28.232
After sweep 15 energy=-18.077738  maxlinkdim=662 maxerr=1.16E-07 time=28.085
After sweep 16 energy=-18.077593  maxlinkdim=654 maxerr=1.84E-08 time=28.277
After sweep 17 energy=-18.077602  maxlinkdim=652 maxerr=3.05E-08 time=28.390
After sweep 18 energy=-18.077633  maxlinkdim=653 maxerr=1.46E-07 time=28.990
After sweep 19 energy=-18.077625  maxlinkdim=659 maxerr=1.81E-07 time=28.118
After sweep 20 energy=-18.07766  maxlinkdim=650 maxerr=1.90E-07 time=28.247
After sweep 21 energy=-18.077606  maxlinkdim=679 maxerr=1.20E-07 time=28.171
After sweep 22 energy=-18.07772  maxlinkdim=653 maxerr=8.46E-08 time=28.141
After sweep 23 energy=-18.077618  maxlinkdim=654 maxerr=2.74E-08 time=28.234
After sweep 24 energy=-18.077583  maxlinkdim=668 maxerr=1.11E-07 time=28.226
After sweep 25 energy=-18.077612  maxlinkdim=654 maxerr=9.89E-08 time=28.385
After sweep 26 energy=-18.077585  maxlinkdim=658 maxerr=7.27E-09 time=29.035
After sweep 27 energy=-18.07774  maxlinkdim=654 maxerr=1.17E-07 time=28.263
After sweep 28 energy=-18.077576  maxlinkdim=667 maxerr=1.13E-08 time=28.257
After sweep 29 energy=-18.07749  maxlinkdim=651 maxerr=2.61E-08 time=28.220
After sweep 30 energy=-18.077583  maxlinkdim=652 maxerr=1.26E-08 time=28.220
FOUND MU (secant); mu: -2.640448266994314  n: 0.5000034
Target density achieved with mu=-2.640448266994314, n=0.5000034
Checking {alpha,beta} vs measured
Alpha not converged.
NOT CONVERGED; updating alpha, beta and continuing...
After sweep 1 energy=0.44683158  maxlinkdim=10 maxerr=4.22E-03 time=1.402
After sweep 2 energy=-4.282261  maxlinkdim=20 maxerr=1.67E-05 time=1.793
After sweep 3 energy=-4.3630614  maxlinkdim=100 maxerr=3.56E-08 time=2.764
After sweep 4 energy=-4.3667736  maxlinkdim=257 maxerr=1.00E-10 time=7.982
After sweep 5 energy=-4.3673177  maxlinkdim=216 maxerr=6.73E-09 time=7.722
After sweep 6 energy=-4.36739  maxlinkdim=221 maxerr=8.83E-08 time=7.261
After sweep 7 energy=-4.3673897  maxlinkdim=204 maxerr=1.01E-07 time=7.051
After sweep 8 energy=-4.367395  maxlinkdim=194 maxerr=8.23E-09 time=6.895
After sweep 9 energy=-4.367379  maxlinkdim=191 maxerr=6.15E-09 time=6.832
After sweep 10 energy=-4.3674064  maxlinkdim=194 maxerr=5.81E-07 time=6.802
After sweep 11 energy=-4.3673873  maxlinkdim=191 maxerr=3.03E-08 time=6.822
After sweep 12 energy=-4.3673983  maxlinkdim=192 maxerr=2.80E-07 time=6.798
After sweep 13 energy=-4.3673925  maxlinkdim=193 maxerr=3.80E-07 time=6.772
After sweep 14 energy=-4.3674  maxlinkdim=191 maxerr=5.84E-08 time=6.803
After sweep 15 energy=-4.367403  maxlinkdim=192 maxerr=6.14E-09 time=6.787
After sweep 16 energy=-4.367398  maxlinkdim=195 maxerr=2.98E-07 time=6.787
After sweep 17 energy=-4.367434  maxlinkdim=195 maxerr=6.40E-09 time=6.886
After sweep 18 energy=-4.3673964  maxlinkdim=190 maxerr=6.65E-09 time=6.964
After sweep 19 energy=-4.3673887  maxlinkdim=193 maxerr=7.52E-09 time=6.948
After sweep 20 energy=-4.3673887  maxlinkdim=192 maxerr=2.79E-07 time=6.946
After sweep 21 energy=-4.3674154  maxlinkdim=195 maxerr=2.48E-08 time=6.942
After sweep 22 energy=-4.367388  maxlinkdim=196 maxerr=4.73E-08 time=6.975
After sweep 23 energy=-4.367401  maxlinkdim=197 maxerr=3.04E-07 time=6.958
After sweep 24 energy=-4.367391  maxlinkdim=190 maxerr=6.70E-09 time=6.951
After sweep 25 energy=-4.3674088  maxlinkdim=191 maxerr=8.41E-08 time=6.961
After sweep 26 energy=-4.367391  maxlinkdim=195 maxerr=2.00E-07 time=6.961
After sweep 27 energy=-4.367386  maxlinkdim=193 maxerr=3.75E-07 time=6.954
After sweep 28 energy=-4.3673844  maxlinkdim=193 maxerr=1.06E-07 time=6.960
After sweep 29 energy=-4.3674097  maxlinkdim=191 maxerr=2.53E-07 time=6.989
After sweep 30 energy=-4.367388  maxlinkdim=190 maxerr=7.82E-09 time=6.968
Not same mu, searching again
After sweep 1 energy=1.4368334  maxlinkdim=10 maxerr=2.10E-03 time=1.444
After sweep 2 energy=-4.342396  maxlinkdim=20 maxerr=1.85E-05 time=1.618
After sweep 3 energy=-4.529019  maxlinkdim=100 maxerr=3.66E-08 time=2.663
After sweep 4 energy=-4.539295  maxlinkdim=290 maxerr=1.00E-10 time=8.120
After sweep 5 energy=-4.540861  maxlinkdim=217 maxerr=5.89E-07 time=8.042
After sweep 6 energy=-4.54115  maxlinkdim=229 maxerr=4.48E-07 time=8.328
After sweep 7 energy=-4.541241  maxlinkdim=221 maxerr=9.78E-09 time=7.408
After sweep 8 energy=-4.5412393  maxlinkdim=217 maxerr=2.54E-08 time=7.436
After sweep 9 energy=-4.5412364  maxlinkdim=198 maxerr=3.95E-07 time=7.250
After sweep 10 energy=-4.5412407  maxlinkdim=199 maxerr=5.24E-09 time=7.157
After sweep 11 energy=-4.5412393  maxlinkdim=198 maxerr=1.59E-07 time=7.169
After sweep 12 energy=-4.541233  maxlinkdim=197 maxerr=4.64E-08 time=7.144
After sweep 13 energy=-4.5412135  maxlinkdim=197 maxerr=8.86E-09 time=7.146
After sweep 14 energy=-4.541238  maxlinkdim=196 maxerr=5.32E-09 time=7.157
After sweep 15 energy=-4.541231  maxlinkdim=199 maxerr=2.34E-07 time=7.141
After sweep 16 energy=-4.541228  maxlinkdim=202 maxerr=9.25E-09 time=7.153
After sweep 17 energy=-4.5412645  maxlinkdim=196 maxerr=7.79E-08 time=7.161
After sweep 18 energy=-4.5412283  maxlinkdim=198 maxerr=6.19E-08 time=7.130
After sweep 19 energy=-4.541267  maxlinkdim=200 maxerr=3.42E-07 time=7.164
After sweep 20 energy=-4.5412235  maxlinkdim=198 maxerr=1.26E-07 time=7.180
After sweep 21 energy=-4.5412393  maxlinkdim=197 maxerr=1.27E-07 time=7.164
After sweep 22 energy=-4.541253  maxlinkdim=196 maxerr=3.33E-07 time=7.160
After sweep 23 energy=-4.541227  maxlinkdim=196 maxerr=9.69E-09 time=7.125
After sweep 24 energy=-4.5412292  maxlinkdim=201 maxerr=8.18E-09 time=7.136
After sweep 25 energy=-4.54124  maxlinkdim=198 maxerr=2.07E-07 time=7.182
After sweep 26 energy=-4.541235  maxlinkdim=197 maxerr=5.59E-08 time=7.141
After sweep 27 energy=-4.5412393  maxlinkdim=198 maxerr=7.70E-09 time=7.119
After sweep 28 energy=-4.5412617  maxlinkdim=196 maxerr=2.05E-07 time=7.074
After sweep 29 energy=-4.5412507  maxlinkdim=197 maxerr=9.32E-09 time=7.103
After sweep 30 energy=-4.541278  maxlinkdim=200 maxerr=6.25E-08 time=7.115
n0: 0.13198848; n1: 0.13971937; mu0: -2.640448266994314; mu1: -2.630448266994314
n_target > n1 and n_target > n0 triggered
After sweep 1 energy=1.4911281  maxlinkdim=10 maxerr=4.20E-03 time=1.367
After sweep 2 energy=-4.506192  maxlinkdim=20 maxerr=1.76E-05 time=1.718
After sweep 3 energy=-4.709331  maxlinkdim=100 maxerr=3.99E-08 time=2.909
After sweep 4 energy=-4.722222  maxlinkdim=289 maxerr=1.00E-10 time=8.511
After sweep 5 energy=-4.724538  maxlinkdim=233 maxerr=8.39E-09 time=8.149
After sweep 6 energy=-4.7251377  maxlinkdim=238 maxerr=1.86E-07 time=7.426
After sweep 7 energy=-4.725239  maxlinkdim=229 maxerr=2.90E-07 time=7.654
After sweep 8 energy=-4.7252703  maxlinkdim=229 maxerr=8.16E-09 time=7.848
After sweep 9 energy=-4.7252555  maxlinkdim=203 maxerr=2.61E-07 time=7.653
After sweep 10 energy=-4.7252593  maxlinkdim=203 maxerr=6.97E-09 time=7.502
After sweep 11 energy=-4.725272  maxlinkdim=203 maxerr=2.19E-07 time=7.473
After sweep 12 energy=-4.725267  maxlinkdim=205 maxerr=2.51E-07 time=7.503
After sweep 13 energy=-4.7252874  maxlinkdim=205 maxerr=8.68E-09 time=7.539
After sweep 14 energy=-4.725241  maxlinkdim=206 maxerr=2.87E-08 time=7.699
After sweep 15 energy=-4.7252526  maxlinkdim=203 maxerr=2.50E-07 time=7.709
After sweep 16 energy=-4.7252603  maxlinkdim=203 maxerr=6.57E-08 time=7.699
After sweep 17 energy=-4.7252507  maxlinkdim=202 maxerr=1.16E-07 time=7.721
After sweep 18 energy=-4.725264  maxlinkdim=206 maxerr=7.48E-08 time=7.701
After sweep 19 energy=-4.7252264  maxlinkdim=204 maxerr=5.75E-08 time=7.725
After sweep 20 energy=-4.7252493  maxlinkdim=209 maxerr=9.81E-09 time=7.683
After sweep 21 energy=-4.725277  maxlinkdim=203 maxerr=9.65E-09 time=7.689
After sweep 22 energy=-4.7252507  maxlinkdim=204 maxerr=9.13E-08 time=7.723
After sweep 23 energy=-4.7252665  maxlinkdim=205 maxerr=4.68E-08 time=7.668
After sweep 24 energy=-4.7252665  maxlinkdim=204 maxerr=8.03E-09 time=7.735
After sweep 25 energy=-4.7252636  maxlinkdim=205 maxerr=1.68E-07 time=7.712
After sweep 26 energy=-4.7252774  maxlinkdim=204 maxerr=9.09E-08 time=7.713
After sweep 27 energy=-4.725237  maxlinkdim=202 maxerr=2.67E-07 time=7.704
After sweep 28 energy=-4.725252  maxlinkdim=204 maxerr=2.25E-07 time=7.740
After sweep 29 energy=-4.7252502  maxlinkdim=206 maxerr=1.76E-07 time=8.709
After sweep 30 energy=-4.725217  maxlinkdim=204 maxerr=4.24E-07 time=7.596
n0: 0.13971937; n1: 0.14786606; mu0: -2.630448266994314; mu1: -2.6204482669943143
n_target > n1 and n_target > n0 triggered
After sweep 1 energy=-0.84731114  maxlinkdim=10 maxerr=3.38E-03 time=1.403
After sweep 2 energy=-5.163441  maxlinkdim=20 maxerr=9.79E-06 time=1.832
After sweep 3 energy=-5.327412  maxlinkdim=100 maxerr=4.99E-08 time=2.770
After sweep 4 energy=-5.339945  maxlinkdim=320 maxerr=1.00E-10 time=9.869
After sweep 5 energy=-5.3426704  maxlinkdim=279 maxerr=2.13E-09 time=9.715
After sweep 6 energy=-5.343461  maxlinkdim=245 maxerr=9.19E-08 time=9.126
After sweep 7 energy=-5.343624  maxlinkdim=250 maxerr=1.00E-08 time=9.643
After sweep 8 energy=-5.343623  maxlinkdim=234 maxerr=4.00E-09 time=9.611
After sweep 9 energy=-5.34363  maxlinkdim=226 maxerr=1.13E-08 time=9.590
After sweep 10 energy=-5.343607  maxlinkdim=228 maxerr=1.45E-08 time=9.517
After sweep 11 energy=-5.3436246  maxlinkdim=230 maxerr=2.49E-07 time=9.493
After sweep 12 energy=-5.3436136  maxlinkdim=227 maxerr=1.45E-07 time=9.465
After sweep 13 energy=-5.3436017  maxlinkdim=226 maxerr=1.30E-08 time=9.495
After sweep 14 energy=-5.3436117  maxlinkdim=226 maxerr=7.38E-08 time=9.463
After sweep 15 energy=-5.3436155  maxlinkdim=230 maxerr=3.02E-08 time=9.452
After sweep 16 energy=-5.343622  maxlinkdim=232 maxerr=3.73E-09 time=9.434
After sweep 17 energy=-5.3436146  maxlinkdim=229 maxerr=1.02E-07 time=9.440
After sweep 18 energy=-5.343646  maxlinkdim=225 maxerr=1.49E-08 time=9.480
After sweep 19 energy=-5.343589  maxlinkdim=229 maxerr=8.17E-09 time=9.444
After sweep 20 energy=-5.343648  maxlinkdim=229 maxerr=8.47E-09 time=9.456
After sweep 21 energy=-5.3436317  maxlinkdim=228 maxerr=1.16E-08 time=9.460
After sweep 22 energy=-5.3436346  maxlinkdim=228 maxerr=1.02E-08 time=9.440
After sweep 23 energy=-5.343627  maxlinkdim=228 maxerr=6.56E-09 time=9.435
After sweep 24 energy=-5.343631  maxlinkdim=228 maxerr=2.93E-07 time=9.426
After sweep 25 energy=-5.343607  maxlinkdim=234 maxerr=1.87E-08 time=9.436
After sweep 26 energy=-5.3436203  maxlinkdim=225 maxerr=2.00E-08 time=9.416
After sweep 27 energy=-5.3436255  maxlinkdim=228 maxerr=3.24E-08 time=9.579
After sweep 28 energy=-5.3436093  maxlinkdim=228 maxerr=9.91E-09 time=9.653
After sweep 29 energy=-5.3436365  maxlinkdim=226 maxerr=9.74E-08 time=9.667
After sweep 30 energy=-5.3436227  maxlinkdim=228 maxerr=5.47E-09 time=9.649
n0: 0.14786606; n1: 0.17483456; mu0: -2.6204482669943143; mu1: -2.5904482669943145
n_target > n1 and n_target > n0 triggered
After sweep 1 energy=-1.5765953  maxlinkdim=10 maxerr=4.70E-03 time=1.476
After sweep 2 energy=-7.5658545  maxlinkdim=20 maxerr=1.30E-04 time=1.645
After sweep 3 energy=-7.8938756  maxlinkdim=100 maxerr=1.09E-07 time=2.714
After sweep 4 energy=-7.9117737  maxlinkdim=490 maxerr=1.00E-10 time=15.239
After sweep 5 energy=-7.914352  maxlinkdim=422 maxerr=1.32E-08 time=16.544
After sweep 6 energy=-7.915031  maxlinkdim=358 maxerr=1.82E-08 time=15.302
After sweep 7 energy=-7.915249  maxlinkdim=354 maxerr=2.11E-08 time=16.552
After sweep 8 energy=-7.9152746  maxlinkdim=369 maxerr=7.95E-09 time=18.334
After sweep 9 energy=-7.9152656  maxlinkdim=332 maxerr=1.01E-08 time=19.077
After sweep 10 energy=-7.9152727  maxlinkdim=326 maxerr=8.70E-09 time=18.552
After sweep 11 energy=-7.9152684  maxlinkdim=328 maxerr=1.44E-08 time=18.418
After sweep 12 energy=-7.9152646  maxlinkdim=323 maxerr=6.73E-09 time=18.388
After sweep 13 energy=-7.9152555  maxlinkdim=322 maxerr=5.58E-09 time=18.416
After sweep 14 energy=-7.915258  maxlinkdim=325 maxerr=2.01E-08 time=18.356
After sweep 15 energy=-7.915261  maxlinkdim=320 maxerr=5.31E-08 time=18.469
After sweep 16 energy=-7.9152265  maxlinkdim=322 maxerr=1.36E-08 time=18.385
After sweep 17 energy=-7.9152427  maxlinkdim=324 maxerr=1.42E-08 time=18.361
After sweep 18 energy=-7.9152675  maxlinkdim=325 maxerr=6.92E-09 time=18.668
After sweep 19 energy=-7.9152546  maxlinkdim=320 maxerr=1.31E-08 time=18.683
After sweep 20 energy=-7.9152923  maxlinkdim=324 maxerr=1.54E-08 time=19.746
After sweep 21 energy=-7.9152837  maxlinkdim=322 maxerr=1.24E-08 time=18.410
After sweep 22 energy=-7.9152308  maxlinkdim=322 maxerr=1.89E-09 time=18.348
After sweep 23 energy=-7.9152536  maxlinkdim=324 maxerr=1.49E-07 time=18.382
After sweep 24 energy=-7.9152775  maxlinkdim=326 maxerr=1.62E-08 time=18.369
After sweep 25 energy=-7.915263  maxlinkdim=324 maxerr=1.73E-08 time=18.410
After sweep 26 energy=-7.915275  maxlinkdim=326 maxerr=1.12E-08 time=18.457
After sweep 27 energy=-7.915263  maxlinkdim=322 maxerr=1.27E-08 time=18.423
After sweep 28 energy=-7.915273  maxlinkdim=324 maxerr=1.34E-08 time=18.464
After sweep 29 energy=-7.9152894  maxlinkdim=328 maxerr=8.30E-09 time=18.424
After sweep 30 energy=-7.9152975  maxlinkdim=321 maxerr=1.96E-08 time=18.361
n0: 0.17483456; n1: 0.27618772; mu0: -2.5904482669943145; mu1: -2.5004482669943147
n_target > n1 and n_target > n0 triggered
After sweep 1 energy=-12.845846  maxlinkdim=10 maxerr=6.24E-03 time=1.401
After sweep 2 energy=-22.512661  maxlinkdim=20 maxerr=2.33E-04 time=1.724
After sweep 3 energy=-23.594189  maxlinkdim=100 maxerr=8.08E-06 time=2.853
After sweep 4 energy=-23.635342  maxlinkdim=915 maxerr=1.00E-10 time=69.695
After sweep 5 energy=-23.636496  maxlinkdim=840 maxerr=2.39E-09 time=121.124
After sweep 6 energy=-23.636421  maxlinkdim=885 maxerr=1.77E-09 time=120.227
After sweep 7 energy=-23.636435  maxlinkdim=793 maxerr=8.94E-08 time=121.682
After sweep 8 energy=-23.636524  maxlinkdim=765 maxerr=1.72E-08 time=119.942
After sweep 9 energy=-23.636538  maxlinkdim=765 maxerr=2.42E-09 time=118.724
After sweep 10 energy=-23.636494  maxlinkdim=764 maxerr=1.60E-09 time=119.626
After sweep 11 energy=-23.636435  maxlinkdim=765 maxerr=1.99E-08 time=120.005
After sweep 12 energy=-23.636463  maxlinkdim=763 maxerr=6.12E-08 time=119.620
After sweep 13 energy=-23.636478  maxlinkdim=763 maxerr=1.19E-07 time=118.715
After sweep 14 energy=-23.636385  maxlinkdim=770 maxerr=1.77E-07 time=120.185
After sweep 15 energy=-23.63636  maxlinkdim=766 maxerr=6.33E-08 time=120.082
After sweep 16 energy=-23.636461  maxlinkdim=764 maxerr=6.35E-08 time=118.681
After sweep 17 energy=-23.636597  maxlinkdim=761 maxerr=1.58E-08 time=118.868
After sweep 18 energy=-23.636484  maxlinkdim=782 maxerr=4.33E-08 time=119.567
After sweep 19 energy=-23.636425  maxlinkdim=766 maxerr=4.52E-08 time=119.587
After sweep 20 energy=-23.636374  maxlinkdim=762 maxerr=1.31E-07 time=119.333
After sweep 21 energy=-23.636522  maxlinkdim=766 maxerr=2.05E-09 time=119.741
After sweep 22 energy=-23.636335  maxlinkdim=762 maxerr=8.65E-08 time=120.348
After sweep 23 energy=-23.636347  maxlinkdim=783 maxerr=4.89E-08 time=119.795
After sweep 24 energy=-23.636463  maxlinkdim=781 maxerr=1.01E-07 time=118.750
After sweep 25 energy=-23.636515  maxlinkdim=763 maxerr=2.23E-08 time=120.088
After sweep 26 energy=-23.636398  maxlinkdim=764 maxerr=5.31E-08 time=119.869
After sweep 27 energy=-23.636452  maxlinkdim=768 maxerr=1.14E-07 time=118.861
After sweep 28 energy=-23.636387  maxlinkdim=764 maxerr=8.50E-08 time=119.998
After sweep 29 energy=-23.636326  maxlinkdim=769 maxerr=1.00E-07 time=119.707
After sweep 30 energy=-23.636415  maxlinkdim=770 maxerr=1.66E-08 time=120.063
n0: 0.27618772; n1: 0.62712914; mu0: -2.5004482669943147; mu1: -2.2304482669943146

Range found between mu0: -2.5004482669943147 (n0: 0.27618772) and mu1: -2.2304482669943146 (n1: 0.62712914); refining...
n0: 0.27618772; n1: 0.62712914; mu0: -2.5004482669943147; mu1: -2.2304482669943146
Trying secant step...
After sweep 1 energy=-7.7565794  maxlinkdim=10 maxerr=4.91E-03 time=1.314
After sweep 2 energy=-15.905819  maxlinkdim=20 maxerr=9.85E-05 time=1.669
After sweep 3 energy=-16.500736  maxlinkdim=100 maxerr=1.08E-06 time=2.650
After sweep 4 energy=-16.524609  maxlinkdim=740 maxerr=1.00E-10 time=42.959
After sweep 5 energy=-16.527094  maxlinkdim=696 maxerr=3.61E-08 time=63.707
After sweep 6 energy=-16.527523  maxlinkdim=718 maxerr=1.94E-08 time=61.202
After sweep 7 energy=-16.527515  maxlinkdim=633 maxerr=3.83E-08 time=63.959
After sweep 8 energy=-16.527544  maxlinkdim=616 maxerr=9.84E-08 time=66.538
After sweep 9 energy=-16.527565  maxlinkdim=612 maxerr=3.59E-08 time=67.424
After sweep 10 energy=-16.527594  maxlinkdim=603 maxerr=4.12E-08 time=66.048
After sweep 11 energy=-16.527548  maxlinkdim=597 maxerr=4.24E-08 time=66.816
After sweep 12 energy=-16.527565  maxlinkdim=602 maxerr=2.46E-08 time=66.275
After sweep 13 energy=-16.527496  maxlinkdim=597 maxerr=2.86E-08 time=67.416
After sweep 14 energy=-16.527493  maxlinkdim=601 maxerr=5.71E-08 time=66.104
After sweep 15 energy=-16.527555  maxlinkdim=607 maxerr=3.44E-08 time=66.078
After sweep 16 energy=-16.527441  maxlinkdim=610 maxerr=9.95E-08 time=67.444
After sweep 17 energy=-16.527584  maxlinkdim=607 maxerr=6.01E-08 time=66.231
After sweep 18 energy=-16.52754  maxlinkdim=601 maxerr=1.34E-08 time=65.916
After sweep 19 energy=-16.527506  maxlinkdim=600 maxerr=3.72E-08 time=67.496
After sweep 20 energy=-16.527573  maxlinkdim=604 maxerr=5.67E-09 time=65.970
After sweep 21 energy=-16.527607  maxlinkdim=598 maxerr=5.19E-08 time=65.722
After sweep 22 energy=-16.527554  maxlinkdim=599 maxerr=9.36E-09 time=69.827
After sweep 23 energy=-16.527477  maxlinkdim=609 maxerr=3.80E-08 time=66.279
After sweep 24 energy=-16.527496  maxlinkdim=604 maxerr=5.14E-08 time=65.932
After sweep 25 energy=-16.527603  maxlinkdim=605 maxerr=1.68E-08 time=66.731
After sweep 26 energy=-16.527567  maxlinkdim=605 maxerr=6.27E-08 time=66.335
After sweep 27 energy=-16.527561  maxlinkdim=608 maxerr=9.47E-08 time=66.190
After sweep 28 energy=-16.527615  maxlinkdim=599 maxerr=4.64E-08 time=66.487
After sweep 29 energy=-16.527504  maxlinkdim=604 maxerr=2.64E-08 time=67.440
After sweep 30 energy=-16.527542  maxlinkdim=604 maxerr=4.74E-08 time=66.242
n0: 0.50623655; n1: 0.62712914; mu0: -2.328256234968879; mu1: -2.2304482669943146
Trying secant step...
After sweep 1 energy=-7.062683  maxlinkdim=10 maxerr=1.09E-02 time=1.363
After sweep 2 energy=-15.583295  maxlinkdim=20 maxerr=1.04E-04 time=1.775
After sweep 3 energy=-16.185934  maxlinkdim=100 maxerr=7.47E-07 time=2.695
After sweep 4 energy=-16.201614  maxlinkdim=736 maxerr=1.00E-10 time=42.367
After sweep 5 energy=-16.202682  maxlinkdim=613 maxerr=1.61E-08 time=64.307
After sweep 6 energy=-16.202862  maxlinkdim=644 maxerr=4.06E-08 time=61.402
After sweep 7 energy=-16.202839  maxlinkdim=669 maxerr=3.26E-08 time=61.813
After sweep 8 energy=-16.20276  maxlinkdim=595 maxerr=2.70E-08 time=63.851
After sweep 9 energy=-16.202782  maxlinkdim=594 maxerr=1.71E-08 time=64.533
After sweep 10 energy=-16.202805  maxlinkdim=592 maxerr=3.59E-08 time=63.503
After sweep 11 energy=-16.202713  maxlinkdim=594 maxerr=7.41E-08 time=63.650
After sweep 12 energy=-16.202747  maxlinkdim=590 maxerr=7.95E-08 time=64.655
After sweep 13 energy=-16.202894  maxlinkdim=594 maxerr=5.76E-08 time=63.531
After sweep 14 energy=-16.202759  maxlinkdim=598 maxerr=7.47E-08 time=63.543
After sweep 15 energy=-16.202738  maxlinkdim=597 maxerr=1.21E-07 time=64.446
After sweep 16 energy=-16.202805  maxlinkdim=587 maxerr=7.31E-08 time=64.458
After sweep 17 energy=-16.202747  maxlinkdim=587 maxerr=4.30E-08 time=63.528
After sweep 18 energy=-16.202755  maxlinkdim=596 maxerr=3.66E-08 time=63.590
After sweep 19 energy=-16.202778  maxlinkdim=590 maxerr=9.38E-08 time=65.133
After sweep 20 energy=-16.20282  maxlinkdim=597 maxerr=7.08E-08 time=63.313
After sweep 21 energy=-16.202839  maxlinkdim=590 maxerr=5.35E-08 time=63.677
After sweep 22 energy=-16.202763  maxlinkdim=589 maxerr=3.48E-08 time=65.208
After sweep 23 energy=-16.202797  maxlinkdim=587 maxerr=6.42E-08 time=63.352
After sweep 24 energy=-16.202698  maxlinkdim=587 maxerr=3.99E-08 time=63.414
After sweep 25 energy=-16.20283  maxlinkdim=597 maxerr=1.02E-07 time=63.952
After sweep 26 energy=-16.202728  maxlinkdim=588 maxerr=4.20E-08 time=64.521
After sweep 27 energy=-16.202774  maxlinkdim=586 maxerr=5.65E-08 time=63.088
After sweep 28 energy=-16.20272  maxlinkdim=591 maxerr=5.20E-08 time=63.582
After sweep 29 energy=-16.202747  maxlinkdim=590 maxerr=5.28E-08 time=64.557
After sweep 30 energy=-16.202732  maxlinkdim=588 maxerr=7.35E-08 time=63.326
n0: 0.49963775; n1: 0.50623655; mu0: -2.333301909178756; mu1: -2.328256234968879
Trying secant step...
After sweep 1 energy=-8.449677  maxlinkdim=10 maxerr=2.37E-03 time=1.362
After sweep 2 energy=-15.809564  maxlinkdim=20 maxerr=7.41E-05 time=1.706
After sweep 3 energy=-16.212269  maxlinkdim=100 maxerr=6.35E-07 time=2.796
After sweep 4 energy=-16.22005  maxlinkdim=753 maxerr=1.00E-10 time=43.077
After sweep 5 energy=-16.22053  maxlinkdim=640 maxerr=7.48E-08 time=64.558
After sweep 6 energy=-16.220547  maxlinkdim=669 maxerr=2.28E-08 time=63.417
After sweep 7 energy=-16.220486  maxlinkdim=603 maxerr=6.45E-08 time=64.280
After sweep 8 energy=-16.220432  maxlinkdim=585 maxerr=3.63E-08 time=63.924
After sweep 9 energy=-16.220394  maxlinkdim=588 maxerr=4.74E-08 time=64.967
After sweep 10 energy=-16.2206  maxlinkdim=597 maxerr=1.71E-07 time=63.704
After sweep 11 energy=-16.220552  maxlinkdim=589 maxerr=6.07E-08 time=63.782
After sweep 12 energy=-16.220482  maxlinkdim=589 maxerr=2.30E-08 time=64.850
After sweep 13 energy=-16.220505  maxlinkdim=599 maxerr=1.95E-07 time=64.628
After sweep 14 energy=-16.220453  maxlinkdim=582 maxerr=9.54E-08 time=63.513
After sweep 15 energy=-16.220467  maxlinkdim=591 maxerr=1.29E-07 time=63.906
After sweep 16 energy=-16.22048  maxlinkdim=593 maxerr=4.20E-08 time=64.483
After sweep 17 energy=-16.220486  maxlinkdim=602 maxerr=1.04E-07 time=63.759
After sweep 18 energy=-16.22041  maxlinkdim=588 maxerr=3.40E-08 time=63.874
After sweep 19 energy=-16.220434  maxlinkdim=587 maxerr=9.50E-08 time=64.923
After sweep 20 energy=-16.22054  maxlinkdim=589 maxerr=3.71E-08 time=64.039
After sweep 21 energy=-16.220451  maxlinkdim=586 maxerr=6.40E-09 time=63.720
After sweep 22 energy=-16.220531  maxlinkdim=591 maxerr=8.58E-08 time=65.395
After sweep 23 energy=-16.220566  maxlinkdim=586 maxerr=7.07E-08 time=63.455
After sweep 24 energy=-16.220482  maxlinkdim=594 maxerr=3.42E-08 time=63.609
After sweep 25 energy=-16.220505  maxlinkdim=585 maxerr=3.11E-08 time=64.105
After sweep 26 energy=-16.220476  maxlinkdim=583 maxerr=1.54E-07 time=64.461
After sweep 27 energy=-16.22048  maxlinkdim=589 maxerr=5.50E-08 time=63.784
After sweep 28 energy=-16.220537  maxlinkdim=592 maxerr=5.01E-08 time=64.061
After sweep 29 energy=-16.220427  maxlinkdim=596 maxerr=1.05E-07 time=65.157
After sweep 30 energy=-16.220503  maxlinkdim=592 maxerr=1.98E-08 time=63.733
FOUND MU (secant); mu: -2.333024922244387  n: 0.5
Target density achieved with mu=-2.333024922244387, n=0.5
Checking {alpha,beta} vs measured
Alpha not converged.
NOT CONVERGED; updating alpha, beta and continuing...
After sweep 1 energy=-10.052388  maxlinkdim=10 maxerr=3.24E-03 time=1.468
After sweep 2 energy=-17.68669  maxlinkdim=20 maxerr=8.33E-05 time=1.517
After sweep 3 energy=-18.025698  maxlinkdim=100 maxerr=4.93E-07 time=2.853
After sweep 4 energy=-18.031027  maxlinkdim=692 maxerr=1.00E-10 time=39.591
After sweep 5 energy=-18.031326  maxlinkdim=554 maxerr=1.80E-07 time=52.655
After sweep 6 energy=-18.03128  maxlinkdim=559 maxerr=3.54E-08 time=45.788
After sweep 7 energy=-18.031403  maxlinkdim=508 maxerr=3.99E-08 time=45.895
After sweep 8 energy=-18.031393  maxlinkdim=491 maxerr=3.20E-08 time=45.149
After sweep 9 energy=-18.0314  maxlinkdim=492 maxerr=2.30E-08 time=44.882
After sweep 10 energy=-18.031364  maxlinkdim=498 maxerr=4.43E-08 time=45.078
After sweep 11 energy=-18.03139  maxlinkdim=493 maxerr=1.22E-07 time=46.154
After sweep 12 energy=-18.031326  maxlinkdim=493 maxerr=1.25E-07 time=44.992
After sweep 13 energy=-18.031343  maxlinkdim=489 maxerr=6.10E-08 time=44.989
After sweep 14 energy=-18.031412  maxlinkdim=492 maxerr=4.14E-08 time=44.952
After sweep 15 energy=-18.031437  maxlinkdim=496 maxerr=3.10E-08 time=45.174
After sweep 16 energy=-18.031487  maxlinkdim=490 maxerr=2.23E-08 time=46.227
After sweep 17 energy=-18.031414  maxlinkdim=489 maxerr=4.04E-08 time=44.950
After sweep 18 energy=-18.031322  maxlinkdim=492 maxerr=1.10E-07 time=44.912
After sweep 19 energy=-18.031334  maxlinkdim=489 maxerr=4.73E-08 time=44.986
After sweep 20 energy=-18.031403  maxlinkdim=497 maxerr=2.29E-08 time=45.071
After sweep 21 energy=-18.031347  maxlinkdim=491 maxerr=1.12E-08 time=46.222
After sweep 22 energy=-18.031353  maxlinkdim=492 maxerr=3.47E-08 time=44.860
After sweep 23 energy=-18.031448  maxlinkdim=493 maxerr=2.24E-08 time=44.947
After sweep 24 energy=-18.031252  maxlinkdim=495 maxerr=3.24E-08 time=45.037
After sweep 25 energy=-18.031412  maxlinkdim=500 maxerr=5.05E-08 time=44.979
After sweep 26 energy=-18.031431  maxlinkdim=492 maxerr=3.40E-08 time=46.172
After sweep 27 energy=-18.031366  maxlinkdim=494 maxerr=3.69E-08 time=44.969
After sweep 28 energy=-18.0314  maxlinkdim=494 maxerr=2.77E-08 time=45.107
After sweep 29 energy=-18.031458  maxlinkdim=491 maxerr=3.02E-08 time=44.983
After sweep 30 energy=-18.031448  maxlinkdim=488 maxerr=1.34E-09 time=45.062
Not same mu, searching again
After sweep 1 energy=-8.961653  maxlinkdim=10 maxerr=2.95E-03 time=1.404
After sweep 2 energy=-16.968771  maxlinkdim=20 maxerr=1.06E-04 time=1.550
After sweep 3 energy=-17.374922  maxlinkdim=100 maxerr=5.19E-07 time=2.600
After sweep 4 energy=-17.383717  maxlinkdim=696 maxerr=1.00E-10 time=39.705
After sweep 5 energy=-17.384232  maxlinkdim=554 maxerr=1.01E-08 time=49.434
After sweep 6 energy=-17.384277  maxlinkdim=509 maxerr=2.28E-07 time=41.959
After sweep 7 energy=-17.384176  maxlinkdim=494 maxerr=4.02E-08 time=43.221
After sweep 8 energy=-17.384151  maxlinkdim=487 maxerr=9.69E-08 time=43.068
After sweep 9 energy=-17.384212  maxlinkdim=486 maxerr=1.78E-08 time=46.274
After sweep 10 energy=-17.384272  maxlinkdim=486 maxerr=2.94E-08 time=43.003
After sweep 11 energy=-17.384315  maxlinkdim=478 maxerr=4.14E-08 time=42.926
After sweep 12 energy=-17.384151  maxlinkdim=480 maxerr=2.47E-08 time=42.822
After sweep 13 energy=-17.384157  maxlinkdim=477 maxerr=1.10E-07 time=42.854
After sweep 14 energy=-17.384222  maxlinkdim=479 maxerr=1.90E-08 time=43.239
After sweep 15 energy=-17.384296  maxlinkdim=482 maxerr=3.25E-08 time=43.698
After sweep 16 energy=-17.38427  maxlinkdim=479 maxerr=1.61E-08 time=42.829
After sweep 17 energy=-17.384277  maxlinkdim=487 maxerr=1.81E-08 time=42.945
After sweep 18 energy=-17.384214  maxlinkdim=480 maxerr=3.64E-08 time=42.833
After sweep 19 energy=-17.384253  maxlinkdim=480 maxerr=3.04E-08 time=42.990
After sweep 20 energy=-17.38413  maxlinkdim=478 maxerr=2.69E-08 time=44.052
After sweep 21 energy=-17.384266  maxlinkdim=485 maxerr=3.86E-08 time=42.999
After sweep 22 energy=-17.384285  maxlinkdim=483 maxerr=4.06E-08 time=42.903
After sweep 23 energy=-17.384237  maxlinkdim=485 maxerr=4.50E-08 time=42.819
After sweep 24 energy=-17.384272  maxlinkdim=478 maxerr=1.87E-08 time=42.815
After sweep 25 energy=-17.384256  maxlinkdim=476 maxerr=3.43E-08 time=44.711
After sweep 26 energy=-17.38422  maxlinkdim=484 maxerr=2.73E-08 time=43.021
After sweep 27 energy=-17.384254  maxlinkdim=482 maxerr=3.18E-08 time=42.848
After sweep 28 energy=-17.38421  maxlinkdim=480 maxerr=2.76E-08 time=42.823
After sweep 29 energy=-17.384289  maxlinkdim=478 maxerr=5.17E-08 time=42.843
After sweep 30 energy=-17.38428  maxlinkdim=484 maxerr=6.72E-08 time=43.229
n0: 0.4994741; n1: 0.5115956; mu0: -2.343024922244387; mu1: -2.333024922244387

Range found between mu0: -2.343024922244387 (n0: 0.4994741) and mu1: -2.333024922244387 (n1: 0.5115956); refining...
n0: 0.4994741; n1: 0.5115956; mu0: -2.343024922244387; mu1: -2.333024922244387
Trying secant step...
After sweep 1 energy=-8.946407  maxlinkdim=10 maxerr=3.53E-03 time=1.400
After sweep 2 energy=-16.456062  maxlinkdim=20 maxerr=1.06E-04 time=1.550
After sweep 3 energy=-17.044487  maxlinkdim=100 maxerr=1.59E-06 time=2.581
After sweep 4 energy=-17.381334  maxlinkdim=752 maxerr=1.00E-10 time=40.071
After sweep 5 energy=-17.409138  maxlinkdim=506 maxerr=2.42E-08 time=48.626
After sweep 6 energy=-17.411945  maxlinkdim=533 maxerr=2.48E-08 time=41.292
After sweep 7 energy=-17.411953  maxlinkdim=596 maxerr=8.03E-08 time=42.524
After sweep 8 energy=-17.411953  maxlinkdim=512 maxerr=1.67E-08 time=44.121
After sweep 9 energy=-17.412006  maxlinkdim=481 maxerr=2.22E-08 time=44.764
After sweep 10 energy=-17.41196  maxlinkdim=485 maxerr=2.93E-08 time=43.000
After sweep 11 energy=-17.411953  maxlinkdim=480 maxerr=9.02E-08 time=42.951
After sweep 12 energy=-17.412079  maxlinkdim=476 maxerr=1.95E-08 time=42.896
After sweep 13 energy=-17.412012  maxlinkdim=480 maxerr=1.50E-08 time=43.055
After sweep 14 energy=-17.411936  maxlinkdim=483 maxerr=2.05E-08 time=43.584
After sweep 15 energy=-17.412022  maxlinkdim=480 maxerr=8.63E-08 time=43.917
After sweep 16 energy=-17.412  maxlinkdim=481 maxerr=4.44E-08 time=42.959
After sweep 17 energy=-17.412052  maxlinkdim=480 maxerr=1.24E-08 time=43.015
After sweep 18 energy=-17.412014  maxlinkdim=480 maxerr=1.98E-08 time=43.059
After sweep 19 energy=-17.412014  maxlinkdim=477 maxerr=3.10E-08 time=43.029
After sweep 20 energy=-17.411896  maxlinkdim=482 maxerr=1.81E-08 time=44.439
After sweep 21 energy=-17.412018  maxlinkdim=483 maxerr=2.80E-08 time=43.118
After sweep 22 energy=-17.411987  maxlinkdim=478 maxerr=2.19E-08 time=43.020
After sweep 23 energy=-17.41209  maxlinkdim=482 maxerr=2.98E-08 time=43.030
After sweep 24 energy=-17.41203  maxlinkdim=486 maxerr=2.15E-08 time=43.068
After sweep 25 energy=-17.411976  maxlinkdim=478 maxerr=2.54E-08 time=43.748
After sweep 26 energy=-17.411993  maxlinkdim=487 maxerr=3.39E-08 time=43.480
After sweep 27 energy=-17.41196  maxlinkdim=480 maxerr=7.00E-09 time=42.943
After sweep 28 energy=-17.411987  maxlinkdim=482 maxerr=5.82E-08 time=42.950
After sweep 29 energy=-17.412075  maxlinkdim=479 maxerr=1.79E-08 time=42.887
After sweep 30 energy=-17.411966  maxlinkdim=485 maxerr=2.25E-08 time=43.207
FOUND MU (secant); mu: -2.3425910717784757  n: 0.4999997
Target density achieved with mu=-2.3425910717784757, n=0.4999997
Checking {alpha,beta} vs measured
Alpha not converged.
NOT CONVERGED; updating alpha, beta and continuing...
After sweep 1 energy=-8.387445  maxlinkdim=10 maxerr=4.57E-03 time=1.404
After sweep 2 energy=-16.520567  maxlinkdim=20 maxerr=7.96E-05 time=1.566
After sweep 3 energy=-17.143076  maxlinkdim=100 maxerr=5.02E-07 time=2.597
After sweep 4 energy=-17.170263  maxlinkdim=689 maxerr=1.00E-10 time=39.488
After sweep 5 energy=-17.172474  maxlinkdim=553 maxerr=3.46E-08 time=48.243
After sweep 6 energy=-17.1726  maxlinkdim=563 maxerr=4.00E-08 time=42.642
After sweep 7 energy=-17.172703  maxlinkdim=550 maxerr=2.40E-08 time=44.386
After sweep 8 energy=-17.172794  maxlinkdim=486 maxerr=5.69E-08 time=43.818
After sweep 9 energy=-17.172777  maxlinkdim=485 maxerr=3.23E-08 time=44.740
After sweep 10 energy=-17.172665  maxlinkdim=485 maxerr=4.38E-08 time=43.454
After sweep 11 energy=-17.172718  maxlinkdim=483 maxerr=1.48E-07 time=43.456
After sweep 12 energy=-17.172737  maxlinkdim=484 maxerr=2.73E-08 time=43.439
After sweep 13 energy=-17.1727  maxlinkdim=484 maxerr=1.16E-07 time=43.520
After sweep 14 energy=-17.172718  maxlinkdim=480 maxerr=3.66E-08 time=44.266
After sweep 15 energy=-17.172733  maxlinkdim=481 maxerr=6.00E-09 time=44.058
After sweep 16 energy=-17.172676  maxlinkdim=491 maxerr=2.53E-08 time=43.532
After sweep 17 energy=-17.172785  maxlinkdim=481 maxerr=5.19E-08 time=43.502
After sweep 18 energy=-17.172619  maxlinkdim=484 maxerr=2.25E-08 time=43.341
After sweep 19 energy=-17.172586  maxlinkdim=491 maxerr=3.78E-08 time=43.717
After sweep 20 energy=-17.172771  maxlinkdim=484 maxerr=1.55E-08 time=44.469
After sweep 21 energy=-17.172623  maxlinkdim=486 maxerr=3.93E-08 time=43.731
After sweep 22 energy=-17.172672  maxlinkdim=482 maxerr=3.85E-08 time=43.376
After sweep 23 energy=-17.172756  maxlinkdim=483 maxerr=7.53E-09 time=43.414
After sweep 24 energy=-17.17273  maxlinkdim=481 maxerr=3.46E-08 time=43.322
After sweep 25 energy=-17.17273  maxlinkdim=483 maxerr=2.10E-08 time=44.912
After sweep 26 energy=-17.172731  maxlinkdim=485 maxerr=3.16E-08 time=43.680
After sweep 27 energy=-17.172726  maxlinkdim=483 maxerr=6.05E-08 time=43.534
After sweep 28 energy=-17.172668  maxlinkdim=492 maxerr=2.53E-08 time=43.472
After sweep 29 energy=-17.172796  maxlinkdim=484 maxerr=2.72E-08 time=43.501
After sweep 30 energy=-17.17271  maxlinkdim=484 maxerr=1.92E-07 time=44.217
Not same mu, searching again
After sweep 1 energy=-8.963969  maxlinkdim=10 maxerr=4.19E-03 time=1.421
After sweep 2 energy=-17.475092  maxlinkdim=20 maxerr=4.27E-04 time=1.546
After sweep 3 energy=-17.813776  maxlinkdim=100 maxerr=4.77E-07 time=2.691
After sweep 4 energy=-17.819344  maxlinkdim=698 maxerr=1.00E-10 time=41.662
After sweep 5 energy=-17.819592  maxlinkdim=558 maxerr=4.71E-08 time=57.464
After sweep 6 energy=-17.81968  maxlinkdim=565 maxerr=5.88E-09 time=45.670
After sweep 7 energy=-17.819656  maxlinkdim=505 maxerr=3.78E-08 time=46.703
After sweep 8 energy=-17.819721  maxlinkdim=504 maxerr=7.69E-08 time=46.027
After sweep 9 energy=-17.819756  maxlinkdim=497 maxerr=1.66E-07 time=46.812
After sweep 10 energy=-17.819622  maxlinkdim=497 maxerr=1.43E-08 time=45.791
After sweep 11 energy=-17.819698  maxlinkdim=501 maxerr=5.68E-08 time=45.619
After sweep 12 energy=-17.819687  maxlinkdim=497 maxerr=3.75E-08 time=45.593
After sweep 13 energy=-17.819565  maxlinkdim=492 maxerr=5.99E-08 time=45.795
After sweep 14 energy=-17.819641  maxlinkdim=492 maxerr=2.91E-08 time=47.018
After sweep 15 energy=-17.819672  maxlinkdim=494 maxerr=6.35E-08 time=45.640
After sweep 16 energy=-17.819752  maxlinkdim=494 maxerr=1.51E-08 time=45.670
After sweep 17 energy=-17.81966  maxlinkdim=495 maxerr=6.46E-08 time=45.601
After sweep 18 energy=-17.819736  maxlinkdim=493 maxerr=3.75E-08 time=45.743
After sweep 19 energy=-17.819654  maxlinkdim=497 maxerr=3.37E-08 time=47.002
After sweep 20 energy=-17.81963  maxlinkdim=496 maxerr=5.08E-08 time=45.674
After sweep 21 energy=-17.81961  maxlinkdim=498 maxerr=3.98E-08 time=45.704
After sweep 22 energy=-17.819609  maxlinkdim=492 maxerr=2.58E-08 time=45.592
After sweep 23 energy=-17.819708  maxlinkdim=500 maxerr=6.91E-08 time=45.730
After sweep 24 energy=-17.81971  maxlinkdim=497 maxerr=7.23E-08 time=47.193
After sweep 25 energy=-17.819733  maxlinkdim=491 maxerr=4.50E-08 time=45.655
After sweep 26 energy=-17.819614  maxlinkdim=501 maxerr=7.52E-08 time=45.530
After sweep 27 energy=-17.819706  maxlinkdim=493 maxerr=2.71E-09 time=45.739
After sweep 28 energy=-17.819735  maxlinkdim=497 maxerr=2.14E-08 time=45.652
After sweep 29 energy=-17.819683  maxlinkdim=494 maxerr=7.06E-08 time=47.035
After sweep 30 energy=-17.819721  maxlinkdim=500 maxerr=8.09E-08 time=45.801
n0: 0.4992523; n1: 0.5115692; mu0: -2.3425910717784757; mu1: -2.332591071778476

Range found between mu0: -2.3425910717784757 (n0: 0.4992523) and mu1: -2.332591071778476 (n1: 0.5115692); refining...
n0: 0.4992523; n1: 0.5115692; mu0: -2.3425910717784757; mu1: -2.332591071778476
Trying secant step...
After sweep 1 energy=-8.157323  maxlinkdim=10 maxerr=8.23E-03 time=1.367
After sweep 2 energy=-16.830233  maxlinkdim=20 maxerr=1.50E-04 time=1.457
After sweep 3 energy=-17.20392  maxlinkdim=100 maxerr=3.30E-07 time=2.872
After sweep 4 energy=-17.211315  maxlinkdim=691 maxerr=1.00E-10 time=39.137
After sweep 5 energy=-17.211468  maxlinkdim=582 maxerr=5.79E-08 time=51.188
After sweep 6 energy=-17.211536  maxlinkdim=573 maxerr=2.55E-08 time=44.808
After sweep 7 energy=-17.211508  maxlinkdim=488 maxerr=2.48E-08 time=48.176
After sweep 8 energy=-17.211472  maxlinkdim=487 maxerr=2.45E-08 time=43.556
After sweep 9 energy=-17.211596  maxlinkdim=486 maxerr=1.50E-07 time=43.604
After sweep 10 energy=-17.211582  maxlinkdim=483 maxerr=1.32E-08 time=43.582
After sweep 11 energy=-17.211435  maxlinkdim=494 maxerr=6.02E-08 time=43.630
After sweep 12 energy=-17.211508  maxlinkdim=486 maxerr=5.15E-08 time=44.914
After sweep 13 energy=-17.211521  maxlinkdim=482 maxerr=3.39E-08 time=43.889
After sweep 14 energy=-17.21141  maxlinkdim=481 maxerr=4.24E-08 time=43.667
After sweep 15 energy=-17.211542  maxlinkdim=487 maxerr=1.11E-10 time=43.604
After sweep 16 energy=-17.211567  maxlinkdim=482 maxerr=3.96E-08 time=43.513
After sweep 17 energy=-17.211533  maxlinkdim=487 maxerr=2.95E-08 time=45.061
After sweep 18 energy=-17.211525  maxlinkdim=480 maxerr=4.31E-08 time=43.561
After sweep 19 energy=-17.211657  maxlinkdim=479 maxerr=9.88E-08 time=43.521
After sweep 20 energy=-17.211529  maxlinkdim=482 maxerr=5.82E-08 time=43.594
After sweep 21 energy=-17.211546  maxlinkdim=490 maxerr=4.62E-08 time=43.650
After sweep 22 energy=-17.211523  maxlinkdim=483 maxerr=3.34E-08 time=44.004
After sweep 23 energy=-17.211521  maxlinkdim=485 maxerr=4.33E-08 time=44.414
After sweep 24 energy=-17.211514  maxlinkdim=483 maxerr=6.33E-08 time=43.740
After sweep 25 energy=-17.211496  maxlinkdim=486 maxerr=1.02E-08 time=43.541
After sweep 26 energy=-17.211514  maxlinkdim=481 maxerr=3.99E-08 time=43.382
After sweep 27 energy=-17.21154  maxlinkdim=481 maxerr=2.48E-08 time=43.549
After sweep 28 energy=-17.211454  maxlinkdim=491 maxerr=5.62E-08 time=44.844
After sweep 29 energy=-17.211605  maxlinkdim=481 maxerr=2.94E-08 time=43.444
After sweep 30 energy=-17.211464  maxlinkdim=486 maxerr=1.60E-08 time=43.641
FOUND MU (secant); mu: -2.3419840117935258  n: 0.50000167
Target density achieved with mu=-2.3419840117935258, n=0.50000167
Checking {alpha,beta} vs measured
Alpha not converged.
NOT CONVERGED; updating alpha, beta and continuing...
After sweep 1 energy=-8.931157  maxlinkdim=10 maxerr=9.14E-03 time=1.305
After sweep 2 energy=-16.797241  maxlinkdim=20 maxerr=7.61E-05 time=1.661
After sweep 3 energy=-17.277618  maxlinkdim=100 maxerr=6.62E-07 time=2.764
After sweep 4 energy=-17.286394  maxlinkdim=706 maxerr=1.00E-10 time=39.163
After sweep 5 energy=-17.286816  maxlinkdim=559 maxerr=3.35E-08 time=49.841
After sweep 6 energy=-17.286877  maxlinkdim=569 maxerr=3.28E-08 time=45.331
After sweep 7 energy=-17.286846  maxlinkdim=487 maxerr=2.89E-08 time=44.988
After sweep 8 energy=-17.28666  maxlinkdim=488 maxerr=3.28E-08 time=43.809
After sweep 9 energy=-17.28683  maxlinkdim=483 maxerr=3.25E-08 time=43.755
After sweep 10 energy=-17.286827  maxlinkdim=486 maxerr=4.54E-08 time=43.830
After sweep 11 energy=-17.286842  maxlinkdim=482 maxerr=6.10E-08 time=45.253
After sweep 12 energy=-17.28678  maxlinkdim=488 maxerr=2.29E-08 time=43.823
After sweep 13 energy=-17.28679  maxlinkdim=487 maxerr=4.54E-08 time=43.874
After sweep 14 energy=-17.286879  maxlinkdim=492 maxerr=1.81E-08 time=43.858
After sweep 15 energy=-17.286892  maxlinkdim=497 maxerr=2.82E-08 time=43.750
After sweep 16 energy=-17.28675  maxlinkdim=483 maxerr=3.75E-08 time=45.108
After sweep 17 energy=-17.286715  maxlinkdim=484 maxerr=4.59E-08 time=43.641
After sweep 18 energy=-17.286743  maxlinkdim=479 maxerr=2.22E-08 time=43.641
After sweep 19 energy=-17.286808  maxlinkdim=492 maxerr=5.04E-08 time=43.712
After sweep 20 energy=-17.286781  maxlinkdim=485 maxerr=1.71E-08 time=43.788
After sweep 21 energy=-17.286728  maxlinkdim=488 maxerr=5.57E-08 time=44.147
After sweep 22 energy=-17.286777  maxlinkdim=485 maxerr=5.58E-08 time=44.699
After sweep 23 energy=-17.286734  maxlinkdim=487 maxerr=2.98E-08 time=43.678
After sweep 24 energy=-17.286793  maxlinkdim=491 maxerr=3.90E-08 time=43.791
After sweep 25 energy=-17.286842  maxlinkdim=484 maxerr=3.75E-08 time=43.748
After sweep 26 energy=-17.286724  maxlinkdim=483 maxerr=2.93E-08 time=43.855
After sweep 27 energy=-17.28677  maxlinkdim=485 maxerr=3.93E-08 time=44.945
After sweep 28 energy=-17.286793  maxlinkdim=488 maxerr=2.66E-08 time=43.680
After sweep 29 energy=-17.28683  maxlinkdim=486 maxerr=7.45E-09 time=43.745
After sweep 30 energy=-17.286787  maxlinkdim=482 maxerr=9.41E-08 time=43.776
Not same mu, searching again
After sweep 1 energy=-9.055948  maxlinkdim=10 maxerr=5.92E-03 time=1.355
After sweep 2 energy=-17.562355  maxlinkdim=20 maxerr=9.16E-05 time=1.660
After sweep 3 energy=-17.927935  maxlinkdim=100 maxerr=5.02E-07 time=2.767
After sweep 4 energy=-17.934067  maxlinkdim=702 maxerr=1.00E-10 time=40.433
After sweep 5 energy=-17.93429  maxlinkdim=603 maxerr=2.27E-08 time=55.910
After sweep 6 energy=-17.934351  maxlinkdim=590 maxerr=4.96E-08 time=46.425
After sweep 7 energy=-17.934505  maxlinkdim=498 maxerr=2.69E-08 time=46.861
After sweep 8 energy=-17.934286  maxlinkdim=496 maxerr=1.68E-08 time=46.052
After sweep 9 energy=-17.934357  maxlinkdim=495 maxerr=4.08E-08 time=46.107
After sweep 10 energy=-17.934334  maxlinkdim=498 maxerr=3.10E-08 time=47.130
After sweep 11 energy=-17.934364  maxlinkdim=495 maxerr=4.17E-08 time=45.841
After sweep 12 energy=-17.93443  maxlinkdim=501 maxerr=2.84E-08 time=45.975
After sweep 13 energy=-17.934294  maxlinkdim=496 maxerr=2.58E-08 time=45.999
After sweep 14 energy=-17.934376  maxlinkdim=499 maxerr=2.29E-08 time=46.241
After sweep 15 energy=-17.934278  maxlinkdim=496 maxerr=2.62E-08 time=46.954
After sweep 16 energy=-17.934292  maxlinkdim=505 maxerr=5.11E-08 time=46.021
After sweep 17 energy=-17.9343  maxlinkdim=500 maxerr=3.73E-08 time=45.884
After sweep 18 energy=-17.934374  maxlinkdim=498 maxerr=5.26E-08 time=45.910
After sweep 19 energy=-17.934435  maxlinkdim=501 maxerr=2.00E-08 time=46.271
After sweep 20 energy=-17.934261  maxlinkdim=506 maxerr=4.50E-08 time=46.994
After sweep 21 energy=-17.934444  maxlinkdim=497 maxerr=1.81E-08 time=46.015
After sweep 22 energy=-17.934402  maxlinkdim=498 maxerr=3.77E-08 time=45.900
After sweep 23 energy=-17.934334  maxlinkdim=503 maxerr=6.46E-09 time=45.898
After sweep 24 energy=-17.934288  maxlinkdim=504 maxerr=3.08E-08 time=46.185
After sweep 25 energy=-17.9343  maxlinkdim=502 maxerr=1.17E-08 time=46.915
After sweep 26 energy=-17.934374  maxlinkdim=501 maxerr=3.29E-08 time=45.972
After sweep 27 energy=-17.934288  maxlinkdim=502 maxerr=4.04E-08 time=46.064
After sweep 28 energy=-17.934216  maxlinkdim=505 maxerr=2.97E-08 time=46.029
After sweep 29 energy=-17.934307  maxlinkdim=496 maxerr=2.88E-08 time=46.328
After sweep 30 energy=-17.93435  maxlinkdim=498 maxerr=2.50E-09 time=46.983
n0: 0.49974895; n1: 0.51198226; mu0: -2.3419840117935258; mu1: -2.331984011793526

Range found between mu0: -2.3419840117935258 (n0: 0.49974895) and mu1: -2.331984011793526 (n1: 0.51198226); refining...
n0: 0.49974895; n1: 0.51198226; mu0: -2.3419840117935258; mu1: -2.331984011793526
Trying secant step...
After sweep 1 energy=-8.794382  maxlinkdim=10 maxerr=4.32E-03 time=1.383
After sweep 2 energy=-16.8494  maxlinkdim=20 maxerr=1.04E-04 time=1.523
After sweep 3 energy=-17.287006  maxlinkdim=100 maxerr=5.08E-07 time=2.851
After sweep 4 energy=-17.299175  maxlinkdim=683 maxerr=1.00E-10 time=39.654
After sweep 5 energy=-17.299953  maxlinkdim=603 maxerr=7.36E-09 time=50.849
After sweep 6 energy=-17.299984  maxlinkdim=563 maxerr=4.09E-08 time=43.029
After sweep 7 energy=-17.299932  maxlinkdim=511 maxerr=4.60E-08 time=45.013
After sweep 8 energy=-17.29991  maxlinkdim=490 maxerr=4.55E-08 time=44.941
After sweep 9 energy=-17.29995  maxlinkdim=491 maxerr=4.50E-08 time=43.837
After sweep 10 energy=-17.299976  maxlinkdim=481 maxerr=2.81E-08 time=43.752
After sweep 11 energy=-17.29988  maxlinkdim=487 maxerr=3.28E-08 time=43.815
After sweep 12 energy=-17.299896  maxlinkdim=491 maxerr=2.22E-08 time=44.017
After sweep 13 energy=-17.299952  maxlinkdim=483 maxerr=6.78E-08 time=45.187
After sweep 14 energy=-17.299952  maxlinkdim=486 maxerr=3.79E-08 time=43.757
After sweep 15 energy=-17.299944  maxlinkdim=490 maxerr=1.17E-07 time=43.798
After sweep 16 energy=-17.299961  maxlinkdim=482 maxerr=2.82E-08 time=43.756
After sweep 17 energy=-17.299984  maxlinkdim=482 maxerr=4.35E-08 time=43.911
After sweep 18 energy=-17.2999  maxlinkdim=491 maxerr=4.24E-08 time=45.262
After sweep 19 energy=-17.299908  maxlinkdim=479 maxerr=2.63E-08 time=43.844
After sweep 20 energy=-17.299871  maxlinkdim=485 maxerr=3.91E-08 time=43.744
After sweep 21 energy=-17.299995  maxlinkdim=485 maxerr=2.27E-08 time=43.752
After sweep 22 energy=-17.300003  maxlinkdim=483 maxerr=3.63E-08 time=43.791
After sweep 23 energy=-17.300022  maxlinkdim=490 maxerr=5.53E-08 time=44.322
After sweep 24 energy=-17.29992  maxlinkdim=486 maxerr=5.56E-09 time=44.483
After sweep 25 energy=-17.299938  maxlinkdim=488 maxerr=4.49E-08 time=43.813
After sweep 26 energy=-17.29994  maxlinkdim=485 maxerr=3.47E-08 time=43.830
After sweep 27 energy=-17.299927  maxlinkdim=484 maxerr=2.85E-08 time=43.693
After sweep 28 energy=-17.29985  maxlinkdim=490 maxerr=1.04E-08 time=44.176
After sweep 29 energy=-17.299887  maxlinkdim=490 maxerr=2.64E-08 time=44.967
After sweep 30 energy=-17.29987  maxlinkdim=488 maxerr=4.61E-08 time=43.841
FOUND MU (secant); mu: -2.3417787896400575  n: 0.5000004
Target density achieved with mu=-2.3417787896400575, n=0.5000004
Checking {alpha,beta} vs measured
Alpha not converged.
NOT CONVERGED; updating alpha, beta and continuing...
After sweep 1 energy=-7.7772703  maxlinkdim=10 maxerr=3.64E-03 time=1.347
After sweep 2 energy=-16.375113  maxlinkdim=20 maxerr=1.60E-04 time=1.749
After sweep 3 energy=-17.210419  maxlinkdim=100 maxerr=5.08E-07 time=2.656
After sweep 4 energy=-17.262629  maxlinkdim=686 maxerr=1.00E-10 time=36.432
After sweep 5 energy=-17.26786  maxlinkdim=566 maxerr=9.09E-08 time=44.268
After sweep 6 energy=-17.268887  maxlinkdim=573 maxerr=6.05E-08 time=40.498
After sweep 7 energy=-17.26897  maxlinkdim=574 maxerr=4.65E-08 time=44.792
After sweep 8 energy=-17.268995  maxlinkdim=523 maxerr=2.27E-08 time=44.178
After sweep 9 energy=-17.268795  maxlinkdim=485 maxerr=2.84E-08 time=43.463
After sweep 10 energy=-17.268948  maxlinkdim=485 maxerr=1.84E-07 time=43.519
After sweep 11 energy=-17.268955  maxlinkdim=480 maxerr=1.00E-07 time=43.540
After sweep 12 energy=-17.268845  maxlinkdim=493 maxerr=1.57E-08 time=43.955
After sweep 13 energy=-17.26892  maxlinkdim=482 maxerr=1.26E-07 time=44.270
After sweep 14 energy=-17.26884  maxlinkdim=483 maxerr=1.74E-08 time=43.458
After sweep 15 energy=-17.268808  maxlinkdim=482 maxerr=3.38E-08 time=43.484
After sweep 16 energy=-17.26901  maxlinkdim=484 maxerr=8.42E-08 time=43.498
After sweep 17 energy=-17.268818  maxlinkdim=481 maxerr=1.09E-07 time=43.529
After sweep 18 energy=-17.268957  maxlinkdim=500 maxerr=4.41E-08 time=46.404
After sweep 19 energy=-17.268894  maxlinkdim=485 maxerr=1.68E-08 time=43.562
After sweep 20 energy=-17.268848  maxlinkdim=488 maxerr=7.26E-08 time=43.527
After sweep 21 energy=-17.268715  maxlinkdim=487 maxerr=1.59E-08 time=43.557
After sweep 22 energy=-17.26888  maxlinkdim=482 maxerr=5.57E-08 time=43.614
After sweep 23 energy=-17.268913  maxlinkdim=483 maxerr=1.10E-07 time=44.870
After sweep 24 energy=-17.268814  maxlinkdim=486 maxerr=5.61E-08 time=43.400
After sweep 25 energy=-17.268925  maxlinkdim=486 maxerr=8.38E-08 time=43.496
After sweep 26 energy=-17.268839  maxlinkdim=486 maxerr=2.09E-08 time=43.504
After sweep 27 energy=-17.268894  maxlinkdim=483 maxerr=6.52E-08 time=43.504
After sweep 28 energy=-17.268871  maxlinkdim=482 maxerr=1.71E-07 time=43.953
After sweep 29 energy=-17.268791  maxlinkdim=485 maxerr=2.57E-08 time=44.352
After sweep 30 energy=-17.268932  maxlinkdim=481 maxerr=2.73E-08 time=43.467
Not same mu, searching again
After sweep 1 energy=-8.671394  maxlinkdim=10 maxerr=4.04E-03 time=1.335
After sweep 2 energy=-16.23266  maxlinkdim=20 maxerr=2.22E-04 time=1.708
After sweep 3 energy=-16.629824  maxlinkdim=100 maxerr=4.11E-07 time=2.760
After sweep 4 energy=-16.636238  maxlinkdim=663 maxerr=1.00E-10 time=38.536
After sweep 5 energy=-16.636547  maxlinkdim=520 maxerr=1.92E-08 time=49.388
After sweep 6 energy=-16.636341  maxlinkdim=503 maxerr=7.51E-08 time=42.446
After sweep 7 energy=-16.636343  maxlinkdim=473 maxerr=2.74E-08 time=42.303
After sweep 8 energy=-16.636305  maxlinkdim=474 maxerr=9.66E-08 time=41.072
After sweep 9 energy=-16.636295  maxlinkdim=467 maxerr=5.05E-08 time=40.944
After sweep 10 energy=-16.636364  maxlinkdim=472 maxerr=1.31E-07 time=41.011
After sweep 11 energy=-16.636314  maxlinkdim=474 maxerr=2.07E-08 time=40.958
After sweep 12 energy=-16.636383  maxlinkdim=477 maxerr=1.11E-07 time=41.831
After sweep 13 energy=-16.63633  maxlinkdim=469 maxerr=1.32E-07 time=41.627
After sweep 14 energy=-16.636288  maxlinkdim=471 maxerr=1.92E-08 time=40.978
After sweep 15 energy=-16.636398  maxlinkdim=469 maxerr=1.32E-07 time=40.924
After sweep 16 energy=-16.636341  maxlinkdim=468 maxerr=6.61E-08 time=40.990
After sweep 17 energy=-16.636364  maxlinkdim=467 maxerr=4.68E-08 time=40.755
After sweep 18 energy=-16.636307  maxlinkdim=472 maxerr=6.27E-08 time=42.346
After sweep 19 energy=-16.636408  maxlinkdim=476 maxerr=6.39E-08 time=40.897
After sweep 20 energy=-16.63636  maxlinkdim=472 maxerr=2.98E-08 time=40.807
After sweep 21 energy=-16.636356  maxlinkdim=474 maxerr=4.21E-08 time=40.759
After sweep 22 energy=-16.636333  maxlinkdim=468 maxerr=3.15E-08 time=40.760
After sweep 23 energy=-16.636333  maxlinkdim=475 maxerr=1.30E-07 time=41.312
After sweep 24 energy=-16.636345  maxlinkdim=472 maxerr=1.79E-08 time=41.968
After sweep 25 energy=-16.636343  maxlinkdim=470 maxerr=3.76E-08 time=40.830
After sweep 26 energy=-16.636335  maxlinkdim=471 maxerr=3.01E-08 time=40.887
After sweep 27 energy=-16.636396  maxlinkdim=471 maxerr=1.16E-07 time=41.049
After sweep 28 energy=-16.63639  maxlinkdim=473 maxerr=4.77E-08 time=40.947
After sweep 29 energy=-16.636364  maxlinkdim=468 maxerr=2.38E-08 time=41.510
After sweep 30 energy=-16.636356  maxlinkdim=475 maxerr=1.26E-07 time=41.584
n0: 0.48801652; n1: 0.50039256; mu0: -2.3517787896400573; mu1: -2.3417787896400575

Range found between mu0: -2.3517787896400573 (n0: 0.48801652) and mu1: -2.3417787896400575 (n1: 0.50039256); refining...
n0: 0.48801652; n1: 0.50039256; mu0: -2.3517787896400573; mu1: -2.3417787896400575
Trying secant step...
After sweep 1 energy=-7.858289  maxlinkdim=10 maxerr=7.07E-03 time=1.297
After sweep 2 energy=-16.708813  maxlinkdim=20 maxerr=1.25E-04 time=1.662
After sweep 3 energy=-17.233606  maxlinkdim=100 maxerr=4.79E-07 time=2.765
After sweep 4 energy=-17.247456  maxlinkdim=705 maxerr=1.00E-10 time=38.509
After sweep 5 energy=-17.24847  maxlinkdim=590 maxerr=1.23E-08 time=50.143
After sweep 6 energy=-17.2486  maxlinkdim=591 maxerr=2.29E-08 time=43.705
After sweep 7 energy=-17.248526  maxlinkdim=541 maxerr=9.10E-08 time=44.635
After sweep 8 energy=-17.248528  maxlinkdim=490 maxerr=3.83E-08 time=45.046
After sweep 9 energy=-17.248655  maxlinkdim=486 maxerr=6.11E-08 time=43.504
After sweep 10 energy=-17.248499  maxlinkdim=485 maxerr=5.28E-08 time=43.428
After sweep 11 energy=-17.248629  maxlinkdim=486 maxerr=6.14E-08 time=43.479
After sweep 12 energy=-17.24855  maxlinkdim=482 maxerr=5.70E-08 time=43.468
After sweep 13 energy=-17.2485  maxlinkdim=483 maxerr=2.33E-08 time=45.086
After sweep 14 energy=-17.248594  maxlinkdim=489 maxerr=7.65E-08 time=43.521
After sweep 15 energy=-17.248573  maxlinkdim=487 maxerr=5.39E-08 time=43.480
After sweep 16 energy=-17.248495  maxlinkdim=486 maxerr=6.23E-08 time=43.469
After sweep 17 energy=-17.24863  maxlinkdim=482 maxerr=7.71E-08 time=43.463
After sweep 18 energy=-17.248638  maxlinkdim=483 maxerr=2.54E-08 time=44.359
After sweep 19 energy=-17.248604  maxlinkdim=481 maxerr=3.99E-08 time=44.034
After sweep 20 energy=-17.248558  maxlinkdim=489 maxerr=3.75E-08 time=43.511
After sweep 21 energy=-17.248608  maxlinkdim=485 maxerr=8.63E-08 time=43.374
After sweep 22 energy=-17.248596  maxlinkdim=482 maxerr=3.28E-08 time=43.470
After sweep 23 energy=-17.248535  maxlinkdim=479 maxerr=2.55E-08 time=43.784
After sweep 24 energy=-17.248543  maxlinkdim=478 maxerr=2.95E-08 time=44.338
After sweep 25 energy=-17.24855  maxlinkdim=483 maxerr=3.12E-08 time=43.504
After sweep 26 energy=-17.248558  maxlinkdim=485 maxerr=2.74E-08 time=43.303
After sweep 27 energy=-17.24858  maxlinkdim=486 maxerr=1.07E-07 time=43.378
After sweep 28 energy=-17.248508  maxlinkdim=479 maxerr=3.15E-08 time=43.435
After sweep 29 energy=-17.248491  maxlinkdim=488 maxerr=5.59E-08 time=44.853
After sweep 30 energy=-17.24861  maxlinkdim=482 maxerr=2.64E-08 time=43.349
FOUND MU (secant); mu: -2.342095980101226  n: 0.5000005
Target density achieved with mu=-2.342095980101226, n=0.5000005
Checking {alpha,beta} vs measured
Alpha not converged.
NOT CONVERGED; updating alpha, beta and continuing...
After sweep 1 energy=-9.5968485  maxlinkdim=10 maxerr=3.17E-03 time=1.337
After sweep 2 energy=-16.815966  maxlinkdim=20 maxerr=8.01E-05 time=1.670
After sweep 3 energy=-17.256912  maxlinkdim=100 maxerr=8.38E-07 time=2.797
After sweep 4 energy=-17.267466  maxlinkdim=710 maxerr=1.00E-10 time=39.482
After sweep 5 energy=-17.267921  maxlinkdim=548 maxerr=3.89E-08 time=51.736
After sweep 6 energy=-17.268036  maxlinkdim=580 maxerr=4.76E-08 time=44.814
After sweep 7 energy=-17.268032  maxlinkdim=490 maxerr=2.92E-08 time=45.903
After sweep 8 energy=-17.267946  maxlinkdim=482 maxerr=3.66E-08 time=43.660
After sweep 9 energy=-17.267971  maxlinkdim=492 maxerr=4.09E-09 time=43.747
After sweep 10 energy=-17.267944  maxlinkdim=485 maxerr=1.19E-07 time=43.718
After sweep 11 energy=-17.267975  maxlinkdim=486 maxerr=7.38E-08 time=43.810
After sweep 12 energy=-17.267904  maxlinkdim=486 maxerr=2.50E-08 time=44.392
After sweep 13 energy=-17.267975  maxlinkdim=483 maxerr=3.78E-08 time=44.292
After sweep 14 energy=-17.267921  maxlinkdim=492 maxerr=2.71E-08 time=43.761
After sweep 15 energy=-17.267939  maxlinkdim=492 maxerr=3.99E-08 time=43.767
After sweep 16 energy=-17.268114  maxlinkdim=485 maxerr=3.03E-08 time=43.756
After sweep 17 energy=-17.267967  maxlinkdim=490 maxerr=7.36E-09 time=44.125
After sweep 18 energy=-17.268028  maxlinkdim=484 maxerr=9.67E-08 time=44.677
After sweep 19 energy=-17.26802  maxlinkdim=489 maxerr=4.09E-08 time=43.799
After sweep 20 energy=-17.26801  maxlinkdim=486 maxerr=2.98E-08 time=43.797
After sweep 21 energy=-17.267952  maxlinkdim=482 maxerr=1.81E-08 time=43.740
After sweep 22 energy=-17.267982  maxlinkdim=484 maxerr=3.79E-10 time=43.639
After sweep 23 energy=-17.268032  maxlinkdim=484 maxerr=4.29E-08 time=45.142
After sweep 24 energy=-17.267979  maxlinkdim=488 maxerr=2.98E-08 time=43.798
After sweep 25 energy=-17.267977  maxlinkdim=489 maxerr=4.38E-08 time=43.721
After sweep 26 energy=-17.267908  maxlinkdim=485 maxerr=5.46E-08 time=43.691
After sweep 27 energy=-17.267971  maxlinkdim=482 maxerr=2.35E-08 time=43.820
After sweep 28 energy=-17.26791  maxlinkdim=486 maxerr=3.14E-08 time=45.227
After sweep 29 energy=-17.268045  maxlinkdim=482 maxerr=2.01E-08 time=43.808
After sweep 30 energy=-17.267853  maxlinkdim=486 maxerr=3.03E-08 time=43.820
Not same mu, searching again
After sweep 1 energy=-7.628821  maxlinkdim=10 maxerr=7.45E-03 time=1.469
After sweep 2 energy=-17.289423  maxlinkdim=20 maxerr=9.31E-05 time=1.813
After sweep 3 energy=-17.891262  maxlinkdim=100 maxerr=4.84E-07 time=2.897
After sweep 4 energy=-17.913147  maxlinkdim=692 maxerr=1.00E-10 time=38.982
After sweep 5 energy=-17.91513  maxlinkdim=595 maxerr=3.99E-08 time=49.438
After sweep 6 energy=-17.915445  maxlinkdim=625 maxerr=4.65E-08 time=47.247
After sweep 7 energy=-17.915363  maxlinkdim=582 maxerr=2.54E-08 time=48.022
After sweep 8 energy=-17.915358  maxlinkdim=501 maxerr=4.51E-08 time=46.555
After sweep 9 energy=-17.915295  maxlinkdim=503 maxerr=5.09E-08 time=45.999
After sweep 10 energy=-17.915386  maxlinkdim=503 maxerr=1.83E-08 time=46.031
After sweep 11 energy=-17.915424  maxlinkdim=499 maxerr=4.39E-08 time=47.320
After sweep 12 energy=-17.915405  maxlinkdim=505 maxerr=1.38E-08 time=45.865
After sweep 13 energy=-17.91542  maxlinkdim=499 maxerr=6.25E-09 time=45.898
After sweep 14 energy=-17.915434  maxlinkdim=501 maxerr=6.21E-08 time=45.965
After sweep 15 energy=-17.9155  maxlinkdim=500 maxerr=4.87E-08 time=46.021
After sweep 16 energy=-17.915323  maxlinkdim=501 maxerr=3.22E-08 time=48.073
After sweep 17 energy=-17.915525  maxlinkdim=498 maxerr=6.65E-08 time=45.949
After sweep 18 energy=-17.915382  maxlinkdim=494 maxerr=3.68E-08 time=45.871
After sweep 19 energy=-17.91532  maxlinkdim=500 maxerr=3.31E-08 time=45.783
After sweep 20 energy=-17.915276  maxlinkdim=495 maxerr=4.56E-08 time=45.882
After sweep 21 energy=-17.915401  maxlinkdim=498 maxerr=6.79E-08 time=47.288
After sweep 22 energy=-17.91526  maxlinkdim=505 maxerr=4.35E-08 time=45.853
After sweep 23 energy=-17.915403  maxlinkdim=494 maxerr=2.17E-08 time=45.852
After sweep 24 energy=-17.915413  maxlinkdim=495 maxerr=4.85E-08 time=45.845
After sweep 25 energy=-17.915295  maxlinkdim=511 maxerr=2.83E-08 time=45.961
After sweep 26 energy=-17.915367  maxlinkdim=498 maxerr=3.18E-08 time=47.363
After sweep 27 energy=-17.915361  maxlinkdim=500 maxerr=2.41E-08 time=45.965
After sweep 28 energy=-17.915325  maxlinkdim=507 maxerr=7.77E-08 time=45.831
After sweep 29 energy=-17.915348  maxlinkdim=503 maxerr=2.55E-08 time=46.070
After sweep 30 energy=-17.915545  maxlinkdim=497 maxerr=3.98E-08 time=45.939
n0: 0.49962193; n1: 0.5118758; mu0: -2.342095980101226; mu1: -2.332095980101226

Range found between mu0: -2.342095980101226 (n0: 0.49962193) and mu1: -2.332095980101226 (n1: 0.5118758); refining...
n0: 0.49962193; n1: 0.5118758; mu0: -2.342095980101226; mu1: -2.332095980101226
Trying secant step...
After sweep 1 energy=-8.143074  maxlinkdim=10 maxerr=4.71E-03 time=1.463
After sweep 2 energy=-16.745804  maxlinkdim=20 maxerr=1.01E-04 time=1.606
After sweep 3 energy=-17.267918  maxlinkdim=100 maxerr=4.70E-07 time=2.641
After sweep 4 energy=-17.28684  maxlinkdim=700 maxerr=1.00E-10 time=40.426
After sweep 5 energy=-17.28761  maxlinkdim=566 maxerr=8.23E-08 time=50.921
After sweep 6 energy=-17.28779  maxlinkdim=546 maxerr=3.08E-08 time=43.871
After sweep 7 energy=-17.287752  maxlinkdim=503 maxerr=3.77E-08 time=44.272
After sweep 8 energy=-17.287655  maxlinkdim=486 maxerr=3.38E-08 time=44.043
After sweep 9 energy=-17.287724  maxlinkdim=482 maxerr=1.01E-07 time=45.196
After sweep 10 energy=-17.287731  maxlinkdim=488 maxerr=9.55E-08 time=44.106
After sweep 11 energy=-17.287739  maxlinkdim=486 maxerr=2.45E-08 time=43.833
After sweep 12 energy=-17.287685  maxlinkdim=493 maxerr=2.19E-08 time=43.677
After sweep 13 energy=-17.287697  maxlinkdim=486 maxerr=3.77E-08 time=43.678
After sweep 14 energy=-17.28775  maxlinkdim=487 maxerr=3.83E-08 time=44.697
After sweep 15 energy=-17.287695  maxlinkdim=487 maxerr=4.84E-08 time=44.502
After sweep 16 energy=-17.287754  maxlinkdim=489 maxerr=6.22E-08 time=43.815
After sweep 17 energy=-17.28778  maxlinkdim=482 maxerr=2.73E-08 time=43.822
After sweep 18 energy=-17.287708  maxlinkdim=483 maxerr=2.35E-08 time=43.703
After sweep 19 energy=-17.287762  maxlinkdim=483 maxerr=2.00E-08 time=44.228
After sweep 20 energy=-17.28764  maxlinkdim=490 maxerr=3.51E-08 time=44.812
After sweep 21 energy=-17.287762  maxlinkdim=486 maxerr=2.81E-08 time=43.748
After sweep 22 energy=-17.287762  maxlinkdim=482 maxerr=3.19E-08 time=43.728
After sweep 23 energy=-17.287634  maxlinkdim=484 maxerr=1.07E-07 time=43.728
After sweep 24 energy=-17.28772  maxlinkdim=482 maxerr=3.19E-08 time=43.941
After sweep 25 energy=-17.287626  maxlinkdim=488 maxerr=4.37E-08 time=44.961
After sweep 26 energy=-17.287771  maxlinkdim=485 maxerr=4.65E-08 time=43.736
After sweep 27 energy=-17.287706  maxlinkdim=488 maxerr=3.65E-08 time=43.848
After sweep 28 energy=-17.287714  maxlinkdim=482 maxerr=4.01E-08 time=43.767
After sweep 29 energy=-17.287706  maxlinkdim=484 maxerr=3.51E-08 time=43.829
After sweep 30 energy=-17.287724  maxlinkdim=484 maxerr=4.53E-08 time=45.178
n0: 0.49962193; n1: 0.5000051; mu0: -2.342095980101226; mu1: -2.3417874474190397
Trying secant step...
After sweep 1 energy=-9.4492445  maxlinkdim=10 maxerr=2.77E-03 time=1.343
After sweep 2 energy=-16.767324  maxlinkdim=20 maxerr=1.07E-04 time=1.692
After sweep 3 energy=-17.263216  maxlinkdim=100 maxerr=3.95E-07 time=2.817
After sweep 4 energy=-17.285036  maxlinkdim=677 maxerr=1.00E-10 time=38.078
After sweep 5 energy=-17.287123  maxlinkdim=547 maxerr=2.10E-08 time=52.019
After sweep 6 energy=-17.287483  maxlinkdim=559 maxerr=9.77E-08 time=42.925
After sweep 7 energy=-17.287376  maxlinkdim=529 maxerr=4.52E-08 time=44.721
After sweep 8 energy=-17.287464  maxlinkdim=489 maxerr=7.80E-08 time=45.829
After sweep 9 energy=-17.287466  maxlinkdim=495 maxerr=4.92E-08 time=43.956
After sweep 10 energy=-17.287483  maxlinkdim=490 maxerr=1.38E-08 time=43.821
After sweep 11 energy=-17.287415  maxlinkdim=485 maxerr=1.16E-07 time=43.705
After sweep 12 energy=-17.28746  maxlinkdim=489 maxerr=5.77E-08 time=43.781
After sweep 13 energy=-17.28748  maxlinkdim=493 maxerr=4.15E-08 time=44.478
After sweep 14 energy=-17.287546  maxlinkdim=486 maxerr=3.49E-08 time=44.736
After sweep 15 energy=-17.287468  maxlinkdim=493 maxerr=3.94E-08 time=43.955
After sweep 16 energy=-17.287308  maxlinkdim=481 maxerr=3.61E-08 time=43.846
After sweep 17 energy=-17.287355  maxlinkdim=491 maxerr=2.67E-08 time=43.762
After sweep 18 energy=-17.2875  maxlinkdim=482 maxerr=8.43E-08 time=44.034
After sweep 19 energy=-17.287483  maxlinkdim=487 maxerr=4.91E-08 time=44.894
After sweep 20 energy=-17.287403  maxlinkdim=491 maxerr=2.21E-08 time=43.848
After sweep 21 energy=-17.287458  maxlinkdim=486 maxerr=3.66E-08 time=43.724
After sweep 22 energy=-17.287441  maxlinkdim=485 maxerr=1.47E-08 time=43.762
After sweep 23 energy=-17.287493  maxlinkdim=483 maxerr=1.54E-08 time=43.849
After sweep 24 energy=-17.287458  maxlinkdim=496 maxerr=2.95E-08 time=45.195
After sweep 25 energy=-17.287468  maxlinkdim=484 maxerr=5.20E-08 time=43.838
After sweep 26 energy=-17.28748  maxlinkdim=485 maxerr=1.63E-08 time=43.727
After sweep 27 energy=-17.287495  maxlinkdim=485 maxerr=3.16E-08 time=43.729
After sweep 28 energy=-17.287397  maxlinkdim=487 maxerr=2.39E-08 time=43.762
After sweep 29 energy=-17.28746  maxlinkdim=482 maxerr=4.68E-08 time=45.175
After sweep 30 energy=-17.287434  maxlinkdim=491 maxerr=4.25E-08 time=43.830
FOUND MU (secant); mu: -2.341791574625552  n: 0.49999917
Target density achieved with mu=-2.341791574625552, n=0.49999917
Checking {alpha,beta} vs measured
Alpha not converged.
NOT CONVERGED; updating alpha, beta and continuing...
After sweep 1 energy=-9.041605  maxlinkdim=10 maxerr=5.58E-03 time=1.402
After sweep 2 energy=-16.872143  maxlinkdim=20 maxerr=7.39E-05 time=1.497
After sweep 3 energy=-17.265676  maxlinkdim=100 maxerr=3.72E-07 time=2.855
After sweep 4 energy=-17.272934  maxlinkdim=685 maxerr=1.00E-10 time=38.981
After sweep 5 energy=-17.273268  maxlinkdim=527 maxerr=5.73E-08 time=49.059
After sweep 6 energy=-17.27326  maxlinkdim=601 maxerr=4.82E-08 time=43.405
After sweep 7 energy=-17.27319  maxlinkdim=492 maxerr=6.07E-08 time=44.772
After sweep 8 energy=-17.273237  maxlinkdim=490 maxerr=2.31E-08 time=44.242
After sweep 9 energy=-17.273191  maxlinkdim=488 maxerr=4.14E-08 time=43.397
After sweep 10 energy=-17.273273  maxlinkdim=484 maxerr=2.00E-08 time=43.568
After sweep 11 energy=-17.273151  maxlinkdim=486 maxerr=3.80E-08 time=43.638
After sweep 12 energy=-17.273188  maxlinkdim=481 maxerr=5.07E-08 time=43.909
After sweep 13 energy=-17.27327  maxlinkdim=480 maxerr=1.05E-07 time=44.536
After sweep 14 energy=-17.27319  maxlinkdim=486 maxerr=5.31E-08 time=43.432
After sweep 15 energy=-17.273281  maxlinkdim=486 maxerr=6.66E-08 time=43.439
After sweep 16 energy=-17.273283  maxlinkdim=483 maxerr=2.19E-07 time=43.547
After sweep 17 energy=-17.273272  maxlinkdim=486 maxerr=8.40E-08 time=43.558
After sweep 18 energy=-17.27325  maxlinkdim=489 maxerr=2.90E-08 time=44.968
After sweep 19 energy=-17.27328  maxlinkdim=484 maxerr=3.51E-08 time=43.533
After sweep 20 energy=-17.273327  maxlinkdim=484 maxerr=4.52E-08 time=43.424
After sweep 21 energy=-17.2733  maxlinkdim=479 maxerr=1.75E-07 time=43.488
After sweep 22 energy=-17.273182  maxlinkdim=482 maxerr=6.83E-08 time=43.597
After sweep 23 energy=-17.273243  maxlinkdim=490 maxerr=3.21E-08 time=44.352
After sweep 24 energy=-17.27325  maxlinkdim=485 maxerr=3.77E-08 time=44.146
After sweep 25 energy=-17.273342  maxlinkdim=494 maxerr=1.12E-07 time=43.541
After sweep 26 energy=-17.273226  maxlinkdim=486 maxerr=1.44E-08 time=43.597
After sweep 27 energy=-17.273338  maxlinkdim=482 maxerr=3.43E-08 time=43.618
After sweep 28 energy=-17.273232  maxlinkdim=481 maxerr=2.67E-07 time=44.010
After sweep 29 energy=-17.273205  maxlinkdim=482 maxerr=2.99E-08 time=44.423
After sweep 30 energy=-17.273308  maxlinkdim=485 maxerr=1.78E-08 time=43.571
Not same mu, searching again
After sweep 1 energy=-9.601089  maxlinkdim=10 maxerr=5.92E-03 time=1.373
After sweep 2 energy=-16.358412  maxlinkdim=20 maxerr=7.95E-05 time=1.755
After sweep 3 energy=-16.635134  maxlinkdim=100 maxerr=3.22E-07 time=2.781
After sweep 4 energy=-16.640488  maxlinkdim=683 maxerr=1.00E-10 time=37.867
After sweep 5 energy=-16.64082  maxlinkdim=506 maxerr=3.63E-08 time=47.870
After sweep 6 energy=-16.640797  maxlinkdim=499 maxerr=2.32E-08 time=41.271
After sweep 7 energy=-16.640825  maxlinkdim=478 maxerr=3.75E-08 time=42.973
After sweep 8 energy=-16.6408  maxlinkdim=473 maxerr=3.30E-08 time=41.123
After sweep 9 energy=-16.640846  maxlinkdim=469 maxerr=2.66E-08 time=41.191
After sweep 10 energy=-16.640856  maxlinkdim=470 maxerr=4.13E-08 time=40.940
After sweep 11 energy=-16.640745  maxlinkdim=471 maxerr=5.12E-08 time=40.977
After sweep 12 energy=-16.640741  maxlinkdim=470 maxerr=2.19E-08 time=41.432
After sweep 13 energy=-16.640821  maxlinkdim=472 maxerr=4.85E-08 time=41.839
After sweep 14 energy=-16.640795  maxlinkdim=470 maxerr=4.96E-08 time=41.068
After sweep 15 energy=-16.640755  maxlinkdim=472 maxerr=4.33E-08 time=41.003
After sweep 16 energy=-16.640877  maxlinkdim=473 maxerr=8.86E-08 time=40.942
After sweep 17 energy=-16.640854  maxlinkdim=474 maxerr=2.56E-08 time=40.924
After sweep 18 energy=-16.640781  maxlinkdim=473 maxerr=1.31E-07 time=42.472
After sweep 19 energy=-16.6408  maxlinkdim=473 maxerr=4.16E-08 time=40.982
After sweep 20 energy=-16.64087  maxlinkdim=472 maxerr=3.37E-08 time=41.002
After sweep 21 energy=-16.640747  maxlinkdim=474 maxerr=4.39E-08 time=41.041
After sweep 22 energy=-16.640781  maxlinkdim=474 maxerr=4.21E-08 time=40.969
After sweep 23 energy=-16.640818  maxlinkdim=472 maxerr=4.28E-08 time=40.912
After sweep 24 energy=-16.640879  maxlinkdim=474 maxerr=8.30E-08 time=42.387
After sweep 25 energy=-16.640755  maxlinkdim=470 maxerr=3.56E-08 time=40.961
After sweep 26 energy=-16.640743  maxlinkdim=469 maxerr=3.44E-08 time=40.866
After sweep 27 energy=-16.640837  maxlinkdim=471 maxerr=4.37E-08 time=40.921
After sweep 28 energy=-16.640844  maxlinkdim=473 maxerr=3.70E-08 time=40.960
After sweep 29 energy=-16.640793  maxlinkdim=471 maxerr=3.68E-08 time=41.491
After sweep 30 energy=-16.640844  maxlinkdim=471 maxerr=6.42E-08 time=42.052
n0: 0.48796064; n1: 0.50032794; mu0: -2.351791574625552; mu1: -2.341791574625552

Range found between mu0: -2.351791574625552 (n0: 0.48796064) and mu1: -2.341791574625552 (n1: 0.50032794); refining...
n0: 0.48796064; n1: 0.50032794; mu0: -2.351791574625552; mu1: -2.341791574625552
Trying secant step...
After sweep 1 energy=-7.996769  maxlinkdim=10 maxerr=1.51E-02 time=1.379
After sweep 2 energy=-16.753862  maxlinkdim=20 maxerr=1.02E-04 time=1.787
After sweep 3 energy=-17.238138  maxlinkdim=100 maxerr=7.32E-07 time=2.715
After sweep 4 energy=-17.254452  maxlinkdim=684 maxerr=1.00E-10 time=38.110
After sweep 5 energy=-17.256126  maxlinkdim=535 maxerr=3.33E-08 time=48.893
After sweep 6 energy=-17.256271  maxlinkdim=571 maxerr=3.29E-08 time=43.757
After sweep 7 energy=-17.25631  maxlinkdim=562 maxerr=2.39E-08 time=44.760
After sweep 8 energy=-17.256304  maxlinkdim=479 maxerr=3.40E-08 time=45.091
After sweep 9 energy=-17.256319  maxlinkdim=483 maxerr=4.27E-08 time=43.478
After sweep 10 energy=-17.256294  maxlinkdim=487 maxerr=2.60E-08 time=43.394
After sweep 11 energy=-17.256277  maxlinkdim=482 maxerr=3.51E-08 time=43.580
After sweep 12 energy=-17.25631  maxlinkdim=480 maxerr=7.40E-08 time=43.437
After sweep 13 energy=-17.256163  maxlinkdim=492 maxerr=5.59E-08 time=44.877
After sweep 14 energy=-17.256285  maxlinkdim=481 maxerr=4.51E-08 time=43.596
After sweep 15 energy=-17.256224  maxlinkdim=484 maxerr=1.72E-08 time=43.535
After sweep 16 energy=-17.256199  maxlinkdim=485 maxerr=4.26E-08 time=43.407
After sweep 17 energy=-17.25625  maxlinkdim=482 maxerr=1.96E-08 time=43.494
After sweep 18 energy=-17.25626  maxlinkdim=482 maxerr=3.34E-08 time=44.146
After sweep 19 energy=-17.25626  maxlinkdim=482 maxerr=2.97E-08 time=44.339
After sweep 20 energy=-17.256304  maxlinkdim=484 maxerr=1.64E-07 time=43.413
After sweep 21 energy=-17.256323  maxlinkdim=487 maxerr=4.74E-08 time=43.437
After sweep 22 energy=-17.256237  maxlinkdim=479 maxerr=2.00E-08 time=43.451
After sweep 23 energy=-17.256245  maxlinkdim=487 maxerr=4.76E-08 time=43.676
After sweep 24 energy=-17.256199  maxlinkdim=482 maxerr=3.09E-08 time=44.683
After sweep 25 energy=-17.256413  maxlinkdim=493 maxerr=5.09E-08 time=43.461
After sweep 26 energy=-17.256393  maxlinkdim=487 maxerr=5.88E-08 time=43.484
After sweep 27 energy=-17.256298  maxlinkdim=480 maxerr=4.51E-08 time=43.527
After sweep 28 energy=-17.256294  maxlinkdim=481 maxerr=4.28E-08 time=43.475
After sweep 29 energy=-17.256292  maxlinkdim=487 maxerr=1.43E-07 time=44.919
After sweep 30 energy=-17.256252  maxlinkdim=490 maxerr=2.08E-08 time=43.840
FOUND MU (secant); mu: -2.342056745309299  n: 0.49999934
Target density achieved with mu=-2.342056745309299, n=0.49999934
Checking {alpha,beta} vs measured
Alpha not converged.
NOT CONVERGED; updating alpha, beta and continuing...
After sweep 1 energy=-9.378018  maxlinkdim=10 maxerr=6.40E-03 time=1.476
After sweep 2 energy=-16.834576  maxlinkdim=20 maxerr=1.10E-04 time=1.515
After sweep 3 energy=-17.25565  maxlinkdim=100 maxerr=3.99E-07 time=2.860
After sweep 4 energy=-17.266502  maxlinkdim=694 maxerr=1.00E-10 time=38.396
After sweep 5 energy=-17.267225  maxlinkdim=564 maxerr=3.61E-08 time=49.098
After sweep 6 energy=-17.267315  maxlinkdim=582 maxerr=6.99E-08 time=42.554
After sweep 7 energy=-17.267338  maxlinkdim=557 maxerr=1.73E-07 time=44.860
After sweep 8 energy=-17.267296  maxlinkdim=484 maxerr=2.99E-08 time=44.620
After sweep 9 energy=-17.267435  maxlinkdim=483 maxerr=3.08E-08 time=43.767
After sweep 10 energy=-17.267412  maxlinkdim=487 maxerr=2.67E-08 time=43.682
After sweep 11 energy=-17.267277  maxlinkdim=482 maxerr=3.85E-08 time=43.702
After sweep 12 energy=-17.267433  maxlinkdim=488 maxerr=1.08E-08 time=44.137
After sweep 13 energy=-17.267275  maxlinkdim=484 maxerr=4.34E-08 time=44.661
After sweep 14 energy=-17.267391  maxlinkdim=494 maxerr=6.44E-08 time=43.696
After sweep 15 energy=-17.267399  maxlinkdim=490 maxerr=4.26E-08 time=43.734
After sweep 16 energy=-17.267384  maxlinkdim=481 maxerr=3.03E-08 time=43.649
After sweep 17 energy=-17.267467  maxlinkdim=504 maxerr=3.64E-08 time=43.740
After sweep 18 energy=-17.267353  maxlinkdim=483 maxerr=2.45E-08 time=44.934
After sweep 19 energy=-17.267273  maxlinkdim=482 maxerr=3.50E-08 time=43.717
After sweep 20 energy=-17.267296  maxlinkdim=491 maxerr=2.51E-08 time=43.659
After sweep 21 energy=-17.26736  maxlinkdim=495 maxerr=3.04E-08 time=43.656
After sweep 22 energy=-17.267365  maxlinkdim=486 maxerr=2.62E-08 time=43.744
After sweep 23 energy=-17.267246  maxlinkdim=485 maxerr=1.93E-07 time=45.181
After sweep 24 energy=-17.267448  maxlinkdim=487 maxerr=4.70E-08 time=43.698
After sweep 25 energy=-17.267418  maxlinkdim=487 maxerr=4.33E-08 time=43.672
After sweep 26 energy=-17.26725  maxlinkdim=486 maxerr=2.69E-08 time=43.700
After sweep 27 energy=-17.26738  maxlinkdim=486 maxerr=2.60E-08 time=43.700
After sweep 28 energy=-17.267307  maxlinkdim=483 maxerr=3.45E-08 time=44.357
After sweep 29 energy=-17.267387  maxlinkdim=483 maxerr=4.30E-08 time=44.546
After sweep 30 energy=-17.267454  maxlinkdim=493 maxerr=4.45E-08 time=43.672
Not same mu, searching again
After sweep 1 energy=-8.512779  maxlinkdim=10 maxerr=5.13E-03 time=1.373
After sweep 2 energy=-16.824259  maxlinkdim=20 maxerr=2.05E-04 time=1.796
After sweep 3 energy=-17.895508  maxlinkdim=100 maxerr=1.33E-06 time=2.682
After sweep 4 energy=-17.913712  maxlinkdim=703 maxerr=1.00E-10 time=39.543
After sweep 5 energy=-17.914928  maxlinkdim=567 maxerr=1.14E-08 time=51.728
After sweep 6 energy=-17.914936  maxlinkdim=562 maxerr=2.22E-08 time=47.835
After sweep 7 energy=-17.914936  maxlinkdim=554 maxerr=6.18E-09 time=48.186
After sweep 8 energy=-17.914871  maxlinkdim=496 maxerr=4.54E-08 time=46.741
After sweep 9 energy=-17.91493  maxlinkdim=500 maxerr=4.58E-08 time=45.871
After sweep 10 energy=-17.914795  maxlinkdim=497 maxerr=9.34E-08 time=46.022
After sweep 11 energy=-17.914944  maxlinkdim=499 maxerr=4.94E-08 time=46.636
After sweep 12 energy=-17.914906  maxlinkdim=495 maxerr=2.55E-08 time=46.341
After sweep 13 energy=-17.914886  maxlinkdim=497 maxerr=2.34E-08 time=45.860
After sweep 14 energy=-17.914986  maxlinkdim=497 maxerr=1.27E-07 time=45.798
After sweep 15 energy=-17.914875  maxlinkdim=505 maxerr=2.52E-08 time=45.824
After sweep 16 energy=-17.914915  maxlinkdim=498 maxerr=9.39E-08 time=46.699
After sweep 17 energy=-17.914913  maxlinkdim=498 maxerr=5.88E-08 time=46.544
After sweep 18 energy=-17.914936  maxlinkdim=502 maxerr=1.95E-08 time=45.916
After sweep 19 energy=-17.91494  maxlinkdim=496 maxerr=3.85E-08 time=45.815
After sweep 20 energy=-17.914896  maxlinkdim=496 maxerr=5.60E-08 time=45.867
After sweep 21 energy=-17.915018  maxlinkdim=505 maxerr=2.67E-08 time=48.066
After sweep 22 energy=-17.914858  maxlinkdim=497 maxerr=6.18E-08 time=46.469
After sweep 23 energy=-17.914902  maxlinkdim=501 maxerr=2.75E-08 time=45.983
After sweep 24 energy=-17.914991  maxlinkdim=494 maxerr=2.78E-08 time=45.746
After sweep 25 energy=-17.91492  maxlinkdim=495 maxerr=3.86E-08 time=45.832
After sweep 26 energy=-17.914885  maxlinkdim=500 maxerr=2.76E-08 time=46.657
After sweep 27 energy=-17.91487  maxlinkdim=499 maxerr=3.53E-08 time=46.582
After sweep 28 energy=-17.91492  maxlinkdim=499 maxerr=5.17E-08 time=46.044
After sweep 29 energy=-17.914932  maxlinkdim=500 maxerr=5.25E-08 time=45.907
After sweep 30 energy=-17.914938  maxlinkdim=494 maxerr=4.41E-08 time=45.839
n0: 0.49971458; n1: 0.5119677; mu0: -2.342056745309299; mu1: -2.3320567453092993

Range found between mu0: -2.342056745309299 (n0: 0.49971458) and mu1: -2.3320567453092993 (n1: 0.5119677); refining...
n0: 0.49971458; n1: 0.5119677; mu0: -2.342056745309299; mu1: -2.3320567453092993
Trying secant step...
After sweep 1 energy=-8.813581  maxlinkdim=10 maxerr=3.78E-03 time=1.454
After sweep 2 energy=-16.883821  maxlinkdim=20 maxerr=8.01E-05 time=1.589
After sweep 3 energy=-17.271482  maxlinkdim=100 maxerr=4.92E-07 time=2.621
After sweep 4 energy=-17.281322  maxlinkdim=693 maxerr=1.00E-10 time=38.956
After sweep 5 energy=-17.282135  maxlinkdim=558 maxerr=1.71E-08 time=50.578
After sweep 6 energy=-17.282219  maxlinkdim=573 maxerr=1.05E-07 time=42.860
After sweep 7 energy=-17.282173  maxlinkdim=540 maxerr=3.37E-08 time=44.162
After sweep 8 energy=-17.282352  maxlinkdim=488 maxerr=6.39E-08 time=44.072
After sweep 9 energy=-17.282303  maxlinkdim=484 maxerr=2.73E-08 time=44.479
After sweep 10 energy=-17.282253  maxlinkdim=487 maxerr=3.09E-08 time=44.448
After sweep 11 energy=-17.282286  maxlinkdim=483 maxerr=5.01E-08 time=43.784
After sweep 12 energy=-17.282154  maxlinkdim=485 maxerr=4.06E-08 time=43.652
After sweep 13 energy=-17.282207  maxlinkdim=490 maxerr=1.15E-07 time=43.799
After sweep 14 energy=-17.282341  maxlinkdim=482 maxerr=6.45E-08 time=44.172
After sweep 15 energy=-17.282284  maxlinkdim=490 maxerr=7.19E-08 time=44.848
After sweep 16 energy=-17.282272  maxlinkdim=493 maxerr=2.16E-08 time=43.692
After sweep 17 energy=-17.282307  maxlinkdim=488 maxerr=3.18E-08 time=43.755
After sweep 18 energy=-17.282156  maxlinkdim=485 maxerr=5.62E-08 time=43.777
After sweep 19 energy=-17.282318  maxlinkdim=485 maxerr=1.98E-08 time=43.745
After sweep 20 energy=-17.282331  maxlinkdim=489 maxerr=2.97E-08 time=45.255
After sweep 21 energy=-17.282234  maxlinkdim=484 maxerr=6.53E-08 time=43.750
After sweep 22 energy=-17.282358  maxlinkdim=488 maxerr=8.07E-08 time=43.713
After sweep 23 energy=-17.28226  maxlinkdim=485 maxerr=2.83E-08 time=43.728
After sweep 24 energy=-17.282299  maxlinkdim=484 maxerr=4.55E-08 time=43.730
After sweep 25 energy=-17.282276  maxlinkdim=485 maxerr=5.56E-08 time=44.481
After sweep 26 energy=-17.282207  maxlinkdim=483 maxerr=3.57E-08 time=44.382
After sweep 27 energy=-17.282303  maxlinkdim=479 maxerr=3.43E-08 time=43.693
After sweep 28 energy=-17.282276  maxlinkdim=484 maxerr=5.28E-08 time=43.692
After sweep 29 energy=-17.28227  maxlinkdim=484 maxerr=4.81E-08 time=43.770
After sweep 30 energy=-17.28229  maxlinkdim=489 maxerr=4.17E-08 time=44.213
FOUND MU (secant); mu: -2.3418238115897294  n: 0.50000095
Target density achieved with mu=-2.3418238115897294, n=0.50000095
Checking {alpha,beta} vs measured
Alpha not converged.
NOT CONVERGED; updating alpha, beta and continuing...
After sweep 1 energy=-7.68115  maxlinkdim=10 maxerr=5.52E-03 time=1.407
After sweep 2 energy=-16.184618  maxlinkdim=20 maxerr=5.04E-04 time=1.572
After sweep 3 energy=-17.0793  maxlinkdim=100 maxerr=6.16E-07 time=2.612
After sweep 4 energy=-17.247215  maxlinkdim=687 maxerr=1.00E-10 time=38.138
After sweep 5 energy=-17.272877  maxlinkdim=559 maxerr=1.32E-09 time=47.490
After sweep 6 energy=-17.273167  maxlinkdim=566 maxerr=1.48E-08 time=42.400
After sweep 7 energy=-17.273249  maxlinkdim=572 maxerr=9.78E-09 time=44.092
After sweep 8 energy=-17.273277  maxlinkdim=483 maxerr=3.17E-08 time=44.317
After sweep 9 energy=-17.273209  maxlinkdim=484 maxerr=1.01E-07 time=44.959
After sweep 10 energy=-17.27321  maxlinkdim=482 maxerr=2.60E-08 time=43.647
After sweep 11 energy=-17.273209  maxlinkdim=484 maxerr=4.88E-08 time=43.523
After sweep 12 energy=-17.273201  maxlinkdim=482 maxerr=4.16E-08 time=43.468
After sweep 13 energy=-17.273186  maxlinkdim=490 maxerr=3.97E-08 time=43.514
After sweep 14 energy=-17.273157  maxlinkdim=486 maxerr=8.17E-09 time=44.499
After sweep 15 energy=-17.273214  maxlinkdim=487 maxerr=5.47E-08 time=44.069
After sweep 16 energy=-17.27325  maxlinkdim=492 maxerr=4.19E-08 time=43.597
After sweep 17 energy=-17.273228  maxlinkdim=480 maxerr=3.21E-08 time=43.700
After sweep 18 energy=-17.273163  maxlinkdim=482 maxerr=2.39E-08 time=43.584
After sweep 19 energy=-17.273336  maxlinkdim=484 maxerr=1.69E-07 time=43.918
After sweep 20 energy=-17.273197  maxlinkdim=493 maxerr=3.87E-08 time=44.753
After sweep 21 energy=-17.273172  maxlinkdim=482 maxerr=8.43E-08 time=43.812
After sweep 22 energy=-17.273228  maxlinkdim=483 maxerr=4.11E-08 time=43.670
After sweep 23 energy=-17.273365  maxlinkdim=485 maxerr=1.41E-08 time=43.599
After sweep 24 energy=-17.273178  maxlinkdim=485 maxerr=1.73E-08 time=43.511
After sweep 25 energy=-17.273224  maxlinkdim=483 maxerr=1.93E-08 time=44.938
After sweep 26 energy=-17.273336  maxlinkdim=483 maxerr=3.18E-08 time=44.028
After sweep 27 energy=-17.273224  maxlinkdim=482 maxerr=9.66E-08 time=43.518
After sweep 28 energy=-17.273201  maxlinkdim=486 maxerr=1.07E-07 time=43.430
After sweep 29 energy=-17.273212  maxlinkdim=481 maxerr=5.02E-08 time=43.542
After sweep 30 energy=-17.273159  maxlinkdim=485 maxerr=1.90E-08 time=45.015
Not same mu, searching again
After sweep 1 energy=-7.35029  maxlinkdim=10 maxerr=4.68E-03 time=1.351
After sweep 2 energy=-16.070972  maxlinkdim=20 maxerr=1.12E-04 time=1.712
After sweep 3 energy=-16.618006  maxlinkdim=100 maxerr=3.51E-07 time=2.785
After sweep 4 energy=-16.638342  maxlinkdim=654 maxerr=1.00E-10 time=36.086
After sweep 5 energy=-16.640642  maxlinkdim=504 maxerr=4.09E-09 time=43.821
After sweep 6 energy=-16.640839  maxlinkdim=519 maxerr=2.81E-08 time=39.609
After sweep 7 energy=-16.6409  maxlinkdim=506 maxerr=1.68E-08 time=41.460
After sweep 8 energy=-16.640852  maxlinkdim=476 maxerr=1.38E-07 time=41.746
After sweep 9 energy=-16.640732  maxlinkdim=468 maxerr=2.99E-09 time=42.313
After sweep 10 energy=-16.640862  maxlinkdim=468 maxerr=3.62E-08 time=40.947
After sweep 11 energy=-16.640959  maxlinkdim=471 maxerr=1.45E-08 time=40.986
After sweep 12 energy=-16.64085  maxlinkdim=473 maxerr=3.14E-08 time=40.989
After sweep 13 energy=-16.640934  maxlinkdim=469 maxerr=4.39E-08 time=41.058
After sweep 14 energy=-16.640936  maxlinkdim=469 maxerr=1.22E-08 time=41.797
After sweep 15 energy=-16.6409  maxlinkdim=469 maxerr=3.64E-08 time=41.916
After sweep 16 energy=-16.64082  maxlinkdim=470 maxerr=3.07E-08 time=41.061
After sweep 17 energy=-16.640903  maxlinkdim=469 maxerr=3.61E-08 time=40.930
After sweep 18 energy=-16.640894  maxlinkdim=470 maxerr=2.74E-08 time=41.034
After sweep 19 energy=-16.640915  maxlinkdim=473 maxerr=1.54E-07 time=41.203
After sweep 20 energy=-16.640787  maxlinkdim=474 maxerr=4.79E-08 time=42.514
After sweep 21 energy=-16.640862  maxlinkdim=468 maxerr=3.18E-08 time=40.955
After sweep 22 energy=-16.640831  maxlinkdim=472 maxerr=7.10E-08 time=40.962
After sweep 23 energy=-16.640842  maxlinkdim=471 maxerr=1.78E-08 time=41.028
After sweep 24 energy=-16.640879  maxlinkdim=471 maxerr=2.83E-08 time=40.851
After sweep 25 energy=-16.640823  maxlinkdim=471 maxerr=2.35E-08 time=41.189
After sweep 26 energy=-16.64082  maxlinkdim=472 maxerr=1.57E-07 time=42.239
After sweep 27 energy=-16.640804  maxlinkdim=471 maxerr=3.10E-08 time=40.903
After sweep 28 energy=-16.640884  maxlinkdim=472 maxerr=3.18E-08 time=41.082
After sweep 29 energy=-16.64082  maxlinkdim=470 maxerr=3.40E-08 time=41.047
After sweep 30 energy=-16.640709  maxlinkdim=469 maxerr=3.69E-08 time=40.960
n0: 0.4878783; n1: 0.5002437; mu0: -2.351823811589729; mu1: -2.3418238115897294

Range found between mu0: -2.351823811589729 (n0: 0.4878783) and mu1: -2.3418238115897294 (n1: 0.5002437); refining...
n0: 0.4878783; n1: 0.5002437; mu0: -2.351823811589729; mu1: -2.3418238115897294
Trying secant step...
After sweep 1 energy=-7.842011  maxlinkdim=10 maxerr=6.54E-03 time=1.427
After sweep 2 energy=-16.651127  maxlinkdim=20 maxerr=1.43E-04 time=1.600
After sweep 3 energy=-17.24982  maxlinkdim=100 maxerr=6.22E-07 time=2.620
After sweep 4 energy=-17.259878  maxlinkdim=680 maxerr=1.00E-10 time=38.115
After sweep 5 energy=-17.260534  maxlinkdim=616 maxerr=1.98E-08 time=46.930
After sweep 6 energy=-17.260628  maxlinkdim=568 maxerr=4.80E-08 time=40.358
After sweep 7 energy=-17.260735  maxlinkdim=504 maxerr=1.23E-07 time=43.980
After sweep 8 energy=-17.260605  maxlinkdim=484 maxerr=3.79E-08 time=43.693
After sweep 9 energy=-17.260475  maxlinkdim=485 maxerr=5.86E-08 time=43.665
After sweep 10 energy=-17.26061  maxlinkdim=483 maxerr=6.74E-08 time=44.851
After sweep 11 energy=-17.260529  maxlinkdim=481 maxerr=1.86E-07 time=43.604
After sweep 12 energy=-17.260632  maxlinkdim=492 maxerr=3.47E-08 time=43.542
After sweep 13 energy=-17.260628  maxlinkdim=484 maxerr=8.87E-08 time=43.516
After sweep 14 energy=-17.260677  maxlinkdim=484 maxerr=1.97E-08 time=43.591
After sweep 15 energy=-17.260605  maxlinkdim=486 maxerr=3.52E-08 time=45.033
After sweep 16 energy=-17.260702  maxlinkdim=488 maxerr=4.36E-08 time=43.531
After sweep 17 energy=-17.260601  maxlinkdim=479 maxerr=1.64E-07 time=43.466
After sweep 18 energy=-17.260576  maxlinkdim=479 maxerr=2.38E-08 time=43.404
After sweep 19 energy=-17.260601  maxlinkdim=484 maxerr=3.98E-08 time=43.428
After sweep 20 energy=-17.260616  maxlinkdim=485 maxerr=1.49E-07 time=44.217
After sweep 21 energy=-17.260647  maxlinkdim=478 maxerr=1.94E-07 time=44.297
After sweep 22 energy=-17.260614  maxlinkdim=490 maxerr=1.48E-07 time=43.483
After sweep 23 energy=-17.260565  maxlinkdim=487 maxerr=1.90E-07 time=43.516
After sweep 24 energy=-17.260477  maxlinkdim=480 maxerr=4.86E-08 time=43.496
After sweep 25 energy=-17.2605  maxlinkdim=485 maxerr=1.06E-07 time=43.652
After sweep 26 energy=-17.260595  maxlinkdim=485 maxerr=2.30E-08 time=44.837
After sweep 27 energy=-17.26051  maxlinkdim=490 maxerr=2.83E-08 time=43.420
After sweep 28 energy=-17.260433  maxlinkdim=483 maxerr=7.64E-08 time=43.436
After sweep 29 energy=-17.260635  maxlinkdim=487 maxerr=6.01E-08 time=43.523
After sweep 30 energy=-17.26056  maxlinkdim=487 maxerr=4.77E-08 time=43.505
FOUND MU (secant); mu: -2.342020912200698  n: 0.5000022
Target density achieved with mu=-2.342020912200698, n=0.5000022
Checking {alpha,beta} vs measured
Alpha not converged.
NOT CONVERGED; updating alpha, beta and continuing...
After sweep 1 energy=-8.537128  maxlinkdim=10 maxerr=4.03E-03 time=1.416
After sweep 2 energy=-16.772953  maxlinkdim=20 maxerr=2.67E-04 time=1.576
After sweep 3 energy=-17.25359  maxlinkdim=100 maxerr=4.93E-07 time=2.616
After sweep 4 energy=-17.266811  maxlinkdim=697 maxerr=1.00E-10 time=40.101
After sweep 5 energy=-17.267963  maxlinkdim=548 maxerr=1.73E-08 time=49.201
After sweep 6 energy=-17.268036  maxlinkdim=596 maxerr=1.13E-07 time=43.545
After sweep 7 energy=-17.268032  maxlinkdim=512 maxerr=3.44E-08 time=44.450
After sweep 8 energy=-17.267906  maxlinkdim=487 maxerr=2.46E-08 time=43.910
After sweep 9 energy=-17.26799  maxlinkdim=488 maxerr=2.42E-08 time=45.178
After sweep 10 energy=-17.267933  maxlinkdim=485 maxerr=2.17E-08 time=43.917
After sweep 11 energy=-17.268024  maxlinkdim=486 maxerr=5.70E-08 time=43.715
After sweep 12 energy=-17.267939  maxlinkdim=487 maxerr=4.89E-08 time=43.615
After sweep 13 energy=-17.26805  maxlinkdim=483 maxerr=2.76E-08 time=43.648
After sweep 14 energy=-17.267963  maxlinkdim=489 maxerr=1.88E-07 time=44.364
After sweep 15 energy=-17.267998  maxlinkdim=483 maxerr=2.38E-08 time=44.610
After sweep 16 energy=-17.267933  maxlinkdim=481 maxerr=5.05E-08 time=43.703
After sweep 17 energy=-17.268032  maxlinkdim=486 maxerr=5.42E-08 time=43.690
After sweep 18 energy=-17.267895  maxlinkdim=486 maxerr=5.45E-08 time=43.724
After sweep 19 energy=-17.267952  maxlinkdim=485 maxerr=4.43E-08 time=43.886
After sweep 20 energy=-17.267973  maxlinkdim=486 maxerr=6.62E-09 time=44.951
After sweep 21 energy=-17.267937  maxlinkdim=489 maxerr=4.25E-08 time=43.704
After sweep 22 energy=-17.26799  maxlinkdim=480 maxerr=8.72E-08 time=43.685
After sweep 23 energy=-17.267908  maxlinkdim=487 maxerr=3.40E-08 time=43.558
After sweep 24 energy=-17.267984  maxlinkdim=486 maxerr=8.26E-08 time=43.706
After sweep 25 energy=-17.267956  maxlinkdim=487 maxerr=4.13E-08 time=45.801
After sweep 26 energy=-17.268044  maxlinkdim=482 maxerr=2.65E-08 time=43.899
After sweep 27 energy=-17.267948  maxlinkdim=483 maxerr=3.46E-08 time=43.631
After sweep 28 energy=-17.267906  maxlinkdim=492 maxerr=6.36E-08 time=43.710
After sweep 29 energy=-17.267948  maxlinkdim=485 maxerr=2.63E-08 time=43.649
After sweep 30 energy=-17.267944  maxlinkdim=486 maxerr=1.81E-08 time=44.614
Not same mu, searching again
After sweep 1 energy=-8.175874  maxlinkdim=10 maxerr=4.07E-03 time=1.446
After sweep 2 energy=-17.49313  maxlinkdim=20 maxerr=1.34E-04 time=1.576
After sweep 3 energy=-17.908768  maxlinkdim=100 maxerr=5.11E-07 time=2.700
After sweep 4 energy=-17.915363  maxlinkdim=713 maxerr=1.00E-10 time=42.230
After sweep 5 energy=-17.915562  maxlinkdim=564 maxerr=3.91E-08 time=53.482
After sweep 6 energy=-17.915665  maxlinkdim=576 maxerr=4.91E-08 time=48.005
After sweep 7 energy=-17.91558  maxlinkdim=495 maxerr=7.30E-08 time=46.703
After sweep 8 energy=-17.9156  maxlinkdim=498 maxerr=1.84E-08 time=46.207
After sweep 9 energy=-17.915499  maxlinkdim=502 maxerr=1.27E-07 time=49.519
After sweep 10 energy=-17.915485  maxlinkdim=493 maxerr=4.20E-08 time=45.942
After sweep 11 energy=-17.91565  maxlinkdim=496 maxerr=2.62E-08 time=45.808
After sweep 12 energy=-17.915653  maxlinkdim=496 maxerr=2.52E-08 time=45.884
After sweep 13 energy=-17.91558  maxlinkdim=498 maxerr=9.88E-08 time=46.225
After sweep 14 energy=-17.915638  maxlinkdim=502 maxerr=2.65E-08 time=47.228
After sweep 15 energy=-17.915628  maxlinkdim=504 maxerr=8.50E-08 time=45.894
After sweep 16 energy=-17.915627  maxlinkdim=494 maxerr=8.33E-08 time=45.797
After sweep 17 energy=-17.915697  maxlinkdim=497 maxerr=6.79E-08 time=45.790
After sweep 18 energy=-17.915636  maxlinkdim=500 maxerr=3.91E-08 time=46.489
After sweep 19 energy=-17.915699  maxlinkdim=496 maxerr=1.41E-07 time=49.451
After sweep 20 energy=-17.915565  maxlinkdim=499 maxerr=5.58E-08 time=46.146
After sweep 21 energy=-17.915644  maxlinkdim=495 maxerr=1.83E-07 time=45.845
After sweep 22 energy=-17.915571  maxlinkdim=502 maxerr=2.29E-08 time=45.966
After sweep 23 energy=-17.915726  maxlinkdim=497 maxerr=1.42E-07 time=46.395
After sweep 24 energy=-17.915504  maxlinkdim=499 maxerr=1.02E-07 time=47.004
After sweep 25 energy=-17.915596  maxlinkdim=496 maxerr=1.68E-08 time=45.966
After sweep 26 energy=-17.91565  maxlinkdim=494 maxerr=4.91E-08 time=45.930
After sweep 27 energy=-17.91572  maxlinkdim=495 maxerr=3.70E-08 time=45.759
After sweep 28 energy=-17.915588  maxlinkdim=496 maxerr=1.17E-10 time=46.378
After sweep 29 energy=-17.915604  maxlinkdim=496 maxerr=2.00E-07 time=47.079
After sweep 30 energy=-17.915592  maxlinkdim=494 maxerr=4.70E-08 time=46.518
n0: 0.4997901; n1: 0.5120438; mu0: -2.342020912200698; mu1: -2.332020912200698

Range found between mu0: -2.342020912200698 (n0: 0.4997901) and mu1: -2.332020912200698 (n1: 0.5120438); refining...
n0: 0.4997901; n1: 0.5120438; mu0: -2.342020912200698; mu1: -2.332020912200698
Trying secant step...
After sweep 1 energy=-7.1437945  maxlinkdim=10 maxerr=9.93E-03 time=1.464
After sweep 2 energy=-16.820297  maxlinkdim=20 maxerr=8.95E-05 time=1.501
After sweep 3 energy=-17.26958  maxlinkdim=100 maxerr=5.17E-07 time=2.858
After sweep 4 energy=-17.278429  maxlinkdim=697 maxerr=1.00E-10 time=39.118
After sweep 5 energy=-17.278915  maxlinkdim=558 maxerr=3.04E-08 time=50.346
After sweep 6 energy=-17.279066  maxlinkdim=504 maxerr=2.27E-08 time=44.140
After sweep 7 energy=-17.278938  maxlinkdim=496 maxerr=1.81E-08 time=45.036
After sweep 8 energy=-17.278927  maxlinkdim=485 maxerr=4.93E-08 time=43.872
After sweep 9 energy=-17.278912  maxlinkdim=481 maxerr=4.74E-08 time=43.690
After sweep 10 energy=-17.279045  maxlinkdim=482 maxerr=1.64E-08 time=43.616
After sweep 11 energy=-17.278946  maxlinkdim=491 maxerr=2.38E-08 time=44.008
After sweep 12 energy=-17.278957  maxlinkdim=482 maxerr=3.42E-08 time=44.745
After sweep 13 energy=-17.278988  maxlinkdim=485 maxerr=8.15E-08 time=43.722
After sweep 14 energy=-17.27903  maxlinkdim=484 maxerr=2.22E-08 time=43.715
After sweep 15 energy=-17.278912  maxlinkdim=489 maxerr=1.63E-08 time=43.568
After sweep 16 energy=-17.278906  maxlinkdim=482 maxerr=3.08E-08 time=43.674
After sweep 17 energy=-17.279076  maxlinkdim=492 maxerr=3.42E-08 time=45.231
After sweep 18 energy=-17.27893  maxlinkdim=484 maxerr=8.28E-08 time=43.746
After sweep 19 energy=-17.279  maxlinkdim=485 maxerr=4.45E-08 time=43.721
After sweep 20 energy=-17.278967  maxlinkdim=484 maxerr=1.33E-07 time=43.758
After sweep 21 energy=-17.27894  maxlinkdim=485 maxerr=4.21E-08 time=43.777
After sweep 22 energy=-17.278992  maxlinkdim=488 maxerr=1.22E-07 time=45.354
After sweep 23 energy=-17.279045  maxlinkdim=486 maxerr=6.40E-08 time=43.568
After sweep 24 energy=-17.279036  maxlinkdim=483 maxerr=3.19E-08 time=43.698
After sweep 25 energy=-17.278934  maxlinkdim=487 maxerr=3.26E-08 time=43.805
After sweep 26 energy=-17.278934  maxlinkdim=487 maxerr=4.98E-08 time=43.640
After sweep 27 energy=-17.279062  maxlinkdim=486 maxerr=1.91E-08 time=44.211
After sweep 28 energy=-17.27892  maxlinkdim=487 maxerr=3.45E-08 time=44.636
After sweep 29 energy=-17.278954  maxlinkdim=484 maxerr=1.02E-08 time=43.654
After sweep 30 energy=-17.278912  maxlinkdim=487 maxerr=5.21E-08 time=43.625
FOUND MU (secant); mu: -2.341849618437853  n: 0.5000001
Target density achieved with mu=-2.341849618437853, n=0.5000001
Checking {alpha,beta} vs measured
Alpha not converged.
NOT CONVERGED; updating alpha, beta and continuing...
After sweep 1 energy=-9.185341  maxlinkdim=10 maxerr=9.00E-03 time=1.403
After sweep 2 energy=-16.930956  maxlinkdim=20 maxerr=8.18E-05 time=1.554
After sweep 3 energy=-17.266449  maxlinkdim=100 maxerr=3.97E-07 time=2.899
After sweep 4 energy=-17.272606  maxlinkdim=682 maxerr=1.00E-10 time=39.583
After sweep 5 energy=-17.272732  maxlinkdim=554 maxerr=3.44E-08 time=52.038
After sweep 6 energy=-17.272888  maxlinkdim=509 maxerr=5.19E-08 time=43.904
After sweep 7 energy=-17.272863  maxlinkdim=494 maxerr=3.60E-08 time=43.748
After sweep 8 energy=-17.27284  maxlinkdim=485 maxerr=2.83E-08 time=43.663
After sweep 9 energy=-17.27275  maxlinkdim=489 maxerr=3.58E-08 time=43.575
After sweep 10 energy=-17.272766  maxlinkdim=485 maxerr=3.37E-08 time=43.742
After sweep 11 energy=-17.272875  maxlinkdim=483 maxerr=2.33E-08 time=44.885
After sweep 12 energy=-17.272884  maxlinkdim=485 maxerr=8.70E-08 time=43.624
After sweep 13 energy=-17.272778  maxlinkdim=488 maxerr=4.27E-08 time=43.579
After sweep 14 energy=-17.272804  maxlinkdim=483 maxerr=2.25E-08 time=43.471
After sweep 15 energy=-17.272835  maxlinkdim=486 maxerr=1.68E-07 time=43.564
After sweep 16 energy=-17.272816  maxlinkdim=485 maxerr=4.20E-08 time=44.912
After sweep 17 energy=-17.272806  maxlinkdim=485 maxerr=5.99E-08 time=43.522
After sweep 18 energy=-17.272793  maxlinkdim=485 maxerr=2.36E-08 time=43.573
After sweep 19 energy=-17.272774  maxlinkdim=485 maxerr=1.68E-07 time=43.628
After sweep 20 energy=-17.272858  maxlinkdim=482 maxerr=3.21E-08 time=43.591
After sweep 21 energy=-17.272757  maxlinkdim=480 maxerr=5.17E-08 time=44.278
After sweep 22 energy=-17.272873  maxlinkdim=483 maxerr=3.36E-08 time=44.520
After sweep 23 energy=-17.272728  maxlinkdim=482 maxerr=2.71E-08 time=43.551
After sweep 24 energy=-17.27275  maxlinkdim=480 maxerr=3.10E-08 time=43.537
After sweep 25 energy=-17.272831  maxlinkdim=486 maxerr=1.87E-07 time=43.533
After sweep 26 energy=-17.272867  maxlinkdim=489 maxerr=2.72E-08 time=43.916
After sweep 27 energy=-17.272766  maxlinkdim=485 maxerr=2.33E-08 time=44.712
After sweep 28 energy=-17.272917  maxlinkdim=486 maxerr=6.10E-08 time=43.639
After sweep 29 energy=-17.272806  maxlinkdim=481 maxerr=3.67E-08 time=43.549
After sweep 30 energy=-17.272793  maxlinkdim=483 maxerr=1.57E-08 time=43.435
Not same mu, searching again
After sweep 1 energy=-9.0833845  maxlinkdim=10 maxerr=2.14E-03 time=1.423
After sweep 2 energy=-16.153679  maxlinkdim=20 maxerr=8.78E-05 time=1.547
After sweep 3 energy=-16.62211  maxlinkdim=100 maxerr=3.61E-07 time=2.899
After sweep 4 energy=-16.638706  maxlinkdim=669 maxerr=1.00E-10 time=37.150
After sweep 5 energy=-16.640274  maxlinkdim=539 maxerr=2.19E-08 time=48.447
After sweep 6 energy=-16.640522  maxlinkdim=549 maxerr=3.76E-08 time=40.300
After sweep 7 energy=-16.640495  maxlinkdim=498 maxerr=4.84E-08 time=41.860
After sweep 8 energy=-16.640581  maxlinkdim=476 maxerr=1.33E-07 time=41.316
After sweep 9 energy=-16.640566  maxlinkdim=469 maxerr=6.53E-08 time=41.003
After sweep 10 energy=-16.640438  maxlinkdim=472 maxerr=2.07E-08 time=41.320
After sweep 11 energy=-16.640553  maxlinkdim=471 maxerr=2.50E-08 time=42.248
After sweep 12 energy=-16.64057  maxlinkdim=471 maxerr=3.42E-08 time=40.988
After sweep 13 energy=-16.640598  maxlinkdim=471 maxerr=1.21E-07 time=41.053
After sweep 14 energy=-16.640518  maxlinkdim=476 maxerr=5.23E-08 time=41.102
After sweep 15 energy=-16.640532  maxlinkdim=472 maxerr=1.93E-08 time=40.874
After sweep 16 energy=-16.640532  maxlinkdim=471 maxerr=4.00E-08 time=41.798
After sweep 17 energy=-16.640549  maxlinkdim=471 maxerr=2.90E-08 time=41.885
After sweep 18 energy=-16.640596  maxlinkdim=471 maxerr=3.32E-08 time=41.020
After sweep 19 energy=-16.640556  maxlinkdim=472 maxerr=2.56E-08 time=41.020
After sweep 20 energy=-16.640541  maxlinkdim=470 maxerr=1.64E-08 time=41.080
After sweep 21 energy=-16.640654  maxlinkdim=470 maxerr=4.50E-08 time=40.956
After sweep 22 energy=-16.640598  maxlinkdim=470 maxerr=2.69E-08 time=42.555
After sweep 23 energy=-16.640545  maxlinkdim=473 maxerr=7.38E-08 time=40.898
After sweep 24 energy=-16.64059  maxlinkdim=470 maxerr=6.11E-08 time=41.152
After sweep 25 energy=-16.640572  maxlinkdim=470 maxerr=4.62E-08 time=40.947
After sweep 26 energy=-16.640572  maxlinkdim=474 maxerr=7.72E-08 time=40.956
After sweep 27 energy=-16.640547  maxlinkdim=470 maxerr=3.00E-08 time=41.132
After sweep 28 energy=-16.640434  maxlinkdim=470 maxerr=2.29E-08 time=42.239
After sweep 29 energy=-16.64059  maxlinkdim=471 maxerr=3.58E-08 time=40.966
After sweep 30 energy=-16.640495  maxlinkdim=472 maxerr=4.72E-08 time=40.989
n0: 0.48782066; n1: 0.5001833; mu0: -2.351849618437853; mu1: -2.341849618437853

Range found between mu0: -2.351849618437853 (n0: 0.48782066) and mu1: -2.341849618437853 (n1: 0.5001833); refining...
n0: 0.48782066; n1: 0.5001833; mu0: -2.351849618437853; mu1: -2.341849618437853
Trying secant step...
After sweep 1 energy=-8.687042  maxlinkdim=10 maxerr=1.14E-02 time=1.361
After sweep 2 energy=-16.908699  maxlinkdim=20 maxerr=1.07E-04 time=1.723
After sweep 3 energy=-17.256504  maxlinkdim=100 maxerr=4.69E-07 time=2.697
After sweep 4 energy=-17.262972  maxlinkdim=678 maxerr=1.00E-10 time=39.044
After sweep 5 energy=-17.263351  maxlinkdim=511 maxerr=2.52E-08 time=50.178
After sweep 6 energy=-17.26338  maxlinkdim=586 maxerr=5.65E-08 time=45.482
After sweep 7 energy=-17.263336  maxlinkdim=494 maxerr=4.09E-08 time=44.082
After sweep 8 energy=-17.26331  maxlinkdim=487 maxerr=1.04E-07 time=43.594
After sweep 9 energy=-17.263329  maxlinkdim=481 maxerr=3.69E-08 time=43.533
After sweep 10 energy=-17.263344  maxlinkdim=482 maxerr=7.17E-09 time=43.465
After sweep 11 energy=-17.263351  maxlinkdim=483 maxerr=8.49E-09 time=45.290
After sweep 12 energy=-17.263273  maxlinkdim=487 maxerr=9.65E-08 time=43.708
After sweep 13 energy=-17.263325  maxlinkdim=482 maxerr=2.00E-07 time=43.630
After sweep 14 energy=-17.26325  maxlinkdim=484 maxerr=4.48E-08 time=43.650
After sweep 15 energy=-17.263338  maxlinkdim=487 maxerr=5.23E-09 time=43.718
After sweep 16 energy=-17.26328  maxlinkdim=484 maxerr=3.65E-08 time=44.193
After sweep 17 energy=-17.263128  maxlinkdim=486 maxerr=4.33E-08 time=44.251
After sweep 18 energy=-17.263277  maxlinkdim=483 maxerr=3.98E-08 time=43.531
After sweep 19 energy=-17.263296  maxlinkdim=489 maxerr=2.86E-08 time=43.531
After sweep 20 energy=-17.26332  maxlinkdim=481 maxerr=3.45E-08 time=43.478
After sweep 21 energy=-17.26323  maxlinkdim=480 maxerr=4.20E-08 time=43.816
After sweep 22 energy=-17.263336  maxlinkdim=487 maxerr=2.16E-08 time=44.731
After sweep 23 energy=-17.263416  maxlinkdim=481 maxerr=3.80E-08 time=43.665
After sweep 24 energy=-17.263344  maxlinkdim=488 maxerr=6.01E-08 time=43.656
After sweep 25 energy=-17.263334  maxlinkdim=487 maxerr=6.84E-08 time=43.645
After sweep 26 energy=-17.263306  maxlinkdim=486 maxerr=4.61E-08 time=43.593
After sweep 27 energy=-17.26326  maxlinkdim=486 maxerr=3.97E-08 time=45.043
After sweep 28 energy=-17.26332  maxlinkdim=486 maxerr=7.91E-08 time=43.498
After sweep 29 energy=-17.26336  maxlinkdim=489 maxerr=5.44E-08 time=43.851
After sweep 30 energy=-17.263355  maxlinkdim=484 maxerr=6.68E-08 time=43.520
FOUND MU (secant); mu: -2.341997875155811  n: 0.5000024
Target density achieved with mu=-2.341997875155811, n=0.5000024
Checking {alpha,beta} vs measured
Alpha not converged.
NOT CONVERGED; updating alpha, beta and continuing...
After sweep 1 energy=-8.760979  maxlinkdim=10 maxerr=5.15E-03 time=1.362
After sweep 2 energy=-16.817905  maxlinkdim=20 maxerr=1.64E-04 time=1.784
After sweep 3 energy=-17.257706  maxlinkdim=100 maxerr=4.72E-07 time=2.706
After sweep 4 energy=-17.267921  maxlinkdim=695 maxerr=1.00E-10 time=39.158
After sweep 5 energy=-17.268461  maxlinkdim=535 maxerr=9.03E-08 time=51.311
After sweep 6 energy=-17.268597  maxlinkdim=552 maxerr=3.83E-08 time=44.460
After sweep 7 energy=-17.268433  maxlinkdim=495 maxerr=1.75E-08 time=44.507
After sweep 8 energy=-17.268494  maxlinkdim=491 maxerr=6.70E-08 time=43.855
After sweep 9 energy=-17.268524  maxlinkdim=491 maxerr=2.91E-08 time=43.704
After sweep 10 energy=-17.268417  maxlinkdim=481 maxerr=7.26E-08 time=44.206
After sweep 11 energy=-17.26846  maxlinkdim=486 maxerr=5.78E-08 time=44.338
After sweep 12 energy=-17.268475  maxlinkdim=484 maxerr=5.11E-08 time=43.683
After sweep 13 energy=-17.26844  maxlinkdim=482 maxerr=3.08E-08 time=43.564
After sweep 14 energy=-17.268429  maxlinkdim=491 maxerr=3.44E-08 time=43.716
After sweep 15 energy=-17.268402  maxlinkdim=484 maxerr=4.03E-08 time=44.063
After sweep 16 energy=-17.26852  maxlinkdim=485 maxerr=5.08E-08 time=44.860
After sweep 17 energy=-17.268497  maxlinkdim=481 maxerr=3.79E-08 time=43.731
After sweep 18 energy=-17.268444  maxlinkdim=482 maxerr=5.18E-08 time=43.667
After sweep 19 energy=-17.268444  maxlinkdim=483 maxerr=2.02E-07 time=43.635
After sweep 20 energy=-17.268396  maxlinkdim=485 maxerr=7.97E-08 time=43.699
After sweep 21 energy=-17.26849  maxlinkdim=481 maxerr=4.04E-08 time=45.036
After sweep 22 energy=-17.268463  maxlinkdim=485 maxerr=1.77E-08 time=43.865
After sweep 23 energy=-17.268513  maxlinkdim=486 maxerr=3.45E-08 time=43.680
After sweep 24 energy=-17.268488  maxlinkdim=485 maxerr=3.61E-08 time=43.639
After sweep 25 energy=-17.268463  maxlinkdim=484 maxerr=2.88E-08 time=43.656
After sweep 26 energy=-17.268454  maxlinkdim=488 maxerr=4.74E-08 time=44.383
After sweep 27 energy=-17.268478  maxlinkdim=490 maxerr=1.57E-07 time=44.654
After sweep 28 energy=-17.268509  maxlinkdim=491 maxerr=5.61E-08 time=43.656
After sweep 29 energy=-17.26849  maxlinkdim=487 maxerr=5.09E-08 time=43.713
After sweep 30 energy=-17.268442  maxlinkdim=488 maxerr=4.38E-08 time=43.691
Not same mu, searching again
After sweep 1 energy=-10.789885  maxlinkdim=10 maxerr=5.66E-03 time=1.367
After sweep 2 energy=-17.593576  maxlinkdim=20 maxerr=7.71E-05 time=1.707
After sweep 3 energy=-17.910141  maxlinkdim=100 maxerr=5.44E-07 time=2.788
After sweep 4 energy=-17.91595  maxlinkdim=713 maxerr=1.00E-10 time=40.079
After sweep 5 energy=-17.91624  maxlinkdim=578 maxerr=3.72E-08 time=56.538
After sweep 6 energy=-17.916172  maxlinkdim=587 maxerr=2.67E-08 time=46.824
After sweep 7 energy=-17.916313  maxlinkdim=496 maxerr=3.16E-08 time=46.993
After sweep 8 energy=-17.916206  maxlinkdim=502 maxerr=1.09E-07 time=45.940
After sweep 9 energy=-17.916222  maxlinkdim=494 maxerr=9.56E-08 time=46.598
After sweep 10 energy=-17.916204  maxlinkdim=498 maxerr=1.50E-08 time=46.485
After sweep 11 energy=-17.916115  maxlinkdim=497 maxerr=3.68E-08 time=45.975
After sweep 12 energy=-17.916294  maxlinkdim=498 maxerr=3.80E-08 time=45.995
After sweep 13 energy=-17.916231  maxlinkdim=497 maxerr=4.03E-08 time=45.883
After sweep 14 energy=-17.91607  maxlinkdim=497 maxerr=6.37E-08 time=47.129
After sweep 15 energy=-17.916225  maxlinkdim=507 maxerr=7.95E-08 time=45.921
After sweep 16 energy=-17.916191  maxlinkdim=503 maxerr=4.41E-08 time=45.883
After sweep 17 energy=-17.916264  maxlinkdim=500 maxerr=1.48E-07 time=45.930
After sweep 18 energy=-17.916195  maxlinkdim=496 maxerr=1.21E-07 time=45.772
After sweep 19 energy=-17.916182  maxlinkdim=496 maxerr=1.34E-07 time=47.480
After sweep 20 energy=-17.916023  maxlinkdim=495 maxerr=7.28E-08 time=45.951
After sweep 21 energy=-17.916183  maxlinkdim=500 maxerr=2.40E-08 time=45.893
After sweep 22 energy=-17.916138  maxlinkdim=499 maxerr=6.61E-08 time=45.839
After sweep 23 energy=-17.91615  maxlinkdim=501 maxerr=3.81E-08 time=45.760
After sweep 24 energy=-17.91622  maxlinkdim=499 maxerr=1.36E-07 time=46.875
After sweep 25 energy=-17.916012  maxlinkdim=496 maxerr=7.03E-08 time=46.431
After sweep 26 energy=-17.916206  maxlinkdim=503 maxerr=4.74E-08 time=45.727
After sweep 27 energy=-17.916153  maxlinkdim=503 maxerr=3.14E-08 time=45.807
After sweep 28 energy=-17.916212  maxlinkdim=504 maxerr=2.40E-08 time=45.912
After sweep 29 energy=-17.916307  maxlinkdim=501 maxerr=3.86E-08 time=46.872
After sweep 30 energy=-17.916122  maxlinkdim=495 maxerr=2.15E-08 time=46.391
n0: 0.4998433; n1: 0.51209897; mu0: -2.341997875155811; mu1: -2.3319978751558113

Range found between mu0: -2.341997875155811 (n0: 0.4998433) and mu1: -2.3319978751558113 (n1: 0.51209897); refining...
n0: 0.4998433; n1: 0.51209897; mu0: -2.341997875155811; mu1: -2.3319978751558113
Trying secant step...
After sweep 1 energy=-9.20106  maxlinkdim=10 maxerr=2.91E-03 time=1.467
After sweep 2 energy=-16.944715  maxlinkdim=20 maxerr=6.96E-05 time=1.508
After sweep 3 energy=-17.271055  maxlinkdim=100 maxerr=5.94E-07 time=2.856
After sweep 4 energy=-17.276405  maxlinkdim=673 maxerr=1.00E-10 time=38.724
After sweep 5 energy=-17.276594  maxlinkdim=555 maxerr=2.98E-08 time=49.795
After sweep 6 energy=-17.276722  maxlinkdim=509 maxerr=3.54E-08 time=43.776
After sweep 7 energy=-17.276638  maxlinkdim=500 maxerr=2.36E-08 time=45.515
After sweep 8 energy=-17.276669  maxlinkdim=488 maxerr=3.80E-08 time=44.537
After sweep 9 energy=-17.276722  maxlinkdim=487 maxerr=4.88E-08 time=43.827
After sweep 10 energy=-17.276646  maxlinkdim=487 maxerr=2.23E-08 time=43.630
After sweep 11 energy=-17.276628  maxlinkdim=488 maxerr=2.88E-08 time=43.617
After sweep 12 energy=-17.276669  maxlinkdim=483 maxerr=2.72E-08 time=44.110
After sweep 13 energy=-17.27655  maxlinkdim=484 maxerr=3.32E-08 time=44.797
After sweep 14 energy=-17.276623  maxlinkdim=482 maxerr=2.90E-08 time=45.203
After sweep 15 energy=-17.2766  maxlinkdim=489 maxerr=4.31E-08 time=43.643
After sweep 16 energy=-17.276684  maxlinkdim=485 maxerr=3.60E-08 time=43.663
After sweep 17 energy=-17.276619  maxlinkdim=484 maxerr=3.85E-08 time=43.711
After sweep 18 energy=-17.27662  maxlinkdim=493 maxerr=3.99E-08 time=45.067
After sweep 19 energy=-17.276733  maxlinkdim=492 maxerr=8.55E-08 time=43.809
After sweep 20 energy=-17.276619  maxlinkdim=484 maxerr=2.76E-07 time=43.762
After sweep 21 energy=-17.276636  maxlinkdim=483 maxerr=8.38E-08 time=43.612
After sweep 22 energy=-17.276693  maxlinkdim=486 maxerr=2.78E-08 time=43.646
After sweep 23 energy=-17.27666  maxlinkdim=487 maxerr=1.89E-08 time=45.119
After sweep 24 energy=-17.276684  maxlinkdim=484 maxerr=3.94E-08 time=43.737
After sweep 25 energy=-17.276604  maxlinkdim=485 maxerr=3.10E-08 time=43.675
After sweep 26 energy=-17.276642  maxlinkdim=482 maxerr=3.75E-08 time=43.545
After sweep 27 energy=-17.276718  maxlinkdim=486 maxerr=2.90E-08 time=43.637
After sweep 28 energy=-17.276642  maxlinkdim=483 maxerr=5.51E-08 time=44.144
After sweep 29 energy=-17.276688  maxlinkdim=486 maxerr=3.15E-08 time=44.672
After sweep 30 energy=-17.276594  maxlinkdim=479 maxerr=4.07E-08 time=43.555
FOUND MU (secant); mu: -2.341870015456177  n: 0.4999993
Target density achieved with mu=-2.341870015456177, n=0.4999993
Checking {alpha,beta} vs measured
Alpha not converged.
NOT CONVERGED; updating alpha, beta and continuing...
After sweep 1 energy=-7.8391757  maxlinkdim=10 maxerr=4.22E-03 time=1.384
After sweep 2 energy=-16.750065  maxlinkdim=20 maxerr=7.81E-05 time=1.565
After sweep 3 energy=-17.25219  maxlinkdim=100 maxerr=4.09E-07 time=2.909
After sweep 4 energy=-17.270306  maxlinkdim=683 maxerr=1.00E-10 time=38.024
After sweep 5 energy=-17.272133  maxlinkdim=511 maxerr=1.99E-08 time=47.556
After sweep 6 energy=-17.272366  maxlinkdim=530 maxerr=3.12E-08 time=42.496
After sweep 7 energy=-17.272305  maxlinkdim=517 maxerr=2.84E-08 time=45.364
After sweep 8 energy=-17.272327  maxlinkdim=489 maxerr=7.32E-08 time=44.530
After sweep 9 energy=-17.272305  maxlinkdim=483 maxerr=2.75E-08 time=43.761
After sweep 10 energy=-17.272346  maxlinkdim=483 maxerr=1.08E-07 time=43.720
After sweep 11 energy=-17.272226  maxlinkdim=485 maxerr=1.96E-08 time=43.588
After sweep 12 energy=-17.272266  maxlinkdim=482 maxerr=1.16E-07 time=44.865
After sweep 13 energy=-17.272356  maxlinkdim=489 maxerr=5.20E-08 time=43.545
After sweep 14 energy=-17.27236  maxlinkdim=487 maxerr=4.78E-08 time=43.628
After sweep 15 energy=-17.272322  maxlinkdim=487 maxerr=1.86E-08 time=43.684
After sweep 16 energy=-17.272282  maxlinkdim=480 maxerr=7.19E-08 time=43.647
After sweep 17 energy=-17.272432  maxlinkdim=487 maxerr=3.18E-08 time=44.941
After sweep 18 energy=-17.272247  maxlinkdim=486 maxerr=3.77E-08 time=43.593
After sweep 19 energy=-17.272316  maxlinkdim=483 maxerr=9.02E-08 time=43.638
After sweep 20 energy=-17.27227  maxlinkdim=487 maxerr=7.15E-08 time=43.541
After sweep 21 energy=-17.272282  maxlinkdim=481 maxerr=7.07E-09 time=43.625
After sweep 22 energy=-17.272346  maxlinkdim=483 maxerr=1.14E-07 time=44.138
After sweep 23 energy=-17.272303  maxlinkdim=484 maxerr=6.15E-08 time=44.460
After sweep 24 energy=-17.272314  maxlinkdim=485 maxerr=3.37E-08 time=43.515
After sweep 25 energy=-17.27232  maxlinkdim=485 maxerr=7.92E-08 time=43.576
After sweep 26 energy=-17.272318  maxlinkdim=481 maxerr=3.68E-08 time=43.663
After sweep 27 energy=-17.272316  maxlinkdim=490 maxerr=4.44E-08 time=43.825
After sweep 28 energy=-17.272356  maxlinkdim=481 maxerr=6.83E-08 time=44.909
After sweep 29 energy=-17.272379  maxlinkdim=484 maxerr=5.51E-08 time=43.669
After sweep 30 energy=-17.272322  maxlinkdim=483 maxerr=8.55E-08 time=43.721
Not same mu, searching again
After sweep 1 energy=-8.903125  maxlinkdim=10 maxerr=5.96E-03 time=1.309
After sweep 2 energy=-16.292736  maxlinkdim=20 maxerr=7.06E-05 time=1.676
After sweep 3 energy=-16.633879  maxlinkdim=100 maxerr=4.16E-07 time=2.831
After sweep 4 energy=-16.639957  maxlinkdim=674 maxerr=1.00E-10 time=37.187
After sweep 5 energy=-16.64013  maxlinkdim=510 maxerr=3.48E-08 time=46.212
After sweep 6 energy=-16.640078  maxlinkdim=541 maxerr=1.46E-08 time=42.588
After sweep 7 energy=-16.640152  maxlinkdim=470 maxerr=1.54E-08 time=41.730
After sweep 8 energy=-16.640108  maxlinkdim=472 maxerr=4.01E-08 time=41.069
After sweep 9 energy=-16.640099  maxlinkdim=475 maxerr=2.35E-08 time=41.014
After sweep 10 energy=-16.640112  maxlinkdim=470 maxerr=3.24E-08 time=41.150
After sweep 11 energy=-16.640072  maxlinkdim=473 maxerr=2.29E-08 time=41.698
After sweep 12 energy=-16.640064  maxlinkdim=472 maxerr=2.01E-08 time=42.050
After sweep 13 energy=-16.64009  maxlinkdim=476 maxerr=3.54E-08 time=41.105
After sweep 14 energy=-16.640135  maxlinkdim=473 maxerr=4.27E-08 time=41.068
After sweep 15 energy=-16.640154  maxlinkdim=472 maxerr=3.12E-08 time=41.054
After sweep 16 energy=-16.64016  maxlinkdim=466 maxerr=6.15E-08 time=41.183
After sweep 17 energy=-16.640146  maxlinkdim=475 maxerr=5.34E-08 time=42.588
After sweep 18 energy=-16.640059  maxlinkdim=476 maxerr=2.95E-08 time=41.159
After sweep 19 energy=-16.640142  maxlinkdim=470 maxerr=4.58E-08 time=41.061
After sweep 20 energy=-16.64009  maxlinkdim=471 maxerr=1.49E-08 time=41.068
After sweep 21 energy=-16.640076  maxlinkdim=471 maxerr=5.96E-08 time=41.166
After sweep 22 energy=-16.64011  maxlinkdim=471 maxerr=5.72E-08 time=41.126
After sweep 23 energy=-16.640095  maxlinkdim=474 maxerr=3.28E-08 time=42.396
After sweep 24 energy=-16.640125  maxlinkdim=473 maxerr=3.93E-08 time=40.957
After sweep 25 energy=-16.640135  maxlinkdim=473 maxerr=1.77E-08 time=41.035
After sweep 26 energy=-16.640152  maxlinkdim=480 maxerr=3.18E-08 time=40.941
After sweep 27 energy=-16.640102  maxlinkdim=473 maxerr=1.93E-08 time=41.184
After sweep 28 energy=-16.640139  maxlinkdim=472 maxerr=3.68E-08 time=41.491
After sweep 29 energy=-16.640137  maxlinkdim=475 maxerr=1.23E-08 time=42.083
After sweep 30 energy=-16.640144  maxlinkdim=473 maxerr=1.52E-08 time=41.014
n0: 0.48777607; n1: 0.5001371; mu0: -2.3518700154561767; mu1: -2.341870015456177

Range found between mu0: -2.3518700154561767 (n0: 0.48777607) and mu1: -2.341870015456177 (n1: 0.5001371); refining...
n0: 0.48777607; n1: 0.5001371; mu0: -2.3518700154561767; mu1: -2.341870015456177
Trying secant step...
After sweep 1 energy=-8.460117  maxlinkdim=10 maxerr=7.08E-03 time=1.362
After sweep 2 energy=-16.906805  maxlinkdim=20 maxerr=1.13E-04 time=1.731
After sweep 3 energy=-17.26113  maxlinkdim=100 maxerr=3.97E-07 time=2.761
After sweep 4 energy=-17.265265  maxlinkdim=695 maxerr=1.00E-10 time=39.988
After sweep 5 energy=-17.26527  maxlinkdim=552 maxerr=4.44E-08 time=51.854
After sweep 6 energy=-17.265213  maxlinkdim=485 maxerr=5.45E-08 time=44.632
After sweep 7 energy=-17.26514  maxlinkdim=481 maxerr=1.64E-08 time=44.759
After sweep 8 energy=-17.265213  maxlinkdim=481 maxerr=5.07E-08 time=43.600
After sweep 9 energy=-17.265255  maxlinkdim=496 maxerr=1.00E-10 time=43.504
After sweep 10 energy=-17.265163  maxlinkdim=483 maxerr=4.09E-08 time=43.578
After sweep 11 energy=-17.265295  maxlinkdim=483 maxerr=3.98E-08 time=43.513
After sweep 12 energy=-17.265224  maxlinkdim=483 maxerr=4.31E-08 time=44.920
After sweep 13 energy=-17.26527  maxlinkdim=486 maxerr=3.52E-08 time=43.627
After sweep 14 energy=-17.265247  maxlinkdim=482 maxerr=3.18E-08 time=43.602
After sweep 15 energy=-17.265152  maxlinkdim=489 maxerr=2.09E-08 time=43.519
After sweep 16 energy=-17.26521  maxlinkdim=487 maxerr=5.63E-08 time=43.632
After sweep 17 energy=-17.265215  maxlinkdim=483 maxerr=5.01E-08 time=44.348
After sweep 18 energy=-17.2651  maxlinkdim=488 maxerr=1.81E-08 time=44.436
After sweep 19 energy=-17.26515  maxlinkdim=481 maxerr=4.90E-08 time=43.468
After sweep 20 energy=-17.265207  maxlinkdim=481 maxerr=2.15E-08 time=43.371
After sweep 21 energy=-17.265251  maxlinkdim=485 maxerr=4.61E-08 time=43.493
After sweep 22 energy=-17.265118  maxlinkdim=485 maxerr=4.36E-08 time=43.937
After sweep 23 energy=-17.265192  maxlinkdim=481 maxerr=3.58E-08 time=44.692
After sweep 24 energy=-17.265194  maxlinkdim=483 maxerr=4.06E-08 time=43.531
After sweep 25 energy=-17.26525  maxlinkdim=485 maxerr=2.12E-08 time=43.546
After sweep 26 energy=-17.26525  maxlinkdim=484 maxerr=1.80E-07 time=43.549
After sweep 27 energy=-17.265198  maxlinkdim=491 maxerr=4.64E-08 time=43.556
After sweep 28 energy=-17.265228  maxlinkdim=486 maxerr=1.13E-07 time=44.892
After sweep 29 energy=-17.265266  maxlinkdim=478 maxerr=8.71E-08 time=43.677
After sweep 30 energy=-17.26514  maxlinkdim=484 maxerr=3.49E-08 time=43.528
FOUND MU (secant); mu: -2.3419809210971754  n: 0.5000002
Target density achieved with mu=-2.3419809210971754, n=0.5000002
Checking {alpha,beta} vs measured
Alpha not converged.
NOT CONVERGED; updating alpha, beta and continuing...
After sweep 1 energy=-9.157878  maxlinkdim=10 maxerr=1.05E-02 time=1.355
After sweep 2 energy=-16.965887  maxlinkdim=20 maxerr=7.70E-05 time=1.766
After sweep 3 energy=-17.263882  maxlinkdim=100 maxerr=5.10E-07 time=2.673
After sweep 4 energy=-17.268734  maxlinkdim=688 maxerr=1.00E-10 time=39.311
After sweep 5 energy=-17.269032  maxlinkdim=591 maxerr=6.84E-08 time=51.296
After sweep 6 energy=-17.268944  maxlinkdim=512 maxerr=3.95E-08 time=45.195
After sweep 7 energy=-17.26894  maxlinkdim=479 maxerr=6.86E-08 time=43.941
After sweep 8 energy=-17.26885  maxlinkdim=489 maxerr=4.12E-08 time=43.699
After sweep 9 energy=-17.268929  maxlinkdim=483 maxerr=3.74E-08 time=43.571
After sweep 10 energy=-17.268932  maxlinkdim=483 maxerr=1.05E-07 time=43.636
After sweep 11 energy=-17.268991  maxlinkdim=486 maxerr=5.12E-08 time=45.062
After sweep 12 energy=-17.268957  maxlinkdim=486 maxerr=3.91E-08 time=43.729
After sweep 13 energy=-17.268845  maxlinkdim=490 maxerr=1.69E-08 time=43.655
After sweep 14 energy=-17.26889  maxlinkdim=483 maxerr=4.77E-08 time=43.648
After sweep 15 energy=-17.26894  maxlinkdim=482 maxerr=1.22E-08 time=43.564
After sweep 16 energy=-17.268925  maxlinkdim=482 maxerr=4.75E-08 time=44.333
After sweep 17 energy=-17.268888  maxlinkdim=484 maxerr=3.67E-08 time=44.380
After sweep 18 energy=-17.269028  maxlinkdim=483 maxerr=2.47E-08 time=43.720
After sweep 19 energy=-17.268894  maxlinkdim=486 maxerr=2.65E-08 time=43.593
After sweep 20 energy=-17.268965  maxlinkdim=484 maxerr=5.05E-08 time=43.751
After sweep 21 energy=-17.268929  maxlinkdim=487 maxerr=2.91E-08 time=43.911
After sweep 22 energy=-17.269012  maxlinkdim=485 maxerr=1.97E-08 time=44.663
After sweep 23 energy=-17.26893  maxlinkdim=488 maxerr=1.24E-07 time=43.688
After sweep 24 energy=-17.268871  maxlinkdim=487 maxerr=2.64E-08 time=43.621
After sweep 25 energy=-17.268974  maxlinkdim=483 maxerr=3.16E-08 time=43.597
After sweep 26 energy=-17.268871  maxlinkdim=484 maxerr=2.15E-08 time=43.588
After sweep 27 energy=-17.268986  maxlinkdim=488 maxerr=3.67E-08 time=45.003
After sweep 28 energy=-17.268951  maxlinkdim=492 maxerr=2.46E-08 time=43.675
After sweep 29 energy=-17.268871  maxlinkdim=486 maxerr=2.81E-08 time=43.549
After sweep 30 energy=-17.269005  maxlinkdim=485 maxerr=5.04E-08 time=43.618
Not same mu, searching again
After sweep 1 energy=-10.364457  maxlinkdim=10 maxerr=4.36E-03 time=1.363
After sweep 2 energy=-17.648804  maxlinkdim=20 maxerr=1.19E-04 time=1.791
After sweep 3 energy=-17.913757  maxlinkdim=100 maxerr=4.23E-07 time=2.694
After sweep 4 energy=-17.916573  maxlinkdim=697 maxerr=1.00E-10 time=41.250
After sweep 5 energy=-17.916594  maxlinkdim=579 maxerr=4.69E-08 time=58.113
After sweep 6 energy=-17.916681  maxlinkdim=507 maxerr=1.39E-07 time=50.680
After sweep 7 energy=-17.91669  maxlinkdim=495 maxerr=2.64E-08 time=45.976
After sweep 8 energy=-17.916697  maxlinkdim=497 maxerr=3.18E-08 time=45.838
After sweep 9 energy=-17.916727  maxlinkdim=494 maxerr=1.57E-07 time=46.000
After sweep 10 energy=-17.916637  maxlinkdim=500 maxerr=1.66E-08 time=47.121
After sweep 11 energy=-17.916683  maxlinkdim=501 maxerr=4.80E-08 time=45.813
After sweep 12 energy=-17.916712  maxlinkdim=500 maxerr=1.65E-07 time=45.749
After sweep 13 energy=-17.916708  maxlinkdim=502 maxerr=3.49E-08 time=45.873
After sweep 14 energy=-17.9167  maxlinkdim=500 maxerr=4.99E-08 time=46.053
After sweep 15 energy=-17.916744  maxlinkdim=503 maxerr=4.17E-08 time=47.124
After sweep 16 energy=-17.916584  maxlinkdim=501 maxerr=9.40E-08 time=45.918
After sweep 17 energy=-17.916622  maxlinkdim=508 maxerr=3.23E-08 time=45.978
After sweep 18 energy=-17.916618  maxlinkdim=504 maxerr=3.45E-08 time=45.885
After sweep 19 energy=-17.916712  maxlinkdim=510 maxerr=3.40E-08 time=46.008
After sweep 20 energy=-17.916584  maxlinkdim=502 maxerr=2.41E-08 time=47.269
After sweep 21 energy=-17.916674  maxlinkdim=507 maxerr=3.44E-08 time=45.868
After sweep 22 energy=-17.916702  maxlinkdim=496 maxerr=3.31E-08 time=45.752
After sweep 23 energy=-17.91671  maxlinkdim=502 maxerr=3.13E-08 time=45.797
After sweep 24 energy=-17.916725  maxlinkdim=497 maxerr=5.77E-08 time=45.930
After sweep 25 energy=-17.916721  maxlinkdim=497 maxerr=1.44E-08 time=46.958
After sweep 26 energy=-17.916662  maxlinkdim=507 maxerr=1.78E-08 time=45.764
After sweep 27 energy=-17.916721  maxlinkdim=492 maxerr=3.57E-08 time=45.712
After sweep 28 energy=-17.916615  maxlinkdim=496 maxerr=7.32E-08 time=45.713
After sweep 29 energy=-17.916637  maxlinkdim=499 maxerr=7.33E-08 time=46.032
After sweep 30 energy=-17.91673  maxlinkdim=496 maxerr=3.08E-08 time=47.146
n0: 0.4998846; n1: 0.51214206; mu0: -2.3419809210971754; mu1: -2.3319809210971756

Range found between mu0: -2.3419809210971754 (n0: 0.4998846) and mu1: -2.3319809210971756 (n1: 0.51214206); refining...
n0: 0.4998846; n1: 0.51214206; mu0: -2.3419809210971754; mu1: -2.3319809210971756
Trying secant step...
After sweep 1 energy=-8.166803  maxlinkdim=10 maxerr=3.23E-03 time=1.337
After sweep 2 energy=-16.697039  maxlinkdim=20 maxerr=7.98E-05 time=1.652
After sweep 3 energy=-17.251451  maxlinkdim=100 maxerr=4.51E-07 time=2.831
After sweep 4 energy=-17.272741  maxlinkdim=699 maxerr=1.00E-10 time=38.315
After sweep 5 energy=-17.27474  maxlinkdim=517 maxerr=2.22E-07 time=48.757
After sweep 6 energy=-17.275036  maxlinkdim=592 maxerr=1.75E-08 time=42.364
After sweep 7 energy=-17.274967  maxlinkdim=533 maxerr=2.52E-08 time=43.851
After sweep 8 energy=-17.275043  maxlinkdim=494 maxerr=3.09E-08 time=45.468
After sweep 9 energy=-17.274948  maxlinkdim=483 maxerr=4.17E-08 time=43.740
After sweep 10 energy=-17.274912  maxlinkdim=486 maxerr=5.34E-08 time=43.713
After sweep 11 energy=-17.275085  maxlinkdim=489 maxerr=2.50E-08 time=43.664
After sweep 12 energy=-17.275017  maxlinkdim=481 maxerr=2.66E-08 time=43.663
After sweep 13 energy=-17.274965  maxlinkdim=485 maxerr=3.58E-08 time=45.016
After sweep 14 energy=-17.274946  maxlinkdim=483 maxerr=1.93E-08 time=43.556
After sweep 15 energy=-17.274977  maxlinkdim=485 maxerr=1.26E-08 time=43.680
After sweep 16 energy=-17.27493  maxlinkdim=491 maxerr=2.85E-08 time=43.733
After sweep 17 energy=-17.275045  maxlinkdim=486 maxerr=1.62E-07 time=43.712
After sweep 18 energy=-17.274998  maxlinkdim=485 maxerr=1.88E-08 time=44.282
After sweep 19 energy=-17.274923  maxlinkdim=487 maxerr=3.51E-08 time=44.407
After sweep 20 energy=-17.27501  maxlinkdim=486 maxerr=5.71E-08 time=43.699
After sweep 21 energy=-17.275013  maxlinkdim=486 maxerr=2.27E-08 time=43.692
After sweep 22 energy=-17.274954  maxlinkdim=485 maxerr=4.36E-08 time=43.715
After sweep 23 energy=-17.27495  maxlinkdim=485 maxerr=6.70E-09 time=44.133
After sweep 24 energy=-17.27494  maxlinkdim=483 maxerr=9.55E-08 time=44.859
After sweep 25 energy=-17.274977  maxlinkdim=486 maxerr=4.18E-08 time=43.713
After sweep 26 energy=-17.27494  maxlinkdim=487 maxerr=3.31E-08 time=43.659
After sweep 27 energy=-17.27493  maxlinkdim=485 maxerr=2.21E-08 time=43.654
After sweep 28 energy=-17.274849  maxlinkdim=488 maxerr=4.58E-08 time=43.603
After sweep 29 energy=-17.27489  maxlinkdim=486 maxerr=3.84E-08 time=44.967
After sweep 30 energy=-17.274807  maxlinkdim=487 maxerr=3.91E-08 time=43.575
FOUND MU (secant); mu: -2.3418867787360305  n: 0.49999887
Target density achieved with mu=-2.3418867787360305, n=0.49999887
Checking {alpha,beta} vs measured
Alpha not converged.
NOT CONVERGED; updating alpha, beta and continuing...
After sweep 1 energy=-8.634732  maxlinkdim=10 maxerr=3.28E-03 time=1.324
After sweep 2 energy=-16.672468  maxlinkdim=20 maxerr=8.56E-05 time=1.640
After sweep 3 energy=-17.25096  maxlinkdim=100 maxerr=3.65E-07 time=2.807
After sweep 4 energy=-17.26955  maxlinkdim=711 maxerr=1.00E-10 time=36.073
After sweep 5 energy=-17.271465  maxlinkdim=577 maxerr=4.83E-08 time=42.907
After sweep 6 energy=-17.271763  maxlinkdim=574 maxerr=4.99E-08 time=38.317
After sweep 7 energy=-17.271738  maxlinkdim=559 maxerr=2.01E-07 time=44.139
After sweep 8 energy=-17.271832  maxlinkdim=490 maxerr=7.60E-08 time=45.171
After sweep 9 energy=-17.271828  maxlinkdim=485 maxerr=4.40E-08 time=43.626
After sweep 10 energy=-17.271818  maxlinkdim=483 maxerr=2.06E-08 time=43.559
After sweep 11 energy=-17.271778  maxlinkdim=481 maxerr=3.98E-08 time=43.606
After sweep 12 energy=-17.271835  maxlinkdim=485 maxerr=9.54E-08 time=43.832
After sweep 13 energy=-17.271843  maxlinkdim=489 maxerr=2.87E-08 time=44.747
After sweep 14 energy=-17.271744  maxlinkdim=483 maxerr=4.57E-08 time=43.480
After sweep 15 energy=-17.271914  maxlinkdim=491 maxerr=2.42E-07 time=43.621
After sweep 16 energy=-17.271805  maxlinkdim=481 maxerr=1.96E-08 time=43.625
After sweep 17 energy=-17.271778  maxlinkdim=491 maxerr=7.36E-08 time=43.616
After sweep 18 energy=-17.271849  maxlinkdim=482 maxerr=6.32E-08 time=44.977
After sweep 19 energy=-17.271797  maxlinkdim=485 maxerr=9.95E-08 time=43.673
After sweep 20 energy=-17.271782  maxlinkdim=483 maxerr=4.32E-08 time=43.640
After sweep 21 energy=-17.27183  maxlinkdim=481 maxerr=8.00E-09 time=43.584
After sweep 22 energy=-17.271746  maxlinkdim=490 maxerr=1.53E-07 time=43.671
After sweep 23 energy=-17.271822  maxlinkdim=484 maxerr=2.84E-08 time=44.528
After sweep 24 energy=-17.271774  maxlinkdim=492 maxerr=1.58E-07 time=44.224
After sweep 25 energy=-17.271866  maxlinkdim=480 maxerr=9.89E-08 time=43.638
After sweep 26 energy=-17.271858  maxlinkdim=482 maxerr=4.42E-08 time=43.599
After sweep 27 energy=-17.271713  maxlinkdim=480 maxerr=2.30E-08 time=43.586
After sweep 28 energy=-17.271706  maxlinkdim=488 maxerr=3.24E-08 time=43.877
After sweep 29 energy=-17.271696  maxlinkdim=483 maxerr=8.28E-08 time=44.594
After sweep 30 energy=-17.271774  maxlinkdim=493 maxerr=5.59E-08 time=43.638
Not same mu, searching again
After sweep 1 energy=-9.291238  maxlinkdim=10 maxerr=2.09E-03 time=1.348
After sweep 2 energy=-16.06252  maxlinkdim=20 maxerr=8.13E-05 time=1.743
After sweep 3 energy=-16.61974  maxlinkdim=100 maxerr=6.44E-07 time=2.713
After sweep 4 energy=-16.637733  maxlinkdim=664 maxerr=1.00E-10 time=36.033
After sweep 5 energy=-16.639496  maxlinkdim=515 maxerr=1.40E-08 time=44.259
After sweep 6 energy=-16.639637  maxlinkdim=551 maxerr=5.64E-08 time=39.336
After sweep 7 energy=-16.63964  maxlinkdim=501 maxerr=2.36E-08 time=43.651
After sweep 8 energy=-16.639658  maxlinkdim=472 maxerr=3.15E-08 time=41.310
After sweep 9 energy=-16.639702  maxlinkdim=472 maxerr=3.71E-08 time=41.024
After sweep 10 energy=-16.639683  maxlinkdim=476 maxerr=3.27E-08 time=41.034
After sweep 11 energy=-16.639563  maxlinkdim=471 maxerr=3.45E-08 time=41.102
After sweep 12 energy=-16.639626  maxlinkdim=474 maxerr=2.88E-08 time=41.416
After sweep 13 energy=-16.639624  maxlinkdim=475 maxerr=9.21E-09 time=42.373
After sweep 14 energy=-16.639551  maxlinkdim=471 maxerr=3.99E-08 time=41.064
After sweep 15 energy=-16.639626  maxlinkdim=471 maxerr=4.71E-08 time=41.120
After sweep 16 energy=-16.639503  maxlinkdim=472 maxerr=2.96E-08 time=41.119
After sweep 17 energy=-16.63967  maxlinkdim=471 maxerr=2.27E-08 time=41.021
After sweep 18 energy=-16.639744  maxlinkdim=477 maxerr=2.51E-08 time=41.643
After sweep 19 energy=-16.63963  maxlinkdim=471 maxerr=3.84E-08 time=42.009
After sweep 20 energy=-16.639559  maxlinkdim=469 maxerr=5.63E-08 time=41.157
After sweep 21 energy=-16.639742  maxlinkdim=469 maxerr=1.84E-07 time=41.051
After sweep 22 energy=-16.639612  maxlinkdim=470 maxerr=1.56E-08 time=41.004
After sweep 23 energy=-16.639713  maxlinkdim=471 maxerr=7.67E-08 time=41.124
After sweep 24 energy=-16.63969  maxlinkdim=472 maxerr=2.72E-08 time=42.520
After sweep 25 energy=-16.639551  maxlinkdim=470 maxerr=7.43E-08 time=40.756
After sweep 26 energy=-16.639553  maxlinkdim=474 maxerr=1.04E-08 time=41.080
After sweep 27 energy=-16.63963  maxlinkdim=469 maxerr=4.29E-08 time=40.966
After sweep 28 energy=-16.639555  maxlinkdim=472 maxerr=3.38E-08 time=41.005
After sweep 29 energy=-16.639647  maxlinkdim=470 maxerr=5.11E-08 time=41.081
After sweep 30 energy=-16.639662  maxlinkdim=474 maxerr=4.72E-08 time=42.463
n0: 0.48773926; n1: 0.50010026; mu0: -2.3518867787360302; mu1: -2.3418867787360305

Range found between mu0: -2.3518867787360302 (n0: 0.48773926) and mu1: -2.3418867787360305 (n1: 0.50010026); refining...
n0: 0.48773926; n1: 0.50010026; mu0: -2.3518867787360302; mu1: -2.3418867787360305
Trying secant step...
After sweep 1 energy=-9.878459  maxlinkdim=10 maxerr=3.84E-03 time=1.352
After sweep 2 energy=-16.909801  maxlinkdim=20 maxerr=7.36E-05 time=1.701
After sweep 3 energy=-17.25991  maxlinkdim=100 maxerr=4.21E-07 time=2.789
After sweep 4 energy=-17.26626  maxlinkdim=691 maxerr=1.00E-10 time=39.176
After sweep 5 energy=-17.266663  maxlinkdim=546 maxerr=7.66E-08 time=51.657
After sweep 6 energy=-17.26661  maxlinkdim=581 maxerr=3.28E-08 time=44.071
After sweep 7 energy=-17.266594  maxlinkdim=486 maxerr=2.20E-08 time=43.971
After sweep 8 energy=-17.266571  maxlinkdim=487 maxerr=5.67E-08 time=45.031
After sweep 9 energy=-17.266594  maxlinkdim=485 maxerr=3.37E-08 time=43.599
After sweep 10 energy=-17.266617  maxlinkdim=485 maxerr=4.41E-08 time=43.557
After sweep 11 energy=-17.266582  maxlinkdim=478 maxerr=3.93E-08 time=43.557
After sweep 12 energy=-17.266577  maxlinkdim=488 maxerr=3.22E-08 time=43.613
After sweep 13 energy=-17.266653  maxlinkdim=483 maxerr=3.95E-08 time=44.326
After sweep 14 energy=-17.266613  maxlinkdim=485 maxerr=5.74E-08 time=44.218
After sweep 15 energy=-17.266592  maxlinkdim=488 maxerr=1.84E-08 time=43.609
After sweep 16 energy=-17.266552  maxlinkdim=483 maxerr=8.56E-08 time=43.598
After sweep 17 energy=-17.266577  maxlinkdim=488 maxerr=4.47E-08 time=43.635
After sweep 18 energy=-17.266626  maxlinkdim=484 maxerr=2.34E-08 time=43.885
After sweep 19 energy=-17.266602  maxlinkdim=482 maxerr=1.39E-07 time=44.516
After sweep 20 energy=-17.266575  maxlinkdim=487 maxerr=4.33E-08 time=43.559
After sweep 21 energy=-17.266582  maxlinkdim=480 maxerr=4.98E-08 time=43.511
After sweep 22 energy=-17.266638  maxlinkdim=487 maxerr=1.00E-10 time=43.610
After sweep 23 energy=-17.266516  maxlinkdim=481 maxerr=1.25E-07 time=43.680
After sweep 24 energy=-17.26656  maxlinkdim=488 maxerr=4.10E-08 time=45.002
After sweep 25 energy=-17.266636  maxlinkdim=492 maxerr=2.89E-08 time=43.579
After sweep 26 energy=-17.266556  maxlinkdim=483 maxerr=7.69E-08 time=43.595
After sweep 27 energy=-17.266567  maxlinkdim=482 maxerr=2.70E-08 time=43.615
After sweep 28 energy=-17.26659  maxlinkdim=483 maxerr=4.18E-08 time=43.629
After sweep 29 energy=-17.266632  maxlinkdim=485 maxerr=5.22E-08 time=44.852
After sweep 30 energy=-17.266582  maxlinkdim=490 maxerr=3.41E-08 time=43.579
FOUND MU (secant); mu: -2.341967884709037  n: 0.50000054
Target density achieved with mu=-2.341967884709037, n=0.50000054
Checking {alpha,beta} vs measured
Alpha not converged.
NOT CONVERGED; updating alpha, beta and continuing...
After sweep 1 energy=-9.814157  maxlinkdim=10 maxerr=3.35E-03 time=1.367
After sweep 2 energy=-16.931654  maxlinkdim=20 maxerr=8.22E-05 time=1.683
After sweep 3 energy=-17.26285  maxlinkdim=100 maxerr=3.81E-07 time=2.837
After sweep 4 energy=-17.269028  maxlinkdim=695 maxerr=1.00E-10 time=39.288
After sweep 5 energy=-17.269165  maxlinkdim=570 maxerr=1.19E-08 time=50.878
After sweep 6 energy=-17.269371  maxlinkdim=561 maxerr=1.09E-08 time=43.329
After sweep 7 energy=-17.269255  maxlinkdim=489 maxerr=2.95E-08 time=44.787
After sweep 8 energy=-17.269236  maxlinkdim=484 maxerr=4.54E-08 time=46.459
After sweep 9 energy=-17.269228  maxlinkdim=485 maxerr=4.54E-08 time=43.641
After sweep 10 energy=-17.269274  maxlinkdim=480 maxerr=5.42E-08 time=43.543
After sweep 11 energy=-17.269268  maxlinkdim=484 maxerr=4.47E-08 time=43.656
After sweep 12 energy=-17.269375  maxlinkdim=487 maxerr=2.18E-08 time=43.951
After sweep 13 energy=-17.269285  maxlinkdim=489 maxerr=5.80E-08 time=44.947
After sweep 14 energy=-17.269293  maxlinkdim=485 maxerr=2.50E-08 time=43.575
After sweep 15 energy=-17.269253  maxlinkdim=488 maxerr=1.09E-08 time=43.677
After sweep 16 energy=-17.269196  maxlinkdim=482 maxerr=2.86E-08 time=43.653
After sweep 17 energy=-17.26926  maxlinkdim=483 maxerr=1.30E-07 time=43.607
After sweep 18 energy=-17.269314  maxlinkdim=483 maxerr=5.55E-08 time=44.937
After sweep 19 energy=-17.269316  maxlinkdim=486 maxerr=2.77E-08 time=43.683
After sweep 20 energy=-17.269241  maxlinkdim=482 maxerr=2.63E-08 time=43.560
After sweep 21 energy=-17.269337  maxlinkdim=488 maxerr=4.01E-08 time=43.782
After sweep 22 energy=-17.269213  maxlinkdim=484 maxerr=2.88E-08 time=43.635
After sweep 23 energy=-17.26926  maxlinkdim=485 maxerr=2.56E-08 time=44.508
After sweep 24 energy=-17.269176  maxlinkdim=481 maxerr=2.72E-08 time=44.141
After sweep 25 energy=-17.26926  maxlinkdim=487 maxerr=2.51E-08 time=43.711
After sweep 26 energy=-17.269146  maxlinkdim=492 maxerr=6.94E-08 time=43.699
After sweep 27 energy=-17.269306  maxlinkdim=484 maxerr=3.48E-08 time=43.702
After sweep 28 energy=-17.269402  maxlinkdim=490 maxerr=4.22E-08 time=44.112
After sweep 29 energy=-17.269321  maxlinkdim=487 maxerr=4.14E-08 time=44.609
After sweep 30 energy=-17.269335  maxlinkdim=480 maxerr=4.03E-08 time=43.685
Not same mu, searching again
After sweep 1 energy=-9.174421  maxlinkdim=10 maxerr=8.40E-03 time=1.373
After sweep 2 energy=-17.568823  maxlinkdim=20 maxerr=7.61E-05 time=1.762
After sweep 3 energy=-17.912033  maxlinkdim=100 maxerr=4.29E-07 time=2.801
After sweep 4 energy=-17.916973  maxlinkdim=708 maxerr=1.00E-10 time=40.685
After sweep 5 energy=-17.917107  maxlinkdim=594 maxerr=4.15E-08 time=54.227
After sweep 6 energy=-17.917088  maxlinkdim=547 maxerr=1.41E-07 time=48.477
After sweep 7 energy=-17.917038  maxlinkdim=498 maxerr=3.37E-08 time=46.932
After sweep 8 energy=-17.917109  maxlinkdim=501 maxerr=4.83E-08 time=45.818
After sweep 9 energy=-17.917086  maxlinkdim=496 maxerr=1.06E-07 time=45.807
After sweep 10 energy=-17.917109  maxlinkdim=501 maxerr=4.50E-08 time=45.830
After sweep 11 energy=-17.917093  maxlinkdim=495 maxerr=3.24E-08 time=46.634
After sweep 12 energy=-17.91705  maxlinkdim=496 maxerr=5.34E-08 time=46.437
After sweep 13 energy=-17.917118  maxlinkdim=506 maxerr=1.84E-07 time=45.832
After sweep 14 energy=-17.917038  maxlinkdim=494 maxerr=4.37E-08 time=45.935
After sweep 15 energy=-17.917103  maxlinkdim=497 maxerr=3.32E-08 time=45.938
After sweep 16 energy=-17.91703  maxlinkdim=505 maxerr=1.73E-08 time=46.734
After sweep 17 energy=-17.917141  maxlinkdim=510 maxerr=1.33E-08 time=46.438
After sweep 18 energy=-17.91708  maxlinkdim=498 maxerr=8.10E-08 time=45.808
After sweep 19 energy=-17.91712  maxlinkdim=501 maxerr=1.99E-08 time=45.974
After sweep 20 energy=-17.917141  maxlinkdim=506 maxerr=1.50E-07 time=45.790
After sweep 21 energy=-17.917038  maxlinkdim=496 maxerr=3.34E-08 time=46.740
After sweep 22 energy=-17.917057  maxlinkdim=496 maxerr=6.22E-08 time=46.356
After sweep 23 energy=-17.917202  maxlinkdim=503 maxerr=4.86E-08 time=45.740
After sweep 24 energy=-17.917107  maxlinkdim=493 maxerr=1.23E-07 time=45.809
After sweep 25 energy=-17.917019  maxlinkdim=502 maxerr=2.36E-07 time=45.891
After sweep 26 energy=-17.917103  maxlinkdim=501 maxerr=1.43E-07 time=46.715
After sweep 27 energy=-17.917103  maxlinkdim=499 maxerr=3.53E-08 time=46.473
After sweep 28 energy=-17.917122  maxlinkdim=499 maxerr=1.44E-07 time=45.829
After sweep 29 energy=-17.91701  maxlinkdim=497 maxerr=5.53E-08 time=45.737
After sweep 30 energy=-17.91711  maxlinkdim=495 maxerr=2.97E-08 time=45.665
n0: 0.49991432; n1: 0.51217204; mu0: -2.341967884709037; mu1: -2.3319678847090373

Range found between mu0: -2.341967884709037 (n0: 0.49991432) and mu1: -2.3319678847090373 (n1: 0.51217204); refining...
n0: 0.49991432; n1: 0.51217204; mu0: -2.341967884709037; mu1: -2.3319678847090373
Trying secant step...
After sweep 1 energy=-7.7891245  maxlinkdim=10 maxerr=3.77E-03 time=1.412
After sweep 2 energy=-16.79801  maxlinkdim=20 maxerr=1.22E-04 time=1.577
After sweep 3 energy=-17.261484  maxlinkdim=100 maxerr=3.62E-07 time=2.607
After sweep 4 energy=-17.272783  maxlinkdim=684 maxerr=1.00E-10 time=38.815
After sweep 5 energy=-17.273664  maxlinkdim=555 maxerr=8.54E-08 time=50.295
After sweep 6 energy=-17.273693  maxlinkdim=576 maxerr=4.40E-08 time=42.582
After sweep 7 energy=-17.273811  maxlinkdim=512 maxerr=5.26E-08 time=44.426
After sweep 8 energy=-17.273743  maxlinkdim=483 maxerr=9.61E-08 time=43.788
After sweep 9 energy=-17.273758  maxlinkdim=490 maxerr=2.47E-08 time=44.432
After sweep 10 energy=-17.273808  maxlinkdim=485 maxerr=2.28E-08 time=44.382
After sweep 11 energy=-17.27375  maxlinkdim=483 maxerr=3.81E-08 time=43.636
After sweep 12 energy=-17.273811  maxlinkdim=487 maxerr=1.58E-07 time=43.676
After sweep 13 energy=-17.273785  maxlinkdim=487 maxerr=2.96E-08 time=43.631
After sweep 14 energy=-17.273731  maxlinkdim=480 maxerr=2.80E-08 time=43.933
After sweep 15 energy=-17.273708  maxlinkdim=484 maxerr=1.32E-07 time=44.801
After sweep 16 energy=-17.273655  maxlinkdim=489 maxerr=1.17E-10 time=43.678
After sweep 17 energy=-17.273838  maxlinkdim=480 maxerr=9.42E-08 time=43.633
After sweep 18 energy=-17.273708  maxlinkdim=489 maxerr=5.38E-08 time=43.593
After sweep 19 energy=-17.273682  maxlinkdim=486 maxerr=3.99E-08 time=43.683
After sweep 20 energy=-17.27369  maxlinkdim=485 maxerr=2.46E-08 time=45.106
After sweep 21 energy=-17.273748  maxlinkdim=489 maxerr=5.48E-08 time=43.765
After sweep 22 energy=-17.273842  maxlinkdim=484 maxerr=1.28E-08 time=43.519
After sweep 23 energy=-17.273802  maxlinkdim=484 maxerr=3.47E-08 time=43.645
After sweep 24 energy=-17.273758  maxlinkdim=482 maxerr=2.63E-08 time=43.669
After sweep 25 energy=-17.27368  maxlinkdim=486 maxerr=3.28E-08 time=44.497
After sweep 26 energy=-17.273876  maxlinkdim=486 maxerr=3.45E-08 time=44.222
After sweep 27 energy=-17.273748  maxlinkdim=483 maxerr=4.92E-08 time=43.718
After sweep 28 energy=-17.273685  maxlinkdim=490 maxerr=1.88E-08 time=43.608
After sweep 29 energy=-17.273792  maxlinkdim=489 maxerr=4.55E-08 time=43.605
After sweep 30 energy=-17.273804  maxlinkdim=484 maxerr=2.96E-08 time=44.113
FOUND MU (secant); mu: -2.3418979845629155  n: 0.50000036
Target density achieved with mu=-2.3418979845629155, n=0.50000036
Checking {alpha,beta} vs measured
Alpha not converged.
NOT CONVERGED; updating alpha, beta and continuing...
After sweep 1 energy=-8.732829  maxlinkdim=10 maxerr=4.74E-03 time=1.409
After sweep 2 energy=-16.7968  maxlinkdim=20 maxerr=9.14E-05 time=1.564
After sweep 3 energy=-17.25611  maxlinkdim=100 maxerr=4.19E-07 time=2.628
After sweep 4 energy=-17.270428  maxlinkdim=704 maxerr=1.00E-10 time=40.401
After sweep 5 energy=-17.271414  maxlinkdim=569 maxerr=4.11E-08 time=52.859
After sweep 6 energy=-17.271416  maxlinkdim=561 maxerr=1.51E-08 time=44.412
After sweep 7 energy=-17.271412  maxlinkdim=490 maxerr=1.57E-07 time=44.546
After sweep 8 energy=-17.271408  maxlinkdim=482 maxerr=1.34E-08 time=43.845
After sweep 9 energy=-17.271532  maxlinkdim=484 maxerr=2.00E-08 time=44.924
After sweep 10 energy=-17.271412  maxlinkdim=491 maxerr=1.76E-08 time=43.636
After sweep 11 energy=-17.271358  maxlinkdim=482 maxerr=6.58E-08 time=43.667
After sweep 12 energy=-17.271416  maxlinkdim=485 maxerr=5.16E-08 time=43.454
After sweep 13 energy=-17.271473  maxlinkdim=484 maxerr=1.07E-07 time=43.647
After sweep 14 energy=-17.27155  maxlinkdim=481 maxerr=4.90E-08 time=45.191
After sweep 15 energy=-17.271427  maxlinkdim=484 maxerr=4.54E-08 time=43.677
After sweep 16 energy=-17.271503  maxlinkdim=485 maxerr=5.29E-08 time=43.642
After sweep 17 energy=-17.27146  maxlinkdim=480 maxerr=3.55E-08 time=43.618
After sweep 18 energy=-17.271467  maxlinkdim=484 maxerr=1.45E-07 time=43.597
After sweep 19 energy=-17.271404  maxlinkdim=481 maxerr=6.88E-08 time=44.250
After sweep 20 energy=-17.271431  maxlinkdim=486 maxerr=4.42E-08 time=44.599
After sweep 21 energy=-17.271414  maxlinkdim=483 maxerr=3.31E-08 time=43.763
After sweep 22 energy=-17.271534  maxlinkdim=484 maxerr=3.05E-08 time=43.560
After sweep 23 energy=-17.271387  maxlinkdim=484 maxerr=4.49E-08 time=43.696
After sweep 24 energy=-17.271523  maxlinkdim=485 maxerr=2.55E-08 time=43.896
After sweep 25 energy=-17.27141  maxlinkdim=484 maxerr=4.68E-08 time=45.004
After sweep 26 energy=-17.271397  maxlinkdim=493 maxerr=2.67E-08 time=43.579
After sweep 27 energy=-17.271486  maxlinkdim=485 maxerr=3.44E-08 time=43.585
After sweep 28 energy=-17.271425  maxlinkdim=482 maxerr=1.60E-07 time=43.714
After sweep 29 energy=-17.271553  maxlinkdim=484 maxerr=2.66E-08 time=43.694
After sweep 30 energy=-17.271458  maxlinkdim=483 maxerr=5.36E-08 time=45.101
Not same mu, searching again
After sweep 1 energy=-9.062518  maxlinkdim=10 maxerr=6.89E-03 time=1.361
After sweep 2 energy=-16.248396  maxlinkdim=20 maxerr=6.68E-05 time=1.486
After sweep 3 energy=-16.626863  maxlinkdim=100 maxerr=4.83E-07 time=2.901
After sweep 4 energy=-16.638176  maxlinkdim=669 maxerr=1.00E-10 time=37.333
After sweep 5 energy=-16.639244  maxlinkdim=512 maxerr=1.05E-07 time=47.154
After sweep 6 energy=-16.639336  maxlinkdim=554 maxerr=2.77E-08 time=39.220
After sweep 7 energy=-16.639378  maxlinkdim=522 maxerr=3.42E-08 time=40.875
After sweep 8 energy=-16.639301  maxlinkdim=470 maxerr=4.52E-08 time=41.732
After sweep 9 energy=-16.639378  maxlinkdim=469 maxerr=3.82E-08 time=42.087
After sweep 10 energy=-16.639301  maxlinkdim=475 maxerr=1.66E-07 time=41.055
After sweep 11 energy=-16.639278  maxlinkdim=473 maxerr=3.43E-08 time=41.080
After sweep 12 energy=-16.639397  maxlinkdim=471 maxerr=2.89E-08 time=41.000
After sweep 13 energy=-16.63926  maxlinkdim=474 maxerr=3.38E-08 time=40.994
After sweep 14 energy=-16.639305  maxlinkdim=469 maxerr=5.06E-08 time=41.924
After sweep 15 energy=-16.639324  maxlinkdim=472 maxerr=2.45E-08 time=41.706
After sweep 16 energy=-16.639305  maxlinkdim=475 maxerr=2.88E-08 time=40.962
After sweep 17 energy=-16.639402  maxlinkdim=471 maxerr=2.98E-08 time=40.978
After sweep 18 energy=-16.639297  maxlinkdim=468 maxerr=3.42E-08 time=40.944
After sweep 19 energy=-16.639343  maxlinkdim=471 maxerr=3.36E-08 time=41.120
After sweep 20 energy=-16.639286  maxlinkdim=471 maxerr=2.93E-08 time=42.497
After sweep 21 energy=-16.639286  maxlinkdim=473 maxerr=4.27E-08 time=41.077
After sweep 22 energy=-16.639336  maxlinkdim=470 maxerr=2.24E-08 time=40.981
After sweep 23 energy=-16.63932  maxlinkdim=473 maxerr=8.56E-08 time=40.977
After sweep 24 energy=-16.639315  maxlinkdim=471 maxerr=2.84E-08 time=40.999
After sweep 25 energy=-16.639225  maxlinkdim=472 maxerr=1.68E-08 time=41.472
After sweep 26 energy=-16.639397  maxlinkdim=471 maxerr=1.83E-08 time=42.060
After sweep 27 energy=-16.639378  maxlinkdim=477 maxerr=1.02E-08 time=41.150
After sweep 28 energy=-16.639297  maxlinkdim=471 maxerr=2.93E-08 time=41.101
After sweep 29 energy=-16.639294  maxlinkdim=476 maxerr=9.05E-08 time=41.192
After sweep 30 energy=-16.639265  maxlinkdim=470 maxerr=1.28E-08 time=41.144
n0: 0.48771167; n1: 0.5000728; mu0: -2.3518979845629153; mu1: -2.3418979845629155

Range found between mu0: -2.3518979845629153 (n0: 0.48771167) and mu1: -2.3418979845629155 (n1: 0.5000728); refining...
n0: 0.48771167; n1: 0.5000728; mu0: -2.3518979845629153; mu1: -2.3418979845629155
Trying secant step...
After sweep 1 energy=-7.4655385  maxlinkdim=10 maxerr=3.55E-03 time=1.430
After sweep 2 energy=-16.690407  maxlinkdim=20 maxerr=1.22E-04 time=1.589
After sweep 3 energy=-17.242899  maxlinkdim=100 maxerr=4.72E-07 time=2.624
After sweep 4 energy=-17.265314  maxlinkdim=686 maxerr=1.00E-10 time=38.516
After sweep 5 energy=-17.26737  maxlinkdim=561 maxerr=9.83E-09 time=48.680
After sweep 6 energy=-17.267786  maxlinkdim=552 maxerr=3.74E-08 time=42.065
After sweep 7 energy=-17.267736  maxlinkdim=574 maxerr=2.33E-08 time=44.237
After sweep 8 energy=-17.267822  maxlinkdim=485 maxerr=3.63E-08 time=44.500
After sweep 9 energy=-17.267685  maxlinkdim=490 maxerr=4.46E-08 time=45.108
After sweep 10 energy=-17.267689  maxlinkdim=494 maxerr=3.27E-08 time=43.551
After sweep 11 energy=-17.26767  maxlinkdim=484 maxerr=1.48E-08 time=43.600
After sweep 12 energy=-17.267725  maxlinkdim=483 maxerr=3.05E-08 time=43.528
After sweep 13 energy=-17.267742  maxlinkdim=486 maxerr=3.74E-08 time=43.601
After sweep 14 energy=-17.267727  maxlinkdim=483 maxerr=3.77E-08 time=44.190
After sweep 15 energy=-17.26769  maxlinkdim=483 maxerr=4.94E-08 time=44.460
After sweep 16 energy=-17.267658  maxlinkdim=485 maxerr=3.24E-08 time=43.637
After sweep 17 energy=-17.267738  maxlinkdim=486 maxerr=4.65E-08 time=43.640
After sweep 18 energy=-17.267666  maxlinkdim=487 maxerr=3.52E-08 time=43.543
After sweep 19 energy=-17.267778  maxlinkdim=493 maxerr=7.63E-08 time=43.930
After sweep 20 energy=-17.267729  maxlinkdim=482 maxerr=4.91E-08 time=44.896
After sweep 21 energy=-17.267693  maxlinkdim=482 maxerr=3.55E-08 time=43.656
After sweep 22 energy=-17.267693  maxlinkdim=483 maxerr=4.70E-08 time=43.627
After sweep 23 energy=-17.267612  maxlinkdim=484 maxerr=1.38E-08 time=43.537
After sweep 24 energy=-17.267704  maxlinkdim=485 maxerr=3.16E-08 time=43.642
After sweep 25 energy=-17.26775  maxlinkdim=488 maxerr=4.86E-08 time=44.928
After sweep 26 energy=-17.267714  maxlinkdim=484 maxerr=5.43E-08 time=43.620
After sweep 27 energy=-17.267769  maxlinkdim=485 maxerr=3.89E-08 time=43.719
After sweep 28 energy=-17.2677  maxlinkdim=485 maxerr=2.12E-08 time=43.647
After sweep 29 energy=-17.267767  maxlinkdim=484 maxerr=1.37E-07 time=43.646
After sweep 30 energy=-17.267729  maxlinkdim=483 maxerr=8.08E-08 time=44.250
FOUND MU (secant); mu: -2.3419568605664836  n: 0.49999976
Target density achieved with mu=-2.3419568605664836, n=0.49999976
Checking {alpha,beta} vs measured
Alpha not converged.
NOT CONVERGED; updating alpha, beta and continuing...
After sweep 1 energy=-8.690391  maxlinkdim=10 maxerr=6.46E-03 time=1.436
After sweep 2 energy=-16.864935  maxlinkdim=20 maxerr=1.01E-04 time=1.589
After sweep 3 energy=-17.259071  maxlinkdim=100 maxerr=4.21E-07 time=2.671
After sweep 4 energy=-17.268917  maxlinkdim=704 maxerr=1.00E-10 time=39.743
After sweep 5 energy=-17.269575  maxlinkdim=528 maxerr=3.72E-08 time=50.333
After sweep 6 energy=-17.269718  maxlinkdim=572 maxerr=1.51E-08 time=43.127
After sweep 7 energy=-17.26965  maxlinkdim=562 maxerr=2.60E-08 time=44.335
After sweep 8 energy=-17.269705  maxlinkdim=491 maxerr=4.10E-08 time=44.004
After sweep 9 energy=-17.269669  maxlinkdim=481 maxerr=2.36E-08 time=45.054
After sweep 10 energy=-17.26966  maxlinkdim=492 maxerr=5.12E-08 time=43.692
After sweep 11 energy=-17.269703  maxlinkdim=482 maxerr=2.03E-08 time=43.599
After sweep 12 energy=-17.269695  maxlinkdim=485 maxerr=4.77E-08 time=43.616
After sweep 13 energy=-17.269655  maxlinkdim=486 maxerr=1.67E-07 time=43.686
After sweep 14 energy=-17.269676  maxlinkdim=485 maxerr=2.32E-08 time=45.069
After sweep 15 energy=-17.26971  maxlinkdim=482 maxerr=2.41E-08 time=43.667
After sweep 16 energy=-17.269588  maxlinkdim=491 maxerr=3.24E-08 time=43.569
After sweep 17 energy=-17.269714  maxlinkdim=483 maxerr=2.12E-08 time=43.572
After sweep 18 energy=-17.269619  maxlinkdim=485 maxerr=4.97E-08 time=43.597
After sweep 19 energy=-17.269682  maxlinkdim=480 maxerr=1.06E-07 time=44.309
After sweep 20 energy=-17.2697  maxlinkdim=486 maxerr=1.13E-08 time=44.370
After sweep 21 energy=-17.26974  maxlinkdim=481 maxerr=1.51E-07 time=43.567
After sweep 22 energy=-17.269653  maxlinkdim=482 maxerr=3.45E-08 time=43.633
After sweep 23 energy=-17.269608  maxlinkdim=486 maxerr=1.26E-07 time=43.696
After sweep 24 energy=-17.26963  maxlinkdim=480 maxerr=4.94E-08 time=43.955
After sweep 25 energy=-17.26974  maxlinkdim=485 maxerr=5.78E-08 time=44.792
After sweep 26 energy=-17.269749  maxlinkdim=482 maxerr=4.62E-08 time=43.755
After sweep 27 energy=-17.269726  maxlinkdim=485 maxerr=4.85E-08 time=43.649
After sweep 28 energy=-17.26959  maxlinkdim=483 maxerr=4.91E-08 time=43.738
After sweep 29 energy=-17.269718  maxlinkdim=482 maxerr=9.38E-08 time=43.663
After sweep 30 energy=-17.269688  maxlinkdim=482 maxerr=8.90E-08 time=45.002
Not same mu, searching again
After sweep 1 energy=-8.890611  maxlinkdim=10 maxerr=6.58E-03 time=1.455
After sweep 2 energy=-17.520199  maxlinkdim=20 maxerr=2.83E-04 time=1.589
After sweep 3 energy=-17.912533  maxlinkdim=100 maxerr=5.65E-07 time=2.924
After sweep 4 energy=-17.917284  maxlinkdim=711 maxerr=1.00E-10 time=40.777
After sweep 5 energy=-17.917461  maxlinkdim=583 maxerr=5.92E-08 time=57.068
After sweep 6 energy=-17.917547  maxlinkdim=571 maxerr=5.37E-08 time=47.692
After sweep 7 energy=-17.917513  maxlinkdim=498 maxerr=5.13E-08 time=46.621
After sweep 8 energy=-17.917526  maxlinkdim=509 maxerr=2.06E-08 time=46.823
After sweep 9 energy=-17.917398  maxlinkdim=497 maxerr=5.29E-08 time=45.948
After sweep 10 energy=-17.917553  maxlinkdim=499 maxerr=1.24E-08 time=45.960
After sweep 11 energy=-17.917454  maxlinkdim=496 maxerr=3.09E-08 time=45.856
After sweep 12 energy=-17.91745  maxlinkdim=500 maxerr=2.48E-08 time=46.354
After sweep 13 energy=-17.91755  maxlinkdim=498 maxerr=1.31E-07 time=46.779
After sweep 14 energy=-17.917524  maxlinkdim=497 maxerr=5.05E-08 time=45.757
After sweep 15 energy=-17.917446  maxlinkdim=500 maxerr=3.71E-08 time=45.730
After sweep 16 energy=-17.917496  maxlinkdim=502 maxerr=4.63E-08 time=45.794
After sweep 17 energy=-17.917532  maxlinkdim=503 maxerr=2.34E-07 time=46.188
After sweep 18 energy=-17.917488  maxlinkdim=503 maxerr=3.47E-08 time=46.836
After sweep 19 energy=-17.917528  maxlinkdim=494 maxerr=4.83E-08 time=45.829
After sweep 20 energy=-17.917461  maxlinkdim=499 maxerr=1.04E-07 time=45.982
After sweep 21 energy=-17.917538  maxlinkdim=504 maxerr=3.86E-08 time=46.071
After sweep 22 energy=-17.917543  maxlinkdim=507 maxerr=5.14E-09 time=46.384
After sweep 23 energy=-17.917583  maxlinkdim=498 maxerr=5.00E-08 time=46.749
After sweep 24 energy=-17.917477  maxlinkdim=505 maxerr=1.04E-07 time=45.825
After sweep 25 energy=-17.91737  maxlinkdim=498 maxerr=4.49E-08 time=45.685
After sweep 26 energy=-17.917517  maxlinkdim=501 maxerr=1.67E-08 time=45.819
After sweep 27 energy=-17.917515  maxlinkdim=504 maxerr=2.05E-08 time=46.259
After sweep 28 energy=-17.917557  maxlinkdim=497 maxerr=4.15E-08 time=46.712
After sweep 29 energy=-17.917435  maxlinkdim=505 maxerr=1.52E-08 time=45.917
After sweep 30 energy=-17.91743  maxlinkdim=500 maxerr=2.38E-08 time=45.885
n0: 0.49993807; n1: 0.5121959; mu0: -2.3419568605664836; mu1: -2.3319568605664838

Range found between mu0: -2.3419568605664836 (n0: 0.49993807) and mu1: -2.3319568605664838 (n1: 0.5121959); refining...
n0: 0.49993807; n1: 0.5121959; mu0: -2.3419568605664836; mu1: -2.3319568605664838
Trying secant step...
After sweep 1 energy=-9.014459  maxlinkdim=10 maxerr=3.21E-03 time=1.362
After sweep 2 energy=-16.78863  maxlinkdim=20 maxerr=8.34E-05 time=1.775
After sweep 3 energy=-17.255522  maxlinkdim=100 maxerr=4.01E-07 time=2.722
After sweep 4 energy=-17.271534  maxlinkdim=694 maxerr=1.00E-10 time=38.939
After sweep 5 energy=-17.272778  maxlinkdim=554 maxerr=3.84E-08 time=51.113
After sweep 6 energy=-17.272793  maxlinkdim=569 maxerr=2.86E-08 time=44.151
After sweep 7 energy=-17.273056  maxlinkdim=552 maxerr=5.44E-08 time=44.435
After sweep 8 energy=-17.272942  maxlinkdim=483 maxerr=2.93E-08 time=44.024
After sweep 9 energy=-17.272957  maxlinkdim=486 maxerr=2.66E-07 time=43.798
After sweep 10 energy=-17.272781  maxlinkdim=492 maxerr=4.00E-08 time=44.045
After sweep 11 energy=-17.272915  maxlinkdim=482 maxerr=8.15E-08 time=44.681
After sweep 12 energy=-17.272968  maxlinkdim=485 maxerr=3.29E-08 time=43.582
After sweep 13 energy=-17.272858  maxlinkdim=483 maxerr=1.40E-07 time=43.500
After sweep 14 energy=-17.272915  maxlinkdim=495 maxerr=4.11E-09 time=43.643
After sweep 15 energy=-17.272953  maxlinkdim=483 maxerr=5.47E-08 time=43.635
After sweep 16 energy=-17.27292  maxlinkdim=486 maxerr=3.24E-08 time=44.996
After sweep 17 energy=-17.273012  maxlinkdim=483 maxerr=3.98E-08 time=43.704
After sweep 18 energy=-17.272957  maxlinkdim=482 maxerr=1.01E-07 time=43.642
After sweep 19 energy=-17.272861  maxlinkdim=488 maxerr=3.21E-08 time=43.617
After sweep 20 energy=-17.272905  maxlinkdim=483 maxerr=6.13E-08 time=43.666
After sweep 21 energy=-17.272896  maxlinkdim=488 maxerr=7.47E-08 time=45.248
After sweep 22 energy=-17.272812  maxlinkdim=482 maxerr=2.37E-08 time=43.634
After sweep 23 energy=-17.272839  maxlinkdim=481 maxerr=2.01E-08 time=43.441
After sweep 24 energy=-17.272953  maxlinkdim=488 maxerr=8.38E-09 time=43.486
After sweep 25 energy=-17.272934  maxlinkdim=484 maxerr=5.27E-08 time=43.632
After sweep 26 energy=-17.272808  maxlinkdim=484 maxerr=4.57E-08 time=44.043
After sweep 27 energy=-17.272943  maxlinkdim=487 maxerr=3.89E-08 time=44.534
After sweep 28 energy=-17.272955  maxlinkdim=489 maxerr=2.36E-08 time=43.561
After sweep 29 energy=-17.272804  maxlinkdim=484 maxerr=2.31E-08 time=43.611
After sweep 30 energy=-17.272926  maxlinkdim=484 maxerr=3.63E-08 time=43.648
FOUND MU (secant); mu: -2.341906338325027  n: 0.5000005
Target density achieved with mu=-2.341906338325027, n=0.5000005
Checking {alpha,beta} vs measured
Alpha not converged.
NOT CONVERGED; updating alpha, beta and continuing...
After sweep 1 energy=-8.934818  maxlinkdim=10 maxerr=3.84E-03 time=1.360
After sweep 2 energy=-16.768463  maxlinkdim=20 maxerr=8.26E-05 time=1.708
After sweep 3 energy=-17.253805  maxlinkdim=100 maxerr=3.74E-07 time=2.779
After sweep 4 energy=-17.26969  maxlinkdim=680 maxerr=1.00E-10 time=38.222
After sweep 5 energy=-17.271135  maxlinkdim=565 maxerr=3.60E-08 time=50.627
After sweep 6 energy=-17.271141  maxlinkdim=561 maxerr=1.86E-07 time=45.398
After sweep 7 energy=-17.271227  maxlinkdim=556 maxerr=5.32E-08 time=44.293
After sweep 8 energy=-17.271177  maxlinkdim=484 maxerr=7.35E-08 time=43.874
After sweep 9 energy=-17.271187  maxlinkdim=485 maxerr=3.61E-08 time=43.754
After sweep 10 energy=-17.271255  maxlinkdim=481 maxerr=1.28E-09 time=45.068
After sweep 11 energy=-17.27124  maxlinkdim=489 maxerr=3.38E-08 time=43.599
After sweep 12 energy=-17.27121  maxlinkdim=483 maxerr=1.07E-07 time=43.539
After sweep 13 energy=-17.271263  maxlinkdim=483 maxerr=4.29E-08 time=43.496
After sweep 14 energy=-17.271255  maxlinkdim=487 maxerr=1.53E-08 time=43.536
After sweep 15 energy=-17.27129  maxlinkdim=486 maxerr=2.53E-08 time=44.296
After sweep 16 energy=-17.271276  maxlinkdim=482 maxerr=5.59E-08 time=44.544
After sweep 17 energy=-17.271244  maxlinkdim=481 maxerr=2.95E-08 time=43.605
After sweep 18 energy=-17.271263  maxlinkdim=488 maxerr=2.33E-08 time=43.630
After sweep 19 energy=-17.271193  maxlinkdim=481 maxerr=3.45E-08 time=43.517
After sweep 20 energy=-17.271177  maxlinkdim=481 maxerr=4.28E-08 time=43.797
After sweep 21 energy=-17.27119  maxlinkdim=485 maxerr=5.36E-08 time=44.814
After sweep 22 energy=-17.271297  maxlinkdim=491 maxerr=4.97E-08 time=43.662
After sweep 23 energy=-17.271292  maxlinkdim=480 maxerr=6.22E-08 time=43.618
After sweep 24 energy=-17.27118  maxlinkdim=480 maxerr=2.17E-08 time=43.647
After sweep 25 energy=-17.271107  maxlinkdim=488 maxerr=5.47E-08 time=43.680
After sweep 26 energy=-17.271128  maxlinkdim=481 maxerr=3.74E-08 time=45.064
After sweep 27 energy=-17.27131  maxlinkdim=483 maxerr=2.46E-08 time=43.527
After sweep 28 energy=-17.271078  maxlinkdim=481 maxerr=1.29E-07 time=43.604
After sweep 29 energy=-17.27125  maxlinkdim=488 maxerr=3.12E-08 time=43.645
After sweep 30 energy=-17.271236  maxlinkdim=493 maxerr=1.82E-08 time=43.645
Not same mu, searching again
After sweep 1 energy=-8.450159  maxlinkdim=10 maxerr=2.84E-03 time=1.426
After sweep 2 energy=-16.242786  maxlinkdim=20 maxerr=7.18E-05 time=1.580
After sweep 3 energy=-16.6319  maxlinkdim=100 maxerr=4.54E-07 time=2.623
After sweep 4 energy=-16.638897  maxlinkdim=676 maxerr=1.00E-10 time=38.299
After sweep 5 energy=-16.639198  maxlinkdim=551 maxerr=3.72E-08 time=47.812
After sweep 6 energy=-16.639091  maxlinkdim=499 maxerr=3.75E-08 time=42.100
After sweep 7 energy=-16.6391  maxlinkdim=471 maxerr=1.98E-08 time=41.466
After sweep 8 energy=-16.639088  maxlinkdim=474 maxerr=2.18E-08 time=41.062
After sweep 9 energy=-16.639196  maxlinkdim=477 maxerr=3.03E-08 time=41.296
After sweep 10 energy=-16.639069  maxlinkdim=474 maxerr=4.88E-08 time=42.316
After sweep 11 energy=-16.639175  maxlinkdim=470 maxerr=2.78E-08 time=41.044
After sweep 12 energy=-16.63907  maxlinkdim=476 maxerr=6.99E-08 time=41.011
After sweep 13 energy=-16.639065  maxlinkdim=473 maxerr=3.64E-08 time=41.112
After sweep 14 energy=-16.639103  maxlinkdim=472 maxerr=8.02E-08 time=41.163
After sweep 15 energy=-16.639  maxlinkdim=471 maxerr=4.57E-08 time=41.706
After sweep 16 energy=-16.639067  maxlinkdim=472 maxerr=4.36E-08 time=41.930
After sweep 17 energy=-16.639112  maxlinkdim=471 maxerr=3.78E-08 time=41.127
After sweep 18 energy=-16.639048  maxlinkdim=469 maxerr=1.19E-08 time=41.001
After sweep 19 energy=-16.639162  maxlinkdim=476 maxerr=1.48E-08 time=41.158
After sweep 20 energy=-16.639107  maxlinkdim=475 maxerr=3.52E-08 time=40.987
After sweep 21 energy=-16.639103  maxlinkdim=472 maxerr=2.73E-08 time=42.703
After sweep 22 energy=-16.639156  maxlinkdim=468 maxerr=3.46E-08 time=41.060
After sweep 23 energy=-16.639118  maxlinkdim=473 maxerr=3.43E-08 time=41.034
After sweep 24 energy=-16.639145  maxlinkdim=471 maxerr=2.90E-08 time=41.067
After sweep 25 energy=-16.639124  maxlinkdim=471 maxerr=2.75E-08 time=41.153
After sweep 26 energy=-16.639013  maxlinkdim=471 maxerr=4.31E-08 time=41.278
After sweep 27 energy=-16.639013  maxlinkdim=474 maxerr=5.56E-08 time=42.257
After sweep 28 energy=-16.639145  maxlinkdim=469 maxerr=3.71E-08 time=42.462
After sweep 29 energy=-16.639078  maxlinkdim=478 maxerr=1.90E-08 time=40.931
After sweep 30 energy=-16.639078  maxlinkdim=478 maxerr=4.36E-08 time=41.115
n0: 0.4876942; n1: 0.5000557; mu0: -2.3519063383250267; mu1: -2.341906338325027

Range found between mu0: -2.3519063383250267 (n0: 0.4876942) and mu1: -2.341906338325027 (n1: 0.5000557); refining...
n0: 0.4876942; n1: 0.5000557; mu0: -2.3519063383250267; mu1: -2.341906338325027
Trying secant step...
After sweep 1 energy=-7.966501  maxlinkdim=10 maxerr=6.31E-03 time=1.350
After sweep 2 energy=-16.849813  maxlinkdim=20 maxerr=8.82E-05 time=1.664
After sweep 3 energy=-17.260714  maxlinkdim=100 maxerr=5.03E-07 time=2.820
After sweep 4 energy=-17.267965  maxlinkdim=687 maxerr=1.00E-10 time=38.756
After sweep 5 energy=-17.268333  maxlinkdim=573 maxerr=1.72E-08 time=51.318
After sweep 6 energy=-17.268415  maxlinkdim=548 maxerr=1.17E-07 time=44.549
After sweep 7 energy=-17.268272  maxlinkdim=492 maxerr=1.58E-08 time=44.255
After sweep 8 energy=-17.268417  maxlinkdim=484 maxerr=1.80E-08 time=43.677
After sweep 9 energy=-17.268278  maxlinkdim=487 maxerr=5.50E-08 time=43.533
After sweep 10 energy=-17.268353  maxlinkdim=488 maxerr=5.49E-08 time=44.305
After sweep 11 energy=-17.268356  maxlinkdim=486 maxerr=2.24E-08 time=44.627
After sweep 12 energy=-17.268223  maxlinkdim=483 maxerr=3.50E-08 time=43.686
After sweep 13 energy=-17.268322  maxlinkdim=485 maxerr=6.82E-08 time=43.516
After sweep 14 energy=-17.268303  maxlinkdim=487 maxerr=3.53E-08 time=43.516
After sweep 15 energy=-17.268375  maxlinkdim=481 maxerr=3.70E-08 time=43.846
After sweep 16 energy=-17.268326  maxlinkdim=483 maxerr=2.43E-08 time=44.839
After sweep 17 energy=-17.268394  maxlinkdim=484 maxerr=3.16E-08 time=43.693
After sweep 18 energy=-17.268246  maxlinkdim=484 maxerr=3.68E-08 time=43.479
After sweep 19 energy=-17.268417  maxlinkdim=483 maxerr=2.02E-08 time=43.576
After sweep 20 energy=-17.268286  maxlinkdim=482 maxerr=4.31E-08 time=43.477
After sweep 21 energy=-17.268295  maxlinkdim=486 maxerr=3.65E-08 time=45.012
After sweep 22 energy=-17.26836  maxlinkdim=484 maxerr=3.34E-08 time=43.640
After sweep 23 energy=-17.268322  maxlinkdim=483 maxerr=1.31E-07 time=43.446
After sweep 24 energy=-17.268291  maxlinkdim=491 maxerr=9.77E-08 time=43.660
After sweep 25 energy=-17.268314  maxlinkdim=487 maxerr=1.47E-08 time=43.647
After sweep 26 energy=-17.268383  maxlinkdim=483 maxerr=5.56E-08 time=44.314
After sweep 27 energy=-17.268381  maxlinkdim=483 maxerr=3.82E-08 time=44.538
After sweep 28 energy=-17.26828  maxlinkdim=482 maxerr=2.94E-08 time=43.509
After sweep 29 energy=-17.268303  maxlinkdim=481 maxerr=1.38E-07 time=43.543
After sweep 30 energy=-17.268248  maxlinkdim=485 maxerr=4.02E-08 time=43.407
FOUND MU (secant); mu: -2.34195137403053  n: 0.49999765
Target density achieved with mu=-2.34195137403053, n=0.49999765
Checking {alpha,beta} vs measured
Alpha not converged.
NOT CONVERGED; updating alpha, beta and continuing...
After sweep 1 energy=-7.8296046  maxlinkdim=10 maxerr=6.46E-03 time=1.360
After sweep 2 energy=-16.793516  maxlinkdim=20 maxerr=7.30E-05 time=1.747
After sweep 3 energy=-17.259184  maxlinkdim=100 maxerr=4.08E-07 time=2.693
After sweep 4 energy=-17.26922  maxlinkdim=681 maxerr=1.00E-10 time=38.181
After sweep 5 energy=-17.269825  maxlinkdim=569 maxerr=5.16E-08 time=49.912
After sweep 6 energy=-17.269745  maxlinkdim=576 maxerr=1.31E-08 time=43.464
After sweep 7 energy=-17.26985  maxlinkdim=494 maxerr=1.80E-07 time=44.909
After sweep 8 energy=-17.269852  maxlinkdim=482 maxerr=4.76E-08 time=43.635
After sweep 9 energy=-17.269884  maxlinkdim=497 maxerr=5.59E-08 time=43.662
After sweep 10 energy=-17.269787  maxlinkdim=487 maxerr=1.30E-07 time=45.173
After sweep 11 energy=-17.26982  maxlinkdim=488 maxerr=2.61E-08 time=43.779
After sweep 12 energy=-17.269747  maxlinkdim=482 maxerr=4.46E-08 time=43.562
After sweep 13 energy=-17.26989  maxlinkdim=484 maxerr=4.95E-08 time=43.552
After sweep 14 energy=-17.269749  maxlinkdim=489 maxerr=3.66E-08 time=43.640
After sweep 15 energy=-17.269798  maxlinkdim=486 maxerr=4.51E-08 time=45.068
After sweep 16 energy=-17.269855  maxlinkdim=480 maxerr=4.41E-08 time=43.604
After sweep 17 energy=-17.269812  maxlinkdim=493 maxerr=4.39E-08 time=43.657
After sweep 18 energy=-17.26977  maxlinkdim=487 maxerr=3.95E-08 time=43.643
After sweep 19 energy=-17.269936  maxlinkdim=480 maxerr=2.91E-08 time=43.636
After sweep 20 energy=-17.269846  maxlinkdim=488 maxerr=3.99E-08 time=44.128
After sweep 21 energy=-17.269787  maxlinkdim=491 maxerr=1.10E-07 time=44.509
After sweep 22 energy=-17.269814  maxlinkdim=483 maxerr=8.85E-08 time=43.797
After sweep 23 energy=-17.269917  maxlinkdim=488 maxerr=2.75E-08 time=43.644
After sweep 24 energy=-17.269806  maxlinkdim=483 maxerr=3.43E-08 time=43.687
After sweep 25 energy=-17.269743  maxlinkdim=480 maxerr=7.43E-08 time=43.831
After sweep 26 energy=-17.269882  maxlinkdim=487 maxerr=3.78E-08 time=44.885
After sweep 27 energy=-17.26984  maxlinkdim=490 maxerr=3.13E-08 time=43.640
After sweep 28 energy=-17.269854  maxlinkdim=484 maxerr=3.86E-08 time=43.615
After sweep 29 energy=-17.269869  maxlinkdim=484 maxerr=4.68E-08 time=43.635
After sweep 30 energy=-17.269787  maxlinkdim=490 maxerr=2.78E-08 time=43.706
Not same mu, searching again
After sweep 1 energy=-9.596346  maxlinkdim=10 maxerr=2.76E-03 time=1.442
After sweep 2 energy=-17.484032  maxlinkdim=20 maxerr=1.06E-04 time=1.589
After sweep 3 energy=-17.908329  maxlinkdim=100 maxerr=4.35E-07 time=2.627
After sweep 4 energy=-17.917263  maxlinkdim=739 maxerr=1.00E-10 time=42.187
After sweep 5 energy=-17.917664  maxlinkdim=626 maxerr=4.98E-08 time=55.897
After sweep 6 energy=-17.917671  maxlinkdim=591 maxerr=1.26E-08 time=46.930
After sweep 7 energy=-17.917734  maxlinkdim=500 maxerr=2.74E-08 time=47.295
After sweep 8 energy=-17.917645  maxlinkdim=497 maxerr=2.51E-08 time=46.101
After sweep 9 energy=-17.917707  maxlinkdim=495 maxerr=5.95E-08 time=46.952
After sweep 10 energy=-17.91772  maxlinkdim=499 maxerr=2.24E-08 time=45.816
After sweep 11 energy=-17.917747  maxlinkdim=494 maxerr=3.67E-08 time=45.711
After sweep 12 energy=-17.917686  maxlinkdim=497 maxerr=3.16E-08 time=45.738
After sweep 13 energy=-17.91769  maxlinkdim=501 maxerr=5.90E-08 time=46.045
After sweep 14 energy=-17.917732  maxlinkdim=495 maxerr=1.04E-07 time=46.989
After sweep 15 energy=-17.917646  maxlinkdim=500 maxerr=2.00E-07 time=45.836
After sweep 16 energy=-17.917675  maxlinkdim=500 maxerr=2.78E-08 time=45.772
After sweep 17 energy=-17.91772  maxlinkdim=500 maxerr=1.53E-07 time=45.759
After sweep 18 energy=-17.917742  maxlinkdim=502 maxerr=2.49E-08 time=46.129
After sweep 19 energy=-17.91766  maxlinkdim=507 maxerr=4.84E-08 time=46.864
After sweep 20 energy=-17.917751  maxlinkdim=493 maxerr=3.49E-08 time=45.735
After sweep 21 energy=-17.917675  maxlinkdim=502 maxerr=2.58E-08 time=45.743
After sweep 22 energy=-17.917675  maxlinkdim=500 maxerr=4.11E-08 time=45.915
After sweep 23 energy=-17.917698  maxlinkdim=503 maxerr=6.48E-08 time=46.092
After sweep 24 energy=-17.917732  maxlinkdim=501 maxerr=6.49E-08 time=46.836
After sweep 25 energy=-17.917671  maxlinkdim=497 maxerr=6.10E-08 time=45.828
After sweep 26 energy=-17.917648  maxlinkdim=502 maxerr=3.85E-08 time=46.024
After sweep 27 energy=-17.91765  maxlinkdim=499 maxerr=3.48E-08 time=46.002
After sweep 28 energy=-17.91776  maxlinkdim=497 maxerr=4.91E-08 time=46.148
After sweep 29 energy=-17.917637  maxlinkdim=503 maxerr=5.19E-08 time=46.891
After sweep 30 energy=-17.917612  maxlinkdim=500 maxerr=2.63E-08 time=45.828
n0: 0.49995297; n1: 0.5122116; mu0: -2.34195137403053; mu1: -2.33195137403053

Range found between mu0: -2.34195137403053 (n0: 0.49995297) and mu1: -2.33195137403053 (n1: 0.5122116); refining...
n0: 0.49995297; n1: 0.5122116; mu0: -2.34195137403053; mu1: -2.33195137403053
Trying secant step...
After sweep 1 energy=-8.598802  maxlinkdim=10 maxerr=4.54E-03 time=1.441
After sweep 2 energy=-16.93758  maxlinkdim=20 maxerr=4.48E-04 time=1.520
After sweep 3 energy=-17.267347  maxlinkdim=100 maxerr=3.84E-07 time=2.861
After sweep 4 energy=-17.272093  maxlinkdim=681 maxerr=1.00E-10 time=39.071
After sweep 5 energy=-17.272327  maxlinkdim=559 maxerr=2.75E-08 time=51.454
After sweep 6 energy=-17.272324  maxlinkdim=553 maxerr=1.18E-07 time=44.793
After sweep 7 energy=-17.27232  maxlinkdim=487 maxerr=2.23E-08 time=44.969
After sweep 8 energy=-17.272345  maxlinkdim=484 maxerr=2.17E-08 time=43.819
After sweep 9 energy=-17.272305  maxlinkdim=484 maxerr=3.28E-08 time=43.636
After sweep 10 energy=-17.272268  maxlinkdim=487 maxerr=3.95E-08 time=43.633
After sweep 11 energy=-17.272312  maxlinkdim=483 maxerr=3.42E-08 time=43.816
After sweep 12 energy=-17.272327  maxlinkdim=488 maxerr=2.33E-08 time=44.864
After sweep 13 energy=-17.272306  maxlinkdim=486 maxerr=3.48E-08 time=43.536
After sweep 14 energy=-17.272287  maxlinkdim=485 maxerr=2.34E-08 time=43.562
After sweep 15 energy=-17.272285  maxlinkdim=482 maxerr=4.39E-08 time=43.560
After sweep 16 energy=-17.272324  maxlinkdim=485 maxerr=1.02E-10 time=43.688
After sweep 17 energy=-17.272282  maxlinkdim=489 maxerr=4.74E-08 time=44.968
After sweep 18 energy=-17.272358  maxlinkdim=489 maxerr=4.40E-08 time=43.708
After sweep 19 energy=-17.27239  maxlinkdim=483 maxerr=4.01E-08 time=43.624
After sweep 20 energy=-17.272324  maxlinkdim=482 maxerr=3.17E-08 time=43.554
After sweep 21 energy=-17.272182  maxlinkdim=482 maxerr=9.88E-08 time=43.526
After sweep 22 energy=-17.272228  maxlinkdim=483 maxerr=3.51E-08 time=44.271
After sweep 23 energy=-17.272263  maxlinkdim=490 maxerr=8.11E-09 time=44.377
After sweep 24 energy=-17.272266  maxlinkdim=492 maxerr=1.65E-08 time=43.724
After sweep 25 energy=-17.272316  maxlinkdim=481 maxerr=3.98E-08 time=43.677
After sweep 26 energy=-17.272259  maxlinkdim=485 maxerr=6.79E-08 time=43.597
After sweep 27 energy=-17.272274  maxlinkdim=485 maxerr=2.09E-08 time=43.940
After sweep 28 energy=-17.272352  maxlinkdim=486 maxerr=3.59E-08 time=44.672
After sweep 29 energy=-17.272274  maxlinkdim=492 maxerr=2.09E-08 time=43.587
After sweep 30 energy=-17.272259  maxlinkdim=483 maxerr=6.87E-08 time=43.611
FOUND MU (secant); mu: -2.3419130108591744  n: 0.50000083
Target density achieved with mu=-2.3419130108591744, n=0.50000083
Checking {alpha,beta} vs measured
Alpha not converged.
NOT CONVERGED; updating alpha, beta and continuing...
After sweep 1 energy=-8.279532  maxlinkdim=10 maxerr=6.76E-03 time=1.364
After sweep 2 energy=-16.94799  maxlinkdim=20 maxerr=1.65E-04 time=1.755
After sweep 3 energy=-17.266031  maxlinkdim=100 maxerr=3.53E-07 time=2.685
After sweep 4 energy=-17.270914  maxlinkdim=703 maxerr=1.00E-10 time=39.806
After sweep 5 energy=-17.270954  maxlinkdim=572 maxerr=2.79E-08 time=52.861
After sweep 6 energy=-17.270851  maxlinkdim=565 maxerr=4.17E-08 time=45.801
After sweep 7 energy=-17.270914  maxlinkdim=485 maxerr=5.45E-08 time=44.178
After sweep 8 energy=-17.270977  maxlinkdim=484 maxerr=8.47E-08 time=43.603
After sweep 9 energy=-17.270927  maxlinkdim=487 maxerr=4.27E-08 time=43.675
After sweep 10 energy=-17.27089  maxlinkdim=486 maxerr=3.86E-08 time=43.834
After sweep 11 energy=-17.27093  maxlinkdim=490 maxerr=6.33E-08 time=44.894
After sweep 12 energy=-17.270885  maxlinkdim=483 maxerr=4.27E-08 time=43.710
After sweep 13 energy=-17.270935  maxlinkdim=492 maxerr=3.48E-08 time=43.677
After sweep 14 energy=-17.271008  maxlinkdim=484 maxerr=1.69E-08 time=43.587
After sweep 15 energy=-17.271004  maxlinkdim=488 maxerr=2.96E-08 time=43.588
After sweep 16 energy=-17.270985  maxlinkdim=490 maxerr=6.04E-08 time=44.979
After sweep 17 energy=-17.270939  maxlinkdim=484 maxerr=4.25E-08 time=43.482
After sweep 18 energy=-17.270947  maxlinkdim=482 maxerr=6.31E-08 time=43.544
After sweep 19 energy=-17.270912  maxlinkdim=483 maxerr=1.07E-07 time=43.587
After sweep 20 energy=-17.270927  maxlinkdim=485 maxerr=2.87E-08 time=43.563
After sweep 21 energy=-17.271053  maxlinkdim=494 maxerr=3.45E-08 time=44.441
After sweep 22 energy=-17.270851  maxlinkdim=489 maxerr=2.19E-08 time=44.406
After sweep 23 energy=-17.270962  maxlinkdim=485 maxerr=9.64E-08 time=43.678
After sweep 24 energy=-17.270876  maxlinkdim=485 maxerr=5.28E-08 time=43.538
After sweep 25 energy=-17.270948  maxlinkdim=495 maxerr=4.48E-08 time=43.680
After sweep 26 energy=-17.27093  maxlinkdim=487 maxerr=3.62E-08 time=44.056
After sweep 27 energy=-17.270948  maxlinkdim=487 maxerr=3.20E-08 time=44.616
After sweep 28 energy=-17.270958  maxlinkdim=485 maxerr=3.18E-08 time=43.586
After sweep 29 energy=-17.270878  maxlinkdim=486 maxerr=3.46E-08 time=43.695
After sweep 30 energy=-17.270885  maxlinkdim=488 maxerr=1.44E-07 time=43.612
Not same mu, searching again
After sweep 1 energy=-8.970335  maxlinkdim=10 maxerr=7.35E-03 time=1.450
After sweep 2 energy=-16.31281  maxlinkdim=20 maxerr=7.34E-05 time=1.530
After sweep 3 energy=-16.63163  maxlinkdim=100 maxerr=4.44E-07 time=2.856
After sweep 4 energy=-16.638369  maxlinkdim=682 maxerr=1.00E-10 time=37.128
After sweep 5 energy=-16.638878  maxlinkdim=564 maxerr=4.59E-08 time=48.748
After sweep 6 energy=-16.638897  maxlinkdim=498 maxerr=1.10E-07 time=40.669
After sweep 7 energy=-16.638882  maxlinkdim=494 maxerr=1.43E-07 time=41.530
After sweep 8 energy=-16.638756  maxlinkdim=470 maxerr=7.17E-08 time=41.191
After sweep 9 energy=-16.638882  maxlinkdim=470 maxerr=3.43E-08 time=41.196
After sweep 10 energy=-16.638836  maxlinkdim=475 maxerr=4.84E-08 time=41.527
After sweep 11 energy=-16.638844  maxlinkdim=473 maxerr=2.18E-08 time=42.099
After sweep 12 energy=-16.638966  maxlinkdim=469 maxerr=1.40E-08 time=41.042
After sweep 13 energy=-16.63893  maxlinkdim=470 maxerr=3.03E-08 time=41.030
After sweep 14 energy=-16.638813  maxlinkdim=474 maxerr=3.89E-08 time=41.034
After sweep 15 energy=-16.638758  maxlinkdim=471 maxerr=1.24E-07 time=41.026
After sweep 16 energy=-16.638817  maxlinkdim=478 maxerr=4.02E-08 time=41.847
After sweep 17 energy=-16.638924  maxlinkdim=476 maxerr=2.81E-08 time=41.821
After sweep 18 energy=-16.638874  maxlinkdim=472 maxerr=2.91E-08 time=41.289
After sweep 19 energy=-16.639048  maxlinkdim=471 maxerr=1.92E-08 time=41.076
After sweep 20 energy=-16.638832  maxlinkdim=471 maxerr=3.84E-08 time=41.024
After sweep 21 energy=-16.638893  maxlinkdim=469 maxerr=7.51E-08 time=41.010
After sweep 22 energy=-16.638931  maxlinkdim=477 maxerr=2.98E-08 time=42.548
After sweep 23 energy=-16.638805  maxlinkdim=470 maxerr=1.24E-07 time=41.002
After sweep 24 energy=-16.638884  maxlinkdim=469 maxerr=2.09E-08 time=41.075
After sweep 25 energy=-16.638863  maxlinkdim=470 maxerr=3.98E-08 time=40.919
After sweep 26 energy=-16.638958  maxlinkdim=473 maxerr=3.89E-08 time=41.112
After sweep 27 energy=-16.63892  maxlinkdim=474 maxerr=4.16E-08 time=41.500
After sweep 28 energy=-16.63887  maxlinkdim=471 maxerr=1.50E-07 time=42.208
After sweep 29 energy=-16.638754  maxlinkdim=470 maxerr=2.79E-08 time=40.900
After sweep 30 energy=-16.63885  maxlinkdim=478 maxerr=3.35E-08 time=41.166
n0: 0.48767814; n1: 0.50003946; mu0: -2.351913010859174; mu1: -2.3419130108591744

Range found between mu0: -2.351913010859174 (n0: 0.48767814) and mu1: -2.3419130108591744 (n1: 0.50003946); refining...
n0: 0.48767814; n1: 0.50003946; mu0: -2.351913010859174; mu1: -2.3419130108591744
Trying secant step...
After sweep 1 energy=-9.378411  maxlinkdim=10 maxerr=3.17E-03 time=1.488
After sweep 2 energy=-16.912825  maxlinkdim=20 maxerr=9.28E-05 time=1.523
After sweep 3 energy=-17.261515  maxlinkdim=100 maxerr=3.66E-07 time=2.876
After sweep 4 energy=-17.268421  maxlinkdim=675 maxerr=1.00E-10 time=38.581
After sweep 5 energy=-17.26888  maxlinkdim=573 maxerr=3.71E-08 time=50.485
After sweep 6 energy=-17.26897  maxlinkdim=579 maxerr=4.39E-08 time=44.184
After sweep 7 energy=-17.268883  maxlinkdim=500 maxerr=3.35E-08 time=44.103
After sweep 8 energy=-17.26892  maxlinkdim=488 maxerr=2.86E-08 time=43.796
After sweep 9 energy=-17.26886  maxlinkdim=492 maxerr=2.78E-08 time=43.626
After sweep 10 energy=-17.268864  maxlinkdim=492 maxerr=2.96E-08 time=43.618
After sweep 11 energy=-17.26891  maxlinkdim=484 maxerr=2.75E-08 time=45.242
After sweep 12 energy=-17.268936  maxlinkdim=489 maxerr=2.15E-08 time=43.734
After sweep 13 energy=-17.268763  maxlinkdim=485 maxerr=1.60E-08 time=43.632
After sweep 14 energy=-17.268883  maxlinkdim=482 maxerr=2.71E-08 time=43.629
After sweep 15 energy=-17.26894  maxlinkdim=487 maxerr=5.67E-08 time=43.644
After sweep 16 energy=-17.26891  maxlinkdim=486 maxerr=3.46E-08 time=44.171
After sweep 17 energy=-17.268896  maxlinkdim=488 maxerr=5.15E-08 time=44.444
After sweep 18 energy=-17.26894  maxlinkdim=487 maxerr=1.55E-08 time=43.759
After sweep 19 energy=-17.268929  maxlinkdim=498 maxerr=4.82E-08 time=43.648
After sweep 20 energy=-17.26885  maxlinkdim=490 maxerr=3.84E-08 time=43.574
After sweep 21 energy=-17.268978  maxlinkdim=479 maxerr=5.91E-08 time=43.748
After sweep 22 energy=-17.268879  maxlinkdim=487 maxerr=7.21E-08 time=44.911
After sweep 23 energy=-17.268898  maxlinkdim=485 maxerr=3.32E-08 time=43.625
After sweep 24 energy=-17.268929  maxlinkdim=484 maxerr=4.21E-08 time=43.498
After sweep 25 energy=-17.26897  maxlinkdim=483 maxerr=1.04E-07 time=43.663
After sweep 26 energy=-17.268833  maxlinkdim=487 maxerr=8.32E-08 time=43.717
After sweep 27 energy=-17.268938  maxlinkdim=483 maxerr=1.37E-07 time=45.094
After sweep 28 energy=-17.268932  maxlinkdim=487 maxerr=7.43E-08 time=43.770
After sweep 29 energy=-17.268732  maxlinkdim=490 maxerr=2.97E-08 time=43.682
After sweep 30 energy=-17.268913  maxlinkdim=486 maxerr=3.73E-08 time=43.616
FOUND MU (secant); mu: -2.3419449316262373  n: 0.5000007
Target density achieved with mu=-2.3419449316262373, n=0.5000007
Checking {alpha,beta} vs measured
Alpha not converged.
NOT CONVERGED; updating alpha, beta and continuing...
After sweep 1 energy=-7.8544784  maxlinkdim=10 maxerr=5.73E-03 time=1.354
After sweep 2 energy=-16.90092  maxlinkdim=20 maxerr=1.45E-04 time=1.687
After sweep 3 energy=-17.261261  maxlinkdim=100 maxerr=4.21E-07 time=2.779
After sweep 4 energy=-17.269394  maxlinkdim=689 maxerr=1.00E-10 time=38.160
After sweep 5 energy=-17.270025  maxlinkdim=601 maxerr=1.31E-08 time=50.731
After sweep 6 energy=-17.270039  maxlinkdim=511 maxerr=6.41E-08 time=42.281
After sweep 7 energy=-17.269932  maxlinkdim=551 maxerr=5.70E-08 time=43.516
After sweep 8 energy=-17.269958  maxlinkdim=484 maxerr=3.24E-08 time=43.847
After sweep 9 energy=-17.270012  maxlinkdim=483 maxerr=2.85E-08 time=43.562
After sweep 10 energy=-17.269943  maxlinkdim=488 maxerr=7.94E-08 time=44.175
After sweep 11 energy=-17.269981  maxlinkdim=487 maxerr=3.22E-08 time=44.673
After sweep 12 energy=-17.270027  maxlinkdim=487 maxerr=8.35E-08 time=43.688
After sweep 13 energy=-17.269936  maxlinkdim=486 maxerr=7.31E-08 time=43.785
After sweep 14 energy=-17.269955  maxlinkdim=484 maxerr=4.05E-08 time=43.720
After sweep 15 energy=-17.270018  maxlinkdim=483 maxerr=4.67E-08 time=43.887
After sweep 16 energy=-17.269928  maxlinkdim=487 maxerr=3.34E-08 time=44.911
After sweep 17 energy=-17.270077  maxlinkdim=488 maxerr=7.35E-08 time=43.585
After sweep 18 energy=-17.269962  maxlinkdim=487 maxerr=4.09E-08 time=43.707
After sweep 19 energy=-17.27012  maxlinkdim=490 maxerr=2.91E-08 time=43.660
After sweep 20 energy=-17.26995  maxlinkdim=489 maxerr=1.89E-08 time=43.584
After sweep 21 energy=-17.269997  maxlinkdim=487 maxerr=4.18E-08 time=45.093
After sweep 22 energy=-17.269974  maxlinkdim=489 maxerr=1.11E-07 time=43.938
After sweep 23 energy=-17.270008  maxlinkdim=483 maxerr=6.63E-08 time=43.550
After sweep 24 energy=-17.270008  maxlinkdim=490 maxerr=4.05E-08 time=43.653
After sweep 25 energy=-17.270046  maxlinkdim=485 maxerr=1.89E-08 time=43.628
After sweep 26 energy=-17.269993  maxlinkdim=484 maxerr=6.64E-08 time=44.280
After sweep 27 energy=-17.269981  maxlinkdim=488 maxerr=1.88E-08 time=44.412
After sweep 28 energy=-17.269962  maxlinkdim=482 maxerr=3.01E-08 time=43.761
After sweep 29 energy=-17.270016  maxlinkdim=481 maxerr=3.38E-08 time=43.688
After sweep 30 energy=-17.269983  maxlinkdim=487 maxerr=3.40E-08 time=43.654
Not same mu, searching again
After sweep 1 energy=-8.211615  maxlinkdim=10 maxerr=7.94E-03 time=1.402
After sweep 2 energy=-17.474762  maxlinkdim=20 maxerr=1.70E-04 time=1.566
After sweep 3 energy=-17.909294  maxlinkdim=100 maxerr=4.62E-07 time=2.887
After sweep 4 energy=-17.917536  maxlinkdim=720 maxerr=1.00E-10 time=40.254
After sweep 5 energy=-17.917896  maxlinkdim=572 maxerr=4.48E-08 time=53.914
After sweep 6 energy=-17.91787  maxlinkdim=572 maxerr=4.27E-08 time=47.609
After sweep 7 energy=-17.91787  maxlinkdim=501 maxerr=4.11E-08 time=47.621
After sweep 8 energy=-17.917938  maxlinkdim=498 maxerr=1.96E-08 time=45.901
After sweep 9 energy=-17.917883  maxlinkdim=498 maxerr=2.46E-08 time=47.068
After sweep 10 energy=-17.917973  maxlinkdim=502 maxerr=3.74E-08 time=46.614
After sweep 11 energy=-17.91786  maxlinkdim=494 maxerr=2.53E-08 time=45.756
After sweep 12 energy=-17.917942  maxlinkdim=500 maxerr=1.53E-07 time=45.838
After sweep 13 energy=-17.917889  maxlinkdim=496 maxerr=5.31E-08 time=45.851
After sweep 14 energy=-17.91792  maxlinkdim=494 maxerr=2.62E-08 time=46.707
After sweep 15 energy=-17.917799  maxlinkdim=496 maxerr=1.56E-08 time=46.459
After sweep 16 energy=-17.917845  maxlinkdim=503 maxerr=3.15E-08 time=45.876
After sweep 17 energy=-17.917938  maxlinkdim=499 maxerr=6.11E-08 time=45.863
After sweep 18 energy=-17.917877  maxlinkdim=493 maxerr=1.82E-07 time=45.789
After sweep 19 energy=-17.917858  maxlinkdim=499 maxerr=6.46E-08 time=46.728
After sweep 20 energy=-17.9179  maxlinkdim=495 maxerr=5.54E-08 time=46.506
After sweep 21 energy=-17.917822  maxlinkdim=498 maxerr=4.97E-08 time=45.844
After sweep 22 energy=-17.917831  maxlinkdim=497 maxerr=5.98E-08 time=45.778
After sweep 23 energy=-17.917782  maxlinkdim=503 maxerr=8.13E-08 time=45.832
After sweep 24 energy=-17.917889  maxlinkdim=499 maxerr=4.43E-08 time=46.674
After sweep 25 energy=-17.917927  maxlinkdim=504 maxerr=1.30E-07 time=46.304
After sweep 26 energy=-17.91795  maxlinkdim=502 maxerr=3.65E-08 time=45.806
After sweep 27 energy=-17.917847  maxlinkdim=496 maxerr=1.91E-07 time=45.770
After sweep 28 energy=-17.917961  maxlinkdim=506 maxerr=1.45E-07 time=45.718
After sweep 29 energy=-17.91792  maxlinkdim=497 maxerr=1.23E-08 time=46.456
After sweep 30 energy=-17.917908  maxlinkdim=500 maxerr=6.10E-08 time=46.460
n0: 0.49996558; n1: 0.5122256; mu0: -2.3419449316262373; mu1: -2.3319449316262375

Range found between mu0: -2.3419449316262373 (n0: 0.49996558) and mu1: -2.3319449316262375 (n1: 0.5122256); refining...
n0: 0.49996558; n1: 0.5122256; mu0: -2.3419449316262373; mu1: -2.3319449316262375
Trying secant step...
After sweep 1 energy=-7.915328  maxlinkdim=10 maxerr=5.16E-03 time=1.352
After sweep 2 energy=-16.645119  maxlinkdim=20 maxerr=1.56E-04 time=1.700
After sweep 3 energy=-17.24569  maxlinkdim=100 maxerr=4.99E-07 time=2.802
After sweep 4 energy=-17.268372  maxlinkdim=687 maxerr=1.00E-10 time=36.067
After sweep 5 energy=-17.271204  maxlinkdim=570 maxerr=5.03E-08 time=42.871
After sweep 6 energy=-17.271843  maxlinkdim=542 maxerr=3.25E-08 time=37.258
After sweep 7 energy=-17.271736  maxlinkdim=574 maxerr=5.44E-08 time=42.422
After sweep 8 energy=-17.271738  maxlinkdim=571 maxerr=3.74E-08 time=45.756
After sweep 9 energy=-17.271856  maxlinkdim=490 maxerr=1.76E-08 time=43.696
After sweep 10 energy=-17.271767  maxlinkdim=489 maxerr=6.78E-08 time=43.640
After sweep 11 energy=-17.271763  maxlinkdim=488 maxerr=4.10E-08 time=43.650
After sweep 12 energy=-17.271837  maxlinkdim=483 maxerr=1.58E-07 time=43.650
After sweep 13 energy=-17.271854  maxlinkdim=484 maxerr=5.37E-08 time=45.156
After sweep 14 energy=-17.271835  maxlinkdim=480 maxerr=3.61E-08 time=43.683
After sweep 15 energy=-17.271778  maxlinkdim=489 maxerr=9.05E-08 time=43.491
After sweep 16 energy=-17.271828  maxlinkdim=485 maxerr=2.99E-08 time=43.424
After sweep 17 energy=-17.271894  maxlinkdim=487 maxerr=2.27E-08 time=43.604
After sweep 18 energy=-17.27174  maxlinkdim=487 maxerr=3.13E-08 time=44.385
After sweep 19 energy=-17.271809  maxlinkdim=482 maxerr=8.37E-09 time=44.243
After sweep 20 energy=-17.271868  maxlinkdim=487 maxerr=3.66E-08 time=43.672
After sweep 21 energy=-17.271866  maxlinkdim=491 maxerr=4.99E-08 time=43.646
After sweep 22 energy=-17.271841  maxlinkdim=483 maxerr=2.85E-08 time=43.626
After sweep 23 energy=-17.271786  maxlinkdim=482 maxerr=2.81E-08 time=44.041
After sweep 24 energy=-17.271824  maxlinkdim=488 maxerr=2.44E-08 time=44.625
After sweep 25 energy=-17.27184  maxlinkdim=487 maxerr=2.80E-08 time=43.684
After sweep 26 energy=-17.271797  maxlinkdim=480 maxerr=5.54E-08 time=43.528
After sweep 27 energy=-17.271805  maxlinkdim=484 maxerr=2.81E-08 time=43.494
After sweep 28 energy=-17.271807  maxlinkdim=487 maxerr=9.02E-08 time=43.646
After sweep 29 energy=-17.27183  maxlinkdim=490 maxerr=3.18E-08 time=46.997
After sweep 30 energy=-17.271807  maxlinkdim=493 maxerr=4.03E-08 time=43.639
FOUND MU (secant); mu: -2.3419168553267666  n: 0.4999991
Target density achieved with mu=-2.3419168553267666, n=0.4999991
Checking {alpha,beta} vs measured
Alpha not converged.
NOT CONVERGED; updating alpha, beta and continuing...
After sweep 1 energy=-9.155416  maxlinkdim=10 maxerr=5.36E-03 time=1.356
After sweep 2 energy=-16.978676  maxlinkdim=20 maxerr=1.12E-04 time=1.753
After sweep 3 energy=-17.266506  maxlinkdim=100 maxerr=4.85E-07 time=2.753
After sweep 4 energy=-17.270784  maxlinkdim=696 maxerr=1.00E-10 time=39.627
After sweep 5 energy=-17.270897  maxlinkdim=513 maxerr=2.29E-08 time=52.361
After sweep 6 energy=-17.270926  maxlinkdim=491 maxerr=6.46E-08 time=44.795
After sweep 7 energy=-17.27089  maxlinkdim=486 maxerr=1.12E-08 time=45.118
After sweep 8 energy=-17.27086  maxlinkdim=484 maxerr=3.19E-08 time=43.566
After sweep 9 energy=-17.270926  maxlinkdim=483 maxerr=8.89E-08 time=43.649
After sweep 10 energy=-17.270977  maxlinkdim=483 maxerr=5.81E-08 time=43.513
After sweep 11 energy=-17.270897  maxlinkdim=483 maxerr=4.51E-08 time=43.533
After sweep 12 energy=-17.270926  maxlinkdim=484 maxerr=3.97E-08 time=45.075
After sweep 13 energy=-17.27091  maxlinkdim=482 maxerr=2.65E-08 time=43.638
After sweep 14 energy=-17.270786  maxlinkdim=488 maxerr=9.91E-08 time=43.543
After sweep 15 energy=-17.270887  maxlinkdim=484 maxerr=3.34E-08 time=43.548
After sweep 16 energy=-17.270874  maxlinkdim=485 maxerr=2.85E-08 time=43.571
After sweep 17 energy=-17.270943  maxlinkdim=495 maxerr=1.00E-10 time=43.949
After sweep 18 energy=-17.270967  maxlinkdim=487 maxerr=2.47E-08 time=44.623
After sweep 19 energy=-17.27096  maxlinkdim=484 maxerr=6.69E-08 time=43.580
After sweep 20 energy=-17.27089  maxlinkdim=484 maxerr=9.25E-09 time=43.616
After sweep 21 energy=-17.270859  maxlinkdim=488 maxerr=3.05E-08 time=43.584
After sweep 22 energy=-17.270855  maxlinkdim=488 maxerr=3.55E-08 time=43.761
After sweep 23 energy=-17.270777  maxlinkdim=487 maxerr=3.69E-08 time=45.031
After sweep 24 energy=-17.270931  maxlinkdim=481 maxerr=4.10E-08 time=43.532
After sweep 25 energy=-17.270893  maxlinkdim=486 maxerr=3.84E-08 time=43.538
After sweep 26 energy=-17.270992  maxlinkdim=480 maxerr=3.69E-08 time=43.537
After sweep 27 energy=-17.270897  maxlinkdim=494 maxerr=2.54E-08 time=43.565
After sweep 28 energy=-17.270872  maxlinkdim=481 maxerr=4.78E-08 time=45.057
After sweep 29 energy=-17.270912  maxlinkdim=489 maxerr=3.56E-08 time=43.715
After sweep 30 energy=-17.270872  maxlinkdim=489 maxerr=1.54E-08 time=43.596
Not same mu, searching again
After sweep 1 energy=-7.6098747  maxlinkdim=10 maxerr=3.65E-03 time=1.427
After sweep 2 energy=-16.142342  maxlinkdim=20 maxerr=7.52E-05 time=1.493
After sweep 3 energy=-16.621561  maxlinkdim=100 maxerr=4.74E-07 time=2.876
After sweep 4 energy=-16.63732  maxlinkdim=677 maxerr=1.00E-10 time=36.955
After sweep 5 energy=-16.638687  maxlinkdim=497 maxerr=1.48E-08 time=46.616
After sweep 6 energy=-16.63884  maxlinkdim=511 maxerr=8.27E-08 time=41.106
After sweep 7 energy=-16.638847  maxlinkdim=489 maxerr=3.10E-08 time=42.061
After sweep 8 energy=-16.638908  maxlinkdim=470 maxerr=7.33E-08 time=41.208
After sweep 9 energy=-16.638927  maxlinkdim=473 maxerr=2.00E-08 time=41.070
After sweep 10 energy=-16.638897  maxlinkdim=471 maxerr=6.40E-08 time=41.198
After sweep 11 energy=-16.638847  maxlinkdim=474 maxerr=2.73E-08 time=41.039
After sweep 12 energy=-16.638853  maxlinkdim=478 maxerr=3.06E-08 time=42.430
After sweep 13 energy=-16.6389  maxlinkdim=472 maxerr=9.83E-08 time=41.236
After sweep 14 energy=-16.63887  maxlinkdim=473 maxerr=2.14E-07 time=41.124
After sweep 15 energy=-16.638823  maxlinkdim=470 maxerr=3.73E-08 time=41.113
After sweep 16 energy=-16.638807  maxlinkdim=472 maxerr=3.59E-08 time=41.105
After sweep 17 energy=-16.638857  maxlinkdim=472 maxerr=3.16E-08 time=41.416
After sweep 18 energy=-16.638823  maxlinkdim=472 maxerr=4.68E-08 time=42.193
After sweep 19 energy=-16.63875  maxlinkdim=471 maxerr=2.94E-08 time=41.133
After sweep 20 energy=-16.63883  maxlinkdim=472 maxerr=5.48E-08 time=41.162
After sweep 21 energy=-16.638794  maxlinkdim=470 maxerr=7.50E-08 time=41.092
After sweep 22 energy=-16.638956  maxlinkdim=471 maxerr=4.07E-08 time=41.231
After sweep 23 energy=-16.638762  maxlinkdim=470 maxerr=4.82E-08 time=41.901
After sweep 24 energy=-16.638824  maxlinkdim=471 maxerr=1.20E-07 time=41.855
After sweep 25 energy=-16.6389  maxlinkdim=472 maxerr=3.60E-08 time=41.190
After sweep 26 energy=-16.63887  maxlinkdim=469 maxerr=8.49E-08 time=41.081
After sweep 27 energy=-16.63882  maxlinkdim=471 maxerr=2.59E-08 time=41.089
After sweep 28 energy=-16.638855  maxlinkdim=474 maxerr=2.15E-08 time=41.210
After sweep 29 energy=-16.638754  maxlinkdim=472 maxerr=1.40E-08 time=42.534
After sweep 30 energy=-16.638874  maxlinkdim=475 maxerr=2.87E-08 time=41.094
n0: 0.4876713; n1: 0.50003105; mu0: -2.3519168553267664; mu1: -2.3419168553267666

Range found between mu0: -2.3519168553267664 (n0: 0.4876713) and mu1: -2.3419168553267666 (n1: 0.50003105); refining...
n0: 0.4876713; n1: 0.50003105; mu0: -2.3519168553267664; mu1: -2.3419168553267666
Trying secant step...
After sweep 1 energy=-9.311989  maxlinkdim=10 maxerr=4.91E-03 time=1.354
After sweep 2 energy=-16.783548  maxlinkdim=20 maxerr=7.20E-05 time=1.696
After sweep 3 energy=-17.255436  maxlinkdim=100 maxerr=4.13E-07 time=2.810
After sweep 4 energy=-17.268255  maxlinkdim=699 maxerr=1.00E-10 time=38.553
After sweep 5 energy=-17.269295  maxlinkdim=553 maxerr=2.90E-08 time=48.641
After sweep 6 energy=-17.269253  maxlinkdim=585 maxerr=8.08E-08 time=43.106
After sweep 7 energy=-17.269302  maxlinkdim=543 maxerr=2.76E-08 time=45.573
After sweep 8 energy=-17.269236  maxlinkdim=488 maxerr=2.12E-08 time=43.848
After sweep 9 energy=-17.269348  maxlinkdim=488 maxerr=6.43E-08 time=43.718
After sweep 10 energy=-17.269283  maxlinkdim=485 maxerr=3.08E-08 time=43.663
After sweep 11 energy=-17.269287  maxlinkdim=483 maxerr=3.70E-08 time=43.739
After sweep 12 energy=-17.269218  maxlinkdim=484 maxerr=1.94E-08 time=44.113
After sweep 13 energy=-17.269302  maxlinkdim=485 maxerr=1.58E-08 time=44.458
After sweep 14 energy=-17.269247  maxlinkdim=489 maxerr=1.81E-07 time=43.628
After sweep 15 energy=-17.269264  maxlinkdim=490 maxerr=4.26E-08 time=43.621
After sweep 16 energy=-17.269295  maxlinkdim=482 maxerr=4.58E-08 time=43.614
After sweep 17 energy=-17.269249  maxlinkdim=482 maxerr=4.63E-08 time=43.612
After sweep 18 energy=-17.26935  maxlinkdim=481 maxerr=1.26E-07 time=45.060
After sweep 19 energy=-17.269157  maxlinkdim=480 maxerr=2.49E-08 time=43.552
After sweep 20 energy=-17.269238  maxlinkdim=485 maxerr=1.76E-08 time=43.475
After sweep 21 energy=-17.269283  maxlinkdim=484 maxerr=3.28E-08 time=43.619
After sweep 22 energy=-17.26914  maxlinkdim=491 maxerr=6.96E-08 time=43.674
After sweep 23 energy=-17.269272  maxlinkdim=484 maxerr=1.66E-07 time=45.037
After sweep 24 energy=-17.269314  maxlinkdim=489 maxerr=1.96E-08 time=43.554
After sweep 25 energy=-17.269299  maxlinkdim=494 maxerr=3.42E-08 time=43.526
After sweep 26 energy=-17.269257  maxlinkdim=487 maxerr=3.89E-08 time=43.603
After sweep 27 energy=-17.269293  maxlinkdim=487 maxerr=3.80E-08 time=43.580
After sweep 28 energy=-17.269384  maxlinkdim=482 maxerr=8.07E-08 time=43.961
After sweep 29 energy=-17.2693  maxlinkdim=487 maxerr=2.07E-08 time=44.521
After sweep 30 energy=-17.269186  maxlinkdim=483 maxerr=3.27E-08 time=43.624
FOUND MU (secant); mu: -2.341941980409653  n: 0.49999708
Target density achieved with mu=-2.341941980409653, n=0.49999708
Checking {alpha,beta} vs measured
Alpha not converged.
NOT CONVERGED; updating alpha, beta and continuing...
After sweep 1 energy=-8.301132  maxlinkdim=10 maxerr=2.85E-03 time=1.362
After sweep 2 energy=-16.463139  maxlinkdim=20 maxerr=1.41E-04 time=1.751
After sweep 3 energy=-17.229454  maxlinkdim=100 maxerr=5.25E-07 time=2.696
After sweep 4 energy=-17.266459  maxlinkdim=705 maxerr=1.00E-10 time=37.822
After sweep 5 energy=-17.269588  maxlinkdim=581 maxerr=3.76E-08 time=46.520
After sweep 6 energy=-17.270096  maxlinkdim=566 maxerr=5.24E-08 time=40.244
After sweep 7 energy=-17.270153  maxlinkdim=559 maxerr=8.16E-08 time=46.242
After sweep 8 energy=-17.27008  maxlinkdim=486 maxerr=1.06E-07 time=44.757
After sweep 9 energy=-17.270098  maxlinkdim=488 maxerr=3.13E-08 time=43.690
After sweep 10 energy=-17.270117  maxlinkdim=482 maxerr=3.27E-08 time=43.584
After sweep 11 energy=-17.270046  maxlinkdim=488 maxerr=4.09E-08 time=43.626
After sweep 12 energy=-17.270054  maxlinkdim=488 maxerr=2.64E-08 time=45.120
After sweep 13 energy=-17.270063  maxlinkdim=484 maxerr=2.47E-08 time=43.695
After sweep 14 energy=-17.27018  maxlinkdim=482 maxerr=2.95E-08 time=43.600
After sweep 15 energy=-17.270123  maxlinkdim=484 maxerr=5.80E-08 time=43.685
After sweep 16 energy=-17.270126  maxlinkdim=486 maxerr=3.17E-08 time=43.566
After sweep 17 energy=-17.270191  maxlinkdim=481 maxerr=4.26E-08 time=44.326
After sweep 18 energy=-17.27011  maxlinkdim=487 maxerr=4.16E-08 time=44.412
After sweep 19 energy=-17.270159  maxlinkdim=488 maxerr=4.05E-08 time=43.677
After sweep 20 energy=-17.270056  maxlinkdim=487 maxerr=4.13E-08 time=43.724
After sweep 21 energy=-17.270088  maxlinkdim=487 maxerr=2.75E-08 time=43.633
After sweep 22 energy=-17.270168  maxlinkdim=481 maxerr=7.30E-08 time=43.755
After sweep 23 energy=-17.270035  maxlinkdim=481 maxerr=4.72E-08 time=44.938
After sweep 24 energy=-17.270151  maxlinkdim=481 maxerr=4.95E-08 time=43.672
After sweep 25 energy=-17.270136  maxlinkdim=484 maxerr=3.90E-08 time=43.649
After sweep 26 energy=-17.270088  maxlinkdim=489 maxerr=3.45E-08 time=43.671
After sweep 27 energy=-17.270157  maxlinkdim=482 maxerr=2.66E-08 time=43.688
After sweep 28 energy=-17.270092  maxlinkdim=479 maxerr=3.12E-08 time=45.010
After sweep 29 energy=-17.270018  maxlinkdim=486 maxerr=3.26E-08 time=43.649
After sweep 30 energy=-17.270092  maxlinkdim=485 maxerr=1.14E-10 time=43.595
Not same mu, searching again
After sweep 1 energy=-8.746589  maxlinkdim=10 maxerr=5.91E-03 time=1.349
After sweep 2 energy=-17.447294  maxlinkdim=20 maxerr=2.32E-04 time=1.684
After sweep 3 energy=-17.91069  maxlinkdim=100 maxerr=5.17E-07 time=2.817
After sweep 4 energy=-17.917822  maxlinkdim=697 maxerr=1.00E-10 time=39.949
After sweep 5 energy=-17.918015  maxlinkdim=569 maxerr=3.39E-08 time=53.445
After sweep 6 energy=-17.91803  maxlinkdim=583 maxerr=7.59E-08 time=49.345
After sweep 7 energy=-17.917942  maxlinkdim=499 maxerr=2.90E-09 time=47.004
After sweep 8 energy=-17.918034  maxlinkdim=494 maxerr=7.38E-08 time=45.808
After sweep 9 energy=-17.917982  maxlinkdim=501 maxerr=3.99E-08 time=45.761
After sweep 10 energy=-17.918072  maxlinkdim=495 maxerr=3.64E-08 time=46.007
After sweep 11 energy=-17.918043  maxlinkdim=496 maxerr=1.27E-07 time=46.963
After sweep 12 energy=-17.918089  maxlinkdim=500 maxerr=1.49E-07 time=46.083
After sweep 13 energy=-17.91807  maxlinkdim=495 maxerr=2.13E-07 time=45.803
After sweep 14 energy=-17.917953  maxlinkdim=493 maxerr=1.12E-07 time=45.877
After sweep 15 energy=-17.918024  maxlinkdim=493 maxerr=3.69E-08 time=46.052
After sweep 16 energy=-17.918037  maxlinkdim=496 maxerr=3.14E-08 time=46.874
After sweep 17 energy=-17.91801  maxlinkdim=492 maxerr=5.44E-08 time=45.671
After sweep 18 energy=-17.917976  maxlinkdim=501 maxerr=1.36E-08 time=45.784
After sweep 19 energy=-17.917965  maxlinkdim=501 maxerr=6.82E-08 time=45.819
After sweep 20 energy=-17.917976  maxlinkdim=497 maxerr=2.03E-07 time=46.273
After sweep 21 energy=-17.918041  maxlinkdim=496 maxerr=2.43E-08 time=46.886
After sweep 22 energy=-17.917885  maxlinkdim=498 maxerr=8.54E-08 time=45.738
After sweep 23 energy=-17.917831  maxlinkdim=503 maxerr=4.29E-08 time=45.780
After sweep 24 energy=-17.917988  maxlinkdim=499 maxerr=9.24E-08 time=45.778
After sweep 25 energy=-17.918121  maxlinkdim=499 maxerr=2.02E-08 time=46.092
After sweep 26 energy=-17.917974  maxlinkdim=506 maxerr=9.23E-08 time=47.075
After sweep 27 energy=-17.918034  maxlinkdim=499 maxerr=3.61E-08 time=45.856
After sweep 28 energy=-17.9181  maxlinkdim=495 maxerr=2.45E-08 time=45.807
After sweep 29 energy=-17.917988  maxlinkdim=498 maxerr=5.57E-08 time=45.703
After sweep 30 energy=-17.918028  maxlinkdim=507 maxerr=6.08E-08 time=46.059
n0: 0.4999749; n1: 0.51223475; mu0: -2.341941980409653; mu1: -2.331941980409653

Range found between mu0: -2.341941980409653 (n0: 0.4999749) and mu1: -2.331941980409653 (n1: 0.51223475); refining...
n0: 0.4999749; n1: 0.51223475; mu0: -2.341941980409653; mu1: -2.331941980409653
Trying secant step...
After sweep 1 energy=-7.801715  maxlinkdim=10 maxerr=5.20E-03 time=1.414
After sweep 2 energy=-16.789227  maxlinkdim=20 maxerr=3.86E-04 time=1.570
After sweep 3 energy=-17.26063  maxlinkdim=100 maxerr=3.76E-07 time=2.614
After sweep 4 energy=-17.270758  maxlinkdim=678 maxerr=1.00E-10 time=39.572
After sweep 5 energy=-17.271452  maxlinkdim=562 maxerr=2.25E-08 time=49.498
After sweep 6 energy=-17.271416  maxlinkdim=562 maxerr=2.95E-08 time=43.629
After sweep 7 energy=-17.271414  maxlinkdim=511 maxerr=2.86E-08 time=44.288
After sweep 8 energy=-17.271465  maxlinkdim=489 maxerr=2.60E-08 time=43.801
After sweep 9 energy=-17.271358  maxlinkdim=485 maxerr=1.68E-08 time=45.030
After sweep 10 energy=-17.27137  maxlinkdim=487 maxerr=2.39E-08 time=43.621
After sweep 11 energy=-17.27144  maxlinkdim=488 maxerr=2.81E-08 time=43.627
After sweep 12 energy=-17.271387  maxlinkdim=482 maxerr=1.57E-08 time=43.590
After sweep 13 energy=-17.271313  maxlinkdim=489 maxerr=7.02E-08 time=43.586
After sweep 14 energy=-17.271452  maxlinkdim=481 maxerr=1.61E-08 time=45.099
After sweep 15 energy=-17.27142  maxlinkdim=484 maxerr=4.49E-08 time=43.689
After sweep 16 energy=-17.271454  maxlinkdim=485 maxerr=3.66E-08 time=43.573
After sweep 17 energy=-17.27153  maxlinkdim=487 maxerr=7.26E-08 time=43.690
After sweep 18 energy=-17.271458  maxlinkdim=486 maxerr=2.28E-08 time=43.719
After sweep 19 energy=-17.271564  maxlinkdim=484 maxerr=1.38E-08 time=44.185
After sweep 20 energy=-17.271431  maxlinkdim=488 maxerr=1.49E-08 time=44.530
After sweep 21 energy=-17.271551  maxlinkdim=482 maxerr=1.79E-07 time=43.598
After sweep 22 energy=-17.271364  maxlinkdim=486 maxerr=1.70E-07 time=43.731
After sweep 23 energy=-17.271454  maxlinkdim=487 maxerr=3.08E-08 time=43.590
After sweep 24 energy=-17.271358  maxlinkdim=485 maxerr=2.22E-08 time=43.841
After sweep 25 energy=-17.271545  maxlinkdim=485 maxerr=2.60E-08 time=44.822
After sweep 26 energy=-17.27144  maxlinkdim=488 maxerr=2.65E-08 time=43.639
After sweep 27 energy=-17.271484  maxlinkdim=487 maxerr=3.85E-08 time=43.783
After sweep 28 energy=-17.271334  maxlinkdim=483 maxerr=2.53E-08 time=43.683
After sweep 29 energy=-17.271328  maxlinkdim=485 maxerr=4.58E-08 time=43.617
After sweep 30 energy=-17.271437  maxlinkdim=492 maxerr=4.71E-08 time=45.048
FOUND MU (secant); mu: -2.3419215123175126  n: 0.5000001
Target density achieved with mu=-2.3419215123175126, n=0.5000001
Checking {alpha,beta} vs measured
Alpha not converged.
NOT CONVERGED; updating alpha, beta and continuing...
After sweep 1 energy=-9.484859  maxlinkdim=10 maxerr=3.21E-03 time=1.335
After sweep 2 energy=-16.969698  maxlinkdim=20 maxerr=1.86E-04 time=1.750
After sweep 3 energy=-17.26658  maxlinkdim=100 maxerr=4.08E-07 time=2.651
After sweep 4 energy=-17.27068  maxlinkdim=687 maxerr=1.00E-10 time=39.418
After sweep 5 energy=-17.270708  maxlinkdim=566 maxerr=5.82E-08 time=51.078
After sweep 6 energy=-17.270618  maxlinkdim=490 maxerr=4.19E-08 time=44.352
After sweep 7 energy=-17.270687  maxlinkdim=483 maxerr=5.79E-08 time=43.772
After sweep 8 energy=-17.270615  maxlinkdim=478 maxerr=1.47E-08 time=45.122
After sweep 9 energy=-17.270676  maxlinkdim=481 maxerr=2.27E-08 time=43.527
After sweep 10 energy=-17.270676  maxlinkdim=492 maxerr=1.29E-07 time=43.533
After sweep 11 energy=-17.270687  maxlinkdim=487 maxerr=4.63E-08 time=43.668
After sweep 12 energy=-17.27067  maxlinkdim=486 maxerr=1.48E-08 time=43.693
After sweep 13 energy=-17.27064  maxlinkdim=491 maxerr=1.08E-07 time=44.198
After sweep 14 energy=-17.270615  maxlinkdim=492 maxerr=9.06E-08 time=44.585
After sweep 15 energy=-17.270714  maxlinkdim=492 maxerr=4.73E-08 time=43.716
After sweep 16 energy=-17.270706  maxlinkdim=489 maxerr=1.86E-08 time=43.750
After sweep 17 energy=-17.270704  maxlinkdim=485 maxerr=4.93E-08 time=43.650
After sweep 18 energy=-17.270756  maxlinkdim=484 maxerr=4.88E-08 time=43.789
After sweep 19 energy=-17.270557  maxlinkdim=482 maxerr=1.81E-07 time=44.880
After sweep 20 energy=-17.270678  maxlinkdim=487 maxerr=3.81E-08 time=43.608
After sweep 21 energy=-17.270699  maxlinkdim=484 maxerr=1.61E-08 time=43.605
After sweep 22 energy=-17.2706  maxlinkdim=491 maxerr=7.75E-08 time=43.592
After sweep 23 energy=-17.270645  maxlinkdim=484 maxerr=6.82E-08 time=43.623
After sweep 24 energy=-17.270702  maxlinkdim=482 maxerr=2.64E-08 time=45.085
After sweep 25 energy=-17.270763  maxlinkdim=483 maxerr=1.29E-07 time=43.599
After sweep 26 energy=-17.270714  maxlinkdim=492 maxerr=1.64E-08 time=43.617
After sweep 27 energy=-17.270603  maxlinkdim=492 maxerr=7.96E-08 time=43.529
After sweep 28 energy=-17.270664  maxlinkdim=483 maxerr=4.36E-08 time=43.512
After sweep 29 energy=-17.270653  maxlinkdim=485 maxerr=2.78E-08 time=44.202
After sweep 30 energy=-17.270687  maxlinkdim=481 maxerr=1.23E-08 time=44.434
Not same mu, searching again
After sweep 1 energy=-8.075967  maxlinkdim=10 maxerr=5.91E-03 time=1.350
After sweep 2 energy=-16.262796  maxlinkdim=20 maxerr=1.09E-04 time=1.773
After sweep 3 energy=-16.629536  maxlinkdim=100 maxerr=3.48E-07 time=2.687
After sweep 4 energy=-16.637987  maxlinkdim=694 maxerr=1.00E-10 time=37.528
After sweep 5 energy=-16.638523  maxlinkdim=556 maxerr=1.16E-07 time=49.187
After sweep 6 energy=-16.638605  maxlinkdim=515 maxerr=3.03E-08 time=41.388
After sweep 7 energy=-16.638552  maxlinkdim=499 maxerr=3.30E-08 time=41.848
After sweep 8 energy=-16.63874  maxlinkdim=468 maxerr=2.31E-08 time=42.338
After sweep 9 energy=-16.638588  maxlinkdim=471 maxerr=2.32E-08 time=41.134
After sweep 10 energy=-16.63861  maxlinkdim=470 maxerr=1.89E-07 time=41.017
After sweep 11 energy=-16.638636  maxlinkdim=469 maxerr=4.91E-08 time=41.193
After sweep 12 energy=-16.638512  maxlinkdim=468 maxerr=4.02E-08 time=41.041
After sweep 13 energy=-16.638527  maxlinkdim=470 maxerr=3.02E-08 time=41.829
After sweep 14 energy=-16.638695  maxlinkdim=470 maxerr=3.99E-08 time=41.881
After sweep 15 energy=-16.63859  maxlinkdim=470 maxerr=1.60E-08 time=41.006
After sweep 16 energy=-16.638697  maxlinkdim=471 maxerr=3.59E-08 time=40.993
After sweep 17 energy=-16.638554  maxlinkdim=472 maxerr=1.46E-08 time=41.119
After sweep 18 energy=-16.638659  maxlinkdim=475 maxerr=4.04E-08 time=41.109
After sweep 19 energy=-16.63861  maxlinkdim=479 maxerr=6.04E-08 time=42.485
After sweep 20 energy=-16.638596  maxlinkdim=475 maxerr=3.32E-08 time=41.101
After sweep 21 energy=-16.63869  maxlinkdim=469 maxerr=1.90E-08 time=41.125
After sweep 22 energy=-16.638643  maxlinkdim=473 maxerr=1.22E-07 time=41.144
After sweep 23 energy=-16.63867  maxlinkdim=478 maxerr=4.38E-08 time=41.008
After sweep 24 energy=-16.638529  maxlinkdim=470 maxerr=7.15E-08 time=41.327
After sweep 25 energy=-16.638662  maxlinkdim=472 maxerr=3.89E-08 time=42.256
After sweep 26 energy=-16.638554  maxlinkdim=471 maxerr=2.36E-08 time=41.073
After sweep 27 energy=-16.638653  maxlinkdim=471 maxerr=2.80E-08 time=41.030
After sweep 28 energy=-16.638523  maxlinkdim=473 maxerr=2.66E-08 time=41.056
After sweep 29 energy=-16.638586  maxlinkdim=469 maxerr=3.30E-08 time=40.946
After sweep 30 energy=-16.638508  maxlinkdim=471 maxerr=5.39E-08 time=41.605
n0: 0.4876605; n1: 0.50002074; mu0: -2.3519215123175123; mu1: -2.3419215123175126

Range found between mu0: -2.3519215123175123 (n0: 0.4876605) and mu1: -2.3419215123175126 (n1: 0.50002074); refining...
n0: 0.4876605; n1: 0.50002074; mu0: -2.3519215123175123; mu1: -2.3419215123175126
Trying secant step...
After sweep 1 energy=-8.886126  maxlinkdim=10 maxerr=4.70E-03 time=1.408
After sweep 2 energy=-16.864632  maxlinkdim=20 maxerr=9.86E-05 time=1.562
After sweep 3 energy=-17.259724  maxlinkdim=100 maxerr=3.65E-07 time=2.603
After sweep 4 energy=-17.268898  maxlinkdim=722 maxerr=1.00E-10 time=41.950
After sweep 5 energy=-17.2695  maxlinkdim=577 maxerr=3.38E-08 time=53.199
After sweep 6 energy=-17.269583  maxlinkdim=579 maxerr=1.08E-08 time=44.380
After sweep 7 energy=-17.26964  maxlinkdim=491 maxerr=3.84E-08 time=44.343
After sweep 8 energy=-17.269657  maxlinkdim=486 maxerr=9.55E-08 time=43.849
After sweep 9 energy=-17.269558  maxlinkdim=483 maxerr=1.65E-08 time=44.914
After sweep 10 energy=-17.2696  maxlinkdim=486 maxerr=3.72E-08 time=43.715
After sweep 11 energy=-17.269613  maxlinkdim=489 maxerr=4.90E-08 time=43.621
After sweep 12 energy=-17.269663  maxlinkdim=497 maxerr=3.10E-08 time=43.569
After sweep 13 energy=-17.269594  maxlinkdim=486 maxerr=9.54E-08 time=43.656
After sweep 14 energy=-17.26951  maxlinkdim=480 maxerr=5.61E-08 time=45.161
After sweep 15 energy=-17.269573  maxlinkdim=479 maxerr=1.77E-08 time=43.650
After sweep 16 energy=-17.26953  maxlinkdim=488 maxerr=3.89E-08 time=43.646
After sweep 17 energy=-17.269588  maxlinkdim=481 maxerr=3.86E-08 time=43.609
After sweep 18 energy=-17.269539  maxlinkdim=485 maxerr=3.50E-08 time=43.505
After sweep 19 energy=-17.269524  maxlinkdim=482 maxerr=5.85E-08 time=47.044
After sweep 20 energy=-17.269566  maxlinkdim=484 maxerr=3.04E-08 time=44.353
After sweep 21 energy=-17.269623  maxlinkdim=480 maxerr=2.98E-08 time=43.604
After sweep 22 energy=-17.269646  maxlinkdim=485 maxerr=3.12E-08 time=43.585
After sweep 23 energy=-17.269583  maxlinkdim=487 maxerr=1.66E-07 time=43.629
After sweep 24 energy=-17.269566  maxlinkdim=485 maxerr=3.13E-08 time=44.167
After sweep 25 energy=-17.269566  maxlinkdim=485 maxerr=5.91E-08 time=44.871
After sweep 26 energy=-17.269556  maxlinkdim=481 maxerr=5.88E-08 time=43.620
After sweep 27 energy=-17.269653  maxlinkdim=488 maxerr=8.16E-08 time=43.619
After sweep 28 energy=-17.269665  maxlinkdim=488 maxerr=2.59E-08 time=43.591
After sweep 29 energy=-17.269598  maxlinkdim=495 maxerr=3.19E-08 time=43.747
After sweep 30 energy=-17.269636  maxlinkdim=489 maxerr=6.21E-08 time=45.127
FOUND MU (secant); mu: -2.341938293875159  n: 0.4999998
Target density achieved with mu=-2.341938293875159, n=0.4999998
Checking {alpha,beta} vs measured
Alpha not converged.
NOT CONVERGED; updating alpha, beta and continuing...
After sweep 1 energy=-9.108564  maxlinkdim=10 maxerr=7.60E-03 time=1.340
After sweep 2 energy=-16.931149  maxlinkdim=20 maxerr=6.66E-05 time=1.760
After sweep 3 energy=-17.264378  maxlinkdim=100 maxerr=4.23E-07 time=2.700
After sweep 4 energy=-17.270159  maxlinkdim=694 maxerr=1.00E-10 time=39.068
After sweep 5 energy=-17.270267  maxlinkdim=501 maxerr=1.52E-08 time=49.098
After sweep 6 energy=-17.270245  maxlinkdim=492 maxerr=1.62E-08 time=43.859
After sweep 7 energy=-17.270203  maxlinkdim=488 maxerr=4.67E-08 time=43.839
After sweep 8 energy=-17.270252  maxlinkdim=485 maxerr=3.68E-08 time=45.137
After sweep 9 energy=-17.27017  maxlinkdim=481 maxerr=5.51E-08 time=43.633
After sweep 10 energy=-17.270237  maxlinkdim=493 maxerr=2.85E-08 time=43.566
After sweep 11 energy=-17.270294  maxlinkdim=481 maxerr=3.98E-08 time=43.679
After sweep 12 energy=-17.270275  maxlinkdim=482 maxerr=2.44E-08 time=43.720
After sweep 13 energy=-17.27024  maxlinkdim=484 maxerr=1.15E-07 time=45.088
After sweep 14 energy=-17.270184  maxlinkdim=488 maxerr=2.78E-08 time=43.529
After sweep 15 energy=-17.270227  maxlinkdim=488 maxerr=3.62E-08 time=43.574
After sweep 16 energy=-17.270233  maxlinkdim=489 maxerr=4.69E-08 time=43.574
After sweep 17 energy=-17.27029  maxlinkdim=484 maxerr=4.37E-08 time=43.513
After sweep 18 energy=-17.270166  maxlinkdim=484 maxerr=6.14E-08 time=44.027
After sweep 19 energy=-17.270256  maxlinkdim=486 maxerr=5.25E-08 time=44.607
After sweep 20 energy=-17.270256  maxlinkdim=481 maxerr=3.45E-08 time=43.678
After sweep 21 energy=-17.270237  maxlinkdim=490 maxerr=5.80E-09 time=43.594
After sweep 22 energy=-17.270252  maxlinkdim=491 maxerr=6.61E-08 time=43.702
After sweep 23 energy=-17.270294  maxlinkdim=482 maxerr=4.87E-08 time=43.680
After sweep 24 energy=-17.270338  maxlinkdim=493 maxerr=1.67E-07 time=44.829
After sweep 25 energy=-17.270197  maxlinkdim=485 maxerr=1.07E-08 time=43.671
After sweep 26 energy=-17.270233  maxlinkdim=487 maxerr=4.41E-08 time=43.631
After sweep 27 energy=-17.270119  maxlinkdim=490 maxerr=4.19E-08 time=43.645
After sweep 28 energy=-17.270233  maxlinkdim=479 maxerr=2.40E-08 time=43.741
After sweep 29 energy=-17.27016  maxlinkdim=484 maxerr=2.74E-08 time=45.118
After sweep 30 energy=-17.270147  maxlinkdim=484 maxerr=4.71E-08 time=43.568
Not same mu, searching again
After sweep 1 energy=-8.395862  maxlinkdim=10 maxerr=3.21E-03 time=1.428
After sweep 2 energy=-17.465248  maxlinkdim=20 maxerr=1.05E-04 time=1.513
After sweep 3 energy=-17.906973  maxlinkdim=100 maxerr=4.16E-07 time=2.838
After sweep 4 energy=-17.91732  maxlinkdim=704 maxerr=1.00E-10 time=39.980
After sweep 5 energy=-17.918097  maxlinkdim=605 maxerr=2.35E-08 time=53.921
After sweep 6 energy=-17.91817  maxlinkdim=586 maxerr=9.63E-08 time=46.191
After sweep 7 energy=-17.918041  maxlinkdim=560 maxerr=1.33E-07 time=48.646
After sweep 8 energy=-17.918118  maxlinkdim=499 maxerr=1.12E-08 time=46.111
After sweep 9 energy=-17.918129  maxlinkdim=496 maxerr=2.20E-08 time=45.763
After sweep 10 energy=-17.91815  maxlinkdim=507 maxerr=4.76E-08 time=45.685
After sweep 11 energy=-17.918068  maxlinkdim=503 maxerr=9.27E-08 time=45.771
After sweep 12 energy=-17.918047  maxlinkdim=496 maxerr=4.16E-08 time=47.037
After sweep 13 energy=-17.91793  maxlinkdim=497 maxerr=4.21E-08 time=45.781
After sweep 14 energy=-17.91813  maxlinkdim=504 maxerr=4.66E-08 time=45.815
After sweep 15 energy=-17.918177  maxlinkdim=495 maxerr=4.65E-08 time=45.865
After sweep 16 energy=-17.918102  maxlinkdim=496 maxerr=1.50E-07 time=45.776
After sweep 17 energy=-17.918167  maxlinkdim=499 maxerr=5.34E-08 time=47.226
After sweep 18 energy=-17.91816  maxlinkdim=492 maxerr=1.18E-07 time=45.889
After sweep 19 energy=-17.918068  maxlinkdim=502 maxerr=4.11E-08 time=45.790
After sweep 20 energy=-17.918053  maxlinkdim=497 maxerr=5.59E-08 time=45.712
After sweep 21 energy=-17.918203  maxlinkdim=493 maxerr=2.22E-08 time=45.673
After sweep 22 energy=-17.917988  maxlinkdim=500 maxerr=1.50E-08 time=47.136
After sweep 23 energy=-17.918053  maxlinkdim=497 maxerr=1.47E-07 time=45.770
After sweep 24 energy=-17.918142  maxlinkdim=506 maxerr=2.49E-08 time=45.755
After sweep 25 energy=-17.918118  maxlinkdim=498 maxerr=3.03E-08 time=45.801
After sweep 26 energy=-17.918152  maxlinkdim=495 maxerr=1.14E-07 time=45.805
After sweep 27 energy=-17.918085  maxlinkdim=499 maxerr=7.24E-08 time=47.213
After sweep 28 energy=-17.918083  maxlinkdim=499 maxerr=2.19E-08 time=45.738
After sweep 29 energy=-17.91816  maxlinkdim=495 maxerr=2.22E-08 time=45.689
After sweep 30 energy=-17.918194  maxlinkdim=501 maxerr=3.77E-08 time=45.676
n0: 0.4999807; n1: 0.51224226; mu0: -2.341938293875159; mu1: -2.3319382938751594

Range found between mu0: -2.341938293875159 (n0: 0.4999807) and mu1: -2.3319382938751594 (n1: 0.51224226); refining...
n0: 0.4999807; n1: 0.51224226; mu0: -2.341938293875159; mu1: -2.3319382938751594
Trying secant step...
After sweep 1 energy=-8.647313  maxlinkdim=10 maxerr=3.72E-03 time=1.389
After sweep 2 energy=-16.87111  maxlinkdim=20 maxerr=9.29E-05 time=1.465
After sweep 3 energy=-17.263783  maxlinkdim=100 maxerr=4.35E-07 time=2.811
After sweep 4 energy=-17.270834  maxlinkdim=700 maxerr=1.00E-10 time=39.702
After sweep 5 energy=-17.271301  maxlinkdim=566 maxerr=2.14E-08 time=53.465
After sweep 6 energy=-17.271276  maxlinkdim=574 maxerr=5.54E-08 time=45.261
After sweep 7 energy=-17.271221  maxlinkdim=486 maxerr=1.60E-08 time=44.232
After sweep 8 energy=-17.27118  maxlinkdim=491 maxerr=3.39E-08 time=43.652
After sweep 9 energy=-17.271215  maxlinkdim=481 maxerr=2.47E-07 time=43.641
After sweep 10 energy=-17.27119  maxlinkdim=485 maxerr=4.38E-08 time=45.130
After sweep 11 energy=-17.271194  maxlinkdim=488 maxerr=2.23E-08 time=43.694
After sweep 12 energy=-17.271114  maxlinkdim=488 maxerr=8.57E-09 time=43.723
After sweep 13 energy=-17.271137  maxlinkdim=485 maxerr=2.26E-08 time=43.643
After sweep 14 energy=-17.271235  maxlinkdim=479 maxerr=2.05E-08 time=43.433
After sweep 15 energy=-17.271175  maxlinkdim=486 maxerr=4.97E-08 time=44.080
After sweep 16 energy=-17.271175  maxlinkdim=480 maxerr=1.22E-07 time=44.351
After sweep 17 energy=-17.27132  maxlinkdim=491 maxerr=2.70E-08 time=43.644
After sweep 18 energy=-17.271227  maxlinkdim=489 maxerr=2.06E-08 time=43.636
After sweep 19 energy=-17.271263  maxlinkdim=486 maxerr=3.47E-08 time=43.723
After sweep 20 energy=-17.271242  maxlinkdim=488 maxerr=2.89E-08 time=43.868
After sweep 21 energy=-17.271244  maxlinkdim=491 maxerr=3.68E-08 time=44.890
After sweep 22 energy=-17.271275  maxlinkdim=487 maxerr=3.09E-08 time=43.602
After sweep 23 energy=-17.271103  maxlinkdim=491 maxerr=5.64E-08 time=43.491
After sweep 24 energy=-17.271198  maxlinkdim=492 maxerr=5.58E-08 time=43.546
After sweep 25 energy=-17.271248  maxlinkdim=489 maxerr=5.36E-08 time=43.594
After sweep 26 energy=-17.27119  maxlinkdim=489 maxerr=3.35E-08 time=45.117
After sweep 27 energy=-17.27126  maxlinkdim=484 maxerr=1.26E-08 time=43.632
After sweep 28 energy=-17.271267  maxlinkdim=482 maxerr=4.08E-08 time=43.577
After sweep 29 energy=-17.271202  maxlinkdim=482 maxerr=7.35E-08 time=43.543
After sweep 30 energy=-17.271229  maxlinkdim=484 maxerr=2.40E-08 time=43.535
FOUND MU (secant); mu: -2.3419225439298463  n: 0.5000013
Target density achieved with mu=-2.3419225439298463, n=0.5000013
Checking {alpha,beta} vs measured
Alpha not converged.
NOT CONVERGED; updating alpha, beta and continuing...
After sweep 1 energy=-8.059573  maxlinkdim=10 maxerr=3.82E-03 time=1.407
After sweep 2 energy=-16.780674  maxlinkdim=20 maxerr=1.32E-04 time=1.579
After sweep 3 energy=-17.256813  maxlinkdim=100 maxerr=4.48E-07 time=2.616
After sweep 4 energy=-17.270086  maxlinkdim=679 maxerr=1.00E-10 time=37.550
After sweep 5 energy=-17.270649  maxlinkdim=537 maxerr=6.94E-08 time=46.571
After sweep 6 energy=-17.27064  maxlinkdim=581 maxerr=3.01E-08 time=40.695
After sweep 7 energy=-17.270721  maxlinkdim=501 maxerr=1.38E-07 time=43.469
After sweep 8 energy=-17.270727  maxlinkdim=485 maxerr=5.64E-08 time=43.851
After sweep 9 energy=-17.270592  maxlinkdim=483 maxerr=3.71E-08 time=43.876
After sweep 10 energy=-17.270718  maxlinkdim=482 maxerr=2.41E-08 time=44.667
After sweep 11 energy=-17.270695  maxlinkdim=490 maxerr=2.79E-08 time=43.499
After sweep 12 energy=-17.270653  maxlinkdim=487 maxerr=4.91E-08 time=43.590
After sweep 13 energy=-17.270546  maxlinkdim=483 maxerr=2.45E-08 time=43.710
After sweep 14 energy=-17.27078  maxlinkdim=485 maxerr=7.20E-08 time=43.616
After sweep 15 energy=-17.270674  maxlinkdim=486 maxerr=5.31E-08 time=44.935
After sweep 16 energy=-17.27066  maxlinkdim=484 maxerr=2.50E-07 time=43.710
After sweep 17 energy=-17.270767  maxlinkdim=483 maxerr=3.98E-08 time=43.665
After sweep 18 energy=-17.270672  maxlinkdim=484 maxerr=2.12E-08 time=43.677
After sweep 19 energy=-17.270641  maxlinkdim=493 maxerr=1.96E-08 time=43.589
After sweep 20 energy=-17.270725  maxlinkdim=486 maxerr=4.49E-08 time=44.473
After sweep 21 energy=-17.270649  maxlinkdim=491 maxerr=2.61E-08 time=44.362
After sweep 22 energy=-17.270647  maxlinkdim=488 maxerr=2.17E-08 time=43.590
After sweep 23 energy=-17.270645  maxlinkdim=481 maxerr=8.29E-08 time=43.541
After sweep 24 energy=-17.270721  maxlinkdim=480 maxerr=4.79E-08 time=43.515
After sweep 25 energy=-17.270714  maxlinkdim=489 maxerr=3.35E-08 time=43.883
After sweep 26 energy=-17.270752  maxlinkdim=485 maxerr=8.46E-08 time=44.851
After sweep 27 energy=-17.270649  maxlinkdim=483 maxerr=3.68E-08 time=43.585
After sweep 28 energy=-17.270725  maxlinkdim=482 maxerr=6.01E-08 time=43.528
After sweep 29 energy=-17.270672  maxlinkdim=483 maxerr=2.05E-08 time=43.587
After sweep 30 energy=-17.270668  maxlinkdim=483 maxerr=2.94E-08 time=43.609
Not same mu, searching again
After sweep 1 energy=-7.6328993  maxlinkdim=10 maxerr=5.98E-03 time=1.414
After sweep 2 energy=-15.70517  maxlinkdim=20 maxerr=2.55E-04 time=1.564
After sweep 3 energy=-16.57143  maxlinkdim=100 maxerr=4.58E-07 time=2.603
After sweep 4 energy=-16.633005  maxlinkdim=654 maxerr=1.00E-10 time=37.004
After sweep 5 energy=-16.63786  maxlinkdim=514 maxerr=2.75E-08 time=43.238
After sweep 6 energy=-16.638647  maxlinkdim=515 maxerr=1.94E-07 time=37.719
After sweep 7 energy=-16.63858  maxlinkdim=554 maxerr=2.58E-08 time=42.729
After sweep 8 energy=-16.638758  maxlinkdim=504 maxerr=5.34E-09 time=41.719
After sweep 9 energy=-16.63869  maxlinkdim=470 maxerr=2.94E-08 time=41.574
After sweep 10 energy=-16.638643  maxlinkdim=470 maxerr=5.55E-08 time=42.055
After sweep 11 energy=-16.638632  maxlinkdim=471 maxerr=3.73E-08 time=40.956
After sweep 12 energy=-16.63852  maxlinkdim=470 maxerr=2.49E-08 time=41.013
After sweep 13 energy=-16.638647  maxlinkdim=476 maxerr=1.65E-08 time=41.076
After sweep 14 energy=-16.638638  maxlinkdim=469 maxerr=2.97E-08 time=41.034
After sweep 15 energy=-16.638575  maxlinkdim=473 maxerr=5.42E-08 time=42.150
After sweep 16 energy=-16.638666  maxlinkdim=470 maxerr=7.19E-08 time=41.655
After sweep 17 energy=-16.638601  maxlinkdim=474 maxerr=3.28E-08 time=41.015
After sweep 18 energy=-16.638557  maxlinkdim=470 maxerr=4.89E-08 time=40.926
After sweep 19 energy=-16.638683  maxlinkdim=474 maxerr=4.84E-08 time=41.031
After sweep 20 energy=-16.638626  maxlinkdim=468 maxerr=4.59E-08 time=40.998
After sweep 21 energy=-16.638605  maxlinkdim=470 maxerr=3.89E-08 time=42.626
After sweep 22 energy=-16.6386  maxlinkdim=474 maxerr=4.51E-08 time=41.005
After sweep 23 energy=-16.63863  maxlinkdim=472 maxerr=4.49E-08 time=40.997
After sweep 24 energy=-16.63875  maxlinkdim=471 maxerr=3.93E-08 time=41.061
After sweep 25 energy=-16.638676  maxlinkdim=473 maxerr=1.01E-07 time=40.965
After sweep 26 energy=-16.638708  maxlinkdim=472 maxerr=3.27E-08 time=41.450
After sweep 27 energy=-16.638582  maxlinkdim=469 maxerr=3.36E-08 time=41.926
After sweep 28 energy=-16.638628  maxlinkdim=473 maxerr=3.95E-08 time=41.124
After sweep 29 energy=-16.638659  maxlinkdim=469 maxerr=4.93E-08 time=41.190
After sweep 30 energy=-16.638594  maxlinkdim=472 maxerr=4.39E-08 time=41.028
n0: 0.4876554; n1: 0.5000161; mu0: -2.351922543929846; mu1: -2.3419225439298463

Range found between mu0: -2.351922543929846 (n0: 0.4876554) and mu1: -2.3419225439298463 (n1: 0.5000161); refining...
n0: 0.4876554; n1: 0.5000161; mu0: -2.351922543929846; mu1: -2.3419225439298463
Trying secant step...
After sweep 1 energy=-8.270679  maxlinkdim=10 maxerr=3.57E-03 time=1.340
After sweep 2 energy=-16.563334  maxlinkdim=20 maxerr=1.41E-04 time=1.724
After sweep 3 energy=-17.209902  maxlinkdim=100 maxerr=4.15E-07 time=2.673
After sweep 4 energy=-17.267088  maxlinkdim=690 maxerr=1.00E-10 time=39.362
After sweep 5 energy=-17.270002  maxlinkdim=563 maxerr=3.89E-08 time=53.510
After sweep 6 energy=-17.26983  maxlinkdim=550 maxerr=1.94E-08 time=45.100
After sweep 7 energy=-17.269773  maxlinkdim=484 maxerr=5.77E-08 time=44.036
After sweep 8 energy=-17.269886  maxlinkdim=485 maxerr=1.43E-07 time=43.551
After sweep 9 energy=-17.269802  maxlinkdim=483 maxerr=9.87E-08 time=43.495
After sweep 10 energy=-17.269817  maxlinkdim=490 maxerr=2.82E-08 time=45.136
After sweep 11 energy=-17.269846  maxlinkdim=483 maxerr=1.48E-07 time=43.645
After sweep 12 energy=-17.269808  maxlinkdim=481 maxerr=4.46E-08 time=43.512
After sweep 13 energy=-17.269764  maxlinkdim=485 maxerr=3.17E-08 time=43.618
After sweep 14 energy=-17.269861  maxlinkdim=488 maxerr=5.15E-08 time=43.592
After sweep 15 energy=-17.269865  maxlinkdim=484 maxerr=5.74E-08 time=44.032
After sweep 16 energy=-17.269897  maxlinkdim=493 maxerr=1.46E-07 time=44.818
After sweep 17 energy=-17.26987  maxlinkdim=481 maxerr=3.09E-08 time=43.571
After sweep 18 energy=-17.26986  maxlinkdim=487 maxerr=2.16E-08 time=43.564
After sweep 19 energy=-17.26979  maxlinkdim=486 maxerr=5.30E-08 time=43.608
After sweep 20 energy=-17.269827  maxlinkdim=485 maxerr=4.53E-08 time=43.693
After sweep 21 energy=-17.269775  maxlinkdim=485 maxerr=3.65E-08 time=45.012
After sweep 22 energy=-17.26979  maxlinkdim=484 maxerr=4.85E-08 time=43.639
After sweep 23 energy=-17.269814  maxlinkdim=481 maxerr=1.31E-07 time=43.643
After sweep 24 energy=-17.269865  maxlinkdim=484 maxerr=3.16E-08 time=43.516
After sweep 25 energy=-17.26984  maxlinkdim=482 maxerr=2.51E-08 time=43.526
After sweep 26 energy=-17.269802  maxlinkdim=486 maxerr=2.64E-08 time=44.966
After sweep 27 energy=-17.269827  maxlinkdim=487 maxerr=2.02E-08 time=43.607
After sweep 28 energy=-17.26989  maxlinkdim=488 maxerr=3.01E-08 time=43.667
After sweep 29 energy=-17.269745  maxlinkdim=483 maxerr=5.29E-08 time=43.659
After sweep 30 energy=-17.26979  maxlinkdim=484 maxerr=4.32E-08 time=43.595
FOUND MU (secant); mu: -2.341935563632997  n: 0.50000006
Target density achieved with mu=-2.341935563632997, n=0.50000006
Checking {alpha,beta} vs measured
Alpha not converged.
NOT CONVERGED; updating alpha, beta and continuing...
After sweep 1 energy=-8.447334  maxlinkdim=10 maxerr=4.24E-03 time=1.371
After sweep 2 energy=-16.877556  maxlinkdim=20 maxerr=8.78E-05 time=1.673
After sweep 3 energy=-17.262053  maxlinkdim=100 maxerr=4.36E-07 time=2.673
After sweep 4 energy=-17.269808  maxlinkdim=706 maxerr=1.00E-10 time=39.286
After sweep 5 energy=-17.27037  maxlinkdim=564 maxerr=1.92E-08 time=50.643
After sweep 6 energy=-17.270332  maxlinkdim=558 maxerr=3.18E-08 time=42.948
After sweep 7 energy=-17.270292  maxlinkdim=503 maxerr=7.21E-08 time=44.181
After sweep 8 energy=-17.270329  maxlinkdim=486 maxerr=4.45E-08 time=43.745
After sweep 9 energy=-17.27032  maxlinkdim=488 maxerr=2.93E-08 time=43.833
After sweep 10 energy=-17.270271  maxlinkdim=490 maxerr=3.34E-08 time=44.778
After sweep 11 energy=-17.270262  maxlinkdim=486 maxerr=1.75E-08 time=43.628
After sweep 12 energy=-17.270288  maxlinkdim=487 maxerr=3.23E-08 time=43.536
After sweep 13 energy=-17.270264  maxlinkdim=483 maxerr=2.06E-08 time=43.645
After sweep 14 energy=-17.270332  maxlinkdim=486 maxerr=2.57E-08 time=43.605
After sweep 15 energy=-17.270287  maxlinkdim=481 maxerr=6.12E-08 time=45.215
After sweep 16 energy=-17.270359  maxlinkdim=483 maxerr=2.58E-08 time=43.579
After sweep 17 energy=-17.27043  maxlinkdim=485 maxerr=1.69E-08 time=43.581
After sweep 18 energy=-17.270306  maxlinkdim=488 maxerr=4.39E-08 time=43.541
After sweep 19 energy=-17.270212  maxlinkdim=485 maxerr=2.00E-08 time=43.701
After sweep 20 energy=-17.270264  maxlinkdim=483 maxerr=6.46E-08 time=45.088
After sweep 21 energy=-17.270233  maxlinkdim=481 maxerr=1.70E-08 time=43.627
After sweep 22 energy=-17.270472  maxlinkdim=483 maxerr=6.25E-08 time=43.581
After sweep 23 energy=-17.270342  maxlinkdim=485 maxerr=4.71E-08 time=43.601
After sweep 24 energy=-17.27032  maxlinkdim=487 maxerr=1.19E-07 time=43.624
After sweep 25 energy=-17.270355  maxlinkdim=488 maxerr=1.89E-08 time=44.061
After sweep 26 energy=-17.270243  maxlinkdim=492 maxerr=6.33E-08 time=44.518
After sweep 27 energy=-17.270302  maxlinkdim=485 maxerr=4.63E-08 time=43.638
After sweep 28 energy=-17.270245  maxlinkdim=483 maxerr=4.73E-08 time=43.657
After sweep 29 energy=-17.270243  maxlinkdim=484 maxerr=2.49E-08 time=43.566
After sweep 30 energy=-17.270308  maxlinkdim=482 maxerr=3.06E-08 time=43.834
Not same mu, searching again
After sweep 1 energy=-9.991139  maxlinkdim=10 maxerr=3.06E-03 time=1.403
After sweep 2 energy=-17.455496  maxlinkdim=20 maxerr=9.49E-05 time=1.580
After sweep 3 energy=-17.905725  maxlinkdim=100 maxerr=3.94E-07 time=2.610
After sweep 4 energy=-17.917288  maxlinkdim=715 maxerr=1.00E-10 time=41.642
After sweep 5 energy=-17.918152  maxlinkdim=613 maxerr=4.21E-08 time=53.736
After sweep 6 energy=-17.918188  maxlinkdim=567 maxerr=1.80E-07 time=46.726
After sweep 7 energy=-17.918161  maxlinkdim=557 maxerr=9.21E-08 time=46.695
After sweep 8 energy=-17.918293  maxlinkdim=503 maxerr=2.16E-08 time=46.495
After sweep 9 energy=-17.91826  maxlinkdim=507 maxerr=6.51E-08 time=46.992
After sweep 10 energy=-17.918274  maxlinkdim=496 maxerr=1.45E-07 time=45.951
After sweep 11 energy=-17.918201  maxlinkdim=503 maxerr=2.00E-08 time=45.850
After sweep 12 energy=-17.918182  maxlinkdim=498 maxerr=6.92E-08 time=45.786
After sweep 13 energy=-17.91824  maxlinkdim=500 maxerr=1.46E-07 time=46.247
After sweep 14 energy=-17.918161  maxlinkdim=499 maxerr=1.91E-07 time=46.779
After sweep 15 energy=-17.91824  maxlinkdim=494 maxerr=3.14E-08 time=45.771
After sweep 16 energy=-17.918211  maxlinkdim=496 maxerr=1.90E-07 time=45.872
After sweep 17 energy=-17.918152  maxlinkdim=501 maxerr=1.86E-07 time=45.766
After sweep 18 energy=-17.918192  maxlinkdim=504 maxerr=1.17E-08 time=46.250
After sweep 19 energy=-17.918219  maxlinkdim=493 maxerr=6.75E-08 time=46.756
After sweep 20 energy=-17.918203  maxlinkdim=495 maxerr=4.61E-08 time=45.885
After sweep 21 energy=-17.918083  maxlinkdim=506 maxerr=5.79E-09 time=45.868
After sweep 22 energy=-17.918175  maxlinkdim=499 maxerr=4.81E-08 time=45.746
After sweep 23 energy=-17.918142  maxlinkdim=499 maxerr=3.35E-08 time=46.220
After sweep 24 energy=-17.918198  maxlinkdim=495 maxerr=1.13E-08 time=46.812
After sweep 25 energy=-17.918194  maxlinkdim=502 maxerr=7.55E-08 time=45.646
After sweep 26 energy=-17.918217  maxlinkdim=501 maxerr=1.03E-07 time=45.809
After sweep 27 energy=-17.918215  maxlinkdim=501 maxerr=1.12E-07 time=45.770
After sweep 28 energy=-17.918266  maxlinkdim=497 maxerr=1.29E-07 time=46.242
After sweep 29 energy=-17.918255  maxlinkdim=502 maxerr=4.25E-08 time=46.782
After sweep 30 energy=-17.91821  maxlinkdim=498 maxerr=3.62E-08 time=45.898
n0: 0.4999878; n1: 0.5122471; mu0: -2.341935563632997; mu1: -2.3319355636329973

Range found between mu0: -2.341935563632997 (n0: 0.4999878) and mu1: -2.3319355636329973 (n1: 0.5122471); refining...
n0: 0.4999878; n1: 0.5122471; mu0: -2.341935563632997; mu1: -2.3319355636329973
Trying secant step...
After sweep 1 energy=-8.46689  maxlinkdim=10 maxerr=2.73E-03 time=1.363
After sweep 2 energy=-16.925013  maxlinkdim=20 maxerr=7.62E-04 time=1.711
After sweep 3 energy=-17.264967  maxlinkdim=100 maxerr=4.31E-07 time=2.680
After sweep 4 energy=-17.27081  maxlinkdim=678 maxerr=1.00E-10 time=38.783
After sweep 5 energy=-17.270939  maxlinkdim=564 maxerr=2.65E-08 time=50.291
After sweep 6 energy=-17.270966  maxlinkdim=547 maxerr=3.64E-08 time=44.658
After sweep 7 energy=-17.271042  maxlinkdim=484 maxerr=4.27E-08 time=44.901
After sweep 8 energy=-17.270788  maxlinkdim=486 maxerr=2.22E-08 time=43.830
After sweep 9 energy=-17.271029  maxlinkdim=485 maxerr=7.01E-08 time=43.615
After sweep 10 energy=-17.270884  maxlinkdim=485 maxerr=8.90E-08 time=43.641
After sweep 11 energy=-17.271027  maxlinkdim=489 maxerr=3.59E-08 time=43.874
After sweep 12 energy=-17.270895  maxlinkdim=486 maxerr=5.54E-08 time=44.840
After sweep 13 energy=-17.27095  maxlinkdim=483 maxerr=3.85E-08 time=43.601
After sweep 14 energy=-17.270943  maxlinkdim=493 maxerr=2.25E-08 time=43.565
After sweep 15 energy=-17.27098  maxlinkdim=481 maxerr=5.14E-08 time=43.503
After sweep 16 energy=-17.270834  maxlinkdim=488 maxerr=2.16E-08 time=43.582
After sweep 17 energy=-17.271008  maxlinkdim=483 maxerr=7.65E-08 time=45.083
After sweep 18 energy=-17.270916  maxlinkdim=485 maxerr=2.13E-08 time=43.646
After sweep 19 energy=-17.271  maxlinkdim=484 maxerr=3.09E-08 time=43.589
After sweep 20 energy=-17.270926  maxlinkdim=494 maxerr=2.10E-08 time=43.581
After sweep 21 energy=-17.2709  maxlinkdim=488 maxerr=5.62E-08 time=43.586
After sweep 22 energy=-17.270962  maxlinkdim=488 maxerr=3.45E-08 time=44.456
After sweep 23 energy=-17.270874  maxlinkdim=484 maxerr=1.52E-07 time=44.289
After sweep 24 energy=-17.271015  maxlinkdim=485 maxerr=5.31E-08 time=43.651
After sweep 25 energy=-17.271023  maxlinkdim=487 maxerr=2.73E-08 time=43.529
After sweep 26 energy=-17.270853  maxlinkdim=490 maxerr=6.35E-08 time=43.608
After sweep 27 energy=-17.270931  maxlinkdim=483 maxerr=4.70E-08 time=44.151
After sweep 28 energy=-17.270897  maxlinkdim=484 maxerr=3.04E-08 time=44.643
After sweep 29 energy=-17.270897  maxlinkdim=485 maxerr=5.26E-08 time=43.734
After sweep 30 energy=-17.27098  maxlinkdim=483 maxerr=2.38E-08 time=43.632
FOUND MU (secant); mu: -2.341925620834476  n: 0.5000006
Target density achieved with mu=-2.341925620834476, n=0.5000006
Checking {alpha,beta} vs measured
Alpha not converged.
NOT CONVERGED; updating alpha, beta and continuing...
After sweep 1 energy=-8.529948  maxlinkdim=10 maxerr=8.25E-03 time=1.363
After sweep 2 energy=-16.74116  maxlinkdim=20 maxerr=1.20E-04 time=1.745
After sweep 3 energy=-17.262407  maxlinkdim=100 maxerr=5.85E-07 time=2.760
After sweep 4 energy=-17.270365  maxlinkdim=687 maxerr=1.00E-10 time=40.152
After sweep 5 energy=-17.270563  maxlinkdim=574 maxerr=3.55E-08 time=53.681
After sweep 6 energy=-17.2706  maxlinkdim=501 maxerr=5.56E-08 time=46.157
After sweep 7 energy=-17.270615  maxlinkdim=491 maxerr=1.30E-08 time=43.711
After sweep 8 energy=-17.270538  maxlinkdim=485 maxerr=3.53E-08 time=43.499
After sweep 9 energy=-17.270535  maxlinkdim=483 maxerr=2.87E-08 time=43.629
After sweep 10 energy=-17.270584  maxlinkdim=481 maxerr=3.21E-08 time=43.811
After sweep 11 energy=-17.270515  maxlinkdim=482 maxerr=3.47E-08 time=44.799
After sweep 12 energy=-17.270523  maxlinkdim=483 maxerr=1.34E-07 time=43.676
After sweep 13 energy=-17.270601  maxlinkdim=490 maxerr=5.43E-08 time=43.577
After sweep 14 energy=-17.270575  maxlinkdim=486 maxerr=3.68E-08 time=43.615
After sweep 15 energy=-17.270561  maxlinkdim=489 maxerr=3.70E-08 time=43.648
After sweep 16 energy=-17.270485  maxlinkdim=483 maxerr=5.35E-08 time=45.313
After sweep 17 energy=-17.270561  maxlinkdim=481 maxerr=3.52E-08 time=43.795
After sweep 18 energy=-17.27057  maxlinkdim=484 maxerr=1.13E-07 time=43.571
After sweep 19 energy=-17.270542  maxlinkdim=484 maxerr=8.84E-08 time=43.647
After sweep 20 energy=-17.270548  maxlinkdim=486 maxerr=5.28E-08 time=43.634
After sweep 21 energy=-17.270666  maxlinkdim=481 maxerr=4.18E-08 time=44.426
After sweep 22 energy=-17.270653  maxlinkdim=485 maxerr=3.12E-08 time=44.154
After sweep 23 energy=-17.27058  maxlinkdim=491 maxerr=1.16E-07 time=43.619
After sweep 24 energy=-17.27067  maxlinkdim=486 maxerr=3.21E-08 time=43.741
After sweep 25 energy=-17.270596  maxlinkdim=483 maxerr=3.91E-08 time=43.611
After sweep 26 energy=-17.270662  maxlinkdim=489 maxerr=5.16E-08 time=44.032
After sweep 27 energy=-17.270626  maxlinkdim=491 maxerr=2.32E-08 time=44.696
After sweep 28 energy=-17.270676  maxlinkdim=486 maxerr=3.81E-08 time=43.810
After sweep 29 energy=-17.270555  maxlinkdim=483 maxerr=1.69E-08 time=43.573
After sweep 30 energy=-17.270632  maxlinkdim=492 maxerr=1.60E-08 time=43.731
Not same mu, searching again
After sweep 1 energy=-9.413811  maxlinkdim=10 maxerr=3.24E-03 time=1.336
After sweep 2 energy=-16.348736  maxlinkdim=20 maxerr=7.37E-05 time=1.662
After sweep 3 energy=-16.633589  maxlinkdim=100 maxerr=5.23E-07 time=2.770
After sweep 4 energy=-16.63831  maxlinkdim=711 maxerr=1.00E-10 time=37.913
After sweep 5 energy=-16.638504  maxlinkdim=521 maxerr=3.84E-08 time=49.948
After sweep 6 energy=-16.638615  maxlinkdim=488 maxerr=7.00E-08 time=41.396
After sweep 7 energy=-16.638466  maxlinkdim=476 maxerr=8.36E-08 time=41.634
After sweep 8 energy=-16.638561  maxlinkdim=474 maxerr=2.82E-08 time=41.224
After sweep 9 energy=-16.638596  maxlinkdim=471 maxerr=3.03E-08 time=41.049
After sweep 10 energy=-16.638474  maxlinkdim=480 maxerr=2.84E-08 time=41.612
After sweep 11 energy=-16.638546  maxlinkdim=477 maxerr=3.88E-08 time=41.975
After sweep 12 energy=-16.638508  maxlinkdim=472 maxerr=1.79E-08 time=41.127
After sweep 13 energy=-16.638464  maxlinkdim=470 maxerr=3.20E-08 time=41.151
After sweep 14 energy=-16.63852  maxlinkdim=478 maxerr=3.15E-08 time=41.173
After sweep 15 energy=-16.638538  maxlinkdim=471 maxerr=3.57E-08 time=41.061
After sweep 16 energy=-16.638592  maxlinkdim=469 maxerr=2.32E-08 time=41.939
After sweep 17 energy=-16.63842  maxlinkdim=471 maxerr=4.34E-08 time=41.828
After sweep 18 energy=-16.638483  maxlinkdim=472 maxerr=6.91E-08 time=41.091
After sweep 19 energy=-16.638529  maxlinkdim=475 maxerr=3.47E-08 time=40.966
After sweep 20 energy=-16.638525  maxlinkdim=473 maxerr=4.61E-08 time=41.020
After sweep 21 energy=-16.638472  maxlinkdim=472 maxerr=2.45E-08 time=41.081
After sweep 22 energy=-16.63852  maxlinkdim=472 maxerr=4.49E-08 time=42.590
After sweep 23 energy=-16.638536  maxlinkdim=472 maxerr=1.78E-08 time=41.258
After sweep 24 energy=-16.638504  maxlinkdim=470 maxerr=4.02E-08 time=41.173
After sweep 25 energy=-16.638544  maxlinkdim=470 maxerr=2.41E-08 time=41.084
After sweep 26 energy=-16.638573  maxlinkdim=472 maxerr=2.16E-08 time=41.010
After sweep 27 energy=-16.63852  maxlinkdim=472 maxerr=2.89E-08 time=41.653
After sweep 28 energy=-16.63853  maxlinkdim=476 maxerr=9.79E-08 time=42.072
After sweep 29 energy=-16.638437  maxlinkdim=473 maxerr=3.56E-08 time=41.120
After sweep 30 energy=-16.638596  maxlinkdim=469 maxerr=7.79E-08 time=41.009
n0: 0.48765; n1: 0.5000125; mu0: -2.351925620834476; mu1: -2.341925620834476

Range found between mu0: -2.351925620834476 (n0: 0.48765) and mu1: -2.341925620834476 (n1: 0.5000125); refining...
n0: 0.48765; n1: 0.5000125; mu0: -2.351925620834476; mu1: -2.341925620834476
Trying secant step...
After sweep 1 energy=-9.463055  maxlinkdim=10 maxerr=3.28E-03 time=1.337
After sweep 2 energy=-16.876692  maxlinkdim=20 maxerr=7.27E-05 time=1.682
After sweep 3 energy=-17.261425  maxlinkdim=100 maxerr=4.58E-07 time=2.772
After sweep 4 energy=-17.269497  maxlinkdim=686 maxerr=1.00E-10 time=38.852
After sweep 5 energy=-17.269981  maxlinkdim=590 maxerr=1.01E-07 time=50.472
After sweep 6 energy=-17.26997  maxlinkdim=557 maxerr=1.09E-07 time=44.917
After sweep 7 energy=-17.26997  maxlinkdim=499 maxerr=2.69E-08 time=44.230
After sweep 8 energy=-17.269947  maxlinkdim=482 maxerr=2.19E-08 time=43.691
After sweep 9 energy=-17.269943  maxlinkdim=485 maxerr=5.31E-08 time=43.694
After sweep 10 energy=-17.269947  maxlinkdim=484 maxerr=4.32E-08 time=43.651
After sweep 11 energy=-17.269855  maxlinkdim=483 maxerr=5.92E-08 time=44.979
After sweep 12 energy=-17.269897  maxlinkdim=480 maxerr=3.02E-08 time=43.593
After sweep 13 energy=-17.269958  maxlinkdim=484 maxerr=8.01E-08 time=43.571
After sweep 14 energy=-17.27001  maxlinkdim=483 maxerr=2.72E-08 time=43.566
After sweep 15 energy=-17.270018  maxlinkdim=490 maxerr=9.04E-08 time=43.731
After sweep 16 energy=-17.269886  maxlinkdim=490 maxerr=5.48E-08 time=44.550
After sweep 17 energy=-17.269918  maxlinkdim=486 maxerr=3.15E-08 time=44.209
After sweep 18 energy=-17.26987  maxlinkdim=492 maxerr=1.06E-07 time=43.780
After sweep 19 energy=-17.26987  maxlinkdim=488 maxerr=3.57E-08 time=43.735
After sweep 20 energy=-17.269955  maxlinkdim=483 maxerr=3.25E-08 time=43.620
After sweep 21 energy=-17.269873  maxlinkdim=487 maxerr=7.25E-08 time=44.159
After sweep 22 energy=-17.26995  maxlinkdim=480 maxerr=1.97E-08 time=44.523
After sweep 23 energy=-17.269932  maxlinkdim=494 maxerr=2.43E-08 time=43.575
After sweep 24 energy=-17.269972  maxlinkdim=482 maxerr=5.66E-08 time=43.621
After sweep 25 energy=-17.269947  maxlinkdim=486 maxerr=4.50E-08 time=43.507
After sweep 26 energy=-17.269863  maxlinkdim=481 maxerr=7.50E-08 time=43.722
After sweep 27 energy=-17.269869  maxlinkdim=485 maxerr=2.60E-08 time=44.857
After sweep 28 energy=-17.269955  maxlinkdim=485 maxerr=3.34E-08 time=43.670
After sweep 29 energy=-17.269833  maxlinkdim=486 maxerr=2.42E-08 time=43.632
After sweep 30 energy=-17.269962  maxlinkdim=485 maxerr=2.89E-08 time=43.689
FOUND MU (secant); mu: -2.3419357457811394  n: 0.49999946
Target density achieved with mu=-2.3419357457811394, n=0.49999946
Checking {alpha,beta} vs measured
Alpha not converged.
NOT CONVERGED; updating alpha, beta and continuing...
After sweep 1 energy=-8.98494  maxlinkdim=10 maxerr=2.56E-03 time=1.355
After sweep 2 energy=-16.576328  maxlinkdim=20 maxerr=1.26E-04 time=1.449
After sweep 3 energy=-17.24452  maxlinkdim=100 maxerr=4.22E-07 time=2.904
After sweep 4 energy=-17.268324  maxlinkdim=696 maxerr=1.00E-10 time=38.710
After sweep 5 energy=-17.270105  maxlinkdim=581 maxerr=2.35E-08 time=50.790
After sweep 6 energy=-17.270296  maxlinkdim=588 maxerr=3.32E-08 time=42.035
After sweep 7 energy=-17.270298  maxlinkdim=523 maxerr=1.88E-07 time=43.144
After sweep 8 energy=-17.270317  maxlinkdim=487 maxerr=1.94E-08 time=44.090
After sweep 9 energy=-17.270275  maxlinkdim=482 maxerr=2.29E-08 time=43.626
After sweep 10 energy=-17.270258  maxlinkdim=488 maxerr=6.43E-08 time=44.396
After sweep 11 energy=-17.27036  maxlinkdim=484 maxerr=2.16E-08 time=44.220
After sweep 12 energy=-17.270294  maxlinkdim=484 maxerr=5.44E-08 time=43.543
After sweep 13 energy=-17.270367  maxlinkdim=487 maxerr=4.70E-08 time=43.658
After sweep 14 energy=-17.270283  maxlinkdim=481 maxerr=4.55E-08 time=43.613
After sweep 15 energy=-17.270365  maxlinkdim=484 maxerr=1.04E-08 time=44.040
After sweep 16 energy=-17.270315  maxlinkdim=485 maxerr=8.04E-09 time=44.653
After sweep 17 energy=-17.270247  maxlinkdim=482 maxerr=3.12E-08 time=43.527
After sweep 18 energy=-17.270332  maxlinkdim=485 maxerr=2.00E-08 time=43.554
After sweep 19 energy=-17.270252  maxlinkdim=482 maxerr=2.68E-08 time=43.631
After sweep 20 energy=-17.270363  maxlinkdim=483 maxerr=8.23E-08 time=43.690
After sweep 21 energy=-17.270279  maxlinkdim=488 maxerr=3.20E-08 time=45.016
After sweep 22 energy=-17.270298  maxlinkdim=485 maxerr=3.10E-08 time=43.671
After sweep 23 energy=-17.270233  maxlinkdim=489 maxerr=3.21E-08 time=43.608
After sweep 24 energy=-17.270248  maxlinkdim=483 maxerr=2.01E-08 time=43.567
After sweep 25 energy=-17.27037  maxlinkdim=485 maxerr=1.94E-08 time=43.581
After sweep 26 energy=-17.270243  maxlinkdim=481 maxerr=2.36E-08 time=44.956
After sweep 27 energy=-17.270365  maxlinkdim=485 maxerr=5.55E-08 time=43.680
After sweep 28 energy=-17.27024  maxlinkdim=484 maxerr=2.62E-08 time=43.682
After sweep 29 energy=-17.270344  maxlinkdim=492 maxerr=3.49E-08 time=43.642
After sweep 30 energy=-17.270275  maxlinkdim=480 maxerr=1.94E-08 time=43.599
Not same mu, searching again
After sweep 1 energy=-10.129034  maxlinkdim=10 maxerr=4.57E-03 time=1.336
After sweep 2 energy=-17.538279  maxlinkdim=20 maxerr=9.39E-05 time=1.683
After sweep 3 energy=-17.910915  maxlinkdim=100 maxerr=4.76E-07 time=2.669
After sweep 4 energy=-17.917788  maxlinkdim=688 maxerr=1.00E-10 time=40.669
After sweep 5 energy=-17.918236  maxlinkdim=578 maxerr=3.52E-08 time=54.383
After sweep 6 energy=-17.918243  maxlinkdim=563 maxerr=2.45E-08 time=47.443
After sweep 7 energy=-17.918106  maxlinkdim=498 maxerr=4.73E-08 time=46.920
After sweep 8 energy=-17.918097  maxlinkdim=501 maxerr=5.63E-08 time=45.967
After sweep 9 energy=-17.918224  maxlinkdim=496 maxerr=6.29E-08 time=47.234
After sweep 10 energy=-17.91818  maxlinkdim=496 maxerr=2.49E-08 time=45.872
After sweep 11 energy=-17.918121  maxlinkdim=495 maxerr=1.08E-07 time=45.743
After sweep 12 energy=-17.918186  maxlinkdim=493 maxerr=1.62E-08 time=45.707
After sweep 13 energy=-17.918137  maxlinkdim=496 maxerr=2.36E-08 time=45.812
After sweep 14 energy=-17.91821  maxlinkdim=501 maxerr=3.72E-08 time=47.420
After sweep 15 energy=-17.918211  maxlinkdim=496 maxerr=3.45E-08 time=45.936
After sweep 16 energy=-17.918167  maxlinkdim=505 maxerr=3.21E-08 time=45.879
After sweep 17 energy=-17.918268  maxlinkdim=496 maxerr=4.03E-08 time=45.913
After sweep 18 energy=-17.918247  maxlinkdim=500 maxerr=2.78E-07 time=46.002
After sweep 19 energy=-17.91822  maxlinkdim=496 maxerr=5.78E-08 time=47.291
After sweep 20 energy=-17.918175  maxlinkdim=496 maxerr=5.86E-08 time=45.817
After sweep 21 energy=-17.918198  maxlinkdim=494 maxerr=1.18E-07 time=45.808
After sweep 22 energy=-17.91816  maxlinkdim=501 maxerr=4.32E-08 time=45.789
After sweep 23 energy=-17.918121  maxlinkdim=501 maxerr=1.01E-07 time=45.812
After sweep 24 energy=-17.918222  maxlinkdim=499 maxerr=9.40E-08 time=47.264
After sweep 25 energy=-17.918139  maxlinkdim=500 maxerr=2.25E-08 time=45.915
After sweep 26 energy=-17.918228  maxlinkdim=498 maxerr=6.47E-08 time=45.854
After sweep 27 energy=-17.918148  maxlinkdim=500 maxerr=3.35E-08 time=45.793
After sweep 28 energy=-17.918192  maxlinkdim=495 maxerr=1.05E-07 time=45.661
After sweep 29 energy=-17.918213  maxlinkdim=496 maxerr=5.87E-09 time=47.221
After sweep 30 energy=-17.918264  maxlinkdim=492 maxerr=4.59E-08 time=45.901
n0: 0.4999894; n1: 0.51224947; mu0: -2.3419357457811394; mu1: -2.3319357457811396

Range found between mu0: -2.3419357457811394 (n0: 0.4999894) and mu1: -2.3319357457811396 (n1: 0.51224947); refining...
n0: 0.4999894; n1: 0.51224947; mu0: -2.3419357457811394; mu1: -2.3319357457811396
Trying secant step...
After sweep 1 energy=-9.805178  maxlinkdim=10 maxerr=4.99E-03 time=1.342
After sweep 2 energy=-16.946224  maxlinkdim=20 maxerr=6.81E-05 time=1.779
After sweep 3 energy=-17.266052  maxlinkdim=100 maxerr=4.18E-07 time=2.659
After sweep 4 energy=-17.27068  maxlinkdim=682 maxerr=1.00E-10 time=39.303
After sweep 5 energy=-17.270859  maxlinkdim=570 maxerr=2.36E-08 time=50.668
After sweep 6 energy=-17.2709  maxlinkdim=568 maxerr=5.09E-08 time=43.580
After sweep 7 energy=-17.270718  maxlinkdim=486 maxerr=3.61E-08 time=45.475
After sweep 8 energy=-17.270779  maxlinkdim=485 maxerr=3.70E-08 time=43.653
After sweep 9 energy=-17.270866  maxlinkdim=484 maxerr=5.51E-08 time=43.635
After sweep 10 energy=-17.270863  maxlinkdim=485 maxerr=4.76E-08 time=43.582
After sweep 11 energy=-17.270832  maxlinkdim=485 maxerr=3.01E-08 time=43.526
After sweep 12 energy=-17.270882  maxlinkdim=482 maxerr=1.00E-10 time=44.941
After sweep 13 energy=-17.27082  maxlinkdim=482 maxerr=6.72E-08 time=43.628
After sweep 14 energy=-17.270855  maxlinkdim=490 maxerr=1.44E-08 time=43.687
After sweep 15 energy=-17.270864  maxlinkdim=482 maxerr=2.97E-08 time=43.642
After sweep 16 energy=-17.270817  maxlinkdim=486 maxerr=1.21E-07 time=43.642
After sweep 17 energy=-17.270794  maxlinkdim=485 maxerr=3.44E-08 time=44.207
After sweep 18 energy=-17.27087  maxlinkdim=481 maxerr=3.55E-08 time=44.502
After sweep 19 energy=-17.27087  maxlinkdim=480 maxerr=1.97E-08 time=43.503
After sweep 20 energy=-17.270912  maxlinkdim=488 maxerr=3.61E-08 time=43.544
After sweep 21 energy=-17.27084  maxlinkdim=482 maxerr=3.75E-08 time=43.583
After sweep 22 energy=-17.270798  maxlinkdim=484 maxerr=4.45E-08 time=43.862
After sweep 23 energy=-17.270882  maxlinkdim=490 maxerr=5.77E-08 time=44.840
After sweep 24 energy=-17.270916  maxlinkdim=483 maxerr=3.71E-08 time=43.534
After sweep 25 energy=-17.270811  maxlinkdim=483 maxerr=7.41E-08 time=43.453
After sweep 26 energy=-17.270826  maxlinkdim=484 maxerr=4.17E-08 time=43.570
After sweep 27 energy=-17.270851  maxlinkdim=481 maxerr=3.78E-08 time=43.606
After sweep 28 energy=-17.270863  maxlinkdim=480 maxerr=3.55E-08 time=44.927
After sweep 29 energy=-17.270853  maxlinkdim=484 maxerr=4.75E-08 time=43.537
After sweep 30 energy=-17.27086  maxlinkdim=482 maxerr=3.66E-08 time=43.429
FOUND MU (secant); mu: -2.3419270919817325  n: 0.5000011
Target density achieved with mu=-2.3419270919817325, n=0.5000011
Checking {alpha,beta} vs measured
Alpha not converged.
NOT CONVERGED; updating alpha, beta and continuing...
After sweep 1 energy=-8.959766  maxlinkdim=10 maxerr=8.97E-03 time=1.346
After sweep 2 energy=-16.815142  maxlinkdim=20 maxerr=7.94E-05 time=1.669
After sweep 3 energy=-17.261213  maxlinkdim=100 maxerr=4.37E-07 time=2.793
After sweep 4 energy=-17.269958  maxlinkdim=684 maxerr=1.00E-10 time=38.361
After sweep 5 energy=-17.270422  maxlinkdim=575 maxerr=4.07E-08 time=49.622
After sweep 6 energy=-17.270588  maxlinkdim=565 maxerr=1.43E-08 time=44.836
After sweep 7 energy=-17.27053  maxlinkdim=510 maxerr=4.50E-08 time=44.216
After sweep 8 energy=-17.27056  maxlinkdim=486 maxerr=4.35E-08 time=43.967
After sweep 9 energy=-17.270517  maxlinkdim=482 maxerr=3.70E-08 time=43.606
After sweep 10 energy=-17.270445  maxlinkdim=482 maxerr=9.00E-10 time=43.659
After sweep 11 energy=-17.270428  maxlinkdim=481 maxerr=8.46E-09 time=44.452
After sweep 12 energy=-17.270538  maxlinkdim=481 maxerr=4.56E-08 time=44.192
After sweep 13 energy=-17.270468  maxlinkdim=485 maxerr=6.69E-08 time=43.635
After sweep 14 energy=-17.270416  maxlinkdim=491 maxerr=1.48E-07 time=43.619
After sweep 15 energy=-17.270626  maxlinkdim=483 maxerr=2.85E-08 time=43.461
After sweep 16 energy=-17.270487  maxlinkdim=481 maxerr=2.19E-08 time=43.853
After sweep 17 energy=-17.27044  maxlinkdim=482 maxerr=7.34E-08 time=44.726
After sweep 18 energy=-17.270428  maxlinkdim=484 maxerr=4.55E-08 time=43.540
After sweep 19 energy=-17.270504  maxlinkdim=483 maxerr=2.89E-08 time=43.565
After sweep 20 energy=-17.270485  maxlinkdim=487 maxerr=3.92E-08 time=43.519
After sweep 21 energy=-17.270517  maxlinkdim=481 maxerr=4.58E-08 time=43.521
After sweep 22 energy=-17.270502  maxlinkdim=488 maxerr=1.00E-10 time=44.906
After sweep 23 energy=-17.270561  maxlinkdim=485 maxerr=1.60E-08 time=43.618
After sweep 24 energy=-17.270477  maxlinkdim=483 maxerr=2.34E-08 time=43.490
After sweep 25 energy=-17.270523  maxlinkdim=485 maxerr=5.44E-08 time=43.504
After sweep 26 energy=-17.27049  maxlinkdim=484 maxerr=4.61E-08 time=43.642
After sweep 27 energy=-17.270506  maxlinkdim=483 maxerr=2.65E-08 time=45.158
After sweep 28 energy=-17.270515  maxlinkdim=489 maxerr=3.13E-08 time=43.735
After sweep 29 energy=-17.270456  maxlinkdim=489 maxerr=2.99E-08 time=43.590
After sweep 30 energy=-17.27045  maxlinkdim=481 maxerr=1.71E-08 time=43.581
Not same mu, searching again
After sweep 1 energy=-8.033454  maxlinkdim=10 maxerr=5.30E-03 time=1.350
After sweep 2 energy=-16.27615  maxlinkdim=20 maxerr=8.38E-05 time=1.732
After sweep 3 energy=-16.631098  maxlinkdim=100 maxerr=4.80E-07 time=2.742
After sweep 4 energy=-16.638191  maxlinkdim=679 maxerr=1.00E-10 time=38.192
After sweep 5 energy=-16.638552  maxlinkdim=558 maxerr=3.89E-08 time=48.893
After sweep 6 energy=-16.638693  maxlinkdim=519 maxerr=3.19E-08 time=42.196
After sweep 7 energy=-16.63855  maxlinkdim=474 maxerr=2.93E-08 time=41.666
After sweep 8 energy=-16.638514  maxlinkdim=475 maxerr=2.35E-08 time=41.245
After sweep 9 energy=-16.638441  maxlinkdim=482 maxerr=2.80E-08 time=41.251
After sweep 10 energy=-16.638382  maxlinkdim=470 maxerr=3.93E-08 time=41.155
After sweep 11 energy=-16.638458  maxlinkdim=472 maxerr=3.55E-08 time=42.469
After sweep 12 energy=-16.638412  maxlinkdim=470 maxerr=3.15E-08 time=41.263
After sweep 13 energy=-16.638557  maxlinkdim=470 maxerr=3.34E-08 time=41.242
After sweep 14 energy=-16.63844  maxlinkdim=472 maxerr=3.15E-08 time=41.234
After sweep 15 energy=-16.638416  maxlinkdim=473 maxerr=3.01E-08 time=41.119
After sweep 16 energy=-16.638575  maxlinkdim=469 maxerr=3.41E-08 time=41.437
After sweep 17 energy=-16.638454  maxlinkdim=473 maxerr=3.46E-08 time=42.181
After sweep 18 energy=-16.638514  maxlinkdim=472 maxerr=2.60E-08 time=41.050
After sweep 19 energy=-16.638546  maxlinkdim=476 maxerr=2.61E-08 time=40.972
After sweep 20 energy=-16.638405  maxlinkdim=469 maxerr=2.35E-08 time=40.994
After sweep 21 energy=-16.638498  maxlinkdim=477 maxerr=2.48E-08 time=41.072
After sweep 22 energy=-16.63845  maxlinkdim=475 maxerr=1.49E-08 time=42.007
After sweep 23 energy=-16.6384  maxlinkdim=470 maxerr=3.54E-08 time=41.677
After sweep 24 energy=-16.638515  maxlinkdim=472 maxerr=1.59E-08 time=41.204
After sweep 25 energy=-16.638412  maxlinkdim=476 maxerr=3.37E-08 time=41.192
After sweep 26 energy=-16.638435  maxlinkdim=478 maxerr=3.11E-08 time=41.107
After sweep 27 energy=-16.638512  maxlinkdim=474 maxerr=5.40E-08 time=41.259
After sweep 28 energy=-16.638432  maxlinkdim=471 maxerr=5.03E-08 time=42.563
After sweep 29 energy=-16.63844  maxlinkdim=469 maxerr=2.20E-08 time=41.014
After sweep 30 energy=-16.638542  maxlinkdim=470 maxerr=3.41E-08 time=41.077
n0: 0.48764884; n1: 0.5000064; mu0: -2.3519270919817323; mu1: -2.3419270919817325

Range found between mu0: -2.3519270919817323 (n0: 0.48764884) and mu1: -2.3419270919817325 (n1: 0.5000064); refining...
n0: 0.48764884; n1: 0.5000064; mu0: -2.3519270919817323; mu1: -2.3419270919817325
Trying secant step...
After sweep 1 energy=-7.41313  maxlinkdim=10 maxerr=1.16E-02 time=1.340
After sweep 2 energy=-16.656658  maxlinkdim=20 maxerr=2.43E-04 time=1.698
After sweep 3 energy=-17.254099  maxlinkdim=100 maxerr=4.87E-07 time=2.649
After sweep 4 energy=-17.268934  maxlinkdim=677 maxerr=1.00E-10 time=38.348
After sweep 5 energy=-17.270071  maxlinkdim=568 maxerr=5.64E-08 time=48.697
After sweep 6 energy=-17.270166  maxlinkdim=537 maxerr=1.48E-07 time=44.944
After sweep 7 energy=-17.2702  maxlinkdim=543 maxerr=3.73E-08 time=44.332
After sweep 8 energy=-17.270264  maxlinkdim=488 maxerr=2.63E-08 time=43.904
After sweep 9 energy=-17.270086  maxlinkdim=488 maxerr=6.18E-09 time=43.627
After sweep 10 energy=-17.270252  maxlinkdim=487 maxerr=3.94E-08 time=43.726
After sweep 11 energy=-17.27015  maxlinkdim=482 maxerr=1.02E-07 time=45.237
After sweep 12 energy=-17.27016  maxlinkdim=487 maxerr=2.39E-08 time=43.668
After sweep 13 energy=-17.270142  maxlinkdim=487 maxerr=6.25E-08 time=43.598
After sweep 14 energy=-17.270226  maxlinkdim=486 maxerr=2.86E-08 time=43.528
After sweep 15 energy=-17.270117  maxlinkdim=481 maxerr=9.26E-08 time=43.573
After sweep 16 energy=-17.270203  maxlinkdim=482 maxerr=7.22E-08 time=43.881
After sweep 17 energy=-17.270239  maxlinkdim=481 maxerr=1.16E-07 time=44.545
After sweep 18 energy=-17.270168  maxlinkdim=487 maxerr=2.19E-08 time=43.557
After sweep 19 energy=-17.270199  maxlinkdim=486 maxerr=7.98E-08 time=43.854
After sweep 20 energy=-17.270237  maxlinkdim=483 maxerr=3.44E-08 time=43.655
After sweep 21 energy=-17.270252  maxlinkdim=484 maxerr=1.60E-08 time=43.630
After sweep 22 energy=-17.270252  maxlinkdim=485 maxerr=5.68E-08 time=45.028
After sweep 23 energy=-17.270184  maxlinkdim=482 maxerr=4.92E-08 time=43.818
After sweep 24 energy=-17.270237  maxlinkdim=484 maxerr=5.85E-08 time=43.497
After sweep 25 energy=-17.270176  maxlinkdim=483 maxerr=1.10E-07 time=43.540
After sweep 26 energy=-17.270264  maxlinkdim=490 maxerr=4.80E-08 time=43.612
After sweep 27 energy=-17.270206  maxlinkdim=487 maxerr=4.44E-08 time=44.959
After sweep 28 energy=-17.270144  maxlinkdim=484 maxerr=1.22E-08 time=43.565
After sweep 29 energy=-17.270147  maxlinkdim=483 maxerr=3.19E-08 time=43.605
After sweep 30 energy=-17.270233  maxlinkdim=482 maxerr=3.68E-08 time=43.586
FOUND MU (secant); mu: -2.3419322529608717  n: 0.5000016
Target density achieved with mu=-2.3419322529608717, n=0.5000016
Checking {alpha,beta} vs measured
Alpha not converged.
NOT CONVERGED; updating alpha, beta and continuing...
After sweep 1 energy=-8.212627  maxlinkdim=10 maxerr=4.50E-03 time=1.338
After sweep 2 energy=-16.982197  maxlinkdim=20 maxerr=2.10E-04 time=1.706
After sweep 3 energy=-17.266516  maxlinkdim=100 maxerr=3.93E-07 time=2.752
After sweep 4 energy=-17.270397  maxlinkdim=710 maxerr=1.00E-10 time=40.297
After sweep 5 energy=-17.270388  maxlinkdim=590 maxerr=1.40E-07 time=53.804
After sweep 6 energy=-17.270454  maxlinkdim=485 maxerr=3.62E-08 time=45.547
After sweep 7 energy=-17.27044  maxlinkdim=483 maxerr=2.77E-08 time=44.714
After sweep 8 energy=-17.270367  maxlinkdim=484 maxerr=8.22E-08 time=43.611
After sweep 9 energy=-17.270346  maxlinkdim=487 maxerr=3.69E-08 time=43.656
After sweep 10 energy=-17.270462  maxlinkdim=489 maxerr=1.03E-08 time=44.285
After sweep 11 energy=-17.270376  maxlinkdim=482 maxerr=2.64E-08 time=44.586
After sweep 12 energy=-17.270456  maxlinkdim=481 maxerr=5.01E-08 time=43.609
After sweep 13 energy=-17.270407  maxlinkdim=485 maxerr=7.46E-08 time=43.656
After sweep 14 energy=-17.270481  maxlinkdim=484 maxerr=1.14E-07 time=43.675
After sweep 15 energy=-17.270378  maxlinkdim=486 maxerr=4.58E-08 time=43.877
After sweep 16 energy=-17.270424  maxlinkdim=486 maxerr=2.81E-08 time=44.854
After sweep 17 energy=-17.270342  maxlinkdim=483 maxerr=4.82E-08 time=43.648
After sweep 18 energy=-17.270462  maxlinkdim=479 maxerr=3.87E-08 time=43.610
After sweep 19 energy=-17.270378  maxlinkdim=485 maxerr=3.09E-08 time=43.684
After sweep 20 energy=-17.27042  maxlinkdim=480 maxerr=3.66E-08 time=43.644
After sweep 21 energy=-17.270466  maxlinkdim=485 maxerr=1.02E-07 time=44.934
After sweep 22 energy=-17.270481  maxlinkdim=486 maxerr=1.02E-07 time=44.869
After sweep 23 energy=-17.270443  maxlinkdim=483 maxerr=1.10E-07 time=43.578
After sweep 24 energy=-17.27042  maxlinkdim=484 maxerr=4.45E-08 time=43.605
After sweep 25 energy=-17.270391  maxlinkdim=497 maxerr=6.28E-08 time=43.633
After sweep 26 energy=-17.270393  maxlinkdim=484 maxerr=2.86E-08 time=44.391
After sweep 27 energy=-17.270412  maxlinkdim=484 maxerr=9.52E-08 time=44.282
After sweep 28 energy=-17.270355  maxlinkdim=486 maxerr=3.06E-08 time=43.640
After sweep 29 energy=-17.270367  maxlinkdim=482 maxerr=3.07E-08 time=43.520
After sweep 30 energy=-17.270342  maxlinkdim=482 maxerr=3.50E-08 time=43.539
Not same mu, searching again
After sweep 1 energy=-9.273077  maxlinkdim=10 maxerr=4.44E-03 time=1.368
After sweep 2 energy=-17.394814  maxlinkdim=20 maxerr=1.18E-04 time=1.731
After sweep 3 energy=-17.90379  maxlinkdim=100 maxerr=4.35E-07 time=2.677
After sweep 4 energy=-17.917057  maxlinkdim=703 maxerr=1.00E-10 time=39.735
After sweep 5 energy=-17.918194  maxlinkdim=608 maxerr=6.39E-09 time=53.334
After sweep 6 energy=-17.918358  maxlinkdim=573 maxerr=7.27E-08 time=45.623
After sweep 7 energy=-17.918316  maxlinkdim=598 maxerr=2.75E-08 time=46.974
After sweep 8 energy=-17.918346  maxlinkdim=505 maxerr=9.90E-08 time=46.832
After sweep 9 energy=-17.918386  maxlinkdim=498 maxerr=2.36E-08 time=46.415
After sweep 10 energy=-17.918316  maxlinkdim=500 maxerr=1.13E-08 time=46.350
After sweep 11 energy=-17.9184  maxlinkdim=495 maxerr=1.12E-07 time=45.785
After sweep 12 energy=-17.918358  maxlinkdim=496 maxerr=1.55E-07 time=45.658
After sweep 13 energy=-17.91832  maxlinkdim=496 maxerr=1.12E-07 time=45.708
After sweep 14 energy=-17.918243  maxlinkdim=505 maxerr=4.89E-08 time=46.716
After sweep 15 energy=-17.918251  maxlinkdim=499 maxerr=1.47E-07 time=46.557
After sweep 16 energy=-17.918346  maxlinkdim=497 maxerr=5.99E-08 time=45.927
After sweep 17 energy=-17.918354  maxlinkdim=495 maxerr=5.46E-08 time=45.863
After sweep 18 energy=-17.918293  maxlinkdim=495 maxerr=1.87E-07 time=45.838
After sweep 19 energy=-17.918274  maxlinkdim=500 maxerr=7.26E-08 time=46.471
After sweep 20 energy=-17.91824  maxlinkdim=505 maxerr=2.08E-07 time=46.419
After sweep 21 energy=-17.918331  maxlinkdim=501 maxerr=3.87E-08 time=45.915
After sweep 22 energy=-17.918232  maxlinkdim=500 maxerr=1.41E-08 time=45.846
After sweep 23 energy=-17.918306  maxlinkdim=498 maxerr=1.70E-07 time=45.834
After sweep 24 energy=-17.918198  maxlinkdim=498 maxerr=5.92E-08 time=46.551
After sweep 25 energy=-17.918354  maxlinkdim=504 maxerr=2.03E-08 time=46.441
After sweep 26 energy=-17.918324  maxlinkdim=501 maxerr=1.43E-08 time=46.098
After sweep 27 energy=-17.91827  maxlinkdim=494 maxerr=8.23E-08 time=45.773
After sweep 28 energy=-17.918297  maxlinkdim=498 maxerr=2.43E-08 time=45.735
After sweep 29 energy=-17.918295  maxlinkdim=495 maxerr=3.24E-08 time=46.577
After sweep 30 energy=-17.918266  maxlinkdim=497 maxerr=7.28E-08 time=46.433
n0: 0.4999921; n1: 0.5122523; mu0: -2.3419322529608717; mu1: -2.331932252960872

Range found between mu0: -2.3419322529608717 (n0: 0.4999921) and mu1: -2.331932252960872 (n1: 0.5122523); refining...
n0: 0.4999921; n1: 0.5122523; mu0: -2.3419322529608717; mu1: -2.331932252960872
Trying secant step...
After sweep 1 energy=-8.559016  maxlinkdim=10 maxerr=7.49E-03 time=1.326
After sweep 2 energy=-16.9716  maxlinkdim=20 maxerr=8.26E-05 time=1.681
After sweep 3 energy=-17.266764  maxlinkdim=100 maxerr=4.51E-07 time=2.787
After sweep 4 energy=-17.27079  maxlinkdim=716 maxerr=1.00E-10 time=40.050
After sweep 5 energy=-17.270851  maxlinkdim=587 maxerr=3.20E-08 time=54.307
After sweep 6 energy=-17.270882  maxlinkdim=499 maxerr=6.96E-08 time=44.989
After sweep 7 energy=-17.27082  maxlinkdim=490 maxerr=2.38E-08 time=45.134
After sweep 8 energy=-17.270817  maxlinkdim=486 maxerr=1.34E-07 time=43.626
After sweep 9 energy=-17.270802  maxlinkdim=484 maxerr=2.67E-08 time=43.570
After sweep 10 energy=-17.270844  maxlinkdim=483 maxerr=3.52E-08 time=43.682
After sweep 11 energy=-17.270905  maxlinkdim=493 maxerr=7.14E-09 time=43.610
After sweep 12 energy=-17.270878  maxlinkdim=487 maxerr=5.03E-08 time=44.250
After sweep 13 energy=-17.27073  maxlinkdim=482 maxerr=8.02E-08 time=44.627
After sweep 14 energy=-17.27079  maxlinkdim=489 maxerr=9.45E-08 time=43.569
After sweep 15 energy=-17.270851  maxlinkdim=488 maxerr=2.32E-08 time=43.499
After sweep 16 energy=-17.270832  maxlinkdim=485 maxerr=8.84E-09 time=43.504
After sweep 17 energy=-17.270847  maxlinkdim=482 maxerr=5.94E-08 time=43.860
After sweep 18 energy=-17.27081  maxlinkdim=488 maxerr=2.69E-08 time=44.788
After sweep 19 energy=-17.270779  maxlinkdim=484 maxerr=5.68E-08 time=43.675
After sweep 20 energy=-17.270658  maxlinkdim=485 maxerr=3.05E-08 time=43.647
After sweep 21 energy=-17.270847  maxlinkdim=491 maxerr=2.67E-08 time=43.537
After sweep 22 energy=-17.270828  maxlinkdim=491 maxerr=3.05E-08 time=43.632
After sweep 23 energy=-17.270798  maxlinkdim=488 maxerr=3.88E-08 time=44.901
After sweep 24 energy=-17.270725  maxlinkdim=483 maxerr=4.08E-08 time=43.595
After sweep 25 energy=-17.270775  maxlinkdim=483 maxerr=5.88E-08 time=43.607
After sweep 26 energy=-17.270727  maxlinkdim=484 maxerr=3.66E-08 time=43.582
After sweep 27 energy=-17.270727  maxlinkdim=487 maxerr=7.57E-08 time=43.673
After sweep 28 energy=-17.270761  maxlinkdim=482 maxerr=3.57E-08 time=44.442
After sweep 29 energy=-17.270836  maxlinkdim=496 maxerr=4.81E-08 time=44.205
After sweep 30 energy=-17.270672  maxlinkdim=485 maxerr=5.59E-08 time=43.653
FOUND MU (secant); mu: -2.3419258112751433  n: 0.49999878
Target density achieved with mu=-2.3419258112751433, n=0.49999878
Checking {alpha,beta} vs measured
Alpha not converged.
NOT CONVERGED; updating alpha, beta and continuing...
After sweep 1 energy=-7.3967724  maxlinkdim=10 maxerr=6.97E-03 time=1.421
After sweep 2 energy=-16.279224  maxlinkdim=20 maxerr=1.71E-04 time=1.517
After sweep 3 energy=-17.204247  maxlinkdim=100 maxerr=6.95E-07 time=2.863
After sweep 4 energy=-17.265305  maxlinkdim=692 maxerr=1.00E-10 time=37.211
After sweep 5 energy=-17.270197  maxlinkdim=577 maxerr=6.81E-08 time=46.031
After sweep 6 energy=-17.270748  maxlinkdim=561 maxerr=3.76E-08 time=41.770
After sweep 7 energy=-17.27066  maxlinkdim=574 maxerr=5.87E-08 time=44.801
After sweep 8 energy=-17.270592  maxlinkdim=501 maxerr=2.43E-08 time=44.447
After sweep 9 energy=-17.27058  maxlinkdim=487 maxerr=1.25E-07 time=43.743
After sweep 10 energy=-17.270683  maxlinkdim=483 maxerr=6.71E-08 time=43.592
After sweep 11 energy=-17.270603  maxlinkdim=487 maxerr=1.37E-07 time=43.858
After sweep 12 energy=-17.270647  maxlinkdim=482 maxerr=6.09E-08 time=44.841
After sweep 13 energy=-17.270653  maxlinkdim=486 maxerr=2.14E-08 time=43.646
After sweep 14 energy=-17.270592  maxlinkdim=484 maxerr=4.55E-08 time=43.602
After sweep 15 energy=-17.270573  maxlinkdim=485 maxerr=6.40E-08 time=43.600
After sweep 16 energy=-17.270569  maxlinkdim=482 maxerr=2.89E-08 time=43.690
After sweep 17 energy=-17.270645  maxlinkdim=494 maxerr=9.47E-08 time=45.136
After sweep 18 energy=-17.27052  maxlinkdim=486 maxerr=2.01E-08 time=43.612
After sweep 19 energy=-17.270676  maxlinkdim=480 maxerr=3.73E-08 time=43.596
After sweep 20 energy=-17.27069  maxlinkdim=487 maxerr=2.98E-08 time=43.616
After sweep 21 energy=-17.270615  maxlinkdim=485 maxerr=4.71E-08 time=43.746
After sweep 22 energy=-17.270622  maxlinkdim=487 maxerr=2.78E-08 time=44.430
After sweep 23 energy=-17.270607  maxlinkdim=485 maxerr=5.57E-08 time=44.343
After sweep 24 energy=-17.27068  maxlinkdim=488 maxerr=2.25E-08 time=43.698
After sweep 25 energy=-17.270721  maxlinkdim=478 maxerr=2.84E-08 time=43.439
After sweep 26 energy=-17.270628  maxlinkdim=489 maxerr=3.58E-08 time=43.575
After sweep 27 energy=-17.270708  maxlinkdim=481 maxerr=3.68E-08 time=43.947
After sweep 28 energy=-17.270618  maxlinkdim=485 maxerr=1.01E-07 time=44.702
After sweep 29 energy=-17.270618  maxlinkdim=487 maxerr=4.48E-08 time=43.578
After sweep 30 energy=-17.270622  maxlinkdim=490 maxerr=1.68E-08 time=43.601
Not same mu, searching again
After sweep 1 energy=-8.388681  maxlinkdim=10 maxerr=7.32E-03 time=1.347
After sweep 2 energy=-16.288414  maxlinkdim=20 maxerr=1.22E-04 time=1.778
After sweep 3 energy=-16.633585  maxlinkdim=100 maxerr=3.86E-07 time=2.713
After sweep 4 energy=-16.638393  maxlinkdim=671 maxerr=1.00E-10 time=38.208
After sweep 5 energy=-16.63873  maxlinkdim=569 maxerr=3.16E-08 time=48.698
After sweep 6 energy=-16.638636  maxlinkdim=512 maxerr=4.16E-08 time=43.446
After sweep 7 energy=-16.6386  maxlinkdim=471 maxerr=6.12E-08 time=41.571
After sweep 8 energy=-16.63859  maxlinkdim=478 maxerr=3.29E-08 time=41.161
After sweep 9 energy=-16.638613  maxlinkdim=474 maxerr=4.27E-08 time=41.382
After sweep 10 energy=-16.638678  maxlinkdim=469 maxerr=3.97E-08 time=41.108
After sweep 11 energy=-16.63861  maxlinkdim=475 maxerr=5.12E-08 time=41.780
After sweep 12 energy=-16.638575  maxlinkdim=471 maxerr=4.22E-08 time=41.761
After sweep 13 energy=-16.638638  maxlinkdim=471 maxerr=3.76E-08 time=41.066
After sweep 14 energy=-16.638695  maxlinkdim=471 maxerr=4.15E-08 time=41.110
After sweep 15 energy=-16.63868  maxlinkdim=476 maxerr=2.11E-08 time=41.180
After sweep 16 energy=-16.638636  maxlinkdim=471 maxerr=1.52E-07 time=41.152
After sweep 17 energy=-16.63869  maxlinkdim=470 maxerr=4.41E-08 time=42.593
After sweep 18 energy=-16.638502  maxlinkdim=477 maxerr=3.62E-08 time=40.999
After sweep 19 energy=-16.638573  maxlinkdim=470 maxerr=4.82E-08 time=41.041
After sweep 20 energy=-16.638649  maxlinkdim=475 maxerr=5.58E-08 time=41.090
After sweep 21 energy=-16.638622  maxlinkdim=472 maxerr=3.61E-08 time=41.161
After sweep 22 energy=-16.638634  maxlinkdim=472 maxerr=6.07E-08 time=41.614
After sweep 23 energy=-16.638632  maxlinkdim=472 maxerr=4.19E-08 time=43.074
After sweep 24 energy=-16.638617  maxlinkdim=472 maxerr=2.44E-08 time=41.031
After sweep 25 energy=-16.638638  maxlinkdim=473 maxerr=3.03E-08 time=40.915
After sweep 26 energy=-16.638687  maxlinkdim=473 maxerr=5.17E-08 time=41.060
After sweep 27 energy=-16.63855  maxlinkdim=475 maxerr=3.00E-08 time=40.896
After sweep 28 energy=-16.638693  maxlinkdim=474 maxerr=4.85E-08 time=42.121
After sweep 29 energy=-16.63864  maxlinkdim=472 maxerr=2.86E-08 time=41.554
After sweep 30 energy=-16.638634  maxlinkdim=473 maxerr=2.82E-08 time=41.203
n0: 0.4876504; n1: 0.50000876; mu0: -2.351925811275143; mu1: -2.3419258112751433

Range found between mu0: -2.351925811275143 (n0: 0.4876504) and mu1: -2.3419258112751433 (n1: 0.50000876); refining...
n0: 0.4876504; n1: 0.50000876; mu0: -2.351925811275143; mu1: -2.3419258112751433
Trying secant step...
After sweep 1 energy=-9.417416  maxlinkdim=10 maxerr=3.99E-03 time=1.320
After sweep 2 energy=-16.786594  maxlinkdim=20 maxerr=1.21E-04 time=1.659
After sweep 3 energy=-17.25433  maxlinkdim=100 maxerr=4.74E-07 time=2.802
After sweep 4 energy=-17.268663  maxlinkdim=673 maxerr=1.00E-10 time=37.927
After sweep 5 energy=-17.27006  maxlinkdim=560 maxerr=7.45E-08 time=48.288
After sweep 6 energy=-17.27024  maxlinkdim=548 maxerr=2.55E-08 time=44.337
After sweep 7 energy=-17.270292  maxlinkdim=512 maxerr=2.06E-07 time=45.196
After sweep 8 energy=-17.270195  maxlinkdim=487 maxerr=5.91E-08 time=43.926
After sweep 9 energy=-17.270214  maxlinkdim=486 maxerr=4.53E-08 time=43.683
After sweep 10 energy=-17.270193  maxlinkdim=484 maxerr=3.45E-08 time=43.543
After sweep 11 energy=-17.270128  maxlinkdim=483 maxerr=3.23E-08 time=43.901
After sweep 12 energy=-17.27015  maxlinkdim=480 maxerr=7.17E-08 time=44.906
After sweep 13 energy=-17.270218  maxlinkdim=482 maxerr=1.96E-08 time=43.591
After sweep 14 energy=-17.270262  maxlinkdim=485 maxerr=5.16E-08 time=43.651
After sweep 15 energy=-17.270199  maxlinkdim=487 maxerr=5.65E-08 time=43.700
After sweep 16 energy=-17.270092  maxlinkdim=484 maxerr=1.01E-07 time=43.658
After sweep 17 energy=-17.270237  maxlinkdim=481 maxerr=2.52E-08 time=44.952
After sweep 18 energy=-17.270283  maxlinkdim=480 maxerr=5.20E-08 time=43.539
After sweep 19 energy=-17.27014  maxlinkdim=482 maxerr=1.31E-08 time=43.555
After sweep 20 energy=-17.270123  maxlinkdim=482 maxerr=7.23E-08 time=43.624
After sweep 21 energy=-17.270164  maxlinkdim=489 maxerr=2.40E-09 time=43.764
After sweep 22 energy=-17.270212  maxlinkdim=486 maxerr=1.12E-07 time=44.502
After sweep 23 energy=-17.270111  maxlinkdim=485 maxerr=2.91E-08 time=44.286
After sweep 24 energy=-17.270168  maxlinkdim=502 maxerr=3.77E-08 time=43.521
After sweep 25 energy=-17.270226  maxlinkdim=493 maxerr=1.61E-08 time=43.666
After sweep 26 energy=-17.270159  maxlinkdim=488 maxerr=3.26E-08 time=43.716
After sweep 27 energy=-17.270222  maxlinkdim=485 maxerr=4.55E-08 time=44.119
After sweep 28 energy=-17.27015  maxlinkdim=484 maxerr=2.70E-08 time=44.490
After sweep 29 energy=-17.270191  maxlinkdim=484 maxerr=1.11E-07 time=43.540
After sweep 30 energy=-17.270254  maxlinkdim=484 maxerr=2.27E-08 time=43.630
FOUND MU (secant); mu: -2.341932901113524  n: 0.5000016
Target density achieved with mu=-2.341932901113524, n=0.5000016
Checking {alpha,beta} vs measured
Alpha not converged.
NOT CONVERGED; updating alpha, beta and continuing...
After sweep 1 energy=-8.989795  maxlinkdim=10 maxerr=1.14E-02 time=1.321
After sweep 2 energy=-16.799553  maxlinkdim=20 maxerr=8.56E-05 time=1.660
After sweep 3 energy=-17.254324  maxlinkdim=100 maxerr=4.60E-07 time=2.794
After sweep 4 energy=-17.269024  maxlinkdim=688 maxerr=1.00E-10 time=38.745
After sweep 5 energy=-17.27026  maxlinkdim=551 maxerr=3.84E-08 time=50.811
After sweep 6 energy=-17.270296  maxlinkdim=581 maxerr=4.26E-08 time=44.096
After sweep 7 energy=-17.270397  maxlinkdim=565 maxerr=2.73E-08 time=43.831
After sweep 8 energy=-17.27032  maxlinkdim=484 maxerr=2.54E-08 time=44.031
After sweep 9 energy=-17.270283  maxlinkdim=484 maxerr=1.80E-08 time=43.665
After sweep 10 energy=-17.270336  maxlinkdim=483 maxerr=8.90E-08 time=43.761
After sweep 11 energy=-17.270313  maxlinkdim=483 maxerr=3.08E-08 time=44.963
After sweep 12 energy=-17.270334  maxlinkdim=487 maxerr=5.30E-08 time=43.631
After sweep 13 energy=-17.270264  maxlinkdim=488 maxerr=3.85E-08 time=43.538
After sweep 14 energy=-17.270319  maxlinkdim=491 maxerr=4.20E-08 time=43.597
After sweep 15 energy=-17.270275  maxlinkdim=486 maxerr=3.69E-08 time=43.653
After sweep 16 energy=-17.270359  maxlinkdim=481 maxerr=3.33E-08 time=45.003
After sweep 17 energy=-17.270332  maxlinkdim=484 maxerr=1.82E-07 time=43.659
After sweep 18 energy=-17.270243  maxlinkdim=483 maxerr=3.29E-08 time=43.618
After sweep 19 energy=-17.270355  maxlinkdim=478 maxerr=3.92E-08 time=43.573
After sweep 20 energy=-17.270279  maxlinkdim=481 maxerr=5.81E-08 time=43.555
After sweep 21 energy=-17.270374  maxlinkdim=484 maxerr=6.07E-08 time=44.389
After sweep 22 energy=-17.270308  maxlinkdim=479 maxerr=6.23E-08 time=44.381
After sweep 23 energy=-17.270332  maxlinkdim=482 maxerr=1.73E-08 time=43.552
After sweep 24 energy=-17.27031  maxlinkdim=485 maxerr=8.46E-08 time=43.537
After sweep 25 energy=-17.270323  maxlinkdim=483 maxerr=4.02E-08 time=43.661
After sweep 26 energy=-17.270384  maxlinkdim=480 maxerr=2.38E-08 time=43.937
After sweep 27 energy=-17.270306  maxlinkdim=482 maxerr=7.35E-08 time=44.713
After sweep 28 energy=-17.27026  maxlinkdim=487 maxerr=7.24E-08 time=43.601
After sweep 29 energy=-17.27038  maxlinkdim=483 maxerr=4.68E-08 time=43.672
After sweep 30 energy=-17.270456  maxlinkdim=488 maxerr=9.30E-08 time=43.618
Not same mu, searching again
After sweep 1 energy=-9.366973  maxlinkdim=10 maxerr=4.92E-03 time=1.380
After sweep 2 energy=-17.58529  maxlinkdim=20 maxerr=2.13E-04 time=1.734
After sweep 3 energy=-17.91122  maxlinkdim=100 maxerr=4.68E-07 time=2.721
After sweep 4 energy=-17.917717  maxlinkdim=729 maxerr=1.00E-10 time=40.830
After sweep 5 energy=-17.918182  maxlinkdim=570 maxerr=1.62E-08 time=56.537
After sweep 6 energy=-17.918201  maxlinkdim=565 maxerr=4.83E-10 time=46.870
After sweep 7 energy=-17.91829  maxlinkdim=507 maxerr=4.42E-08 time=46.871
After sweep 8 energy=-17.918299  maxlinkdim=504 maxerr=1.71E-07 time=45.706
After sweep 9 energy=-17.918262  maxlinkdim=496 maxerr=1.83E-08 time=46.039
After sweep 10 energy=-17.91832  maxlinkdim=501 maxerr=4.54E-08 time=46.800
After sweep 11 energy=-17.918205  maxlinkdim=498 maxerr=5.82E-08 time=45.791
After sweep 12 energy=-17.91824  maxlinkdim=502 maxerr=6.07E-08 time=45.783
After sweep 13 energy=-17.918325  maxlinkdim=494 maxerr=9.59E-08 time=45.785
After sweep 14 energy=-17.918293  maxlinkdim=497 maxerr=1.88E-08 time=46.156
After sweep 15 energy=-17.918325  maxlinkdim=496 maxerr=1.05E-10 time=47.021
After sweep 16 energy=-17.918213  maxlinkdim=498 maxerr=3.26E-08 time=45.812
After sweep 17 energy=-17.918259  maxlinkdim=499 maxerr=3.88E-08 time=45.910
After sweep 18 energy=-17.918327  maxlinkdim=497 maxerr=4.19E-08 time=45.855
After sweep 19 energy=-17.918213  maxlinkdim=496 maxerr=2.47E-08 time=46.176
After sweep 20 energy=-17.91835  maxlinkdim=497 maxerr=1.64E-08 time=46.955
After sweep 21 energy=-17.918175  maxlinkdim=496 maxerr=1.16E-07 time=45.816
After sweep 22 energy=-17.918232  maxlinkdim=495 maxerr=4.46E-08 time=45.772
After sweep 23 energy=-17.918262  maxlinkdim=496 maxerr=2.56E-08 time=45.706
After sweep 24 energy=-17.918312  maxlinkdim=497 maxerr=1.67E-08 time=46.054
After sweep 25 energy=-17.918156  maxlinkdim=500 maxerr=6.71E-08 time=46.899
After sweep 26 energy=-17.918243  maxlinkdim=502 maxerr=7.26E-08 time=45.754
After sweep 27 energy=-17.918169  maxlinkdim=501 maxerr=1.93E-08 time=45.745
After sweep 28 energy=-17.9183  maxlinkdim=506 maxerr=4.46E-08 time=45.679
After sweep 29 energy=-17.91824  maxlinkdim=501 maxerr=2.28E-08 time=46.190
After sweep 30 energy=-17.918125  maxlinkdim=495 maxerr=1.28E-07 time=46.971
n0: 0.4999939; n1: 0.51225245; mu0: -2.341932901113524; mu1: -2.3319329011135244

Range found between mu0: -2.341932901113524 (n0: 0.4999939) and mu1: -2.3319329011135244 (n1: 0.51225245); refining...
n0: 0.4999939; n1: 0.51225245; mu0: -2.341932901113524; mu1: -2.3319329011135244
Trying secant step...
After sweep 1 energy=-9.540417  maxlinkdim=10 maxerr=3.12E-03 time=1.361
After sweep 2 energy=-16.877604  maxlinkdim=20 maxerr=8.03E-05 time=1.771
After sweep 3 energy=-17.261759  maxlinkdim=100 maxerr=4.32E-07 time=2.705
After sweep 4 energy=-17.270163  maxlinkdim=724 maxerr=1.00E-10 time=39.220
After sweep 5 energy=-17.270563  maxlinkdim=555 maxerr=3.64E-08 time=50.820
After sweep 6 energy=-17.270649  maxlinkdim=511 maxerr=6.67E-08 time=43.896
After sweep 7 energy=-17.270542  maxlinkdim=497 maxerr=4.55E-08 time=44.669
After sweep 8 energy=-17.270569  maxlinkdim=489 maxerr=5.19E-08 time=44.905
After sweep 9 energy=-17.270683  maxlinkdim=491 maxerr=2.38E-08 time=43.701
After sweep 10 energy=-17.270561  maxlinkdim=487 maxerr=2.61E-08 time=43.618
After sweep 11 energy=-17.270618  maxlinkdim=484 maxerr=8.46E-08 time=43.599
After sweep 12 energy=-17.270689  maxlinkdim=502 maxerr=2.65E-08 time=43.549
After sweep 13 energy=-17.27064  maxlinkdim=487 maxerr=9.48E-09 time=45.123
After sweep 14 energy=-17.270714  maxlinkdim=482 maxerr=6.83E-08 time=43.628
After sweep 15 energy=-17.270567  maxlinkdim=493 maxerr=2.72E-08 time=43.608
After sweep 16 energy=-17.270632  maxlinkdim=487 maxerr=3.10E-08 time=43.629
After sweep 17 energy=-17.270702  maxlinkdim=482 maxerr=3.37E-08 time=43.686
After sweep 18 energy=-17.27074  maxlinkdim=485 maxerr=2.73E-08 time=44.507
After sweep 19 energy=-17.270664  maxlinkdim=491 maxerr=4.08E-08 time=44.227
After sweep 20 energy=-17.270699  maxlinkdim=480 maxerr=4.77E-09 time=43.537
After sweep 21 energy=-17.27068  maxlinkdim=484 maxerr=1.91E-08 time=43.708
After sweep 22 energy=-17.270607  maxlinkdim=486 maxerr=1.09E-07 time=43.630
After sweep 23 energy=-17.270721  maxlinkdim=480 maxerr=7.80E-08 time=43.989
After sweep 24 energy=-17.270607  maxlinkdim=484 maxerr=3.83E-08 time=44.549
After sweep 25 energy=-17.270596  maxlinkdim=479 maxerr=4.42E-08 time=43.599
After sweep 26 energy=-17.270657  maxlinkdim=482 maxerr=6.60E-08 time=43.579
After sweep 27 energy=-17.270725  maxlinkdim=481 maxerr=3.66E-08 time=43.532
After sweep 28 energy=-17.270687  maxlinkdim=481 maxerr=3.52E-08 time=43.553
After sweep 29 energy=-17.270664  maxlinkdim=485 maxerr=4.52E-08 time=44.872
After sweep 30 energy=-17.270645  maxlinkdim=484 maxerr=3.38E-08 time=43.688
FOUND MU (secant); mu: -2.3419279172684755  n: 0.49999887
Target density achieved with mu=-2.3419279172684755, n=0.49999887
Checking {alpha,beta} vs measured
Alpha not converged.
NOT CONVERGED; updating alpha, beta and continuing...
After sweep 1 energy=-6.192828  maxlinkdim=10 maxerr=1.43E-02 time=1.344
After sweep 2 energy=-16.527853  maxlinkdim=20 maxerr=1.22E-04 time=1.730
After sweep 3 energy=-17.24089  maxlinkdim=100 maxerr=5.25E-07 time=2.729
After sweep 4 energy=-17.268099  maxlinkdim=700 maxerr=1.00E-10 time=38.977
After sweep 5 energy=-17.270355  maxlinkdim=572 maxerr=1.16E-07 time=50.729
After sweep 6 energy=-17.270594  maxlinkdim=511 maxerr=5.45E-08 time=42.840
After sweep 7 energy=-17.27062  maxlinkdim=540 maxerr=4.66E-08 time=45.997
After sweep 8 energy=-17.270582  maxlinkdim=491 maxerr=5.84E-08 time=44.136
After sweep 9 energy=-17.270662  maxlinkdim=483 maxerr=4.58E-08 time=43.777
After sweep 10 energy=-17.270638  maxlinkdim=484 maxerr=3.60E-08 time=43.636
After sweep 11 energy=-17.270632  maxlinkdim=491 maxerr=5.27E-08 time=43.672
After sweep 12 energy=-17.270641  maxlinkdim=487 maxerr=3.12E-08 time=44.637
After sweep 13 energy=-17.270662  maxlinkdim=483 maxerr=1.15E-07 time=44.288
After sweep 14 energy=-17.27066  maxlinkdim=489 maxerr=5.96E-08 time=43.631
After sweep 15 energy=-17.270502  maxlinkdim=488 maxerr=1.09E-07 time=43.603
After sweep 16 energy=-17.270542  maxlinkdim=489 maxerr=3.40E-08 time=43.471
After sweep 17 energy=-17.270638  maxlinkdim=485 maxerr=3.73E-08 time=44.057
After sweep 18 energy=-17.27061  maxlinkdim=486 maxerr=2.36E-08 time=44.525
After sweep 19 energy=-17.270533  maxlinkdim=492 maxerr=1.00E-10 time=43.714
After sweep 20 energy=-17.270555  maxlinkdim=485 maxerr=5.54E-08 time=43.680
After sweep 21 energy=-17.270584  maxlinkdim=485 maxerr=4.12E-08 time=43.533
After sweep 22 energy=-17.270515  maxlinkdim=488 maxerr=8.92E-08 time=43.664
After sweep 23 energy=-17.27053  maxlinkdim=486 maxerr=4.55E-08 time=44.979
After sweep 24 energy=-17.270664  maxlinkdim=483 maxerr=1.12E-07 time=43.658
After sweep 25 energy=-17.270472  maxlinkdim=486 maxerr=4.42E-08 time=43.532
After sweep 26 energy=-17.270584  maxlinkdim=485 maxerr=3.87E-08 time=43.564
After sweep 27 energy=-17.270527  maxlinkdim=480 maxerr=7.86E-08 time=43.508
After sweep 28 energy=-17.270586  maxlinkdim=483 maxerr=4.29E-08 time=45.051
After sweep 29 energy=-17.270563  maxlinkdim=486 maxerr=3.81E-08 time=43.701
After sweep 30 energy=-17.270554  maxlinkdim=485 maxerr=1.18E-07 time=43.732
Same mu: -2.3419279172684755 and continuing
Target density achieved with mu=-2.3419279172684755, n=0.5000046
Checking {alpha,beta} vs measured
Alpha not converged.
NOT CONVERGED; updating alpha, beta and continuing...
After sweep 1 energy=-8.303742  maxlinkdim=10 maxerr=3.75E-03 time=1.364
After sweep 2 energy=-16.346539  maxlinkdim=20 maxerr=2.02E-04 time=1.795
After sweep 3 energy=-17.189575  maxlinkdim=100 maxerr=4.03E-07 time=2.695
After sweep 4 energy=-17.261786  maxlinkdim=678 maxerr=1.00E-10 time=36.868
After sweep 5 energy=-17.269215  maxlinkdim=583 maxerr=9.09E-09 time=46.842
After sweep 6 energy=-17.27032  maxlinkdim=566 maxerr=1.22E-07 time=40.790
After sweep 7 energy=-17.270527  maxlinkdim=617 maxerr=3.89E-08 time=43.062
After sweep 8 energy=-17.270554  maxlinkdim=583 maxerr=3.23E-08 time=44.208
After sweep 9 energy=-17.270525  maxlinkdim=482 maxerr=1.93E-07 time=44.040
After sweep 10 energy=-17.270493  maxlinkdim=487 maxerr=5.45E-08 time=43.690
After sweep 11 energy=-17.270485  maxlinkdim=480 maxerr=3.09E-08 time=43.906
After sweep 12 energy=-17.270489  maxlinkdim=490 maxerr=4.16E-08 time=44.751
After sweep 13 energy=-17.270393  maxlinkdim=486 maxerr=2.01E-08 time=43.631
After sweep 14 energy=-17.270456  maxlinkdim=485 maxerr=5.87E-08 time=43.637
After sweep 15 energy=-17.270555  maxlinkdim=486 maxerr=2.53E-08 time=43.760
After sweep 16 energy=-17.270441  maxlinkdim=484 maxerr=4.21E-08 time=43.761
After sweep 17 energy=-17.270397  maxlinkdim=486 maxerr=4.94E-08 time=45.037
After sweep 18 energy=-17.270447  maxlinkdim=488 maxerr=3.55E-08 time=43.675
After sweep 19 energy=-17.270412  maxlinkdim=485 maxerr=7.39E-08 time=43.649
After sweep 20 energy=-17.27045  maxlinkdim=486 maxerr=3.00E-08 time=43.681
After sweep 21 energy=-17.270409  maxlinkdim=485 maxerr=7.46E-08 time=43.702
After sweep 22 energy=-17.270382  maxlinkdim=492 maxerr=4.82E-08 time=44.352
After sweep 23 energy=-17.270357  maxlinkdim=483 maxerr=7.07E-08 time=44.252
After sweep 24 energy=-17.270496  maxlinkdim=486 maxerr=3.57E-08 time=43.664
After sweep 25 energy=-17.270514  maxlinkdim=484 maxerr=2.58E-08 time=43.702
After sweep 26 energy=-17.270382  maxlinkdim=481 maxerr=4.41E-08 time=43.626
After sweep 27 energy=-17.270538  maxlinkdim=484 maxerr=5.18E-08 time=44.053
After sweep 28 energy=-17.270498  maxlinkdim=486 maxerr=6.37E-08 time=44.752
After sweep 29 energy=-17.270426  maxlinkdim=487 maxerr=5.82E-08 time=43.724
After sweep 30 energy=-17.270432  maxlinkdim=486 maxerr=3.33E-08 time=43.691
Same mu: -2.3419279172684755 and continuing
Target density achieved with mu=-2.3419279172684755, n=0.49999648
Checking {alpha,beta} vs measured
Alpha not converged.
NOT CONVERGED; updating alpha, beta and continuing...
After sweep 1 energy=-8.675621  maxlinkdim=10 maxerr=5.61E-03 time=1.352
After sweep 2 energy=-16.902397  maxlinkdim=20 maxerr=7.46E-05 time=1.751
After sweep 3 energy=-17.264019  maxlinkdim=100 maxerr=4.84E-07 time=2.755
After sweep 4 energy=-17.27033  maxlinkdim=693 maxerr=1.00E-10 time=38.283
After sweep 5 energy=-17.27061  maxlinkdim=548 maxerr=4.27E-08 time=48.281
After sweep 6 energy=-17.270576  maxlinkdim=552 maxerr=1.78E-08 time=43.492
After sweep 7 energy=-17.270626  maxlinkdim=488 maxerr=4.60E-08 time=44.188
After sweep 8 energy=-17.270645  maxlinkdim=486 maxerr=2.87E-08 time=43.659
After sweep 9 energy=-17.270638  maxlinkdim=486 maxerr=2.68E-08 time=43.684
After sweep 10 energy=-17.270685  maxlinkdim=487 maxerr=6.51E-08 time=43.650
After sweep 11 energy=-17.270597  maxlinkdim=481 maxerr=5.20E-08 time=45.103
After sweep 12 energy=-17.270744  maxlinkdim=491 maxerr=1.79E-08 time=43.634
After sweep 13 energy=-17.2706  maxlinkdim=485 maxerr=3.97E-08 time=43.672
After sweep 14 energy=-17.270708  maxlinkdim=482 maxerr=5.18E-08 time=43.563
After sweep 15 energy=-17.270668  maxlinkdim=484 maxerr=1.79E-08 time=43.670
After sweep 16 energy=-17.270702  maxlinkdim=485 maxerr=4.48E-08 time=45.077
After sweep 17 energy=-17.270693  maxlinkdim=490 maxerr=3.86E-08 time=43.647
After sweep 18 energy=-17.27081  maxlinkdim=492 maxerr=1.10E-07 time=43.641
After sweep 19 energy=-17.270685  maxlinkdim=483 maxerr=3.31E-08 time=43.669
After sweep 20 energy=-17.27068  maxlinkdim=489 maxerr=2.85E-08 time=43.802
After sweep 21 energy=-17.270601  maxlinkdim=482 maxerr=3.77E-08 time=44.255
After sweep 22 energy=-17.270573  maxlinkdim=484 maxerr=3.22E-08 time=44.556
After sweep 23 energy=-17.270607  maxlinkdim=481 maxerr=4.32E-08 time=43.615
After sweep 24 energy=-17.27076  maxlinkdim=484 maxerr=3.42E-08 time=43.703
After sweep 25 energy=-17.270662  maxlinkdim=486 maxerr=5.99E-08 time=43.596
After sweep 26 energy=-17.270596  maxlinkdim=482 maxerr=2.50E-08 time=43.681
After sweep 27 energy=-17.270618  maxlinkdim=485 maxerr=4.92E-08 time=46.168
After sweep 28 energy=-17.2705  maxlinkdim=486 maxerr=2.75E-08 time=43.593
After sweep 29 energy=-17.270636  maxlinkdim=487 maxerr=1.53E-07 time=43.714
After sweep 30 energy=-17.27062  maxlinkdim=484 maxerr=2.50E-08 time=43.560
Not same mu, searching again
After sweep 1 energy=-6.605087  maxlinkdim=10 maxerr=4.15E-03 time=1.356
After sweep 2 energy=-16.158817  maxlinkdim=20 maxerr=9.81E-05 time=1.777
After sweep 3 energy=-16.62716  maxlinkdim=100 maxerr=3.54E-07 time=2.701
After sweep 4 energy=-16.637827  maxlinkdim=654 maxerr=1.00E-10 time=36.530
After sweep 5 energy=-16.638542  maxlinkdim=535 maxerr=2.91E-08 time=46.207
After sweep 6 energy=-16.638721  maxlinkdim=534 maxerr=3.08E-08 time=39.663
After sweep 7 energy=-16.63867  maxlinkdim=510 maxerr=3.36E-08 time=42.080
After sweep 8 energy=-16.638662  maxlinkdim=473 maxerr=4.10E-08 time=41.150
After sweep 9 energy=-16.638594  maxlinkdim=471 maxerr=3.81E-08 time=41.049
After sweep 10 energy=-16.638596  maxlinkdim=475 maxerr=3.73E-08 time=41.220
After sweep 11 energy=-16.638573  maxlinkdim=470 maxerr=6.84E-08 time=42.556
After sweep 12 energy=-16.638618  maxlinkdim=473 maxerr=4.66E-08 time=41.192
After sweep 13 energy=-16.638573  maxlinkdim=468 maxerr=4.55E-08 time=41.103
After sweep 14 energy=-16.638588  maxlinkdim=474 maxerr=1.73E-08 time=41.151
After sweep 15 energy=-16.638609  maxlinkdim=471 maxerr=4.99E-08 time=41.040
After sweep 16 energy=-16.638626  maxlinkdim=470 maxerr=5.42E-08 time=41.560
After sweep 17 energy=-16.638535  maxlinkdim=478 maxerr=2.26E-08 time=41.831
After sweep 18 energy=-16.6386  maxlinkdim=474 maxerr=4.85E-08 time=41.139
After sweep 19 energy=-16.638573  maxlinkdim=474 maxerr=4.80E-08 time=41.266
After sweep 20 energy=-16.638645  maxlinkdim=474 maxerr=2.95E-08 time=41.069
After sweep 21 energy=-16.638601  maxlinkdim=470 maxerr=3.52E-08 time=41.226
After sweep 22 energy=-16.63874  maxlinkdim=467 maxerr=2.66E-08 time=42.493
After sweep 23 energy=-16.638592  maxlinkdim=471 maxerr=3.36E-08 time=41.074
After sweep 24 energy=-16.638618  maxlinkdim=468 maxerr=3.77E-08 time=41.139
After sweep 25 energy=-16.638647  maxlinkdim=471 maxerr=2.60E-08 time=41.036
After sweep 26 energy=-16.638603  maxlinkdim=473 maxerr=4.69E-08 time=41.052
After sweep 27 energy=-16.638609  maxlinkdim=468 maxerr=2.20E-08 time=41.398
After sweep 28 energy=-16.638689  maxlinkdim=471 maxerr=4.09E-08 time=42.340
After sweep 29 energy=-16.638664  maxlinkdim=473 maxerr=2.38E-08 time=40.894
After sweep 30 energy=-16.638657  maxlinkdim=473 maxerr=2.41E-08 time=41.006
n0: 0.4876481; n1: 0.50000626; mu0: -2.3519279172684753; mu1: -2.3419279172684755

Range found between mu0: -2.3519279172684753 (n0: 0.4876481) and mu1: -2.3419279172684755 (n1: 0.50000626); refining...
n0: 0.4876481; n1: 0.50000626; mu0: -2.3519279172684753; mu1: -2.3419279172684755
Trying secant step...
After sweep 1 energy=-8.197606  maxlinkdim=10 maxerr=4.55E-03 time=1.323
After sweep 2 energy=-16.94209  maxlinkdim=20 maxerr=1.03E-04 time=1.654
After sweep 3 energy=-17.264263  maxlinkdim=100 maxerr=5.38E-07 time=2.815
After sweep 4 energy=-17.270351  maxlinkdim=706 maxerr=1.00E-10 time=40.578
After sweep 5 energy=-17.270388  maxlinkdim=552 maxerr=2.99E-08 time=53.655
After sweep 6 energy=-17.270287  maxlinkdim=486 maxerr=3.66E-08 time=45.805
After sweep 7 energy=-17.270298  maxlinkdim=482 maxerr=8.99E-08 time=43.615
After sweep 8 energy=-17.27031  maxlinkdim=483 maxerr=1.17E-08 time=43.649
After sweep 9 energy=-17.270338  maxlinkdim=486 maxerr=4.72E-08 time=43.490
After sweep 10 energy=-17.270435  maxlinkdim=482 maxerr=4.44E-08 time=43.605
After sweep 11 energy=-17.270248  maxlinkdim=489 maxerr=6.67E-08 time=45.083
After sweep 12 energy=-17.270302  maxlinkdim=481 maxerr=4.23E-08 time=43.688
After sweep 13 energy=-17.270262  maxlinkdim=480 maxerr=4.14E-08 time=43.615
After sweep 14 energy=-17.270313  maxlinkdim=484 maxerr=4.82E-08 time=43.538
After sweep 15 energy=-17.270432  maxlinkdim=481 maxerr=1.20E-08 time=43.542
After sweep 16 energy=-17.27033  maxlinkdim=481 maxerr=3.94E-08 time=44.404
After sweep 17 energy=-17.270357  maxlinkdim=485 maxerr=1.34E-07 time=44.191
After sweep 18 energy=-17.270302  maxlinkdim=481 maxerr=6.69E-08 time=43.545
After sweep 19 energy=-17.270336  maxlinkdim=483 maxerr=4.45E-08 time=43.573
After sweep 20 energy=-17.270424  maxlinkdim=487 maxerr=9.17E-08 time=43.589
After sweep 21 energy=-17.270267  maxlinkdim=487 maxerr=2.75E-08 time=44.182
After sweep 22 energy=-17.270409  maxlinkdim=483 maxerr=3.67E-08 time=44.499
After sweep 23 energy=-17.270357  maxlinkdim=487 maxerr=6.90E-08 time=43.620
After sweep 24 energy=-17.270367  maxlinkdim=485 maxerr=1.68E-08 time=43.570
After sweep 25 energy=-17.270454  maxlinkdim=482 maxerr=3.17E-08 time=43.661
After sweep 26 energy=-17.270247  maxlinkdim=482 maxerr=2.98E-08 time=43.677
After sweep 27 energy=-17.270332  maxlinkdim=485 maxerr=9.31E-08 time=44.930
After sweep 28 energy=-17.270336  maxlinkdim=485 maxerr=4.77E-08 time=43.682
After sweep 29 energy=-17.270393  maxlinkdim=481 maxerr=2.88E-08 time=43.556
After sweep 30 energy=-17.270338  maxlinkdim=482 maxerr=1.07E-07 time=43.660
FOUND MU (secant); mu: -2.3419329815242347  n: 0.5000005
Target density achieved with mu=-2.3419329815242347, n=0.5000005
Checking {alpha,beta} vs measured
Alpha not converged.
NOT CONVERGED; updating alpha, beta and continuing...
After sweep 1 energy=-8.601386  maxlinkdim=10 maxerr=8.30E-03 time=1.484
After sweep 2 energy=-16.898388  maxlinkdim=20 maxerr=9.18E-05 time=1.513
After sweep 3 energy=-17.264488  maxlinkdim=100 maxerr=4.14E-07 time=2.825
After sweep 4 energy=-17.270199  maxlinkdim=696 maxerr=1.00E-10 time=39.342
After sweep 5 energy=-17.270267  maxlinkdim=548 maxerr=3.56E-08 time=52.678
After sweep 6 energy=-17.270338  maxlinkdim=540 maxerr=2.77E-08 time=46.053
After sweep 7 energy=-17.270342  maxlinkdim=483 maxerr=6.92E-08 time=43.842
After sweep 8 energy=-17.27033  maxlinkdim=482 maxerr=6.46E-08 time=43.449
After sweep 9 energy=-17.27024  maxlinkdim=490 maxerr=6.04E-08 time=43.613
After sweep 10 energy=-17.270304  maxlinkdim=492 maxerr=4.79E-08 time=44.591
After sweep 11 energy=-17.270414  maxlinkdim=483 maxerr=2.21E-08 time=44.392
After sweep 12 energy=-17.270319  maxlinkdim=483 maxerr=5.22E-08 time=43.716
After sweep 13 energy=-17.27026  maxlinkdim=485 maxerr=3.87E-08 time=43.601
After sweep 14 energy=-17.270279  maxlinkdim=481 maxerr=7.83E-08 time=43.679
After sweep 15 energy=-17.27025  maxlinkdim=493 maxerr=3.53E-08 time=43.978
After sweep 16 energy=-17.27031  maxlinkdim=482 maxerr=5.67E-08 time=44.758
After sweep 17 energy=-17.270342  maxlinkdim=484 maxerr=5.34E-08 time=43.704
After sweep 18 energy=-17.27021  maxlinkdim=486 maxerr=6.09E-08 time=43.650
After sweep 19 energy=-17.27022  maxlinkdim=493 maxerr=4.13E-08 time=43.581
After sweep 20 energy=-17.270332  maxlinkdim=485 maxerr=5.43E-08 time=43.566
After sweep 21 energy=-17.270264  maxlinkdim=485 maxerr=3.95E-08 time=45.500
After sweep 22 energy=-17.270302  maxlinkdim=481 maxerr=1.07E-08 time=43.650
After sweep 23 energy=-17.270376  maxlinkdim=490 maxerr=1.37E-08 time=43.685
After sweep 24 energy=-17.270254  maxlinkdim=487 maxerr=2.69E-08 time=43.793
After sweep 25 energy=-17.270348  maxlinkdim=483 maxerr=6.59E-08 time=43.619
After sweep 26 energy=-17.270245  maxlinkdim=484 maxerr=4.23E-08 time=44.482
After sweep 27 energy=-17.270308  maxlinkdim=481 maxerr=9.69E-09 time=44.144
After sweep 28 energy=-17.270267  maxlinkdim=482 maxerr=3.61E-08 time=43.631
After sweep 29 energy=-17.270218  maxlinkdim=487 maxerr=7.73E-08 time=43.562
After sweep 30 energy=-17.27028  maxlinkdim=484 maxerr=3.09E-08 time=43.568
Not same mu, searching again
After sweep 1 energy=-9.74456  maxlinkdim=10 maxerr=3.15E-03 time=1.370
After sweep 2 energy=-17.387384  maxlinkdim=20 maxerr=8.11E-05 time=1.721
After sweep 3 energy=-17.900534  maxlinkdim=100 maxerr=5.66E-07 time=2.737
After sweep 4 energy=-17.916971  maxlinkdim=699 maxerr=1.00E-10 time=40.706
After sweep 5 energy=-17.91819  maxlinkdim=578 maxerr=7.19E-08 time=55.122
After sweep 6 energy=-17.918102  maxlinkdim=580 maxerr=6.65E-08 time=45.772
After sweep 7 energy=-17.918224  maxlinkdim=568 maxerr=4.12E-08 time=46.126
After sweep 8 energy=-17.91819  maxlinkdim=497 maxerr=8.94E-08 time=46.455
After sweep 9 energy=-17.918207  maxlinkdim=501 maxerr=1.76E-08 time=47.161
After sweep 10 energy=-17.918245  maxlinkdim=497 maxerr=3.30E-08 time=45.769
After sweep 11 energy=-17.918203  maxlinkdim=511 maxerr=3.91E-08 time=45.889
After sweep 12 energy=-17.918184  maxlinkdim=509 maxerr=1.15E-07 time=45.793
After sweep 13 energy=-17.9182  maxlinkdim=500 maxerr=1.08E-08 time=45.768
After sweep 14 energy=-17.918224  maxlinkdim=502 maxerr=1.38E-07 time=47.363
After sweep 15 energy=-17.91824  maxlinkdim=498 maxerr=4.22E-08 time=45.823
After sweep 16 energy=-17.918085  maxlinkdim=498 maxerr=6.43E-08 time=45.935
After sweep 17 energy=-17.918268  maxlinkdim=495 maxerr=3.64E-08 time=45.915
After sweep 18 energy=-17.918245  maxlinkdim=497 maxerr=1.67E-08 time=45.851
After sweep 19 energy=-17.91813  maxlinkdim=496 maxerr=4.90E-08 time=47.220
After sweep 20 energy=-17.918236  maxlinkdim=508 maxerr=7.99E-09 time=45.725
After sweep 21 energy=-17.918213  maxlinkdim=496 maxerr=4.85E-08 time=45.791
After sweep 22 energy=-17.918253  maxlinkdim=498 maxerr=9.97E-08 time=45.885
After sweep 23 energy=-17.918137  maxlinkdim=496 maxerr=4.42E-08 time=45.810
After sweep 24 energy=-17.918264  maxlinkdim=496 maxerr=9.25E-08 time=47.269
After sweep 25 energy=-17.918242  maxlinkdim=496 maxerr=1.71E-07 time=45.871
After sweep 26 energy=-17.918238  maxlinkdim=501 maxerr=1.29E-07 time=45.664
After sweep 27 energy=-17.918102  maxlinkdim=499 maxerr=9.61E-08 time=45.729
After sweep 28 energy=-17.918148  maxlinkdim=496 maxerr=2.24E-08 time=45.761
After sweep 29 energy=-17.918182  maxlinkdim=500 maxerr=6.33E-08 time=47.206
After sweep 30 energy=-17.918114  maxlinkdim=498 maxerr=8.72E-08 time=45.749
n0: 0.4999946; n1: 0.5122539; mu0: -2.3419329815242347; mu1: -2.331932981524235

Range found between mu0: -2.3419329815242347 (n0: 0.4999946) and mu1: -2.331932981524235 (n1: 0.5122539); refining...
n0: 0.4999946; n1: 0.5122539; mu0: -2.3419329815242347; mu1: -2.331932981524235
Trying secant step...
After sweep 1 energy=-8.229998  maxlinkdim=10 maxerr=5.77E-03 time=1.430
After sweep 2 energy=-16.90473  maxlinkdim=20 maxerr=1.96E-04 time=1.514
After sweep 3 energy=-17.262247  maxlinkdim=100 maxerr=3.60E-07 time=2.853
After sweep 4 energy=-17.27013  maxlinkdim=691 maxerr=1.00E-10 time=38.701
After sweep 5 energy=-17.27065  maxlinkdim=554 maxerr=7.52E-08 time=50.297
After sweep 6 energy=-17.270565  maxlinkdim=552 maxerr=4.78E-08 time=42.586
After sweep 7 energy=-17.270567  maxlinkdim=502 maxerr=6.19E-08 time=45.147
After sweep 8 energy=-17.270515  maxlinkdim=491 maxerr=5.12E-08 time=43.809
After sweep 9 energy=-17.270557  maxlinkdim=484 maxerr=2.78E-08 time=43.701
After sweep 10 energy=-17.270588  maxlinkdim=485 maxerr=1.73E-08 time=43.683
After sweep 11 energy=-17.270535  maxlinkdim=485 maxerr=4.21E-08 time=43.746
After sweep 12 energy=-17.270548  maxlinkdim=489 maxerr=1.04E-10 time=44.348
After sweep 13 energy=-17.270538  maxlinkdim=485 maxerr=6.62E-09 time=44.551
After sweep 14 energy=-17.27053  maxlinkdim=488 maxerr=3.34E-08 time=43.745
After sweep 15 energy=-17.27056  maxlinkdim=480 maxerr=2.00E-08 time=43.634
After sweep 16 energy=-17.27053  maxlinkdim=487 maxerr=5.26E-08 time=43.662
After sweep 17 energy=-17.27058  maxlinkdim=492 maxerr=4.08E-08 time=43.904
After sweep 18 energy=-17.270573  maxlinkdim=486 maxerr=2.73E-08 time=44.896
After sweep 19 energy=-17.270584  maxlinkdim=482 maxerr=4.74E-08 time=43.721
After sweep 20 energy=-17.270565  maxlinkdim=488 maxerr=2.90E-08 time=43.648
After sweep 21 energy=-17.270622  maxlinkdim=490 maxerr=3.94E-08 time=43.644
After sweep 22 energy=-17.270662  maxlinkdim=482 maxerr=4.83E-08 time=43.620
After sweep 23 energy=-17.270552  maxlinkdim=480 maxerr=7.07E-08 time=45.022
After sweep 24 energy=-17.270561  maxlinkdim=484 maxerr=5.14E-08 time=43.612
After sweep 25 energy=-17.270454  maxlinkdim=486 maxerr=6.79E-08 time=43.588
After sweep 26 energy=-17.270523  maxlinkdim=481 maxerr=2.70E-08 time=43.589
After sweep 27 energy=-17.27054  maxlinkdim=486 maxerr=4.98E-08 time=43.680
After sweep 28 energy=-17.270544  maxlinkdim=482 maxerr=5.05E-08 time=44.252
After sweep 29 energy=-17.270546  maxlinkdim=485 maxerr=1.87E-08 time=44.323
After sweep 30 energy=-17.270517  maxlinkdim=488 maxerr=5.30E-08 time=43.532
FOUND MU (secant); mu: -2.3419285814104636  n: 0.49999854
Target density achieved with mu=-2.3419285814104636, n=0.49999854
Checking {alpha,beta} vs measured
Alpha not converged.
NOT CONVERGED; updating alpha, beta and continuing...
After sweep 1 energy=-7.4362354  maxlinkdim=10 maxerr=3.07E-03 time=1.353
After sweep 2 energy=-16.678846  maxlinkdim=20 maxerr=8.14E-05 time=1.780
After sweep 3 energy=-17.241735  maxlinkdim=100 maxerr=6.30E-07 time=2.683
After sweep 4 energy=-17.267277  maxlinkdim=677 maxerr=1.00E-10 time=37.615
After sweep 5 energy=-17.27008  maxlinkdim=527 maxerr=1.73E-08 time=48.724
After sweep 6 energy=-17.270584  maxlinkdim=615 maxerr=4.91E-08 time=43.346
After sweep 7 energy=-17.270576  maxlinkdim=569 maxerr=4.30E-08 time=45.216
After sweep 8 energy=-17.270561  maxlinkdim=487 maxerr=4.24E-08 time=44.509
After sweep 9 energy=-17.270596  maxlinkdim=488 maxerr=4.23E-08 time=43.561
After sweep 10 energy=-17.270557  maxlinkdim=483 maxerr=3.39E-08 time=43.718
After sweep 11 energy=-17.270596  maxlinkdim=486 maxerr=4.08E-08 time=43.973
After sweep 12 energy=-17.270466  maxlinkdim=489 maxerr=4.81E-08 time=44.721
After sweep 13 energy=-17.27058  maxlinkdim=484 maxerr=3.20E-08 time=43.534
After sweep 14 energy=-17.270517  maxlinkdim=484 maxerr=3.57E-08 time=43.561
After sweep 15 energy=-17.270514  maxlinkdim=486 maxerr=5.45E-08 time=43.540
After sweep 16 energy=-17.270493  maxlinkdim=484 maxerr=3.04E-08 time=43.588
After sweep 17 energy=-17.27053  maxlinkdim=483 maxerr=2.47E-08 time=45.041
After sweep 18 energy=-17.270466  maxlinkdim=482 maxerr=3.23E-08 time=43.651
After sweep 19 energy=-17.270542  maxlinkdim=481 maxerr=3.88E-08 time=43.515
After sweep 20 energy=-17.270557  maxlinkdim=489 maxerr=1.62E-08 time=43.489
After sweep 21 energy=-17.270618  maxlinkdim=488 maxerr=4.41E-08 time=43.551
After sweep 22 energy=-17.270481  maxlinkdim=486 maxerr=1.65E-08 time=44.413
After sweep 23 energy=-17.270512  maxlinkdim=480 maxerr=4.17E-08 time=44.262
After sweep 24 energy=-17.270512  maxlinkdim=489 maxerr=1.15E-07 time=43.628
After sweep 25 energy=-17.270422  maxlinkdim=482 maxerr=3.46E-08 time=43.720
After sweep 26 energy=-17.270517  maxlinkdim=486 maxerr=1.35E-08 time=43.623
After sweep 27 energy=-17.270443  maxlinkdim=484 maxerr=5.46E-08 time=44.007
After sweep 28 energy=-17.270432  maxlinkdim=486 maxerr=1.85E-07 time=44.752
After sweep 29 energy=-17.270567  maxlinkdim=487 maxerr=8.69E-08 time=43.651
After sweep 30 energy=-17.270529  maxlinkdim=483 maxerr=3.42E-08 time=43.694
Same mu: -2.3419285814104636 and continuing
Target density achieved with mu=-2.3419285814104636, n=0.500004
Checking {alpha,beta} vs measured
Alpha not converged.
NOT CONVERGED; updating alpha, beta and continuing...
After sweep 1 energy=-8.437234  maxlinkdim=10 maxerr=3.48E-03 time=1.376
After sweep 2 energy=-16.765247  maxlinkdim=20 maxerr=7.84E-05 time=1.474
After sweep 3 energy=-17.254904  maxlinkdim=100 maxerr=4.14E-07 time=2.885
After sweep 4 energy=-17.268806  maxlinkdim=676 maxerr=1.00E-10 time=37.774
After sweep 5 energy=-17.270197  maxlinkdim=571 maxerr=1.73E-08 time=47.722
After sweep 6 energy=-17.270454  maxlinkdim=566 maxerr=2.61E-08 time=42.993
After sweep 7 energy=-17.270397  maxlinkdim=515 maxerr=1.62E-08 time=43.154
After sweep 8 energy=-17.270403  maxlinkdim=486 maxerr=6.25E-08 time=43.809
After sweep 9 energy=-17.27047  maxlinkdim=482 maxerr=3.48E-08 time=43.764
After sweep 10 energy=-17.27056  maxlinkdim=482 maxerr=8.65E-08 time=43.684
After sweep 11 energy=-17.27047  maxlinkdim=484 maxerr=1.97E-08 time=45.113
After sweep 12 energy=-17.270344  maxlinkdim=483 maxerr=3.91E-08 time=43.605
After sweep 13 energy=-17.270592  maxlinkdim=484 maxerr=8.90E-08 time=43.625
After sweep 14 energy=-17.270477  maxlinkdim=484 maxerr=4.82E-08 time=43.548
After sweep 15 energy=-17.270418  maxlinkdim=484 maxerr=2.49E-08 time=43.633
After sweep 16 energy=-17.270393  maxlinkdim=484 maxerr=3.39E-08 time=44.275
After sweep 17 energy=-17.270397  maxlinkdim=485 maxerr=5.14E-08 time=44.431
After sweep 18 energy=-17.27045  maxlinkdim=482 maxerr=3.54E-08 time=43.593
After sweep 19 energy=-17.270382  maxlinkdim=482 maxerr=9.58E-08 time=43.703
After sweep 20 energy=-17.270506  maxlinkdim=481 maxerr=2.63E-08 time=43.671
After sweep 21 energy=-17.270489  maxlinkdim=496 maxerr=4.04E-08 time=43.912
After sweep 22 energy=-17.270418  maxlinkdim=481 maxerr=2.57E-08 time=44.708
After sweep 23 energy=-17.270582  maxlinkdim=488 maxerr=4.23E-08 time=43.550
After sweep 24 energy=-17.270447  maxlinkdim=487 maxerr=6.09E-08 time=43.614
After sweep 25 energy=-17.270401  maxlinkdim=486 maxerr=8.99E-08 time=43.639
After sweep 26 energy=-17.270466  maxlinkdim=482 maxerr=2.84E-08 time=43.641
After sweep 27 energy=-17.27032  maxlinkdim=482 maxerr=1.00E-08 time=45.005
After sweep 28 energy=-17.270487  maxlinkdim=488 maxerr=2.98E-08 time=43.584
After sweep 29 energy=-17.270351  maxlinkdim=490 maxerr=4.86E-08 time=43.635
After sweep 30 energy=-17.270353  maxlinkdim=484 maxerr=8.34E-08 time=43.597
Same mu: -2.3419285814104636 and continuing
Target density achieved with mu=-2.3419285814104636, n=0.4999976
Checking {alpha,beta} vs measured
Alpha not converged.
NOT CONVERGED; updating alpha, beta and continuing...
After sweep 1 energy=-7.2207365  maxlinkdim=10 maxerr=4.17E-03 time=1.344
After sweep 2 energy=-16.686602  maxlinkdim=20 maxerr=9.56E-05 time=1.681
After sweep 3 energy=-17.252344  maxlinkdim=100 maxerr=4.35E-07 time=2.749
After sweep 4 energy=-17.269571  maxlinkdim=688 maxerr=1.00E-10 time=38.528
After sweep 5 energy=-17.270544  maxlinkdim=539 maxerr=6.86E-08 time=51.680
After sweep 6 energy=-17.270597  maxlinkdim=568 maxerr=2.49E-08 time=44.301
After sweep 7 energy=-17.27053  maxlinkdim=510 maxerr=3.18E-08 time=44.383
After sweep 8 energy=-17.270525  maxlinkdim=486 maxerr=5.69E-08 time=43.706
After sweep 9 energy=-17.270567  maxlinkdim=481 maxerr=4.04E-08 time=43.582
After sweep 10 energy=-17.270529  maxlinkdim=481 maxerr=2.84E-08 time=44.107
After sweep 11 energy=-17.270493  maxlinkdim=484 maxerr=1.09E-07 time=44.579
After sweep 12 energy=-17.270563  maxlinkdim=492 maxerr=1.30E-07 time=43.576
After sweep 13 energy=-17.270485  maxlinkdim=484 maxerr=2.57E-08 time=43.596
After sweep 14 energy=-17.27051  maxlinkdim=482 maxerr=2.38E-08 time=43.610
After sweep 15 energy=-17.270754  maxlinkdim=483 maxerr=1.92E-08 time=43.946
After sweep 16 energy=-17.270618  maxlinkdim=482 maxerr=4.04E-08 time=44.656
After sweep 17 energy=-17.27059  maxlinkdim=482 maxerr=2.39E-08 time=43.628
After sweep 18 energy=-17.270636  maxlinkdim=487 maxerr=4.20E-08 time=43.607
After sweep 19 energy=-17.270655  maxlinkdim=483 maxerr=4.95E-08 time=43.594
After sweep 20 energy=-17.270523  maxlinkdim=481 maxerr=6.89E-08 time=43.602
After sweep 21 energy=-17.270615  maxlinkdim=481 maxerr=2.50E-08 time=44.985
After sweep 22 energy=-17.270645  maxlinkdim=490 maxerr=3.85E-08 time=43.534
After sweep 23 energy=-17.270632  maxlinkdim=485 maxerr=4.77E-08 time=43.626
After sweep 24 energy=-17.27066  maxlinkdim=485 maxerr=1.72E-08 time=43.625
After sweep 25 energy=-17.270561  maxlinkdim=489 maxerr=2.54E-08 time=43.679
After sweep 26 energy=-17.270617  maxlinkdim=481 maxerr=1.96E-08 time=44.484
After sweep 27 energy=-17.270592  maxlinkdim=483 maxerr=1.91E-08 time=44.175
After sweep 28 energy=-17.270573  maxlinkdim=492 maxerr=2.54E-08 time=43.737
After sweep 29 energy=-17.270576  maxlinkdim=490 maxerr=1.33E-07 time=43.587
After sweep 30 energy=-17.270586  maxlinkdim=484 maxerr=3.18E-08 time=43.587
Same mu: -2.3419285814104636 and continuing
Target density achieved with mu=-2.3419285814104636, n=0.5000043
Checking {alpha,beta} vs measured
Alpha not converged.
NOT CONVERGED; updating alpha, beta and continuing...
After sweep 1 energy=-8.421646  maxlinkdim=10 maxerr=3.70E-03 time=1.334
After sweep 2 energy=-16.677694  maxlinkdim=20 maxerr=7.91E-05 time=1.712
After sweep 3 energy=-17.248392  maxlinkdim=100 maxerr=4.82E-07 time=2.697
After sweep 4 energy=-17.268969  maxlinkdim=679 maxerr=1.00E-10 time=39.406
After sweep 5 energy=-17.270466  maxlinkdim=588 maxerr=1.05E-08 time=51.011
After sweep 6 energy=-17.27045  maxlinkdim=573 maxerr=1.61E-07 time=44.133
After sweep 7 energy=-17.27045  maxlinkdim=502 maxerr=5.57E-08 time=44.063
After sweep 8 energy=-17.270437  maxlinkdim=491 maxerr=1.16E-07 time=43.823
After sweep 9 energy=-17.270409  maxlinkdim=483 maxerr=1.75E-07 time=43.957
After sweep 10 energy=-17.27039  maxlinkdim=485 maxerr=6.13E-08 time=44.555
After sweep 11 energy=-17.270397  maxlinkdim=486 maxerr=3.08E-08 time=43.871
After sweep 12 energy=-17.270424  maxlinkdim=480 maxerr=3.99E-08 time=43.556
After sweep 13 energy=-17.270443  maxlinkdim=492 maxerr=4.39E-08 time=43.575
After sweep 14 energy=-17.270477  maxlinkdim=487 maxerr=4.78E-08 time=43.702
After sweep 15 energy=-17.270412  maxlinkdim=485 maxerr=3.90E-08 time=44.975
After sweep 16 energy=-17.270416  maxlinkdim=485 maxerr=2.93E-08 time=43.778
After sweep 17 energy=-17.270308  maxlinkdim=484 maxerr=1.81E-08 time=43.634
After sweep 18 energy=-17.270432  maxlinkdim=484 maxerr=8.31E-08 time=43.590
After sweep 19 energy=-17.270412  maxlinkdim=488 maxerr=2.25E-08 time=43.754
After sweep 20 energy=-17.270359  maxlinkdim=483 maxerr=1.48E-08 time=45.188
After sweep 21 energy=-17.270472  maxlinkdim=492 maxerr=3.80E-08 time=43.619
After sweep 22 energy=-17.270418  maxlinkdim=486 maxerr=1.61E-08 time=43.667
After sweep 23 energy=-17.27048  maxlinkdim=484 maxerr=4.91E-08 time=43.608
After sweep 24 energy=-17.270393  maxlinkdim=484 maxerr=3.35E-08 time=43.614
After sweep 25 energy=-17.27052  maxlinkdim=483 maxerr=2.59E-08 time=44.302
After sweep 26 energy=-17.2705  maxlinkdim=484 maxerr=4.41E-08 time=44.477
After sweep 27 energy=-17.270496  maxlinkdim=482 maxerr=3.88E-08 time=43.661
After sweep 28 energy=-17.270466  maxlinkdim=487 maxerr=2.49E-08 time=43.554
After sweep 29 energy=-17.270401  maxlinkdim=486 maxerr=5.24E-08 time=43.672
After sweep 30 energy=-17.270464  maxlinkdim=483 maxerr=3.33E-08 time=43.924
Same mu: -2.3419285814104636 and continuing
Target density achieved with mu=-2.3419285814104636, n=0.49999937
Checking {alpha,beta} vs measured
Alpha not converged.
NOT CONVERGED; updating alpha, beta and continuing...
After sweep 1 energy=-8.773199  maxlinkdim=10 maxerr=5.50E-03 time=1.445
After sweep 2 energy=-16.900578  maxlinkdim=20 maxerr=8.41E-05 time=1.578
After sweep 3 energy=-17.263071  maxlinkdim=100 maxerr=4.44E-07 time=2.619
After sweep 4 energy=-17.270477  maxlinkdim=704 maxerr=1.00E-10 time=40.303
After sweep 5 energy=-17.270641  maxlinkdim=545 maxerr=3.76E-08 time=50.916
After sweep 6 energy=-17.270649  maxlinkdim=548 maxerr=1.86E-08 time=43.981
After sweep 7 energy=-17.27059  maxlinkdim=483 maxerr=4.20E-08 time=43.958
After sweep 8 energy=-17.270605  maxlinkdim=486 maxerr=3.39E-08 time=43.758
After sweep 9 energy=-17.270622  maxlinkdim=483 maxerr=4.58E-08 time=45.192
After sweep 10 energy=-17.27058  maxlinkdim=488 maxerr=3.30E-08 time=43.657
After sweep 11 energy=-17.27059  maxlinkdim=487 maxerr=1.78E-08 time=43.544
After sweep 12 energy=-17.270601  maxlinkdim=481 maxerr=5.68E-08 time=43.606
After sweep 13 energy=-17.270626  maxlinkdim=479 maxerr=4.46E-08 time=43.609
After sweep 14 energy=-17.270699  maxlinkdim=484 maxerr=3.85E-08 time=45.287
After sweep 15 energy=-17.270554  maxlinkdim=482 maxerr=5.20E-08 time=43.844
After sweep 16 energy=-17.270645  maxlinkdim=486 maxerr=3.45E-08 time=43.689
After sweep 17 energy=-17.27058  maxlinkdim=484 maxerr=5.90E-08 time=43.656
After sweep 18 energy=-17.270525  maxlinkdim=483 maxerr=3.71E-08 time=43.634
After sweep 19 energy=-17.270618  maxlinkdim=484 maxerr=8.95E-08 time=44.195
After sweep 20 energy=-17.27055  maxlinkdim=499 maxerr=2.83E-08 time=44.746
After sweep 21 energy=-17.270573  maxlinkdim=486 maxerr=4.34E-08 time=43.641
After sweep 22 energy=-17.270578  maxlinkdim=484 maxerr=1.98E-08 time=43.515
After sweep 23 energy=-17.270508  maxlinkdim=485 maxerr=1.64E-08 time=43.641
After sweep 24 energy=-17.270653  maxlinkdim=485 maxerr=3.57E-08 time=43.930
After sweep 25 energy=-17.27054  maxlinkdim=487 maxerr=3.60E-08 time=44.911
After sweep 26 energy=-17.27055  maxlinkdim=483 maxerr=4.45E-08 time=43.791
After sweep 27 energy=-17.270607  maxlinkdim=492 maxerr=2.60E-08 time=43.742
After sweep 28 energy=-17.27053  maxlinkdim=488 maxerr=4.62E-08 time=43.762
After sweep 29 energy=-17.270554  maxlinkdim=487 maxerr=4.42E-08 time=43.769
After sweep 30 energy=-17.270535  maxlinkdim=485 maxerr=3.75E-08 time=45.115
Same mu: -2.3419285814104636 and continuing
Target density achieved with mu=-2.3419285814104636, n=0.5000031
Checking {alpha,beta} vs measured
Alpha not converged.
NOT CONVERGED; updating alpha, beta and continuing...
After sweep 1 energy=-6.679464  maxlinkdim=10 maxerr=4.51E-03 time=1.350
After sweep 2 energy=-16.096066  maxlinkdim=20 maxerr=8.09E-04 time=1.800
After sweep 3 energy=-17.22821  maxlinkdim=100 maxerr=6.14E-07 time=2.704
After sweep 4 energy=-17.26627  maxlinkdim=694 maxerr=1.00E-10 time=37.874
After sweep 5 energy=-17.269983  maxlinkdim=633 maxerr=4.85E-08 time=48.521
After sweep 6 energy=-17.270414  maxlinkdim=548 maxerr=1.05E-08 time=41.292
After sweep 7 energy=-17.270515  maxlinkdim=602 maxerr=4.40E-08 time=43.890
After sweep 8 energy=-17.270409  maxlinkdim=484 maxerr=2.21E-08 time=45.809
After sweep 9 energy=-17.27048  maxlinkdim=486 maxerr=7.53E-08 time=43.573
After sweep 10 energy=-17.270454  maxlinkdim=483 maxerr=4.18E-08 time=43.670
After sweep 11 energy=-17.270462  maxlinkdim=488 maxerr=1.71E-08 time=43.653
After sweep 12 energy=-17.270468  maxlinkdim=484 maxerr=5.63E-08 time=43.654
After sweep 13 energy=-17.27055  maxlinkdim=484 maxerr=9.91E-08 time=44.351
After sweep 14 energy=-17.270561  maxlinkdim=486 maxerr=3.48E-08 time=44.278
After sweep 15 energy=-17.270412  maxlinkdim=481 maxerr=5.26E-08 time=43.642
After sweep 16 energy=-17.270466  maxlinkdim=482 maxerr=2.87E-09 time=43.607
After sweep 17 energy=-17.270535  maxlinkdim=490 maxerr=5.61E-08 time=43.664
After sweep 18 energy=-17.27052  maxlinkdim=489 maxerr=1.04E-07 time=44.056
After sweep 19 energy=-17.270494  maxlinkdim=487 maxerr=4.95E-08 time=44.708
After sweep 20 energy=-17.27056  maxlinkdim=485 maxerr=2.54E-08 time=43.449
After sweep 21 energy=-17.270401  maxlinkdim=486 maxerr=2.35E-08 time=43.560
After sweep 22 energy=-17.27053  maxlinkdim=489 maxerr=3.95E-09 time=43.663
After sweep 23 energy=-17.270376  maxlinkdim=483 maxerr=9.87E-08 time=43.609
After sweep 24 energy=-17.27044  maxlinkdim=484 maxerr=2.26E-08 time=45.006
After sweep 25 energy=-17.270508  maxlinkdim=482 maxerr=4.08E-08 time=43.619
After sweep 26 energy=-17.270432  maxlinkdim=485 maxerr=3.42E-08 time=43.627
After sweep 27 energy=-17.270458  maxlinkdim=484 maxerr=4.81E-08 time=43.578
After sweep 28 energy=-17.27052  maxlinkdim=486 maxerr=4.56E-08 time=43.684
After sweep 29 energy=-17.270475  maxlinkdim=487 maxerr=5.09E-08 time=44.544
After sweep 30 energy=-17.270536  maxlinkdim=489 maxerr=6.12E-08 time=44.100
Same mu: -2.3419285814104636 and continuing
Target density achieved with mu=-2.3419285814104636, n=0.5000001
Checking {alpha,beta} vs measured
Alpha not converged.
NOT CONVERGED; updating alpha, beta and continuing...
After sweep 1 energy=-8.308018  maxlinkdim=10 maxerr=4.96E-03 time=1.349
After sweep 2 energy=-16.897814  maxlinkdim=20 maxerr=7.83E-05 time=1.489
After sweep 3 energy=-17.26397  maxlinkdim=100 maxerr=4.08E-07 time=2.902
After sweep 4 energy=-17.270363  maxlinkdim=699 maxerr=1.00E-10 time=39.168
After sweep 5 energy=-17.270607  maxlinkdim=530 maxerr=1.30E-07 time=51.301
After sweep 6 energy=-17.270554  maxlinkdim=566 maxerr=9.69E-08 time=43.313
After sweep 7 energy=-17.270592  maxlinkdim=490 maxerr=4.25E-08 time=45.301
After sweep 8 energy=-17.27063  maxlinkdim=480 maxerr=3.85E-08 time=44.394
After sweep 9 energy=-17.27074  maxlinkdim=485 maxerr=5.04E-08 time=43.689
After sweep 10 energy=-17.270607  maxlinkdim=482 maxerr=2.97E-08 time=43.600
After sweep 11 energy=-17.270626  maxlinkdim=482 maxerr=3.59E-08 time=43.671
After sweep 12 energy=-17.270588  maxlinkdim=492 maxerr=3.49E-08 time=44.166
After sweep 13 energy=-17.270592  maxlinkdim=483 maxerr=1.30E-07 time=44.766
After sweep 14 energy=-17.270576  maxlinkdim=486 maxerr=3.28E-08 time=43.654
After sweep 15 energy=-17.270538  maxlinkdim=480 maxerr=6.20E-08 time=43.522
After sweep 16 energy=-17.270548  maxlinkdim=487 maxerr=4.44E-08 time=43.585
After sweep 17 energy=-17.27055  maxlinkdim=482 maxerr=1.87E-08 time=43.706
After sweep 18 energy=-17.270573  maxlinkdim=481 maxerr=1.08E-07 time=45.072
After sweep 19 energy=-17.270563  maxlinkdim=482 maxerr=1.12E-07 time=43.597
After sweep 20 energy=-17.270552  maxlinkdim=486 maxerr=2.13E-08 time=43.514
After sweep 21 energy=-17.270601  maxlinkdim=486 maxerr=5.26E-08 time=43.554
After sweep 22 energy=-17.270569  maxlinkdim=480 maxerr=2.17E-08 time=43.653
After sweep 23 energy=-17.270596  maxlinkdim=485 maxerr=4.62E-08 time=45.124
After sweep 24 energy=-17.270655  maxlinkdim=480 maxerr=3.51E-08 time=43.526
After sweep 25 energy=-17.2706  maxlinkdim=482 maxerr=6.06E-08 time=43.591
After sweep 26 energy=-17.27058  maxlinkdim=489 maxerr=2.80E-08 time=43.591
After sweep 27 energy=-17.27058  maxlinkdim=482 maxerr=3.67E-08 time=43.582
After sweep 28 energy=-17.270569  maxlinkdim=489 maxerr=1.84E-08 time=44.157
After sweep 29 energy=-17.27063  maxlinkdim=486 maxerr=3.72E-08 time=44.618
After sweep 30 energy=-17.27052  maxlinkdim=487 maxerr=9.98E-08 time=43.633
Same mu: -2.3419285814104636 and continuing
Target density achieved with mu=-2.3419285814104636, n=0.5000019
Checking {alpha,beta} vs measured
Alpha not converged.
NOT CONVERGED; updating alpha, beta and continuing...
After sweep 1 energy=-9.26194  maxlinkdim=10 maxerr=4.10E-03 time=1.354
After sweep 2 energy=-16.982971  maxlinkdim=20 maxerr=9.37E-05 time=1.750
After sweep 3 energy=-17.266495  maxlinkdim=100 maxerr=4.04E-07 time=2.749
After sweep 4 energy=-17.270437  maxlinkdim=683 maxerr=1.00E-10 time=39.888
After sweep 5 energy=-17.270464  maxlinkdim=547 maxerr=3.63E-08 time=52.089
After sweep 6 energy=-17.270496  maxlinkdim=511 maxerr=2.37E-08 time=45.350
After sweep 7 energy=-17.270504  maxlinkdim=490 maxerr=8.83E-08 time=44.625
After sweep 8 energy=-17.270418  maxlinkdim=494 maxerr=8.29E-08 time=43.591
After sweep 9 energy=-17.270569  maxlinkdim=488 maxerr=3.89E-08 time=43.594
After sweep 10 energy=-17.270378  maxlinkdim=487 maxerr=3.05E-08 time=43.684
After sweep 11 energy=-17.270405  maxlinkdim=493 maxerr=3.30E-08 time=44.118
After sweep 12 energy=-17.270536  maxlinkdim=486 maxerr=3.56E-08 time=44.671
After sweep 13 energy=-17.270414  maxlinkdim=488 maxerr=1.09E-07 time=43.704
After sweep 14 energy=-17.270521  maxlinkdim=485 maxerr=2.92E-08 time=43.639
After sweep 15 energy=-17.2705  maxlinkdim=484 maxerr=4.79E-08 time=43.686
After sweep 16 energy=-17.270512  maxlinkdim=483 maxerr=2.22E-08 time=43.638
After sweep 17 energy=-17.270401  maxlinkdim=482 maxerr=3.38E-08 time=44.948
After sweep 18 energy=-17.270466  maxlinkdim=482 maxerr=4.63E-08 time=43.577
After sweep 19 energy=-17.270529  maxlinkdim=488 maxerr=1.54E-08 time=43.721
After sweep 20 energy=-17.270494  maxlinkdim=487 maxerr=4.35E-08 time=43.726
After sweep 21 energy=-17.270432  maxlinkdim=482 maxerr=5.03E-08 time=43.656
After sweep 22 energy=-17.270447  maxlinkdim=485 maxerr=3.19E-08 time=44.937
After sweep 23 energy=-17.27043  maxlinkdim=483 maxerr=3.37E-08 time=43.517
After sweep 24 energy=-17.270529  maxlinkdim=482 maxerr=2.50E-08 time=43.538
After sweep 25 energy=-17.270475  maxlinkdim=481 maxerr=7.48E-08 time=43.566
After sweep 26 energy=-17.270514  maxlinkdim=484 maxerr=1.75E-08 time=43.675
After sweep 27 energy=-17.270504  maxlinkdim=483 maxerr=8.54E-08 time=44.123
After sweep 28 energy=-17.27044  maxlinkdim=486 maxerr=6.55E-08 time=44.531
After sweep 29 energy=-17.270521  maxlinkdim=491 maxerr=1.40E-08 time=43.683
After sweep 30 energy=-17.270437  maxlinkdim=482 maxerr=3.88E-08 time=43.718
Same mu: -2.3419285814104636 and continuing
Target density achieved with mu=-2.3419285814104636, n=0.49999937
Checking {alpha,beta} vs measured
Alpha not converged.
NOT CONVERGED; updating alpha, beta and continuing...
After sweep 1 energy=-8.506547  maxlinkdim=10 maxerr=8.19E-03 time=1.357
After sweep 2 energy=-16.901197  maxlinkdim=20 maxerr=9.75E-05 time=1.552
After sweep 3 energy=-17.263262  maxlinkdim=100 maxerr=4.03E-07 time=2.912
After sweep 4 energy=-17.270184  maxlinkdim=677 maxerr=1.00E-10 time=38.845
After sweep 5 energy=-17.2706  maxlinkdim=614 maxerr=1.62E-08 time=52.514
After sweep 6 energy=-17.270613  maxlinkdim=565 maxerr=4.37E-08 time=45.366
After sweep 7 energy=-17.270634  maxlinkdim=497 maxerr=7.13E-08 time=44.623
After sweep 8 energy=-17.270557  maxlinkdim=481 maxerr=2.95E-08 time=43.600
After sweep 9 energy=-17.270594  maxlinkdim=482 maxerr=3.73E-08 time=43.519
After sweep 10 energy=-17.270538  maxlinkdim=485 maxerr=2.92E-08 time=43.935
After sweep 11 energy=-17.270557  maxlinkdim=484 maxerr=3.08E-08 time=44.752
After sweep 12 energy=-17.270515  maxlinkdim=486 maxerr=2.63E-08 time=43.667
After sweep 13 energy=-17.270504  maxlinkdim=483 maxerr=4.88E-08 time=43.654
After sweep 14 energy=-17.270557  maxlinkdim=487 maxerr=4.52E-08 time=43.770
After sweep 15 energy=-17.270443  maxlinkdim=483 maxerr=4.82E-08 time=43.590
After sweep 16 energy=-17.270397  maxlinkdim=484 maxerr=6.26E-08 time=44.968
After sweep 17 energy=-17.270645  maxlinkdim=482 maxerr=7.42E-09 time=43.539
After sweep 18 energy=-17.270552  maxlinkdim=483 maxerr=3.27E-08 time=43.663
After sweep 19 energy=-17.270554  maxlinkdim=490 maxerr=5.85E-08 time=43.533
After sweep 20 energy=-17.2706  maxlinkdim=482 maxerr=1.63E-08 time=43.633
After sweep 21 energy=-17.270615  maxlinkdim=481 maxerr=3.29E-08 time=44.390
After sweep 22 energy=-17.270369  maxlinkdim=482 maxerr=3.89E-08 time=44.155
After sweep 23 energy=-17.27063  maxlinkdim=481 maxerr=1.98E-07 time=43.513
After sweep 24 energy=-17.270561  maxlinkdim=489 maxerr=1.33E-08 time=43.516
After sweep 25 energy=-17.270512  maxlinkdim=483 maxerr=1.79E-07 time=43.589
After sweep 26 energy=-17.270538  maxlinkdim=485 maxerr=3.93E-08 time=44.023
After sweep 27 energy=-17.270489  maxlinkdim=485 maxerr=4.52E-08 time=44.588
After sweep 28 energy=-17.270472  maxlinkdim=481 maxerr=5.41E-08 time=43.551
After sweep 29 energy=-17.27052  maxlinkdim=489 maxerr=2.57E-08 time=43.583
After sweep 30 energy=-17.270538  maxlinkdim=485 maxerr=2.41E-08 time=43.767
Same mu: -2.3419285814104636 and continuing
Target density achieved with mu=-2.3419285814104636, n=0.50000244
Checking {alpha,beta} vs measured
Alpha not converged.
NOT CONVERGED; updating alpha, beta and continuing...
After sweep 1 energy=-7.601952  maxlinkdim=10 maxerr=4.59E-03 time=1.456
After sweep 2 energy=-16.869402  maxlinkdim=20 maxerr=1.27E-04 time=1.532
After sweep 3 energy=-17.264193  maxlinkdim=100 maxerr=3.46E-07 time=2.859
After sweep 4 energy=-17.27022  maxlinkdim=692 maxerr=1.00E-10 time=39.427
After sweep 5 energy=-17.270443  maxlinkdim=566 maxerr=1.19E-08 time=52.269
After sweep 6 energy=-17.270504  maxlinkdim=556 maxerr=4.74E-08 time=44.328
After sweep 7 energy=-17.270367  maxlinkdim=486 maxerr=3.63E-08 time=44.048
After sweep 8 energy=-17.270395  maxlinkdim=488 maxerr=1.00E-07 time=43.595
After sweep 9 energy=-17.270466  maxlinkdim=487 maxerr=3.39E-08 time=43.711
After sweep 10 energy=-17.270412  maxlinkdim=491 maxerr=4.81E-08 time=45.260
After sweep 11 energy=-17.270433  maxlinkdim=489 maxerr=2.64E-08 time=44.728
After sweep 12 energy=-17.270485  maxlinkdim=482 maxerr=1.12E-10 time=43.514
After sweep 13 energy=-17.270477  maxlinkdim=485 maxerr=5.29E-08 time=43.647
After sweep 14 energy=-17.27047  maxlinkdim=485 maxerr=4.08E-08 time=43.687
After sweep 15 energy=-17.270454  maxlinkdim=486 maxerr=4.94E-08 time=44.511
After sweep 16 energy=-17.270504  maxlinkdim=484 maxerr=5.11E-08 time=44.360
After sweep 17 energy=-17.270489  maxlinkdim=484 maxerr=2.22E-08 time=43.635
After sweep 18 energy=-17.270454  maxlinkdim=483 maxerr=3.75E-08 time=43.586
After sweep 19 energy=-17.270512  maxlinkdim=482 maxerr=1.49E-07 time=43.578
After sweep 20 energy=-17.270496  maxlinkdim=483 maxerr=9.16E-09 time=44.121
After sweep 21 energy=-17.270489  maxlinkdim=483 maxerr=7.25E-08 time=44.520
After sweep 22 energy=-17.270454  maxlinkdim=485 maxerr=9.22E-08 time=43.579
After sweep 23 energy=-17.27053  maxlinkdim=488 maxerr=4.69E-08 time=43.525
After sweep 24 energy=-17.2704  maxlinkdim=488 maxerr=1.84E-08 time=43.574
After sweep 25 energy=-17.270462  maxlinkdim=487 maxerr=7.09E-08 time=43.577
After sweep 26 energy=-17.270435  maxlinkdim=485 maxerr=8.06E-09 time=45.085
After sweep 27 energy=-17.27055  maxlinkdim=488 maxerr=1.15E-07 time=43.671
After sweep 28 energy=-17.270416  maxlinkdim=493 maxerr=1.69E-07 time=43.685
After sweep 29 energy=-17.270485  maxlinkdim=483 maxerr=4.83E-08 time=43.677
After sweep 30 energy=-17.270466  maxlinkdim=486 maxerr=2.07E-08 time=43.580
Same mu: -2.3419285814104636 and continuing
Target density achieved with mu=-2.3419285814104636, n=0.49999934
Checking {alpha,beta} vs measured
Alpha not converged.
NOT CONVERGED; updating alpha, beta and continuing...
After sweep 1 energy=-8.502565  maxlinkdim=10 maxerr=3.79E-03 time=1.410
After sweep 2 energy=-16.092667  maxlinkdim=20 maxerr=2.55E-04 time=1.572
After sweep 3 energy=-17.220867  maxlinkdim=100 maxerr=8.55E-07 time=2.624
After sweep 4 energy=-17.266094  maxlinkdim=685 maxerr=1.00E-10 time=40.319
After sweep 5 energy=-17.270016  maxlinkdim=569 maxerr=3.20E-08 time=49.090
After sweep 6 energy=-17.270458  maxlinkdim=542 maxerr=2.55E-08 time=42.606
After sweep 7 energy=-17.270554  maxlinkdim=528 maxerr=4.38E-08 time=44.441
After sweep 8 energy=-17.27058  maxlinkdim=484 maxerr=6.77E-08 time=44.365
After sweep 9 energy=-17.270561  maxlinkdim=491 maxerr=9.25E-08 time=45.090
After sweep 10 energy=-17.270588  maxlinkdim=482 maxerr=5.34E-08 time=43.524
After sweep 11 energy=-17.270447  maxlinkdim=482 maxerr=8.55E-08 time=43.558
After sweep 12 energy=-17.27062  maxlinkdim=489 maxerr=3.94E-08 time=43.628
After sweep 13 energy=-17.270502  maxlinkdim=484 maxerr=4.47E-08 time=43.587
After sweep 14 energy=-17.270576  maxlinkdim=489 maxerr=3.31E-08 time=44.317
After sweep 15 energy=-17.270588  maxlinkdim=482 maxerr=1.67E-08 time=44.472
After sweep 16 energy=-17.270588  maxlinkdim=486 maxerr=8.94E-08 time=43.560
After sweep 17 energy=-17.270588  maxlinkdim=484 maxerr=2.19E-08 time=43.518
After sweep 18 energy=-17.270542  maxlinkdim=485 maxerr=5.24E-08 time=43.584
After sweep 19 energy=-17.270477  maxlinkdim=484 maxerr=3.67E-08 time=43.982
After sweep 20 energy=-17.2705  maxlinkdim=486 maxerr=4.60E-08 time=44.720
After sweep 21 energy=-17.270613  maxlinkdim=485 maxerr=1.00E-07 time=43.575
After sweep 22 energy=-17.270699  maxlinkdim=486 maxerr=3.67E-08 time=43.632
After sweep 23 energy=-17.27053  maxlinkdim=490 maxerr=4.91E-08 time=43.612
After sweep 24 energy=-17.270525  maxlinkdim=485 maxerr=5.27E-08 time=43.652
After sweep 25 energy=-17.270588  maxlinkdim=490 maxerr=3.79E-08 time=45.069
After sweep 26 energy=-17.270504  maxlinkdim=491 maxerr=4.81E-08 time=43.691
After sweep 27 energy=-17.2706  maxlinkdim=485 maxerr=4.31E-08 time=43.540
After sweep 28 energy=-17.27051  maxlinkdim=480 maxerr=4.83E-08 time=43.548
After sweep 29 energy=-17.270512  maxlinkdim=483 maxerr=2.95E-08 time=43.596
After sweep 30 energy=-17.270542  maxlinkdim=484 maxerr=8.86E-08 time=45.115
Same mu: -2.3419285814104636 and continuing
Target density achieved with mu=-2.3419285814104636, n=0.50000274
Checking {alpha,beta} vs measured
Alpha not converged.
NOT CONVERGED; updating alpha, beta and continuing...
After sweep 1 energy=-8.151326  maxlinkdim=10 maxerr=4.38E-03 time=1.331
After sweep 2 energy=-16.729204  maxlinkdim=20 maxerr=7.04E-05 time=1.471
After sweep 3 energy=-17.256428  maxlinkdim=100 maxerr=3.99E-07 time=2.925
After sweep 4 energy=-17.27014  maxlinkdim=668 maxerr=1.00E-10 time=39.282
After sweep 5 energy=-17.270508  maxlinkdim=512 maxerr=1.32E-08 time=49.460
After sweep 6 energy=-17.270424  maxlinkdim=544 maxerr=2.49E-08 time=44.695
After sweep 7 energy=-17.270447  maxlinkdim=484 maxerr=3.32E-08 time=43.964
After sweep 8 energy=-17.270504  maxlinkdim=483 maxerr=2.98E-08 time=44.329
After sweep 9 energy=-17.270416  maxlinkdim=483 maxerr=3.66E-08 time=44.377
After sweep 10 energy=-17.270535  maxlinkdim=484 maxerr=4.11E-08 time=43.621
After sweep 11 energy=-17.270485  maxlinkdim=484 maxerr=5.58E-08 time=43.674
After sweep 12 energy=-17.270412  maxlinkdim=482 maxerr=2.79E-08 time=43.713
After sweep 13 energy=-17.270481  maxlinkdim=482 maxerr=3.37E-08 time=43.897
After sweep 14 energy=-17.270512  maxlinkdim=484 maxerr=3.63E-08 time=44.738
After sweep 15 energy=-17.270424  maxlinkdim=483 maxerr=4.91E-08 time=43.658
After sweep 16 energy=-17.270523  maxlinkdim=486 maxerr=4.64E-08 time=43.667
After sweep 17 energy=-17.270527  maxlinkdim=481 maxerr=4.57E-08 time=43.551
After sweep 18 energy=-17.27045  maxlinkdim=481 maxerr=3.53E-08 time=43.556
After sweep 19 energy=-17.270473  maxlinkdim=483 maxerr=4.92E-08 time=45.044
After sweep 20 energy=-17.27045  maxlinkdim=483 maxerr=4.58E-08 time=43.570
After sweep 21 energy=-17.270535  maxlinkdim=489 maxerr=4.17E-08 time=43.696
After sweep 22 energy=-17.270504  maxlinkdim=484 maxerr=5.28E-08 time=43.552
After sweep 23 energy=-17.270494  maxlinkdim=486 maxerr=6.64E-08 time=43.664
After sweep 24 energy=-17.270409  maxlinkdim=484 maxerr=3.03E-08 time=44.423
After sweep 25 energy=-17.27048  maxlinkdim=483 maxerr=2.60E-08 time=44.187
After sweep 26 energy=-17.270468  maxlinkdim=487 maxerr=8.84E-08 time=43.655
After sweep 27 energy=-17.270437  maxlinkdim=485 maxerr=4.16E-08 time=43.614
After sweep 28 energy=-17.270512  maxlinkdim=484 maxerr=3.72E-08 time=43.617
After sweep 29 energy=-17.270412  maxlinkdim=485 maxerr=2.97E-08 time=44.206
After sweep 30 energy=-17.270416  maxlinkdim=485 maxerr=2.56E-08 time=44.492
Same mu: -2.3419285814104636 and continuing
Target density achieved with mu=-2.3419285814104636, n=0.5000002
Checking {alpha,beta} vs measured
Alpha not converged.
NOT CONVERGED; updating alpha, beta and continuing...
After sweep 1 energy=-7.832767  maxlinkdim=10 maxerr=4.41E-03 time=1.346
After sweep 2 energy=-16.868626  maxlinkdim=20 maxerr=1.93E-04 time=1.680
After sweep 3 energy=-17.264305  maxlinkdim=100 maxerr=4.96E-07 time=2.842
After sweep 4 energy=-17.27053  maxlinkdim=690 maxerr=1.00E-10 time=39.626
After sweep 5 energy=-17.270567  maxlinkdim=512 maxerr=2.48E-08 time=50.707
After sweep 6 energy=-17.27061  maxlinkdim=493 maxerr=2.26E-08 time=44.541
After sweep 7 energy=-17.270485  maxlinkdim=493 maxerr=2.51E-08 time=44.152
After sweep 8 energy=-17.27066  maxlinkdim=485 maxerr=2.27E-08 time=44.623
After sweep 9 energy=-17.27052  maxlinkdim=488 maxerr=2.51E-08 time=43.693
After sweep 10 energy=-17.27061  maxlinkdim=482 maxerr=8.24E-09 time=43.688
After sweep 11 energy=-17.270588  maxlinkdim=489 maxerr=1.85E-08 time=43.635
After sweep 12 energy=-17.270582  maxlinkdim=488 maxerr=9.88E-09 time=43.784
After sweep 13 energy=-17.270523  maxlinkdim=484 maxerr=2.79E-08 time=44.973
After sweep 14 energy=-17.270592  maxlinkdim=490 maxerr=3.02E-08 time=43.578
After sweep 15 energy=-17.270462  maxlinkdim=485 maxerr=1.21E-07 time=43.603
After sweep 16 energy=-17.270624  maxlinkdim=481 maxerr=4.71E-08 time=43.647
After sweep 17 energy=-17.270397  maxlinkdim=485 maxerr=3.94E-08 time=43.631
After sweep 18 energy=-17.270576  maxlinkdim=483 maxerr=5.48E-08 time=45.017
After sweep 19 energy=-17.270576  maxlinkdim=484 maxerr=3.02E-08 time=43.529
After sweep 20 energy=-17.2705  maxlinkdim=483 maxerr=2.28E-08 time=43.669
After sweep 21 energy=-17.270544  maxlinkdim=483 maxerr=4.59E-08 time=43.670
After sweep 22 energy=-17.270433  maxlinkdim=487 maxerr=1.42E-07 time=43.574
After sweep 23 energy=-17.270576  maxlinkdim=482 maxerr=4.82E-08 time=44.185
After sweep 24 energy=-17.27055  maxlinkdim=486 maxerr=2.61E-08 time=44.524
After sweep 25 energy=-17.27059  maxlinkdim=484 maxerr=2.81E-08 time=43.679
After sweep 26 energy=-17.270561  maxlinkdim=484 maxerr=3.07E-08 time=43.723
After sweep 27 energy=-17.270557  maxlinkdim=487 maxerr=1.15E-07 time=43.666
After sweep 28 energy=-17.270609  maxlinkdim=486 maxerr=9.06E-08 time=43.794
After sweep 29 energy=-17.270462  maxlinkdim=484 maxerr=6.60E-08 time=44.816
After sweep 30 energy=-17.270592  maxlinkdim=484 maxerr=2.45E-08 time=43.670
Same mu: -2.3419285814104636 and continuing
Target density achieved with mu=-2.3419285814104636, n=0.50000346
Checking {alpha,beta} vs measured
Alpha not converged.
NOT CONVERGED; updating alpha, beta and continuing...
After sweep 1 energy=-8.90147  maxlinkdim=10 maxerr=3.56E-03 time=1.355
After sweep 2 energy=-16.55291  maxlinkdim=20 maxerr=2.61E-04 time=1.771
After sweep 3 energy=-17.22885  maxlinkdim=100 maxerr=5.23E-07 time=2.646
After sweep 4 energy=-17.266386  maxlinkdim=684 maxerr=1.00E-10 time=37.386
After sweep 5 energy=-17.270018  maxlinkdim=565 maxerr=3.76E-08 time=47.701
After sweep 6 energy=-17.270355  maxlinkdim=548 maxerr=5.01E-08 time=41.396
After sweep 7 energy=-17.270351  maxlinkdim=524 maxerr=3.52E-08 time=45.000
After sweep 8 energy=-17.270493  maxlinkdim=495 maxerr=3.65E-08 time=45.338
After sweep 9 energy=-17.270555  maxlinkdim=484 maxerr=5.91E-08 time=43.620
After sweep 10 energy=-17.270487  maxlinkdim=490 maxerr=9.81E-08 time=43.684
After sweep 11 energy=-17.270412  maxlinkdim=489 maxerr=5.92E-08 time=43.554
After sweep 12 energy=-17.270449  maxlinkdim=487 maxerr=1.37E-08 time=44.285
After sweep 13 energy=-17.270496  maxlinkdim=481 maxerr=1.40E-08 time=44.211
After sweep 14 energy=-17.27046  maxlinkdim=484 maxerr=1.48E-08 time=43.541
After sweep 15 energy=-17.270424  maxlinkdim=489 maxerr=3.61E-08 time=43.577
After sweep 16 energy=-17.270504  maxlinkdim=484 maxerr=5.27E-08 time=43.612
After sweep 17 energy=-17.270603  maxlinkdim=479 maxerr=9.29E-08 time=44.045
After sweep 18 energy=-17.270485  maxlinkdim=488 maxerr=4.10E-08 time=44.586
After sweep 19 energy=-17.270552  maxlinkdim=490 maxerr=4.94E-08 time=43.532
After sweep 20 energy=-17.270409  maxlinkdim=487 maxerr=4.94E-08 time=43.626
After sweep 21 energy=-17.270523  maxlinkdim=490 maxerr=4.38E-08 time=43.591
After sweep 22 energy=-17.270512  maxlinkdim=485 maxerr=2.39E-08 time=43.535
After sweep 23 energy=-17.270493  maxlinkdim=483 maxerr=3.45E-08 time=45.113
After sweep 24 energy=-17.270382  maxlinkdim=483 maxerr=5.12E-08 time=43.607
After sweep 25 energy=-17.270483  maxlinkdim=481 maxerr=4.12E-08 time=43.491
After sweep 26 energy=-17.270569  maxlinkdim=482 maxerr=5.20E-08 time=43.505
After sweep 27 energy=-17.270462  maxlinkdim=484 maxerr=4.10E-08 time=43.519
After sweep 28 energy=-17.270452  maxlinkdim=487 maxerr=6.17E-08 time=44.927
After sweep 29 energy=-17.27047  maxlinkdim=481 maxerr=3.53E-08 time=43.778
After sweep 30 energy=-17.27055  maxlinkdim=481 maxerr=1.91E-08 time=43.717
Same mu: -2.3419285814104636 and continuing
Target density achieved with mu=-2.3419285814104636, n=0.500001
Checking {alpha,beta} vs measured
Alpha not converged.
NOT CONVERGED; updating alpha, beta and continuing...
After sweep 1 energy=-8.541964  maxlinkdim=10 maxerr=4.18E-03 time=1.342
After sweep 2 energy=-16.921793  maxlinkdim=20 maxerr=1.21E-04 time=1.718
After sweep 3 energy=-17.265203  maxlinkdim=100 maxerr=3.86E-07 time=2.730
After sweep 4 energy=-17.270346  maxlinkdim=694 maxerr=1.00E-10 time=39.184
After sweep 5 energy=-17.2705  maxlinkdim=575 maxerr=2.55E-08 time=51.028
After sweep 6 energy=-17.270496  maxlinkdim=569 maxerr=2.54E-08 time=45.347
After sweep 7 energy=-17.270514  maxlinkdim=492 maxerr=4.92E-08 time=44.036
After sweep 8 energy=-17.270576  maxlinkdim=483 maxerr=1.18E-07 time=43.630
After sweep 9 energy=-17.270586  maxlinkdim=488 maxerr=7.12E-08 time=43.706
After sweep 10 energy=-17.270527  maxlinkdim=484 maxerr=3.93E-08 time=43.707
After sweep 11 energy=-17.270557  maxlinkdim=491 maxerr=3.68E-08 time=44.460
After sweep 12 energy=-17.270443  maxlinkdim=482 maxerr=4.21E-08 time=44.139
After sweep 13 energy=-17.270601  maxlinkdim=483 maxerr=1.07E-07 time=43.692
After sweep 14 energy=-17.270649  maxlinkdim=487 maxerr=3.59E-08 time=43.692
After sweep 15 energy=-17.270546  maxlinkdim=481 maxerr=1.07E-08 time=43.564
After sweep 16 energy=-17.270561  maxlinkdim=488 maxerr=2.83E-08 time=44.022
After sweep 17 energy=-17.270489  maxlinkdim=481 maxerr=3.29E-08 time=44.661
After sweep 18 energy=-17.270554  maxlinkdim=489 maxerr=2.11E-08 time=43.589
After sweep 19 energy=-17.270424  maxlinkdim=488 maxerr=3.96E-08 time=43.594
After sweep 20 energy=-17.270573  maxlinkdim=486 maxerr=1.13E-10 time=43.607
After sweep 21 energy=-17.270517  maxlinkdim=482 maxerr=5.30E-08 time=43.697
After sweep 22 energy=-17.270643  maxlinkdim=486 maxerr=7.11E-08 time=44.862
After sweep 23 energy=-17.270582  maxlinkdim=485 maxerr=3.58E-08 time=43.612
After sweep 24 energy=-17.270504  maxlinkdim=484 maxerr=3.83E-08 time=43.540
After sweep 25 energy=-17.270632  maxlinkdim=485 maxerr=2.80E-08 time=43.565
After sweep 26 energy=-17.270557  maxlinkdim=481 maxerr=3.90E-08 time=43.560
After sweep 27 energy=-17.270517  maxlinkdim=484 maxerr=1.43E-07 time=44.998
After sweep 28 energy=-17.270615  maxlinkdim=489 maxerr=4.17E-08 time=43.563
After sweep 29 energy=-17.270517  maxlinkdim=484 maxerr=4.21E-08 time=43.598
After sweep 30 energy=-17.27053  maxlinkdim=485 maxerr=1.79E-08 time=43.578
Same mu: -2.3419285814104636 and continuing
Target density achieved with mu=-2.3419285814104636, n=0.50000036
Checking {alpha,beta} vs measured
Alpha not converged.
NOT CONVERGED; updating alpha, beta and continuing...
After sweep 1 energy=-8.53306  maxlinkdim=10 maxerr=2.85E-03 time=1.327
After sweep 2 energy=-16.910742  maxlinkdim=20 maxerr=9.44E-05 time=1.633
After sweep 3 energy=-17.264704  maxlinkdim=100 maxerr=4.24E-07 time=2.837
After sweep 4 energy=-17.2704  maxlinkdim=685 maxerr=1.00E-10 time=39.044
After sweep 5 energy=-17.270538  maxlinkdim=543 maxerr=7.67E-09 time=49.526
After sweep 6 energy=-17.27061  maxlinkdim=542 maxerr=9.86E-09 time=44.252
After sweep 7 energy=-17.270609  maxlinkdim=485 maxerr=2.53E-08 time=44.124
After sweep 8 energy=-17.270515  maxlinkdim=487 maxerr=2.83E-08 time=43.640
After sweep 9 energy=-17.270506  maxlinkdim=493 maxerr=5.20E-08 time=43.562
After sweep 10 energy=-17.270554  maxlinkdim=483 maxerr=1.74E-08 time=44.040
After sweep 11 energy=-17.270546  maxlinkdim=484 maxerr=3.92E-09 time=44.700
After sweep 12 energy=-17.270576  maxlinkdim=487 maxerr=4.84E-08 time=43.645
After sweep 13 energy=-17.270538  maxlinkdim=483 maxerr=3.88E-08 time=43.552
After sweep 14 energy=-17.270454  maxlinkdim=483 maxerr=2.18E-08 time=43.566
After sweep 15 energy=-17.270552  maxlinkdim=485 maxerr=6.48E-08 time=43.733
After sweep 16 energy=-17.270481  maxlinkdim=484 maxerr=3.76E-08 time=45.058
After sweep 17 energy=-17.270485  maxlinkdim=495 maxerr=4.87E-08 time=43.647
After sweep 18 energy=-17.270454  maxlinkdim=484 maxerr=2.67E-08 time=43.569
After sweep 19 energy=-17.270584  maxlinkdim=481 maxerr=4.49E-08 time=43.513
After sweep 20 energy=-17.270561  maxlinkdim=485 maxerr=4.60E-08 time=43.501
After sweep 21 energy=-17.270567  maxlinkdim=478 maxerr=1.82E-08 time=44.949
After sweep 22 energy=-17.270464  maxlinkdim=501 maxerr=1.16E-08 time=43.526
After sweep 23 energy=-17.270542  maxlinkdim=483 maxerr=2.11E-08 time=43.580
After sweep 24 energy=-17.270494  maxlinkdim=484 maxerr=1.33E-08 time=43.530
After sweep 25 energy=-17.270536  maxlinkdim=485 maxerr=2.61E-08 time=43.670
After sweep 26 energy=-17.270517  maxlinkdim=481 maxerr=4.76E-08 time=44.273
After sweep 27 energy=-17.270523  maxlinkdim=485 maxerr=8.02E-08 time=44.302
After sweep 28 energy=-17.270546  maxlinkdim=486 maxerr=1.22E-07 time=43.630
After sweep 29 energy=-17.27052  maxlinkdim=485 maxerr=3.98E-08 time=43.709
After sweep 30 energy=-17.270494  maxlinkdim=484 maxerr=3.42E-08 time=43.583
Same mu: -2.3419285814104636 and continuing
Target density achieved with mu=-2.3419285814104636, n=0.5000017
Checking {alpha,beta} vs measured
Alpha not converged.
NOT CONVERGED; updating alpha, beta and continuing...
After sweep 1 energy=-9.57775  maxlinkdim=10 maxerr=3.40E-03 time=1.333
After sweep 2 energy=-16.904905  maxlinkdim=20 maxerr=1.03E-04 time=1.692
After sweep 3 energy=-17.263676  maxlinkdim=100 maxerr=3.88E-07 time=2.686
After sweep 4 energy=-17.270153  maxlinkdim=684 maxerr=1.00E-10 time=39.038
After sweep 5 energy=-17.270443  maxlinkdim=549 maxerr=1.34E-07 time=52.016
After sweep 6 energy=-17.270481  maxlinkdim=553 maxerr=6.33E-08 time=43.441
After sweep 7 energy=-17.2705  maxlinkdim=493 maxerr=3.58E-08 time=43.993
After sweep 8 energy=-17.270443  maxlinkdim=486 maxerr=9.98E-09 time=43.780
After sweep 9 energy=-17.270493  maxlinkdim=485 maxerr=1.62E-08 time=43.687
After sweep 10 energy=-17.27061  maxlinkdim=485 maxerr=1.58E-08 time=44.961
After sweep 11 energy=-17.270432  maxlinkdim=484 maxerr=3.19E-08 time=43.681
After sweep 12 energy=-17.270374  maxlinkdim=492 maxerr=3.26E-08 time=43.648
After sweep 13 energy=-17.270473  maxlinkdim=482 maxerr=8.99E-08 time=43.635
After sweep 14 energy=-17.270447  maxlinkdim=485 maxerr=2.42E-08 time=43.676
After sweep 15 energy=-17.270641  maxlinkdim=494 maxerr=2.97E-08 time=45.558
After sweep 16 energy=-17.27047  maxlinkdim=486 maxerr=3.92E-08 time=43.756
After sweep 17 energy=-17.270487  maxlinkdim=495 maxerr=3.01E-08 time=43.715
After sweep 18 energy=-17.270494  maxlinkdim=483 maxerr=1.68E-08 time=43.603
After sweep 19 energy=-17.270458  maxlinkdim=483 maxerr=8.99E-08 time=43.686
After sweep 20 energy=-17.270462  maxlinkdim=489 maxerr=3.80E-08 time=44.417
After sweep 21 energy=-17.270416  maxlinkdim=482 maxerr=1.86E-08 time=44.319
After sweep 22 energy=-17.270504  maxlinkdim=484 maxerr=2.19E-08 time=43.657
After sweep 23 energy=-17.270561  maxlinkdim=482 maxerr=7.90E-08 time=43.617
After sweep 24 energy=-17.270466  maxlinkdim=488 maxerr=1.11E-07 time=43.601
After sweep 25 energy=-17.270601  maxlinkdim=483 maxerr=2.76E-08 time=43.821
After sweep 26 energy=-17.270397  maxlinkdim=487 maxerr=1.42E-07 time=44.989
After sweep 27 energy=-17.270487  maxlinkdim=484 maxerr=1.91E-08 time=43.675
After sweep 28 energy=-17.27048  maxlinkdim=485 maxerr=1.65E-08 time=43.599
After sweep 29 energy=-17.27046  maxlinkdim=487 maxerr=3.56E-08 time=43.620
After sweep 30 energy=-17.270454  maxlinkdim=483 maxerr=4.05E-08 time=43.655
Same mu: -2.3419285814104636 and continuing
Target density achieved with mu=-2.3419285814104636, n=0.5000014
Checking {alpha,beta} vs measured
Alpha not converged.
NOT CONVERGED; updating alpha, beta and continuing...
After sweep 1 energy=-7.8796353  maxlinkdim=10 maxerr=5.35E-03 time=1.409
After sweep 2 energy=-16.80001  maxlinkdim=20 maxerr=6.55E-05 time=1.575
After sweep 3 energy=-17.247726  maxlinkdim=100 maxerr=5.89E-07 time=2.605
After sweep 4 energy=-17.268333  maxlinkdim=680 maxerr=1.00E-10 time=39.239
After sweep 5 energy=-17.27035  maxlinkdim=564 maxerr=8.27E-09 time=49.929
After sweep 6 energy=-17.27058  maxlinkdim=566 maxerr=1.32E-08 time=43.270
After sweep 7 energy=-17.270527  maxlinkdim=536 maxerr=7.98E-08 time=43.786
After sweep 8 energy=-17.270544  maxlinkdim=487 maxerr=3.20E-08 time=44.400
After sweep 9 energy=-17.2705  maxlinkdim=482 maxerr=2.80E-08 time=45.013
After sweep 10 energy=-17.270626  maxlinkdim=484 maxerr=3.13E-08 time=43.623
After sweep 11 energy=-17.270563  maxlinkdim=482 maxerr=1.00E-07 time=43.646
After sweep 12 energy=-17.270626  maxlinkdim=480 maxerr=3.93E-08 time=43.646
After sweep 13 energy=-17.270555  maxlinkdim=484 maxerr=2.02E-08 time=43.603
After sweep 14 energy=-17.2705  maxlinkdim=490 maxerr=3.89E-08 time=44.388
After sweep 15 energy=-17.270487  maxlinkdim=485 maxerr=2.48E-08 time=44.590
After sweep 16 energy=-17.270535  maxlinkdim=487 maxerr=1.60E-08 time=43.632
After sweep 17 energy=-17.27059  maxlinkdim=488 maxerr=1.00E-08 time=43.659
After sweep 18 energy=-17.270533  maxlinkdim=483 maxerr=2.87E-08 time=43.644
After sweep 19 energy=-17.270607  maxlinkdim=490 maxerr=4.86E-08 time=44.048
After sweep 20 energy=-17.270496  maxlinkdim=486 maxerr=1.82E-08 time=44.899
After sweep 21 energy=-17.270557  maxlinkdim=484 maxerr=8.57E-08 time=43.679
After sweep 22 energy=-17.27058  maxlinkdim=481 maxerr=3.62E-08 time=43.658
After sweep 23 energy=-17.270477  maxlinkdim=482 maxerr=3.34E-08 time=43.520
After sweep 24 energy=-17.270525  maxlinkdim=484 maxerr=4.13E-08 time=43.669
After sweep 25 energy=-17.270563  maxlinkdim=483 maxerr=4.37E-08 time=44.826
After sweep 26 energy=-17.270557  maxlinkdim=485 maxerr=6.55E-08 time=43.610
After sweep 27 energy=-17.27049  maxlinkdim=488 maxerr=5.50E-08 time=43.549
After sweep 28 energy=-17.270477  maxlinkdim=484 maxerr=3.67E-08 time=43.632
After sweep 29 energy=-17.27052  maxlinkdim=484 maxerr=2.47E-08 time=43.594
After sweep 30 energy=-17.270535  maxlinkdim=482 maxerr=3.90E-08 time=44.865
Same mu: -2.3419285814104636 and continuing
Target density achieved with mu=-2.3419285814104636, n=0.5000023
Checking {alpha,beta} vs measured
Beta not converged.
NOT CONVERGED; updating alpha, beta and continuing...
After sweep 1 energy=-9.508772  maxlinkdim=10 maxerr=5.23E-03 time=1.333
After sweep 2 energy=-16.76896  maxlinkdim=20 maxerr=8.88E-05 time=1.778
After sweep 3 energy=-17.25046  maxlinkdim=100 maxerr=4.36E-07 time=2.634
After sweep 4 energy=-17.268559  maxlinkdim=689 maxerr=1.00E-10 time=38.241
After sweep 5 energy=-17.270342  maxlinkdim=545 maxerr=1.18E-07 time=50.025
After sweep 6 energy=-17.270485  maxlinkdim=548 maxerr=5.86E-08 time=42.695
After sweep 7 energy=-17.270468  maxlinkdim=557 maxerr=1.88E-08 time=44.366
After sweep 8 energy=-17.2704  maxlinkdim=488 maxerr=1.96E-08 time=44.956
After sweep 9 energy=-17.270452  maxlinkdim=482 maxerr=6.23E-08 time=44.213
After sweep 10 energy=-17.270552  maxlinkdim=482 maxerr=5.81E-08 time=43.491
After sweep 11 energy=-17.270508  maxlinkdim=482 maxerr=1.20E-08 time=43.534
After sweep 12 energy=-17.270355  maxlinkdim=484 maxerr=6.56E-08 time=43.636
After sweep 13 energy=-17.270485  maxlinkdim=485 maxerr=4.77E-08 time=44.055
After sweep 14 energy=-17.270393  maxlinkdim=485 maxerr=4.83E-08 time=44.575
After sweep 15 energy=-17.270462  maxlinkdim=480 maxerr=4.62E-08 time=43.567
After sweep 16 energy=-17.270508  maxlinkdim=488 maxerr=8.41E-09 time=43.574
After sweep 17 energy=-17.270576  maxlinkdim=487 maxerr=1.67E-08 time=43.580
After sweep 18 energy=-17.270487  maxlinkdim=483 maxerr=3.02E-08 time=43.687
After sweep 19 energy=-17.270401  maxlinkdim=492 maxerr=2.02E-08 time=44.997
After sweep 20 energy=-17.270458  maxlinkdim=482 maxerr=3.92E-08 time=43.724
After sweep 21 energy=-17.27049  maxlinkdim=485 maxerr=2.00E-08 time=43.674
After sweep 22 energy=-17.270472  maxlinkdim=496 maxerr=1.55E-08 time=43.559
After sweep 23 energy=-17.270517  maxlinkdim=483 maxerr=2.54E-08 time=43.633
After sweep 24 energy=-17.270512  maxlinkdim=484 maxerr=3.47E-08 time=45.054
After sweep 25 energy=-17.270426  maxlinkdim=488 maxerr=5.90E-08 time=43.577
After sweep 26 energy=-17.270466  maxlinkdim=480 maxerr=3.16E-08 time=43.558
After sweep 27 energy=-17.27052  maxlinkdim=483 maxerr=3.68E-08 time=43.512
After sweep 28 energy=-17.270557  maxlinkdim=484 maxerr=6.35E-08 time=43.583
After sweep 29 energy=-17.270508  maxlinkdim=482 maxerr=4.13E-08 time=44.282
After sweep 30 energy=-17.270454  maxlinkdim=491 maxerr=1.37E-08 time=44.393
Same mu: -2.3419285814104636 and continuing
Target density achieved with mu=-2.3419285814104636, n=0.5000004
Checking {alpha,beta} vs measured
Converged {alpha,beta}. mu=-2.3419285814104636, n=0.5000004
Exiting loop
After sweep 1 energy=0.7712724941338676  maxlinkdim=10 maxerr=8.89E-03 time=28.137
After sweep 2 energy=-15.793769838471365  maxlinkdim=20 maxerr=5.74E-04 time=2.289
After sweep 3 energy=-16.578452282167124  maxlinkdim=100 maxerr=1.30E-06 time=3.859
After sweep 4 energy=-16.69756821557624  maxlinkdim=815 maxerr=1.00E-10 time=52.012
After sweep 5 energy=-16.711969513391566  maxlinkdim=799 maxerr=1.00E-10 time=89.313
After sweep 6 energy=-16.71881549056785  maxlinkdim=758 maxerr=1.00E-10 time=78.729
After sweep 7 energy=-16.723573368287973  maxlinkdim=1000 maxerr=4.68E-10 time=86.986
After sweep 8 energy=-16.727230818526003  maxlinkdim=970 maxerr=4.10E-10 time=100.864
After sweep 9 energy=-16.729390257935005  maxlinkdim=888 maxerr=1.41E-10 time=103.746
After sweep 10 energy=-16.731346975936052  maxlinkdim=1000 maxerr=1.92E-09 time=107.565
After sweep 11 energy=-16.732935063517367  maxlinkdim=1000 maxerr=3.22E-10 time=120.194
After sweep 12 energy=-16.734680744299947  maxlinkdim=1000 maxerr=8.41E-09 time=130.402
After sweep 13 energy=-16.737138529494867  maxlinkdim=1000 maxerr=9.31E-09 time=146.333
After sweep 14 energy=-16.739448440349133  maxlinkdim=1000 maxerr=5.48E-10 time=146.207
After sweep 15 energy=-16.74205632984695  maxlinkdim=1000 maxerr=4.86E-10 time=149.300
After sweep 16 energy=-16.74554952488574  maxlinkdim=1000 maxerr=7.52E-10 time=153.662
After sweep 17 energy=-16.749010872146403  maxlinkdim=1000 maxerr=2.07E-09 time=152.538
After sweep 18 energy=-16.752587446629402  maxlinkdim=1000 maxerr=2.03E-09 time=145.414
After sweep 19 energy=-16.756066273502427  maxlinkdim=1000 maxerr=2.44E-09 time=142.626
After sweep 20 energy=-16.759384021730593  maxlinkdim=1000 maxerr=2.69E-08 time=140.546
After sweep 21 energy=-16.76142960718016  maxlinkdim=987 maxerr=1.52E-09 time=134.284
After sweep 22 energy=-16.762974335130302  maxlinkdim=1000 maxerr=7.27E-10 time=132.967
After sweep 23 energy=-16.76413371398723  maxlinkdim=1000 maxerr=6.64E-10 time=129.170
After sweep 24 energy=-16.765490003305576  maxlinkdim=1000 maxerr=1.16E-08 time=133.709
After sweep 25 energy=-16.766512867329098  maxlinkdim=1000 maxerr=6.70E-08 time=133.520
After sweep 26 energy=-16.766653072689312  maxlinkdim=1000 maxerr=1.08E-10 time=127.255
After sweep 27 energy=-16.766720268961443  maxlinkdim=971 maxerr=1.72E-10 time=114.063
After sweep 28 energy=-16.766762877222256  maxlinkdim=963 maxerr=2.92E-10 time=112.829
After sweep 29 energy=-16.766784188638272  maxlinkdim=954 maxerr=1.00E-10 time=107.505
After sweep 30 energy=-16.766796695791133  maxlinkdim=1000 maxerr=7.53E-10 time=103.813
Calculation finished. Saving results to results_L_64_U_-4.0_t0_0.3_t_p_0.3_chi_1000_gpu.h5
Check failed: [Errno 2] Unable to synchronously open file (unable to open file: name = 'results_U_-4.0_t0_0.3_t_p_0.3_gpu.h5', errno = 2, error message = 'No such file or directory', flags = 0, o_flags = 0)
Not completed, resubmitting...
Submitted batch job 47590565
