outfile_name: results_U_-4.0_t_p_0.075.h5
[ Info:  started timer at: 2025-11-13T08:21:47.539
Starting fresh run
Running with t_p=0.075 U=-4.0 L=100 chi_max=300 E_p=1.476 mu_init=-2.65
After sweep 1 energy=-5.49463225590423  maxlinkdim=16 maxerr=9.29E-11 time=29.882
After sweep 2 energy=-6.772056977975498  maxlinkdim=83 maxerr=1.00E-10 time=2.702
After sweep 3 energy=-7.035848833029928  maxlinkdim=122 maxerr=1.00E-10 time=4.428
After sweep 4 energy=-7.169236682575559  maxlinkdim=94 maxerr=9.99E-11 time=4.736
After sweep 5 energy=-7.265224983386487  maxlinkdim=101 maxerr=1.00E-10 time=4.700
After sweep 6 energy=-7.325415280247489  maxlinkdim=148 maxerr=1.00E-10 time=5.293
After sweep 7 energy=-7.360749951471878  maxlinkdim=111 maxerr=1.00E-10 time=5.355
After sweep 8 energy=-7.383539893321768  maxlinkdim=127 maxerr=1.00E-10 time=5.381
After sweep 9 energy=-7.396812639239611  maxlinkdim=124 maxerr=1.00E-10 time=5.473
After sweep 10 energy=-7.402461113292355  maxlinkdim=126 maxerr=1.00E-10 time=6.061
After sweep 11 energy=-7.404006015659502  maxlinkdim=106 maxerr=9.99E-11 time=5.864
After sweep 12 energy=-7.4046394210959905  maxlinkdim=122 maxerr=1.00E-10 time=5.622
After sweep 13 energy=-7.404847274373872  maxlinkdim=119 maxerr=9.99E-11 time=6.143
After sweep 14 energy=-7.404866527598638  maxlinkdim=104 maxerr=9.99E-11 time=6.206
After sweep 15 energy=-7.404867372462122  maxlinkdim=113 maxerr=9.98E-11 time=6.046
After sweep 16 energy=-7.404867376132754  maxlinkdim=89 maxerr=1.00E-10 time=6.220
After sweep 17 energy=-7.404867376237779  maxlinkdim=89 maxerr=9.86E-11 time=6.231
After sweep 18 energy=-7.4048673762394  maxlinkdim=89 maxerr=9.86E-11 time=5.856
After sweep 19 energy=-7.404867376238691  maxlinkdim=89 maxerr=9.86E-11 time=6.143
After sweep 20 energy=-7.4048673762384105  maxlinkdim=89 maxerr=9.86E-11 time=5.852
After sweep 21 energy=-7.404867376238335  maxlinkdim=89 maxerr=9.86E-11 time=6.109
After sweep 22 energy=-7.404867376238411  maxlinkdim=89 maxerr=9.86E-11 time=5.928
After sweep 23 energy=-7.404867376238446  maxlinkdim=89 maxerr=9.86E-11 time=5.896
After sweep 24 energy=-7.404867376238489  maxlinkdim=89 maxerr=9.86E-11 time=6.140
After sweep 25 energy=-7.404867376238562  maxlinkdim=89 maxerr=9.86E-11 time=5.900
After sweep 26 energy=-7.404867376238647  maxlinkdim=89 maxerr=9.86E-11 time=6.351
After sweep 27 energy=-7.404867376207856  maxlinkdim=89 maxerr=1.00E-10 time=5.882
After sweep 28 energy=-7.404867376210099  maxlinkdim=89 maxerr=9.86E-11 time=5.959
After sweep 29 energy=-7.404867376210234  maxlinkdim=89 maxerr=9.86E-11 time=6.232
After sweep 30 energy=-7.404867376210261  maxlinkdim=89 maxerr=9.86E-11 time=5.866
Not same mu, searching again
After sweep 1 energy=-5.970432957415878  maxlinkdim=16 maxerr=9.85E-11 time=0.840
After sweep 2 energy=-7.233250446708062  maxlinkdim=83 maxerr=9.99E-11 time=2.682
After sweep 3 energy=-7.511396587204857  maxlinkdim=131 maxerr=9.99E-11 time=4.174
After sweep 4 energy=-7.65180835756247  maxlinkdim=90 maxerr=1.00E-10 time=4.799
After sweep 5 energy=-7.744133150151632  maxlinkdim=103 maxerr=9.99E-11 time=4.500
After sweep 6 energy=-7.815237123013995  maxlinkdim=117 maxerr=9.99E-11 time=4.687
After sweep 7 energy=-7.862356948411626  maxlinkdim=142 maxerr=1.00E-10 time=5.149
After sweep 8 energy=-7.884891505196108  maxlinkdim=103 maxerr=1.00E-10 time=5.481
After sweep 9 energy=-7.8956723311017765  maxlinkdim=123 maxerr=9.99E-11 time=5.394
After sweep 10 energy=-7.902305759755632  maxlinkdim=130 maxerr=9.99E-11 time=5.338
After sweep 11 energy=-7.905697201236824  maxlinkdim=139 maxerr=1.00E-10 time=5.638
After sweep 12 energy=-7.907269366457592  maxlinkdim=126 maxerr=1.00E-10 time=5.848
After sweep 13 energy=-7.907716470521983  maxlinkdim=108 maxerr=1.00E-10 time=6.182
After sweep 14 energy=-7.907841527760397  maxlinkdim=113 maxerr=1.00E-10 time=5.991
After sweep 15 energy=-7.907868504283009  maxlinkdim=106 maxerr=9.99E-11 time=6.213
After sweep 16 energy=-7.907871574915013  maxlinkdim=105 maxerr=1.00E-10 time=6.539
After sweep 17 energy=-7.907871668823847  maxlinkdim=95 maxerr=1.00E-10 time=6.205
After sweep 18 energy=-7.907871667919832  maxlinkdim=92 maxerr=1.00E-10 time=6.129
After sweep 19 energy=-7.907871666978192  maxlinkdim=92 maxerr=1.00E-10 time=6.205
After sweep 20 energy=-7.907871667312304  maxlinkdim=92 maxerr=1.00E-10 time=6.408
After sweep 21 energy=-7.907871666534505  maxlinkdim=92 maxerr=1.00E-10 time=6.195
After sweep 22 energy=-7.907871666587597  maxlinkdim=92 maxerr=1.00E-10 time=6.142
After sweep 23 energy=-7.907871666308717  maxlinkdim=92 maxerr=1.00E-10 time=6.223
After sweep 24 energy=-7.907871666084356  maxlinkdim=92 maxerr=1.00E-10 time=6.295
After sweep 25 energy=-7.907871665972973  maxlinkdim=92 maxerr=1.00E-10 time=6.573
After sweep 26 energy=-7.9078716659166  maxlinkdim=92 maxerr=1.00E-10 time=6.132
After sweep 27 energy=-7.907871665860805  maxlinkdim=92 maxerr=1.00E-10 time=6.147
After sweep 28 energy=-7.907871665916592  maxlinkdim=92 maxerr=1.00E-10 time=6.230
After sweep 29 energy=-7.907871665860721  maxlinkdim=92 maxerr=1.00E-10 time=6.184
After sweep 30 energy=-7.90787166591658  maxlinkdim=92 maxerr=1.00E-10 time=6.497
n0: 0.49688370953402833; n1: 0.5090634382051371; mu0: -2.65; mu1: -2.64

Range found between mu0: -2.65 (n0: 0.49688370953402833) and mu1: -2.64 (n1: 0.5090634382051371); refining...
n0: 0.49688370953402833; n1: 0.5090634382051371; mu0: -2.65; mu1: -2.64
Trying secant step...
After sweep 1 energy=-5.6160668360294945  maxlinkdim=16 maxerr=9.59E-11 time=0.825
After sweep 2 energy=-6.889359912286324  maxlinkdim=83 maxerr=9.99E-11 time=2.726
After sweep 3 energy=-7.155793039254739  maxlinkdim=118 maxerr=9.98E-11 time=4.093
After sweep 4 energy=-7.288185772205599  maxlinkdim=85 maxerr=9.99E-11 time=4.499
After sweep 5 energy=-7.3809060272814575  maxlinkdim=94 maxerr=1.00E-10 time=4.450
After sweep 6 energy=-7.443097543855296  maxlinkdim=109 maxerr=9.98E-11 time=4.573
After sweep 7 energy=-7.486810086337176  maxlinkdim=119 maxerr=1.00E-10 time=4.894
After sweep 8 energy=-7.512632097889435  maxlinkdim=125 maxerr=9.99E-11 time=5.807
After sweep 9 energy=-7.524269383140254  maxlinkdim=134 maxerr=1.00E-10 time=5.469
After sweep 10 energy=-7.5285301457514  maxlinkdim=114 maxerr=1.00E-10 time=5.295
After sweep 11 energy=-7.53079910510461  maxlinkdim=112 maxerr=1.00E-10 time=5.385
After sweep 12 energy=-7.53183703138148  maxlinkdim=126 maxerr=9.99E-11 time=5.445
After sweep 13 energy=-7.532315418362  maxlinkdim=113 maxerr=1.00E-10 time=5.949
After sweep 14 energy=-7.532391415235269  maxlinkdim=120 maxerr=9.99E-11 time=6.118
After sweep 15 energy=-7.532402601054849  maxlinkdim=112 maxerr=9.99E-11 time=6.463
After sweep 16 energy=-7.5324031466105765  maxlinkdim=99 maxerr=1.00E-10 time=6.154
After sweep 17 energy=-7.532403150280602  maxlinkdim=90 maxerr=9.97E-11 time=6.049
After sweep 18 energy=-7.53240315037223  maxlinkdim=90 maxerr=9.94E-11 time=6.083
After sweep 19 energy=-7.532403150374269  maxlinkdim=90 maxerr=9.94E-11 time=6.073
After sweep 20 energy=-7.532403150373739  maxlinkdim=90 maxerr=9.94E-11 time=6.200
After sweep 21 energy=-7.532403150373466  maxlinkdim=90 maxerr=9.94E-11 time=6.433
After sweep 22 energy=-7.532403150373413  maxlinkdim=90 maxerr=9.94E-11 time=6.096
After sweep 23 energy=-7.53240315037334  maxlinkdim=90 maxerr=9.94E-11 time=6.108
After sweep 24 energy=-7.532403150373319  maxlinkdim=90 maxerr=9.94E-11 time=6.111
After sweep 25 energy=-7.532403150373355  maxlinkdim=90 maxerr=9.94E-11 time=6.112
After sweep 26 energy=-7.5324031503733115  maxlinkdim=90 maxerr=9.94E-11 time=6.156
After sweep 27 energy=-7.532403150373295  maxlinkdim=90 maxerr=9.94E-11 time=6.412
After sweep 28 energy=-7.5324031503733035  maxlinkdim=90 maxerr=9.94E-11 time=5.925
After sweep 29 energy=-7.532403150373359  maxlinkdim=90 maxerr=9.94E-11 time=6.144
After sweep 30 energy=-7.532403150373311  maxlinkdim=90 maxerr=9.94E-11 time=6.092
n0: 0.49688370953402833; n1: 0.5000352988897544; mu0: -2.65; mu1: -2.6474414122431447
Trying secant step...
After sweep 1 energy=-5.6147055281357  maxlinkdim=16 maxerr=9.58E-11 time=0.848
After sweep 2 energy=-6.8878201285597225  maxlinkdim=83 maxerr=9.99E-11 time=2.750
After sweep 3 energy=-7.1517768180948735  maxlinkdim=113 maxerr=9.99E-11 time=4.175
After sweep 4 energy=-7.287559231560504  maxlinkdim=87 maxerr=1.00E-10 time=4.508
After sweep 5 energy=-7.379985453932586  maxlinkdim=85 maxerr=9.99E-11 time=4.387
After sweep 6 energy=-7.436288876211556  maxlinkdim=82 maxerr=9.99E-11 time=4.549
After sweep 7 energy=-7.473178710980817  maxlinkdim=88 maxerr=9.96E-11 time=4.275
After sweep 8 energy=-7.50079152280176  maxlinkdim=93 maxerr=9.98E-11 time=4.544
After sweep 9 energy=-7.515370616527002  maxlinkdim=139 maxerr=1.00E-10 time=4.753
After sweep 10 energy=-7.5234796508022885  maxlinkdim=127 maxerr=9.99E-11 time=5.227
After sweep 11 energy=-7.528757525618815  maxlinkdim=115 maxerr=9.99E-11 time=5.603
After sweep 12 energy=-7.52997750651297  maxlinkdim=109 maxerr=1.00E-10 time=5.394
After sweep 13 energy=-7.530546960223162  maxlinkdim=111 maxerr=9.99E-11 time=5.370
After sweep 14 energy=-7.5308188956092295  maxlinkdim=118 maxerr=9.99E-11 time=5.352
After sweep 15 energy=-7.530949316327204  maxlinkdim=132 maxerr=9.99E-11 time=6.281
After sweep 16 energy=-7.530968750765446  maxlinkdim=121 maxerr=1.00E-10 time=6.021
After sweep 17 energy=-7.530970222578571  maxlinkdim=101 maxerr=1.00E-10 time=6.147
After sweep 18 energy=-7.530970246552871  maxlinkdim=90 maxerr=9.99E-11 time=6.175
After sweep 19 energy=-7.530970246277437  maxlinkdim=90 maxerr=9.90E-11 time=6.127
After sweep 20 energy=-7.530970246285671  maxlinkdim=90 maxerr=9.90E-11 time=6.241
After sweep 21 energy=-7.530970246285231  maxlinkdim=90 maxerr=9.90E-11 time=6.190
After sweep 22 energy=-7.530970246284894  maxlinkdim=90 maxerr=9.90E-11 time=6.127
After sweep 23 energy=-7.530970246284741  maxlinkdim=90 maxerr=9.90E-11 time=6.371
After sweep 24 energy=-7.53097024628471  maxlinkdim=90 maxerr=9.90E-11 time=6.224
After sweep 25 energy=-7.530970246284671  maxlinkdim=90 maxerr=9.90E-11 time=6.086
After sweep 26 energy=-7.530970246284648  maxlinkdim=90 maxerr=9.90E-11 time=5.996
After sweep 27 energy=-7.530970246284628  maxlinkdim=90 maxerr=9.90E-11 time=6.082
After sweep 28 energy=-7.530970246284672  maxlinkdim=90 maxerr=9.90E-11 time=6.045
After sweep 29 energy=-7.530970246284661  maxlinkdim=90 maxerr=9.90E-11 time=6.064
After sweep 30 energy=-7.530970246284693  maxlinkdim=90 maxerr=9.90E-11 time=6.573
FOUND MU (secant); mu: -2.6474700693100917  n: 0.5000001371635178
Target density achieved with mu=-2.6474700693100917, n=0.5000001371635178
Checking {alpha,beta} vs measured
NOT CONVERGED; updating alpha, beta and continuing...
After sweep 1 energy=-4.810191629848154  maxlinkdim=16 maxerr=4.18E-12 time=1.028
After sweep 2 energy=-5.7404776837314655  maxlinkdim=92 maxerr=9.99E-11 time=4.571
After sweep 3 energy=-5.878169526397208  maxlinkdim=120 maxerr=9.99E-11 time=7.948
After sweep 4 energy=-5.962108078855515  maxlinkdim=106 maxerr=9.99E-11 time=8.680
After sweep 5 energy=-6.022721349372  maxlinkdim=97 maxerr=9.99E-11 time=8.749
After sweep 6 energy=-6.073011873643763  maxlinkdim=109 maxerr=9.98E-11 time=8.833
After sweep 7 energy=-6.116443510840656  maxlinkdim=150 maxerr=1.00E-10 time=10.159
After sweep 8 energy=-6.146604674457845  maxlinkdim=165 maxerr=9.99E-11 time=10.336
After sweep 9 energy=-6.164505244507708  maxlinkdim=189 maxerr=9.99E-11 time=11.751
After sweep 10 energy=-6.17736301764963  maxlinkdim=144 maxerr=1.00E-10 time=11.886
After sweep 11 energy=-6.186731391131779  maxlinkdim=167 maxerr=9.99E-11 time=12.483
After sweep 12 energy=-6.193538327727623  maxlinkdim=210 maxerr=1.00E-10 time=13.270
After sweep 13 energy=-6.197317931261958  maxlinkdim=217 maxerr=1.00E-10 time=14.343
After sweep 14 energy=-6.199150962259569  maxlinkdim=191 maxerr=1.00E-10 time=14.314
After sweep 15 energy=-6.200224113386718  maxlinkdim=197 maxerr=1.00E-10 time=15.875
After sweep 16 energy=-6.200919507776489  maxlinkdim=168 maxerr=9.99E-11 time=16.304
After sweep 17 energy=-6.201188037984487  maxlinkdim=160 maxerr=9.99E-11 time=16.577
After sweep 18 energy=-6.201311399375331  maxlinkdim=169 maxerr=1.00E-10 time=18.277
After sweep 19 energy=-6.201334457438952  maxlinkdim=170 maxerr=1.00E-10 time=20.481
After sweep 20 energy=-6.201338324490621  maxlinkdim=174 maxerr=1.00E-10 time=20.073
After sweep 21 energy=-6.2013389925578535  maxlinkdim=149 maxerr=9.99E-11 time=20.682
After sweep 22 energy=-6.201339021820718  maxlinkdim=137 maxerr=1.00E-10 time=20.826
After sweep 23 energy=-6.201339018174888  maxlinkdim=136 maxerr=1.00E-10 time=19.804
After sweep 24 energy=-6.2013390191373965  maxlinkdim=136 maxerr=1.00E-10 time=19.086
After sweep 25 energy=-6.201339019313361  maxlinkdim=136 maxerr=9.98E-11 time=19.719
After sweep 26 energy=-6.201339019510419  maxlinkdim=136 maxerr=9.98E-11 time=19.920
After sweep 27 energy=-6.201339019619079  maxlinkdim=136 maxerr=9.98E-11 time=20.103
After sweep 28 energy=-6.201339019698983  maxlinkdim=136 maxerr=9.98E-11 time=20.800
After sweep 29 energy=-6.201339019755993  maxlinkdim=136 maxerr=9.98E-11 time=20.531
After sweep 30 energy=-6.201339019792298  maxlinkdim=136 maxerr=9.98E-11 time=20.192
Not same mu, searching again
After sweep 1 energy=-5.305029845026124  maxlinkdim=16 maxerr=3.86E-12 time=1.175
After sweep 2 energy=-6.232161759985731  maxlinkdim=88 maxerr=1.00E-10 time=4.794
After sweep 3 energy=-6.3700878279172874  maxlinkdim=113 maxerr=1.00E-10 time=8.371
After sweep 4 energy=-6.453301196913457  maxlinkdim=109 maxerr=1.00E-10 time=9.388
After sweep 5 energy=-6.5193910801779404  maxlinkdim=106 maxerr=1.00E-10 time=8.988
After sweep 6 energy=-6.568153264354849  maxlinkdim=110 maxerr=9.99E-11 time=9.341
After sweep 7 energy=-6.602461308552173  maxlinkdim=104 maxerr=9.98E-11 time=9.547
After sweep 8 energy=-6.628703263007697  maxlinkdim=100 maxerr=9.99E-11 time=8.977
After sweep 9 energy=-6.65045313599567  maxlinkdim=102 maxerr=9.98E-11 time=8.929
After sweep 10 energy=-6.670243388783551  maxlinkdim=149 maxerr=9.99E-11 time=9.631
After sweep 11 energy=-6.684221305351934  maxlinkdim=117 maxerr=1.00E-10 time=11.369
After sweep 12 energy=-6.694307007513743  maxlinkdim=176 maxerr=1.00E-10 time=11.997
After sweep 13 energy=-6.700228385818838  maxlinkdim=211 maxerr=9.99E-11 time=13.544
After sweep 14 energy=-6.7025768096455245  maxlinkdim=177 maxerr=9.99E-11 time=14.269
After sweep 15 energy=-6.703819310254891  maxlinkdim=177 maxerr=9.99E-11 time=14.488
After sweep 16 energy=-6.704681731785935  maxlinkdim=163 maxerr=9.99E-11 time=14.732
After sweep 17 energy=-6.705110141649597  maxlinkdim=164 maxerr=9.99E-11 time=16.665
After sweep 18 energy=-6.705224592641585  maxlinkdim=194 maxerr=1.00E-10 time=17.829
After sweep 19 energy=-6.705247929724665  maxlinkdim=196 maxerr=1.00E-10 time=19.510
After sweep 20 energy=-6.705251821834629  maxlinkdim=168 maxerr=1.00E-10 time=20.226
After sweep 21 energy=-6.705252291109732  maxlinkdim=150 maxerr=1.00E-10 time=20.708
After sweep 22 energy=-6.7052523073829216  maxlinkdim=141 maxerr=1.00E-10 time=20.657
After sweep 23 energy=-6.705252307152844  maxlinkdim=141 maxerr=1.00E-10 time=20.900
After sweep 24 energy=-6.705252307196972  maxlinkdim=141 maxerr=9.99E-11 time=20.736
After sweep 25 energy=-6.705252307246444  maxlinkdim=141 maxerr=1.00E-10 time=21.612
After sweep 26 energy=-6.705252307204846  maxlinkdim=141 maxerr=9.99E-11 time=20.662
After sweep 27 energy=-6.705252307246901  maxlinkdim=141 maxerr=1.00E-10 time=21.350
After sweep 28 energy=-6.705252307205372  maxlinkdim=141 maxerr=9.99E-11 time=20.902
After sweep 29 energy=-6.705252307247768  maxlinkdim=141 maxerr=1.00E-10 time=21.168
After sweep 30 energy=-6.7052523072062495  maxlinkdim=141 maxerr=9.99E-11 time=21.147
n0: 0.49761685609710915; n1: 0.5101403480997807; mu0: -2.6474700693100917; mu1: -2.637470069310092

Range found between mu0: -2.6474700693100917 (n0: 0.49761685609710915) and mu1: -2.637470069310092 (n1: 0.5101403480997807); refining...
n0: 0.49761685609710915; n1: 0.5101403480997807; mu0: -2.6474700693100917; mu1: -2.637470069310092
Trying secant step...
After sweep 1 energy=-4.904308037897503  maxlinkdim=16 maxerr=4.12E-12 time=1.091
After sweep 2 energy=-5.834342088218177  maxlinkdim=92 maxerr=9.98E-11 time=4.685
After sweep 3 energy=-5.970735742808833  maxlinkdim=111 maxerr=1.00E-10 time=8.113
After sweep 4 energy=-6.058683220748292  maxlinkdim=99 maxerr=9.98E-11 time=8.601
After sweep 5 energy=-6.119808553240256  maxlinkdim=93 maxerr=1.00E-10 time=8.690
After sweep 6 energy=-6.171158155663679  maxlinkdim=132 maxerr=1.00E-10 time=8.706
After sweep 7 energy=-6.212659041447305  maxlinkdim=171 maxerr=9.98E-11 time=9.910
After sweep 8 energy=-6.237725263318437  maxlinkdim=168 maxerr=1.00E-10 time=10.203
After sweep 9 energy=-6.258490399270496  maxlinkdim=161 maxerr=1.00E-10 time=10.270
After sweep 10 energy=-6.271782376493347  maxlinkdim=222 maxerr=1.00E-10 time=11.635
After sweep 11 energy=-6.282647415720438  maxlinkdim=188 maxerr=1.00E-10 time=11.516
After sweep 12 energy=-6.289417658249396  maxlinkdim=141 maxerr=1.00E-10 time=13.241
After sweep 13 energy=-6.292890240707809  maxlinkdim=162 maxerr=1.00E-10 time=12.465
After sweep 14 energy=-6.294343883793559  maxlinkdim=197 maxerr=9.99E-11 time=13.231
After sweep 15 energy=-6.295355057409567  maxlinkdim=181 maxerr=9.97E-11 time=13.678
After sweep 16 energy=-6.296040021558092  maxlinkdim=192 maxerr=1.00E-10 time=16.038
After sweep 17 energy=-6.296223013707442  maxlinkdim=193 maxerr=1.00E-10 time=17.706
After sweep 18 energy=-6.296254815745819  maxlinkdim=183 maxerr=9.99E-11 time=19.694
After sweep 19 energy=-6.296261594215318  maxlinkdim=163 maxerr=1.00E-10 time=20.186
After sweep 20 energy=-6.296262499357974  maxlinkdim=152 maxerr=1.00E-10 time=20.442
After sweep 21 energy=-6.296262545078819  maxlinkdim=139 maxerr=1.00E-10 time=19.917
After sweep 22 energy=-6.296262543192148  maxlinkdim=137 maxerr=1.00E-10 time=19.627
After sweep 23 energy=-6.296262543561859  maxlinkdim=137 maxerr=9.98E-11 time=19.786
After sweep 24 energy=-6.296262543717078  maxlinkdim=137 maxerr=1.00E-10 time=19.016
After sweep 25 energy=-6.2962625438829  maxlinkdim=137 maxerr=9.89E-11 time=19.306
After sweep 26 energy=-6.296262543968304  maxlinkdim=137 maxerr=9.90E-11 time=20.497
After sweep 27 energy=-6.296262544029631  maxlinkdim=137 maxerr=9.90E-11 time=21.623
After sweep 28 energy=-6.296262544074359  maxlinkdim=137 maxerr=9.90E-11 time=21.424
After sweep 29 energy=-6.296262544105723  maxlinkdim=137 maxerr=9.90E-11 time=22.482
After sweep 30 energy=-6.296262544127094  maxlinkdim=137 maxerr=9.90E-11 time=21.446
n0: 0.49761685609710915; n1: 0.5000323604797268; mu0: -2.6474700693100917; mu1: -2.6455671304952766
Trying secant step...
After sweep 1 energy=-4.903047023726956  maxlinkdim=16 maxerr=4.12E-12 time=1.104
After sweep 2 energy=-5.8330497535177575  maxlinkdim=92 maxerr=9.97E-11 time=4.627
After sweep 3 energy=-5.969371272664052  maxlinkdim=111 maxerr=9.99E-11 time=7.835
After sweep 4 energy=-6.056076836025806  maxlinkdim=98 maxerr=1.00E-10 time=8.511
After sweep 5 energy=-6.117869169626033  maxlinkdim=93 maxerr=1.00E-10 time=8.786
After sweep 6 energy=-6.168284054362784  maxlinkdim=100 maxerr=1.00E-10 time=8.684
After sweep 7 energy=-6.20759548170502  maxlinkdim=142 maxerr=9.99E-11 time=9.130
After sweep 8 energy=-6.235175234347875  maxlinkdim=209 maxerr=1.00E-10 time=9.738
After sweep 9 energy=-6.254841790825941  maxlinkdim=138 maxerr=9.99E-11 time=9.692
After sweep 10 energy=-6.267523391182542  maxlinkdim=179 maxerr=1.00E-10 time=10.510
After sweep 11 energy=-6.277088263514831  maxlinkdim=212 maxerr=9.99E-11 time=10.654
After sweep 12 energy=-6.283031771067742  maxlinkdim=138 maxerr=9.99E-11 time=11.126
After sweep 13 energy=-6.288214403852317  maxlinkdim=216 maxerr=1.00E-10 time=14.478
After sweep 14 energy=-6.2928021471292475  maxlinkdim=176 maxerr=9.99E-11 time=16.110
After sweep 15 energy=-6.294243242898459  maxlinkdim=175 maxerr=9.99E-11 time=16.555
After sweep 16 energy=-6.294665454931789  maxlinkdim=157 maxerr=9.99E-11 time=16.291
After sweep 17 energy=-6.294847484975773  maxlinkdim=160 maxerr=1.00E-10 time=16.620
After sweep 18 energy=-6.294933758365541  maxlinkdim=168 maxerr=9.99E-11 time=17.128
After sweep 19 energy=-6.2949720083132386  maxlinkdim=167 maxerr=1.00E-10 time=18.575
After sweep 20 energy=-6.294985929008169  maxlinkdim=186 maxerr=1.00E-10 time=20.946
After sweep 21 energy=-6.294987690156543  maxlinkdim=157 maxerr=1.00E-10 time=20.669
After sweep 22 energy=-6.294987820301845  maxlinkdim=144 maxerr=1.00E-10 time=20.641
After sweep 23 energy=-6.294987819490238  maxlinkdim=137 maxerr=9.99E-11 time=19.951
After sweep 24 energy=-6.294987819778768  maxlinkdim=137 maxerr=1.00E-10 time=20.545
After sweep 25 energy=-6.294987819968923  maxlinkdim=137 maxerr=9.99E-11 time=20.280
After sweep 26 energy=-6.294987820112382  maxlinkdim=137 maxerr=9.99E-11 time=20.603
After sweep 27 energy=-6.294987820228819  maxlinkdim=137 maxerr=9.99E-11 time=23.185
After sweep 28 energy=-6.29498782021086  maxlinkdim=137 maxerr=9.99E-11 time=22.825
After sweep 29 energy=-6.294987820262566  maxlinkdim=137 maxerr=1.00E-10 time=22.412
After sweep 30 energy=-6.29498782029737  maxlinkdim=137 maxerr=1.00E-10 time=23.349
FOUND MU (secant); mu: -2.6455926241409853  n: 0.500000103075985
Target density achieved with mu=-2.6455926241409853, n=0.500000103075985
Checking {alpha,beta} vs measured
NOT CONVERGED; updating alpha, beta and continuing...
After sweep 1 energy=-4.857717508148815  maxlinkdim=16 maxerr=1.05E-12 time=1.124
After sweep 2 energy=-5.813093078221213  maxlinkdim=99 maxerr=9.97E-11 time=4.771
After sweep 3 energy=-5.932276107904138  maxlinkdim=106 maxerr=1.00E-10 time=8.365
After sweep 4 energy=-6.001371006946194  maxlinkdim=102 maxerr=9.97E-11 time=9.084
After sweep 5 energy=-6.055742972488617  maxlinkdim=111 maxerr=1.00E-10 time=8.876
After sweep 6 energy=-6.100598099917914  maxlinkdim=177 maxerr=1.00E-10 time=9.413
After sweep 7 energy=-6.130475927732274  maxlinkdim=160 maxerr=9.99E-11 time=9.433
After sweep 8 energy=-6.154547268433361  maxlinkdim=169 maxerr=9.98E-11 time=9.192
After sweep 9 energy=-6.174885698260361  maxlinkdim=204 maxerr=9.99E-11 time=10.101
After sweep 10 energy=-6.190211683348928  maxlinkdim=215 maxerr=1.00E-10 time=11.986
After sweep 11 energy=-6.200257431960482  maxlinkdim=141 maxerr=1.00E-10 time=11.472
After sweep 12 energy=-6.2076382243662325  maxlinkdim=180 maxerr=9.99E-11 time=12.335
After sweep 13 energy=-6.2122976912262855  maxlinkdim=218 maxerr=1.00E-10 time=12.566
After sweep 14 energy=-6.214973528811434  maxlinkdim=191 maxerr=9.98E-11 time=12.628
After sweep 15 energy=-6.217229099732134  maxlinkdim=207 maxerr=1.00E-10 time=13.569
After sweep 16 energy=-6.218667244798306  maxlinkdim=219 maxerr=1.00E-10 time=15.113
After sweep 17 energy=-6.21978023537622  maxlinkdim=212 maxerr=1.00E-10 time=15.968
After sweep 18 energy=-6.220136091009891  maxlinkdim=193 maxerr=1.00E-10 time=17.702
After sweep 19 energy=-6.220238822924706  maxlinkdim=190 maxerr=1.00E-10 time=19.087
After sweep 20 energy=-6.220264288003583  maxlinkdim=190 maxerr=1.00E-10 time=22.590
After sweep 21 energy=-6.220267620438309  maxlinkdim=172 maxerr=1.00E-10 time=26.230
After sweep 22 energy=-6.220267998227544  maxlinkdim=160 maxerr=1.00E-10 time=26.356
After sweep 23 energy=-6.220268010584272  maxlinkdim=150 maxerr=1.00E-10 time=26.455
After sweep 24 energy=-6.220268010088425  maxlinkdim=150 maxerr=9.99E-11 time=24.719
After sweep 25 energy=-6.220268010398506  maxlinkdim=150 maxerr=1.00E-10 time=25.214
After sweep 26 energy=-6.220268010589676  maxlinkdim=150 maxerr=1.00E-10 time=23.491
After sweep 27 energy=-6.220268010582076  maxlinkdim=150 maxerr=9.99E-11 time=23.864
After sweep 28 energy=-6.220268010578505  maxlinkdim=150 maxerr=9.99E-11 time=25.211
After sweep 29 energy=-6.220268010576885  maxlinkdim=150 maxerr=9.99E-11 time=23.192
After sweep 30 energy=-6.2202680105761505  maxlinkdim=150 maxerr=9.99E-11 time=22.922
Not same mu, searching again
After sweep 1 energy=-4.360582729792475  maxlinkdim=16 maxerr=1.13E-12 time=1.256
After sweep 2 energy=-5.313055903201988  maxlinkdim=98 maxerr=9.96E-11 time=5.014
After sweep 3 energy=-5.43464346381565  maxlinkdim=101 maxerr=1.00E-10 time=8.775
After sweep 4 energy=-5.503853213015191  maxlinkdim=95 maxerr=1.00E-10 time=8.972
After sweep 5 energy=-5.554396293667123  maxlinkdim=97 maxerr=1.00E-10 time=8.958
After sweep 6 energy=-5.59929798161665  maxlinkdim=164 maxerr=9.98E-11 time=8.490
After sweep 7 energy=-5.636072109477133  maxlinkdim=189 maxerr=9.99E-11 time=9.198
After sweep 8 energy=-5.663693211719171  maxlinkdim=177 maxerr=1.00E-10 time=10.294
After sweep 9 energy=-5.683248379259186  maxlinkdim=233 maxerr=9.98E-11 time=11.562
After sweep 10 energy=-5.696759897121047  maxlinkdim=171 maxerr=1.00E-10 time=10.565
After sweep 11 energy=-5.707435641667017  maxlinkdim=147 maxerr=9.98E-11 time=11.300
After sweep 12 energy=-5.715655964871622  maxlinkdim=140 maxerr=9.99E-11 time=11.533
After sweep 13 energy=-5.721403880031889  maxlinkdim=193 maxerr=9.99E-11 time=12.367
After sweep 14 energy=-5.7240634449511  maxlinkdim=150 maxerr=9.99E-11 time=14.189
After sweep 15 energy=-5.7251317451309705  maxlinkdim=235 maxerr=1.00E-10 time=15.566
After sweep 16 energy=-5.725711364625594  maxlinkdim=201 maxerr=1.00E-10 time=16.253
After sweep 17 energy=-5.72589181572443  maxlinkdim=168 maxerr=1.00E-10 time=17.621
After sweep 18 energy=-5.725933536504343  maxlinkdim=163 maxerr=1.00E-10 time=19.700
After sweep 19 energy=-5.725946393890935  maxlinkdim=186 maxerr=9.99E-11 time=22.156
After sweep 20 energy=-5.7259476761505095  maxlinkdim=160 maxerr=1.00E-10 time=23.434
After sweep 21 energy=-5.725947763816163  maxlinkdim=148 maxerr=1.00E-10 time=22.444
After sweep 22 energy=-5.725947763267559  maxlinkdim=144 maxerr=1.00E-10 time=21.957
After sweep 23 energy=-5.725947763500075  maxlinkdim=144 maxerr=1.00E-10 time=21.723
After sweep 24 energy=-5.725947763576178  maxlinkdim=144 maxerr=9.99E-11 time=22.080
After sweep 25 energy=-5.725947763568856  maxlinkdim=144 maxerr=9.98E-11 time=21.891
After sweep 26 energy=-5.725947763564328  maxlinkdim=144 maxerr=9.98E-11 time=22.980
After sweep 27 energy=-5.725947763569623  maxlinkdim=144 maxerr=9.98E-11 time=21.935
After sweep 28 energy=-5.725947763580265  maxlinkdim=144 maxerr=9.98E-11 time=21.705
After sweep 29 energy=-5.725947763579979  maxlinkdim=144 maxerr=9.98E-11 time=22.064
After sweep 30 energy=-5.725947763579828  maxlinkdim=144 maxerr=9.98E-11 time=22.318
n0: 0.48783431317392795; n1: 0.5007313454743446; mu0: -2.655592624140985; mu1: -2.6455926241409853

Range found between mu0: -2.655592624140985 (n0: 0.48783431317392795) and mu1: -2.6455926241409853 (n1: 0.5007313454743446); refining...
n0: 0.48783431317392795; n1: 0.5007313454743446; mu0: -2.655592624140985; mu1: -2.6455926241409853
Trying secant step...
After sweep 1 energy=-4.829524133004798  maxlinkdim=16 maxerr=1.05E-12 time=1.199
After sweep 2 energy=-5.785224235847837  maxlinkdim=99 maxerr=9.97E-11 time=5.051
After sweep 3 energy=-5.904667632222969  maxlinkdim=106 maxerr=1.00E-10 time=8.935
After sweep 4 energy=-5.975194725166038  maxlinkdim=105 maxerr=1.00E-10 time=9.715
After sweep 5 energy=-6.030875631268176  maxlinkdim=108 maxerr=1.00E-10 time=9.677
After sweep 6 energy=-6.076966951814955  maxlinkdim=117 maxerr=9.99E-11 time=10.076
After sweep 7 energy=-6.109130251220655  maxlinkdim=131 maxerr=1.00E-10 time=9.917
After sweep 8 energy=-6.134712833201853  maxlinkdim=214 maxerr=9.99E-11 time=10.307
After sweep 9 energy=-6.154861778742832  maxlinkdim=159 maxerr=9.99E-11 time=11.791
After sweep 10 energy=-6.1690766852897765  maxlinkdim=193 maxerr=9.99E-11 time=11.701
After sweep 11 energy=-6.179243020610653  maxlinkdim=236 maxerr=1.00E-10 time=14.456
After sweep 12 energy=-6.184164392276811  maxlinkdim=173 maxerr=1.00E-10 time=14.837
After sweep 13 energy=-6.187087125391306  maxlinkdim=195 maxerr=9.98E-11 time=15.125
After sweep 14 energy=-6.1890910912109  maxlinkdim=181 maxerr=9.99E-11 time=16.139
After sweep 15 energy=-6.190860625850998  maxlinkdim=165 maxerr=1.00E-10 time=16.759
After sweep 16 energy=-6.1914746119293635  maxlinkdim=199 maxerr=1.00E-10 time=17.733
After sweep 17 energy=-6.191767792621913  maxlinkdim=201 maxerr=1.00E-10 time=19.471
After sweep 18 energy=-6.191855025771782  maxlinkdim=193 maxerr=1.00E-10 time=20.565
After sweep 19 energy=-6.191885831758742  maxlinkdim=174 maxerr=1.00E-10 time=22.676
After sweep 20 energy=-6.191892879699557  maxlinkdim=166 maxerr=1.00E-10 time=25.062
After sweep 21 energy=-6.191893640646879  maxlinkdim=167 maxerr=1.00E-10 time=28.006
After sweep 22 energy=-6.191893686389857  maxlinkdim=150 maxerr=9.99E-11 time=26.641
After sweep 23 energy=-6.191893685135759  maxlinkdim=150 maxerr=1.00E-10 time=24.746
After sweep 24 energy=-6.191893685397761  maxlinkdim=150 maxerr=1.00E-10 time=26.427
After sweep 25 energy=-6.191893685447626  maxlinkdim=150 maxerr=9.96E-11 time=25.885
After sweep 26 energy=-6.191893685446639  maxlinkdim=150 maxerr=9.97E-11 time=25.929
After sweep 27 energy=-6.191893685447214  maxlinkdim=150 maxerr=9.97E-11 time=25.010
After sweep 28 energy=-6.191893685449495  maxlinkdim=150 maxerr=9.98E-11 time=25.752
After sweep 29 energy=-6.191893685452483  maxlinkdim=150 maxerr=9.98E-11 time=25.885
After sweep 30 energy=-6.191893685455387  maxlinkdim=150 maxerr=9.98E-11 time=25.894
n0: 0.5000118493544048; n1: 0.5007313454743446; mu0: -2.6461596890729084; mu1: -2.6455926241409853
Trying secant step...
After sweep 1 energy=-4.829059814477834  maxlinkdim=16 maxerr=1.05E-12 time=1.503
After sweep 2 energy=-5.7847532429931965  maxlinkdim=99 maxerr=9.97E-11 time=5.198
After sweep 3 energy=-5.90417020060659  maxlinkdim=106 maxerr=9.99E-11 time=8.928
After sweep 4 energy=-5.974725850952249  maxlinkdim=105 maxerr=9.97E-11 time=9.506
After sweep 5 energy=-6.030380379227958  maxlinkdim=107 maxerr=9.98E-11 time=9.453
After sweep 6 energy=-6.075270681409546  maxlinkdim=109 maxerr=9.99E-11 time=9.618
After sweep 7 energy=-6.113224935385884  maxlinkdim=135 maxerr=1.00E-10 time=10.162
After sweep 8 energy=-6.141921971580956  maxlinkdim=142 maxerr=9.99E-11 time=11.477
After sweep 9 energy=-6.156745155079996  maxlinkdim=168 maxerr=1.00E-10 time=11.261
After sweep 10 energy=-6.166720530240919  maxlinkdim=216 maxerr=1.00E-10 time=10.891
After sweep 11 energy=-6.1746058275111855  maxlinkdim=194 maxerr=1.00E-10 time=11.267
After sweep 12 energy=-6.180674558316338  maxlinkdim=189 maxerr=1.00E-10 time=11.768
After sweep 13 energy=-6.1855727685470825  maxlinkdim=185 maxerr=1.00E-10 time=15.551
After sweep 14 energy=-6.188136269572019  maxlinkdim=195 maxerr=9.99E-11 time=14.563
After sweep 15 energy=-6.190025623937525  maxlinkdim=205 maxerr=9.99E-11 time=15.475
After sweep 16 energy=-6.190768842814984  maxlinkdim=193 maxerr=1.00E-10 time=16.580
After sweep 17 energy=-6.1912015700839875  maxlinkdim=183 maxerr=1.00E-10 time=18.887
After sweep 18 energy=-6.191355111110723  maxlinkdim=210 maxerr=9.99E-11 time=21.979
After sweep 19 energy=-6.191399049531364  maxlinkdim=198 maxerr=1.00E-10 time=22.920
After sweep 20 energy=-6.191417048720586  maxlinkdim=181 maxerr=9.98E-11 time=24.610
After sweep 21 energy=-6.191424282290128  maxlinkdim=181 maxerr=9.99E-11 time=24.556
After sweep 22 energy=-6.191426335073078  maxlinkdim=175 maxerr=9.99E-11 time=23.578
After sweep 23 energy=-6.191426713830511  maxlinkdim=162 maxerr=1.00E-10 time=24.467
After sweep 24 energy=-6.191426731748663  maxlinkdim=150 maxerr=1.00E-10 time=27.095
After sweep 25 energy=-6.1914267313562705  maxlinkdim=150 maxerr=9.94E-11 time=26.806
After sweep 26 energy=-6.191426731563141  maxlinkdim=150 maxerr=9.92E-11 time=24.929
After sweep 27 energy=-6.191426731572125  maxlinkdim=150 maxerr=9.94E-11 time=25.021
After sweep 28 energy=-6.19142673157613  maxlinkdim=150 maxerr=9.96E-11 time=25.639
After sweep 29 energy=-6.191426731580864  maxlinkdim=150 maxerr=9.97E-11 time=25.980
After sweep 30 energy=-6.191426731585565  maxlinkdim=150 maxerr=9.97E-11 time=25.905
FOUND MU (secant); mu: -2.6461690280438392  n: 0.49999998865288253
Target density achieved with mu=-2.6461690280438392, n=0.49999998865288253
Checking {alpha,beta} vs measured
NOT CONVERGED; updating alpha, beta and continuing...
After sweep 1 energy=-4.822305226935855  maxlinkdim=16 maxerr=7.03E-13 time=1.188
After sweep 2 energy=-5.7868458596792225  maxlinkdim=102 maxerr=1.00E-10 time=4.771
After sweep 3 energy=-5.898119619183925  maxlinkdim=101 maxerr=9.99E-11 time=8.791
After sweep 4 energy=-5.968746129185295  maxlinkdim=109 maxerr=1.00E-10 time=9.364
After sweep 5 energy=-6.02204756796292  maxlinkdim=113 maxerr=1.00E-10 time=9.340
After sweep 6 energy=-6.06026895499139  maxlinkdim=135 maxerr=1.00E-10 time=9.142
After sweep 7 energy=-6.088289054977609  maxlinkdim=127 maxerr=1.00E-10 time=8.728
After sweep 8 energy=-6.110301465767338  maxlinkdim=156 maxerr=9.99E-11 time=8.626
After sweep 9 energy=-6.128400390912529  maxlinkdim=137 maxerr=9.98E-11 time=8.679
After sweep 10 energy=-6.143873730070704  maxlinkdim=158 maxerr=1.00E-10 time=9.399
After sweep 11 energy=-6.155909577530313  maxlinkdim=133 maxerr=9.99E-11 time=10.829
After sweep 12 energy=-6.165734097505732  maxlinkdim=210 maxerr=1.00E-10 time=11.481
After sweep 13 energy=-6.172758115123726  maxlinkdim=167 maxerr=1.00E-10 time=12.530
After sweep 14 energy=-6.176056849155654  maxlinkdim=160 maxerr=1.00E-10 time=14.022
After sweep 15 energy=-6.177217931945336  maxlinkdim=175 maxerr=9.99E-11 time=15.588
After sweep 16 energy=-6.177790035011703  maxlinkdim=210 maxerr=1.00E-10 time=16.707
After sweep 17 energy=-6.178020768295672  maxlinkdim=177 maxerr=1.00E-10 time=20.370
After sweep 18 energy=-6.178074880670509  maxlinkdim=198 maxerr=9.99E-11 time=23.384
After sweep 19 energy=-6.178088336420351  maxlinkdim=200 maxerr=1.00E-10 time=23.693
After sweep 20 energy=-6.1780903057422405  maxlinkdim=197 maxerr=1.00E-10 time=26.083
After sweep 21 energy=-6.178090490359128  maxlinkdim=159 maxerr=1.00E-10 time=30.973
After sweep 22 energy=-6.178090492011709  maxlinkdim=152 maxerr=9.99E-11 time=26.144
After sweep 23 energy=-6.178090492228217  maxlinkdim=152 maxerr=9.99E-11 time=26.425
After sweep 24 energy=-6.178090492325371  maxlinkdim=152 maxerr=9.99E-11 time=25.593
After sweep 25 energy=-6.178090492422667  maxlinkdim=152 maxerr=1.00E-10 time=24.593
After sweep 26 energy=-6.178090492450801  maxlinkdim=152 maxerr=9.98E-11 time=25.875
After sweep 27 energy=-6.178090492554362  maxlinkdim=152 maxerr=9.99E-11 time=30.392
After sweep 28 energy=-6.178090492550755  maxlinkdim=152 maxerr=9.99E-11 time=28.620
After sweep 29 energy=-6.178090492550479  maxlinkdim=152 maxerr=9.99E-11 time=27.083
After sweep 30 energy=-6.178090492551204  maxlinkdim=152 maxerr=1.00E-10 time=28.746
Not same mu, searching again
After sweep 1 energy=-4.325719179046741  maxlinkdim=16 maxerr=7.61E-13 time=1.142
After sweep 2 energy=-5.284287328725852  maxlinkdim=99 maxerr=9.99E-11 time=4.804
After sweep 3 energy=-5.398610805803266  maxlinkdim=99 maxerr=1.00E-10 time=8.358
After sweep 4 energy=-5.466400218764943  maxlinkdim=99 maxerr=1.00E-10 time=8.991
After sweep 5 energy=-5.522051712749775  maxlinkdim=108 maxerr=9.99E-11 time=8.572
After sweep 6 energy=-5.563690374808425  maxlinkdim=117 maxerr=9.98E-11 time=8.906
After sweep 7 energy=-5.592909632960484  maxlinkdim=141 maxerr=9.99E-11 time=8.266
After sweep 8 energy=-5.6157709656226675  maxlinkdim=138 maxerr=9.99E-11 time=8.022
After sweep 9 energy=-5.635116723804307  maxlinkdim=196 maxerr=9.99E-11 time=8.564
After sweep 10 energy=-5.64925679780318  maxlinkdim=168 maxerr=1.00E-10 time=9.014
After sweep 11 energy=-5.660337317216235  maxlinkdim=156 maxerr=1.00E-10 time=9.571
After sweep 12 energy=-5.669133038128259  maxlinkdim=145 maxerr=1.00E-10 time=10.490
After sweep 13 energy=-5.676171401644673  maxlinkdim=178 maxerr=9.99E-11 time=10.735
After sweep 14 energy=-5.679749400132415  maxlinkdim=172 maxerr=9.97E-11 time=11.706
After sweep 15 energy=-5.682133856058463  maxlinkdim=206 maxerr=1.00E-10 time=13.530
After sweep 16 energy=-5.683199914365088  maxlinkdim=170 maxerr=9.99E-11 time=14.417
After sweep 17 energy=-5.6837843818646885  maxlinkdim=149 maxerr=1.00E-10 time=14.571
After sweep 18 energy=-5.684067180013443  maxlinkdim=210 maxerr=1.00E-10 time=16.539
After sweep 19 energy=-5.684289947526402  maxlinkdim=192 maxerr=9.99E-11 time=17.907
After sweep 20 energy=-5.684343987412476  maxlinkdim=182 maxerr=1.00E-10 time=19.786
After sweep 21 energy=-5.684359479694679  maxlinkdim=196 maxerr=1.00E-10 time=21.868
After sweep 22 energy=-5.684363571821631  maxlinkdim=169 maxerr=9.99E-11 time=22.922
After sweep 23 energy=-5.684364539742909  maxlinkdim=158 maxerr=1.00E-10 time=22.770
After sweep 24 energy=-5.684364632334882  maxlinkdim=149 maxerr=1.00E-10 time=23.037
After sweep 25 energy=-5.684364632124195  maxlinkdim=147 maxerr=1.00E-10 time=21.227
After sweep 26 energy=-5.684364632188036  maxlinkdim=147 maxerr=1.00E-10 time=20.613
After sweep 27 energy=-5.684364632290869  maxlinkdim=147 maxerr=9.99E-11 time=21.044
After sweep 28 energy=-5.684364632239461  maxlinkdim=147 maxerr=1.00E-10 time=23.088
After sweep 29 energy=-5.684364632237939  maxlinkdim=147 maxerr=1.00E-10 time=22.951
After sweep 30 energy=-5.684364632380813  maxlinkdim=147 maxerr=1.00E-10 time=22.409
n0: 0.4872235424684355; n1: 0.5001530406444898; mu0: -2.656169028043839; mu1: -2.6461690280438392

Range found between mu0: -2.656169028043839 (n0: 0.4872235424684355) and mu1: -2.6461690280438392 (n1: 0.5001530406444898); refining...
n0: 0.4872235424684355; n1: 0.5001530406444898; mu0: -2.656169028043839; mu1: -2.6461690280438392
Trying secant step...
After sweep 1 energy=-4.816423728653136  maxlinkdim=16 maxerr=7.04E-13 time=1.173
After sweep 2 energy=-5.7808412564644565  maxlinkdim=102 maxerr=9.99E-11 time=4.960
After sweep 3 energy=-5.892265014096922  maxlinkdim=101 maxerr=1.00E-10 time=8.839
After sweep 4 energy=-5.964806415147884  maxlinkdim=128 maxerr=9.99E-11 time=9.393
After sweep 5 energy=-6.0185700822042305  maxlinkdim=186 maxerr=9.99E-11 time=10.081
After sweep 6 energy=-6.055193995141647  maxlinkdim=142 maxerr=9.99E-11 time=10.240
After sweep 7 energy=-6.084487947113705  maxlinkdim=182 maxerr=9.99E-11 time=9.174
After sweep 8 energy=-6.10966002444397  maxlinkdim=225 maxerr=9.98E-11 time=10.545
After sweep 9 energy=-6.1291715042397765  maxlinkdim=202 maxerr=1.00E-10 time=11.256
After sweep 10 energy=-6.143508350360289  maxlinkdim=184 maxerr=1.00E-10 time=11.719
After sweep 11 energy=-6.153746621931979  maxlinkdim=191 maxerr=9.99E-11 time=12.400
After sweep 12 energy=-6.1613235851147845  maxlinkdim=159 maxerr=9.99E-11 time=13.662
After sweep 13 energy=-6.165820095028872  maxlinkdim=160 maxerr=1.00E-10 time=14.220
After sweep 14 energy=-6.168728460696782  maxlinkdim=205 maxerr=1.00E-10 time=14.212
After sweep 15 energy=-6.170311225064764  maxlinkdim=193 maxerr=9.99E-11 time=15.598
After sweep 16 energy=-6.171215041981325  maxlinkdim=185 maxerr=9.99E-11 time=17.771
After sweep 17 energy=-6.171679294254131  maxlinkdim=197 maxerr=1.00E-10 time=18.158
After sweep 18 energy=-6.171991323674571  maxlinkdim=186 maxerr=1.00E-10 time=18.873
After sweep 19 energy=-6.172141829436312  maxlinkdim=183 maxerr=1.00E-10 time=21.276
After sweep 20 energy=-6.172165813695695  maxlinkdim=173 maxerr=1.00E-10 time=23.749
After sweep 21 energy=-6.17217033905563  maxlinkdim=170 maxerr=1.00E-10 time=26.502
After sweep 22 energy=-6.172171214132983  maxlinkdim=162 maxerr=1.00E-10 time=28.744
After sweep 23 energy=-6.172171296316115  maxlinkdim=153 maxerr=1.00E-10 time=31.085
After sweep 24 energy=-6.172171296053299  maxlinkdim=153 maxerr=1.00E-10 time=25.809
After sweep 25 energy=-6.17217129644127  maxlinkdim=153 maxerr=9.98E-11 time=26.513
After sweep 26 energy=-6.172171296444677  maxlinkdim=153 maxerr=1.00E-10 time=23.336
After sweep 27 energy=-6.17217129647374  maxlinkdim=153 maxerr=9.98E-11 time=28.335
After sweep 28 energy=-6.17217129647111  maxlinkdim=153 maxerr=9.98E-11 time=27.509
After sweep 29 energy=-6.172171296470642  maxlinkdim=153 maxerr=9.99E-11 time=28.438
After sweep 30 energy=-6.172171296470686  maxlinkdim=153 maxerr=9.99E-11 time=28.129
FOUND MU (secant); mu: -2.646287393538312  n: 0.5000025994874138
Target density achieved with mu=-2.646287393538312, n=0.5000025994874138
Checking {alpha,beta} vs measured
NOT CONVERGED; updating alpha, beta and continuing...
After sweep 1 energy=-4.81483973377828  maxlinkdim=16 maxerr=6.27E-13 time=1.266
After sweep 2 energy=-5.7819361925401145  maxlinkdim=100 maxerr=9.98E-11 time=5.334
After sweep 3 energy=-5.894005761727378  maxlinkdim=118 maxerr=9.99E-11 time=9.658
After sweep 4 energy=-5.962462913560218  maxlinkdim=118 maxerr=1.00E-10 time=10.178
After sweep 5 energy=-6.0162075497023695  maxlinkdim=116 maxerr=1.00E-10 time=10.917
After sweep 6 energy=-6.052715272762436  maxlinkdim=138 maxerr=1.00E-10 time=9.520
After sweep 7 energy=-6.081216512967248  maxlinkdim=186 maxerr=1.00E-10 time=9.191
After sweep 8 energy=-6.107129729410666  maxlinkdim=186 maxerr=1.00E-10 time=9.547
After sweep 9 energy=-6.130138872489233  maxlinkdim=201 maxerr=1.00E-10 time=11.906
After sweep 10 energy=-6.143766613877069  maxlinkdim=202 maxerr=1.00E-10 time=13.919
After sweep 11 energy=-6.151867224801819  maxlinkdim=240 maxerr=1.00E-10 time=13.726
After sweep 12 energy=-6.157279017550967  maxlinkdim=196 maxerr=9.99E-11 time=12.645
After sweep 13 energy=-6.160931834998608  maxlinkdim=204 maxerr=9.99E-11 time=12.670
After sweep 14 energy=-6.163899439555854  maxlinkdim=182 maxerr=1.00E-10 time=11.948
After sweep 15 energy=-6.166043412905258  maxlinkdim=210 maxerr=9.99E-11 time=14.349
After sweep 16 energy=-6.16785044760911  maxlinkdim=194 maxerr=9.99E-11 time=17.783
After sweep 17 energy=-6.168761276746242  maxlinkdim=243 maxerr=1.00E-10 time=20.250
After sweep 18 energy=-6.169069487477959  maxlinkdim=214 maxerr=1.00E-10 time=20.213
After sweep 19 energy=-6.169159964125996  maxlinkdim=193 maxerr=1.00E-10 time=20.746
After sweep 20 energy=-6.169189477251385  maxlinkdim=190 maxerr=1.00E-10 time=25.908
After sweep 21 energy=-6.169192823134036  maxlinkdim=180 maxerr=1.00E-10 time=27.377
After sweep 22 energy=-6.169193267372141  maxlinkdim=162 maxerr=1.00E-10 time=29.097
After sweep 23 energy=-6.169193277377671  maxlinkdim=153 maxerr=1.00E-10 time=30.033
After sweep 24 energy=-6.169193276953219  maxlinkdim=153 maxerr=9.98E-11 time=27.828
After sweep 25 energy=-6.169193277090759  maxlinkdim=153 maxerr=9.99E-11 time=27.085
After sweep 26 energy=-6.169193277157945  maxlinkdim=153 maxerr=1.00E-10 time=28.733
After sweep 27 energy=-6.169193277184698  maxlinkdim=153 maxerr=9.99E-11 time=27.946
After sweep 28 energy=-6.169193277182439  maxlinkdim=153 maxerr=9.99E-11 time=25.841
After sweep 29 energy=-6.169193277181829  maxlinkdim=153 maxerr=9.99E-11 time=29.794
After sweep 30 energy=-6.169193277181661  maxlinkdim=153 maxerr=9.99E-11 time=26.463
Not same mu, searching again
After sweep 1 energy=-4.318185109955482  maxlinkdim=16 maxerr=6.79E-13 time=1.289
After sweep 2 energy=-5.278311358635371  maxlinkdim=99 maxerr=9.98E-11 time=5.080
After sweep 3 energy=-5.393903789339082  maxlinkdim=101 maxerr=9.98E-11 time=8.827
After sweep 4 energy=-5.463442422893807  maxlinkdim=103 maxerr=1.00E-10 time=9.565
After sweep 5 energy=-5.516845970439157  maxlinkdim=99 maxerr=9.99E-11 time=9.535
After sweep 6 energy=-5.559998684898663  maxlinkdim=150 maxerr=1.00E-10 time=9.978
After sweep 7 energy=-5.589534148552682  maxlinkdim=156 maxerr=1.00E-10 time=9.479
After sweep 8 energy=-5.611427448568944  maxlinkdim=172 maxerr=9.98E-11 time=9.368
After sweep 9 energy=-5.632691138075698  maxlinkdim=172 maxerr=1.00E-10 time=9.803
After sweep 10 energy=-5.650802142029104  maxlinkdim=145 maxerr=9.99E-11 time=11.693
After sweep 11 energy=-5.663454603164704  maxlinkdim=156 maxerr=1.00E-10 time=12.569
After sweep 12 energy=-5.668030608394785  maxlinkdim=212 maxerr=9.99E-11 time=12.886
After sweep 13 energy=-5.6709943873893724  maxlinkdim=246 maxerr=9.98E-11 time=13.509
After sweep 14 energy=-5.672824570859524  maxlinkdim=221 maxerr=1.00E-10 time=12.084
After sweep 15 energy=-5.674291854426083  maxlinkdim=193 maxerr=1.00E-10 time=14.054
After sweep 16 energy=-5.675026548451781  maxlinkdim=187 maxerr=1.00E-10 time=15.065
After sweep 17 energy=-5.675310400541221  maxlinkdim=200 maxerr=9.99E-11 time=15.923
After sweep 18 energy=-5.675458061584059  maxlinkdim=181 maxerr=9.99E-11 time=17.974
After sweep 19 energy=-5.675532576160654  maxlinkdim=187 maxerr=1.00E-10 time=22.010
After sweep 20 energy=-5.675568386650776  maxlinkdim=179 maxerr=1.00E-10 time=22.461
After sweep 21 energy=-5.6755840664936965  maxlinkdim=179 maxerr=1.00E-10 time=22.912
After sweep 22 energy=-5.675585987837799  maxlinkdim=171 maxerr=1.00E-10 time=25.229
After sweep 23 energy=-5.675586218620379  maxlinkdim=156 maxerr=1.00E-10 time=26.065
After sweep 24 energy=-5.675586226428135  maxlinkdim=147 maxerr=9.99E-11 time=23.266
After sweep 25 energy=-5.675586226554801  maxlinkdim=147 maxerr=1.00E-10 time=21.741
After sweep 26 energy=-5.675586226697989  maxlinkdim=147 maxerr=9.98E-11 time=22.708
After sweep 27 energy=-5.6755862267053665  maxlinkdim=147 maxerr=1.00E-10 time=24.510
After sweep 28 energy=-5.675586226704189  maxlinkdim=147 maxerr=1.00E-10 time=23.085
After sweep 29 energy=-5.6755862267036115  maxlinkdim=147 maxerr=9.90E-11 time=22.196
After sweep 30 energy=-5.675586226703684  maxlinkdim=147 maxerr=9.91E-11 time=21.299
n0: 0.4871010707042464; n1: 0.5000378467290215; mu0: -2.656287393538312; mu1: -2.646287393538312

Range found between mu0: -2.656287393538312 (n0: 0.4871010707042464) and mu1: -2.646287393538312 (n1: 0.5000378467290215); refining...
n0: 0.4871010707042464; n1: 0.5000378467290215; mu0: -2.656287393538312; mu1: -2.646287393538312
Trying secant step...
After sweep 1 energy=-4.813385727061805  maxlinkdim=16 maxerr=6.27E-13 time=1.213
After sweep 2 energy=-5.780461547002942  maxlinkdim=100 maxerr=9.98E-11 time=4.890
After sweep 3 energy=-5.892517017532026  maxlinkdim=118 maxerr=1.00E-10 time=8.866
After sweep 4 energy=-5.960920013378434  maxlinkdim=117 maxerr=1.00E-10 time=9.580
After sweep 5 energy=-6.014447652352653  maxlinkdim=120 maxerr=1.00E-10 time=9.737
After sweep 6 energy=-6.0541652554209575  maxlinkdim=145 maxerr=9.99E-11 time=9.661
After sweep 7 energy=-6.0843658536672915  maxlinkdim=139 maxerr=1.00E-10 time=9.992
After sweep 8 energy=-6.1073253196768755  maxlinkdim=136 maxerr=9.99E-11 time=9.803
After sweep 9 energy=-6.126715444074864  maxlinkdim=175 maxerr=1.00E-10 time=10.451
After sweep 10 energy=-6.142335484035574  maxlinkdim=152 maxerr=9.98E-11 time=11.755
After sweep 11 energy=-6.151817847596993  maxlinkdim=180 maxerr=9.98E-11 time=11.770
After sweep 12 energy=-6.158001084281823  maxlinkdim=219 maxerr=1.00E-10 time=12.982
After sweep 13 energy=-6.163470694267807  maxlinkdim=208 maxerr=9.98E-11 time=16.008
After sweep 14 energy=-6.1659187707484095  maxlinkdim=194 maxerr=1.00E-10 time=15.642
After sweep 15 energy=-6.166878573922541  maxlinkdim=181 maxerr=9.99E-11 time=18.571
After sweep 16 energy=-6.1672996316136  maxlinkdim=242 maxerr=9.97E-11 time=19.484
After sweep 17 energy=-6.1675721615980725  maxlinkdim=195 maxerr=9.99E-11 time=18.630
After sweep 18 energy=-6.167668211681707  maxlinkdim=217 maxerr=1.00E-10 time=21.008
After sweep 19 energy=-6.16770923014738  maxlinkdim=198 maxerr=1.00E-10 time=23.025
After sweep 20 energy=-6.1677265198117075  maxlinkdim=212 maxerr=1.00E-10 time=25.597
After sweep 21 energy=-6.167730084024705  maxlinkdim=194 maxerr=1.00E-10 time=27.751
After sweep 22 energy=-6.167730452025839  maxlinkdim=161 maxerr=9.99E-11 time=30.789
After sweep 23 energy=-6.16773046339393  maxlinkdim=153 maxerr=1.00E-10 time=32.272
After sweep 24 energy=-6.167730463141232  maxlinkdim=153 maxerr=1.00E-10 time=34.361
After sweep 25 energy=-6.167730463274815  maxlinkdim=153 maxerr=9.99E-11 time=28.596
After sweep 26 energy=-6.167730463268915  maxlinkdim=153 maxerr=9.99E-11 time=27.962
After sweep 27 energy=-6.167730463297316  maxlinkdim=153 maxerr=1.00E-10 time=28.190
After sweep 28 energy=-6.167730463293351  maxlinkdim=153 maxerr=1.00E-10 time=27.879
After sweep 29 energy=-6.167730463306802  maxlinkdim=153 maxerr=1.00E-10 time=27.343
After sweep 30 energy=-6.1677304633353405  maxlinkdim=153 maxerr=1.00E-10 time=27.296
FOUND MU (secant); mu: -2.6463166486857688  n: 0.5000006485610011
Target density achieved with mu=-2.6463166486857688, n=0.5000006485610011
Checking {alpha,beta} vs measured
NOT CONVERGED; updating alpha, beta and continuing...
After sweep 1 energy=-4.813013452113027  maxlinkdim=16 maxerr=6.07E-13 time=1.195
After sweep 2 energy=-5.780519416961062  maxlinkdim=101 maxerr=9.96E-11 time=5.179
After sweep 3 energy=-5.89298458316598  maxlinkdim=119 maxerr=9.99E-11 time=9.242
After sweep 4 energy=-5.962557182018113  maxlinkdim=114 maxerr=9.97E-11 time=10.184
After sweep 5 energy=-6.01739365387642  maxlinkdim=144 maxerr=9.99E-11 time=10.321
After sweep 6 energy=-6.055830228791657  maxlinkdim=117 maxerr=1.00E-10 time=10.222
After sweep 7 energy=-6.084441927657133  maxlinkdim=139 maxerr=9.99E-11 time=10.273
After sweep 8 energy=-6.10792448482049  maxlinkdim=180 maxerr=9.99E-11 time=10.126
After sweep 9 energy=-6.12744072870129  maxlinkdim=146 maxerr=9.99E-11 time=11.152
After sweep 10 energy=-6.144310490804872  maxlinkdim=224 maxerr=9.99E-11 time=13.508
After sweep 11 energy=-6.151309762919257  maxlinkdim=223 maxerr=9.99E-11 time=13.730
After sweep 12 energy=-6.156565915005697  maxlinkdim=190 maxerr=9.99E-11 time=11.911
After sweep 13 energy=-6.161422301816798  maxlinkdim=230 maxerr=9.97E-11 time=16.570
After sweep 14 energy=-6.164289921673428  maxlinkdim=189 maxerr=9.99E-11 time=15.532
After sweep 15 energy=-6.165529428679691  maxlinkdim=176 maxerr=1.00E-10 time=16.547
After sweep 16 energy=-6.166179572622932  maxlinkdim=213 maxerr=1.00E-10 time=16.038
After sweep 17 energy=-6.1666628631645635  maxlinkdim=205 maxerr=1.00E-10 time=20.471
After sweep 18 energy=-6.1669287706133415  maxlinkdim=192 maxerr=1.00E-10 time=19.997
After sweep 19 energy=-6.166994219255666  maxlinkdim=219 maxerr=9.99E-11 time=23.948
After sweep 20 energy=-6.167019836977928  maxlinkdim=172 maxerr=1.00E-10 time=26.291
After sweep 21 energy=-6.167021966660651  maxlinkdim=168 maxerr=1.00E-10 time=26.056
After sweep 22 energy=-6.167022158282103  maxlinkdim=161 maxerr=1.00E-10 time=30.357
After sweep 23 energy=-6.167022161234599  maxlinkdim=153 maxerr=1.00E-10 time=27.644
After sweep 24 energy=-6.167022161111985  maxlinkdim=153 maxerr=9.99E-11 time=25.117
After sweep 25 energy=-6.167022161174202  maxlinkdim=153 maxerr=9.99E-11 time=24.932
After sweep 26 energy=-6.1670221612770995  maxlinkdim=153 maxerr=1.00E-10 time=27.083
After sweep 27 energy=-6.167022161372028  maxlinkdim=153 maxerr=1.00E-10 time=24.978
After sweep 28 energy=-6.167022161369223  maxlinkdim=153 maxerr=9.98E-11 time=24.914
After sweep 29 energy=-6.167022161369872  maxlinkdim=153 maxerr=9.98E-11 time=27.943
After sweep 30 energy=-6.167022161371047  maxlinkdim=153 maxerr=9.98E-11 time=27.677
Not same mu, searching again
After sweep 1 energy=-4.316339022657741  maxlinkdim=16 maxerr=6.57E-13 time=1.231
After sweep 2 energy=-5.27708349628595  maxlinkdim=100 maxerr=1.00E-10 time=5.097
After sweep 3 energy=-5.39169672501905  maxlinkdim=102 maxerr=1.00E-10 time=8.765
After sweep 4 energy=-5.461184844762618  maxlinkdim=107 maxerr=9.99E-11 time=9.391
After sweep 5 energy=-5.514208157494712  maxlinkdim=98 maxerr=9.97E-11 time=9.486
After sweep 6 energy=-5.554554204802704  maxlinkdim=131 maxerr=1.00E-10 time=9.416
After sweep 7 energy=-5.5868001651495005  maxlinkdim=175 maxerr=9.99E-11 time=9.351
After sweep 8 energy=-5.614554614375051  maxlinkdim=168 maxerr=9.99E-11 time=10.000
After sweep 9 energy=-5.635087851990901  maxlinkdim=182 maxerr=9.99E-11 time=11.080
After sweep 10 energy=-5.648427858558641  maxlinkdim=149 maxerr=1.00E-10 time=11.019
After sweep 11 energy=-5.660002982697514  maxlinkdim=193 maxerr=9.99E-11 time=11.781
After sweep 12 energy=-5.665905011777126  maxlinkdim=221 maxerr=9.99E-11 time=13.589
After sweep 13 energy=-5.669101970128045  maxlinkdim=186 maxerr=1.00E-10 time=13.251
After sweep 14 energy=-5.671059553464602  maxlinkdim=213 maxerr=9.99E-11 time=14.941
After sweep 15 energy=-5.672118322523372  maxlinkdim=176 maxerr=1.00E-10 time=15.503
After sweep 16 energy=-5.672826354528727  maxlinkdim=205 maxerr=1.00E-10 time=15.582
After sweep 17 energy=-5.673115538683608  maxlinkdim=181 maxerr=1.00E-10 time=17.813
After sweep 18 energy=-5.673277983678069  maxlinkdim=197 maxerr=1.00E-10 time=18.413
After sweep 19 energy=-5.673380004001423  maxlinkdim=191 maxerr=9.98E-11 time=19.287
After sweep 20 energy=-5.6734227163330875  maxlinkdim=166 maxerr=1.00E-10 time=28.083
After sweep 21 energy=-5.673438011434961  maxlinkdim=177 maxerr=9.99E-11 time=21.928
After sweep 22 energy=-5.673443962009589  maxlinkdim=170 maxerr=9.99E-11 time=23.909
After sweep 23 energy=-5.673444582450487  maxlinkdim=158 maxerr=9.99E-11 time=26.426
After sweep 24 energy=-5.673444610603601  maxlinkdim=148 maxerr=1.00E-10 time=24.216
After sweep 25 energy=-5.67344461024766  maxlinkdim=148 maxerr=1.00E-10 time=20.682
After sweep 26 energy=-5.673444610298233  maxlinkdim=148 maxerr=1.00E-10 time=20.580
After sweep 27 energy=-5.673444610269288  maxlinkdim=148 maxerr=1.00E-10 time=21.271
After sweep 28 energy=-5.673444610283338  maxlinkdim=148 maxerr=9.93E-11 time=20.167
After sweep 29 energy=-5.6734446102958485  maxlinkdim=148 maxerr=9.94E-11 time=19.163
After sweep 30 energy=-5.673444610302743  maxlinkdim=148 maxerr=9.94E-11 time=19.234
n0: 0.4870706313012898; n1: 0.5000092761697617; mu0: -2.6563166486857686; mu1: -2.6463166486857688

Range found between mu0: -2.6563166486857686 (n0: 0.4870706313012898) and mu1: -2.6463166486857688 (n1: 0.5000092761697617); refining...
n0: 0.4870706313012898; n1: 0.5000092761697617; mu0: -2.6563166486857686; mu1: -2.6463166486857688
Trying secant step...
After sweep 1 energy=-4.812657108236525  maxlinkdim=16 maxerr=6.07E-13 time=1.280
After sweep 2 energy=-5.7801584968597375  maxlinkdim=101 maxerr=9.96E-11 time=4.887
After sweep 3 energy=-5.89262103601151  maxlinkdim=119 maxerr=9.99E-11 time=8.587
After sweep 4 energy=-5.962192713676372  maxlinkdim=114 maxerr=9.99E-11 time=9.546
After sweep 5 energy=-6.016815267099563  maxlinkdim=146 maxerr=9.99E-11 time=9.685
After sweep 6 energy=-6.0549552734964935  maxlinkdim=114 maxerr=1.00E-10 time=9.481
After sweep 7 energy=-6.08423786658658  maxlinkdim=118 maxerr=1.00E-10 time=9.728
After sweep 8 energy=-6.10864307049213  maxlinkdim=161 maxerr=9.99E-11 time=9.740
After sweep 9 energy=-6.128045417382673  maxlinkdim=188 maxerr=1.00E-10 time=10.638
After sweep 10 energy=-6.144529246765976  maxlinkdim=203 maxerr=9.99E-11 time=11.985
After sweep 11 energy=-6.1534910294381  maxlinkdim=138 maxerr=1.00E-10 time=14.543
After sweep 12 energy=-6.15787347137176  maxlinkdim=216 maxerr=9.98E-11 time=13.565
After sweep 13 energy=-6.161121339791166  maxlinkdim=164 maxerr=1.00E-10 time=12.588
After sweep 14 energy=-6.163897507081162  maxlinkdim=217 maxerr=1.00E-10 time=14.884
After sweep 15 energy=-6.164991627624864  maxlinkdim=192 maxerr=9.98E-11 time=15.101
After sweep 16 energy=-6.165877440083379  maxlinkdim=202 maxerr=1.00E-10 time=17.114
After sweep 17 energy=-6.1662939294131665  maxlinkdim=180 maxerr=1.00E-10 time=18.626
After sweep 18 energy=-6.1664794634149125  maxlinkdim=200 maxerr=1.00E-10 time=18.267
After sweep 19 energy=-6.166616197333749  maxlinkdim=206 maxerr=1.00E-10 time=21.571
After sweep 20 energy=-6.166660269779075  maxlinkdim=206 maxerr=9.98E-11 time=28.680
After sweep 21 energy=-6.166663378688276  maxlinkdim=179 maxerr=1.00E-10 time=27.093
After sweep 22 energy=-6.166663679898351  maxlinkdim=163 maxerr=1.00E-10 time=26.399
After sweep 23 energy=-6.166663690672313  maxlinkdim=153 maxerr=1.00E-10 time=28.301
After sweep 24 energy=-6.166663690384948  maxlinkdim=153 maxerr=9.99E-11 time=26.708
After sweep 25 energy=-6.166663690786673  maxlinkdim=153 maxerr=1.00E-10 time=27.494
After sweep 26 energy=-6.166663690843638  maxlinkdim=153 maxerr=9.99E-11 time=27.719
After sweep 27 energy=-6.166663690978584  maxlinkdim=153 maxerr=1.00E-10 time=27.003
After sweep 28 energy=-6.1666636909697985  maxlinkdim=153 maxerr=9.98E-11 time=26.280
After sweep 29 energy=-6.166663690967855  maxlinkdim=153 maxerr=9.99E-11 time=25.127
After sweep 30 energy=-6.166663690967912  maxlinkdim=153 maxerr=9.99E-11 time=24.776
FOUND MU (secant); mu: -2.646323818037626  n: 0.5000001593513553
Target density achieved with mu=-2.646323818037626, n=0.5000001593513553
Checking {alpha,beta} vs measured
NOT CONVERGED; updating alpha, beta and continuing...
After sweep 1 energy=-4.812566258919259  maxlinkdim=16 maxerr=6.02E-13 time=1.242
After sweep 2 energy=-5.780134152276431  maxlinkdim=101 maxerr=1.00E-10 time=4.978
After sweep 3 energy=-5.892640372648735  maxlinkdim=119 maxerr=1.00E-10 time=8.710
After sweep 4 energy=-5.962221654783308  maxlinkdim=115 maxerr=1.00E-10 time=9.757
After sweep 5 energy=-6.017987960267905  maxlinkdim=145 maxerr=1.00E-10 time=9.732
After sweep 6 energy=-6.054695732122593  maxlinkdim=106 maxerr=9.97E-11 time=9.834
After sweep 7 energy=-6.080104488375941  maxlinkdim=102 maxerr=9.98E-11 time=9.307
After sweep 8 energy=-6.103783114542589  maxlinkdim=189 maxerr=9.99E-11 time=9.129
After sweep 9 energy=-6.125282082355978  maxlinkdim=178 maxerr=1.00E-10 time=10.272
After sweep 10 energy=-6.141066963340448  maxlinkdim=175 maxerr=9.99E-11 time=11.742
After sweep 11 energy=-6.149907548055171  maxlinkdim=204 maxerr=9.99E-11 time=12.854
After sweep 12 energy=-6.156213762761801  maxlinkdim=195 maxerr=9.99E-11 time=11.995
After sweep 13 energy=-6.159849820594948  maxlinkdim=222 maxerr=1.00E-10 time=12.919
After sweep 14 energy=-6.162384000913972  maxlinkdim=211 maxerr=1.00E-10 time=12.594
After sweep 15 energy=-6.164320061366244  maxlinkdim=215 maxerr=9.99E-11 time=15.817
After sweep 16 energy=-6.165619168195562  maxlinkdim=220 maxerr=1.00E-10 time=16.789
After sweep 17 energy=-6.166032517352509  maxlinkdim=195 maxerr=1.00E-10 time=17.167
After sweep 18 energy=-6.166292391200597  maxlinkdim=212 maxerr=1.00E-10 time=17.216
After sweep 19 energy=-6.166444045522147  maxlinkdim=204 maxerr=1.00E-10 time=23.196
After sweep 20 energy=-6.1664756059904  maxlinkdim=223 maxerr=1.00E-10 time=22.932
After sweep 21 energy=-6.166485924502366  maxlinkdim=181 maxerr=1.00E-10 time=24.124
After sweep 22 energy=-6.166488874846952  maxlinkdim=179 maxerr=1.00E-10 time=26.083
After sweep 23 energy=-6.166489210543263  maxlinkdim=167 maxerr=1.00E-10 time=29.066
After sweep 24 energy=-6.166489224133389  maxlinkdim=153 maxerr=1.00E-10 time=24.876
After sweep 25 energy=-6.166489223715736  maxlinkdim=153 maxerr=1.00E-10 time=24.995
After sweep 26 energy=-6.166489223894883  maxlinkdim=153 maxerr=1.00E-10 time=25.270
After sweep 27 energy=-6.166489223997396  maxlinkdim=153 maxerr=9.99E-11 time=29.151
After sweep 28 energy=-6.166489224056814  maxlinkdim=153 maxerr=9.99E-11 time=29.417
After sweep 29 energy=-6.16648922405288  maxlinkdim=153 maxerr=1.00E-10 time=26.864
After sweep 30 energy=-6.1664892240537  maxlinkdim=153 maxerr=9.99E-11 time=25.934
Same mu: -2.646323818037626 and continuing
Target density achieved with mu=-2.646323818037626, n=0.500002316081053
Checking {alpha,beta} vs measured
NOT CONVERGED; updating alpha, beta and continuing...
After sweep 1 energy=-4.812541915930066  maxlinkdim=16 maxerr=6.01E-13 time=1.239
After sweep 2 energy=-5.7801226059703374  maxlinkdim=101 maxerr=9.97E-11 time=4.921
After sweep 3 energy=-5.892641284182292  maxlinkdim=119 maxerr=9.99E-11 time=8.619
After sweep 4 energy=-5.962299359479591  maxlinkdim=116 maxerr=9.98E-11 time=9.683
After sweep 5 energy=-6.018233643322539  maxlinkdim=148 maxerr=9.99E-11 time=9.742
After sweep 6 energy=-6.0556263939538555  maxlinkdim=107 maxerr=1.00E-10 time=9.742
After sweep 7 energy=-6.087744954075471  maxlinkdim=182 maxerr=9.99E-11 time=9.641
After sweep 8 energy=-6.111048583793645  maxlinkdim=209 maxerr=9.99E-11 time=11.204
After sweep 9 energy=-6.129079639520575  maxlinkdim=172 maxerr=1.00E-10 time=10.911
After sweep 10 energy=-6.141749548112054  maxlinkdim=200 maxerr=1.00E-10 time=12.781
After sweep 11 energy=-6.149749151206017  maxlinkdim=218 maxerr=1.00E-10 time=11.953
After sweep 12 energy=-6.155487066383275  maxlinkdim=199 maxerr=1.00E-10 time=13.864
After sweep 13 energy=-6.161087504031695  maxlinkdim=197 maxerr=1.00E-10 time=14.156
After sweep 14 energy=-6.164044335104845  maxlinkdim=183 maxerr=9.99E-11 time=15.391
After sweep 15 energy=-6.165038232045856  maxlinkdim=162 maxerr=1.00E-10 time=15.947
After sweep 16 energy=-6.165704306068319  maxlinkdim=162 maxerr=1.00E-10 time=16.330
After sweep 17 energy=-6.166156782369412  maxlinkdim=196 maxerr=1.00E-10 time=19.618
After sweep 18 energy=-6.166382882839012  maxlinkdim=208 maxerr=1.00E-10 time=20.292
After sweep 19 energy=-6.166433752996815  maxlinkdim=197 maxerr=9.99E-11 time=22.249
After sweep 20 energy=-6.166442285744011  maxlinkdim=202 maxerr=1.00E-10 time=27.585
After sweep 21 energy=-6.166443434048841  maxlinkdim=178 maxerr=1.00E-10 time=27.513
After sweep 22 energy=-6.166443513560047  maxlinkdim=153 maxerr=1.00E-10 time=31.432
After sweep 23 energy=-6.16644351292631  maxlinkdim=153 maxerr=1.00E-10 time=28.266
After sweep 24 energy=-6.1664435130114885  maxlinkdim=153 maxerr=1.00E-10 time=27.766
After sweep 25 energy=-6.166443513139642  maxlinkdim=153 maxerr=1.00E-10 time=25.950
After sweep 26 energy=-6.166443513408771  maxlinkdim=153 maxerr=9.99E-11 time=26.174
After sweep 27 energy=-6.166443513402672  maxlinkdim=153 maxerr=9.99E-11 time=28.974
After sweep 28 energy=-6.166443513369922  maxlinkdim=153 maxerr=1.00E-10 time=26.793
After sweep 29 energy=-6.166443513405424  maxlinkdim=153 maxerr=1.00E-10 time=26.714
After sweep 30 energy=-6.16644351344021  maxlinkdim=153 maxerr=1.00E-10 time=28.309
Same mu: -2.646323818037626 and continuing
Target density achieved with mu=-2.646323818037626, n=0.5000028335736953
Checking {alpha,beta} vs measured
NOT CONVERGED; updating alpha, beta and continuing...
After sweep 1 energy=-4.812535707007244  maxlinkdim=16 maxerr=6.00E-13 time=1.227
After sweep 2 energy=-5.7801186222710506  maxlinkdim=101 maxerr=9.97E-11 time=5.367
After sweep 3 energy=-5.892638373362976  maxlinkdim=119 maxerr=1.00E-10 time=9.840
After sweep 4 energy=-5.962264916470922  maxlinkdim=116 maxerr=1.00E-10 time=11.011
After sweep 5 energy=-6.0182829858766675  maxlinkdim=146 maxerr=9.99E-11 time=11.148
After sweep 6 energy=-6.0542486137919065  maxlinkdim=106 maxerr=1.00E-10 time=10.757
After sweep 7 energy=-6.080885386645635  maxlinkdim=103 maxerr=1.00E-10 time=10.145
After sweep 8 energy=-6.103621806985893  maxlinkdim=128 maxerr=9.97E-11 time=9.554
After sweep 9 energy=-6.123530915847314  maxlinkdim=163 maxerr=1.00E-10 time=9.814
After sweep 10 energy=-6.137749770664205  maxlinkdim=140 maxerr=1.00E-10 time=11.128
After sweep 11 energy=-6.148097745524696  maxlinkdim=210 maxerr=1.00E-10 time=13.303
After sweep 12 energy=-6.156482761728598  maxlinkdim=212 maxerr=1.00E-10 time=14.541
After sweep 13 energy=-6.159800207735573  maxlinkdim=156 maxerr=1.00E-10 time=14.861
After sweep 14 energy=-6.161957266865791  maxlinkdim=142 maxerr=9.99E-11 time=12.149
After sweep 15 energy=-6.163646531477047  maxlinkdim=213 maxerr=1.00E-10 time=14.053
After sweep 16 energy=-6.1649234666521115  maxlinkdim=226 maxerr=1.00E-10 time=18.737
After sweep 17 energy=-6.165652548756828  maxlinkdim=244 maxerr=1.00E-10 time=18.845
After sweep 18 energy=-6.166011382344131  maxlinkdim=180 maxerr=1.00E-10 time=18.397
After sweep 19 energy=-6.1662536286056815  maxlinkdim=205 maxerr=1.00E-10 time=21.063
After sweep 20 energy=-6.166379549925148  maxlinkdim=181 maxerr=1.00E-10 time=21.996
After sweep 21 energy=-6.1664160314910665  maxlinkdim=173 maxerr=1.00E-10 time=23.310
After sweep 22 energy=-6.166429610295664  maxlinkdim=194 maxerr=1.00E-10 time=26.693
After sweep 23 energy=-6.1664314473697335  maxlinkdim=199 maxerr=9.99E-11 time=35.517
After sweep 24 energy=-6.166431705776471  maxlinkdim=162 maxerr=1.00E-10 time=35.040
After sweep 25 energy=-6.1664317187618485  maxlinkdim=153 maxerr=1.00E-10 time=28.002
After sweep 26 energy=-6.166431718741847  maxlinkdim=153 maxerr=9.99E-11 time=26.533
After sweep 27 energy=-6.166431718881056  maxlinkdim=153 maxerr=1.00E-10 time=26.922
After sweep 28 energy=-6.166431718946372  maxlinkdim=153 maxerr=9.99E-11 time=27.452
After sweep 29 energy=-6.1664317189403715  maxlinkdim=153 maxerr=9.99E-11 time=27.943
After sweep 30 energy=-6.166431718938555  maxlinkdim=153 maxerr=1.00E-10 time=26.482
Same mu: -2.646323818037626 and continuing
Target density achieved with mu=-2.646323818037626, n=0.5000029707046634
Checking {alpha,beta} vs measured
NOT CONVERGED; updating alpha, beta and continuing...
After sweep 1 energy=-4.812534087985057  maxlinkdim=16 maxerr=6.00E-13 time=1.273
After sweep 2 energy=-5.7801173635728516  maxlinkdim=101 maxerr=9.97E-11 time=5.140
After sweep 3 energy=-5.892637142511572  maxlinkdim=119 maxerr=1.00E-10 time=8.918
After sweep 4 energy=-5.9622505330072375  maxlinkdim=116 maxerr=1.00E-10 time=9.838
After sweep 5 energy=-6.018291382307084  maxlinkdim=146 maxerr=1.00E-10 time=9.874
After sweep 6 energy=-6.054121122773682  maxlinkdim=106 maxerr=9.99E-11 time=9.839
After sweep 7 energy=-6.081100050766514  maxlinkdim=108 maxerr=1.00E-10 time=9.288
After sweep 8 energy=-6.103552443330325  maxlinkdim=127 maxerr=9.99E-11 time=9.165
After sweep 9 energy=-6.125919106634628  maxlinkdim=224 maxerr=1.00E-10 time=11.290
After sweep 10 energy=-6.144572028809197  maxlinkdim=199 maxerr=1.00E-10 time=12.577
After sweep 11 energy=-6.152434136741799  maxlinkdim=225 maxerr=1.00E-10 time=13.342
After sweep 12 energy=-6.157740438481464  maxlinkdim=218 maxerr=9.99E-11 time=12.913
After sweep 13 energy=-6.1623525298453785  maxlinkdim=155 maxerr=1.00E-10 time=13.663
After sweep 14 energy=-6.165016403827009  maxlinkdim=161 maxerr=9.99E-11 time=15.777
After sweep 15 energy=-6.165884807169574  maxlinkdim=176 maxerr=1.00E-10 time=16.882
After sweep 16 energy=-6.166216776057904  maxlinkdim=177 maxerr=1.00E-10 time=16.605
After sweep 17 energy=-6.166398831142893  maxlinkdim=202 maxerr=1.00E-10 time=18.952
After sweep 18 energy=-6.166422101915544  maxlinkdim=175 maxerr=9.99E-11 time=24.166
After sweep 19 energy=-6.166427606106947  maxlinkdim=200 maxerr=9.99E-11 time=26.944
After sweep 20 energy=-6.166428567047427  maxlinkdim=166 maxerr=1.00E-10 time=28.759
After sweep 21 energy=-6.166428627681077  maxlinkdim=154 maxerr=1.00E-10 time=28.951
After sweep 22 energy=-6.166428627399829  maxlinkdim=153 maxerr=1.00E-10 time=27.404
After sweep 23 energy=-6.166428627316166  maxlinkdim=153 maxerr=9.99E-11 time=35.918
After sweep 24 energy=-6.166428627384956  maxlinkdim=153 maxerr=1.00E-10 time=26.067
After sweep 25 energy=-6.166428627622441  maxlinkdim=153 maxerr=9.99E-11 time=30.121
After sweep 26 energy=-6.166428627612618  maxlinkdim=153 maxerr=9.99E-11 time=26.047
After sweep 27 energy=-6.166428627610488  maxlinkdim=153 maxerr=1.00E-10 time=26.088
After sweep 28 energy=-6.166428627609553  maxlinkdim=153 maxerr=1.00E-10 time=26.438
After sweep 29 energy=-6.166428627608983  maxlinkdim=153 maxerr=9.99E-11 time=24.852
After sweep 30 energy=-6.1664286276085685  maxlinkdim=153 maxerr=9.99E-11 time=25.559
Same mu: -2.646323818037626 and continuing
Target density achieved with mu=-2.646323818037626, n=0.5000030068450547
Checking {alpha,beta} vs measured
NOT CONVERGED; updating alpha, beta and continuing...
After sweep 1 energy=-4.812533662437928  maxlinkdim=16 maxerr=6.00E-13 time=1.297
After sweep 2 energy=-5.780116982600095  maxlinkdim=101 maxerr=9.97E-11 time=5.086
After sweep 3 energy=-5.892636751716043  maxlinkdim=119 maxerr=1.00E-10 time=8.802
After sweep 4 energy=-5.962247592953598  maxlinkdim=116 maxerr=1.00E-10 time=9.725
After sweep 5 energy=-6.018291032955197  maxlinkdim=146 maxerr=1.00E-10 time=10.278
After sweep 6 energy=-6.0541253374450905  maxlinkdim=106 maxerr=9.99E-11 time=9.812
After sweep 7 energy=-6.0810942177806595  maxlinkdim=107 maxerr=9.99E-11 time=9.235
After sweep 8 energy=-6.103151880482113  maxlinkdim=118 maxerr=1.00E-10 time=9.245
After sweep 9 energy=-6.12227954566278  maxlinkdim=150 maxerr=1.00E-10 time=9.932
After sweep 10 energy=-6.137478768359982  maxlinkdim=153 maxerr=1.00E-10 time=10.592
After sweep 11 energy=-6.148196384696086  maxlinkdim=199 maxerr=1.00E-10 time=11.663
After sweep 12 energy=-6.154484171354719  maxlinkdim=193 maxerr=1.00E-10 time=11.951
After sweep 13 energy=-6.159561280174535  maxlinkdim=173 maxerr=1.00E-10 time=13.661
After sweep 14 energy=-6.1627631079392575  maxlinkdim=208 maxerr=1.00E-10 time=15.596
After sweep 15 energy=-6.164503018817  maxlinkdim=191 maxerr=1.00E-10 time=14.859
After sweep 16 energy=-6.165484764996894  maxlinkdim=191 maxerr=9.99E-11 time=17.759
After sweep 17 energy=-6.166062463047995  maxlinkdim=181 maxerr=9.99E-11 time=16.362
After sweep 18 energy=-6.166369921606423  maxlinkdim=202 maxerr=1.00E-10 time=20.778
After sweep 19 energy=-6.166416913263166  maxlinkdim=170 maxerr=9.98E-11 time=23.320
After sweep 20 energy=-6.166426132754625  maxlinkdim=192 maxerr=1.00E-10 time=23.408
After sweep 21 energy=-6.166427699143521  maxlinkdim=168 maxerr=1.00E-10 time=26.605
After sweep 22 energy=-6.166427810366522  maxlinkdim=154 maxerr=1.00E-10 time=29.880
After sweep 23 energy=-6.16642780980565  maxlinkdim=153 maxerr=1.00E-10 time=26.986
After sweep 24 energy=-6.166427809679991  maxlinkdim=153 maxerr=9.99E-11 time=24.945
After sweep 25 energy=-6.166427809755479  maxlinkdim=153 maxerr=9.99E-11 time=27.810
After sweep 26 energy=-6.166427809926748  maxlinkdim=153 maxerr=1.00E-10 time=28.537
After sweep 27 energy=-6.1664278099492025  maxlinkdim=153 maxerr=9.99E-11 time=26.520
After sweep 28 energy=-6.166427810011055  maxlinkdim=153 maxerr=9.99E-11 time=26.855
After sweep 29 energy=-6.166427810045786  maxlinkdim=153 maxerr=9.99E-11 time=26.455
After sweep 30 energy=-6.166427810044667  maxlinkdim=153 maxerr=9.99E-11 time=27.581
Same mu: -2.646323818037626 and continuing
Target density achieved with mu=-2.646323818037626, n=0.5000030164391448
Checking {alpha,beta} vs measured
NOT CONVERGED; updating alpha, beta and continuing...
After sweep 1 energy=-4.812533550297314  maxlinkdim=16 maxerr=6.00E-13 time=1.273
After sweep 2 energy=-5.780116872355065  maxlinkdim=101 maxerr=9.97E-11 time=5.601
After sweep 3 energy=-5.892636695667854  maxlinkdim=119 maxerr=9.99E-11 time=9.482
After sweep 4 energy=-5.962246603700827  maxlinkdim=116 maxerr=1.00E-10 time=10.499
After sweep 5 energy=-6.018281889383995  maxlinkdim=147 maxerr=1.00E-10 time=10.407
After sweep 6 energy=-6.0541234614186425  maxlinkdim=106 maxerr=9.99E-11 time=10.295
After sweep 7 energy=-6.080798750488041  maxlinkdim=105 maxerr=1.00E-10 time=9.204
After sweep 8 energy=-6.101696775943814  maxlinkdim=102 maxerr=9.99E-11 time=8.872
After sweep 9 energy=-6.124000540471971  maxlinkdim=158 maxerr=1.00E-10 time=10.862
After sweep 10 energy=-6.13850922924583  maxlinkdim=187 maxerr=9.99E-11 time=11.609
After sweep 11 energy=-6.148246204866661  maxlinkdim=155 maxerr=1.00E-10 time=11.597
After sweep 12 energy=-6.155860792161804  maxlinkdim=186 maxerr=9.99E-11 time=11.865
After sweep 13 energy=-6.161479012494291  maxlinkdim=154 maxerr=1.00E-10 time=13.812
After sweep 14 energy=-6.163999256351113  maxlinkdim=165 maxerr=1.00E-10 time=13.772
After sweep 15 energy=-6.165256072965756  maxlinkdim=206 maxerr=1.00E-10 time=18.192
After sweep 16 energy=-6.166069285916497  maxlinkdim=170 maxerr=9.99E-11 time=17.573
After sweep 17 energy=-6.1663289272656  maxlinkdim=183 maxerr=1.00E-10 time=18.638
After sweep 18 energy=-6.166405384773502  maxlinkdim=204 maxerr=9.98E-11 time=23.743
After sweep 19 energy=-6.166422021606685  maxlinkdim=179 maxerr=1.00E-10 time=22.969
After sweep 20 energy=-6.1664269967698795  maxlinkdim=211 maxerr=1.00E-10 time=30.959
After sweep 21 energy=-6.16642757065896  maxlinkdim=169 maxerr=1.00E-10 time=27.206
After sweep 22 energy=-6.166427592400524  maxlinkdim=153 maxerr=1.00E-10 time=29.065
After sweep 23 energy=-6.166427591625884  maxlinkdim=153 maxerr=9.99E-11 time=25.590
After sweep 24 energy=-6.166427591778789  maxlinkdim=153 maxerr=1.00E-10 time=24.173
After sweep 25 energy=-6.1664275918876585  maxlinkdim=153 maxerr=9.99E-11 time=23.713
After sweep 26 energy=-6.166427591887928  maxlinkdim=153 maxerr=9.99E-11 time=31.390
After sweep 27 energy=-6.16642759189128  maxlinkdim=153 maxerr=1.00E-10 time=42.435
After sweep 28 energy=-6.166427591894443  maxlinkdim=153 maxerr=1.00E-10 time=33.610
After sweep 29 energy=-6.166427591896823  maxlinkdim=153 maxerr=1.00E-10 time=31.003
After sweep 30 energy=-6.166427591898787  maxlinkdim=153 maxerr=1.00E-10 time=23.747
Same mu: -2.646323818037626 and continuing
Target density achieved with mu=-2.646323818037626, n=0.500003019026708
Checking {alpha,beta} vs measured
NOT CONVERGED; updating alpha, beta and continuing...
After sweep 1 energy=-4.812533522440252  maxlinkdim=16 maxerr=6.00E-13 time=1.368
After sweep 2 energy=-5.780116820914045  maxlinkdim=101 maxerr=9.97E-11 time=5.418
After sweep 3 energy=-5.892636545522137  maxlinkdim=119 maxerr=9.99E-11 time=9.469
After sweep 4 energy=-5.962246734165555  maxlinkdim=116 maxerr=1.00E-10 time=10.648
After sweep 5 energy=-6.018282168123066  maxlinkdim=147 maxerr=1.00E-10 time=9.982
After sweep 6 energy=-6.05412368165119  maxlinkdim=106 maxerr=1.00E-10 time=9.865
After sweep 7 energy=-6.080817924786068  maxlinkdim=105 maxerr=1.00E-10 time=9.368
After sweep 8 energy=-6.101909294145448  maxlinkdim=102 maxerr=9.98E-11 time=8.878
After sweep 9 energy=-6.1238203993505556  maxlinkdim=162 maxerr=1.00E-10 time=9.886
After sweep 10 energy=-6.138176220494726  maxlinkdim=141 maxerr=1.00E-10 time=11.063
After sweep 11 energy=-6.146776682100786  maxlinkdim=192 maxerr=1.00E-10 time=10.316
After sweep 12 energy=-6.153851784037896  maxlinkdim=195 maxerr=1.00E-10 time=11.084
After sweep 13 energy=-6.158575101536398  maxlinkdim=199 maxerr=9.99E-11 time=12.753
After sweep 14 energy=-6.161570171958728  maxlinkdim=211 maxerr=1.00E-10 time=12.362
After sweep 15 energy=-6.163962694425751  maxlinkdim=167 maxerr=1.00E-10 time=14.827
After sweep 16 energy=-6.1657202520791135  maxlinkdim=158 maxerr=9.99E-11 time=16.450
After sweep 17 energy=-6.166106352024706  maxlinkdim=158 maxerr=9.99E-11 time=17.688
After sweep 18 energy=-6.166314053765643  maxlinkdim=209 maxerr=1.00E-10 time=17.594
After sweep 19 energy=-6.166389549527639  maxlinkdim=177 maxerr=1.00E-10 time=20.048
After sweep 20 energy=-6.166415050166848  maxlinkdim=206 maxerr=1.00E-10 time=21.588
After sweep 21 energy=-6.16642467610167  maxlinkdim=201 maxerr=9.99E-11 time=25.540
After sweep 22 energy=-6.16642721233181  maxlinkdim=173 maxerr=1.00E-10 time=25.830
After sweep 23 energy=-6.166427522740294  maxlinkdim=163 maxerr=1.00E-10 time=32.702
After sweep 24 energy=-6.1664275326844145  maxlinkdim=153 maxerr=9.99E-11 time=31.761
After sweep 25 energy=-6.166427532414156  maxlinkdim=153 maxerr=1.00E-10 time=26.390
After sweep 26 energy=-6.166427532507428  maxlinkdim=153 maxerr=1.00E-10 time=25.676
After sweep 27 energy=-6.166427532642794  maxlinkdim=153 maxerr=9.99E-11 time=23.420
After sweep 28 energy=-6.16642753266648  maxlinkdim=153 maxerr=1.00E-10 time=23.747
After sweep 29 energy=-6.1664275326621  maxlinkdim=153 maxerr=9.99E-11 time=35.401
After sweep 30 energy=-6.166427532660289  maxlinkdim=153 maxerr=9.99E-11 time=26.320
Same mu: -2.646323818037626 and continuing
Target density achieved with mu=-2.646323818037626, n=0.5000030197093512
Checking {alpha,beta} vs measured
NOT CONVERGED; updating alpha, beta and continuing...
After sweep 1 energy=-4.812533511899833  maxlinkdim=16 maxerr=6.00E-13 time=1.315
After sweep 2 energy=-5.780116828869623  maxlinkdim=101 maxerr=9.97E-11 time=5.148
After sweep 3 energy=-5.892636563303788  maxlinkdim=119 maxerr=9.99E-11 time=8.737
After sweep 4 energy=-5.962246719882619  maxlinkdim=116 maxerr=1.00E-10 time=9.925
After sweep 5 energy=-6.0182813485402535  maxlinkdim=147 maxerr=1.00E-10 time=9.880
After sweep 6 energy=-6.05412118608926  maxlinkdim=106 maxerr=9.99E-11 time=9.714
After sweep 7 energy=-6.080991027139419  maxlinkdim=105 maxerr=9.99E-11 time=9.254
After sweep 8 energy=-6.1016956021063296  maxlinkdim=102 maxerr=1.00E-10 time=8.872
After sweep 9 energy=-6.1218353119650395  maxlinkdim=161 maxerr=9.99E-11 time=9.385
After sweep 10 energy=-6.143864512925336  maxlinkdim=161 maxerr=9.99E-11 time=14.267
After sweep 11 energy=-6.153863946434491  maxlinkdim=198 maxerr=1.00E-10 time=13.576
After sweep 12 energy=-6.158525629317052  maxlinkdim=229 maxerr=9.99E-11 time=13.775
After sweep 13 energy=-6.1617261540376065  maxlinkdim=153 maxerr=1.00E-10 time=12.367
After sweep 14 energy=-6.164663092380809  maxlinkdim=174 maxerr=9.99E-11 time=13.840
After sweep 15 energy=-6.1658933686631565  maxlinkdim=232 maxerr=1.00E-10 time=17.372
After sweep 16 energy=-6.166199334504008  maxlinkdim=183 maxerr=9.99E-11 time=15.992
After sweep 17 energy=-6.166371629454955  maxlinkdim=185 maxerr=9.99E-11 time=17.191
After sweep 18 energy=-6.166416405484479  maxlinkdim=202 maxerr=9.99E-11 time=19.703
After sweep 19 energy=-6.166426288506081  maxlinkdim=189 maxerr=1.00E-10 time=22.277
After sweep 20 energy=-6.166427456515063  maxlinkdim=175 maxerr=9.99E-11 time=39.022
After sweep 21 energy=-6.166427516324496  maxlinkdim=153 maxerr=1.00E-10 time=28.402
After sweep 22 energy=-6.166427515790005  maxlinkdim=153 maxerr=1.00E-10 time=26.888
After sweep 23 energy=-6.1664275157773005  maxlinkdim=153 maxerr=9.99E-11 time=26.988
After sweep 24 energy=-6.166427515995252  maxlinkdim=153 maxerr=1.00E-10 time=27.232
After sweep 25 energy=-6.16642751615024  maxlinkdim=153 maxerr=9.97E-11 time=26.733
After sweep 26 energy=-6.166427516249831  maxlinkdim=153 maxerr=9.98E-11 time=26.095
After sweep 27 energy=-6.166427516248502  maxlinkdim=153 maxerr=9.99E-11 time=26.279
After sweep 28 energy=-6.166427516249854  maxlinkdim=153 maxerr=9.99E-11 time=24.341
After sweep 29 energy=-6.166427516252181  maxlinkdim=153 maxerr=9.99E-11 time=23.808
After sweep 30 energy=-6.166427516254403  maxlinkdim=153 maxerr=9.99E-11 time=24.666
Same mu: -2.646323818037626 and continuing
Target density achieved with mu=-2.646323818037626, n=0.5000030198005965
Checking {alpha,beta} vs measured
NOT CONVERGED; updating alpha, beta and continuing...
After sweep 1 energy=-4.812533509044947  maxlinkdim=16 maxerr=6.00E-13 time=1.251
After sweep 2 energy=-5.780116838198249  maxlinkdim=101 maxerr=9.97E-11 time=4.956
After sweep 3 energy=-5.892636772076916  maxlinkdim=119 maxerr=9.99E-11 time=8.678
After sweep 4 energy=-5.9622463168771755  maxlinkdim=116 maxerr=1.00E-10 time=9.667
After sweep 5 energy=-6.018281775535287  maxlinkdim=147 maxerr=1.00E-10 time=10.738
After sweep 6 energy=-6.054124991146275  maxlinkdim=106 maxerr=9.99E-11 time=9.783
After sweep 7 energy=-6.080804940300559  maxlinkdim=105 maxerr=9.99E-11 time=9.316
After sweep 8 energy=-6.101781908768915  maxlinkdim=102 maxerr=9.99E-11 time=8.789
After sweep 9 energy=-6.124755842646065  maxlinkdim=147 maxerr=1.00E-10 time=10.212
After sweep 10 energy=-6.1383784116946565  maxlinkdim=116 maxerr=9.99E-11 time=10.643
After sweep 11 energy=-6.147074371490356  maxlinkdim=210 maxerr=9.97E-11 time=10.177
After sweep 12 energy=-6.153539845092223  maxlinkdim=198 maxerr=9.97E-11 time=10.514
After sweep 13 energy=-6.1580109393608495  maxlinkdim=213 maxerr=1.00E-10 time=11.118
After sweep 14 energy=-6.161686124227484  maxlinkdim=194 maxerr=1.00E-10 time=12.223
After sweep 15 energy=-6.163445131535913  maxlinkdim=184 maxerr=9.99E-11 time=12.531
After sweep 16 energy=-6.164755103660764  maxlinkdim=149 maxerr=1.00E-10 time=13.671
After sweep 17 energy=-6.1656195635065485  maxlinkdim=201 maxerr=1.00E-10 time=14.937
After sweep 18 energy=-6.166009306226367  maxlinkdim=184 maxerr=1.00E-10 time=16.699
After sweep 19 energy=-6.166217759380201  maxlinkdim=228 maxerr=1.00E-10 time=19.235
After sweep 20 energy=-6.166337454574262  maxlinkdim=238 maxerr=1.00E-10 time=22.797
After sweep 21 energy=-6.166401275747355  maxlinkdim=204 maxerr=1.00E-10 time=26.738
After sweep 22 energy=-6.166422965819001  maxlinkdim=183 maxerr=1.00E-10 time=28.926
After sweep 23 energy=-6.166426807841876  maxlinkdim=190 maxerr=1.00E-10 time=26.633
After sweep 24 energy=-6.166427453514082  maxlinkdim=163 maxerr=1.00E-10 time=27.767
After sweep 25 energy=-6.166427512058236  maxlinkdim=154 maxerr=1.00E-10 time=30.051
After sweep 26 energy=-6.166427512136221  maxlinkdim=153 maxerr=1.00E-10 time=28.981
After sweep 27 energy=-6.166427512074468  maxlinkdim=153 maxerr=9.99E-11 time=31.666
After sweep 28 energy=-6.166427512156222  maxlinkdim=153 maxerr=9.99E-11 time=31.781
After sweep 29 energy=-6.166427512330822  maxlinkdim=153 maxerr=1.00E-10 time=26.044
After sweep 30 energy=-6.166427512401519  maxlinkdim=153 maxerr=1.00E-10 time=26.477
Same mu: -2.646323818037626 and continuing
Target density achieved with mu=-2.646323818037626, n=0.5000030198772393
Checking {alpha,beta} vs measured
NOT CONVERGED; updating alpha, beta and continuing...
After sweep 1 energy=-4.812533508749857  maxlinkdim=16 maxerr=6.00E-13 time=1.266
After sweep 2 energy=-5.780116828027743  maxlinkdim=101 maxerr=9.97E-11 time=5.071
After sweep 3 energy=-5.892636691536529  maxlinkdim=119 maxerr=9.99E-11 time=8.589
After sweep 4 energy=-5.962246345902123  maxlinkdim=116 maxerr=1.00E-10 time=9.524
After sweep 5 energy=-6.018282122344406  maxlinkdim=147 maxerr=1.00E-10 time=9.709
After sweep 6 energy=-6.054124964561808  maxlinkdim=106 maxerr=9.99E-11 time=9.731
After sweep 7 energy=-6.080810895455833  maxlinkdim=105 maxerr=9.99E-11 time=9.219
After sweep 8 energy=-6.101831578209609  maxlinkdim=102 maxerr=9.99E-11 time=8.809
After sweep 9 energy=-6.125306709850156  maxlinkdim=158 maxerr=1.00E-10 time=10.043
After sweep 10 energy=-6.138959952294508  maxlinkdim=137 maxerr=9.99E-11 time=10.883
After sweep 11 energy=-6.147528803379503  maxlinkdim=203 maxerr=9.98E-11 time=10.295
After sweep 12 energy=-6.153429051815381  maxlinkdim=192 maxerr=9.96E-11 time=10.623
After sweep 13 energy=-6.158157376409138  maxlinkdim=203 maxerr=9.99E-11 time=10.553
After sweep 14 energy=-6.161409912413665  maxlinkdim=199 maxerr=1.00E-10 time=13.788
After sweep 15 energy=-6.1640229031020555  maxlinkdim=198 maxerr=9.99E-11 time=14.894
After sweep 16 energy=-6.165377262913003  maxlinkdim=199 maxerr=9.99E-11 time=15.198
After sweep 17 energy=-6.1658028261305065  maxlinkdim=163 maxerr=1.00E-10 time=15.201
After sweep 18 energy=-6.166171784398468  maxlinkdim=168 maxerr=1.00E-10 time=16.376
After sweep 19 energy=-6.166357096559596  maxlinkdim=227 maxerr=9.99E-11 time=20.769
After sweep 20 energy=-6.166410970115127  maxlinkdim=212 maxerr=1.00E-10 time=24.118
After sweep 21 energy=-6.166424554923764  maxlinkdim=201 maxerr=1.00E-10 time=26.022
After sweep 22 energy=-6.166427173309637  maxlinkdim=174 maxerr=1.00E-10 time=30.255
After sweep 23 energy=-6.166427492237164  maxlinkdim=157 maxerr=9.99E-11 time=25.675
After sweep 24 energy=-6.166427511612749  maxlinkdim=153 maxerr=1.00E-10 time=26.571
After sweep 25 energy=-6.1664275107054785  maxlinkdim=153 maxerr=9.98E-11 time=23.700
After sweep 26 energy=-6.166427510949481  maxlinkdim=153 maxerr=9.98E-11 time=23.093
After sweep 27 energy=-6.166427511100162  maxlinkdim=153 maxerr=9.98E-11 time=22.529
After sweep 28 energy=-6.166427511171127  maxlinkdim=153 maxerr=9.98E-11 time=23.319
After sweep 29 energy=-6.166427511243504  maxlinkdim=153 maxerr=9.99E-11 time=24.504
After sweep 30 energy=-6.166427511352356  maxlinkdim=153 maxerr=9.99E-11 time=25.288
Same mu: -2.646323818037626 and continuing
Target density achieved with mu=-2.646323818037626, n=0.5000030199654324
Checking {alpha,beta} vs measured
NOT CONVERGED; updating alpha, beta and continuing...
After sweep 1 energy=-4.812533508875381  maxlinkdim=16 maxerr=6.00E-13 time=1.291
After sweep 2 energy=-5.780116820230911  maxlinkdim=101 maxerr=9.97E-11 time=5.092
After sweep 3 energy=-5.89263663696878  maxlinkdim=119 maxerr=9.99E-11 time=8.471
After sweep 4 energy=-5.9622463848886404  maxlinkdim=116 maxerr=1.00E-10 time=9.640
After sweep 5 energy=-6.018282232074726  maxlinkdim=147 maxerr=1.00E-10 time=9.982
After sweep 6 energy=-6.054125082892563  maxlinkdim=106 maxerr=9.99E-11 time=9.598
After sweep 7 energy=-6.080808887178034  maxlinkdim=105 maxerr=9.99E-11 time=9.019
After sweep 8 energy=-6.101825688382621  maxlinkdim=102 maxerr=1.00E-10 time=8.676
After sweep 9 energy=-6.125496992803197  maxlinkdim=157 maxerr=1.00E-10 time=10.123
After sweep 10 energy=-6.138840858176064  maxlinkdim=122 maxerr=9.99E-11 time=10.581
After sweep 11 energy=-6.146595182175963  maxlinkdim=143 maxerr=9.99E-11 time=10.018
After sweep 12 energy=-6.152920772312789  maxlinkdim=194 maxerr=9.96E-11 time=11.787
After sweep 13 energy=-6.157208823076266  maxlinkdim=180 maxerr=1.00E-10 time=10.382
After sweep 14 energy=-6.161172892994659  maxlinkdim=197 maxerr=1.00E-10 time=11.109
After sweep 15 energy=-6.164597614963298  maxlinkdim=178 maxerr=9.98E-11 time=13.272
After sweep 16 energy=-6.166037707417069  maxlinkdim=185 maxerr=9.99E-11 time=16.994
After sweep 17 energy=-6.166276238480342  maxlinkdim=188 maxerr=9.99E-11 time=17.323
After sweep 18 energy=-6.166380038493203  maxlinkdim=206 maxerr=1.00E-10 time=19.251
After sweep 19 energy=-6.166421880088765  maxlinkdim=203 maxerr=9.98E-11 time=22.597
After sweep 20 energy=-6.166426707476864  maxlinkdim=191 maxerr=1.00E-10 time=24.385
After sweep 21 energy=-6.166427448492298  maxlinkdim=169 maxerr=1.00E-10 time=27.738
After sweep 22 energy=-6.166427509949642  maxlinkdim=154 maxerr=9.99E-11 time=34.254
After sweep 23 energy=-6.1664275099835555  maxlinkdim=153 maxerr=1.00E-10 time=24.424
After sweep 24 energy=-6.166427509910594  maxlinkdim=153 maxerr=9.99E-11 time=23.855
After sweep 25 energy=-6.166427510042961  maxlinkdim=153 maxerr=1.00E-10 time=23.389
After sweep 26 energy=-6.166427510063927  maxlinkdim=153 maxerr=1.00E-10 time=26.076
After sweep 27 energy=-6.166427510064803  maxlinkdim=153 maxerr=1.00E-10 time=29.471
After sweep 28 energy=-6.166427510209305  maxlinkdim=153 maxerr=1.00E-10 time=25.281
After sweep 29 energy=-6.166427510202515  maxlinkdim=153 maxerr=9.99E-11 time=24.320
After sweep 30 energy=-6.166427510202148  maxlinkdim=153 maxerr=1.00E-10 time=22.730
Same mu: -2.646323818037626 and continuing
Target density achieved with mu=-2.646323818037626, n=0.5000030199289487
Checking {alpha,beta} vs measured
NOT CONVERGED; updating alpha, beta and continuing...
After sweep 1 energy=-4.812533507461012  maxlinkdim=16 maxerr=6.00E-13 time=1.328
After sweep 2 energy=-5.7801168204552384  maxlinkdim=101 maxerr=9.97E-11 time=5.048
After sweep 3 energy=-5.892636516755245  maxlinkdim=119 maxerr=9.99E-11 time=8.611
After sweep 4 energy=-5.962246591647066  maxlinkdim=116 maxerr=1.00E-10 time=9.426
After sweep 5 energy=-6.0182824861469015  maxlinkdim=147 maxerr=1.00E-10 time=9.707
After sweep 6 energy=-6.054123857242826  maxlinkdim=106 maxerr=1.00E-10 time=9.603
After sweep 7 energy=-6.080824755332105  maxlinkdim=105 maxerr=1.00E-10 time=9.093
After sweep 8 energy=-6.10194218323691  maxlinkdim=102 maxerr=9.98E-11 time=8.732
After sweep 9 energy=-6.1238671703559415  maxlinkdim=161 maxerr=1.00E-10 time=9.842
After sweep 10 energy=-6.1370099903184405  maxlinkdim=147 maxerr=1.00E-10 time=10.359
After sweep 11 energy=-6.146057903932493  maxlinkdim=147 maxerr=1.00E-10 time=10.149
After sweep 12 energy=-6.153312089411957  maxlinkdim=203 maxerr=9.98E-11 time=10.490
After sweep 13 energy=-6.160262176840098  maxlinkdim=179 maxerr=9.98E-11 time=11.514
After sweep 14 energy=-6.1636232133673365  maxlinkdim=221 maxerr=9.99E-11 time=13.612
After sweep 15 energy=-6.164984842237769  maxlinkdim=178 maxerr=9.99E-11 time=15.683
After sweep 16 energy=-6.165613675231039  maxlinkdim=189 maxerr=9.99E-11 time=15.780
After sweep 17 energy=-6.166088666111196  maxlinkdim=231 maxerr=9.99E-11 time=18.908
After sweep 18 energy=-6.166298305582378  maxlinkdim=215 maxerr=1.00E-10 time=19.973
After sweep 19 energy=-6.166388397060193  maxlinkdim=199 maxerr=1.00E-10 time=24.191
After sweep 20 energy=-6.166418947062442  maxlinkdim=180 maxerr=9.99E-11 time=25.910
After sweep 21 energy=-6.166426259247348  maxlinkdim=175 maxerr=1.00E-10 time=32.862
After sweep 22 energy=-6.166427407038302  maxlinkdim=164 maxerr=9.99E-11 time=28.523
After sweep 23 energy=-6.166427510164275  maxlinkdim=161 maxerr=9.99E-11 time=32.453
After sweep 24 energy=-6.166427510901461  maxlinkdim=153 maxerr=9.99E-11 time=34.347
After sweep 25 energy=-6.166427510705287  maxlinkdim=153 maxerr=1.00E-10 time=29.406
After sweep 26 energy=-6.166427510838184  maxlinkdim=153 maxerr=1.00E-10 time=26.364
After sweep 27 energy=-6.166427511012717  maxlinkdim=153 maxerr=9.98E-11 time=26.801
After sweep 28 energy=-6.1664275110706415  maxlinkdim=153 maxerr=9.98E-11 time=27.674
After sweep 29 energy=-6.166427511064873  maxlinkdim=153 maxerr=9.99E-11 time=27.994
After sweep 30 energy=-6.166427511062906  maxlinkdim=153 maxerr=9.99E-11 time=29.480
Same mu: -2.646323818037626 and continuing
Target density achieved with mu=-2.646323818037626, n=0.5000030199660511
Checking {alpha,beta} vs measured
NOT CONVERGED; updating alpha, beta and continuing...
After sweep 1 energy=-4.812533510599862  maxlinkdim=16 maxerr=6.00E-13 time=1.340
After sweep 2 energy=-5.780116826253581  maxlinkdim=101 maxerr=9.97E-11 time=5.576
After sweep 3 energy=-5.892636625840052  maxlinkdim=119 maxerr=9.99E-11 time=9.380
After sweep 4 energy=-5.962246556965022  maxlinkdim=116 maxerr=1.00E-10 time=10.385
After sweep 5 energy=-6.01828221661229  maxlinkdim=147 maxerr=1.00E-10 time=10.539
After sweep 6 energy=-6.054124459812337  maxlinkdim=106 maxerr=9.99E-11 time=10.558
After sweep 7 energy=-6.080804399895698  maxlinkdim=105 maxerr=1.00E-10 time=9.806
After sweep 8 energy=-6.1017840427698555  maxlinkdim=102 maxerr=1.00E-10 time=9.449
After sweep 9 energy=-6.123945173481393  maxlinkdim=159 maxerr=9.97E-11 time=10.958
After sweep 10 energy=-6.138435517056788  maxlinkdim=174 maxerr=1.00E-10 time=13.253
After sweep 11 energy=-6.148477816715994  maxlinkdim=185 maxerr=9.99E-11 time=11.615
After sweep 12 energy=-6.156830049659212  maxlinkdim=184 maxerr=1.00E-10 time=14.439
After sweep 13 energy=-6.161559292029223  maxlinkdim=169 maxerr=1.00E-10 time=14.549
After sweep 14 energy=-6.1639273808585795  maxlinkdim=200 maxerr=9.99E-11 time=16.480
After sweep 15 energy=-6.165395836889214  maxlinkdim=185 maxerr=1.00E-10 time=17.092
After sweep 16 energy=-6.166135032948462  maxlinkdim=199 maxerr=9.98E-11 time=18.039
After sweep 17 energy=-6.166329675348565  maxlinkdim=202 maxerr=1.00E-10 time=17.586
After sweep 18 energy=-6.166407671782046  maxlinkdim=187 maxerr=9.99E-11 time=20.564
After sweep 19 energy=-6.166425015763433  maxlinkdim=188 maxerr=1.00E-10 time=22.777
After sweep 20 energy=-6.166427305593309  maxlinkdim=176 maxerr=9.99E-11 time=25.817
After sweep 21 energy=-6.166427508227114  maxlinkdim=163 maxerr=1.00E-10 time=29.218
After sweep 22 energy=-6.166427510347748  maxlinkdim=152 maxerr=9.98E-11 time=23.650
After sweep 23 energy=-6.166427509873294  maxlinkdim=152 maxerr=1.00E-10 time=22.611
After sweep 24 energy=-6.166427510236193  maxlinkdim=152 maxerr=1.00E-10 time=27.300
After sweep 25 energy=-6.166427510438833  maxlinkdim=152 maxerr=1.00E-10 time=27.870
After sweep 26 energy=-6.166427510459467  maxlinkdim=152 maxerr=9.99E-11 time=28.080
After sweep 27 energy=-6.166427510492531  maxlinkdim=152 maxerr=9.99E-11 time=28.452
After sweep 28 energy=-6.166427510492311  maxlinkdim=152 maxerr=9.99E-11 time=27.528
After sweep 29 energy=-6.166427510503882  maxlinkdim=152 maxerr=9.99E-11 time=27.235
After sweep 30 energy=-6.166427510504413  maxlinkdim=152 maxerr=9.99E-11 time=25.582
Same mu: -2.646323818037626 and continuing
Target density achieved with mu=-2.646323818037626, n=0.5000030200555046
Checking {alpha,beta} vs measured
NOT CONVERGED; updating alpha, beta and continuing...
After sweep 1 energy=-4.812533507052259  maxlinkdim=16 maxerr=6.00E-13 time=1.287
After sweep 2 energy=-5.78011682976334  maxlinkdim=101 maxerr=9.97E-11 time=5.013
After sweep 3 energy=-5.892636568228412  maxlinkdim=119 maxerr=9.99E-11 time=8.690
After sweep 4 energy=-5.962246561507059  maxlinkdim=116 maxerr=1.00E-10 time=9.602
After sweep 5 energy=-6.018282172392952  maxlinkdim=147 maxerr=1.00E-10 time=9.989
After sweep 6 energy=-6.054123781677379  maxlinkdim=106 maxerr=1.00E-10 time=9.616
After sweep 7 energy=-6.0808125437709  maxlinkdim=105 maxerr=1.00E-10 time=9.285
After sweep 8 energy=-6.101872099667225  maxlinkdim=102 maxerr=1.00E-10 time=8.890
After sweep 9 energy=-6.123777395866052  maxlinkdim=166 maxerr=9.99E-11 time=10.282
After sweep 10 energy=-6.1375541618513685  maxlinkdim=149 maxerr=1.00E-10 time=11.422
After sweep 11 energy=-6.146058773297108  maxlinkdim=127 maxerr=1.00E-10 time=10.099
After sweep 12 energy=-6.1521867256559055  maxlinkdim=160 maxerr=1.00E-10 time=11.268
After sweep 13 energy=-6.157287432491578  maxlinkdim=202 maxerr=9.99E-11 time=11.828
After sweep 14 energy=-6.160834904229403  maxlinkdim=171 maxerr=9.99E-11 time=14.489
After sweep 15 energy=-6.163349076634602  maxlinkdim=182 maxerr=1.00E-10 time=13.828
After sweep 16 energy=-6.164908871506463  maxlinkdim=203 maxerr=9.99E-11 time=15.030
After sweep 17 energy=-6.16560866015468  maxlinkdim=192 maxerr=1.00E-10 time=16.501
After sweep 18 energy=-6.165989277865908  maxlinkdim=199 maxerr=1.00E-10 time=18.748
After sweep 19 energy=-6.166269628627255  maxlinkdim=218 maxerr=9.99E-11 time=19.113
After sweep 20 energy=-6.1663756623793065  maxlinkdim=197 maxerr=1.00E-10 time=23.472
After sweep 21 energy=-6.166409011498495  maxlinkdim=198 maxerr=9.99E-11 time=20.644
After sweep 22 energy=-6.166423924693897  maxlinkdim=180 maxerr=1.00E-10 time=22.367
After sweep 23 energy=-6.166427244769856  maxlinkdim=174 maxerr=1.00E-10 time=27.426
After sweep 24 energy=-6.166427501045436  maxlinkdim=169 maxerr=9.99E-11 time=25.109
After sweep 25 energy=-6.166427511247366  maxlinkdim=153 maxerr=1.00E-10 time=24.512
After sweep 26 energy=-6.1664275111504425  maxlinkdim=153 maxerr=9.99E-11 time=25.010
After sweep 27 energy=-6.166427511173122  maxlinkdim=153 maxerr=1.00E-10 time=28.183
After sweep 28 energy=-6.166427511280412  maxlinkdim=153 maxerr=9.99E-11 time=28.493
After sweep 29 energy=-6.16642751133939  maxlinkdim=153 maxerr=1.00E-10 time=26.994
After sweep 30 energy=-6.166427511333676  maxlinkdim=153 maxerr=9.99E-11 time=27.031
Same mu: -2.646323818037626 and continuing
Target density achieved with mu=-2.646323818037626, n=0.5000030199617603
Checking {alpha,beta} vs measured
NOT CONVERGED; updating alpha, beta and continuing...
After sweep 1 energy=-4.812533509588822  maxlinkdim=16 maxerr=6.00E-13 time=1.270
After sweep 2 energy=-5.780116834196661  maxlinkdim=101 maxerr=9.97E-11 time=4.931
After sweep 3 energy=-5.89263665097158  maxlinkdim=119 maxerr=9.99E-11 time=8.333
After sweep 4 energy=-5.9622466702095425  maxlinkdim=116 maxerr=1.00E-10 time=9.334
After sweep 5 energy=-6.018282105425113  maxlinkdim=147 maxerr=1.00E-10 time=9.525
After sweep 6 energy=-6.05412452515692  maxlinkdim=106 maxerr=9.99E-11 time=9.491
After sweep 7 energy=-6.080818122969852  maxlinkdim=105 maxerr=1.00E-10 time=8.844
After sweep 8 energy=-6.101932770676391  maxlinkdim=102 maxerr=1.00E-10 time=8.612
After sweep 9 energy=-6.1243532440574215  maxlinkdim=146 maxerr=9.98E-11 time=9.507
After sweep 10 energy=-6.138076699945017  maxlinkdim=151 maxerr=9.97E-11 time=10.366
After sweep 11 energy=-6.146242532577233  maxlinkdim=121 maxerr=9.98E-11 time=9.652
After sweep 12 energy=-6.153538472175637  maxlinkdim=221 maxerr=1.00E-10 time=10.041
After sweep 13 energy=-6.159046795539875  maxlinkdim=198 maxerr=1.00E-10 time=11.163
After sweep 14 energy=-6.1618497069708384  maxlinkdim=207 maxerr=9.99E-11 time=14.636
After sweep 15 energy=-6.163654990120911  maxlinkdim=163 maxerr=1.00E-10 time=12.322
After sweep 16 energy=-6.165141223265529  maxlinkdim=188 maxerr=1.00E-10 time=12.220
After sweep 17 energy=-6.165892594240094  maxlinkdim=207 maxerr=1.00E-10 time=13.654
After sweep 18 energy=-6.16624094346837  maxlinkdim=180 maxerr=1.00E-10 time=16.805
After sweep 19 energy=-6.166396082652629  maxlinkdim=195 maxerr=1.00E-10 time=18.719
After sweep 20 energy=-6.1664229118620595  maxlinkdim=191 maxerr=1.00E-10 time=20.624
After sweep 21 energy=-6.166427082543664  maxlinkdim=170 maxerr=9.99E-11 time=21.918
After sweep 22 energy=-6.16642749814823  maxlinkdim=162 maxerr=1.00E-10 time=29.151
After sweep 23 energy=-6.166427510385564  maxlinkdim=153 maxerr=9.99E-11 time=28.814
After sweep 24 energy=-6.166427509830355  maxlinkdim=153 maxerr=1.00E-10 time=23.210
After sweep 25 energy=-6.166427510167084  maxlinkdim=153 maxerr=1.00E-10 time=24.675
After sweep 26 energy=-6.166427510374884  maxlinkdim=153 maxerr=1.00E-10 time=24.262
After sweep 27 energy=-6.166427510390484  maxlinkdim=153 maxerr=9.98E-11 time=25.375
After sweep 28 energy=-6.166427510385512  maxlinkdim=153 maxerr=9.99E-11 time=23.971
After sweep 29 energy=-6.16642751038421  maxlinkdim=153 maxerr=9.99E-11 time=22.662
After sweep 30 energy=-6.166427510384315  maxlinkdim=153 maxerr=9.99E-11 time=23.601
Same mu: -2.646323818037626 and continuing
Target density achieved with mu=-2.646323818037626, n=0.5000030198434818
Checking {alpha,beta} vs measured
NOT CONVERGED; updating alpha, beta and continuing...
After sweep 1 energy=-4.812533505052086  maxlinkdim=16 maxerr=6.00E-13 time=1.234
After sweep 2 energy=-5.780116823316786  maxlinkdim=101 maxerr=9.97E-11 time=4.854
After sweep 3 energy=-5.892636574279674  maxlinkdim=119 maxerr=9.99E-11 time=8.463
After sweep 4 energy=-5.962246391844578  maxlinkdim=116 maxerr=1.00E-10 time=9.463
After sweep 5 energy=-6.018281580392369  maxlinkdim=147 maxerr=1.00E-10 time=9.734
After sweep 6 energy=-6.054122829289862  maxlinkdim=106 maxerr=1.00E-10 time=9.371
After sweep 7 energy=-6.080826136430317  maxlinkdim=105 maxerr=9.99E-11 time=8.841
After sweep 8 energy=-6.101961683037293  maxlinkdim=102 maxerr=1.00E-10 time=9.299
After sweep 9 energy=-6.1239130812610405  maxlinkdim=160 maxerr=9.99E-11 time=10.965
After sweep 10 energy=-6.137649160039265  maxlinkdim=136 maxerr=1.00E-10 time=11.633
After sweep 11 energy=-6.1464263342831575  maxlinkdim=155 maxerr=1.00E-10 time=10.992
After sweep 12 energy=-6.153250581978459  maxlinkdim=202 maxerr=9.98E-11 time=10.511
After sweep 13 energy=-6.1575236465180945  maxlinkdim=192 maxerr=9.99E-11 time=10.726
After sweep 14 energy=-6.161930894839013  maxlinkdim=235 maxerr=1.00E-10 time=13.537
After sweep 15 energy=-6.165134208677953  maxlinkdim=203 maxerr=1.00E-10 time=14.783
After sweep 16 energy=-6.165797831801407  maxlinkdim=191 maxerr=1.00E-10 time=16.447
After sweep 17 energy=-6.166109913529853  maxlinkdim=185 maxerr=1.00E-10 time=15.364
After sweep 18 energy=-6.166376564231643  maxlinkdim=180 maxerr=1.00E-10 time=25.730
After sweep 19 energy=-6.166419587478773  maxlinkdim=197 maxerr=1.00E-10 time=29.371
After sweep 20 energy=-6.166426711233301  maxlinkdim=204 maxerr=9.99E-11 time=33.104
After sweep 21 energy=-6.1664274718332  maxlinkdim=172 maxerr=1.00E-10 time=25.415
After sweep 22 energy=-6.16642751104288  maxlinkdim=153 maxerr=1.00E-10 time=24.980
After sweep 23 energy=-6.166427510060168  maxlinkdim=153 maxerr=1.00E-10 time=27.287
After sweep 24 energy=-6.166427510529451  maxlinkdim=153 maxerr=1.00E-10 time=29.574
After sweep 25 energy=-6.166427510806479  maxlinkdim=153 maxerr=1.00E-10 time=31.949
After sweep 26 energy=-6.166427510970115  maxlinkdim=153 maxerr=1.00E-10 time=24.653
After sweep 27 energy=-6.166427510961311  maxlinkdim=153 maxerr=1.00E-10 time=22.242
After sweep 28 energy=-6.166427510961977  maxlinkdim=153 maxerr=1.00E-10 time=26.042
After sweep 29 energy=-6.166427510961468  maxlinkdim=153 maxerr=9.99E-11 time=26.951
After sweep 30 energy=-6.166427510962438  maxlinkdim=153 maxerr=9.99E-11 time=27.429
Same mu: -2.646323818037626 and continuing
Target density achieved with mu=-2.646323818037626, n=0.5000030198753143
Checking {alpha,beta} vs measured
NOT CONVERGED; updating alpha, beta and continuing...
After sweep 1 energy=-4.812533511031379  maxlinkdim=16 maxerr=6.00E-13 time=1.349
After sweep 2 energy=-5.780116828319338  maxlinkdim=101 maxerr=9.97E-11 time=5.424
After sweep 3 energy=-5.892636622633784  maxlinkdim=119 maxerr=9.99E-11 time=9.569
After sweep 4 energy=-5.962246537426926  maxlinkdim=116 maxerr=1.00E-10 time=9.689
After sweep 5 energy=-6.018282170089096  maxlinkdim=147 maxerr=1.00E-10 time=9.907
After sweep 6 energy=-6.05412424737551  maxlinkdim=106 maxerr=9.99E-11 time=9.701
After sweep 7 energy=-6.080802961440024  maxlinkdim=105 maxerr=9.99E-11 time=9.239
After sweep 8 energy=-6.101748896816737  maxlinkdim=102 maxerr=9.98E-11 time=9.304
After sweep 9 energy=-6.124247706783098  maxlinkdim=159 maxerr=1.00E-10 time=10.526
After sweep 10 energy=-6.137578551468263  maxlinkdim=133 maxerr=9.99E-11 time=10.404
After sweep 11 energy=-6.147061992747868  maxlinkdim=162 maxerr=1.00E-10 time=10.340
After sweep 12 energy=-6.1547009967670006  maxlinkdim=200 maxerr=1.00E-10 time=10.549
After sweep 13 energy=-6.160990560594632  maxlinkdim=209 maxerr=9.98E-11 time=12.108
After sweep 14 energy=-6.163527981524234  maxlinkdim=221 maxerr=1.00E-10 time=16.047
After sweep 15 energy=-6.164834214247406  maxlinkdim=214 maxerr=1.00E-10 time=14.195
After sweep 16 energy=-6.165687983193584  maxlinkdim=230 maxerr=1.00E-10 time=15.760
After sweep 17 energy=-6.1661773108322615  maxlinkdim=191 maxerr=9.99E-11 time=17.607
After sweep 18 energy=-6.166371741973656  maxlinkdim=177 maxerr=1.00E-10 time=18.233
After sweep 19 energy=-6.166416600691945  maxlinkdim=176 maxerr=1.00E-10 time=21.026
After sweep 20 energy=-6.166425481170587  maxlinkdim=167 maxerr=9.99E-11 time=22.292
After sweep 21 energy=-6.166427315885308  maxlinkdim=165 maxerr=1.00E-10 time=23.253
After sweep 22 energy=-6.166427507697674  maxlinkdim=163 maxerr=9.99E-11 time=23.392
After sweep 23 energy=-6.166427511674054  maxlinkdim=153 maxerr=1.00E-10 time=26.492
After sweep 24 energy=-6.1664275113621585  maxlinkdim=153 maxerr=1.00E-10 time=24.343
After sweep 25 energy=-6.166427511388106  maxlinkdim=153 maxerr=9.99E-11 time=24.753
After sweep 26 energy=-6.16642751155912  maxlinkdim=153 maxerr=9.99E-11 time=24.168
After sweep 27 energy=-6.166427511583369  maxlinkdim=153 maxerr=9.99E-11 time=21.667
After sweep 28 energy=-6.166427511579954  maxlinkdim=153 maxerr=1.00E-10 time=22.768
After sweep 29 energy=-6.166427511579305  maxlinkdim=153 maxerr=1.00E-10 time=22.189
After sweep 30 energy=-6.166427511657894  maxlinkdim=153 maxerr=1.00E-10 time=23.852
Same mu: -2.646323818037626 and continuing
Target density achieved with mu=-2.646323818037626, n=0.500003019963758
Checking {alpha,beta} vs measured
NOT CONVERGED; updating alpha, beta and continuing...
After sweep 1 energy=-4.812533508806126  maxlinkdim=16 maxerr=6.00E-13 time=1.372
After sweep 2 energy=-5.7801168317921485  maxlinkdim=101 maxerr=9.97E-11 time=4.914
After sweep 3 energy=-5.89263665021514  maxlinkdim=119 maxerr=9.99E-11 time=8.319
After sweep 4 energy=-5.962246215725903  maxlinkdim=116 maxerr=1.00E-10 time=9.344
After sweep 5 energy=-6.018281920172001  maxlinkdim=147 maxerr=1.00E-10 time=9.536
After sweep 6 energy=-6.0541244375313  maxlinkdim=106 maxerr=1.00E-10 time=9.543
After sweep 7 energy=-6.080821699057063  maxlinkdim=105 maxerr=1.00E-10 time=9.937
After sweep 8 energy=-6.101946266875639  maxlinkdim=102 maxerr=9.99E-11 time=9.719
After sweep 9 energy=-6.124954988648974  maxlinkdim=145 maxerr=1.00E-10 time=10.913
After sweep 10 energy=-6.138231882719138  maxlinkdim=120 maxerr=9.97E-11 time=10.581
After sweep 11 energy=-6.146549026721067  maxlinkdim=129 maxerr=9.99E-11 time=9.970
After sweep 12 energy=-6.15319477386885  maxlinkdim=214 maxerr=1.00E-10 time=10.786
After sweep 13 energy=-6.158699266965236  maxlinkdim=210 maxerr=1.00E-10 time=11.661
After sweep 14 energy=-6.1632724876719385  maxlinkdim=203 maxerr=1.00E-10 time=13.928
After sweep 15 energy=-6.16478300028712  maxlinkdim=168 maxerr=9.99E-11 time=15.453
After sweep 16 energy=-6.165702413544429  maxlinkdim=188 maxerr=9.99E-11 time=15.313
After sweep 17 energy=-6.166036846511251  maxlinkdim=218 maxerr=1.00E-10 time=16.384
After sweep 18 energy=-6.166243985881875  maxlinkdim=177 maxerr=9.98E-11 time=15.940
After sweep 19 energy=-6.166404278095655  maxlinkdim=207 maxerr=9.99E-11 time=24.828
After sweep 20 energy=-6.166424123502638  maxlinkdim=206 maxerr=1.00E-10 time=23.855
After sweep 21 energy=-6.166427227953648  maxlinkdim=172 maxerr=1.00E-10 time=26.904
After sweep 22 energy=-6.166427503149995  maxlinkdim=161 maxerr=1.00E-10 time=25.290
After sweep 23 energy=-6.1664275113537625  maxlinkdim=153 maxerr=9.99E-11 time=24.145
After sweep 24 energy=-6.166427510695411  maxlinkdim=153 maxerr=1.00E-10 time=25.208
After sweep 25 energy=-6.166427511009164  maxlinkdim=153 maxerr=9.99E-11 time=26.225
After sweep 26 energy=-6.166427511254078  maxlinkdim=153 maxerr=1.00E-10 time=23.144
After sweep 27 energy=-6.1664275114361065  maxlinkdim=153 maxerr=1.00E-10 time=23.383
After sweep 28 energy=-6.166427511570499  maxlinkdim=153 maxerr=9.99E-11 time=24.554
After sweep 29 energy=-6.166427511564735  maxlinkdim=153 maxerr=9.98E-11 time=24.852
After sweep 30 energy=-6.166427511562928  maxlinkdim=153 maxerr=9.99E-11 time=28.180
Same mu: -2.646323818037626 and continuing
Target density achieved with mu=-2.646323818037626, n=0.5000030199777379
Checking {alpha,beta} vs measured
NOT CONVERGED; updating alpha, beta and continuing...
After sweep 1 energy=-4.812533510951179  maxlinkdim=16 maxerr=6.00E-13 time=1.235
After sweep 2 energy=-5.7801168233178535  maxlinkdim=101 maxerr=9.97E-11 time=4.960
After sweep 3 energy=-5.892636564625624  maxlinkdim=119 maxerr=9.99E-11 time=8.433
After sweep 4 energy=-5.962246492730606  maxlinkdim=116 maxerr=1.00E-10 time=9.321
After sweep 5 energy=-6.018282709082162  maxlinkdim=147 maxerr=1.00E-10 time=9.434
After sweep 6 energy=-6.054124875989933  maxlinkdim=106 maxerr=1.00E-10 time=9.371
After sweep 7 energy=-6.080802564295405  maxlinkdim=105 maxerr=9.99E-11 time=9.009
After sweep 8 energy=-6.101774139968165  maxlinkdim=102 maxerr=9.98E-11 time=8.733
After sweep 9 energy=-6.123857335478565  maxlinkdim=158 maxerr=9.98E-11 time=10.069
After sweep 10 energy=-6.137851553768358  maxlinkdim=154 maxerr=1.00E-10 time=12.018
After sweep 11 energy=-6.146936376461135  maxlinkdim=162 maxerr=1.00E-10 time=10.091
After sweep 12 energy=-6.153456791919107  maxlinkdim=151 maxerr=9.99E-11 time=10.570
After sweep 13 energy=-6.1582288858010825  maxlinkdim=222 maxerr=1.00E-10 time=12.644
After sweep 14 energy=-6.161271435012605  maxlinkdim=250 maxerr=1.00E-10 time=15.032
After sweep 15 energy=-6.163329671172431  maxlinkdim=190 maxerr=9.99E-11 time=13.411
After sweep 16 energy=-6.164769066464665  maxlinkdim=200 maxerr=1.00E-10 time=16.848
After sweep 17 energy=-6.165578205520122  maxlinkdim=207 maxerr=9.99E-11 time=15.403
After sweep 18 energy=-6.165975383583355  maxlinkdim=210 maxerr=1.00E-10 time=15.779
After sweep 19 energy=-6.166186663879182  maxlinkdim=224 maxerr=1.00E-10 time=16.830
After sweep 20 energy=-6.166315646938214  maxlinkdim=203 maxerr=1.00E-10 time=18.085
After sweep 21 energy=-6.166399310601602  maxlinkdim=202 maxerr=9.99E-11 time=20.189
After sweep 22 energy=-6.16642417197306  maxlinkdim=194 maxerr=1.00E-10 time=22.894
After sweep 23 energy=-6.166427258378491  maxlinkdim=176 maxerr=1.00E-10 time=23.923
After sweep 24 energy=-6.166427506516222  maxlinkdim=166 maxerr=1.00E-10 time=24.719
After sweep 25 energy=-6.166427510936054  maxlinkdim=153 maxerr=9.99E-11 time=28.701
After sweep 26 energy=-6.166427510124985  maxlinkdim=153 maxerr=1.00E-10 time=26.891
After sweep 27 energy=-6.166427510253877  maxlinkdim=153 maxerr=9.99E-11 time=22.347
After sweep 28 energy=-6.166427510436096  maxlinkdim=153 maxerr=9.99E-11 time=22.554
After sweep 29 energy=-6.166427510575527  maxlinkdim=153 maxerr=9.99E-11 time=23.355
After sweep 30 energy=-6.166427510646367  maxlinkdim=153 maxerr=1.00E-10 time=23.772
Same mu: -2.646323818037626 and continuing
Target density achieved with mu=-2.646323818037626, n=0.5000030198558174
Checking {alpha,beta} vs measured
NOT CONVERGED; updating alpha, beta and continuing...
After sweep 1 energy=-4.812533509540738  maxlinkdim=16 maxerr=6.00E-13 time=1.353
After sweep 2 energy=-5.780116802216237  maxlinkdim=101 maxerr=9.97E-11 time=5.069
After sweep 3 energy=-5.892636478187491  maxlinkdim=119 maxerr=9.99E-11 time=8.740
After sweep 4 energy=-5.96224654756662  maxlinkdim=116 maxerr=1.00E-10 time=9.250
After sweep 5 energy=-6.0182819677421024  maxlinkdim=147 maxerr=1.00E-10 time=9.444
After sweep 6 energy=-6.054123341542949  maxlinkdim=106 maxerr=1.00E-10 time=9.446
After sweep 7 energy=-6.080820621686923  maxlinkdim=105 maxerr=1.00E-10 time=8.926
After sweep 8 energy=-6.10194338055868  maxlinkdim=102 maxerr=1.00E-10 time=8.603
After sweep 9 energy=-6.124007860088586  maxlinkdim=165 maxerr=1.00E-10 time=9.574
After sweep 10 energy=-6.137350956711378  maxlinkdim=135 maxerr=1.00E-10 time=10.295
After sweep 11 energy=-6.145680227700834  maxlinkdim=134 maxerr=1.00E-10 time=9.777
After sweep 12 energy=-6.1519810737838805  maxlinkdim=147 maxerr=1.00E-10 time=9.808
After sweep 13 energy=-6.157498393733744  maxlinkdim=198 maxerr=9.99E-11 time=10.540
After sweep 14 energy=-6.161874477280281  maxlinkdim=240 maxerr=1.00E-10 time=13.622
After sweep 15 energy=-6.163503696156797  maxlinkdim=193 maxerr=1.00E-10 time=13.526
After sweep 16 energy=-6.164460375502618  maxlinkdim=165 maxerr=1.00E-10 time=13.388
After sweep 17 energy=-6.165124515768098  maxlinkdim=210 maxerr=9.98E-11 time=13.916
After sweep 18 energy=-6.1656251196592935  maxlinkdim=175 maxerr=9.99E-11 time=13.557
After sweep 19 energy=-6.166279952541747  maxlinkdim=209 maxerr=1.00E-10 time=17.412
After sweep 20 energy=-6.166401971770386  maxlinkdim=192 maxerr=1.00E-10 time=24.102
After sweep 21 energy=-6.166424421345046  maxlinkdim=216 maxerr=9.99E-11 time=24.639
After sweep 22 energy=-6.1664271752971676  maxlinkdim=184 maxerr=1.00E-10 time=25.863
After sweep 23 energy=-6.16642750126817  maxlinkdim=163 maxerr=9.99E-11 time=24.982
After sweep 24 energy=-6.166427510990842  maxlinkdim=153 maxerr=1.00E-10 time=23.346
After sweep 25 energy=-6.166427510721964  maxlinkdim=153 maxerr=1.00E-10 time=23.231
After sweep 26 energy=-6.166427510963544  maxlinkdim=153 maxerr=9.99E-11 time=25.054
After sweep 27 energy=-6.166427511027042  maxlinkdim=153 maxerr=1.00E-10 time=24.658
After sweep 28 energy=-6.166427511226846  maxlinkdim=153 maxerr=1.00E-10 time=24.049
After sweep 29 energy=-6.166427511363791  maxlinkdim=153 maxerr=9.99E-11 time=22.880
After sweep 30 energy=-6.166427511358447  maxlinkdim=153 maxerr=1.00E-10 time=22.318
Same mu: -2.646323818037626 and continuing
Target density achieved with mu=-2.646323818037626, n=0.500003020023956
Checking {alpha,beta} vs measured
NOT CONVERGED; updating alpha, beta and continuing...
After sweep 1 energy=-4.812533507763426  maxlinkdim=16 maxerr=6.00E-13 time=1.323
After sweep 2 energy=-5.780116824338667  maxlinkdim=101 maxerr=9.97E-11 time=4.974
After sweep 3 energy=-5.89263667571806  maxlinkdim=119 maxerr=9.99E-11 time=8.316
After sweep 4 energy=-5.9622463168111555  maxlinkdim=116 maxerr=1.00E-10 time=9.464
After sweep 5 energy=-6.018281822836067  maxlinkdim=147 maxerr=1.00E-10 time=9.480
After sweep 6 energy=-6.054124441509564  maxlinkdim=106 maxerr=9.99E-11 time=9.488
After sweep 7 energy=-6.080814254357641  maxlinkdim=105 maxerr=9.99E-11 time=8.854
After sweep 8 energy=-6.101920270790583  maxlinkdim=102 maxerr=9.99E-11 time=8.435
After sweep 9 energy=-6.124627488877655  maxlinkdim=144 maxerr=1.00E-10 time=9.545
After sweep 10 energy=-6.137707406111381  maxlinkdim=139 maxerr=1.00E-10 time=10.245
After sweep 11 energy=-6.146321328578618  maxlinkdim=126 maxerr=9.98E-11 time=9.652
After sweep 12 energy=-6.1532946053760735  maxlinkdim=221 maxerr=1.00E-10 time=9.684
After sweep 13 energy=-6.157796204493713  maxlinkdim=170 maxerr=9.99E-11 time=10.605
After sweep 14 energy=-6.161233823186921  maxlinkdim=180 maxerr=9.99E-11 time=11.066
After sweep 15 energy=-6.163762300219543  maxlinkdim=140 maxerr=1.00E-10 time=12.318
After sweep 16 energy=-6.16493712648688  maxlinkdim=164 maxerr=1.00E-10 time=13.002
After sweep 17 energy=-6.165823046222515  maxlinkdim=220 maxerr=9.99E-11 time=14.391
After sweep 18 energy=-6.16623718755812  maxlinkdim=161 maxerr=1.00E-10 time=16.882
After sweep 19 energy=-6.16636713685736  maxlinkdim=180 maxerr=1.00E-10 time=17.803
After sweep 20 energy=-6.166414200843356  maxlinkdim=209 maxerr=1.00E-10 time=20.058
After sweep 21 energy=-6.166426142095012  maxlinkdim=205 maxerr=1.00E-10 time=22.997
After sweep 22 energy=-6.1664274409492945  maxlinkdim=172 maxerr=9.99E-11 time=25.076
After sweep 23 energy=-6.166427511741216  maxlinkdim=153 maxerr=1.00E-10 time=31.001
After sweep 24 energy=-6.166427510411276  maxlinkdim=153 maxerr=1.00E-10 time=22.423
After sweep 25 energy=-6.166427510110145  maxlinkdim=153 maxerr=9.99E-11 time=23.353
After sweep 26 energy=-6.166427510232408  maxlinkdim=153 maxerr=1.00E-10 time=22.888
After sweep 27 energy=-6.166427510299089  maxlinkdim=153 maxerr=1.00E-10 time=22.457
After sweep 28 energy=-6.16642751046291  maxlinkdim=153 maxerr=9.97E-11 time=23.386
After sweep 29 energy=-6.16642751046046  maxlinkdim=153 maxerr=9.98E-11 time=25.445
After sweep 30 energy=-6.166427510460727  maxlinkdim=153 maxerr=9.98E-11 time=24.232
Same mu: -2.646323818037626 and continuing
Target density achieved with mu=-2.646323818037626, n=0.5000030197531143
Checking {alpha,beta} vs measured
NOT CONVERGED; updating alpha, beta and continuing...
After sweep 1 energy=-4.81253350926068  maxlinkdim=16 maxerr=6.00E-13 time=1.317
After sweep 2 energy=-5.780116805721101  maxlinkdim=101 maxerr=9.97E-11 time=4.978
After sweep 3 energy=-5.892636487903071  maxlinkdim=119 maxerr=9.99E-11 time=8.381
After sweep 4 energy=-5.962246506538963  maxlinkdim=116 maxerr=1.00E-10 time=9.263
After sweep 5 energy=-6.018282426424429  maxlinkdim=147 maxerr=1.00E-10 time=9.548
After sweep 6 energy=-6.054124001250494  maxlinkdim=106 maxerr=1.00E-10 time=9.369
After sweep 7 energy=-6.080809903587627  maxlinkdim=105 maxerr=9.99E-11 time=8.858
After sweep 8 energy=-6.101852210369339  maxlinkdim=102 maxerr=9.99E-11 time=8.563
After sweep 9 energy=-6.123696827718082  maxlinkdim=165 maxerr=9.98E-11 time=9.500
After sweep 10 energy=-6.1379284552185025  maxlinkdim=140 maxerr=1.00E-10 time=10.443
After sweep 11 energy=-6.146855082767459  maxlinkdim=221 maxerr=1.00E-10 time=10.430
After sweep 12 energy=-6.153674194052733  maxlinkdim=174 maxerr=9.99E-11 time=10.443
After sweep 13 energy=-6.159358060050505  maxlinkdim=180 maxerr=9.99E-11 time=11.430
After sweep 14 energy=-6.162353184093961  maxlinkdim=187 maxerr=9.99E-11 time=12.190
After sweep 15 energy=-6.163840474386847  maxlinkdim=204 maxerr=9.99E-11 time=13.023
After sweep 16 energy=-6.164870214941638  maxlinkdim=185 maxerr=1.00E-10 time=13.466
After sweep 17 energy=-6.16575262652223  maxlinkdim=231 maxerr=1.00E-10 time=15.659
After sweep 18 energy=-6.166119657646744  maxlinkdim=203 maxerr=1.00E-10 time=15.559
After sweep 19 energy=-6.166352896285894  maxlinkdim=177 maxerr=1.00E-10 time=17.332
After sweep 20 energy=-6.166410131985149  maxlinkdim=223 maxerr=1.00E-10 time=19.813
After sweep 21 energy=-6.166424149952699  maxlinkdim=221 maxerr=1.00E-10 time=23.773
After sweep 22 energy=-6.166427156952648  maxlinkdim=181 maxerr=1.00E-10 time=23.899
After sweep 23 energy=-6.16642750242719  maxlinkdim=163 maxerr=1.00E-10 time=28.786
After sweep 24 energy=-6.1664275117628575  maxlinkdim=153 maxerr=1.00E-10 time=28.832
After sweep 25 energy=-6.166427511519068  maxlinkdim=153 maxerr=9.99E-11 time=23.106
After sweep 26 energy=-6.166427511586418  maxlinkdim=153 maxerr=9.99E-11 time=22.746
After sweep 27 energy=-6.1664275116167895  maxlinkdim=153 maxerr=1.00E-10 time=22.731
After sweep 28 energy=-6.166427511715757  maxlinkdim=153 maxerr=9.99E-11 time=22.367
After sweep 29 energy=-6.16642751171187  maxlinkdim=153 maxerr=9.99E-11 time=23.959
After sweep 30 energy=-6.16642751171032  maxlinkdim=153 maxerr=1.00E-10 time=24.551
Same mu: -2.646323818037626 and continuing
Target density achieved with mu=-2.646323818037626, n=0.5000030199448966
Checking {alpha,beta} vs measured
NOT CONVERGED; updating alpha, beta and continuing...
After sweep 1 energy=-4.812533510148238  maxlinkdim=16 maxerr=6.00E-13 time=1.332
After sweep 2 energy=-5.780116832464859  maxlinkdim=101 maxerr=9.97E-11 time=5.310
After sweep 3 energy=-5.892636640438557  maxlinkdim=119 maxerr=9.99E-11 time=8.613
After sweep 4 energy=-5.962246427263354  maxlinkdim=116 maxerr=1.00E-10 time=9.613
After sweep 5 energy=-6.01828198846861  maxlinkdim=147 maxerr=1.00E-10 time=9.777
After sweep 6 energy=-6.054124204795017  maxlinkdim=106 maxerr=9.99E-11 time=9.661
After sweep 7 energy=-6.0808173345336645  maxlinkdim=105 maxerr=1.00E-10 time=8.790
After sweep 8 energy=-6.101930224129897  maxlinkdim=102 maxerr=9.99E-11 time=8.416
After sweep 9 energy=-6.124628688606946  maxlinkdim=145 maxerr=1.00E-10 time=9.670
After sweep 10 energy=-6.13766220086897  maxlinkdim=142 maxerr=9.99E-11 time=10.374
After sweep 11 energy=-6.146299571763025  maxlinkdim=130 maxerr=9.99E-11 time=10.033
After sweep 12 energy=-6.153030690757356  maxlinkdim=184 maxerr=9.99E-11 time=9.573
After sweep 13 energy=-6.158197204118366  maxlinkdim=181 maxerr=1.00E-10 time=10.600
After sweep 14 energy=-6.162449438785189  maxlinkdim=221 maxerr=9.99E-11 time=13.082
After sweep 15 energy=-6.16467920401924  maxlinkdim=167 maxerr=1.00E-10 time=13.745
After sweep 16 energy=-6.1656501958794  maxlinkdim=141 maxerr=1.00E-10 time=14.195
After sweep 17 energy=-6.166049581611647  maxlinkdim=159 maxerr=9.99E-11 time=14.090
After sweep 18 energy=-6.16623949922025  maxlinkdim=209 maxerr=1.00E-10 time=16.136
After sweep 19 energy=-6.16637733491144  maxlinkdim=184 maxerr=9.98E-11 time=18.786
After sweep 20 energy=-6.166412531620802  maxlinkdim=179 maxerr=1.00E-10 time=20.752
After sweep 21 energy=-6.16642418888465  maxlinkdim=194 maxerr=9.99E-11 time=22.547
After sweep 22 energy=-6.166427162646333  maxlinkdim=191 maxerr=9.99E-11 time=27.249
After sweep 23 energy=-6.166427493847471  maxlinkdim=159 maxerr=1.00E-10 time=28.812
After sweep 24 energy=-6.16642751152544  maxlinkdim=153 maxerr=1.00E-10 time=26.616
After sweep 25 energy=-6.166427510377511  maxlinkdim=153 maxerr=9.99E-11 time=24.968
After sweep 26 energy=-6.166427510573616  maxlinkdim=153 maxerr=1.00E-10 time=24.966
After sweep 27 energy=-6.16642751064155  maxlinkdim=153 maxerr=9.99E-11 time=24.223
After sweep 28 energy=-6.1664275108455335  maxlinkdim=153 maxerr=1.00E-10 time=23.863
After sweep 29 energy=-6.166427510944678  maxlinkdim=153 maxerr=9.98E-11 time=23.712
After sweep 30 energy=-6.166427511013743  maxlinkdim=153 maxerr=9.98E-11 time=24.636
Same mu: -2.646323818037626 and continuing
Target density achieved with mu=-2.646323818037626, n=0.500003019883403
Checking {alpha,beta} vs measured
NOT CONVERGED; updating alpha, beta and continuing...
After sweep 1 energy=-4.812533510457381  maxlinkdim=16 maxerr=6.00E-13 time=1.360
After sweep 2 energy=-5.780116819866653  maxlinkdim=101 maxerr=9.97E-11 time=5.128
After sweep 3 energy=-5.8926364296521685  maxlinkdim=119 maxerr=9.99E-11 time=8.630
After sweep 4 energy=-5.96224656367444  maxlinkdim=116 maxerr=1.00E-10 time=9.582
After sweep 5 energy=-6.0182812570291535  maxlinkdim=147 maxerr=1.00E-10 time=9.719
After sweep 6 energy=-6.054119918140565  maxlinkdim=106 maxerr=9.99E-11 time=9.577
After sweep 7 energy=-6.081029312173544  maxlinkdim=105 maxerr=9.99E-11 time=9.140
After sweep 8 energy=-6.101586962302338  maxlinkdim=102 maxerr=9.98E-11 time=8.809
After sweep 9 energy=-6.121787648344409  maxlinkdim=148 maxerr=9.99E-11 time=9.536
After sweep 10 energy=-6.142772677453334  maxlinkdim=155 maxerr=9.98E-11 time=12.323
After sweep 11 energy=-6.153641080589873  maxlinkdim=146 maxerr=9.99E-11 time=13.007
After sweep 12 energy=-6.158136469453148  maxlinkdim=196 maxerr=9.98E-11 time=12.340
After sweep 13 energy=-6.1615061391393695  maxlinkdim=225 maxerr=9.99E-11 time=14.516
After sweep 14 energy=-6.164127605757993  maxlinkdim=184 maxerr=9.99E-11 time=14.343
After sweep 15 energy=-6.165163976848233  maxlinkdim=183 maxerr=1.00E-10 time=14.102
After sweep 16 energy=-6.1657466678159185  maxlinkdim=204 maxerr=1.00E-10 time=15.014
After sweep 17 energy=-6.1661651694798145  maxlinkdim=196 maxerr=9.99E-11 time=17.157
After sweep 18 energy=-6.166325435728853  maxlinkdim=173 maxerr=1.00E-10 time=17.064
After sweep 19 energy=-6.166397988790386  maxlinkdim=186 maxerr=1.00E-10 time=19.307
After sweep 20 energy=-6.166423150504549  maxlinkdim=188 maxerr=1.00E-10 time=22.054
After sweep 21 energy=-6.1664270915879005  maxlinkdim=172 maxerr=1.00E-10 time=24.022
After sweep 22 energy=-6.166427496810839  maxlinkdim=168 maxerr=1.00E-10 time=27.088
After sweep 23 energy=-6.1664275106619515  maxlinkdim=153 maxerr=9.99E-11 time=27.853
After sweep 24 energy=-6.1664275104060495  maxlinkdim=153 maxerr=1.00E-10 time=26.064
After sweep 25 energy=-6.166427510520569  maxlinkdim=153 maxerr=1.00E-10 time=26.468
After sweep 26 energy=-6.166427510623077  maxlinkdim=153 maxerr=9.99E-11 time=28.113
After sweep 27 energy=-6.166427510646377  maxlinkdim=153 maxerr=9.99E-11 time=26.153
After sweep 28 energy=-6.1664275106422775  maxlinkdim=153 maxerr=9.99E-11 time=25.030
After sweep 29 energy=-6.166427510641393  maxlinkdim=153 maxerr=9.99E-11 time=24.144
After sweep 30 energy=-6.166427510641399  maxlinkdim=153 maxerr=1.00E-10 time=26.342
Same mu: -2.646323818037626 and continuing
Target density achieved with mu=-2.646323818037626, n=0.500003019927934
Checking {alpha,beta} vs measured
NOT CONVERGED; updating alpha, beta and continuing...
After sweep 1 energy=-4.812533505160885  maxlinkdim=16 maxerr=6.00E-13 time=1.356
After sweep 2 energy=-5.780116829058426  maxlinkdim=101 maxerr=9.97E-11 time=5.112
After sweep 3 energy=-5.892636593011805  maxlinkdim=119 maxerr=9.99E-11 time=8.378
After sweep 4 energy=-5.962246510049653  maxlinkdim=116 maxerr=1.00E-10 time=9.211
After sweep 5 energy=-6.018282098866758  maxlinkdim=147 maxerr=1.00E-10 time=9.534
After sweep 6 energy=-6.054124314697201  maxlinkdim=106 maxerr=1.00E-10 time=9.380
After sweep 7 energy=-6.08080569902686  maxlinkdim=105 maxerr=1.00E-10 time=8.962
After sweep 8 energy=-6.101781004390875  maxlinkdim=102 maxerr=9.98E-11 time=8.638
After sweep 9 energy=-6.12388185409835  maxlinkdim=159 maxerr=9.99E-11 time=9.946
After sweep 10 energy=-6.137785508125484  maxlinkdim=156 maxerr=9.97E-11 time=10.727
After sweep 11 energy=-6.146860781793174  maxlinkdim=164 maxerr=1.00E-10 time=10.559
After sweep 12 energy=-6.153697990274938  maxlinkdim=198 maxerr=1.00E-10 time=10.164
After sweep 13 energy=-6.158203048921942  maxlinkdim=182 maxerr=9.99E-11 time=10.741
After sweep 14 energy=-6.161288272827515  maxlinkdim=229 maxerr=9.97E-11 time=12.618
After sweep 15 energy=-6.163546712798099  maxlinkdim=198 maxerr=9.99E-11 time=12.838
After sweep 16 energy=-6.164976450819139  maxlinkdim=222 maxerr=9.99E-11 time=16.137
After sweep 17 energy=-6.165877470122657  maxlinkdim=189 maxerr=1.00E-10 time=17.349
After sweep 18 energy=-6.1661654398230645  maxlinkdim=227 maxerr=1.00E-10 time=20.587
After sweep 19 energy=-6.16630761896518  maxlinkdim=235 maxerr=9.99E-11 time=19.672
After sweep 20 energy=-6.166390484290494  maxlinkdim=205 maxerr=9.99E-11 time=20.143
After sweep 21 energy=-6.1664201450967235  maxlinkdim=175 maxerr=1.00E-10 time=20.344
After sweep 22 energy=-6.166426750431636  maxlinkdim=183 maxerr=1.00E-10 time=23.327
After sweep 23 energy=-6.166427468876032  maxlinkdim=172 maxerr=1.00E-10 time=24.357
After sweep 24 energy=-6.166427511301833  maxlinkdim=153 maxerr=9.99E-11 time=26.144
After sweep 25 energy=-6.166427509740537  maxlinkdim=153 maxerr=9.99E-11 time=23.549
After sweep 26 energy=-6.166427510580176  maxlinkdim=153 maxerr=9.99E-11 time=26.000
After sweep 27 energy=-6.16642751077976  maxlinkdim=153 maxerr=9.99E-11 time=25.202
After sweep 28 energy=-6.166427510872692  maxlinkdim=153 maxerr=9.99E-11 time=25.499
After sweep 29 energy=-6.166427510863276  maxlinkdim=153 maxerr=1.00E-10 time=24.542
After sweep 30 energy=-6.1664275109251365  maxlinkdim=153 maxerr=9.99E-11 time=23.829
Same mu: -2.646323818037626 and continuing
Target density achieved with mu=-2.646323818037626, n=0.5000030199518374
Checking {alpha,beta} vs measured
NOT CONVERGED; updating alpha, beta and continuing...
After sweep 1 energy=-4.812533507037154  maxlinkdim=16 maxerr=6.00E-13 time=1.309
After sweep 2 energy=-5.780116836677925  maxlinkdim=101 maxerr=9.97E-11 time=5.084
After sweep 3 energy=-5.892636689471122  maxlinkdim=119 maxerr=9.99E-11 time=8.278
After sweep 4 energy=-5.962246450701852  maxlinkdim=116 maxerr=1.00E-10 time=9.246
After sweep 5 energy=-6.018282143355951  maxlinkdim=147 maxerr=1.00E-10 time=9.341
After sweep 6 energy=-6.054124826928829  maxlinkdim=106 maxerr=1.00E-10 time=9.149
After sweep 7 energy=-6.080815502415365  maxlinkdim=105 maxerr=9.99E-11 time=8.689
After sweep 8 energy=-6.101920412039823  maxlinkdim=102 maxerr=9.99E-11 time=8.479
After sweep 9 energy=-6.1245439671426585  maxlinkdim=145 maxerr=1.00E-10 time=9.246
After sweep 10 energy=-6.138245081637592  maxlinkdim=121 maxerr=1.00E-10 time=10.333
After sweep 11 energy=-6.146335485598831  maxlinkdim=124 maxerr=1.00E-10 time=9.898
After sweep 12 energy=-6.153161873697998  maxlinkdim=213 maxerr=9.99E-11 time=10.186
After sweep 13 energy=-6.158541461974607  maxlinkdim=200 maxerr=1.00E-10 time=11.280
After sweep 14 energy=-6.1612908032895195  maxlinkdim=202 maxerr=1.00E-10 time=15.118
After sweep 15 energy=-6.163961372687842  maxlinkdim=193 maxerr=9.99E-11 time=12.423
After sweep 16 energy=-6.165487495538331  maxlinkdim=181 maxerr=1.00E-10 time=15.802
After sweep 17 energy=-6.165862480043274  maxlinkdim=176 maxerr=1.00E-10 time=15.138
After sweep 18 energy=-6.1661135641702804  maxlinkdim=223 maxerr=1.00E-10 time=16.926
After sweep 19 energy=-6.166300234778593  maxlinkdim=186 maxerr=1.00E-10 time=18.449
After sweep 20 energy=-6.166396178609316  maxlinkdim=219 maxerr=1.00E-10 time=20.629
After sweep 21 energy=-6.166423588832542  maxlinkdim=195 maxerr=1.00E-10 time=23.179
After sweep 22 energy=-6.166426921149807  maxlinkdim=173 maxerr=1.00E-10 time=25.131
After sweep 23 energy=-6.166427457651204  maxlinkdim=162 maxerr=1.00E-10 time=26.297
After sweep 24 energy=-6.166427511019754  maxlinkdim=153 maxerr=1.00E-10 time=25.942
After sweep 25 energy=-6.166427510717232  maxlinkdim=153 maxerr=1.00E-10 time=26.190
After sweep 26 energy=-6.1664275106654545  maxlinkdim=153 maxerr=1.00E-10 time=26.535
After sweep 27 energy=-6.166427510784683  maxlinkdim=153 maxerr=1.00E-10 time=27.016
After sweep 28 energy=-6.166427510907071  maxlinkdim=153 maxerr=9.99E-11 time=26.995
After sweep 29 energy=-6.166427510902874  maxlinkdim=153 maxerr=1.00E-10 time=33.171
After sweep 30 energy=-6.166427510901857  maxlinkdim=153 maxerr=1.00E-10 time=24.702
Same mu: -2.646323818037626 and continuing
Target density achieved with mu=-2.646323818037626, n=0.5000030198285271
Checking {alpha,beta} vs measured
NOT CONVERGED; updating alpha, beta and continuing...
After sweep 1 energy=-4.812533508522247  maxlinkdim=16 maxerr=6.00E-13 time=1.415
After sweep 2 energy=-5.780116839821776  maxlinkdim=101 maxerr=9.97E-11 time=5.220
After sweep 3 energy=-5.892636682779227  maxlinkdim=119 maxerr=9.99E-11 time=8.629
After sweep 4 energy=-5.96224641766488  maxlinkdim=116 maxerr=1.00E-10 time=9.523
slurmstepd: error: *** STEP 45164680.0 ON nid006224 CANCELLED AT 2025-11-13T22:38:05 ***
slurmstepd: error: *** JOB 45164680 ON nid006224 CANCELLED AT 2025-11-13T22:38:05 ***

[474634] signal 15: Terminated
in expression starting at /global/u2/k/kwang98/MPS-MFT/main_loop_script.jl:552
